tag,material,power,bulge,pitch,depth,aspect,theta,rho,control
P015_B00_p0375_d20,glossy,0.15,0.0,3.75,20.0,5.333333333333333,0.0,9.287310967920348e-05,0.04978206753730774
P015_B00_p0375_d20,glossy,0.15,0.0,3.75,20.0,5.333333333333333,-20.0,0.00010137756180483848,0.049767687916755676
P015_B00_p0375_d20,glossy,0.15,0.0,3.75,20.0,5.333333333333333,-40.0,0.00016048001998569816,0.049768995493650436
P015_B00_p0375_d20,glossy,0.15,0.0,3.75,20.0,5.333333333333333,20.0,0.00010051459685200825,0.04976915568113327
P015_B00_p0375_d20,glossy,0.15,0.0,3.75,20.0,5.333333333333333,40.0,0.00015952525427564979,0.0497652031481266
P015_B00_p0375_d20,fresnel,0.15,0.0,3.75,20.0,5.333333333333333,0.0,0.0031334441155195236,0.04979671537876129
P015_B00_p0375_d20,fresnel,0.15,0.0,3.75,20.0,5.333333333333333,-20.0,0.003278929041698575,0.04978441819548607
P015_B00_p0375_d20,fresnel,0.15,0.0,3.75,20.0,5.333333333333333,-40.0,0.0038314664270728827,0.04983886331319809
P015_B00_p0375_d20,fresnel,0.15,0.0,3.75,20.0,5.333333333333333,20.0,0.003300057491287589,0.04978541284799576
P015_B00_p0375_d20,fresnel,0.15,0.0,3.75,20.0,5.333333333333333,40.0,0.0038508696015924215,0.04983702301979065
P015_B00_p0375_d30,glossy,0.15,0.0,3.75,30.0,8.0,0.0,8.311963028972968e-05,0.04964182525873184
P015_B00_p0375_d30,glossy,0.15,0.0,3.75,30.0,8.0,-20.0,8.103645814117044e-05,0.04960848018527031
P015_B00_p0375_d30,glossy,0.15,0.0,3.75,30.0,8.0,-40.0,0.00010351579840062186,0.049607664346694946
P015_B00_p0375_d30,glossy,0.15,0.0,3.75,30.0,8.0,20.0,8.101506682578474e-05,0.04961860552430153
P015_B00_p0375_d30,glossy,0.15,0.0,3.75,30.0,8.0,40.0,0.00010266708704875782,0.0496145598590374
P015_B00_p0375_d30,fresnel,0.15,0.0,3.75,30.0,8.0,0.0,0.0022533531300723553,0.04966674745082855
P015_B00_p0375_d30,fresnel,0.15,0.0,3.75,30.0,8.0,-20.0,0.0023334845900535583,0.049637846648693085
P015_B00_p0375_d30,fresnel,0.15,0.0,3.75,30.0,8.0,-40.0,0.003004695288836956,0.049723997712135315
P015_B00_p0375_d30,fresnel,0.15,0.0,3.75,30.0,8.0,20.0,0.0023649742361158133,0.04964705929160118
P015_B00_p0375_d30,fresnel,0.15,0.0,3.75,30.0,8.0,40.0,0.0030133097898215055,0.049734119325876236
P015_B00_p0375_d40,glossy,0.15,0.0,3.75,40.0,10.666666666666666,0.0,7.94540683273226e-05,0.04964824020862579
P015_B00_p0375_d40,glossy,0.15,0.0,3.75,40.0,10.666666666666666,-20.0,7.465436647180468e-05,0.04962492734193802
P015_B00_p0375_d40,glossy,0.15,0.0,3.75,40.0,10.666666666666666,-40.0,8.7643442384433e-05,0.04962095245718956
P015_B00_p0375_d40,glossy,0.15,0.0,3.75,40.0,10.666666666666666,20.0,7.354869012488052e-05,0.04961494728922844
P015_B00_p0375_d40,glossy,0.15,0.0,3.75,40.0,10.666666666666666,40.0,8.696083386894315e-05,0.04962731897830963
P015_B00_p0375_d40,fresnel,0.15,0.0,3.75,40.0,10.666666666666666,0.0,0.0018009806517511606,0.049672167748212814
P015_B00_p0375_d40,fresnel,0.15,0.0,3.75,40.0,10.666666666666666,-20.0,0.0019616051577031612,0.049652256071567535
P015_B00_p0375_d40,fresnel,0.15,0.0,3.75,40.0,10.666666666666666,-40.0,0.0026386480312794447,0.04973284900188446
P015_B00_p0375_d40,fresnel,0.15,0.0,3.75,40.0,10.666666666666666,20.0,0.001926675089634955,0.04964273422956467
P015_B00_p0375_d40,fresnel,0.15,0.0,3.75,40.0,10.666666666666666,40.0,0.0026550714392215014,0.04973985254764557
P015_B00_p0375_d50,glossy,0.15,0.0,3.75,50.0,13.333333333333334,0.0,8.075407095020637e-05,0.04964536428451538
P015_B00_p0375_d50,glossy,0.15,0.0,3.75,50.0,13.333333333333334,-20.0,7.345307676587254e-05,0.049618881195783615
P015_B00_p0375_d50,glossy,0.15,0.0,3.75,50.0,13.333333333333334,-40.0,8.532094216207042e-05,0.04961787164211273
P015_B00_p0375_d50,glossy,0.15,0.0,3.75,50.0,13.333333333333334,20.0,7.237284444272518e-05,0.0496184378862381
P015_B00_p0375_d50,glossy,0.15,0.0,3.75,50.0,13.333333333333334,40.0,8.525058365194127e-05,0.04961644113063812
P015_B00_p0375_d50,fresnel,0.15,0.0,3.75,50.0,13.333333333333334,0.0,0.0015716671478003263,0.04967057332396507
P015_B00_p0375_d50,fresnel,0.15,0.0,3.75,50.0,13.333333333333334,-20.0,0.0017580119892954826,0.04964696988463402
P015_B00_p0375_d50,fresnel,0.15,0.0,3.75,50.0,13.333333333333334,-40.0,0.002546840114519,0.04972472041845322
P015_B00_p0375_d50,fresnel,0.15,0.0,3.75,50.0,13.333333333333334,20.0,0.0017246982315555215,0.049646686762571335
P015_B00_p0375_d50,fresnel,0.15,0.0,3.75,50.0,13.333333333333334,40.0,0.0025667292065918446,0.049726832658052444
P015_B00_p0550_d20,glossy,0.15,0.0,5.5,20.0,3.6363636363636362,0.0,9.999508620239794e-05,0.0498947836458683
P015_B00_p0550_d20,glossy,0.15,0.0,5.5,20.0,3.6363636363636362,-20.0,0.00013151185703463852,0.049891725182533264
P015_B00_p0550_d20,glossy,0.15,0.0,5.5,20.0,3.6363636363636362,-40.0,0.0005482454434968531,0.04988578334450722
P015_B00_p0550_d20,glossy,0.15,0.0,5.5,20.0,3.6363636363636362,20.0,0.00013067886175122112,0.049890756607055664
P015_B00_p0550_d20,glossy,0.15,0.0,5.5,20.0,3.6363636363636362,40.0,0.0005327164544723928,0.04988027364015579
P015_B00_p0550_d20,fresnel,0.15,0.0,5.5,20.0,3.6363636363636362,0.0,0.004549969453364611,0.04990134388208389
P015_B00_p0550_d20,fresnel,0.15,0.0,5.5,20.0,3.6363636363636362,-20.0,0.005094148684293032,0.04989975318312645
P015_B00_p0550_d20,fresnel,0.15,0.0,5.5,20.0,3.6363636363636362,-40.0,0.005329618696123362,0.049920182675123215
P015_B00_p0550_d20,fresnel,0.15,0.0,5.5,20.0,3.6363636363636362,20.0,0.005124090705066919,0.04989910125732422
P015_B00_p0550_d20,fresnel,0.15,0.0,5.5,20.0,3.6363636363636362,40.0,0.005333196837455034,0.049915045499801636
P015_B00_p0550_d30,glossy,0.15,0.0,5.5,30.0,5.454545454545454,0.0,6.771058542653918e-05,0.04983515664935112
P015_B00_p0550_d30,glossy,0.15,0.0,5.5,30.0,5.454545454545454,-20.0,7.246027234941721e-05,0.0498303584754467
P015_B00_p0550_d30,glossy,0.15,0.0,5.5,30.0,5.454545454545454,-40.0,0.0001354506384814158,0.049819573760032654
P015_B00_p0550_d30,glossy,0.15,0.0,5.5,30.0,5.454545454545454,20.0,7.290567737072706e-05,0.049830272793769836
P015_B00_p0550_d30,glossy,0.15,0.0,5.5,30.0,5.454545454545454,40.0,0.00013346454943530262,0.04981856048107147
P015_B00_p0550_d30,fresnel,0.15,0.0,5.5,30.0,5.454545454545454,0.0,0.0031116525642573833,0.049846358597278595
P015_B00_p0550_d30,fresnel,0.15,0.0,5.5,30.0,5.454545454545454,-20.0,0.0032404959201812744,0.04984351620078087
P015_B00_p0550_d30,fresnel,0.15,0.0,5.5,30.0,5.454545454545454,-40.0,0.0037758813705295324,0.04987272992730141
P015_B00_p0550_d30,fresnel,0.15,0.0,5.5,30.0,5.454545454545454,20.0,0.0032167588360607624,0.04984293505549431
P015_B00_p0550_d30,fresnel,0.15,0.0,5.5,30.0,5.454545454545454,40.0,0.0037109795957803726,0.04987330362200737
P015_B00_p0550_d40,glossy,0.15,0.0,5.5,40.0,7.2727272727272725,0.0,5.874037015018985e-05,0.04983947426080704
P015_B00_p0550_d40,glossy,0.15,0.0,5.5,40.0,7.2727272727272725,-20.0,5.8901088777929544e-05,0.049824319779872894
P015_B00_p0550_d40,glossy,0.15,0.0,5.5,40.0,7.2727272727272725,-40.0,8.68839051690884e-05,0.049822259694337845
P015_B00_p0550_d40,glossy,0.15,0.0,5.5,40.0,7.2727272727272725,20.0,5.6919008784461766e-05,0.04982666298747063
P015_B00_p0550_d40,glossy,0.15,0.0,5.5,40.0,7.2727272727272725,40.0,8.565326425014064e-05,0.04981650039553642
P015_B00_p0550_d40,fresnel,0.15,0.0,5.5,40.0,7.2727272727272725,0.0,0.002441635588183999,0.049850381910800934
P015_B00_p0550_d40,fresnel,0.15,0.0,5.5,40.0,7.2727272727272725,-20.0,0.0025711883790791035,0.04983728006482124
P015_B00_p0550_d40,fresnel,0.15,0.0,5.5,40.0,7.2727272727272725,-40.0,0.0030431519262492657,0.04987214133143425
P015_B00_p0550_d40,fresnel,0.15,0.0,5.5,40.0,7.2727272727272725,20.0,0.0025110833812505007,0.049839507788419724
P015_B00_p0550_d40,fresnel,0.15,0.0,5.5,40.0,7.2727272727272725,40.0,0.0030621355399489403,0.04987052083015442
P015_B00_p0550_d50,glossy,0.15,0.0,5.5,50.0,9.090909090909092,0.0,5.730080738430843e-05,0.04982960969209671
P015_B00_p0550_d50,glossy,0.15,0.0,5.5,50.0,9.090909090909092,-20.0,5.2566818339983e-05,0.049828264862298965
P015_B00_p0550_d50,glossy,0.15,0.0,5.5,50.0,9.090909090909092,-40.0,7.225499575724825e-05,0.04981686547398567
P015_B00_p0550_d50,glossy,0.15,0.0,5.5,50.0,9.090909090909092,20.0,5.131517900736071e-05,0.04982936382293701
P015_B00_p0550_d50,glossy,0.15,0.0,5.5,50.0,9.090909090909092,40.0,6.997910531936213e-05,0.04982272535562515
P015_B00_p0550_d50,fresnel,0.15,0.0,5.5,50.0,9.090909090909092,0.0,0.0020486905705183744,0.04984170198440552
P015_B00_p0550_d50,fresnel,0.15,0.0,5.5,50.0,9.090909090909092,-20.0,0.002162202959880233,0.04984064772725105
P015_B00_p0550_d50,fresnel,0.15,0.0,5.5,50.0,9.090909090909092,-40.0,0.002812256570905447,0.04987095668911934
P015_B00_p0550_d50,fresnel,0.15,0.0,5.5,50.0,9.090909090909092,20.0,0.0021533623803406954,0.04984135180711746
P015_B00_p0550_d50,fresnel,0.15,0.0,5.5,50.0,9.090909090909092,40.0,0.002770761726424098,0.04987620934844017
P015_B00_p0750_d20,glossy,0.15,0.0,7.5,20.0,2.6666666666666665,0.0,0.00018716328486334532,0.049954116344451904
P015_B00_p0750_d20,glossy,0.15,0.0,7.5,20.0,2.6666666666666665,-20.0,0.0004230976046528667,0.04995159059762955
P015_B00_p0750_d20,glossy,0.15,0.0,7.5,20.0,2.6666666666666665,-40.0,0.0016120598884299397,0.049952976405620575
P015_B00_p0750_d20,glossy,0.15,0.0,7.5,20.0,2.6666666666666665,20.0,0.00041335722198709846,0.049951113760471344
P015_B00_p0750_d20,glossy,0.15,0.0,7.5,20.0,2.6666666666666665,40.0,0.0015700239455327392,0.049953997135162354
P015_B00_p0750_d20,fresnel,0.15,0.0,7.5,20.0,2.6666666666666665,0.0,0.0071997568011283875,0.0499575138092041
P015_B00_p0750_d20,fresnel,0.15,0.0,7.5,20.0,2.6666666666666665,-20.0,0.007165738847106695,0.04995538666844368
P015_B00_p0750_d20,fresnel,0.15,0.0,7.5,20.0,2.6666666666666665,-40.0,0.008039124310016632,0.04996686801314354
P015_B00_p0750_d20,fresnel,0.15,0.0,7.5,20.0,2.6666666666666665,20.0,0.007118784356862307,0.049955010414123535
P015_B00_p0750_d20,fresnel,0.15,0.0,7.5,20.0,2.6666666666666665,40.0,0.008061902597546577,0.049967337399721146
P015_B00_p0750_d30,glossy,0.15,0.0,7.5,30.0,4.0,0.0,7.606670988025144e-05,0.0499085932970047
P015_B00_p0750_d30,glossy,0.15,0.0,7.5,30.0,4.0,-20.0,0.00010104890679940581,0.04990380257368088
P015_B00_p0750_d30,glossy,0.15,0.0,7.5,30.0,4.0,-40.0,0.0003735044156201184,0.04990450292825699
P015_B00_p0750_d30,glossy,0.15,0.0,7.5,30.0,4.0,20.0,0.00010584932169876993,0.049905356019735336
P015_B00_p0750_d30,glossy,0.15,0.0,7.5,30.0,4.0,40.0,0.00039381798706017435,0.04990372061729431
P015_B00_p0750_d30,fresnel,0.15,0.0,7.5,30.0,4.0,0.0,0.004121634177863598,0.049915313720703125
P015_B00_p0750_d30,fresnel,0.15,0.0,7.5,30.0,4.0,-20.0,0.004574693739414215,0.049911122769117355
P015_B00_p0750_d30,fresnel,0.15,0.0,7.5,30.0,4.0,-40.0,0.004776195157319307,0.049932658672332764
P015_B00_p0750_d30,fresnel,0.15,0.0,7.5,30.0,4.0,20.0,0.004700114019215107,0.04991240054368973
P015_B00_p0750_d30,fresnel,0.15,0.0,7.5,30.0,4.0,40.0,0.004825720563530922,0.04993199184536934
P015_B00_p0750_d40,glossy,0.15,0.0,7.5,40.0,5.333333333333333,0.0,5.5320469982689247e-05,0.04990765452384949
P015_B00_p0750_d40,glossy,0.15,0.0,7.5,40.0,5.333333333333333,-20.0,6.269577716011554e-05,0.04990725964307785
P015_B00_p0750_d40,glossy,0.15,0.0,7.5,40.0,5.333333333333333,-40.0,0.00013181944086682051,0.04990389198064804
P015_B00_p0750_d40,glossy,0.15,0.0,7.5,40.0,5.333333333333333,20.0,6.135067815193906e-05,0.04990728199481964
P015_B00_p0750_d40,glossy,0.15,0.0,7.5,40.0,5.333333333333333,40.0,0.00012716396304313093,0.04990630969405174
P015_B00_p0750_d40,fresnel,0.15,0.0,7.5,40.0,5.333333333333333,0.0,0.0030726438853889704,0.049914274364709854
P015_B00_p0750_d40,fresnel,0.15,0.0,7.5,40.0,5.333333333333333,-20.0,0.0033024256117641926,0.04991430789232254
P015_B00_p0750_d40,fresnel,0.15,0.0,7.5,40.0,5.333333333333333,-40.0,0.0037853852845728397,0.049932774156332016
P015_B00_p0750_d40,fresnel,0.15,0.0,7.5,40.0,5.333333333333333,20.0,0.003245593048632145,0.04991406202316284
P015_B00_p0750_d40,fresnel,0.15,0.0,7.5,40.0,5.333333333333333,40.0,0.0037245971616357565,0.04993458464741707
P015_B00_p0750_d50,glossy,0.15,0.0,7.5,50.0,6.666666666666667,0.0,4.873123543802649e-05,0.049906082451343536
P015_B00_p0750_d50,glossy,0.15,0.0,7.5,50.0,6.666666666666667,-20.0,4.9794329243013635e-05,0.049891889095306396
P015_B00_p0750_d50,glossy,0.15,0.0,7.5,50.0,6.666666666666667,-40.0,8.496500959154218e-05,0.0498957522213459
P015_B00_p0750_d50,glossy,0.15,0.0,7.5,50.0,6.666666666666667,20.0,4.938163692713715e-05,0.049890466034412384
P015_B00_p0750_d50,glossy,0.15,0.0,7.5,50.0,6.666666666666667,40.0,8.262633491540328e-05,0.049895163625478745
P015_B00_p0750_d50,fresnel,0.15,0.0,7.5,50.0,6.666666666666667,0.0,0.002612300682812929,0.04991256445646286
P015_B00_p0750_d50,fresnel,0.15,0.0,7.5,50.0,6.666666666666667,-20.0,0.002697726944461465,0.04989900812506676
P015_B00_p0750_d50,fresnel,0.15,0.0,7.5,50.0,6.666666666666667,-40.0,0.0032206159085035324,0.04992735758423805
P015_B00_p0750_d50,fresnel,0.15,0.0,7.5,50.0,6.666666666666667,20.0,0.0026941397227346897,0.04989831894636154
P015_B00_p0750_d50,fresnel,0.15,0.0,7.5,50.0,6.666666666666667,40.0,0.0031783131416887045,0.04992636293172836
P015_B00_p1100_d20,glossy,0.15,0.0,11.0,20.0,1.8181818181818181,0.0,0.0015197439352050424,0.0499701052904129
P015_B00_p1100_d20,glossy,0.15,0.0,11.0,20.0,1.8181818181818181,-20.0,0.0020418171770870686,0.04996679723262787
P015_B00_p1100_d20,glossy,0.15,0.0,11.0,20.0,1.8181818181818181,-40.0,0.00299600837752223,0.049969032406806946
P015_B00_p1100_d20,glossy,0.15,0.0,11.0,20.0,1.8181818181818181,20.0,0.002008919371291995,0.0499669648706913
P015_B00_p1100_d20,glossy,0.15,0.0,11.0,20.0,1.8181818181818181,40.0,0.003080987371504307,0.0499681793153286
P015_B00_p1100_d20,fresnel,0.15,0.0,11.0,20.0,1.8181818181818181,0.0,0.02612021379172802,0.049972161650657654
P015_B00_p1100_d20,fresnel,0.15,0.0,11.0,20.0,1.8181818181818181,-20.0,0.01309188548475504,0.04996922239661217
P015_B00_p1100_d20,fresnel,0.15,0.0,11.0,20.0,1.8181818181818181,-40.0,0.015312555246055126,0.04997764527797699
P015_B00_p1100_d20,fresnel,0.15,0.0,11.0,20.0,1.8181818181818181,20.0,0.012567893601953983,0.049969382584095
P015_B00_p1100_d20,fresnel,0.15,0.0,11.0,20.0,1.8181818181818181,40.0,0.015006251633167267,0.049977660179138184
P015_B00_p1100_d30,glossy,0.15,0.0,11.0,30.0,2.727272727272727,0.0,0.0001790760870790109,0.04994649440050125
P015_B00_p1100_d30,glossy,0.15,0.0,11.0,30.0,2.727272727272727,-20.0,0.0004290781798772514,0.04994712397456169
P015_B00_p1100_d30,glossy,0.15,0.0,11.0,30.0,2.727272727272727,-40.0,0.0016490358393639326,0.04994208365678787
P015_B00_p1100_d30,glossy,0.15,0.0,11.0,30.0,2.727272727272727,20.0,0.0003858650161419064,0.04995006322860718
P015_B00_p1100_d30,glossy,0.15,0.0,11.0,30.0,2.727272727272727,40.0,0.0016281985444948077,0.049943506717681885
P015_B00_p1100_d30,fresnel,0.15,0.0,11.0,30.0,2.727272727272727,0.0,0.007163575850427151,0.04995031654834747
P015_B00_p1100_d30,fresnel,0.15,0.0,11.0,30.0,2.727272727272727,-20.0,0.0072394167073071,0.04995104670524597
P015_B00_p1100_d30,fresnel,0.15,0.0,11.0,30.0,2.727272727272727,-40.0,0.0080264275893569,0.0499594509601593
P015_B00_p1100_d30,fresnel,0.15,0.0,11.0,30.0,2.727272727272727,20.0,0.00683599105104804,0.04995376616716385
P015_B00_p1100_d30,fresnel,0.15,0.0,11.0,30.0,2.727272727272727,40.0,0.007636582478880882,0.0499601773917675
P015_B00_p1100_d40,glossy,0.15,0.0,11.0,40.0,3.6363636363636362,0.0,8.765602251514792e-05,0.04995333403348923
P015_B00_p1100_d40,glossy,0.15,0.0,11.0,40.0,3.6363636363636362,-20.0,0.0001272998924832791,0.04995153099298477
P015_B00_p1100_d40,glossy,0.15,0.0,11.0,40.0,3.6363636363636362,-40.0,0.0006168073741719127,0.04994847625494003
P015_B00_p1100_d40,glossy,0.15,0.0,11.0,40.0,3.6363636363636362,20.0,0.0001321610907325521,0.04995178431272507
P015_B00_p1100_d40,glossy,0.15,0.0,11.0,40.0,3.6363636363636362,40.0,0.000654956791549921,0.04994923248887062
P015_B00_p1100_d40,fresnel,0.15,0.0,11.0,40.0,3.6363636363636362,0.0,0.004855862818658352,0.04995641112327576
P015_B00_p1100_d40,fresnel,0.15,0.0,11.0,40.0,3.6363636363636362,-20.0,0.005348217207938433,0.049954719841480255
P015_B00_p1100_d40,fresnel,0.15,0.0,11.0,40.0,3.6363636363636362,-40.0,0.005646877456456423,0.04996331036090851
P015_B00_p1100_d40,fresnel,0.15,0.0,11.0,40.0,3.6363636363636362,20.0,0.005468463059514761,0.04995543137192726
P015_B00_p1100_d40,fresnel,0.15,0.0,11.0,40.0,3.6363636363636362,40.0,0.005707222037017345,0.04996294155716896
P015_B00_p1100_d50,glossy,0.15,0.0,11.0,50.0,4.545454545454546,0.0,5.960801354376599e-05,0.04995627701282501
P015_B00_p1100_d50,glossy,0.15,0.0,11.0,50.0,4.545454545454546,-20.0,7.529496360803023e-05,0.04995279386639595
P015_B00_p1100_d50,glossy,0.15,0.0,11.0,50.0,4.545454545454546,-40.0,0.00021744593686889857,0.0499517060816288
P015_B00_p1100_d50,glossy,0.15,0.0,11.0,50.0,4.545454545454546,20.0,7.463917427230626e-05,0.049951452761888504
P015_B00_p1100_d50,glossy,0.15,0.0,11.0,50.0,4.545454545454546,40.0,0.00021883443696424365,0.049951910972595215
P015_B00_p1100_d50,fresnel,0.15,0.0,11.0,50.0,4.545454545454546,0.0,0.0037487775553017855,0.049959152936935425
P015_B00_p1100_d50,fresnel,0.15,0.0,11.0,50.0,4.545454545454546,-20.0,0.0039689126424491405,0.049956124275922775
P015_B00_p1100_d50,fresnel,0.15,0.0,11.0,50.0,4.545454545454546,-40.0,0.004124000668525696,0.049965668469667435
P015_B00_p1100_d50,fresnel,0.15,0.0,11.0,50.0,4.545454545454546,20.0,0.003930344711989164,0.04995521157979965
P015_B00_p1100_d50,fresnel,0.15,0.0,11.0,50.0,4.545454545454546,40.0,0.004135147202759981,0.04996591433882713
P015_B25_p0375_d20,glossy,0.15,0.25,3.75,20.0,5.333333333333333,0.0,9.424464224139228e-05,0.04978206753730774
P015_B25_p0375_d20,glossy,0.15,0.25,3.75,20.0,5.333333333333333,-20.0,0.00010388829105067998,0.04976747930049896
P015_B25_p0375_d20,glossy,0.15,0.25,3.75,20.0,5.333333333333333,-40.0,0.00017309248505625874,0.049768995493650436
P015_B25_p0375_d20,glossy,0.15,0.25,3.75,20.0,5.333333333333333,20.0,0.00010375263809692115,0.04976894333958626
P015_B25_p0375_d20,glossy,0.15,0.25,3.75,20.0,5.333333333333333,40.0,0.00017238027066923678,0.0497652031481266
P015_B25_p0375_d20,fresnel,0.15,0.25,3.75,20.0,5.333333333333333,0.0,0.0032371554989367723,0.04979671537876129
P015_B25_p0375_d20,fresnel,0.15,0.25,3.75,20.0,5.333333333333333,-20.0,0.003401930909603834,0.049784205853939056
P015_B25_p0375_d20,fresnel,0.15,0.25,3.75,20.0,5.333333333333333,-40.0,0.0039722197689116,0.04983886331319809
P015_B25_p0375_d20,fresnel,0.15,0.25,3.75,20.0,5.333333333333333,20.0,0.003415484447032213,0.049785204231739044
P015_B25_p0375_d20,fresnel,0.15,0.25,3.75,20.0,5.333333333333333,40.0,0.003994483966380358,0.04983702301979065
P015_B25_p0375_d30,glossy,0.15,0.25,3.75,30.0,8.0,0.0,8.387435809709132e-05,0.049641627818346024
P015_B25_p0375_d30,glossy,0.15,0.25,3.75,30.0,8.0,-20.0,8.177054405678064e-05,0.0496082678437233
P015_B25_p0375_d30,glossy,0.15,0.25,3.75,30.0,8.0,-40.0,0.00010652221681084484,0.049607664346694946
P015_B25_p0375_d30,glossy,0.15,0.25,3.75,30.0,8.0,20.0,8.230117236962542e-05,0.049618400633335114
P015_B25_p0375_d30,glossy,0.15,0.25,3.75,30.0,8.0,40.0,0.00010488486441317946,0.0496145598590374
P015_B25_p0375_d30,fresnel,0.15,0.25,3.75,30.0,8.0,0.0,0.0023207871709018946,0.049666546285152435
P015_B25_p0375_d30,fresnel,0.15,0.25,3.75,30.0,8.0,-20.0,0.0023990629706531763,0.04963764548301697
P015_B25_p0375_d30,fresnel,0.15,0.25,3.75,30.0,8.0,-40.0,0.003064690390601754,0.049723997712135315
P015_B25_p0375_d30,fresnel,0.15,0.25,3.75,30.0,8.0,20.0,0.002437976421788335,0.049646854400634766
P015_B25_p0375_d30,fresnel,0.15,0.25,3.75,30.0,8.0,40.0,0.003050618339329958,0.049734119325876236
P015_B25_p0375_d40,glossy,0.15,0.25,3.75,40.0,10.666666666666666,0.0,7.9712612205185e-05,0.04964824020862579
P015_B25_p0375_d40,glossy,0.15,0.25,3.75,40.0,10.666666666666666,-20.0,7.525690307375044e-05,0.049624718725681305
P015_B25_p0375_d40,glossy,0.15,0.25,3.75,40.0,10.666666666666666,-40.0,8.880461246008053e-05,0.049621205776929855
P015_B25_p0375_d40,glossy,0.15,0.25,3.75,40.0,10.666666666666666,20.0,7.48221282265149e-05,0.049615152180194855
P015_B25_p0375_d40,glossy,0.15,0.25,3.75,40.0,10.666666666666666,40.0,8.79096332937479e-05,0.04962705820798874
P015_B25_p0375_d40,fresnel,0.15,0.25,3.75,40.0,10.666666666666666,0.0,0.001845960388891399,0.049672167748212814
P015_B25_p0375_d40,fresnel,0.15,0.25,3.75,40.0,10.666666666666666,-20.0,0.0019967290572822094,0.04965205118060112
P015_B25_p0375_d40,fresnel,0.15,0.25,3.75,40.0,10.666666666666666,-40.0,0.002678551245480776,0.04973310977220535
P015_B25_p0375_d40,fresnel,0.15,0.25,3.75,40.0,10.666666666666666,20.0,0.0019768611527979374,0.04964293912053108
P015_B25_p0375_d40,fresnel,0.15,0.25,3.75,40.0,10.666666666666666,40.0,0.002705514430999756,0.049739591777324677
P015_B25_p0375_d50,glossy,0.15,0.25,3.75,50.0,13.333333333333334,0.0,8.108728798106313e-05,0.04964536428451538
P015_B25_p0375_d50,glossy,0.15,0.25,3.75,50.0,13.333333333333334,-20.0,7.408438978018239e-05,0.0496186725795269
P015_B25_p0375_d50,glossy,0.15,0.25,3.75,50.0,13.333333333333334,-40.0,8.643884939374402e-05,0.049618132412433624
P015_B25_p0375_d50,glossy,0.15,0.25,3.75,50.0,13.333333333333334,20.0,7.292594091268256e-05,0.0496184378862381
P015_B25_p0375_d50,glossy,0.15,0.25,3.75,50.0,13.333333333333334,40.0,8.616186096332967e-05,0.04961641505360603
P015_B25_p0375_d50,fresnel,0.15,0.25,3.75,50.0,13.333333333333334,0.0,0.001620182883925736,0.04967057332396507
P015_B25_p0375_d50,fresnel,0.15,0.25,3.75,50.0,13.333333333333334,-20.0,0.0017977101961150765,0.0496467649936676
P015_B25_p0375_d50,fresnel,0.15,0.25,3.75,50.0,13.333333333333334,-40.0,0.0025782070588320494,0.04972498491406441
P015_B25_p0375_d50,fresnel,0.15,0.25,3.75,50.0,13.333333333333334,20.0,0.0017560377018526196,0.049646686762571335
P015_B25_p0375_d50,fresnel,0.15,0.25,3.75,50.0,13.333333333333334,40.0,0.0026031772140413523,0.049726713448762894
P015_B25_p0550_d20,glossy,0.15,0.25,5.5,20.0,3.6363636363636362,0.0,0.00010528488928684965,0.04989498108625412
P015_B25_p0550_d20,glossy,0.15,0.25,5.5,20.0,3.6363636363636362,-20.0,0.00014365065726451576,0.049891725182533264
P015_B25_p0550_d20,glossy,0.15,0.25,5.5,20.0,3.6363636363636362,-40.0,0.0006417552358470857,0.04988604784011841
P015_B25_p0550_d20,glossy,0.15,0.25,5.5,20.0,3.6363636363636362,20.0,0.00014363537775352597,0.049890756607055664
P015_B25_p0550_d20,glossy,0.15,0.25,5.5,20.0,3.6363636363636362,40.0,0.0006272851605899632,0.04988027364015579
P015_B25_p0550_d20,fresnel,0.15,0.25,5.5,20.0,3.6363636363636362,0.0,0.004776163958013058,0.04990154132246971
P015_B25_p0550_d20,fresnel,0.15,0.25,5.5,20.0,3.6363636363636362,-20.0,0.005233120638877153,0.04989975318312645
P015_B25_p0550_d20,fresnel,0.15,0.25,5.5,20.0,3.6363636363636362,-40.0,0.005670847371220589,0.04992044344544411
P015_B25_p0550_d20,fresnel,0.15,0.25,5.5,20.0,3.6363636363636362,20.0,0.005269462242722511,0.04989910125732422
P015_B25_p0550_d20,fresnel,0.15,0.25,5.5,20.0,3.6363636363636362,40.0,0.00565752200782299,0.049915045499801636
P015_B25_p0550_d30,glossy,0.15,0.25,5.5,30.0,5.454545454545454,0.0,6.879558350192383e-05,0.04983515664935112
P015_B25_p0550_d30,glossy,0.15,0.25,5.5,30.0,5.454545454545454,-20.0,7.59931790526025e-05,0.049830563366413116
P015_B25_p0550_d30,glossy,0.15,0.25,5.5,30.0,5.454545454545454,-40.0,0.00014800809731241316,0.049819573760032654
P015_B25_p0550_d30,glossy,0.15,0.25,5.5,30.0,5.454545454545454,20.0,7.629492756677791e-05,0.049830272793769836
P015_B25_p0550_d30,glossy,0.15,0.25,5.5,30.0,5.454545454545454,40.0,0.00014600533177144825,0.04981856048107147
P015_B25_p0550_d30,fresnel,0.15,0.25,5.5,30.0,5.454545454545454,0.0,0.003221112536266446,0.049846358597278595
P015_B25_p0550_d30,fresnel,0.15,0.25,5.5,30.0,5.454545454545454,-20.0,0.003377888584509492,0.049843721091747284
P015_B25_p0550_d30,fresnel,0.15,0.25,5.5,30.0,5.454545454545454,-40.0,0.003897094866260886,0.04987272992730141
P015_B25_p0550_d30,fresnel,0.15,0.25,5.5,30.0,5.454545454545454,20.0,0.0033589196391403675,0.04984293505549431
P015_B25_p0550_d30,fresnel,0.15,0.25,5.5,30.0,5.454545454545454,40.0,0.0038416869938373566,0.04987330362200737
P015_B25_p0550_d40,glossy,0.15,0.25,5.5,40.0,7.2727272727272725,0.0,5.929305189056322e-05,0.04983947426080704
P015_B25_p0550_d40,glossy,0.15,0.25,5.5,40.0,7.2727272727272725,-20.0,5.994410821585916e-05,0.049824319779872894
P015_B25_p0550_d40,glossy,0.15,0.25,5.5,40.0,7.2727272727272725,-40.0,9.046205377671868e-05,0.049822259694337845
P015_B25_p0550_d40,glossy,0.15,0.25,5.5,40.0,7.2727272727272725,20.0,5.763845911133103e-05,0.04982666298747063
P015_B25_p0550_d40,glossy,0.15,0.25,5.5,40.0,7.2727272727272725,40.0,8.84944383869879e-05,0.04981650039553642
P015_B25_p0550_d40,fresnel,0.15,0.25,5.5,40.0,7.2727272727272725,0.0,0.0025311950594186783,0.049850381910800934
P015_B25_p0550_d40,fresnel,0.15,0.25,5.5,40.0,7.2727272727272725,-20.0,0.0026402815710753202,0.04983728006482124
P015_B25_p0550_d40,fresnel,0.15,0.25,5.5,40.0,7.2727272727272725,-40.0,0.00312042236328125,0.04987214133143425
P015_B25_p0550_d40,fresnel,0.15,0.25,5.5,40.0,7.2727272727272725,20.0,0.0025888141244649887,0.049839507788419724
P015_B25_p0550_d40,fresnel,0.15,0.25,5.5,40.0,7.2727272727272725,40.0,0.0031188263092190027,0.04987052083015442
P015_B25_p0550_d50,glossy,0.15,0.25,5.5,50.0,9.090909090909092,0.0,5.7748871768126264e-05,0.04982960969209671
P015_B25_p0550_d50,glossy,0.15,0.25,5.5,50.0,9.090909090909092,-20.0,5.3081435908097774e-05,0.04982846975326538
P015_B25_p0550_d50,glossy,0.15,0.25,5.5,50.0,9.090909090909092,-40.0,7.460753113264218e-05,0.04981686547398567
P015_B25_p0550_d50,glossy,0.15,0.25,5.5,50.0,9.090909090909092,20.0,5.2258666983107105e-05,0.04982936382293701
P015_B25_p0550_d50,glossy,0.15,0.25,5.5,50.0,9.090909090909092,40.0,7.241400453494862e-05,0.04982272535562515
P015_B25_p0550_d50,fresnel,0.15,0.25,5.5,50.0,9.090909090909092,0.0,0.0021093254908919334,0.04984170198440552
P015_B25_p0550_d50,fresnel,0.15,0.25,5.5,50.0,9.090909090909092,-20.0,0.002205596072599292,0.04984085261821747
P015_B25_p0550_d50,fresnel,0.15,0.25,5.5,50.0,9.090909090909092,-40.0,0.0028731573838740587,0.04987095668911934
P015_B25_p0550_d50,fresnel,0.15,0.25,5.5,50.0,9.090909090909092,20.0,0.002221494447439909,0.04984135180711746
P015_B25_p0550_d50,fresnel,0.15,0.25,5.5,50.0,9.090909090909092,40.0,0.002830757526680827,0.04987620934844017
P015_B25_p0750_d20,glossy,0.15,0.25,7.5,20.0,2.6666666666666665,0.0,0.00021405305596999824,0.04995371773838997
P015_B25_p0750_d20,glossy,0.15,0.25,7.5,20.0,2.6666666666666665,-20.0,0.0005157870473340154,0.04995159059762955
P015_B25_p0750_d20,glossy,0.15,0.25,7.5,20.0,2.6666666666666665,-40.0,0.0017604103777557611,0.049952976405620575
P015_B25_p0750_d20,glossy,0.15,0.25,7.5,20.0,2.6666666666666665,20.0,0.0004998643998987973,0.049951113760471344
P015_B25_p0750_d20,glossy,0.15,0.25,7.5,20.0,2.6666666666666665,40.0,0.0017276539001613855,0.049953997135162354
P015_B25_p0750_d20,fresnel,0.15,0.25,7.5,20.0,2.6666666666666665,0.0,0.007811961695551872,0.049957118928432465
P015_B25_p0750_d20,fresnel,0.15,0.25,7.5,20.0,2.6666666666666665,-20.0,0.007711564190685749,0.04995538666844368
P015_B25_p0750_d20,fresnel,0.15,0.25,7.5,20.0,2.6666666666666665,-40.0,0.008523191325366497,0.04996686801314354
P015_B25_p0750_d20,fresnel,0.15,0.25,7.5,20.0,2.6666666666666665,20.0,0.007633078843355179,0.049955010414123535
P015_B25_p0750_d20,fresnel,0.15,0.25,7.5,20.0,2.6666666666666665,40.0,0.008577930741012096,0.049967337399721146
P015_B25_p0750_d30,glossy,0.15,0.25,7.5,30.0,4.0,0.0,7.991868915269151e-05,0.0499085932970047
P015_B25_p0750_d30,glossy,0.15,0.25,7.5,30.0,4.0,-20.0,0.00010976802150253206,0.04990359768271446
P015_B25_p0750_d30,glossy,0.15,0.25,7.5,30.0,4.0,-40.0,0.00044094710028730333,0.04990450292825699
P015_B25_p0750_d30,glossy,0.15,0.25,7.5,30.0,4.0,20.0,0.0001144971902249381,0.049905356019735336
P015_B25_p0750_d30,glossy,0.15,0.25,7.5,30.0,4.0,40.0,0.00046565436059609056,0.04990372061729431
P015_B25_p0750_d30,fresnel,0.15,0.25,7.5,30.0,4.0,0.0,0.004312044475227594,0.049915313720703125
P015_B25_p0750_d30,fresnel,0.15,0.25,7.5,30.0,4.0,-20.0,0.0048431106843054295,0.04991091787815094
P015_B25_p0750_d30,fresnel,0.15,0.25,7.5,30.0,4.0,-40.0,0.005023010075092316,0.049932658672332764
P015_B25_p0750_d30,fresnel,0.15,0.25,7.5,30.0,4.0,20.0,0.004961473401635885,0.04991240054368973
P015_B25_p0750_d30,fresnel,0.15,0.25,7.5,30.0,4.0,40.0,0.005067748948931694,0.04993199184536934
P015_B25_p0750_d40,glossy,0.15,0.25,7.5,40.0,5.333333333333333,0.0,5.62897403142415e-05,0.04990765452384949
P015_B25_p0750_d40,glossy,0.15,0.25,7.5,40.0,5.333333333333333,-20.0,6.611826393054798e-05,0.049907054752111435
P015_B25_p0750_d40,glossy,0.15,0.25,7.5,40.0,5.333333333333333,-40.0,0.00014443357940763235,0.04990389198064804
P015_B25_p0750_d40,glossy,0.15,0.25,7.5,40.0,5.333333333333333,20.0,6.525638309540227e-05,0.04990707337856293
P015_B25_p0750_d40,glossy,0.15,0.25,7.5,40.0,5.333333333333333,40.0,0.00014103506691753864,0.04990630969405174
P015_B25_p0750_d40,fresnel,0.15,0.25,7.5,40.0,5.333333333333333,0.0,0.003188713453710079,0.049914274364709854
P015_B25_p0750_d40,fresnel,0.15,0.25,7.5,40.0,5.333333333333333,-20.0,0.0034399887081235647,0.049914099276065826
P015_B25_p0750_d40,fresnel,0.15,0.25,7.5,40.0,5.333333333333333,-40.0,0.0037951318081468344,0.049932774156332016
P015_B25_p0750_d40,fresnel,0.15,0.25,7.5,40.0,5.333333333333333,20.0,0.0033897296525537968,0.049913857132196426
P015_B25_p0750_d40,fresnel,0.15,0.25,7.5,40.0,5.333333333333333,40.0,0.0037245494313538074,0.04993458464741707
P015_B25_p0750_d50,glossy,0.15,0.25,7.5,50.0,6.666666666666667,0.0,4.958909630659036e-05,0.04990588501095772
P015_B25_p0750_d50,glossy,0.15,0.25,7.5,50.0,6.666666666666667,-20.0,5.197219070396386e-05,0.04989209771156311
P015_B25_p0750_d50,glossy,0.15,0.25,7.5,50.0,6.666666666666667,-40.0,9.034131653606892e-05,0.0498957522213459
P015_B25_p0750_d50,glossy,0.15,0.25,7.5,50.0,6.666666666666667,20.0,5.142881491337903e-05,0.049890466034412384
P015_B25_p0750_d50,glossy,0.15,0.25,7.5,50.0,6.666666666666667,40.0,8.879492088453844e-05,0.049895163625478745
P015_B25_p0750_d50,fresnel,0.15,0.25,7.5,50.0,6.666666666666667,0.0,0.0026982531417161226,0.04991236701607704
P015_B25_p0750_d50,fresnel,0.15,0.25,7.5,50.0,6.666666666666667,-20.0,0.0028077310416847467,0.049899209290742874
P015_B25_p0750_d50,fresnel,0.15,0.25,7.5,50.0,6.666666666666667,-40.0,0.003306672442704439,0.04992735758423805
P015_B25_p0750_d50,fresnel,0.15,0.25,7.5,50.0,6.666666666666667,20.0,0.0028077461756765842,0.04989831894636154
P015_B25_p0750_d50,fresnel,0.15,0.25,7.5,50.0,6.666666666666667,40.0,0.0032680989243090153,0.04992636293172836
P015_B25_p1100_d20,glossy,0.15,0.25,11.0,20.0,1.8181818181818181,0.0,0.0018464219756424427,0.0499701052904129
P015_B25_p1100_d20,glossy,0.15,0.25,11.0,20.0,1.8181818181818181,-20.0,0.0022480161860585213,0.04996679723262787
P015_B25_p1100_d20,glossy,0.15,0.25,11.0,20.0,1.8181818181818181,-40.0,0.0030911064241081476,0.049969032406806946
P015_B25_p1100_d20,glossy,0.15,0.25,11.0,20.0,1.8181818181818181,20.0,0.002207238459959626,0.049967169761657715
P015_B25_p1100_d20,glossy,0.15,0.25,11.0,20.0,1.8181818181818181,40.0,0.003181959968060255,0.0499681793153286
P015_B25_p1100_d20,fresnel,0.15,0.25,11.0,20.0,1.8181818181818181,0.0,0.020235737785696983,0.049972161650657654
P015_B25_p1100_d20,fresnel,0.15,0.25,11.0,20.0,1.8181818181818181,-20.0,0.014291289262473583,0.04996922239661217
P015_B25_p1100_d20,fresnel,0.15,0.25,11.0,20.0,1.8181818181818181,-40.0,0.01633276417851448,0.04997764527797699
P015_B25_p1100_d20,fresnel,0.15,0.25,11.0,20.0,1.8181818181818181,20.0,0.013716799207031727,0.049969591200351715
P015_B25_p1100_d20,fresnel,0.15,0.25,11.0,20.0,1.8181818181818181,40.0,0.01602454110980034,0.049977660179138184
P015_B25_p1100_d30,glossy,0.15,0.25,11.0,30.0,2.727272727272727,0.0,0.00020469745504669845,0.04994649440050125
P015_B25_p1100_d30,glossy,0.15,0.25,11.0,30.0,2.727272727272727,-20.0,0.0005265357904136181,0.04994712397456169
P015_B25_p1100_d30,glossy,0.15,0.25,11.0,30.0,2.727272727272727,-40.0,0.001805387786589563,0.04994208365678787
P015_B25_p1100_d30,glossy,0.15,0.25,11.0,30.0,2.727272727272727,20.0,0.0004696387331932783,0.04995006322860718
P015_B25_p1100_d30,glossy,0.15,0.25,11.0,30.0,2.727272727272727,40.0,0.0017909384332597256,0.049943506717681885
P015_B25_p1100_d30,fresnel,0.15,0.25,11.0,30.0,2.727272727272727,0.0,0.0077561489306390285,0.04995031654834747
P015_B25_p1100_d30,fresnel,0.15,0.25,11.0,30.0,2.727272727272727,-20.0,0.00779199181124568,0.04995104670524597
P015_B25_p1100_d30,fresnel,0.15,0.25,11.0,30.0,2.727272727272727,-40.0,0.008498713374137878,0.0499594509601593
P015_B25_p1100_d30,fresnel,0.15,0.25,11.0,30.0,2.727272727272727,20.0,0.007361727301031351,0.04995376616716385
P015_B25_p1100_d30,fresnel,0.15,0.25,11.0,30.0,2.727272727272727,40.0,0.008065537549555302,0.0499601773917675
P015_B25_p1100_d40,glossy,0.15,0.25,11.0,40.0,3.6363636363636362,0.0,9.458648128202185e-05,0.04995333403348923
P015_B25_p1100_d40,glossy,0.15,0.25,11.0,40.0,3.6363636363636362,-20.0,0.0001418232568539679,0.04995132237672806
P015_B25_p1100_d40,glossy,0.15,0.25,11.0,40.0,3.6363636363636362,-40.0,0.0007237735553644598,0.04994847625494003
P015_B25_p1100_d40,glossy,0.15,0.25,11.0,40.0,3.6363636363636362,20.0,0.0001471618452342227,0.04995178431272507
P015_B25_p1100_d40,glossy,0.15,0.25,11.0,40.0,3.6363636363636362,40.0,0.0007706330507062376,0.04994923248887062
P015_B25_p1100_d40,fresnel,0.15,0.25,11.0,40.0,3.6363636363636362,0.0,0.005083128809928894,0.04995641112327576
P015_B25_p1100_d40,fresnel,0.15,0.25,11.0,40.0,3.6363636363636362,-20.0,0.005484726279973984,0.04995450749993324
P015_B25_p1100_d40,fresnel,0.15,0.25,11.0,40.0,3.6363636363636362,-40.0,0.006038891151547432,0.04996331036090851
P015_B25_p1100_d40,fresnel,0.15,0.25,11.0,40.0,3.6363636363636362,20.0,0.00561226811259985,0.04995543137192726
P015_B25_p1100_d40,fresnel,0.15,0.25,11.0,40.0,3.6363636363636362,40.0,0.006093776319175959,0.04996294155716896
P015_B25_p1100_d50,glossy,0.15,0.25,11.0,50.0,4.545454545454546,0.0,6.225975812412798e-05,0.04995627701282501
P015_B25_p1100_d50,glossy,0.15,0.25,11.0,50.0,4.545454545454546,-20.0,8.08787444839254e-05,0.04995279386639595
P015_B25_p1100_d50,glossy,0.15,0.25,11.0,50.0,4.545454545454546,-40.0,0.00025219438248313963,0.0499517060816288
P015_B25_p1100_d50,glossy,0.15,0.25,11.0,50.0,4.545454545454546,20.0,7.986049604369327e-05,0.049951452761888504
P015_B25_p1100_d50,glossy,0.15,0.25,11.0,50.0,4.545454545454546,40.0,0.0002549825294408947,0.049951910972595215
P015_B25_p1100_d50,fresnel,0.15,0.25,11.0,50.0,4.545454545454546,0.0,0.003895451547577977,0.049959152936935425
P015_B25_p1100_d50,fresnel,0.15,0.25,11.0,50.0,4.545454545454546,-20.0,0.0041556344367563725,0.049956124275922775
P015_B25_p1100_d50,fresnel,0.15,0.25,11.0,50.0,4.545454545454546,-40.0,0.004286980722099543,0.049965668469667435
P015_B25_p1100_d50,fresnel,0.15,0.25,11.0,50.0,4.545454545454546,20.0,0.004121301230043173,0.04995521157979965
P015_B25_p1100_d50,fresnel,0.15,0.25,11.0,50.0,4.545454545454546,40.0,0.004293499980121851,0.04996591433882713
P015_B50_p0375_d20,glossy,0.15,0.5,3.75,20.0,5.333333333333333,0.0,9.574944851920009e-05,0.04978206753730774
P015_B50_p0375_d20,glossy,0.15,0.5,3.75,20.0,5.333333333333333,-20.0,0.00010764377657324076,0.04976727068424225
P015_B50_p0375_d20,glossy,0.15,0.5,3.75,20.0,5.333333333333333,-40.0,0.00018693706078920513,0.049768995493650436
P015_B50_p0375_d20,glossy,0.15,0.5,3.75,20.0,5.333333333333333,20.0,0.00010764196485979483,0.04976894333958626
P015_B50_p0375_d20,glossy,0.15,0.5,3.75,20.0,5.333333333333333,40.0,0.00018689397256821394,0.0497652031481266
P015_B50_p0375_d20,fresnel,0.15,0.5,3.75,20.0,5.333333333333333,0.0,0.0033448655158281326,0.04979671537876129
P015_B50_p0375_d20,fresnel,0.15,0.5,3.75,20.0,5.333333333333333,-20.0,0.0035450407303869724,0.04978400096297264
P015_B50_p0375_d20,fresnel,0.15,0.5,3.75,20.0,5.333333333333333,-40.0,0.003980225417762995,0.04983886331319809
P015_B50_p0375_d20,fresnel,0.15,0.5,3.75,20.0,5.333333333333333,20.0,0.003560890443623066,0.049785204231739044
P015_B50_p0375_d20,fresnel,0.15,0.5,3.75,20.0,5.333333333333333,40.0,0.003998376429080963,0.04983702301979065
P015_B50_p0375_d30,glossy,0.15,0.5,3.75,30.0,8.0,0.0,8.429113222518936e-05,0.049641627818346024
P015_B50_p0375_d30,glossy,0.15,0.5,3.75,30.0,8.0,-20.0,8.276083099190146e-05,0.0496082678437233
P015_B50_p0375_d30,glossy,0.15,0.5,3.75,30.0,8.0,-40.0,0.00010927827679552138,0.049607664346694946
P015_B50_p0375_d30,glossy,0.15,0.5,3.75,30.0,8.0,20.0,8.334030280821025e-05,0.049618400633335114
P015_B50_p0375_d30,glossy,0.15,0.5,3.75,30.0,8.0,40.0,0.00010815294808708131,0.0496145598590374
P015_B50_p0375_d30,fresnel,0.15,0.5,3.75,30.0,8.0,0.0,0.0023902100510895252,0.049666546285152435
P015_B50_p0375_d30,fresnel,0.15,0.5,3.75,30.0,8.0,-20.0,0.0024557546712458134,0.04963764548301697
P015_B50_p0375_d30,fresnel,0.15,0.5,3.75,30.0,8.0,-40.0,0.0031099519692361355,0.049723997712135315
P015_B50_p0375_d30,fresnel,0.15,0.5,3.75,30.0,8.0,20.0,0.0025056865997612476,0.049646854400634766
P015_B50_p0375_d30,fresnel,0.15,0.5,3.75,30.0,8.0,40.0,0.0031199981458485126,0.049734119325876236
P015_B50_p0375_d40,glossy,0.15,0.5,3.75,40.0,10.666666666666666,0.0,8.004160918062553e-05,0.049648042768239975
P015_B50_p0375_d40,glossy,0.15,0.5,3.75,40.0,10.666666666666666,-20.0,7.587762229377404e-05,0.04962492734193802
P015_B50_p0375_d40,glossy,0.15,0.5,3.75,40.0,10.666666666666666,-40.0,9.003726881928742e-05,0.049621205776929855
P015_B50_p0375_d40,glossy,0.15,0.5,3.75,40.0,10.666666666666666,20.0,7.50734907342121e-05,0.049615152180194855
P015_B50_p0375_d40,glossy,0.15,0.5,3.75,40.0,10.666666666666666,40.0,8.997451368486509e-05,0.04962731897830963
P015_B50_p0375_d40,fresnel,0.15,0.5,3.75,40.0,10.666666666666666,0.0,0.0018957513384521008,0.049671970307826996
P015_B50_p0375_d40,fresnel,0.15,0.5,3.75,40.0,10.666666666666666,-20.0,0.002044802298769355,0.049652256071567535
P015_B50_p0375_d40,fresnel,0.15,0.5,3.75,40.0,10.666666666666666,-40.0,0.0027183706406503916,0.04973310977220535
P015_B50_p0375_d40,fresnel,0.15,0.5,3.75,40.0,10.666666666666666,20.0,0.0020150712225586176,0.04964293912053108
P015_B50_p0375_d40,fresnel,0.15,0.5,3.75,40.0,10.666666666666666,40.0,0.002750009298324585,0.04973985254764557
P015_B50_p0375_d50,glossy,0.15,0.5,3.75,50.0,13.333333333333334,0.0,8.11717618489638e-05,0.04964536428451538
P015_B50_p0375_d50,glossy,0.15,0.5,3.75,50.0,13.333333333333334,-20.0,7.464642112608999e-05,0.049618881195783615
P015_B50_p0375_d50,glossy,0.15,0.5,3.75,50.0,13.333333333333334,-40.0,8.73388271429576e-05,0.049618132412433624
P015_B50_p0375_d50,glossy,0.15,0.5,3.75,50.0,13.333333333333334,20.0,7.364634802797809e-05,0.0496184378862381
P015_B50_p0375_d50,glossy,0.15,0.5,3.75,50.0,13.333333333333334,40.0,8.712636190466583e-05,0.04961644113063812
P015_B50_p0375_d50,fresnel,0.15,0.5,3.75,50.0,13.333333333333334,0.0,0.0016613295301795006,0.04967057332396507
P015_B50_p0375_d50,fresnel,0.15,0.5,3.75,50.0,13.333333333333334,-20.0,0.0018330835737287998,0.04964696988463402
P015_B50_p0375_d50,fresnel,0.15,0.5,3.75,50.0,13.333333333333334,-40.0,0.0026060771197080612,0.04972498491406441
P015_B50_p0375_d50,fresnel,0.15,0.5,3.75,50.0,13.333333333333334,20.0,0.0017845495603978634,0.049646686762571335
P015_B50_p0375_d50,fresnel,0.15,0.5,3.75,50.0,13.333333333333334,40.0,0.002644855296239257,0.049726832658052444
P015_B50_p0550_d20,glossy,0.15,0.5,5.5,20.0,3.6363636363636362,0.0,0.00011104780423920602,0.04989498108625412
P015_B50_p0550_d20,glossy,0.15,0.5,5.5,20.0,3.6363636363636362,-20.0,0.00015816523227840662,0.049891725182533264
P015_B50_p0550_d20,glossy,0.15,0.5,5.5,20.0,3.6363636363636362,-40.0,0.0007469524862244725,0.04988604784011841
P015_B50_p0550_d20,glossy,0.15,0.5,5.5,20.0,3.6363636363636362,20.0,0.00015819337568245828,0.049890756607055664
P015_B50_p0550_d20,glossy,0.15,0.5,5.5,20.0,3.6363636363636362,40.0,0.0007275547250173986,0.04988027364015579
P015_B50_p0550_d20,fresnel,0.15,0.5,5.5,20.0,3.6363636363636362,0.0,0.004994661547243595,0.04990154132246971
P015_B50_p0550_d20,fresnel,0.15,0.5,5.5,20.0,3.6363636363636362,-20.0,0.0054673850536346436,0.04989975318312645
P015_B50_p0550_d20,fresnel,0.15,0.5,5.5,20.0,3.6363636363636362,-40.0,0.006054995581507683,0.04992044344544411
P015_B50_p0550_d20,fresnel,0.15,0.5,5.5,20.0,3.6363636363636362,20.0,0.005514091812074184,0.04989910125732422
P015_B50_p0550_d20,fresnel,0.15,0.5,5.5,20.0,3.6363636363636362,40.0,0.006024761125445366,0.049915045499801636
P015_B50_p0550_d30,glossy,0.15,0.5,5.5,30.0,5.454545454545454,0.0,7.022490171948448e-05,0.04983515664935112
P015_B50_p0550_d30,glossy,0.15,0.5,5.5,30.0,5.454545454545454,-20.0,7.89404584793374e-05,0.0498303584754467
P015_B50_p0550_d30,glossy,0.15,0.5,5.5,30.0,5.454545454545454,-40.0,0.00016155022603925318,0.049819573760032654
P015_B50_p0550_d30,glossy,0.15,0.5,5.5,30.0,5.454545454545454,20.0,7.949781138449907e-05,0.049830272793769836
P015_B50_p0550_d30,glossy,0.15,0.5,5.5,30.0,5.454545454545454,40.0,0.00015953097317833453,0.04981856048107147
P015_B50_p0550_d30,fresnel,0.15,0.5,5.5,30.0,5.454545454545454,0.0,0.003334111999720335,0.049846358597278595
P015_B50_p0550_d30,fresnel,0.15,0.5,5.5,30.0,5.454545454545454,-20.0,0.0035027903504669666,0.04984351620078087
P015_B50_p0550_d30,fresnel,0.15,0.5,5.5,30.0,5.454545454545454,-40.0,0.003870961721986532,0.04987272992730141
P015_B50_p0550_d30,fresnel,0.15,0.5,5.5,30.0,5.454545454545454,20.0,0.0034978054463863373,0.04984293505549431
P015_B50_p0550_d30,fresnel,0.15,0.5,5.5,30.0,5.454545454545454,40.0,0.0038352219853550196,0.04987330362200737
P015_B50_p0550_d40,glossy,0.15,0.5,5.5,40.0,7.2727272727272725,0.0,5.992470687488094e-05,0.04983947426080704
P015_B50_p0550_d40,glossy,0.15,0.5,5.5,40.0,7.2727272727272725,-20.0,6.155516166472808e-05,0.049824319779872894
P015_B50_p0550_d40,glossy,0.15,0.5,5.5,40.0,7.2727272727272725,-40.0,9.467329800827429e-05,0.049822259694337845
P015_B50_p0550_d40,glossy,0.15,0.5,5.5,40.0,7.2727272727272725,20.0,5.832615352119319e-05,0.04982666298747063
P015_B50_p0550_d40,glossy,0.15,0.5,5.5,40.0,7.2727272727272725,40.0,9.19189551495947e-05,0.04981624335050583
P015_B50_p0550_d40,fresnel,0.15,0.5,5.5,40.0,7.2727272727272725,0.0,0.0026130806654691696,0.049850381910800934
P015_B50_p0550_d40,fresnel,0.15,0.5,5.5,40.0,7.2727272727272725,-20.0,0.0027062769513577223,0.04983728006482124
P015_B50_p0550_d40,fresnel,0.15,0.5,5.5,40.0,7.2727272727272725,-40.0,0.003186972578987479,0.04987214133143425
P015_B50_p0550_d40,fresnel,0.15,0.5,5.5,40.0,7.2727272727272725,20.0,0.0026551675982773304,0.049839507788419724
P015_B50_p0550_d40,fresnel,0.15,0.5,5.5,40.0,7.2727272727272725,40.0,0.003176209283992648,0.04987026005983353
P015_B50_p0550_d50,glossy,0.15,0.5,5.5,50.0,9.090909090909092,0.0,5.821289960294962e-05,0.04982960969209671
P015_B50_p0550_d50,glossy,0.15,0.5,5.5,50.0,9.090909090909092,-20.0,5.3945343097439036e-05,0.04982805624604225
P015_B50_p0550_d50,glossy,0.15,0.5,5.5,50.0,9.090909090909092,-40.0,7.661984272999689e-05,0.04981689155101776
P015_B50_p0550_d50,glossy,0.15,0.5,5.5,50.0,9.090909090909092,20.0,5.3494568419409916e-05,0.04982936382293701
P015_B50_p0550_d50,glossy,0.15,0.5,5.5,50.0,9.090909090909092,40.0,7.447809912264347e-05,0.04982272535562515
P015_B50_p0550_d50,fresnel,0.15,0.5,5.5,50.0,9.090909090909092,0.0,0.0021735739428550005,0.04984170198440552
P015_B50_p0550_d50,fresnel,0.15,0.5,5.5,50.0,9.090909090909092,-20.0,0.002261158311739564,0.04984043911099434
P015_B50_p0550_d50,fresnel,0.15,0.5,5.5,50.0,9.090909090909092,-40.0,0.0028695783112198114,0.04987106844782829
P015_B50_p0550_d50,fresnel,0.15,0.5,5.5,50.0,9.090909090909092,20.0,0.002291914774104953,0.04984135180711746
P015_B50_p0550_d50,fresnel,0.15,0.5,5.5,50.0,9.090909090909092,40.0,0.0028384090401232243,0.04987620934844017
P015_B50_p0750_d20,glossy,0.15,0.5,7.5,20.0,2.6666666666666665,0.0,0.00024704879615455866,0.049953918904066086
P015_B50_p0750_d20,glossy,0.15,0.5,7.5,20.0,2.6666666666666665,-20.0,0.0006215771427378058,0.04995159059762955
P015_B50_p0750_d20,glossy,0.15,0.5,7.5,20.0,2.6666666666666665,-40.0,0.001907113823108375,0.049952976405620575
P015_B50_p0750_d20,glossy,0.15,0.5,7.5,20.0,2.6666666666666665,20.0,0.0006015232065692544,0.049951113760471344
P015_B50_p0750_d20,glossy,0.15,0.5,7.5,20.0,2.6666666666666665,40.0,0.0018811761401593685,0.049953997135162354
P015_B50_p0750_d20,fresnel,0.15,0.5,7.5,20.0,2.6666666666666665,0.0,0.008501317352056503,0.049957312643527985
P015_B50_p0750_d20,fresnel,0.15,0.5,7.5,20.0,2.6666666666666665,-20.0,0.00835462287068367,0.04995538666844368
P015_B50_p0750_d20,fresnel,0.15,0.5,7.5,20.0,2.6666666666666665,-40.0,0.009066401049494743,0.04996686801314354
P015_B50_p0750_d20,fresnel,0.15,0.5,7.5,20.0,2.6666666666666665,20.0,0.008252615109086037,0.049955010414123535
P015_B50_p0750_d20,fresnel,0.15,0.5,7.5,20.0,2.6666666666666665,40.0,0.009169666096568108,0.049967337399721146
P015_B50_p0750_d30,glossy,0.15,0.5,7.5,30.0,4.0,0.0,8.435588824795559e-05,0.0499085932970047
P015_B50_p0750_d30,glossy,0.15,0.5,7.5,30.0,4.0,-20.0,0.00011958777031395584,0.04990359768271446
P015_B50_p0750_d30,glossy,0.15,0.5,7.5,30.0,4.0,-40.0,0.0005170878721401095,0.04990450292825699
P015_B50_p0750_d30,glossy,0.15,0.5,7.5,30.0,4.0,20.0,0.00012547352525871247,0.04990514740347862
P015_B50_p0750_d30,glossy,0.15,0.5,7.5,30.0,4.0,40.0,0.0005503387656062841,0.04990372061729431
P015_B50_p0750_d30,fresnel,0.15,0.5,7.5,30.0,4.0,0.0,0.0044944677501916885,0.049915313720703125
P015_B50_p0750_d30,fresnel,0.15,0.5,7.5,30.0,4.0,-20.0,0.005114498548209667,0.04991091787815094
P015_B50_p0750_d30,fresnel,0.15,0.5,7.5,30.0,4.0,-40.0,0.005289252381771803,0.049932658672332764
P015_B50_p0750_d30,fresnel,0.15,0.5,7.5,30.0,4.0,20.0,0.005245656706392765,0.049912191927433014
P015_B50_p0750_d30,fresnel,0.15,0.5,7.5,30.0,4.0,40.0,0.005349636077880859,0.04993199184536934
P015_B50_p0750_d40,glossy,0.15,0.5,7.5,40.0,5.333333333333333,0.0,5.744348527514376e-05,0.04990765452384949
P015_B50_p0750_d40,glossy,0.15,0.5,7.5,40.0,5.333333333333333,-20.0,7.007535896264017e-05,0.049907054752111435
P015_B50_p0750_d40,glossy,0.15,0.5,7.5,40.0,5.333333333333333,-40.0,0.00016089979908429086,0.049904145300388336
P015_B50_p0750_d40,glossy,0.15,0.5,7.5,40.0,5.333333333333333,20.0,6.863944872748107e-05,0.04990707337856293
P015_B50_p0750_d40,glossy,0.15,0.5,7.5,40.0,5.333333333333333,40.0,0.00015697864000685513,0.04990630969405174
P015_B50_p0750_d40,fresnel,0.15,0.5,7.5,40.0,5.333333333333333,0.0,0.003303731791675091,0.049914274364709854
P015_B50_p0750_d40,fresnel,0.15,0.5,7.5,40.0,5.333333333333333,-20.0,0.003587429178878665,0.049914099276065826
P015_B50_p0750_d40,fresnel,0.15,0.5,7.5,40.0,5.333333333333333,-40.0,0.0038589832838624716,0.04993302747607231
P015_B50_p0750_d40,fresnel,0.15,0.5,7.5,40.0,5.333333333333333,20.0,0.0035418837796896696,0.049913857132196426
P015_B50_p0750_d40,fresnel,0.15,0.5,7.5,40.0,5.333333333333333,40.0,0.0038200404960662127,0.04993458464741707
P015_B50_p0750_d50,glossy,0.15,0.5,7.5,50.0,6.666666666666667,0.0,5.061153933638707e-05,0.049906082451343536
P015_B50_p0750_d50,glossy,0.15,0.5,7.5,50.0,6.666666666666667,-20.0,5.3537238272838295e-05,0.04989209771156311
P015_B50_p0750_d50,glossy,0.15,0.5,7.5,50.0,6.666666666666667,-40.0,9.598807082511485e-05,0.04989549145102501
P015_B50_p0750_d50,glossy,0.15,0.5,7.5,50.0,6.666666666666667,20.0,5.258048986434005e-05,0.049890466034412384
P015_B50_p0750_d50,glossy,0.15,0.5,7.5,50.0,6.666666666666667,40.0,9.382155258208513e-05,0.049895163625478745
P015_B50_p0750_d50,fresnel,0.15,0.5,7.5,50.0,6.666666666666667,0.0,0.002795326989144087,0.04991256445646286
P015_B50_p0750_d50,fresnel,0.15,0.5,7.5,50.0,6.666666666666667,-20.0,0.0028985152021050453,0.049899209290742874
P015_B50_p0750_d50,fresnel,0.15,0.5,7.5,50.0,6.666666666666667,-40.0,0.0033796019852161407,0.04992709681391716
P015_B50_p0750_d50,fresnel,0.15,0.5,7.5,50.0,6.666666666666667,20.0,0.0028925323858857155,0.04989831894636154
P015_B50_p0750_d50,fresnel,0.15,0.5,7.5,50.0,6.666666666666667,40.0,0.0033490259665995836,0.04992636293172836
P015_B50_p1100_d20,glossy,0.15,0.5,11.0,20.0,1.8181818181818181,0.0,0.002174482448026538,0.0499701052904129
P015_B50_p1100_d20,glossy,0.15,0.5,11.0,20.0,1.8181818181818181,-20.0,0.0024474740494042635,0.04996679723262787
P015_B50_p1100_d20,glossy,0.15,0.5,11.0,20.0,1.8181818181818181,-40.0,0.003172963159158826,0.049969032406806946
P015_B50_p1100_d20,glossy,0.15,0.5,11.0,20.0,1.8181818181818181,20.0,0.0024031694047152996,0.0499669648706913
P015_B50_p1100_d20,glossy,0.15,0.5,11.0,20.0,1.8181818181818181,40.0,0.003258374286815524,0.0499681793153286
P015_B50_p1100_d20,fresnel,0.15,0.5,11.0,20.0,1.8181818181818181,0.0,0.014425904490053654,0.049972161650657654
P015_B50_p1100_d20,fresnel,0.15,0.5,11.0,20.0,1.8181818181818181,-20.0,0.015572622418403625,0.04996922239661217
P015_B50_p1100_d20,fresnel,0.15,0.5,11.0,20.0,1.8181818181818181,-40.0,0.01738995686173439,0.04997764527797699
P015_B50_p1100_d20,fresnel,0.15,0.5,11.0,20.0,1.8181818181818181,20.0,0.014984486624598503,0.049969382584095
P015_B50_p1100_d20,fresnel,0.15,0.5,11.0,20.0,1.8181818181818181,40.0,0.01698375679552555,0.049977660179138184
P015_B50_p1100_d30,glossy,0.15,0.5,11.0,30.0,2.727272727272727,0.0,0.00023525313008576632,0.04994649440050125
P015_B50_p1100_d30,glossy,0.15,0.5,11.0,30.0,2.727272727272727,-20.0,0.0006392596988007426,0.04994712397456169
P015_B50_p1100_d30,glossy,0.15,0.5,11.0,30.0,2.727272727272727,-40.0,0.0019579885993152857,0.04994208365678787
P015_B50_p1100_d30,glossy,0.15,0.5,11.0,30.0,2.727272727272727,20.0,0.0005689967656508088,0.04995006322860718
P015_B50_p1100_d30,glossy,0.15,0.5,11.0,30.0,2.727272727272727,40.0,0.0019471199484542012,0.049943506717681885
P015_B50_p1100_d30,fresnel,0.15,0.5,11.0,30.0,2.727272727272727,0.0,0.008424604311585426,0.04995031654834747
P015_B50_p1100_d30,fresnel,0.15,0.5,11.0,30.0,2.727272727272727,-20.0,0.008420350030064583,0.04995104670524597
P015_B50_p1100_d30,fresnel,0.15,0.5,11.0,30.0,2.727272727272727,-40.0,0.009045874699950218,0.0499594509601593
P015_B50_p1100_d30,fresnel,0.15,0.5,11.0,30.0,2.727272727272727,20.0,0.007949589751660824,0.04995376616716385
P015_B50_p1100_d30,fresnel,0.15,0.5,11.0,30.0,2.727272727272727,40.0,0.008508711121976376,0.0499601773917675
P015_B50_p1100_d40,glossy,0.15,0.5,11.0,40.0,3.6363636363636362,0.0,0.00010192958143306896,0.04995333403348923
P015_B50_p1100_d40,glossy,0.15,0.5,11.0,40.0,3.6363636363636362,-20.0,0.000158095863298513,0.04995132237672806
P015_B50_p1100_d40,glossy,0.15,0.5,11.0,40.0,3.6363636363636362,-40.0,0.0008378525963053107,0.04994847625494003
P015_B50_p1100_d40,glossy,0.15,0.5,11.0,40.0,3.6363636363636362,20.0,0.00016624975251033902,0.049951571971178055
P015_B50_p1100_d40,glossy,0.15,0.5,11.0,40.0,3.6363636363636362,40.0,0.0008909377502277493,0.04994923248887062
P015_B50_p1100_d40,fresnel,0.15,0.5,11.0,40.0,3.6363636363636362,0.0,0.0053153508342802525,0.04995641112327576
P015_B50_p1100_d40,fresnel,0.15,0.5,11.0,40.0,3.6363636363636362,-20.0,0.005609613843262196,0.04995450749993324
P015_B50_p1100_d40,fresnel,0.15,0.5,11.0,40.0,3.6363636363636362,-40.0,0.0064615532755851746,0.04996331036090851
P015_B50_p1100_d40,fresnel,0.15,0.5,11.0,40.0,3.6363636363636362,20.0,0.0057404544204473495,0.04995522275567055
P015_B50_p1100_d40,fresnel,0.15,0.5,11.0,40.0,3.6363636363636362,40.0,0.006517990026623011,0.04996294155716896
P015_B50_p1100_d50,glossy,0.15,0.5,11.0,50.0,4.545454545454546,0.0,6.528903031721711e-05,0.04995627701282501
P015_B50_p1100_d50,glossy,0.15,0.5,11.0,50.0,4.545454545454546,-20.0,8.668392547406256e-05,0.04995279386639595
P015_B50_p1100_d50,glossy,0.15,0.5,11.0,50.0,4.545454545454546,-40.0,0.0002939877740573138,0.0499517060816288
P015_B50_p1100_d50,glossy,0.15,0.5,11.0,50.0,4.545454545454546,20.0,8.572574733989313e-05,0.049951452761888504
P015_B50_p1100_d50,glossy,0.15,0.5,11.0,50.0,4.545454545454546,40.0,0.0002973843365907669,0.049951910972595215
P015_B50_p1100_d50,fresnel,0.15,0.5,11.0,50.0,4.545454545454546,0.0,0.004039906430989504,0.049959152936935425
P015_B50_p1100_d50,fresnel,0.15,0.5,11.0,50.0,4.545454545454546,-20.0,0.004345735069364309,0.049956124275922775
P015_B50_p1100_d50,fresnel,0.15,0.5,11.0,50.0,4.545454545454546,-40.0,0.0044487412087619305,0.04996567592024803
P015_B50_p1100_d50,fresnel,0.15,0.5,11.0,50.0,4.545454545454546,20.0,0.004304309841245413,0.04995521157979965
P015_B50_p1100_d50,fresnel,0.15,0.5,11.0,50.0,4.545454545454546,40.0,0.004471775144338608,0.04996591433882713
P035_B00_p0375_d20,glossy,0.35,0.0,3.75,20.0,5.333333333333333,0.0,8.735957089811563e-05,0.04978206753730774
P035_B00_p0375_d20,glossy,0.35,0.0,3.75,20.0,5.333333333333333,-20.0,8.88768263394013e-05,0.04976727068424225
P035_B00_p0375_d20,glossy,0.35,0.0,3.75,20.0,5.333333333333333,-40.0,0.00011723415809683502,0.049768995493650436
P035_B00_p0375_d20,glossy,0.35,0.0,3.75,20.0,5.333333333333333,20.0,8.815159526420757e-05,0.04976935684680939
P035_B00_p0375_d20,glossy,0.35,0.0,3.75,20.0,5.333333333333333,40.0,0.00011806465772679076,0.0497652031481266
P035_B00_p0375_d20,fresnel,0.35,0.0,3.75,20.0,5.333333333333333,0.0,0.0025598639622330666,0.04979671537876129
P035_B00_p0375_d20,fresnel,0.35,0.0,3.75,20.0,5.333333333333333,-20.0,0.0026631061919033527,0.04978400096297264
P035_B00_p0375_d20,fresnel,0.35,0.0,3.75,20.0,5.333333333333333,-40.0,0.0032624616287648678,0.04983886331319809
P035_B00_p0375_d20,fresnel,0.35,0.0,3.75,20.0,5.333333333333333,20.0,0.0026673630345612764,0.04978560283780098
P035_B00_p0375_d20,fresnel,0.35,0.0,3.75,20.0,5.333333333333333,40.0,0.0032957822550088167,0.04983702301979065
P035_B00_p0375_d30,glossy,0.35,0.0,3.75,30.0,8.0,0.0,8.077434176811948e-05,0.049641627818346024
P035_B00_p0375_d30,glossy,0.35,0.0,3.75,30.0,8.0,-20.0,7.591036410303786e-05,0.04960848018527031
P035_B00_p0375_d30,glossy,0.35,0.0,3.75,30.0,8.0,-40.0,9.088481601793319e-05,0.049607664346694946
P035_B00_p0375_d30,glossy,0.35,0.0,3.75,30.0,8.0,20.0,7.62735799071379e-05,0.04961860552430153
P035_B00_p0375_d30,glossy,0.35,0.0,3.75,30.0,8.0,40.0,9.134754509432241e-05,0.0496145598590374
P035_B00_p0375_d30,fresnel,0.35,0.0,3.75,30.0,8.0,0.0,0.0018733924953266978,0.049666546285152435
P035_B00_p0375_d30,fresnel,0.35,0.0,3.75,30.0,8.0,-20.0,0.002010197378695011,0.049637846648693085
P035_B00_p0375_d30,fresnel,0.35,0.0,3.75,30.0,8.0,-40.0,0.0027713917661458254,0.049723997712135315
P035_B00_p0375_d30,fresnel,0.35,0.0,3.75,30.0,8.0,20.0,0.002037904690951109,0.04964705929160118
P035_B00_p0375_d30,fresnel,0.35,0.0,3.75,30.0,8.0,40.0,0.0027849646285176277,0.049734119325876236
P035_B00_p0375_d40,glossy,0.35,0.0,3.75,40.0,10.666666666666666,0.0,7.770067168166861e-05,0.04964824020862579
P035_B00_p0375_d40,glossy,0.35,0.0,3.75,40.0,10.666666666666666,-20.0,7.087723497534171e-05,0.049624718725681305
P035_B00_p0375_d40,glossy,0.35,0.0,3.75,40.0,10.666666666666666,-40.0,8.217744471039623e-05,0.04962118715047836
P035_B00_p0375_d40,glossy,0.35,0.0,3.75,40.0,10.666666666666666,20.0,6.97918439982459e-05,0.04961494728922844
P035_B00_p0375_d40,glossy,0.35,0.0,3.75,40.0,10.666666666666666,40.0,8.092443022178486e-05,0.04962731897830963
P035_B00_p0375_d40,fresnel,0.35,0.0,3.75,40.0,10.666666666666666,0.0,0.0015161046758294106,0.049672167748212814
P035_B00_p0375_d40,fresnel,0.35,0.0,3.75,40.0,10.666666666666666,-20.0,0.0017150890780612826,0.04965205118060112
P035_B00_p0375_d40,fresnel,0.35,0.0,3.75,40.0,10.666666666666666,-40.0,0.0024950753431767225,0.0497329905629158
P035_B00_p0375_d40,fresnel,0.35,0.0,3.75,40.0,10.666666666666666,20.0,0.001697248313575983,0.04964273422956467
P035_B00_p0375_d40,fresnel,0.35,0.0,3.75,40.0,10.666666666666666,40.0,0.002485883655026555,0.04973985254764557
P035_B00_p0375_d50,glossy,0.35,0.0,3.75,50.0,13.333333333333334,0.0,7.873541471781209e-05,0.04964536428451538
P035_B00_p0375_d50,glossy,0.35,0.0,3.75,50.0,13.333333333333334,-20.0,7.138456567190588e-05,0.049618881195783615
P035_B00_p0375_d50,glossy,0.35,0.0,3.75,50.0,13.333333333333334,-40.0,8.13352016848512e-05,0.049618132412433624
P035_B00_p0375_d50,glossy,0.35,0.0,3.75,50.0,13.333333333333334,20.0,7.047393592074513e-05,0.04961864650249481
P035_B00_p0375_d50,glossy,0.35,0.0,3.75,50.0,13.333333333333334,40.0,8.138473640428856e-05,0.04961644113063812
P035_B00_p0375_d50,fresnel,0.35,0.0,3.75,50.0,13.333333333333334,0.0,0.0013320469297468662,0.04967057332396507
P035_B00_p0375_d50,fresnel,0.35,0.0,3.75,50.0,13.333333333333334,-20.0,0.0015840806299820542,0.04964696988463402
P035_B00_p0375_d50,fresnel,0.35,0.0,3.75,50.0,13.333333333333334,-40.0,0.002354823751375079,0.04972498491406441
P035_B00_p0375_d50,fresnel,0.35,0.0,3.75,50.0,13.333333333333334,20.0,0.0015694734174758196,0.04964689910411835
P035_B00_p0375_d50,fresnel,0.35,0.0,3.75,50.0,13.333333333333334,40.0,0.002357794903218746,0.049726832658052444
P035_B00_p0550_d20,glossy,0.35,0.0,5.5,20.0,3.6363636363636362,0.0,8.264340431196615e-05,0.0498947836458683
P035_B00_p0550_d20,glossy,0.35,0.0,5.5,20.0,3.6363636363636362,-20.0,8.78399659995921e-05,0.049891725182533264
P035_B00_p0550_d20,glossy,0.35,0.0,5.5,20.0,3.6363636363636362,-40.0,0.00022043166973162442,0.04988604784011841
P035_B00_p0550_d20,glossy,0.35,0.0,5.5,20.0,3.6363636363636362,20.0,8.804601384326816e-05,0.049890756607055664
P035_B00_p0550_d20,glossy,0.35,0.0,5.5,20.0,3.6363636363636362,40.0,0.00021735088375862688,0.04988027364015579
P035_B00_p0550_d20,fresnel,0.35,0.0,5.5,20.0,3.6363636363636362,0.0,0.003488723188638687,0.04990134388208389
P035_B00_p0550_d20,fresnel,0.35,0.0,5.5,20.0,3.6363636363636362,-20.0,0.003712034085765481,0.04989975318312645
P035_B00_p0550_d20,fresnel,0.35,0.0,5.5,20.0,3.6363636363636362,-40.0,0.0040922570042312145,0.04992044344544411
P035_B00_p0550_d20,fresnel,0.35,0.0,5.5,20.0,3.6363636363636362,20.0,0.003753205295652151,0.04989910125732422
P035_B00_p0550_d20,fresnel,0.35,0.0,5.5,20.0,3.6363636363636362,40.0,0.0040695504285395145,0.049915045499801636
P035_B00_p0550_d30,glossy,0.35,0.0,5.5,30.0,5.454545454545454,0.0,6.301216490101069e-05,0.04983515664935112
P035_B00_p0550_d30,glossy,0.35,0.0,5.5,30.0,5.454545454545454,-20.0,6.051530726836063e-05,0.04983077198266983
P035_B00_p0550_d30,glossy,0.35,0.0,5.5,30.0,5.454545454545454,-40.0,9.419312118552625e-05,0.049819573760032654
P035_B00_p0550_d30,glossy,0.35,0.0,5.5,30.0,5.454545454545454,20.0,6.045442933100276e-05,0.04983048141002655
P035_B00_p0550_d30,glossy,0.35,0.0,5.5,30.0,5.454545454545454,40.0,9.254365431843325e-05,0.04981853440403938
P035_B00_p0550_d30,fresnel,0.35,0.0,5.5,30.0,5.454545454545454,0.0,0.0024921640288084745,0.049846358597278595
P035_B00_p0550_d30,fresnel,0.35,0.0,5.5,30.0,5.454545454545454,-20.0,0.002618099097162485,0.049843929708004
P035_B00_p0550_d30,fresnel,0.35,0.0,5.5,30.0,5.454545454545454,-40.0,0.0032136477530002594,0.04987272992730141
P035_B00_p0550_d30,fresnel,0.35,0.0,5.5,30.0,5.454545454545454,20.0,0.0025851356331259012,0.049843139946460724
P035_B00_p0550_d30,fresnel,0.35,0.0,5.5,30.0,5.454545454545454,40.0,0.0031655249185860157,0.04987318813800812
P035_B00_p0550_d40,glossy,0.35,0.0,5.5,40.0,7.2727272727272725,0.0,5.582400262937881e-05,0.04983947426080704
P035_B00_p0550_d40,glossy,0.35,0.0,5.5,40.0,7.2727272727272725,-20.0,5.189568400965072e-05,0.049824319779872894
P035_B00_p0550_d40,glossy,0.35,0.0,5.5,40.0,7.2727272727272725,-40.0,7.19099843990989e-05,0.049822259694337845
P035_B00_p0550_d40,glossy,0.35,0.0,5.5,40.0,7.2727272727272725,20.0,5.0374059355817735e-05,0.04982666298747063
P035_B00_p0550_d40,glossy,0.35,0.0,5.5,40.0,7.2727272727272725,40.0,6.993467832216993e-05,0.04981624335050583
P035_B00_p0550_d40,fresnel,0.35,0.0,5.5,40.0,7.2727272727272725,0.0,0.0020094653591513634,0.049850381910800934
P035_B00_p0550_d40,fresnel,0.35,0.0,5.5,40.0,7.2727272727272725,-20.0,0.002158327726647258,0.04983728006482124
P035_B00_p0550_d40,fresnel,0.35,0.0,5.5,40.0,7.2727272727272725,-40.0,0.002811032347381115,0.04987214133143425
P035_B00_p0550_d40,fresnel,0.35,0.0,5.5,40.0,7.2727272727272725,20.0,0.00210712943226099,0.049839507788419724
P035_B00_p0550_d40,fresnel,0.35,0.0,5.5,40.0,7.2727272727272725,40.0,0.0028065189253538847,0.04987026005983353
P035_B00_p0550_d50,glossy,0.35,0.0,5.5,50.0,9.090909090909092,0.0,5.494874494615942e-05,0.04982960969209671
P035_B00_p0550_d50,glossy,0.35,0.0,5.5,50.0,9.090909090909092,-20.0,4.9218688218388706e-05,0.049828264862298965
P035_B00_p0550_d50,glossy,0.35,0.0,5.5,50.0,9.090909090909092,-40.0,6.235829641809687e-05,0.04981689155101776
P035_B00_p0550_d50,glossy,0.35,0.0,5.5,50.0,9.090909090909092,20.0,4.8398513172287494e-05,0.04982936382293701
P035_B00_p0550_d50,glossy,0.35,0.0,5.5,50.0,9.090909090909092,40.0,6.18354242760688e-05,0.04982272535562515
P035_B00_p0550_d50,fresnel,0.35,0.0,5.5,50.0,9.090909090909092,0.0,0.001697386847808957,0.04984170198440552
P035_B00_p0550_d50,fresnel,0.35,0.0,5.5,50.0,9.090909090909092,-20.0,0.0018815752118825912,0.04984064772725105
P035_B00_p0550_d50,fresnel,0.35,0.0,5.5,50.0,9.090909090909092,-40.0,0.002554629696533084,0.04987106844782829
P035_B00_p0550_d50,fresnel,0.35,0.0,5.5,50.0,9.090909090909092,20.0,0.0018621640047058463,0.04984135180711746
P035_B00_p0550_d50,fresnel,0.35,0.0,5.5,50.0,9.090909090909092,40.0,0.0024877795949578285,0.04987620934844017
P035_B00_p0750_d20,glossy,0.35,0.0,7.5,20.0,2.6666666666666665,0.0,0.00010506406397325918,0.049954116344451904
P035_B00_p0750_d20,glossy,0.35,0.0,7.5,20.0,2.6666666666666665,-20.0,0.00016140917432494462,0.04995159059762955
P035_B00_p0750_d20,glossy,0.35,0.0,7.5,20.0,2.6666666666666665,-40.0,0.000808931770734489,0.049952976405620575
P035_B00_p0750_d20,glossy,0.35,0.0,7.5,20.0,2.6666666666666665,20.0,0.00015859966515563428,0.049951113760471344
P035_B00_p0750_d20,glossy,0.35,0.0,7.5,20.0,2.6666666666666665,40.0,0.0007715251995250583,0.049953997135162354
P035_B00_p0750_d20,fresnel,0.35,0.0,7.5,20.0,2.6666666666666665,0.0,0.004913584794849157,0.0499575138092041
P035_B00_p0750_d20,fresnel,0.35,0.0,7.5,20.0,2.6666666666666665,-20.0,0.005347506143152714,0.04995538666844368
P035_B00_p0750_d20,fresnel,0.35,0.0,7.5,20.0,2.6666666666666665,-40.0,0.006186085287481546,0.04996686801314354
P035_B00_p0750_d20,fresnel,0.35,0.0,7.5,20.0,2.6666666666666665,20.0,0.0053283595480024815,0.049955010414123535
P035_B00_p0750_d20,fresnel,0.35,0.0,7.5,20.0,2.6666666666666665,40.0,0.006117203738540411,0.049967337399721146
P035_B00_p0750_d30,glossy,0.35,0.0,7.5,30.0,4.0,0.0,6.21312137809582e-05,0.0499085932970047
P035_B00_p0750_d30,glossy,0.35,0.0,7.5,30.0,4.0,-20.0,6.860572466393933e-05,0.04990359768271446
P035_B00_p0750_d30,glossy,0.35,0.0,7.5,30.0,4.0,-40.0,0.00016036414308473468,0.04990450292825699
P035_B00_p0750_d30,glossy,0.35,0.0,7.5,30.0,4.0,20.0,7.298876153072342e-05,0.049905356019735336
P035_B00_p0750_d30,glossy,0.35,0.0,7.5,30.0,4.0,40.0,0.0001691201759967953,0.04990372061729431
P035_B00_p0750_d30,fresnel,0.35,0.0,7.5,30.0,4.0,0.0,0.0032277293503284454,0.049915313720703125
P035_B00_p0750_d30,fresnel,0.35,0.0,7.5,30.0,4.0,-20.0,0.0034265494905412197,0.04991091787815094
P035_B00_p0750_d30,fresnel,0.35,0.0,7.5,30.0,4.0,-40.0,0.0038299078587442636,0.049932658672332764
P035_B00_p0750_d30,fresnel,0.35,0.0,7.5,30.0,4.0,20.0,0.0035786849912256002,0.04991240054368973
P035_B00_p0750_d30,fresnel,0.35,0.0,7.5,30.0,4.0,40.0,0.003882991150021553,0.04993199184536934
P035_B00_p0750_d40,glossy,0.35,0.0,7.5,40.0,5.333333333333333,0.0,5.085395241621882e-05,0.04990765452384949
P035_B00_p0750_d40,glossy,0.35,0.0,7.5,40.0,5.333333333333333,-20.0,4.878868276136927e-05,0.049907054752111435
P035_B00_p0750_d40,glossy,0.35,0.0,7.5,40.0,5.333333333333333,-40.0,8.27911717351526e-05,0.04990389198064804
P035_B00_p0750_d40,glossy,0.35,0.0,7.5,40.0,5.333333333333333,20.0,4.677853576140478e-05,0.04990707337856293
P035_B00_p0750_d40,glossy,0.35,0.0,7.5,40.0,5.333333333333333,40.0,8.172569505404681e-05,0.04990630969405174
P035_B00_p0750_d40,fresnel,0.35,0.0,7.5,40.0,5.333333333333333,0.0,0.002427336061373353,0.049914274364709854
P035_B00_p0750_d40,fresnel,0.35,0.0,7.5,40.0,5.333333333333333,-20.0,0.002636716701090336,0.049914099276065826
P035_B00_p0750_d40,fresnel,0.35,0.0,7.5,40.0,5.333333333333333,-40.0,0.0031352529767900705,0.049932774156332016
P035_B00_p0750_d40,fresnel,0.35,0.0,7.5,40.0,5.333333333333333,20.0,0.0025508792605251074,0.049913857132196426
P035_B00_p0750_d40,fresnel,0.35,0.0,7.5,40.0,5.333333333333333,40.0,0.0031172670423984528,0.04993458464741707
P035_B00_p0750_d50,glossy,0.35,0.0,7.5,50.0,6.666666666666667,0.0,4.469672421691939e-05,0.049906082451343536
P035_B00_p0750_d50,glossy,0.35,0.0,7.5,50.0,6.666666666666667,-20.0,4.2924330045934767e-05,0.04989209771156311
P035_B00_p0750_d50,glossy,0.35,0.0,7.5,50.0,6.666666666666667,-40.0,6.432100781239569e-05,0.0498957522213459
P035_B00_p0750_d50,glossy,0.35,0.0,7.5,50.0,6.666666666666667,20.0,4.137115320190787e-05,0.049890466034412384
P035_B00_p0750_d50,glossy,0.35,0.0,7.5,50.0,6.666666666666667,40.0,6.375095108523965e-05,0.049895163625478745
P035_B00_p0750_d50,fresnel,0.35,0.0,7.5,50.0,6.666666666666667,0.0,0.0021265654359012842,0.04991256445646286
P035_B00_p0750_d50,fresnel,0.35,0.0,7.5,50.0,6.666666666666667,-20.0,0.0022590458393096924,0.049899209290742874
P035_B00_p0750_d50,fresnel,0.35,0.0,7.5,50.0,6.666666666666667,-40.0,0.0028445839416235685,0.04992735758423805
P035_B00_p0750_d50,fresnel,0.35,0.0,7.5,50.0,6.666666666666667,20.0,0.0022376785054802895,0.04989831894636154
P035_B00_p0750_d50,fresnel,0.35,0.0,7.5,50.0,6.666666666666667,40.0,0.002818767912685871,0.04992636293172836
P035_B00_p1100_d20,glossy,0.35,0.0,11.0,20.0,1.8181818181818181,0.0,0.00038122874684631824,0.0499701052904129
P035_B00_p1100_d20,glossy,0.35,0.0,11.0,20.0,1.8181818181818181,-20.0,0.0009446039330214262,0.04996679723262787
P035_B00_p1100_d20,glossy,0.35,0.0,11.0,20.0,1.8181818181818181,-40.0,0.002134133828803897,0.049969032406806946
P035_B00_p1100_d20,glossy,0.35,0.0,11.0,20.0,1.8181818181818181,20.0,0.0009376505040563643,0.0499669648706913
P035_B00_p1100_d20,glossy,0.35,0.0,11.0,20.0,1.8181818181818181,40.0,0.0022384761832654476,0.0499681793153286
P035_B00_p1100_d20,fresnel,0.35,0.0,11.0,20.0,1.8181818181818181,0.0,0.010567866265773773,0.049972161650657654
P035_B00_p1100_d20,fresnel,0.35,0.0,11.0,20.0,1.8181818181818181,-20.0,0.008583534508943558,0.04996922239661217
P035_B00_p1100_d20,fresnel,0.35,0.0,11.0,20.0,1.8181818181818181,-40.0,0.009792638942599297,0.04997764527797699
P035_B00_p1100_d20,fresnel,0.35,0.0,11.0,20.0,1.8181818181818181,20.0,0.0083619998767972,0.049969401210546494
P035_B00_p1100_d20,fresnel,0.35,0.0,11.0,20.0,1.8181818181818181,40.0,0.00970363523811102,0.049977660179138184
P035_B00_p1100_d30,glossy,0.35,0.0,11.0,30.0,2.727272727272727,0.0,9.975443390430883e-05,0.04994649440050125
P035_B00_p1100_d30,glossy,0.35,0.0,11.0,30.0,2.727272727272727,-20.0,0.00015784431889187545,0.04994712397456169
P035_B00_p1100_d30,glossy,0.35,0.0,11.0,30.0,2.727272727272727,-40.0,0.000818105589132756,0.04994208365678787
P035_B00_p1100_d30,glossy,0.35,0.0,11.0,30.0,2.727272727272727,20.0,0.00014338208711706102,0.04995006322860718
P035_B00_p1100_d30,glossy,0.35,0.0,11.0,30.0,2.727272727272727,40.0,0.000791084545198828,0.049943506717681885
P035_B00_p1100_d30,fresnel,0.35,0.0,11.0,30.0,2.727272727272727,0.0,0.004890338983386755,0.04995031654834747
P035_B00_p1100_d30,fresnel,0.35,0.0,11.0,30.0,2.727272727272727,-20.0,0.005580424796789885,0.04995104670524597
P035_B00_p1100_d30,fresnel,0.35,0.0,11.0,30.0,2.727272727272727,-40.0,0.006211810279637575,0.0499594509601593
P035_B00_p1100_d30,fresnel,0.35,0.0,11.0,30.0,2.727272727272727,20.0,0.0052081504836678505,0.04995376616716385
P035_B00_p1100_d30,fresnel,0.35,0.0,11.0,30.0,2.727272727272727,40.0,0.005945548880845308,0.0499601773917675
P035_B00_p1100_d40,glossy,0.35,0.0,11.0,40.0,3.6363636363636362,0.0,6.270590529311448e-05,0.04995333403348923
P035_B00_p1100_d40,glossy,0.35,0.0,11.0,40.0,3.6363636363636362,-20.0,7.776926213409752e-05,0.04995132237672806
P035_B00_p1100_d40,glossy,0.35,0.0,11.0,40.0,3.6363636363636362,-40.0,0.0002369824651395902,0.04994847625494003
P035_B00_p1100_d40,glossy,0.35,0.0,11.0,40.0,3.6363636363636362,20.0,8.206211350625381e-05,0.04995178431272507
P035_B00_p1100_d40,glossy,0.35,0.0,11.0,40.0,3.6363636363636362,40.0,0.00024622076307423413,0.04994923248887062
P035_B00_p1100_d40,fresnel,0.35,0.0,11.0,40.0,3.6363636363636362,0.0,0.0038146688602864742,0.04995641112327576
P035_B00_p1100_d40,fresnel,0.35,0.0,11.0,40.0,3.6363636363636362,-20.0,0.003978867083787918,0.04995450749993324
P035_B00_p1100_d40,fresnel,0.35,0.0,11.0,40.0,3.6363636363636362,-40.0,0.004298175685107708,0.04996331036090851
P035_B00_p1100_d40,fresnel,0.35,0.0,11.0,40.0,3.6363636363636362,20.0,0.0040953392162919044,0.04995543137192726
P035_B00_p1100_d40,fresnel,0.35,0.0,11.0,40.0,3.6363636363636362,40.0,0.004295922350138426,0.04996294155716896
P035_B00_p1100_d50,glossy,0.35,0.0,11.0,50.0,4.545454545454546,0.0,4.9326030421070755e-05,0.04995627701282501
P035_B00_p1100_d50,glossy,0.35,0.0,11.0,50.0,4.545454545454546,-20.0,5.30004472238943e-05,0.04995279386639595
P035_B00_p1100_d50,glossy,0.35,0.0,11.0,50.0,4.545454545454546,-40.0,0.00011057640222134069,0.0499517060816288
P035_B00_p1100_d50,glossy,0.35,0.0,11.0,50.0,4.545454545454546,20.0,5.251169204711914e-05,0.049951452761888504
P035_B00_p1100_d50,glossy,0.35,0.0,11.0,50.0,4.545454545454546,40.0,0.00011353273293934762,0.049951910972595215
P035_B00_p1100_d50,fresnel,0.35,0.0,11.0,50.0,4.545454545454546,0.0,0.0030036948155611753,0.049959152936935425
P035_B00_p1100_d50,fresnel,0.35,0.0,11.0,50.0,4.545454545454546,-20.0,0.003028576262295246,0.049956124275922775
P035_B00_p1100_d50,fresnel,0.35,0.0,11.0,50.0,4.545454545454546,-40.0,0.003562245750799775,0.049965668469667435
P035_B00_p1100_d50,fresnel,0.35,0.0,11.0,50.0,4.545454545454546,20.0,0.0030158173758536577,0.04995521157979965
P035_B00_p1100_d50,fresnel,0.35,0.0,11.0,50.0,4.545454545454546,40.0,0.003548534819856286,0.04996591433882713
P035_B25_p0375_d20,glossy,0.35,0.25,3.75,20.0,5.333333333333333,0.0,8.953391807153821e-05,0.04978206753730774
P035_B25_p0375_d20,glossy,0.35,0.25,3.75,20.0,5.333333333333333,-20.0,9.39528617891483e-05,0.04976747930049896
P035_B25_p0375_d20,glossy,0.35,0.25,3.75,20.0,5.333333333333333,-40.0,0.00013240848784334958,0.049768995493650436
P035_B25_p0375_d20,glossy,0.35,0.25,3.75,20.0,5.333333333333333,20.0,9.301899262936786e-05,0.04976894333958626
P035_B25_p0375_d20,glossy,0.35,0.25,3.75,20.0,5.333333333333333,40.0,0.00013245439913589507,0.04976517707109451
P035_B25_p0375_d20,fresnel,0.35,0.25,3.75,20.0,5.333333333333333,0.0,0.0027888575568795204,0.04979671537876129
P035_B25_p0375_d20,fresnel,0.35,0.25,3.75,20.0,5.333333333333333,-20.0,0.0029172098729759455,0.049784205853939056
P035_B25_p0375_d20,fresnel,0.35,0.25,3.75,20.0,5.333333333333333,-40.0,0.003476651618257165,0.04983886331319809
P035_B25_p0375_d20,fresnel,0.35,0.25,3.75,20.0,5.333333333333333,20.0,0.002921565668657422,0.049785204231739044
P035_B25_p0375_d20,fresnel,0.35,0.25,3.75,20.0,5.333333333333333,40.0,0.003523901803418994,0.0498369075357914
P035_B25_p0375_d30,glossy,0.35,0.25,3.75,30.0,8.0,0.0,8.178992720786482e-05,0.04964182525873184
P035_B25_p0375_d30,glossy,0.35,0.25,3.75,30.0,8.0,-20.0,7.787189679220319e-05,0.0496082678437233
P035_B25_p0375_d30,glossy,0.35,0.25,3.75,30.0,8.0,-40.0,9.556926670484245e-05,0.049607664346694946
P035_B25_p0375_d30,glossy,0.35,0.25,3.75,30.0,8.0,20.0,7.805773202562705e-05,0.04961860552430153
P035_B25_p0375_d30,glossy,0.35,0.25,3.75,30.0,8.0,40.0,9.604512160876766e-05,0.0496145598590374
P035_B25_p0375_d30,fresnel,0.35,0.25,3.75,30.0,8.0,0.0,0.0020410087890923023,0.04966674745082855
P035_B25_p0375_d30,fresnel,0.35,0.25,3.75,30.0,8.0,-20.0,0.0021450750064104795,0.04963764548301697
P035_B25_p0375_d30,fresnel,0.35,0.25,3.75,30.0,8.0,-40.0,0.002880200045183301,0.049723997712135315
P035_B25_p0375_d30,fresnel,0.35,0.25,3.75,30.0,8.0,20.0,0.002160809701308608,0.04964705929160118
P035_B25_p0375_d30,fresnel,0.35,0.25,3.75,30.0,8.0,40.0,0.002914214041084051,0.049734119325876236
P035_B25_p0375_d40,glossy,0.35,0.25,3.75,40.0,10.666666666666666,0.0,7.859165634727105e-05,0.049648042768239975
P035_B25_p0375_d40,glossy,0.35,0.25,3.75,40.0,10.666666666666666,-20.0,7.270042988238856e-05,0.04962492734193802
P035_B25_p0375_d40,glossy,0.35,0.25,3.75,40.0,10.666666666666666,-40.0,8.413333853241056e-05,0.04962095245718956
P035_B25_p0375_d40,glossy,0.35,0.25,3.75,40.0,10.666666666666666,20.0,7.17111979611218e-05,0.049615152180194855
P035_B25_p0375_d40,glossy,0.35,0.25,3.75,40.0,10.666666666666666,40.0,8.348492701770738e-05,0.04962729290127754
P035_B25_p0375_d40,fresnel,0.35,0.25,3.75,40.0,10.666666666666666,0.0,0.001638089306652546,0.049671970307826996
P035_B25_p0375_d40,fresnel,0.35,0.25,3.75,40.0,10.666666666666666,-20.0,0.001830168766900897,0.049652256071567535
P035_B25_p0375_d40,fresnel,0.35,0.25,3.75,40.0,10.666666666666666,-40.0,0.0025476268492639065,0.04973284900188446
P035_B25_p0375_d40,fresnel,0.35,0.25,3.75,40.0,10.666666666666666,20.0,0.0018104113405570388,0.04964293912053108
P035_B25_p0375_d40,fresnel,0.35,0.25,3.75,40.0,10.666666666666666,40.0,0.002560308435931802,0.049739740788936615
P035_B25_p0375_d50,glossy,0.35,0.25,3.75,50.0,13.333333333333334,0.0,7.95926243881695e-05,0.04964536428451538
P035_B25_p0375_d50,glossy,0.35,0.25,3.75,50.0,13.333333333333334,-20.0,7.227396417874843e-05,0.049618881195783615
P035_B25_p0375_d50,glossy,0.35,0.25,3.75,50.0,13.333333333333334,-40.0,8.329186675837263e-05,0.04961787164211273
P035_B25_p0375_d50,glossy,0.35,0.25,3.75,50.0,13.333333333333334,20.0,7.144435221562162e-05,0.0496184378862381
P035_B25_p0375_d50,glossy,0.35,0.25,3.75,50.0,13.333333333333334,40.0,8.26635878183879e-05,0.04961644113063812
P035_B25_p0375_d50,fresnel,0.35,0.25,3.75,50.0,13.333333333333334,0.0,0.0014281555777415633,0.04967057332396507
P035_B25_p0375_d50,fresnel,0.35,0.25,3.75,50.0,13.333333333333334,-20.0,0.0016706585884094238,0.04964696988463402
P035_B25_p0375_d50,fresnel,0.35,0.25,3.75,50.0,13.333333333333334,-40.0,0.00243932637386024,0.04972472041845322
P035_B25_p0375_d50,fresnel,0.35,0.25,3.75,50.0,13.333333333333334,20.0,0.0016376256244257092,0.049646686762571335
P035_B25_p0375_d50,fresnel,0.35,0.25,3.75,50.0,13.333333333333334,40.0,0.0024490959476679564,0.049726832658052444
P035_B25_p0550_d20,glossy,0.35,0.25,5.5,20.0,3.6363636363636362,0.0,8.842626994010061e-05,0.04989498108625412
P035_B25_p0550_d20,glossy,0.35,0.25,5.5,20.0,3.6363636363636362,-20.0,0.00010229735198663548,0.049891725182533264
P035_B25_p0550_d20,glossy,0.35,0.25,5.5,20.0,3.6363636363636362,-40.0,0.0003200132923666388,0.04988604784011841
P035_B25_p0550_d20,glossy,0.35,0.25,5.5,20.0,3.6363636363636362,20.0,0.00010154233314096928,0.049890756607055664
P035_B25_p0550_d20,glossy,0.35,0.25,5.5,20.0,3.6363636363636362,40.0,0.0003165577363688499,0.04988027364015579
P035_B25_p0550_d20,fresnel,0.35,0.25,5.5,20.0,3.6363636363636362,0.0,0.003929010592401028,0.04990154132246971
P035_B25_p0550_d20,fresnel,0.35,0.25,5.5,20.0,3.6363636363636362,-20.0,0.004234106279909611,0.04989975318312645
P035_B25_p0550_d20,fresnel,0.35,0.25,5.5,20.0,3.6363636363636362,-40.0,0.004509343765676022,0.04992044344544411
P035_B25_p0550_d20,fresnel,0.35,0.25,5.5,20.0,3.6363636363636362,20.0,0.0042506493628025055,0.04989910125732422
P035_B25_p0550_d20,fresnel,0.35,0.25,5.5,20.0,3.6363636363636362,40.0,0.004521391354501247,0.049915045499801636
P035_B25_p0550_d30,glossy,0.35,0.25,5.5,30.0,5.454545454545454,0.0,6.480704905698076e-05,0.04983515664935112
P035_B25_p0550_d30,glossy,0.35,0.25,5.5,30.0,5.454545454545454,-20.0,6.560116889886558e-05,0.049830563366413116
P035_B25_p0550_d30,glossy,0.35,0.25,5.5,30.0,5.454545454545454,-40.0,0.00010933938028756529,0.049819573760032654
P035_B25_p0550_d30,glossy,0.35,0.25,5.5,30.0,5.454545454545454,20.0,6.553169805556536e-05,0.049830272793769836
P035_B25_p0550_d30,glossy,0.35,0.25,5.5,30.0,5.454545454545454,40.0,0.00010580223170109093,0.04981856048107147
P035_B25_p0550_d30,fresnel,0.35,0.25,5.5,30.0,5.454545454545454,0.0,0.0027511350344866514,0.049846358597278595
P035_B25_p0550_d30,fresnel,0.35,0.25,5.5,30.0,5.454545454545454,-20.0,0.0028723629657179117,0.049843721091747284
P035_B25_p0550_d30,fresnel,0.35,0.25,5.5,30.0,5.454545454545454,-40.0,0.0034248321317136288,0.04987272992730141
P035_B25_p0550_d30,fresnel,0.35,0.25,5.5,30.0,5.454545454545454,20.0,0.002836408792063594,0.04984293505549431
P035_B25_p0550_d30,fresnel,0.35,0.25,5.5,30.0,5.454545454545454,40.0,0.003342015901580453,0.04987330362200737
P035_B25_p0550_d40,glossy,0.35,0.25,5.5,40.0,7.2727272727272725,0.0,5.6700766435824335e-05,0.04983947426080704
P035_B25_p0550_d40,glossy,0.35,0.25,5.5,40.0,7.2727272727272725,-20.0,5.467370283440687e-05,0.049824319779872894
P035_B25_p0550_d40,glossy,0.35,0.25,5.5,40.0,7.2727272727272725,-40.0,7.665358862141147e-05,0.049822259694337845
P035_B25_p0550_d40,glossy,0.35,0.25,5.5,40.0,7.2727272727272725,20.0,5.280081313685514e-05,0.04982666298747063
P035_B25_p0550_d40,glossy,0.35,0.25,5.5,40.0,7.2727272727272725,40.0,7.54031352698803e-05,0.04981624335050583
P035_B25_p0550_d40,fresnel,0.35,0.25,5.5,40.0,7.2727272727272725,0.0,0.0021869598422199488,0.049850381910800934
P035_B25_p0550_d40,fresnel,0.35,0.25,5.5,40.0,7.2727272727272725,-20.0,0.002323124324902892,0.04983728006482124
P035_B25_p0550_d40,fresnel,0.35,0.25,5.5,40.0,7.2727272727272725,-40.0,0.002870720811188221,0.04987214133143425
P035_B25_p0550_d40,fresnel,0.35,0.25,5.5,40.0,7.2727272727272725,20.0,0.0022660507820546627,0.049839507788419724
P035_B25_p0550_d40,fresnel,0.35,0.25,5.5,40.0,7.2727272727272725,40.0,0.0028801872394979,0.04987026005983353
P035_B25_p0550_d50,glossy,0.35,0.25,5.5,50.0,9.090909090909092,0.0,5.5535638239234686e-05,0.04982960969209671
P035_B25_p0550_d50,glossy,0.35,0.25,5.5,50.0,9.090909090909092,-20.0,5.0712063966784626e-05,0.049828264862298965
P035_B25_p0550_d50,glossy,0.35,0.25,5.5,50.0,9.090909090909092,-40.0,6.634980672970414e-05,0.04981689155101776
P035_B25_p0550_d50,glossy,0.35,0.25,5.5,50.0,9.090909090909092,20.0,4.9724818381946534e-05,0.04982936382293701
P035_B25_p0550_d50,glossy,0.35,0.25,5.5,50.0,9.090909090909092,40.0,6.394409138010815e-05,0.04982272535562515
P035_B25_p0550_d50,fresnel,0.35,0.25,5.5,50.0,9.090909090909092,0.0,0.0018329678568989038,0.04984170198440552
P035_B25_p0550_d50,fresnel,0.35,0.25,5.5,50.0,9.090909090909092,-20.0,0.001995265716686845,0.04984064772725105
P035_B25_p0550_d50,fresnel,0.35,0.25,5.5,50.0,9.090909090909092,-40.0,0.0026592824142426252,0.04987106844782829
P035_B25_p0550_d50,fresnel,0.35,0.25,5.5,50.0,9.090909090909092,20.0,0.0019913730211555958,0.04984135180711746
P035_B25_p0550_d50,fresnel,0.35,0.25,5.5,50.0,9.090909090909092,40.0,0.0025748517364263535,0.04987620934844017
P035_B25_p0750_d20,glossy,0.35,0.25,7.5,20.0,2.6666666666666665,0.0,0.0001306472549913451,0.049954116344451904
P035_B25_p0750_d20,glossy,0.35,0.25,7.5,20.0,2.6666666666666665,-20.0,0.00023141896235756576,0.04995159059762955
P035_B25_p0750_d20,glossy,0.35,0.25,7.5,20.0,2.6666666666666665,-40.0,0.001136312261223793,0.049952976405620575
P035_B25_p0750_d20,glossy,0.35,0.25,7.5,20.0,2.6666666666666665,20.0,0.0002273561549372971,0.049951113760471344
P035_B25_p0750_d20,glossy,0.35,0.25,7.5,20.0,2.6666666666666665,40.0,0.0010913301957771182,0.049953997135162354
P035_B25_p0750_d20,fresnel,0.35,0.25,7.5,20.0,2.6666666666666665,0.0,0.0057196952402591705,0.0499575138092041
P035_B25_p0750_d20,fresnel,0.35,0.25,7.5,20.0,2.6666666666666665,-20.0,0.006158435717225075,0.04995538666844368
P035_B25_p0750_d20,fresnel,0.35,0.25,7.5,20.0,2.6666666666666665,-40.0,0.007583239581435919,0.04996686801314354
P035_B25_p0750_d20,fresnel,0.35,0.25,7.5,20.0,2.6666666666666665,20.0,0.006107048597186804,0.049955010414123535
P035_B25_p0750_d20,fresnel,0.35,0.25,7.5,20.0,2.6666666666666665,40.0,0.007589186076074839,0.049967337399721146
P035_B25_p0750_d30,glossy,0.35,0.25,7.5,30.0,4.0,0.0,6.719025259371847e-05,0.0499085932970047
P035_B25_p0750_d30,glossy,0.35,0.25,7.5,30.0,4.0,-20.0,7.97641696408391e-05,0.04990359768271446
P035_B25_p0750_d30,glossy,0.35,0.25,7.5,30.0,4.0,-40.0,0.0002251880505355075,0.04990450292825699
P035_B25_p0750_d30,glossy,0.35,0.25,7.5,30.0,4.0,20.0,8.493877248838544e-05,0.049905356019735336
P035_B25_p0750_d30,glossy,0.35,0.25,7.5,30.0,4.0,40.0,0.00023617346596438438,0.04990372061729431
P035_B25_p0750_d30,fresnel,0.35,0.25,7.5,30.0,4.0,0.0,0.0035935749765485525,0.049915313720703125
P035_B25_p0750_d30,fresnel,0.35,0.25,7.5,30.0,4.0,-20.0,0.003864469239488244,0.04991091787815094
P035_B25_p0750_d30,fresnel,0.35,0.25,7.5,30.0,4.0,-40.0,0.004174477886408567,0.049932658672332764
P035_B25_p0750_d30,fresnel,0.35,0.25,7.5,30.0,4.0,20.0,0.004015388898551464,0.04991240054368973
P035_B25_p0750_d30,fresnel,0.35,0.25,7.5,30.0,4.0,40.0,0.004210624378174543,0.04993199184536934
P035_B25_p0750_d40,glossy,0.35,0.25,7.5,40.0,5.333333333333333,0.0,5.245839565759525e-05,0.04990745708346367
P035_B25_p0750_d40,glossy,0.35,0.25,7.5,40.0,5.333333333333333,-20.0,5.40728542546276e-05,0.04990725964307785
P035_B25_p0750_d40,glossy,0.35,0.25,7.5,40.0,5.333333333333333,-40.0,9.882668382488191e-05,0.04990389198064804
P035_B25_p0750_d40,glossy,0.35,0.25,7.5,40.0,5.333333333333333,20.0,5.1904822612414137e-05,0.04990707337856293
P035_B25_p0750_d40,glossy,0.35,0.25,7.5,40.0,5.333333333333333,40.0,9.77746894932352e-05,0.04990630969405174
P035_B25_p0750_d40,fresnel,0.35,0.25,7.5,40.0,5.333333333333333,0.0,0.0027010615449398756,0.049914076924324036
P035_B25_p0750_d40,fresnel,0.35,0.25,7.5,40.0,5.333333333333333,-20.0,0.0029233484528958797,0.04991430789232254
P035_B25_p0750_d40,fresnel,0.35,0.25,7.5,40.0,5.333333333333333,-40.0,0.0033591242972761393,0.049932774156332016
P035_B25_p0750_d40,fresnel,0.35,0.25,7.5,40.0,5.333333333333333,20.0,0.0028385003097355366,0.049913857132196426
P035_B25_p0750_d40,fresnel,0.35,0.25,7.5,40.0,5.333333333333333,40.0,0.0033429486211389303,0.04993458464741707
P035_B25_p0750_d50,glossy,0.35,0.25,7.5,50.0,6.666666666666667,0.0,4.6188506530597806e-05,0.049906082451343536
P035_B25_p0750_d50,glossy,0.35,0.25,7.5,50.0,6.666666666666667,-20.0,4.570429882733151e-05,0.04989209771156311
P035_B25_p0750_d50,glossy,0.35,0.25,7.5,50.0,6.666666666666667,-40.0,7.20493117114529e-05,0.0498957522213459
P035_B25_p0750_d50,glossy,0.35,0.25,7.5,50.0,6.666666666666667,20.0,4.458913826965727e-05,0.049890466034412384
P035_B25_p0750_d50,glossy,0.35,0.25,7.5,50.0,6.666666666666667,40.0,7.025144441286102e-05,0.049895163625478745
P035_B25_p0750_d50,fresnel,0.35,0.25,7.5,50.0,6.666666666666667,0.0,0.0023339949548244476,0.04991256445646286
P035_B25_p0750_d50,fresnel,0.35,0.25,7.5,50.0,6.666666666666667,-20.0,0.0024506428744643927,0.049899209290742874
P035_B25_p0750_d50,fresnel,0.35,0.25,7.5,50.0,6.666666666666667,-40.0,0.0029846993274986744,0.04992735758423805
P035_B25_p0750_d50,fresnel,0.35,0.25,7.5,50.0,6.666666666666667,20.0,0.0024289810098707676,0.04989831894636154
P035_B25_p0750_d50,fresnel,0.35,0.25,7.5,50.0,6.666666666666667,40.0,0.0029440904036164284,0.04992636293172836
P035_B25_p1100_d20,glossy,0.35,0.25,11.0,20.0,1.8181818181818181,0.0,0.0006990344845689833,0.0499701052904129
P035_B25_p1100_d20,glossy,0.35,0.25,11.0,20.0,1.8181818181818181,-20.0,0.0013907508691772819,0.04996679723262787
P035_B25_p1100_d20,glossy,0.35,0.25,11.0,20.0,1.8181818181818181,-40.0,0.0025631836615502834,0.049969032406806946
P035_B25_p1100_d20,glossy,0.35,0.25,11.0,20.0,1.8181818181818181,20.0,0.0013772568199783564,0.049967169761657715
P035_B25_p1100_d20,glossy,0.35,0.25,11.0,20.0,1.8181818181818181,40.0,0.0026548344176262617,0.0499681793153286
P035_B25_p1100_d20,fresnel,0.35,0.25,11.0,20.0,1.8181818181818181,0.0,0.015551713295280933,0.049972161650657654
P035_B25_p1100_d20,fresnel,0.35,0.25,11.0,20.0,1.8181818181818181,-20.0,0.01103206630796194,0.04996922239661217
P035_B25_p1100_d20,fresnel,0.35,0.25,11.0,20.0,1.8181818181818181,-40.0,0.012027163989841938,0.04997764527797699
P035_B25_p1100_d20,fresnel,0.35,0.25,11.0,20.0,1.8181818181818181,20.0,0.010703523643314838,0.049969591200351715
P035_B25_p1100_d20,fresnel,0.35,0.25,11.0,20.0,1.8181818181818181,40.0,0.011862969025969505,0.049977660179138184
P035_B25_p1100_d30,glossy,0.35,0.25,11.0,30.0,2.727272727272727,0.0,0.00012584810610860586,0.04994649440050125
P035_B25_p1100_d30,glossy,0.35,0.25,11.0,30.0,2.727272727272727,-20.0,0.00023133997456170619,0.04994712397456169
P035_B25_p1100_d30,glossy,0.35,0.25,11.0,30.0,2.727272727272727,-40.0,0.0011557444231584668,0.04994208365678787
P035_B25_p1100_d30,glossy,0.35,0.25,11.0,30.0,2.727272727272727,20.0,0.00020880829833913594,0.04994985833764076
P035_B25_p1100_d30,glossy,0.35,0.25,11.0,30.0,2.727272727272727,40.0,0.0011294446885585785,0.049943506717681885
P035_B25_p1100_d30,fresnel,0.35,0.25,11.0,30.0,2.727272727272727,0.0,0.005705500021576881,0.04995031654834747
P035_B25_p1100_d30,fresnel,0.35,0.25,11.0,30.0,2.727272727272727,-20.0,0.006224859040230513,0.04995104670524597
P035_B25_p1100_d30,fresnel,0.35,0.25,11.0,30.0,2.727272727272727,-40.0,0.007671973668038845,0.0499594509601593
P035_B25_p1100_d30,fresnel,0.35,0.25,11.0,30.0,2.727272727272727,20.0,0.005790781229734421,0.04995355382561684
P035_B25_p1100_d30,fresnel,0.35,0.25,11.0,30.0,2.727272727272727,40.0,0.007321842480450869,0.0499601773917675
P035_B25_p1100_d40,glossy,0.35,0.25,11.0,40.0,3.6363636363636362,0.0,7.130807352950796e-05,0.04995333403348923
P035_B25_p1100_d40,glossy,0.35,0.25,11.0,40.0,3.6363636363636362,-20.0,9.399301779922098e-05,0.04995132237672806
P035_B25_p1100_d40,glossy,0.35,0.25,11.0,40.0,3.6363636363636362,-40.0,0.00035384349757805467,0.04994847625494003
P035_B25_p1100_d40,glossy,0.35,0.25,11.0,40.0,3.6363636363636362,20.0,9.898041753331199e-05,0.04995178431272507
P035_B25_p1100_d40,glossy,0.35,0.25,11.0,40.0,3.6363636363636362,40.0,0.00037630661972798407,0.04994923248887062
P035_B25_p1100_d40,fresnel,0.35,0.25,11.0,40.0,3.6363636363636362,0.0,0.0042302426882088184,0.04995641112327576
P035_B25_p1100_d40,fresnel,0.35,0.25,11.0,40.0,3.6363636363636362,-20.0,0.004542198497802019,0.04995450749993324
P035_B25_p1100_d40,fresnel,0.35,0.25,11.0,40.0,3.6363636363636362,-40.0,0.004767487291246653,0.04996331036090851
P035_B25_p1100_d40,fresnel,0.35,0.25,11.0,40.0,3.6363636363636362,20.0,0.0046623628586530685,0.04995543137192726
P035_B25_p1100_d40,fresnel,0.35,0.25,11.0,40.0,3.6363636363636362,40.0,0.004799519665539265,0.04996294155716896
P035_B25_p1100_d50,glossy,0.35,0.25,11.0,50.0,4.545454545454546,0.0,5.269018583931029e-05,0.04995627701282501
P035_B25_p1100_d50,glossy,0.35,0.25,11.0,50.0,4.545454545454546,-20.0,6.227583071449772e-05,0.04995279386639595
P035_B25_p1100_d50,glossy,0.35,0.25,11.0,50.0,4.545454545454546,-40.0,0.0001429646508768201,0.0499517060816288
P035_B25_p1100_d50,glossy,0.35,0.25,11.0,50.0,4.545454545454546,20.0,6.116403528722003e-05,0.049951452761888504
P035_B25_p1100_d50,glossy,0.35,0.25,11.0,50.0,4.545454545454546,40.0,0.00014551695494446903,0.049951910972595215
P035_B25_p1100_d50,fresnel,0.35,0.25,11.0,50.0,4.545454545454546,0.0,0.0033130485098809004,0.049959152936935425
P035_B25_p1100_d50,fresnel,0.35,0.25,11.0,50.0,4.545454545454546,-20.0,0.0034135913010686636,0.049956124275922775
P035_B25_p1100_d50,fresnel,0.35,0.25,11.0,50.0,4.545454545454546,-40.0,0.0037522627972066402,0.049965668469667435
P035_B25_p1100_d50,fresnel,0.35,0.25,11.0,50.0,4.545454545454546,20.0,0.0033871368505060673,0.04995521157979965
P035_B25_p1100_d50,fresnel,0.35,0.25,11.0,50.0,4.545454545454546,40.0,0.0037647150456905365,0.04996591433882713
P035_B50_p0375_d20,glossy,0.35,0.5,3.75,20.0,5.333333333333333,0.0,9.170568228000775e-05,0.04978206753730774
P035_B50_p0375_d20,glossy,0.35,0.5,3.75,20.0,5.333333333333333,-20.0,9.901965677272528e-05,0.04976727068424225
P035_B50_p0375_d20,glossy,0.35,0.5,3.75,20.0,5.333333333333333,-40.0,0.00015136330330278724,0.049768995493650436
P035_B50_p0375_d20,glossy,0.35,0.5,3.75,20.0,5.333333333333333,20.0,9.769926691660658e-05,0.04976894333958626
P035_B50_p0375_d20,glossy,0.35,0.5,3.75,20.0,5.333333333333333,40.0,0.00015094623086042702,0.0497652031481266
P035_B50_p0375_d20,fresnel,0.35,0.5,3.75,20.0,5.333333333333333,0.0,0.003031214000657201,0.04979671537876129
P035_B50_p0375_d20,fresnel,0.35,0.5,3.75,20.0,5.333333333333333,-20.0,0.0031640350352972746,0.04978400096297264
P035_B50_p0375_d20,fresnel,0.35,0.5,3.75,20.0,5.333333333333333,-40.0,0.0037197114434093237,0.04983886331319809
P035_B50_p0375_d20,fresnel,0.35,0.5,3.75,20.0,5.333333333333333,20.0,0.003183528548106551,0.049785204231739044
P035_B50_p0375_d20,fresnel,0.35,0.5,3.75,20.0,5.333333333333333,40.0,0.0037518322933465242,0.04983702301979065
P035_B50_p0375_d30,glossy,0.35,0.5,3.75,30.0,8.0,0.0,8.263401832664385e-05,0.049641627818346024
P035_B50_p0375_d30,glossy,0.35,0.5,3.75,30.0,8.0,-20.0,7.976592314662412e-05,0.04960848018527031
P035_B50_p0375_d30,glossy,0.35,0.5,3.75,30.0,8.0,-40.0,0.00010164149716729298,0.049607664346694946
P035_B50_p0375_d30,glossy,0.35,0.5,3.75,30.0,8.0,20.0,7.992079190444201e-05,0.049618400633335114
P035_B50_p0375_d30,glossy,0.35,0.5,3.75,30.0,8.0,40.0,0.00010052911966340616,0.049614813178777695
P035_B50_p0375_d30,fresnel,0.35,0.5,3.75,30.0,8.0,0.0,0.002187035046517849,0.049666546285152435
P035_B50_p0375_d30,fresnel,0.35,0.5,3.75,30.0,8.0,-20.0,0.002267872914671898,0.049637846648693085
P035_B50_p0375_d30,fresnel,0.35,0.5,3.75,30.0,8.0,-40.0,0.002974864561110735,0.049723997712135315
P035_B50_p0375_d30,fresnel,0.35,0.5,3.75,30.0,8.0,20.0,0.0023031849414110184,0.049646854400634766
P035_B50_p0375_d30,fresnel,0.35,0.5,3.75,30.0,8.0,40.0,0.0029682652093470097,0.04973437264561653
P035_B50_p0375_d40,glossy,0.35,0.5,3.75,40.0,10.666666666666666,0.0,7.88798788562417e-05,0.04964824020862579
P035_B50_p0375_d40,glossy,0.35,0.5,3.75,40.0,10.666666666666666,-20.0,7.408425881294534e-05,0.04962492734193802
P035_B50_p0375_d40,glossy,0.35,0.5,3.75,40.0,10.666666666666666,-40.0,8.696073200553656e-05,0.04962094873189926
P035_B50_p0375_d40,glossy,0.35,0.5,3.75,40.0,10.666666666666666,20.0,7.315630500670522e-05,0.04961494728922844
P035_B50_p0375_d40,glossy,0.35,0.5,3.75,40.0,10.666666666666666,40.0,8.577479457017034e-05,0.04962731897830963
P035_B50_p0375_d40,fresnel,0.35,0.5,3.75,40.0,10.666666666666666,0.0,0.0017503619892522693,0.049672167748212814
P035_B50_p0375_d40,fresnel,0.35,0.5,3.75,40.0,10.666666666666666,-20.0,0.0019284457666799426,0.049652256071567535
P035_B50_p0375_d40,fresnel,0.35,0.5,3.75,40.0,10.666666666666666,-40.0,0.0026154855731874704,0.04973284900188446
P035_B50_p0375_d40,fresnel,0.35,0.5,3.75,40.0,10.666666666666666,20.0,0.0018910643411800265,0.04964273422956467
P035_B50_p0375_d40,fresnel,0.35,0.5,3.75,40.0,10.666666666666666,40.0,0.0026217433623969555,0.04973985254764557
P035_B50_p0375_d50,glossy,0.35,0.5,3.75,50.0,13.333333333333334,0.0,8.032783080125228e-05,0.04964536428451538
P035_B50_p0375_d50,glossy,0.35,0.5,3.75,50.0,13.333333333333334,-20.0,7.278480916284025e-05,0.049618881195783615
P035_B50_p0375_d50,glossy,0.35,0.5,3.75,50.0,13.333333333333334,-40.0,8.429141598753631e-05,0.04961787164211273
P035_B50_p0375_d50,glossy,0.35,0.5,3.75,50.0,13.333333333333334,20.0,7.203247514553368e-05,0.0496184378862381
P035_B50_p0375_d50,glossy,0.35,0.5,3.75,50.0,13.333333333333334,40.0,8.46848197397776e-05,0.04961644113063812
P035_B50_p0375_d50,fresnel,0.35,0.5,3.75,50.0,13.333333333333334,0.0,0.001527999876998365,0.04967057332396507
P035_B50_p0375_d50,fresnel,0.35,0.5,3.75,50.0,13.333333333333334,-20.0,0.0017324956133961678,0.04964696988463402
P035_B50_p0375_d50,fresnel,0.35,0.5,3.75,50.0,13.333333333333334,-40.0,0.002507214667275548,0.04972472041845322
P035_B50_p0375_d50,fresnel,0.35,0.5,3.75,50.0,13.333333333333334,20.0,0.001705098315142095,0.049646686762571335
P035_B50_p0375_d50,fresnel,0.35,0.5,3.75,50.0,13.333333333333334,40.0,0.002525629010051489,0.049726832658052444
P035_B50_p0550_d20,glossy,0.35,0.5,5.5,20.0,3.6363636363636362,0.0,9.59219760261476e-05,0.04989498108625412
P035_B50_p0550_d20,glossy,0.35,0.5,5.5,20.0,3.6363636363636362,-20.0,0.00012111115211155266,0.049891725182533264
P035_B50_p0550_d20,glossy,0.35,0.5,5.5,20.0,3.6363636363636362,-40.0,0.0004702568694483489,0.04988604784011841
P035_B50_p0550_d20,glossy,0.35,0.5,5.5,20.0,3.6363636363636362,20.0,0.00012024958414258435,0.049890756607055664
P035_B50_p0550_d20,glossy,0.35,0.5,5.5,20.0,3.6363636363636362,40.0,0.0004597782390192151,0.04988027364015579
P035_B50_p0550_d20,fresnel,0.35,0.5,5.5,20.0,3.6363636363636362,0.0,0.004365735687315464,0.04990154132246971
P035_B50_p0550_d20,fresnel,0.35,0.5,5.5,20.0,3.6363636363636362,-20.0,0.004813665524125099,0.04989975318312645
P035_B50_p0550_d20,fresnel,0.35,0.5,5.5,20.0,3.6363636363636362,-40.0,0.005049870349466801,0.04992044344544411
P035_B50_p0550_d20,fresnel,0.35,0.5,5.5,20.0,3.6363636363636362,20.0,0.004843904171139002,0.04989910125732422
P035_B50_p0550_d20,fresnel,0.35,0.5,5.5,20.0,3.6363636363636362,40.0,0.005065080244094133,0.049915045499801636
P035_B50_p0550_d30,glossy,0.35,0.5,5.5,30.0,5.454545454545454,0.0,6.711836613249034e-05,0.04983515664935112
P035_B50_p0550_d30,glossy,0.35,0.5,5.5,30.0,5.454545454545454,-20.0,6.944627966731787e-05,0.049830563366413116
P035_B50_p0550_d30,glossy,0.35,0.5,5.5,30.0,5.454545454545454,-40.0,0.00012671858712565154,0.049819573760032654
P035_B50_p0550_d30,glossy,0.35,0.5,5.5,30.0,5.454545454545454,20.0,7.067243132041767e-05,0.049830272793769836
P035_B50_p0550_d30,glossy,0.35,0.5,5.5,30.0,5.454545454545454,40.0,0.00012468965724110603,0.04981856048107147
P035_B50_p0550_d30,fresnel,0.35,0.5,5.5,30.0,5.454545454545454,0.0,0.00300408573821187,0.049846358597278595
P035_B50_p0550_d30,fresnel,0.35,0.5,5.5,30.0,5.454545454545454,-20.0,0.003112910781055689,0.049843721091747284
P035_B50_p0550_d30,fresnel,0.35,0.5,5.5,30.0,5.454545454545454,-40.0,0.003662694711238146,0.04987272992730141
P035_B50_p0550_d30,fresnel,0.35,0.5,5.5,30.0,5.454545454545454,20.0,0.003096643602475524,0.04984293505549431
P035_B50_p0550_d30,fresnel,0.35,0.5,5.5,30.0,5.454545454545454,40.0,0.0035901800729334354,0.04987330362200737
P035_B50_p0550_d40,glossy,0.35,0.5,5.5,40.0,7.2727272727272725,0.0,5.825786865898408e-05,0.04983947426080704
P035_B50_p0550_d40,glossy,0.35,0.5,5.5,40.0,7.2727272727272725,-20.0,5.762757427874021e-05,0.049824319779872894
P035_B50_p0550_d40,glossy,0.35,0.5,5.5,40.0,7.2727272727272725,-40.0,8.352617442142218e-05,0.049822524189949036
P035_B50_p0550_d40,glossy,0.35,0.5,5.5,40.0,7.2727272727272725,20.0,5.5179469200083986e-05,0.04982666298747063
P035_B50_p0550_d40,glossy,0.35,0.5,5.5,40.0,7.2727272727272725,40.0,8.25195966172032e-05,0.04981650039553642
P035_B50_p0550_d40,fresnel,0.35,0.5,5.5,40.0,7.2727272727272725,0.0,0.002365589840337634,0.049850381910800934
P035_B50_p0550_d40,fresnel,0.35,0.5,5.5,40.0,7.2727272727272725,-20.0,0.0024972031824290752,0.04983728006482124
P035_B50_p0550_d40,fresnel,0.35,0.5,5.5,40.0,7.2727272727272725,-40.0,0.0029870818834751844,0.049872398376464844
P035_B50_p0550_d40,fresnel,0.35,0.5,5.5,40.0,7.2727272727272725,20.0,0.002433677203953266,0.049839507788419724
P035_B50_p0550_d40,fresnel,0.35,0.5,5.5,40.0,7.2727272727272725,40.0,0.0030124448239803314,0.04987052083015442
P035_B50_p0550_d50,glossy,0.35,0.5,5.5,50.0,9.090909090909092,0.0,5.661360773956403e-05,0.04982941225171089
P035_B50_p0550_d50,glossy,0.35,0.5,5.5,50.0,9.090909090909092,-20.0,5.216780846239999e-05,0.049828264862298965
P035_B50_p0550_d50,glossy,0.35,0.5,5.5,50.0,9.090909090909092,-40.0,7.064834790071473e-05,0.04981689155101776
P035_B50_p0550_d50,glossy,0.35,0.5,5.5,50.0,9.090909090909092,20.0,5.105166565044783e-05,0.04982936382293701
P035_B50_p0550_d50,glossy,0.35,0.5,5.5,50.0,9.090909090909092,40.0,6.803561700507998e-05,0.04982272535562515
P035_B50_p0550_d50,fresnel,0.35,0.5,5.5,50.0,9.090909090909092,0.0,0.001983451656997204,0.0498415008187294
P035_B50_p0550_d50,fresnel,0.35,0.5,5.5,50.0,9.090909090909092,-20.0,0.002111932262778282,0.04984064772725105
P035_B50_p0550_d50,fresnel,0.35,0.5,5.5,50.0,9.090909090909092,-40.0,0.0027638180181384087,0.04987106844782829
P035_B50_p0550_d50,fresnel,0.35,0.5,5.5,50.0,9.090909090909092,20.0,0.002105485647916794,0.04984135180711746
P035_B50_p0550_d50,fresnel,0.35,0.5,5.5,50.0,9.090909090909092,40.0,0.002707933308556676,0.04987620934844017
P035_B50_p0750_d20,glossy,0.35,0.5,7.5,20.0,2.6666666666666665,0.0,0.00016733416123315692,0.049954116344451904
P035_B50_p0750_d20,glossy,0.35,0.5,7.5,20.0,2.6666666666666665,-20.0,0.00035289672086946666,0.04995159059762955
P035_B50_p0750_d20,glossy,0.35,0.5,7.5,20.0,2.6666666666666665,-40.0,0.0014746002852916718,0.049952976405620575
P035_B50_p0750_d20,glossy,0.35,0.5,7.5,20.0,2.6666666666666665,20.0,0.00034491653786972165,0.049951113760471344
P035_B50_p0750_d20,glossy,0.35,0.5,7.5,20.0,2.6666666666666665,40.0,0.0014305311487987638,0.049953997135162354
P035_B50_p0750_d20,fresnel,0.35,0.5,7.5,20.0,2.6666666666666665,0.0,0.006722945254296064,0.0499575138092041
P035_B50_p0750_d20,fresnel,0.35,0.5,7.5,20.0,2.6666666666666665,-20.0,0.006740348879247904,0.04995538666844368
P035_B50_p0750_d20,fresnel,0.35,0.5,7.5,20.0,2.6666666666666665,-40.0,0.007648082450032234,0.04996686801314354
P035_B50_p0750_d20,fresnel,0.35,0.5,7.5,20.0,2.6666666666666665,20.0,0.006704165134578943,0.049955010414123535
P035_B50_p0750_d20,fresnel,0.35,0.5,7.5,20.0,2.6666666666666665,40.0,0.007667106576263905,0.049967337399721146
P035_B50_p0750_d30,glossy,0.35,0.5,7.5,30.0,4.0,0.0,7.307803753064945e-05,0.0499085932970047
P035_B50_p0750_d30,glossy,0.35,0.5,7.5,30.0,4.0,-20.0,9.399235568707809e-05,0.04990380257368088
P035_B50_p0750_d30,glossy,0.35,0.5,7.5,30.0,4.0,-40.0,0.00032173559884540737,0.04990450292825699
P035_B50_p0750_d30,glossy,0.35,0.5,7.5,30.0,4.0,20.0,9.878714627120644e-05,0.04990514740347862
P035_B50_p0750_d30,glossy,0.35,0.5,7.5,30.0,4.0,40.0,0.00033862702548503876,0.04990372061729431
P035_B50_p0750_d30,fresnel,0.35,0.5,7.5,30.0,4.0,0.0,0.003956862725317478,0.049915313720703125
P035_B50_p0750_d30,fresnel,0.35,0.5,7.5,30.0,4.0,-20.0,0.004348756279796362,0.049911122769117355
P035_B50_p0750_d30,fresnel,0.35,0.5,7.5,30.0,4.0,-40.0,0.0045936694368720055,0.049932658672332764
P035_B50_p0750_d30,fresnel,0.35,0.5,7.5,30.0,4.0,20.0,0.004487478174269199,0.049912191927433014
P035_B50_p0750_d30,fresnel,0.35,0.5,7.5,30.0,4.0,40.0,0.004632912576198578,0.04993199184536934
P035_B50_p0750_d40,glossy,0.35,0.5,7.5,40.0,5.333333333333333,0.0,5.415048508439213e-05,0.04990765452384949
P035_B50_p0750_d40,glossy,0.35,0.5,7.5,40.0,5.333333333333333,-20.0,5.972375947749242e-05,0.049907054752111435
P035_B50_p0750_d40,glossy,0.35,0.5,7.5,40.0,5.333333333333333,-40.0,0.00012152730050729588,0.04990389198064804
P035_B50_p0750_d40,glossy,0.35,0.5,7.5,40.0,5.333333333333333,20.0,5.820200385642238e-05,0.04990707337856293
P035_B50_p0750_d40,glossy,0.35,0.5,7.5,40.0,5.333333333333333,40.0,0.00011772083962569013,0.04990630969405174
P035_B50_p0750_d40,fresnel,0.35,0.5,7.5,40.0,5.333333333333333,0.0,0.0029504720587283373,0.049914274364709854
P035_B50_p0750_d40,fresnel,0.35,0.5,7.5,40.0,5.333333333333333,-20.0,0.003174867480993271,0.049914099276065826
P035_B50_p0750_d40,fresnel,0.35,0.5,7.5,40.0,5.333333333333333,-40.0,0.0036586830392479897,0.04993279278278351
P035_B50_p0750_d40,fresnel,0.35,0.5,7.5,40.0,5.333333333333333,20.0,0.0031179157085716724,0.049913857132196426
P035_B50_p0750_d40,fresnel,0.35,0.5,7.5,40.0,5.333333333333333,40.0,0.0036090179346501827,0.04993458464741707
P035_B50_p0750_d50,glossy,0.35,0.5,7.5,50.0,6.666666666666667,0.0,4.8157675337279215e-05,0.049906082451343536
P035_B50_p0750_d50,glossy,0.35,0.5,7.5,50.0,6.666666666666667,-20.0,4.905333116766997e-05,0.04989209771156311
P035_B50_p0750_d50,glossy,0.35,0.5,7.5,50.0,6.666666666666667,-40.0,8.088442700682208e-05,0.0498957522213459
P035_B50_p0750_d50,glossy,0.35,0.5,7.5,50.0,6.666666666666667,20.0,4.7920355427777395e-05,0.049890466034412384
P035_B50_p0750_d50,glossy,0.35,0.5,7.5,50.0,6.666666666666667,40.0,7.822766929166391e-05,0.049895163625478745
P035_B50_p0750_d50,fresnel,0.35,0.5,7.5,50.0,6.666666666666667,0.0,0.002533983439207077,0.04991256445646286
P035_B50_p0750_d50,fresnel,0.35,0.5,7.5,50.0,6.666666666666667,-20.0,0.002626943401992321,0.049899209290742874
P035_B50_p0750_d50,fresnel,0.35,0.5,7.5,50.0,6.666666666666667,-40.0,0.003143299138173461,0.04992735758423805
P035_B50_p0750_d50,fresnel,0.35,0.5,7.5,50.0,6.666666666666667,20.0,0.002613405929878354,0.04989831894636154
P035_B50_p0750_d50,fresnel,0.35,0.5,7.5,50.0,6.666666666666667,40.0,0.003092911560088396,0.04992636293172836
P035_B50_p1100_d20,glossy,0.35,0.5,11.0,20.0,1.8181818181818181,0.0,0.0012439643032848835,0.0499701052904129
P035_B50_p1100_d20,glossy,0.35,0.5,11.0,20.0,1.8181818181818181,-20.0,0.0018541245954111218,0.04996679723262787
P035_B50_p1100_d20,glossy,0.35,0.5,11.0,20.0,1.8181818181818181,-40.0,0.0028887856751680374,0.049969032406806946
P035_B50_p1100_d20,glossy,0.35,0.5,11.0,20.0,1.8181818181818181,20.0,0.0018271259032189846,0.049967169761657715
P035_B50_p1100_d20,glossy,0.35,0.5,11.0,20.0,1.8181818181818181,40.0,0.0029738149605691433,0.0499681793153286
P035_B50_p1100_d20,fresnel,0.35,0.5,11.0,20.0,1.8181818181818181,0.0,0.022722309455275536,0.049972161650657654
P035_B50_p1100_d20,fresnel,0.35,0.5,11.0,20.0,1.8181818181818181,-20.0,0.01211496815085411,0.04996922239661217
P035_B50_p1100_d20,fresnel,0.35,0.5,11.0,20.0,1.8181818181818181,-40.0,0.014353725127875805,0.04997764527797699
P035_B50_p1100_d20,fresnel,0.35,0.5,11.0,20.0,1.8181818181818181,20.0,0.011637585237622261,0.049969591200351715
P035_B50_p1100_d20,fresnel,0.35,0.5,11.0,20.0,1.8181818181818181,40.0,0.014059898443520069,0.049977660179138184
P035_B50_p1100_d30,glossy,0.35,0.5,11.0,30.0,2.727272727272727,0.0,0.0001602721749804914,0.04994649440050125
P035_B50_p1100_d30,glossy,0.35,0.5,11.0,30.0,2.727272727272727,-20.0,0.00035703383036889136,0.04994732886552811
P035_B50_p1100_d30,glossy,0.35,0.5,11.0,30.0,2.727272727272727,-40.0,0.0015068294014781713,0.04994208365678787
P035_B50_p1100_d30,glossy,0.35,0.5,11.0,30.0,2.727272727272727,20.0,0.0003206796827726066,0.04995006322860718
P035_B50_p1100_d30,glossy,0.35,0.5,11.0,30.0,2.727272727272727,40.0,0.0014801288489252329,0.049943506717681885
P035_B50_p1100_d30,fresnel,0.35,0.5,11.0,30.0,2.727272727272727,0.0,0.0066950879991054535,0.04995031654834747
P035_B50_p1100_d30,fresnel,0.35,0.5,11.0,30.0,2.727272727272727,-20.0,0.006821600254625082,0.049951255321502686
P035_B50_p1100_d30,fresnel,0.35,0.5,11.0,30.0,2.727272727272727,-40.0,0.0076822806149721146,0.0499594509601593
P035_B50_p1100_d30,fresnel,0.35,0.5,11.0,30.0,2.727272727272727,20.0,0.006429245229810476,0.04995376616716385
P035_B50_p1100_d30,fresnel,0.35,0.5,11.0,30.0,2.727272727272727,40.0,0.0072911581955850124,0.0499601773917675
P035_B50_p1100_d40,glossy,0.35,0.5,11.0,40.0,3.6363636363636362,0.0,8.240998431574553e-05,0.04995333403348923
P035_B50_p1100_d40,glossy,0.35,0.5,11.0,40.0,3.6363636363636362,-20.0,0.00011630113294813782,0.04995132237672806
P035_B50_p1100_d40,glossy,0.35,0.5,11.0,40.0,3.6363636363636362,-40.0,0.0005276575684547424,0.04994847625494003
P035_B50_p1100_d40,glossy,0.35,0.5,11.0,40.0,3.6363636363636362,20.0,0.00012088452785974368,0.04995178431272507
P035_B50_p1100_d40,glossy,0.35,0.5,11.0,40.0,3.6363636363636362,40.0,0.0005612693494185805,0.04994923248887062
P035_B50_p1100_d40,fresnel,0.35,0.5,11.0,40.0,3.6363636363636362,0.0,0.004669124726206064,0.04995641112327576
P035_B50_p1100_d40,fresnel,0.35,0.5,11.0,40.0,3.6363636363636362,-20.0,0.005153875797986984,0.04995450749993324
P035_B50_p1100_d40,fresnel,0.35,0.5,11.0,40.0,3.6363636363636362,-40.0,0.005350107327103615,0.04996331036090851
P035_B50_p1100_d40,fresnel,0.35,0.5,11.0,40.0,3.6363636363636362,20.0,0.005282992031425238,0.04995543137192726
P035_B50_p1100_d40,fresnel,0.35,0.5,11.0,40.0,3.6363636363636362,40.0,0.005388937424868345,0.04996294155716896
P035_B50_p1100_d50,glossy,0.35,0.5,11.0,50.0,4.545454545454546,0.0,5.729943950427696e-05,0.04995627701282501
P035_B50_p1100_d50,glossy,0.35,0.5,11.0,50.0,4.545454545454546,-20.0,7.163446571212262e-05,0.04995279386639595
P035_B50_p1100_d50,glossy,0.35,0.5,11.0,50.0,4.545454545454546,-40.0,0.00019061107013840228,0.0499517060816288
P035_B50_p1100_d50,glossy,0.35,0.5,11.0,50.0,4.545454545454546,20.0,7.060853386064991e-05,0.049951452761888504
P035_B50_p1100_d50,glossy,0.35,0.5,11.0,50.0,4.545454545454546,40.0,0.00019265642913524061,0.049951910972595215
P035_B50_p1100_d50,fresnel,0.35,0.5,11.0,50.0,4.545454545454546,0.0,0.0036235470324754715,0.049959152936935425
P035_B50_p1100_d50,fresnel,0.35,0.5,11.0,50.0,4.545454545454546,-20.0,0.003802131861448288,0.049956124275922775
P035_B50_p1100_d50,fresnel,0.35,0.5,11.0,50.0,4.545454545454546,-40.0,0.004002375528216362,0.049965668469667435
P035_B50_p1100_d50,fresnel,0.35,0.5,11.0,50.0,4.545454545454546,20.0,0.0037633886095136404,0.04995521157979965
P035_B50_p1100_d50,fresnel,0.35,0.5,11.0,50.0,4.545454545454546,40.0,0.004002959467470646,0.04996591433882713
P050_B00_p0375_d20,glossy,0.5,0.0,3.75,20.0,5.333333333333333,0.0,8.446355059277266e-05,0.04978206753730774
P050_B00_p0375_d20,glossy,0.5,0.0,3.75,20.0,5.333333333333333,-20.0,8.376572804991156e-05,0.04976747930049896
P050_B00_p0375_d20,glossy,0.5,0.0,3.75,20.0,5.333333333333333,-40.0,0.00010232377098873258,0.049768995493650436
P050_B00_p0375_d20,glossy,0.5,0.0,3.75,20.0,5.333333333333333,20.0,8.356761827599257e-05,0.04976915568113327
P050_B00_p0375_d20,glossy,0.5,0.0,3.75,20.0,5.333333333333333,40.0,0.00010409642709419131,0.04976517707109451
P050_B00_p0375_d20,fresnel,0.5,0.0,3.75,20.0,5.333333333333333,0.0,0.0022078740876168013,0.04979671537876129
P050_B00_p0375_d20,fresnel,0.5,0.0,3.75,20.0,5.333333333333333,-20.0,0.0023429151624441147,0.049784205853939056
P050_B00_p0375_d20,fresnel,0.5,0.0,3.75,20.0,5.333333333333333,-40.0,0.0029750841204077005,0.04983886331319809
P050_B00_p0375_d20,fresnel,0.5,0.0,3.75,20.0,5.333333333333333,20.0,0.0023378990590572357,0.04978541284799576
P050_B00_p0375_d20,fresnel,0.5,0.0,3.75,20.0,5.333333333333333,40.0,0.0029924632981419563,0.0498369075357914
P050_B00_p0375_d30,glossy,0.5,0.0,3.75,30.0,8.0,0.0,7.927798287710175e-05,0.049641627818346024
P050_B00_p0375_d30,glossy,0.5,0.0,3.75,30.0,8.0,-20.0,7.335671398323029e-05,0.04960848018527031
P050_B00_p0375_d30,glossy,0.5,0.0,3.75,30.0,8.0,-40.0,8.563855953980237e-05,0.04960740730166435
P050_B00_p0375_d30,glossy,0.5,0.0,3.75,30.0,8.0,20.0,7.313455716939643e-05,0.04961860552430153
P050_B00_p0375_d30,glossy,0.5,0.0,3.75,30.0,8.0,40.0,8.638000872451812e-05,0.0496145598590374
P050_B00_p0375_d30,fresnel,0.5,0.0,3.75,30.0,8.0,0.0,0.0016257980605587363,0.049666546285152435
P050_B00_p0375_d30,fresnel,0.5,0.0,3.75,30.0,8.0,-20.0,0.0018128108931705356,0.049637846648693085
P050_B00_p0375_d30,fresnel,0.5,0.0,3.75,30.0,8.0,-40.0,0.0025764666497707367,0.049723733216524124
P050_B00_p0375_d30,fresnel,0.5,0.0,3.75,30.0,8.0,20.0,0.0018415619852021337,0.04964705929160118
P050_B00_p0375_d30,fresnel,0.5,0.0,3.75,30.0,8.0,40.0,0.0026346477679908276,0.049734119325876236
P050_B00_p0375_d40,glossy,0.5,0.0,3.75,40.0,10.666666666666666,0.0,7.698764966335148e-05,0.04964824020862579
P050_B00_p0375_d40,glossy,0.5,0.0,3.75,40.0,10.666666666666666,-20.0,6.992419366724789e-05,0.049624718725681305
P050_B00_p0375_d40,glossy,0.5,0.0,3.75,40.0,10.666666666666666,-40.0,7.851742702769116e-05,0.049621205776929855
P050_B00_p0375_d40,glossy,0.5,0.0,3.75,40.0,10.666666666666666,20.0,6.848479097243398e-05,0.04961492493748665
P050_B00_p0375_d40,glossy,0.5,0.0,3.75,40.0,10.666666666666666,40.0,7.776533311698586e-05,0.04962731897830963
P050_B00_p0375_d40,fresnel,0.5,0.0,3.75,40.0,10.666666666666666,0.0,0.001334234606474638,0.049672167748212814
P050_B00_p0375_d40,fresnel,0.5,0.0,3.75,40.0,10.666666666666666,-20.0,0.0015943364705890417,0.04965205118060112
P050_B00_p0375_d40,fresnel,0.5,0.0,3.75,40.0,10.666666666666666,-40.0,0.0023298452142626047,0.04973310977220535
P050_B00_p0375_d40,fresnel,0.5,0.0,3.75,40.0,10.666666666666666,20.0,0.0015914490213617682,0.049642689526081085
P050_B00_p0375_d40,fresnel,0.5,0.0,3.75,40.0,10.666666666666666,40.0,0.002331267111003399,0.04973985254764557
P050_B00_p0375_d50,glossy,0.5,0.0,3.75,50.0,13.333333333333334,0.0,7.785729394527152e-05,0.04964536428451538
P050_B00_p0375_d50,glossy,0.5,0.0,3.75,50.0,13.333333333333334,-20.0,7.059825293254107e-05,0.049618881195783615
P050_B00_p0375_d50,glossy,0.5,0.0,3.75,50.0,13.333333333333334,-40.0,7.88733086665161e-05,0.049618132412433624
P050_B00_p0375_d50,glossy,0.5,0.0,3.75,50.0,13.333333333333334,20.0,6.924535409780219e-05,0.04961864650249481
P050_B00_p0375_d50,glossy,0.5,0.0,3.75,50.0,13.333333333333334,40.0,7.825006468920037e-05,0.04961644113063812
P050_B00_p0375_d50,fresnel,0.5,0.0,3.75,50.0,13.333333333333334,0.0,0.0011891850735992193,0.04967057332396507
P050_B00_p0375_d50,fresnel,0.5,0.0,3.75,50.0,13.333333333333334,-20.0,0.0014873100444674492,0.04964696988463402
P050_B00_p0375_d50,fresnel,0.5,0.0,3.75,50.0,13.333333333333334,-40.0,0.002227861899882555,0.04972498491406441
P050_B00_p0375_d50,fresnel,0.5,0.0,3.75,50.0,13.333333333333334,20.0,0.0014660835731774569,0.04964689910411835
P050_B00_p0375_d50,fresnel,0.5,0.0,3.75,50.0,13.333333333333334,40.0,0.0022145824041217566,0.049726832658052444
P050_B00_p0550_d20,glossy,0.5,0.0,5.5,20.0,3.6363636363636362,0.0,7.761354208923876e-05,0.04989498108625412
P050_B00_p0550_d20,glossy,0.5,0.0,5.5,20.0,3.6363636363636362,-20.0,7.042139623081312e-05,0.049891725182533264
P050_B00_p0550_d20,glossy,0.5,0.0,5.5,20.0,3.6363636363636362,-40.0,0.00013513403246179223,0.049885548651218414
P050_B00_p0550_d20,glossy,0.5,0.0,5.5,20.0,3.6363636363636362,20.0,7.107977580744773e-05,0.049890756607055664
P050_B00_p0550_d20,glossy,0.5,0.0,5.5,20.0,3.6363636363636362,40.0,0.0001341464085271582,0.04988027364015579
P050_B00_p0550_d20,fresnel,0.5,0.0,5.5,20.0,3.6363636363636362,0.0,0.002929732436314225,0.04990154132246971
P050_B00_p0550_d20,fresnel,0.5,0.0,5.5,20.0,3.6363636363636362,-20.0,0.0030114902183413506,0.04989975318312645
P050_B00_p0550_d20,fresnel,0.5,0.0,5.5,20.0,3.6363636363636362,-40.0,0.0036769164726138115,0.04991992190480232
P050_B00_p0550_d20,fresnel,0.5,0.0,5.5,20.0,3.6363636363636362,20.0,0.0030399435199797153,0.04989910125732422
P050_B00_p0550_d20,fresnel,0.5,0.0,5.5,20.0,3.6363636363636362,40.0,0.0036466517485678196,0.049915045499801636
P050_B00_p0550_d30,glossy,0.5,0.0,5.5,30.0,5.454545454545454,0.0,6.106058572186157e-05,0.04983515664935112
P050_B00_p0550_d30,glossy,0.5,0.0,5.5,30.0,5.454545454545454,-20.0,5.607753701042384e-05,0.04983077198266983
P050_B00_p0550_d30,glossy,0.5,0.0,5.5,30.0,5.454545454545454,-40.0,7.857343734940514e-05,0.049819573760032654
P050_B00_p0550_d30,glossy,0.5,0.0,5.5,30.0,5.454545454545454,20.0,5.40530018042773e-05,0.049830272793769836
P050_B00_p0550_d30,glossy,0.5,0.0,5.5,30.0,5.454545454545454,40.0,7.775598351145163e-05,0.04981856048107147
P050_B00_p0550_d30,fresnel,0.5,0.0,5.5,30.0,5.454545454545454,0.0,0.0021293219178915024,0.049846358597278595
P050_B00_p0550_d30,fresnel,0.5,0.0,5.5,30.0,5.454545454545454,-20.0,0.00228630262427032,0.049843929708004
P050_B00_p0550_d30,fresnel,0.5,0.0,5.5,30.0,5.454545454545454,-40.0,0.002930347342044115,0.04987272992730141
P050_B00_p0550_d30,fresnel,0.5,0.0,5.5,30.0,5.454545454545454,20.0,0.002213606843724847,0.04984293505549431
P050_B00_p0550_d30,fresnel,0.5,0.0,5.5,30.0,5.454545454545454,40.0,0.002859195228666067,0.04987330362200737
P050_B00_p0550_d40,glossy,0.5,0.0,5.5,40.0,7.2727272727272725,0.0,5.3933621529722586e-05,0.04983947426080704
P050_B00_p0550_d40,glossy,0.5,0.0,5.5,40.0,7.2727272727272725,-20.0,4.9264072004007176e-05,0.049824319779872894
P050_B00_p0550_d40,glossy,0.5,0.0,5.5,40.0,7.2727272727272725,-40.0,6.387675239238888e-05,0.049822524189949036
P050_B00_p0550_d40,glossy,0.5,0.0,5.5,40.0,7.2727272727272725,20.0,4.715332397609018e-05,0.04982666298747063
P050_B00_p0550_d40,glossy,0.5,0.0,5.5,40.0,7.2727272727272725,40.0,6.156120070954785e-05,0.04981624335050583
P050_B00_p0550_d40,fresnel,0.5,0.0,5.5,40.0,7.2727272727272725,0.0,0.0017353249713778496,0.049850381910800934
P050_B00_p0550_d40,fresnel,0.5,0.0,5.5,40.0,7.2727272727272725,-20.0,0.0019432336557656527,0.04983728006482124
P050_B00_p0550_d40,fresnel,0.5,0.0,5.5,40.0,7.2727272727272725,-40.0,0.0025772207882255316,0.049872398376464844
P050_B00_p0550_d40,fresnel,0.5,0.0,5.5,40.0,7.2727272727272725,20.0,0.0018797480734065175,0.049839507788419724
P050_B00_p0550_d40,fresnel,0.5,0.0,5.5,40.0,7.2727272727272725,40.0,0.002562390873208642,0.04987026005983353
