tag,topology,process,feature,seed,diffuse_frac,pitch,depth,aspect,exposed_est,theta,rho,control,params_json
CB_p0317_f040_x10_s23,comb,expanded foil,0.04,23,d00,3.17,50.0,15.772870662460567,0.03364879074658255,0.0,0.0007658909889869392,0.04999997094273567,"{""backing"": 2.0, ""comb_expand"": 1.0, ""depth"": 50.0, ""face_h"": 60.0, ""face_w"": 60.0, ""jitter"": 0.0, ""margin_depths"": 2.0, ""pitch"": 3.17, ""seed"": 23, ""topology"": ""comb"", ""wall_bot"": 0.04, ""wall_top"": 0.04}"
CB_p0317_f040_x10_s23,comb,expanded foil,0.04,23,d00,3.17,50.0,15.772870662460567,0.03364879074658255,-20.0,0.000587791611906141,0.04999997094273567,"{""backing"": 2.0, ""comb_expand"": 1.0, ""depth"": 50.0, ""face_h"": 60.0, ""face_w"": 60.0, ""jitter"": 0.0, ""margin_depths"": 2.0, ""pitch"": 3.17, ""seed"": 23, ""topology"": ""comb"", ""wall_bot"": 0.04, ""wall_top"": 0.04}"
CB_p0317_f040_x10_s23,comb,expanded foil,0.04,23,d00,3.17,50.0,15.772870662460567,0.03364879074658255,-40.0,0.0005872095352970064,0.04999997094273567,"{""backing"": 2.0, ""comb_expand"": 1.0, ""depth"": 50.0, ""face_h"": 60.0, ""face_w"": 60.0, ""jitter"": 0.0, ""margin_depths"": 2.0, ""pitch"": 3.17, ""seed"": 23, ""topology"": ""comb"", ""wall_bot"": 0.04, ""wall_top"": 0.04}"
CB_p0317_f040_x10_s23,comb,expanded foil,0.04,23,d00,3.17,50.0,15.772870662460567,0.03364879074658255,20.0,0.0005806054687127471,0.04999997094273567,"{""backing"": 2.0, ""comb_expand"": 1.0, ""depth"": 50.0, ""face_h"": 60.0, ""face_w"": 60.0, ""jitter"": 0.0, ""margin_depths"": 2.0, ""pitch"": 3.17, ""seed"": 23, ""topology"": ""comb"", ""wall_bot"": 0.04, ""wall_top"": 0.04}"
CB_p0317_f040_x10_s23,comb,expanded foil,0.04,23,d00,3.17,50.0,15.772870662460567,0.03364879074658255,40.0,0.0005906034493818879,0.04999997094273567,"{""backing"": 2.0, ""comb_expand"": 1.0, ""depth"": 50.0, ""face_h"": 60.0, ""face_w"": 60.0, ""jitter"": 0.0, ""margin_depths"": 2.0, ""pitch"": 3.17, ""seed"": 23, ""topology"": ""comb"", ""wall_bot"": 0.04, ""wall_top"": 0.04}"
CB_p0317_f040_x10_s23,comb,expanded foil,0.04,23,d76,3.17,50.0,15.772870662460567,0.03364879074658255,0.0,0.000525982934050262,0.04999997094273567,"{""backing"": 2.0, ""comb_expand"": 1.0, ""depth"": 50.0, ""face_h"": 60.0, ""face_w"": 60.0, ""jitter"": 0.0, ""margin_depths"": 2.0, ""pitch"": 3.17, ""seed"": 23, ""topology"": ""comb"", ""wall_bot"": 0.04, ""wall_top"": 0.04}"
CB_p0317_f040_x10_s23,comb,expanded foil,0.04,23,d76,3.17,50.0,15.772870662460567,0.03364879074658255,-20.0,0.0011528019094839692,0.04999997094273567,"{""backing"": 2.0, ""comb_expand"": 1.0, ""depth"": 50.0, ""face_h"": 60.0, ""face_w"": 60.0, ""jitter"": 0.0, ""margin_depths"": 2.0, ""pitch"": 3.17, ""seed"": 23, ""topology"": ""comb"", ""wall_bot"": 0.04, ""wall_top"": 0.04}"
CB_p0317_f040_x10_s23,comb,expanded foil,0.04,23,d76,3.17,50.0,15.772870662460567,0.03364879074658255,-40.0,0.0018266118131577969,0.04999997094273567,"{""backing"": 2.0, ""comb_expand"": 1.0, ""depth"": 50.0, ""face_h"": 60.0, ""face_w"": 60.0, ""jitter"": 0.0, ""margin_depths"": 2.0, ""pitch"": 3.17, ""seed"": 23, ""topology"": ""comb"", ""wall_bot"": 0.04, ""wall_top"": 0.04}"
CB_p0317_f040_x10_s23,comb,expanded foil,0.04,23,d76,3.17,50.0,15.772870662460567,0.03364879074658255,20.0,0.0011608334025368094,0.04999997094273567,"{""backing"": 2.0, ""comb_expand"": 1.0, ""depth"": 50.0, ""face_h"": 60.0, ""face_w"": 60.0, ""jitter"": 0.0, ""margin_depths"": 2.0, ""pitch"": 3.17, ""seed"": 23, ""topology"": ""comb"", ""wall_bot"": 0.04, ""wall_top"": 0.04}"
CB_p0317_f040_x10_s23,comb,expanded foil,0.04,23,d76,3.17,50.0,15.772870662460567,0.03364879074658255,40.0,0.0018213832518085837,0.04999997094273567,"{""backing"": 2.0, ""comb_expand"": 1.0, ""depth"": 50.0, ""face_h"": 60.0, ""face_w"": 60.0, ""jitter"": 0.0, ""margin_depths"": 2.0, ""pitch"": 3.17, ""seed"": 23, ""topology"": ""comb"", ""wall_bot"": 0.04, ""wall_top"": 0.04}"
CB_p0317_f040_x10_s23,comb,expanded foil,0.04,23,d100,3.17,50.0,15.772870662460567,0.03364879074658255,0.0,0.0004623024142347276,0.04999997094273567,"{""backing"": 2.0, ""comb_expand"": 1.0, ""depth"": 50.0, ""face_h"": 60.0, ""face_w"": 60.0, ""jitter"": 0.0, ""margin_depths"": 2.0, ""pitch"": 3.17, ""seed"": 23, ""topology"": ""comb"", ""wall_bot"": 0.04, ""wall_top"": 0.04}"
CB_p0317_f040_x10_s23,comb,expanded foil,0.04,23,d100,3.17,50.0,15.772870662460567,0.03364879074658255,-20.0,0.0013417787849903107,0.04999997094273567,"{""backing"": 2.0, ""comb_expand"": 1.0, ""depth"": 50.0, ""face_h"": 60.0, ""face_w"": 60.0, ""jitter"": 0.0, ""margin_depths"": 2.0, ""pitch"": 3.17, ""seed"": 23, ""topology"": ""comb"", ""wall_bot"": 0.04, ""wall_top"": 0.04}"
CB_p0317_f040_x10_s23,comb,expanded foil,0.04,23,d100,3.17,50.0,15.772870662460567,0.03364879074658255,-40.0,0.0022312498185783625,0.04999997094273567,"{""backing"": 2.0, ""comb_expand"": 1.0, ""depth"": 50.0, ""face_h"": 60.0, ""face_w"": 60.0, ""jitter"": 0.0, ""margin_depths"": 2.0, ""pitch"": 3.17, ""seed"": 23, ""topology"": ""comb"", ""wall_bot"": 0.04, ""wall_top"": 0.04}"
CB_p0317_f040_x10_s23,comb,expanded foil,0.04,23,d100,3.17,50.0,15.772870662460567,0.03364879074658255,20.0,0.0013655511429533362,0.04999997094273567,"{""backing"": 2.0, ""comb_expand"": 1.0, ""depth"": 50.0, ""face_h"": 60.0, ""face_w"": 60.0, ""jitter"": 0.0, ""margin_depths"": 2.0, ""pitch"": 3.17, ""seed"": 23, ""topology"": ""comb"", ""wall_bot"": 0.04, ""wall_top"": 0.04}"
CB_p0317_f040_x10_s23,comb,expanded foil,0.04,23,d100,3.17,50.0,15.772870662460567,0.03364879074658255,40.0,0.0022240031976252794,0.04999997094273567,"{""backing"": 2.0, ""comb_expand"": 1.0, ""depth"": 50.0, ""face_h"": 60.0, ""face_w"": 60.0, ""jitter"": 0.0, ""margin_depths"": 2.0, ""pitch"": 3.17, ""seed"": 23, ""topology"": ""comb"", ""wall_bot"": 0.04, ""wall_top"": 0.04}"
CB_p0317_f040_x13_s23,comb,expanded foil,0.04,23,d00,3.17,50.0,15.772870662460567,0.03364879074658255,0.0,0.0007909958367235959,0.04999997094273567,"{""backing"": 2.0, ""comb_expand"": 1.3, ""depth"": 50.0, ""face_h"": 60.0, ""face_w"": 60.0, ""jitter"": 0.0, ""margin_depths"": 2.0, ""pitch"": 3.17, ""seed"": 23, ""topology"": ""comb"", ""wall_bot"": 0.04, ""wall_top"": 0.04}"
CB_p0317_f040_x13_s23,comb,expanded foil,0.04,23,d00,3.17,50.0,15.772870662460567,0.03364879074658255,-20.0,0.0005166357732377946,0.04999997094273567,"{""backing"": 2.0, ""comb_expand"": 1.3, ""depth"": 50.0, ""face_h"": 60.0, ""face_w"": 60.0, ""jitter"": 0.0, ""margin_depths"": 2.0, ""pitch"": 3.17, ""seed"": 23, ""topology"": ""comb"", ""wall_bot"": 0.04, ""wall_top"": 0.04}"
CB_p0317_f040_x13_s23,comb,expanded foil,0.04,23,d00,3.17,50.0,15.772870662460567,0.03364879074658255,-40.0,0.0005147315678186715,0.04999997094273567,"{""backing"": 2.0, ""comb_expand"": 1.3, ""depth"": 50.0, ""face_h"": 60.0, ""face_w"": 60.0, ""jitter"": 0.0, ""margin_depths"": 2.0, ""pitch"": 3.17, ""seed"": 23, ""topology"": ""comb"", ""wall_bot"": 0.04, ""wall_top"": 0.04}"
CB_p0317_f040_x13_s23,comb,expanded foil,0.04,23,d00,3.17,50.0,15.772870662460567,0.03364879074658255,20.0,0.0005333126755431294,0.04999997094273567,"{""backing"": 2.0, ""comb_expand"": 1.3, ""depth"": 50.0, ""face_h"": 60.0, ""face_w"": 60.0, ""jitter"": 0.0, ""margin_depths"": 2.0, ""pitch"": 3.17, ""seed"": 23, ""topology"": ""comb"", ""wall_bot"": 0.04, ""wall_top"": 0.04}"
CB_p0317_f040_x13_s23,comb,expanded foil,0.04,23,d00,3.17,50.0,15.772870662460567,0.03364879074658255,40.0,0.000515428080689162,0.04999997094273567,"{""backing"": 2.0, ""comb_expand"": 1.3, ""depth"": 50.0, ""face_h"": 60.0, ""face_w"": 60.0, ""jitter"": 0.0, ""margin_depths"": 2.0, ""pitch"": 3.17, ""seed"": 23, ""topology"": ""comb"", ""wall_bot"": 0.04, ""wall_top"": 0.04}"
CB_p0317_f040_x13_s23,comb,expanded foil,0.04,23,d76,3.17,50.0,15.772870662460567,0.03364879074658255,0.0,0.0004768417857121676,0.04999997094273567,"{""backing"": 2.0, ""comb_expand"": 1.3, ""depth"": 50.0, ""face_h"": 60.0, ""face_w"": 60.0, ""jitter"": 0.0, ""margin_depths"": 2.0, ""pitch"": 3.17, ""seed"": 23, ""topology"": ""comb"", ""wall_bot"": 0.04, ""wall_top"": 0.04}"
CB_p0317_f040_x13_s23,comb,expanded foil,0.04,23,d76,3.17,50.0,15.772870662460567,0.03364879074658255,-20.0,0.0011896849609911442,0.04999997094273567,"{""backing"": 2.0, ""comb_expand"": 1.3, ""depth"": 50.0, ""face_h"": 60.0, ""face_w"": 60.0, ""jitter"": 0.0, ""margin_depths"": 2.0, ""pitch"": 3.17, ""seed"": 23, ""topology"": ""comb"", ""wall_bot"": 0.04, ""wall_top"": 0.04}"
CB_p0317_f040_x13_s23,comb,expanded foil,0.04,23,d76,3.17,50.0,15.772870662460567,0.03364879074658255,-40.0,0.001913020620122552,0.04999997094273567,"{""backing"": 2.0, ""comb_expand"": 1.3, ""depth"": 50.0, ""face_h"": 60.0, ""face_w"": 60.0, ""jitter"": 0.0, ""margin_depths"": 2.0, ""pitch"": 3.17, ""seed"": 23, ""topology"": ""comb"", ""wall_bot"": 0.04, ""wall_top"": 0.04}"
CB_p0317_f040_x13_s23,comb,expanded foil,0.04,23,d76,3.17,50.0,15.772870662460567,0.03364879074658255,20.0,0.00120346003677696,0.04999997094273567,"{""backing"": 2.0, ""comb_expand"": 1.3, ""depth"": 50.0, ""face_h"": 60.0, ""face_w"": 60.0, ""jitter"": 0.0, ""margin_depths"": 2.0, ""pitch"": 3.17, ""seed"": 23, ""topology"": ""comb"", ""wall_bot"": 0.04, ""wall_top"": 0.04}"
CB_p0317_f040_x13_s23,comb,expanded foil,0.04,23,d76,3.17,50.0,15.772870662460567,0.03364879074658255,40.0,0.0019120366778224707,0.04999997094273567,"{""backing"": 2.0, ""comb_expand"": 1.3, ""depth"": 50.0, ""face_h"": 60.0, ""face_w"": 60.0, ""jitter"": 0.0, ""margin_depths"": 2.0, ""pitch"": 3.17, ""seed"": 23, ""topology"": ""comb"", ""wall_bot"": 0.04, ""wall_top"": 0.04}"
CB_p0317_f040_x13_s23,comb,expanded foil,0.04,23,d100,3.17,50.0,15.772870662460567,0.03364879074658255,0.0,0.0004002379428129643,0.04999997094273567,"{""backing"": 2.0, ""comb_expand"": 1.3, ""depth"": 50.0, ""face_h"": 60.0, ""face_w"": 60.0, ""jitter"": 0.0, ""margin_depths"": 2.0, ""pitch"": 3.17, ""seed"": 23, ""topology"": ""comb"", ""wall_bot"": 0.04, ""wall_top"": 0.04}"
CB_p0317_f040_x13_s23,comb,expanded foil,0.04,23,d100,3.17,50.0,15.772870662460567,0.03364879074658255,-20.0,0.001404816866852343,0.04999997094273567,"{""backing"": 2.0, ""comb_expand"": 1.3, ""depth"": 50.0, ""face_h"": 60.0, ""face_w"": 60.0, ""jitter"": 0.0, ""margin_depths"": 2.0, ""pitch"": 3.17, ""seed"": 23, ""topology"": ""comb"", ""wall_bot"": 0.04, ""wall_top"": 0.04}"
CB_p0317_f040_x13_s23,comb,expanded foil,0.04,23,d100,3.17,50.0,15.772870662460567,0.03364879074658255,-40.0,0.0023573392536491156,0.04999997094273567,"{""backing"": 2.0, ""comb_expand"": 1.3, ""depth"": 50.0, ""face_h"": 60.0, ""face_w"": 60.0, ""jitter"": 0.0, ""margin_depths"": 2.0, ""pitch"": 3.17, ""seed"": 23, ""topology"": ""comb"", ""wall_bot"": 0.04, ""wall_top"": 0.04}"
CB_p0317_f040_x13_s23,comb,expanded foil,0.04,23,d100,3.17,50.0,15.772870662460567,0.03364879074658255,20.0,0.0014236330753192306,0.04999997094273567,"{""backing"": 2.0, ""comb_expand"": 1.3, ""depth"": 50.0, ""face_h"": 60.0, ""face_w"": 60.0, ""jitter"": 0.0, ""margin_depths"": 2.0, ""pitch"": 3.17, ""seed"": 23, ""topology"": ""comb"", ""wall_bot"": 0.04, ""wall_top"": 0.04}"
CB_p0317_f040_x13_s23,comb,expanded foil,0.04,23,d100,3.17,50.0,15.772870662460567,0.03364879074658255,40.0,0.0023622626904398203,0.04999997094273567,"{""backing"": 2.0, ""comb_expand"": 1.3, ""depth"": 50.0, ""face_h"": 60.0, ""face_w"": 60.0, ""jitter"": 0.0, ""margin_depths"": 2.0, ""pitch"": 3.17, ""seed"": 23, ""topology"": ""comb"", ""wall_bot"": 0.04, ""wall_top"": 0.04}"
CB_p0520_f040_x10_s23,comb,expanded foil,0.04,23,d00,5.2,50.0,9.615384615384615,0.02051282051282051,0.0,0.0010578073561191559,0.04999997094273567,"{""backing"": 2.0, ""comb_expand"": 1.0, ""depth"": 50.0, ""face_h"": 60.0, ""face_w"": 60.0, ""jitter"": 0.0, ""margin_depths"": 2.0, ""pitch"": 5.2, ""seed"": 23, ""topology"": ""comb"", ""wall_bot"": 0.04, ""wall_top"": 0.04}"
CB_p0520_f040_x10_s23,comb,expanded foil,0.04,23,d00,5.2,50.0,9.615384615384615,0.02051282051282051,-20.0,0.00041734750266186893,0.04999997094273567,"{""backing"": 2.0, ""comb_expand"": 1.0, ""depth"": 50.0, ""face_h"": 60.0, ""face_w"": 60.0, ""jitter"": 0.0, ""margin_depths"": 2.0, ""pitch"": 5.2, ""seed"": 23, ""topology"": ""comb"", ""wall_bot"": 0.04, ""wall_top"": 0.04}"
CB_p0520_f040_x10_s23,comb,expanded foil,0.04,23,d00,5.2,50.0,9.615384615384615,0.02051282051282051,-40.0,0.0003839859564322978,0.04999997094273567,"{""backing"": 2.0, ""comb_expand"": 1.0, ""depth"": 50.0, ""face_h"": 60.0, ""face_w"": 60.0, ""jitter"": 0.0, ""margin_depths"": 2.0, ""pitch"": 5.2, ""seed"": 23, ""topology"": ""comb"", ""wall_bot"": 0.04, ""wall_top"": 0.04}"
CB_p0520_f040_x10_s23,comb,expanded foil,0.04,23,d00,5.2,50.0,9.615384615384615,0.02051282051282051,20.0,0.00040364189771935344,0.04999997094273567,"{""backing"": 2.0, ""comb_expand"": 1.0, ""depth"": 50.0, ""face_h"": 60.0, ""face_w"": 60.0, ""jitter"": 0.0, ""margin_depths"": 2.0, ""pitch"": 5.2, ""seed"": 23, ""topology"": ""comb"", ""wall_bot"": 0.04, ""wall_top"": 0.04}"
CB_p0520_f040_x10_s23,comb,expanded foil,0.04,23,d00,5.2,50.0,9.615384615384615,0.02051282051282051,40.0,0.00038244336610659957,0.04999997094273567,"{""backing"": 2.0, ""comb_expand"": 1.0, ""depth"": 50.0, ""face_h"": 60.0, ""face_w"": 60.0, ""jitter"": 0.0, ""margin_depths"": 2.0, ""pitch"": 5.2, ""seed"": 23, ""topology"": ""comb"", ""wall_bot"": 0.04, ""wall_top"": 0.04}"
CB_p0520_f040_x10_s23,comb,expanded foil,0.04,23,d76,5.2,50.0,9.615384615384615,0.02051282051282051,0.0,0.0004512951709330082,0.04999997094273567,"{""backing"": 2.0, ""comb_expand"": 1.0, ""depth"": 50.0, ""face_h"": 60.0, ""face_w"": 60.0, ""jitter"": 0.0, ""margin_depths"": 2.0, ""pitch"": 5.2, ""seed"": 23, ""topology"": ""comb"", ""wall_bot"": 0.04, ""wall_top"": 0.04}"
CB_p0520_f040_x10_s23,comb,expanded foil,0.04,23,d76,5.2,50.0,9.615384615384615,0.02051282051282051,-20.0,0.0010081983637064695,0.04999997094273567,"{""backing"": 2.0, ""comb_expand"": 1.0, ""depth"": 50.0, ""face_h"": 60.0, ""face_w"": 60.0, ""jitter"": 0.0, ""margin_depths"": 2.0, ""pitch"": 5.2, ""seed"": 23, ""topology"": ""comb"", ""wall_bot"": 0.04, ""wall_top"": 0.04}"
CB_p0520_f040_x10_s23,comb,expanded foil,0.04,23,d76,5.2,50.0,9.615384615384615,0.02051282051282051,-40.0,0.0016756366239860654,0.04999997094273567,"{""backing"": 2.0, ""comb_expand"": 1.0, ""depth"": 50.0, ""face_h"": 60.0, ""face_w"": 60.0, ""jitter"": 0.0, ""margin_depths"": 2.0, ""pitch"": 5.2, ""seed"": 23, ""topology"": ""comb"", ""wall_bot"": 0.04, ""wall_top"": 0.04}"
CB_p0520_f040_x10_s23,comb,expanded foil,0.04,23,d76,5.2,50.0,9.615384615384615,0.02051282051282051,20.0,0.0009816654492169619,0.04999997094273567,"{""backing"": 2.0, ""comb_expand"": 1.0, ""depth"": 50.0, ""face_h"": 60.0, ""face_w"": 60.0, ""jitter"": 0.0, ""margin_depths"": 2.0, ""pitch"": 5.2, ""seed"": 23, ""topology"": ""comb"", ""wall_bot"": 0.04, ""wall_top"": 0.04}"
CB_p0520_f040_x10_s23,comb,expanded foil,0.04,23,d76,5.2,50.0,9.615384615384615,0.02051282051282051,40.0,0.001661214861087501,0.04999997094273567,"{""backing"": 2.0, ""comb_expand"": 1.0, ""depth"": 50.0, ""face_h"": 60.0, ""face_w"": 60.0, ""jitter"": 0.0, ""margin_depths"": 2.0, ""pitch"": 5.2, ""seed"": 23, ""topology"": ""comb"", ""wall_bot"": 0.04, ""wall_top"": 0.04}"
CB_p0520_f040_x10_s23,comb,expanded foil,0.04,23,d100,5.2,50.0,9.615384615384615,0.02051282051282051,0.0,0.00029697289573960006,0.04999997094273567,"{""backing"": 2.0, ""comb_expand"": 1.0, ""depth"": 50.0, ""face_h"": 60.0, ""face_w"": 60.0, ""jitter"": 0.0, ""margin_depths"": 2.0, ""pitch"": 5.2, ""seed"": 23, ""topology"": ""comb"", ""wall_bot"": 0.04, ""wall_top"": 0.04}"
CB_p0520_f040_x10_s23,comb,expanded foil,0.04,23,d100,5.2,50.0,9.615384615384615,0.02051282051282051,-20.0,0.0012102869804948568,0.04999997094273567,"{""backing"": 2.0, ""comb_expand"": 1.0, ""depth"": 50.0, ""face_h"": 60.0, ""face_w"": 60.0, ""jitter"": 0.0, ""margin_depths"": 2.0, ""pitch"": 5.2, ""seed"": 23, ""topology"": ""comb"", ""wall_bot"": 0.04, ""wall_top"": 0.04}"
CB_p0520_f040_x10_s23,comb,expanded foil,0.04,23,d100,5.2,50.0,9.615384615384615,0.02051282051282051,-40.0,0.00209201336838305,0.04999997094273567,"{""backing"": 2.0, ""comb_expand"": 1.0, ""depth"": 50.0, ""face_h"": 60.0, ""face_w"": 60.0, ""jitter"": 0.0, ""margin_depths"": 2.0, ""pitch"": 5.2, ""seed"": 23, ""topology"": ""comb"", ""wall_bot"": 0.04, ""wall_top"": 0.04}"
CB_p0520_f040_x10_s23,comb,expanded foil,0.04,23,d100,5.2,50.0,9.615384615384615,0.02051282051282051,20.0,0.0011742193019017577,0.04999997094273567,"{""backing"": 2.0, ""comb_expand"": 1.0, ""depth"": 50.0, ""face_h"": 60.0, ""face_w"": 60.0, ""jitter"": 0.0, ""margin_depths"": 2.0, ""pitch"": 5.2, ""seed"": 23, ""topology"": ""comb"", ""wall_bot"": 0.04, ""wall_top"": 0.04}"
CB_p0520_f040_x10_s23,comb,expanded foil,0.04,23,d100,5.2,50.0,9.615384615384615,0.02051282051282051,40.0,0.0020745662041008472,0.04999997094273567,"{""backing"": 2.0, ""comb_expand"": 1.0, ""depth"": 50.0, ""face_h"": 60.0, ""face_w"": 60.0, ""jitter"": 0.0, ""margin_depths"": 2.0, ""pitch"": 5.2, ""seed"": 23, ""topology"": ""comb"", ""wall_bot"": 0.04, ""wall_top"": 0.04}"
CB_p0520_f040_x13_s23,comb,expanded foil,0.04,23,d00,5.2,50.0,9.615384615384615,0.02051282051282051,0.0,0.0012044768081977963,0.049967437982559204,"{""backing"": 2.0, ""comb_expand"": 1.3, ""depth"": 50.0, ""face_h"": 60.0, ""face_w"": 60.0, ""jitter"": 0.0, ""margin_depths"": 2.0, ""pitch"": 5.2, ""seed"": 23, ""topology"": ""comb"", ""wall_bot"": 0.04, ""wall_top"": 0.04}"
CB_p0520_f040_x13_s23,comb,expanded foil,0.04,23,d00,5.2,50.0,9.615384615384615,0.02051282051282051,-20.0,0.000371718720998615,0.04996697977185249,"{""backing"": 2.0, ""comb_expand"": 1.3, ""depth"": 50.0, ""face_h"": 60.0, ""face_w"": 60.0, ""jitter"": 0.0, ""margin_depths"": 2.0, ""pitch"": 5.2, ""seed"": 23, ""topology"": ""comb"", ""wall_bot"": 0.04, ""wall_top"": 0.04}"
CB_p0520_f040_x13_s23,comb,expanded foil,0.04,23,d00,5.2,50.0,9.615384615384615,0.02051282051282051,-40.0,0.00033822617842815816,0.04996618255972862,"{""backing"": 2.0, ""comb_expand"": 1.3, ""depth"": 50.0, ""face_h"": 60.0, ""face_w"": 60.0, ""jitter"": 0.0, ""margin_depths"": 2.0, ""pitch"": 5.2, ""seed"": 23, ""topology"": ""comb"", ""wall_bot"": 0.04, ""wall_top"": 0.04}"
CB_p0520_f040_x13_s23,comb,expanded foil,0.04,23,d00,5.2,50.0,9.615384615384615,0.02051282051282051,20.0,0.0003616747271735221,0.049964845180511475,"{""backing"": 2.0, ""comb_expand"": 1.3, ""depth"": 50.0, ""face_h"": 60.0, ""face_w"": 60.0, ""jitter"": 0.0, ""margin_depths"": 2.0, ""pitch"": 5.2, ""seed"": 23, ""topology"": ""comb"", ""wall_bot"": 0.04, ""wall_top"": 0.04}"
CB_p0520_f040_x13_s23,comb,expanded foil,0.04,23,d00,5.2,50.0,9.615384615384615,0.02051282051282051,40.0,0.0003392421640455723,0.04996519163250923,"{""backing"": 2.0, ""comb_expand"": 1.3, ""depth"": 50.0, ""face_h"": 60.0, ""face_w"": 60.0, ""jitter"": 0.0, ""margin_depths"": 2.0, ""pitch"": 5.2, ""seed"": 23, ""topology"": ""comb"", ""wall_bot"": 0.04, ""wall_top"": 0.04}"
CB_p0520_f040_x13_s23,comb,expanded foil,0.04,23,d76,5.2,50.0,9.615384615384615,0.02051282051282051,0.0,0.0004603526322171092,0.04996633529663086,"{""backing"": 2.0, ""comb_expand"": 1.3, ""depth"": 50.0, ""face_h"": 60.0, ""face_w"": 60.0, ""jitter"": 0.0, ""margin_depths"": 2.0, ""pitch"": 5.2, ""seed"": 23, ""topology"": ""comb"", ""wall_bot"": 0.04, ""wall_top"": 0.04}"
CB_p0520_f040_x13_s23,comb,expanded foil,0.04,23,d76,5.2,50.0,9.615384615384615,0.02051282051282051,-20.0,0.00106203299947083,0.04996609687805176,"{""backing"": 2.0, ""comb_expand"": 1.3, ""depth"": 50.0, ""face_h"": 60.0, ""face_w"": 60.0, ""jitter"": 0.0, ""margin_depths"": 2.0, ""pitch"": 5.2, ""seed"": 23, ""topology"": ""comb"", ""wall_bot"": 0.04, ""wall_top"": 0.04}"
CB_p0520_f040_x13_s23,comb,expanded foil,0.04,23,d76,5.2,50.0,9.615384615384615,0.02051282051282051,-40.0,0.001776327146217227,0.04996459186077118,"{""backing"": 2.0, ""comb_expand"": 1.3, ""depth"": 50.0, ""face_h"": 60.0, ""face_w"": 60.0, ""jitter"": 0.0, ""margin_depths"": 2.0, ""pitch"": 5.2, ""seed"": 23, ""topology"": ""comb"", ""wall_bot"": 0.04, ""wall_top"": 0.04}"
CB_p0520_f040_x13_s23,comb,expanded foil,0.04,23,d76,5.2,50.0,9.615384615384615,0.02051282051282051,20.0,0.001026651938445866,0.04996340721845627,"{""backing"": 2.0, ""comb_expand"": 1.3, ""depth"": 50.0, ""face_h"": 60.0, ""face_w"": 60.0, ""jitter"": 0.0, ""margin_depths"": 2.0, ""pitch"": 5.2, ""seed"": 23, ""topology"": ""comb"", ""wall_bot"": 0.04, ""wall_top"": 0.04}"
CB_p0520_f040_x13_s23,comb,expanded foil,0.04,23,d76,5.2,50.0,9.615384615384615,0.02051282051282051,40.0,0.0017677327850833535,0.04996401444077492,"{""backing"": 2.0, ""comb_expand"": 1.3, ""depth"": 50.0, ""face_h"": 60.0, ""face_w"": 60.0, ""jitter"": 0.0, ""margin_depths"": 2.0, ""pitch"": 5.2, ""seed"": 23, ""topology"": ""comb"", ""wall_bot"": 0.04, ""wall_top"": 0.04}"
CB_p0520_f040_x13_s23,comb,expanded foil,0.04,23,d100,5.2,50.0,9.615384615384615,0.02051282051282051,0.0,0.00026792328571900725,0.049965858459472656,"{""backing"": 2.0, ""comb_expand"": 1.3, ""depth"": 50.0, ""face_h"": 60.0, ""face_w"": 60.0, ""jitter"": 0.0, ""margin_depths"": 2.0, ""pitch"": 5.2, ""seed"": 23, ""topology"": ""comb"", ""wall_bot"": 0.04, ""wall_top"": 0.04}"
CB_p0520_f040_x13_s23,comb,expanded foil,0.04,23,d100,5.2,50.0,9.615384615384615,0.02051282051282051,-20.0,0.0012876982800662518,0.049965791404247284,"{""backing"": 2.0, ""comb_expand"": 1.3, ""depth"": 50.0, ""face_h"": 60.0, ""face_w"": 60.0, ""jitter"": 0.0, ""margin_depths"": 2.0, ""pitch"": 5.2, ""seed"": 23, ""topology"": ""comb"", ""wall_bot"": 0.04, ""wall_top"": 0.04}"
CB_p0520_f040_x13_s23,comb,expanded foil,0.04,23,d100,5.2,50.0,9.615384615384615,0.02051282051282051,-40.0,0.0022487202659249306,0.04996436834335327,"{""backing"": 2.0, ""comb_expand"": 1.3, ""depth"": 50.0, ""face_h"": 60.0, ""face_w"": 60.0, ""jitter"": 0.0, ""margin_depths"": 2.0, ""pitch"": 5.2, ""seed"": 23, ""topology"": ""comb"", ""wall_bot"": 0.04, ""wall_top"": 0.04}"
CB_p0520_f040_x13_s23,comb,expanded foil,0.04,23,d100,5.2,50.0,9.615384615384615,0.02051282051282051,20.0,0.0012452092487365007,0.04996313899755478,"{""backing"": 2.0, ""comb_expand"": 1.3, ""depth"": 50.0, ""face_h"": 60.0, ""face_w"": 60.0, ""jitter"": 0.0, ""margin_depths"": 2.0, ""pitch"": 5.2, ""seed"": 23, ""topology"": ""comb"", ""wall_bot"": 0.04, ""wall_top"": 0.04}"
CB_p0520_f040_x13_s23,comb,expanded foil,0.04,23,d100,5.2,50.0,9.615384615384615,0.02051282051282051,40.0,0.002221733331680298,0.04996379464864731,"{""backing"": 2.0, ""comb_expand"": 1.3, ""depth"": 50.0, ""face_h"": 60.0, ""face_w"": 60.0, ""jitter"": 0.0, ""margin_depths"": 2.0, ""pitch"": 5.2, ""seed"": 23, ""topology"": ""comb"", ""wall_bot"": 0.04, ""wall_top"": 0.04}"
CB_p0650_f080_x10_s23,comb,expanded foil,0.08,23,d00,6.5,50.0,7.6923076923076925,0.03282051282051282,0.0,0.0015138676390051842,0.0499240979552269,"{""backing"": 2.0, ""comb_expand"": 1.0, ""depth"": 50.0, ""face_h"": 60.0, ""face_w"": 60.0, ""jitter"": 0.0, ""margin_depths"": 2.0, ""pitch"": 6.5, ""seed"": 23, ""topology"": ""comb"", ""wall_bot"": 0.08, ""wall_top"": 0.08}"
CB_p0650_f080_x10_s23,comb,expanded foil,0.08,23,d00,6.5,50.0,7.6923076923076925,0.03282051282051282,-20.0,0.0005614865804091096,0.049922797828912735,"{""backing"": 2.0, ""comb_expand"": 1.0, ""depth"": 50.0, ""face_h"": 60.0, ""face_w"": 60.0, ""jitter"": 0.0, ""margin_depths"": 2.0, ""pitch"": 6.5, ""seed"": 23, ""topology"": ""comb"", ""wall_bot"": 0.08, ""wall_top"": 0.08}"
CB_p0650_f080_x10_s23,comb,expanded foil,0.08,23,d00,6.5,50.0,7.6923076923076925,0.03282051282051282,-40.0,0.0005578870186582208,0.049918707460165024,"{""backing"": 2.0, ""comb_expand"": 1.0, ""depth"": 50.0, ""face_h"": 60.0, ""face_w"": 60.0, ""jitter"": 0.0, ""margin_depths"": 2.0, ""pitch"": 6.5, ""seed"": 23, ""topology"": ""comb"", ""wall_bot"": 0.08, ""wall_top"": 0.08}"
CB_p0650_f080_x10_s23,comb,expanded foil,0.08,23,d00,6.5,50.0,7.6923076923076925,0.03282051282051282,20.0,0.0005535432719625533,0.04992130771279335,"{""backing"": 2.0, ""comb_expand"": 1.0, ""depth"": 50.0, ""face_h"": 60.0, ""face_w"": 60.0, ""jitter"": 0.0, ""margin_depths"": 2.0, ""pitch"": 6.5, ""seed"": 23, ""topology"": ""comb"", ""wall_bot"": 0.08, ""wall_top"": 0.08}"
CB_p0650_f080_x10_s23,comb,expanded foil,0.08,23,d00,6.5,50.0,7.6923076923076925,0.03282051282051282,40.0,0.0005502700805664062,0.049918033182621,"{""backing"": 2.0, ""comb_expand"": 1.0, ""depth"": 50.0, ""face_h"": 60.0, ""face_w"": 60.0, ""jitter"": 0.0, ""margin_depths"": 2.0, ""pitch"": 6.5, ""seed"": 23, ""topology"": ""comb"", ""wall_bot"": 0.08, ""wall_top"": 0.08}"
CB_p0650_f080_x10_s23,comb,expanded foil,0.08,23,d76,6.5,50.0,7.6923076923076925,0.03282051282051282,0.0,0.000681019970215857,0.04992164671421051,"{""backing"": 2.0, ""comb_expand"": 1.0, ""depth"": 50.0, ""face_h"": 60.0, ""face_w"": 60.0, ""jitter"": 0.0, ""margin_depths"": 2.0, ""pitch"": 6.5, ""seed"": 23, ""topology"": ""comb"", ""wall_bot"": 0.08, ""wall_top"": 0.08}"
CB_p0650_f080_x10_s23,comb,expanded foil,0.08,23,d76,6.5,50.0,7.6923076923076925,0.03282051282051282,-20.0,0.0011343744117766619,0.04992008954286575,"{""backing"": 2.0, ""comb_expand"": 1.0, ""depth"": 50.0, ""face_h"": 60.0, ""face_w"": 60.0, ""jitter"": 0.0, ""margin_depths"": 2.0, ""pitch"": 6.5, ""seed"": 23, ""topology"": ""comb"", ""wall_bot"": 0.08, ""wall_top"": 0.08}"
CB_p0650_f080_x10_s23,comb,expanded foil,0.08,23,d76,6.5,50.0,7.6923076923076925,0.03282051282051282,-40.0,0.0017961879493668675,0.04991548880934715,"{""backing"": 2.0, ""comb_expand"": 1.0, ""depth"": 50.0, ""face_h"": 60.0, ""face_w"": 60.0, ""jitter"": 0.0, ""margin_depths"": 2.0, ""pitch"": 6.5, ""seed"": 23, ""topology"": ""comb"", ""wall_bot"": 0.08, ""wall_top"": 0.08}"
CB_p0650_f080_x10_s23,comb,expanded foil,0.08,23,d76,6.5,50.0,7.6923076923076925,0.03282051282051282,20.0,0.0011239045998081565,0.04991835355758667,"{""backing"": 2.0, ""comb_expand"": 1.0, ""depth"": 50.0, ""face_h"": 60.0, ""face_w"": 60.0, ""jitter"": 0.0, ""margin_depths"": 2.0, ""pitch"": 6.5, ""seed"": 23, ""topology"": ""comb"", ""wall_bot"": 0.08, ""wall_top"": 0.08}"
CB_p0650_f080_x10_s23,comb,expanded foil,0.08,23,d76,6.5,50.0,7.6923076923076925,0.03282051282051282,40.0,0.001802633865736425,0.04991485923528671,"{""backing"": 2.0, ""comb_expand"": 1.0, ""depth"": 50.0, ""face_h"": 60.0, ""face_w"": 60.0, ""jitter"": 0.0, ""margin_depths"": 2.0, ""pitch"": 6.5, ""seed"": 23, ""topology"": ""comb"", ""wall_bot"": 0.08, ""wall_top"": 0.08}"
CB_p0650_f080_x10_s23,comb,expanded foil,0.08,23,d100,6.5,50.0,7.6923076923076925,0.03282051282051282,0.0,0.0004648107278626412,0.049920640885829926,"{""backing"": 2.0, ""comb_expand"": 1.0, ""depth"": 50.0, ""face_h"": 60.0, ""face_w"": 60.0, ""jitter"": 0.0, ""margin_depths"": 2.0, ""pitch"": 6.5, ""seed"": 23, ""topology"": ""comb"", ""wall_bot"": 0.08, ""wall_top"": 0.08}"
CB_p0650_f080_x10_s23,comb,expanded foil,0.08,23,d100,6.5,50.0,7.6923076923076925,0.03282051282051282,-20.0,0.0013219063403084874,0.04991914704442024,"{""backing"": 2.0, ""comb_expand"": 1.0, ""depth"": 50.0, ""face_h"": 60.0, ""face_w"": 60.0, ""jitter"": 0.0, ""margin_depths"": 2.0, ""pitch"": 6.5, ""seed"": 23, ""topology"": ""comb"", ""wall_bot"": 0.08, ""wall_top"": 0.08}"
CB_p0650_f080_x10_s23,comb,expanded foil,0.08,23,d100,6.5,50.0,7.6923076923076925,0.03282051282051282,-40.0,0.0021959205623716116,0.049914248287677765,"{""backing"": 2.0, ""comb_expand"": 1.0, ""depth"": 50.0, ""face_h"": 60.0, ""face_w"": 60.0, ""jitter"": 0.0, ""margin_depths"": 2.0, ""pitch"": 6.5, ""seed"": 23, ""topology"": ""comb"", ""wall_bot"": 0.08, ""wall_top"": 0.08}"
CB_p0650_f080_x10_s23,comb,expanded foil,0.08,23,d100,6.5,50.0,7.6923076923076925,0.03282051282051282,20.0,0.0013156537897884846,0.04991748929023743,"{""backing"": 2.0, ""comb_expand"": 1.0, ""depth"": 50.0, ""face_h"": 60.0, ""face_w"": 60.0, ""jitter"": 0.0, ""margin_depths"": 2.0, ""pitch"": 6.5, ""seed"": 23, ""topology"": ""comb"", ""wall_bot"": 0.08, ""wall_top"": 0.08}"
CB_p0650_f080_x10_s23,comb,expanded foil,0.08,23,d100,6.5,50.0,7.6923076923076925,0.03282051282051282,40.0,0.002211951185017824,0.04991377890110016,"{""backing"": 2.0, ""comb_expand"": 1.0, ""depth"": 50.0, ""face_h"": 60.0, ""face_w"": 60.0, ""jitter"": 0.0, ""margin_depths"": 2.0, ""pitch"": 6.5, ""seed"": 23, ""topology"": ""comb"", ""wall_bot"": 0.08, ""wall_top"": 0.08}"
CB_p0650_f080_x13_s23,comb,expanded foil,0.08,23,d00,6.5,50.0,7.6923076923076925,0.03282051282051282,0.0,0.0016911561833694577,0.0499006062746048,"{""backing"": 2.0, ""comb_expand"": 1.3, ""depth"": 50.0, ""face_h"": 60.0, ""face_w"": 60.0, ""jitter"": 0.0, ""margin_depths"": 2.0, ""pitch"": 6.5, ""seed"": 23, ""topology"": ""comb"", ""wall_bot"": 0.08, ""wall_top"": 0.08}"
CB_p0650_f080_x13_s23,comb,expanded foil,0.08,23,d00,6.5,50.0,7.6923076923076925,0.03282051282051282,-20.0,0.0005158719723112881,0.04989156499505043,"{""backing"": 2.0, ""comb_expand"": 1.3, ""depth"": 50.0, ""face_h"": 60.0, ""face_w"": 60.0, ""jitter"": 0.0, ""margin_depths"": 2.0, ""pitch"": 6.5, ""seed"": 23, ""topology"": ""comb"", ""wall_bot"": 0.08, ""wall_top"": 0.08}"
CB_p0650_f080_x13_s23,comb,expanded foil,0.08,23,d00,6.5,50.0,7.6923076923076925,0.03282051282051282,-40.0,0.0005126995965838432,0.049893710762262344,"{""backing"": 2.0, ""comb_expand"": 1.3, ""depth"": 50.0, ""face_h"": 60.0, ""face_w"": 60.0, ""jitter"": 0.0, ""margin_depths"": 2.0, ""pitch"": 6.5, ""seed"": 23, ""topology"": ""comb"", ""wall_bot"": 0.08, ""wall_top"": 0.08}"
CB_p0650_f080_x13_s23,comb,expanded foil,0.08,23,d00,6.5,50.0,7.6923076923076925,0.03282051282051282,20.0,0.0005066261510364711,0.049892157316207886,"{""backing"": 2.0, ""comb_expand"": 1.3, ""depth"": 50.0, ""face_h"": 60.0, ""face_w"": 60.0, ""jitter"": 0.0, ""margin_depths"": 2.0, ""pitch"": 6.5, ""seed"": 23, ""topology"": ""comb"", ""wall_bot"": 0.08, ""wall_top"": 0.08}"
CB_p0650_f080_x13_s23,comb,expanded foil,0.08,23,d00,6.5,50.0,7.6923076923076925,0.03282051282051282,40.0,0.0005098868277855217,0.0498904287815094,"{""backing"": 2.0, ""comb_expand"": 1.3, ""depth"": 50.0, ""face_h"": 60.0, ""face_w"": 60.0, ""jitter"": 0.0, ""margin_depths"": 2.0, ""pitch"": 6.5, ""seed"": 23, ""topology"": ""comb"", ""wall_bot"": 0.08, ""wall_top"": 0.08}"
CB_p0650_f080_x13_s23,comb,expanded foil,0.08,23,d76,6.5,50.0,7.6923076923076925,0.03282051282051282,0.0,0.0006955645512789488,0.04989735037088394,"{""backing"": 2.0, ""comb_expand"": 1.3, ""depth"": 50.0, ""face_h"": 60.0, ""face_w"": 60.0, ""jitter"": 0.0, ""margin_depths"": 2.0, ""pitch"": 6.5, ""seed"": 23, ""topology"": ""comb"", ""wall_bot"": 0.08, ""wall_top"": 0.08}"
CB_p0650_f080_x13_s23,comb,expanded foil,0.08,23,d76,6.5,50.0,7.6923076923076925,0.03282051282051282,-20.0,0.0011733418796211481,0.04988726228475571,"{""backing"": 2.0, ""comb_expand"": 1.3, ""depth"": 50.0, ""face_h"": 60.0, ""face_w"": 60.0, ""jitter"": 0.0, ""margin_depths"": 2.0, ""pitch"": 6.5, ""seed"": 23, ""topology"": ""comb"", ""wall_bot"": 0.08, ""wall_top"": 0.08}"
CB_p0650_f080_x13_s23,comb,expanded foil,0.08,23,d76,6.5,50.0,7.6923076923076925,0.03282051282051282,-40.0,0.0019112959271296859,0.0498896948993206,"{""backing"": 2.0, ""comb_expand"": 1.3, ""depth"": 50.0, ""face_h"": 60.0, ""face_w"": 60.0, ""jitter"": 0.0, ""margin_depths"": 2.0, ""pitch"": 6.5, ""seed"": 23, ""topology"": ""comb"", ""wall_bot"": 0.08, ""wall_top"": 0.08}"
CB_p0650_f080_x13_s23,comb,expanded foil,0.08,23,d76,6.5,50.0,7.6923076923076925,0.03282051282051282,20.0,0.001166565460152924,0.04988853260874748,"{""backing"": 2.0, ""comb_expand"": 1.3, ""depth"": 50.0, ""face_h"": 60.0, ""face_w"": 60.0, ""jitter"": 0.0, ""margin_depths"": 2.0, ""pitch"": 6.5, ""seed"": 23, ""topology"": ""comb"", ""wall_bot"": 0.08, ""wall_top"": 0.08}"
CB_p0650_f080_x13_s23,comb,expanded foil,0.08,23,d76,6.5,50.0,7.6923076923076925,0.03282051282051282,40.0,0.0019067972898483276,0.04988604784011841,"{""backing"": 2.0, ""comb_expand"": 1.3, ""depth"": 50.0, ""face_h"": 60.0, ""face_w"": 60.0, ""jitter"": 0.0, ""margin_depths"": 2.0, ""pitch"": 6.5, ""seed"": 23, ""topology"": ""comb"", ""wall_bot"": 0.08, ""wall_top"": 0.08}"
CB_p0650_f080_x13_s23,comb,expanded foil,0.08,23,d100,6.5,50.0,7.6923076923076925,0.03282051282051282,0.0,0.00043000924051739275,0.049896206706762314,"{""backing"": 2.0, ""comb_expand"": 1.3, ""depth"": 50.0, ""face_h"": 60.0, ""face_w"": 60.0, ""jitter"": 0.0, ""margin_depths"": 2.0, ""pitch"": 6.5, ""seed"": 23, ""topology"": ""comb"", ""wall_bot"": 0.08, ""wall_top"": 0.08}"
CB_p0650_f080_x13_s23,comb,expanded foil,0.08,23,d100,6.5,50.0,7.6923076923076925,0.03282051282051282,-20.0,0.0014002056559547782,0.04988621920347214,"{""backing"": 2.0, ""comb_expand"": 1.3, ""depth"": 50.0, ""face_h"": 60.0, ""face_w"": 60.0, ""jitter"": 0.0, ""margin_depths"": 2.0, ""pitch"": 6.5, ""seed"": 23, ""topology"": ""comb"", ""wall_bot"": 0.08, ""wall_top"": 0.08}"
CB_p0650_f080_x13_s23,comb,expanded foil,0.08,23,d100,6.5,50.0,7.6923076923076925,0.03282051282051282,-40.0,0.002361841034144163,0.049888383597135544,"{""backing"": 2.0, ""comb_expand"": 1.3, ""depth"": 50.0, ""face_h"": 60.0, ""face_w"": 60.0, ""jitter"": 0.0, ""margin_depths"": 2.0, ""pitch"": 6.5, ""seed"": 23, ""topology"": ""comb"", ""wall_bot"": 0.08, ""wall_top"": 0.08}"
CB_p0650_f080_x13_s23,comb,expanded foil,0.08,23,d100,6.5,50.0,7.6923076923076925,0.03282051282051282,20.0,0.0013887402601540089,0.0498870424926281,"{""backing"": 2.0, ""comb_expand"": 1.3, ""depth"": 50.0, ""face_h"": 60.0, ""face_w"": 60.0, ""jitter"": 0.0, ""margin_depths"": 2.0, ""pitch"": 6.5, ""seed"": 23, ""topology"": ""comb"", ""wall_bot"": 0.08, ""wall_top"": 0.08}"
CB_p0650_f080_x13_s23,comb,expanded foil,0.08,23,d100,6.5,50.0,7.6923076923076925,0.03282051282051282,40.0,0.002360096201300621,0.049884628504514694,"{""backing"": 2.0, ""comb_expand"": 1.3, ""depth"": 50.0, ""face_h"": 60.0, ""face_w"": 60.0, ""jitter"": 0.0, ""margin_depths"": 2.0, ""pitch"": 6.5, ""seed"": 23, ""topology"": ""comb"", ""wall_bot"": 0.08, ""wall_top"": 0.08}"
CB_p0650_f100_x10_s23,comb,expanded foil,0.1,23,d00,6.5,50.0,7.6923076923076925,0.041025641025641026,0.0,0.0015978914452716708,0.049900416284799576,"{""backing"": 2.0, ""comb_expand"": 1.0, ""depth"": 50.0, ""face_h"": 60.0, ""face_w"": 60.0, ""jitter"": 0.0, ""margin_depths"": 2.0, ""pitch"": 6.5, ""seed"": 23, ""topology"": ""comb"", ""wall_bot"": 0.1, ""wall_top"": 0.1}"
CB_p0650_f100_x10_s23,comb,expanded foil,0.1,23,d00,6.5,50.0,7.6923076923076925,0.041025641025641026,-20.0,0.0006656378973275423,0.04990144073963165,"{""backing"": 2.0, ""comb_expand"": 1.0, ""depth"": 50.0, ""face_h"": 60.0, ""face_w"": 60.0, ""jitter"": 0.0, ""margin_depths"": 2.0, ""pitch"": 6.5, ""seed"": 23, ""topology"": ""comb"", ""wall_bot"": 0.1, ""wall_top"": 0.1}"
CB_p0650_f100_x10_s23,comb,expanded foil,0.1,23,d00,6.5,50.0,7.6923076923076925,0.041025641025641026,-40.0,0.0006836917600594461,0.04989691451191902,"{""backing"": 2.0, ""comb_expand"": 1.0, ""depth"": 50.0, ""face_h"": 60.0, ""face_w"": 60.0, ""jitter"": 0.0, ""margin_depths"": 2.0, ""pitch"": 6.5, ""seed"": 23, ""topology"": ""comb"", ""wall_bot"": 0.1, ""wall_top"": 0.1}"
CB_p0650_f100_x10_s23,comb,expanded foil,0.1,23,d00,6.5,50.0,7.6923076923076925,0.041025641025641026,20.0,0.0006586757954210043,0.04989905655384064,"{""backing"": 2.0, ""comb_expand"": 1.0, ""depth"": 50.0, ""face_h"": 60.0, ""face_w"": 60.0, ""jitter"": 0.0, ""margin_depths"": 2.0, ""pitch"": 6.5, ""seed"": 23, ""topology"": ""comb"", ""wall_bot"": 0.1, ""wall_top"": 0.1}"
CB_p0650_f100_x10_s23,comb,expanded foil,0.1,23,d00,6.5,50.0,7.6923076923076925,0.041025641025641026,40.0,0.0006752765038982034,0.04989609867334366,"{""backing"": 2.0, ""comb_expand"": 1.0, ""depth"": 50.0, ""face_h"": 60.0, ""face_w"": 60.0, ""jitter"": 0.0, ""margin_depths"": 2.0, ""pitch"": 6.5, ""seed"": 23, ""topology"": ""comb"", ""wall_bot"": 0.1, ""wall_top"": 0.1}"
CB_p0650_f100_x10_s23,comb,expanded foil,0.1,23,d76,6.5,50.0,7.6923076923076925,0.041025641025641026,0.0,0.0007834400166757405,0.04989701136946678,"{""backing"": 2.0, ""comb_expand"": 1.0, ""depth"": 50.0, ""face_h"": 60.0, ""face_w"": 60.0, ""jitter"": 0.0, ""margin_depths"": 2.0, ""pitch"": 6.5, ""seed"": 23, ""topology"": ""comb"", ""wall_bot"": 0.1, ""wall_top"": 0.1}"
CB_p0650_f100_x10_s23,comb,expanded foil,0.1,23,d76,6.5,50.0,7.6923076923076925,0.041025641025641026,-20.0,0.0012310738675296307,0.0498974546790123,"{""backing"": 2.0, ""comb_expand"": 1.0, ""depth"": 50.0, ""face_h"": 60.0, ""face_w"": 60.0, ""jitter"": 0.0, ""margin_depths"": 2.0, ""pitch"": 6.5, ""seed"": 23, ""topology"": ""comb"", ""wall_bot"": 0.1, ""wall_top"": 0.1}"
CB_p0650_f100_x10_s23,comb,expanded foil,0.1,23,d76,6.5,50.0,7.6923076923076925,0.041025641025641026,-40.0,0.0018893602536991239,0.04989463463425636,"{""backing"": 2.0, ""comb_expand"": 1.0, ""depth"": 50.0, ""face_h"": 60.0, ""face_w"": 60.0, ""jitter"": 0.0, ""margin_depths"": 2.0, ""pitch"": 6.5, ""seed"": 23, ""topology"": ""comb"", ""wall_bot"": 0.1, ""wall_top"": 0.1}"
CB_p0650_f100_x10_s23,comb,expanded foil,0.1,23,d76,6.5,50.0,7.6923076923076925,0.041025641025641026,20.0,0.0012204520171508193,0.049895163625478745,"{""backing"": 2.0, ""comb_expand"": 1.0, ""depth"": 50.0, ""face_h"": 60.0, ""face_w"": 60.0, ""jitter"": 0.0, ""margin_depths"": 2.0, ""pitch"": 6.5, ""seed"": 23, ""topology"": ""comb"", ""wall_bot"": 0.1, ""wall_top"": 0.1}"
CB_p0650_f100_x10_s23,comb,expanded foil,0.1,23,d76,6.5,50.0,7.6923076923076925,0.041025641025641026,40.0,0.0018961214227601886,0.0498926118016243,"{""backing"": 2.0, ""comb_expand"": 1.0, ""depth"": 50.0, ""face_h"": 60.0, ""face_w"": 60.0, ""jitter"": 0.0, ""margin_depths"": 2.0, ""pitch"": 6.5, ""seed"": 23, ""topology"": ""comb"", ""wall_bot"": 0.1, ""wall_top"": 0.1}"
CB_p0650_f100_x10_s23,comb,expanded foil,0.1,23,d100,6.5,50.0,7.6923076923076925,0.041025641025641026,0.0,0.0005721832276321948,0.04989580437541008,"{""backing"": 2.0, ""comb_expand"": 1.0, ""depth"": 50.0, ""face_h"": 60.0, ""face_w"": 60.0, ""jitter"": 0.0, ""margin_depths"": 2.0, ""pitch"": 6.5, ""seed"": 23, ""topology"": ""comb"", ""wall_bot"": 0.1, ""wall_top"": 0.1}"
CB_p0650_f100_x10_s23,comb,expanded foil,0.1,23,d100,6.5,50.0,7.6923076923076925,0.041025641025641026,-20.0,0.0014179013669490814,0.049896690994501114,"{""backing"": 2.0, ""comb_expand"": 1.0, ""depth"": 50.0, ""face_h"": 60.0, ""face_w"": 60.0, ""jitter"": 0.0, ""margin_depths"": 2.0, ""pitch"": 6.5, ""seed"": 23, ""topology"": ""comb"", ""wall_bot"": 0.1, ""wall_top"": 0.1}"
CB_p0650_f100_x10_s23,comb,expanded foil,0.1,23,d100,6.5,50.0,7.6923076923076925,0.041025641025641026,-40.0,0.0022787211928516626,0.04989379271864891,"{""backing"": 2.0, ""comb_expand"": 1.0, ""depth"": 50.0, ""face_h"": 60.0, ""face_w"": 60.0, ""jitter"": 0.0, ""margin_depths"": 2.0, ""pitch"": 6.5, ""seed"": 23, ""topology"": ""comb"", ""wall_bot"": 0.1, ""wall_top"": 0.1}"
CB_p0650_f100_x10_s23,comb,expanded foil,0.1,23,d100,6.5,50.0,7.6923076923076925,0.041025641025641026,20.0,0.0014072778867557645,0.049894124269485474,"{""backing"": 2.0, ""comb_expand"": 1.0, ""depth"": 50.0, ""face_h"": 60.0, ""face_w"": 60.0, ""jitter"": 0.0, ""margin_depths"": 2.0, ""pitch"": 6.5, ""seed"": 23, ""topology"": ""comb"", ""wall_bot"": 0.1, ""wall_top"": 0.1}"
CB_p0650_f100_x10_s23,comb,expanded foil,0.1,23,d100,6.5,50.0,7.6923076923076925,0.041025641025641026,40.0,0.0022961630020290613,0.04989170655608177,"{""backing"": 2.0, ""comb_expand"": 1.0, ""depth"": 50.0, ""face_h"": 60.0, ""face_w"": 60.0, ""jitter"": 0.0, ""margin_depths"": 2.0, ""pitch"": 6.5, ""seed"": 23, ""topology"": ""comb"", ""wall_bot"": 0.1, ""wall_top"": 0.1}"
CB_p0650_f100_x13_s23,comb,expanded foil,0.1,23,d00,6.5,50.0,7.6923076923076925,0.041025641025641026,0.0,0.0017640963196754456,0.049868784844875336,"{""backing"": 2.0, ""comb_expand"": 1.3, ""depth"": 50.0, ""face_h"": 60.0, ""face_w"": 60.0, ""jitter"": 0.0, ""margin_depths"": 2.0, ""pitch"": 6.5, ""seed"": 23, ""topology"": ""comb"", ""wall_bot"": 0.1, ""wall_top"": 0.1}"
CB_p0650_f100_x13_s23,comb,expanded foil,0.1,23,d00,6.5,50.0,7.6923076923076925,0.041025641025641026,-20.0,0.0006106202490627766,0.04986421391367912,"{""backing"": 2.0, ""comb_expand"": 1.3, ""depth"": 50.0, ""face_h"": 60.0, ""face_w"": 60.0, ""jitter"": 0.0, ""margin_depths"": 2.0, ""pitch"": 6.5, ""seed"": 23, ""topology"": ""comb"", ""wall_bot"": 0.1, ""wall_top"": 0.1}"
CB_p0650_f100_x13_s23,comb,expanded foil,0.1,23,d00,6.5,50.0,7.6923076923076925,0.041025641025641026,-40.0,0.0006231784936971962,0.04986821115016937,"{""backing"": 2.0, ""comb_expand"": 1.3, ""depth"": 50.0, ""face_h"": 60.0, ""face_w"": 60.0, ""jitter"": 0.0, ""margin_depths"": 2.0, ""pitch"": 6.5, ""seed"": 23, ""topology"": ""comb"", ""wall_bot"": 0.1, ""wall_top"": 0.1}"
CB_p0650_f100_x13_s23,comb,expanded foil,0.1,23,d00,6.5,50.0,7.6923076923076925,0.041025641025641026,20.0,0.00060038868105039,0.049865156412124634,"{""backing"": 2.0, ""comb_expand"": 1.3, ""depth"": 50.0, ""face_h"": 60.0, ""face_w"": 60.0, ""jitter"": 0.0, ""margin_depths"": 2.0, ""pitch"": 6.5, ""seed"": 23, ""topology"": ""comb"", ""wall_bot"": 0.1, ""wall_top"": 0.1}"
CB_p0650_f100_x13_s23,comb,expanded foil,0.1,23,d00,6.5,50.0,7.6923076923076925,0.041025641025641026,40.0,0.000620346749201417,0.049866653978824615,"{""backing"": 2.0, ""comb_expand"": 1.3, ""depth"": 50.0, ""face_h"": 60.0, ""face_w"": 60.0, ""jitter"": 0.0, ""margin_depths"": 2.0, ""pitch"": 6.5, ""seed"": 23, ""topology"": ""comb"", ""wall_bot"": 0.1, ""wall_top"": 0.1}"
CB_p0650_f100_x13_s23,comb,expanded foil,0.1,23,d76,6.5,50.0,7.6923076923076925,0.041025641025641026,0.0,0.0007859627366997302,0.04986407980322838,"{""backing"": 2.0, ""comb_expand"": 1.3, ""depth"": 50.0, ""face_h"": 60.0, ""face_w"": 60.0, ""jitter"": 0.0, ""margin_depths"": 2.0, ""pitch"": 6.5, ""seed"": 23, ""topology"": ""comb"", ""wall_bot"": 0.1, ""wall_top"": 0.1}"
CB_p0650_f100_x13_s23,comb,expanded foil,0.1,23,d76,6.5,50.0,7.6923076923076925,0.041025641025641026,-20.0,0.001260981778614223,0.049858953803777695,"{""backing"": 2.0, ""comb_expand"": 1.3, ""depth"": 50.0, ""face_h"": 60.0, ""face_w"": 60.0, ""jitter"": 0.0, ""margin_depths"": 2.0, ""pitch"": 6.5, ""seed"": 23, ""topology"": ""comb"", ""wall_bot"": 0.1, ""wall_top"": 0.1}"
CB_p0650_f100_x13_s23,comb,expanded foil,0.1,23,d76,6.5,50.0,7.6923076923076925,0.041025641025641026,-40.0,0.0019957043696194887,0.049863576889038086,"{""backing"": 2.0, ""comb_expand"": 1.3, ""depth"": 50.0, ""face_h"": 60.0, ""face_w"": 60.0, ""jitter"": 0.0, ""margin_depths"": 2.0, ""pitch"": 6.5, ""seed"": 23, ""topology"": ""comb"", ""wall_bot"": 0.1, ""wall_top"": 0.1}"
CB_p0650_f100_x13_s23,comb,expanded foil,0.1,23,d76,6.5,50.0,7.6923076923076925,0.041025641025641026,20.0,0.0012523230398073792,0.04985981062054634,"{""backing"": 2.0, ""comb_expand"": 1.3, ""depth"": 50.0, ""face_h"": 60.0, ""face_w"": 60.0, ""jitter"": 0.0, ""margin_depths"": 2.0, ""pitch"": 6.5, ""seed"": 23, ""topology"": ""comb"", ""wall_bot"": 0.1, ""wall_top"": 0.1}"
CB_p0650_f100_x13_s23,comb,expanded foil,0.1,23,d76,6.5,50.0,7.6923076923076925,0.041025641025641026,40.0,0.00198899838142097,0.04986167699098587,"{""backing"": 2.0, ""comb_expand"": 1.3, ""depth"": 50.0, ""face_h"": 60.0, ""face_w"": 60.0, ""jitter"": 0.0, ""margin_depths"": 2.0, ""pitch"": 6.5, ""seed"": 23, ""topology"": ""comb"", ""wall_bot"": 0.1, ""wall_top"": 0.1}"
CB_p0650_f100_x13_s23,comb,expanded foil,0.1,23,d100,6.5,50.0,7.6923076923076925,0.041025641025641026,0.0,0.0005259455647319555,0.04986261576414108,"{""backing"": 2.0, ""comb_expand"": 1.3, ""depth"": 50.0, ""face_h"": 60.0, ""face_w"": 60.0, ""jitter"": 0.0, ""margin_depths"": 2.0, ""pitch"": 6.5, ""seed"": 23, ""topology"": ""comb"", ""wall_bot"": 0.1, ""wall_top"": 0.1}"
CB_p0650_f100_x13_s23,comb,expanded foil,0.1,23,d100,6.5,50.0,7.6923076923076925,0.041025641025641026,-20.0,0.0014846783597022295,0.04985788092017174,"{""backing"": 2.0, ""comb_expand"": 1.3, ""depth"": 50.0, ""face_h"": 60.0, ""face_w"": 60.0, ""jitter"": 0.0, ""margin_depths"": 2.0, ""pitch"": 6.5, ""seed"": 23, ""topology"": ""comb"", ""wall_bot"": 0.1, ""wall_top"": 0.1}"
CB_p0650_f100_x13_s23,comb,expanded foil,0.1,23,d100,6.5,50.0,7.6923076923076925,0.041025641025641026,-40.0,0.0024369226302951574,0.04986162856221199,"{""backing"": 2.0, ""comb_expand"": 1.3, ""depth"": 50.0, ""face_h"": 60.0, ""face_w"": 60.0, ""jitter"": 0.0, ""margin_depths"": 2.0, ""pitch"": 6.5, ""seed"": 23, ""topology"": ""comb"", ""wall_bot"": 0.1, ""wall_top"": 0.1}"
CB_p0650_f100_x13_s23,comb,expanded foil,0.1,23,d100,6.5,50.0,7.6923076923076925,0.041025641025641026,20.0,0.0014720530016347766,0.04985849931836128,"{""backing"": 2.0, ""comb_expand"": 1.3, ""depth"": 50.0, ""face_h"": 60.0, ""face_w"": 60.0, ""jitter"": 0.0, ""margin_depths"": 2.0, ""pitch"": 6.5, ""seed"": 23, ""topology"": ""comb"", ""wall_bot"": 0.1, ""wall_top"": 0.1}"
CB_p0650_f100_x13_s23,comb,expanded foil,0.1,23,d100,6.5,50.0,7.6923076923076925,0.041025641025641026,40.0,0.0024354304186999798,0.04986016824841499,"{""backing"": 2.0, ""comb_expand"": 1.3, ""depth"": 50.0, ""face_h"": 60.0, ""face_w"": 60.0, ""jitter"": 0.0, ""margin_depths"": 2.0, ""pitch"": 6.5, ""seed"": 23, ""topology"": ""comb"", ""wall_bot"": 0.1, ""wall_top"": 0.1}"
CB_p0847_f080_x10_s23,comb,expanded foil,0.08,23,d00,8.47,50.0,5.903187721369539,0.02518693427784337,0.0,0.0019411417888477445,0.049926649779081345,"{""backing"": 2.0, ""comb_expand"": 1.0, ""depth"": 50.0, ""face_h"": 60.0, ""face_w"": 60.0, ""jitter"": 0.0, ""margin_depths"": 2.0, ""pitch"": 8.47, ""seed"": 23, ""topology"": ""comb"", ""wall_bot"": 0.08, ""wall_top"": 0.08}"
CB_p0847_f080_x10_s23,comb,expanded foil,0.08,23,d00,8.47,50.0,5.903187721369539,0.02518693427784337,-20.0,0.00046884967014193535,0.049891792237758636,"{""backing"": 2.0, ""comb_expand"": 1.0, ""depth"": 50.0, ""face_h"": 60.0, ""face_w"": 60.0, ""jitter"": 0.0, ""margin_depths"": 2.0, ""pitch"": 8.47, ""seed"": 23, ""topology"": ""comb"", ""wall_bot"": 0.08, ""wall_top"": 0.08}"
CB_p0847_f080_x10_s23,comb,expanded foil,0.08,23,d00,8.47,50.0,5.903187721369539,0.02518693427784337,-40.0,0.00044567653094418347,0.049881257116794586,"{""backing"": 2.0, ""comb_expand"": 1.0, ""depth"": 50.0, ""face_h"": 60.0, ""face_w"": 60.0, ""jitter"": 0.0, ""margin_depths"": 2.0, ""pitch"": 8.47, ""seed"": 23, ""topology"": ""comb"", ""wall_bot"": 0.08, ""wall_top"": 0.08}"
CB_p0847_f080_x10_s23,comb,expanded foil,0.08,23,d00,8.47,50.0,5.903187721369539,0.02518693427784337,20.0,0.0004735244147013873,0.049891550093889236,"{""backing"": 2.0, ""comb_expand"": 1.0, ""depth"": 50.0, ""face_h"": 60.0, ""face_w"": 60.0, ""jitter"": 0.0, ""margin_depths"": 2.0, ""pitch"": 8.47, ""seed"": 23, ""topology"": ""comb"", ""wall_bot"": 0.08, ""wall_top"": 0.08}"
CB_p0847_f080_x10_s23,comb,expanded foil,0.08,23,d00,8.47,50.0,5.903187721369539,0.02518693427784337,40.0,0.00044953596079722047,0.049884796142578125,"{""backing"": 2.0, ""comb_expand"": 1.0, ""depth"": 50.0, ""face_h"": 60.0, ""face_w"": 60.0, ""jitter"": 0.0, ""margin_depths"": 2.0, ""pitch"": 8.47, ""seed"": 23, ""topology"": ""comb"", ""wall_bot"": 0.08, ""wall_top"": 0.08}"
CB_p0847_f080_x10_s23,comb,expanded foil,0.08,23,d76,8.47,50.0,5.903187721369539,0.02518693427784337,0.0,0.0007253063376992941,0.04992452263832092,"{""backing"": 2.0, ""comb_expand"": 1.0, ""depth"": 50.0, ""face_h"": 60.0, ""face_w"": 60.0, ""jitter"": 0.0, ""margin_depths"": 2.0, ""pitch"": 8.47, ""seed"": 23, ""topology"": ""comb"", ""wall_bot"": 0.08, ""wall_top"": 0.08}"
CB_p0847_f080_x10_s23,comb,expanded foil,0.08,23,d76,8.47,50.0,5.903187721369539,0.02518693427784337,-20.0,0.0010287035256624222,0.04988770931959152,"{""backing"": 2.0, ""comb_expand"": 1.0, ""depth"": 50.0, ""face_h"": 60.0, ""face_w"": 60.0, ""jitter"": 0.0, ""margin_depths"": 2.0, ""pitch"": 8.47, ""seed"": 23, ""topology"": ""comb"", ""wall_bot"": 0.08, ""wall_top"": 0.08}"
CB_p0847_f080_x10_s23,comb,expanded foil,0.08,23,d76,8.47,50.0,5.903187721369539,0.02518693427784337,-40.0,0.0016818613512441516,0.049876973032951355,"{""backing"": 2.0, ""comb_expand"": 1.0, ""depth"": 50.0, ""face_h"": 60.0, ""face_w"": 60.0, ""jitter"": 0.0, ""margin_depths"": 2.0, ""pitch"": 8.47, ""seed"": 23, ""topology"": ""comb"", ""wall_bot"": 0.08, ""wall_top"": 0.08}"
CB_p0847_f080_x10_s23,comb,expanded foil,0.08,23,d76,8.47,50.0,5.903187721369539,0.02518693427784337,20.0,0.0010501836659386754,0.04988696426153183,"{""backing"": 2.0, ""comb_expand"": 1.0, ""depth"": 50.0, ""face_h"": 60.0, ""face_w"": 60.0, ""jitter"": 0.0, ""margin_depths"": 2.0, ""pitch"": 8.47, ""seed"": 23, ""topology"": ""comb"", ""wall_bot"": 0.08, ""wall_top"": 0.08}"
CB_p0847_f080_x10_s23,comb,expanded foil,0.08,23,d76,8.47,50.0,5.903187721369539,0.02518693427784337,40.0,0.0017308058449998498,0.049879614263772964,"{""backing"": 2.0, ""comb_expand"": 1.0, ""depth"": 50.0, ""face_h"": 60.0, ""face_w"": 60.0, ""jitter"": 0.0, ""margin_depths"": 2.0, ""pitch"": 8.47, ""seed"": 23, ""topology"": ""comb"", ""wall_bot"": 0.08, ""wall_top"": 0.08}"
CB_p0847_f080_x10_s23,comb,expanded foil,0.08,23,d100,8.47,50.0,5.903187721369539,0.02518693427784337,0.0,0.00039883601129986346,0.049923792481422424,"{""backing"": 2.0, ""comb_expand"": 1.0, ""depth"": 50.0, ""face_h"": 60.0, ""face_w"": 60.0, ""jitter"": 0.0, ""margin_depths"": 2.0, ""pitch"": 8.47, ""seed"": 23, ""topology"": ""comb"", ""wall_bot"": 0.08, ""wall_top"": 0.08}"
CB_p0847_f080_x10_s23,comb,expanded foil,0.08,23,d100,8.47,50.0,5.903187721369539,0.02518693427784337,-20.0,0.001214633579365909,0.049886543303728104,"{""backing"": 2.0, ""comb_expand"": 1.0, ""depth"": 50.0, ""face_h"": 60.0, ""face_w"": 60.0, ""jitter"": 0.0, ""margin_depths"": 2.0, ""pitch"": 8.47, ""seed"": 23, ""topology"": ""comb"", ""wall_bot"": 0.08, ""wall_top"": 0.08}"
CB_p0847_f080_x10_s23,comb,expanded foil,0.08,23,d100,8.47,50.0,5.903187721369539,0.02518693427784337,-40.0,0.0020832724403589964,0.04987505078315735,"{""backing"": 2.0, ""comb_expand"": 1.0, ""depth"": 50.0, ""face_h"": 60.0, ""face_w"": 60.0, ""jitter"": 0.0, ""margin_depths"": 2.0, ""pitch"": 8.47, ""seed"": 23, ""topology"": ""comb"", ""wall_bot"": 0.08, ""wall_top"": 0.08}"
CB_p0847_f080_x10_s23,comb,expanded foil,0.08,23,d100,8.47,50.0,5.903187721369539,0.02518693427784337,20.0,0.0012440015561878681,0.049885883927345276,"{""backing"": 2.0, ""comb_expand"": 1.0, ""depth"": 50.0, ""face_h"": 60.0, ""face_w"": 60.0, ""jitter"": 0.0, ""margin_depths"": 2.0, ""pitch"": 8.47, ""seed"": 23, ""topology"": ""comb"", ""wall_bot"": 0.08, ""wall_top"": 0.08}"
CB_p0847_f080_x10_s23,comb,expanded foil,0.08,23,d100,8.47,50.0,5.903187721369539,0.02518693427784337,40.0,0.0021493518725037575,0.04987781122326851,"{""backing"": 2.0, ""comb_expand"": 1.0, ""depth"": 50.0, ""face_h"": 60.0, ""face_w"": 60.0, ""jitter"": 0.0, ""margin_depths"": 2.0, ""pitch"": 8.47, ""seed"": 23, ""topology"": ""comb"", ""wall_bot"": 0.08, ""wall_top"": 0.08}"
CB_p0847_f080_x13_s23,comb,expanded foil,0.08,23,d00,8.47,50.0,5.903187721369539,0.02518693427784337,0.0,0.002177863148972392,0.04983018338680267,"{""backing"": 2.0, ""comb_expand"": 1.3, ""depth"": 50.0, ""face_h"": 60.0, ""face_w"": 60.0, ""jitter"": 0.0, ""margin_depths"": 2.0, ""pitch"": 8.47, ""seed"": 23, ""topology"": ""comb"", ""wall_bot"": 0.08, ""wall_top"": 0.08}"
CB_p0847_f080_x13_s23,comb,expanded foil,0.08,23,d00,8.47,50.0,5.903187721369539,0.02518693427784337,-20.0,0.0004076921031810343,0.04976982995867729,"{""backing"": 2.0, ""comb_expand"": 1.3, ""depth"": 50.0, ""face_h"": 60.0, ""face_w"": 60.0, ""jitter"": 0.0, ""margin_depths"": 2.0, ""pitch"": 8.47, ""seed"": 23, ""topology"": ""comb"", ""wall_bot"": 0.08, ""wall_top"": 0.08}"
CB_p0847_f080_x13_s23,comb,expanded foil,0.08,23,d00,8.47,50.0,5.903187721369539,0.02518693427784337,-40.0,0.0003795668308157474,0.049769699573516846,"{""backing"": 2.0, ""comb_expand"": 1.3, ""depth"": 50.0, ""face_h"": 60.0, ""face_w"": 60.0, ""jitter"": 0.0, ""margin_depths"": 2.0, ""pitch"": 8.47, ""seed"": 23, ""topology"": ""comb"", ""wall_bot"": 0.08, ""wall_top"": 0.08}"
CB_p0847_f080_x13_s23,comb,expanded foil,0.08,23,d00,8.47,50.0,5.903187721369539,0.02518693427784337,20.0,0.0004116507770959288,0.04976395145058632,"{""backing"": 2.0, ""comb_expand"": 1.3, ""depth"": 50.0, ""face_h"": 60.0, ""face_w"": 60.0, ""jitter"": 0.0, ""margin_depths"": 2.0, ""pitch"": 8.47, ""seed"": 23, ""topology"": ""comb"", ""wall_bot"": 0.08, ""wall_top"": 0.08}"
CB_p0847_f080_x13_s23,comb,expanded foil,0.08,23,d00,8.47,50.0,5.903187721369539,0.02518693427784337,40.0,0.00038110913010314107,0.0497664175927639,"{""backing"": 2.0, ""comb_expand"": 1.3, ""depth"": 50.0, ""face_h"": 60.0, ""face_w"": 60.0, ""jitter"": 0.0, ""margin_depths"": 2.0, ""pitch"": 8.47, ""seed"": 23, ""topology"": ""comb"", ""wall_bot"": 0.08, ""wall_top"": 0.08}"
CB_p0847_f080_x13_s23,comb,expanded foil,0.08,23,d76,8.47,50.0,5.903187721369539,0.02518693427784337,0.0,0.0007431608391925693,0.04982476681470871,"{""backing"": 2.0, ""comb_expand"": 1.3, ""depth"": 50.0, ""face_h"": 60.0, ""face_w"": 60.0, ""jitter"": 0.0, ""margin_depths"": 2.0, ""pitch"": 8.47, ""seed"": 23, ""topology"": ""comb"", ""wall_bot"": 0.08, ""wall_top"": 0.08}"
CB_p0847_f080_x13_s23,comb,expanded foil,0.08,23,d76,8.47,50.0,5.903187721369539,0.02518693427784337,-20.0,0.001053513027727604,0.049761705100536346,"{""backing"": 2.0, ""comb_expand"": 1.3, ""depth"": 50.0, ""face_h"": 60.0, ""face_w"": 60.0, ""jitter"": 0.0, ""margin_depths"": 2.0, ""pitch"": 8.47, ""seed"": 23, ""topology"": ""comb"", ""wall_bot"": 0.08, ""wall_top"": 0.08}"
CB_p0847_f080_x13_s23,comb,expanded foil,0.08,23,d76,8.47,50.0,5.903187721369539,0.02518693427784337,-40.0,0.0017882282845675945,0.0497618243098259,"{""backing"": 2.0, ""comb_expand"": 1.3, ""depth"": 50.0, ""face_h"": 60.0, ""face_w"": 60.0, ""jitter"": 0.0, ""margin_depths"": 2.0, ""pitch"": 8.47, ""seed"": 23, ""topology"": ""comb"", ""wall_bot"": 0.08, ""wall_top"": 0.08}"
CB_p0847_f080_x13_s23,comb,expanded foil,0.08,23,d76,8.47,50.0,5.903187721369539,0.02518693427784337,20.0,0.0010641443077474833,0.049755413085222244,"{""backing"": 2.0, ""comb_expand"": 1.3, ""depth"": 50.0, ""face_h"": 60.0, ""face_w"": 60.0, ""jitter"": 0.0, ""margin_depths"": 2.0, ""pitch"": 8.47, ""seed"": 23, ""topology"": ""comb"", ""wall_bot"": 0.08, ""wall_top"": 0.08}"
CB_p0847_f080_x13_s23,comb,expanded foil,0.08,23,d76,8.47,50.0,5.903187721369539,0.02518693427784337,40.0,0.0018221914069727063,0.0497581847012043,"{""backing"": 2.0, ""comb_expand"": 1.3, ""depth"": 50.0, ""face_h"": 60.0, ""face_w"": 60.0, ""jitter"": 0.0, ""margin_depths"": 2.0, ""pitch"": 8.47, ""seed"": 23, ""topology"": ""comb"", ""wall_bot"": 0.08, ""wall_top"": 0.08}"
CB_p0847_f080_x13_s23,comb,expanded foil,0.08,23,d100,8.47,50.0,5.903187721369539,0.02518693427784337,0.0,0.0003535297582857311,0.04982306808233261,"{""backing"": 2.0, ""comb_expand"": 1.3, ""depth"": 50.0, ""face_h"": 60.0, ""face_w"": 60.0, ""jitter"": 0.0, ""margin_depths"": 2.0, ""pitch"": 8.47, ""seed"": 23, ""topology"": ""comb"", ""wall_bot"": 0.08, ""wall_top"": 0.08}"
CB_p0847_f080_x13_s23,comb,expanded foil,0.08,23,d100,8.47,50.0,5.903187721369539,0.02518693427784337,-20.0,0.0012764552375301719,0.04975903779268265,"{""backing"": 2.0, ""comb_expand"": 1.3, ""depth"": 50.0, ""face_h"": 60.0, ""face_w"": 60.0, ""jitter"": 0.0, ""margin_depths"": 2.0, ""pitch"": 8.47, ""seed"": 23, ""topology"": ""comb"", ""wall_bot"": 0.08, ""wall_top"": 0.08}"
CB_p0847_f080_x13_s23,comb,expanded foil,0.08,23,d100,8.47,50.0,5.903187721369539,0.02518693427784337,-40.0,0.002234466141089797,0.04975862056016922,"{""backing"": 2.0, ""comb_expand"": 1.3, ""depth"": 50.0, ""face_h"": 60.0, ""face_w"": 60.0, ""jitter"": 0.0, ""margin_depths"": 2.0, ""pitch"": 8.47, ""seed"": 23, ""topology"": ""comb"", ""wall_bot"": 0.08, ""wall_top"": 0.08}"
CB_p0847_f080_x13_s23,comb,expanded foil,0.08,23,d100,8.47,50.0,5.903187721369539,0.02518693427784337,20.0,0.0012907031923532486,0.04975302517414093,"{""backing"": 2.0, ""comb_expand"": 1.3, ""depth"": 50.0, ""face_h"": 60.0, ""face_w"": 60.0, ""jitter"": 0.0, ""margin_depths"": 2.0, ""pitch"": 8.47, ""seed"": 23, ""topology"": ""comb"", ""wall_bot"": 0.08, ""wall_top"": 0.08}"
CB_p0847_f080_x13_s23,comb,expanded foil,0.08,23,d100,8.47,50.0,5.903187721369539,0.02518693427784337,40.0,0.0022812779061496258,0.04975513741374016,"{""backing"": 2.0, ""comb_expand"": 1.3, ""depth"": 50.0, ""face_h"": 60.0, ""face_w"": 60.0, ""jitter"": 0.0, ""margin_depths"": 2.0, ""pitch"": 8.47, ""seed"": 23, ""topology"": ""comb"", ""wall_bot"": 0.08, ""wall_top"": 0.08}"
CB_p0952_f100_x10_s23,comb,expanded foil,0.1,23,d00,9.53,50.0,5.246589716684156,0.027981811822315492,0.0,0.0022194015327841043,0.04983622953295708,"{""backing"": 2.0, ""comb_expand"": 1.0, ""depth"": 50.0, ""face_h"": 60.0, ""face_w"": 60.0, ""jitter"": 0.0, ""margin_depths"": 2.0, ""pitch"": 9.53, ""seed"": 23, ""topology"": ""comb"", ""wall_bot"": 0.1, ""wall_top"": 0.1}"
CB_p0952_f100_x10_s23,comb,expanded foil,0.1,23,d00,9.53,50.0,5.246589716684156,0.027981811822315492,-20.0,0.0004954028991051018,0.04983145371079445,"{""backing"": 2.0, ""comb_expand"": 1.0, ""depth"": 50.0, ""face_h"": 60.0, ""face_w"": 60.0, ""jitter"": 0.0, ""margin_depths"": 2.0, ""pitch"": 9.53, ""seed"": 23, ""topology"": ""comb"", ""wall_bot"": 0.1, ""wall_top"": 0.1}"
CB_p0952_f100_x10_s23,comb,expanded foil,0.1,23,d00,9.53,50.0,5.246589716684156,0.027981811822315492,-40.0,0.0004859545442741364,0.049826424568891525,"{""backing"": 2.0, ""comb_expand"": 1.0, ""depth"": 50.0, ""face_h"": 60.0, ""face_w"": 60.0, ""jitter"": 0.0, ""margin_depths"": 2.0, ""pitch"": 9.53, ""seed"": 23, ""topology"": ""comb"", ""wall_bot"": 0.1, ""wall_top"": 0.1}"
CB_p0952_f100_x10_s23,comb,expanded foil,0.1,23,d00,9.53,50.0,5.246589716684156,0.027981811822315492,20.0,0.0005115370149724185,0.049833957105875015,"{""backing"": 2.0, ""comb_expand"": 1.0, ""depth"": 50.0, ""face_h"": 60.0, ""face_w"": 60.0, ""jitter"": 0.0, ""margin_depths"": 2.0, ""pitch"": 9.53, ""seed"": 23, ""topology"": ""comb"", ""wall_bot"": 0.1, ""wall_top"": 0.1}"
CB_p0952_f100_x10_s23,comb,expanded foil,0.1,23,d00,9.53,50.0,5.246589716684156,0.027981811822315492,40.0,0.0004874191072303802,0.04982564225792885,"{""backing"": 2.0, ""comb_expand"": 1.0, ""depth"": 50.0, ""face_h"": 60.0, ""face_w"": 60.0, ""jitter"": 0.0, ""margin_depths"": 2.0, ""pitch"": 9.53, ""seed"": 23, ""topology"": ""comb"", ""wall_bot"": 0.1, ""wall_top"": 0.1}"
CB_p0952_f100_x10_s23,comb,expanded foil,0.1,23,d76,9.53,50.0,5.246589716684156,0.027981811822315492,0.0,0.0008246501092799008,0.04983038827776909,"{""backing"": 2.0, ""comb_expand"": 1.0, ""depth"": 50.0, ""face_h"": 60.0, ""face_w"": 60.0, ""jitter"": 0.0, ""margin_depths"": 2.0, ""pitch"": 9.53, ""seed"": 23, ""topology"": ""comb"", ""wall_bot"": 0.1, ""wall_top"": 0.1}"
CB_p0952_f100_x10_s23,comb,expanded foil,0.1,23,d76,9.53,50.0,5.246589716684156,0.027981811822315492,-20.0,0.0010733917588368058,0.049824852496385574,"{""backing"": 2.0, ""comb_expand"": 1.0, ""depth"": 50.0, ""face_h"": 60.0, ""face_w"": 60.0, ""jitter"": 0.0, ""margin_depths"": 2.0, ""pitch"": 9.53, ""seed"": 23, ""topology"": ""comb"", ""wall_bot"": 0.1, ""wall_top"": 0.1}"
CB_p0952_f100_x10_s23,comb,expanded foil,0.1,23,d76,9.53,50.0,5.246589716684156,0.027981811822315492,-40.0,0.001710435375571251,0.049819350242614746,"{""backing"": 2.0, ""comb_expand"": 1.0, ""depth"": 50.0, ""face_h"": 60.0, ""face_w"": 60.0, ""jitter"": 0.0, ""margin_depths"": 2.0, ""pitch"": 9.53, ""seed"": 23, ""topology"": ""comb"", ""wall_bot"": 0.1, ""wall_top"": 0.1}"
CB_p0952_f100_x10_s23,comb,expanded foil,0.1,23,d76,9.53,50.0,5.246589716684156,0.027981811822315492,20.0,0.0011374755995348096,0.049828410148620605,"{""backing"": 2.0, ""comb_expand"": 1.0, ""depth"": 50.0, ""face_h"": 60.0, ""face_w"": 60.0, ""jitter"": 0.0, ""margin_depths"": 2.0, ""pitch"": 9.53, ""seed"": 23, ""topology"": ""comb"", ""wall_bot"": 0.1, ""wall_top"": 0.1}"
CB_p0952_f100_x10_s23,comb,expanded foil,0.1,23,d76,9.53,50.0,5.246589716684156,0.027981811822315492,40.0,0.0017981824930757284,0.0498192198574543,"{""backing"": 2.0, ""comb_expand"": 1.0, ""depth"": 50.0, ""face_h"": 60.0, ""face_w"": 60.0, ""jitter"": 0.0, ""margin_depths"": 2.0, ""pitch"": 9.53, ""seed"": 23, ""topology"": ""comb"", ""wall_bot"": 0.1, ""wall_top"": 0.1}"
CB_p0952_f100_x10_s23,comb,expanded foil,0.1,23,d100,9.53,50.0,5.246589716684156,0.027981811822315492,0.0,0.0004476593167055398,0.04982861503958702,"{""backing"": 2.0, ""comb_expand"": 1.0, ""depth"": 50.0, ""face_h"": 60.0, ""face_w"": 60.0, ""jitter"": 0.0, ""margin_depths"": 2.0, ""pitch"": 9.53, ""seed"": 23, ""topology"": ""comb"", ""wall_bot"": 0.1, ""wall_top"": 0.1}"
CB_p0952_f100_x10_s23,comb,expanded foil,0.1,23,d100,9.53,50.0,5.246589716684156,0.027981811822315492,-20.0,0.0012578315800055861,0.04982298985123634,"{""backing"": 2.0, ""comb_expand"": 1.0, ""depth"": 50.0, ""face_h"": 60.0, ""face_w"": 60.0, ""jitter"": 0.0, ""margin_depths"": 2.0, ""pitch"": 9.53, ""seed"": 23, ""topology"": ""comb"", ""wall_bot"": 0.1, ""wall_top"": 0.1}"
CB_p0952_f100_x10_s23,comb,expanded foil,0.1,23,d100,9.53,50.0,5.246589716684156,0.027981811822315492,-40.0,0.0021078302524983883,0.04981774464249611,"{""backing"": 2.0, ""comb_expand"": 1.0, ""depth"": 50.0, ""face_h"": 60.0, ""face_w"": 60.0, ""jitter"": 0.0, ""margin_depths"": 2.0, ""pitch"": 9.53, ""seed"": 23, ""topology"": ""comb"", ""wall_bot"": 0.1, ""wall_top"": 0.1}"
CB_p0952_f100_x10_s23,comb,expanded foil,0.1,23,d100,9.53,50.0,5.246589716684156,0.027981811822315492,20.0,0.0013435245491564274,0.04982646927237511,"{""backing"": 2.0, ""comb_expand"": 1.0, ""depth"": 50.0, ""face_h"": 60.0, ""face_w"": 60.0, ""jitter"": 0.0, ""margin_depths"": 2.0, ""pitch"": 9.53, ""seed"": 23, ""topology"": ""comb"", ""wall_bot"": 0.1, ""wall_top"": 0.1}"
CB_p0952_f100_x10_s23,comb,expanded foil,0.1,23,d100,9.53,50.0,5.246589716684156,0.027981811822315492,40.0,0.0022243126295506954,0.0498172789812088,"{""backing"": 2.0, ""comb_expand"": 1.0, ""depth"": 50.0, ""face_h"": 60.0, ""face_w"": 60.0, ""jitter"": 0.0, ""margin_depths"": 2.0, ""pitch"": 9.53, ""seed"": 23, ""topology"": ""comb"", ""wall_bot"": 0.1, ""wall_top"": 0.1}"
CB_p0952_f100_x13_s23,comb,expanded foil,0.1,23,d00,9.53,50.0,5.246589716684156,0.027981811822315492,0.0,0.0025047995150089264,0.0495697520673275,"{""backing"": 2.0, ""comb_expand"": 1.3, ""depth"": 50.0, ""face_h"": 60.0, ""face_w"": 60.0, ""jitter"": 0.0, ""margin_depths"": 2.0, ""pitch"": 9.53, ""seed"": 23, ""topology"": ""comb"", ""wall_bot"": 0.1, ""wall_top"": 0.1}"
CB_p0952_f100_x13_s23,comb,expanded foil,0.1,23,d00,9.53,50.0,5.246589716684156,0.027981811822315492,-20.0,0.0004643890424631536,0.049556467682123184,"{""backing"": 2.0, ""comb_expand"": 1.3, ""depth"": 50.0, ""face_h"": 60.0, ""face_w"": 60.0, ""jitter"": 0.0, ""margin_depths"": 2.0, ""pitch"": 9.53, ""seed"": 23, ""topology"": ""comb"", ""wall_bot"": 0.1, ""wall_top"": 0.1}"
CB_p0952_f100_x13_s23,comb,expanded foil,0.1,23,d00,9.53,50.0,5.246589716684156,0.027981811822315492,-40.0,0.00045310318819247186,0.049549397081136703,"{""backing"": 2.0, ""comb_expand"": 1.3, ""depth"": 50.0, ""face_h"": 60.0, ""face_w"": 60.0, ""jitter"": 0.0, ""margin_depths"": 2.0, ""pitch"": 9.53, ""seed"": 23, ""topology"": ""comb"", ""wall_bot"": 0.1, ""wall_top"": 0.1}"
CB_p0952_f100_x13_s23,comb,expanded foil,0.1,23,d00,9.53,50.0,5.246589716684156,0.027981811822315492,20.0,0.00047559748054482043,0.049561843276023865,"{""backing"": 2.0, ""comb_expand"": 1.3, ""depth"": 50.0, ""face_h"": 60.0, ""face_w"": 60.0, ""jitter"": 0.0, ""margin_depths"": 2.0, ""pitch"": 9.53, ""seed"": 23, ""topology"": ""comb"", ""wall_bot"": 0.1, ""wall_top"": 0.1}"
CB_p0952_f100_x13_s23,comb,expanded foil,0.1,23,d00,9.53,50.0,5.246589716684156,0.027981811822315492,40.0,0.0004566365678329021,0.049553193151950836,"{""backing"": 2.0, ""comb_expand"": 1.3, ""depth"": 50.0, ""face_h"": 60.0, ""face_w"": 60.0, ""jitter"": 0.0, ""margin_depths"": 2.0, ""pitch"": 9.53, ""seed"": 23, ""topology"": ""comb"", ""wall_bot"": 0.1, ""wall_top"": 0.1}"
CB_p0952_f100_x13_s23,comb,expanded foil,0.1,23,d76,9.53,50.0,5.246589716684156,0.027981811822315492,0.0,0.0008778831106610596,0.049553561955690384,"{""backing"": 2.0, ""comb_expand"": 1.3, ""depth"": 50.0, ""face_h"": 60.0, ""face_w"": 60.0, ""jitter"": 0.0, ""margin_depths"": 2.0, ""pitch"": 9.53, ""seed"": 23, ""topology"": ""comb"", ""wall_bot"": 0.1, ""wall_top"": 0.1}"
CB_p0952_f100_x13_s23,comb,expanded foil,0.1,23,d76,9.53,50.0,5.246589716684156,0.027981811822315492,-20.0,0.001114781480282545,0.04954010248184204,"{""backing"": 2.0, ""comb_expand"": 1.3, ""depth"": 50.0, ""face_h"": 60.0, ""face_w"": 60.0, ""jitter"": 0.0, ""margin_depths"": 2.0, ""pitch"": 9.53, ""seed"": 23, ""topology"": ""comb"", ""wall_bot"": 0.1, ""wall_top"": 0.1}"
CB_p0952_f100_x13_s23,comb,expanded foil,0.1,23,d76,9.53,50.0,5.246589716684156,0.027981811822315492,-40.0,0.0018293397733941674,0.049532439559698105,"{""backing"": 2.0, ""comb_expand"": 1.3, ""depth"": 50.0, ""face_h"": 60.0, ""face_w"": 60.0, ""jitter"": 0.0, ""margin_depths"": 2.0, ""pitch"": 9.53, ""seed"": 23, ""topology"": ""comb"", ""wall_bot"": 0.1, ""wall_top"": 0.1}"
CB_p0952_f100_x13_s23,comb,expanded foil,0.1,23,d76,9.53,50.0,5.246589716684156,0.027981811822315492,20.0,0.0011848722351714969,0.04954428970813751,"{""backing"": 2.0, ""comb_expand"": 1.3, ""depth"": 50.0, ""face_h"": 60.0, ""face_w"": 60.0, ""jitter"": 0.0, ""margin_depths"": 2.0, ""pitch"": 9.53, ""seed"": 23, ""topology"": ""comb"", ""wall_bot"": 0.1, ""wall_top"": 0.1}"
CB_p0952_f100_x13_s23,comb,expanded foil,0.1,23,d76,9.53,50.0,5.246589716684156,0.027981811822315492,40.0,0.0019131775479763746,0.04953529313206673,"{""backing"": 2.0, ""comb_expand"": 1.3, ""depth"": 50.0, ""face_h"": 60.0, ""face_w"": 60.0, ""jitter"": 0.0, ""margin_depths"": 2.0, ""pitch"": 9.53, ""seed"": 23, ""topology"": ""comb"", ""wall_bot"": 0.1, ""wall_top"": 0.1}"
CB_p0952_f100_x13_s23,comb,expanded foil,0.1,23,d100,9.53,50.0,5.246589716684156,0.027981811822315492,0.0,0.0004352850082796067,0.04954881593585014,"{""backing"": 2.0, ""comb_expand"": 1.3, ""depth"": 50.0, ""face_h"": 60.0, ""face_w"": 60.0, ""jitter"": 0.0, ""margin_depths"": 2.0, ""pitch"": 9.53, ""seed"": 23, ""topology"": ""comb"", ""wall_bot"": 0.1, ""wall_top"": 0.1}"
CB_p0952_f100_x13_s23,comb,expanded foil,0.1,23,d100,9.53,50.0,5.246589716684156,0.027981811822315492,-20.0,0.0013296192046254873,0.04953544959425926,"{""backing"": 2.0, ""comb_expand"": 1.3, ""depth"": 50.0, ""face_h"": 60.0, ""face_w"": 60.0, ""jitter"": 0.0, ""margin_depths"": 2.0, ""pitch"": 9.53, ""seed"": 23, ""topology"": ""comb"", ""wall_bot"": 0.1, ""wall_top"": 0.1}"
CB_p0952_f100_x13_s23,comb,expanded foil,0.1,23,d100,9.53,50.0,5.246589716684156,0.027981811822315492,-40.0,0.00227617216296494,0.04952668771147728,"{""backing"": 2.0, ""comb_expand"": 1.3, ""depth"": 50.0, ""face_h"": 60.0, ""face_w"": 60.0, ""jitter"": 0.0, ""margin_depths"": 2.0, ""pitch"": 9.53, ""seed"": 23, ""topology"": ""comb"", ""wall_bot"": 0.1, ""wall_top"": 0.1}"
CB_p0952_f100_x13_s23,comb,expanded foil,0.1,23,d100,9.53,50.0,5.246589716684156,0.027981811822315492,20.0,0.0014201145386323333,0.04953960329294205,"{""backing"": 2.0, ""comb_expand"": 1.3, ""depth"": 50.0, ""face_h"": 60.0, ""face_w"": 60.0, ""jitter"": 0.0, ""margin_depths"": 2.0, ""pitch"": 9.53, ""seed"": 23, ""topology"": ""comb"", ""wall_bot"": 0.1, ""wall_top"": 0.1}"
CB_p0952_f100_x13_s23,comb,expanded foil,0.1,23,d100,9.53,50.0,5.246589716684156,0.027981811822315492,40.0,0.002382835140451789,0.04952976480126381,"{""backing"": 2.0, ""comb_expand"": 1.3, ""depth"": 50.0, ""face_h"": 60.0, ""face_w"": 60.0, ""jitter"": 0.0, ""margin_depths"": 2.0, ""pitch"": 9.53, ""seed"": 23, ""topology"": ""comb"", ""wall_bot"": 0.1, ""wall_top"": 0.1}"
CB_p0317_f040_x10_s101,comb,expanded foil,0.04,101,d00,3.17,50.0,15.772870662460567,0.03364879074658255,0.0,0.0007658909307792783,0.04999997094273567,"{""backing"": 2.0, ""comb_expand"": 1.0, ""depth"": 50.0, ""face_h"": 60.0, ""face_w"": 60.0, ""jitter"": 0.0, ""margin_depths"": 2.0, ""pitch"": 3.17, ""seed"": 101, ""topology"": ""comb"", ""wall_bot"": 0.04, ""wall_top"": 0.04}"
CB_p0317_f040_x10_s101,comb,expanded foil,0.04,101,d00,3.17,50.0,15.772870662460567,0.03364879074658255,-20.0,0.0005878334050066769,0.04999997094273567,"{""backing"": 2.0, ""comb_expand"": 1.0, ""depth"": 50.0, ""face_h"": 60.0, ""face_w"": 60.0, ""jitter"": 0.0, ""margin_depths"": 2.0, ""pitch"": 3.17, ""seed"": 101, ""topology"": ""comb"", ""wall_bot"": 0.04, ""wall_top"": 0.04}"
CB_p0317_f040_x10_s101,comb,expanded foil,0.04,101,d00,3.17,50.0,15.772870662460567,0.03364879074658255,-40.0,0.0005872095352970064,0.04999997094273567,"{""backing"": 2.0, ""comb_expand"": 1.0, ""depth"": 50.0, ""face_h"": 60.0, ""face_w"": 60.0, ""jitter"": 0.0, ""margin_depths"": 2.0, ""pitch"": 3.17, ""seed"": 101, ""topology"": ""comb"", ""wall_bot"": 0.04, ""wall_top"": 0.04}"
CB_p0317_f040_x10_s101,comb,expanded foil,0.04,101,d00,3.17,50.0,15.772870662460567,0.03364879074658255,20.0,0.0005806054687127471,0.04999997094273567,"{""backing"": 2.0, ""comb_expand"": 1.0, ""depth"": 50.0, ""face_h"": 60.0, ""face_w"": 60.0, ""jitter"": 0.0, ""margin_depths"": 2.0, ""pitch"": 3.17, ""seed"": 101, ""topology"": ""comb"", ""wall_bot"": 0.04, ""wall_top"": 0.04}"
CB_p0317_f040_x10_s101,comb,expanded foil,0.04,101,d00,3.17,50.0,15.772870662460567,0.03364879074658255,40.0,0.0005906034493818879,0.04999997094273567,"{""backing"": 2.0, ""comb_expand"": 1.0, ""depth"": 50.0, ""face_h"": 60.0, ""face_w"": 60.0, ""jitter"": 0.0, ""margin_depths"": 2.0, ""pitch"": 3.17, ""seed"": 101, ""topology"": ""comb"", ""wall_bot"": 0.04, ""wall_top"": 0.04}"
CB_p0317_f040_x10_s101,comb,expanded foil,0.04,101,d76,3.17,50.0,15.772870662460567,0.03364879074658255,0.0,0.000525982934050262,0.04999997094273567,"{""backing"": 2.0, ""comb_expand"": 1.0, ""depth"": 50.0, ""face_h"": 60.0, ""face_w"": 60.0, ""jitter"": 0.0, ""margin_depths"": 2.0, ""pitch"": 3.17, ""seed"": 101, ""topology"": ""comb"", ""wall_bot"": 0.04, ""wall_top"": 0.04}"
CB_p0317_f040_x10_s101,comb,expanded foil,0.04,101,d76,3.17,50.0,15.772870662460567,0.03364879074658255,-20.0,0.0011528019094839692,0.04999997094273567,"{""backing"": 2.0, ""comb_expand"": 1.0, ""depth"": 50.0, ""face_h"": 60.0, ""face_w"": 60.0, ""jitter"": 0.0, ""margin_depths"": 2.0, ""pitch"": 3.17, ""seed"": 101, ""topology"": ""comb"", ""wall_bot"": 0.04, ""wall_top"": 0.04}"
CB_p0317_f040_x10_s101,comb,expanded foil,0.04,101,d76,3.17,50.0,15.772870662460567,0.03364879074658255,-40.0,0.0018266118131577969,0.04999997094273567,"{""backing"": 2.0, ""comb_expand"": 1.0, ""depth"": 50.0, ""face_h"": 60.0, ""face_w"": 60.0, ""jitter"": 0.0, ""margin_depths"": 2.0, ""pitch"": 3.17, ""seed"": 101, ""topology"": ""comb"", ""wall_bot"": 0.04, ""wall_top"": 0.04}"
CB_p0317_f040_x10_s101,comb,expanded foil,0.04,101,d76,3.17,50.0,15.772870662460567,0.03364879074658255,20.0,0.0011608334025368094,0.04999997094273567,"{""backing"": 2.0, ""comb_expand"": 1.0, ""depth"": 50.0, ""face_h"": 60.0, ""face_w"": 60.0, ""jitter"": 0.0, ""margin_depths"": 2.0, ""pitch"": 3.17, ""seed"": 101, ""topology"": ""comb"", ""wall_bot"": 0.04, ""wall_top"": 0.04}"
CB_p0317_f040_x10_s101,comb,expanded foil,0.04,101,d76,3.17,50.0,15.772870662460567,0.03364879074658255,40.0,0.0018213832518085837,0.04999997094273567,"{""backing"": 2.0, ""comb_expand"": 1.0, ""depth"": 50.0, ""face_h"": 60.0, ""face_w"": 60.0, ""jitter"": 0.0, ""margin_depths"": 2.0, ""pitch"": 3.17, ""seed"": 101, ""topology"": ""comb"", ""wall_bot"": 0.04, ""wall_top"": 0.04}"
CB_p0317_f040_x10_s101,comb,expanded foil,0.04,101,d100,3.17,50.0,15.772870662460567,0.03364879074658255,0.0,0.0004623024142347276,0.04999997094273567,"{""backing"": 2.0, ""comb_expand"": 1.0, ""depth"": 50.0, ""face_h"": 60.0, ""face_w"": 60.0, ""jitter"": 0.0, ""margin_depths"": 2.0, ""pitch"": 3.17, ""seed"": 101, ""topology"": ""comb"", ""wall_bot"": 0.04, ""wall_top"": 0.04}"
CB_p0317_f040_x10_s101,comb,expanded foil,0.04,101,d100,3.17,50.0,15.772870662460567,0.03364879074658255,-20.0,0.0013416961301118135,0.04999997094273567,"{""backing"": 2.0, ""comb_expand"": 1.0, ""depth"": 50.0, ""face_h"": 60.0, ""face_w"": 60.0, ""jitter"": 0.0, ""margin_depths"": 2.0, ""pitch"": 3.17, ""seed"": 101, ""topology"": ""comb"", ""wall_bot"": 0.04, ""wall_top"": 0.04}"
CB_p0317_f040_x10_s101,comb,expanded foil,0.04,101,d100,3.17,50.0,15.772870662460567,0.03364879074658255,-40.0,0.0022312498185783625,0.04999997094273567,"{""backing"": 2.0, ""comb_expand"": 1.0, ""depth"": 50.0, ""face_h"": 60.0, ""face_w"": 60.0, ""jitter"": 0.0, ""margin_depths"": 2.0, ""pitch"": 3.17, ""seed"": 101, ""topology"": ""comb"", ""wall_bot"": 0.04, ""wall_top"": 0.04}"
CB_p0317_f040_x10_s101,comb,expanded foil,0.04,101,d100,3.17,50.0,15.772870662460567,0.03364879074658255,20.0,0.0013656339142471552,0.04999997094273567,"{""backing"": 2.0, ""comb_expand"": 1.0, ""depth"": 50.0, ""face_h"": 60.0, ""face_w"": 60.0, ""jitter"": 0.0, ""margin_depths"": 2.0, ""pitch"": 3.17, ""seed"": 101, ""topology"": ""comb"", ""wall_bot"": 0.04, ""wall_top"": 0.04}"
CB_p0317_f040_x10_s101,comb,expanded foil,0.04,101,d100,3.17,50.0,15.772870662460567,0.03364879074658255,40.0,0.0022240551188588142,0.04999997094273567,"{""backing"": 2.0, ""comb_expand"": 1.0, ""depth"": 50.0, ""face_h"": 60.0, ""face_w"": 60.0, ""jitter"": 0.0, ""margin_depths"": 2.0, ""pitch"": 3.17, ""seed"": 101, ""topology"": ""comb"", ""wall_bot"": 0.04, ""wall_top"": 0.04}"
CB_p0317_f040_x13_s101,comb,expanded foil,0.04,101,d00,3.17,50.0,15.772870662460567,0.03364879074658255,0.0,0.0007909958367235959,0.04999997094273567,"{""backing"": 2.0, ""comb_expand"": 1.3, ""depth"": 50.0, ""face_h"": 60.0, ""face_w"": 60.0, ""jitter"": 0.0, ""margin_depths"": 2.0, ""pitch"": 3.17, ""seed"": 101, ""topology"": ""comb"", ""wall_bot"": 0.04, ""wall_top"": 0.04}"
CB_p0317_f040_x13_s101,comb,expanded foil,0.04,101,d00,3.17,50.0,15.772870662460567,0.03364879074658255,-20.0,0.0005166357732377946,0.04999997094273567,"{""backing"": 2.0, ""comb_expand"": 1.3, ""depth"": 50.0, ""face_h"": 60.0, ""face_w"": 60.0, ""jitter"": 0.0, ""margin_depths"": 2.0, ""pitch"": 3.17, ""seed"": 101, ""topology"": ""comb"", ""wall_bot"": 0.04, ""wall_top"": 0.04}"
CB_p0317_f040_x13_s101,comb,expanded foil,0.04,101,d00,3.17,50.0,15.772870662460567,0.03364879074658255,-40.0,0.0005147315678186715,0.04999997094273567,"{""backing"": 2.0, ""comb_expand"": 1.3, ""depth"": 50.0, ""face_h"": 60.0, ""face_w"": 60.0, ""jitter"": 0.0, ""margin_depths"": 2.0, ""pitch"": 3.17, ""seed"": 101, ""topology"": ""comb"", ""wall_bot"": 0.04, ""wall_top"": 0.04}"
CB_p0317_f040_x13_s101,comb,expanded foil,0.04,101,d00,3.17,50.0,15.772870662460567,0.03364879074658255,20.0,0.0005333126755431294,0.04999997094273567,"{""backing"": 2.0, ""comb_expand"": 1.3, ""depth"": 50.0, ""face_h"": 60.0, ""face_w"": 60.0, ""jitter"": 0.0, ""margin_depths"": 2.0, ""pitch"": 3.17, ""seed"": 101, ""topology"": ""comb"", ""wall_bot"": 0.04, ""wall_top"": 0.04}"
CB_p0317_f040_x13_s101,comb,expanded foil,0.04,101,d00,3.17,50.0,15.772870662460567,0.03364879074658255,40.0,0.000515428080689162,0.04999997094273567,"{""backing"": 2.0, ""comb_expand"": 1.3, ""depth"": 50.0, ""face_h"": 60.0, ""face_w"": 60.0, ""jitter"": 0.0, ""margin_depths"": 2.0, ""pitch"": 3.17, ""seed"": 101, ""topology"": ""comb"", ""wall_bot"": 0.04, ""wall_top"": 0.04}"
CB_p0317_f040_x13_s101,comb,expanded foil,0.04,101,d76,3.17,50.0,15.772870662460567,0.03364879074658255,0.0,0.00047688145423308015,0.04999997094273567,"{""backing"": 2.0, ""comb_expand"": 1.3, ""depth"": 50.0, ""face_h"": 60.0, ""face_w"": 60.0, ""jitter"": 0.0, ""margin_depths"": 2.0, ""pitch"": 3.17, ""seed"": 101, ""topology"": ""comb"", ""wall_bot"": 0.04, ""wall_top"": 0.04}"
CB_p0317_f040_x13_s101,comb,expanded foil,0.04,101,d76,3.17,50.0,15.772870662460567,0.03364879074658255,-20.0,0.0011896849609911442,0.04999997094273567,"{""backing"": 2.0, ""comb_expand"": 1.3, ""depth"": 50.0, ""face_h"": 60.0, ""face_w"": 60.0, ""jitter"": 0.0, ""margin_depths"": 2.0, ""pitch"": 3.17, ""seed"": 101, ""topology"": ""comb"", ""wall_bot"": 0.04, ""wall_top"": 0.04}"
CB_p0317_f040_x13_s101,comb,expanded foil,0.04,101,d76,3.17,50.0,15.772870662460567,0.03364879074658255,-40.0,0.00191302050370723,0.04999997094273567,"{""backing"": 2.0, ""comb_expand"": 1.3, ""depth"": 50.0, ""face_h"": 60.0, ""face_w"": 60.0, ""jitter"": 0.0, ""margin_depths"": 2.0, ""pitch"": 3.17, ""seed"": 101, ""topology"": ""comb"", ""wall_bot"": 0.04, ""wall_top"": 0.04}"
CB_p0317_f040_x13_s101,comb,expanded foil,0.04,101,d76,3.17,50.0,15.772870662460567,0.03364879074658255,20.0,0.00120346003677696,0.04999997094273567,"{""backing"": 2.0, ""comb_expand"": 1.3, ""depth"": 50.0, ""face_h"": 60.0, ""face_w"": 60.0, ""jitter"": 0.0, ""margin_depths"": 2.0, ""pitch"": 3.17, ""seed"": 101, ""topology"": ""comb"", ""wall_bot"": 0.04, ""wall_top"": 0.04}"
CB_p0317_f040_x13_s101,comb,expanded foil,0.04,101,d76,3.17,50.0,15.772870662460567,0.03364879074658255,40.0,0.0019120366778224707,0.04999997094273567,"{""backing"": 2.0, ""comb_expand"": 1.3, ""depth"": 50.0, ""face_h"": 60.0, ""face_w"": 60.0, ""jitter"": 0.0, ""margin_depths"": 2.0, ""pitch"": 3.17, ""seed"": 101, ""topology"": ""comb"", ""wall_bot"": 0.04, ""wall_top"": 0.04}"
CB_p0317_f040_x13_s101,comb,expanded foil,0.04,101,d100,3.17,50.0,15.772870662460567,0.03364879074658255,0.0,0.0004002379428129643,0.04999997094273567,"{""backing"": 2.0, ""comb_expand"": 1.3, ""depth"": 50.0, ""face_h"": 60.0, ""face_w"": 60.0, ""jitter"": 0.0, ""margin_depths"": 2.0, ""pitch"": 3.17, ""seed"": 101, ""topology"": ""comb"", ""wall_bot"": 0.04, ""wall_top"": 0.04}"
CB_p0317_f040_x13_s101,comb,expanded foil,0.04,101,d100,3.17,50.0,15.772870662460567,0.03364879074658255,-20.0,0.001404816866852343,0.04999997094273567,"{""backing"": 2.0, ""comb_expand"": 1.3, ""depth"": 50.0, ""face_h"": 60.0, ""face_w"": 60.0, ""jitter"": 0.0, ""margin_depths"": 2.0, ""pitch"": 3.17, ""seed"": 101, ""topology"": ""comb"", ""wall_bot"": 0.04, ""wall_top"": 0.04}"
CB_p0317_f040_x13_s101,comb,expanded foil,0.04,101,d100,3.17,50.0,15.772870662460567,0.03364879074658255,-40.0,0.0023573392536491156,0.04999997094273567,"{""backing"": 2.0, ""comb_expand"": 1.3, ""depth"": 50.0, ""face_h"": 60.0, ""face_w"": 60.0, ""jitter"": 0.0, ""margin_depths"": 2.0, ""pitch"": 3.17, ""seed"": 101, ""topology"": ""comb"", ""wall_bot"": 0.04, ""wall_top"": 0.04}"
CB_p0317_f040_x13_s101,comb,expanded foil,0.04,101,d100,3.17,50.0,15.772870662460567,0.03364879074658255,20.0,0.0014236330753192306,0.04999997094273567,"{""backing"": 2.0, ""comb_expand"": 1.3, ""depth"": 50.0, ""face_h"": 60.0, ""face_w"": 60.0, ""jitter"": 0.0, ""margin_depths"": 2.0, ""pitch"": 3.17, ""seed"": 101, ""topology"": ""comb"", ""wall_bot"": 0.04, ""wall_top"": 0.04}"
CB_p0317_f040_x13_s101,comb,expanded foil,0.04,101,d100,3.17,50.0,15.772870662460567,0.03364879074658255,40.0,0.0023622626904398203,0.04999997094273567,"{""backing"": 2.0, ""comb_expand"": 1.3, ""depth"": 50.0, ""face_h"": 60.0, ""face_w"": 60.0, ""jitter"": 0.0, ""margin_depths"": 2.0, ""pitch"": 3.17, ""seed"": 101, ""topology"": ""comb"", ""wall_bot"": 0.04, ""wall_top"": 0.04}"
CB_p0520_f040_x10_s101,comb,expanded foil,0.04,101,d00,5.2,50.0,9.615384615384615,0.02051282051282051,0.0,0.0010578073561191559,0.04999997094273567,"{""backing"": 2.0, ""comb_expand"": 1.0, ""depth"": 50.0, ""face_h"": 60.0, ""face_w"": 60.0, ""jitter"": 0.0, ""margin_depths"": 2.0, ""pitch"": 5.2, ""seed"": 101, ""topology"": ""comb"", ""wall_bot"": 0.04, ""wall_top"": 0.04}"
CB_p0520_f040_x10_s101,comb,expanded foil,0.04,101,d00,5.2,50.0,9.615384615384615,0.02051282051282051,-20.0,0.00041734750266186893,0.04999997094273567,"{""backing"": 2.0, ""comb_expand"": 1.0, ""depth"": 50.0, ""face_h"": 60.0, ""face_w"": 60.0, ""jitter"": 0.0, ""margin_depths"": 2.0, ""pitch"": 5.2, ""seed"": 101, ""topology"": ""comb"", ""wall_bot"": 0.04, ""wall_top"": 0.04}"
CB_p0520_f040_x10_s101,comb,expanded foil,0.04,101,d00,5.2,50.0,9.615384615384615,0.02051282051282051,-40.0,0.0003839858982246369,0.04999997094273567,"{""backing"": 2.0, ""comb_expand"": 1.0, ""depth"": 50.0, ""face_h"": 60.0, ""face_w"": 60.0, ""jitter"": 0.0, ""margin_depths"": 2.0, ""pitch"": 5.2, ""seed"": 101, ""topology"": ""comb"", ""wall_bot"": 0.04, ""wall_top"": 0.04}"
CB_p0520_f040_x10_s101,comb,expanded foil,0.04,101,d00,5.2,50.0,9.615384615384615,0.02051282051282051,20.0,0.00040364189771935344,0.04999997094273567,"{""backing"": 2.0, ""comb_expand"": 1.0, ""depth"": 50.0, ""face_h"": 60.0, ""face_w"": 60.0, ""jitter"": 0.0, ""margin_depths"": 2.0, ""pitch"": 5.2, ""seed"": 101, ""topology"": ""comb"", ""wall_bot"": 0.04, ""wall_top"": 0.04}"
CB_p0520_f040_x10_s101,comb,expanded foil,0.04,101,d00,5.2,50.0,9.615384615384615,0.02051282051282051,40.0,0.00038244336610659957,0.04999997094273567,"{""backing"": 2.0, ""comb_expand"": 1.0, ""depth"": 50.0, ""face_h"": 60.0, ""face_w"": 60.0, ""jitter"": 0.0, ""margin_depths"": 2.0, ""pitch"": 5.2, ""seed"": 101, ""topology"": ""comb"", ""wall_bot"": 0.04, ""wall_top"": 0.04}"
CB_p0520_f040_x10_s101,comb,expanded foil,0.04,101,d76,5.2,50.0,9.615384615384615,0.02051282051282051,0.0,0.0004512951709330082,0.04999997094273567,"{""backing"": 2.0, ""comb_expand"": 1.0, ""depth"": 50.0, ""face_h"": 60.0, ""face_w"": 60.0, ""jitter"": 0.0, ""margin_depths"": 2.0, ""pitch"": 5.2, ""seed"": 101, ""topology"": ""comb"", ""wall_bot"": 0.04, ""wall_top"": 0.04}"
CB_p0520_f040_x10_s101,comb,expanded foil,0.04,101,d76,5.2,50.0,9.615384615384615,0.02051282051282051,-20.0,0.0010081983637064695,0.04999997094273567,"{""backing"": 2.0, ""comb_expand"": 1.0, ""depth"": 50.0, ""face_h"": 60.0, ""face_w"": 60.0, ""jitter"": 0.0, ""margin_depths"": 2.0, ""pitch"": 5.2, ""seed"": 101, ""topology"": ""comb"", ""wall_bot"": 0.04, ""wall_top"": 0.04}"
CB_p0520_f040_x10_s101,comb,expanded foil,0.04,101,d76,5.2,50.0,9.615384615384615,0.02051282051282051,-40.0,0.0016756366239860654,0.04999997094273567,"{""backing"": 2.0, ""comb_expand"": 1.0, ""depth"": 50.0, ""face_h"": 60.0, ""face_w"": 60.0, ""jitter"": 0.0, ""margin_depths"": 2.0, ""pitch"": 5.2, ""seed"": 101, ""topology"": ""comb"", ""wall_bot"": 0.04, ""wall_top"": 0.04}"
CB_p0520_f040_x10_s101,comb,expanded foil,0.04,101,d76,5.2,50.0,9.615384615384615,0.02051282051282051,20.0,0.0009816654492169619,0.04999997094273567,"{""backing"": 2.0, ""comb_expand"": 1.0, ""depth"": 50.0, ""face_h"": 60.0, ""face_w"": 60.0, ""jitter"": 0.0, ""margin_depths"": 2.0, ""pitch"": 5.2, ""seed"": 101, ""topology"": ""comb"", ""wall_bot"": 0.04, ""wall_top"": 0.04}"
CB_p0520_f040_x10_s101,comb,expanded foil,0.04,101,d76,5.2,50.0,9.615384615384615,0.02051282051282051,40.0,0.001661214861087501,0.04999997094273567,"{""backing"": 2.0, ""comb_expand"": 1.0, ""depth"": 50.0, ""face_h"": 60.0, ""face_w"": 60.0, ""jitter"": 0.0, ""margin_depths"": 2.0, ""pitch"": 5.2, ""seed"": 101, ""topology"": ""comb"", ""wall_bot"": 0.04, ""wall_top"": 0.04}"
CB_p0520_f040_x10_s101,comb,expanded foil,0.04,101,d100,5.2,50.0,9.615384615384615,0.02051282051282051,0.0,0.00029697289573960006,0.04999997094273567,"{""backing"": 2.0, ""comb_expand"": 1.0, ""depth"": 50.0, ""face_h"": 60.0, ""face_w"": 60.0, ""jitter"": 0.0, ""margin_depths"": 2.0, ""pitch"": 5.2, ""seed"": 101, ""topology"": ""comb"", ""wall_bot"": 0.04, ""wall_top"": 0.04}"
CB_p0520_f040_x10_s101,comb,expanded foil,0.04,101,d100,5.2,50.0,9.615384615384615,0.02051282051282051,-20.0,0.0012102869804948568,0.04999997094273567,"{""backing"": 2.0, ""comb_expand"": 1.0, ""depth"": 50.0, ""face_h"": 60.0, ""face_w"": 60.0, ""jitter"": 0.0, ""margin_depths"": 2.0, ""pitch"": 5.2, ""seed"": 101, ""topology"": ""comb"", ""wall_bot"": 0.04, ""wall_top"": 0.04}"
CB_p0520_f040_x10_s101,comb,expanded foil,0.04,101,d100,5.2,50.0,9.615384615384615,0.02051282051282051,-40.0,0.00209201336838305,0.04999997094273567,"{""backing"": 2.0, ""comb_expand"": 1.0, ""depth"": 50.0, ""face_h"": 60.0, ""face_w"": 60.0, ""jitter"": 0.0, ""margin_depths"": 2.0, ""pitch"": 5.2, ""seed"": 101, ""topology"": ""comb"", ""wall_bot"": 0.04, ""wall_top"": 0.04}"
CB_p0520_f040_x10_s101,comb,expanded foil,0.04,101,d100,5.2,50.0,9.615384615384615,0.02051282051282051,20.0,0.0011742193019017577,0.04999997094273567,"{""backing"": 2.0, ""comb_expand"": 1.0, ""depth"": 50.0, ""face_h"": 60.0, ""face_w"": 60.0, ""jitter"": 0.0, ""margin_depths"": 2.0, ""pitch"": 5.2, ""seed"": 101, ""topology"": ""comb"", ""wall_bot"": 0.04, ""wall_top"": 0.04}"
CB_p0520_f040_x10_s101,comb,expanded foil,0.04,101,d100,5.2,50.0,9.615384615384615,0.02051282051282051,40.0,0.0020745662041008472,0.04999997094273567,"{""backing"": 2.0, ""comb_expand"": 1.0, ""depth"": 50.0, ""face_h"": 60.0, ""face_w"": 60.0, ""jitter"": 0.0, ""margin_depths"": 2.0, ""pitch"": 5.2, ""seed"": 101, ""topology"": ""comb"", ""wall_bot"": 0.04, ""wall_top"": 0.04}"
CB_p0520_f040_x13_s101,comb,expanded foil,0.04,101,d00,5.2,50.0,9.615384615384615,0.02051282051282051,0.0,0.0012044768081977963,0.049967437982559204,"{""backing"": 2.0, ""comb_expand"": 1.3, ""depth"": 50.0, ""face_h"": 60.0, ""face_w"": 60.0, ""jitter"": 0.0, ""margin_depths"": 2.0, ""pitch"": 5.2, ""seed"": 101, ""topology"": ""comb"", ""wall_bot"": 0.04, ""wall_top"": 0.04}"
CB_p0520_f040_x13_s101,comb,expanded foil,0.04,101,d00,5.2,50.0,9.615384615384615,0.02051282051282051,-20.0,0.000371718720998615,0.04996697977185249,"{""backing"": 2.0, ""comb_expand"": 1.3, ""depth"": 50.0, ""face_h"": 60.0, ""face_w"": 60.0, ""jitter"": 0.0, ""margin_depths"": 2.0, ""pitch"": 5.2, ""seed"": 101, ""topology"": ""comb"", ""wall_bot"": 0.04, ""wall_top"": 0.04}"
CB_p0520_f040_x13_s101,comb,expanded foil,0.04,101,d00,5.2,50.0,9.615384615384615,0.02051282051282051,-40.0,0.00033822617842815816,0.04996618255972862,"{""backing"": 2.0, ""comb_expand"": 1.3, ""depth"": 50.0, ""face_h"": 60.0, ""face_w"": 60.0, ""jitter"": 0.0, ""margin_depths"": 2.0, ""pitch"": 5.2, ""seed"": 101, ""topology"": ""comb"", ""wall_bot"": 0.04, ""wall_top"": 0.04}"
CB_p0520_f040_x13_s101,comb,expanded foil,0.04,101,d00,5.2,50.0,9.615384615384615,0.02051282051282051,20.0,0.0003616747271735221,0.049964845180511475,"{""backing"": 2.0, ""comb_expand"": 1.3, ""depth"": 50.0, ""face_h"": 60.0, ""face_w"": 60.0, ""jitter"": 0.0, ""margin_depths"": 2.0, ""pitch"": 5.2, ""seed"": 101, ""topology"": ""comb"", ""wall_bot"": 0.04, ""wall_top"": 0.04}"
CB_p0520_f040_x13_s101,comb,expanded foil,0.04,101,d00,5.2,50.0,9.615384615384615,0.02051282051282051,40.0,0.0003392421640455723,0.04996519163250923,"{""backing"": 2.0, ""comb_expand"": 1.3, ""depth"": 50.0, ""face_h"": 60.0, ""face_w"": 60.0, ""jitter"": 0.0, ""margin_depths"": 2.0, ""pitch"": 5.2, ""seed"": 101, ""topology"": ""comb"", ""wall_bot"": 0.04, ""wall_top"": 0.04}"
CB_p0520_f040_x13_s101,comb,expanded foil,0.04,101,d76,5.2,50.0,9.615384615384615,0.02051282051282051,0.0,0.0004603526322171092,0.04996633529663086,"{""backing"": 2.0, ""comb_expand"": 1.3, ""depth"": 50.0, ""face_h"": 60.0, ""face_w"": 60.0, ""jitter"": 0.0, ""margin_depths"": 2.0, ""pitch"": 5.2, ""seed"": 101, ""topology"": ""comb"", ""wall_bot"": 0.04, ""wall_top"": 0.04}"
CB_p0520_f040_x13_s101,comb,expanded foil,0.04,101,d76,5.2,50.0,9.615384615384615,0.02051282051282051,-20.0,0.00106203299947083,0.04996609687805176,"{""backing"": 2.0, ""comb_expand"": 1.3, ""depth"": 50.0, ""face_h"": 60.0, ""face_w"": 60.0, ""jitter"": 0.0, ""margin_depths"": 2.0, ""pitch"": 5.2, ""seed"": 101, ""topology"": ""comb"", ""wall_bot"": 0.04, ""wall_top"": 0.04}"
CB_p0520_f040_x13_s101,comb,expanded foil,0.04,101,d76,5.2,50.0,9.615384615384615,0.02051282051282051,-40.0,0.001776327146217227,0.04996459186077118,"{""backing"": 2.0, ""comb_expand"": 1.3, ""depth"": 50.0, ""face_h"": 60.0, ""face_w"": 60.0, ""jitter"": 0.0, ""margin_depths"": 2.0, ""pitch"": 5.2, ""seed"": 101, ""topology"": ""comb"", ""wall_bot"": 0.04, ""wall_top"": 0.04}"
CB_p0520_f040_x13_s101,comb,expanded foil,0.04,101,d76,5.2,50.0,9.615384615384615,0.02051282051282051,20.0,0.001026651938445866,0.04996340721845627,"{""backing"": 2.0, ""comb_expand"": 1.3, ""depth"": 50.0, ""face_h"": 60.0, ""face_w"": 60.0, ""jitter"": 0.0, ""margin_depths"": 2.0, ""pitch"": 5.2, ""seed"": 101, ""topology"": ""comb"", ""wall_bot"": 0.04, ""wall_top"": 0.04}"
CB_p0520_f040_x13_s101,comb,expanded foil,0.04,101,d76,5.2,50.0,9.615384615384615,0.02051282051282051,40.0,0.0017677327850833535,0.04996401444077492,"{""backing"": 2.0, ""comb_expand"": 1.3, ""depth"": 50.0, ""face_h"": 60.0, ""face_w"": 60.0, ""jitter"": 0.0, ""margin_depths"": 2.0, ""pitch"": 5.2, ""seed"": 101, ""topology"": ""comb"", ""wall_bot"": 0.04, ""wall_top"": 0.04}"
CB_p0520_f040_x13_s101,comb,expanded foil,0.04,101,d100,5.2,50.0,9.615384615384615,0.02051282051282051,0.0,0.0002679233148228377,0.049965858459472656,"{""backing"": 2.0, ""comb_expand"": 1.3, ""depth"": 50.0, ""face_h"": 60.0, ""face_w"": 60.0, ""jitter"": 0.0, ""margin_depths"": 2.0, ""pitch"": 5.2, ""seed"": 101, ""topology"": ""comb"", ""wall_bot"": 0.04, ""wall_top"": 0.04}"
CB_p0520_f040_x13_s101,comb,expanded foil,0.04,101,d100,5.2,50.0,9.615384615384615,0.02051282051282051,-20.0,0.0012876982800662518,0.049965791404247284,"{""backing"": 2.0, ""comb_expand"": 1.3, ""depth"": 50.0, ""face_h"": 60.0, ""face_w"": 60.0, ""jitter"": 0.0, ""margin_depths"": 2.0, ""pitch"": 5.2, ""seed"": 101, ""topology"": ""comb"", ""wall_bot"": 0.04, ""wall_top"": 0.04}"
CB_p0520_f040_x13_s101,comb,expanded foil,0.04,101,d100,5.2,50.0,9.615384615384615,0.02051282051282051,-40.0,0.0022487202659249306,0.04996436834335327,"{""backing"": 2.0, ""comb_expand"": 1.3, ""depth"": 50.0, ""face_h"": 60.0, ""face_w"": 60.0, ""jitter"": 0.0, ""margin_depths"": 2.0, ""pitch"": 5.2, ""seed"": 101, ""topology"": ""comb"", ""wall_bot"": 0.04, ""wall_top"": 0.04}"
CB_p0520_f040_x13_s101,comb,expanded foil,0.04,101,d100,5.2,50.0,9.615384615384615,0.02051282051282051,20.0,0.0012452092487365007,0.04996313899755478,"{""backing"": 2.0, ""comb_expand"": 1.3, ""depth"": 50.0, ""face_h"": 60.0, ""face_w"": 60.0, ""jitter"": 0.0, ""margin_depths"": 2.0, ""pitch"": 5.2, ""seed"": 101, ""topology"": ""comb"", ""wall_bot"": 0.04, ""wall_top"": 0.04}"
CB_p0520_f040_x13_s101,comb,expanded foil,0.04,101,d100,5.2,50.0,9.615384615384615,0.02051282051282051,40.0,0.002221733331680298,0.04996379464864731,"{""backing"": 2.0, ""comb_expand"": 1.3, ""depth"": 50.0, ""face_h"": 60.0, ""face_w"": 60.0, ""jitter"": 0.0, ""margin_depths"": 2.0, ""pitch"": 5.2, ""seed"": 101, ""topology"": ""comb"", ""wall_bot"": 0.04, ""wall_top"": 0.04}"
CB_p0650_f080_x10_s101,comb,expanded foil,0.08,101,d00,6.5,50.0,7.6923076923076925,0.03282051282051282,0.0,0.0015138676390051842,0.0499240979552269,"{""backing"": 2.0, ""comb_expand"": 1.0, ""depth"": 50.0, ""face_h"": 60.0, ""face_w"": 60.0, ""jitter"": 0.0, ""margin_depths"": 2.0, ""pitch"": 6.5, ""seed"": 101, ""topology"": ""comb"", ""wall_bot"": 0.08, ""wall_top"": 0.08}"
CB_p0650_f080_x10_s101,comb,expanded foil,0.08,101,d00,6.5,50.0,7.6923076923076925,0.03282051282051282,-20.0,0.0005614865804091096,0.049922797828912735,"{""backing"": 2.0, ""comb_expand"": 1.0, ""depth"": 50.0, ""face_h"": 60.0, ""face_w"": 60.0, ""jitter"": 0.0, ""margin_depths"": 2.0, ""pitch"": 6.5, ""seed"": 101, ""topology"": ""comb"", ""wall_bot"": 0.08, ""wall_top"": 0.08}"
CB_p0650_f080_x10_s101,comb,expanded foil,0.08,101,d00,6.5,50.0,7.6923076923076925,0.03282051282051282,-40.0,0.0005578869604505599,0.049918707460165024,"{""backing"": 2.0, ""comb_expand"": 1.0, ""depth"": 50.0, ""face_h"": 60.0, ""face_w"": 60.0, ""jitter"": 0.0, ""margin_depths"": 2.0, ""pitch"": 6.5, ""seed"": 101, ""topology"": ""comb"", ""wall_bot"": 0.08, ""wall_top"": 0.08}"
CB_p0650_f080_x10_s101,comb,expanded foil,0.08,101,d00,6.5,50.0,7.6923076923076925,0.03282051282051282,20.0,0.0005535432719625533,0.04992130771279335,"{""backing"": 2.0, ""comb_expand"": 1.0, ""depth"": 50.0, ""face_h"": 60.0, ""face_w"": 60.0, ""jitter"": 0.0, ""margin_depths"": 2.0, ""pitch"": 6.5, ""seed"": 101, ""topology"": ""comb"", ""wall_bot"": 0.08, ""wall_top"": 0.08}"
CB_p0650_f080_x10_s101,comb,expanded foil,0.08,101,d00,6.5,50.0,7.6923076923076925,0.03282051282051282,40.0,0.0005502700223587453,0.049918033182621,"{""backing"": 2.0, ""comb_expand"": 1.0, ""depth"": 50.0, ""face_h"": 60.0, ""face_w"": 60.0, ""jitter"": 0.0, ""margin_depths"": 2.0, ""pitch"": 6.5, ""seed"": 101, ""topology"": ""comb"", ""wall_bot"": 0.08, ""wall_top"": 0.08}"
CB_p0650_f080_x10_s101,comb,expanded foil,0.08,101,d76,6.5,50.0,7.6923076923076925,0.03282051282051282,0.0,0.000681019970215857,0.04992164671421051,"{""backing"": 2.0, ""comb_expand"": 1.0, ""depth"": 50.0, ""face_h"": 60.0, ""face_w"": 60.0, ""jitter"": 0.0, ""margin_depths"": 2.0, ""pitch"": 6.5, ""seed"": 101, ""topology"": ""comb"", ""wall_bot"": 0.08, ""wall_top"": 0.08}"
CB_p0650_f080_x10_s101,comb,expanded foil,0.08,101,d76,6.5,50.0,7.6923076923076925,0.03282051282051282,-20.0,0.0011343744117766619,0.04992008954286575,"{""backing"": 2.0, ""comb_expand"": 1.0, ""depth"": 50.0, ""face_h"": 60.0, ""face_w"": 60.0, ""jitter"": 0.0, ""margin_depths"": 2.0, ""pitch"": 6.5, ""seed"": 101, ""topology"": ""comb"", ""wall_bot"": 0.08, ""wall_top"": 0.08}"
CB_p0650_f080_x10_s101,comb,expanded foil,0.08,101,d76,6.5,50.0,7.6923076923076925,0.03282051282051282,-40.0,0.0017961879493668675,0.04991548880934715,"{""backing"": 2.0, ""comb_expand"": 1.0, ""depth"": 50.0, ""face_h"": 60.0, ""face_w"": 60.0, ""jitter"": 0.0, ""margin_depths"": 2.0, ""pitch"": 6.5, ""seed"": 101, ""topology"": ""comb"", ""wall_bot"": 0.08, ""wall_top"": 0.08}"
CB_p0650_f080_x10_s101,comb,expanded foil,0.08,101,d76,6.5,50.0,7.6923076923076925,0.03282051282051282,20.0,0.0011239045998081565,0.04991835355758667,"{""backing"": 2.0, ""comb_expand"": 1.0, ""depth"": 50.0, ""face_h"": 60.0, ""face_w"": 60.0, ""jitter"": 0.0, ""margin_depths"": 2.0, ""pitch"": 6.5, ""seed"": 101, ""topology"": ""comb"", ""wall_bot"": 0.08, ""wall_top"": 0.08}"
CB_p0650_f080_x10_s101,comb,expanded foil,0.08,101,d76,6.5,50.0,7.6923076923076925,0.03282051282051282,40.0,0.001802633865736425,0.04991485923528671,"{""backing"": 2.0, ""comb_expand"": 1.0, ""depth"": 50.0, ""face_h"": 60.0, ""face_w"": 60.0, ""jitter"": 0.0, ""margin_depths"": 2.0, ""pitch"": 6.5, ""seed"": 101, ""topology"": ""comb"", ""wall_bot"": 0.08, ""wall_top"": 0.08}"
CB_p0650_f080_x10_s101,comb,expanded foil,0.08,101,d100,6.5,50.0,7.6923076923076925,0.03282051282051282,0.0,0.0004648107278626412,0.049920640885829926,"{""backing"": 2.0, ""comb_expand"": 1.0, ""depth"": 50.0, ""face_h"": 60.0, ""face_w"": 60.0, ""jitter"": 0.0, ""margin_depths"": 2.0, ""pitch"": 6.5, ""seed"": 101, ""topology"": ""comb"", ""wall_bot"": 0.08, ""wall_top"": 0.08}"
CB_p0650_f080_x10_s101,comb,expanded foil,0.08,101,d100,6.5,50.0,7.6923076923076925,0.03282051282051282,-20.0,0.0013219063403084874,0.04991914704442024,"{""backing"": 2.0, ""comb_expand"": 1.0, ""depth"": 50.0, ""face_h"": 60.0, ""face_w"": 60.0, ""jitter"": 0.0, ""margin_depths"": 2.0, ""pitch"": 6.5, ""seed"": 101, ""topology"": ""comb"", ""wall_bot"": 0.08, ""wall_top"": 0.08}"
CB_p0650_f080_x10_s101,comb,expanded foil,0.08,101,d100,6.5,50.0,7.6923076923076925,0.03282051282051282,-40.0,0.0021959205623716116,0.049914248287677765,"{""backing"": 2.0, ""comb_expand"": 1.0, ""depth"": 50.0, ""face_h"": 60.0, ""face_w"": 60.0, ""jitter"": 0.0, ""margin_depths"": 2.0, ""pitch"": 6.5, ""seed"": 101, ""topology"": ""comb"", ""wall_bot"": 0.08, ""wall_top"": 0.08}"
CB_p0650_f080_x10_s101,comb,expanded foil,0.08,101,d100,6.5,50.0,7.6923076923076925,0.03282051282051282,20.0,0.0013156537897884846,0.04991748929023743,"{""backing"": 2.0, ""comb_expand"": 1.0, ""depth"": 50.0, ""face_h"": 60.0, ""face_w"": 60.0, ""jitter"": 0.0, ""margin_depths"": 2.0, ""pitch"": 6.5, ""seed"": 101, ""topology"": ""comb"", ""wall_bot"": 0.08, ""wall_top"": 0.08}"
CB_p0650_f080_x10_s101,comb,expanded foil,0.08,101,d100,6.5,50.0,7.6923076923076925,0.03282051282051282,40.0,0.002211951185017824,0.04991377890110016,"{""backing"": 2.0, ""comb_expand"": 1.0, ""depth"": 50.0, ""face_h"": 60.0, ""face_w"": 60.0, ""jitter"": 0.0, ""margin_depths"": 2.0, ""pitch"": 6.5, ""seed"": 101, ""topology"": ""comb"", ""wall_bot"": 0.08, ""wall_top"": 0.08}"
CB_p0650_f080_x13_s101,comb,expanded foil,0.08,101,d00,6.5,50.0,7.6923076923076925,0.03282051282051282,0.0,0.0016911561833694577,0.0499006062746048,"{""backing"": 2.0, ""comb_expand"": 1.3, ""depth"": 50.0, ""face_h"": 60.0, ""face_w"": 60.0, ""jitter"": 0.0, ""margin_depths"": 2.0, ""pitch"": 6.5, ""seed"": 101, ""topology"": ""comb"", ""wall_bot"": 0.08, ""wall_top"": 0.08}"
CB_p0650_f080_x13_s101,comb,expanded foil,0.08,101,d00,6.5,50.0,7.6923076923076925,0.03282051282051282,-20.0,0.0005158719141036272,0.04989156499505043,"{""backing"": 2.0, ""comb_expand"": 1.3, ""depth"": 50.0, ""face_h"": 60.0, ""face_w"": 60.0, ""jitter"": 0.0, ""margin_depths"": 2.0, ""pitch"": 6.5, ""seed"": 101, ""topology"": ""comb"", ""wall_bot"": 0.08, ""wall_top"": 0.08}"
CB_p0650_f080_x13_s101,comb,expanded foil,0.08,101,d00,6.5,50.0,7.6923076923076925,0.03282051282051282,-40.0,0.0005126995965838432,0.049893710762262344,"{""backing"": 2.0, ""comb_expand"": 1.3, ""depth"": 50.0, ""face_h"": 60.0, ""face_w"": 60.0, ""jitter"": 0.0, ""margin_depths"": 2.0, ""pitch"": 6.5, ""seed"": 101, ""topology"": ""comb"", ""wall_bot"": 0.08, ""wall_top"": 0.08}"
CB_p0650_f080_x13_s101,comb,expanded foil,0.08,101,d00,6.5,50.0,7.6923076923076925,0.03282051282051282,20.0,0.0005066261510364711,0.049892157316207886,"{""backing"": 2.0, ""comb_expand"": 1.3, ""depth"": 50.0, ""face_h"": 60.0, ""face_w"": 60.0, ""jitter"": 0.0, ""margin_depths"": 2.0, ""pitch"": 6.5, ""seed"": 101, ""topology"": ""comb"", ""wall_bot"": 0.08, ""wall_top"": 0.08}"
CB_p0650_f080_x13_s101,comb,expanded foil,0.08,101,d00,6.5,50.0,7.6923076923076925,0.03282051282051282,40.0,0.0005098868277855217,0.0498904287815094,"{""backing"": 2.0, ""comb_expand"": 1.3, ""depth"": 50.0, ""face_h"": 60.0, ""face_w"": 60.0, ""jitter"": 0.0, ""margin_depths"": 2.0, ""pitch"": 6.5, ""seed"": 101, ""topology"": ""comb"", ""wall_bot"": 0.08, ""wall_top"": 0.08}"
CB_p0650_f080_x13_s101,comb,expanded foil,0.08,101,d76,6.5,50.0,7.6923076923076925,0.03282051282051282,0.0,0.0006955645512789488,0.04989735037088394,"{""backing"": 2.0, ""comb_expand"": 1.3, ""depth"": 50.0, ""face_h"": 60.0, ""face_w"": 60.0, ""jitter"": 0.0, ""margin_depths"": 2.0, ""pitch"": 6.5, ""seed"": 101, ""topology"": ""comb"", ""wall_bot"": 0.08, ""wall_top"": 0.08}"
CB_p0650_f080_x13_s101,comb,expanded foil,0.08,101,d76,6.5,50.0,7.6923076923076925,0.03282051282051282,-20.0,0.0011733418796211481,0.04988726228475571,"{""backing"": 2.0, ""comb_expand"": 1.3, ""depth"": 50.0, ""face_h"": 60.0, ""face_w"": 60.0, ""jitter"": 0.0, ""margin_depths"": 2.0, ""pitch"": 6.5, ""seed"": 101, ""topology"": ""comb"", ""wall_bot"": 0.08, ""wall_top"": 0.08}"
CB_p0650_f080_x13_s101,comb,expanded foil,0.08,101,d76,6.5,50.0,7.6923076923076925,0.03282051282051282,-40.0,0.0019112960435450077,0.0498896948993206,"{""backing"": 2.0, ""comb_expand"": 1.3, ""depth"": 50.0, ""face_h"": 60.0, ""face_w"": 60.0, ""jitter"": 0.0, ""margin_depths"": 2.0, ""pitch"": 6.5, ""seed"": 101, ""topology"": ""comb"", ""wall_bot"": 0.08, ""wall_top"": 0.08}"
CB_p0650_f080_x13_s101,comb,expanded foil,0.08,101,d76,6.5,50.0,7.6923076923076925,0.03282051282051282,20.0,0.001166565460152924,0.04988853260874748,"{""backing"": 2.0, ""comb_expand"": 1.3, ""depth"": 50.0, ""face_h"": 60.0, ""face_w"": 60.0, ""jitter"": 0.0, ""margin_depths"": 2.0, ""pitch"": 6.5, ""seed"": 101, ""topology"": ""comb"", ""wall_bot"": 0.08, ""wall_top"": 0.08}"
CB_p0650_f080_x13_s101,comb,expanded foil,0.08,101,d76,6.5,50.0,7.6923076923076925,0.03282051282051282,40.0,0.0019067972898483276,0.04988604784011841,"{""backing"": 2.0, ""comb_expand"": 1.3, ""depth"": 50.0, ""face_h"": 60.0, ""face_w"": 60.0, ""jitter"": 0.0, ""margin_depths"": 2.0, ""pitch"": 6.5, ""seed"": 101, ""topology"": ""comb"", ""wall_bot"": 0.08, ""wall_top"": 0.08}"
CB_p0650_f080_x13_s101,comb,expanded foil,0.08,101,d100,6.5,50.0,7.6923076923076925,0.03282051282051282,0.0,0.00043000924051739275,0.049896206706762314,"{""backing"": 2.0, ""comb_expand"": 1.3, ""depth"": 50.0, ""face_h"": 60.0, ""face_w"": 60.0, ""jitter"": 0.0, ""margin_depths"": 2.0, ""pitch"": 6.5, ""seed"": 101, ""topology"": ""comb"", ""wall_bot"": 0.08, ""wall_top"": 0.08}"
CB_p0650_f080_x13_s101,comb,expanded foil,0.08,101,d100,6.5,50.0,7.6923076923076925,0.03282051282051282,-20.0,0.0014002056559547782,0.04988621920347214,"{""backing"": 2.0, ""comb_expand"": 1.3, ""depth"": 50.0, ""face_h"": 60.0, ""face_w"": 60.0, ""jitter"": 0.0, ""margin_depths"": 2.0, ""pitch"": 6.5, ""seed"": 101, ""topology"": ""comb"", ""wall_bot"": 0.08, ""wall_top"": 0.08}"
CB_p0650_f080_x13_s101,comb,expanded foil,0.08,101,d100,6.5,50.0,7.6923076923076925,0.03282051282051282,-40.0,0.002361841034144163,0.049888383597135544,"{""backing"": 2.0, ""comb_expand"": 1.3, ""depth"": 50.0, ""face_h"": 60.0, ""face_w"": 60.0, ""jitter"": 0.0, ""margin_depths"": 2.0, ""pitch"": 6.5, ""seed"": 101, ""topology"": ""comb"", ""wall_bot"": 0.08, ""wall_top"": 0.08}"
CB_p0650_f080_x13_s101,comb,expanded foil,0.08,101,d100,6.5,50.0,7.6923076923076925,0.03282051282051282,20.0,0.0013887402601540089,0.0498870424926281,"{""backing"": 2.0, ""comb_expand"": 1.3, ""depth"": 50.0, ""face_h"": 60.0, ""face_w"": 60.0, ""jitter"": 0.0, ""margin_depths"": 2.0, ""pitch"": 6.5, ""seed"": 101, ""topology"": ""comb"", ""wall_bot"": 0.08, ""wall_top"": 0.08}"
CB_p0650_f080_x13_s101,comb,expanded foil,0.08,101,d100,6.5,50.0,7.6923076923076925,0.03282051282051282,40.0,0.002360096201300621,0.049884628504514694,"{""backing"": 2.0, ""comb_expand"": 1.3, ""depth"": 50.0, ""face_h"": 60.0, ""face_w"": 60.0, ""jitter"": 0.0, ""margin_depths"": 2.0, ""pitch"": 6.5, ""seed"": 101, ""topology"": ""comb"", ""wall_bot"": 0.08, ""wall_top"": 0.08}"
CB_p0650_f100_x10_s101,comb,expanded foil,0.1,101,d00,6.5,50.0,7.6923076923076925,0.041025641025641026,0.0,0.0015978914452716708,0.049900416284799576,"{""backing"": 2.0, ""comb_expand"": 1.0, ""depth"": 50.0, ""face_h"": 60.0, ""face_w"": 60.0, ""jitter"": 0.0, ""margin_depths"": 2.0, ""pitch"": 6.5, ""seed"": 101, ""topology"": ""comb"", ""wall_bot"": 0.1, ""wall_top"": 0.1}"
CB_p0650_f100_x10_s101,comb,expanded foil,0.1,101,d00,6.5,50.0,7.6923076923076925,0.041025641025641026,-20.0,0.0006656378973275423,0.04990144073963165,"{""backing"": 2.0, ""comb_expand"": 1.0, ""depth"": 50.0, ""face_h"": 60.0, ""face_w"": 60.0, ""jitter"": 0.0, ""margin_depths"": 2.0, ""pitch"": 6.5, ""seed"": 101, ""topology"": ""comb"", ""wall_bot"": 0.1, ""wall_top"": 0.1}"
CB_p0650_f100_x10_s101,comb,expanded foil,0.1,101,d00,6.5,50.0,7.6923076923076925,0.041025641025641026,-40.0,0.0006836917600594461,0.04989691451191902,"{""backing"": 2.0, ""comb_expand"": 1.0, ""depth"": 50.0, ""face_h"": 60.0, ""face_w"": 60.0, ""jitter"": 0.0, ""margin_depths"": 2.0, ""pitch"": 6.5, ""seed"": 101, ""topology"": ""comb"", ""wall_bot"": 0.1, ""wall_top"": 0.1}"
CB_p0650_f100_x10_s101,comb,expanded foil,0.1,101,d00,6.5,50.0,7.6923076923076925,0.041025641025641026,20.0,0.0006586757954210043,0.04989905655384064,"{""backing"": 2.0, ""comb_expand"": 1.0, ""depth"": 50.0, ""face_h"": 60.0, ""face_w"": 60.0, ""jitter"": 0.0, ""margin_depths"": 2.0, ""pitch"": 6.5, ""seed"": 101, ""topology"": ""comb"", ""wall_bot"": 0.1, ""wall_top"": 0.1}"
CB_p0650_f100_x10_s101,comb,expanded foil,0.1,101,d00,6.5,50.0,7.6923076923076925,0.041025641025641026,40.0,0.0006752765038982034,0.04989609867334366,"{""backing"": 2.0, ""comb_expand"": 1.0, ""depth"": 50.0, ""face_h"": 60.0, ""face_w"": 60.0, ""jitter"": 0.0, ""margin_depths"": 2.0, ""pitch"": 6.5, ""seed"": 101, ""topology"": ""comb"", ""wall_bot"": 0.1, ""wall_top"": 0.1}"
CB_p0650_f100_x10_s101,comb,expanded foil,0.1,101,d76,6.5,50.0,7.6923076923076925,0.041025641025641026,0.0,0.0007834399584680796,0.04989701136946678,"{""backing"": 2.0, ""comb_expand"": 1.0, ""depth"": 50.0, ""face_h"": 60.0, ""face_w"": 60.0, ""jitter"": 0.0, ""margin_depths"": 2.0, ""pitch"": 6.5, ""seed"": 101, ""topology"": ""comb"", ""wall_bot"": 0.1, ""wall_top"": 0.1}"
CB_p0650_f100_x10_s101,comb,expanded foil,0.1,101,d76,6.5,50.0,7.6923076923076925,0.041025641025641026,-20.0,0.0012310738675296307,0.0498974546790123,"{""backing"": 2.0, ""comb_expand"": 1.0, ""depth"": 50.0, ""face_h"": 60.0, ""face_w"": 60.0, ""jitter"": 0.0, ""margin_depths"": 2.0, ""pitch"": 6.5, ""seed"": 101, ""topology"": ""comb"", ""wall_bot"": 0.1, ""wall_top"": 0.1}"
CB_p0650_f100_x10_s101,comb,expanded foil,0.1,101,d76,6.5,50.0,7.6923076923076925,0.041025641025641026,-40.0,0.0018893602536991239,0.04989463463425636,"{""backing"": 2.0, ""comb_expand"": 1.0, ""depth"": 50.0, ""face_h"": 60.0, ""face_w"": 60.0, ""jitter"": 0.0, ""margin_depths"": 2.0, ""pitch"": 6.5, ""seed"": 101, ""topology"": ""comb"", ""wall_bot"": 0.1, ""wall_top"": 0.1}"
CB_p0650_f100_x10_s101,comb,expanded foil,0.1,101,d76,6.5,50.0,7.6923076923076925,0.041025641025641026,20.0,0.0012204520171508193,0.049895163625478745,"{""backing"": 2.0, ""comb_expand"": 1.0, ""depth"": 50.0, ""face_h"": 60.0, ""face_w"": 60.0, ""jitter"": 0.0, ""margin_depths"": 2.0, ""pitch"": 6.5, ""seed"": 101, ""topology"": ""comb"", ""wall_bot"": 0.1, ""wall_top"": 0.1}"
CB_p0650_f100_x10_s101,comb,expanded foil,0.1,101,d76,6.5,50.0,7.6923076923076925,0.041025641025641026,40.0,0.0018961214227601886,0.0498926118016243,"{""backing"": 2.0, ""comb_expand"": 1.0, ""depth"": 50.0, ""face_h"": 60.0, ""face_w"": 60.0, ""jitter"": 0.0, ""margin_depths"": 2.0, ""pitch"": 6.5, ""seed"": 101, ""topology"": ""comb"", ""wall_bot"": 0.1, ""wall_top"": 0.1}"
CB_p0650_f100_x10_s101,comb,expanded foil,0.1,101,d100,6.5,50.0,7.6923076923076925,0.041025641025641026,0.0,0.0005721832276321948,0.04989580437541008,"{""backing"": 2.0, ""comb_expand"": 1.0, ""depth"": 50.0, ""face_h"": 60.0, ""face_w"": 60.0, ""jitter"": 0.0, ""margin_depths"": 2.0, ""pitch"": 6.5, ""seed"": 101, ""topology"": ""comb"", ""wall_bot"": 0.1, ""wall_top"": 0.1}"
CB_p0650_f100_x10_s101,comb,expanded foil,0.1,101,d100,6.5,50.0,7.6923076923076925,0.041025641025641026,-20.0,0.0014179013669490814,0.049896690994501114,"{""backing"": 2.0, ""comb_expand"": 1.0, ""depth"": 50.0, ""face_h"": 60.0, ""face_w"": 60.0, ""jitter"": 0.0, ""margin_depths"": 2.0, ""pitch"": 6.5, ""seed"": 101, ""topology"": ""comb"", ""wall_bot"": 0.1, ""wall_top"": 0.1}"
CB_p0650_f100_x10_s101,comb,expanded foil,0.1,101,d100,6.5,50.0,7.6923076923076925,0.041025641025641026,-40.0,0.0022787211928516626,0.04989379271864891,"{""backing"": 2.0, ""comb_expand"": 1.0, ""depth"": 50.0, ""face_h"": 60.0, ""face_w"": 60.0, ""jitter"": 0.0, ""margin_depths"": 2.0, ""pitch"": 6.5, ""seed"": 101, ""topology"": ""comb"", ""wall_bot"": 0.1, ""wall_top"": 0.1}"
CB_p0650_f100_x10_s101,comb,expanded foil,0.1,101,d100,6.5,50.0,7.6923076923076925,0.041025641025641026,20.0,0.0014072778867557645,0.049894124269485474,"{""backing"": 2.0, ""comb_expand"": 1.0, ""depth"": 50.0, ""face_h"": 60.0, ""face_w"": 60.0, ""jitter"": 0.0, ""margin_depths"": 2.0, ""pitch"": 6.5, ""seed"": 101, ""topology"": ""comb"", ""wall_bot"": 0.1, ""wall_top"": 0.1}"
CB_p0650_f100_x10_s101,comb,expanded foil,0.1,101,d100,6.5,50.0,7.6923076923076925,0.041025641025641026,40.0,0.0022961630020290613,0.04989170655608177,"{""backing"": 2.0, ""comb_expand"": 1.0, ""depth"": 50.0, ""face_h"": 60.0, ""face_w"": 60.0, ""jitter"": 0.0, ""margin_depths"": 2.0, ""pitch"": 6.5, ""seed"": 101, ""topology"": ""comb"", ""wall_bot"": 0.1, ""wall_top"": 0.1}"
CB_p0650_f100_x13_s101,comb,expanded foil,0.1,101,d00,6.5,50.0,7.6923076923076925,0.041025641025641026,0.0,0.0017640963196754456,0.049868784844875336,"{""backing"": 2.0, ""comb_expand"": 1.3, ""depth"": 50.0, ""face_h"": 60.0, ""face_w"": 60.0, ""jitter"": 0.0, ""margin_depths"": 2.0, ""pitch"": 6.5, ""seed"": 101, ""topology"": ""comb"", ""wall_bot"": 0.1, ""wall_top"": 0.1}"
CB_p0650_f100_x13_s101,comb,expanded foil,0.1,101,d00,6.5,50.0,7.6923076923076925,0.041025641025641026,-20.0,0.0006106202490627766,0.04986421391367912,"{""backing"": 2.0, ""comb_expand"": 1.3, ""depth"": 50.0, ""face_h"": 60.0, ""face_w"": 60.0, ""jitter"": 0.0, ""margin_depths"": 2.0, ""pitch"": 6.5, ""seed"": 101, ""topology"": ""comb"", ""wall_bot"": 0.1, ""wall_top"": 0.1}"
CB_p0650_f100_x13_s101,comb,expanded foil,0.1,101,d00,6.5,50.0,7.6923076923076925,0.041025641025641026,-40.0,0.0006231784936971962,0.04986821115016937,"{""backing"": 2.0, ""comb_expand"": 1.3, ""depth"": 50.0, ""face_h"": 60.0, ""face_w"": 60.0, ""jitter"": 0.0, ""margin_depths"": 2.0, ""pitch"": 6.5, ""seed"": 101, ""topology"": ""comb"", ""wall_bot"": 0.1, ""wall_top"": 0.1}"
CB_p0650_f100_x13_s101,comb,expanded foil,0.1,101,d00,6.5,50.0,7.6923076923076925,0.041025641025641026,20.0,0.00060038868105039,0.049865156412124634,"{""backing"": 2.0, ""comb_expand"": 1.3, ""depth"": 50.0, ""face_h"": 60.0, ""face_w"": 60.0, ""jitter"": 0.0, ""margin_depths"": 2.0, ""pitch"": 6.5, ""seed"": 101, ""topology"": ""comb"", ""wall_bot"": 0.1, ""wall_top"": 0.1}"
CB_p0650_f100_x13_s101,comb,expanded foil,0.1,101,d00,6.5,50.0,7.6923076923076925,0.041025641025641026,40.0,0.000620346749201417,0.049866653978824615,"{""backing"": 2.0, ""comb_expand"": 1.3, ""depth"": 50.0, ""face_h"": 60.0, ""face_w"": 60.0, ""jitter"": 0.0, ""margin_depths"": 2.0, ""pitch"": 6.5, ""seed"": 101, ""topology"": ""comb"", ""wall_bot"": 0.1, ""wall_top"": 0.1}"
CB_p0650_f100_x13_s101,comb,expanded foil,0.1,101,d76,6.5,50.0,7.6923076923076925,0.041025641025641026,0.0,0.0007859627366997302,0.04986407980322838,"{""backing"": 2.0, ""comb_expand"": 1.3, ""depth"": 50.0, ""face_h"": 60.0, ""face_w"": 60.0, ""jitter"": 0.0, ""margin_depths"": 2.0, ""pitch"": 6.5, ""seed"": 101, ""topology"": ""comb"", ""wall_bot"": 0.1, ""wall_top"": 0.1}"
CB_p0650_f100_x13_s101,comb,expanded foil,0.1,101,d76,6.5,50.0,7.6923076923076925,0.041025641025641026,-20.0,0.0012609816621989012,0.049858953803777695,"{""backing"": 2.0, ""comb_expand"": 1.3, ""depth"": 50.0, ""face_h"": 60.0, ""face_w"": 60.0, ""jitter"": 0.0, ""margin_depths"": 2.0, ""pitch"": 6.5, ""seed"": 101, ""topology"": ""comb"", ""wall_bot"": 0.1, ""wall_top"": 0.1}"
CB_p0650_f100_x13_s101,comb,expanded foil,0.1,101,d76,6.5,50.0,7.6923076923076925,0.041025641025641026,-40.0,0.0019957043696194887,0.049863576889038086,"{""backing"": 2.0, ""comb_expand"": 1.3, ""depth"": 50.0, ""face_h"": 60.0, ""face_w"": 60.0, ""jitter"": 0.0, ""margin_depths"": 2.0, ""pitch"": 6.5, ""seed"": 101, ""topology"": ""comb"", ""wall_bot"": 0.1, ""wall_top"": 0.1}"
CB_p0650_f100_x13_s101,comb,expanded foil,0.1,101,d76,6.5,50.0,7.6923076923076925,0.041025641025641026,20.0,0.0012523230398073792,0.04985981062054634,"{""backing"": 2.0, ""comb_expand"": 1.3, ""depth"": 50.0, ""face_h"": 60.0, ""face_w"": 60.0, ""jitter"": 0.0, ""margin_depths"": 2.0, ""pitch"": 6.5, ""seed"": 101, ""topology"": ""comb"", ""wall_bot"": 0.1, ""wall_top"": 0.1}"
CB_p0650_f100_x13_s101,comb,expanded foil,0.1,101,d76,6.5,50.0,7.6923076923076925,0.041025641025641026,40.0,0.00198899838142097,0.04986167699098587,"{""backing"": 2.0, ""comb_expand"": 1.3, ""depth"": 50.0, ""face_h"": 60.0, ""face_w"": 60.0, ""jitter"": 0.0, ""margin_depths"": 2.0, ""pitch"": 6.5, ""seed"": 101, ""topology"": ""comb"", ""wall_bot"": 0.1, ""wall_top"": 0.1}"
CB_p0650_f100_x13_s101,comb,expanded foil,0.1,101,d100,6.5,50.0,7.6923076923076925,0.041025641025641026,0.0,0.0005259455647319555,0.04986261576414108,"{""backing"": 2.0, ""comb_expand"": 1.3, ""depth"": 50.0, ""face_h"": 60.0, ""face_w"": 60.0, ""jitter"": 0.0, ""margin_depths"": 2.0, ""pitch"": 6.5, ""seed"": 101, ""topology"": ""comb"", ""wall_bot"": 0.1, ""wall_top"": 0.1}"
CB_p0650_f100_x13_s101,comb,expanded foil,0.1,101,d100,6.5,50.0,7.6923076923076925,0.041025641025641026,-20.0,0.0014846783597022295,0.04985788092017174,"{""backing"": 2.0, ""comb_expand"": 1.3, ""depth"": 50.0, ""face_h"": 60.0, ""face_w"": 60.0, ""jitter"": 0.0, ""margin_depths"": 2.0, ""pitch"": 6.5, ""seed"": 101, ""topology"": ""comb"", ""wall_bot"": 0.1, ""wall_top"": 0.1}"
CB_p0650_f100_x13_s101,comb,expanded foil,0.1,101,d100,6.5,50.0,7.6923076923076925,0.041025641025641026,-40.0,0.0024369226302951574,0.04986162856221199,"{""backing"": 2.0, ""comb_expand"": 1.3, ""depth"": 50.0, ""face_h"": 60.0, ""face_w"": 60.0, ""jitter"": 0.0, ""margin_depths"": 2.0, ""pitch"": 6.5, ""seed"": 101, ""topology"": ""comb"", ""wall_bot"": 0.1, ""wall_top"": 0.1}"
CB_p0650_f100_x13_s101,comb,expanded foil,0.1,101,d100,6.5,50.0,7.6923076923076925,0.041025641025641026,20.0,0.0014720530016347766,0.04985849931836128,"{""backing"": 2.0, ""comb_expand"": 1.3, ""depth"": 50.0, ""face_h"": 60.0, ""face_w"": 60.0, ""jitter"": 0.0, ""margin_depths"": 2.0, ""pitch"": 6.5, ""seed"": 101, ""topology"": ""comb"", ""wall_bot"": 0.1, ""wall_top"": 0.1}"
CB_p0650_f100_x13_s101,comb,expanded foil,0.1,101,d100,6.5,50.0,7.6923076923076925,0.041025641025641026,40.0,0.0024354304186999798,0.04986016824841499,"{""backing"": 2.0, ""comb_expand"": 1.3, ""depth"": 50.0, ""face_h"": 60.0, ""face_w"": 60.0, ""jitter"": 0.0, ""margin_depths"": 2.0, ""pitch"": 6.5, ""seed"": 101, ""topology"": ""comb"", ""wall_bot"": 0.1, ""wall_top"": 0.1}"
CB_p0847_f080_x10_s101,comb,expanded foil,0.08,101,d00,8.47,50.0,5.903187721369539,0.02518693427784337,0.0,0.0019411417888477445,0.049926649779081345,"{""backing"": 2.0, ""comb_expand"": 1.0, ""depth"": 50.0, ""face_h"": 60.0, ""face_w"": 60.0, ""jitter"": 0.0, ""margin_depths"": 2.0, ""pitch"": 8.47, ""seed"": 101, ""topology"": ""comb"", ""wall_bot"": 0.08, ""wall_top"": 0.08}"
CB_p0847_f080_x10_s101,comb,expanded foil,0.08,101,d00,8.47,50.0,5.903187721369539,0.02518693427784337,-20.0,0.00046884967014193535,0.049891792237758636,"{""backing"": 2.0, ""comb_expand"": 1.0, ""depth"": 50.0, ""face_h"": 60.0, ""face_w"": 60.0, ""jitter"": 0.0, ""margin_depths"": 2.0, ""pitch"": 8.47, ""seed"": 101, ""topology"": ""comb"", ""wall_bot"": 0.08, ""wall_top"": 0.08}"
CB_p0847_f080_x10_s101,comb,expanded foil,0.08,101,d00,8.47,50.0,5.903187721369539,0.02518693427784337,-40.0,0.00044567653094418347,0.049881257116794586,"{""backing"": 2.0, ""comb_expand"": 1.0, ""depth"": 50.0, ""face_h"": 60.0, ""face_w"": 60.0, ""jitter"": 0.0, ""margin_depths"": 2.0, ""pitch"": 8.47, ""seed"": 101, ""topology"": ""comb"", ""wall_bot"": 0.08, ""wall_top"": 0.08}"
CB_p0847_f080_x10_s101,comb,expanded foil,0.08,101,d00,8.47,50.0,5.903187721369539,0.02518693427784337,20.0,0.0004735244147013873,0.049891550093889236,"{""backing"": 2.0, ""comb_expand"": 1.0, ""depth"": 50.0, ""face_h"": 60.0, ""face_w"": 60.0, ""jitter"": 0.0, ""margin_depths"": 2.0, ""pitch"": 8.47, ""seed"": 101, ""topology"": ""comb"", ""wall_bot"": 0.08, ""wall_top"": 0.08}"
CB_p0847_f080_x10_s101,comb,expanded foil,0.08,101,d00,8.47,50.0,5.903187721369539,0.02518693427784337,40.0,0.00044953596079722047,0.049884796142578125,"{""backing"": 2.0, ""comb_expand"": 1.0, ""depth"": 50.0, ""face_h"": 60.0, ""face_w"": 60.0, ""jitter"": 0.0, ""margin_depths"": 2.0, ""pitch"": 8.47, ""seed"": 101, ""topology"": ""comb"", ""wall_bot"": 0.08, ""wall_top"": 0.08}"
CB_p0847_f080_x10_s101,comb,expanded foil,0.08,101,d76,8.47,50.0,5.903187721369539,0.02518693427784337,0.0,0.0007253063376992941,0.04992452263832092,"{""backing"": 2.0, ""comb_expand"": 1.0, ""depth"": 50.0, ""face_h"": 60.0, ""face_w"": 60.0, ""jitter"": 0.0, ""margin_depths"": 2.0, ""pitch"": 8.47, ""seed"": 101, ""topology"": ""comb"", ""wall_bot"": 0.08, ""wall_top"": 0.08}"
CB_p0847_f080_x10_s101,comb,expanded foil,0.08,101,d76,8.47,50.0,5.903187721369539,0.02518693427784337,-20.0,0.0010287034092471004,0.04988770931959152,"{""backing"": 2.0, ""comb_expand"": 1.0, ""depth"": 50.0, ""face_h"": 60.0, ""face_w"": 60.0, ""jitter"": 0.0, ""margin_depths"": 2.0, ""pitch"": 8.47, ""seed"": 101, ""topology"": ""comb"", ""wall_bot"": 0.08, ""wall_top"": 0.08}"
CB_p0847_f080_x10_s101,comb,expanded foil,0.08,101,d76,8.47,50.0,5.903187721369539,0.02518693427784337,-40.0,0.0016818613512441516,0.049876973032951355,"{""backing"": 2.0, ""comb_expand"": 1.0, ""depth"": 50.0, ""face_h"": 60.0, ""face_w"": 60.0, ""jitter"": 0.0, ""margin_depths"": 2.0, ""pitch"": 8.47, ""seed"": 101, ""topology"": ""comb"", ""wall_bot"": 0.08, ""wall_top"": 0.08}"
CB_p0847_f080_x10_s101,comb,expanded foil,0.08,101,d76,8.47,50.0,5.903187721369539,0.02518693427784337,20.0,0.0010501835495233536,0.04988696426153183,"{""backing"": 2.0, ""comb_expand"": 1.0, ""depth"": 50.0, ""face_h"": 60.0, ""face_w"": 60.0, ""jitter"": 0.0, ""margin_depths"": 2.0, ""pitch"": 8.47, ""seed"": 101, ""topology"": ""comb"", ""wall_bot"": 0.08, ""wall_top"": 0.08}"
CB_p0847_f080_x10_s101,comb,expanded foil,0.08,101,d76,8.47,50.0,5.903187721369539,0.02518693427784337,40.0,0.0017308058449998498,0.049879614263772964,"{""backing"": 2.0, ""comb_expand"": 1.0, ""depth"": 50.0, ""face_h"": 60.0, ""face_w"": 60.0, ""jitter"": 0.0, ""margin_depths"": 2.0, ""pitch"": 8.47, ""seed"": 101, ""topology"": ""comb"", ""wall_bot"": 0.08, ""wall_top"": 0.08}"
CB_p0847_f080_x10_s101,comb,expanded foil,0.08,101,d100,8.47,50.0,5.903187721369539,0.02518693427784337,0.0,0.000398835982196033,0.049923792481422424,"{""backing"": 2.0, ""comb_expand"": 1.0, ""depth"": 50.0, ""face_h"": 60.0, ""face_w"": 60.0, ""jitter"": 0.0, ""margin_depths"": 2.0, ""pitch"": 8.47, ""seed"": 101, ""topology"": ""comb"", ""wall_bot"": 0.08, ""wall_top"": 0.08}"
CB_p0847_f080_x10_s101,comb,expanded foil,0.08,101,d100,8.47,50.0,5.903187721369539,0.02518693427784337,-20.0,0.001214633579365909,0.049886543303728104,"{""backing"": 2.0, ""comb_expand"": 1.0, ""depth"": 50.0, ""face_h"": 60.0, ""face_w"": 60.0, ""jitter"": 0.0, ""margin_depths"": 2.0, ""pitch"": 8.47, ""seed"": 101, ""topology"": ""comb"", ""wall_bot"": 0.08, ""wall_top"": 0.08}"
CB_p0847_f080_x10_s101,comb,expanded foil,0.08,101,d100,8.47,50.0,5.903187721369539,0.02518693427784337,-40.0,0.0020832724403589964,0.04987505078315735,"{""backing"": 2.0, ""comb_expand"": 1.0, ""depth"": 50.0, ""face_h"": 60.0, ""face_w"": 60.0, ""jitter"": 0.0, ""margin_depths"": 2.0, ""pitch"": 8.47, ""seed"": 101, ""topology"": ""comb"", ""wall_bot"": 0.08, ""wall_top"": 0.08}"
CB_p0847_f080_x10_s101,comb,expanded foil,0.08,101,d100,8.47,50.0,5.903187721369539,0.02518693427784337,20.0,0.0012440015561878681,0.049885883927345276,"{""backing"": 2.0, ""comb_expand"": 1.0, ""depth"": 50.0, ""face_h"": 60.0, ""face_w"": 60.0, ""jitter"": 0.0, ""margin_depths"": 2.0, ""pitch"": 8.47, ""seed"": 101, ""topology"": ""comb"", ""wall_bot"": 0.08, ""wall_top"": 0.08}"
CB_p0847_f080_x10_s101,comb,expanded foil,0.08,101,d100,8.47,50.0,5.903187721369539,0.02518693427784337,40.0,0.0021493518725037575,0.04987781122326851,"{""backing"": 2.0, ""comb_expand"": 1.0, ""depth"": 50.0, ""face_h"": 60.0, ""face_w"": 60.0, ""jitter"": 0.0, ""margin_depths"": 2.0, ""pitch"": 8.47, ""seed"": 101, ""topology"": ""comb"", ""wall_bot"": 0.08, ""wall_top"": 0.08}"
CB_p0847_f080_x13_s101,comb,expanded foil,0.08,101,d00,8.47,50.0,5.903187721369539,0.02518693427784337,0.0,0.002177863148972392,0.04983018338680267,"{""backing"": 2.0, ""comb_expand"": 1.3, ""depth"": 50.0, ""face_h"": 60.0, ""face_w"": 60.0, ""jitter"": 0.0, ""margin_depths"": 2.0, ""pitch"": 8.47, ""seed"": 101, ""topology"": ""comb"", ""wall_bot"": 0.08, ""wall_top"": 0.08}"
CB_p0847_f080_x13_s101,comb,expanded foil,0.08,101,d00,8.47,50.0,5.903187721369539,0.02518693427784337,-20.0,0.0004076921031810343,0.04976982995867729,"{""backing"": 2.0, ""comb_expand"": 1.3, ""depth"": 50.0, ""face_h"": 60.0, ""face_w"": 60.0, ""jitter"": 0.0, ""margin_depths"": 2.0, ""pitch"": 8.47, ""seed"": 101, ""topology"": ""comb"", ""wall_bot"": 0.08, ""wall_top"": 0.08}"
CB_p0847_f080_x13_s101,comb,expanded foil,0.08,101,d00,8.47,50.0,5.903187721369539,0.02518693427784337,-40.0,0.0003795668308157474,0.049769699573516846,"{""backing"": 2.0, ""comb_expand"": 1.3, ""depth"": 50.0, ""face_h"": 60.0, ""face_w"": 60.0, ""jitter"": 0.0, ""margin_depths"": 2.0, ""pitch"": 8.47, ""seed"": 101, ""topology"": ""comb"", ""wall_bot"": 0.08, ""wall_top"": 0.08}"
CB_p0847_f080_x13_s101,comb,expanded foil,0.08,101,d00,8.47,50.0,5.903187721369539,0.02518693427784337,20.0,0.0004116507770959288,0.04976395145058632,"{""backing"": 2.0, ""comb_expand"": 1.3, ""depth"": 50.0, ""face_h"": 60.0, ""face_w"": 60.0, ""jitter"": 0.0, ""margin_depths"": 2.0, ""pitch"": 8.47, ""seed"": 101, ""topology"": ""comb"", ""wall_bot"": 0.08, ""wall_top"": 0.08}"
CB_p0847_f080_x13_s101,comb,expanded foil,0.08,101,d00,8.47,50.0,5.903187721369539,0.02518693427784337,40.0,0.00038110913010314107,0.0497664175927639,"{""backing"": 2.0, ""comb_expand"": 1.3, ""depth"": 50.0, ""face_h"": 60.0, ""face_w"": 60.0, ""jitter"": 0.0, ""margin_depths"": 2.0, ""pitch"": 8.47, ""seed"": 101, ""topology"": ""comb"", ""wall_bot"": 0.08, ""wall_top"": 0.08}"
CB_p0847_f080_x13_s101,comb,expanded foil,0.08,101,d76,8.47,50.0,5.903187721369539,0.02518693427784337,0.0,0.0007431608391925693,0.04982476681470871,"{""backing"": 2.0, ""comb_expand"": 1.3, ""depth"": 50.0, ""face_h"": 60.0, ""face_w"": 60.0, ""jitter"": 0.0, ""margin_depths"": 2.0, ""pitch"": 8.47, ""seed"": 101, ""topology"": ""comb"", ""wall_bot"": 0.08, ""wall_top"": 0.08}"
CB_p0847_f080_x13_s101,comb,expanded foil,0.08,101,d76,8.47,50.0,5.903187721369539,0.02518693427784337,-20.0,0.001053513027727604,0.049761705100536346,"{""backing"": 2.0, ""comb_expand"": 1.3, ""depth"": 50.0, ""face_h"": 60.0, ""face_w"": 60.0, ""jitter"": 0.0, ""margin_depths"": 2.0, ""pitch"": 8.47, ""seed"": 101, ""topology"": ""comb"", ""wall_bot"": 0.08, ""wall_top"": 0.08}"
CB_p0847_f080_x13_s101,comb,expanded foil,0.08,101,d76,8.47,50.0,5.903187721369539,0.02518693427784337,-40.0,0.0017882282845675945,0.0497618243098259,"{""backing"": 2.0, ""comb_expand"": 1.3, ""depth"": 50.0, ""face_h"": 60.0, ""face_w"": 60.0, ""jitter"": 0.0, ""margin_depths"": 2.0, ""pitch"": 8.47, ""seed"": 101, ""topology"": ""comb"", ""wall_bot"": 0.08, ""wall_top"": 0.08}"
CB_p0847_f080_x13_s101,comb,expanded foil,0.08,101,d76,8.47,50.0,5.903187721369539,0.02518693427784337,20.0,0.0010641443077474833,0.049755413085222244,"{""backing"": 2.0, ""comb_expand"": 1.3, ""depth"": 50.0, ""face_h"": 60.0, ""face_w"": 60.0, ""jitter"": 0.0, ""margin_depths"": 2.0, ""pitch"": 8.47, ""seed"": 101, ""topology"": ""comb"", ""wall_bot"": 0.08, ""wall_top"": 0.08}"
CB_p0847_f080_x13_s101,comb,expanded foil,0.08,101,d76,8.47,50.0,5.903187721369539,0.02518693427784337,40.0,0.0018221914069727063,0.0497581847012043,"{""backing"": 2.0, ""comb_expand"": 1.3, ""depth"": 50.0, ""face_h"": 60.0, ""face_w"": 60.0, ""jitter"": 0.0, ""margin_depths"": 2.0, ""pitch"": 8.47, ""seed"": 101, ""topology"": ""comb"", ""wall_bot"": 0.08, ""wall_top"": 0.08}"
CB_p0847_f080_x13_s101,comb,expanded foil,0.08,101,d100,8.47,50.0,5.903187721369539,0.02518693427784337,0.0,0.00035352978738956153,0.04982306808233261,"{""backing"": 2.0, ""comb_expand"": 1.3, ""depth"": 50.0, ""face_h"": 60.0, ""face_w"": 60.0, ""jitter"": 0.0, ""margin_depths"": 2.0, ""pitch"": 8.47, ""seed"": 101, ""topology"": ""comb"", ""wall_bot"": 0.08, ""wall_top"": 0.08}"
CB_p0847_f080_x13_s101,comb,expanded foil,0.08,101,d100,8.47,50.0,5.903187721369539,0.02518693427784337,-20.0,0.0012764552375301719,0.04975903779268265,"{""backing"": 2.0, ""comb_expand"": 1.3, ""depth"": 50.0, ""face_h"": 60.0, ""face_w"": 60.0, ""jitter"": 0.0, ""margin_depths"": 2.0, ""pitch"": 8.47, ""seed"": 101, ""topology"": ""comb"", ""wall_bot"": 0.08, ""wall_top"": 0.08}"
CB_p0847_f080_x13_s101,comb,expanded foil,0.08,101,d100,8.47,50.0,5.903187721369539,0.02518693427784337,-40.0,0.002234466141089797,0.04975862056016922,"{""backing"": 2.0, ""comb_expand"": 1.3, ""depth"": 50.0, ""face_h"": 60.0, ""face_w"": 60.0, ""jitter"": 0.0, ""margin_depths"": 2.0, ""pitch"": 8.47, ""seed"": 101, ""topology"": ""comb"", ""wall_bot"": 0.08, ""wall_top"": 0.08}"
CB_p0847_f080_x13_s101,comb,expanded foil,0.08,101,d100,8.47,50.0,5.903187721369539,0.02518693427784337,20.0,0.0012907031923532486,0.04975302517414093,"{""backing"": 2.0, ""comb_expand"": 1.3, ""depth"": 50.0, ""face_h"": 60.0, ""face_w"": 60.0, ""jitter"": 0.0, ""margin_depths"": 2.0, ""pitch"": 8.47, ""seed"": 101, ""topology"": ""comb"", ""wall_bot"": 0.08, ""wall_top"": 0.08}"
CB_p0847_f080_x13_s101,comb,expanded foil,0.08,101,d100,8.47,50.0,5.903187721369539,0.02518693427784337,40.0,0.0022812779061496258,0.04975513741374016,"{""backing"": 2.0, ""comb_expand"": 1.3, ""depth"": 50.0, ""face_h"": 60.0, ""face_w"": 60.0, ""jitter"": 0.0, ""margin_depths"": 2.0, ""pitch"": 8.47, ""seed"": 101, ""topology"": ""comb"", ""wall_bot"": 0.08, ""wall_top"": 0.08}"
CB_p0952_f100_x10_s101,comb,expanded foil,0.1,101,d00,9.53,50.0,5.246589716684156,0.027981811822315492,0.0,0.0022194015327841043,0.04983622953295708,"{""backing"": 2.0, ""comb_expand"": 1.0, ""depth"": 50.0, ""face_h"": 60.0, ""face_w"": 60.0, ""jitter"": 0.0, ""margin_depths"": 2.0, ""pitch"": 9.53, ""seed"": 101, ""topology"": ""comb"", ""wall_bot"": 0.1, ""wall_top"": 0.1}"
CB_p0952_f100_x10_s101,comb,expanded foil,0.1,101,d00,9.53,50.0,5.246589716684156,0.027981811822315492,-20.0,0.0004954028991051018,0.04983145371079445,"{""backing"": 2.0, ""comb_expand"": 1.0, ""depth"": 50.0, ""face_h"": 60.0, ""face_w"": 60.0, ""jitter"": 0.0, ""margin_depths"": 2.0, ""pitch"": 9.53, ""seed"": 101, ""topology"": ""comb"", ""wall_bot"": 0.1, ""wall_top"": 0.1}"
CB_p0952_f100_x10_s101,comb,expanded foil,0.1,101,d00,9.53,50.0,5.246589716684156,0.027981811822315492,-40.0,0.0004859545442741364,0.049826424568891525,"{""backing"": 2.0, ""comb_expand"": 1.0, ""depth"": 50.0, ""face_h"": 60.0, ""face_w"": 60.0, ""jitter"": 0.0, ""margin_depths"": 2.0, ""pitch"": 9.53, ""seed"": 101, ""topology"": ""comb"", ""wall_bot"": 0.1, ""wall_top"": 0.1}"
CB_p0952_f100_x10_s101,comb,expanded foil,0.1,101,d00,9.53,50.0,5.246589716684156,0.027981811822315492,20.0,0.0005115370149724185,0.049833957105875015,"{""backing"": 2.0, ""comb_expand"": 1.0, ""depth"": 50.0, ""face_h"": 60.0, ""face_w"": 60.0, ""jitter"": 0.0, ""margin_depths"": 2.0, ""pitch"": 9.53, ""seed"": 101, ""topology"": ""comb"", ""wall_bot"": 0.1, ""wall_top"": 0.1}"
CB_p0952_f100_x10_s101,comb,expanded foil,0.1,101,d00,9.53,50.0,5.246589716684156,0.027981811822315492,40.0,0.0004874191072303802,0.04982564225792885,"{""backing"": 2.0, ""comb_expand"": 1.0, ""depth"": 50.0, ""face_h"": 60.0, ""face_w"": 60.0, ""jitter"": 0.0, ""margin_depths"": 2.0, ""pitch"": 9.53, ""seed"": 101, ""topology"": ""comb"", ""wall_bot"": 0.1, ""wall_top"": 0.1}"
CB_p0952_f100_x10_s101,comb,expanded foil,0.1,101,d76,9.53,50.0,5.246589716684156,0.027981811822315492,0.0,0.0008246501092799008,0.04983038827776909,"{""backing"": 2.0, ""comb_expand"": 1.0, ""depth"": 50.0, ""face_h"": 60.0, ""face_w"": 60.0, ""jitter"": 0.0, ""margin_depths"": 2.0, ""pitch"": 9.53, ""seed"": 101, ""topology"": ""comb"", ""wall_bot"": 0.1, ""wall_top"": 0.1}"
CB_p0952_f100_x10_s101,comb,expanded foil,0.1,101,d76,9.53,50.0,5.246589716684156,0.027981811822315492,-20.0,0.0010733917588368058,0.049824852496385574,"{""backing"": 2.0, ""comb_expand"": 1.0, ""depth"": 50.0, ""face_h"": 60.0, ""face_w"": 60.0, ""jitter"": 0.0, ""margin_depths"": 2.0, ""pitch"": 9.53, ""seed"": 101, ""topology"": ""comb"", ""wall_bot"": 0.1, ""wall_top"": 0.1}"
CB_p0952_f100_x10_s101,comb,expanded foil,0.1,101,d76,9.53,50.0,5.246589716684156,0.027981811822315492,-40.0,0.001710435375571251,0.049819350242614746,"{""backing"": 2.0, ""comb_expand"": 1.0, ""depth"": 50.0, ""face_h"": 60.0, ""face_w"": 60.0, ""jitter"": 0.0, ""margin_depths"": 2.0, ""pitch"": 9.53, ""seed"": 101, ""topology"": ""comb"", ""wall_bot"": 0.1, ""wall_top"": 0.1}"
CB_p0952_f100_x10_s101,comb,expanded foil,0.1,101,d76,9.53,50.0,5.246589716684156,0.027981811822315492,20.0,0.0011374755995348096,0.049828410148620605,"{""backing"": 2.0, ""comb_expand"": 1.0, ""depth"": 50.0, ""face_h"": 60.0, ""face_w"": 60.0, ""jitter"": 0.0, ""margin_depths"": 2.0, ""pitch"": 9.53, ""seed"": 101, ""topology"": ""comb"", ""wall_bot"": 0.1, ""wall_top"": 0.1}"
CB_p0952_f100_x10_s101,comb,expanded foil,0.1,101,d76,9.53,50.0,5.246589716684156,0.027981811822315492,40.0,0.0017981824930757284,0.0498192198574543,"{""backing"": 2.0, ""comb_expand"": 1.0, ""depth"": 50.0, ""face_h"": 60.0, ""face_w"": 60.0, ""jitter"": 0.0, ""margin_depths"": 2.0, ""pitch"": 9.53, ""seed"": 101, ""topology"": ""comb"", ""wall_bot"": 0.1, ""wall_top"": 0.1}"
CB_p0952_f100_x10_s101,comb,expanded foil,0.1,101,d100,9.53,50.0,5.246589716684156,0.027981811822315492,0.0,0.0004476593167055398,0.04982861503958702,"{""backing"": 2.0, ""comb_expand"": 1.0, ""depth"": 50.0, ""face_h"": 60.0, ""face_w"": 60.0, ""jitter"": 0.0, ""margin_depths"": 2.0, ""pitch"": 9.53, ""seed"": 101, ""topology"": ""comb"", ""wall_bot"": 0.1, ""wall_top"": 0.1}"
CB_p0952_f100_x10_s101,comb,expanded foil,0.1,101,d100,9.53,50.0,5.246589716684156,0.027981811822315492,-20.0,0.0012578315800055861,0.04982298985123634,"{""backing"": 2.0, ""comb_expand"": 1.0, ""depth"": 50.0, ""face_h"": 60.0, ""face_w"": 60.0, ""jitter"": 0.0, ""margin_depths"": 2.0, ""pitch"": 9.53, ""seed"": 101, ""topology"": ""comb"", ""wall_bot"": 0.1, ""wall_top"": 0.1}"
CB_p0952_f100_x10_s101,comb,expanded foil,0.1,101,d100,9.53,50.0,5.246589716684156,0.027981811822315492,-40.0,0.0021078302524983883,0.04981774464249611,"{""backing"": 2.0, ""comb_expand"": 1.0, ""depth"": 50.0, ""face_h"": 60.0, ""face_w"": 60.0, ""jitter"": 0.0, ""margin_depths"": 2.0, ""pitch"": 9.53, ""seed"": 101, ""topology"": ""comb"", ""wall_bot"": 0.1, ""wall_top"": 0.1}"
CB_p0952_f100_x10_s101,comb,expanded foil,0.1,101,d100,9.53,50.0,5.246589716684156,0.027981811822315492,20.0,0.0013435245491564274,0.04982646927237511,"{""backing"": 2.0, ""comb_expand"": 1.0, ""depth"": 50.0, ""face_h"": 60.0, ""face_w"": 60.0, ""jitter"": 0.0, ""margin_depths"": 2.0, ""pitch"": 9.53, ""seed"": 101, ""topology"": ""comb"", ""wall_bot"": 0.1, ""wall_top"": 0.1}"
CB_p0952_f100_x10_s101,comb,expanded foil,0.1,101,d100,9.53,50.0,5.246589716684156,0.027981811822315492,40.0,0.0022243126295506954,0.0498172789812088,"{""backing"": 2.0, ""comb_expand"": 1.0, ""depth"": 50.0, ""face_h"": 60.0, ""face_w"": 60.0, ""jitter"": 0.0, ""margin_depths"": 2.0, ""pitch"": 9.53, ""seed"": 101, ""topology"": ""comb"", ""wall_bot"": 0.1, ""wall_top"": 0.1}"
CB_p0952_f100_x13_s101,comb,expanded foil,0.1,101,d00,9.53,50.0,5.246589716684156,0.027981811822315492,0.0,0.0025047995150089264,0.0495697520673275,"{""backing"": 2.0, ""comb_expand"": 1.3, ""depth"": 50.0, ""face_h"": 60.0, ""face_w"": 60.0, ""jitter"": 0.0, ""margin_depths"": 2.0, ""pitch"": 9.53, ""seed"": 101, ""topology"": ""comb"", ""wall_bot"": 0.1, ""wall_top"": 0.1}"
CB_p0952_f100_x13_s101,comb,expanded foil,0.1,101,d00,9.53,50.0,5.246589716684156,0.027981811822315492,-20.0,0.0004643890424631536,0.049556467682123184,"{""backing"": 2.0, ""comb_expand"": 1.3, ""depth"": 50.0, ""face_h"": 60.0, ""face_w"": 60.0, ""jitter"": 0.0, ""margin_depths"": 2.0, ""pitch"": 9.53, ""seed"": 101, ""topology"": ""comb"", ""wall_bot"": 0.1, ""wall_top"": 0.1}"
CB_p0952_f100_x13_s101,comb,expanded foil,0.1,101,d00,9.53,50.0,5.246589716684156,0.027981811822315492,-40.0,0.00045310318819247186,0.049549397081136703,"{""backing"": 2.0, ""comb_expand"": 1.3, ""depth"": 50.0, ""face_h"": 60.0, ""face_w"": 60.0, ""jitter"": 0.0, ""margin_depths"": 2.0, ""pitch"": 9.53, ""seed"": 101, ""topology"": ""comb"", ""wall_bot"": 0.1, ""wall_top"": 0.1}"
CB_p0952_f100_x13_s101,comb,expanded foil,0.1,101,d00,9.53,50.0,5.246589716684156,0.027981811822315492,20.0,0.00047559748054482043,0.049561843276023865,"{""backing"": 2.0, ""comb_expand"": 1.3, ""depth"": 50.0, ""face_h"": 60.0, ""face_w"": 60.0, ""jitter"": 0.0, ""margin_depths"": 2.0, ""pitch"": 9.53, ""seed"": 101, ""topology"": ""comb"", ""wall_bot"": 0.1, ""wall_top"": 0.1}"
CB_p0952_f100_x13_s101,comb,expanded foil,0.1,101,d00,9.53,50.0,5.246589716684156,0.027981811822315492,40.0,0.00045663659693673253,0.049553193151950836,"{""backing"": 2.0, ""comb_expand"": 1.3, ""depth"": 50.0, ""face_h"": 60.0, ""face_w"": 60.0, ""jitter"": 0.0, ""margin_depths"": 2.0, ""pitch"": 9.53, ""seed"": 101, ""topology"": ""comb"", ""wall_bot"": 0.1, ""wall_top"": 0.1}"
CB_p0952_f100_x13_s101,comb,expanded foil,0.1,101,d76,9.53,50.0,5.246589716684156,0.027981811822315492,0.0,0.0008778830524533987,0.049553561955690384,"{""backing"": 2.0, ""comb_expand"": 1.3, ""depth"": 50.0, ""face_h"": 60.0, ""face_w"": 60.0, ""jitter"": 0.0, ""margin_depths"": 2.0, ""pitch"": 9.53, ""seed"": 101, ""topology"": ""comb"", ""wall_bot"": 0.1, ""wall_top"": 0.1}"
CB_p0952_f100_x13_s101,comb,expanded foil,0.1,101,d76,9.53,50.0,5.246589716684156,0.027981811822315492,-20.0,0.001114781596697867,0.04954010248184204,"{""backing"": 2.0, ""comb_expand"": 1.3, ""depth"": 50.0, ""face_h"": 60.0, ""face_w"": 60.0, ""jitter"": 0.0, ""margin_depths"": 2.0, ""pitch"": 9.53, ""seed"": 101, ""topology"": ""comb"", ""wall_bot"": 0.1, ""wall_top"": 0.1}"
CB_p0952_f100_x13_s101,comb,expanded foil,0.1,101,d76,9.53,50.0,5.246589716684156,0.027981811822315492,-40.0,0.0018293397733941674,0.049532439559698105,"{""backing"": 2.0, ""comb_expand"": 1.3, ""depth"": 50.0, ""face_h"": 60.0, ""face_w"": 60.0, ""jitter"": 0.0, ""margin_depths"": 2.0, ""pitch"": 9.53, ""seed"": 101, ""topology"": ""comb"", ""wall_bot"": 0.1, ""wall_top"": 0.1}"
CB_p0952_f100_x13_s101,comb,expanded foil,0.1,101,d76,9.53,50.0,5.246589716684156,0.027981811822315492,20.0,0.0011848722351714969,0.04954428970813751,"{""backing"": 2.0, ""comb_expand"": 1.3, ""depth"": 50.0, ""face_h"": 60.0, ""face_w"": 60.0, ""jitter"": 0.0, ""margin_depths"": 2.0, ""pitch"": 9.53, ""seed"": 101, ""topology"": ""comb"", ""wall_bot"": 0.1, ""wall_top"": 0.1}"
CB_p0952_f100_x13_s101,comb,expanded foil,0.1,101,d76,9.53,50.0,5.246589716684156,0.027981811822315492,40.0,0.0019131776643916965,0.04953529313206673,"{""backing"": 2.0, ""comb_expand"": 1.3, ""depth"": 50.0, ""face_h"": 60.0, ""face_w"": 60.0, ""jitter"": 0.0, ""margin_depths"": 2.0, ""pitch"": 9.53, ""seed"": 101, ""topology"": ""comb"", ""wall_bot"": 0.1, ""wall_top"": 0.1}"
CB_p0952_f100_x13_s101,comb,expanded foil,0.1,101,d100,9.53,50.0,5.246589716684156,0.027981811822315492,0.0,0.0004352850082796067,0.04954881593585014,"{""backing"": 2.0, ""comb_expand"": 1.3, ""depth"": 50.0, ""face_h"": 60.0, ""face_w"": 60.0, ""jitter"": 0.0, ""margin_depths"": 2.0, ""pitch"": 9.53, ""seed"": 101, ""topology"": ""comb"", ""wall_bot"": 0.1, ""wall_top"": 0.1}"
CB_p0952_f100_x13_s101,comb,expanded foil,0.1,101,d100,9.53,50.0,5.246589716684156,0.027981811822315492,-20.0,0.0013296192046254873,0.04953544959425926,"{""backing"": 2.0, ""comb_expand"": 1.3, ""depth"": 50.0, ""face_h"": 60.0, ""face_w"": 60.0, ""jitter"": 0.0, ""margin_depths"": 2.0, ""pitch"": 9.53, ""seed"": 101, ""topology"": ""comb"", ""wall_bot"": 0.1, ""wall_top"": 0.1}"
CB_p0952_f100_x13_s101,comb,expanded foil,0.1,101,d100,9.53,50.0,5.246589716684156,0.027981811822315492,-40.0,0.00227617216296494,0.04952668771147728,"{""backing"": 2.0, ""comb_expand"": 1.3, ""depth"": 50.0, ""face_h"": 60.0, ""face_w"": 60.0, ""jitter"": 0.0, ""margin_depths"": 2.0, ""pitch"": 9.53, ""seed"": 101, ""topology"": ""comb"", ""wall_bot"": 0.1, ""wall_top"": 0.1}"
CB_p0952_f100_x13_s101,comb,expanded foil,0.1,101,d100,9.53,50.0,5.246589716684156,0.027981811822315492,20.0,0.0014201145386323333,0.04953960329294205,"{""backing"": 2.0, ""comb_expand"": 1.3, ""depth"": 50.0, ""face_h"": 60.0, ""face_w"": 60.0, ""jitter"": 0.0, ""margin_depths"": 2.0, ""pitch"": 9.53, ""seed"": 101, ""topology"": ""comb"", ""wall_bot"": 0.1, ""wall_top"": 0.1}"
CB_p0952_f100_x13_s101,comb,expanded foil,0.1,101,d100,9.53,50.0,5.246589716684156,0.027981811822315492,40.0,0.002382835140451789,0.04952976480126381,"{""backing"": 2.0, ""comb_expand"": 1.3, ""depth"": 50.0, ""face_h"": 60.0, ""face_w"": 60.0, ""jitter"": 0.0, ""margin_depths"": 2.0, ""pitch"": 9.53, ""seed"": 101, ""topology"": ""comb"", ""wall_bot"": 0.1, ""wall_top"": 0.1}"
CB_p0317_f040_x10_s102,comb,expanded foil,0.04,102,d00,3.17,50.0,15.772870662460567,0.03364879074658255,0.0,0.0007658909889869392,0.04999997094273567,"{""backing"": 2.0, ""comb_expand"": 1.0, ""depth"": 50.0, ""face_h"": 60.0, ""face_w"": 60.0, ""jitter"": 0.0, ""margin_depths"": 2.0, ""pitch"": 3.17, ""seed"": 102, ""topology"": ""comb"", ""wall_bot"": 0.04, ""wall_top"": 0.04}"
CB_p0317_f040_x10_s102,comb,expanded foil,0.04,102,d00,3.17,50.0,15.772870662460567,0.03364879074658255,-20.0,0.0005878334050066769,0.04999997094273567,"{""backing"": 2.0, ""comb_expand"": 1.0, ""depth"": 50.0, ""face_h"": 60.0, ""face_w"": 60.0, ""jitter"": 0.0, ""margin_depths"": 2.0, ""pitch"": 3.17, ""seed"": 102, ""topology"": ""comb"", ""wall_bot"": 0.04, ""wall_top"": 0.04}"
CB_p0317_f040_x10_s102,comb,expanded foil,0.04,102,d00,3.17,50.0,15.772870662460567,0.03364879074658255,-40.0,0.0005872095352970064,0.04999997094273567,"{""backing"": 2.0, ""comb_expand"": 1.0, ""depth"": 50.0, ""face_h"": 60.0, ""face_w"": 60.0, ""jitter"": 0.0, ""margin_depths"": 2.0, ""pitch"": 3.17, ""seed"": 102, ""topology"": ""comb"", ""wall_bot"": 0.04, ""wall_top"": 0.04}"
CB_p0317_f040_x10_s102,comb,expanded foil,0.04,102,d00,3.17,50.0,15.772870662460567,0.03364879074658255,20.0,0.0005806054687127471,0.04999997094273567,"{""backing"": 2.0, ""comb_expand"": 1.0, ""depth"": 50.0, ""face_h"": 60.0, ""face_w"": 60.0, ""jitter"": 0.0, ""margin_depths"": 2.0, ""pitch"": 3.17, ""seed"": 102, ""topology"": ""comb"", ""wall_bot"": 0.04, ""wall_top"": 0.04}"
CB_p0317_f040_x10_s102,comb,expanded foil,0.04,102,d00,3.17,50.0,15.772870662460567,0.03364879074658255,40.0,0.0005906034493818879,0.04999997094273567,"{""backing"": 2.0, ""comb_expand"": 1.0, ""depth"": 50.0, ""face_h"": 60.0, ""face_w"": 60.0, ""jitter"": 0.0, ""margin_depths"": 2.0, ""pitch"": 3.17, ""seed"": 102, ""topology"": ""comb"", ""wall_bot"": 0.04, ""wall_top"": 0.04}"
CB_p0317_f040_x10_s102,comb,expanded foil,0.04,102,d76,3.17,50.0,15.772870662460567,0.03364879074658255,0.0,0.0005259828758426011,0.04999997094273567,"{""backing"": 2.0, ""comb_expand"": 1.0, ""depth"": 50.0, ""face_h"": 60.0, ""face_w"": 60.0, ""jitter"": 0.0, ""margin_depths"": 2.0, ""pitch"": 3.17, ""seed"": 102, ""topology"": ""comb"", ""wall_bot"": 0.04, ""wall_top"": 0.04}"
CB_p0317_f040_x10_s102,comb,expanded foil,0.04,102,d76,3.17,50.0,15.772870662460567,0.03364879074658255,-20.0,0.0011528845643624663,0.04999997094273567,"{""backing"": 2.0, ""comb_expand"": 1.0, ""depth"": 50.0, ""face_h"": 60.0, ""face_w"": 60.0, ""jitter"": 0.0, ""margin_depths"": 2.0, ""pitch"": 3.17, ""seed"": 102, ""topology"": ""comb"", ""wall_bot"": 0.04, ""wall_top"": 0.04}"
CB_p0317_f040_x10_s102,comb,expanded foil,0.04,102,d76,3.17,50.0,15.772870662460567,0.03364879074658255,-40.0,0.0018266118131577969,0.04999997094273567,"{""backing"": 2.0, ""comb_expand"": 1.0, ""depth"": 50.0, ""face_h"": 60.0, ""face_w"": 60.0, ""jitter"": 0.0, ""margin_depths"": 2.0, ""pitch"": 3.17, ""seed"": 102, ""topology"": ""comb"", ""wall_bot"": 0.04, ""wall_top"": 0.04}"
CB_p0317_f040_x10_s102,comb,expanded foil,0.04,102,d76,3.17,50.0,15.772870662460567,0.03364879074658255,20.0,0.001160833635367453,0.04999997094273567,"{""backing"": 2.0, ""comb_expand"": 1.0, ""depth"": 50.0, ""face_h"": 60.0, ""face_w"": 60.0, ""jitter"": 0.0, ""margin_depths"": 2.0, ""pitch"": 3.17, ""seed"": 102, ""topology"": ""comb"", ""wall_bot"": 0.04, ""wall_top"": 0.04}"
CB_p0317_f040_x10_s102,comb,expanded foil,0.04,102,d76,3.17,50.0,15.772870662460567,0.03364879074658255,40.0,0.0018213832518085837,0.04999997094273567,"{""backing"": 2.0, ""comb_expand"": 1.0, ""depth"": 50.0, ""face_h"": 60.0, ""face_w"": 60.0, ""jitter"": 0.0, ""margin_depths"": 2.0, ""pitch"": 3.17, ""seed"": 102, ""topology"": ""comb"", ""wall_bot"": 0.04, ""wall_top"": 0.04}"
CB_p0317_f040_x10_s102,comb,expanded foil,0.04,102,d100,3.17,50.0,15.772870662460567,0.03364879074658255,0.0,0.0004623024142347276,0.04999997094273567,"{""backing"": 2.0, ""comb_expand"": 1.0, ""depth"": 50.0, ""face_h"": 60.0, ""face_w"": 60.0, ""jitter"": 0.0, ""margin_depths"": 2.0, ""pitch"": 3.17, ""seed"": 102, ""topology"": ""comb"", ""wall_bot"": 0.04, ""wall_top"": 0.04}"
CB_p0317_f040_x10_s102,comb,expanded foil,0.04,102,d100,3.17,50.0,15.772870662460567,0.03364879074658255,-20.0,0.0013417787849903107,0.04999997094273567,"{""backing"": 2.0, ""comb_expand"": 1.0, ""depth"": 50.0, ""face_h"": 60.0, ""face_w"": 60.0, ""jitter"": 0.0, ""margin_depths"": 2.0, ""pitch"": 3.17, ""seed"": 102, ""topology"": ""comb"", ""wall_bot"": 0.04, ""wall_top"": 0.04}"
CB_p0317_f040_x10_s102,comb,expanded foil,0.04,102,d100,3.17,50.0,15.772870662460567,0.03364879074658255,-40.0,0.0022312498185783625,0.04999997094273567,"{""backing"": 2.0, ""comb_expand"": 1.0, ""depth"": 50.0, ""face_h"": 60.0, ""face_w"": 60.0, ""jitter"": 0.0, ""margin_depths"": 2.0, ""pitch"": 3.17, ""seed"": 102, ""topology"": ""comb"", ""wall_bot"": 0.04, ""wall_top"": 0.04}"
CB_p0317_f040_x10_s102,comb,expanded foil,0.04,102,d100,3.17,50.0,15.772870662460567,0.03364879074658255,20.0,0.0013655511429533362,0.04999997094273567,"{""backing"": 2.0, ""comb_expand"": 1.0, ""depth"": 50.0, ""face_h"": 60.0, ""face_w"": 60.0, ""jitter"": 0.0, ""margin_depths"": 2.0, ""pitch"": 3.17, ""seed"": 102, ""topology"": ""comb"", ""wall_bot"": 0.04, ""wall_top"": 0.04}"
CB_p0317_f040_x10_s102,comb,expanded foil,0.04,102,d100,3.17,50.0,15.772870662460567,0.03364879074658255,40.0,0.0022240551188588142,0.04999997094273567,"{""backing"": 2.0, ""comb_expand"": 1.0, ""depth"": 50.0, ""face_h"": 60.0, ""face_w"": 60.0, ""jitter"": 0.0, ""margin_depths"": 2.0, ""pitch"": 3.17, ""seed"": 102, ""topology"": ""comb"", ""wall_bot"": 0.04, ""wall_top"": 0.04}"
CB_p0317_f040_x13_s102,comb,expanded foil,0.04,102,d00,3.17,50.0,15.772870662460567,0.03364879074658255,0.0,0.0007909958367235959,0.04999997094273567,"{""backing"": 2.0, ""comb_expand"": 1.3, ""depth"": 50.0, ""face_h"": 60.0, ""face_w"": 60.0, ""jitter"": 0.0, ""margin_depths"": 2.0, ""pitch"": 3.17, ""seed"": 102, ""topology"": ""comb"", ""wall_bot"": 0.04, ""wall_top"": 0.04}"
CB_p0317_f040_x13_s102,comb,expanded foil,0.04,102,d00,3.17,50.0,15.772870662460567,0.03364879074658255,-20.0,0.0005166357732377946,0.04999997094273567,"{""backing"": 2.0, ""comb_expand"": 1.3, ""depth"": 50.0, ""face_h"": 60.0, ""face_w"": 60.0, ""jitter"": 0.0, ""margin_depths"": 2.0, ""pitch"": 3.17, ""seed"": 102, ""topology"": ""comb"", ""wall_bot"": 0.04, ""wall_top"": 0.04}"
CB_p0317_f040_x13_s102,comb,expanded foil,0.04,102,d00,3.17,50.0,15.772870662460567,0.03364879074658255,-40.0,0.0005147315678186715,0.04999997094273567,"{""backing"": 2.0, ""comb_expand"": 1.3, ""depth"": 50.0, ""face_h"": 60.0, ""face_w"": 60.0, ""jitter"": 0.0, ""margin_depths"": 2.0, ""pitch"": 3.17, ""seed"": 102, ""topology"": ""comb"", ""wall_bot"": 0.04, ""wall_top"": 0.04}"
CB_p0317_f040_x13_s102,comb,expanded foil,0.04,102,d00,3.17,50.0,15.772870662460567,0.03364879074658255,20.0,0.0005333126755431294,0.04999997094273567,"{""backing"": 2.0, ""comb_expand"": 1.3, ""depth"": 50.0, ""face_h"": 60.0, ""face_w"": 60.0, ""jitter"": 0.0, ""margin_depths"": 2.0, ""pitch"": 3.17, ""seed"": 102, ""topology"": ""comb"", ""wall_bot"": 0.04, ""wall_top"": 0.04}"
CB_p0317_f040_x13_s102,comb,expanded foil,0.04,102,d00,3.17,50.0,15.772870662460567,0.03364879074658255,40.0,0.000515428080689162,0.04999997094273567,"{""backing"": 2.0, ""comb_expand"": 1.3, ""depth"": 50.0, ""face_h"": 60.0, ""face_w"": 60.0, ""jitter"": 0.0, ""margin_depths"": 2.0, ""pitch"": 3.17, ""seed"": 102, ""topology"": ""comb"", ""wall_bot"": 0.04, ""wall_top"": 0.04}"
CB_p0317_f040_x13_s102,comb,expanded foil,0.04,102,d76,3.17,50.0,15.772870662460567,0.03364879074658255,0.0,0.0004768417857121676,0.04999997094273567,"{""backing"": 2.0, ""comb_expand"": 1.3, ""depth"": 50.0, ""face_h"": 60.0, ""face_w"": 60.0, ""jitter"": 0.0, ""margin_depths"": 2.0, ""pitch"": 3.17, ""seed"": 102, ""topology"": ""comb"", ""wall_bot"": 0.04, ""wall_top"": 0.04}"
CB_p0317_f040_x13_s102,comb,expanded foil,0.04,102,d76,3.17,50.0,15.772870662460567,0.03364879074658255,-20.0,0.0011896849609911442,0.04999997094273567,"{""backing"": 2.0, ""comb_expand"": 1.3, ""depth"": 50.0, ""face_h"": 60.0, ""face_w"": 60.0, ""jitter"": 0.0, ""margin_depths"": 2.0, ""pitch"": 3.17, ""seed"": 102, ""topology"": ""comb"", ""wall_bot"": 0.04, ""wall_top"": 0.04}"
CB_p0317_f040_x13_s102,comb,expanded foil,0.04,102,d76,3.17,50.0,15.772870662460567,0.03364879074658255,-40.0,0.00191302050370723,0.04999997094273567,"{""backing"": 2.0, ""comb_expand"": 1.3, ""depth"": 50.0, ""face_h"": 60.0, ""face_w"": 60.0, ""jitter"": 0.0, ""margin_depths"": 2.0, ""pitch"": 3.17, ""seed"": 102, ""topology"": ""comb"", ""wall_bot"": 0.04, ""wall_top"": 0.04}"
CB_p0317_f040_x13_s102,comb,expanded foil,0.04,102,d76,3.17,50.0,15.772870662460567,0.03364879074658255,20.0,0.00120346003677696,0.04999997094273567,"{""backing"": 2.0, ""comb_expand"": 1.3, ""depth"": 50.0, ""face_h"": 60.0, ""face_w"": 60.0, ""jitter"": 0.0, ""margin_depths"": 2.0, ""pitch"": 3.17, ""seed"": 102, ""topology"": ""comb"", ""wall_bot"": 0.04, ""wall_top"": 0.04}"
CB_p0317_f040_x13_s102,comb,expanded foil,0.04,102,d76,3.17,50.0,15.772870662460567,0.03364879074658255,40.0,0.0019120366778224707,0.04999997094273567,"{""backing"": 2.0, ""comb_expand"": 1.3, ""depth"": 50.0, ""face_h"": 60.0, ""face_w"": 60.0, ""jitter"": 0.0, ""margin_depths"": 2.0, ""pitch"": 3.17, ""seed"": 102, ""topology"": ""comb"", ""wall_bot"": 0.04, ""wall_top"": 0.04}"
CB_p0317_f040_x13_s102,comb,expanded foil,0.04,102,d100,3.17,50.0,15.772870662460567,0.03364879074658255,0.0,0.0004002379428129643,0.04999997094273567,"{""backing"": 2.0, ""comb_expand"": 1.3, ""depth"": 50.0, ""face_h"": 60.0, ""face_w"": 60.0, ""jitter"": 0.0, ""margin_depths"": 2.0, ""pitch"": 3.17, ""seed"": 102, ""topology"": ""comb"", ""wall_bot"": 0.04, ""wall_top"": 0.04}"
CB_p0317_f040_x13_s102,comb,expanded foil,0.04,102,d100,3.17,50.0,15.772870662460567,0.03364879074658255,-20.0,0.001404816866852343,0.04999997094273567,"{""backing"": 2.0, ""comb_expand"": 1.3, ""depth"": 50.0, ""face_h"": 60.0, ""face_w"": 60.0, ""jitter"": 0.0, ""margin_depths"": 2.0, ""pitch"": 3.17, ""seed"": 102, ""topology"": ""comb"", ""wall_bot"": 0.04, ""wall_top"": 0.04}"
CB_p0317_f040_x13_s102,comb,expanded foil,0.04,102,d100,3.17,50.0,15.772870662460567,0.03364879074658255,-40.0,0.0023573392536491156,0.04999997094273567,"{""backing"": 2.0, ""comb_expand"": 1.3, ""depth"": 50.0, ""face_h"": 60.0, ""face_w"": 60.0, ""jitter"": 0.0, ""margin_depths"": 2.0, ""pitch"": 3.17, ""seed"": 102, ""topology"": ""comb"", ""wall_bot"": 0.04, ""wall_top"": 0.04}"
CB_p0317_f040_x13_s102,comb,expanded foil,0.04,102,d100,3.17,50.0,15.772870662460567,0.03364879074658255,20.0,0.0014236330753192306,0.04999997094273567,"{""backing"": 2.0, ""comb_expand"": 1.3, ""depth"": 50.0, ""face_h"": 60.0, ""face_w"": 60.0, ""jitter"": 0.0, ""margin_depths"": 2.0, ""pitch"": 3.17, ""seed"": 102, ""topology"": ""comb"", ""wall_bot"": 0.04, ""wall_top"": 0.04}"
CB_p0317_f040_x13_s102,comb,expanded foil,0.04,102,d100,3.17,50.0,15.772870662460567,0.03364879074658255,40.0,0.0023622626904398203,0.04999997094273567,"{""backing"": 2.0, ""comb_expand"": 1.3, ""depth"": 50.0, ""face_h"": 60.0, ""face_w"": 60.0, ""jitter"": 0.0, ""margin_depths"": 2.0, ""pitch"": 3.17, ""seed"": 102, ""topology"": ""comb"", ""wall_bot"": 0.04, ""wall_top"": 0.04}"
CB_p0520_f040_x10_s102,comb,expanded foil,0.04,102,d00,5.2,50.0,9.615384615384615,0.02051282051282051,0.0,0.0010578073561191559,0.04999997094273567,"{""backing"": 2.0, ""comb_expand"": 1.0, ""depth"": 50.0, ""face_h"": 60.0, ""face_w"": 60.0, ""jitter"": 0.0, ""margin_depths"": 2.0, ""pitch"": 5.2, ""seed"": 102, ""topology"": ""comb"", ""wall_bot"": 0.04, ""wall_top"": 0.04}"
CB_p0520_f040_x10_s102,comb,expanded foil,0.04,102,d00,5.2,50.0,9.615384615384615,0.02051282051282051,-20.0,0.00041734750266186893,0.04999997094273567,"{""backing"": 2.0, ""comb_expand"": 1.0, ""depth"": 50.0, ""face_h"": 60.0, ""face_w"": 60.0, ""jitter"": 0.0, ""margin_depths"": 2.0, ""pitch"": 5.2, ""seed"": 102, ""topology"": ""comb"", ""wall_bot"": 0.04, ""wall_top"": 0.04}"
CB_p0520_f040_x10_s102,comb,expanded foil,0.04,102,d00,5.2,50.0,9.615384615384615,0.02051282051282051,-40.0,0.00038398586912080646,0.04999997094273567,"{""backing"": 2.0, ""comb_expand"": 1.0, ""depth"": 50.0, ""face_h"": 60.0, ""face_w"": 60.0, ""jitter"": 0.0, ""margin_depths"": 2.0, ""pitch"": 5.2, ""seed"": 102, ""topology"": ""comb"", ""wall_bot"": 0.04, ""wall_top"": 0.04}"
CB_p0520_f040_x10_s102,comb,expanded foil,0.04,102,d00,5.2,50.0,9.615384615384615,0.02051282051282051,20.0,0.00040364189771935344,0.04999997094273567,"{""backing"": 2.0, ""comb_expand"": 1.0, ""depth"": 50.0, ""face_h"": 60.0, ""face_w"": 60.0, ""jitter"": 0.0, ""margin_depths"": 2.0, ""pitch"": 5.2, ""seed"": 102, ""topology"": ""comb"", ""wall_bot"": 0.04, ""wall_top"": 0.04}"
CB_p0520_f040_x10_s102,comb,expanded foil,0.04,102,d00,5.2,50.0,9.615384615384615,0.02051282051282051,40.0,0.00038244336610659957,0.04999997094273567,"{""backing"": 2.0, ""comb_expand"": 1.0, ""depth"": 50.0, ""face_h"": 60.0, ""face_w"": 60.0, ""jitter"": 0.0, ""margin_depths"": 2.0, ""pitch"": 5.2, ""seed"": 102, ""topology"": ""comb"", ""wall_bot"": 0.04, ""wall_top"": 0.04}"
CB_p0520_f040_x10_s102,comb,expanded foil,0.04,102,d76,5.2,50.0,9.615384615384615,0.02051282051282051,0.0,0.0004512951709330082,0.04999997094273567,"{""backing"": 2.0, ""comb_expand"": 1.0, ""depth"": 50.0, ""face_h"": 60.0, ""face_w"": 60.0, ""jitter"": 0.0, ""margin_depths"": 2.0, ""pitch"": 5.2, ""seed"": 102, ""topology"": ""comb"", ""wall_bot"": 0.04, ""wall_top"": 0.04}"
CB_p0520_f040_x10_s102,comb,expanded foil,0.04,102,d76,5.2,50.0,9.615384615384615,0.02051282051282051,-20.0,0.0010081983637064695,0.04999997094273567,"{""backing"": 2.0, ""comb_expand"": 1.0, ""depth"": 50.0, ""face_h"": 60.0, ""face_w"": 60.0, ""jitter"": 0.0, ""margin_depths"": 2.0, ""pitch"": 5.2, ""seed"": 102, ""topology"": ""comb"", ""wall_bot"": 0.04, ""wall_top"": 0.04}"
CB_p0520_f040_x10_s102,comb,expanded foil,0.04,102,d76,5.2,50.0,9.615384615384615,0.02051282051282051,-40.0,0.0016756366239860654,0.04999997094273567,"{""backing"": 2.0, ""comb_expand"": 1.0, ""depth"": 50.0, ""face_h"": 60.0, ""face_w"": 60.0, ""jitter"": 0.0, ""margin_depths"": 2.0, ""pitch"": 5.2, ""seed"": 102, ""topology"": ""comb"", ""wall_bot"": 0.04, ""wall_top"": 0.04}"
CB_p0520_f040_x10_s102,comb,expanded foil,0.04,102,d76,5.2,50.0,9.615384615384615,0.02051282051282051,20.0,0.0009816654492169619,0.04999997094273567,"{""backing"": 2.0, ""comb_expand"": 1.0, ""depth"": 50.0, ""face_h"": 60.0, ""face_w"": 60.0, ""jitter"": 0.0, ""margin_depths"": 2.0, ""pitch"": 5.2, ""seed"": 102, ""topology"": ""comb"", ""wall_bot"": 0.04, ""wall_top"": 0.04}"
CB_p0520_f040_x10_s102,comb,expanded foil,0.04,102,d76,5.2,50.0,9.615384615384615,0.02051282051282051,40.0,0.001661214861087501,0.04999997094273567,"{""backing"": 2.0, ""comb_expand"": 1.0, ""depth"": 50.0, ""face_h"": 60.0, ""face_w"": 60.0, ""jitter"": 0.0, ""margin_depths"": 2.0, ""pitch"": 5.2, ""seed"": 102, ""topology"": ""comb"", ""wall_bot"": 0.04, ""wall_top"": 0.04}"
CB_p0520_f040_x10_s102,comb,expanded foil,0.04,102,d100,5.2,50.0,9.615384615384615,0.02051282051282051,0.0,0.00029697289573960006,0.04999997094273567,"{""backing"": 2.0, ""comb_expand"": 1.0, ""depth"": 50.0, ""face_h"": 60.0, ""face_w"": 60.0, ""jitter"": 0.0, ""margin_depths"": 2.0, ""pitch"": 5.2, ""seed"": 102, ""topology"": ""comb"", ""wall_bot"": 0.04, ""wall_top"": 0.04}"
CB_p0520_f040_x10_s102,comb,expanded foil,0.04,102,d100,5.2,50.0,9.615384615384615,0.02051282051282051,-20.0,0.0012102869804948568,0.04999997094273567,"{""backing"": 2.0, ""comb_expand"": 1.0, ""depth"": 50.0, ""face_h"": 60.0, ""face_w"": 60.0, ""jitter"": 0.0, ""margin_depths"": 2.0, ""pitch"": 5.2, ""seed"": 102, ""topology"": ""comb"", ""wall_bot"": 0.04, ""wall_top"": 0.04}"
CB_p0520_f040_x10_s102,comb,expanded foil,0.04,102,d100,5.2,50.0,9.615384615384615,0.02051282051282051,-40.0,0.00209201336838305,0.04999997094273567,"{""backing"": 2.0, ""comb_expand"": 1.0, ""depth"": 50.0, ""face_h"": 60.0, ""face_w"": 60.0, ""jitter"": 0.0, ""margin_depths"": 2.0, ""pitch"": 5.2, ""seed"": 102, ""topology"": ""comb"", ""wall_bot"": 0.04, ""wall_top"": 0.04}"
CB_p0520_f040_x10_s102,comb,expanded foil,0.04,102,d100,5.2,50.0,9.615384615384615,0.02051282051282051,20.0,0.0011742193019017577,0.04999997094273567,"{""backing"": 2.0, ""comb_expand"": 1.0, ""depth"": 50.0, ""face_h"": 60.0, ""face_w"": 60.0, ""jitter"": 0.0, ""margin_depths"": 2.0, ""pitch"": 5.2, ""seed"": 102, ""topology"": ""comb"", ""wall_bot"": 0.04, ""wall_top"": 0.04}"
CB_p0520_f040_x10_s102,comb,expanded foil,0.04,102,d100,5.2,50.0,9.615384615384615,0.02051282051282051,40.0,0.0020745662041008472,0.04999997094273567,"{""backing"": 2.0, ""comb_expand"": 1.0, ""depth"": 50.0, ""face_h"": 60.0, ""face_w"": 60.0, ""jitter"": 0.0, ""margin_depths"": 2.0, ""pitch"": 5.2, ""seed"": 102, ""topology"": ""comb"", ""wall_bot"": 0.04, ""wall_top"": 0.04}"
CB_p0520_f040_x13_s102,comb,expanded foil,0.04,102,d00,5.2,50.0,9.615384615384615,0.02051282051282051,0.0,0.0012044768081977963,0.049967437982559204,"{""backing"": 2.0, ""comb_expand"": 1.3, ""depth"": 50.0, ""face_h"": 60.0, ""face_w"": 60.0, ""jitter"": 0.0, ""margin_depths"": 2.0, ""pitch"": 5.2, ""seed"": 102, ""topology"": ""comb"", ""wall_bot"": 0.04, ""wall_top"": 0.04}"
CB_p0520_f040_x13_s102,comb,expanded foil,0.04,102,d00,5.2,50.0,9.615384615384615,0.02051282051282051,-20.0,0.00037171869189478457,0.04996697977185249,"{""backing"": 2.0, ""comb_expand"": 1.3, ""depth"": 50.0, ""face_h"": 60.0, ""face_w"": 60.0, ""jitter"": 0.0, ""margin_depths"": 2.0, ""pitch"": 5.2, ""seed"": 102, ""topology"": ""comb"", ""wall_bot"": 0.04, ""wall_top"": 0.04}"
CB_p0520_f040_x13_s102,comb,expanded foil,0.04,102,d00,5.2,50.0,9.615384615384615,0.02051282051282051,-40.0,0.00033822617842815816,0.04996618255972862,"{""backing"": 2.0, ""comb_expand"": 1.3, ""depth"": 50.0, ""face_h"": 60.0, ""face_w"": 60.0, ""jitter"": 0.0, ""margin_depths"": 2.0, ""pitch"": 5.2, ""seed"": 102, ""topology"": ""comb"", ""wall_bot"": 0.04, ""wall_top"": 0.04}"
CB_p0520_f040_x13_s102,comb,expanded foil,0.04,102,d00,5.2,50.0,9.615384615384615,0.02051282051282051,20.0,0.0003616747271735221,0.049964845180511475,"{""backing"": 2.0, ""comb_expand"": 1.3, ""depth"": 50.0, ""face_h"": 60.0, ""face_w"": 60.0, ""jitter"": 0.0, ""margin_depths"": 2.0, ""pitch"": 5.2, ""seed"": 102, ""topology"": ""comb"", ""wall_bot"": 0.04, ""wall_top"": 0.04}"
CB_p0520_f040_x13_s102,comb,expanded foil,0.04,102,d00,5.2,50.0,9.615384615384615,0.02051282051282051,40.0,0.0003392421640455723,0.04996519163250923,"{""backing"": 2.0, ""comb_expand"": 1.3, ""depth"": 50.0, ""face_h"": 60.0, ""face_w"": 60.0, ""jitter"": 0.0, ""margin_depths"": 2.0, ""pitch"": 5.2, ""seed"": 102, ""topology"": ""comb"", ""wall_bot"": 0.04, ""wall_top"": 0.04}"
CB_p0520_f040_x13_s102,comb,expanded foil,0.04,102,d76,5.2,50.0,9.615384615384615,0.02051282051282051,0.0,0.0004603526322171092,0.04996633529663086,"{""backing"": 2.0, ""comb_expand"": 1.3, ""depth"": 50.0, ""face_h"": 60.0, ""face_w"": 60.0, ""jitter"": 0.0, ""margin_depths"": 2.0, ""pitch"": 5.2, ""seed"": 102, ""topology"": ""comb"", ""wall_bot"": 0.04, ""wall_top"": 0.04}"
CB_p0520_f040_x13_s102,comb,expanded foil,0.04,102,d76,5.2,50.0,9.615384615384615,0.02051282051282051,-20.0,0.0010620331158861518,0.04996609687805176,"{""backing"": 2.0, ""comb_expand"": 1.3, ""depth"": 50.0, ""face_h"": 60.0, ""face_w"": 60.0, ""jitter"": 0.0, ""margin_depths"": 2.0, ""pitch"": 5.2, ""seed"": 102, ""topology"": ""comb"", ""wall_bot"": 0.04, ""wall_top"": 0.04}"
CB_p0520_f040_x13_s102,comb,expanded foil,0.04,102,d76,5.2,50.0,9.615384615384615,0.02051282051282051,-40.0,0.001776327146217227,0.04996459186077118,"{""backing"": 2.0, ""comb_expand"": 1.3, ""depth"": 50.0, ""face_h"": 60.0, ""face_w"": 60.0, ""jitter"": 0.0, ""margin_depths"": 2.0, ""pitch"": 5.2, ""seed"": 102, ""topology"": ""comb"", ""wall_bot"": 0.04, ""wall_top"": 0.04}"
CB_p0520_f040_x13_s102,comb,expanded foil,0.04,102,d76,5.2,50.0,9.615384615384615,0.02051282051282051,20.0,0.001026651938445866,0.04996340721845627,"{""backing"": 2.0, ""comb_expand"": 1.3, ""depth"": 50.0, ""face_h"": 60.0, ""face_w"": 60.0, ""jitter"": 0.0, ""margin_depths"": 2.0, ""pitch"": 5.2, ""seed"": 102, ""topology"": ""comb"", ""wall_bot"": 0.04, ""wall_top"": 0.04}"
CB_p0520_f040_x13_s102,comb,expanded foil,0.04,102,d76,5.2,50.0,9.615384615384615,0.02051282051282051,40.0,0.0017677330179139972,0.04996401444077492,"{""backing"": 2.0, ""comb_expand"": 1.3, ""depth"": 50.0, ""face_h"": 60.0, ""face_w"": 60.0, ""jitter"": 0.0, ""margin_depths"": 2.0, ""pitch"": 5.2, ""seed"": 102, ""topology"": ""comb"", ""wall_bot"": 0.04, ""wall_top"": 0.04}"
CB_p0520_f040_x13_s102,comb,expanded foil,0.04,102,d100,5.2,50.0,9.615384615384615,0.02051282051282051,0.0,0.00026792328571900725,0.049965858459472656,"{""backing"": 2.0, ""comb_expand"": 1.3, ""depth"": 50.0, ""face_h"": 60.0, ""face_w"": 60.0, ""jitter"": 0.0, ""margin_depths"": 2.0, ""pitch"": 5.2, ""seed"": 102, ""topology"": ""comb"", ""wall_bot"": 0.04, ""wall_top"": 0.04}"
CB_p0520_f040_x13_s102,comb,expanded foil,0.04,102,d100,5.2,50.0,9.615384615384615,0.02051282051282051,-20.0,0.0012876982800662518,0.049965791404247284,"{""backing"": 2.0, ""comb_expand"": 1.3, ""depth"": 50.0, ""face_h"": 60.0, ""face_w"": 60.0, ""jitter"": 0.0, ""margin_depths"": 2.0, ""pitch"": 5.2, ""seed"": 102, ""topology"": ""comb"", ""wall_bot"": 0.04, ""wall_top"": 0.04}"
CB_p0520_f040_x13_s102,comb,expanded foil,0.04,102,d100,5.2,50.0,9.615384615384615,0.02051282051282051,-40.0,0.0022487202659249306,0.04996436834335327,"{""backing"": 2.0, ""comb_expand"": 1.3, ""depth"": 50.0, ""face_h"": 60.0, ""face_w"": 60.0, ""jitter"": 0.0, ""margin_depths"": 2.0, ""pitch"": 5.2, ""seed"": 102, ""topology"": ""comb"", ""wall_bot"": 0.04, ""wall_top"": 0.04}"
CB_p0520_f040_x13_s102,comb,expanded foil,0.04,102,d100,5.2,50.0,9.615384615384615,0.02051282051282051,20.0,0.0012452092487365007,0.04996313899755478,"{""backing"": 2.0, ""comb_expand"": 1.3, ""depth"": 50.0, ""face_h"": 60.0, ""face_w"": 60.0, ""jitter"": 0.0, ""margin_depths"": 2.0, ""pitch"": 5.2, ""seed"": 102, ""topology"": ""comb"", ""wall_bot"": 0.04, ""wall_top"": 0.04}"
CB_p0520_f040_x13_s102,comb,expanded foil,0.04,102,d100,5.2,50.0,9.615384615384615,0.02051282051282051,40.0,0.002221733331680298,0.04996379464864731,"{""backing"": 2.0, ""comb_expand"": 1.3, ""depth"": 50.0, ""face_h"": 60.0, ""face_w"": 60.0, ""jitter"": 0.0, ""margin_depths"": 2.0, ""pitch"": 5.2, ""seed"": 102, ""topology"": ""comb"", ""wall_bot"": 0.04, ""wall_top"": 0.04}"
CB_p0650_f080_x10_s102,comb,expanded foil,0.08,102,d00,6.5,50.0,7.6923076923076925,0.03282051282051282,0.0,0.0015138676390051842,0.0499240979552269,"{""backing"": 2.0, ""comb_expand"": 1.0, ""depth"": 50.0, ""face_h"": 60.0, ""face_w"": 60.0, ""jitter"": 0.0, ""margin_depths"": 2.0, ""pitch"": 6.5, ""seed"": 102, ""topology"": ""comb"", ""wall_bot"": 0.08, ""wall_top"": 0.08}"
CB_p0650_f080_x10_s102,comb,expanded foil,0.08,102,d00,6.5,50.0,7.6923076923076925,0.03282051282051282,-20.0,0.0005614865804091096,0.049922797828912735,"{""backing"": 2.0, ""comb_expand"": 1.0, ""depth"": 50.0, ""face_h"": 60.0, ""face_w"": 60.0, ""jitter"": 0.0, ""margin_depths"": 2.0, ""pitch"": 6.5, ""seed"": 102, ""topology"": ""comb"", ""wall_bot"": 0.08, ""wall_top"": 0.08}"
CB_p0650_f080_x10_s102,comb,expanded foil,0.08,102,d00,6.5,50.0,7.6923076923076925,0.03282051282051282,-40.0,0.0005578870186582208,0.049918707460165024,"{""backing"": 2.0, ""comb_expand"": 1.0, ""depth"": 50.0, ""face_h"": 60.0, ""face_w"": 60.0, ""jitter"": 0.0, ""margin_depths"": 2.0, ""pitch"": 6.5, ""seed"": 102, ""topology"": ""comb"", ""wall_bot"": 0.08, ""wall_top"": 0.08}"
CB_p0650_f080_x10_s102,comb,expanded foil,0.08,102,d00,6.5,50.0,7.6923076923076925,0.03282051282051282,20.0,0.0005535432719625533,0.04992130771279335,"{""backing"": 2.0, ""comb_expand"": 1.0, ""depth"": 50.0, ""face_h"": 60.0, ""face_w"": 60.0, ""jitter"": 0.0, ""margin_depths"": 2.0, ""pitch"": 6.5, ""seed"": 102, ""topology"": ""comb"", ""wall_bot"": 0.08, ""wall_top"": 0.08}"
CB_p0650_f080_x10_s102,comb,expanded foil,0.08,102,d00,6.5,50.0,7.6923076923076925,0.03282051282051282,40.0,0.0005502700805664062,0.049918033182621,"{""backing"": 2.0, ""comb_expand"": 1.0, ""depth"": 50.0, ""face_h"": 60.0, ""face_w"": 60.0, ""jitter"": 0.0, ""margin_depths"": 2.0, ""pitch"": 6.5, ""seed"": 102, ""topology"": ""comb"", ""wall_bot"": 0.08, ""wall_top"": 0.08}"
CB_p0650_f080_x10_s102,comb,expanded foil,0.08,102,d76,6.5,50.0,7.6923076923076925,0.03282051282051282,0.0,0.000681019970215857,0.04992164671421051,"{""backing"": 2.0, ""comb_expand"": 1.0, ""depth"": 50.0, ""face_h"": 60.0, ""face_w"": 60.0, ""jitter"": 0.0, ""margin_depths"": 2.0, ""pitch"": 6.5, ""seed"": 102, ""topology"": ""comb"", ""wall_bot"": 0.08, ""wall_top"": 0.08}"
CB_p0650_f080_x10_s102,comb,expanded foil,0.08,102,d76,6.5,50.0,7.6923076923076925,0.03282051282051282,-20.0,0.0011343744117766619,0.04992008954286575,"{""backing"": 2.0, ""comb_expand"": 1.0, ""depth"": 50.0, ""face_h"": 60.0, ""face_w"": 60.0, ""jitter"": 0.0, ""margin_depths"": 2.0, ""pitch"": 6.5, ""seed"": 102, ""topology"": ""comb"", ""wall_bot"": 0.08, ""wall_top"": 0.08}"
CB_p0650_f080_x10_s102,comb,expanded foil,0.08,102,d76,6.5,50.0,7.6923076923076925,0.03282051282051282,-40.0,0.0017961878329515457,0.04991548880934715,"{""backing"": 2.0, ""comb_expand"": 1.0, ""depth"": 50.0, ""face_h"": 60.0, ""face_w"": 60.0, ""jitter"": 0.0, ""margin_depths"": 2.0, ""pitch"": 6.5, ""seed"": 102, ""topology"": ""comb"", ""wall_bot"": 0.08, ""wall_top"": 0.08}"
CB_p0650_f080_x10_s102,comb,expanded foil,0.08,102,d76,6.5,50.0,7.6923076923076925,0.03282051282051282,20.0,0.0011239045998081565,0.04991835355758667,"{""backing"": 2.0, ""comb_expand"": 1.0, ""depth"": 50.0, ""face_h"": 60.0, ""face_w"": 60.0, ""jitter"": 0.0, ""margin_depths"": 2.0, ""pitch"": 6.5, ""seed"": 102, ""topology"": ""comb"", ""wall_bot"": 0.08, ""wall_top"": 0.08}"
CB_p0650_f080_x10_s102,comb,expanded foil,0.08,102,d76,6.5,50.0,7.6923076923076925,0.03282051282051282,40.0,0.001802633865736425,0.04991485923528671,"{""backing"": 2.0, ""comb_expand"": 1.0, ""depth"": 50.0, ""face_h"": 60.0, ""face_w"": 60.0, ""jitter"": 0.0, ""margin_depths"": 2.0, ""pitch"": 6.5, ""seed"": 102, ""topology"": ""comb"", ""wall_bot"": 0.08, ""wall_top"": 0.08}"
CB_p0650_f080_x10_s102,comb,expanded foil,0.08,102,d100,6.5,50.0,7.6923076923076925,0.03282051282051282,0.0,0.00046481075696647167,0.049920640885829926,"{""backing"": 2.0, ""comb_expand"": 1.0, ""depth"": 50.0, ""face_h"": 60.0, ""face_w"": 60.0, ""jitter"": 0.0, ""margin_depths"": 2.0, ""pitch"": 6.5, ""seed"": 102, ""topology"": ""comb"", ""wall_bot"": 0.08, ""wall_top"": 0.08}"
CB_p0650_f080_x10_s102,comb,expanded foil,0.08,102,d100,6.5,50.0,7.6923076923076925,0.03282051282051282,-20.0,0.0013219063403084874,0.04991914704442024,"{""backing"": 2.0, ""comb_expand"": 1.0, ""depth"": 50.0, ""face_h"": 60.0, ""face_w"": 60.0, ""jitter"": 0.0, ""margin_depths"": 2.0, ""pitch"": 6.5, ""seed"": 102, ""topology"": ""comb"", ""wall_bot"": 0.08, ""wall_top"": 0.08}"
CB_p0650_f080_x10_s102,comb,expanded foil,0.08,102,d100,6.5,50.0,7.6923076923076925,0.03282051282051282,-40.0,0.0021959205623716116,0.049914248287677765,"{""backing"": 2.0, ""comb_expand"": 1.0, ""depth"": 50.0, ""face_h"": 60.0, ""face_w"": 60.0, ""jitter"": 0.0, ""margin_depths"": 2.0, ""pitch"": 6.5, ""seed"": 102, ""topology"": ""comb"", ""wall_bot"": 0.08, ""wall_top"": 0.08}"
CB_p0650_f080_x10_s102,comb,expanded foil,0.08,102,d100,6.5,50.0,7.6923076923076925,0.03282051282051282,20.0,0.0013156537897884846,0.04991748929023743,"{""backing"": 2.0, ""comb_expand"": 1.0, ""depth"": 50.0, ""face_h"": 60.0, ""face_w"": 60.0, ""jitter"": 0.0, ""margin_depths"": 2.0, ""pitch"": 6.5, ""seed"": 102, ""topology"": ""comb"", ""wall_bot"": 0.08, ""wall_top"": 0.08}"
CB_p0650_f080_x10_s102,comb,expanded foil,0.08,102,d100,6.5,50.0,7.6923076923076925,0.03282051282051282,40.0,0.002211951185017824,0.04991377890110016,"{""backing"": 2.0, ""comb_expand"": 1.0, ""depth"": 50.0, ""face_h"": 60.0, ""face_w"": 60.0, ""jitter"": 0.0, ""margin_depths"": 2.0, ""pitch"": 6.5, ""seed"": 102, ""topology"": ""comb"", ""wall_bot"": 0.08, ""wall_top"": 0.08}"
CB_p0650_f080_x13_s102,comb,expanded foil,0.08,102,d00,6.5,50.0,7.6923076923076925,0.03282051282051282,0.0,0.0016911561833694577,0.0499006062746048,"{""backing"": 2.0, ""comb_expand"": 1.3, ""depth"": 50.0, ""face_h"": 60.0, ""face_w"": 60.0, ""jitter"": 0.0, ""margin_depths"": 2.0, ""pitch"": 6.5, ""seed"": 102, ""topology"": ""comb"", ""wall_bot"": 0.08, ""wall_top"": 0.08}"
CB_p0650_f080_x13_s102,comb,expanded foil,0.08,102,d00,6.5,50.0,7.6923076923076925,0.03282051282051282,-20.0,0.0005158719141036272,0.04989156499505043,"{""backing"": 2.0, ""comb_expand"": 1.3, ""depth"": 50.0, ""face_h"": 60.0, ""face_w"": 60.0, ""jitter"": 0.0, ""margin_depths"": 2.0, ""pitch"": 6.5, ""seed"": 102, ""topology"": ""comb"", ""wall_bot"": 0.08, ""wall_top"": 0.08}"
CB_p0650_f080_x13_s102,comb,expanded foil,0.08,102,d00,6.5,50.0,7.6923076923076925,0.03282051282051282,-40.0,0.0005126995383761823,0.049893710762262344,"{""backing"": 2.0, ""comb_expand"": 1.3, ""depth"": 50.0, ""face_h"": 60.0, ""face_w"": 60.0, ""jitter"": 0.0, ""margin_depths"": 2.0, ""pitch"": 6.5, ""seed"": 102, ""topology"": ""comb"", ""wall_bot"": 0.08, ""wall_top"": 0.08}"
CB_p0650_f080_x13_s102,comb,expanded foil,0.08,102,d00,6.5,50.0,7.6923076923076925,0.03282051282051282,20.0,0.0005066261510364711,0.049892157316207886,"{""backing"": 2.0, ""comb_expand"": 1.3, ""depth"": 50.0, ""face_h"": 60.0, ""face_w"": 60.0, ""jitter"": 0.0, ""margin_depths"": 2.0, ""pitch"": 6.5, ""seed"": 102, ""topology"": ""comb"", ""wall_bot"": 0.08, ""wall_top"": 0.08}"
CB_p0650_f080_x13_s102,comb,expanded foil,0.08,102,d00,6.5,50.0,7.6923076923076925,0.03282051282051282,40.0,0.0005098868277855217,0.0498904287815094,"{""backing"": 2.0, ""comb_expand"": 1.3, ""depth"": 50.0, ""face_h"": 60.0, ""face_w"": 60.0, ""jitter"": 0.0, ""margin_depths"": 2.0, ""pitch"": 6.5, ""seed"": 102, ""topology"": ""comb"", ""wall_bot"": 0.08, ""wall_top"": 0.08}"
CB_p0650_f080_x13_s102,comb,expanded foil,0.08,102,d76,6.5,50.0,7.6923076923076925,0.03282051282051282,0.0,0.0006955645512789488,0.04989735037088394,"{""backing"": 2.0, ""comb_expand"": 1.3, ""depth"": 50.0, ""face_h"": 60.0, ""face_w"": 60.0, ""jitter"": 0.0, ""margin_depths"": 2.0, ""pitch"": 6.5, ""seed"": 102, ""topology"": ""comb"", ""wall_bot"": 0.08, ""wall_top"": 0.08}"
CB_p0650_f080_x13_s102,comb,expanded foil,0.08,102,d76,6.5,50.0,7.6923076923076925,0.03282051282051282,-20.0,0.0011733418796211481,0.04988726228475571,"{""backing"": 2.0, ""comb_expand"": 1.3, ""depth"": 50.0, ""face_h"": 60.0, ""face_w"": 60.0, ""jitter"": 0.0, ""margin_depths"": 2.0, ""pitch"": 6.5, ""seed"": 102, ""topology"": ""comb"", ""wall_bot"": 0.08, ""wall_top"": 0.08}"
CB_p0650_f080_x13_s102,comb,expanded foil,0.08,102,d76,6.5,50.0,7.6923076923076925,0.03282051282051282,-40.0,0.0019112960435450077,0.0498896948993206,"{""backing"": 2.0, ""comb_expand"": 1.3, ""depth"": 50.0, ""face_h"": 60.0, ""face_w"": 60.0, ""jitter"": 0.0, ""margin_depths"": 2.0, ""pitch"": 6.5, ""seed"": 102, ""topology"": ""comb"", ""wall_bot"": 0.08, ""wall_top"": 0.08}"
CB_p0650_f080_x13_s102,comb,expanded foil,0.08,102,d76,6.5,50.0,7.6923076923076925,0.03282051282051282,20.0,0.001166565460152924,0.04988853260874748,"{""backing"": 2.0, ""comb_expand"": 1.3, ""depth"": 50.0, ""face_h"": 60.0, ""face_w"": 60.0, ""jitter"": 0.0, ""margin_depths"": 2.0, ""pitch"": 6.5, ""seed"": 102, ""topology"": ""comb"", ""wall_bot"": 0.08, ""wall_top"": 0.08}"
CB_p0650_f080_x13_s102,comb,expanded foil,0.08,102,d76,6.5,50.0,7.6923076923076925,0.03282051282051282,40.0,0.0019067972898483276,0.04988604784011841,"{""backing"": 2.0, ""comb_expand"": 1.3, ""depth"": 50.0, ""face_h"": 60.0, ""face_w"": 60.0, ""jitter"": 0.0, ""margin_depths"": 2.0, ""pitch"": 6.5, ""seed"": 102, ""topology"": ""comb"", ""wall_bot"": 0.08, ""wall_top"": 0.08}"
CB_p0650_f080_x13_s102,comb,expanded foil,0.08,102,d100,6.5,50.0,7.6923076923076925,0.03282051282051282,0.0,0.00043000924051739275,0.049896206706762314,"{""backing"": 2.0, ""comb_expand"": 1.3, ""depth"": 50.0, ""face_h"": 60.0, ""face_w"": 60.0, ""jitter"": 0.0, ""margin_depths"": 2.0, ""pitch"": 6.5, ""seed"": 102, ""topology"": ""comb"", ""wall_bot"": 0.08, ""wall_top"": 0.08}"
CB_p0650_f080_x13_s102,comb,expanded foil,0.08,102,d100,6.5,50.0,7.6923076923076925,0.03282051282051282,-20.0,0.0014002056559547782,0.04988621920347214,"{""backing"": 2.0, ""comb_expand"": 1.3, ""depth"": 50.0, ""face_h"": 60.0, ""face_w"": 60.0, ""jitter"": 0.0, ""margin_depths"": 2.0, ""pitch"": 6.5, ""seed"": 102, ""topology"": ""comb"", ""wall_bot"": 0.08, ""wall_top"": 0.08}"
CB_p0650_f080_x13_s102,comb,expanded foil,0.08,102,d100,6.5,50.0,7.6923076923076925,0.03282051282051282,-40.0,0.002361841034144163,0.049888383597135544,"{""backing"": 2.0, ""comb_expand"": 1.3, ""depth"": 50.0, ""face_h"": 60.0, ""face_w"": 60.0, ""jitter"": 0.0, ""margin_depths"": 2.0, ""pitch"": 6.5, ""seed"": 102, ""topology"": ""comb"", ""wall_bot"": 0.08, ""wall_top"": 0.08}"
CB_p0650_f080_x13_s102,comb,expanded foil,0.08,102,d100,6.5,50.0,7.6923076923076925,0.03282051282051282,20.0,0.0013887402601540089,0.0498870424926281,"{""backing"": 2.0, ""comb_expand"": 1.3, ""depth"": 50.0, ""face_h"": 60.0, ""face_w"": 60.0, ""jitter"": 0.0, ""margin_depths"": 2.0, ""pitch"": 6.5, ""seed"": 102, ""topology"": ""comb"", ""wall_bot"": 0.08, ""wall_top"": 0.08}"
CB_p0650_f080_x13_s102,comb,expanded foil,0.08,102,d100,6.5,50.0,7.6923076923076925,0.03282051282051282,40.0,0.002360096201300621,0.049884628504514694,"{""backing"": 2.0, ""comb_expand"": 1.3, ""depth"": 50.0, ""face_h"": 60.0, ""face_w"": 60.0, ""jitter"": 0.0, ""margin_depths"": 2.0, ""pitch"": 6.5, ""seed"": 102, ""topology"": ""comb"", ""wall_bot"": 0.08, ""wall_top"": 0.08}"
CB_p0650_f100_x10_s102,comb,expanded foil,0.1,102,d00,6.5,50.0,7.6923076923076925,0.041025641025641026,0.0,0.0015978914452716708,0.049900416284799576,"{""backing"": 2.0, ""comb_expand"": 1.0, ""depth"": 50.0, ""face_h"": 60.0, ""face_w"": 60.0, ""jitter"": 0.0, ""margin_depths"": 2.0, ""pitch"": 6.5, ""seed"": 102, ""topology"": ""comb"", ""wall_bot"": 0.1, ""wall_top"": 0.1}"
CB_p0650_f100_x10_s102,comb,expanded foil,0.1,102,d00,6.5,50.0,7.6923076923076925,0.041025641025641026,-20.0,0.0006656378973275423,0.04990144073963165,"{""backing"": 2.0, ""comb_expand"": 1.0, ""depth"": 50.0, ""face_h"": 60.0, ""face_w"": 60.0, ""jitter"": 0.0, ""margin_depths"": 2.0, ""pitch"": 6.5, ""seed"": 102, ""topology"": ""comb"", ""wall_bot"": 0.1, ""wall_top"": 0.1}"
CB_p0650_f100_x10_s102,comb,expanded foil,0.1,102,d00,6.5,50.0,7.6923076923076925,0.041025641025641026,-40.0,0.0006836917600594461,0.04989691451191902,"{""backing"": 2.0, ""comb_expand"": 1.0, ""depth"": 50.0, ""face_h"": 60.0, ""face_w"": 60.0, ""jitter"": 0.0, ""margin_depths"": 2.0, ""pitch"": 6.5, ""seed"": 102, ""topology"": ""comb"", ""wall_bot"": 0.1, ""wall_top"": 0.1}"
CB_p0650_f100_x10_s102,comb,expanded foil,0.1,102,d00,6.5,50.0,7.6923076923076925,0.041025641025641026,20.0,0.0006586757954210043,0.04989905655384064,"{""backing"": 2.0, ""comb_expand"": 1.0, ""depth"": 50.0, ""face_h"": 60.0, ""face_w"": 60.0, ""jitter"": 0.0, ""margin_depths"": 2.0, ""pitch"": 6.5, ""seed"": 102, ""topology"": ""comb"", ""wall_bot"": 0.1, ""wall_top"": 0.1}"
CB_p0650_f100_x10_s102,comb,expanded foil,0.1,102,d00,6.5,50.0,7.6923076923076925,0.041025641025641026,40.0,0.0006752765038982034,0.04989609867334366,"{""backing"": 2.0, ""comb_expand"": 1.0, ""depth"": 50.0, ""face_h"": 60.0, ""face_w"": 60.0, ""jitter"": 0.0, ""margin_depths"": 2.0, ""pitch"": 6.5, ""seed"": 102, ""topology"": ""comb"", ""wall_bot"": 0.1, ""wall_top"": 0.1}"
CB_p0650_f100_x10_s102,comb,expanded foil,0.1,102,d76,6.5,50.0,7.6923076923076925,0.041025641025641026,0.0,0.0007834399584680796,0.04989701136946678,"{""backing"": 2.0, ""comb_expand"": 1.0, ""depth"": 50.0, ""face_h"": 60.0, ""face_w"": 60.0, ""jitter"": 0.0, ""margin_depths"": 2.0, ""pitch"": 6.5, ""seed"": 102, ""topology"": ""comb"", ""wall_bot"": 0.1, ""wall_top"": 0.1}"
CB_p0650_f100_x10_s102,comb,expanded foil,0.1,102,d76,6.5,50.0,7.6923076923076925,0.041025641025641026,-20.0,0.0012310738675296307,0.0498974546790123,"{""backing"": 2.0, ""comb_expand"": 1.0, ""depth"": 50.0, ""face_h"": 60.0, ""face_w"": 60.0, ""jitter"": 0.0, ""margin_depths"": 2.0, ""pitch"": 6.5, ""seed"": 102, ""topology"": ""comb"", ""wall_bot"": 0.1, ""wall_top"": 0.1}"
CB_p0650_f100_x10_s102,comb,expanded foil,0.1,102,d76,6.5,50.0,7.6923076923076925,0.041025641025641026,-40.0,0.0018893602536991239,0.04989463463425636,"{""backing"": 2.0, ""comb_expand"": 1.0, ""depth"": 50.0, ""face_h"": 60.0, ""face_w"": 60.0, ""jitter"": 0.0, ""margin_depths"": 2.0, ""pitch"": 6.5, ""seed"": 102, ""topology"": ""comb"", ""wall_bot"": 0.1, ""wall_top"": 0.1}"
CB_p0650_f100_x10_s102,comb,expanded foil,0.1,102,d76,6.5,50.0,7.6923076923076925,0.041025641025641026,20.0,0.0012204520171508193,0.049895163625478745,"{""backing"": 2.0, ""comb_expand"": 1.0, ""depth"": 50.0, ""face_h"": 60.0, ""face_w"": 60.0, ""jitter"": 0.0, ""margin_depths"": 2.0, ""pitch"": 6.5, ""seed"": 102, ""topology"": ""comb"", ""wall_bot"": 0.1, ""wall_top"": 0.1}"
CB_p0650_f100_x10_s102,comb,expanded foil,0.1,102,d76,6.5,50.0,7.6923076923076925,0.041025641025641026,40.0,0.0018961214227601886,0.0498926118016243,"{""backing"": 2.0, ""comb_expand"": 1.0, ""depth"": 50.0, ""face_h"": 60.0, ""face_w"": 60.0, ""jitter"": 0.0, ""margin_depths"": 2.0, ""pitch"": 6.5, ""seed"": 102, ""topology"": ""comb"", ""wall_bot"": 0.1, ""wall_top"": 0.1}"
CB_p0650_f100_x10_s102,comb,expanded foil,0.1,102,d100,6.5,50.0,7.6923076923076925,0.041025641025641026,0.0,0.0005721832276321948,0.04989580437541008,"{""backing"": 2.0, ""comb_expand"": 1.0, ""depth"": 50.0, ""face_h"": 60.0, ""face_w"": 60.0, ""jitter"": 0.0, ""margin_depths"": 2.0, ""pitch"": 6.5, ""seed"": 102, ""topology"": ""comb"", ""wall_bot"": 0.1, ""wall_top"": 0.1}"
CB_p0650_f100_x10_s102,comb,expanded foil,0.1,102,d100,6.5,50.0,7.6923076923076925,0.041025641025641026,-20.0,0.0014179013669490814,0.049896690994501114,"{""backing"": 2.0, ""comb_expand"": 1.0, ""depth"": 50.0, ""face_h"": 60.0, ""face_w"": 60.0, ""jitter"": 0.0, ""margin_depths"": 2.0, ""pitch"": 6.5, ""seed"": 102, ""topology"": ""comb"", ""wall_bot"": 0.1, ""wall_top"": 0.1}"
CB_p0650_f100_x10_s102,comb,expanded foil,0.1,102,d100,6.5,50.0,7.6923076923076925,0.041025641025641026,-40.0,0.0022787211928516626,0.04989379271864891,"{""backing"": 2.0, ""comb_expand"": 1.0, ""depth"": 50.0, ""face_h"": 60.0, ""face_w"": 60.0, ""jitter"": 0.0, ""margin_depths"": 2.0, ""pitch"": 6.5, ""seed"": 102, ""topology"": ""comb"", ""wall_bot"": 0.1, ""wall_top"": 0.1}"
CB_p0650_f100_x10_s102,comb,expanded foil,0.1,102,d100,6.5,50.0,7.6923076923076925,0.041025641025641026,20.0,0.0014072778867557645,0.049894124269485474,"{""backing"": 2.0, ""comb_expand"": 1.0, ""depth"": 50.0, ""face_h"": 60.0, ""face_w"": 60.0, ""jitter"": 0.0, ""margin_depths"": 2.0, ""pitch"": 6.5, ""seed"": 102, ""topology"": ""comb"", ""wall_bot"": 0.1, ""wall_top"": 0.1}"
CB_p0650_f100_x10_s102,comb,expanded foil,0.1,102,d100,6.5,50.0,7.6923076923076925,0.041025641025641026,40.0,0.0022961630020290613,0.04989170655608177,"{""backing"": 2.0, ""comb_expand"": 1.0, ""depth"": 50.0, ""face_h"": 60.0, ""face_w"": 60.0, ""jitter"": 0.0, ""margin_depths"": 2.0, ""pitch"": 6.5, ""seed"": 102, ""topology"": ""comb"", ""wall_bot"": 0.1, ""wall_top"": 0.1}"
CB_p0650_f100_x13_s102,comb,expanded foil,0.1,102,d00,6.5,50.0,7.6923076923076925,0.041025641025641026,0.0,0.0017640963196754456,0.049868784844875336,"{""backing"": 2.0, ""comb_expand"": 1.3, ""depth"": 50.0, ""face_h"": 60.0, ""face_w"": 60.0, ""jitter"": 0.0, ""margin_depths"": 2.0, ""pitch"": 6.5, ""seed"": 102, ""topology"": ""comb"", ""wall_bot"": 0.1, ""wall_top"": 0.1}"
CB_p0650_f100_x13_s102,comb,expanded foil,0.1,102,d00,6.5,50.0,7.6923076923076925,0.041025641025641026,-20.0,0.0006106202490627766,0.04986421391367912,"{""backing"": 2.0, ""comb_expand"": 1.3, ""depth"": 50.0, ""face_h"": 60.0, ""face_w"": 60.0, ""jitter"": 0.0, ""margin_depths"": 2.0, ""pitch"": 6.5, ""seed"": 102, ""topology"": ""comb"", ""wall_bot"": 0.1, ""wall_top"": 0.1}"
CB_p0650_f100_x13_s102,comb,expanded foil,0.1,102,d00,6.5,50.0,7.6923076923076925,0.041025641025641026,-40.0,0.0006231784936971962,0.04986821115016937,"{""backing"": 2.0, ""comb_expand"": 1.3, ""depth"": 50.0, ""face_h"": 60.0, ""face_w"": 60.0, ""jitter"": 0.0, ""margin_depths"": 2.0, ""pitch"": 6.5, ""seed"": 102, ""topology"": ""comb"", ""wall_bot"": 0.1, ""wall_top"": 0.1}"
CB_p0650_f100_x13_s102,comb,expanded foil,0.1,102,d00,6.5,50.0,7.6923076923076925,0.041025641025641026,20.0,0.00060038868105039,0.049865156412124634,"{""backing"": 2.0, ""comb_expand"": 1.3, ""depth"": 50.0, ""face_h"": 60.0, ""face_w"": 60.0, ""jitter"": 0.0, ""margin_depths"": 2.0, ""pitch"": 6.5, ""seed"": 102, ""topology"": ""comb"", ""wall_bot"": 0.1, ""wall_top"": 0.1}"
CB_p0650_f100_x13_s102,comb,expanded foil,0.1,102,d00,6.5,50.0,7.6923076923076925,0.041025641025641026,40.0,0.000620346749201417,0.049866653978824615,"{""backing"": 2.0, ""comb_expand"": 1.3, ""depth"": 50.0, ""face_h"": 60.0, ""face_w"": 60.0, ""jitter"": 0.0, ""margin_depths"": 2.0, ""pitch"": 6.5, ""seed"": 102, ""topology"": ""comb"", ""wall_bot"": 0.1, ""wall_top"": 0.1}"
CB_p0650_f100_x13_s102,comb,expanded foil,0.1,102,d76,6.5,50.0,7.6923076923076925,0.041025641025641026,0.0,0.0007859626784920692,0.04986407980322838,"{""backing"": 2.0, ""comb_expand"": 1.3, ""depth"": 50.0, ""face_h"": 60.0, ""face_w"": 60.0, ""jitter"": 0.0, ""margin_depths"": 2.0, ""pitch"": 6.5, ""seed"": 102, ""topology"": ""comb"", ""wall_bot"": 0.1, ""wall_top"": 0.1}"
CB_p0650_f100_x13_s102,comb,expanded foil,0.1,102,d76,6.5,50.0,7.6923076923076925,0.041025641025641026,-20.0,0.0012609816621989012,0.049858953803777695,"{""backing"": 2.0, ""comb_expand"": 1.3, ""depth"": 50.0, ""face_h"": 60.0, ""face_w"": 60.0, ""jitter"": 0.0, ""margin_depths"": 2.0, ""pitch"": 6.5, ""seed"": 102, ""topology"": ""comb"", ""wall_bot"": 0.1, ""wall_top"": 0.1}"
CB_p0650_f100_x13_s102,comb,expanded foil,0.1,102,d76,6.5,50.0,7.6923076923076925,0.041025641025641026,-40.0,0.0019957043696194887,0.049863576889038086,"{""backing"": 2.0, ""comb_expand"": 1.3, ""depth"": 50.0, ""face_h"": 60.0, ""face_w"": 60.0, ""jitter"": 0.0, ""margin_depths"": 2.0, ""pitch"": 6.5, ""seed"": 102, ""topology"": ""comb"", ""wall_bot"": 0.1, ""wall_top"": 0.1}"
CB_p0650_f100_x13_s102,comb,expanded foil,0.1,102,d76,6.5,50.0,7.6923076923076925,0.041025641025641026,20.0,0.0012523230398073792,0.04985981062054634,"{""backing"": 2.0, ""comb_expand"": 1.3, ""depth"": 50.0, ""face_h"": 60.0, ""face_w"": 60.0, ""jitter"": 0.0, ""margin_depths"": 2.0, ""pitch"": 6.5, ""seed"": 102, ""topology"": ""comb"", ""wall_bot"": 0.1, ""wall_top"": 0.1}"
CB_p0650_f100_x13_s102,comb,expanded foil,0.1,102,d76,6.5,50.0,7.6923076923076925,0.041025641025641026,40.0,0.00198899838142097,0.04986167699098587,"{""backing"": 2.0, ""comb_expand"": 1.3, ""depth"": 50.0, ""face_h"": 60.0, ""face_w"": 60.0, ""jitter"": 0.0, ""margin_depths"": 2.0, ""pitch"": 6.5, ""seed"": 102, ""topology"": ""comb"", ""wall_bot"": 0.1, ""wall_top"": 0.1}"
CB_p0650_f100_x13_s102,comb,expanded foil,0.1,102,d100,6.5,50.0,7.6923076923076925,0.041025641025641026,0.0,0.0005259455647319555,0.04986261576414108,"{""backing"": 2.0, ""comb_expand"": 1.3, ""depth"": 50.0, ""face_h"": 60.0, ""face_w"": 60.0, ""jitter"": 0.0, ""margin_depths"": 2.0, ""pitch"": 6.5, ""seed"": 102, ""topology"": ""comb"", ""wall_bot"": 0.1, ""wall_top"": 0.1}"
CB_p0650_f100_x13_s102,comb,expanded foil,0.1,102,d100,6.5,50.0,7.6923076923076925,0.041025641025641026,-20.0,0.0014846783597022295,0.04985788092017174,"{""backing"": 2.0, ""comb_expand"": 1.3, ""depth"": 50.0, ""face_h"": 60.0, ""face_w"": 60.0, ""jitter"": 0.0, ""margin_depths"": 2.0, ""pitch"": 6.5, ""seed"": 102, ""topology"": ""comb"", ""wall_bot"": 0.1, ""wall_top"": 0.1}"
CB_p0650_f100_x13_s102,comb,expanded foil,0.1,102,d100,6.5,50.0,7.6923076923076925,0.041025641025641026,-40.0,0.0024369226302951574,0.04986162856221199,"{""backing"": 2.0, ""comb_expand"": 1.3, ""depth"": 50.0, ""face_h"": 60.0, ""face_w"": 60.0, ""jitter"": 0.0, ""margin_depths"": 2.0, ""pitch"": 6.5, ""seed"": 102, ""topology"": ""comb"", ""wall_bot"": 0.1, ""wall_top"": 0.1}"
CB_p0650_f100_x13_s102,comb,expanded foil,0.1,102,d100,6.5,50.0,7.6923076923076925,0.041025641025641026,20.0,0.0014720530016347766,0.04985849931836128,"{""backing"": 2.0, ""comb_expand"": 1.3, ""depth"": 50.0, ""face_h"": 60.0, ""face_w"": 60.0, ""jitter"": 0.0, ""margin_depths"": 2.0, ""pitch"": 6.5, ""seed"": 102, ""topology"": ""comb"", ""wall_bot"": 0.1, ""wall_top"": 0.1}"
CB_p0650_f100_x13_s102,comb,expanded foil,0.1,102,d100,6.5,50.0,7.6923076923076925,0.041025641025641026,40.0,0.0024354304186999798,0.04986016824841499,"{""backing"": 2.0, ""comb_expand"": 1.3, ""depth"": 50.0, ""face_h"": 60.0, ""face_w"": 60.0, ""jitter"": 0.0, ""margin_depths"": 2.0, ""pitch"": 6.5, ""seed"": 102, ""topology"": ""comb"", ""wall_bot"": 0.1, ""wall_top"": 0.1}"
CB_p0847_f080_x10_s102,comb,expanded foil,0.08,102,d00,8.47,50.0,5.903187721369539,0.02518693427784337,0.0,0.0019411417888477445,0.049926649779081345,"{""backing"": 2.0, ""comb_expand"": 1.0, ""depth"": 50.0, ""face_h"": 60.0, ""face_w"": 60.0, ""jitter"": 0.0, ""margin_depths"": 2.0, ""pitch"": 8.47, ""seed"": 102, ""topology"": ""comb"", ""wall_bot"": 0.08, ""wall_top"": 0.08}"
CB_p0847_f080_x10_s102,comb,expanded foil,0.08,102,d00,8.47,50.0,5.903187721369539,0.02518693427784337,-20.0,0.0004688496992457658,0.049891792237758636,"{""backing"": 2.0, ""comb_expand"": 1.0, ""depth"": 50.0, ""face_h"": 60.0, ""face_w"": 60.0, ""jitter"": 0.0, ""margin_depths"": 2.0, ""pitch"": 8.47, ""seed"": 102, ""topology"": ""comb"", ""wall_bot"": 0.08, ""wall_top"": 0.08}"
CB_p0847_f080_x10_s102,comb,expanded foil,0.08,102,d00,8.47,50.0,5.903187721369539,0.02518693427784337,-40.0,0.00044567653094418347,0.049881257116794586,"{""backing"": 2.0, ""comb_expand"": 1.0, ""depth"": 50.0, ""face_h"": 60.0, ""face_w"": 60.0, ""jitter"": 0.0, ""margin_depths"": 2.0, ""pitch"": 8.47, ""seed"": 102, ""topology"": ""comb"", ""wall_bot"": 0.08, ""wall_top"": 0.08}"
CB_p0847_f080_x10_s102,comb,expanded foil,0.08,102,d00,8.47,50.0,5.903187721369539,0.02518693427784337,20.0,0.0004735244147013873,0.049891550093889236,"{""backing"": 2.0, ""comb_expand"": 1.0, ""depth"": 50.0, ""face_h"": 60.0, ""face_w"": 60.0, ""jitter"": 0.0, ""margin_depths"": 2.0, ""pitch"": 8.47, ""seed"": 102, ""topology"": ""comb"", ""wall_bot"": 0.08, ""wall_top"": 0.08}"
CB_p0847_f080_x10_s102,comb,expanded foil,0.08,102,d00,8.47,50.0,5.903187721369539,0.02518693427784337,40.0,0.00044953596079722047,0.049884796142578125,"{""backing"": 2.0, ""comb_expand"": 1.0, ""depth"": 50.0, ""face_h"": 60.0, ""face_w"": 60.0, ""jitter"": 0.0, ""margin_depths"": 2.0, ""pitch"": 8.47, ""seed"": 102, ""topology"": ""comb"", ""wall_bot"": 0.08, ""wall_top"": 0.08}"
CB_p0847_f080_x10_s102,comb,expanded foil,0.08,102,d76,8.47,50.0,5.903187721369539,0.02518693427784337,0.0,0.0007253063376992941,0.04992452263832092,"{""backing"": 2.0, ""comb_expand"": 1.0, ""depth"": 50.0, ""face_h"": 60.0, ""face_w"": 60.0, ""jitter"": 0.0, ""margin_depths"": 2.0, ""pitch"": 8.47, ""seed"": 102, ""topology"": ""comb"", ""wall_bot"": 0.08, ""wall_top"": 0.08}"
CB_p0847_f080_x10_s102,comb,expanded foil,0.08,102,d76,8.47,50.0,5.903187721369539,0.02518693427784337,-20.0,0.0010287035256624222,0.04988770931959152,"{""backing"": 2.0, ""comb_expand"": 1.0, ""depth"": 50.0, ""face_h"": 60.0, ""face_w"": 60.0, ""jitter"": 0.0, ""margin_depths"": 2.0, ""pitch"": 8.47, ""seed"": 102, ""topology"": ""comb"", ""wall_bot"": 0.08, ""wall_top"": 0.08}"
CB_p0847_f080_x10_s102,comb,expanded foil,0.08,102,d76,8.47,50.0,5.903187721369539,0.02518693427784337,-40.0,0.0016818614676594734,0.049876973032951355,"{""backing"": 2.0, ""comb_expand"": 1.0, ""depth"": 50.0, ""face_h"": 60.0, ""face_w"": 60.0, ""jitter"": 0.0, ""margin_depths"": 2.0, ""pitch"": 8.47, ""seed"": 102, ""topology"": ""comb"", ""wall_bot"": 0.08, ""wall_top"": 0.08}"
CB_p0847_f080_x10_s102,comb,expanded foil,0.08,102,d76,8.47,50.0,5.903187721369539,0.02518693427784337,20.0,0.0010501835495233536,0.04988696426153183,"{""backing"": 2.0, ""comb_expand"": 1.0, ""depth"": 50.0, ""face_h"": 60.0, ""face_w"": 60.0, ""jitter"": 0.0, ""margin_depths"": 2.0, ""pitch"": 8.47, ""seed"": 102, ""topology"": ""comb"", ""wall_bot"": 0.08, ""wall_top"": 0.08}"
CB_p0847_f080_x10_s102,comb,expanded foil,0.08,102,d76,8.47,50.0,5.903187721369539,0.02518693427784337,40.0,0.0017308058449998498,0.049879614263772964,"{""backing"": 2.0, ""comb_expand"": 1.0, ""depth"": 50.0, ""face_h"": 60.0, ""face_w"": 60.0, ""jitter"": 0.0, ""margin_depths"": 2.0, ""pitch"": 8.47, ""seed"": 102, ""topology"": ""comb"", ""wall_bot"": 0.08, ""wall_top"": 0.08}"
CB_p0847_f080_x10_s102,comb,expanded foil,0.08,102,d100,8.47,50.0,5.903187721369539,0.02518693427784337,0.0,0.000398835982196033,0.049923792481422424,"{""backing"": 2.0, ""comb_expand"": 1.0, ""depth"": 50.0, ""face_h"": 60.0, ""face_w"": 60.0, ""jitter"": 0.0, ""margin_depths"": 2.0, ""pitch"": 8.47, ""seed"": 102, ""topology"": ""comb"", ""wall_bot"": 0.08, ""wall_top"": 0.08}"
CB_p0847_f080_x10_s102,comb,expanded foil,0.08,102,d100,8.47,50.0,5.903187721369539,0.02518693427784337,-20.0,0.001214633579365909,0.049886543303728104,"{""backing"": 2.0, ""comb_expand"": 1.0, ""depth"": 50.0, ""face_h"": 60.0, ""face_w"": 60.0, ""jitter"": 0.0, ""margin_depths"": 2.0, ""pitch"": 8.47, ""seed"": 102, ""topology"": ""comb"", ""wall_bot"": 0.08, ""wall_top"": 0.08}"
CB_p0847_f080_x10_s102,comb,expanded foil,0.08,102,d100,8.47,50.0,5.903187721369539,0.02518693427784337,-40.0,0.0020832724403589964,0.04987505078315735,"{""backing"": 2.0, ""comb_expand"": 1.0, ""depth"": 50.0, ""face_h"": 60.0, ""face_w"": 60.0, ""jitter"": 0.0, ""margin_depths"": 2.0, ""pitch"": 8.47, ""seed"": 102, ""topology"": ""comb"", ""wall_bot"": 0.08, ""wall_top"": 0.08}"
CB_p0847_f080_x10_s102,comb,expanded foil,0.08,102,d100,8.47,50.0,5.903187721369539,0.02518693427784337,20.0,0.0012440015561878681,0.049885883927345276,"{""backing"": 2.0, ""comb_expand"": 1.0, ""depth"": 50.0, ""face_h"": 60.0, ""face_w"": 60.0, ""jitter"": 0.0, ""margin_depths"": 2.0, ""pitch"": 8.47, ""seed"": 102, ""topology"": ""comb"", ""wall_bot"": 0.08, ""wall_top"": 0.08}"
CB_p0847_f080_x10_s102,comb,expanded foil,0.08,102,d100,8.47,50.0,5.903187721369539,0.02518693427784337,40.0,0.0021493518725037575,0.04987781122326851,"{""backing"": 2.0, ""comb_expand"": 1.0, ""depth"": 50.0, ""face_h"": 60.0, ""face_w"": 60.0, ""jitter"": 0.0, ""margin_depths"": 2.0, ""pitch"": 8.47, ""seed"": 102, ""topology"": ""comb"", ""wall_bot"": 0.08, ""wall_top"": 0.08}"
CB_p0847_f080_x13_s102,comb,expanded foil,0.08,102,d00,8.47,50.0,5.903187721369539,0.02518693427784337,0.0,0.002177863148972392,0.04983018338680267,"{""backing"": 2.0, ""comb_expand"": 1.3, ""depth"": 50.0, ""face_h"": 60.0, ""face_w"": 60.0, ""jitter"": 0.0, ""margin_depths"": 2.0, ""pitch"": 8.47, ""seed"": 102, ""topology"": ""comb"", ""wall_bot"": 0.08, ""wall_top"": 0.08}"
CB_p0847_f080_x13_s102,comb,expanded foil,0.08,102,d00,8.47,50.0,5.903187721369539,0.02518693427784337,-20.0,0.0004076921031810343,0.04976982995867729,"{""backing"": 2.0, ""comb_expand"": 1.3, ""depth"": 50.0, ""face_h"": 60.0, ""face_w"": 60.0, ""jitter"": 0.0, ""margin_depths"": 2.0, ""pitch"": 8.47, ""seed"": 102, ""topology"": ""comb"", ""wall_bot"": 0.08, ""wall_top"": 0.08}"
CB_p0847_f080_x13_s102,comb,expanded foil,0.08,102,d00,8.47,50.0,5.903187721369539,0.02518693427784337,-40.0,0.0003795668308157474,0.049769699573516846,"{""backing"": 2.0, ""comb_expand"": 1.3, ""depth"": 50.0, ""face_h"": 60.0, ""face_w"": 60.0, ""jitter"": 0.0, ""margin_depths"": 2.0, ""pitch"": 8.47, ""seed"": 102, ""topology"": ""comb"", ""wall_bot"": 0.08, ""wall_top"": 0.08}"
CB_p0847_f080_x13_s102,comb,expanded foil,0.08,102,d00,8.47,50.0,5.903187721369539,0.02518693427784337,20.0,0.0004116507770959288,0.04976395145058632,"{""backing"": 2.0, ""comb_expand"": 1.3, ""depth"": 50.0, ""face_h"": 60.0, ""face_w"": 60.0, ""jitter"": 0.0, ""margin_depths"": 2.0, ""pitch"": 8.47, ""seed"": 102, ""topology"": ""comb"", ""wall_bot"": 0.08, ""wall_top"": 0.08}"
CB_p0847_f080_x13_s102,comb,expanded foil,0.08,102,d00,8.47,50.0,5.903187721369539,0.02518693427784337,40.0,0.00038110913010314107,0.0497664175927639,"{""backing"": 2.0, ""comb_expand"": 1.3, ""depth"": 50.0, ""face_h"": 60.0, ""face_w"": 60.0, ""jitter"": 0.0, ""margin_depths"": 2.0, ""pitch"": 8.47, ""seed"": 102, ""topology"": ""comb"", ""wall_bot"": 0.08, ""wall_top"": 0.08}"
CB_p0847_f080_x13_s102,comb,expanded foil,0.08,102,d76,8.47,50.0,5.903187721369539,0.02518693427784337,0.0,0.0007431608391925693,0.04982476681470871,"{""backing"": 2.0, ""comb_expand"": 1.3, ""depth"": 50.0, ""face_h"": 60.0, ""face_w"": 60.0, ""jitter"": 0.0, ""margin_depths"": 2.0, ""pitch"": 8.47, ""seed"": 102, ""topology"": ""comb"", ""wall_bot"": 0.08, ""wall_top"": 0.08}"
CB_p0847_f080_x13_s102,comb,expanded foil,0.08,102,d76,8.47,50.0,5.903187721369539,0.02518693427784337,-20.0,0.001053513027727604,0.049761705100536346,"{""backing"": 2.0, ""comb_expand"": 1.3, ""depth"": 50.0, ""face_h"": 60.0, ""face_w"": 60.0, ""jitter"": 0.0, ""margin_depths"": 2.0, ""pitch"": 8.47, ""seed"": 102, ""topology"": ""comb"", ""wall_bot"": 0.08, ""wall_top"": 0.08}"
CB_p0847_f080_x13_s102,comb,expanded foil,0.08,102,d76,8.47,50.0,5.903187721369539,0.02518693427784337,-40.0,0.0017882282845675945,0.0497618243098259,"{""backing"": 2.0, ""comb_expand"": 1.3, ""depth"": 50.0, ""face_h"": 60.0, ""face_w"": 60.0, ""jitter"": 0.0, ""margin_depths"": 2.0, ""pitch"": 8.47, ""seed"": 102, ""topology"": ""comb"", ""wall_bot"": 0.08, ""wall_top"": 0.08}"
CB_p0847_f080_x13_s102,comb,expanded foil,0.08,102,d76,8.47,50.0,5.903187721369539,0.02518693427784337,20.0,0.0010641443077474833,0.049755413085222244,"{""backing"": 2.0, ""comb_expand"": 1.3, ""depth"": 50.0, ""face_h"": 60.0, ""face_w"": 60.0, ""jitter"": 0.0, ""margin_depths"": 2.0, ""pitch"": 8.47, ""seed"": 102, ""topology"": ""comb"", ""wall_bot"": 0.08, ""wall_top"": 0.08}"
CB_p0847_f080_x13_s102,comb,expanded foil,0.08,102,d76,8.47,50.0,5.903187721369539,0.02518693427784337,40.0,0.0018221914069727063,0.0497581847012043,"{""backing"": 2.0, ""comb_expand"": 1.3, ""depth"": 50.0, ""face_h"": 60.0, ""face_w"": 60.0, ""jitter"": 0.0, ""margin_depths"": 2.0, ""pitch"": 8.47, ""seed"": 102, ""topology"": ""comb"", ""wall_bot"": 0.08, ""wall_top"": 0.08}"
CB_p0847_f080_x13_s102,comb,expanded foil,0.08,102,d100,8.47,50.0,5.903187721369539,0.02518693427784337,0.0,0.0003535297582857311,0.04982306808233261,"{""backing"": 2.0, ""comb_expand"": 1.3, ""depth"": 50.0, ""face_h"": 60.0, ""face_w"": 60.0, ""jitter"": 0.0, ""margin_depths"": 2.0, ""pitch"": 8.47, ""seed"": 102, ""topology"": ""comb"", ""wall_bot"": 0.08, ""wall_top"": 0.08}"
CB_p0847_f080_x13_s102,comb,expanded foil,0.08,102,d100,8.47,50.0,5.903187721369539,0.02518693427784337,-20.0,0.0012764552375301719,0.04975903779268265,"{""backing"": 2.0, ""comb_expand"": 1.3, ""depth"": 50.0, ""face_h"": 60.0, ""face_w"": 60.0, ""jitter"": 0.0, ""margin_depths"": 2.0, ""pitch"": 8.47, ""seed"": 102, ""topology"": ""comb"", ""wall_bot"": 0.08, ""wall_top"": 0.08}"
CB_p0847_f080_x13_s102,comb,expanded foil,0.08,102,d100,8.47,50.0,5.903187721369539,0.02518693427784337,-40.0,0.002234466141089797,0.04975862056016922,"{""backing"": 2.0, ""comb_expand"": 1.3, ""depth"": 50.0, ""face_h"": 60.0, ""face_w"": 60.0, ""jitter"": 0.0, ""margin_depths"": 2.0, ""pitch"": 8.47, ""seed"": 102, ""topology"": ""comb"", ""wall_bot"": 0.08, ""wall_top"": 0.08}"
CB_p0847_f080_x13_s102,comb,expanded foil,0.08,102,d100,8.47,50.0,5.903187721369539,0.02518693427784337,20.0,0.0012907031923532486,0.04975302517414093,"{""backing"": 2.0, ""comb_expand"": 1.3, ""depth"": 50.0, ""face_h"": 60.0, ""face_w"": 60.0, ""jitter"": 0.0, ""margin_depths"": 2.0, ""pitch"": 8.47, ""seed"": 102, ""topology"": ""comb"", ""wall_bot"": 0.08, ""wall_top"": 0.08}"
CB_p0847_f080_x13_s102,comb,expanded foil,0.08,102,d100,8.47,50.0,5.903187721369539,0.02518693427784337,40.0,0.0022812779061496258,0.04975513741374016,"{""backing"": 2.0, ""comb_expand"": 1.3, ""depth"": 50.0, ""face_h"": 60.0, ""face_w"": 60.0, ""jitter"": 0.0, ""margin_depths"": 2.0, ""pitch"": 8.47, ""seed"": 102, ""topology"": ""comb"", ""wall_bot"": 0.08, ""wall_top"": 0.08}"
CB_p0952_f100_x10_s102,comb,expanded foil,0.1,102,d00,9.53,50.0,5.246589716684156,0.027981811822315492,0.0,0.0022194015327841043,0.04983622953295708,"{""backing"": 2.0, ""comb_expand"": 1.0, ""depth"": 50.0, ""face_h"": 60.0, ""face_w"": 60.0, ""jitter"": 0.0, ""margin_depths"": 2.0, ""pitch"": 9.53, ""seed"": 102, ""topology"": ""comb"", ""wall_bot"": 0.1, ""wall_top"": 0.1}"
CB_p0952_f100_x10_s102,comb,expanded foil,0.1,102,d00,9.53,50.0,5.246589716684156,0.027981811822315492,-20.0,0.0004954028991051018,0.04983145371079445,"{""backing"": 2.0, ""comb_expand"": 1.0, ""depth"": 50.0, ""face_h"": 60.0, ""face_w"": 60.0, ""jitter"": 0.0, ""margin_depths"": 2.0, ""pitch"": 9.53, ""seed"": 102, ""topology"": ""comb"", ""wall_bot"": 0.1, ""wall_top"": 0.1}"
CB_p0952_f100_x10_s102,comb,expanded foil,0.1,102,d00,9.53,50.0,5.246589716684156,0.027981811822315492,-40.0,0.0004859545442741364,0.049826424568891525,"{""backing"": 2.0, ""comb_expand"": 1.0, ""depth"": 50.0, ""face_h"": 60.0, ""face_w"": 60.0, ""jitter"": 0.0, ""margin_depths"": 2.0, ""pitch"": 9.53, ""seed"": 102, ""topology"": ""comb"", ""wall_bot"": 0.1, ""wall_top"": 0.1}"
CB_p0952_f100_x10_s102,comb,expanded foil,0.1,102,d00,9.53,50.0,5.246589716684156,0.027981811822315492,20.0,0.0005115370149724185,0.049833957105875015,"{""backing"": 2.0, ""comb_expand"": 1.0, ""depth"": 50.0, ""face_h"": 60.0, ""face_w"": 60.0, ""jitter"": 0.0, ""margin_depths"": 2.0, ""pitch"": 9.53, ""seed"": 102, ""topology"": ""comb"", ""wall_bot"": 0.1, ""wall_top"": 0.1}"
CB_p0952_f100_x10_s102,comb,expanded foil,0.1,102,d00,9.53,50.0,5.246589716684156,0.027981811822315492,40.0,0.0004874191072303802,0.04982564225792885,"{""backing"": 2.0, ""comb_expand"": 1.0, ""depth"": 50.0, ""face_h"": 60.0, ""face_w"": 60.0, ""jitter"": 0.0, ""margin_depths"": 2.0, ""pitch"": 9.53, ""seed"": 102, ""topology"": ""comb"", ""wall_bot"": 0.1, ""wall_top"": 0.1}"
CB_p0952_f100_x10_s102,comb,expanded foil,0.1,102,d76,9.53,50.0,5.246589716684156,0.027981811822315492,0.0,0.0008246501092799008,0.04983038827776909,"{""backing"": 2.0, ""comb_expand"": 1.0, ""depth"": 50.0, ""face_h"": 60.0, ""face_w"": 60.0, ""jitter"": 0.0, ""margin_depths"": 2.0, ""pitch"": 9.53, ""seed"": 102, ""topology"": ""comb"", ""wall_bot"": 0.1, ""wall_top"": 0.1}"
CB_p0952_f100_x10_s102,comb,expanded foil,0.1,102,d76,9.53,50.0,5.246589716684156,0.027981811822315492,-20.0,0.0010733917588368058,0.049824852496385574,"{""backing"": 2.0, ""comb_expand"": 1.0, ""depth"": 50.0, ""face_h"": 60.0, ""face_w"": 60.0, ""jitter"": 0.0, ""margin_depths"": 2.0, ""pitch"": 9.53, ""seed"": 102, ""topology"": ""comb"", ""wall_bot"": 0.1, ""wall_top"": 0.1}"
CB_p0952_f100_x10_s102,comb,expanded foil,0.1,102,d76,9.53,50.0,5.246589716684156,0.027981811822315492,-40.0,0.001710435375571251,0.049819350242614746,"{""backing"": 2.0, ""comb_expand"": 1.0, ""depth"": 50.0, ""face_h"": 60.0, ""face_w"": 60.0, ""jitter"": 0.0, ""margin_depths"": 2.0, ""pitch"": 9.53, ""seed"": 102, ""topology"": ""comb"", ""wall_bot"": 0.1, ""wall_top"": 0.1}"
CB_p0952_f100_x10_s102,comb,expanded foil,0.1,102,d76,9.53,50.0,5.246589716684156,0.027981811822315492,20.0,0.0011374755995348096,0.049828410148620605,"{""backing"": 2.0, ""comb_expand"": 1.0, ""depth"": 50.0, ""face_h"": 60.0, ""face_w"": 60.0, ""jitter"": 0.0, ""margin_depths"": 2.0, ""pitch"": 9.53, ""seed"": 102, ""topology"": ""comb"", ""wall_bot"": 0.1, ""wall_top"": 0.1}"
CB_p0952_f100_x10_s102,comb,expanded foil,0.1,102,d76,9.53,50.0,5.246589716684156,0.027981811822315492,40.0,0.0017981824930757284,0.0498192198574543,"{""backing"": 2.0, ""comb_expand"": 1.0, ""depth"": 50.0, ""face_h"": 60.0, ""face_w"": 60.0, ""jitter"": 0.0, ""margin_depths"": 2.0, ""pitch"": 9.53, ""seed"": 102, ""topology"": ""comb"", ""wall_bot"": 0.1, ""wall_top"": 0.1}"
CB_p0952_f100_x10_s102,comb,expanded foil,0.1,102,d100,9.53,50.0,5.246589716684156,0.027981811822315492,0.0,0.0004476593167055398,0.04982861503958702,"{""backing"": 2.0, ""comb_expand"": 1.0, ""depth"": 50.0, ""face_h"": 60.0, ""face_w"": 60.0, ""jitter"": 0.0, ""margin_depths"": 2.0, ""pitch"": 9.53, ""seed"": 102, ""topology"": ""comb"", ""wall_bot"": 0.1, ""wall_top"": 0.1}"
CB_p0952_f100_x10_s102,comb,expanded foil,0.1,102,d100,9.53,50.0,5.246589716684156,0.027981811822315492,-20.0,0.0012578315800055861,0.04982298985123634,"{""backing"": 2.0, ""comb_expand"": 1.0, ""depth"": 50.0, ""face_h"": 60.0, ""face_w"": 60.0, ""jitter"": 0.0, ""margin_depths"": 2.0, ""pitch"": 9.53, ""seed"": 102, ""topology"": ""comb"", ""wall_bot"": 0.1, ""wall_top"": 0.1}"
CB_p0952_f100_x10_s102,comb,expanded foil,0.1,102,d100,9.53,50.0,5.246589716684156,0.027981811822315492,-40.0,0.0021078302524983883,0.04981774464249611,"{""backing"": 2.0, ""comb_expand"": 1.0, ""depth"": 50.0, ""face_h"": 60.0, ""face_w"": 60.0, ""jitter"": 0.0, ""margin_depths"": 2.0, ""pitch"": 9.53, ""seed"": 102, ""topology"": ""comb"", ""wall_bot"": 0.1, ""wall_top"": 0.1}"
CB_p0952_f100_x10_s102,comb,expanded foil,0.1,102,d100,9.53,50.0,5.246589716684156,0.027981811822315492,20.0,0.0013435245491564274,0.04982646927237511,"{""backing"": 2.0, ""comb_expand"": 1.0, ""depth"": 50.0, ""face_h"": 60.0, ""face_w"": 60.0, ""jitter"": 0.0, ""margin_depths"": 2.0, ""pitch"": 9.53, ""seed"": 102, ""topology"": ""comb"", ""wall_bot"": 0.1, ""wall_top"": 0.1}"
CB_p0952_f100_x10_s102,comb,expanded foil,0.1,102,d100,9.53,50.0,5.246589716684156,0.027981811822315492,40.0,0.0022243126295506954,0.0498172789812088,"{""backing"": 2.0, ""comb_expand"": 1.0, ""depth"": 50.0, ""face_h"": 60.0, ""face_w"": 60.0, ""jitter"": 0.0, ""margin_depths"": 2.0, ""pitch"": 9.53, ""seed"": 102, ""topology"": ""comb"", ""wall_bot"": 0.1, ""wall_top"": 0.1}"
CB_p0952_f100_x13_s102,comb,expanded foil,0.1,102,d00,9.53,50.0,5.246589716684156,0.027981811822315492,0.0,0.0025047995150089264,0.0495697520673275,"{""backing"": 2.0, ""comb_expand"": 1.3, ""depth"": 50.0, ""face_h"": 60.0, ""face_w"": 60.0, ""jitter"": 0.0, ""margin_depths"": 2.0, ""pitch"": 9.53, ""seed"": 102, ""topology"": ""comb"", ""wall_bot"": 0.1, ""wall_top"": 0.1}"
CB_p0952_f100_x13_s102,comb,expanded foil,0.1,102,d00,9.53,50.0,5.246589716684156,0.027981811822315492,-20.0,0.0004643890424631536,0.049556467682123184,"{""backing"": 2.0, ""comb_expand"": 1.3, ""depth"": 50.0, ""face_h"": 60.0, ""face_w"": 60.0, ""jitter"": 0.0, ""margin_depths"": 2.0, ""pitch"": 9.53, ""seed"": 102, ""topology"": ""comb"", ""wall_bot"": 0.1, ""wall_top"": 0.1}"
CB_p0952_f100_x13_s102,comb,expanded foil,0.1,102,d00,9.53,50.0,5.246589716684156,0.027981811822315492,-40.0,0.00045310318819247186,0.049549397081136703,"{""backing"": 2.0, ""comb_expand"": 1.3, ""depth"": 50.0, ""face_h"": 60.0, ""face_w"": 60.0, ""jitter"": 0.0, ""margin_depths"": 2.0, ""pitch"": 9.53, ""seed"": 102, ""topology"": ""comb"", ""wall_bot"": 0.1, ""wall_top"": 0.1}"
CB_p0952_f100_x13_s102,comb,expanded foil,0.1,102,d00,9.53,50.0,5.246589716684156,0.027981811822315492,20.0,0.00047559748054482043,0.049561843276023865,"{""backing"": 2.0, ""comb_expand"": 1.3, ""depth"": 50.0, ""face_h"": 60.0, ""face_w"": 60.0, ""jitter"": 0.0, ""margin_depths"": 2.0, ""pitch"": 9.53, ""seed"": 102, ""topology"": ""comb"", ""wall_bot"": 0.1, ""wall_top"": 0.1}"
CB_p0952_f100_x13_s102,comb,expanded foil,0.1,102,d00,9.53,50.0,5.246589716684156,0.027981811822315492,40.0,0.0004566365678329021,0.049553193151950836,"{""backing"": 2.0, ""comb_expand"": 1.3, ""depth"": 50.0, ""face_h"": 60.0, ""face_w"": 60.0, ""jitter"": 0.0, ""margin_depths"": 2.0, ""pitch"": 9.53, ""seed"": 102, ""topology"": ""comb"", ""wall_bot"": 0.1, ""wall_top"": 0.1}"
CB_p0952_f100_x13_s102,comb,expanded foil,0.1,102,d76,9.53,50.0,5.246589716684156,0.027981811822315492,0.0,0.0008778830524533987,0.049553561955690384,"{""backing"": 2.0, ""comb_expand"": 1.3, ""depth"": 50.0, ""face_h"": 60.0, ""face_w"": 60.0, ""jitter"": 0.0, ""margin_depths"": 2.0, ""pitch"": 9.53, ""seed"": 102, ""topology"": ""comb"", ""wall_bot"": 0.1, ""wall_top"": 0.1}"
CB_p0952_f100_x13_s102,comb,expanded foil,0.1,102,d76,9.53,50.0,5.246589716684156,0.027981811822315492,-20.0,0.001114781480282545,0.04954010248184204,"{""backing"": 2.0, ""comb_expand"": 1.3, ""depth"": 50.0, ""face_h"": 60.0, ""face_w"": 60.0, ""jitter"": 0.0, ""margin_depths"": 2.0, ""pitch"": 9.53, ""seed"": 102, ""topology"": ""comb"", ""wall_bot"": 0.1, ""wall_top"": 0.1}"
CB_p0952_f100_x13_s102,comb,expanded foil,0.1,102,d76,9.53,50.0,5.246589716684156,0.027981811822315492,-40.0,0.0018293397733941674,0.049532439559698105,"{""backing"": 2.0, ""comb_expand"": 1.3, ""depth"": 50.0, ""face_h"": 60.0, ""face_w"": 60.0, ""jitter"": 0.0, ""margin_depths"": 2.0, ""pitch"": 9.53, ""seed"": 102, ""topology"": ""comb"", ""wall_bot"": 0.1, ""wall_top"": 0.1}"
CB_p0952_f100_x13_s102,comb,expanded foil,0.1,102,d76,9.53,50.0,5.246589716684156,0.027981811822315492,20.0,0.0011848722351714969,0.04954428970813751,"{""backing"": 2.0, ""comb_expand"": 1.3, ""depth"": 50.0, ""face_h"": 60.0, ""face_w"": 60.0, ""jitter"": 0.0, ""margin_depths"": 2.0, ""pitch"": 9.53, ""seed"": 102, ""topology"": ""comb"", ""wall_bot"": 0.1, ""wall_top"": 0.1}"
CB_p0952_f100_x13_s102,comb,expanded foil,0.1,102,d76,9.53,50.0,5.246589716684156,0.027981811822315492,40.0,0.0019131775479763746,0.04953529313206673,"{""backing"": 2.0, ""comb_expand"": 1.3, ""depth"": 50.0, ""face_h"": 60.0, ""face_w"": 60.0, ""jitter"": 0.0, ""margin_depths"": 2.0, ""pitch"": 9.53, ""seed"": 102, ""topology"": ""comb"", ""wall_bot"": 0.1, ""wall_top"": 0.1}"
CB_p0952_f100_x13_s102,comb,expanded foil,0.1,102,d100,9.53,50.0,5.246589716684156,0.027981811822315492,0.0,0.0004352850082796067,0.04954881593585014,"{""backing"": 2.0, ""comb_expand"": 1.3, ""depth"": 50.0, ""face_h"": 60.0, ""face_w"": 60.0, ""jitter"": 0.0, ""margin_depths"": 2.0, ""pitch"": 9.53, ""seed"": 102, ""topology"": ""comb"", ""wall_bot"": 0.1, ""wall_top"": 0.1}"
CB_p0952_f100_x13_s102,comb,expanded foil,0.1,102,d100,9.53,50.0,5.246589716684156,0.027981811822315492,-20.0,0.0013296192046254873,0.04953544959425926,"{""backing"": 2.0, ""comb_expand"": 1.3, ""depth"": 50.0, ""face_h"": 60.0, ""face_w"": 60.0, ""jitter"": 0.0, ""margin_depths"": 2.0, ""pitch"": 9.53, ""seed"": 102, ""topology"": ""comb"", ""wall_bot"": 0.1, ""wall_top"": 0.1}"
CB_p0952_f100_x13_s102,comb,expanded foil,0.1,102,d100,9.53,50.0,5.246589716684156,0.027981811822315492,-40.0,0.00227617216296494,0.04952668771147728,"{""backing"": 2.0, ""comb_expand"": 1.3, ""depth"": 50.0, ""face_h"": 60.0, ""face_w"": 60.0, ""jitter"": 0.0, ""margin_depths"": 2.0, ""pitch"": 9.53, ""seed"": 102, ""topology"": ""comb"", ""wall_bot"": 0.1, ""wall_top"": 0.1}"
CB_p0952_f100_x13_s102,comb,expanded foil,0.1,102,d100,9.53,50.0,5.246589716684156,0.027981811822315492,20.0,0.0014201145386323333,0.04953960329294205,"{""backing"": 2.0, ""comb_expand"": 1.3, ""depth"": 50.0, ""face_h"": 60.0, ""face_w"": 60.0, ""jitter"": 0.0, ""margin_depths"": 2.0, ""pitch"": 9.53, ""seed"": 102, ""topology"": ""comb"", ""wall_bot"": 0.1, ""wall_top"": 0.1}"
CB_p0952_f100_x13_s102,comb,expanded foil,0.1,102,d100,9.53,50.0,5.246589716684156,0.027981811822315492,40.0,0.002382835140451789,0.04952976480126381,"{""backing"": 2.0, ""comb_expand"": 1.3, ""depth"": 50.0, ""face_h"": 60.0, ""face_w"": 60.0, ""jitter"": 0.0, ""margin_depths"": 2.0, ""pitch"": 9.53, ""seed"": 102, ""topology"": ""comb"", ""wall_bot"": 0.1, ""wall_top"": 0.1}"
