tag,family,topology,process,feature,seed,diffuse_frac,pitch,depth,aspect,exposed_est,top,bot,split,theta,rho,control,params_json
ST_comb-cone_50_s23,stack,comb/cone,foil + mould,0.08,23,d00,6.5,50.0,7.6923076923076925,0.03282051282051282,comb,cone,0.5,0.0,0.000525183801073581,0.04999997094273567,"{""backing"": 2.0, ""bot"": ""cone"", ""bot_depth"": 25.0, ""bot_params"": {""depth_jitter"": 0.0, ""height_seg"": 12, ""jitter"": 0.3, ""pitch"": 5.5, ""profile_power"": 1.0, ""radial_seg"": 24, ""tip_radius"": 0.2}, ""face_h"": 60.0, ""face_w"": 60.0, ""margin_depths"": 2.0, ""seed"": 23, ""top"": ""comb"", ""top_depth"": 25.0, ""top_params"": {""jitter"": 0.0, ""pitch"": 6.5, ""wall_bot"": 0.08, ""wall_top"": 0.08}}"
ST_comb-cone_50_s23,stack,comb/cone,foil + mould,0.08,23,d00,6.5,50.0,7.6923076923076925,0.03282051282051282,comb,cone,0.5,-20.0,0.0005794258904643357,0.04999997094273567,"{""backing"": 2.0, ""bot"": ""cone"", ""bot_depth"": 25.0, ""bot_params"": {""depth_jitter"": 0.0, ""height_seg"": 12, ""jitter"": 0.3, ""pitch"": 5.5, ""profile_power"": 1.0, ""radial_seg"": 24, ""tip_radius"": 0.2}, ""face_h"": 60.0, ""face_w"": 60.0, ""margin_depths"": 2.0, ""seed"": 23, ""top"": ""comb"", ""top_depth"": 25.0, ""top_params"": {""jitter"": 0.0, ""pitch"": 6.5, ""wall_bot"": 0.08, ""wall_top"": 0.08}}"
ST_comb-cone_50_s23,stack,comb/cone,foil + mould,0.08,23,d00,6.5,50.0,7.6923076923076925,0.03282051282051282,comb,cone,0.5,-40.0,0.0005832674214616418,0.04999997094273567,"{""backing"": 2.0, ""bot"": ""cone"", ""bot_depth"": 25.0, ""bot_params"": {""depth_jitter"": 0.0, ""height_seg"": 12, ""jitter"": 0.3, ""pitch"": 5.5, ""profile_power"": 1.0, ""radial_seg"": 24, ""tip_radius"": 0.2}, ""face_h"": 60.0, ""face_w"": 60.0, ""margin_depths"": 2.0, ""seed"": 23, ""top"": ""comb"", ""top_depth"": 25.0, ""top_params"": {""jitter"": 0.0, ""pitch"": 6.5, ""wall_bot"": 0.08, ""wall_top"": 0.08}}"
ST_comb-cone_50_s23,stack,comb/cone,foil + mould,0.08,23,d00,6.5,50.0,7.6923076923076925,0.03282051282051282,comb,cone,0.5,20.0,0.0005807419074699283,0.04999997094273567,"{""backing"": 2.0, ""bot"": ""cone"", ""bot_depth"": 25.0, ""bot_params"": {""depth_jitter"": 0.0, ""height_seg"": 12, ""jitter"": 0.3, ""pitch"": 5.5, ""profile_power"": 1.0, ""radial_seg"": 24, ""tip_radius"": 0.2}, ""face_h"": 60.0, ""face_w"": 60.0, ""margin_depths"": 2.0, ""seed"": 23, ""top"": ""comb"", ""top_depth"": 25.0, ""top_params"": {""jitter"": 0.0, ""pitch"": 6.5, ""wall_bot"": 0.08, ""wall_top"": 0.08}}"
ST_comb-cone_50_s23,stack,comb/cone,foil + mould,0.08,23,d00,6.5,50.0,7.6923076923076925,0.03282051282051282,comb,cone,0.5,40.0,0.0005822568200528622,0.04999997094273567,"{""backing"": 2.0, ""bot"": ""cone"", ""bot_depth"": 25.0, ""bot_params"": {""depth_jitter"": 0.0, ""height_seg"": 12, ""jitter"": 0.3, ""pitch"": 5.5, ""profile_power"": 1.0, ""radial_seg"": 24, ""tip_radius"": 0.2}, ""face_h"": 60.0, ""face_w"": 60.0, ""margin_depths"": 2.0, ""seed"": 23, ""top"": ""comb"", ""top_depth"": 25.0, ""top_params"": {""jitter"": 0.0, ""pitch"": 6.5, ""wall_bot"": 0.08, ""wall_top"": 0.08}}"
ST_comb-cone_50_s23,stack,comb/cone,foil + mould,0.08,23,d76,6.5,50.0,7.6923076923076925,0.03282051282051282,comb,cone,0.5,0.0,0.0004774492117576301,0.04999997094273567,"{""backing"": 2.0, ""bot"": ""cone"", ""bot_depth"": 25.0, ""bot_params"": {""depth_jitter"": 0.0, ""height_seg"": 12, ""jitter"": 0.3, ""pitch"": 5.5, ""profile_power"": 1.0, ""radial_seg"": 24, ""tip_radius"": 0.2}, ""face_h"": 60.0, ""face_w"": 60.0, ""margin_depths"": 2.0, ""seed"": 23, ""top"": ""comb"", ""top_depth"": 25.0, ""top_params"": {""jitter"": 0.0, ""pitch"": 6.5, ""wall_bot"": 0.08, ""wall_top"": 0.08}}"
ST_comb-cone_50_s23,stack,comb/cone,foil + mould,0.08,23,d76,6.5,50.0,7.6923076923076925,0.03282051282051282,comb,cone,0.5,-20.0,0.0011495694052428007,0.04999997094273567,"{""backing"": 2.0, ""bot"": ""cone"", ""bot_depth"": 25.0, ""bot_params"": {""depth_jitter"": 0.0, ""height_seg"": 12, ""jitter"": 0.3, ""pitch"": 5.5, ""profile_power"": 1.0, ""radial_seg"": 24, ""tip_radius"": 0.2}, ""face_h"": 60.0, ""face_w"": 60.0, ""margin_depths"": 2.0, ""seed"": 23, ""top"": ""comb"", ""top_depth"": 25.0, ""top_params"": {""jitter"": 0.0, ""pitch"": 6.5, ""wall_bot"": 0.08, ""wall_top"": 0.08}}"
ST_comb-cone_50_s23,stack,comb/cone,foil + mould,0.08,23,d76,6.5,50.0,7.6923076923076925,0.03282051282051282,comb,cone,0.5,-40.0,0.0018326268764212728,0.04999997094273567,"{""backing"": 2.0, ""bot"": ""cone"", ""bot_depth"": 25.0, ""bot_params"": {""depth_jitter"": 0.0, ""height_seg"": 12, ""jitter"": 0.3, ""pitch"": 5.5, ""profile_power"": 1.0, ""radial_seg"": 24, ""tip_radius"": 0.2}, ""face_h"": 60.0, ""face_w"": 60.0, ""margin_depths"": 2.0, ""seed"": 23, ""top"": ""comb"", ""top_depth"": 25.0, ""top_params"": {""jitter"": 0.0, ""pitch"": 6.5, ""wall_bot"": 0.08, ""wall_top"": 0.08}}"
ST_comb-cone_50_s23,stack,comb/cone,foil + mould,0.08,23,d76,6.5,50.0,7.6923076923076925,0.03282051282051282,comb,cone,0.5,20.0,0.001153642893768847,0.04999997094273567,"{""backing"": 2.0, ""bot"": ""cone"", ""bot_depth"": 25.0, ""bot_params"": {""depth_jitter"": 0.0, ""height_seg"": 12, ""jitter"": 0.3, ""pitch"": 5.5, ""profile_power"": 1.0, ""radial_seg"": 24, ""tip_radius"": 0.2}, ""face_h"": 60.0, ""face_w"": 60.0, ""margin_depths"": 2.0, ""seed"": 23, ""top"": ""comb"", ""top_depth"": 25.0, ""top_params"": {""jitter"": 0.0, ""pitch"": 6.5, ""wall_bot"": 0.08, ""wall_top"": 0.08}}"
ST_comb-cone_50_s23,stack,comb/cone,foil + mould,0.08,23,d76,6.5,50.0,7.6923076923076925,0.03282051282051282,comb,cone,0.5,40.0,0.0018195330630987883,0.04999997094273567,"{""backing"": 2.0, ""bot"": ""cone"", ""bot_depth"": 25.0, ""bot_params"": {""depth_jitter"": 0.0, ""height_seg"": 12, ""jitter"": 0.3, ""pitch"": 5.5, ""profile_power"": 1.0, ""radial_seg"": 24, ""tip_radius"": 0.2}, ""face_h"": 60.0, ""face_w"": 60.0, ""margin_depths"": 2.0, ""seed"": 23, ""top"": ""comb"", ""top_depth"": 25.0, ""top_params"": {""jitter"": 0.0, ""pitch"": 6.5, ""wall_bot"": 0.08, ""wall_top"": 0.08}}"
ST_comb-cone_50_s23,stack,comb/cone,foil + mould,0.08,23,d100,6.5,50.0,7.6923076923076925,0.03282051282051282,comb,cone,0.5,0.0,0.00047334976261481643,0.04999997094273567,"{""backing"": 2.0, ""bot"": ""cone"", ""bot_depth"": 25.0, ""bot_params"": {""depth_jitter"": 0.0, ""height_seg"": 12, ""jitter"": 0.3, ""pitch"": 5.5, ""profile_power"": 1.0, ""radial_seg"": 24, ""tip_radius"": 0.2}, ""face_h"": 60.0, ""face_w"": 60.0, ""margin_depths"": 2.0, ""seed"": 23, ""top"": ""comb"", ""top_depth"": 25.0, ""top_params"": {""jitter"": 0.0, ""pitch"": 6.5, ""wall_bot"": 0.08, ""wall_top"": 0.08}}"
ST_comb-cone_50_s23,stack,comb/cone,foil + mould,0.08,23,d100,6.5,50.0,7.6923076923076925,0.03282051282051282,comb,cone,0.5,-20.0,0.0013382798060774803,0.04999997094273567,"{""backing"": 2.0, ""bot"": ""cone"", ""bot_depth"": 25.0, ""bot_params"": {""depth_jitter"": 0.0, ""height_seg"": 12, ""jitter"": 0.3, ""pitch"": 5.5, ""profile_power"": 1.0, ""radial_seg"": 24, ""tip_radius"": 0.2}, ""face_h"": 60.0, ""face_w"": 60.0, ""margin_depths"": 2.0, ""seed"": 23, ""top"": ""comb"", ""top_depth"": 25.0, ""top_params"": {""jitter"": 0.0, ""pitch"": 6.5, ""wall_bot"": 0.08, ""wall_top"": 0.08}}"
ST_comb-cone_50_s23,stack,comb/cone,foil + mould,0.08,23,d100,6.5,50.0,7.6923076923076925,0.03282051282051282,comb,cone,0.5,-40.0,0.00223329896107316,0.04999997094273567,"{""backing"": 2.0, ""bot"": ""cone"", ""bot_depth"": 25.0, ""bot_params"": {""depth_jitter"": 0.0, ""height_seg"": 12, ""jitter"": 0.3, ""pitch"": 5.5, ""profile_power"": 1.0, ""radial_seg"": 24, ""tip_radius"": 0.2}, ""face_h"": 60.0, ""face_w"": 60.0, ""margin_depths"": 2.0, ""seed"": 23, ""top"": ""comb"", ""top_depth"": 25.0, ""top_params"": {""jitter"": 0.0, ""pitch"": 6.5, ""wall_bot"": 0.08, ""wall_top"": 0.08}}"
ST_comb-cone_50_s23,stack,comb/cone,foil + mould,0.08,23,d100,6.5,50.0,7.6923076923076925,0.03282051282051282,comb,cone,0.5,20.0,0.0013526470866054296,0.04999997094273567,"{""backing"": 2.0, ""bot"": ""cone"", ""bot_depth"": 25.0, ""bot_params"": {""depth_jitter"": 0.0, ""height_seg"": 12, ""jitter"": 0.3, ""pitch"": 5.5, ""profile_power"": 1.0, ""radial_seg"": 24, ""tip_radius"": 0.2}, ""face_h"": 60.0, ""face_w"": 60.0, ""margin_depths"": 2.0, ""seed"": 23, ""top"": ""comb"", ""top_depth"": 25.0, ""top_params"": {""jitter"": 0.0, ""pitch"": 6.5, ""wall_bot"": 0.08, ""wall_top"": 0.08}}"
ST_comb-cone_50_s23,stack,comb/cone,foil + mould,0.08,23,d100,6.5,50.0,7.6923076923076925,0.03282051282051282,comb,cone,0.5,40.0,0.0022219226229935884,0.04999997094273567,"{""backing"": 2.0, ""bot"": ""cone"", ""bot_depth"": 25.0, ""bot_params"": {""depth_jitter"": 0.0, ""height_seg"": 12, ""jitter"": 0.3, ""pitch"": 5.5, ""profile_power"": 1.0, ""radial_seg"": 24, ""tip_radius"": 0.2}, ""face_h"": 60.0, ""face_w"": 60.0, ""margin_depths"": 2.0, ""seed"": 23, ""top"": ""comb"", ""top_depth"": 25.0, ""top_params"": {""jitter"": 0.0, ""pitch"": 6.5, ""wall_bot"": 0.08, ""wall_top"": 0.08}}"
ST_cone-comb_50_s23,stack,cone/comb,mould + foil,0.4,23,d00,6.5,50.0,7.6923076923076925,0.00479682476491694,cone,comb,0.5,0.0,0.0022611101157963276,0.04999997094273567,"{""backing"": 2.0, ""bot"": ""comb"", ""bot_depth"": 25.0, ""bot_params"": {""jitter"": 0.0, ""pitch"": 6.5, ""wall_bot"": 0.08, ""wall_top"": 0.08}, ""face_h"": 60.0, ""face_w"": 60.0, ""margin_depths"": 2.0, ""seed"": 23, ""top"": ""cone"", ""top_depth"": 25.0, ""top_params"": {""depth_jitter"": 0.0, ""height_seg"": 12, ""jitter"": 0.3, ""pitch"": 5.5, ""profile_power"": 1.0, ""radial_seg"": 24, ""tip_radius"": 0.2}}"
ST_cone-comb_50_s23,stack,cone/comb,mould + foil,0.4,23,d00,6.5,50.0,7.6923076923076925,0.00479682476491694,cone,comb,0.5,-20.0,0.0018580020405352116,0.04999997094273567,"{""backing"": 2.0, ""bot"": ""comb"", ""bot_depth"": 25.0, ""bot_params"": {""jitter"": 0.0, ""pitch"": 6.5, ""wall_bot"": 0.08, ""wall_top"": 0.08}, ""face_h"": 60.0, ""face_w"": 60.0, ""margin_depths"": 2.0, ""seed"": 23, ""top"": ""cone"", ""top_depth"": 25.0, ""top_params"": {""depth_jitter"": 0.0, ""height_seg"": 12, ""jitter"": 0.3, ""pitch"": 5.5, ""profile_power"": 1.0, ""radial_seg"": 24, ""tip_radius"": 0.2}}"
ST_cone-comb_50_s23,stack,cone/comb,mould + foil,0.4,23,d00,6.5,50.0,7.6923076923076925,0.00479682476491694,cone,comb,0.5,-40.0,0.0024733764585107565,0.04999997094273567,"{""backing"": 2.0, ""bot"": ""comb"", ""bot_depth"": 25.0, ""bot_params"": {""jitter"": 0.0, ""pitch"": 6.5, ""wall_bot"": 0.08, ""wall_top"": 0.08}, ""face_h"": 60.0, ""face_w"": 60.0, ""margin_depths"": 2.0, ""seed"": 23, ""top"": ""cone"", ""top_depth"": 25.0, ""top_params"": {""depth_jitter"": 0.0, ""height_seg"": 12, ""jitter"": 0.3, ""pitch"": 5.5, ""profile_power"": 1.0, ""radial_seg"": 24, ""tip_radius"": 0.2}}"
ST_cone-comb_50_s23,stack,cone/comb,mould + foil,0.4,23,d00,6.5,50.0,7.6923076923076925,0.00479682476491694,cone,comb,0.5,20.0,0.001896148663945496,0.04999997094273567,"{""backing"": 2.0, ""bot"": ""comb"", ""bot_depth"": 25.0, ""bot_params"": {""jitter"": 0.0, ""pitch"": 6.5, ""wall_bot"": 0.08, ""wall_top"": 0.08}, ""face_h"": 60.0, ""face_w"": 60.0, ""margin_depths"": 2.0, ""seed"": 23, ""top"": ""cone"", ""top_depth"": 25.0, ""top_params"": {""depth_jitter"": 0.0, ""height_seg"": 12, ""jitter"": 0.3, ""pitch"": 5.5, ""profile_power"": 1.0, ""radial_seg"": 24, ""tip_radius"": 0.2}}"
ST_cone-comb_50_s23,stack,cone/comb,mould + foil,0.4,23,d00,6.5,50.0,7.6923076923076925,0.00479682476491694,cone,comb,0.5,40.0,0.0025616739876568317,0.04999997094273567,"{""backing"": 2.0, ""bot"": ""comb"", ""bot_depth"": 25.0, ""bot_params"": {""jitter"": 0.0, ""pitch"": 6.5, ""wall_bot"": 0.08, ""wall_top"": 0.08}, ""face_h"": 60.0, ""face_w"": 60.0, ""margin_depths"": 2.0, ""seed"": 23, ""top"": ""cone"", ""top_depth"": 25.0, ""top_params"": {""depth_jitter"": 0.0, ""height_seg"": 12, ""jitter"": 0.3, ""pitch"": 5.5, ""profile_power"": 1.0, ""radial_seg"": 24, ""tip_radius"": 0.2}}"
ST_cone-comb_50_s23,stack,cone/comb,mould + foil,0.4,23,d76,6.5,50.0,7.6923076923076925,0.00479682476491694,cone,comb,0.5,0.0,0.0017020312370732427,0.04999997094273567,"{""backing"": 2.0, ""bot"": ""comb"", ""bot_depth"": 25.0, ""bot_params"": {""jitter"": 0.0, ""pitch"": 6.5, ""wall_bot"": 0.08, ""wall_top"": 0.08}, ""face_h"": 60.0, ""face_w"": 60.0, ""margin_depths"": 2.0, ""seed"": 23, ""top"": ""cone"", ""top_depth"": 25.0, ""top_params"": {""depth_jitter"": 0.0, ""height_seg"": 12, ""jitter"": 0.3, ""pitch"": 5.5, ""profile_power"": 1.0, ""radial_seg"": 24, ""tip_radius"": 0.2}}"
ST_cone-comb_50_s23,stack,cone/comb,mould + foil,0.4,23,d76,6.5,50.0,7.6923076923076925,0.00479682476491694,cone,comb,0.5,-20.0,0.0018366159638389945,0.04999997094273567,"{""backing"": 2.0, ""bot"": ""comb"", ""bot_depth"": 25.0, ""bot_params"": {""jitter"": 0.0, ""pitch"": 6.5, ""wall_bot"": 0.08, ""wall_top"": 0.08}, ""face_h"": 60.0, ""face_w"": 60.0, ""margin_depths"": 2.0, ""seed"": 23, ""top"": ""cone"", ""top_depth"": 25.0, ""top_params"": {""depth_jitter"": 0.0, ""height_seg"": 12, ""jitter"": 0.3, ""pitch"": 5.5, ""profile_power"": 1.0, ""radial_seg"": 24, ""tip_radius"": 0.2}}"
ST_cone-comb_50_s23,stack,cone/comb,mould + foil,0.4,23,d76,6.5,50.0,7.6923076923076925,0.00479682476491694,cone,comb,0.5,-40.0,0.0025197009090334177,0.04999997094273567,"{""backing"": 2.0, ""bot"": ""comb"", ""bot_depth"": 25.0, ""bot_params"": {""jitter"": 0.0, ""pitch"": 6.5, ""wall_bot"": 0.08, ""wall_top"": 0.08}, ""face_h"": 60.0, ""face_w"": 60.0, ""margin_depths"": 2.0, ""seed"": 23, ""top"": ""cone"", ""top_depth"": 25.0, ""top_params"": {""depth_jitter"": 0.0, ""height_seg"": 12, ""jitter"": 0.3, ""pitch"": 5.5, ""profile_power"": 1.0, ""radial_seg"": 24, ""tip_radius"": 0.2}}"
ST_cone-comb_50_s23,stack,cone/comb,mould + foil,0.4,23,d76,6.5,50.0,7.6923076923076925,0.00479682476491694,cone,comb,0.5,20.0,0.0018588965758681297,0.04999997094273567,"{""backing"": 2.0, ""bot"": ""comb"", ""bot_depth"": 25.0, ""bot_params"": {""jitter"": 0.0, ""pitch"": 6.5, ""wall_bot"": 0.08, ""wall_top"": 0.08}, ""face_h"": 60.0, ""face_w"": 60.0, ""margin_depths"": 2.0, ""seed"": 23, ""top"": ""cone"", ""top_depth"": 25.0, ""top_params"": {""depth_jitter"": 0.0, ""height_seg"": 12, ""jitter"": 0.3, ""pitch"": 5.5, ""profile_power"": 1.0, ""radial_seg"": 24, ""tip_radius"": 0.2}}"
ST_cone-comb_50_s23,stack,cone/comb,mould + foil,0.4,23,d76,6.5,50.0,7.6923076923076925,0.00479682476491694,cone,comb,0.5,40.0,0.0025466482620686293,0.04999997094273567,"{""backing"": 2.0, ""bot"": ""comb"", ""bot_depth"": 25.0, ""bot_params"": {""jitter"": 0.0, ""pitch"": 6.5, ""wall_bot"": 0.08, ""wall_top"": 0.08}, ""face_h"": 60.0, ""face_w"": 60.0, ""margin_depths"": 2.0, ""seed"": 23, ""top"": ""cone"", ""top_depth"": 25.0, ""top_params"": {""depth_jitter"": 0.0, ""height_seg"": 12, ""jitter"": 0.3, ""pitch"": 5.5, ""profile_power"": 1.0, ""radial_seg"": 24, ""tip_radius"": 0.2}}"
ST_cone-comb_50_s23,stack,cone/comb,mould + foil,0.4,23,d100,6.5,50.0,7.6923076923076925,0.00479682476491694,cone,comb,0.5,0.0,0.0016787711065262556,0.04999997094273567,"{""backing"": 2.0, ""bot"": ""comb"", ""bot_depth"": 25.0, ""bot_params"": {""jitter"": 0.0, ""pitch"": 6.5, ""wall_bot"": 0.08, ""wall_top"": 0.08}, ""face_h"": 60.0, ""face_w"": 60.0, ""margin_depths"": 2.0, ""seed"": 23, ""top"": ""cone"", ""top_depth"": 25.0, ""top_params"": {""depth_jitter"": 0.0, ""height_seg"": 12, ""jitter"": 0.3, ""pitch"": 5.5, ""profile_power"": 1.0, ""radial_seg"": 24, ""tip_radius"": 0.2}}"
ST_cone-comb_50_s23,stack,cone/comb,mould + foil,0.4,23,d100,6.5,50.0,7.6923076923076925,0.00479682476491694,cone,comb,0.5,-20.0,0.001997939310967922,0.04999997094273567,"{""backing"": 2.0, ""bot"": ""comb"", ""bot_depth"": 25.0, ""bot_params"": {""jitter"": 0.0, ""pitch"": 6.5, ""wall_bot"": 0.08, ""wall_top"": 0.08}, ""face_h"": 60.0, ""face_w"": 60.0, ""margin_depths"": 2.0, ""seed"": 23, ""top"": ""cone"", ""top_depth"": 25.0, ""top_params"": {""depth_jitter"": 0.0, ""height_seg"": 12, ""jitter"": 0.3, ""pitch"": 5.5, ""profile_power"": 1.0, ""radial_seg"": 24, ""tip_radius"": 0.2}}"
ST_cone-comb_50_s23,stack,cone/comb,mould + foil,0.4,23,d100,6.5,50.0,7.6923076923076925,0.00479682476491694,cone,comb,0.5,-40.0,0.002690976019948721,0.04999997094273567,"{""backing"": 2.0, ""bot"": ""comb"", ""bot_depth"": 25.0, ""bot_params"": {""jitter"": 0.0, ""pitch"": 6.5, ""wall_bot"": 0.08, ""wall_top"": 0.08}, ""face_h"": 60.0, ""face_w"": 60.0, ""margin_depths"": 2.0, ""seed"": 23, ""top"": ""cone"", ""top_depth"": 25.0, ""top_params"": {""depth_jitter"": 0.0, ""height_seg"": 12, ""jitter"": 0.3, ""pitch"": 5.5, ""profile_power"": 1.0, ""radial_seg"": 24, ""tip_radius"": 0.2}}"
ST_cone-comb_50_s23,stack,cone/comb,mould + foil,0.4,23,d100,6.5,50.0,7.6923076923076925,0.00479682476491694,cone,comb,0.5,20.0,0.002015357604250312,0.04999997094273567,"{""backing"": 2.0, ""bot"": ""comb"", ""bot_depth"": 25.0, ""bot_params"": {""jitter"": 0.0, ""pitch"": 6.5, ""wall_bot"": 0.08, ""wall_top"": 0.08}, ""face_h"": 60.0, ""face_w"": 60.0, ""margin_depths"": 2.0, ""seed"": 23, ""top"": ""cone"", ""top_depth"": 25.0, ""top_params"": {""depth_jitter"": 0.0, ""height_seg"": 12, ""jitter"": 0.3, ""pitch"": 5.5, ""profile_power"": 1.0, ""radial_seg"": 24, ""tip_radius"": 0.2}}"
ST_cone-comb_50_s23,stack,cone/comb,mould + foil,0.4,23,d100,6.5,50.0,7.6923076923076925,0.00479682476491694,cone,comb,0.5,40.0,0.002724103629589081,0.04999997094273567,"{""backing"": 2.0, ""bot"": ""comb"", ""bot_depth"": 25.0, ""bot_params"": {""jitter"": 0.0, ""pitch"": 6.5, ""wall_bot"": 0.08, ""wall_top"": 0.08}, ""face_h"": 60.0, ""face_w"": 60.0, ""margin_depths"": 2.0, ""seed"": 23, ""top"": ""cone"", ""top_depth"": 25.0, ""top_params"": {""depth_jitter"": 0.0, ""height_seg"": 12, ""jitter"": 0.3, ""pitch"": 5.5, ""profile_power"": 1.0, ""radial_seg"": 24, ""tip_radius"": 0.2}}"
ST_comb-comb_50_s23,stack,comb/comb,expanded foil,0.08,23,d00,6.5,50.0,7.6923076923076925,0.03282051282051282,comb,comb,0.5,0.0,0.0011719525791704655,0.04999997094273567,"{""backing"": 2.0, ""bot"": ""comb"", ""bot_depth"": 25.0, ""bot_params"": {""jitter"": 0.0, ""pitch"": 3.17, ""wall_bot"": 0.04, ""wall_top"": 0.04}, ""face_h"": 60.0, ""face_w"": 60.0, ""margin_depths"": 2.0, ""seed"": 23, ""top"": ""comb"", ""top_depth"": 25.0, ""top_params"": {""jitter"": 0.0, ""pitch"": 6.5, ""wall_bot"": 0.08, ""wall_top"": 0.08}}"
ST_comb-comb_50_s23,stack,comb/comb,expanded foil,0.08,23,d00,6.5,50.0,7.6923076923076925,0.03282051282051282,comb,comb,0.5,-20.0,0.0005791671574115753,0.04999997094273567,"{""backing"": 2.0, ""bot"": ""comb"", ""bot_depth"": 25.0, ""bot_params"": {""jitter"": 0.0, ""pitch"": 3.17, ""wall_bot"": 0.04, ""wall_top"": 0.04}, ""face_h"": 60.0, ""face_w"": 60.0, ""margin_depths"": 2.0, ""seed"": 23, ""top"": ""comb"", ""top_depth"": 25.0, ""top_params"": {""jitter"": 0.0, ""pitch"": 6.5, ""wall_bot"": 0.08, ""wall_top"": 0.08}}"
ST_comb-comb_50_s23,stack,comb/comb,expanded foil,0.08,23,d00,6.5,50.0,7.6923076923076925,0.03282051282051282,comb,comb,0.5,-40.0,0.0005833321483805776,0.04999997094273567,"{""backing"": 2.0, ""bot"": ""comb"", ""bot_depth"": 25.0, ""bot_params"": {""jitter"": 0.0, ""pitch"": 3.17, ""wall_bot"": 0.04, ""wall_top"": 0.04}, ""face_h"": 60.0, ""face_w"": 60.0, ""margin_depths"": 2.0, ""seed"": 23, ""top"": ""comb"", ""top_depth"": 25.0, ""top_params"": {""jitter"": 0.0, ""pitch"": 6.5, ""wall_bot"": 0.08, ""wall_top"": 0.08}}"
ST_comb-comb_50_s23,stack,comb/comb,expanded foil,0.08,23,d00,6.5,50.0,7.6923076923076925,0.03282051282051282,comb,comb,0.5,20.0,0.0005802175728604198,0.04999997094273567,"{""backing"": 2.0, ""bot"": ""comb"", ""bot_depth"": 25.0, ""bot_params"": {""jitter"": 0.0, ""pitch"": 3.17, ""wall_bot"": 0.04, ""wall_top"": 0.04}, ""face_h"": 60.0, ""face_w"": 60.0, ""margin_depths"": 2.0, ""seed"": 23, ""top"": ""comb"", ""top_depth"": 25.0, ""top_params"": {""jitter"": 0.0, ""pitch"": 6.5, ""wall_bot"": 0.08, ""wall_top"": 0.08}}"
ST_comb-comb_50_s23,stack,comb/comb,expanded foil,0.08,23,d00,6.5,50.0,7.6923076923076925,0.03282051282051282,comb,comb,0.5,40.0,0.0005821591475978494,0.04999997094273567,"{""backing"": 2.0, ""bot"": ""comb"", ""bot_depth"": 25.0, ""bot_params"": {""jitter"": 0.0, ""pitch"": 3.17, ""wall_bot"": 0.04, ""wall_top"": 0.04}, ""face_h"": 60.0, ""face_w"": 60.0, ""margin_depths"": 2.0, ""seed"": 23, ""top"": ""comb"", ""top_depth"": 25.0, ""top_params"": {""jitter"": 0.0, ""pitch"": 6.5, ""wall_bot"": 0.08, ""wall_top"": 0.08}}"
ST_comb-comb_50_s23,stack,comb/comb,expanded foil,0.08,23,d76,6.5,50.0,7.6923076923076925,0.03282051282051282,comb,comb,0.5,0.0,0.0006273834151215851,0.04999997094273567,"{""backing"": 2.0, ""bot"": ""comb"", ""bot_depth"": 25.0, ""bot_params"": {""jitter"": 0.0, ""pitch"": 3.17, ""wall_bot"": 0.04, ""wall_top"": 0.04}, ""face_h"": 60.0, ""face_w"": 60.0, ""margin_depths"": 2.0, ""seed"": 23, ""top"": ""comb"", ""top_depth"": 25.0, ""top_params"": {""jitter"": 0.0, ""pitch"": 6.5, ""wall_bot"": 0.08, ""wall_top"": 0.08}}"
ST_comb-comb_50_s23,stack,comb/comb,expanded foil,0.08,23,d76,6.5,50.0,7.6923076923076925,0.03282051282051282,comb,comb,0.5,-20.0,0.0011495166691020131,0.04999997094273567,"{""backing"": 2.0, ""bot"": ""comb"", ""bot_depth"": 25.0, ""bot_params"": {""jitter"": 0.0, ""pitch"": 3.17, ""wall_bot"": 0.04, ""wall_top"": 0.04}, ""face_h"": 60.0, ""face_w"": 60.0, ""margin_depths"": 2.0, ""seed"": 23, ""top"": ""comb"", ""top_depth"": 25.0, ""top_params"": {""jitter"": 0.0, ""pitch"": 6.5, ""wall_bot"": 0.08, ""wall_top"": 0.08}}"
ST_comb-comb_50_s23,stack,comb/comb,expanded foil,0.08,23,d76,6.5,50.0,7.6923076923076925,0.03282051282051282,comb,comb,0.5,-40.0,0.0018327828729525208,0.04999997094273567,"{""backing"": 2.0, ""bot"": ""comb"", ""bot_depth"": 25.0, ""bot_params"": {""jitter"": 0.0, ""pitch"": 3.17, ""wall_bot"": 0.04, ""wall_top"": 0.04}, ""face_h"": 60.0, ""face_w"": 60.0, ""margin_depths"": 2.0, ""seed"": 23, ""top"": ""comb"", ""top_depth"": 25.0, ""top_params"": {""jitter"": 0.0, ""pitch"": 6.5, ""wall_bot"": 0.08, ""wall_top"": 0.08}}"
ST_comb-comb_50_s23,stack,comb/comb,expanded foil,0.08,23,d76,6.5,50.0,7.6923076923076925,0.03282051282051282,comb,comb,0.5,20.0,0.0011536094825714827,0.04999997094273567,"{""backing"": 2.0, ""bot"": ""comb"", ""bot_depth"": 25.0, ""bot_params"": {""jitter"": 0.0, ""pitch"": 3.17, ""wall_bot"": 0.04, ""wall_top"": 0.04}, ""face_h"": 60.0, ""face_w"": 60.0, ""margin_depths"": 2.0, ""seed"": 23, ""top"": ""comb"", ""top_depth"": 25.0, ""top_params"": {""jitter"": 0.0, ""pitch"": 6.5, ""wall_bot"": 0.08, ""wall_top"": 0.08}}"
ST_comb-comb_50_s23,stack,comb/comb,expanded foil,0.08,23,d76,6.5,50.0,7.6923076923076925,0.03282051282051282,comb,comb,0.5,40.0,0.0018194277072325349,0.04999997094273567,"{""backing"": 2.0, ""bot"": ""comb"", ""bot_depth"": 25.0, ""bot_params"": {""jitter"": 0.0, ""pitch"": 3.17, ""wall_bot"": 0.04, ""wall_top"": 0.04}, ""face_h"": 60.0, ""face_w"": 60.0, ""margin_depths"": 2.0, ""seed"": 23, ""top"": ""comb"", ""top_depth"": 25.0, ""top_params"": {""jitter"": 0.0, ""pitch"": 6.5, ""wall_bot"": 0.08, ""wall_top"": 0.08}}"
ST_comb-comb_50_s23,stack,comb/comb,expanded foil,0.08,23,d100,6.5,50.0,7.6923076923076925,0.03282051282051282,comb,comb,0.5,0.0,0.0004763799952343106,0.04999997094273567,"{""backing"": 2.0, ""bot"": ""comb"", ""bot_depth"": 25.0, ""bot_params"": {""jitter"": 0.0, ""pitch"": 3.17, ""wall_bot"": 0.04, ""wall_top"": 0.04}, ""face_h"": 60.0, ""face_w"": 60.0, ""margin_depths"": 2.0, ""seed"": 23, ""top"": ""comb"", ""top_depth"": 25.0, ""top_params"": {""jitter"": 0.0, ""pitch"": 6.5, ""wall_bot"": 0.08, ""wall_top"": 0.08}}"
ST_comb-comb_50_s23,stack,comb/comb,expanded foil,0.08,23,d100,6.5,50.0,7.6923076923076925,0.03282051282051282,comb,comb,0.5,-20.0,0.001338319736532867,0.04999997094273567,"{""backing"": 2.0, ""bot"": ""comb"", ""bot_depth"": 25.0, ""bot_params"": {""jitter"": 0.0, ""pitch"": 3.17, ""wall_bot"": 0.04, ""wall_top"": 0.04}, ""face_h"": 60.0, ""face_w"": 60.0, ""margin_depths"": 2.0, ""seed"": 23, ""top"": ""comb"", ""top_depth"": 25.0, ""top_params"": {""jitter"": 0.0, ""pitch"": 6.5, ""wall_bot"": 0.08, ""wall_top"": 0.08}}"
ST_comb-comb_50_s23,stack,comb/comb,expanded foil,0.08,23,d100,6.5,50.0,7.6923076923076925,0.03282051282051282,comb,comb,0.5,-40.0,0.0022332470398396254,0.04999997094273567,"{""backing"": 2.0, ""bot"": ""comb"", ""bot_depth"": 25.0, ""bot_params"": {""jitter"": 0.0, ""pitch"": 3.17, ""wall_bot"": 0.04, ""wall_top"": 0.04}, ""face_h"": 60.0, ""face_w"": 60.0, ""margin_depths"": 2.0, ""seed"": 23, ""top"": ""comb"", ""top_depth"": 25.0, ""top_params"": {""jitter"": 0.0, ""pitch"": 6.5, ""wall_bot"": 0.08, ""wall_top"": 0.08}}"
ST_comb-comb_50_s23,stack,comb/comb,expanded foil,0.08,23,d100,6.5,50.0,7.6923076923076925,0.03282051282051282,comb,comb,0.5,20.0,0.0013526458060368896,0.04999997094273567,"{""backing"": 2.0, ""bot"": ""comb"", ""bot_depth"": 25.0, ""bot_params"": {""jitter"": 0.0, ""pitch"": 3.17, ""wall_bot"": 0.04, ""wall_top"": 0.04}, ""face_h"": 60.0, ""face_w"": 60.0, ""margin_depths"": 2.0, ""seed"": 23, ""top"": ""comb"", ""top_depth"": 25.0, ""top_params"": {""jitter"": 0.0, ""pitch"": 6.5, ""wall_bot"": 0.08, ""wall_top"": 0.08}}"
ST_comb-comb_50_s23,stack,comb/comb,expanded foil,0.08,23,d100,6.5,50.0,7.6923076923076925,0.03282051282051282,comb,comb,0.5,40.0,0.002221819246187806,0.04999997094273567,"{""backing"": 2.0, ""bot"": ""comb"", ""bot_depth"": 25.0, ""bot_params"": {""jitter"": 0.0, ""pitch"": 3.17, ""wall_bot"": 0.04, ""wall_top"": 0.04}, ""face_h"": 60.0, ""face_w"": 60.0, ""margin_depths"": 2.0, ""seed"": 23, ""top"": ""comb"", ""top_depth"": 25.0, ""top_params"": {""jitter"": 0.0, ""pitch"": 6.5, ""wall_bot"": 0.08, ""wall_top"": 0.08}}"
ST_comb-comb_50_s23,stack,comb/comb,expanded foil,0.04,23,d00,6.5,50.0,7.6923076923076925,0.03364879074658255,comb,comb,0.5,0.0,0.0011128457263112068,0.04999997094273567,"{""backing"": 2.0, ""bot"": ""comb"", ""bot_depth"": 25.0, ""bot_params"": {""jitter"": 0.0, ""pitch"": 6.5, ""wall_bot"": 0.08, ""wall_top"": 0.08}, ""face_h"": 60.0, ""face_w"": 60.0, ""margin_depths"": 2.0, ""seed"": 23, ""top"": ""comb"", ""top_depth"": 25.0, ""top_params"": {""jitter"": 0.0, ""pitch"": 3.17, ""wall_bot"": 0.04, ""wall_top"": 0.04}}"
ST_comb-comb_50_s23,stack,comb/comb,expanded foil,0.04,23,d00,6.5,50.0,7.6923076923076925,0.03364879074658255,comb,comb,0.5,-20.0,0.0005897633382119238,0.04999997094273567,"{""backing"": 2.0, ""bot"": ""comb"", ""bot_depth"": 25.0, ""bot_params"": {""jitter"": 0.0, ""pitch"": 6.5, ""wall_bot"": 0.08, ""wall_top"": 0.08}, ""face_h"": 60.0, ""face_w"": 60.0, ""margin_depths"": 2.0, ""seed"": 23, ""top"": ""comb"", ""top_depth"": 25.0, ""top_params"": {""jitter"": 0.0, ""pitch"": 3.17, ""wall_bot"": 0.04, ""wall_top"": 0.04}}"
ST_comb-comb_50_s23,stack,comb/comb,expanded foil,0.04,23,d00,6.5,50.0,7.6923076923076925,0.03364879074658255,comb,comb,0.5,-40.0,0.000576417485717684,0.04999997094273567,"{""backing"": 2.0, ""bot"": ""comb"", ""bot_depth"": 25.0, ""bot_params"": {""jitter"": 0.0, ""pitch"": 6.5, ""wall_bot"": 0.08, ""wall_top"": 0.08}, ""face_h"": 60.0, ""face_w"": 60.0, ""margin_depths"": 2.0, ""seed"": 23, ""top"": ""comb"", ""top_depth"": 25.0, ""top_params"": {""jitter"": 0.0, ""pitch"": 3.17, ""wall_bot"": 0.04, ""wall_top"": 0.04}}"
ST_comb-comb_50_s23,stack,comb/comb,expanded foil,0.04,23,d00,6.5,50.0,7.6923076923076925,0.03364879074658255,comb,comb,0.5,20.0,0.0005854252376593649,0.04999997094273567,"{""backing"": 2.0, ""bot"": ""comb"", ""bot_depth"": 25.0, ""bot_params"": {""jitter"": 0.0, ""pitch"": 6.5, ""wall_bot"": 0.08, ""wall_top"": 0.08}, ""face_h"": 60.0, ""face_w"": 60.0, ""margin_depths"": 2.0, ""seed"": 23, ""top"": ""comb"", ""top_depth"": 25.0, ""top_params"": {""jitter"": 0.0, ""pitch"": 3.17, ""wall_bot"": 0.04, ""wall_top"": 0.04}}"
ST_comb-comb_50_s23,stack,comb/comb,expanded foil,0.04,23,d00,6.5,50.0,7.6923076923076925,0.03364879074658255,comb,comb,0.5,40.0,0.0005758441984653473,0.04999997094273567,"{""backing"": 2.0, ""bot"": ""comb"", ""bot_depth"": 25.0, ""bot_params"": {""jitter"": 0.0, ""pitch"": 6.5, ""wall_bot"": 0.08, ""wall_top"": 0.08}, ""face_h"": 60.0, ""face_w"": 60.0, ""margin_depths"": 2.0, ""seed"": 23, ""top"": ""comb"", ""top_depth"": 25.0, ""top_params"": {""jitter"": 0.0, ""pitch"": 3.17, ""wall_bot"": 0.04, ""wall_top"": 0.04}}"
ST_comb-comb_50_s23,stack,comb/comb,expanded foil,0.04,23,d76,6.5,50.0,7.6923076923076925,0.03364879074658255,comb,comb,0.5,0.0,0.0006025999900884926,0.04999997094273567,"{""backing"": 2.0, ""bot"": ""comb"", ""bot_depth"": 25.0, ""bot_params"": {""jitter"": 0.0, ""pitch"": 6.5, ""wall_bot"": 0.08, ""wall_top"": 0.08}, ""face_h"": 60.0, ""face_w"": 60.0, ""margin_depths"": 2.0, ""seed"": 23, ""top"": ""comb"", ""top_depth"": 25.0, ""top_params"": {""jitter"": 0.0, ""pitch"": 3.17, ""wall_bot"": 0.04, ""wall_top"": 0.04}}"
ST_comb-comb_50_s23,stack,comb/comb,expanded foil,0.04,23,d76,6.5,50.0,7.6923076923076925,0.03364879074658255,comb,comb,0.5,-20.0,0.001159655163064599,0.04999997094273567,"{""backing"": 2.0, ""bot"": ""comb"", ""bot_depth"": 25.0, ""bot_params"": {""jitter"": 0.0, ""pitch"": 6.5, ""wall_bot"": 0.08, ""wall_top"": 0.08}, ""face_h"": 60.0, ""face_w"": 60.0, ""margin_depths"": 2.0, ""seed"": 23, ""top"": ""comb"", ""top_depth"": 25.0, ""top_params"": {""jitter"": 0.0, ""pitch"": 3.17, ""wall_bot"": 0.04, ""wall_top"": 0.04}}"
ST_comb-comb_50_s23,stack,comb/comb,expanded foil,0.04,23,d76,6.5,50.0,7.6923076923076925,0.03364879074658255,comb,comb,0.5,-40.0,0.0018171239644289017,0.04999997094273567,"{""backing"": 2.0, ""bot"": ""comb"", ""bot_depth"": 25.0, ""bot_params"": {""jitter"": 0.0, ""pitch"": 6.5, ""wall_bot"": 0.08, ""wall_top"": 0.08}, ""face_h"": 60.0, ""face_w"": 60.0, ""margin_depths"": 2.0, ""seed"": 23, ""top"": ""comb"", ""top_depth"": 25.0, ""top_params"": {""jitter"": 0.0, ""pitch"": 3.17, ""wall_bot"": 0.04, ""wall_top"": 0.04}}"
ST_comb-comb_50_s23,stack,comb/comb,expanded foil,0.04,23,d76,6.5,50.0,7.6923076923076925,0.03364879074658255,comb,comb,0.5,20.0,0.0011647348292171955,0.04999997094273567,"{""backing"": 2.0, ""bot"": ""comb"", ""bot_depth"": 25.0, ""bot_params"": {""jitter"": 0.0, ""pitch"": 6.5, ""wall_bot"": 0.08, ""wall_top"": 0.08}, ""face_h"": 60.0, ""face_w"": 60.0, ""margin_depths"": 2.0, ""seed"": 23, ""top"": ""comb"", ""top_depth"": 25.0, ""top_params"": {""jitter"": 0.0, ""pitch"": 3.17, ""wall_bot"": 0.04, ""wall_top"": 0.04}}"
ST_comb-comb_50_s23,stack,comb/comb,expanded foil,0.04,23,d76,6.5,50.0,7.6923076923076925,0.03364879074658255,comb,comb,0.5,40.0,0.0018100752495229244,0.04999997094273567,"{""backing"": 2.0, ""bot"": ""comb"", ""bot_depth"": 25.0, ""bot_params"": {""jitter"": 0.0, ""pitch"": 6.5, ""wall_bot"": 0.08, ""wall_top"": 0.08}, ""face_h"": 60.0, ""face_w"": 60.0, ""margin_depths"": 2.0, ""seed"": 23, ""top"": ""comb"", ""top_depth"": 25.0, ""top_params"": {""jitter"": 0.0, ""pitch"": 3.17, ""wall_bot"": 0.04, ""wall_top"": 0.04}}"
ST_comb-comb_50_s23,stack,comb/comb,expanded foil,0.04,23,d100,6.5,50.0,7.6923076923076925,0.03364879074658255,comb,comb,0.5,0.0,0.00046687887515872717,0.04999997094273567,"{""backing"": 2.0, ""bot"": ""comb"", ""bot_depth"": 25.0, ""bot_params"": {""jitter"": 0.0, ""pitch"": 6.5, ""wall_bot"": 0.08, ""wall_top"": 0.08}, ""face_h"": 60.0, ""face_w"": 60.0, ""margin_depths"": 2.0, ""seed"": 23, ""top"": ""comb"", ""top_depth"": 25.0, ""top_params"": {""jitter"": 0.0, ""pitch"": 3.17, ""wall_bot"": 0.04, ""wall_top"": 0.04}}"
ST_comb-comb_50_s23,stack,comb/comb,expanded foil,0.04,23,d100,6.5,50.0,7.6923076923076925,0.03364879074658255,comb,comb,0.5,-20.0,0.0013493414735421538,0.04999997094273567,"{""backing"": 2.0, ""bot"": ""comb"", ""bot_depth"": 25.0, ""bot_params"": {""jitter"": 0.0, ""pitch"": 6.5, ""wall_bot"": 0.08, ""wall_top"": 0.08}, ""face_h"": 60.0, ""face_w"": 60.0, ""margin_depths"": 2.0, ""seed"": 23, ""top"": ""comb"", ""top_depth"": 25.0, ""top_params"": {""jitter"": 0.0, ""pitch"": 3.17, ""wall_bot"": 0.04, ""wall_top"": 0.04}}"
ST_comb-comb_50_s23,stack,comb/comb,expanded foil,0.04,23,d100,6.5,50.0,7.6923076923076925,0.03364879074658255,comb,comb,0.5,-40.0,0.002214639913290739,0.04999997094273567,"{""backing"": 2.0, ""bot"": ""comb"", ""bot_depth"": 25.0, ""bot_params"": {""jitter"": 0.0, ""pitch"": 6.5, ""wall_bot"": 0.08, ""wall_top"": 0.08}, ""face_h"": 60.0, ""face_w"": 60.0, ""margin_depths"": 2.0, ""seed"": 23, ""top"": ""comb"", ""top_depth"": 25.0, ""top_params"": {""jitter"": 0.0, ""pitch"": 3.17, ""wall_bot"": 0.04, ""wall_top"": 0.04}}"
ST_comb-comb_50_s23,stack,comb/comb,expanded foil,0.04,23,d100,6.5,50.0,7.6923076923076925,0.03364879074658255,comb,comb,0.5,20.0,0.0013671832857653499,0.04999997094273567,"{""backing"": 2.0, ""bot"": ""comb"", ""bot_depth"": 25.0, ""bot_params"": {""jitter"": 0.0, ""pitch"": 6.5, ""wall_bot"": 0.08, ""wall_top"": 0.08}, ""face_h"": 60.0, ""face_w"": 60.0, ""margin_depths"": 2.0, ""seed"": 23, ""top"": ""comb"", ""top_depth"": 25.0, ""top_params"": {""jitter"": 0.0, ""pitch"": 3.17, ""wall_bot"": 0.04, ""wall_top"": 0.04}}"
ST_comb-comb_50_s23,stack,comb/comb,expanded foil,0.04,23,d100,6.5,50.0,7.6923076923076925,0.03364879074658255,comb,comb,0.5,40.0,0.002214832231402397,0.04999997094273567,"{""backing"": 2.0, ""bot"": ""comb"", ""bot_depth"": 25.0, ""bot_params"": {""jitter"": 0.0, ""pitch"": 6.5, ""wall_bot"": 0.08, ""wall_top"": 0.08}, ""face_h"": 60.0, ""face_w"": 60.0, ""margin_depths"": 2.0, ""seed"": 23, ""top"": ""comb"", ""top_depth"": 25.0, ""top_params"": {""jitter"": 0.0, ""pitch"": 3.17, ""wall_bot"": 0.04, ""wall_top"": 0.04}}"
ST_comb-shin_50_s23,stack,comb/shingle,foil + sheet,0.08,23,d00,6.5,50.0,7.6923076923076925,0.03282051282051282,comb,shingle,0.5,0.0,0.00165718758944422,0.04999997094273567,"{""backing"": 2.0, ""bot"": ""shingle"", ""bot_depth"": 25.0, ""bot_params"": {""azimuth_mode"": ""grid"", ""jitter"": 0.3, ""pitch"": 5.5, ""plate_t_bot"": 0.1, ""plate_t_top"": 0.1, ""tilt_deg"": 2.0, ""tilt_jitter"": 0.0}, ""face_h"": 60.0, ""face_w"": 60.0, ""margin_depths"": 2.0, ""seed"": 23, ""top"": ""comb"", ""top_depth"": 25.0, ""top_params"": {""jitter"": 0.0, ""pitch"": 6.5, ""wall_bot"": 0.08, ""wall_top"": 0.08}}"
ST_comb-shin_50_s23,stack,comb/shingle,foil + sheet,0.08,23,d00,6.5,50.0,7.6923076923076925,0.03282051282051282,comb,shingle,0.5,-20.0,0.0005793697782792151,0.04999997094273567,"{""backing"": 2.0, ""bot"": ""shingle"", ""bot_depth"": 25.0, ""bot_params"": {""azimuth_mode"": ""grid"", ""jitter"": 0.3, ""pitch"": 5.5, ""plate_t_bot"": 0.1, ""plate_t_top"": 0.1, ""tilt_deg"": 2.0, ""tilt_jitter"": 0.0}, ""face_h"": 60.0, ""face_w"": 60.0, ""margin_depths"": 2.0, ""seed"": 23, ""top"": ""comb"", ""top_depth"": 25.0, ""top_params"": {""jitter"": 0.0, ""pitch"": 6.5, ""wall_bot"": 0.08, ""wall_top"": 0.08}}"
ST_comb-shin_50_s23,stack,comb/shingle,foil + sheet,0.08,23,d00,6.5,50.0,7.6923076923076925,0.03282051282051282,comb,shingle,0.5,-40.0,0.0005831424496136606,0.04999997094273567,"{""backing"": 2.0, ""bot"": ""shingle"", ""bot_depth"": 25.0, ""bot_params"": {""azimuth_mode"": ""grid"", ""jitter"": 0.3, ""pitch"": 5.5, ""plate_t_bot"": 0.1, ""plate_t_top"": 0.1, ""tilt_deg"": 2.0, ""tilt_jitter"": 0.0}, ""face_h"": 60.0, ""face_w"": 60.0, ""margin_depths"": 2.0, ""seed"": 23, ""top"": ""comb"", ""top_depth"": 25.0, ""top_params"": {""jitter"": 0.0, ""pitch"": 6.5, ""wall_bot"": 0.08, ""wall_top"": 0.08}}"
ST_comb-shin_50_s23,stack,comb/shingle,foil + sheet,0.08,23,d00,6.5,50.0,7.6923076923076925,0.03282051282051282,comb,shingle,0.5,20.0,0.0005805176915600896,0.04999997094273567,"{""backing"": 2.0, ""bot"": ""shingle"", ""bot_depth"": 25.0, ""bot_params"": {""azimuth_mode"": ""grid"", ""jitter"": 0.3, ""pitch"": 5.5, ""plate_t_bot"": 0.1, ""plate_t_top"": 0.1, ""tilt_deg"": 2.0, ""tilt_jitter"": 0.0}, ""face_h"": 60.0, ""face_w"": 60.0, ""margin_depths"": 2.0, ""seed"": 23, ""top"": ""comb"", ""top_depth"": 25.0, ""top_params"": {""jitter"": 0.0, ""pitch"": 6.5, ""wall_bot"": 0.08, ""wall_top"": 0.08}}"
ST_comb-shin_50_s23,stack,comb/shingle,foil + sheet,0.08,23,d00,6.5,50.0,7.6923076923076925,0.03282051282051282,comb,shingle,0.5,40.0,0.0005817641504108906,0.04999997094273567,"{""backing"": 2.0, ""bot"": ""shingle"", ""bot_depth"": 25.0, ""bot_params"": {""azimuth_mode"": ""grid"", ""jitter"": 0.3, ""pitch"": 5.5, ""plate_t_bot"": 0.1, ""plate_t_top"": 0.1, ""tilt_deg"": 2.0, ""tilt_jitter"": 0.0}, ""face_h"": 60.0, ""face_w"": 60.0, ""margin_depths"": 2.0, ""seed"": 23, ""top"": ""comb"", ""top_depth"": 25.0, ""top_params"": {""jitter"": 0.0, ""pitch"": 6.5, ""wall_bot"": 0.08, ""wall_top"": 0.08}}"
ST_comb-shin_50_s23,stack,comb/shingle,foil + sheet,0.08,23,d76,6.5,50.0,7.6923076923076925,0.03282051282051282,comb,shingle,0.5,0.0,0.0007487672846764326,0.04999997094273567,"{""backing"": 2.0, ""bot"": ""shingle"", ""bot_depth"": 25.0, ""bot_params"": {""azimuth_mode"": ""grid"", ""jitter"": 0.3, ""pitch"": 5.5, ""plate_t_bot"": 0.1, ""plate_t_top"": 0.1, ""tilt_deg"": 2.0, ""tilt_jitter"": 0.0}, ""face_h"": 60.0, ""face_w"": 60.0, ""margin_depths"": 2.0, ""seed"": 23, ""top"": ""comb"", ""top_depth"": 25.0, ""top_params"": {""jitter"": 0.0, ""pitch"": 6.5, ""wall_bot"": 0.08, ""wall_top"": 0.08}}"
ST_comb-shin_50_s23,stack,comb/shingle,foil + sheet,0.08,23,d76,6.5,50.0,7.6923076923076925,0.03282051282051282,comb,shingle,0.5,-20.0,0.001149363350123167,0.04999997094273567,"{""backing"": 2.0, ""bot"": ""shingle"", ""bot_depth"": 25.0, ""bot_params"": {""azimuth_mode"": ""grid"", ""jitter"": 0.3, ""pitch"": 5.5, ""plate_t_bot"": 0.1, ""plate_t_top"": 0.1, ""tilt_deg"": 2.0, ""tilt_jitter"": 0.0}, ""face_h"": 60.0, ""face_w"": 60.0, ""margin_depths"": 2.0, ""seed"": 23, ""top"": ""comb"", ""top_depth"": 25.0, ""top_params"": {""jitter"": 0.0, ""pitch"": 6.5, ""wall_bot"": 0.08, ""wall_top"": 0.08}}"
ST_comb-shin_50_s23,stack,comb/shingle,foil + sheet,0.08,23,d76,6.5,50.0,7.6923076923076925,0.03282051282051282,comb,shingle,0.5,-40.0,0.001832462614402175,0.04999997094273567,"{""backing"": 2.0, ""bot"": ""shingle"", ""bot_depth"": 25.0, ""bot_params"": {""azimuth_mode"": ""grid"", ""jitter"": 0.3, ""pitch"": 5.5, ""plate_t_bot"": 0.1, ""plate_t_top"": 0.1, ""tilt_deg"": 2.0, ""tilt_jitter"": 0.0}, ""face_h"": 60.0, ""face_w"": 60.0, ""margin_depths"": 2.0, ""seed"": 23, ""top"": ""comb"", ""top_depth"": 25.0, ""top_params"": {""jitter"": 0.0, ""pitch"": 6.5, ""wall_bot"": 0.08, ""wall_top"": 0.08}}"
ST_comb-shin_50_s23,stack,comb/shingle,foil + sheet,0.08,23,d76,6.5,50.0,7.6923076923076925,0.03282051282051282,comb,shingle,0.5,20.0,0.001153641613200307,0.04999997094273567,"{""backing"": 2.0, ""bot"": ""shingle"", ""bot_depth"": 25.0, ""bot_params"": {""azimuth_mode"": ""grid"", ""jitter"": 0.3, ""pitch"": 5.5, ""plate_t_bot"": 0.1, ""plate_t_top"": 0.1, ""tilt_deg"": 2.0, ""tilt_jitter"": 0.0}, ""face_h"": 60.0, ""face_w"": 60.0, ""margin_depths"": 2.0, ""seed"": 23, ""top"": ""comb"", ""top_depth"": 25.0, ""top_params"": {""jitter"": 0.0, ""pitch"": 6.5, ""wall_bot"": 0.08, ""wall_top"": 0.08}}"
ST_comb-shin_50_s23,stack,comb/shingle,foil + sheet,0.08,23,d76,6.5,50.0,7.6923076923076925,0.03282051282051282,comb,shingle,0.5,40.0,0.0018191031413152814,0.04999997094273567,"{""backing"": 2.0, ""bot"": ""shingle"", ""bot_depth"": 25.0, ""bot_params"": {""azimuth_mode"": ""grid"", ""jitter"": 0.3, ""pitch"": 5.5, ""plate_t_bot"": 0.1, ""plate_t_top"": 0.1, ""tilt_deg"": 2.0, ""tilt_jitter"": 0.0}, ""face_h"": 60.0, ""face_w"": 60.0, ""margin_depths"": 2.0, ""seed"": 23, ""top"": ""comb"", ""top_depth"": 25.0, ""top_params"": {""jitter"": 0.0, ""pitch"": 6.5, ""wall_bot"": 0.08, ""wall_top"": 0.08}}"
ST_comb-shin_50_s23,stack,comb/shingle,foil + sheet,0.08,23,d100,6.5,50.0,7.6923076923076925,0.03282051282051282,comb,shingle,0.5,0.0,0.0005046924343332648,0.04999997094273567,"{""backing"": 2.0, ""bot"": ""shingle"", ""bot_depth"": 25.0, ""bot_params"": {""azimuth_mode"": ""grid"", ""jitter"": 0.3, ""pitch"": 5.5, ""plate_t_bot"": 0.1, ""plate_t_top"": 0.1, ""tilt_deg"": 2.0, ""tilt_jitter"": 0.0}, ""face_h"": 60.0, ""face_w"": 60.0, ""margin_depths"": 2.0, ""seed"": 23, ""top"": ""comb"", ""top_depth"": 25.0, ""top_params"": {""jitter"": 0.0, ""pitch"": 6.5, ""wall_bot"": 0.08, ""wall_top"": 0.08}}"
ST_comb-shin_50_s23,stack,comb/shingle,foil + sheet,0.08,23,d100,6.5,50.0,7.6923076923076925,0.03282051282051282,comb,shingle,0.5,-20.0,0.001337990048341453,0.04999997094273567,"{""backing"": 2.0, ""bot"": ""shingle"", ""bot_depth"": 25.0, ""bot_params"": {""azimuth_mode"": ""grid"", ""jitter"": 0.3, ""pitch"": 5.5, ""plate_t_bot"": 0.1, ""plate_t_top"": 0.1, ""tilt_deg"": 2.0, ""tilt_jitter"": 0.0}, ""face_h"": 60.0, ""face_w"": 60.0, ""margin_depths"": 2.0, ""seed"": 23, ""top"": ""comb"", ""top_depth"": 25.0, ""top_params"": {""jitter"": 0.0, ""pitch"": 6.5, ""wall_bot"": 0.08, ""wall_top"": 0.08}}"
ST_comb-shin_50_s23,stack,comb/shingle,foil + sheet,0.08,23,d100,6.5,50.0,7.6923076923076925,0.03282051282051282,comb,shingle,0.5,-40.0,0.0022332477383315563,0.04999997094273567,"{""backing"": 2.0, ""bot"": ""shingle"", ""bot_depth"": 25.0, ""bot_params"": {""azimuth_mode"": ""grid"", ""jitter"": 0.3, ""pitch"": 5.5, ""plate_t_bot"": 0.1, ""plate_t_top"": 0.1, ""tilt_deg"": 2.0, ""tilt_jitter"": 0.0}, ""face_h"": 60.0, ""face_w"": 60.0, ""margin_depths"": 2.0, ""seed"": 23, ""top"": ""comb"", ""top_depth"": 25.0, ""top_params"": {""jitter"": 0.0, ""pitch"": 6.5, ""wall_bot"": 0.08, ""wall_top"": 0.08}}"
ST_comb-shin_50_s23,stack,comb/shingle,foil + sheet,0.08,23,d100,6.5,50.0,7.6923076923076925,0.03282051282051282,comb,shingle,0.5,20.0,0.0013526451075449586,0.04999997094273567,"{""backing"": 2.0, ""bot"": ""shingle"", ""bot_depth"": 25.0, ""bot_params"": {""azimuth_mode"": ""grid"", ""jitter"": 0.3, ""pitch"": 5.5, ""plate_t_bot"": 0.1, ""plate_t_top"": 0.1, ""tilt_deg"": 2.0, ""tilt_jitter"": 0.0}, ""face_h"": 60.0, ""face_w"": 60.0, ""margin_depths"": 2.0, ""seed"": 23, ""top"": ""comb"", ""top_depth"": 25.0, ""top_params"": {""jitter"": 0.0, ""pitch"": 6.5, ""wall_bot"": 0.08, ""wall_top"": 0.08}}"
ST_comb-shin_50_s23,stack,comb/shingle,foil + sheet,0.08,23,d100,6.5,50.0,7.6923076923076925,0.03282051282051282,comb,shingle,0.5,40.0,0.00222150725312531,0.04999997094273567,"{""backing"": 2.0, ""bot"": ""shingle"", ""bot_depth"": 25.0, ""bot_params"": {""azimuth_mode"": ""grid"", ""jitter"": 0.3, ""pitch"": 5.5, ""plate_t_bot"": 0.1, ""plate_t_top"": 0.1, ""tilt_deg"": 2.0, ""tilt_jitter"": 0.0}, ""face_h"": 60.0, ""face_w"": 60.0, ""margin_depths"": 2.0, ""seed"": 23, ""top"": ""comb"", ""top_depth"": 25.0, ""top_params"": {""jitter"": 0.0, ""pitch"": 6.5, ""wall_bot"": 0.08, ""wall_top"": 0.08}}"
ST_shin-comb_50_s23,stack,shingle/comb,sheet + foil,0.1,23,d00,6.5,50.0,7.6923076923076925,0.03044210510272572,shingle,comb,0.5,0.0,0.0018731571035459638,0.04999997094273567,"{""backing"": 2.0, ""bot"": ""comb"", ""bot_depth"": 25.0, ""bot_params"": {""jitter"": 0.0, ""pitch"": 6.5, ""wall_bot"": 0.08, ""wall_top"": 0.08}, ""face_h"": 60.0, ""face_w"": 60.0, ""margin_depths"": 2.0, ""seed"": 23, ""top"": ""shingle"", ""top_depth"": 25.0, ""top_params"": {""azimuth_mode"": ""grid"", ""jitter"": 0.3, ""pitch"": 5.5, ""plate_t_bot"": 0.1, ""plate_t_top"": 0.1, ""tilt_deg"": 2.0, ""tilt_jitter"": 0.0}}"
ST_shin-comb_50_s23,stack,shingle/comb,sheet + foil,0.1,23,d00,6.5,50.0,7.6923076923076925,0.03044210510272572,shingle,comb,0.5,-20.0,0.0005895100184716284,0.04999997094273567,"{""backing"": 2.0, ""bot"": ""comb"", ""bot_depth"": 25.0, ""bot_params"": {""jitter"": 0.0, ""pitch"": 6.5, ""wall_bot"": 0.08, ""wall_top"": 0.08}, ""face_h"": 60.0, ""face_w"": 60.0, ""margin_depths"": 2.0, ""seed"": 23, ""top"": ""shingle"", ""top_depth"": 25.0, ""top_params"": {""azimuth_mode"": ""grid"", ""jitter"": 0.3, ""pitch"": 5.5, ""plate_t_bot"": 0.1, ""plate_t_top"": 0.1, ""tilt_deg"": 2.0, ""tilt_jitter"": 0.0}}"
ST_shin-comb_50_s23,stack,shingle/comb,sheet + foil,0.1,23,d00,6.5,50.0,7.6923076923076925,0.03044210510272572,shingle,comb,0.5,-40.0,0.0005754652083851397,0.04999997094273567,"{""backing"": 2.0, ""bot"": ""comb"", ""bot_depth"": 25.0, ""bot_params"": {""jitter"": 0.0, ""pitch"": 6.5, ""wall_bot"": 0.08, ""wall_top"": 0.08}, ""face_h"": 60.0, ""face_w"": 60.0, ""margin_depths"": 2.0, ""seed"": 23, ""top"": ""shingle"", ""top_depth"": 25.0, ""top_params"": {""azimuth_mode"": ""grid"", ""jitter"": 0.3, ""pitch"": 5.5, ""plate_t_bot"": 0.1, ""plate_t_top"": 0.1, ""tilt_deg"": 2.0, ""tilt_jitter"": 0.0}}"
ST_shin-comb_50_s23,stack,shingle/comb,sheet + foil,0.1,23,d00,6.5,50.0,7.6923076923076925,0.03044210510272572,shingle,comb,0.5,20.0,0.0005529593327082694,0.04999997094273567,"{""backing"": 2.0, ""bot"": ""comb"", ""bot_depth"": 25.0, ""bot_params"": {""jitter"": 0.0, ""pitch"": 6.5, ""wall_bot"": 0.08, ""wall_top"": 0.08}, ""face_h"": 60.0, ""face_w"": 60.0, ""margin_depths"": 2.0, ""seed"": 23, ""top"": ""shingle"", ""top_depth"": 25.0, ""top_params"": {""azimuth_mode"": ""grid"", ""jitter"": 0.3, ""pitch"": 5.5, ""plate_t_bot"": 0.1, ""plate_t_top"": 0.1, ""tilt_deg"": 2.0, ""tilt_jitter"": 0.0}}"
ST_shin-comb_50_s23,stack,shingle/comb,sheet + foil,0.1,23,d00,6.5,50.0,7.6923076923076925,0.03044210510272572,shingle,comb,0.5,40.0,0.0005494529032148421,0.04999997094273567,"{""backing"": 2.0, ""bot"": ""comb"", ""bot_depth"": 25.0, ""bot_params"": {""jitter"": 0.0, ""pitch"": 6.5, ""wall_bot"": 0.08, ""wall_top"": 0.08}, ""face_h"": 60.0, ""face_w"": 60.0, ""margin_depths"": 2.0, ""seed"": 23, ""top"": ""shingle"", ""top_depth"": 25.0, ""top_params"": {""azimuth_mode"": ""grid"", ""jitter"": 0.3, ""pitch"": 5.5, ""plate_t_bot"": 0.1, ""plate_t_top"": 0.1, ""tilt_deg"": 2.0, ""tilt_jitter"": 0.0}}"
ST_shin-comb_50_s23,stack,shingle/comb,sheet + foil,0.1,23,d76,6.5,50.0,7.6923076923076925,0.03044210510272572,shingle,comb,0.5,0.0,0.0008317112806253135,0.04999997094273567,"{""backing"": 2.0, ""bot"": ""comb"", ""bot_depth"": 25.0, ""bot_params"": {""jitter"": 0.0, ""pitch"": 6.5, ""wall_bot"": 0.08, ""wall_top"": 0.08}, ""face_h"": 60.0, ""face_w"": 60.0, ""margin_depths"": 2.0, ""seed"": 23, ""top"": ""shingle"", ""top_depth"": 25.0, ""top_params"": {""azimuth_mode"": ""grid"", ""jitter"": 0.3, ""pitch"": 5.5, ""plate_t_bot"": 0.1, ""plate_t_top"": 0.1, ""tilt_deg"": 2.0, ""tilt_jitter"": 0.0}}"
ST_shin-comb_50_s23,stack,shingle/comb,sheet + foil,0.1,23,d76,6.5,50.0,7.6923076923076925,0.03044210510272572,shingle,comb,0.5,-20.0,0.0009862689767032862,0.04999997094273567,"{""backing"": 2.0, ""bot"": ""comb"", ""bot_depth"": 25.0, ""bot_params"": {""jitter"": 0.0, ""pitch"": 6.5, ""wall_bot"": 0.08, ""wall_top"": 0.08}, ""face_h"": 60.0, ""face_w"": 60.0, ""margin_depths"": 2.0, ""seed"": 23, ""top"": ""shingle"", ""top_depth"": 25.0, ""top_params"": {""azimuth_mode"": ""grid"", ""jitter"": 0.3, ""pitch"": 5.5, ""plate_t_bot"": 0.1, ""plate_t_top"": 0.1, ""tilt_deg"": 2.0, ""tilt_jitter"": 0.0}}"
ST_shin-comb_50_s23,stack,shingle/comb,sheet + foil,0.1,23,d76,6.5,50.0,7.6923076923076925,0.03044210510272572,shingle,comb,0.5,-40.0,0.0015750669408589602,0.04999997094273567,"{""backing"": 2.0, ""bot"": ""comb"", ""bot_depth"": 25.0, ""bot_params"": {""jitter"": 0.0, ""pitch"": 6.5, ""wall_bot"": 0.08, ""wall_top"": 0.08}, ""face_h"": 60.0, ""face_w"": 60.0, ""margin_depths"": 2.0, ""seed"": 23, ""top"": ""shingle"", ""top_depth"": 25.0, ""top_params"": {""azimuth_mode"": ""grid"", ""jitter"": 0.3, ""pitch"": 5.5, ""plate_t_bot"": 0.1, ""plate_t_top"": 0.1, ""tilt_deg"": 2.0, ""tilt_jitter"": 0.0}}"
ST_shin-comb_50_s23,stack,shingle/comb,sheet + foil,0.1,23,d76,6.5,50.0,7.6923076923076925,0.03044210510272572,shingle,comb,0.5,20.0,0.001150315860286355,0.04999997094273567,"{""backing"": 2.0, ""bot"": ""comb"", ""bot_depth"": 25.0, ""bot_params"": {""jitter"": 0.0, ""pitch"": 6.5, ""wall_bot"": 0.08, ""wall_top"": 0.08}, ""face_h"": 60.0, ""face_w"": 60.0, ""margin_depths"": 2.0, ""seed"": 23, ""top"": ""shingle"", ""top_depth"": 25.0, ""top_params"": {""azimuth_mode"": ""grid"", ""jitter"": 0.3, ""pitch"": 5.5, ""plate_t_bot"": 0.1, ""plate_t_top"": 0.1, ""tilt_deg"": 2.0, ""tilt_jitter"": 0.0}}"
ST_shin-comb_50_s23,stack,shingle/comb,sheet + foil,0.1,23,d76,6.5,50.0,7.6923076923076925,0.03044210510272572,shingle,comb,0.5,40.0,0.001762801082804799,0.04999997094273567,"{""backing"": 2.0, ""bot"": ""comb"", ""bot_depth"": 25.0, ""bot_params"": {""jitter"": 0.0, ""pitch"": 6.5, ""wall_bot"": 0.08, ""wall_top"": 0.08}, ""face_h"": 60.0, ""face_w"": 60.0, ""margin_depths"": 2.0, ""seed"": 23, ""top"": ""shingle"", ""top_depth"": 25.0, ""top_params"": {""azimuth_mode"": ""grid"", ""jitter"": 0.3, ""pitch"": 5.5, ""plate_t_bot"": 0.1, ""plate_t_top"": 0.1, ""tilt_deg"": 2.0, ""tilt_jitter"": 0.0}}"
ST_shin-comb_50_s23,stack,shingle/comb,sheet + foil,0.1,23,d100,6.5,50.0,7.6923076923076925,0.03044210510272572,shingle,comb,0.5,0.0,0.0005364770186133683,0.04999997094273567,"{""backing"": 2.0, ""bot"": ""comb"", ""bot_depth"": 25.0, ""bot_params"": {""jitter"": 0.0, ""pitch"": 6.5, ""wall_bot"": 0.08, ""wall_top"": 0.08}, ""face_h"": 60.0, ""face_w"": 60.0, ""margin_depths"": 2.0, ""seed"": 23, ""top"": ""shingle"", ""top_depth"": 25.0, ""top_params"": {""azimuth_mode"": ""grid"", ""jitter"": 0.3, ""pitch"": 5.5, ""plate_t_bot"": 0.1, ""plate_t_top"": 0.1, ""tilt_deg"": 2.0, ""tilt_jitter"": 0.0}}"
ST_shin-comb_50_s23,stack,shingle/comb,sheet + foil,0.1,23,d100,6.5,50.0,7.6923076923076925,0.03044210510272572,shingle,comb,0.5,-20.0,0.0011300024343654513,0.04999997094273567,"{""backing"": 2.0, ""bot"": ""comb"", ""bot_depth"": 25.0, ""bot_params"": {""jitter"": 0.0, ""pitch"": 6.5, ""wall_bot"": 0.08, ""wall_top"": 0.08}, ""face_h"": 60.0, ""face_w"": 60.0, ""margin_depths"": 2.0, ""seed"": 23, ""top"": ""shingle"", ""top_depth"": 25.0, ""top_params"": {""azimuth_mode"": ""grid"", ""jitter"": 0.3, ""pitch"": 5.5, ""plate_t_bot"": 0.1, ""plate_t_top"": 0.1, ""tilt_deg"": 2.0, ""tilt_jitter"": 0.0}}"
ST_shin-comb_50_s23,stack,shingle/comb,sheet + foil,0.1,23,d100,6.5,50.0,7.6923076923076925,0.03044210510272572,shingle,comb,0.5,-40.0,0.0019021867774426937,0.04999997094273567,"{""backing"": 2.0, ""bot"": ""comb"", ""bot_depth"": 25.0, ""bot_params"": {""jitter"": 0.0, ""pitch"": 6.5, ""wall_bot"": 0.08, ""wall_top"": 0.08}, ""face_h"": 60.0, ""face_w"": 60.0, ""margin_depths"": 2.0, ""seed"": 23, ""top"": ""shingle"", ""top_depth"": 25.0, ""top_params"": {""azimuth_mode"": ""grid"", ""jitter"": 0.3, ""pitch"": 5.5, ""plate_t_bot"": 0.1, ""plate_t_top"": 0.1, ""tilt_deg"": 2.0, ""tilt_jitter"": 0.0}}"
ST_shin-comb_50_s23,stack,shingle/comb,sheet + foil,0.1,23,d100,6.5,50.0,7.6923076923076925,0.03044210510272572,shingle,comb,0.5,20.0,0.001353085390292108,0.04999997094273567,"{""backing"": 2.0, ""bot"": ""comb"", ""bot_depth"": 25.0, ""bot_params"": {""jitter"": 0.0, ""pitch"": 6.5, ""wall_bot"": 0.08, ""wall_top"": 0.08}, ""face_h"": 60.0, ""face_w"": 60.0, ""margin_depths"": 2.0, ""seed"": 23, ""top"": ""shingle"", ""top_depth"": 25.0, ""top_params"": {""azimuth_mode"": ""grid"", ""jitter"": 0.3, ""pitch"": 5.5, ""plate_t_bot"": 0.1, ""plate_t_top"": 0.1, ""tilt_deg"": 2.0, ""tilt_jitter"": 0.0}}"
ST_shin-comb_50_s23,stack,shingle/comb,sheet + foil,0.1,23,d100,6.5,50.0,7.6923076923076925,0.03044210510272572,shingle,comb,0.5,40.0,0.00216486444696784,0.04999997094273567,"{""backing"": 2.0, ""bot"": ""comb"", ""bot_depth"": 25.0, ""bot_params"": {""jitter"": 0.0, ""pitch"": 6.5, ""wall_bot"": 0.08, ""wall_top"": 0.08}, ""face_h"": 60.0, ""face_w"": 60.0, ""margin_depths"": 2.0, ""seed"": 23, ""top"": ""shingle"", ""top_depth"": 25.0, ""top_params"": {""azimuth_mode"": ""grid"", ""jitter"": 0.3, ""pitch"": 5.5, ""plate_t_bot"": 0.1, ""plate_t_top"": 0.1, ""tilt_deg"": 2.0, ""tilt_jitter"": 0.0}}"
ST_cone-comb_25_s23,stack,cone/comb,mould + foil,0.4,23,d00,6.5,50.0,7.6923076923076925,0.00479682476491694,cone,comb,0.25,0.0,0.003225332126021385,0.04999997094273567,"{""backing"": 2.0, ""bot"": ""comb"", ""bot_depth"": 37.5, ""bot_params"": {""jitter"": 0.0, ""pitch"": 6.5, ""wall_bot"": 0.08, ""wall_top"": 0.08}, ""face_h"": 60.0, ""face_w"": 60.0, ""margin_depths"": 2.0, ""seed"": 23, ""top"": ""cone"", ""top_depth"": 12.5, ""top_params"": {""depth_jitter"": 0.0, ""height_seg"": 12, ""jitter"": 0.3, ""pitch"": 5.5, ""profile_power"": 1.0, ""radial_seg"": 24, ""tip_radius"": 0.2}}"
ST_cone-comb_25_s23,stack,cone/comb,mould + foil,0.4,23,d00,6.5,50.0,7.6923076923076925,0.00479682476491694,cone,comb,0.25,-20.0,0.0037292325869202614,0.04999997094273567,"{""backing"": 2.0, ""bot"": ""comb"", ""bot_depth"": 37.5, ""bot_params"": {""jitter"": 0.0, ""pitch"": 6.5, ""wall_bot"": 0.08, ""wall_top"": 0.08}, ""face_h"": 60.0, ""face_w"": 60.0, ""margin_depths"": 2.0, ""seed"": 23, ""top"": ""cone"", ""top_depth"": 12.5, ""top_params"": {""depth_jitter"": 0.0, ""height_seg"": 12, ""jitter"": 0.3, ""pitch"": 5.5, ""profile_power"": 1.0, ""radial_seg"": 24, ""tip_radius"": 0.2}}"
ST_cone-comb_25_s23,stack,cone/comb,mould + foil,0.4,23,d00,6.5,50.0,7.6923076923076925,0.00479682476491694,cone,comb,0.25,-40.0,0.0043372525833547115,0.04999997094273567,"{""backing"": 2.0, ""bot"": ""comb"", ""bot_depth"": 37.5, ""bot_params"": {""jitter"": 0.0, ""pitch"": 6.5, ""wall_bot"": 0.08, ""wall_top"": 0.08}, ""face_h"": 60.0, ""face_w"": 60.0, ""margin_depths"": 2.0, ""seed"": 23, ""top"": ""cone"", ""top_depth"": 12.5, ""top_params"": {""depth_jitter"": 0.0, ""height_seg"": 12, ""jitter"": 0.3, ""pitch"": 5.5, ""profile_power"": 1.0, ""radial_seg"": 24, ""tip_radius"": 0.2}}"
ST_cone-comb_25_s23,stack,cone/comb,mould + foil,0.4,23,d00,6.5,50.0,7.6923076923076925,0.00479682476491694,cone,comb,0.25,20.0,0.003669489873573184,0.04999997094273567,"{""backing"": 2.0, ""bot"": ""comb"", ""bot_depth"": 37.5, ""bot_params"": {""jitter"": 0.0, ""pitch"": 6.5, ""wall_bot"": 0.08, ""wall_top"": 0.08}, ""face_h"": 60.0, ""face_w"": 60.0, ""margin_depths"": 2.0, ""seed"": 23, ""top"": ""cone"", ""top_depth"": 12.5, ""top_params"": {""depth_jitter"": 0.0, ""height_seg"": 12, ""jitter"": 0.3, ""pitch"": 5.5, ""profile_power"": 1.0, ""radial_seg"": 24, ""tip_radius"": 0.2}}"
ST_cone-comb_25_s23,stack,cone/comb,mould + foil,0.4,23,d00,6.5,50.0,7.6923076923076925,0.00479682476491694,cone,comb,0.25,40.0,0.004232028499245644,0.04999997094273567,"{""backing"": 2.0, ""bot"": ""comb"", ""bot_depth"": 37.5, ""bot_params"": {""jitter"": 0.0, ""pitch"": 6.5, ""wall_bot"": 0.08, ""wall_top"": 0.08}, ""face_h"": 60.0, ""face_w"": 60.0, ""margin_depths"": 2.0, ""seed"": 23, ""top"": ""cone"", ""top_depth"": 12.5, ""top_params"": {""depth_jitter"": 0.0, ""height_seg"": 12, ""jitter"": 0.3, ""pitch"": 5.5, ""profile_power"": 1.0, ""radial_seg"": 24, ""tip_radius"": 0.2}}"
ST_cone-comb_25_s23,stack,cone/comb,mould + foil,0.4,23,d76,6.5,50.0,7.6923076923076925,0.00479682476491694,cone,comb,0.25,0.0,0.002992725232616067,0.04999997094273567,"{""backing"": 2.0, ""bot"": ""comb"", ""bot_depth"": 37.5, ""bot_params"": {""jitter"": 0.0, ""pitch"": 6.5, ""wall_bot"": 0.08, ""wall_top"": 0.08}, ""face_h"": 60.0, ""face_w"": 60.0, ""margin_depths"": 2.0, ""seed"": 23, ""top"": ""cone"", ""top_depth"": 12.5, ""top_params"": {""depth_jitter"": 0.0, ""height_seg"": 12, ""jitter"": 0.3, ""pitch"": 5.5, ""profile_power"": 1.0, ""radial_seg"": 24, ""tip_radius"": 0.2}}"
ST_cone-comb_25_s23,stack,cone/comb,mould + foil,0.4,23,d76,6.5,50.0,7.6923076923076925,0.00479682476491694,cone,comb,0.25,-20.0,0.003084319643676281,0.04999997094273567,"{""backing"": 2.0, ""bot"": ""comb"", ""bot_depth"": 37.5, ""bot_params"": {""jitter"": 0.0, ""pitch"": 6.5, ""wall_bot"": 0.08, ""wall_top"": 0.08}, ""face_h"": 60.0, ""face_w"": 60.0, ""margin_depths"": 2.0, ""seed"": 23, ""top"": ""cone"", ""top_depth"": 12.5, ""top_params"": {""depth_jitter"": 0.0, ""height_seg"": 12, ""jitter"": 0.3, ""pitch"": 5.5, ""profile_power"": 1.0, ""radial_seg"": 24, ""tip_radius"": 0.2}}"
ST_cone-comb_25_s23,stack,cone/comb,mould + foil,0.4,23,d76,6.5,50.0,7.6923076923076925,0.00479682476491694,cone,comb,0.25,-40.0,0.0035425955429673195,0.04999997094273567,"{""backing"": 2.0, ""bot"": ""comb"", ""bot_depth"": 37.5, ""bot_params"": {""jitter"": 0.0, ""pitch"": 6.5, ""wall_bot"": 0.08, ""wall_top"": 0.08}, ""face_h"": 60.0, ""face_w"": 60.0, ""margin_depths"": 2.0, ""seed"": 23, ""top"": ""cone"", ""top_depth"": 12.5, ""top_params"": {""depth_jitter"": 0.0, ""height_seg"": 12, ""jitter"": 0.3, ""pitch"": 5.5, ""profile_power"": 1.0, ""radial_seg"": 24, ""tip_radius"": 0.2}}"
ST_cone-comb_25_s23,stack,cone/comb,mould + foil,0.4,23,d76,6.5,50.0,7.6923076923076925,0.00479682476491694,cone,comb,0.25,20.0,0.0030609392561018467,0.04999997094273567,"{""backing"": 2.0, ""bot"": ""comb"", ""bot_depth"": 37.5, ""bot_params"": {""jitter"": 0.0, ""pitch"": 6.5, ""wall_bot"": 0.08, ""wall_top"": 0.08}, ""face_h"": 60.0, ""face_w"": 60.0, ""margin_depths"": 2.0, ""seed"": 23, ""top"": ""cone"", ""top_depth"": 12.5, ""top_params"": {""depth_jitter"": 0.0, ""height_seg"": 12, ""jitter"": 0.3, ""pitch"": 5.5, ""profile_power"": 1.0, ""radial_seg"": 24, ""tip_radius"": 0.2}}"
ST_cone-comb_25_s23,stack,cone/comb,mould + foil,0.4,23,d76,6.5,50.0,7.6923076923076925,0.00479682476491694,cone,comb,0.25,40.0,0.00354280648753047,0.04999997094273567,"{""backing"": 2.0, ""bot"": ""comb"", ""bot_depth"": 37.5, ""bot_params"": {""jitter"": 0.0, ""pitch"": 6.5, ""wall_bot"": 0.08, ""wall_top"": 0.08}, ""face_h"": 60.0, ""face_w"": 60.0, ""margin_depths"": 2.0, ""seed"": 23, ""top"": ""cone"", ""top_depth"": 12.5, ""top_params"": {""depth_jitter"": 0.0, ""height_seg"": 12, ""jitter"": 0.3, ""pitch"": 5.5, ""profile_power"": 1.0, ""radial_seg"": 24, ""tip_radius"": 0.2}}"
ST_cone-comb_25_s23,stack,cone/comb,mould + foil,0.4,23,d100,6.5,50.0,7.6923076923076925,0.00479682476491694,cone,comb,0.25,0.0,0.0032235707622021437,0.04999997094273567,"{""backing"": 2.0, ""bot"": ""comb"", ""bot_depth"": 37.5, ""bot_params"": {""jitter"": 0.0, ""pitch"": 6.5, ""wall_bot"": 0.08, ""wall_top"": 0.08}, ""face_h"": 60.0, ""face_w"": 60.0, ""margin_depths"": 2.0, ""seed"": 23, ""top"": ""cone"", ""top_depth"": 12.5, ""top_params"": {""depth_jitter"": 0.0, ""height_seg"": 12, ""jitter"": 0.3, ""pitch"": 5.5, ""profile_power"": 1.0, ""radial_seg"": 24, ""tip_radius"": 0.2}}"
ST_cone-comb_25_s23,stack,cone/comb,mould + foil,0.4,23,d100,6.5,50.0,7.6923076923076925,0.00479682476491694,cone,comb,0.25,-20.0,0.003259036922827363,0.04999997094273567,"{""backing"": 2.0, ""bot"": ""comb"", ""bot_depth"": 37.5, ""bot_params"": {""jitter"": 0.0, ""pitch"": 6.5, ""wall_bot"": 0.08, ""wall_top"": 0.08}, ""face_h"": 60.0, ""face_w"": 60.0, ""margin_depths"": 2.0, ""seed"": 23, ""top"": ""cone"", ""top_depth"": 12.5, ""top_params"": {""depth_jitter"": 0.0, ""height_seg"": 12, ""jitter"": 0.3, ""pitch"": 5.5, ""profile_power"": 1.0, ""radial_seg"": 24, ""tip_radius"": 0.2}}"
ST_cone-comb_25_s23,stack,cone/comb,mould + foil,0.4,23,d100,6.5,50.0,7.6923076923076925,0.00479682476491694,cone,comb,0.25,-40.0,0.003739128587767482,0.04999997094273567,"{""backing"": 2.0, ""bot"": ""comb"", ""bot_depth"": 37.5, ""bot_params"": {""jitter"": 0.0, ""pitch"": 6.5, ""wall_bot"": 0.08, ""wall_top"": 0.08}, ""face_h"": 60.0, ""face_w"": 60.0, ""margin_depths"": 2.0, ""seed"": 23, ""top"": ""cone"", ""top_depth"": 12.5, ""top_params"": {""depth_jitter"": 0.0, ""height_seg"": 12, ""jitter"": 0.3, ""pitch"": 5.5, ""profile_power"": 1.0, ""radial_seg"": 24, ""tip_radius"": 0.2}}"
ST_cone-comb_25_s23,stack,cone/comb,mould + foil,0.4,23,d100,6.5,50.0,7.6923076923076925,0.00479682476491694,cone,comb,0.25,20.0,0.0032302483450621367,0.04999997094273567,"{""backing"": 2.0, ""bot"": ""comb"", ""bot_depth"": 37.5, ""bot_params"": {""jitter"": 0.0, ""pitch"": 6.5, ""wall_bot"": 0.08, ""wall_top"": 0.08}, ""face_h"": 60.0, ""face_w"": 60.0, ""margin_depths"": 2.0, ""seed"": 23, ""top"": ""cone"", ""top_depth"": 12.5, ""top_params"": {""depth_jitter"": 0.0, ""height_seg"": 12, ""jitter"": 0.3, ""pitch"": 5.5, ""profile_power"": 1.0, ""radial_seg"": 24, ""tip_radius"": 0.2}}"
ST_cone-comb_25_s23,stack,cone/comb,mould + foil,0.4,23,d100,6.5,50.0,7.6923076923076925,0.00479682476491694,cone,comb,0.25,40.0,0.003719364060088992,0.04999997094273567,"{""backing"": 2.0, ""bot"": ""comb"", ""bot_depth"": 37.5, ""bot_params"": {""jitter"": 0.0, ""pitch"": 6.5, ""wall_bot"": 0.08, ""wall_top"": 0.08}, ""face_h"": 60.0, ""face_w"": 60.0, ""margin_depths"": 2.0, ""seed"": 23, ""top"": ""cone"", ""top_depth"": 12.5, ""top_params"": {""depth_jitter"": 0.0, ""height_seg"": 12, ""jitter"": 0.3, ""pitch"": 5.5, ""profile_power"": 1.0, ""radial_seg"": 24, ""tip_radius"": 0.2}}"
ST_comb-cone_25_s23,stack,comb/cone,foil + mould,0.08,23,d00,6.5,50.0,7.6923076923076925,0.03282051282051282,comb,cone,0.25,0.0,0.0006321916007436812,0.04999997094273567,"{""backing"": 2.0, ""bot"": ""cone"", ""bot_depth"": 37.5, ""bot_params"": {""depth_jitter"": 0.0, ""height_seg"": 12, ""jitter"": 0.3, ""pitch"": 5.5, ""profile_power"": 1.0, ""radial_seg"": 24, ""tip_radius"": 0.2}, ""face_h"": 60.0, ""face_w"": 60.0, ""margin_depths"": 2.0, ""seed"": 23, ""top"": ""comb"", ""top_depth"": 12.5, ""top_params"": {""jitter"": 0.0, ""pitch"": 6.5, ""wall_bot"": 0.08, ""wall_top"": 0.08}}"
ST_comb-cone_25_s23,stack,comb/cone,foil + mould,0.08,23,d00,6.5,50.0,7.6923076923076925,0.03282051282051282,comb,cone,0.25,-20.0,0.0005630716332234442,0.04999997094273567,"{""backing"": 2.0, ""bot"": ""cone"", ""bot_depth"": 37.5, ""bot_params"": {""depth_jitter"": 0.0, ""height_seg"": 12, ""jitter"": 0.3, ""pitch"": 5.5, ""profile_power"": 1.0, ""radial_seg"": 24, ""tip_radius"": 0.2}, ""face_h"": 60.0, ""face_w"": 60.0, ""margin_depths"": 2.0, ""seed"": 23, ""top"": ""comb"", ""top_depth"": 12.5, ""top_params"": {""jitter"": 0.0, ""pitch"": 6.5, ""wall_bot"": 0.08, ""wall_top"": 0.08}}"
ST_comb-cone_25_s23,stack,comb/cone,foil + mould,0.08,23,d00,6.5,50.0,7.6923076923076925,0.03282051282051282,comb,cone,0.25,-40.0,0.0005616391426883638,0.04999997094273567,"{""backing"": 2.0, ""bot"": ""cone"", ""bot_depth"": 37.5, ""bot_params"": {""depth_jitter"": 0.0, ""height_seg"": 12, ""jitter"": 0.3, ""pitch"": 5.5, ""profile_power"": 1.0, ""radial_seg"": 24, ""tip_radius"": 0.2}, ""face_h"": 60.0, ""face_w"": 60.0, ""margin_depths"": 2.0, ""seed"": 23, ""top"": ""comb"", ""top_depth"": 12.5, ""top_params"": {""jitter"": 0.0, ""pitch"": 6.5, ""wall_bot"": 0.08, ""wall_top"": 0.08}}"
ST_comb-cone_25_s23,stack,comb/cone,foil + mould,0.08,23,d00,6.5,50.0,7.6923076923076925,0.03282051282051282,comb,cone,0.25,20.0,0.0005806682165712118,0.04999997094273567,"{""backing"": 2.0, ""bot"": ""cone"", ""bot_depth"": 37.5, ""bot_params"": {""depth_jitter"": 0.0, ""height_seg"": 12, ""jitter"": 0.3, ""pitch"": 5.5, ""profile_power"": 1.0, ""radial_seg"": 24, ""tip_radius"": 0.2}, ""face_h"": 60.0, ""face_w"": 60.0, ""margin_depths"": 2.0, ""seed"": 23, ""top"": ""comb"", ""top_depth"": 12.5, ""top_params"": {""jitter"": 0.0, ""pitch"": 6.5, ""wall_bot"": 0.08, ""wall_top"": 0.08}}"
ST_comb-cone_25_s23,stack,comb/cone,foil + mould,0.08,23,d00,6.5,50.0,7.6923076923076925,0.03282051282051282,comb,cone,0.25,40.0,0.0005606196355074644,0.04999997094273567,"{""backing"": 2.0, ""bot"": ""cone"", ""bot_depth"": 37.5, ""bot_params"": {""depth_jitter"": 0.0, ""height_seg"": 12, ""jitter"": 0.3, ""pitch"": 5.5, ""profile_power"": 1.0, ""radial_seg"": 24, ""tip_radius"": 0.2}, ""face_h"": 60.0, ""face_w"": 60.0, ""margin_depths"": 2.0, ""seed"": 23, ""top"": ""comb"", ""top_depth"": 12.5, ""top_params"": {""jitter"": 0.0, ""pitch"": 6.5, ""wall_bot"": 0.08, ""wall_top"": 0.08}}"
ST_comb-cone_25_s23,stack,comb/cone,foil + mould,0.08,23,d76,6.5,50.0,7.6923076923076925,0.03282051282051282,comb,cone,0.25,0.0,0.000514218641910702,0.04999997094273567,"{""backing"": 2.0, ""bot"": ""cone"", ""bot_depth"": 37.5, ""bot_params"": {""depth_jitter"": 0.0, ""height_seg"": 12, ""jitter"": 0.3, ""pitch"": 5.5, ""profile_power"": 1.0, ""radial_seg"": 24, ""tip_radius"": 0.2}, ""face_h"": 60.0, ""face_w"": 60.0, ""margin_depths"": 2.0, ""seed"": 23, ""top"": ""comb"", ""top_depth"": 12.5, ""top_params"": {""jitter"": 0.0, ""pitch"": 6.5, ""wall_bot"": 0.08, ""wall_top"": 0.08}}"
ST_comb-cone_25_s23,stack,comb/cone,foil + mould,0.08,23,d76,6.5,50.0,7.6923076923076925,0.03282051282051282,comb,cone,0.25,-20.0,0.0011444204719737172,0.04999997094273567,"{""backing"": 2.0, ""bot"": ""cone"", ""bot_depth"": 37.5, ""bot_params"": {""depth_jitter"": 0.0, ""height_seg"": 12, ""jitter"": 0.3, ""pitch"": 5.5, ""profile_power"": 1.0, ""radial_seg"": 24, ""tip_radius"": 0.2}, ""face_h"": 60.0, ""face_w"": 60.0, ""margin_depths"": 2.0, ""seed"": 23, ""top"": ""comb"", ""top_depth"": 12.5, ""top_params"": {""jitter"": 0.0, ""pitch"": 6.5, ""wall_bot"": 0.08, ""wall_top"": 0.08}}"
ST_comb-cone_25_s23,stack,comb/cone,foil + mould,0.08,23,d76,6.5,50.0,7.6923076923076925,0.03282051282051282,comb,cone,0.25,-40.0,0.0018095463747158647,0.04999997094273567,"{""backing"": 2.0, ""bot"": ""cone"", ""bot_depth"": 37.5, ""bot_params"": {""depth_jitter"": 0.0, ""height_seg"": 12, ""jitter"": 0.3, ""pitch"": 5.5, ""profile_power"": 1.0, ""radial_seg"": 24, ""tip_radius"": 0.2}, ""face_h"": 60.0, ""face_w"": 60.0, ""margin_depths"": 2.0, ""seed"": 23, ""top"": ""comb"", ""top_depth"": 12.5, ""top_params"": {""jitter"": 0.0, ""pitch"": 6.5, ""wall_bot"": 0.08, ""wall_top"": 0.08}}"
ST_comb-cone_25_s23,stack,comb/cone,foil + mould,0.08,23,d76,6.5,50.0,7.6923076923076925,0.03282051282051282,comb,cone,0.25,20.0,0.001132410136051476,0.04999997094273567,"{""backing"": 2.0, ""bot"": ""cone"", ""bot_depth"": 37.5, ""bot_params"": {""depth_jitter"": 0.0, ""height_seg"": 12, ""jitter"": 0.3, ""pitch"": 5.5, ""profile_power"": 1.0, ""radial_seg"": 24, ""tip_radius"": 0.2}, ""face_h"": 60.0, ""face_w"": 60.0, ""margin_depths"": 2.0, ""seed"": 23, ""top"": ""comb"", ""top_depth"": 12.5, ""top_params"": {""jitter"": 0.0, ""pitch"": 6.5, ""wall_bot"": 0.08, ""wall_top"": 0.08}}"
ST_comb-cone_25_s23,stack,comb/cone,foil + mould,0.08,23,d76,6.5,50.0,7.6923076923076925,0.03282051282051282,comb,cone,0.25,40.0,0.0017729890532791615,0.04999997094273567,"{""backing"": 2.0, ""bot"": ""cone"", ""bot_depth"": 37.5, ""bot_params"": {""depth_jitter"": 0.0, ""height_seg"": 12, ""jitter"": 0.3, ""pitch"": 5.5, ""profile_power"": 1.0, ""radial_seg"": 24, ""tip_radius"": 0.2}, ""face_h"": 60.0, ""face_w"": 60.0, ""margin_depths"": 2.0, ""seed"": 23, ""top"": ""comb"", ""top_depth"": 12.5, ""top_params"": {""jitter"": 0.0, ""pitch"": 6.5, ""wall_bot"": 0.08, ""wall_top"": 0.08}}"
ST_comb-cone_25_s23,stack,comb/cone,foil + mould,0.08,23,d100,6.5,50.0,7.6923076923076925,0.03282051282051282,comb,cone,0.25,0.0,0.0004867755633313209,0.04999997094273567,"{""backing"": 2.0, ""bot"": ""cone"", ""bot_depth"": 37.5, ""bot_params"": {""depth_jitter"": 0.0, ""height_seg"": 12, ""jitter"": 0.3, ""pitch"": 5.5, ""profile_power"": 1.0, ""radial_seg"": 24, ""tip_radius"": 0.2}, ""face_h"": 60.0, ""face_w"": 60.0, ""margin_depths"": 2.0, ""seed"": 23, ""top"": ""comb"", ""top_depth"": 12.5, ""top_params"": {""jitter"": 0.0, ""pitch"": 6.5, ""wall_bot"": 0.08, ""wall_top"": 0.08}}"
ST_comb-cone_25_s23,stack,comb/cone,foil + mould,0.08,23,d100,6.5,50.0,7.6923076923076925,0.03282051282051282,comb,cone,0.25,-20.0,0.0013319258578121662,0.04999997094273567,"{""backing"": 2.0, ""bot"": ""cone"", ""bot_depth"": 37.5, ""bot_params"": {""depth_jitter"": 0.0, ""height_seg"": 12, ""jitter"": 0.3, ""pitch"": 5.5, ""profile_power"": 1.0, ""radial_seg"": 24, ""tip_radius"": 0.2}, ""face_h"": 60.0, ""face_w"": 60.0, ""margin_depths"": 2.0, ""seed"": 23, ""top"": ""comb"", ""top_depth"": 12.5, ""top_params"": {""jitter"": 0.0, ""pitch"": 6.5, ""wall_bot"": 0.08, ""wall_top"": 0.08}}"
ST_comb-cone_25_s23,stack,comb/cone,foil + mould,0.08,23,d100,6.5,50.0,7.6923076923076925,0.03282051282051282,comb,cone,0.25,-40.0,0.002221077447757125,0.04999997094273567,"{""backing"": 2.0, ""bot"": ""cone"", ""bot_depth"": 37.5, ""bot_params"": {""depth_jitter"": 0.0, ""height_seg"": 12, ""jitter"": 0.3, ""pitch"": 5.5, ""profile_power"": 1.0, ""radial_seg"": 24, ""tip_radius"": 0.2}, ""face_h"": 60.0, ""face_w"": 60.0, ""margin_depths"": 2.0, ""seed"": 23, ""top"": ""comb"", ""top_depth"": 12.5, ""top_params"": {""jitter"": 0.0, ""pitch"": 6.5, ""wall_bot"": 0.08, ""wall_top"": 0.08}}"
ST_comb-cone_25_s23,stack,comb/cone,foil + mould,0.08,23,d100,6.5,50.0,7.6923076923076925,0.03282051282051282,comb,cone,0.25,20.0,0.0013169957092031837,0.04999997094273567,"{""backing"": 2.0, ""bot"": ""cone"", ""bot_depth"": 37.5, ""bot_params"": {""depth_jitter"": 0.0, ""height_seg"": 12, ""jitter"": 0.3, ""pitch"": 5.5, ""profile_power"": 1.0, ""radial_seg"": 24, ""tip_radius"": 0.2}, ""face_h"": 60.0, ""face_w"": 60.0, ""margin_depths"": 2.0, ""seed"": 23, ""top"": ""comb"", ""top_depth"": 12.5, ""top_params"": {""jitter"": 0.0, ""pitch"": 6.5, ""wall_bot"": 0.08, ""wall_top"": 0.08}}"
ST_comb-cone_25_s23,stack,comb/cone,foil + mould,0.08,23,d100,6.5,50.0,7.6923076923076925,0.03282051282051282,comb,cone,0.25,40.0,0.002172947395592928,0.04999997094273567,"{""backing"": 2.0, ""bot"": ""cone"", ""bot_depth"": 37.5, ""bot_params"": {""depth_jitter"": 0.0, ""height_seg"": 12, ""jitter"": 0.3, ""pitch"": 5.5, ""profile_power"": 1.0, ""radial_seg"": 24, ""tip_radius"": 0.2}, ""face_h"": 60.0, ""face_w"": 60.0, ""margin_depths"": 2.0, ""seed"": 23, ""top"": ""comb"", ""top_depth"": 12.5, ""top_params"": {""jitter"": 0.0, ""pitch"": 6.5, ""wall_bot"": 0.08, ""wall_top"": 0.08}}"
ST_cone-comb_75_s23,stack,cone/comb,mould + foil,0.4,23,d00,6.5,50.0,7.6923076923076925,0.00479682476491694,cone,comb,0.75,0.0,0.001976523082703352,0.04999997094273567,"{""backing"": 2.0, ""bot"": ""comb"", ""bot_depth"": 12.5, ""bot_params"": {""jitter"": 0.0, ""pitch"": 6.5, ""wall_bot"": 0.08, ""wall_top"": 0.08}, ""face_h"": 60.0, ""face_w"": 60.0, ""margin_depths"": 2.0, ""seed"": 23, ""top"": ""cone"", ""top_depth"": 37.5, ""top_params"": {""depth_jitter"": 0.0, ""height_seg"": 12, ""jitter"": 0.3, ""pitch"": 5.5, ""profile_power"": 1.0, ""radial_seg"": 24, ""tip_radius"": 0.2}}"
ST_cone-comb_75_s23,stack,cone/comb,mould + foil,0.4,23,d00,6.5,50.0,7.6923076923076925,0.00479682476491694,cone,comb,0.75,-20.0,0.001485967542976141,0.04999997094273567,"{""backing"": 2.0, ""bot"": ""comb"", ""bot_depth"": 12.5, ""bot_params"": {""jitter"": 0.0, ""pitch"": 6.5, ""wall_bot"": 0.08, ""wall_top"": 0.08}, ""face_h"": 60.0, ""face_w"": 60.0, ""margin_depths"": 2.0, ""seed"": 23, ""top"": ""cone"", ""top_depth"": 37.5, ""top_params"": {""depth_jitter"": 0.0, ""height_seg"": 12, ""jitter"": 0.3, ""pitch"": 5.5, ""profile_power"": 1.0, ""radial_seg"": 24, ""tip_radius"": 0.2}}"
ST_cone-comb_75_s23,stack,cone/comb,mould + foil,0.4,23,d00,6.5,50.0,7.6923076923076925,0.00479682476491694,cone,comb,0.75,-40.0,0.00226728618144989,0.04999997094273567,"{""backing"": 2.0, ""bot"": ""comb"", ""bot_depth"": 12.5, ""bot_params"": {""jitter"": 0.0, ""pitch"": 6.5, ""wall_bot"": 0.08, ""wall_top"": 0.08}, ""face_h"": 60.0, ""face_w"": 60.0, ""margin_depths"": 2.0, ""seed"": 23, ""top"": ""cone"", ""top_depth"": 37.5, ""top_params"": {""depth_jitter"": 0.0, ""height_seg"": 12, ""jitter"": 0.3, ""pitch"": 5.5, ""profile_power"": 1.0, ""radial_seg"": 24, ""tip_radius"": 0.2}}"
ST_cone-comb_75_s23,stack,cone/comb,mould + foil,0.4,23,d00,6.5,50.0,7.6923076923076925,0.00479682476491694,cone,comb,0.75,20.0,0.0015377302188426256,0.04999997094273567,"{""backing"": 2.0, ""bot"": ""comb"", ""bot_depth"": 12.5, ""bot_params"": {""jitter"": 0.0, ""pitch"": 6.5, ""wall_bot"": 0.08, ""wall_top"": 0.08}, ""face_h"": 60.0, ""face_w"": 60.0, ""margin_depths"": 2.0, ""seed"": 23, ""top"": ""cone"", ""top_depth"": 37.5, ""top_params"": {""depth_jitter"": 0.0, ""height_seg"": 12, ""jitter"": 0.3, ""pitch"": 5.5, ""profile_power"": 1.0, ""radial_seg"": 24, ""tip_radius"": 0.2}}"
ST_cone-comb_75_s23,stack,cone/comb,mould + foil,0.4,23,d00,6.5,50.0,7.6923076923076925,0.00479682476491694,cone,comb,0.75,40.0,0.0023632615339010954,0.04999997094273567,"{""backing"": 2.0, ""bot"": ""comb"", ""bot_depth"": 12.5, ""bot_params"": {""jitter"": 0.0, ""pitch"": 6.5, ""wall_bot"": 0.08, ""wall_top"": 0.08}, ""face_h"": 60.0, ""face_w"": 60.0, ""margin_depths"": 2.0, ""seed"": 23, ""top"": ""cone"", ""top_depth"": 37.5, ""top_params"": {""depth_jitter"": 0.0, ""height_seg"": 12, ""jitter"": 0.3, ""pitch"": 5.5, ""profile_power"": 1.0, ""radial_seg"": 24, ""tip_radius"": 0.2}}"
ST_cone-comb_75_s23,stack,cone/comb,mould + foil,0.4,23,d76,6.5,50.0,7.6923076923076925,0.00479682476491694,cone,comb,0.75,0.0,0.0012704748660326004,0.04999997094273567,"{""backing"": 2.0, ""bot"": ""comb"", ""bot_depth"": 12.5, ""bot_params"": {""jitter"": 0.0, ""pitch"": 6.5, ""wall_bot"": 0.08, ""wall_top"": 0.08}, ""face_h"": 60.0, ""face_w"": 60.0, ""margin_depths"": 2.0, ""seed"": 23, ""top"": ""cone"", ""top_depth"": 37.5, ""top_params"": {""depth_jitter"": 0.0, ""height_seg"": 12, ""jitter"": 0.3, ""pitch"": 5.5, ""profile_power"": 1.0, ""radial_seg"": 24, ""tip_radius"": 0.2}}"
ST_cone-comb_75_s23,stack,cone/comb,mould + foil,0.4,23,d76,6.5,50.0,7.6923076923076925,0.00479682476491694,cone,comb,0.75,-20.0,0.0014993551885709167,0.04999997094273567,"{""backing"": 2.0, ""bot"": ""comb"", ""bot_depth"": 12.5, ""bot_params"": {""jitter"": 0.0, ""pitch"": 6.5, ""wall_bot"": 0.08, ""wall_top"": 0.08}, ""face_h"": 60.0, ""face_w"": 60.0, ""margin_depths"": 2.0, ""seed"": 23, ""top"": ""cone"", ""top_depth"": 37.5, ""top_params"": {""depth_jitter"": 0.0, ""height_seg"": 12, ""jitter"": 0.3, ""pitch"": 5.5, ""profile_power"": 1.0, ""radial_seg"": 24, ""tip_radius"": 0.2}}"
ST_cone-comb_75_s23,stack,cone/comb,mould + foil,0.4,23,d76,6.5,50.0,7.6923076923076925,0.00479682476491694,cone,comb,0.75,-40.0,0.002123128157109022,0.04999997094273567,"{""backing"": 2.0, ""bot"": ""comb"", ""bot_depth"": 12.5, ""bot_params"": {""jitter"": 0.0, ""pitch"": 6.5, ""wall_bot"": 0.08, ""wall_top"": 0.08}, ""face_h"": 60.0, ""face_w"": 60.0, ""margin_depths"": 2.0, ""seed"": 23, ""top"": ""cone"", ""top_depth"": 37.5, ""top_params"": {""depth_jitter"": 0.0, ""height_seg"": 12, ""jitter"": 0.3, ""pitch"": 5.5, ""profile_power"": 1.0, ""radial_seg"": 24, ""tip_radius"": 0.2}}"
ST_cone-comb_75_s23,stack,cone/comb,mould + foil,0.4,23,d76,6.5,50.0,7.6923076923076925,0.00479682476491694,cone,comb,0.75,20.0,0.0015259097563102841,0.04999997094273567,"{""backing"": 2.0, ""bot"": ""comb"", ""bot_depth"": 12.5, ""bot_params"": {""jitter"": 0.0, ""pitch"": 6.5, ""wall_bot"": 0.08, ""wall_top"": 0.08}, ""face_h"": 60.0, ""face_w"": 60.0, ""margin_depths"": 2.0, ""seed"": 23, ""top"": ""cone"", ""top_depth"": 37.5, ""top_params"": {""depth_jitter"": 0.0, ""height_seg"": 12, ""jitter"": 0.3, ""pitch"": 5.5, ""profile_power"": 1.0, ""radial_seg"": 24, ""tip_radius"": 0.2}}"
ST_cone-comb_75_s23,stack,cone/comb,mould + foil,0.4,23,d76,6.5,50.0,7.6923076923076925,0.00479682476491694,cone,comb,0.75,40.0,0.0022263878490775824,0.04999997094273567,"{""backing"": 2.0, ""bot"": ""comb"", ""bot_depth"": 12.5, ""bot_params"": {""jitter"": 0.0, ""pitch"": 6.5, ""wall_bot"": 0.08, ""wall_top"": 0.08}, ""face_h"": 60.0, ""face_w"": 60.0, ""margin_depths"": 2.0, ""seed"": 23, ""top"": ""cone"", ""top_depth"": 37.5, ""top_params"": {""depth_jitter"": 0.0, ""height_seg"": 12, ""jitter"": 0.3, ""pitch"": 5.5, ""profile_power"": 1.0, ""radial_seg"": 24, ""tip_radius"": 0.2}}"
ST_cone-comb_75_s23,stack,cone/comb,mould + foil,0.4,23,d100,6.5,50.0,7.6923076923076925,0.00479682476491694,cone,comb,0.75,0.0,0.0011584425810724497,0.04999997094273567,"{""backing"": 2.0, ""bot"": ""comb"", ""bot_depth"": 12.5, ""bot_params"": {""jitter"": 0.0, ""pitch"": 6.5, ""wall_bot"": 0.08, ""wall_top"": 0.08}, ""face_h"": 60.0, ""face_w"": 60.0, ""margin_depths"": 2.0, ""seed"": 23, ""top"": ""cone"", ""top_depth"": 37.5, ""top_params"": {""depth_jitter"": 0.0, ""height_seg"": 12, ""jitter"": 0.3, ""pitch"": 5.5, ""profile_power"": 1.0, ""radial_seg"": 24, ""tip_radius"": 0.2}}"
ST_cone-comb_75_s23,stack,cone/comb,mould + foil,0.4,23,d100,6.5,50.0,7.6923076923076925,0.00479682476491694,cone,comb,0.75,-20.0,0.0016250653425231576,0.04999997094273567,"{""backing"": 2.0, ""bot"": ""comb"", ""bot_depth"": 12.5, ""bot_params"": {""jitter"": 0.0, ""pitch"": 6.5, ""wall_bot"": 0.08, ""wall_top"": 0.08}, ""face_h"": 60.0, ""face_w"": 60.0, ""margin_depths"": 2.0, ""seed"": 23, ""top"": ""cone"", ""top_depth"": 37.5, ""top_params"": {""depth_jitter"": 0.0, ""height_seg"": 12, ""jitter"": 0.3, ""pitch"": 5.5, ""profile_power"": 1.0, ""radial_seg"": 24, ""tip_radius"": 0.2}}"
ST_cone-comb_75_s23,stack,cone/comb,mould + foil,0.4,23,d100,6.5,50.0,7.6923076923076925,0.00479682476491694,cone,comb,0.75,-40.0,0.002309434348717332,0.04999997094273567,"{""backing"": 2.0, ""bot"": ""comb"", ""bot_depth"": 12.5, ""bot_params"": {""jitter"": 0.0, ""pitch"": 6.5, ""wall_bot"": 0.08, ""wall_top"": 0.08}, ""face_h"": 60.0, ""face_w"": 60.0, ""margin_depths"": 2.0, ""seed"": 23, ""top"": ""cone"", ""top_depth"": 37.5, ""top_params"": {""depth_jitter"": 0.0, ""height_seg"": 12, ""jitter"": 0.3, ""pitch"": 5.5, ""profile_power"": 1.0, ""radial_seg"": 24, ""tip_radius"": 0.2}}"
ST_cone-comb_75_s23,stack,cone/comb,mould + foil,0.4,23,d100,6.5,50.0,7.6923076923076925,0.00479682476491694,cone,comb,0.75,20.0,0.001645399141125381,0.04999997094273567,"{""backing"": 2.0, ""bot"": ""comb"", ""bot_depth"": 12.5, ""bot_params"": {""jitter"": 0.0, ""pitch"": 6.5, ""wall_bot"": 0.08, ""wall_top"": 0.08}, ""face_h"": 60.0, ""face_w"": 60.0, ""margin_depths"": 2.0, ""seed"": 23, ""top"": ""cone"", ""top_depth"": 37.5, ""top_params"": {""depth_jitter"": 0.0, ""height_seg"": 12, ""jitter"": 0.3, ""pitch"": 5.5, ""profile_power"": 1.0, ""radial_seg"": 24, ""tip_radius"": 0.2}}"
ST_cone-comb_75_s23,stack,cone/comb,mould + foil,0.4,23,d100,6.5,50.0,7.6923076923076925,0.00479682476491694,cone,comb,0.75,40.0,0.0023694185074418783,0.04999997094273567,"{""backing"": 2.0, ""bot"": ""comb"", ""bot_depth"": 12.5, ""bot_params"": {""jitter"": 0.0, ""pitch"": 6.5, ""wall_bot"": 0.08, ""wall_top"": 0.08}, ""face_h"": 60.0, ""face_w"": 60.0, ""margin_depths"": 2.0, ""seed"": 23, ""top"": ""cone"", ""top_depth"": 37.5, ""top_params"": {""depth_jitter"": 0.0, ""height_seg"": 12, ""jitter"": 0.3, ""pitch"": 5.5, ""profile_power"": 1.0, ""radial_seg"": 24, ""tip_radius"": 0.2}}"
ST_comb-cone_75_s23,stack,comb/cone,foil + mould,0.08,23,d00,6.5,50.0,7.6923076923076925,0.03282051282051282,comb,cone,0.75,0.0,0.00046905101044103503,0.04999997094273567,"{""backing"": 2.0, ""bot"": ""cone"", ""bot_depth"": 12.5, ""bot_params"": {""depth_jitter"": 0.0, ""height_seg"": 12, ""jitter"": 0.3, ""pitch"": 5.5, ""profile_power"": 1.0, ""radial_seg"": 24, ""tip_radius"": 0.2}, ""face_h"": 60.0, ""face_w"": 60.0, ""margin_depths"": 2.0, ""seed"": 23, ""top"": ""comb"", ""top_depth"": 37.5, ""top_params"": {""jitter"": 0.0, ""pitch"": 6.5, ""wall_bot"": 0.08, ""wall_top"": 0.08}}"
ST_comb-cone_75_s23,stack,comb/cone,foil + mould,0.08,23,d00,6.5,50.0,7.6923076923076925,0.03282051282051282,comb,cone,0.75,-20.0,0.0005705073126591742,0.04999997094273567,"{""backing"": 2.0, ""bot"": ""cone"", ""bot_depth"": 12.5, ""bot_params"": {""depth_jitter"": 0.0, ""height_seg"": 12, ""jitter"": 0.3, ""pitch"": 5.5, ""profile_power"": 1.0, ""radial_seg"": 24, ""tip_radius"": 0.2}, ""face_h"": 60.0, ""face_w"": 60.0, ""margin_depths"": 2.0, ""seed"": 23, ""top"": ""comb"", ""top_depth"": 37.5, ""top_params"": {""jitter"": 0.0, ""pitch"": 6.5, ""wall_bot"": 0.08, ""wall_top"": 0.08}}"
ST_comb-cone_75_s23,stack,comb/cone,foil + mould,0.08,23,d00,6.5,50.0,7.6923076923076925,0.03282051282051282,comb,cone,0.75,-40.0,0.0005770592833869159,0.04999997094273567,"{""backing"": 2.0, ""bot"": ""cone"", ""bot_depth"": 12.5, ""bot_params"": {""depth_jitter"": 0.0, ""height_seg"": 12, ""jitter"": 0.3, ""pitch"": 5.5, ""profile_power"": 1.0, ""radial_seg"": 24, ""tip_radius"": 0.2}, ""face_h"": 60.0, ""face_w"": 60.0, ""margin_depths"": 2.0, ""seed"": 23, ""top"": ""comb"", ""top_depth"": 37.5, ""top_params"": {""jitter"": 0.0, ""pitch"": 6.5, ""wall_bot"": 0.08, ""wall_top"": 0.08}}"
ST_comb-cone_75_s23,stack,comb/cone,foil + mould,0.08,23,d00,6.5,50.0,7.6923076923076925,0.03282051282051282,comb,cone,0.75,20.0,0.0005726984818466008,0.04999997094273567,"{""backing"": 2.0, ""bot"": ""cone"", ""bot_depth"": 12.5, ""bot_params"": {""depth_jitter"": 0.0, ""height_seg"": 12, ""jitter"": 0.3, ""pitch"": 5.5, ""profile_power"": 1.0, ""radial_seg"": 24, ""tip_radius"": 0.2}, ""face_h"": 60.0, ""face_w"": 60.0, ""margin_depths"": 2.0, ""seed"": 23, ""top"": ""comb"", ""top_depth"": 37.5, ""top_params"": {""jitter"": 0.0, ""pitch"": 6.5, ""wall_bot"": 0.08, ""wall_top"": 0.08}}"
ST_comb-cone_75_s23,stack,comb/cone,foil + mould,0.08,23,d00,6.5,50.0,7.6923076923076925,0.03282051282051282,comb,cone,0.75,40.0,0.0005739108310081065,0.04999997094273567,"{""backing"": 2.0, ""bot"": ""cone"", ""bot_depth"": 12.5, ""bot_params"": {""depth_jitter"": 0.0, ""height_seg"": 12, ""jitter"": 0.3, ""pitch"": 5.5, ""profile_power"": 1.0, ""radial_seg"": 24, ""tip_radius"": 0.2}, ""face_h"": 60.0, ""face_w"": 60.0, ""margin_depths"": 2.0, ""seed"": 23, ""top"": ""comb"", ""top_depth"": 37.5, ""top_params"": {""jitter"": 0.0, ""pitch"": 6.5, ""wall_bot"": 0.08, ""wall_top"": 0.08}}"
ST_comb-cone_75_s23,stack,comb/cone,foil + mould,0.08,23,d76,6.5,50.0,7.6923076923076925,0.03282051282051282,comb,cone,0.75,0.0,0.0004536712949629873,0.04999997094273567,"{""backing"": 2.0, ""bot"": ""cone"", ""bot_depth"": 12.5, ""bot_params"": {""depth_jitter"": 0.0, ""height_seg"": 12, ""jitter"": 0.3, ""pitch"": 5.5, ""profile_power"": 1.0, ""radial_seg"": 24, ""tip_radius"": 0.2}, ""face_h"": 60.0, ""face_w"": 60.0, ""margin_depths"": 2.0, ""seed"": 23, ""top"": ""comb"", ""top_depth"": 37.5, ""top_params"": {""jitter"": 0.0, ""pitch"": 6.5, ""wall_bot"": 0.08, ""wall_top"": 0.08}}"
ST_comb-cone_75_s23,stack,comb/cone,foil + mould,0.08,23,d76,6.5,50.0,7.6923076923076925,0.03282051282051282,comb,cone,0.75,-20.0,0.001143390778452158,0.04999997094273567,"{""backing"": 2.0, ""bot"": ""cone"", ""bot_depth"": 12.5, ""bot_params"": {""depth_jitter"": 0.0, ""height_seg"": 12, ""jitter"": 0.3, ""pitch"": 5.5, ""profile_power"": 1.0, ""radial_seg"": 24, ""tip_radius"": 0.2}, ""face_h"": 60.0, ""face_w"": 60.0, ""margin_depths"": 2.0, ""seed"": 23, ""top"": ""comb"", ""top_depth"": 37.5, ""top_params"": {""jitter"": 0.0, ""pitch"": 6.5, ""wall_bot"": 0.08, ""wall_top"": 0.08}}"
ST_comb-cone_75_s23,stack,comb/cone,foil + mould,0.08,23,d76,6.5,50.0,7.6923076923076925,0.03282051282051282,comb,cone,0.75,-40.0,0.0018225356470793486,0.04999997094273567,"{""backing"": 2.0, ""bot"": ""cone"", ""bot_depth"": 12.5, ""bot_params"": {""depth_jitter"": 0.0, ""height_seg"": 12, ""jitter"": 0.3, ""pitch"": 5.5, ""profile_power"": 1.0, ""radial_seg"": 24, ""tip_radius"": 0.2}, ""face_h"": 60.0, ""face_w"": 60.0, ""margin_depths"": 2.0, ""seed"": 23, ""top"": ""comb"", ""top_depth"": 37.5, ""top_params"": {""jitter"": 0.0, ""pitch"": 6.5, ""wall_bot"": 0.08, ""wall_top"": 0.08}}"
ST_comb-cone_75_s23,stack,comb/cone,foil + mould,0.08,23,d76,6.5,50.0,7.6923076923076925,0.03282051282051282,comb,cone,0.75,20.0,0.001150554628111422,0.04999997094273567,"{""backing"": 2.0, ""bot"": ""cone"", ""bot_depth"": 12.5, ""bot_params"": {""depth_jitter"": 0.0, ""height_seg"": 12, ""jitter"": 0.3, ""pitch"": 5.5, ""profile_power"": 1.0, ""radial_seg"": 24, ""tip_radius"": 0.2}, ""face_h"": 60.0, ""face_w"": 60.0, ""margin_depths"": 2.0, ""seed"": 23, ""top"": ""comb"", ""top_depth"": 37.5, ""top_params"": {""jitter"": 0.0, ""pitch"": 6.5, ""wall_bot"": 0.08, ""wall_top"": 0.08}}"
ST_comb-cone_75_s23,stack,comb/cone,foil + mould,0.08,23,d76,6.5,50.0,7.6923076923076925,0.03282051282051282,comb,cone,0.75,40.0,0.0018249525455757976,0.04999997094273567,"{""backing"": 2.0, ""bot"": ""cone"", ""bot_depth"": 12.5, ""bot_params"": {""depth_jitter"": 0.0, ""height_seg"": 12, ""jitter"": 0.3, ""pitch"": 5.5, ""profile_power"": 1.0, ""radial_seg"": 24, ""tip_radius"": 0.2}, ""face_h"": 60.0, ""face_w"": 60.0, ""margin_depths"": 2.0, ""seed"": 23, ""top"": ""comb"", ""top_depth"": 37.5, ""top_params"": {""jitter"": 0.0, ""pitch"": 6.5, ""wall_bot"": 0.08, ""wall_top"": 0.08}}"
ST_comb-cone_75_s23,stack,comb/cone,foil + mould,0.08,23,d100,6.5,50.0,7.6923076923076925,0.03282051282051282,comb,cone,0.75,0.0,0.0004578543303068727,0.04999997094273567,"{""backing"": 2.0, ""bot"": ""cone"", ""bot_depth"": 12.5, ""bot_params"": {""depth_jitter"": 0.0, ""height_seg"": 12, ""jitter"": 0.3, ""pitch"": 5.5, ""profile_power"": 1.0, ""radial_seg"": 24, ""tip_radius"": 0.2}, ""face_h"": 60.0, ""face_w"": 60.0, ""margin_depths"": 2.0, ""seed"": 23, ""top"": ""comb"", ""top_depth"": 37.5, ""top_params"": {""jitter"": 0.0, ""pitch"": 6.5, ""wall_bot"": 0.08, ""wall_top"": 0.08}}"
ST_comb-cone_75_s23,stack,comb/cone,foil + mould,0.08,23,d100,6.5,50.0,7.6923076923076925,0.03282051282051282,comb,cone,0.75,-20.0,0.0013362285681068897,0.04999997094273567,"{""backing"": 2.0, ""bot"": ""cone"", ""bot_depth"": 12.5, ""bot_params"": {""depth_jitter"": 0.0, ""height_seg"": 12, ""jitter"": 0.3, ""pitch"": 5.5, ""profile_power"": 1.0, ""radial_seg"": 24, ""tip_radius"": 0.2}, ""face_h"": 60.0, ""face_w"": 60.0, ""margin_depths"": 2.0, ""seed"": 23, ""top"": ""comb"", ""top_depth"": 37.5, ""top_params"": {""jitter"": 0.0, ""pitch"": 6.5, ""wall_bot"": 0.08, ""wall_top"": 0.08}}"
ST_comb-cone_75_s23,stack,comb/cone,foil + mould,0.08,23,d100,6.5,50.0,7.6923076923076925,0.03282051282051282,comb,cone,0.75,-40.0,0.0022244921419769526,0.04999997094273567,"{""backing"": 2.0, ""bot"": ""cone"", ""bot_depth"": 12.5, ""bot_params"": {""depth_jitter"": 0.0, ""height_seg"": 12, ""jitter"": 0.3, ""pitch"": 5.5, ""profile_power"": 1.0, ""radial_seg"": 24, ""tip_radius"": 0.2}, ""face_h"": 60.0, ""face_w"": 60.0, ""margin_depths"": 2.0, ""seed"": 23, ""top"": ""comb"", ""top_depth"": 37.5, ""top_params"": {""jitter"": 0.0, ""pitch"": 6.5, ""wall_bot"": 0.08, ""wall_top"": 0.08}}"
ST_comb-cone_75_s23,stack,comb/cone,foil + mould,0.08,23,d100,6.5,50.0,7.6923076923076925,0.03282051282051282,comb,cone,0.75,20.0,0.001338351983577013,0.04999997094273567,"{""backing"": 2.0, ""bot"": ""cone"", ""bot_depth"": 12.5, ""bot_params"": {""depth_jitter"": 0.0, ""height_seg"": 12, ""jitter"": 0.3, ""pitch"": 5.5, ""profile_power"": 1.0, ""radial_seg"": 24, ""tip_radius"": 0.2}, ""face_h"": 60.0, ""face_w"": 60.0, ""margin_depths"": 2.0, ""seed"": 23, ""top"": ""comb"", ""top_depth"": 37.5, ""top_params"": {""jitter"": 0.0, ""pitch"": 6.5, ""wall_bot"": 0.08, ""wall_top"": 0.08}}"
ST_comb-cone_75_s23,stack,comb/cone,foil + mould,0.08,23,d100,6.5,50.0,7.6923076923076925,0.03282051282051282,comb,cone,0.75,40.0,0.002225650707259774,0.04999997094273567,"{""backing"": 2.0, ""bot"": ""cone"", ""bot_depth"": 12.5, ""bot_params"": {""depth_jitter"": 0.0, ""height_seg"": 12, ""jitter"": 0.3, ""pitch"": 5.5, ""profile_power"": 1.0, ""radial_seg"": 24, ""tip_radius"": 0.2}, ""face_h"": 60.0, ""face_w"": 60.0, ""margin_depths"": 2.0, ""seed"": 23, ""top"": ""comb"", ""top_depth"": 37.5, ""top_params"": {""jitter"": 0.0, ""pitch"": 6.5, ""wall_bot"": 0.08, ""wall_top"": 0.08}}"
ST_comb-cone_50_s101,stack,comb/cone,foil + mould,0.08,101,d00,6.5,50.0,7.6923076923076925,0.03282051282051282,comb,cone,0.5,0.0,0.0005277455202303827,0.04999997094273567,"{""backing"": 2.0, ""bot"": ""cone"", ""bot_depth"": 25.0, ""bot_params"": {""depth_jitter"": 0.0, ""height_seg"": 12, ""jitter"": 0.3, ""pitch"": 5.5, ""profile_power"": 1.0, ""radial_seg"": 24, ""tip_radius"": 0.2}, ""face_h"": 60.0, ""face_w"": 60.0, ""margin_depths"": 2.0, ""seed"": 101, ""top"": ""comb"", ""top_depth"": 25.0, ""top_params"": {""jitter"": 0.0, ""pitch"": 6.5, ""wall_bot"": 0.08, ""wall_top"": 0.08}}"
ST_comb-cone_50_s101,stack,comb/cone,foil + mould,0.08,101,d00,6.5,50.0,7.6923076923076925,0.03282051282051282,comb,cone,0.5,-20.0,0.0005796204204671085,0.04999997094273567,"{""backing"": 2.0, ""bot"": ""cone"", ""bot_depth"": 25.0, ""bot_params"": {""depth_jitter"": 0.0, ""height_seg"": 12, ""jitter"": 0.3, ""pitch"": 5.5, ""profile_power"": 1.0, ""radial_seg"": 24, ""tip_radius"": 0.2}, ""face_h"": 60.0, ""face_w"": 60.0, ""margin_depths"": 2.0, ""seed"": 101, ""top"": ""comb"", ""top_depth"": 25.0, ""top_params"": {""jitter"": 0.0, ""pitch"": 6.5, ""wall_bot"": 0.08, ""wall_top"": 0.08}}"
ST_comb-cone_50_s101,stack,comb/cone,foil + mould,0.08,101,d00,6.5,50.0,7.6923076923076925,0.03282051282051282,comb,cone,0.5,-40.0,0.0005834996700286865,0.04999997094273567,"{""backing"": 2.0, ""bot"": ""cone"", ""bot_depth"": 25.0, ""bot_params"": {""depth_jitter"": 0.0, ""height_seg"": 12, ""jitter"": 0.3, ""pitch"": 5.5, ""profile_power"": 1.0, ""radial_seg"": 24, ""tip_radius"": 0.2}, ""face_h"": 60.0, ""face_w"": 60.0, ""margin_depths"": 2.0, ""seed"": 101, ""top"": ""comb"", ""top_depth"": 25.0, ""top_params"": {""jitter"": 0.0, ""pitch"": 6.5, ""wall_bot"": 0.08, ""wall_top"": 0.08}}"
ST_comb-cone_50_s101,stack,comb/cone,foil + mould,0.08,101,d00,6.5,50.0,7.6923076923076925,0.03282051282051282,comb,cone,0.5,20.0,0.0005803076783195138,0.04999997094273567,"{""backing"": 2.0, ""bot"": ""cone"", ""bot_depth"": 25.0, ""bot_params"": {""depth_jitter"": 0.0, ""height_seg"": 12, ""jitter"": 0.3, ""pitch"": 5.5, ""profile_power"": 1.0, ""radial_seg"": 24, ""tip_radius"": 0.2}, ""face_h"": 60.0, ""face_w"": 60.0, ""margin_depths"": 2.0, ""seed"": 101, ""top"": ""comb"", ""top_depth"": 25.0, ""top_params"": {""jitter"": 0.0, ""pitch"": 6.5, ""wall_bot"": 0.08, ""wall_top"": 0.08}}"
ST_comb-cone_50_s101,stack,comb/cone,foil + mould,0.08,101,d00,6.5,50.0,7.6923076923076925,0.03282051282051282,comb,cone,0.5,40.0,0.0005821457016281784,0.04999997094273567,"{""backing"": 2.0, ""bot"": ""cone"", ""bot_depth"": 25.0, ""bot_params"": {""depth_jitter"": 0.0, ""height_seg"": 12, ""jitter"": 0.3, ""pitch"": 5.5, ""profile_power"": 1.0, ""radial_seg"": 24, ""tip_radius"": 0.2}, ""face_h"": 60.0, ""face_w"": 60.0, ""margin_depths"": 2.0, ""seed"": 101, ""top"": ""comb"", ""top_depth"": 25.0, ""top_params"": {""jitter"": 0.0, ""pitch"": 6.5, ""wall_bot"": 0.08, ""wall_top"": 0.08}}"
ST_comb-cone_50_s101,stack,comb/cone,foil + mould,0.08,101,d76,6.5,50.0,7.6923076923076925,0.03282051282051282,comb,cone,0.5,0.0,0.0004785463388543576,0.04999997094273567,"{""backing"": 2.0, ""bot"": ""cone"", ""bot_depth"": 25.0, ""bot_params"": {""depth_jitter"": 0.0, ""height_seg"": 12, ""jitter"": 0.3, ""pitch"": 5.5, ""profile_power"": 1.0, ""radial_seg"": 24, ""tip_radius"": 0.2}, ""face_h"": 60.0, ""face_w"": 60.0, ""margin_depths"": 2.0, ""seed"": 101, ""top"": ""comb"", ""top_depth"": 25.0, ""top_params"": {""jitter"": 0.0, ""pitch"": 6.5, ""wall_bot"": 0.08, ""wall_top"": 0.08}}"
ST_comb-cone_50_s101,stack,comb/cone,foil + mould,0.08,101,d76,6.5,50.0,7.6923076923076925,0.03282051282051282,comb,cone,0.5,-20.0,0.0011494659120216966,0.04999997094273567,"{""backing"": 2.0, ""bot"": ""cone"", ""bot_depth"": 25.0, ""bot_params"": {""depth_jitter"": 0.0, ""height_seg"": 12, ""jitter"": 0.3, ""pitch"": 5.5, ""profile_power"": 1.0, ""radial_seg"": 24, ""tip_radius"": 0.2}, ""face_h"": 60.0, ""face_w"": 60.0, ""margin_depths"": 2.0, ""seed"": 101, ""top"": ""comb"", ""top_depth"": 25.0, ""top_params"": {""jitter"": 0.0, ""pitch"": 6.5, ""wall_bot"": 0.08, ""wall_top"": 0.08}}"
ST_comb-cone_50_s101,stack,comb/cone,foil + mould,0.08,101,d76,6.5,50.0,7.6923076923076925,0.03282051282051282,comb,cone,0.5,-40.0,0.001832626643590629,0.04999997094273567,"{""backing"": 2.0, ""bot"": ""cone"", ""bot_depth"": 25.0, ""bot_params"": {""depth_jitter"": 0.0, ""height_seg"": 12, ""jitter"": 0.3, ""pitch"": 5.5, ""profile_power"": 1.0, ""radial_seg"": 24, ""tip_radius"": 0.2}, ""face_h"": 60.0, ""face_w"": 60.0, ""margin_depths"": 2.0, ""seed"": 101, ""top"": ""comb"", ""top_depth"": 25.0, ""top_params"": {""jitter"": 0.0, ""pitch"": 6.5, ""wall_bot"": 0.08, ""wall_top"": 0.08}}"
ST_comb-cone_50_s101,stack,comb/cone,foil + mould,0.08,101,d76,6.5,50.0,7.6923076923076925,0.03282051282051282,comb,cone,0.5,20.0,0.0011536625679582357,0.04999997094273567,"{""backing"": 2.0, ""bot"": ""cone"", ""bot_depth"": 25.0, ""bot_params"": {""depth_jitter"": 0.0, ""height_seg"": 12, ""jitter"": 0.3, ""pitch"": 5.5, ""profile_power"": 1.0, ""radial_seg"": 24, ""tip_radius"": 0.2}, ""face_h"": 60.0, ""face_w"": 60.0, ""margin_depths"": 2.0, ""seed"": 101, ""top"": ""comb"", ""top_depth"": 25.0, ""top_params"": {""jitter"": 0.0, ""pitch"": 6.5, ""wall_bot"": 0.08, ""wall_top"": 0.08}}"
ST_comb-cone_50_s101,stack,comb/cone,foil + mould,0.08,101,d76,6.5,50.0,7.6923076923076925,0.03282051282051282,comb,cone,0.5,40.0,0.001819371129386127,0.04999997094273567,"{""backing"": 2.0, ""bot"": ""cone"", ""bot_depth"": 25.0, ""bot_params"": {""depth_jitter"": 0.0, ""height_seg"": 12, ""jitter"": 0.3, ""pitch"": 5.5, ""profile_power"": 1.0, ""radial_seg"": 24, ""tip_radius"": 0.2}, ""face_h"": 60.0, ""face_w"": 60.0, ""margin_depths"": 2.0, ""seed"": 101, ""top"": ""comb"", ""top_depth"": 25.0, ""top_params"": {""jitter"": 0.0, ""pitch"": 6.5, ""wall_bot"": 0.08, ""wall_top"": 0.08}}"
ST_comb-cone_50_s101,stack,comb/cone,foil + mould,0.08,101,d100,6.5,50.0,7.6923076923076925,0.03282051282051282,comb,cone,0.5,0.0,0.0004728625644929707,0.04999997094273567,"{""backing"": 2.0, ""bot"": ""cone"", ""bot_depth"": 25.0, ""bot_params"": {""depth_jitter"": 0.0, ""height_seg"": 12, ""jitter"": 0.3, ""pitch"": 5.5, ""profile_power"": 1.0, ""radial_seg"": 24, ""tip_radius"": 0.2}, ""face_h"": 60.0, ""face_w"": 60.0, ""margin_depths"": 2.0, ""seed"": 101, ""top"": ""comb"", ""top_depth"": 25.0, ""top_params"": {""jitter"": 0.0, ""pitch"": 6.5, ""wall_bot"": 0.08, ""wall_top"": 0.08}}"
ST_comb-cone_50_s101,stack,comb/cone,foil + mould,0.08,101,d100,6.5,50.0,7.6923076923076925,0.03282051282051282,comb,cone,0.5,-20.0,0.001338113797828555,0.04999997094273567,"{""backing"": 2.0, ""bot"": ""cone"", ""bot_depth"": 25.0, ""bot_params"": {""depth_jitter"": 0.0, ""height_seg"": 12, ""jitter"": 0.3, ""pitch"": 5.5, ""profile_power"": 1.0, ""radial_seg"": 24, ""tip_radius"": 0.2}, ""face_h"": 60.0, ""face_w"": 60.0, ""margin_depths"": 2.0, ""seed"": 101, ""top"": ""comb"", ""top_depth"": 25.0, ""top_params"": {""jitter"": 0.0, ""pitch"": 6.5, ""wall_bot"": 0.08, ""wall_top"": 0.08}}"
ST_comb-cone_50_s101,stack,comb/cone,foil + mould,0.08,101,d100,6.5,50.0,7.6923076923076925,0.03282051282051282,comb,cone,0.5,-40.0,0.002233195584267378,0.04999997094273567,"{""backing"": 2.0, ""bot"": ""cone"", ""bot_depth"": 25.0, ""bot_params"": {""depth_jitter"": 0.0, ""height_seg"": 12, ""jitter"": 0.3, ""pitch"": 5.5, ""profile_power"": 1.0, ""radial_seg"": 24, ""tip_radius"": 0.2}, ""face_h"": 60.0, ""face_w"": 60.0, ""margin_depths"": 2.0, ""seed"": 101, ""top"": ""comb"", ""top_depth"": 25.0, ""top_params"": {""jitter"": 0.0, ""pitch"": 6.5, ""wall_bot"": 0.08, ""wall_top"": 0.08}}"
ST_comb-cone_50_s101,stack,comb/cone,foil + mould,0.08,101,d100,6.5,50.0,7.6923076923076925,0.03282051282051282,comb,cone,0.5,20.0,0.00135268724989146,0.04999997094273567,"{""backing"": 2.0, ""bot"": ""cone"", ""bot_depth"": 25.0, ""bot_params"": {""depth_jitter"": 0.0, ""height_seg"": 12, ""jitter"": 0.3, ""pitch"": 5.5, ""profile_power"": 1.0, ""radial_seg"": 24, ""tip_radius"": 0.2}, ""face_h"": 60.0, ""face_w"": 60.0, ""margin_depths"": 2.0, ""seed"": 101, ""top"": ""comb"", ""top_depth"": 25.0, ""top_params"": {""jitter"": 0.0, ""pitch"": 6.5, ""wall_bot"": 0.08, ""wall_top"": 0.08}}"
ST_comb-cone_50_s101,stack,comb/cone,foil + mould,0.08,101,d100,6.5,50.0,7.6923076923076925,0.03282051282051282,comb,cone,0.5,40.0,0.0022218197118490934,0.04999997094273567,"{""backing"": 2.0, ""bot"": ""cone"", ""bot_depth"": 25.0, ""bot_params"": {""depth_jitter"": 0.0, ""height_seg"": 12, ""jitter"": 0.3, ""pitch"": 5.5, ""profile_power"": 1.0, ""radial_seg"": 24, ""tip_radius"": 0.2}, ""face_h"": 60.0, ""face_w"": 60.0, ""margin_depths"": 2.0, ""seed"": 101, ""top"": ""comb"", ""top_depth"": 25.0, ""top_params"": {""jitter"": 0.0, ""pitch"": 6.5, ""wall_bot"": 0.08, ""wall_top"": 0.08}}"
ST_cone-comb_50_s101,stack,cone/comb,mould + foil,0.4,101,d00,6.5,50.0,7.6923076923076925,0.00479682476491694,cone,comb,0.5,0.0,0.0022584444377571344,0.04999997094273567,"{""backing"": 2.0, ""bot"": ""comb"", ""bot_depth"": 25.0, ""bot_params"": {""jitter"": 0.0, ""pitch"": 6.5, ""wall_bot"": 0.08, ""wall_top"": 0.08}, ""face_h"": 60.0, ""face_w"": 60.0, ""margin_depths"": 2.0, ""seed"": 101, ""top"": ""cone"", ""top_depth"": 25.0, ""top_params"": {""depth_jitter"": 0.0, ""height_seg"": 12, ""jitter"": 0.3, ""pitch"": 5.5, ""profile_power"": 1.0, ""radial_seg"": 24, ""tip_radius"": 0.2}}"
ST_cone-comb_50_s101,stack,cone/comb,mould + foil,0.4,101,d00,6.5,50.0,7.6923076923076925,0.00479682476491694,cone,comb,0.5,-20.0,0.0018817306263372302,0.04999997094273567,"{""backing"": 2.0, ""bot"": ""comb"", ""bot_depth"": 25.0, ""bot_params"": {""jitter"": 0.0, ""pitch"": 6.5, ""wall_bot"": 0.08, ""wall_top"": 0.08}, ""face_h"": 60.0, ""face_w"": 60.0, ""margin_depths"": 2.0, ""seed"": 101, ""top"": ""cone"", ""top_depth"": 25.0, ""top_params"": {""depth_jitter"": 0.0, ""height_seg"": 12, ""jitter"": 0.3, ""pitch"": 5.5, ""profile_power"": 1.0, ""radial_seg"": 24, ""tip_radius"": 0.2}}"
ST_cone-comb_50_s101,stack,cone/comb,mould + foil,0.4,101,d00,6.5,50.0,7.6923076923076925,0.00479682476491694,cone,comb,0.5,-40.0,0.0025198408402502537,0.04999997094273567,"{""backing"": 2.0, ""bot"": ""comb"", ""bot_depth"": 25.0, ""bot_params"": {""jitter"": 0.0, ""pitch"": 6.5, ""wall_bot"": 0.08, ""wall_top"": 0.08}, ""face_h"": 60.0, ""face_w"": 60.0, ""margin_depths"": 2.0, ""seed"": 101, ""top"": ""cone"", ""top_depth"": 25.0, ""top_params"": {""depth_jitter"": 0.0, ""height_seg"": 12, ""jitter"": 0.3, ""pitch"": 5.5, ""profile_power"": 1.0, ""radial_seg"": 24, ""tip_radius"": 0.2}}"
ST_cone-comb_50_s101,stack,cone/comb,mould + foil,0.4,101,d00,6.5,50.0,7.6923076923076925,0.00479682476491694,cone,comb,0.5,20.0,0.001899368711747229,0.04999997094273567,"{""backing"": 2.0, ""bot"": ""comb"", ""bot_depth"": 25.0, ""bot_params"": {""jitter"": 0.0, ""pitch"": 6.5, ""wall_bot"": 0.08, ""wall_top"": 0.08}, ""face_h"": 60.0, ""face_w"": 60.0, ""margin_depths"": 2.0, ""seed"": 101, ""top"": ""cone"", ""top_depth"": 25.0, ""top_params"": {""depth_jitter"": 0.0, ""height_seg"": 12, ""jitter"": 0.3, ""pitch"": 5.5, ""profile_power"": 1.0, ""radial_seg"": 24, ""tip_radius"": 0.2}}"
ST_cone-comb_50_s101,stack,cone/comb,mould + foil,0.4,101,d00,6.5,50.0,7.6923076923076925,0.00479682476491694,cone,comb,0.5,40.0,0.0025318278931081295,0.04999997094273567,"{""backing"": 2.0, ""bot"": ""comb"", ""bot_depth"": 25.0, ""bot_params"": {""jitter"": 0.0, ""pitch"": 6.5, ""wall_bot"": 0.08, ""wall_top"": 0.08}, ""face_h"": 60.0, ""face_w"": 60.0, ""margin_depths"": 2.0, ""seed"": 101, ""top"": ""cone"", ""top_depth"": 25.0, ""top_params"": {""depth_jitter"": 0.0, ""height_seg"": 12, ""jitter"": 0.3, ""pitch"": 5.5, ""profile_power"": 1.0, ""radial_seg"": 24, ""tip_radius"": 0.2}}"
ST_cone-comb_50_s101,stack,cone/comb,mould + foil,0.4,101,d76,6.5,50.0,7.6923076923076925,0.00479682476491694,cone,comb,0.5,0.0,0.0017290530959144235,0.04999997094273567,"{""backing"": 2.0, ""bot"": ""comb"", ""bot_depth"": 25.0, ""bot_params"": {""jitter"": 0.0, ""pitch"": 6.5, ""wall_bot"": 0.08, ""wall_top"": 0.08}, ""face_h"": 60.0, ""face_w"": 60.0, ""margin_depths"": 2.0, ""seed"": 101, ""top"": ""cone"", ""top_depth"": 25.0, ""top_params"": {""depth_jitter"": 0.0, ""height_seg"": 12, ""jitter"": 0.3, ""pitch"": 5.5, ""profile_power"": 1.0, ""radial_seg"": 24, ""tip_radius"": 0.2}}"
ST_cone-comb_50_s101,stack,cone/comb,mould + foil,0.4,101,d76,6.5,50.0,7.6923076923076925,0.00479682476491694,cone,comb,0.5,-20.0,0.001832125592045486,0.04999997094273567,"{""backing"": 2.0, ""bot"": ""comb"", ""bot_depth"": 25.0, ""bot_params"": {""jitter"": 0.0, ""pitch"": 6.5, ""wall_bot"": 0.08, ""wall_top"": 0.08}, ""face_h"": 60.0, ""face_w"": 60.0, ""margin_depths"": 2.0, ""seed"": 101, ""top"": ""cone"", ""top_depth"": 25.0, ""top_params"": {""depth_jitter"": 0.0, ""height_seg"": 12, ""jitter"": 0.3, ""pitch"": 5.5, ""profile_power"": 1.0, ""radial_seg"": 24, ""tip_radius"": 0.2}}"
ST_cone-comb_50_s101,stack,cone/comb,mould + foil,0.4,101,d76,6.5,50.0,7.6923076923076925,0.00479682476491694,cone,comb,0.5,-40.0,0.002516626613214612,0.04999997094273567,"{""backing"": 2.0, ""bot"": ""comb"", ""bot_depth"": 25.0, ""bot_params"": {""jitter"": 0.0, ""pitch"": 6.5, ""wall_bot"": 0.08, ""wall_top"": 0.08}, ""face_h"": 60.0, ""face_w"": 60.0, ""margin_depths"": 2.0, ""seed"": 101, ""top"": ""cone"", ""top_depth"": 25.0, ""top_params"": {""depth_jitter"": 0.0, ""height_seg"": 12, ""jitter"": 0.3, ""pitch"": 5.5, ""profile_power"": 1.0, ""radial_seg"": 24, ""tip_radius"": 0.2}}"
ST_cone-comb_50_s101,stack,cone/comb,mould + foil,0.4,101,d76,6.5,50.0,7.6923076923076925,0.00479682476491694,cone,comb,0.5,20.0,0.0018984756898134947,0.04999997094273567,"{""backing"": 2.0, ""bot"": ""comb"", ""bot_depth"": 25.0, ""bot_params"": {""jitter"": 0.0, ""pitch"": 6.5, ""wall_bot"": 0.08, ""wall_top"": 0.08}, ""face_h"": 60.0, ""face_w"": 60.0, ""margin_depths"": 2.0, ""seed"": 101, ""top"": ""cone"", ""top_depth"": 25.0, ""top_params"": {""depth_jitter"": 0.0, ""height_seg"": 12, ""jitter"": 0.3, ""pitch"": 5.5, ""profile_power"": 1.0, ""radial_seg"": 24, ""tip_radius"": 0.2}}"
ST_cone-comb_50_s101,stack,cone/comb,mould + foil,0.4,101,d76,6.5,50.0,7.6923076923076925,0.00479682476491694,cone,comb,0.5,40.0,0.0025354621466249228,0.04999997094273567,"{""backing"": 2.0, ""bot"": ""comb"", ""bot_depth"": 25.0, ""bot_params"": {""jitter"": 0.0, ""pitch"": 6.5, ""wall_bot"": 0.08, ""wall_top"": 0.08}, ""face_h"": 60.0, ""face_w"": 60.0, ""margin_depths"": 2.0, ""seed"": 101, ""top"": ""cone"", ""top_depth"": 25.0, ""top_params"": {""depth_jitter"": 0.0, ""height_seg"": 12, ""jitter"": 0.3, ""pitch"": 5.5, ""profile_power"": 1.0, ""radial_seg"": 24, ""tip_radius"": 0.2}}"
ST_cone-comb_50_s101,stack,cone/comb,mould + foil,0.4,101,d100,6.5,50.0,7.6923076923076925,0.00479682476491694,cone,comb,0.5,0.0,0.0017007434507831931,0.04999997094273567,"{""backing"": 2.0, ""bot"": ""comb"", ""bot_depth"": 25.0, ""bot_params"": {""jitter"": 0.0, ""pitch"": 6.5, ""wall_bot"": 0.08, ""wall_top"": 0.08}, ""face_h"": 60.0, ""face_w"": 60.0, ""margin_depths"": 2.0, ""seed"": 101, ""top"": ""cone"", ""top_depth"": 25.0, ""top_params"": {""depth_jitter"": 0.0, ""height_seg"": 12, ""jitter"": 0.3, ""pitch"": 5.5, ""profile_power"": 1.0, ""radial_seg"": 24, ""tip_radius"": 0.2}}"
ST_cone-comb_50_s101,stack,cone/comb,mould + foil,0.4,101,d100,6.5,50.0,7.6923076923076925,0.00479682476491694,cone,comb,0.5,-20.0,0.0019889255054295063,0.04999997094273567,"{""backing"": 2.0, ""bot"": ""comb"", ""bot_depth"": 25.0, ""bot_params"": {""jitter"": 0.0, ""pitch"": 6.5, ""wall_bot"": 0.08, ""wall_top"": 0.08}, ""face_h"": 60.0, ""face_w"": 60.0, ""margin_depths"": 2.0, ""seed"": 101, ""top"": ""cone"", ""top_depth"": 25.0, ""top_params"": {""depth_jitter"": 0.0, ""height_seg"": 12, ""jitter"": 0.3, ""pitch"": 5.5, ""profile_power"": 1.0, ""radial_seg"": 24, ""tip_radius"": 0.2}}"
ST_cone-comb_50_s101,stack,cone/comb,mould + foil,0.4,101,d100,6.5,50.0,7.6923076923076925,0.00479682476491694,cone,comb,0.5,-40.0,0.002700517885386944,0.04999997094273567,"{""backing"": 2.0, ""bot"": ""comb"", ""bot_depth"": 25.0, ""bot_params"": {""jitter"": 0.0, ""pitch"": 6.5, ""wall_bot"": 0.08, ""wall_top"": 0.08}, ""face_h"": 60.0, ""face_w"": 60.0, ""margin_depths"": 2.0, ""seed"": 101, ""top"": ""cone"", ""top_depth"": 25.0, ""top_params"": {""depth_jitter"": 0.0, ""height_seg"": 12, ""jitter"": 0.3, ""pitch"": 5.5, ""profile_power"": 1.0, ""radial_seg"": 24, ""tip_radius"": 0.2}}"
ST_cone-comb_50_s101,stack,cone/comb,mould + foil,0.4,101,d100,6.5,50.0,7.6923076923076925,0.00479682476491694,cone,comb,0.5,20.0,0.0020284350030124187,0.04999997094273567,"{""backing"": 2.0, ""bot"": ""comb"", ""bot_depth"": 25.0, ""bot_params"": {""jitter"": 0.0, ""pitch"": 6.5, ""wall_bot"": 0.08, ""wall_top"": 0.08}, ""face_h"": 60.0, ""face_w"": 60.0, ""margin_depths"": 2.0, ""seed"": 101, ""top"": ""cone"", ""top_depth"": 25.0, ""top_params"": {""depth_jitter"": 0.0, ""height_seg"": 12, ""jitter"": 0.3, ""pitch"": 5.5, ""profile_power"": 1.0, ""radial_seg"": 24, ""tip_radius"": 0.2}}"
ST_cone-comb_50_s101,stack,cone/comb,mould + foil,0.4,101,d100,6.5,50.0,7.6923076923076925,0.00479682476491694,cone,comb,0.5,40.0,0.0027041430585086346,0.04999997094273567,"{""backing"": 2.0, ""bot"": ""comb"", ""bot_depth"": 25.0, ""bot_params"": {""jitter"": 0.0, ""pitch"": 6.5, ""wall_bot"": 0.08, ""wall_top"": 0.08}, ""face_h"": 60.0, ""face_w"": 60.0, ""margin_depths"": 2.0, ""seed"": 101, ""top"": ""cone"", ""top_depth"": 25.0, ""top_params"": {""depth_jitter"": 0.0, ""height_seg"": 12, ""jitter"": 0.3, ""pitch"": 5.5, ""profile_power"": 1.0, ""radial_seg"": 24, ""tip_radius"": 0.2}}"
ST_comb-comb_50_s101,stack,comb/comb,expanded foil,0.08,101,d00,6.5,50.0,7.6923076923076925,0.03282051282051282,comb,comb,0.5,0.0,0.0011719525791704655,0.04999997094273567,"{""backing"": 2.0, ""bot"": ""comb"", ""bot_depth"": 25.0, ""bot_params"": {""jitter"": 0.0, ""pitch"": 3.17, ""wall_bot"": 0.04, ""wall_top"": 0.04}, ""face_h"": 60.0, ""face_w"": 60.0, ""margin_depths"": 2.0, ""seed"": 101, ""top"": ""comb"", ""top_depth"": 25.0, ""top_params"": {""jitter"": 0.0, ""pitch"": 6.5, ""wall_bot"": 0.08, ""wall_top"": 0.08}}"
ST_comb-comb_50_s101,stack,comb/comb,expanded foil,0.08,101,d00,6.5,50.0,7.6923076923076925,0.03282051282051282,comb,comb,0.5,-20.0,0.0005791670409962535,0.04999997094273567,"{""backing"": 2.0, ""bot"": ""comb"", ""bot_depth"": 25.0, ""bot_params"": {""jitter"": 0.0, ""pitch"": 3.17, ""wall_bot"": 0.04, ""wall_top"": 0.04}, ""face_h"": 60.0, ""face_w"": 60.0, ""margin_depths"": 2.0, ""seed"": 101, ""top"": ""comb"", ""top_depth"": 25.0, ""top_params"": {""jitter"": 0.0, ""pitch"": 6.5, ""wall_bot"": 0.08, ""wall_top"": 0.08}}"
ST_comb-comb_50_s101,stack,comb/comb,expanded foil,0.08,101,d00,6.5,50.0,7.6923076923076925,0.03282051282051282,comb,comb,0.5,-40.0,0.0005833320901729167,0.04999997094273567,"{""backing"": 2.0, ""bot"": ""comb"", ""bot_depth"": 25.0, ""bot_params"": {""jitter"": 0.0, ""pitch"": 3.17, ""wall_bot"": 0.04, ""wall_top"": 0.04}, ""face_h"": 60.0, ""face_w"": 60.0, ""margin_depths"": 2.0, ""seed"": 101, ""top"": ""comb"", ""top_depth"": 25.0, ""top_params"": {""jitter"": 0.0, ""pitch"": 6.5, ""wall_bot"": 0.08, ""wall_top"": 0.08}}"
ST_comb-comb_50_s101,stack,comb/comb,expanded foil,0.08,101,d00,6.5,50.0,7.6923076923076925,0.03282051282051282,comb,comb,0.5,20.0,0.0005802175728604198,0.04999997094273567,"{""backing"": 2.0, ""bot"": ""comb"", ""bot_depth"": 25.0, ""bot_params"": {""jitter"": 0.0, ""pitch"": 3.17, ""wall_bot"": 0.04, ""wall_top"": 0.04}, ""face_h"": 60.0, ""face_w"": 60.0, ""margin_depths"": 2.0, ""seed"": 101, ""top"": ""comb"", ""top_depth"": 25.0, ""top_params"": {""jitter"": 0.0, ""pitch"": 6.5, ""wall_bot"": 0.08, ""wall_top"": 0.08}}"
ST_comb-comb_50_s101,stack,comb/comb,expanded foil,0.08,101,d00,6.5,50.0,7.6923076923076925,0.03282051282051282,comb,comb,0.5,40.0,0.0005821591475978494,0.04999997094273567,"{""backing"": 2.0, ""bot"": ""comb"", ""bot_depth"": 25.0, ""bot_params"": {""jitter"": 0.0, ""pitch"": 3.17, ""wall_bot"": 0.04, ""wall_top"": 0.04}, ""face_h"": 60.0, ""face_w"": 60.0, ""margin_depths"": 2.0, ""seed"": 101, ""top"": ""comb"", ""top_depth"": 25.0, ""top_params"": {""jitter"": 0.0, ""pitch"": 6.5, ""wall_bot"": 0.08, ""wall_top"": 0.08}}"
ST_comb-comb_50_s101,stack,comb/comb,expanded foil,0.08,101,d76,6.5,50.0,7.6923076923076925,0.03282051282051282,comb,comb,0.5,0.0,0.0006273833569139242,0.04999997094273567,"{""backing"": 2.0, ""bot"": ""comb"", ""bot_depth"": 25.0, ""bot_params"": {""jitter"": 0.0, ""pitch"": 3.17, ""wall_bot"": 0.04, ""wall_top"": 0.04}, ""face_h"": 60.0, ""face_w"": 60.0, ""margin_depths"": 2.0, ""seed"": 101, ""top"": ""comb"", ""top_depth"": 25.0, ""top_params"": {""jitter"": 0.0, ""pitch"": 6.5, ""wall_bot"": 0.08, ""wall_top"": 0.08}}"
ST_comb-comb_50_s101,stack,comb/comb,expanded foil,0.08,101,d76,6.5,50.0,7.6923076923076925,0.03282051282051282,comb,comb,0.5,-20.0,0.0011495165526866913,0.04999997094273567,"{""backing"": 2.0, ""bot"": ""comb"", ""bot_depth"": 25.0, ""bot_params"": {""jitter"": 0.0, ""pitch"": 3.17, ""wall_bot"": 0.04, ""wall_top"": 0.04}, ""face_h"": 60.0, ""face_w"": 60.0, ""margin_depths"": 2.0, ""seed"": 101, ""top"": ""comb"", ""top_depth"": 25.0, ""top_params"": {""jitter"": 0.0, ""pitch"": 6.5, ""wall_bot"": 0.08, ""wall_top"": 0.08}}"
ST_comb-comb_50_s101,stack,comb/comb,expanded foil,0.08,101,d76,6.5,50.0,7.6923076923076925,0.03282051282051282,comb,comb,0.5,-40.0,0.00183267577085644,0.04999997094273567,"{""backing"": 2.0, ""bot"": ""comb"", ""bot_depth"": 25.0, ""bot_params"": {""jitter"": 0.0, ""pitch"": 3.17, ""wall_bot"": 0.04, ""wall_top"": 0.04}, ""face_h"": 60.0, ""face_w"": 60.0, ""margin_depths"": 2.0, ""seed"": 101, ""top"": ""comb"", ""top_depth"": 25.0, ""top_params"": {""jitter"": 0.0, ""pitch"": 6.5, ""wall_bot"": 0.08, ""wall_top"": 0.08}}"
ST_comb-comb_50_s101,stack,comb/comb,expanded foil,0.08,101,d76,6.5,50.0,7.6923076923076925,0.03282051282051282,comb,comb,0.5,20.0,0.0011536094825714827,0.04999997094273567,"{""backing"": 2.0, ""bot"": ""comb"", ""bot_depth"": 25.0, ""bot_params"": {""jitter"": 0.0, ""pitch"": 3.17, ""wall_bot"": 0.04, ""wall_top"": 0.04}, ""face_h"": 60.0, ""face_w"": 60.0, ""margin_depths"": 2.0, ""seed"": 101, ""top"": ""comb"", ""top_depth"": 25.0, ""top_params"": {""jitter"": 0.0, ""pitch"": 6.5, ""wall_bot"": 0.08, ""wall_top"": 0.08}}"
ST_comb-comb_50_s101,stack,comb/comb,expanded foil,0.08,101,d76,6.5,50.0,7.6923076923076925,0.03282051282051282,comb,comb,0.5,40.0,0.0018194277072325349,0.04999997094273567,"{""backing"": 2.0, ""bot"": ""comb"", ""bot_depth"": 25.0, ""bot_params"": {""jitter"": 0.0, ""pitch"": 3.17, ""wall_bot"": 0.04, ""wall_top"": 0.04}, ""face_h"": 60.0, ""face_w"": 60.0, ""margin_depths"": 2.0, ""seed"": 101, ""top"": ""comb"", ""top_depth"": 25.0, ""top_params"": {""jitter"": 0.0, ""pitch"": 6.5, ""wall_bot"": 0.08, ""wall_top"": 0.08}}"
ST_comb-comb_50_s101,stack,comb/comb,expanded foil,0.08,101,d100,6.5,50.0,7.6923076923076925,0.03282051282051282,comb,comb,0.5,0.0,0.0004764991463162005,0.04999997094273567,"{""backing"": 2.0, ""bot"": ""comb"", ""bot_depth"": 25.0, ""bot_params"": {""jitter"": 0.0, ""pitch"": 3.17, ""wall_bot"": 0.04, ""wall_top"": 0.04}, ""face_h"": 60.0, ""face_w"": 60.0, ""margin_depths"": 2.0, ""seed"": 101, ""top"": ""comb"", ""top_depth"": 25.0, ""top_params"": {""jitter"": 0.0, ""pitch"": 6.5, ""wall_bot"": 0.08, ""wall_top"": 0.08}}"
ST_comb-comb_50_s101,stack,comb/comb,expanded foil,0.08,101,d100,6.5,50.0,7.6923076923076925,0.03282051282051282,comb,comb,0.5,-20.0,0.0013382370816543698,0.04999997094273567,"{""backing"": 2.0, ""bot"": ""comb"", ""bot_depth"": 25.0, ""bot_params"": {""jitter"": 0.0, ""pitch"": 3.17, ""wall_bot"": 0.04, ""wall_top"": 0.04}, ""face_h"": 60.0, ""face_w"": 60.0, ""margin_depths"": 2.0, ""seed"": 101, ""top"": ""comb"", ""top_depth"": 25.0, ""top_params"": {""jitter"": 0.0, ""pitch"": 6.5, ""wall_bot"": 0.08, ""wall_top"": 0.08}}"
ST_comb-comb_50_s101,stack,comb/comb,expanded foil,0.08,101,d100,6.5,50.0,7.6923076923076925,0.03282051282051282,comb,comb,0.5,-40.0,0.0022332470398396254,0.04999997094273567,"{""backing"": 2.0, ""bot"": ""comb"", ""bot_depth"": 25.0, ""bot_params"": {""jitter"": 0.0, ""pitch"": 3.17, ""wall_bot"": 0.04, ""wall_top"": 0.04}, ""face_h"": 60.0, ""face_w"": 60.0, ""margin_depths"": 2.0, ""seed"": 101, ""top"": ""comb"", ""top_depth"": 25.0, ""top_params"": {""jitter"": 0.0, ""pitch"": 6.5, ""wall_bot"": 0.08, ""wall_top"": 0.08}}"
ST_comb-comb_50_s101,stack,comb/comb,expanded foil,0.08,101,d100,6.5,50.0,7.6923076923076925,0.03282051282051282,comb,comb,0.5,20.0,0.0013526458060368896,0.04999997094273567,"{""backing"": 2.0, ""bot"": ""comb"", ""bot_depth"": 25.0, ""bot_params"": {""jitter"": 0.0, ""pitch"": 3.17, ""wall_bot"": 0.04, ""wall_top"": 0.04}, ""face_h"": 60.0, ""face_w"": 60.0, ""margin_depths"": 2.0, ""seed"": 101, ""top"": ""comb"", ""top_depth"": 25.0, ""top_params"": {""jitter"": 0.0, ""pitch"": 6.5, ""wall_bot"": 0.08, ""wall_top"": 0.08}}"
ST_comb-comb_50_s101,stack,comb/comb,expanded foil,0.08,101,d100,6.5,50.0,7.6923076923076925,0.03282051282051282,comb,comb,0.5,40.0,0.002221819246187806,0.04999997094273567,"{""backing"": 2.0, ""bot"": ""comb"", ""bot_depth"": 25.0, ""bot_params"": {""jitter"": 0.0, ""pitch"": 3.17, ""wall_bot"": 0.04, ""wall_top"": 0.04}, ""face_h"": 60.0, ""face_w"": 60.0, ""margin_depths"": 2.0, ""seed"": 101, ""top"": ""comb"", ""top_depth"": 25.0, ""top_params"": {""jitter"": 0.0, ""pitch"": 6.5, ""wall_bot"": 0.08, ""wall_top"": 0.08}}"
ST_comb-comb_50_s101,stack,comb/comb,expanded foil,0.04,101,d00,6.5,50.0,7.6923076923076925,0.03364879074658255,comb,comb,0.5,0.0,0.0011128457263112068,0.04999997094273567,"{""backing"": 2.0, ""bot"": ""comb"", ""bot_depth"": 25.0, ""bot_params"": {""jitter"": 0.0, ""pitch"": 6.5, ""wall_bot"": 0.08, ""wall_top"": 0.08}, ""face_h"": 60.0, ""face_w"": 60.0, ""margin_depths"": 2.0, ""seed"": 101, ""top"": ""comb"", ""top_depth"": 25.0, ""top_params"": {""jitter"": 0.0, ""pitch"": 3.17, ""wall_bot"": 0.04, ""wall_top"": 0.04}}"
ST_comb-comb_50_s101,stack,comb/comb,expanded foil,0.04,101,d00,6.5,50.0,7.6923076923076925,0.03364879074658255,comb,comb,0.5,-20.0,0.0005897213122807443,0.04999997094273567,"{""backing"": 2.0, ""bot"": ""comb"", ""bot_depth"": 25.0, ""bot_params"": {""jitter"": 0.0, ""pitch"": 6.5, ""wall_bot"": 0.08, ""wall_top"": 0.08}, ""face_h"": 60.0, ""face_w"": 60.0, ""margin_depths"": 2.0, ""seed"": 101, ""top"": ""comb"", ""top_depth"": 25.0, ""top_params"": {""jitter"": 0.0, ""pitch"": 3.17, ""wall_bot"": 0.04, ""wall_top"": 0.04}}"
ST_comb-comb_50_s101,stack,comb/comb,expanded foil,0.04,101,d00,6.5,50.0,7.6923076923076925,0.03364879074658255,comb,comb,0.5,-40.0,0.000576417485717684,0.04999997094273567,"{""backing"": 2.0, ""bot"": ""comb"", ""bot_depth"": 25.0, ""bot_params"": {""jitter"": 0.0, ""pitch"": 6.5, ""wall_bot"": 0.08, ""wall_top"": 0.08}, ""face_h"": 60.0, ""face_w"": 60.0, ""margin_depths"": 2.0, ""seed"": 101, ""top"": ""comb"", ""top_depth"": 25.0, ""top_params"": {""jitter"": 0.0, ""pitch"": 3.17, ""wall_bot"": 0.04, ""wall_top"": 0.04}}"
ST_comb-comb_50_s101,stack,comb/comb,expanded foil,0.04,101,d00,6.5,50.0,7.6923076923076925,0.03364879074658255,comb,comb,0.5,20.0,0.0005854252376593649,0.04999997094273567,"{""backing"": 2.0, ""bot"": ""comb"", ""bot_depth"": 25.0, ""bot_params"": {""jitter"": 0.0, ""pitch"": 6.5, ""wall_bot"": 0.08, ""wall_top"": 0.08}, ""face_h"": 60.0, ""face_w"": 60.0, ""margin_depths"": 2.0, ""seed"": 101, ""top"": ""comb"", ""top_depth"": 25.0, ""top_params"": {""jitter"": 0.0, ""pitch"": 3.17, ""wall_bot"": 0.04, ""wall_top"": 0.04}}"
ST_comb-comb_50_s101,stack,comb/comb,expanded foil,0.04,101,d00,6.5,50.0,7.6923076923076925,0.03364879074658255,comb,comb,0.5,40.0,0.0005759643390774727,0.04999997094273567,"{""backing"": 2.0, ""bot"": ""comb"", ""bot_depth"": 25.0, ""bot_params"": {""jitter"": 0.0, ""pitch"": 6.5, ""wall_bot"": 0.08, ""wall_top"": 0.08}, ""face_h"": 60.0, ""face_w"": 60.0, ""margin_depths"": 2.0, ""seed"": 101, ""top"": ""comb"", ""top_depth"": 25.0, ""top_params"": {""jitter"": 0.0, ""pitch"": 3.17, ""wall_bot"": 0.04, ""wall_top"": 0.04}}"
ST_comb-comb_50_s101,stack,comb/comb,expanded foil,0.04,101,d76,6.5,50.0,7.6923076923076925,0.03364879074658255,comb,comb,0.5,0.0,0.0006025999318808317,0.04999997094273567,"{""backing"": 2.0, ""bot"": ""comb"", ""bot_depth"": 25.0, ""bot_params"": {""jitter"": 0.0, ""pitch"": 6.5, ""wall_bot"": 0.08, ""wall_top"": 0.08}, ""face_h"": 60.0, ""face_w"": 60.0, ""margin_depths"": 2.0, ""seed"": 101, ""top"": ""comb"", ""top_depth"": 25.0, ""top_params"": {""jitter"": 0.0, ""pitch"": 3.17, ""wall_bot"": 0.04, ""wall_top"": 0.04}}"
ST_comb-comb_50_s101,stack,comb/comb,expanded foil,0.04,101,d76,6.5,50.0,7.6923076923076925,0.03364879074658255,comb,comb,0.5,-20.0,0.0011596552794799209,0.04999997094273567,"{""backing"": 2.0, ""bot"": ""comb"", ""bot_depth"": 25.0, ""bot_params"": {""jitter"": 0.0, ""pitch"": 6.5, ""wall_bot"": 0.08, ""wall_top"": 0.08}, ""face_h"": 60.0, ""face_w"": 60.0, ""margin_depths"": 2.0, ""seed"": 101, ""top"": ""comb"", ""top_depth"": 25.0, ""top_params"": {""jitter"": 0.0, ""pitch"": 3.17, ""wall_bot"": 0.04, ""wall_top"": 0.04}}"
ST_comb-comb_50_s101,stack,comb/comb,expanded foil,0.04,101,d76,6.5,50.0,7.6923076923076925,0.03364879074658255,comb,comb,0.5,-40.0,0.0018171239644289017,0.04999997094273567,"{""backing"": 2.0, ""bot"": ""comb"", ""bot_depth"": 25.0, ""bot_params"": {""jitter"": 0.0, ""pitch"": 6.5, ""wall_bot"": 0.08, ""wall_top"": 0.08}, ""face_h"": 60.0, ""face_w"": 60.0, ""margin_depths"": 2.0, ""seed"": 101, ""top"": ""comb"", ""top_depth"": 25.0, ""top_params"": {""jitter"": 0.0, ""pitch"": 3.17, ""wall_bot"": 0.04, ""wall_top"": 0.04}}"
ST_comb-comb_50_s101,stack,comb/comb,expanded foil,0.04,101,d76,6.5,50.0,7.6923076923076925,0.03364879074658255,comb,comb,0.5,20.0,0.0011647348292171955,0.04999997094273567,"{""backing"": 2.0, ""bot"": ""comb"", ""bot_depth"": 25.0, ""bot_params"": {""jitter"": 0.0, ""pitch"": 6.5, ""wall_bot"": 0.08, ""wall_top"": 0.08}, ""face_h"": 60.0, ""face_w"": 60.0, ""margin_depths"": 2.0, ""seed"": 101, ""top"": ""comb"", ""top_depth"": 25.0, ""top_params"": {""jitter"": 0.0, ""pitch"": 3.17, ""wall_bot"": 0.04, ""wall_top"": 0.04}}"
ST_comb-comb_50_s101,stack,comb/comb,expanded foil,0.04,101,d76,6.5,50.0,7.6923076923076925,0.03364879074658255,comb,comb,0.5,40.0,0.0018100130837410688,0.04999997094273567,"{""backing"": 2.0, ""bot"": ""comb"", ""bot_depth"": 25.0, ""bot_params"": {""jitter"": 0.0, ""pitch"": 6.5, ""wall_bot"": 0.08, ""wall_top"": 0.08}, ""face_h"": 60.0, ""face_w"": 60.0, ""margin_depths"": 2.0, ""seed"": 101, ""top"": ""comb"", ""top_depth"": 25.0, ""top_params"": {""jitter"": 0.0, ""pitch"": 3.17, ""wall_bot"": 0.04, ""wall_top"": 0.04}}"
ST_comb-comb_50_s101,stack,comb/comb,expanded foil,0.04,101,d100,6.5,50.0,7.6923076923076925,0.03364879074658255,comb,comb,0.5,0.0,0.00046687887515872717,0.04999997094273567,"{""backing"": 2.0, ""bot"": ""comb"", ""bot_depth"": 25.0, ""bot_params"": {""jitter"": 0.0, ""pitch"": 6.5, ""wall_bot"": 0.08, ""wall_top"": 0.08}, ""face_h"": 60.0, ""face_w"": 60.0, ""margin_depths"": 2.0, ""seed"": 101, ""top"": ""comb"", ""top_depth"": 25.0, ""top_params"": {""jitter"": 0.0, ""pitch"": 3.17, ""wall_bot"": 0.04, ""wall_top"": 0.04}}"
ST_comb-comb_50_s101,stack,comb/comb,expanded foil,0.04,101,d100,6.5,50.0,7.6923076923076925,0.03364879074658255,comb,comb,0.5,-20.0,0.0013494655722752213,0.04999997094273567,"{""backing"": 2.0, ""bot"": ""comb"", ""bot_depth"": 25.0, ""bot_params"": {""jitter"": 0.0, ""pitch"": 6.5, ""wall_bot"": 0.08, ""wall_top"": 0.08}, ""face_h"": 60.0, ""face_w"": 60.0, ""margin_depths"": 2.0, ""seed"": 101, ""top"": ""comb"", ""top_depth"": 25.0, ""top_params"": {""jitter"": 0.0, ""pitch"": 3.17, ""wall_bot"": 0.04, ""wall_top"": 0.04}}"
ST_comb-comb_50_s101,stack,comb/comb,expanded foil,0.04,101,d100,6.5,50.0,7.6923076923076925,0.03364879074658255,comb,comb,0.5,-40.0,0.002214639913290739,0.04999997094273567,"{""backing"": 2.0, ""bot"": ""comb"", ""bot_depth"": 25.0, ""bot_params"": {""jitter"": 0.0, ""pitch"": 6.5, ""wall_bot"": 0.08, ""wall_top"": 0.08}, ""face_h"": 60.0, ""face_w"": 60.0, ""margin_depths"": 2.0, ""seed"": 101, ""top"": ""comb"", ""top_depth"": 25.0, ""top_params"": {""jitter"": 0.0, ""pitch"": 3.17, ""wall_bot"": 0.04, ""wall_top"": 0.04}}"
ST_comb-comb_50_s101,stack,comb/comb,expanded foil,0.04,101,d100,6.5,50.0,7.6923076923076925,0.03364879074658255,comb,comb,0.5,20.0,0.0013671832857653499,0.04999997094273567,"{""backing"": 2.0, ""bot"": ""comb"", ""bot_depth"": 25.0, ""bot_params"": {""jitter"": 0.0, ""pitch"": 6.5, ""wall_bot"": 0.08, ""wall_top"": 0.08}, ""face_h"": 60.0, ""face_w"": 60.0, ""margin_depths"": 2.0, ""seed"": 101, ""top"": ""comb"", ""top_depth"": 25.0, ""top_params"": {""jitter"": 0.0, ""pitch"": 3.17, ""wall_bot"": 0.04, ""wall_top"": 0.04}}"
ST_comb-comb_50_s101,stack,comb/comb,expanded foil,0.04,101,d100,6.5,50.0,7.6923076923076925,0.03364879074658255,comb,comb,0.5,40.0,0.0022148843854665756,0.04999997094273567,"{""backing"": 2.0, ""bot"": ""comb"", ""bot_depth"": 25.0, ""bot_params"": {""jitter"": 0.0, ""pitch"": 6.5, ""wall_bot"": 0.08, ""wall_top"": 0.08}, ""face_h"": 60.0, ""face_w"": 60.0, ""margin_depths"": 2.0, ""seed"": 101, ""top"": ""comb"", ""top_depth"": 25.0, ""top_params"": {""jitter"": 0.0, ""pitch"": 3.17, ""wall_bot"": 0.04, ""wall_top"": 0.04}}"
ST_comb-shin_50_s101,stack,comb/shingle,foil + sheet,0.08,101,d00,6.5,50.0,7.6923076923076925,0.03282051282051282,comb,shingle,0.5,0.0,0.0017236581770703197,0.04999997094273567,"{""backing"": 2.0, ""bot"": ""shingle"", ""bot_depth"": 25.0, ""bot_params"": {""azimuth_mode"": ""grid"", ""jitter"": 0.3, ""pitch"": 5.5, ""plate_t_bot"": 0.1, ""plate_t_top"": 0.1, ""tilt_deg"": 2.0, ""tilt_jitter"": 0.0}, ""face_h"": 60.0, ""face_w"": 60.0, ""margin_depths"": 2.0, ""seed"": 101, ""top"": ""comb"", ""top_depth"": 25.0, ""top_params"": {""jitter"": 0.0, ""pitch"": 6.5, ""wall_bot"": 0.08, ""wall_top"": 0.08}}"
ST_comb-shin_50_s101,stack,comb/shingle,foil + sheet,0.08,101,d00,6.5,50.0,7.6923076923076925,0.03282051282051282,comb,shingle,0.5,-20.0,0.0005793923046439886,0.04999997094273567,"{""backing"": 2.0, ""bot"": ""shingle"", ""bot_depth"": 25.0, ""bot_params"": {""azimuth_mode"": ""grid"", ""jitter"": 0.3, ""pitch"": 5.5, ""plate_t_bot"": 0.1, ""plate_t_top"": 0.1, ""tilt_deg"": 2.0, ""tilt_jitter"": 0.0}, ""face_h"": 60.0, ""face_w"": 60.0, ""margin_depths"": 2.0, ""seed"": 101, ""top"": ""comb"", ""top_depth"": 25.0, ""top_params"": {""jitter"": 0.0, ""pitch"": 6.5, ""wall_bot"": 0.08, ""wall_top"": 0.08}}"
ST_comb-shin_50_s101,stack,comb/shingle,foil + sheet,0.08,101,d00,6.5,50.0,7.6923076923076925,0.03282051282051282,comb,shingle,0.5,-40.0,0.0005833677714690566,0.04999997094273567,"{""backing"": 2.0, ""bot"": ""shingle"", ""bot_depth"": 25.0, ""bot_params"": {""azimuth_mode"": ""grid"", ""jitter"": 0.3, ""pitch"": 5.5, ""plate_t_bot"": 0.1, ""plate_t_top"": 0.1, ""tilt_deg"": 2.0, ""tilt_jitter"": 0.0}, ""face_h"": 60.0, ""face_w"": 60.0, ""margin_depths"": 2.0, ""seed"": 101, ""top"": ""comb"", ""top_depth"": 25.0, ""top_params"": {""jitter"": 0.0, ""pitch"": 6.5, ""wall_bot"": 0.08, ""wall_top"": 0.08}}"
ST_comb-shin_50_s101,stack,comb/shingle,foil + sheet,0.08,101,d00,6.5,50.0,7.6923076923076925,0.03282051282051282,comb,shingle,0.5,20.0,0.0005806535482406616,0.04999997094273567,"{""backing"": 2.0, ""bot"": ""shingle"", ""bot_depth"": 25.0, ""bot_params"": {""azimuth_mode"": ""grid"", ""jitter"": 0.3, ""pitch"": 5.5, ""plate_t_bot"": 0.1, ""plate_t_top"": 0.1, ""tilt_deg"": 2.0, ""tilt_jitter"": 0.0}, ""face_h"": 60.0, ""face_w"": 60.0, ""margin_depths"": 2.0, ""seed"": 101, ""top"": ""comb"", ""top_depth"": 25.0, ""top_params"": {""jitter"": 0.0, ""pitch"": 6.5, ""wall_bot"": 0.08, ""wall_top"": 0.08}}"
ST_comb-shin_50_s101,stack,comb/shingle,foil + sheet,0.08,101,d00,6.5,50.0,7.6923076923076925,0.03282051282051282,comb,shingle,0.5,40.0,0.0005819289362989366,0.04999997094273567,"{""backing"": 2.0, ""bot"": ""shingle"", ""bot_depth"": 25.0, ""bot_params"": {""azimuth_mode"": ""grid"", ""jitter"": 0.3, ""pitch"": 5.5, ""plate_t_bot"": 0.1, ""plate_t_top"": 0.1, ""tilt_deg"": 2.0, ""tilt_jitter"": 0.0}, ""face_h"": 60.0, ""face_w"": 60.0, ""margin_depths"": 2.0, ""seed"": 101, ""top"": ""comb"", ""top_depth"": 25.0, ""top_params"": {""jitter"": 0.0, ""pitch"": 6.5, ""wall_bot"": 0.08, ""wall_top"": 0.08}}"
ST_comb-shin_50_s101,stack,comb/shingle,foil + sheet,0.08,101,d76,6.5,50.0,7.6923076923076925,0.03282051282051282,comb,shingle,0.5,0.0,0.0007708299090154469,0.04999997094273567,"{""backing"": 2.0, ""bot"": ""shingle"", ""bot_depth"": 25.0, ""bot_params"": {""azimuth_mode"": ""grid"", ""jitter"": 0.3, ""pitch"": 5.5, ""plate_t_bot"": 0.1, ""plate_t_top"": 0.1, ""tilt_deg"": 2.0, ""tilt_jitter"": 0.0}, ""face_h"": 60.0, ""face_w"": 60.0, ""margin_depths"": 2.0, ""seed"": 101, ""top"": ""comb"", ""top_depth"": 25.0, ""top_params"": {""jitter"": 0.0, ""pitch"": 6.5, ""wall_bot"": 0.08, ""wall_top"": 0.08}}"
ST_comb-shin_50_s101,stack,comb/shingle,foil + sheet,0.08,101,d76,6.5,50.0,7.6923076923076925,0.03282051282051282,comb,shingle,0.5,-20.0,0.0011494365753605962,0.04999997094273567,"{""backing"": 2.0, ""bot"": ""shingle"", ""bot_depth"": 25.0, ""bot_params"": {""azimuth_mode"": ""grid"", ""jitter"": 0.3, ""pitch"": 5.5, ""plate_t_bot"": 0.1, ""plate_t_top"": 0.1, ""tilt_deg"": 2.0, ""tilt_jitter"": 0.0}, ""face_h"": 60.0, ""face_w"": 60.0, ""margin_depths"": 2.0, ""seed"": 101, ""top"": ""comb"", ""top_depth"": 25.0, ""top_params"": {""jitter"": 0.0, ""pitch"": 6.5, ""wall_bot"": 0.08, ""wall_top"": 0.08}}"
ST_comb-shin_50_s101,stack,comb/shingle,foil + sheet,0.08,101,d76,6.5,50.0,7.6923076923076925,0.03282051282051282,comb,shingle,0.5,-40.0,0.001832677167840302,0.04999997094273567,"{""backing"": 2.0, ""bot"": ""shingle"", ""bot_depth"": 25.0, ""bot_params"": {""azimuth_mode"": ""grid"", ""jitter"": 0.3, ""pitch"": 5.5, ""plate_t_bot"": 0.1, ""plate_t_top"": 0.1, ""tilt_deg"": 2.0, ""tilt_jitter"": 0.0}, ""face_h"": 60.0, ""face_w"": 60.0, ""margin_depths"": 2.0, ""seed"": 101, ""top"": ""comb"", ""top_depth"": 25.0, ""top_params"": {""jitter"": 0.0, ""pitch"": 6.5, ""wall_bot"": 0.08, ""wall_top"": 0.08}}"
ST_comb-shin_50_s101,stack,comb/shingle,foil + sheet,0.08,101,d76,6.5,50.0,7.6923076923076925,0.03282051282051282,comb,shingle,0.5,20.0,0.0011537102982401848,0.04999997094273567,"{""backing"": 2.0, ""bot"": ""shingle"", ""bot_depth"": 25.0, ""bot_params"": {""azimuth_mode"": ""grid"", ""jitter"": 0.3, ""pitch"": 5.5, ""plate_t_bot"": 0.1, ""plate_t_top"": 0.1, ""tilt_deg"": 2.0, ""tilt_jitter"": 0.0}, ""face_h"": 60.0, ""face_w"": 60.0, ""margin_depths"": 2.0, ""seed"": 101, ""top"": ""comb"", ""top_depth"": 25.0, ""top_params"": {""jitter"": 0.0, ""pitch"": 6.5, ""wall_bot"": 0.08, ""wall_top"": 0.08}}"
ST_comb-shin_50_s101,stack,comb/shingle,foil + sheet,0.08,101,d76,6.5,50.0,7.6923076923076925,0.03282051282051282,comb,shingle,0.5,40.0,0.0018192097777500749,0.04999997094273567,"{""backing"": 2.0, ""bot"": ""shingle"", ""bot_depth"": 25.0, ""bot_params"": {""azimuth_mode"": ""grid"", ""jitter"": 0.3, ""pitch"": 5.5, ""plate_t_bot"": 0.1, ""plate_t_top"": 0.1, ""tilt_deg"": 2.0, ""tilt_jitter"": 0.0}, ""face_h"": 60.0, ""face_w"": 60.0, ""margin_depths"": 2.0, ""seed"": 101, ""top"": ""comb"", ""top_depth"": 25.0, ""top_params"": {""jitter"": 0.0, ""pitch"": 6.5, ""wall_bot"": 0.08, ""wall_top"": 0.08}}"
ST_comb-shin_50_s101,stack,comb/shingle,foil + sheet,0.08,101,d100,6.5,50.0,7.6923076923076925,0.03282051282051282,comb,shingle,0.5,0.0,0.0005078011890873313,0.04999997094273567,"{""backing"": 2.0, ""bot"": ""shingle"", ""bot_depth"": 25.0, ""bot_params"": {""azimuth_mode"": ""grid"", ""jitter"": 0.3, ""pitch"": 5.5, ""plate_t_bot"": 0.1, ""plate_t_top"": 0.1, ""tilt_deg"": 2.0, ""tilt_jitter"": 0.0}, ""face_h"": 60.0, ""face_w"": 60.0, ""margin_depths"": 2.0, ""seed"": 101, ""top"": ""comb"", ""top_depth"": 25.0, ""top_params"": {""jitter"": 0.0, ""pitch"": 6.5, ""wall_bot"": 0.08, ""wall_top"": 0.08}}"
ST_comb-shin_50_s101,stack,comb/shingle,foil + sheet,0.08,101,d100,6.5,50.0,7.6923076923076925,0.03282051282051282,comb,shingle,0.5,-20.0,0.0013382381293922663,0.04999997094273567,"{""backing"": 2.0, ""bot"": ""shingle"", ""bot_depth"": 25.0, ""bot_params"": {""azimuth_mode"": ""grid"", ""jitter"": 0.3, ""pitch"": 5.5, ""plate_t_bot"": 0.1, ""plate_t_top"": 0.1, ""tilt_deg"": 2.0, ""tilt_jitter"": 0.0}, ""face_h"": 60.0, ""face_w"": 60.0, ""margin_depths"": 2.0, ""seed"": 101, ""top"": ""comb"", ""top_depth"": 25.0, ""top_params"": {""jitter"": 0.0, ""pitch"": 6.5, ""wall_bot"": 0.08, ""wall_top"": 0.08}}"
ST_comb-shin_50_s101,stack,comb/shingle,foil + sheet,0.08,101,d100,6.5,50.0,7.6923076923076925,0.03282051282051282,comb,shingle,0.5,-40.0,0.0022334030363708735,0.04999997094273567,"{""backing"": 2.0, ""bot"": ""shingle"", ""bot_depth"": 25.0, ""bot_params"": {""azimuth_mode"": ""grid"", ""jitter"": 0.3, ""pitch"": 5.5, ""plate_t_bot"": 0.1, ""plate_t_top"": 0.1, ""tilt_deg"": 2.0, ""tilt_jitter"": 0.0}, ""face_h"": 60.0, ""face_w"": 60.0, ""margin_depths"": 2.0, ""seed"": 101, ""top"": ""comb"", ""top_depth"": 25.0, ""top_params"": {""jitter"": 0.0, ""pitch"": 6.5, ""wall_bot"": 0.08, ""wall_top"": 0.08}}"
ST_comb-shin_50_s101,stack,comb/shingle,foil + sheet,0.08,101,d100,6.5,50.0,7.6923076923076925,0.03282051282051282,comb,shingle,0.5,20.0,0.0013526463881134987,0.04999997094273567,"{""backing"": 2.0, ""bot"": ""shingle"", ""bot_depth"": 25.0, ""bot_params"": {""azimuth_mode"": ""grid"", ""jitter"": 0.3, ""pitch"": 5.5, ""plate_t_bot"": 0.1, ""plate_t_top"": 0.1, ""tilt_deg"": 2.0, ""tilt_jitter"": 0.0}, ""face_h"": 60.0, ""face_w"": 60.0, ""margin_depths"": 2.0, ""seed"": 101, ""top"": ""comb"", ""top_depth"": 25.0, ""top_params"": {""jitter"": 0.0, ""pitch"": 6.5, ""wall_bot"": 0.08, ""wall_top"": 0.08}}"
ST_comb-shin_50_s101,stack,comb/shingle,foil + sheet,0.08,101,d100,6.5,50.0,7.6923076923076925,0.03282051282051282,comb,shingle,0.5,40.0,0.0022215077187865973,0.04999997094273567,"{""backing"": 2.0, ""bot"": ""shingle"", ""bot_depth"": 25.0, ""bot_params"": {""azimuth_mode"": ""grid"", ""jitter"": 0.3, ""pitch"": 5.5, ""plate_t_bot"": 0.1, ""plate_t_top"": 0.1, ""tilt_deg"": 2.0, ""tilt_jitter"": 0.0}, ""face_h"": 60.0, ""face_w"": 60.0, ""margin_depths"": 2.0, ""seed"": 101, ""top"": ""comb"", ""top_depth"": 25.0, ""top_params"": {""jitter"": 0.0, ""pitch"": 6.5, ""wall_bot"": 0.08, ""wall_top"": 0.08}}"
ST_shin-comb_50_s101,stack,shingle/comb,sheet + foil,0.1,101,d00,6.5,50.0,7.6923076923076925,0.03044210510272572,shingle,comb,0.5,0.0,0.0018387088784947991,0.04999997094273567,"{""backing"": 2.0, ""bot"": ""comb"", ""bot_depth"": 25.0, ""bot_params"": {""jitter"": 0.0, ""pitch"": 6.5, ""wall_bot"": 0.08, ""wall_top"": 0.08}, ""face_h"": 60.0, ""face_w"": 60.0, ""margin_depths"": 2.0, ""seed"": 101, ""top"": ""shingle"", ""top_depth"": 25.0, ""top_params"": {""azimuth_mode"": ""grid"", ""jitter"": 0.3, ""pitch"": 5.5, ""plate_t_bot"": 0.1, ""plate_t_top"": 0.1, ""tilt_deg"": 2.0, ""tilt_jitter"": 0.0}}"
ST_shin-comb_50_s101,stack,shingle/comb,sheet + foil,0.1,101,d00,6.5,50.0,7.6923076923076925,0.03044210510272572,shingle,comb,0.5,-20.0,0.0005776511388830841,0.04999997094273567,"{""backing"": 2.0, ""bot"": ""comb"", ""bot_depth"": 25.0, ""bot_params"": {""jitter"": 0.0, ""pitch"": 6.5, ""wall_bot"": 0.08, ""wall_top"": 0.08}, ""face_h"": 60.0, ""face_w"": 60.0, ""margin_depths"": 2.0, ""seed"": 101, ""top"": ""shingle"", ""top_depth"": 25.0, ""top_params"": {""azimuth_mode"": ""grid"", ""jitter"": 0.3, ""pitch"": 5.5, ""plate_t_bot"": 0.1, ""plate_t_top"": 0.1, ""tilt_deg"": 2.0, ""tilt_jitter"": 0.0}}"
ST_shin-comb_50_s101,stack,shingle/comb,sheet + foil,0.1,101,d00,6.5,50.0,7.6923076923076925,0.03044210510272572,shingle,comb,0.5,-40.0,0.000565859954804182,0.04999997094273567,"{""backing"": 2.0, ""bot"": ""comb"", ""bot_depth"": 25.0, ""bot_params"": {""jitter"": 0.0, ""pitch"": 6.5, ""wall_bot"": 0.08, ""wall_top"": 0.08}, ""face_h"": 60.0, ""face_w"": 60.0, ""margin_depths"": 2.0, ""seed"": 101, ""top"": ""shingle"", ""top_depth"": 25.0, ""top_params"": {""azimuth_mode"": ""grid"", ""jitter"": 0.3, ""pitch"": 5.5, ""plate_t_bot"": 0.1, ""plate_t_top"": 0.1, ""tilt_deg"": 2.0, ""tilt_jitter"": 0.0}}"
ST_shin-comb_50_s101,stack,shingle/comb,sheet + foil,0.1,101,d00,6.5,50.0,7.6923076923076925,0.03044210510272572,shingle,comb,0.5,20.0,0.0005615673144347966,0.04999997094273567,"{""backing"": 2.0, ""bot"": ""comb"", ""bot_depth"": 25.0, ""bot_params"": {""jitter"": 0.0, ""pitch"": 6.5, ""wall_bot"": 0.08, ""wall_top"": 0.08}, ""face_h"": 60.0, ""face_w"": 60.0, ""margin_depths"": 2.0, ""seed"": 101, ""top"": ""shingle"", ""top_depth"": 25.0, ""top_params"": {""azimuth_mode"": ""grid"", ""jitter"": 0.3, ""pitch"": 5.5, ""plate_t_bot"": 0.1, ""plate_t_top"": 0.1, ""tilt_deg"": 2.0, ""tilt_jitter"": 0.0}}"
ST_shin-comb_50_s101,stack,shingle/comb,sheet + foil,0.1,101,d00,6.5,50.0,7.6923076923076925,0.03044210510272572,shingle,comb,0.5,40.0,0.0005732505233027041,0.04999997094273567,"{""backing"": 2.0, ""bot"": ""comb"", ""bot_depth"": 25.0, ""bot_params"": {""jitter"": 0.0, ""pitch"": 6.5, ""wall_bot"": 0.08, ""wall_top"": 0.08}, ""face_h"": 60.0, ""face_w"": 60.0, ""margin_depths"": 2.0, ""seed"": 101, ""top"": ""shingle"", ""top_depth"": 25.0, ""top_params"": {""azimuth_mode"": ""grid"", ""jitter"": 0.3, ""pitch"": 5.5, ""plate_t_bot"": 0.1, ""plate_t_top"": 0.1, ""tilt_deg"": 2.0, ""tilt_jitter"": 0.0}}"
ST_shin-comb_50_s101,stack,shingle/comb,sheet + foil,0.1,101,d76,6.5,50.0,7.6923076923076925,0.03044210510272572,shingle,comb,0.5,0.0,0.0008308553951792419,0.04999997094273567,"{""backing"": 2.0, ""bot"": ""comb"", ""bot_depth"": 25.0, ""bot_params"": {""jitter"": 0.0, ""pitch"": 6.5, ""wall_bot"": 0.08, ""wall_top"": 0.08}, ""face_h"": 60.0, ""face_w"": 60.0, ""margin_depths"": 2.0, ""seed"": 101, ""top"": ""shingle"", ""top_depth"": 25.0, ""top_params"": {""azimuth_mode"": ""grid"", ""jitter"": 0.3, ""pitch"": 5.5, ""plate_t_bot"": 0.1, ""plate_t_top"": 0.1, ""tilt_deg"": 2.0, ""tilt_jitter"": 0.0}}"
ST_shin-comb_50_s101,stack,shingle/comb,sheet + foil,0.1,101,d76,6.5,50.0,7.6923076923076925,0.03044210510272572,shingle,comb,0.5,-20.0,0.0009487142087891698,0.04999997094273567,"{""backing"": 2.0, ""bot"": ""comb"", ""bot_depth"": 25.0, ""bot_params"": {""jitter"": 0.0, ""pitch"": 6.5, ""wall_bot"": 0.08, ""wall_top"": 0.08}, ""face_h"": 60.0, ""face_w"": 60.0, ""margin_depths"": 2.0, ""seed"": 101, ""top"": ""shingle"", ""top_depth"": 25.0, ""top_params"": {""azimuth_mode"": ""grid"", ""jitter"": 0.3, ""pitch"": 5.5, ""plate_t_bot"": 0.1, ""plate_t_top"": 0.1, ""tilt_deg"": 2.0, ""tilt_jitter"": 0.0}}"
ST_shin-comb_50_s101,stack,shingle/comb,sheet + foil,0.1,101,d76,6.5,50.0,7.6923076923076925,0.03044210510272572,shingle,comb,0.5,-40.0,0.0015404600417241454,0.04999997094273567,"{""backing"": 2.0, ""bot"": ""comb"", ""bot_depth"": 25.0, ""bot_params"": {""jitter"": 0.0, ""pitch"": 6.5, ""wall_bot"": 0.08, ""wall_top"": 0.08}, ""face_h"": 60.0, ""face_w"": 60.0, ""margin_depths"": 2.0, ""seed"": 101, ""top"": ""shingle"", ""top_depth"": 25.0, ""top_params"": {""azimuth_mode"": ""grid"", ""jitter"": 0.3, ""pitch"": 5.5, ""plate_t_bot"": 0.1, ""plate_t_top"": 0.1, ""tilt_deg"": 2.0, ""tilt_jitter"": 0.0}}"
ST_shin-comb_50_s101,stack,shingle/comb,sheet + foil,0.1,101,d76,6.5,50.0,7.6923076923076925,0.03044210510272572,shingle,comb,0.5,20.0,0.0011662000324577093,0.04999997094273567,"{""backing"": 2.0, ""bot"": ""comb"", ""bot_depth"": 25.0, ""bot_params"": {""jitter"": 0.0, ""pitch"": 6.5, ""wall_bot"": 0.08, ""wall_top"": 0.08}, ""face_h"": 60.0, ""face_w"": 60.0, ""margin_depths"": 2.0, ""seed"": 101, ""top"": ""shingle"", ""top_depth"": 25.0, ""top_params"": {""azimuth_mode"": ""grid"", ""jitter"": 0.3, ""pitch"": 5.5, ""plate_t_bot"": 0.1, ""plate_t_top"": 0.1, ""tilt_deg"": 2.0, ""tilt_jitter"": 0.0}}"
ST_shin-comb_50_s101,stack,shingle/comb,sheet + foil,0.1,101,d76,6.5,50.0,7.6923076923076925,0.03044210510272572,shingle,comb,0.5,40.0,0.00175475946161896,0.04999997094273567,"{""backing"": 2.0, ""bot"": ""comb"", ""bot_depth"": 25.0, ""bot_params"": {""jitter"": 0.0, ""pitch"": 6.5, ""wall_bot"": 0.08, ""wall_top"": 0.08}, ""face_h"": 60.0, ""face_w"": 60.0, ""margin_depths"": 2.0, ""seed"": 101, ""top"": ""shingle"", ""top_depth"": 25.0, ""top_params"": {""azimuth_mode"": ""grid"", ""jitter"": 0.3, ""pitch"": 5.5, ""plate_t_bot"": 0.1, ""plate_t_top"": 0.1, ""tilt_deg"": 2.0, ""tilt_jitter"": 0.0}}"
ST_shin-comb_50_s101,stack,shingle/comb,sheet + foil,0.1,101,d100,6.5,50.0,7.6923076923076925,0.03044210510272572,shingle,comb,0.5,0.0,0.0005450625321827829,0.04999997094273567,"{""backing"": 2.0, ""bot"": ""comb"", ""bot_depth"": 25.0, ""bot_params"": {""jitter"": 0.0, ""pitch"": 6.5, ""wall_bot"": 0.08, ""wall_top"": 0.08}, ""face_h"": 60.0, ""face_w"": 60.0, ""margin_depths"": 2.0, ""seed"": 101, ""top"": ""shingle"", ""top_depth"": 25.0, ""top_params"": {""azimuth_mode"": ""grid"", ""jitter"": 0.3, ""pitch"": 5.5, ""plate_t_bot"": 0.1, ""plate_t_top"": 0.1, ""tilt_deg"": 2.0, ""tilt_jitter"": 0.0}}"
ST_shin-comb_50_s101,stack,shingle/comb,sheet + foil,0.1,101,d100,6.5,50.0,7.6923076923076925,0.03044210510272572,shingle,comb,0.5,-20.0,0.0010857591405510902,0.04999997094273567,"{""backing"": 2.0, ""bot"": ""comb"", ""bot_depth"": 25.0, ""bot_params"": {""jitter"": 0.0, ""pitch"": 6.5, ""wall_bot"": 0.08, ""wall_top"": 0.08}, ""face_h"": 60.0, ""face_w"": 60.0, ""margin_depths"": 2.0, ""seed"": 101, ""top"": ""shingle"", ""top_depth"": 25.0, ""top_params"": {""azimuth_mode"": ""grid"", ""jitter"": 0.3, ""pitch"": 5.5, ""plate_t_bot"": 0.1, ""plate_t_top"": 0.1, ""tilt_deg"": 2.0, ""tilt_jitter"": 0.0}}"
ST_shin-comb_50_s101,stack,shingle/comb,sheet + foil,0.1,101,d100,6.5,50.0,7.6923076923076925,0.03044210510272572,shingle,comb,0.5,-40.0,0.0018469300121068954,0.04999997094273567,"{""backing"": 2.0, ""bot"": ""comb"", ""bot_depth"": 25.0, ""bot_params"": {""jitter"": 0.0, ""pitch"": 6.5, ""wall_bot"": 0.08, ""wall_top"": 0.08}, ""face_h"": 60.0, ""face_w"": 60.0, ""margin_depths"": 2.0, ""seed"": 101, ""top"": ""shingle"", ""top_depth"": 25.0, ""top_params"": {""azimuth_mode"": ""grid"", ""jitter"": 0.3, ""pitch"": 5.5, ""plate_t_bot"": 0.1, ""plate_t_top"": 0.1, ""tilt_deg"": 2.0, ""tilt_jitter"": 0.0}}"
ST_shin-comb_50_s101,stack,shingle/comb,sheet + foil,0.1,101,d100,6.5,50.0,7.6923076923076925,0.03044210510272572,shingle,comb,0.5,20.0,0.0013691587373614311,0.04999997094273567,"{""backing"": 2.0, ""bot"": ""comb"", ""bot_depth"": 25.0, ""bot_params"": {""jitter"": 0.0, ""pitch"": 6.5, ""wall_bot"": 0.08, ""wall_top"": 0.08}, ""face_h"": 60.0, ""face_w"": 60.0, ""margin_depths"": 2.0, ""seed"": 101, ""top"": ""shingle"", ""top_depth"": 25.0, ""top_params"": {""azimuth_mode"": ""grid"", ""jitter"": 0.3, ""pitch"": 5.5, ""plate_t_bot"": 0.1, ""plate_t_top"": 0.1, ""tilt_deg"": 2.0, ""tilt_jitter"": 0.0}}"
ST_shin-comb_50_s101,stack,shingle/comb,sheet + foil,0.1,101,d100,6.5,50.0,7.6923076923076925,0.03044210510272572,shingle,comb,0.5,40.0,0.002138253767043352,0.04999997094273567,"{""backing"": 2.0, ""bot"": ""comb"", ""bot_depth"": 25.0, ""bot_params"": {""jitter"": 0.0, ""pitch"": 6.5, ""wall_bot"": 0.08, ""wall_top"": 0.08}, ""face_h"": 60.0, ""face_w"": 60.0, ""margin_depths"": 2.0, ""seed"": 101, ""top"": ""shingle"", ""top_depth"": 25.0, ""top_params"": {""azimuth_mode"": ""grid"", ""jitter"": 0.3, ""pitch"": 5.5, ""plate_t_bot"": 0.1, ""plate_t_top"": 0.1, ""tilt_deg"": 2.0, ""tilt_jitter"": 0.0}}"
ST_cone-comb_25_s101,stack,cone/comb,mould + foil,0.4,101,d00,6.5,50.0,7.6923076923076925,0.00479682476491694,cone,comb,0.25,0.0,0.0031923747155815363,0.04999997094273567,"{""backing"": 2.0, ""bot"": ""comb"", ""bot_depth"": 37.5, ""bot_params"": {""jitter"": 0.0, ""pitch"": 6.5, ""wall_bot"": 0.08, ""wall_top"": 0.08}, ""face_h"": 60.0, ""face_w"": 60.0, ""margin_depths"": 2.0, ""seed"": 101, ""top"": ""cone"", ""top_depth"": 12.5, ""top_params"": {""depth_jitter"": 0.0, ""height_seg"": 12, ""jitter"": 0.3, ""pitch"": 5.5, ""profile_power"": 1.0, ""radial_seg"": 24, ""tip_radius"": 0.2}}"
ST_cone-comb_25_s101,stack,cone/comb,mould + foil,0.4,101,d00,6.5,50.0,7.6923076923076925,0.00479682476491694,cone,comb,0.25,-20.0,0.003674678737297654,0.04999997094273567,"{""backing"": 2.0, ""bot"": ""comb"", ""bot_depth"": 37.5, ""bot_params"": {""jitter"": 0.0, ""pitch"": 6.5, ""wall_bot"": 0.08, ""wall_top"": 0.08}, ""face_h"": 60.0, ""face_w"": 60.0, ""margin_depths"": 2.0, ""seed"": 101, ""top"": ""cone"", ""top_depth"": 12.5, ""top_params"": {""depth_jitter"": 0.0, ""height_seg"": 12, ""jitter"": 0.3, ""pitch"": 5.5, ""profile_power"": 1.0, ""radial_seg"": 24, ""tip_radius"": 0.2}}"
ST_cone-comb_25_s101,stack,cone/comb,mould + foil,0.4,101,d00,6.5,50.0,7.6923076923076925,0.00479682476491694,cone,comb,0.25,-40.0,0.004284615162760019,0.04999997094273567,"{""backing"": 2.0, ""bot"": ""comb"", ""bot_depth"": 37.5, ""bot_params"": {""jitter"": 0.0, ""pitch"": 6.5, ""wall_bot"": 0.08, ""wall_top"": 0.08}, ""face_h"": 60.0, ""face_w"": 60.0, ""margin_depths"": 2.0, ""seed"": 101, ""top"": ""cone"", ""top_depth"": 12.5, ""top_params"": {""depth_jitter"": 0.0, ""height_seg"": 12, ""jitter"": 0.3, ""pitch"": 5.5, ""profile_power"": 1.0, ""radial_seg"": 24, ""tip_radius"": 0.2}}"
ST_cone-comb_25_s101,stack,cone/comb,mould + foil,0.4,101,d00,6.5,50.0,7.6923076923076925,0.00479682476491694,cone,comb,0.25,20.0,0.003612782806158066,0.04999997094273567,"{""backing"": 2.0, ""bot"": ""comb"", ""bot_depth"": 37.5, ""bot_params"": {""jitter"": 0.0, ""pitch"": 6.5, ""wall_bot"": 0.08, ""wall_top"": 0.08}, ""face_h"": 60.0, ""face_w"": 60.0, ""margin_depths"": 2.0, ""seed"": 101, ""top"": ""cone"", ""top_depth"": 12.5, ""top_params"": {""depth_jitter"": 0.0, ""height_seg"": 12, ""jitter"": 0.3, ""pitch"": 5.5, ""profile_power"": 1.0, ""radial_seg"": 24, ""tip_radius"": 0.2}}"
ST_cone-comb_25_s101,stack,cone/comb,mould + foil,0.4,101,d00,6.5,50.0,7.6923076923076925,0.00479682476491694,cone,comb,0.25,40.0,0.004209306091070175,0.04999997094273567,"{""backing"": 2.0, ""bot"": ""comb"", ""bot_depth"": 37.5, ""bot_params"": {""jitter"": 0.0, ""pitch"": 6.5, ""wall_bot"": 0.08, ""wall_top"": 0.08}, ""face_h"": 60.0, ""face_w"": 60.0, ""margin_depths"": 2.0, ""seed"": 101, ""top"": ""cone"", ""top_depth"": 12.5, ""top_params"": {""depth_jitter"": 0.0, ""height_seg"": 12, ""jitter"": 0.3, ""pitch"": 5.5, ""profile_power"": 1.0, ""radial_seg"": 24, ""tip_radius"": 0.2}}"
ST_cone-comb_25_s101,stack,cone/comb,mould + foil,0.4,101,d76,6.5,50.0,7.6923076923076925,0.00479682476491694,cone,comb,0.25,0.0,0.00297414418309927,0.04999997094273567,"{""backing"": 2.0, ""bot"": ""comb"", ""bot_depth"": 37.5, ""bot_params"": {""jitter"": 0.0, ""pitch"": 6.5, ""wall_bot"": 0.08, ""wall_top"": 0.08}, ""face_h"": 60.0, ""face_w"": 60.0, ""margin_depths"": 2.0, ""seed"": 101, ""top"": ""cone"", ""top_depth"": 12.5, ""top_params"": {""depth_jitter"": 0.0, ""height_seg"": 12, ""jitter"": 0.3, ""pitch"": 5.5, ""profile_power"": 1.0, ""radial_seg"": 24, ""tip_radius"": 0.2}}"
ST_cone-comb_25_s101,stack,cone/comb,mould + foil,0.4,101,d76,6.5,50.0,7.6923076923076925,0.00479682476491694,cone,comb,0.25,-20.0,0.0030548670329153538,0.04999997094273567,"{""backing"": 2.0, ""bot"": ""comb"", ""bot_depth"": 37.5, ""bot_params"": {""jitter"": 0.0, ""pitch"": 6.5, ""wall_bot"": 0.08, ""wall_top"": 0.08}, ""face_h"": 60.0, ""face_w"": 60.0, ""margin_depths"": 2.0, ""seed"": 101, ""top"": ""cone"", ""top_depth"": 12.5, ""top_params"": {""depth_jitter"": 0.0, ""height_seg"": 12, ""jitter"": 0.3, ""pitch"": 5.5, ""profile_power"": 1.0, ""radial_seg"": 24, ""tip_radius"": 0.2}}"
ST_cone-comb_25_s101,stack,cone/comb,mould + foil,0.4,101,d76,6.5,50.0,7.6923076923076925,0.00479682476491694,cone,comb,0.25,-40.0,0.003530735382810235,0.04999997094273567,"{""backing"": 2.0, ""bot"": ""comb"", ""bot_depth"": 37.5, ""bot_params"": {""jitter"": 0.0, ""pitch"": 6.5, ""wall_bot"": 0.08, ""wall_top"": 0.08}, ""face_h"": 60.0, ""face_w"": 60.0, ""margin_depths"": 2.0, ""seed"": 101, ""top"": ""cone"", ""top_depth"": 12.5, ""top_params"": {""depth_jitter"": 0.0, ""height_seg"": 12, ""jitter"": 0.3, ""pitch"": 5.5, ""profile_power"": 1.0, ""radial_seg"": 24, ""tip_radius"": 0.2}}"
ST_cone-comb_25_s101,stack,cone/comb,mould + foil,0.4,101,d76,6.5,50.0,7.6923076923076925,0.00479682476491694,cone,comb,0.25,20.0,0.0030245892703533173,0.04999997094273567,"{""backing"": 2.0, ""bot"": ""comb"", ""bot_depth"": 37.5, ""bot_params"": {""jitter"": 0.0, ""pitch"": 6.5, ""wall_bot"": 0.08, ""wall_top"": 0.08}, ""face_h"": 60.0, ""face_w"": 60.0, ""margin_depths"": 2.0, ""seed"": 101, ""top"": ""cone"", ""top_depth"": 12.5, ""top_params"": {""depth_jitter"": 0.0, ""height_seg"": 12, ""jitter"": 0.3, ""pitch"": 5.5, ""profile_power"": 1.0, ""radial_seg"": 24, ""tip_radius"": 0.2}}"
ST_cone-comb_25_s101,stack,cone/comb,mould + foil,0.4,101,d76,6.5,50.0,7.6923076923076925,0.00479682476491694,cone,comb,0.25,40.0,0.0035183760337531567,0.04999997094273567,"{""backing"": 2.0, ""bot"": ""comb"", ""bot_depth"": 37.5, ""bot_params"": {""jitter"": 0.0, ""pitch"": 6.5, ""wall_bot"": 0.08, ""wall_top"": 0.08}, ""face_h"": 60.0, ""face_w"": 60.0, ""margin_depths"": 2.0, ""seed"": 101, ""top"": ""cone"", ""top_depth"": 12.5, ""top_params"": {""depth_jitter"": 0.0, ""height_seg"": 12, ""jitter"": 0.3, ""pitch"": 5.5, ""profile_power"": 1.0, ""radial_seg"": 24, ""tip_radius"": 0.2}}"
ST_cone-comb_25_s101,stack,cone/comb,mould + foil,0.4,101,d100,6.5,50.0,7.6923076923076925,0.00479682476491694,cone,comb,0.25,0.0,0.0032004902604967356,0.04999997094273567,"{""backing"": 2.0, ""bot"": ""comb"", ""bot_depth"": 37.5, ""bot_params"": {""jitter"": 0.0, ""pitch"": 6.5, ""wall_bot"": 0.08, ""wall_top"": 0.08}, ""face_h"": 60.0, ""face_w"": 60.0, ""margin_depths"": 2.0, ""seed"": 101, ""top"": ""cone"", ""top_depth"": 12.5, ""top_params"": {""depth_jitter"": 0.0, ""height_seg"": 12, ""jitter"": 0.3, ""pitch"": 5.5, ""profile_power"": 1.0, ""radial_seg"": 24, ""tip_radius"": 0.2}}"
ST_cone-comb_25_s101,stack,cone/comb,mould + foil,0.4,101,d100,6.5,50.0,7.6923076923076925,0.00479682476491694,cone,comb,0.25,-20.0,0.0032264436595141888,0.04999997094273567,"{""backing"": 2.0, ""bot"": ""comb"", ""bot_depth"": 37.5, ""bot_params"": {""jitter"": 0.0, ""pitch"": 6.5, ""wall_bot"": 0.08, ""wall_top"": 0.08}, ""face_h"": 60.0, ""face_w"": 60.0, ""margin_depths"": 2.0, ""seed"": 101, ""top"": ""cone"", ""top_depth"": 12.5, ""top_params"": {""depth_jitter"": 0.0, ""height_seg"": 12, ""jitter"": 0.3, ""pitch"": 5.5, ""profile_power"": 1.0, ""radial_seg"": 24, ""tip_radius"": 0.2}}"
ST_cone-comb_25_s101,stack,cone/comb,mould + foil,0.4,101,d100,6.5,50.0,7.6923076923076925,0.00479682476491694,cone,comb,0.25,-40.0,0.003737963503226638,0.04999997094273567,"{""backing"": 2.0, ""bot"": ""comb"", ""bot_depth"": 37.5, ""bot_params"": {""jitter"": 0.0, ""pitch"": 6.5, ""wall_bot"": 0.08, ""wall_top"": 0.08}, ""face_h"": 60.0, ""face_w"": 60.0, ""margin_depths"": 2.0, ""seed"": 101, ""top"": ""cone"", ""top_depth"": 12.5, ""top_params"": {""depth_jitter"": 0.0, ""height_seg"": 12, ""jitter"": 0.3, ""pitch"": 5.5, ""profile_power"": 1.0, ""radial_seg"": 24, ""tip_radius"": 0.2}}"
ST_cone-comb_25_s101,stack,cone/comb,mould + foil,0.4,101,d100,6.5,50.0,7.6923076923076925,0.00479682476491694,cone,comb,0.25,20.0,0.003215859644114971,0.04999997094273567,"{""backing"": 2.0, ""bot"": ""comb"", ""bot_depth"": 37.5, ""bot_params"": {""jitter"": 0.0, ""pitch"": 6.5, ""wall_bot"": 0.08, ""wall_top"": 0.08}, ""face_h"": 60.0, ""face_w"": 60.0, ""margin_depths"": 2.0, ""seed"": 101, ""top"": ""cone"", ""top_depth"": 12.5, ""top_params"": {""depth_jitter"": 0.0, ""height_seg"": 12, ""jitter"": 0.3, ""pitch"": 5.5, ""profile_power"": 1.0, ""radial_seg"": 24, ""tip_radius"": 0.2}}"
ST_cone-comb_25_s101,stack,cone/comb,mould + foil,0.4,101,d100,6.5,50.0,7.6923076923076925,0.00479682476491694,cone,comb,0.25,40.0,0.0037406524643301964,0.04999997094273567,"{""backing"": 2.0, ""bot"": ""comb"", ""bot_depth"": 37.5, ""bot_params"": {""jitter"": 0.0, ""pitch"": 6.5, ""wall_bot"": 0.08, ""wall_top"": 0.08}, ""face_h"": 60.0, ""face_w"": 60.0, ""margin_depths"": 2.0, ""seed"": 101, ""top"": ""cone"", ""top_depth"": 12.5, ""top_params"": {""depth_jitter"": 0.0, ""height_seg"": 12, ""jitter"": 0.3, ""pitch"": 5.5, ""profile_power"": 1.0, ""radial_seg"": 24, ""tip_radius"": 0.2}}"
ST_comb-cone_25_s101,stack,comb/cone,foil + mould,0.08,101,d00,6.5,50.0,7.6923076923076925,0.03282051282051282,comb,cone,0.25,0.0,0.0006187019171193242,0.04999997094273567,"{""backing"": 2.0, ""bot"": ""cone"", ""bot_depth"": 37.5, ""bot_params"": {""depth_jitter"": 0.0, ""height_seg"": 12, ""jitter"": 0.3, ""pitch"": 5.5, ""profile_power"": 1.0, ""radial_seg"": 24, ""tip_radius"": 0.2}, ""face_h"": 60.0, ""face_w"": 60.0, ""margin_depths"": 2.0, ""seed"": 101, ""top"": ""comb"", ""top_depth"": 12.5, ""top_params"": {""jitter"": 0.0, ""pitch"": 6.5, ""wall_bot"": 0.08, ""wall_top"": 0.08}}"
ST_comb-cone_25_s101,stack,comb/cone,foil + mould,0.08,101,d00,6.5,50.0,7.6923076923076925,0.03282051282051282,comb,cone,0.25,-20.0,0.0005673361010849476,0.04999997094273567,"{""backing"": 2.0, ""bot"": ""cone"", ""bot_depth"": 37.5, ""bot_params"": {""depth_jitter"": 0.0, ""height_seg"": 12, ""jitter"": 0.3, ""pitch"": 5.5, ""profile_power"": 1.0, ""radial_seg"": 24, ""tip_radius"": 0.2}, ""face_h"": 60.0, ""face_w"": 60.0, ""margin_depths"": 2.0, ""seed"": 101, ""top"": ""comb"", ""top_depth"": 12.5, ""top_params"": {""jitter"": 0.0, ""pitch"": 6.5, ""wall_bot"": 0.08, ""wall_top"": 0.08}}"
ST_comb-cone_25_s101,stack,comb/cone,foil + mould,0.08,101,d00,6.5,50.0,7.6923076923076925,0.03282051282051282,comb,cone,0.25,-40.0,0.0005612473469227552,0.04999997094273567,"{""backing"": 2.0, ""bot"": ""cone"", ""bot_depth"": 37.5, ""bot_params"": {""depth_jitter"": 0.0, ""height_seg"": 12, ""jitter"": 0.3, ""pitch"": 5.5, ""profile_power"": 1.0, ""radial_seg"": 24, ""tip_radius"": 0.2}, ""face_h"": 60.0, ""face_w"": 60.0, ""margin_depths"": 2.0, ""seed"": 101, ""top"": ""comb"", ""top_depth"": 12.5, ""top_params"": {""jitter"": 0.0, ""pitch"": 6.5, ""wall_bot"": 0.08, ""wall_top"": 0.08}}"
ST_comb-cone_25_s101,stack,comb/cone,foil + mould,0.08,101,d00,6.5,50.0,7.6923076923076925,0.03282051282051282,comb,cone,0.25,20.0,0.0005804823013022542,0.04999997094273567,"{""backing"": 2.0, ""bot"": ""cone"", ""bot_depth"": 37.5, ""bot_params"": {""depth_jitter"": 0.0, ""height_seg"": 12, ""jitter"": 0.3, ""pitch"": 5.5, ""profile_power"": 1.0, ""radial_seg"": 24, ""tip_radius"": 0.2}, ""face_h"": 60.0, ""face_w"": 60.0, ""margin_depths"": 2.0, ""seed"": 101, ""top"": ""comb"", ""top_depth"": 12.5, ""top_params"": {""jitter"": 0.0, ""pitch"": 6.5, ""wall_bot"": 0.08, ""wall_top"": 0.08}}"
ST_comb-cone_25_s101,stack,comb/cone,foil + mould,0.08,101,d00,6.5,50.0,7.6923076923076925,0.03282051282051282,comb,cone,0.25,40.0,0.000560723477974534,0.04999997094273567,"{""backing"": 2.0, ""bot"": ""cone"", ""bot_depth"": 37.5, ""bot_params"": {""depth_jitter"": 0.0, ""height_seg"": 12, ""jitter"": 0.3, ""pitch"": 5.5, ""profile_power"": 1.0, ""radial_seg"": 24, ""tip_radius"": 0.2}, ""face_h"": 60.0, ""face_w"": 60.0, ""margin_depths"": 2.0, ""seed"": 101, ""top"": ""comb"", ""top_depth"": 12.5, ""top_params"": {""jitter"": 0.0, ""pitch"": 6.5, ""wall_bot"": 0.08, ""wall_top"": 0.08}}"
ST_comb-cone_25_s101,stack,comb/cone,foil + mould,0.08,101,d76,6.5,50.0,7.6923076923076925,0.03282051282051282,comb,cone,0.25,0.0,0.0005088989855721593,0.04999997094273567,"{""backing"": 2.0, ""bot"": ""cone"", ""bot_depth"": 37.5, ""bot_params"": {""depth_jitter"": 0.0, ""height_seg"": 12, ""jitter"": 0.3, ""pitch"": 5.5, ""profile_power"": 1.0, ""radial_seg"": 24, ""tip_radius"": 0.2}, ""face_h"": 60.0, ""face_w"": 60.0, ""margin_depths"": 2.0, ""seed"": 101, ""top"": ""comb"", ""top_depth"": 12.5, ""top_params"": {""jitter"": 0.0, ""pitch"": 6.5, ""wall_bot"": 0.08, ""wall_top"": 0.08}}"
ST_comb-cone_25_s101,stack,comb/cone,foil + mould,0.08,101,d76,6.5,50.0,7.6923076923076925,0.03282051282051282,comb,cone,0.25,-20.0,0.0011456732172518969,0.04999997094273567,"{""backing"": 2.0, ""bot"": ""cone"", ""bot_depth"": 37.5, ""bot_params"": {""depth_jitter"": 0.0, ""height_seg"": 12, ""jitter"": 0.3, ""pitch"": 5.5, ""profile_power"": 1.0, ""radial_seg"": 24, ""tip_radius"": 0.2}, ""face_h"": 60.0, ""face_w"": 60.0, ""margin_depths"": 2.0, ""seed"": 101, ""top"": ""comb"", ""top_depth"": 12.5, ""top_params"": {""jitter"": 0.0, ""pitch"": 6.5, ""wall_bot"": 0.08, ""wall_top"": 0.08}}"
ST_comb-cone_25_s101,stack,comb/cone,foil + mould,0.08,101,d76,6.5,50.0,7.6923076923076925,0.03282051282051282,comb,cone,0.25,-40.0,0.0018095859559252858,0.04999997094273567,"{""backing"": 2.0, ""bot"": ""cone"", ""bot_depth"": 37.5, ""bot_params"": {""depth_jitter"": 0.0, ""height_seg"": 12, ""jitter"": 0.3, ""pitch"": 5.5, ""profile_power"": 1.0, ""radial_seg"": 24, ""tip_radius"": 0.2}, ""face_h"": 60.0, ""face_w"": 60.0, ""margin_depths"": 2.0, ""seed"": 101, ""top"": ""comb"", ""top_depth"": 12.5, ""top_params"": {""jitter"": 0.0, ""pitch"": 6.5, ""wall_bot"": 0.08, ""wall_top"": 0.08}}"
ST_comb-cone_25_s101,stack,comb/cone,foil + mould,0.08,101,d76,6.5,50.0,7.6923076923076925,0.03282051282051282,comb,cone,0.25,20.0,0.0011318163014948368,0.04999997094273567,"{""backing"": 2.0, ""bot"": ""cone"", ""bot_depth"": 37.5, ""bot_params"": {""depth_jitter"": 0.0, ""height_seg"": 12, ""jitter"": 0.3, ""pitch"": 5.5, ""profile_power"": 1.0, ""radial_seg"": 24, ""tip_radius"": 0.2}, ""face_h"": 60.0, ""face_w"": 60.0, ""margin_depths"": 2.0, ""seed"": 101, ""top"": ""comb"", ""top_depth"": 12.5, ""top_params"": {""jitter"": 0.0, ""pitch"": 6.5, ""wall_bot"": 0.08, ""wall_top"": 0.08}}"
ST_comb-cone_25_s101,stack,comb/cone,foil + mould,0.08,101,d76,6.5,50.0,7.6923076923076925,0.03282051282051282,comb,cone,0.25,40.0,0.0017729669343680143,0.04999997094273567,"{""backing"": 2.0, ""bot"": ""cone"", ""bot_depth"": 37.5, ""bot_params"": {""depth_jitter"": 0.0, ""height_seg"": 12, ""jitter"": 0.3, ""pitch"": 5.5, ""profile_power"": 1.0, ""radial_seg"": 24, ""tip_radius"": 0.2}, ""face_h"": 60.0, ""face_w"": 60.0, ""margin_depths"": 2.0, ""seed"": 101, ""top"": ""comb"", ""top_depth"": 12.5, ""top_params"": {""jitter"": 0.0, ""pitch"": 6.5, ""wall_bot"": 0.08, ""wall_top"": 0.08}}"
ST_comb-cone_25_s101,stack,comb/cone,foil + mould,0.08,101,d100,6.5,50.0,7.6923076923076925,0.03282051282051282,comb,cone,0.25,0.0,0.00048379896907135844,0.04999997094273567,"{""backing"": 2.0, ""bot"": ""cone"", ""bot_depth"": 37.5, ""bot_params"": {""depth_jitter"": 0.0, ""height_seg"": 12, ""jitter"": 0.3, ""pitch"": 5.5, ""profile_power"": 1.0, ""radial_seg"": 24, ""tip_radius"": 0.2}, ""face_h"": 60.0, ""face_w"": 60.0, ""margin_depths"": 2.0, ""seed"": 101, ""top"": ""comb"", ""top_depth"": 12.5, ""top_params"": {""jitter"": 0.0, ""pitch"": 6.5, ""wall_bot"": 0.08, ""wall_top"": 0.08}}"
ST_comb-cone_25_s101,stack,comb/cone,foil + mould,0.08,101,d100,6.5,50.0,7.6923076923076925,0.03282051282051282,comb,cone,0.25,-20.0,0.0013323490275070071,0.04999997094273567,"{""backing"": 2.0, ""bot"": ""cone"", ""bot_depth"": 37.5, ""bot_params"": {""depth_jitter"": 0.0, ""height_seg"": 12, ""jitter"": 0.3, ""pitch"": 5.5, ""profile_power"": 1.0, ""radial_seg"": 24, ""tip_radius"": 0.2}, ""face_h"": 60.0, ""face_w"": 60.0, ""margin_depths"": 2.0, ""seed"": 101, ""top"": ""comb"", ""top_depth"": 12.5, ""top_params"": {""jitter"": 0.0, ""pitch"": 6.5, ""wall_bot"": 0.08, ""wall_top"": 0.08}}"
ST_comb-cone_25_s101,stack,comb/cone,foil + mould,0.08,101,d100,6.5,50.0,7.6923076923076925,0.03282051282051282,comb,cone,0.25,-40.0,0.0022209223825484514,0.04999997094273567,"{""backing"": 2.0, ""bot"": ""cone"", ""bot_depth"": 37.5, ""bot_params"": {""depth_jitter"": 0.0, ""height_seg"": 12, ""jitter"": 0.3, ""pitch"": 5.5, ""profile_power"": 1.0, ""radial_seg"": 24, ""tip_radius"": 0.2}, ""face_h"": 60.0, ""face_w"": 60.0, ""margin_depths"": 2.0, ""seed"": 101, ""top"": ""comb"", ""top_depth"": 12.5, ""top_params"": {""jitter"": 0.0, ""pitch"": 6.5, ""wall_bot"": 0.08, ""wall_top"": 0.08}}"
ST_comb-cone_25_s101,stack,comb/cone,foil + mould,0.08,101,d100,6.5,50.0,7.6923076923076925,0.03282051282051282,comb,cone,0.25,20.0,0.0013166886055842042,0.04999997094273567,"{""backing"": 2.0, ""bot"": ""cone"", ""bot_depth"": 37.5, ""bot_params"": {""depth_jitter"": 0.0, ""height_seg"": 12, ""jitter"": 0.3, ""pitch"": 5.5, ""profile_power"": 1.0, ""radial_seg"": 24, ""tip_radius"": 0.2}, ""face_h"": 60.0, ""face_w"": 60.0, ""margin_depths"": 2.0, ""seed"": 101, ""top"": ""comb"", ""top_depth"": 12.5, ""top_params"": {""jitter"": 0.0, ""pitch"": 6.5, ""wall_bot"": 0.08, ""wall_top"": 0.08}}"
ST_comb-cone_25_s101,stack,comb/cone,foil + mould,0.08,101,d100,6.5,50.0,7.6923076923076925,0.03282051282051282,comb,cone,0.25,40.0,0.0021731010638177395,0.04999997094273567,"{""backing"": 2.0, ""bot"": ""cone"", ""bot_depth"": 37.5, ""bot_params"": {""depth_jitter"": 0.0, ""height_seg"": 12, ""jitter"": 0.3, ""pitch"": 5.5, ""profile_power"": 1.0, ""radial_seg"": 24, ""tip_radius"": 0.2}, ""face_h"": 60.0, ""face_w"": 60.0, ""margin_depths"": 2.0, ""seed"": 101, ""top"": ""comb"", ""top_depth"": 12.5, ""top_params"": {""jitter"": 0.0, ""pitch"": 6.5, ""wall_bot"": 0.08, ""wall_top"": 0.08}}"
ST_cone-comb_75_s101,stack,cone/comb,mould + foil,0.4,101,d00,6.5,50.0,7.6923076923076925,0.00479682476491694,cone,comb,0.75,0.0,0.002024164190515876,0.04999997094273567,"{""backing"": 2.0, ""bot"": ""comb"", ""bot_depth"": 12.5, ""bot_params"": {""jitter"": 0.0, ""pitch"": 6.5, ""wall_bot"": 0.08, ""wall_top"": 0.08}, ""face_h"": 60.0, ""face_w"": 60.0, ""margin_depths"": 2.0, ""seed"": 101, ""top"": ""cone"", ""top_depth"": 37.5, ""top_params"": {""depth_jitter"": 0.0, ""height_seg"": 12, ""jitter"": 0.3, ""pitch"": 5.5, ""profile_power"": 1.0, ""radial_seg"": 24, ""tip_radius"": 0.2}}"
ST_cone-comb_75_s101,stack,cone/comb,mould + foil,0.4,101,d00,6.5,50.0,7.6923076923076925,0.00479682476491694,cone,comb,0.75,-20.0,0.001565274316817522,0.04999997094273567,"{""backing"": 2.0, ""bot"": ""comb"", ""bot_depth"": 12.5, ""bot_params"": {""jitter"": 0.0, ""pitch"": 6.5, ""wall_bot"": 0.08, ""wall_top"": 0.08}, ""face_h"": 60.0, ""face_w"": 60.0, ""margin_depths"": 2.0, ""seed"": 101, ""top"": ""cone"", ""top_depth"": 37.5, ""top_params"": {""depth_jitter"": 0.0, ""height_seg"": 12, ""jitter"": 0.3, ""pitch"": 5.5, ""profile_power"": 1.0, ""radial_seg"": 24, ""tip_radius"": 0.2}}"
ST_cone-comb_75_s101,stack,cone/comb,mould + foil,0.4,101,d00,6.5,50.0,7.6923076923076925,0.00479682476491694,cone,comb,0.75,-40.0,0.0023541036061942577,0.04999997094273567,"{""backing"": 2.0, ""bot"": ""comb"", ""bot_depth"": 12.5, ""bot_params"": {""jitter"": 0.0, ""pitch"": 6.5, ""wall_bot"": 0.08, ""wall_top"": 0.08}, ""face_h"": 60.0, ""face_w"": 60.0, ""margin_depths"": 2.0, ""seed"": 101, ""top"": ""cone"", ""top_depth"": 37.5, ""top_params"": {""depth_jitter"": 0.0, ""height_seg"": 12, ""jitter"": 0.3, ""pitch"": 5.5, ""profile_power"": 1.0, ""radial_seg"": 24, ""tip_radius"": 0.2}}"
ST_cone-comb_75_s101,stack,cone/comb,mould + foil,0.4,101,d00,6.5,50.0,7.6923076923076925,0.00479682476491694,cone,comb,0.75,20.0,0.001502270926721394,0.04999997094273567,"{""backing"": 2.0, ""bot"": ""comb"", ""bot_depth"": 12.5, ""bot_params"": {""jitter"": 0.0, ""pitch"": 6.5, ""wall_bot"": 0.08, ""wall_top"": 0.08}, ""face_h"": 60.0, ""face_w"": 60.0, ""margin_depths"": 2.0, ""seed"": 101, ""top"": ""cone"", ""top_depth"": 37.5, ""top_params"": {""depth_jitter"": 0.0, ""height_seg"": 12, ""jitter"": 0.3, ""pitch"": 5.5, ""profile_power"": 1.0, ""radial_seg"": 24, ""tip_radius"": 0.2}}"
ST_cone-comb_75_s101,stack,cone/comb,mould + foil,0.4,101,d00,6.5,50.0,7.6923076923076925,0.00479682476491694,cone,comb,0.75,40.0,0.002396584488451481,0.04999997094273567,"{""backing"": 2.0, ""bot"": ""comb"", ""bot_depth"": 12.5, ""bot_params"": {""jitter"": 0.0, ""pitch"": 6.5, ""wall_bot"": 0.08, ""wall_top"": 0.08}, ""face_h"": 60.0, ""face_w"": 60.0, ""margin_depths"": 2.0, ""seed"": 101, ""top"": ""cone"", ""top_depth"": 37.5, ""top_params"": {""depth_jitter"": 0.0, ""height_seg"": 12, ""jitter"": 0.3, ""pitch"": 5.5, ""profile_power"": 1.0, ""radial_seg"": 24, ""tip_radius"": 0.2}}"
ST_cone-comb_75_s101,stack,cone/comb,mould + foil,0.4,101,d76,6.5,50.0,7.6923076923076925,0.00479682476491694,cone,comb,0.75,0.0,0.0012681895168498158,0.04999997094273567,"{""backing"": 2.0, ""bot"": ""comb"", ""bot_depth"": 12.5, ""bot_params"": {""jitter"": 0.0, ""pitch"": 6.5, ""wall_bot"": 0.08, ""wall_top"": 0.08}, ""face_h"": 60.0, ""face_w"": 60.0, ""margin_depths"": 2.0, ""seed"": 101, ""top"": ""cone"", ""top_depth"": 37.5, ""top_params"": {""depth_jitter"": 0.0, ""height_seg"": 12, ""jitter"": 0.3, ""pitch"": 5.5, ""profile_power"": 1.0, ""radial_seg"": 24, ""tip_radius"": 0.2}}"
ST_cone-comb_75_s101,stack,cone/comb,mould + foil,0.4,101,d76,6.5,50.0,7.6923076923076925,0.00479682476491694,cone,comb,0.75,-20.0,0.001539859571494162,0.04999997094273567,"{""backing"": 2.0, ""bot"": ""comb"", ""bot_depth"": 12.5, ""bot_params"": {""jitter"": 0.0, ""pitch"": 6.5, ""wall_bot"": 0.08, ""wall_top"": 0.08}, ""face_h"": 60.0, ""face_w"": 60.0, ""margin_depths"": 2.0, ""seed"": 101, ""top"": ""cone"", ""top_depth"": 37.5, ""top_params"": {""depth_jitter"": 0.0, ""height_seg"": 12, ""jitter"": 0.3, ""pitch"": 5.5, ""profile_power"": 1.0, ""radial_seg"": 24, ""tip_radius"": 0.2}}"
ST_cone-comb_75_s101,stack,cone/comb,mould + foil,0.4,101,d76,6.5,50.0,7.6923076923076925,0.00479682476491694,cone,comb,0.75,-40.0,0.002187959849834442,0.04999997094273567,"{""backing"": 2.0, ""bot"": ""comb"", ""bot_depth"": 12.5, ""bot_params"": {""jitter"": 0.0, ""pitch"": 6.5, ""wall_bot"": 0.08, ""wall_top"": 0.08}, ""face_h"": 60.0, ""face_w"": 60.0, ""margin_depths"": 2.0, ""seed"": 101, ""top"": ""cone"", ""top_depth"": 37.5, ""top_params"": {""depth_jitter"": 0.0, ""height_seg"": 12, ""jitter"": 0.3, ""pitch"": 5.5, ""profile_power"": 1.0, ""radial_seg"": 24, ""tip_radius"": 0.2}}"
ST_cone-comb_75_s101,stack,cone/comb,mould + foil,0.4,101,d76,6.5,50.0,7.6923076923076925,0.00479682476491694,cone,comb,0.75,20.0,0.0014785373350605369,0.04999997094273567,"{""backing"": 2.0, ""bot"": ""comb"", ""bot_depth"": 12.5, ""bot_params"": {""jitter"": 0.0, ""pitch"": 6.5, ""wall_bot"": 0.08, ""wall_top"": 0.08}, ""face_h"": 60.0, ""face_w"": 60.0, ""margin_depths"": 2.0, ""seed"": 101, ""top"": ""cone"", ""top_depth"": 37.5, ""top_params"": {""depth_jitter"": 0.0, ""height_seg"": 12, ""jitter"": 0.3, ""pitch"": 5.5, ""profile_power"": 1.0, ""radial_seg"": 24, ""tip_radius"": 0.2}}"
ST_cone-comb_75_s101,stack,cone/comb,mould + foil,0.4,101,d76,6.5,50.0,7.6923076923076925,0.00479682476491694,cone,comb,0.75,40.0,0.0022190941963344812,0.04999997094273567,"{""backing"": 2.0, ""bot"": ""comb"", ""bot_depth"": 12.5, ""bot_params"": {""jitter"": 0.0, ""pitch"": 6.5, ""wall_bot"": 0.08, ""wall_top"": 0.08}, ""face_h"": 60.0, ""face_w"": 60.0, ""margin_depths"": 2.0, ""seed"": 101, ""top"": ""cone"", ""top_depth"": 37.5, ""top_params"": {""depth_jitter"": 0.0, ""height_seg"": 12, ""jitter"": 0.3, ""pitch"": 5.5, ""profile_power"": 1.0, ""radial_seg"": 24, ""tip_radius"": 0.2}}"
ST_cone-comb_75_s101,stack,cone/comb,mould + foil,0.4,101,d100,6.5,50.0,7.6923076923076925,0.00479682476491694,cone,comb,0.75,0.0,0.001141475047916174,0.04999997094273567,"{""backing"": 2.0, ""bot"": ""comb"", ""bot_depth"": 12.5, ""bot_params"": {""jitter"": 0.0, ""pitch"": 6.5, ""wall_bot"": 0.08, ""wall_top"": 0.08}, ""face_h"": 60.0, ""face_w"": 60.0, ""margin_depths"": 2.0, ""seed"": 101, ""top"": ""cone"", ""top_depth"": 37.5, ""top_params"": {""depth_jitter"": 0.0, ""height_seg"": 12, ""jitter"": 0.3, ""pitch"": 5.5, ""profile_power"": 1.0, ""radial_seg"": 24, ""tip_radius"": 0.2}}"
ST_cone-comb_75_s101,stack,cone/comb,mould + foil,0.4,101,d100,6.5,50.0,7.6923076923076925,0.00479682476491694,cone,comb,0.75,-20.0,0.0016608830774202943,0.04999997094273567,"{""backing"": 2.0, ""bot"": ""comb"", ""bot_depth"": 12.5, ""bot_params"": {""jitter"": 0.0, ""pitch"": 6.5, ""wall_bot"": 0.08, ""wall_top"": 0.08}, ""face_h"": 60.0, ""face_w"": 60.0, ""margin_depths"": 2.0, ""seed"": 101, ""top"": ""cone"", ""top_depth"": 37.5, ""top_params"": {""depth_jitter"": 0.0, ""height_seg"": 12, ""jitter"": 0.3, ""pitch"": 5.5, ""profile_power"": 1.0, ""radial_seg"": 24, ""tip_radius"": 0.2}}"
ST_cone-comb_75_s101,stack,cone/comb,mould + foil,0.4,101,d100,6.5,50.0,7.6923076923076925,0.00479682476491694,cone,comb,0.75,-40.0,0.002335479250177741,0.04999997094273567,"{""backing"": 2.0, ""bot"": ""comb"", ""bot_depth"": 12.5, ""bot_params"": {""jitter"": 0.0, ""pitch"": 6.5, ""wall_bot"": 0.08, ""wall_top"": 0.08}, ""face_h"": 60.0, ""face_w"": 60.0, ""margin_depths"": 2.0, ""seed"": 101, ""top"": ""cone"", ""top_depth"": 37.5, ""top_params"": {""depth_jitter"": 0.0, ""height_seg"": 12, ""jitter"": 0.3, ""pitch"": 5.5, ""profile_power"": 1.0, ""radial_seg"": 24, ""tip_radius"": 0.2}}"
ST_cone-comb_75_s101,stack,cone/comb,mould + foil,0.4,101,d100,6.5,50.0,7.6923076923076925,0.00479682476491694,cone,comb,0.75,20.0,0.0016350926598533988,0.04999997094273567,"{""backing"": 2.0, ""bot"": ""comb"", ""bot_depth"": 12.5, ""bot_params"": {""jitter"": 0.0, ""pitch"": 6.5, ""wall_bot"": 0.08, ""wall_top"": 0.08}, ""face_h"": 60.0, ""face_w"": 60.0, ""margin_depths"": 2.0, ""seed"": 101, ""top"": ""cone"", ""top_depth"": 37.5, ""top_params"": {""depth_jitter"": 0.0, ""height_seg"": 12, ""jitter"": 0.3, ""pitch"": 5.5, ""profile_power"": 1.0, ""radial_seg"": 24, ""tip_radius"": 0.2}}"
ST_cone-comb_75_s101,stack,cone/comb,mould + foil,0.4,101,d100,6.5,50.0,7.6923076923076925,0.00479682476491694,cone,comb,0.75,40.0,0.002339254366233945,0.04999997094273567,"{""backing"": 2.0, ""bot"": ""comb"", ""bot_depth"": 12.5, ""bot_params"": {""jitter"": 0.0, ""pitch"": 6.5, ""wall_bot"": 0.08, ""wall_top"": 0.08}, ""face_h"": 60.0, ""face_w"": 60.0, ""margin_depths"": 2.0, ""seed"": 101, ""top"": ""cone"", ""top_depth"": 37.5, ""top_params"": {""depth_jitter"": 0.0, ""height_seg"": 12, ""jitter"": 0.3, ""pitch"": 5.5, ""profile_power"": 1.0, ""radial_seg"": 24, ""tip_radius"": 0.2}}"
ST_comb-cone_75_s101,stack,comb/cone,foil + mould,0.08,101,d00,6.5,50.0,7.6923076923076925,0.03282051282051282,comb,cone,0.75,0.0,0.00047074840404093266,0.04999997094273567,"{""backing"": 2.0, ""bot"": ""cone"", ""bot_depth"": 12.5, ""bot_params"": {""depth_jitter"": 0.0, ""height_seg"": 12, ""jitter"": 0.3, ""pitch"": 5.5, ""profile_power"": 1.0, ""radial_seg"": 24, ""tip_radius"": 0.2}, ""face_h"": 60.0, ""face_w"": 60.0, ""margin_depths"": 2.0, ""seed"": 101, ""top"": ""comb"", ""top_depth"": 37.5, ""top_params"": {""jitter"": 0.0, ""pitch"": 6.5, ""wall_bot"": 0.08, ""wall_top"": 0.08}}"
ST_comb-cone_75_s101,stack,comb/cone,foil + mould,0.08,101,d00,6.5,50.0,7.6923076923076925,0.03282051282051282,comb,cone,0.75,-20.0,0.0005704583018086851,0.04999997094273567,"{""backing"": 2.0, ""bot"": ""cone"", ""bot_depth"": 12.5, ""bot_params"": {""depth_jitter"": 0.0, ""height_seg"": 12, ""jitter"": 0.3, ""pitch"": 5.5, ""profile_power"": 1.0, ""radial_seg"": 24, ""tip_radius"": 0.2}, ""face_h"": 60.0, ""face_w"": 60.0, ""margin_depths"": 2.0, ""seed"": 101, ""top"": ""comb"", ""top_depth"": 37.5, ""top_params"": {""jitter"": 0.0, ""pitch"": 6.5, ""wall_bot"": 0.08, ""wall_top"": 0.08}}"
ST_comb-cone_75_s101,stack,comb/cone,foil + mould,0.08,101,d00,6.5,50.0,7.6923076923076925,0.03282051282051282,comb,cone,0.75,-40.0,0.0005771792493760586,0.04999997094273567,"{""backing"": 2.0, ""bot"": ""cone"", ""bot_depth"": 12.5, ""bot_params"": {""depth_jitter"": 0.0, ""height_seg"": 12, ""jitter"": 0.3, ""pitch"": 5.5, ""profile_power"": 1.0, ""radial_seg"": 24, ""tip_radius"": 0.2}, ""face_h"": 60.0, ""face_w"": 60.0, ""margin_depths"": 2.0, ""seed"": 101, ""top"": ""comb"", ""top_depth"": 37.5, ""top_params"": {""jitter"": 0.0, ""pitch"": 6.5, ""wall_bot"": 0.08, ""wall_top"": 0.08}}"
ST_comb-cone_75_s101,stack,comb/cone,foil + mould,0.08,101,d00,6.5,50.0,7.6923076923076925,0.03282051282051282,comb,cone,0.75,20.0,0.0005728775868192315,0.04999997094273567,"{""backing"": 2.0, ""bot"": ""cone"", ""bot_depth"": 12.5, ""bot_params"": {""depth_jitter"": 0.0, ""height_seg"": 12, ""jitter"": 0.3, ""pitch"": 5.5, ""profile_power"": 1.0, ""radial_seg"": 24, ""tip_radius"": 0.2}, ""face_h"": 60.0, ""face_w"": 60.0, ""margin_depths"": 2.0, ""seed"": 101, ""top"": ""comb"", ""top_depth"": 37.5, ""top_params"": {""jitter"": 0.0, ""pitch"": 6.5, ""wall_bot"": 0.08, ""wall_top"": 0.08}}"
ST_comb-cone_75_s101,stack,comb/cone,foil + mould,0.08,101,d00,6.5,50.0,7.6923076923076925,0.03282051282051282,comb,cone,0.75,40.0,0.0005739708431065083,0.04999997094273567,"{""backing"": 2.0, ""bot"": ""cone"", ""bot_depth"": 12.5, ""bot_params"": {""depth_jitter"": 0.0, ""height_seg"": 12, ""jitter"": 0.3, ""pitch"": 5.5, ""profile_power"": 1.0, ""radial_seg"": 24, ""tip_radius"": 0.2}, ""face_h"": 60.0, ""face_w"": 60.0, ""margin_depths"": 2.0, ""seed"": 101, ""top"": ""comb"", ""top_depth"": 37.5, ""top_params"": {""jitter"": 0.0, ""pitch"": 6.5, ""wall_bot"": 0.08, ""wall_top"": 0.08}}"
ST_comb-cone_75_s101,stack,comb/cone,foil + mould,0.08,101,d76,6.5,50.0,7.6923076923076925,0.03282051282051282,comb,cone,0.75,0.0,0.0004560694796964526,0.04999997094273567,"{""backing"": 2.0, ""bot"": ""cone"", ""bot_depth"": 12.5, ""bot_params"": {""depth_jitter"": 0.0, ""height_seg"": 12, ""jitter"": 0.3, ""pitch"": 5.5, ""profile_power"": 1.0, ""radial_seg"": 24, ""tip_radius"": 0.2}, ""face_h"": 60.0, ""face_w"": 60.0, ""margin_depths"": 2.0, ""seed"": 101, ""top"": ""comb"", ""top_depth"": 37.5, ""top_params"": {""jitter"": 0.0, ""pitch"": 6.5, ""wall_bot"": 0.08, ""wall_top"": 0.08}}"
ST_comb-cone_75_s101,stack,comb/cone,foil + mould,0.08,101,d76,6.5,50.0,7.6923076923076925,0.03282051282051282,comb,cone,0.75,-20.0,0.0011434435145929456,0.04999997094273567,"{""backing"": 2.0, ""bot"": ""cone"", ""bot_depth"": 12.5, ""bot_params"": {""depth_jitter"": 0.0, ""height_seg"": 12, ""jitter"": 0.3, ""pitch"": 5.5, ""profile_power"": 1.0, ""radial_seg"": 24, ""tip_radius"": 0.2}, ""face_h"": 60.0, ""face_w"": 60.0, ""margin_depths"": 2.0, ""seed"": 101, ""top"": ""comb"", ""top_depth"": 37.5, ""top_params"": {""jitter"": 0.0, ""pitch"": 6.5, ""wall_bot"": 0.08, ""wall_top"": 0.08}}"
ST_comb-cone_75_s101,stack,comb/cone,foil + mould,0.08,101,d76,6.5,50.0,7.6923076923076925,0.03282051282051282,comb,cone,0.75,-40.0,0.0018225901294499636,0.04999997094273567,"{""backing"": 2.0, ""bot"": ""cone"", ""bot_depth"": 12.5, ""bot_params"": {""depth_jitter"": 0.0, ""height_seg"": 12, ""jitter"": 0.3, ""pitch"": 5.5, ""profile_power"": 1.0, ""radial_seg"": 24, ""tip_radius"": 0.2}, ""face_h"": 60.0, ""face_w"": 60.0, ""margin_depths"": 2.0, ""seed"": 101, ""top"": ""comb"", ""top_depth"": 37.5, ""top_params"": {""jitter"": 0.0, ""pitch"": 6.5, ""wall_bot"": 0.08, ""wall_top"": 0.08}}"
ST_comb-cone_75_s101,stack,comb/cone,foil + mould,0.08,101,d76,6.5,50.0,7.6923076923076925,0.03282051282051282,comb,cone,0.75,20.0,0.0011506731389090419,0.04999997094273567,"{""backing"": 2.0, ""bot"": ""cone"", ""bot_depth"": 12.5, ""bot_params"": {""depth_jitter"": 0.0, ""height_seg"": 12, ""jitter"": 0.3, ""pitch"": 5.5, ""profile_power"": 1.0, ""radial_seg"": 24, ""tip_radius"": 0.2}, ""face_h"": 60.0, ""face_w"": 60.0, ""margin_depths"": 2.0, ""seed"": 101, ""top"": ""comb"", ""top_depth"": 37.5, ""top_params"": {""jitter"": 0.0, ""pitch"": 6.5, ""wall_bot"": 0.08, ""wall_top"": 0.08}}"
ST_comb-cone_75_s101,stack,comb/cone,foil + mould,0.08,101,d76,6.5,50.0,7.6923076923076925,0.03282051282051282,comb,cone,0.75,40.0,0.0018250633729621768,0.04999997094273567,"{""backing"": 2.0, ""bot"": ""cone"", ""bot_depth"": 12.5, ""bot_params"": {""depth_jitter"": 0.0, ""height_seg"": 12, ""jitter"": 0.3, ""pitch"": 5.5, ""profile_power"": 1.0, ""radial_seg"": 24, ""tip_radius"": 0.2}, ""face_h"": 60.0, ""face_w"": 60.0, ""margin_depths"": 2.0, ""seed"": 101, ""top"": ""comb"", ""top_depth"": 37.5, ""top_params"": {""jitter"": 0.0, ""pitch"": 6.5, ""wall_bot"": 0.08, ""wall_top"": 0.08}}"
ST_comb-cone_75_s101,stack,comb/cone,foil + mould,0.08,101,d100,6.5,50.0,7.6923076923076925,0.03282051282051282,comb,cone,0.75,0.0,0.00045754574239254,0.04999997094273567,"{""backing"": 2.0, ""bot"": ""cone"", ""bot_depth"": 12.5, ""bot_params"": {""depth_jitter"": 0.0, ""height_seg"": 12, ""jitter"": 0.3, ""pitch"": 5.5, ""profile_power"": 1.0, ""radial_seg"": 24, ""tip_radius"": 0.2}, ""face_h"": 60.0, ""face_w"": 60.0, ""margin_depths"": 2.0, ""seed"": 101, ""top"": ""comb"", ""top_depth"": 37.5, ""top_params"": {""jitter"": 0.0, ""pitch"": 6.5, ""wall_bot"": 0.08, ""wall_top"": 0.08}}"
ST_comb-cone_75_s101,stack,comb/cone,foil + mould,0.08,101,d100,6.5,50.0,7.6923076923076925,0.03282051282051282,comb,cone,0.75,-20.0,0.0013363107573240995,0.04999997094273567,"{""backing"": 2.0, ""bot"": ""cone"", ""bot_depth"": 12.5, ""bot_params"": {""depth_jitter"": 0.0, ""height_seg"": 12, ""jitter"": 0.3, ""pitch"": 5.5, ""profile_power"": 1.0, ""radial_seg"": 24, ""tip_radius"": 0.2}, ""face_h"": 60.0, ""face_w"": 60.0, ""margin_depths"": 2.0, ""seed"": 101, ""top"": ""comb"", ""top_depth"": 37.5, ""top_params"": {""jitter"": 0.0, ""pitch"": 6.5, ""wall_bot"": 0.08, ""wall_top"": 0.08}}"
ST_comb-cone_75_s101,stack,comb/cone,foil + mould,0.08,101,d100,6.5,50.0,7.6923076923076925,0.03282051282051282,comb,cone,0.75,-40.0,0.002224335912615061,0.04999997094273567,"{""backing"": 2.0, ""bot"": ""cone"", ""bot_depth"": 12.5, ""bot_params"": {""depth_jitter"": 0.0, ""height_seg"": 12, ""jitter"": 0.3, ""pitch"": 5.5, ""profile_power"": 1.0, ""radial_seg"": 24, ""tip_radius"": 0.2}, ""face_h"": 60.0, ""face_w"": 60.0, ""margin_depths"": 2.0, ""seed"": 101, ""top"": ""comb"", ""top_depth"": 37.5, ""top_params"": {""jitter"": 0.0, ""pitch"": 6.5, ""wall_bot"": 0.08, ""wall_top"": 0.08}}"
ST_comb-cone_75_s101,stack,comb/cone,foil + mould,0.08,101,d100,6.5,50.0,7.6923076923076925,0.03282051282051282,comb,cone,0.75,20.0,0.0013383933110162616,0.04999997094273567,"{""backing"": 2.0, ""bot"": ""cone"", ""bot_depth"": 12.5, ""bot_params"": {""depth_jitter"": 0.0, ""height_seg"": 12, ""jitter"": 0.3, ""pitch"": 5.5, ""profile_power"": 1.0, ""radial_seg"": 24, ""tip_radius"": 0.2}, ""face_h"": 60.0, ""face_w"": 60.0, ""margin_depths"": 2.0, ""seed"": 101, ""top"": ""comb"", ""top_depth"": 37.5, ""top_params"": {""jitter"": 0.0, ""pitch"": 6.5, ""wall_bot"": 0.08, ""wall_top"": 0.08}}"
ST_comb-cone_75_s101,stack,comb/cone,foil + mould,0.08,101,d100,6.5,50.0,7.6923076923076925,0.03282051282051282,comb,cone,0.75,40.0,0.002225754549726844,0.04999997094273567,"{""backing"": 2.0, ""bot"": ""cone"", ""bot_depth"": 12.5, ""bot_params"": {""depth_jitter"": 0.0, ""height_seg"": 12, ""jitter"": 0.3, ""pitch"": 5.5, ""profile_power"": 1.0, ""radial_seg"": 24, ""tip_radius"": 0.2}, ""face_h"": 60.0, ""face_w"": 60.0, ""margin_depths"": 2.0, ""seed"": 101, ""top"": ""comb"", ""top_depth"": 37.5, ""top_params"": {""jitter"": 0.0, ""pitch"": 6.5, ""wall_bot"": 0.08, ""wall_top"": 0.08}}"
ST_comb-cone_50_s102,stack,comb/cone,foil + mould,0.08,102,d00,6.5,50.0,7.6923076923076925,0.03282051282051282,comb,cone,0.5,0.0,0.0005278546013869345,0.04999997094273567,"{""backing"": 2.0, ""bot"": ""cone"", ""bot_depth"": 25.0, ""bot_params"": {""depth_jitter"": 0.0, ""height_seg"": 12, ""jitter"": 0.3, ""pitch"": 5.5, ""profile_power"": 1.0, ""radial_seg"": 24, ""tip_radius"": 0.2}, ""face_h"": 60.0, ""face_w"": 60.0, ""margin_depths"": 2.0, ""seed"": 102, ""top"": ""comb"", ""top_depth"": 25.0, ""top_params"": {""jitter"": 0.0, ""pitch"": 6.5, ""wall_bot"": 0.08, ""wall_top"": 0.08}}"
ST_comb-cone_50_s102,stack,comb/cone,foil + mould,0.08,102,d00,6.5,50.0,7.6923076923076925,0.03282051282051282,comb,cone,0.5,-20.0,0.0005794937605969608,0.04999997094273567,"{""backing"": 2.0, ""bot"": ""cone"", ""bot_depth"": 25.0, ""bot_params"": {""depth_jitter"": 0.0, ""height_seg"": 12, ""jitter"": 0.3, ""pitch"": 5.5, ""profile_power"": 1.0, ""radial_seg"": 24, ""tip_radius"": 0.2}, ""face_h"": 60.0, ""face_w"": 60.0, ""margin_depths"": 2.0, ""seed"": 102, ""top"": ""comb"", ""top_depth"": 25.0, ""top_params"": {""jitter"": 0.0, ""pitch"": 6.5, ""wall_bot"": 0.08, ""wall_top"": 0.08}}"
ST_comb-cone_50_s102,stack,comb/cone,foil + mould,0.08,102,d00,6.5,50.0,7.6923076923076925,0.03282051282051282,comb,cone,0.5,-40.0,0.0005834278999827802,0.04999997094273567,"{""backing"": 2.0, ""bot"": ""cone"", ""bot_depth"": 25.0, ""bot_params"": {""depth_jitter"": 0.0, ""height_seg"": 12, ""jitter"": 0.3, ""pitch"": 5.5, ""profile_power"": 1.0, ""radial_seg"": 24, ""tip_radius"": 0.2}, ""face_h"": 60.0, ""face_w"": 60.0, ""margin_depths"": 2.0, ""seed"": 102, ""top"": ""comb"", ""top_depth"": 25.0, ""top_params"": {""jitter"": 0.0, ""pitch"": 6.5, ""wall_bot"": 0.08, ""wall_top"": 0.08}}"
ST_comb-cone_50_s102,stack,comb/cone,foil + mould,0.08,102,d00,6.5,50.0,7.6923076923076925,0.03282051282051282,comb,cone,0.5,20.0,0.0005805362015962601,0.04999997094273567,"{""backing"": 2.0, ""bot"": ""cone"", ""bot_depth"": 25.0, ""bot_params"": {""depth_jitter"": 0.0, ""height_seg"": 12, ""jitter"": 0.3, ""pitch"": 5.5, ""profile_power"": 1.0, ""radial_seg"": 24, ""tip_radius"": 0.2}, ""face_h"": 60.0, ""face_w"": 60.0, ""margin_depths"": 2.0, ""seed"": 102, ""top"": ""comb"", ""top_depth"": 25.0, ""top_params"": {""jitter"": 0.0, ""pitch"": 6.5, ""wall_bot"": 0.08, ""wall_top"": 0.08}}"
ST_comb-cone_50_s102,stack,comb/cone,foil + mould,0.08,102,d00,6.5,50.0,7.6923076923076925,0.03282051282051282,comb,cone,0.5,40.0,0.0005820037331432104,0.04999997094273567,"{""backing"": 2.0, ""bot"": ""cone"", ""bot_depth"": 25.0, ""bot_params"": {""depth_jitter"": 0.0, ""height_seg"": 12, ""jitter"": 0.3, ""pitch"": 5.5, ""profile_power"": 1.0, ""radial_seg"": 24, ""tip_radius"": 0.2}, ""face_h"": 60.0, ""face_w"": 60.0, ""margin_depths"": 2.0, ""seed"": 102, ""top"": ""comb"", ""top_depth"": 25.0, ""top_params"": {""jitter"": 0.0, ""pitch"": 6.5, ""wall_bot"": 0.08, ""wall_top"": 0.08}}"
ST_comb-cone_50_s102,stack,comb/cone,foil + mould,0.08,102,d76,6.5,50.0,7.6923076923076925,0.03282051282051282,comb,cone,0.5,0.0,0.00047982597607187927,0.04999997094273567,"{""backing"": 2.0, ""bot"": ""cone"", ""bot_depth"": 25.0, ""bot_params"": {""depth_jitter"": 0.0, ""height_seg"": 12, ""jitter"": 0.3, ""pitch"": 5.5, ""profile_power"": 1.0, ""radial_seg"": 24, ""tip_radius"": 0.2}, ""face_h"": 60.0, ""face_w"": 60.0, ""margin_depths"": 2.0, ""seed"": 102, ""top"": ""comb"", ""top_depth"": 25.0, ""top_params"": {""jitter"": 0.0, ""pitch"": 6.5, ""wall_bot"": 0.08, ""wall_top"": 0.08}}"
ST_comb-cone_50_s102,stack,comb/cone,foil + mould,0.08,102,d76,6.5,50.0,7.6923076923076925,0.03282051282051282,comb,cone,0.5,-20.0,0.0011496349470689893,0.04999997094273567,"{""backing"": 2.0, ""bot"": ""cone"", ""bot_depth"": 25.0, ""bot_params"": {""depth_jitter"": 0.0, ""height_seg"": 12, ""jitter"": 0.3, ""pitch"": 5.5, ""profile_power"": 1.0, ""radial_seg"": 24, ""tip_radius"": 0.2}, ""face_h"": 60.0, ""face_w"": 60.0, ""margin_depths"": 2.0, ""seed"": 102, ""top"": ""comb"", ""top_depth"": 25.0, ""top_params"": {""jitter"": 0.0, ""pitch"": 6.5, ""wall_bot"": 0.08, ""wall_top"": 0.08}}"
ST_comb-cone_50_s102,stack,comb/cone,foil + mould,0.08,102,d76,6.5,50.0,7.6923076923076925,0.03282051282051282,comb,cone,0.5,-40.0,0.0018326251301914454,0.04999997094273567,"{""backing"": 2.0, ""bot"": ""cone"", ""bot_depth"": 25.0, ""bot_params"": {""depth_jitter"": 0.0, ""height_seg"": 12, ""jitter"": 0.3, ""pitch"": 5.5, ""profile_power"": 1.0, ""radial_seg"": 24, ""tip_radius"": 0.2}, ""face_h"": 60.0, ""face_w"": 60.0, ""margin_depths"": 2.0, ""seed"": 102, ""top"": ""comb"", ""top_depth"": 25.0, ""top_params"": {""jitter"": 0.0, ""pitch"": 6.5, ""wall_bot"": 0.08, ""wall_top"": 0.08}}"
ST_comb-cone_50_s102,stack,comb/cone,foil + mould,0.08,102,d76,6.5,50.0,7.6923076923076925,0.03282051282051282,comb,cone,0.5,20.0,0.0011538317194208503,0.04999997094273567,"{""backing"": 2.0, ""bot"": ""cone"", ""bot_depth"": 25.0, ""bot_params"": {""depth_jitter"": 0.0, ""height_seg"": 12, ""jitter"": 0.3, ""pitch"": 5.5, ""profile_power"": 1.0, ""radial_seg"": 24, ""tip_radius"": 0.2}, ""face_h"": 60.0, ""face_w"": 60.0, ""margin_depths"": 2.0, ""seed"": 102, ""top"": ""comb"", ""top_depth"": 25.0, ""top_params"": {""jitter"": 0.0, ""pitch"": 6.5, ""wall_bot"": 0.08, ""wall_top"": 0.08}}"
ST_comb-cone_50_s102,stack,comb/cone,foil + mould,0.08,102,d76,6.5,50.0,7.6923076923076925,0.03282051282051282,comb,cone,0.5,40.0,0.0018193714786320925,0.04999997094273567,"{""backing"": 2.0, ""bot"": ""cone"", ""bot_depth"": 25.0, ""bot_params"": {""depth_jitter"": 0.0, ""height_seg"": 12, ""jitter"": 0.3, ""pitch"": 5.5, ""profile_power"": 1.0, ""radial_seg"": 24, ""tip_radius"": 0.2}, ""face_h"": 60.0, ""face_w"": 60.0, ""margin_depths"": 2.0, ""seed"": 102, ""top"": ""comb"", ""top_depth"": 25.0, ""top_params"": {""jitter"": 0.0, ""pitch"": 6.5, ""wall_bot"": 0.08, ""wall_top"": 0.08}}"
ST_comb-cone_50_s102,stack,comb/cone,foil + mould,0.08,102,d100,6.5,50.0,7.6923076923076925,0.03282051282051282,comb,cone,0.5,0.0,0.0004725722537841648,0.04999997094273567,"{""backing"": 2.0, ""bot"": ""cone"", ""bot_depth"": 25.0, ""bot_params"": {""depth_jitter"": 0.0, ""height_seg"": 12, ""jitter"": 0.3, ""pitch"": 5.5, ""profile_power"": 1.0, ""radial_seg"": 24, ""tip_radius"": 0.2}, ""face_h"": 60.0, ""face_w"": 60.0, ""margin_depths"": 2.0, ""seed"": 102, ""top"": ""comb"", ""top_depth"": 25.0, ""top_params"": {""jitter"": 0.0, ""pitch"": 6.5, ""wall_bot"": 0.08, ""wall_top"": 0.08}}"
ST_comb-cone_50_s102,stack,comb/cone,foil + mould,0.08,102,d100,6.5,50.0,7.6923076923076925,0.03282051282051282,comb,cone,0.5,-20.0,0.0013382388278841972,0.04999997094273567,"{""backing"": 2.0, ""bot"": ""cone"", ""bot_depth"": 25.0, ""bot_params"": {""depth_jitter"": 0.0, ""height_seg"": 12, ""jitter"": 0.3, ""pitch"": 5.5, ""profile_power"": 1.0, ""radial_seg"": 24, ""tip_radius"": 0.2}, ""face_h"": 60.0, ""face_w"": 60.0, ""margin_depths"": 2.0, ""seed"": 102, ""top"": ""comb"", ""top_depth"": 25.0, ""top_params"": {""jitter"": 0.0, ""pitch"": 6.5, ""wall_bot"": 0.08, ""wall_top"": 0.08}}"
ST_comb-cone_50_s102,stack,comb/cone,foil + mould,0.08,102,d100,6.5,50.0,7.6923076923076925,0.03282051282051282,comb,cone,0.5,-40.0,0.0022332477383315563,0.04999997094273567,"{""backing"": 2.0, ""bot"": ""cone"", ""bot_depth"": 25.0, ""bot_params"": {""depth_jitter"": 0.0, ""height_seg"": 12, ""jitter"": 0.3, ""pitch"": 5.5, ""profile_power"": 1.0, ""radial_seg"": 24, ""tip_radius"": 0.2}, ""face_h"": 60.0, ""face_w"": 60.0, ""margin_depths"": 2.0, ""seed"": 102, ""top"": ""comb"", ""top_depth"": 25.0, ""top_params"": {""jitter"": 0.0, ""pitch"": 6.5, ""wall_bot"": 0.08, ""wall_top"": 0.08}}"
ST_comb-cone_50_s102,stack,comb/cone,foil + mould,0.08,102,d100,6.5,50.0,7.6923076923076925,0.03282051282051282,comb,cone,0.5,20.0,0.001352812978439033,0.04999997094273567,"{""backing"": 2.0, ""bot"": ""cone"", ""bot_depth"": 25.0, ""bot_params"": {""depth_jitter"": 0.0, ""height_seg"": 12, ""jitter"": 0.3, ""pitch"": 5.5, ""profile_power"": 1.0, ""radial_seg"": 24, ""tip_radius"": 0.2}, ""face_h"": 60.0, ""face_w"": 60.0, ""margin_depths"": 2.0, ""seed"": 102, ""top"": ""comb"", ""top_depth"": 25.0, ""top_params"": {""jitter"": 0.0, ""pitch"": 6.5, ""wall_bot"": 0.08, ""wall_top"": 0.08}}"
ST_comb-cone_50_s102,stack,comb/cone,foil + mould,0.08,102,d100,6.5,50.0,7.6923076923076925,0.03282051282051282,comb,cone,0.5,40.0,0.0022217154037207365,0.04999997094273567,"{""backing"": 2.0, ""bot"": ""cone"", ""bot_depth"": 25.0, ""bot_params"": {""depth_jitter"": 0.0, ""height_seg"": 12, ""jitter"": 0.3, ""pitch"": 5.5, ""profile_power"": 1.0, ""radial_seg"": 24, ""tip_radius"": 0.2}, ""face_h"": 60.0, ""face_w"": 60.0, ""margin_depths"": 2.0, ""seed"": 102, ""top"": ""comb"", ""top_depth"": 25.0, ""top_params"": {""jitter"": 0.0, ""pitch"": 6.5, ""wall_bot"": 0.08, ""wall_top"": 0.08}}"
ST_cone-comb_50_s102,stack,cone/comb,mould + foil,0.4,102,d00,6.5,50.0,7.6923076923076925,0.00479682476491694,cone,comb,0.5,0.0,0.0022489000111818314,0.04999997094273567,"{""backing"": 2.0, ""bot"": ""comb"", ""bot_depth"": 25.0, ""bot_params"": {""jitter"": 0.0, ""pitch"": 6.5, ""wall_bot"": 0.08, ""wall_top"": 0.08}, ""face_h"": 60.0, ""face_w"": 60.0, ""margin_depths"": 2.0, ""seed"": 102, ""top"": ""cone"", ""top_depth"": 25.0, ""top_params"": {""depth_jitter"": 0.0, ""height_seg"": 12, ""jitter"": 0.3, ""pitch"": 5.5, ""profile_power"": 1.0, ""radial_seg"": 24, ""tip_radius"": 0.2}}"
ST_cone-comb_50_s102,stack,cone/comb,mould + foil,0.4,102,d00,6.5,50.0,7.6923076923076925,0.00479682476491694,cone,comb,0.5,-20.0,0.0018927269848063588,0.04999997094273567,"{""backing"": 2.0, ""bot"": ""comb"", ""bot_depth"": 25.0, ""bot_params"": {""jitter"": 0.0, ""pitch"": 6.5, ""wall_bot"": 0.08, ""wall_top"": 0.08}, ""face_h"": 60.0, ""face_w"": 60.0, ""margin_depths"": 2.0, ""seed"": 102, ""top"": ""cone"", ""top_depth"": 25.0, ""top_params"": {""depth_jitter"": 0.0, ""height_seg"": 12, ""jitter"": 0.3, ""pitch"": 5.5, ""profile_power"": 1.0, ""radial_seg"": 24, ""tip_radius"": 0.2}}"
ST_cone-comb_50_s102,stack,cone/comb,mould + foil,0.4,102,d00,6.5,50.0,7.6923076923076925,0.00479682476491694,cone,comb,0.5,-40.0,0.002554139355197549,0.04999997094273567,"{""backing"": 2.0, ""bot"": ""comb"", ""bot_depth"": 25.0, ""bot_params"": {""jitter"": 0.0, ""pitch"": 6.5, ""wall_bot"": 0.08, ""wall_top"": 0.08}, ""face_h"": 60.0, ""face_w"": 60.0, ""margin_depths"": 2.0, ""seed"": 102, ""top"": ""cone"", ""top_depth"": 25.0, ""top_params"": {""depth_jitter"": 0.0, ""height_seg"": 12, ""jitter"": 0.3, ""pitch"": 5.5, ""profile_power"": 1.0, ""radial_seg"": 24, ""tip_radius"": 0.2}}"
ST_cone-comb_50_s102,stack,cone/comb,mould + foil,0.4,102,d00,6.5,50.0,7.6923076923076925,0.00479682476491694,cone,comb,0.5,20.0,0.0018642666982486844,0.04999997094273567,"{""backing"": 2.0, ""bot"": ""comb"", ""bot_depth"": 25.0, ""bot_params"": {""jitter"": 0.0, ""pitch"": 6.5, ""wall_bot"": 0.08, ""wall_top"": 0.08}, ""face_h"": 60.0, ""face_w"": 60.0, ""margin_depths"": 2.0, ""seed"": 102, ""top"": ""cone"", ""top_depth"": 25.0, ""top_params"": {""depth_jitter"": 0.0, ""height_seg"": 12, ""jitter"": 0.3, ""pitch"": 5.5, ""profile_power"": 1.0, ""radial_seg"": 24, ""tip_radius"": 0.2}}"
ST_cone-comb_50_s102,stack,cone/comb,mould + foil,0.4,102,d00,6.5,50.0,7.6923076923076925,0.00479682476491694,cone,comb,0.5,40.0,0.002584288129583001,0.04999997094273567,"{""backing"": 2.0, ""bot"": ""comb"", ""bot_depth"": 25.0, ""bot_params"": {""jitter"": 0.0, ""pitch"": 6.5, ""wall_bot"": 0.08, ""wall_top"": 0.08}, ""face_h"": 60.0, ""face_w"": 60.0, ""margin_depths"": 2.0, ""seed"": 102, ""top"": ""cone"", ""top_depth"": 25.0, ""top_params"": {""depth_jitter"": 0.0, ""height_seg"": 12, ""jitter"": 0.3, ""pitch"": 5.5, ""profile_power"": 1.0, ""radial_seg"": 24, ""tip_radius"": 0.2}}"
ST_cone-comb_50_s102,stack,cone/comb,mould + foil,0.4,102,d76,6.5,50.0,7.6923076923076925,0.00479682476491694,cone,comb,0.5,0.0,0.0017013205215334892,0.04999997094273567,"{""backing"": 2.0, ""bot"": ""comb"", ""bot_depth"": 25.0, ""bot_params"": {""jitter"": 0.0, ""pitch"": 6.5, ""wall_bot"": 0.08, ""wall_top"": 0.08}, ""face_h"": 60.0, ""face_w"": 60.0, ""margin_depths"": 2.0, ""seed"": 102, ""top"": ""cone"", ""top_depth"": 25.0, ""top_params"": {""depth_jitter"": 0.0, ""height_seg"": 12, ""jitter"": 0.3, ""pitch"": 5.5, ""profile_power"": 1.0, ""radial_seg"": 24, ""tip_radius"": 0.2}}"
ST_cone-comb_50_s102,stack,cone/comb,mould + foil,0.4,102,d76,6.5,50.0,7.6923076923076925,0.00479682476491694,cone,comb,0.5,-20.0,0.001866828417405486,0.04999997094273567,"{""backing"": 2.0, ""bot"": ""comb"", ""bot_depth"": 25.0, ""bot_params"": {""jitter"": 0.0, ""pitch"": 6.5, ""wall_bot"": 0.08, ""wall_top"": 0.08}, ""face_h"": 60.0, ""face_w"": 60.0, ""margin_depths"": 2.0, ""seed"": 102, ""top"": ""cone"", ""top_depth"": 25.0, ""top_params"": {""depth_jitter"": 0.0, ""height_seg"": 12, ""jitter"": 0.3, ""pitch"": 5.5, ""profile_power"": 1.0, ""radial_seg"": 24, ""tip_radius"": 0.2}}"
ST_cone-comb_50_s102,stack,cone/comb,mould + foil,0.4,102,d76,6.5,50.0,7.6923076923076925,0.00479682476491694,cone,comb,0.5,-40.0,0.0025178189389407635,0.04999997094273567,"{""backing"": 2.0, ""bot"": ""comb"", ""bot_depth"": 25.0, ""bot_params"": {""jitter"": 0.0, ""pitch"": 6.5, ""wall_bot"": 0.08, ""wall_top"": 0.08}, ""face_h"": 60.0, ""face_w"": 60.0, ""margin_depths"": 2.0, ""seed"": 102, ""top"": ""cone"", ""top_depth"": 25.0, ""top_params"": {""depth_jitter"": 0.0, ""height_seg"": 12, ""jitter"": 0.3, ""pitch"": 5.5, ""profile_power"": 1.0, ""radial_seg"": 24, ""tip_radius"": 0.2}}"
ST_cone-comb_50_s102,stack,cone/comb,mould + foil,0.4,102,d76,6.5,50.0,7.6923076923076925,0.00479682476491694,cone,comb,0.5,20.0,0.001835503033362329,0.04999997094273567,"{""backing"": 2.0, ""bot"": ""comb"", ""bot_depth"": 25.0, ""bot_params"": {""jitter"": 0.0, ""pitch"": 6.5, ""wall_bot"": 0.08, ""wall_top"": 0.08}, ""face_h"": 60.0, ""face_w"": 60.0, ""margin_depths"": 2.0, ""seed"": 102, ""top"": ""cone"", ""top_depth"": 25.0, ""top_params"": {""depth_jitter"": 0.0, ""height_seg"": 12, ""jitter"": 0.3, ""pitch"": 5.5, ""profile_power"": 1.0, ""radial_seg"": 24, ""tip_radius"": 0.2}}"
ST_cone-comb_50_s102,stack,cone/comb,mould + foil,0.4,102,d76,6.5,50.0,7.6923076923076925,0.00479682476491694,cone,comb,0.5,40.0,0.0025089229457080364,0.04999997094273567,"{""backing"": 2.0, ""bot"": ""comb"", ""bot_depth"": 25.0, ""bot_params"": {""jitter"": 0.0, ""pitch"": 6.5, ""wall_bot"": 0.08, ""wall_top"": 0.08}, ""face_h"": 60.0, ""face_w"": 60.0, ""margin_depths"": 2.0, ""seed"": 102, ""top"": ""cone"", ""top_depth"": 25.0, ""top_params"": {""depth_jitter"": 0.0, ""height_seg"": 12, ""jitter"": 0.3, ""pitch"": 5.5, ""profile_power"": 1.0, ""radial_seg"": 24, ""tip_radius"": 0.2}}"
ST_cone-comb_50_s102,stack,cone/comb,mould + foil,0.4,102,d100,6.5,50.0,7.6923076923076925,0.00479682476491694,cone,comb,0.5,0.0,0.0016807802021503448,0.04999997094273567,"{""backing"": 2.0, ""bot"": ""comb"", ""bot_depth"": 25.0, ""bot_params"": {""jitter"": 0.0, ""pitch"": 6.5, ""wall_bot"": 0.08, ""wall_top"": 0.08}, ""face_h"": 60.0, ""face_w"": 60.0, ""margin_depths"": 2.0, ""seed"": 102, ""top"": ""cone"", ""top_depth"": 25.0, ""top_params"": {""depth_jitter"": 0.0, ""height_seg"": 12, ""jitter"": 0.3, ""pitch"": 5.5, ""profile_power"": 1.0, ""radial_seg"": 24, ""tip_radius"": 0.2}}"
ST_cone-comb_50_s102,stack,cone/comb,mould + foil,0.4,102,d100,6.5,50.0,7.6923076923076925,0.00479682476491694,cone,comb,0.5,-20.0,0.002002144232392311,0.04999997094273567,"{""backing"": 2.0, ""bot"": ""comb"", ""bot_depth"": 25.0, ""bot_params"": {""jitter"": 0.0, ""pitch"": 6.5, ""wall_bot"": 0.08, ""wall_top"": 0.08}, ""face_h"": 60.0, ""face_w"": 60.0, ""margin_depths"": 2.0, ""seed"": 102, ""top"": ""cone"", ""top_depth"": 25.0, ""top_params"": {""depth_jitter"": 0.0, ""height_seg"": 12, ""jitter"": 0.3, ""pitch"": 5.5, ""profile_power"": 1.0, ""radial_seg"": 24, ""tip_radius"": 0.2}}"
ST_cone-comb_50_s102,stack,cone/comb,mould + foil,0.4,102,d100,6.5,50.0,7.6923076923076925,0.00479682476491694,cone,comb,0.5,-40.0,0.0026995481457561255,0.04999997094273567,"{""backing"": 2.0, ""bot"": ""comb"", ""bot_depth"": 25.0, ""bot_params"": {""jitter"": 0.0, ""pitch"": 6.5, ""wall_bot"": 0.08, ""wall_top"": 0.08}, ""face_h"": 60.0, ""face_w"": 60.0, ""margin_depths"": 2.0, ""seed"": 102, ""top"": ""cone"", ""top_depth"": 25.0, ""top_params"": {""depth_jitter"": 0.0, ""height_seg"": 12, ""jitter"": 0.3, ""pitch"": 5.5, ""profile_power"": 1.0, ""radial_seg"": 24, ""tip_radius"": 0.2}}"
ST_cone-comb_50_s102,stack,cone/comb,mould + foil,0.4,102,d100,6.5,50.0,7.6923076923076925,0.00479682476491694,cone,comb,0.5,20.0,0.001988765085116029,0.04999997094273567,"{""backing"": 2.0, ""bot"": ""comb"", ""bot_depth"": 25.0, ""bot_params"": {""jitter"": 0.0, ""pitch"": 6.5, ""wall_bot"": 0.08, ""wall_top"": 0.08}, ""face_h"": 60.0, ""face_w"": 60.0, ""margin_depths"": 2.0, ""seed"": 102, ""top"": ""cone"", ""top_depth"": 25.0, ""top_params"": {""depth_jitter"": 0.0, ""height_seg"": 12, ""jitter"": 0.3, ""pitch"": 5.5, ""profile_power"": 1.0, ""radial_seg"": 24, ""tip_radius"": 0.2}}"
ST_cone-comb_50_s102,stack,cone/comb,mould + foil,0.4,102,d100,6.5,50.0,7.6923076923076925,0.00479682476491694,cone,comb,0.5,40.0,0.0026703092735260725,0.04999997094273567,"{""backing"": 2.0, ""bot"": ""comb"", ""bot_depth"": 25.0, ""bot_params"": {""jitter"": 0.0, ""pitch"": 6.5, ""wall_bot"": 0.08, ""wall_top"": 0.08}, ""face_h"": 60.0, ""face_w"": 60.0, ""margin_depths"": 2.0, ""seed"": 102, ""top"": ""cone"", ""top_depth"": 25.0, ""top_params"": {""depth_jitter"": 0.0, ""height_seg"": 12, ""jitter"": 0.3, ""pitch"": 5.5, ""profile_power"": 1.0, ""radial_seg"": 24, ""tip_radius"": 0.2}}"
ST_comb-comb_50_s102,stack,comb/comb,expanded foil,0.08,102,d00,6.5,50.0,7.6923076923076925,0.03282051282051282,comb,comb,0.5,0.0,0.0011719525791704655,0.04999997094273567,"{""backing"": 2.0, ""bot"": ""comb"", ""bot_depth"": 25.0, ""bot_params"": {""jitter"": 0.0, ""pitch"": 3.17, ""wall_bot"": 0.04, ""wall_top"": 0.04}, ""face_h"": 60.0, ""face_w"": 60.0, ""margin_depths"": 2.0, ""seed"": 102, ""top"": ""comb"", ""top_depth"": 25.0, ""top_params"": {""jitter"": 0.0, ""pitch"": 6.5, ""wall_bot"": 0.08, ""wall_top"": 0.08}}"
ST_comb-comb_50_s102,stack,comb/comb,expanded foil,0.08,102,d00,6.5,50.0,7.6923076923076925,0.03282051282051282,comb,comb,0.5,-20.0,0.0005791670409962535,0.04999997094273567,"{""backing"": 2.0, ""bot"": ""comb"", ""bot_depth"": 25.0, ""bot_params"": {""jitter"": 0.0, ""pitch"": 3.17, ""wall_bot"": 0.04, ""wall_top"": 0.04}, ""face_h"": 60.0, ""face_w"": 60.0, ""margin_depths"": 2.0, ""seed"": 102, ""top"": ""comb"", ""top_depth"": 25.0, ""top_params"": {""jitter"": 0.0, ""pitch"": 6.5, ""wall_bot"": 0.08, ""wall_top"": 0.08}}"
ST_comb-comb_50_s102,stack,comb/comb,expanded foil,0.08,102,d00,6.5,50.0,7.6923076923076925,0.03282051282051282,comb,comb,0.5,-40.0,0.0005833321483805776,0.04999997094273567,"{""backing"": 2.0, ""bot"": ""comb"", ""bot_depth"": 25.0, ""bot_params"": {""jitter"": 0.0, ""pitch"": 3.17, ""wall_bot"": 0.04, ""wall_top"": 0.04}, ""face_h"": 60.0, ""face_w"": 60.0, ""margin_depths"": 2.0, ""seed"": 102, ""top"": ""comb"", ""top_depth"": 25.0, ""top_params"": {""jitter"": 0.0, ""pitch"": 6.5, ""wall_bot"": 0.08, ""wall_top"": 0.08}}"
ST_comb-comb_50_s102,stack,comb/comb,expanded foil,0.08,102,d00,6.5,50.0,7.6923076923076925,0.03282051282051282,comb,comb,0.5,20.0,0.0005802175728604198,0.04999997094273567,"{""backing"": 2.0, ""bot"": ""comb"", ""bot_depth"": 25.0, ""bot_params"": {""jitter"": 0.0, ""pitch"": 3.17, ""wall_bot"": 0.04, ""wall_top"": 0.04}, ""face_h"": 60.0, ""face_w"": 60.0, ""margin_depths"": 2.0, ""seed"": 102, ""top"": ""comb"", ""top_depth"": 25.0, ""top_params"": {""jitter"": 0.0, ""pitch"": 6.5, ""wall_bot"": 0.08, ""wall_top"": 0.08}}"
ST_comb-comb_50_s102,stack,comb/comb,expanded foil,0.08,102,d00,6.5,50.0,7.6923076923076925,0.03282051282051282,comb,comb,0.5,40.0,0.0005821591475978494,0.04999997094273567,"{""backing"": 2.0, ""bot"": ""comb"", ""bot_depth"": 25.0, ""bot_params"": {""jitter"": 0.0, ""pitch"": 3.17, ""wall_bot"": 0.04, ""wall_top"": 0.04}, ""face_h"": 60.0, ""face_w"": 60.0, ""margin_depths"": 2.0, ""seed"": 102, ""top"": ""comb"", ""top_depth"": 25.0, ""top_params"": {""jitter"": 0.0, ""pitch"": 6.5, ""wall_bot"": 0.08, ""wall_top"": 0.08}}"
ST_comb-comb_50_s102,stack,comb/comb,expanded foil,0.08,102,d76,6.5,50.0,7.6923076923076925,0.03282051282051282,comb,comb,0.5,0.0,0.0006273834151215851,0.04999997094273567,"{""backing"": 2.0, ""bot"": ""comb"", ""bot_depth"": 25.0, ""bot_params"": {""jitter"": 0.0, ""pitch"": 3.17, ""wall_bot"": 0.04, ""wall_top"": 0.04}, ""face_h"": 60.0, ""face_w"": 60.0, ""margin_depths"": 2.0, ""seed"": 102, ""top"": ""comb"", ""top_depth"": 25.0, ""top_params"": {""jitter"": 0.0, ""pitch"": 6.5, ""wall_bot"": 0.08, ""wall_top"": 0.08}}"
ST_comb-comb_50_s102,stack,comb/comb,expanded foil,0.08,102,d76,6.5,50.0,7.6923076923076925,0.03282051282051282,comb,comb,0.5,-20.0,0.0011495165526866913,0.04999997094273567,"{""backing"": 2.0, ""bot"": ""comb"", ""bot_depth"": 25.0, ""bot_params"": {""jitter"": 0.0, ""pitch"": 3.17, ""wall_bot"": 0.04, ""wall_top"": 0.04}, ""face_h"": 60.0, ""face_w"": 60.0, ""margin_depths"": 2.0, ""seed"": 102, ""top"": ""comb"", ""top_depth"": 25.0, ""top_params"": {""jitter"": 0.0, ""pitch"": 6.5, ""wall_bot"": 0.08, ""wall_top"": 0.08}}"
ST_comb-comb_50_s102,stack,comb/comb,expanded foil,0.08,102,d76,6.5,50.0,7.6923076923076925,0.03282051282051282,comb,comb,0.5,-40.0,0.00183267577085644,0.04999997094273567,"{""backing"": 2.0, ""bot"": ""comb"", ""bot_depth"": 25.0, ""bot_params"": {""jitter"": 0.0, ""pitch"": 3.17, ""wall_bot"": 0.04, ""wall_top"": 0.04}, ""face_h"": 60.0, ""face_w"": 60.0, ""margin_depths"": 2.0, ""seed"": 102, ""top"": ""comb"", ""top_depth"": 25.0, ""top_params"": {""jitter"": 0.0, ""pitch"": 6.5, ""wall_bot"": 0.08, ""wall_top"": 0.08}}"
ST_comb-comb_50_s102,stack,comb/comb,expanded foil,0.08,102,d76,6.5,50.0,7.6923076923076925,0.03282051282051282,comb,comb,0.5,20.0,0.0011536094825714827,0.04999997094273567,"{""backing"": 2.0, ""bot"": ""comb"", ""bot_depth"": 25.0, ""bot_params"": {""jitter"": 0.0, ""pitch"": 3.17, ""wall_bot"": 0.04, ""wall_top"": 0.04}, ""face_h"": 60.0, ""face_w"": 60.0, ""margin_depths"": 2.0, ""seed"": 102, ""top"": ""comb"", ""top_depth"": 25.0, ""top_params"": {""jitter"": 0.0, ""pitch"": 6.5, ""wall_bot"": 0.08, ""wall_top"": 0.08}}"
ST_comb-comb_50_s102,stack,comb/comb,expanded foil,0.08,102,d76,6.5,50.0,7.6923076923076925,0.03282051282051282,comb,comb,0.5,40.0,0.0018194277072325349,0.04999997094273567,"{""backing"": 2.0, ""bot"": ""comb"", ""bot_depth"": 25.0, ""bot_params"": {""jitter"": 0.0, ""pitch"": 3.17, ""wall_bot"": 0.04, ""wall_top"": 0.04}, ""face_h"": 60.0, ""face_w"": 60.0, ""margin_depths"": 2.0, ""seed"": 102, ""top"": ""comb"", ""top_depth"": 25.0, ""top_params"": {""jitter"": 0.0, ""pitch"": 6.5, ""wall_bot"": 0.08, ""wall_top"": 0.08}}"
ST_comb-comb_50_s102,stack,comb/comb,expanded foil,0.08,102,d100,6.5,50.0,7.6923076923076925,0.03282051282051282,comb,comb,0.5,0.0,0.0004763799952343106,0.04999997094273567,"{""backing"": 2.0, ""bot"": ""comb"", ""bot_depth"": 25.0, ""bot_params"": {""jitter"": 0.0, ""pitch"": 3.17, ""wall_bot"": 0.04, ""wall_top"": 0.04}, ""face_h"": 60.0, ""face_w"": 60.0, ""margin_depths"": 2.0, ""seed"": 102, ""top"": ""comb"", ""top_depth"": 25.0, ""top_params"": {""jitter"": 0.0, ""pitch"": 6.5, ""wall_bot"": 0.08, ""wall_top"": 0.08}}"
ST_comb-comb_50_s102,stack,comb/comb,expanded foil,0.08,102,d100,6.5,50.0,7.6923076923076925,0.03282051282051282,comb,comb,0.5,-20.0,0.0013382785255089402,0.04999997094273567,"{""backing"": 2.0, ""bot"": ""comb"", ""bot_depth"": 25.0, ""bot_params"": {""jitter"": 0.0, ""pitch"": 3.17, ""wall_bot"": 0.04, ""wall_top"": 0.04}, ""face_h"": 60.0, ""face_w"": 60.0, ""margin_depths"": 2.0, ""seed"": 102, ""top"": ""comb"", ""top_depth"": 25.0, ""top_params"": {""jitter"": 0.0, ""pitch"": 6.5, ""wall_bot"": 0.08, ""wall_top"": 0.08}}"
ST_comb-comb_50_s102,stack,comb/comb,expanded foil,0.08,102,d100,6.5,50.0,7.6923076923076925,0.03282051282051282,comb,comb,0.5,-40.0,0.0022332470398396254,0.04999997094273567,"{""backing"": 2.0, ""bot"": ""comb"", ""bot_depth"": 25.0, ""bot_params"": {""jitter"": 0.0, ""pitch"": 3.17, ""wall_bot"": 0.04, ""wall_top"": 0.04}, ""face_h"": 60.0, ""face_w"": 60.0, ""margin_depths"": 2.0, ""seed"": 102, ""top"": ""comb"", ""top_depth"": 25.0, ""top_params"": {""jitter"": 0.0, ""pitch"": 6.5, ""wall_bot"": 0.08, ""wall_top"": 0.08}}"
ST_comb-comb_50_s102,stack,comb/comb,expanded foil,0.08,102,d100,6.5,50.0,7.6923076923076925,0.03282051282051282,comb,comb,0.5,20.0,0.0013526458060368896,0.04999997094273567,"{""backing"": 2.0, ""bot"": ""comb"", ""bot_depth"": 25.0, ""bot_params"": {""jitter"": 0.0, ""pitch"": 3.17, ""wall_bot"": 0.04, ""wall_top"": 0.04}, ""face_h"": 60.0, ""face_w"": 60.0, ""margin_depths"": 2.0, ""seed"": 102, ""top"": ""comb"", ""top_depth"": 25.0, ""top_params"": {""jitter"": 0.0, ""pitch"": 6.5, ""wall_bot"": 0.08, ""wall_top"": 0.08}}"
ST_comb-comb_50_s102,stack,comb/comb,expanded foil,0.08,102,d100,6.5,50.0,7.6923076923076925,0.03282051282051282,comb,comb,0.5,40.0,0.002221819246187806,0.04999997094273567,"{""backing"": 2.0, ""bot"": ""comb"", ""bot_depth"": 25.0, ""bot_params"": {""jitter"": 0.0, ""pitch"": 3.17, ""wall_bot"": 0.04, ""wall_top"": 0.04}, ""face_h"": 60.0, ""face_w"": 60.0, ""margin_depths"": 2.0, ""seed"": 102, ""top"": ""comb"", ""top_depth"": 25.0, ""top_params"": {""jitter"": 0.0, ""pitch"": 6.5, ""wall_bot"": 0.08, ""wall_top"": 0.08}}"
ST_comb-comb_50_s102,stack,comb/comb,expanded foil,0.04,102,d00,6.5,50.0,7.6923076923076925,0.03364879074658255,comb,comb,0.5,0.0,0.0011128457263112068,0.04999997094273567,"{""backing"": 2.0, ""bot"": ""comb"", ""bot_depth"": 25.0, ""bot_params"": {""jitter"": 0.0, ""pitch"": 6.5, ""wall_bot"": 0.08, ""wall_top"": 0.08}, ""face_h"": 60.0, ""face_w"": 60.0, ""margin_depths"": 2.0, ""seed"": 102, ""top"": ""comb"", ""top_depth"": 25.0, ""top_params"": {""jitter"": 0.0, ""pitch"": 3.17, ""wall_bot"": 0.04, ""wall_top"": 0.04}}"
ST_comb-comb_50_s102,stack,comb/comb,expanded foil,0.04,102,d00,6.5,50.0,7.6923076923076925,0.03364879074658255,comb,comb,0.5,-20.0,0.0005897213122807443,0.04999997094273567,"{""backing"": 2.0, ""bot"": ""comb"", ""bot_depth"": 25.0, ""bot_params"": {""jitter"": 0.0, ""pitch"": 6.5, ""wall_bot"": 0.08, ""wall_top"": 0.08}, ""face_h"": 60.0, ""face_w"": 60.0, ""margin_depths"": 2.0, ""seed"": 102, ""top"": ""comb"", ""top_depth"": 25.0, ""top_params"": {""jitter"": 0.0, ""pitch"": 3.17, ""wall_bot"": 0.04, ""wall_top"": 0.04}}"
ST_comb-comb_50_s102,stack,comb/comb,expanded foil,0.04,102,d00,6.5,50.0,7.6923076923076925,0.03364879074658255,comb,comb,0.5,-40.0,0.000576417485717684,0.04999997094273567,"{""backing"": 2.0, ""bot"": ""comb"", ""bot_depth"": 25.0, ""bot_params"": {""jitter"": 0.0, ""pitch"": 6.5, ""wall_bot"": 0.08, ""wall_top"": 0.08}, ""face_h"": 60.0, ""face_w"": 60.0, ""margin_depths"": 2.0, ""seed"": 102, ""top"": ""comb"", ""top_depth"": 25.0, ""top_params"": {""jitter"": 0.0, ""pitch"": 3.17, ""wall_bot"": 0.04, ""wall_top"": 0.04}}"
ST_comb-comb_50_s102,stack,comb/comb,expanded foil,0.04,102,d00,6.5,50.0,7.6923076923076925,0.03364879074658255,comb,comb,0.5,20.0,0.0005854252376593649,0.04999997094273567,"{""backing"": 2.0, ""bot"": ""comb"", ""bot_depth"": 25.0, ""bot_params"": {""jitter"": 0.0, ""pitch"": 6.5, ""wall_bot"": 0.08, ""wall_top"": 0.08}, ""face_h"": 60.0, ""face_w"": 60.0, ""margin_depths"": 2.0, ""seed"": 102, ""top"": ""comb"", ""top_depth"": 25.0, ""top_params"": {""jitter"": 0.0, ""pitch"": 3.17, ""wall_bot"": 0.04, ""wall_top"": 0.04}}"
ST_comb-comb_50_s102,stack,comb/comb,expanded foil,0.04,102,d00,6.5,50.0,7.6923076923076925,0.03364879074658255,comb,comb,0.5,40.0,0.0005759030464105308,0.04999997094273567,"{""backing"": 2.0, ""bot"": ""comb"", ""bot_depth"": 25.0, ""bot_params"": {""jitter"": 0.0, ""pitch"": 6.5, ""wall_bot"": 0.08, ""wall_top"": 0.08}, ""face_h"": 60.0, ""face_w"": 60.0, ""margin_depths"": 2.0, ""seed"": 102, ""top"": ""comb"", ""top_depth"": 25.0, ""top_params"": {""jitter"": 0.0, ""pitch"": 3.17, ""wall_bot"": 0.04, ""wall_top"": 0.04}}"
ST_comb-comb_50_s102,stack,comb/comb,expanded foil,0.04,102,d76,6.5,50.0,7.6923076923076925,0.03364879074658255,comb,comb,0.5,0.0,0.0006025999318808317,0.04999997094273567,"{""backing"": 2.0, ""bot"": ""comb"", ""bot_depth"": 25.0, ""bot_params"": {""jitter"": 0.0, ""pitch"": 6.5, ""wall_bot"": 0.08, ""wall_top"": 0.08}, ""face_h"": 60.0, ""face_w"": 60.0, ""margin_depths"": 2.0, ""seed"": 102, ""top"": ""comb"", ""top_depth"": 25.0, ""top_params"": {""jitter"": 0.0, ""pitch"": 3.17, ""wall_bot"": 0.04, ""wall_top"": 0.04}}"
ST_comb-comb_50_s102,stack,comb/comb,expanded foil,0.04,102,d76,6.5,50.0,7.6923076923076925,0.03364879074658255,comb,comb,0.5,-20.0,0.0011596138356253505,0.04999997094273567,"{""backing"": 2.0, ""bot"": ""comb"", ""bot_depth"": 25.0, ""bot_params"": {""jitter"": 0.0, ""pitch"": 6.5, ""wall_bot"": 0.08, ""wall_top"": 0.08}, ""face_h"": 60.0, ""face_w"": 60.0, ""margin_depths"": 2.0, ""seed"": 102, ""top"": ""comb"", ""top_depth"": 25.0, ""top_params"": {""jitter"": 0.0, ""pitch"": 3.17, ""wall_bot"": 0.04, ""wall_top"": 0.04}}"
ST_comb-comb_50_s102,stack,comb/comb,expanded foil,0.04,102,d76,6.5,50.0,7.6923076923076925,0.03364879074658255,comb,comb,0.5,-40.0,0.0018171239644289017,0.04999997094273567,"{""backing"": 2.0, ""bot"": ""comb"", ""bot_depth"": 25.0, ""bot_params"": {""jitter"": 0.0, ""pitch"": 6.5, ""wall_bot"": 0.08, ""wall_top"": 0.08}, ""face_h"": 60.0, ""face_w"": 60.0, ""margin_depths"": 2.0, ""seed"": 102, ""top"": ""comb"", ""top_depth"": 25.0, ""top_params"": {""jitter"": 0.0, ""pitch"": 3.17, ""wall_bot"": 0.04, ""wall_top"": 0.04}}"
ST_comb-comb_50_s102,stack,comb/comb,expanded foil,0.04,102,d76,6.5,50.0,7.6923076923076925,0.03364879074658255,comb,comb,0.5,20.0,0.001164776156656444,0.04999997094273567,"{""backing"": 2.0, ""bot"": ""comb"", ""bot_depth"": 25.0, ""bot_params"": {""jitter"": 0.0, ""pitch"": 6.5, ""wall_bot"": 0.08, ""wall_top"": 0.08}, ""face_h"": 60.0, ""face_w"": 60.0, ""margin_depths"": 2.0, ""seed"": 102, ""top"": ""comb"", ""top_depth"": 25.0, ""top_params"": {""jitter"": 0.0, ""pitch"": 3.17, ""wall_bot"": 0.04, ""wall_top"": 0.04}}"
ST_comb-comb_50_s102,stack,comb/comb,expanded foil,0.04,102,d76,6.5,50.0,7.6923076923076925,0.03364879074658255,comb,comb,0.5,40.0,0.0018100218148902059,0.04999997094273567,"{""backing"": 2.0, ""bot"": ""comb"", ""bot_depth"": 25.0, ""bot_params"": {""jitter"": 0.0, ""pitch"": 6.5, ""wall_bot"": 0.08, ""wall_top"": 0.08}, ""face_h"": 60.0, ""face_w"": 60.0, ""margin_depths"": 2.0, ""seed"": 102, ""top"": ""comb"", ""top_depth"": 25.0, ""top_params"": {""jitter"": 0.0, ""pitch"": 3.17, ""wall_bot"": 0.04, ""wall_top"": 0.04}}"
ST_comb-comb_50_s102,stack,comb/comb,expanded foil,0.04,102,d100,6.5,50.0,7.6923076923076925,0.03364879074658255,comb,comb,0.5,0.0,0.00046687887515872717,0.04999997094273567,"{""backing"": 2.0, ""bot"": ""comb"", ""bot_depth"": 25.0, ""bot_params"": {""jitter"": 0.0, ""pitch"": 6.5, ""wall_bot"": 0.08, ""wall_top"": 0.08}, ""face_h"": 60.0, ""face_w"": 60.0, ""margin_depths"": 2.0, ""seed"": 102, ""top"": ""comb"", ""top_depth"": 25.0, ""top_params"": {""jitter"": 0.0, ""pitch"": 3.17, ""wall_bot"": 0.04, ""wall_top"": 0.04}}"
ST_comb-comb_50_s102,stack,comb/comb,expanded foil,0.04,102,d100,6.5,50.0,7.6923076923076925,0.03364879074658255,comb,comb,0.5,-20.0,0.001349506783299148,0.04999997094273567,"{""backing"": 2.0, ""bot"": ""comb"", ""bot_depth"": 25.0, ""bot_params"": {""jitter"": 0.0, ""pitch"": 6.5, ""wall_bot"": 0.08, ""wall_top"": 0.08}, ""face_h"": 60.0, ""face_w"": 60.0, ""margin_depths"": 2.0, ""seed"": 102, ""top"": ""comb"", ""top_depth"": 25.0, ""top_params"": {""jitter"": 0.0, ""pitch"": 3.17, ""wall_bot"": 0.04, ""wall_top"": 0.04}}"
ST_comb-comb_50_s102,stack,comb/comb,expanded foil,0.04,102,d100,6.5,50.0,7.6923076923076925,0.03364879074658255,comb,comb,0.5,-40.0,0.002214639913290739,0.04999997094273567,"{""backing"": 2.0, ""bot"": ""comb"", ""bot_depth"": 25.0, ""bot_params"": {""jitter"": 0.0, ""pitch"": 6.5, ""wall_bot"": 0.08, ""wall_top"": 0.08}, ""face_h"": 60.0, ""face_w"": 60.0, ""margin_depths"": 2.0, ""seed"": 102, ""top"": ""comb"", ""top_depth"": 25.0, ""top_params"": {""jitter"": 0.0, ""pitch"": 3.17, ""wall_bot"": 0.04, ""wall_top"": 0.04}}"
ST_comb-comb_50_s102,stack,comb/comb,expanded foil,0.04,102,d100,6.5,50.0,7.6923076923076925,0.03364879074658255,comb,comb,0.5,20.0,0.0013671420747414231,0.04999997094273567,"{""backing"": 2.0, ""bot"": ""comb"", ""bot_depth"": 25.0, ""bot_params"": {""jitter"": 0.0, ""pitch"": 6.5, ""wall_bot"": 0.08, ""wall_top"": 0.08}, ""face_h"": 60.0, ""face_w"": 60.0, ""margin_depths"": 2.0, ""seed"": 102, ""top"": ""comb"", ""top_depth"": 25.0, ""top_params"": {""jitter"": 0.0, ""pitch"": 3.17, ""wall_bot"": 0.04, ""wall_top"": 0.04}}"
ST_comb-comb_50_s102,stack,comb/comb,expanded foil,0.04,102,d100,6.5,50.0,7.6923076923076925,0.03364879074658255,comb,comb,0.5,40.0,0.0022149360738694668,0.04999997094273567,"{""backing"": 2.0, ""bot"": ""comb"", ""bot_depth"": 25.0, ""bot_params"": {""jitter"": 0.0, ""pitch"": 6.5, ""wall_bot"": 0.08, ""wall_top"": 0.08}, ""face_h"": 60.0, ""face_w"": 60.0, ""margin_depths"": 2.0, ""seed"": 102, ""top"": ""comb"", ""top_depth"": 25.0, ""top_params"": {""jitter"": 0.0, ""pitch"": 3.17, ""wall_bot"": 0.04, ""wall_top"": 0.04}}"
ST_comb-shin_50_s102,stack,comb/shingle,foil + sheet,0.08,102,d00,6.5,50.0,7.6923076923076925,0.03282051282051282,comb,shingle,0.5,0.0,0.0017144050216302276,0.04999997094273567,"{""backing"": 2.0, ""bot"": ""shingle"", ""bot_depth"": 25.0, ""bot_params"": {""azimuth_mode"": ""grid"", ""jitter"": 0.3, ""pitch"": 5.5, ""plate_t_bot"": 0.1, ""plate_t_top"": 0.1, ""tilt_deg"": 2.0, ""tilt_jitter"": 0.0}, ""face_h"": 60.0, ""face_w"": 60.0, ""margin_depths"": 2.0, ""seed"": 102, ""top"": ""comb"", ""top_depth"": 25.0, ""top_params"": {""jitter"": 0.0, ""pitch"": 6.5, ""wall_bot"": 0.08, ""wall_top"": 0.08}}"
ST_comb-shin_50_s102,stack,comb/shingle,foil + sheet,0.08,102,d00,6.5,50.0,7.6923076923076925,0.03282051282051282,comb,shingle,0.5,-20.0,0.0005793816526420414,0.04999997094273567,"{""backing"": 2.0, ""bot"": ""shingle"", ""bot_depth"": 25.0, ""bot_params"": {""azimuth_mode"": ""grid"", ""jitter"": 0.3, ""pitch"": 5.5, ""plate_t_bot"": 0.1, ""plate_t_top"": 0.1, ""tilt_deg"": 2.0, ""tilt_jitter"": 0.0}, ""face_h"": 60.0, ""face_w"": 60.0, ""margin_depths"": 2.0, ""seed"": 102, ""top"": ""comb"", ""top_depth"": 25.0, ""top_params"": {""jitter"": 0.0, ""pitch"": 6.5, ""wall_bot"": 0.08, ""wall_top"": 0.08}}"
ST_comb-shin_50_s102,stack,comb/shingle,foil + sheet,0.08,102,d00,6.5,50.0,7.6923076923076925,0.03282051282051282,comb,shingle,0.5,-40.0,0.0005833088653162122,0.04999997094273567,"{""backing"": 2.0, ""bot"": ""shingle"", ""bot_depth"": 25.0, ""bot_params"": {""azimuth_mode"": ""grid"", ""jitter"": 0.3, ""pitch"": 5.5, ""plate_t_bot"": 0.1, ""plate_t_top"": 0.1, ""tilt_deg"": 2.0, ""tilt_jitter"": 0.0}, ""face_h"": 60.0, ""face_w"": 60.0, ""margin_depths"": 2.0, ""seed"": 102, ""top"": ""comb"", ""top_depth"": 25.0, ""top_params"": {""jitter"": 0.0, ""pitch"": 6.5, ""wall_bot"": 0.08, ""wall_top"": 0.08}}"
ST_comb-shin_50_s102,stack,comb/shingle,foil + sheet,0.08,102,d00,6.5,50.0,7.6923076923076925,0.03282051282051282,comb,shingle,0.5,20.0,0.0005805758992210031,0.04999997094273567,"{""backing"": 2.0, ""bot"": ""shingle"", ""bot_depth"": 25.0, ""bot_params"": {""azimuth_mode"": ""grid"", ""jitter"": 0.3, ""pitch"": 5.5, ""plate_t_bot"": 0.1, ""plate_t_top"": 0.1, ""tilt_deg"": 2.0, ""tilt_jitter"": 0.0}, ""face_h"": 60.0, ""face_w"": 60.0, ""margin_depths"": 2.0, ""seed"": 102, ""top"": ""comb"", ""top_depth"": 25.0, ""top_params"": {""jitter"": 0.0, ""pitch"": 6.5, ""wall_bot"": 0.08, ""wall_top"": 0.08}}"
ST_comb-shin_50_s102,stack,comb/shingle,foil + sheet,0.08,102,d00,6.5,50.0,7.6923076923076925,0.03282051282051282,comb,shingle,0.5,40.0,0.0005817487835884094,0.04999997094273567,"{""backing"": 2.0, ""bot"": ""shingle"", ""bot_depth"": 25.0, ""bot_params"": {""azimuth_mode"": ""grid"", ""jitter"": 0.3, ""pitch"": 5.5, ""plate_t_bot"": 0.1, ""plate_t_top"": 0.1, ""tilt_deg"": 2.0, ""tilt_jitter"": 0.0}, ""face_h"": 60.0, ""face_w"": 60.0, ""margin_depths"": 2.0, ""seed"": 102, ""top"": ""comb"", ""top_depth"": 25.0, ""top_params"": {""jitter"": 0.0, ""pitch"": 6.5, ""wall_bot"": 0.08, ""wall_top"": 0.08}}"
ST_comb-shin_50_s102,stack,comb/shingle,foil + sheet,0.08,102,d76,6.5,50.0,7.6923076923076925,0.03282051282051282,comb,shingle,0.5,0.0,0.0007675730157643557,0.04999997094273567,"{""backing"": 2.0, ""bot"": ""shingle"", ""bot_depth"": 25.0, ""bot_params"": {""azimuth_mode"": ""grid"", ""jitter"": 0.3, ""pitch"": 5.5, ""plate_t_bot"": 0.1, ""plate_t_top"": 0.1, ""tilt_deg"": 2.0, ""tilt_jitter"": 0.0}, ""face_h"": 60.0, ""face_w"": 60.0, ""margin_depths"": 2.0, ""seed"": 102, ""top"": ""comb"", ""top_depth"": 25.0, ""top_params"": {""jitter"": 0.0, ""pitch"": 6.5, ""wall_bot"": 0.08, ""wall_top"": 0.08}}"
ST_comb-shin_50_s102,stack,comb/shingle,foil + sheet,0.08,102,d76,6.5,50.0,7.6923076923076925,0.03282051282051282,comb,shingle,0.5,-20.0,0.0011494896607473493,0.04999997094273567,"{""backing"": 2.0, ""bot"": ""shingle"", ""bot_depth"": 25.0, ""bot_params"": {""azimuth_mode"": ""grid"", ""jitter"": 0.3, ""pitch"": 5.5, ""plate_t_bot"": 0.1, ""plate_t_top"": 0.1, ""tilt_deg"": 2.0, ""tilt_jitter"": 0.0}, ""face_h"": 60.0, ""face_w"": 60.0, ""margin_depths"": 2.0, ""seed"": 102, ""top"": ""comb"", ""top_depth"": 25.0, ""top_params"": {""jitter"": 0.0, ""pitch"": 6.5, ""wall_bot"": 0.08, ""wall_top"": 0.08}}"
ST_comb-shin_50_s102,stack,comb/shingle,foil + sheet,0.08,102,d76,6.5,50.0,7.6923076923076925,0.03282051282051282,comb,shingle,0.5,-40.0,0.0018324623815715313,0.04999997094273567,"{""backing"": 2.0, ""bot"": ""shingle"", ""bot_depth"": 25.0, ""bot_params"": {""azimuth_mode"": ""grid"", ""jitter"": 0.3, ""pitch"": 5.5, ""plate_t_bot"": 0.1, ""plate_t_top"": 0.1, ""tilt_deg"": 2.0, ""tilt_jitter"": 0.0}, ""face_h"": 60.0, ""face_w"": 60.0, ""margin_depths"": 2.0, ""seed"": 102, ""top"": ""comb"", ""top_depth"": 25.0, ""top_params"": {""jitter"": 0.0, ""pitch"": 6.5, ""wall_bot"": 0.08, ""wall_top"": 0.08}}"
ST_comb-shin_50_s102,stack,comb/shingle,foil + sheet,0.08,102,d76,6.5,50.0,7.6923076923076925,0.03282051282051282,comb,shingle,0.5,20.0,0.0011536317178979516,0.04999997094273567,"{""backing"": 2.0, ""bot"": ""shingle"", ""bot_depth"": 25.0, ""bot_params"": {""azimuth_mode"": ""grid"", ""jitter"": 0.3, ""pitch"": 5.5, ""plate_t_bot"": 0.1, ""plate_t_top"": 0.1, ""tilt_deg"": 2.0, ""tilt_jitter"": 0.0}, ""face_h"": 60.0, ""face_w"": 60.0, ""margin_depths"": 2.0, ""seed"": 102, ""top"": ""comb"", ""top_depth"": 25.0, ""top_params"": {""jitter"": 0.0, ""pitch"": 6.5, ""wall_bot"": 0.08, ""wall_top"": 0.08}}"
ST_comb-shin_50_s102,stack,comb/shingle,foil + sheet,0.08,102,d76,6.5,50.0,7.6923076923076925,0.03282051282051282,comb,shingle,0.5,40.0,0.0018191037233918905,0.04999997094273567,"{""backing"": 2.0, ""bot"": ""shingle"", ""bot_depth"": 25.0, ""bot_params"": {""azimuth_mode"": ""grid"", ""jitter"": 0.3, ""pitch"": 5.5, ""plate_t_bot"": 0.1, ""plate_t_top"": 0.1, ""tilt_deg"": 2.0, ""tilt_jitter"": 0.0}, ""face_h"": 60.0, ""face_w"": 60.0, ""margin_depths"": 2.0, ""seed"": 102, ""top"": ""comb"", ""top_depth"": 25.0, ""top_params"": {""jitter"": 0.0, ""pitch"": 6.5, ""wall_bot"": 0.08, ""wall_top"": 0.08}}"
ST_comb-shin_50_s102,stack,comb/shingle,foil + sheet,0.08,102,d100,6.5,50.0,7.6923076923076925,0.03282051282051282,comb,shingle,0.5,0.0,0.0005066552548669279,0.04999997094273567,"{""backing"": 2.0, ""bot"": ""shingle"", ""bot_depth"": 25.0, ""bot_params"": {""azimuth_mode"": ""grid"", ""jitter"": 0.3, ""pitch"": 5.5, ""plate_t_bot"": 0.1, ""plate_t_top"": 0.1, ""tilt_deg"": 2.0, ""tilt_jitter"": 0.0}, ""face_h"": 60.0, ""face_w"": 60.0, ""margin_depths"": 2.0, ""seed"": 102, ""top"": ""comb"", ""top_depth"": 25.0, ""top_params"": {""jitter"": 0.0, ""pitch"": 6.5, ""wall_bot"": 0.08, ""wall_top"": 0.08}}"
ST_comb-shin_50_s102,stack,comb/shingle,foil + sheet,0.08,102,d100,6.5,50.0,7.6923076923076925,0.03282051282051282,comb,shingle,0.5,-20.0,0.001338195870630443,0.04999997094273567,"{""backing"": 2.0, ""bot"": ""shingle"", ""bot_depth"": 25.0, ""bot_params"": {""azimuth_mode"": ""grid"", ""jitter"": 0.3, ""pitch"": 5.5, ""plate_t_bot"": 0.1, ""plate_t_top"": 0.1, ""tilt_deg"": 2.0, ""tilt_jitter"": 0.0}, ""face_h"": 60.0, ""face_w"": 60.0, ""margin_depths"": 2.0, ""seed"": 102, ""top"": ""comb"", ""top_depth"": 25.0, ""top_params"": {""jitter"": 0.0, ""pitch"": 6.5, ""wall_bot"": 0.08, ""wall_top"": 0.08}}"
ST_comb-shin_50_s102,stack,comb/shingle,foil + sheet,0.08,102,d100,6.5,50.0,7.6923076923076925,0.03282051282051282,comb,shingle,0.5,-40.0,0.0022331441286951303,0.04999997094273567,"{""backing"": 2.0, ""bot"": ""shingle"", ""bot_depth"": 25.0, ""bot_params"": {""azimuth_mode"": ""grid"", ""jitter"": 0.3, ""pitch"": 5.5, ""plate_t_bot"": 0.1, ""plate_t_top"": 0.1, ""tilt_deg"": 2.0, ""tilt_jitter"": 0.0}, ""face_h"": 60.0, ""face_w"": 60.0, ""margin_depths"": 2.0, ""seed"": 102, ""top"": ""comb"", ""top_depth"": 25.0, ""top_params"": {""jitter"": 0.0, ""pitch"": 6.5, ""wall_bot"": 0.08, ""wall_top"": 0.08}}"
ST_comb-shin_50_s102,stack,comb/shingle,foil + sheet,0.08,102,d100,6.5,50.0,7.6923076923076925,0.03282051282051282,comb,shingle,0.5,20.0,0.00135260378010571,0.04999997094273567,"{""backing"": 2.0, ""bot"": ""shingle"", ""bot_depth"": 25.0, ""bot_params"": {""azimuth_mode"": ""grid"", ""jitter"": 0.3, ""pitch"": 5.5, ""plate_t_bot"": 0.1, ""plate_t_top"": 0.1, ""tilt_deg"": 2.0, ""tilt_jitter"": 0.0}, ""face_h"": 60.0, ""face_w"": 60.0, ""margin_depths"": 2.0, ""seed"": 102, ""top"": ""comb"", ""top_depth"": 25.0, ""top_params"": {""jitter"": 0.0, ""pitch"": 6.5, ""wall_bot"": 0.08, ""wall_top"": 0.08}}"
ST_comb-shin_50_s102,stack,comb/shingle,foil + sheet,0.08,102,d100,6.5,50.0,7.6923076923076925,0.03282051282051282,comb,shingle,0.5,40.0,0.0022213004995137453,0.04999997094273567,"{""backing"": 2.0, ""bot"": ""shingle"", ""bot_depth"": 25.0, ""bot_params"": {""azimuth_mode"": ""grid"", ""jitter"": 0.3, ""pitch"": 5.5, ""plate_t_bot"": 0.1, ""plate_t_top"": 0.1, ""tilt_deg"": 2.0, ""tilt_jitter"": 0.0}, ""face_h"": 60.0, ""face_w"": 60.0, ""margin_depths"": 2.0, ""seed"": 102, ""top"": ""comb"", ""top_depth"": 25.0, ""top_params"": {""jitter"": 0.0, ""pitch"": 6.5, ""wall_bot"": 0.08, ""wall_top"": 0.08}}"
ST_shin-comb_50_s102,stack,shingle/comb,sheet + foil,0.1,102,d00,6.5,50.0,7.6923076923076925,0.03044210510272572,shingle,comb,0.5,0.0,0.0018641840433701873,0.04999997094273567,"{""backing"": 2.0, ""bot"": ""comb"", ""bot_depth"": 25.0, ""bot_params"": {""jitter"": 0.0, ""pitch"": 6.5, ""wall_bot"": 0.08, ""wall_top"": 0.08}, ""face_h"": 60.0, ""face_w"": 60.0, ""margin_depths"": 2.0, ""seed"": 102, ""top"": ""shingle"", ""top_depth"": 25.0, ""top_params"": {""azimuth_mode"": ""grid"", ""jitter"": 0.3, ""pitch"": 5.5, ""plate_t_bot"": 0.1, ""plate_t_top"": 0.1, ""tilt_deg"": 2.0, ""tilt_jitter"": 0.0}}"
ST_shin-comb_50_s102,stack,shingle/comb,sheet + foil,0.1,102,d00,6.5,50.0,7.6923076923076925,0.03044210510272572,shingle,comb,0.5,-20.0,0.0005562106380239129,0.04999997094273567,"{""backing"": 2.0, ""bot"": ""comb"", ""bot_depth"": 25.0, ""bot_params"": {""jitter"": 0.0, ""pitch"": 6.5, ""wall_bot"": 0.08, ""wall_top"": 0.08}, ""face_h"": 60.0, ""face_w"": 60.0, ""margin_depths"": 2.0, ""seed"": 102, ""top"": ""shingle"", ""top_depth"": 25.0, ""top_params"": {""azimuth_mode"": ""grid"", ""jitter"": 0.3, ""pitch"": 5.5, ""plate_t_bot"": 0.1, ""plate_t_top"": 0.1, ""tilt_deg"": 2.0, ""tilt_jitter"": 0.0}}"
ST_shin-comb_50_s102,stack,shingle/comb,sheet + foil,0.1,102,d00,6.5,50.0,7.6923076923076925,0.03044210510272572,shingle,comb,0.5,-40.0,0.0005185800837352872,0.04999997094273567,"{""backing"": 2.0, ""bot"": ""comb"", ""bot_depth"": 25.0, ""bot_params"": {""jitter"": 0.0, ""pitch"": 6.5, ""wall_bot"": 0.08, ""wall_top"": 0.08}, ""face_h"": 60.0, ""face_w"": 60.0, ""margin_depths"": 2.0, ""seed"": 102, ""top"": ""shingle"", ""top_depth"": 25.0, ""top_params"": {""azimuth_mode"": ""grid"", ""jitter"": 0.3, ""pitch"": 5.5, ""plate_t_bot"": 0.1, ""plate_t_top"": 0.1, ""tilt_deg"": 2.0, ""tilt_jitter"": 0.0}}"
ST_shin-comb_50_s102,stack,shingle/comb,sheet + foil,0.1,102,d00,6.5,50.0,7.6923076923076925,0.03044210510272572,shingle,comb,0.5,20.0,0.0005115981330163777,0.04999997094273567,"{""backing"": 2.0, ""bot"": ""comb"", ""bot_depth"": 25.0, ""bot_params"": {""jitter"": 0.0, ""pitch"": 6.5, ""wall_bot"": 0.08, ""wall_top"": 0.08}, ""face_h"": 60.0, ""face_w"": 60.0, ""margin_depths"": 2.0, ""seed"": 102, ""top"": ""shingle"", ""top_depth"": 25.0, ""top_params"": {""azimuth_mode"": ""grid"", ""jitter"": 0.3, ""pitch"": 5.5, ""plate_t_bot"": 0.1, ""plate_t_top"": 0.1, ""tilt_deg"": 2.0, ""tilt_jitter"": 0.0}}"
ST_shin-comb_50_s102,stack,shingle/comb,sheet + foil,0.1,102,d00,6.5,50.0,7.6923076923076925,0.03044210510272572,shingle,comb,0.5,40.0,0.0005072388448752463,0.04999997094273567,"{""backing"": 2.0, ""bot"": ""comb"", ""bot_depth"": 25.0, ""bot_params"": {""jitter"": 0.0, ""pitch"": 6.5, ""wall_bot"": 0.08, ""wall_top"": 0.08}, ""face_h"": 60.0, ""face_w"": 60.0, ""margin_depths"": 2.0, ""seed"": 102, ""top"": ""shingle"", ""top_depth"": 25.0, ""top_params"": {""azimuth_mode"": ""grid"", ""jitter"": 0.3, ""pitch"": 5.5, ""plate_t_bot"": 0.1, ""plate_t_top"": 0.1, ""tilt_deg"": 2.0, ""tilt_jitter"": 0.0}}"
ST_shin-comb_50_s102,stack,shingle/comb,sheet + foil,0.1,102,d76,6.5,50.0,7.6923076923076925,0.03044210510272572,shingle,comb,0.5,0.0,0.0008180958684533834,0.04999997094273567,"{""backing"": 2.0, ""bot"": ""comb"", ""bot_depth"": 25.0, ""bot_params"": {""jitter"": 0.0, ""pitch"": 6.5, ""wall_bot"": 0.08, ""wall_top"": 0.08}, ""face_h"": 60.0, ""face_w"": 60.0, ""margin_depths"": 2.0, ""seed"": 102, ""top"": ""shingle"", ""top_depth"": 25.0, ""top_params"": {""azimuth_mode"": ""grid"", ""jitter"": 0.3, ""pitch"": 5.5, ""plate_t_bot"": 0.1, ""plate_t_top"": 0.1, ""tilt_deg"": 2.0, ""tilt_jitter"": 0.0}}"
ST_shin-comb_50_s102,stack,shingle/comb,sheet + foil,0.1,102,d76,6.5,50.0,7.6923076923076925,0.03044210510272572,shingle,comb,0.5,-20.0,0.0009675485780462623,0.04999997094273567,"{""backing"": 2.0, ""bot"": ""comb"", ""bot_depth"": 25.0, ""bot_params"": {""jitter"": 0.0, ""pitch"": 6.5, ""wall_bot"": 0.08, ""wall_top"": 0.08}, ""face_h"": 60.0, ""face_w"": 60.0, ""margin_depths"": 2.0, ""seed"": 102, ""top"": ""shingle"", ""top_depth"": 25.0, ""top_params"": {""azimuth_mode"": ""grid"", ""jitter"": 0.3, ""pitch"": 5.5, ""plate_t_bot"": 0.1, ""plate_t_top"": 0.1, ""tilt_deg"": 2.0, ""tilt_jitter"": 0.0}}"
ST_shin-comb_50_s102,stack,shingle/comb,sheet + foil,0.1,102,d76,6.5,50.0,7.6923076923076925,0.03044210510272572,shingle,comb,0.5,-40.0,0.0015621304046362638,0.04999997094273567,"{""backing"": 2.0, ""bot"": ""comb"", ""bot_depth"": 25.0, ""bot_params"": {""jitter"": 0.0, ""pitch"": 6.5, ""wall_bot"": 0.08, ""wall_top"": 0.08}, ""face_h"": 60.0, ""face_w"": 60.0, ""margin_depths"": 2.0, ""seed"": 102, ""top"": ""shingle"", ""top_depth"": 25.0, ""top_params"": {""azimuth_mode"": ""grid"", ""jitter"": 0.3, ""pitch"": 5.5, ""plate_t_bot"": 0.1, ""plate_t_top"": 0.1, ""tilt_deg"": 2.0, ""tilt_jitter"": 0.0}}"
ST_shin-comb_50_s102,stack,shingle/comb,sheet + foil,0.1,102,d76,6.5,50.0,7.6923076923076925,0.03044210510272572,shingle,comb,0.5,20.0,0.001183285377919674,0.04999997094273567,"{""backing"": 2.0, ""bot"": ""comb"", ""bot_depth"": 25.0, ""bot_params"": {""jitter"": 0.0, ""pitch"": 6.5, ""wall_bot"": 0.08, ""wall_top"": 0.08}, ""face_h"": 60.0, ""face_w"": 60.0, ""margin_depths"": 2.0, ""seed"": 102, ""top"": ""shingle"", ""top_depth"": 25.0, ""top_params"": {""azimuth_mode"": ""grid"", ""jitter"": 0.3, ""pitch"": 5.5, ""plate_t_bot"": 0.1, ""plate_t_top"": 0.1, ""tilt_deg"": 2.0, ""tilt_jitter"": 0.0}}"
ST_shin-comb_50_s102,stack,shingle/comb,sheet + foil,0.1,102,d76,6.5,50.0,7.6923076923076925,0.03044210510272572,shingle,comb,0.5,40.0,0.0018386382143944502,0.04999997094273567,"{""backing"": 2.0, ""bot"": ""comb"", ""bot_depth"": 25.0, ""bot_params"": {""jitter"": 0.0, ""pitch"": 6.5, ""wall_bot"": 0.08, ""wall_top"": 0.08}, ""face_h"": 60.0, ""face_w"": 60.0, ""margin_depths"": 2.0, ""seed"": 102, ""top"": ""shingle"", ""top_depth"": 25.0, ""top_params"": {""azimuth_mode"": ""grid"", ""jitter"": 0.3, ""pitch"": 5.5, ""plate_t_bot"": 0.1, ""plate_t_top"": 0.1, ""tilt_deg"": 2.0, ""tilt_jitter"": 0.0}}"
ST_shin-comb_50_s102,stack,shingle/comb,sheet + foil,0.1,102,d100,6.5,50.0,7.6923076923076925,0.03044210510272572,shingle,comb,0.5,0.0,0.0005136672989465296,0.04999997094273567,"{""backing"": 2.0, ""bot"": ""comb"", ""bot_depth"": 25.0, ""bot_params"": {""jitter"": 0.0, ""pitch"": 6.5, ""wall_bot"": 0.08, ""wall_top"": 0.08}, ""face_h"": 60.0, ""face_w"": 60.0, ""margin_depths"": 2.0, ""seed"": 102, ""top"": ""shingle"", ""top_depth"": 25.0, ""top_params"": {""azimuth_mode"": ""grid"", ""jitter"": 0.3, ""pitch"": 5.5, ""plate_t_bot"": 0.1, ""plate_t_top"": 0.1, ""tilt_deg"": 2.0, ""tilt_jitter"": 0.0}}"
ST_shin-comb_50_s102,stack,shingle/comb,sheet + foil,0.1,102,d100,6.5,50.0,7.6923076923076925,0.03044210510272572,shingle,comb,0.5,-20.0,0.0010931224096566439,0.04999997094273567,"{""backing"": 2.0, ""bot"": ""comb"", ""bot_depth"": 25.0, ""bot_params"": {""jitter"": 0.0, ""pitch"": 6.5, ""wall_bot"": 0.08, ""wall_top"": 0.08}, ""face_h"": 60.0, ""face_w"": 60.0, ""margin_depths"": 2.0, ""seed"": 102, ""top"": ""shingle"", ""top_depth"": 25.0, ""top_params"": {""azimuth_mode"": ""grid"", ""jitter"": 0.3, ""pitch"": 5.5, ""plate_t_bot"": 0.1, ""plate_t_top"": 0.1, ""tilt_deg"": 2.0, ""tilt_jitter"": 0.0}}"
ST_shin-comb_50_s102,stack,shingle/comb,sheet + foil,0.1,102,d100,6.5,50.0,7.6923076923076925,0.03044210510272572,shingle,comb,0.5,-40.0,0.0018893255619332194,0.04999997094273567,"{""backing"": 2.0, ""bot"": ""comb"", ""bot_depth"": 25.0, ""bot_params"": {""jitter"": 0.0, ""pitch"": 6.5, ""wall_bot"": 0.08, ""wall_top"": 0.08}, ""face_h"": 60.0, ""face_w"": 60.0, ""margin_depths"": 2.0, ""seed"": 102, ""top"": ""shingle"", ""top_depth"": 25.0, ""top_params"": {""azimuth_mode"": ""grid"", ""jitter"": 0.3, ""pitch"": 5.5, ""plate_t_bot"": 0.1, ""plate_t_top"": 0.1, ""tilt_deg"": 2.0, ""tilt_jitter"": 0.0}}"
ST_shin-comb_50_s102,stack,shingle/comb,sheet + foil,0.1,102,d100,6.5,50.0,7.6923076923076925,0.03044210510272572,shingle,comb,0.5,20.0,0.0014006920391693711,0.04999997094273567,"{""backing"": 2.0, ""bot"": ""comb"", ""bot_depth"": 25.0, ""bot_params"": {""jitter"": 0.0, ""pitch"": 6.5, ""wall_bot"": 0.08, ""wall_top"": 0.08}, ""face_h"": 60.0, ""face_w"": 60.0, ""margin_depths"": 2.0, ""seed"": 102, ""top"": ""shingle"", ""top_depth"": 25.0, ""top_params"": {""azimuth_mode"": ""grid"", ""jitter"": 0.3, ""pitch"": 5.5, ""plate_t_bot"": 0.1, ""plate_t_top"": 0.1, ""tilt_deg"": 2.0, ""tilt_jitter"": 0.0}}"
ST_shin-comb_50_s102,stack,shingle/comb,sheet + foil,0.1,102,d100,6.5,50.0,7.6923076923076925,0.03044210510272572,shingle,comb,0.5,40.0,0.0022745926398783922,0.04999997094273567,"{""backing"": 2.0, ""bot"": ""comb"", ""bot_depth"": 25.0, ""bot_params"": {""jitter"": 0.0, ""pitch"": 6.5, ""wall_bot"": 0.08, ""wall_top"": 0.08}, ""face_h"": 60.0, ""face_w"": 60.0, ""margin_depths"": 2.0, ""seed"": 102, ""top"": ""shingle"", ""top_depth"": 25.0, ""top_params"": {""azimuth_mode"": ""grid"", ""jitter"": 0.3, ""pitch"": 5.5, ""plate_t_bot"": 0.1, ""plate_t_top"": 0.1, ""tilt_deg"": 2.0, ""tilt_jitter"": 0.0}}"
ST_cone-comb_25_s102,stack,cone/comb,mould + foil,0.4,102,d00,6.5,50.0,7.6923076923076925,0.00479682476491694,cone,comb,0.25,0.0,0.0031646175775676966,0.04999997094273567,"{""backing"": 2.0, ""bot"": ""comb"", ""bot_depth"": 37.5, ""bot_params"": {""jitter"": 0.0, ""pitch"": 6.5, ""wall_bot"": 0.08, ""wall_top"": 0.08}, ""face_h"": 60.0, ""face_w"": 60.0, ""margin_depths"": 2.0, ""seed"": 102, ""top"": ""cone"", ""top_depth"": 12.5, ""top_params"": {""depth_jitter"": 0.0, ""height_seg"": 12, ""jitter"": 0.3, ""pitch"": 5.5, ""profile_power"": 1.0, ""radial_seg"": 24, ""tip_radius"": 0.2}}"
ST_cone-comb_25_s102,stack,cone/comb,mould + foil,0.4,102,d00,6.5,50.0,7.6923076923076925,0.00479682476491694,cone,comb,0.25,-20.0,0.003615564201027155,0.04999997094273567,"{""backing"": 2.0, ""bot"": ""comb"", ""bot_depth"": 37.5, ""bot_params"": {""jitter"": 0.0, ""pitch"": 6.5, ""wall_bot"": 0.08, ""wall_top"": 0.08}, ""face_h"": 60.0, ""face_w"": 60.0, ""margin_depths"": 2.0, ""seed"": 102, ""top"": ""cone"", ""top_depth"": 12.5, ""top_params"": {""depth_jitter"": 0.0, ""height_seg"": 12, ""jitter"": 0.3, ""pitch"": 5.5, ""profile_power"": 1.0, ""radial_seg"": 24, ""tip_radius"": 0.2}}"
ST_cone-comb_25_s102,stack,cone/comb,mould + foil,0.4,102,d00,6.5,50.0,7.6923076923076925,0.00479682476491694,cone,comb,0.25,-40.0,0.0041829440742731094,0.04999997094273567,"{""backing"": 2.0, ""bot"": ""comb"", ""bot_depth"": 37.5, ""bot_params"": {""jitter"": 0.0, ""pitch"": 6.5, ""wall_bot"": 0.08, ""wall_top"": 0.08}, ""face_h"": 60.0, ""face_w"": 60.0, ""margin_depths"": 2.0, ""seed"": 102, ""top"": ""cone"", ""top_depth"": 12.5, ""top_params"": {""depth_jitter"": 0.0, ""height_seg"": 12, ""jitter"": 0.3, ""pitch"": 5.5, ""profile_power"": 1.0, ""radial_seg"": 24, ""tip_radius"": 0.2}}"
ST_cone-comb_25_s102,stack,cone/comb,mould + foil,0.4,102,d00,6.5,50.0,7.6923076923076925,0.00479682476491694,cone,comb,0.25,20.0,0.0035952653270214796,0.04999997094273567,"{""backing"": 2.0, ""bot"": ""comb"", ""bot_depth"": 37.5, ""bot_params"": {""jitter"": 0.0, ""pitch"": 6.5, ""wall_bot"": 0.08, ""wall_top"": 0.08}, ""face_h"": 60.0, ""face_w"": 60.0, ""margin_depths"": 2.0, ""seed"": 102, ""top"": ""cone"", ""top_depth"": 12.5, ""top_params"": {""depth_jitter"": 0.0, ""height_seg"": 12, ""jitter"": 0.3, ""pitch"": 5.5, ""profile_power"": 1.0, ""radial_seg"": 24, ""tip_radius"": 0.2}}"
ST_cone-comb_25_s102,stack,cone/comb,mould + foil,0.4,102,d00,6.5,50.0,7.6923076923076925,0.00479682476491694,cone,comb,0.25,40.0,0.004131459165364504,0.04999997094273567,"{""backing"": 2.0, ""bot"": ""comb"", ""bot_depth"": 37.5, ""bot_params"": {""jitter"": 0.0, ""pitch"": 6.5, ""wall_bot"": 0.08, ""wall_top"": 0.08}, ""face_h"": 60.0, ""face_w"": 60.0, ""margin_depths"": 2.0, ""seed"": 102, ""top"": ""cone"", ""top_depth"": 12.5, ""top_params"": {""depth_jitter"": 0.0, ""height_seg"": 12, ""jitter"": 0.3, ""pitch"": 5.5, ""profile_power"": 1.0, ""radial_seg"": 24, ""tip_radius"": 0.2}}"
ST_cone-comb_25_s102,stack,cone/comb,mould + foil,0.4,102,d76,6.5,50.0,7.6923076923076925,0.00479682476491694,cone,comb,0.25,0.0,0.0029801770579069853,0.04999997094273567,"{""backing"": 2.0, ""bot"": ""comb"", ""bot_depth"": 37.5, ""bot_params"": {""jitter"": 0.0, ""pitch"": 6.5, ""wall_bot"": 0.08, ""wall_top"": 0.08}, ""face_h"": 60.0, ""face_w"": 60.0, ""margin_depths"": 2.0, ""seed"": 102, ""top"": ""cone"", ""top_depth"": 12.5, ""top_params"": {""depth_jitter"": 0.0, ""height_seg"": 12, ""jitter"": 0.3, ""pitch"": 5.5, ""profile_power"": 1.0, ""radial_seg"": 24, ""tip_radius"": 0.2}}"
ST_cone-comb_25_s102,stack,cone/comb,mould + foil,0.4,102,d76,6.5,50.0,7.6923076923076925,0.00479682476491694,cone,comb,0.25,-20.0,0.0030420618131756783,0.04999997094273567,"{""backing"": 2.0, ""bot"": ""comb"", ""bot_depth"": 37.5, ""bot_params"": {""jitter"": 0.0, ""pitch"": 6.5, ""wall_bot"": 0.08, ""wall_top"": 0.08}, ""face_h"": 60.0, ""face_w"": 60.0, ""margin_depths"": 2.0, ""seed"": 102, ""top"": ""cone"", ""top_depth"": 12.5, ""top_params"": {""depth_jitter"": 0.0, ""height_seg"": 12, ""jitter"": 0.3, ""pitch"": 5.5, ""profile_power"": 1.0, ""radial_seg"": 24, ""tip_radius"": 0.2}}"
ST_cone-comb_25_s102,stack,cone/comb,mould + foil,0.4,102,d76,6.5,50.0,7.6923076923076925,0.00479682476491694,cone,comb,0.25,-40.0,0.0035312955733388662,0.04999997094273567,"{""backing"": 2.0, ""bot"": ""comb"", ""bot_depth"": 37.5, ""bot_params"": {""jitter"": 0.0, ""pitch"": 6.5, ""wall_bot"": 0.08, ""wall_top"": 0.08}, ""face_h"": 60.0, ""face_w"": 60.0, ""margin_depths"": 2.0, ""seed"": 102, ""top"": ""cone"", ""top_depth"": 12.5, ""top_params"": {""depth_jitter"": 0.0, ""height_seg"": 12, ""jitter"": 0.3, ""pitch"": 5.5, ""profile_power"": 1.0, ""radial_seg"": 24, ""tip_radius"": 0.2}}"
ST_cone-comb_25_s102,stack,cone/comb,mould + foil,0.4,102,d76,6.5,50.0,7.6923076923076925,0.00479682476491694,cone,comb,0.25,20.0,0.0030615967698395252,0.04999997094273567,"{""backing"": 2.0, ""bot"": ""comb"", ""bot_depth"": 37.5, ""bot_params"": {""jitter"": 0.0, ""pitch"": 6.5, ""wall_bot"": 0.08, ""wall_top"": 0.08}, ""face_h"": 60.0, ""face_w"": 60.0, ""margin_depths"": 2.0, ""seed"": 102, ""top"": ""cone"", ""top_depth"": 12.5, ""top_params"": {""depth_jitter"": 0.0, ""height_seg"": 12, ""jitter"": 0.3, ""pitch"": 5.5, ""profile_power"": 1.0, ""radial_seg"": 24, ""tip_radius"": 0.2}}"
ST_cone-comb_25_s102,stack,cone/comb,mould + foil,0.4,102,d76,6.5,50.0,7.6923076923076925,0.00479682476491694,cone,comb,0.25,40.0,0.0035276536364108324,0.04999997094273567,"{""backing"": 2.0, ""bot"": ""comb"", ""bot_depth"": 37.5, ""bot_params"": {""jitter"": 0.0, ""pitch"": 6.5, ""wall_bot"": 0.08, ""wall_top"": 0.08}, ""face_h"": 60.0, ""face_w"": 60.0, ""margin_depths"": 2.0, ""seed"": 102, ""top"": ""cone"", ""top_depth"": 12.5, ""top_params"": {""depth_jitter"": 0.0, ""height_seg"": 12, ""jitter"": 0.3, ""pitch"": 5.5, ""profile_power"": 1.0, ""radial_seg"": 24, ""tip_radius"": 0.2}}"
ST_cone-comb_25_s102,stack,cone/comb,mould + foil,0.4,102,d100,6.5,50.0,7.6923076923076925,0.00479682476491694,cone,comb,0.25,0.0,0.003197656711563468,0.04999997094273567,"{""backing"": 2.0, ""bot"": ""comb"", ""bot_depth"": 37.5, ""bot_params"": {""jitter"": 0.0, ""pitch"": 6.5, ""wall_bot"": 0.08, ""wall_top"": 0.08}, ""face_h"": 60.0, ""face_w"": 60.0, ""margin_depths"": 2.0, ""seed"": 102, ""top"": ""cone"", ""top_depth"": 12.5, ""top_params"": {""depth_jitter"": 0.0, ""height_seg"": 12, ""jitter"": 0.3, ""pitch"": 5.5, ""profile_power"": 1.0, ""radial_seg"": 24, ""tip_radius"": 0.2}}"
ST_cone-comb_25_s102,stack,cone/comb,mould + foil,0.4,102,d100,6.5,50.0,7.6923076923076925,0.00479682476491694,cone,comb,0.25,-20.0,0.0032120305113494396,0.04999997094273567,"{""backing"": 2.0, ""bot"": ""comb"", ""bot_depth"": 37.5, ""bot_params"": {""jitter"": 0.0, ""pitch"": 6.5, ""wall_bot"": 0.08, ""wall_top"": 0.08}, ""face_h"": 60.0, ""face_w"": 60.0, ""margin_depths"": 2.0, ""seed"": 102, ""top"": ""cone"", ""top_depth"": 12.5, ""top_params"": {""depth_jitter"": 0.0, ""height_seg"": 12, ""jitter"": 0.3, ""pitch"": 5.5, ""profile_power"": 1.0, ""radial_seg"": 24, ""tip_radius"": 0.2}}"
ST_cone-comb_25_s102,stack,cone/comb,mould + foil,0.4,102,d100,6.5,50.0,7.6923076923076925,0.00479682476491694,cone,comb,0.25,-40.0,0.0037192320451140404,0.04999997094273567,"{""backing"": 2.0, ""bot"": ""comb"", ""bot_depth"": 37.5, ""bot_params"": {""jitter"": 0.0, ""pitch"": 6.5, ""wall_bot"": 0.08, ""wall_top"": 0.08}, ""face_h"": 60.0, ""face_w"": 60.0, ""margin_depths"": 2.0, ""seed"": 102, ""top"": ""cone"", ""top_depth"": 12.5, ""top_params"": {""depth_jitter"": 0.0, ""height_seg"": 12, ""jitter"": 0.3, ""pitch"": 5.5, ""profile_power"": 1.0, ""radial_seg"": 24, ""tip_radius"": 0.2}}"
ST_cone-comb_25_s102,stack,cone/comb,mould + foil,0.4,102,d100,6.5,50.0,7.6923076923076925,0.00479682476491694,cone,comb,0.25,20.0,0.003204171545803547,0.04999997094273567,"{""backing"": 2.0, ""bot"": ""comb"", ""bot_depth"": 37.5, ""bot_params"": {""jitter"": 0.0, ""pitch"": 6.5, ""wall_bot"": 0.08, ""wall_top"": 0.08}, ""face_h"": 60.0, ""face_w"": 60.0, ""margin_depths"": 2.0, ""seed"": 102, ""top"": ""cone"", ""top_depth"": 12.5, ""top_params"": {""depth_jitter"": 0.0, ""height_seg"": 12, ""jitter"": 0.3, ""pitch"": 5.5, ""profile_power"": 1.0, ""radial_seg"": 24, ""tip_radius"": 0.2}}"
ST_cone-comb_25_s102,stack,cone/comb,mould + foil,0.4,102,d100,6.5,50.0,7.6923076923076925,0.00479682476491694,cone,comb,0.25,40.0,0.0037191063165664673,0.04999997094273567,"{""backing"": 2.0, ""bot"": ""comb"", ""bot_depth"": 37.5, ""bot_params"": {""jitter"": 0.0, ""pitch"": 6.5, ""wall_bot"": 0.08, ""wall_top"": 0.08}, ""face_h"": 60.0, ""face_w"": 60.0, ""margin_depths"": 2.0, ""seed"": 102, ""top"": ""cone"", ""top_depth"": 12.5, ""top_params"": {""depth_jitter"": 0.0, ""height_seg"": 12, ""jitter"": 0.3, ""pitch"": 5.5, ""profile_power"": 1.0, ""radial_seg"": 24, ""tip_radius"": 0.2}}"
ST_comb-cone_25_s102,stack,comb/cone,foil + mould,0.08,102,d00,6.5,50.0,7.6923076923076925,0.03282051282051282,comb,cone,0.25,0.0,0.000621373241301626,0.04999997094273567,"{""backing"": 2.0, ""bot"": ""cone"", ""bot_depth"": 37.5, ""bot_params"": {""depth_jitter"": 0.0, ""height_seg"": 12, ""jitter"": 0.3, ""pitch"": 5.5, ""profile_power"": 1.0, ""radial_seg"": 24, ""tip_radius"": 0.2}, ""face_h"": 60.0, ""face_w"": 60.0, ""margin_depths"": 2.0, ""seed"": 102, ""top"": ""comb"", ""top_depth"": 12.5, ""top_params"": {""jitter"": 0.0, ""pitch"": 6.5, ""wall_bot"": 0.08, ""wall_top"": 0.08}}"
ST_comb-cone_25_s102,stack,comb/cone,foil + mould,0.08,102,d00,6.5,50.0,7.6923076923076925,0.03282051282051282,comb,cone,0.25,-20.0,0.0005628509097732604,0.04999997094273567,"{""backing"": 2.0, ""bot"": ""cone"", ""bot_depth"": 37.5, ""bot_params"": {""depth_jitter"": 0.0, ""height_seg"": 12, ""jitter"": 0.3, ""pitch"": 5.5, ""profile_power"": 1.0, ""radial_seg"": 24, ""tip_radius"": 0.2}, ""face_h"": 60.0, ""face_w"": 60.0, ""margin_depths"": 2.0, ""seed"": 102, ""top"": ""comb"", ""top_depth"": 12.5, ""top_params"": {""jitter"": 0.0, ""pitch"": 6.5, ""wall_bot"": 0.08, ""wall_top"": 0.08}}"
ST_comb-cone_25_s102,stack,comb/cone,foil + mould,0.08,102,d00,6.5,50.0,7.6923076923076925,0.03282051282051282,comb,cone,0.25,-40.0,0.0005614506080746651,0.04999997094273567,"{""backing"": 2.0, ""bot"": ""cone"", ""bot_depth"": 37.5, ""bot_params"": {""depth_jitter"": 0.0, ""height_seg"": 12, ""jitter"": 0.3, ""pitch"": 5.5, ""profile_power"": 1.0, ""radial_seg"": 24, ""tip_radius"": 0.2}, ""face_h"": 60.0, ""face_w"": 60.0, ""margin_depths"": 2.0, ""seed"": 102, ""top"": ""comb"", ""top_depth"": 12.5, ""top_params"": {""jitter"": 0.0, ""pitch"": 6.5, ""wall_bot"": 0.08, ""wall_top"": 0.08}}"
ST_comb-cone_25_s102,stack,comb/cone,foil + mould,0.08,102,d00,6.5,50.0,7.6923076923076925,0.03282051282051282,comb,cone,0.25,20.0,0.0005872885813005269,0.04999997094273567,"{""backing"": 2.0, ""bot"": ""cone"", ""bot_depth"": 37.5, ""bot_params"": {""depth_jitter"": 0.0, ""height_seg"": 12, ""jitter"": 0.3, ""pitch"": 5.5, ""profile_power"": 1.0, ""radial_seg"": 24, ""tip_radius"": 0.2}, ""face_h"": 60.0, ""face_w"": 60.0, ""margin_depths"": 2.0, ""seed"": 102, ""top"": ""comb"", ""top_depth"": 12.5, ""top_params"": {""jitter"": 0.0, ""pitch"": 6.5, ""wall_bot"": 0.08, ""wall_top"": 0.08}}"
ST_comb-cone_25_s102,stack,comb/cone,foil + mould,0.08,102,d00,6.5,50.0,7.6923076923076925,0.03282051282051282,comb,cone,0.25,40.0,0.0005608106148429215,0.04999997094273567,"{""backing"": 2.0, ""bot"": ""cone"", ""bot_depth"": 37.5, ""bot_params"": {""depth_jitter"": 0.0, ""height_seg"": 12, ""jitter"": 0.3, ""pitch"": 5.5, ""profile_power"": 1.0, ""radial_seg"": 24, ""tip_radius"": 0.2}, ""face_h"": 60.0, ""face_w"": 60.0, ""margin_depths"": 2.0, ""seed"": 102, ""top"": ""comb"", ""top_depth"": 12.5, ""top_params"": {""jitter"": 0.0, ""pitch"": 6.5, ""wall_bot"": 0.08, ""wall_top"": 0.08}}"
ST_comb-cone_25_s102,stack,comb/cone,foil + mould,0.08,102,d76,6.5,50.0,7.6923076923076925,0.03282051282051282,comb,cone,0.25,0.0,0.0005126430187374353,0.04999997094273567,"{""backing"": 2.0, ""bot"": ""cone"", ""bot_depth"": 37.5, ""bot_params"": {""depth_jitter"": 0.0, ""height_seg"": 12, ""jitter"": 0.3, ""pitch"": 5.5, ""profile_power"": 1.0, ""radial_seg"": 24, ""tip_radius"": 0.2}, ""face_h"": 60.0, ""face_w"": 60.0, ""margin_depths"": 2.0, ""seed"": 102, ""top"": ""comb"", ""top_depth"": 12.5, ""top_params"": {""jitter"": 0.0, ""pitch"": 6.5, ""wall_bot"": 0.08, ""wall_top"": 0.08}}"
ST_comb-cone_25_s102,stack,comb/cone,foil + mould,0.08,102,d76,6.5,50.0,7.6923076923076925,0.03282051282051282,comb,cone,0.25,-20.0,0.001144794630818069,0.04999997094273567,"{""backing"": 2.0, ""bot"": ""cone"", ""bot_depth"": 37.5, ""bot_params"": {""depth_jitter"": 0.0, ""height_seg"": 12, ""jitter"": 0.3, ""pitch"": 5.5, ""profile_power"": 1.0, ""radial_seg"": 24, ""tip_radius"": 0.2}, ""face_h"": 60.0, ""face_w"": 60.0, ""margin_depths"": 2.0, ""seed"": 102, ""top"": ""comb"", ""top_depth"": 12.5, ""top_params"": {""jitter"": 0.0, ""pitch"": 6.5, ""wall_bot"": 0.08, ""wall_top"": 0.08}}"
ST_comb-cone_25_s102,stack,comb/cone,foil + mould,0.08,102,d76,6.5,50.0,7.6923076923076925,0.03282051282051282,comb,cone,0.25,-40.0,0.001809578388929367,0.04999997094273567,"{""backing"": 2.0, ""bot"": ""cone"", ""bot_depth"": 37.5, ""bot_params"": {""depth_jitter"": 0.0, ""height_seg"": 12, ""jitter"": 0.3, ""pitch"": 5.5, ""profile_power"": 1.0, ""radial_seg"": 24, ""tip_radius"": 0.2}, ""face_h"": 60.0, ""face_w"": 60.0, ""margin_depths"": 2.0, ""seed"": 102, ""top"": ""comb"", ""top_depth"": 12.5, ""top_params"": {""jitter"": 0.0, ""pitch"": 6.5, ""wall_bot"": 0.08, ""wall_top"": 0.08}}"
ST_comb-cone_25_s102,stack,comb/cone,foil + mould,0.08,102,d76,6.5,50.0,7.6923076923076925,0.03282051282051282,comb,cone,0.25,20.0,0.0011342846555635333,0.04999997094273567,"{""backing"": 2.0, ""bot"": ""cone"", ""bot_depth"": 37.5, ""bot_params"": {""depth_jitter"": 0.0, ""height_seg"": 12, ""jitter"": 0.3, ""pitch"": 5.5, ""profile_power"": 1.0, ""radial_seg"": 24, ""tip_radius"": 0.2}, ""face_h"": 60.0, ""face_w"": 60.0, ""margin_depths"": 2.0, ""seed"": 102, ""top"": ""comb"", ""top_depth"": 12.5, ""top_params"": {""jitter"": 0.0, ""pitch"": 6.5, ""wall_bot"": 0.08, ""wall_top"": 0.08}}"
ST_comb-cone_25_s102,stack,comb/cone,foil + mould,0.08,102,d76,6.5,50.0,7.6923076923076925,0.03282051282051282,comb,cone,0.25,40.0,0.0017729979008436203,0.04999997094273567,"{""backing"": 2.0, ""bot"": ""cone"", ""bot_depth"": 37.5, ""bot_params"": {""depth_jitter"": 0.0, ""height_seg"": 12, ""jitter"": 0.3, ""pitch"": 5.5, ""profile_power"": 1.0, ""radial_seg"": 24, ""tip_radius"": 0.2}, ""face_h"": 60.0, ""face_w"": 60.0, ""margin_depths"": 2.0, ""seed"": 102, ""top"": ""comb"", ""top_depth"": 12.5, ""top_params"": {""jitter"": 0.0, ""pitch"": 6.5, ""wall_bot"": 0.08, ""wall_top"": 0.08}}"
ST_comb-cone_25_s102,stack,comb/cone,foil + mould,0.08,102,d100,6.5,50.0,7.6923076923076925,0.03282051282051282,comb,cone,0.25,0.0,0.00048557546688243747,0.04999997094273567,"{""backing"": 2.0, ""bot"": ""cone"", ""bot_depth"": 37.5, ""bot_params"": {""depth_jitter"": 0.0, ""height_seg"": 12, ""jitter"": 0.3, ""pitch"": 5.5, ""profile_power"": 1.0, ""radial_seg"": 24, ""tip_radius"": 0.2}, ""face_h"": 60.0, ""face_w"": 60.0, ""margin_depths"": 2.0, ""seed"": 102, ""top"": ""comb"", ""top_depth"": 12.5, ""top_params"": {""jitter"": 0.0, ""pitch"": 6.5, ""wall_bot"": 0.08, ""wall_top"": 0.08}}"
ST_comb-cone_25_s102,stack,comb/cone,foil + mould,0.08,102,d100,6.5,50.0,7.6923076923076925,0.03282051282051282,comb,cone,0.25,-20.0,0.00133238744456321,0.04999997094273567,"{""backing"": 2.0, ""bot"": ""cone"", ""bot_depth"": 37.5, ""bot_params"": {""depth_jitter"": 0.0, ""height_seg"": 12, ""jitter"": 0.3, ""pitch"": 5.5, ""profile_power"": 1.0, ""radial_seg"": 24, ""tip_radius"": 0.2}, ""face_h"": 60.0, ""face_w"": 60.0, ""margin_depths"": 2.0, ""seed"": 102, ""top"": ""comb"", ""top_depth"": 12.5, ""top_params"": {""jitter"": 0.0, ""pitch"": 6.5, ""wall_bot"": 0.08, ""wall_top"": 0.08}}"
ST_comb-cone_25_s102,stack,comb/cone,foil + mould,0.08,102,d100,6.5,50.0,7.6923076923076925,0.03282051282051282,comb,cone,0.25,-40.0,0.002220761263743043,0.04999997094273567,"{""backing"": 2.0, ""bot"": ""cone"", ""bot_depth"": 37.5, ""bot_params"": {""depth_jitter"": 0.0, ""height_seg"": 12, ""jitter"": 0.3, ""pitch"": 5.5, ""profile_power"": 1.0, ""radial_seg"": 24, ""tip_radius"": 0.2}, ""face_h"": 60.0, ""face_w"": 60.0, ""margin_depths"": 2.0, ""seed"": 102, ""top"": ""comb"", ""top_depth"": 12.5, ""top_params"": {""jitter"": 0.0, ""pitch"": 6.5, ""wall_bot"": 0.08, ""wall_top"": 0.08}}"
ST_comb-cone_25_s102,stack,comb/cone,foil + mould,0.08,102,d100,6.5,50.0,7.6923076923076925,0.03282051282051282,comb,cone,0.25,20.0,0.0013163215480744839,0.04999997094273567,"{""backing"": 2.0, ""bot"": ""cone"", ""bot_depth"": 37.5, ""bot_params"": {""depth_jitter"": 0.0, ""height_seg"": 12, ""jitter"": 0.3, ""pitch"": 5.5, ""profile_power"": 1.0, ""radial_seg"": 24, ""tip_radius"": 0.2}, ""face_h"": 60.0, ""face_w"": 60.0, ""margin_depths"": 2.0, ""seed"": 102, ""top"": ""comb"", ""top_depth"": 12.5, ""top_params"": {""jitter"": 0.0, ""pitch"": 6.5, ""wall_bot"": 0.08, ""wall_top"": 0.08}}"
ST_comb-cone_25_s102,stack,comb/cone,foil + mould,0.08,102,d100,6.5,50.0,7.6923076923076925,0.03282051282051282,comb,cone,0.25,40.0,0.002173047047108412,0.04999997094273567,"{""backing"": 2.0, ""bot"": ""cone"", ""bot_depth"": 37.5, ""bot_params"": {""depth_jitter"": 0.0, ""height_seg"": 12, ""jitter"": 0.3, ""pitch"": 5.5, ""profile_power"": 1.0, ""radial_seg"": 24, ""tip_radius"": 0.2}, ""face_h"": 60.0, ""face_w"": 60.0, ""margin_depths"": 2.0, ""seed"": 102, ""top"": ""comb"", ""top_depth"": 12.5, ""top_params"": {""jitter"": 0.0, ""pitch"": 6.5, ""wall_bot"": 0.08, ""wall_top"": 0.08}}"
ST_cone-comb_75_s102,stack,cone/comb,mould + foil,0.4,102,d00,6.5,50.0,7.6923076923076925,0.00479682476491694,cone,comb,0.75,0.0,0.002021278254687786,0.04999997094273567,"{""backing"": 2.0, ""bot"": ""comb"", ""bot_depth"": 12.5, ""bot_params"": {""jitter"": 0.0, ""pitch"": 6.5, ""wall_bot"": 0.08, ""wall_top"": 0.08}, ""face_h"": 60.0, ""face_w"": 60.0, ""margin_depths"": 2.0, ""seed"": 102, ""top"": ""cone"", ""top_depth"": 37.5, ""top_params"": {""depth_jitter"": 0.0, ""height_seg"": 12, ""jitter"": 0.3, ""pitch"": 5.5, ""profile_power"": 1.0, ""radial_seg"": 24, ""tip_radius"": 0.2}}"
ST_cone-comb_75_s102,stack,cone/comb,mould + foil,0.4,102,d00,6.5,50.0,7.6923076923076925,0.00479682476491694,cone,comb,0.75,-20.0,0.001518387463875115,0.04999997094273567,"{""backing"": 2.0, ""bot"": ""comb"", ""bot_depth"": 12.5, ""bot_params"": {""jitter"": 0.0, ""pitch"": 6.5, ""wall_bot"": 0.08, ""wall_top"": 0.08}, ""face_h"": 60.0, ""face_w"": 60.0, ""margin_depths"": 2.0, ""seed"": 102, ""top"": ""cone"", ""top_depth"": 37.5, ""top_params"": {""depth_jitter"": 0.0, ""height_seg"": 12, ""jitter"": 0.3, ""pitch"": 5.5, ""profile_power"": 1.0, ""radial_seg"": 24, ""tip_radius"": 0.2}}"
ST_cone-comb_75_s102,stack,cone/comb,mould + foil,0.4,102,d00,6.5,50.0,7.6923076923076925,0.00479682476491694,cone,comb,0.75,-40.0,0.0023700781166553497,0.04999997094273567,"{""backing"": 2.0, ""bot"": ""comb"", ""bot_depth"": 12.5, ""bot_params"": {""jitter"": 0.0, ""pitch"": 6.5, ""wall_bot"": 0.08, ""wall_top"": 0.08}, ""face_h"": 60.0, ""face_w"": 60.0, ""margin_depths"": 2.0, ""seed"": 102, ""top"": ""cone"", ""top_depth"": 37.5, ""top_params"": {""depth_jitter"": 0.0, ""height_seg"": 12, ""jitter"": 0.3, ""pitch"": 5.5, ""profile_power"": 1.0, ""radial_seg"": 24, ""tip_radius"": 0.2}}"
ST_cone-comb_75_s102,stack,cone/comb,mould + foil,0.4,102,d00,6.5,50.0,7.6923076923076925,0.00479682476491694,cone,comb,0.75,20.0,0.0015446168836206198,0.04999997094273567,"{""backing"": 2.0, ""bot"": ""comb"", ""bot_depth"": 12.5, ""bot_params"": {""jitter"": 0.0, ""pitch"": 6.5, ""wall_bot"": 0.08, ""wall_top"": 0.08}, ""face_h"": 60.0, ""face_w"": 60.0, ""margin_depths"": 2.0, ""seed"": 102, ""top"": ""cone"", ""top_depth"": 37.5, ""top_params"": {""depth_jitter"": 0.0, ""height_seg"": 12, ""jitter"": 0.3, ""pitch"": 5.5, ""profile_power"": 1.0, ""radial_seg"": 24, ""tip_radius"": 0.2}}"
ST_cone-comb_75_s102,stack,cone/comb,mould + foil,0.4,102,d00,6.5,50.0,7.6923076923076925,0.00479682476491694,cone,comb,0.75,40.0,0.0023578142281621695,0.04999997094273567,"{""backing"": 2.0, ""bot"": ""comb"", ""bot_depth"": 12.5, ""bot_params"": {""jitter"": 0.0, ""pitch"": 6.5, ""wall_bot"": 0.08, ""wall_top"": 0.08}, ""face_h"": 60.0, ""face_w"": 60.0, ""margin_depths"": 2.0, ""seed"": 102, ""top"": ""cone"", ""top_depth"": 37.5, ""top_params"": {""depth_jitter"": 0.0, ""height_seg"": 12, ""jitter"": 0.3, ""pitch"": 5.5, ""profile_power"": 1.0, ""radial_seg"": 24, ""tip_radius"": 0.2}}"
ST_cone-comb_75_s102,stack,cone/comb,mould + foil,0.4,102,d76,6.5,50.0,7.6923076923076925,0.00479682476491694,cone,comb,0.75,0.0,0.0012578082969412208,0.04999997094273567,"{""backing"": 2.0, ""bot"": ""comb"", ""bot_depth"": 12.5, ""bot_params"": {""jitter"": 0.0, ""pitch"": 6.5, ""wall_bot"": 0.08, ""wall_top"": 0.08}, ""face_h"": 60.0, ""face_w"": 60.0, ""margin_depths"": 2.0, ""seed"": 102, ""top"": ""cone"", ""top_depth"": 37.5, ""top_params"": {""depth_jitter"": 0.0, ""height_seg"": 12, ""jitter"": 0.3, ""pitch"": 5.5, ""profile_power"": 1.0, ""radial_seg"": 24, ""tip_radius"": 0.2}}"
ST_cone-comb_75_s102,stack,cone/comb,mould + foil,0.4,102,d76,6.5,50.0,7.6923076923076925,0.00479682476491694,cone,comb,0.75,-20.0,0.0014780682977288961,0.04999997094273567,"{""backing"": 2.0, ""bot"": ""comb"", ""bot_depth"": 12.5, ""bot_params"": {""jitter"": 0.0, ""pitch"": 6.5, ""wall_bot"": 0.08, ""wall_top"": 0.08}, ""face_h"": 60.0, ""face_w"": 60.0, ""margin_depths"": 2.0, ""seed"": 102, ""top"": ""cone"", ""top_depth"": 37.5, ""top_params"": {""depth_jitter"": 0.0, ""height_seg"": 12, ""jitter"": 0.3, ""pitch"": 5.5, ""profile_power"": 1.0, ""radial_seg"": 24, ""tip_radius"": 0.2}}"
ST_cone-comb_75_s102,stack,cone/comb,mould + foil,0.4,102,d76,6.5,50.0,7.6923076923076925,0.00479682476491694,cone,comb,0.75,-40.0,0.0021580178290605545,0.04999997094273567,"{""backing"": 2.0, ""bot"": ""comb"", ""bot_depth"": 12.5, ""bot_params"": {""jitter"": 0.0, ""pitch"": 6.5, ""wall_bot"": 0.08, ""wall_top"": 0.08}, ""face_h"": 60.0, ""face_w"": 60.0, ""margin_depths"": 2.0, ""seed"": 102, ""top"": ""cone"", ""top_depth"": 37.5, ""top_params"": {""depth_jitter"": 0.0, ""height_seg"": 12, ""jitter"": 0.3, ""pitch"": 5.5, ""profile_power"": 1.0, ""radial_seg"": 24, ""tip_radius"": 0.2}}"
ST_cone-comb_75_s102,stack,cone/comb,mould + foil,0.4,102,d76,6.5,50.0,7.6923076923076925,0.00479682476491694,cone,comb,0.75,20.0,0.0015337736112996936,0.04999997094273567,"{""backing"": 2.0, ""bot"": ""comb"", ""bot_depth"": 12.5, ""bot_params"": {""jitter"": 0.0, ""pitch"": 6.5, ""wall_bot"": 0.08, ""wall_top"": 0.08}, ""face_h"": 60.0, ""face_w"": 60.0, ""margin_depths"": 2.0, ""seed"": 102, ""top"": ""cone"", ""top_depth"": 37.5, ""top_params"": {""depth_jitter"": 0.0, ""height_seg"": 12, ""jitter"": 0.3, ""pitch"": 5.5, ""profile_power"": 1.0, ""radial_seg"": 24, ""tip_radius"": 0.2}}"
ST_cone-comb_75_s102,stack,cone/comb,mould + foil,0.4,102,d76,6.5,50.0,7.6923076923076925,0.00479682476491694,cone,comb,0.75,40.0,0.002268957206979394,0.04999997094273567,"{""backing"": 2.0, ""bot"": ""comb"", ""bot_depth"": 12.5, ""bot_params"": {""jitter"": 0.0, ""pitch"": 6.5, ""wall_bot"": 0.08, ""wall_top"": 0.08}, ""face_h"": 60.0, ""face_w"": 60.0, ""margin_depths"": 2.0, ""seed"": 102, ""top"": ""cone"", ""top_depth"": 37.5, ""top_params"": {""depth_jitter"": 0.0, ""height_seg"": 12, ""jitter"": 0.3, ""pitch"": 5.5, ""profile_power"": 1.0, ""radial_seg"": 24, ""tip_radius"": 0.2}}"
ST_cone-comb_75_s102,stack,cone/comb,mould + foil,0.4,102,d100,6.5,50.0,7.6923076923076925,0.00479682476491694,cone,comb,0.75,0.0,0.001155059551820159,0.04999997094273567,"{""backing"": 2.0, ""bot"": ""comb"", ""bot_depth"": 12.5, ""bot_params"": {""jitter"": 0.0, ""pitch"": 6.5, ""wall_bot"": 0.08, ""wall_top"": 0.08}, ""face_h"": 60.0, ""face_w"": 60.0, ""margin_depths"": 2.0, ""seed"": 102, ""top"": ""cone"", ""top_depth"": 37.5, ""top_params"": {""depth_jitter"": 0.0, ""height_seg"": 12, ""jitter"": 0.3, ""pitch"": 5.5, ""profile_power"": 1.0, ""radial_seg"": 24, ""tip_radius"": 0.2}}"
ST_cone-comb_75_s102,stack,cone/comb,mould + foil,0.4,102,d100,6.5,50.0,7.6923076923076925,0.00479682476491694,cone,comb,0.75,-20.0,0.0016230674227699637,0.04999997094273567,"{""backing"": 2.0, ""bot"": ""comb"", ""bot_depth"": 12.5, ""bot_params"": {""jitter"": 0.0, ""pitch"": 6.5, ""wall_bot"": 0.08, ""wall_top"": 0.08}, ""face_h"": 60.0, ""face_w"": 60.0, ""margin_depths"": 2.0, ""seed"": 102, ""top"": ""cone"", ""top_depth"": 37.5, ""top_params"": {""depth_jitter"": 0.0, ""height_seg"": 12, ""jitter"": 0.3, ""pitch"": 5.5, ""profile_power"": 1.0, ""radial_seg"": 24, ""tip_radius"": 0.2}}"
ST_cone-comb_75_s102,stack,cone/comb,mould + foil,0.4,102,d100,6.5,50.0,7.6923076923076925,0.00479682476491694,cone,comb,0.75,-40.0,0.0023158565163612366,0.04999997094273567,"{""backing"": 2.0, ""bot"": ""comb"", ""bot_depth"": 12.5, ""bot_params"": {""jitter"": 0.0, ""pitch"": 6.5, ""wall_bot"": 0.08, ""wall_top"": 0.08}, ""face_h"": 60.0, ""face_w"": 60.0, ""margin_depths"": 2.0, ""seed"": 102, ""top"": ""cone"", ""top_depth"": 37.5, ""top_params"": {""depth_jitter"": 0.0, ""height_seg"": 12, ""jitter"": 0.3, ""pitch"": 5.5, ""profile_power"": 1.0, ""radial_seg"": 24, ""tip_radius"": 0.2}}"
ST_cone-comb_75_s102,stack,cone/comb,mould + foil,0.4,102,d100,6.5,50.0,7.6923076923076925,0.00479682476491694,cone,comb,0.75,20.0,0.0016775022959336638,0.04999997094273567,"{""backing"": 2.0, ""bot"": ""comb"", ""bot_depth"": 12.5, ""bot_params"": {""jitter"": 0.0, ""pitch"": 6.5, ""wall_bot"": 0.08, ""wall_top"": 0.08}, ""face_h"": 60.0, ""face_w"": 60.0, ""margin_depths"": 2.0, ""seed"": 102, ""top"": ""cone"", ""top_depth"": 37.5, ""top_params"": {""depth_jitter"": 0.0, ""height_seg"": 12, ""jitter"": 0.3, ""pitch"": 5.5, ""profile_power"": 1.0, ""radial_seg"": 24, ""tip_radius"": 0.2}}"
ST_cone-comb_75_s102,stack,cone/comb,mould + foil,0.4,102,d100,6.5,50.0,7.6923076923076925,0.00479682476491694,cone,comb,0.75,40.0,0.0023743165656924248,0.04999997094273567,"{""backing"": 2.0, ""bot"": ""comb"", ""bot_depth"": 12.5, ""bot_params"": {""jitter"": 0.0, ""pitch"": 6.5, ""wall_bot"": 0.08, ""wall_top"": 0.08}, ""face_h"": 60.0, ""face_w"": 60.0, ""margin_depths"": 2.0, ""seed"": 102, ""top"": ""cone"", ""top_depth"": 37.5, ""top_params"": {""depth_jitter"": 0.0, ""height_seg"": 12, ""jitter"": 0.3, ""pitch"": 5.5, ""profile_power"": 1.0, ""radial_seg"": 24, ""tip_radius"": 0.2}}"
ST_comb-cone_75_s102,stack,comb/cone,foil + mould,0.08,102,d00,6.5,50.0,7.6923076923076925,0.03282051282051282,comb,cone,0.75,0.0,0.000473877094918862,0.04999997094273567,"{""backing"": 2.0, ""bot"": ""cone"", ""bot_depth"": 12.5, ""bot_params"": {""depth_jitter"": 0.0, ""height_seg"": 12, ""jitter"": 0.3, ""pitch"": 5.5, ""profile_power"": 1.0, ""radial_seg"": 24, ""tip_radius"": 0.2}, ""face_h"": 60.0, ""face_w"": 60.0, ""margin_depths"": 2.0, ""seed"": 102, ""top"": ""comb"", ""top_depth"": 37.5, ""top_params"": {""jitter"": 0.0, ""pitch"": 6.5, ""wall_bot"": 0.08, ""wall_top"": 0.08}}"
ST_comb-cone_75_s102,stack,comb/cone,foil + mould,0.08,102,d00,6.5,50.0,7.6923076923076925,0.03282051282051282,comb,cone,0.75,-20.0,0.0005703735514543951,0.04999997094273567,"{""backing"": 2.0, ""bot"": ""cone"", ""bot_depth"": 12.5, ""bot_params"": {""depth_jitter"": 0.0, ""height_seg"": 12, ""jitter"": 0.3, ""pitch"": 5.5, ""profile_power"": 1.0, ""radial_seg"": 24, ""tip_radius"": 0.2}, ""face_h"": 60.0, ""face_w"": 60.0, ""margin_depths"": 2.0, ""seed"": 102, ""top"": ""comb"", ""top_depth"": 37.5, ""top_params"": {""jitter"": 0.0, ""pitch"": 6.5, ""wall_bot"": 0.08, ""wall_top"": 0.08}}"
ST_comb-cone_75_s102,stack,comb/cone,foil + mould,0.08,102,d00,6.5,50.0,7.6923076923076925,0.03282051282051282,comb,cone,0.75,-40.0,0.0005771205760538578,0.04999997094273567,"{""backing"": 2.0, ""bot"": ""cone"", ""bot_depth"": 12.5, ""bot_params"": {""depth_jitter"": 0.0, ""height_seg"": 12, ""jitter"": 0.3, ""pitch"": 5.5, ""profile_power"": 1.0, ""radial_seg"": 24, ""tip_radius"": 0.2}, ""face_h"": 60.0, ""face_w"": 60.0, ""margin_depths"": 2.0, ""seed"": 102, ""top"": ""comb"", ""top_depth"": 37.5, ""top_params"": {""jitter"": 0.0, ""pitch"": 6.5, ""wall_bot"": 0.08, ""wall_top"": 0.08}}"
ST_comb-cone_75_s102,stack,comb/cone,foil + mould,0.08,102,d00,6.5,50.0,7.6923076923076925,0.03282051282051282,comb,cone,0.75,20.0,0.0005728802061639726,0.04999997094273567,"{""backing"": 2.0, ""bot"": ""cone"", ""bot_depth"": 12.5, ""bot_params"": {""depth_jitter"": 0.0, ""height_seg"": 12, ""jitter"": 0.3, ""pitch"": 5.5, ""profile_power"": 1.0, ""radial_seg"": 24, ""tip_radius"": 0.2}, ""face_h"": 60.0, ""face_w"": 60.0, ""margin_depths"": 2.0, ""seed"": 102, ""top"": ""comb"", ""top_depth"": 37.5, ""top_params"": {""jitter"": 0.0, ""pitch"": 6.5, ""wall_bot"": 0.08, ""wall_top"": 0.08}}"
ST_comb-cone_75_s102,stack,comb/cone,foil + mould,0.08,102,d00,6.5,50.0,7.6923076923076925,0.03282051282051282,comb,cone,0.75,40.0,0.0005738516920246184,0.04999997094273567,"{""backing"": 2.0, ""bot"": ""cone"", ""bot_depth"": 12.5, ""bot_params"": {""depth_jitter"": 0.0, ""height_seg"": 12, ""jitter"": 0.3, ""pitch"": 5.5, ""profile_power"": 1.0, ""radial_seg"": 24, ""tip_radius"": 0.2}, ""face_h"": 60.0, ""face_w"": 60.0, ""margin_depths"": 2.0, ""seed"": 102, ""top"": ""comb"", ""top_depth"": 37.5, ""top_params"": {""jitter"": 0.0, ""pitch"": 6.5, ""wall_bot"": 0.08, ""wall_top"": 0.08}}"
ST_comb-cone_75_s102,stack,comb/cone,foil + mould,0.08,102,d76,6.5,50.0,7.6923076923076925,0.03282051282051282,comb,cone,0.75,0.0,0.00045458797831088305,0.04999997094273567,"{""backing"": 2.0, ""bot"": ""cone"", ""bot_depth"": 12.5, ""bot_params"": {""depth_jitter"": 0.0, ""height_seg"": 12, ""jitter"": 0.3, ""pitch"": 5.5, ""profile_power"": 1.0, ""radial_seg"": 24, ""tip_radius"": 0.2}, ""face_h"": 60.0, ""face_w"": 60.0, ""margin_depths"": 2.0, ""seed"": 102, ""top"": ""comb"", ""top_depth"": 37.5, ""top_params"": {""jitter"": 0.0, ""pitch"": 6.5, ""wall_bot"": 0.08, ""wall_top"": 0.08}}"
ST_comb-cone_75_s102,stack,comb/cone,foil + mould,0.08,102,d76,6.5,50.0,7.6923076923076925,0.03282051282051282,comb,cone,0.75,-20.0,0.0011434011394158006,0.04999997094273567,"{""backing"": 2.0, ""bot"": ""cone"", ""bot_depth"": 12.5, ""bot_params"": {""depth_jitter"": 0.0, ""height_seg"": 12, ""jitter"": 0.3, ""pitch"": 5.5, ""profile_power"": 1.0, ""radial_seg"": 24, ""tip_radius"": 0.2}, ""face_h"": 60.0, ""face_w"": 60.0, ""margin_depths"": 2.0, ""seed"": 102, ""top"": ""comb"", ""top_depth"": 37.5, ""top_params"": {""jitter"": 0.0, ""pitch"": 6.5, ""wall_bot"": 0.08, ""wall_top"": 0.08}}"
ST_comb-cone_75_s102,stack,comb/cone,foil + mould,0.08,102,d76,6.5,50.0,7.6923076923076925,0.03282051282051282,comb,cone,0.75,-40.0,0.0018226348329335451,0.04999997094273567,"{""backing"": 2.0, ""bot"": ""cone"", ""bot_depth"": 12.5, ""bot_params"": {""depth_jitter"": 0.0, ""height_seg"": 12, ""jitter"": 0.3, ""pitch"": 5.5, ""profile_power"": 1.0, ""radial_seg"": 24, ""tip_radius"": 0.2}, ""face_h"": 60.0, ""face_w"": 60.0, ""margin_depths"": 2.0, ""seed"": 102, ""top"": ""comb"", ""top_depth"": 37.5, ""top_params"": {""jitter"": 0.0, ""pitch"": 6.5, ""wall_bot"": 0.08, ""wall_top"": 0.08}}"
ST_comb-cone_75_s102,stack,comb/cone,foil + mould,0.08,102,d76,6.5,50.0,7.6923076923076925,0.03282051282051282,comb,cone,0.75,20.0,0.0011507350718602538,0.04999997094273567,"{""backing"": 2.0, ""bot"": ""cone"", ""bot_depth"": 12.5, ""bot_params"": {""depth_jitter"": 0.0, ""height_seg"": 12, ""jitter"": 0.3, ""pitch"": 5.5, ""profile_power"": 1.0, ""radial_seg"": 24, ""tip_radius"": 0.2}, ""face_h"": 60.0, ""face_w"": 60.0, ""margin_depths"": 2.0, ""seed"": 102, ""top"": ""comb"", ""top_depth"": 37.5, ""top_params"": {""jitter"": 0.0, ""pitch"": 6.5, ""wall_bot"": 0.08, ""wall_top"": 0.08}}"
ST_comb-cone_75_s102,stack,comb/cone,foil + mould,0.08,102,d76,6.5,50.0,7.6923076923076925,0.03282051282051282,comb,cone,0.75,40.0,0.0018250062130391598,0.04999997094273567,"{""backing"": 2.0, ""bot"": ""cone"", ""bot_depth"": 12.5, ""bot_params"": {""depth_jitter"": 0.0, ""height_seg"": 12, ""jitter"": 0.3, ""pitch"": 5.5, ""profile_power"": 1.0, ""radial_seg"": 24, ""tip_radius"": 0.2}, ""face_h"": 60.0, ""face_w"": 60.0, ""margin_depths"": 2.0, ""seed"": 102, ""top"": ""comb"", ""top_depth"": 37.5, ""top_params"": {""jitter"": 0.0, ""pitch"": 6.5, ""wall_bot"": 0.08, ""wall_top"": 0.08}}"
ST_comb-cone_75_s102,stack,comb/cone,foil + mould,0.08,102,d100,6.5,50.0,7.6923076923076925,0.03282051282051282,comb,cone,0.75,0.0,0.0004584134148899466,0.04999997094273567,"{""backing"": 2.0, ""bot"": ""cone"", ""bot_depth"": 12.5, ""bot_params"": {""depth_jitter"": 0.0, ""height_seg"": 12, ""jitter"": 0.3, ""pitch"": 5.5, ""profile_power"": 1.0, ""radial_seg"": 24, ""tip_radius"": 0.2}, ""face_h"": 60.0, ""face_w"": 60.0, ""margin_depths"": 2.0, ""seed"": 102, ""top"": ""comb"", ""top_depth"": 37.5, ""top_params"": {""jitter"": 0.0, ""pitch"": 6.5, ""wall_bot"": 0.08, ""wall_top"": 0.08}}"
ST_comb-cone_75_s102,stack,comb/cone,foil + mould,0.08,102,d100,6.5,50.0,7.6923076923076925,0.03282051282051282,comb,cone,0.75,-20.0,0.0013363107573240995,0.04999997094273567,"{""backing"": 2.0, ""bot"": ""cone"", ""bot_depth"": 12.5, ""bot_params"": {""depth_jitter"": 0.0, ""height_seg"": 12, ""jitter"": 0.3, ""pitch"": 5.5, ""profile_power"": 1.0, ""radial_seg"": 24, ""tip_radius"": 0.2}, ""face_h"": 60.0, ""face_w"": 60.0, ""margin_depths"": 2.0, ""seed"": 102, ""top"": ""comb"", ""top_depth"": 37.5, ""top_params"": {""jitter"": 0.0, ""pitch"": 6.5, ""wall_bot"": 0.08, ""wall_top"": 0.08}}"
ST_comb-cone_75_s102,stack,comb/cone,foil + mould,0.08,102,d100,6.5,50.0,7.6923076923076925,0.03282051282051282,comb,cone,0.75,-40.0,0.002224544296041131,0.04999997094273567,"{""backing"": 2.0, ""bot"": ""cone"", ""bot_depth"": 12.5, ""bot_params"": {""depth_jitter"": 0.0, ""height_seg"": 12, ""jitter"": 0.3, ""pitch"": 5.5, ""profile_power"": 1.0, ""radial_seg"": 24, ""tip_radius"": 0.2}, ""face_h"": 60.0, ""face_w"": 60.0, ""margin_depths"": 2.0, ""seed"": 102, ""top"": ""comb"", ""top_depth"": 37.5, ""top_params"": {""jitter"": 0.0, ""pitch"": 6.5, ""wall_bot"": 0.08, ""wall_top"": 0.08}}"
ST_comb-cone_75_s102,stack,comb/cone,foil + mould,0.08,102,d100,6.5,50.0,7.6923076923076925,0.03282051282051282,comb,cone,0.75,20.0,0.0013384755002334714,0.04999997094273567,"{""backing"": 2.0, ""bot"": ""cone"", ""bot_depth"": 12.5, ""bot_params"": {""depth_jitter"": 0.0, ""height_seg"": 12, ""jitter"": 0.3, ""pitch"": 5.5, ""profile_power"": 1.0, ""radial_seg"": 24, ""tip_radius"": 0.2}, ""face_h"": 60.0, ""face_w"": 60.0, ""margin_depths"": 2.0, ""seed"": 102, ""top"": ""comb"", ""top_depth"": 37.5, ""top_params"": {""jitter"": 0.0, ""pitch"": 6.5, ""wall_bot"": 0.08, ""wall_top"": 0.08}}"
ST_comb-cone_75_s102,stack,comb/cone,foil + mould,0.08,102,d100,6.5,50.0,7.6923076923076925,0.03282051282051282,comb,cone,0.75,40.0,0.002225702628493309,0.04999997094273567,"{""backing"": 2.0, ""bot"": ""cone"", ""bot_depth"": 12.5, ""bot_params"": {""depth_jitter"": 0.0, ""height_seg"": 12, ""jitter"": 0.3, ""pitch"": 5.5, ""profile_power"": 1.0, ""radial_seg"": 24, ""tip_radius"": 0.2}, ""face_h"": 60.0, ""face_w"": 60.0, ""margin_depths"": 2.0, ""seed"": 102, ""top"": ""comb"", ""top_depth"": 37.5, ""top_params"": {""jitter"": 0.0, ""pitch"": 6.5, ""wall_bot"": 0.08, ""wall_top"": 0.08}}"
