tag,family,topology,process,feature,seed,diffuse_frac,tube,tube_kind,tube_pitch,tube_wall,tube_depth,floor,floor_depth,floor_pitch,depth,aspect,exposed_est,theta,rho,control,params_json
FL_bl050grid_flat_d00_s23,floor,shingle/flat,"sheet, grid",0.05,23,d00,bl050grid,shingle,5.5,0.05,50.0,flat,0.0,0.0,50.0,9.090909090909092,0.01522105255136286,0.0,0.0016446916852146387,0.04999997094273567,"{""azimuth_mode"": ""grid"", ""backing"": 2.0, ""depth"": 50.0, ""face_h"": 60.0, ""face_w"": 60.0, ""jitter"": 0.3, ""margin_depths"": 2.0, ""pitch"": 5.5, ""plate_t_bot"": 0.05, ""plate_t_top"": 0.05, ""seed"": 23, ""tilt_deg"": 2.0, ""tilt_jitter"": 0.0, ""topology"": ""shingle""}"
FL_bl050grid_flat_d00_s23,floor,shingle/flat,"sheet, grid",0.05,23,d00,bl050grid,shingle,5.5,0.05,50.0,flat,0.0,0.0,50.0,9.090909090909092,0.01522105255136286,-20.0,0.00043474696576595306,0.04999997094273567,"{""azimuth_mode"": ""grid"", ""backing"": 2.0, ""depth"": 50.0, ""face_h"": 60.0, ""face_w"": 60.0, ""jitter"": 0.3, ""margin_depths"": 2.0, ""pitch"": 5.5, ""plate_t_bot"": 0.05, ""plate_t_top"": 0.05, ""seed"": 23, ""tilt_deg"": 2.0, ""tilt_jitter"": 0.0, ""topology"": ""shingle""}"
FL_bl050grid_flat_d00_s23,floor,shingle/flat,"sheet, grid",0.05,23,d00,bl050grid,shingle,5.5,0.05,50.0,flat,0.0,0.0,50.0,9.090909090909092,0.01522105255136286,-40.0,0.00036447198363021016,0.04999997094273567,"{""azimuth_mode"": ""grid"", ""backing"": 2.0, ""depth"": 50.0, ""face_h"": 60.0, ""face_w"": 60.0, ""jitter"": 0.3, ""margin_depths"": 2.0, ""pitch"": 5.5, ""plate_t_bot"": 0.05, ""plate_t_top"": 0.05, ""seed"": 23, ""tilt_deg"": 2.0, ""tilt_jitter"": 0.0, ""topology"": ""shingle""}"
FL_bl050grid_flat_d00_s23,floor,shingle/flat,"sheet, grid",0.05,23,d00,bl050grid,shingle,5.5,0.05,50.0,flat,0.0,0.0,50.0,9.090909090909092,0.01522105255136286,20.0,0.00039723573718219995,0.04999997094273567,"{""azimuth_mode"": ""grid"", ""backing"": 2.0, ""depth"": 50.0, ""face_h"": 60.0, ""face_w"": 60.0, ""jitter"": 0.3, ""margin_depths"": 2.0, ""pitch"": 5.5, ""plate_t_bot"": 0.05, ""plate_t_top"": 0.05, ""seed"": 23, ""tilt_deg"": 2.0, ""tilt_jitter"": 0.0, ""topology"": ""shingle""}"
FL_bl050grid_flat_d00_s23,floor,shingle/flat,"sheet, grid",0.05,23,d00,bl050grid,shingle,5.5,0.05,50.0,flat,0.0,0.0,50.0,9.090909090909092,0.01522105255136286,40.0,0.00037872762186452746,0.04999997094273567,"{""azimuth_mode"": ""grid"", ""backing"": 2.0, ""depth"": 50.0, ""face_h"": 60.0, ""face_w"": 60.0, ""jitter"": 0.3, ""margin_depths"": 2.0, ""pitch"": 5.5, ""plate_t_bot"": 0.05, ""plate_t_top"": 0.05, ""seed"": 23, ""tilt_deg"": 2.0, ""tilt_jitter"": 0.0, ""topology"": ""shingle""}"
FL_bl050grid_flat_d00_s23,floor,shingle/flat,"sheet, grid",0.05,23,d76,bl050grid,shingle,5.5,0.05,50.0,flat,0.0,0.0,50.0,9.090909090909092,0.01522105255136286,0.0,0.0006376978708431125,0.04999997094273567,"{""azimuth_mode"": ""grid"", ""backing"": 2.0, ""depth"": 50.0, ""face_h"": 60.0, ""face_w"": 60.0, ""jitter"": 0.3, ""margin_depths"": 2.0, ""pitch"": 5.5, ""plate_t_bot"": 0.05, ""plate_t_top"": 0.05, ""seed"": 23, ""tilt_deg"": 2.0, ""tilt_jitter"": 0.0, ""topology"": ""shingle""}"
FL_bl050grid_flat_d00_s23,floor,shingle/flat,"sheet, grid",0.05,23,d76,bl050grid,shingle,5.5,0.05,50.0,flat,0.0,0.0,50.0,9.090909090909092,0.01522105255136286,-20.0,0.0008028449956327677,0.04999997094273567,"{""azimuth_mode"": ""grid"", ""backing"": 2.0, ""depth"": 50.0, ""face_h"": 60.0, ""face_w"": 60.0, ""jitter"": 0.3, ""margin_depths"": 2.0, ""pitch"": 5.5, ""plate_t_bot"": 0.05, ""plate_t_top"": 0.05, ""seed"": 23, ""tilt_deg"": 2.0, ""tilt_jitter"": 0.0, ""topology"": ""shingle""}"
FL_bl050grid_flat_d00_s23,floor,shingle/flat,"sheet, grid",0.05,23,d76,bl050grid,shingle,5.5,0.05,50.0,flat,0.0,0.0,50.0,9.090909090909092,0.01522105255136286,-40.0,0.0013716031098738313,0.04999997094273567,"{""azimuth_mode"": ""grid"", ""backing"": 2.0, ""depth"": 50.0, ""face_h"": 60.0, ""face_w"": 60.0, ""jitter"": 0.3, ""margin_depths"": 2.0, ""pitch"": 5.5, ""plate_t_bot"": 0.05, ""plate_t_top"": 0.05, ""seed"": 23, ""tilt_deg"": 2.0, ""tilt_jitter"": 0.0, ""topology"": ""shingle""}"
FL_bl050grid_flat_d00_s23,floor,shingle/flat,"sheet, grid",0.05,23,d76,bl050grid,shingle,5.5,0.05,50.0,flat,0.0,0.0,50.0,9.090909090909092,0.01522105255136286,20.0,0.0009301799000240862,0.04999997094273567,"{""azimuth_mode"": ""grid"", ""backing"": 2.0, ""depth"": 50.0, ""face_h"": 60.0, ""face_w"": 60.0, ""jitter"": 0.3, ""margin_depths"": 2.0, ""pitch"": 5.5, ""plate_t_bot"": 0.05, ""plate_t_top"": 0.05, ""seed"": 23, ""tilt_deg"": 2.0, ""tilt_jitter"": 0.0, ""topology"": ""shingle""}"
FL_bl050grid_flat_d00_s23,floor,shingle/flat,"sheet, grid",0.05,23,d76,bl050grid,shingle,5.5,0.05,50.0,flat,0.0,0.0,50.0,9.090909090909092,0.01522105255136286,40.0,0.0015182169154286385,0.04999997094273567,"{""azimuth_mode"": ""grid"", ""backing"": 2.0, ""depth"": 50.0, ""face_h"": 60.0, ""face_w"": 60.0, ""jitter"": 0.3, ""margin_depths"": 2.0, ""pitch"": 5.5, ""plate_t_bot"": 0.05, ""plate_t_top"": 0.05, ""seed"": 23, ""tilt_deg"": 2.0, ""tilt_jitter"": 0.0, ""topology"": ""shingle""}"
FL_bl050grid_flat_d00_s23,floor,shingle/flat,"sheet, grid",0.05,23,d100,bl050grid,shingle,5.5,0.05,50.0,flat,0.0,0.0,50.0,9.090909090909092,0.01522105255136286,0.0,0.00037236130447126925,0.04999997094273567,"{""azimuth_mode"": ""grid"", ""backing"": 2.0, ""depth"": 50.0, ""face_h"": 60.0, ""face_w"": 60.0, ""jitter"": 0.3, ""margin_depths"": 2.0, ""pitch"": 5.5, ""plate_t_bot"": 0.05, ""plate_t_top"": 0.05, ""seed"": 23, ""tilt_deg"": 2.0, ""tilt_jitter"": 0.0, ""topology"": ""shingle""}"
FL_bl050grid_flat_d00_s23,floor,shingle/flat,"sheet, grid",0.05,23,d100,bl050grid,shingle,5.5,0.05,50.0,flat,0.0,0.0,50.0,9.090909090909092,0.01522105255136286,-20.0,0.0009358286042697728,0.04999997094273567,"{""azimuth_mode"": ""grid"", ""backing"": 2.0, ""depth"": 50.0, ""face_h"": 60.0, ""face_w"": 60.0, ""jitter"": 0.3, ""margin_depths"": 2.0, ""pitch"": 5.5, ""plate_t_bot"": 0.05, ""plate_t_top"": 0.05, ""seed"": 23, ""tilt_deg"": 2.0, ""tilt_jitter"": 0.0, ""topology"": ""shingle""}"
FL_bl050grid_flat_d00_s23,floor,shingle/flat,"sheet, grid",0.05,23,d100,bl050grid,shingle,5.5,0.05,50.0,flat,0.0,0.0,50.0,9.090909090909092,0.01522105255136286,-40.0,0.0017024569679051638,0.04999997094273567,"{""azimuth_mode"": ""grid"", ""backing"": 2.0, ""depth"": 50.0, ""face_h"": 60.0, ""face_w"": 60.0, ""jitter"": 0.3, ""margin_depths"": 2.0, ""pitch"": 5.5, ""plate_t_bot"": 0.05, ""plate_t_top"": 0.05, ""seed"": 23, ""tilt_deg"": 2.0, ""tilt_jitter"": 0.0, ""topology"": ""shingle""}"
FL_bl050grid_flat_d00_s23,floor,shingle/flat,"sheet, grid",0.05,23,d100,bl050grid,shingle,5.5,0.05,50.0,flat,0.0,0.0,50.0,9.090909090909092,0.01522105255136286,20.0,0.0011138471309095621,0.04999997094273567,"{""azimuth_mode"": ""grid"", ""backing"": 2.0, ""depth"": 50.0, ""face_h"": 60.0, ""face_w"": 60.0, ""jitter"": 0.3, ""margin_depths"": 2.0, ""pitch"": 5.5, ""plate_t_bot"": 0.05, ""plate_t_top"": 0.05, ""seed"": 23, ""tilt_deg"": 2.0, ""tilt_jitter"": 0.0, ""topology"": ""shingle""}"
FL_bl050grid_flat_d00_s23,floor,shingle/flat,"sheet, grid",0.05,23,d100,bl050grid,shingle,5.5,0.05,50.0,flat,0.0,0.0,50.0,9.090909090909092,0.01522105255136286,40.0,0.0018863790901377797,0.04999997094273567,"{""azimuth_mode"": ""grid"", ""backing"": 2.0, ""depth"": 50.0, ""face_h"": 60.0, ""face_w"": 60.0, ""jitter"": 0.3, ""margin_depths"": 2.0, ""pitch"": 5.5, ""plate_t_bot"": 0.05, ""plate_t_top"": 0.05, ""seed"": 23, ""tilt_deg"": 2.0, ""tilt_jitter"": 0.0, ""topology"": ""shingle""}"
FL_bl050grid_cone_d20_s23,floor,shingle/cone,"sheet, grid",0.05,23,d00,bl050grid,shingle,5.5,0.05,48.0,cone,2.0,2.0,50.0,9.090909090909092,0.01522105255136286,0.0,0.0006131083937361836,0.04999997094273567,"{""backing"": 2.0, ""bot"": ""cone"", ""bot_depth"": 2.0, ""bot_params"": {""depth_jitter"": 0.0, ""height_seg"": 6, ""jitter"": 0.3, ""pitch"": 2.0, ""profile_power"": 1.0, ""radial_seg"": 16, ""tip_radius"": 0.1}, ""face_h"": 60.0, ""face_w"": 60.0, ""margin_depths"": 2.0, ""seed"": 23, ""top"": ""shingle"", ""top_depth"": 48.0, ""top_params"": {""azimuth_mode"": ""grid"", ""jitter"": 0.3, ""pitch"": 5.5, ""plate_t_bot"": 0.05, ""plate_t_top"": 0.05, ""tilt_deg"": 2.0, ""tilt_jitter"": 0.0}}"
FL_bl050grid_cone_d20_s23,floor,shingle/cone,"sheet, grid",0.05,23,d00,bl050grid,shingle,5.5,0.05,48.0,cone,2.0,2.0,50.0,9.090909090909092,0.01522105255136286,-20.0,0.0004164974670857191,0.04999997094273567,"{""backing"": 2.0, ""bot"": ""cone"", ""bot_depth"": 2.0, ""bot_params"": {""depth_jitter"": 0.0, ""height_seg"": 6, ""jitter"": 0.3, ""pitch"": 2.0, ""profile_power"": 1.0, ""radial_seg"": 16, ""tip_radius"": 0.1}, ""face_h"": 60.0, ""face_w"": 60.0, ""margin_depths"": 2.0, ""seed"": 23, ""top"": ""shingle"", ""top_depth"": 48.0, ""top_params"": {""azimuth_mode"": ""grid"", ""jitter"": 0.3, ""pitch"": 5.5, ""plate_t_bot"": 0.05, ""plate_t_top"": 0.05, ""tilt_deg"": 2.0, ""tilt_jitter"": 0.0}}"
FL_bl050grid_cone_d20_s23,floor,shingle/cone,"sheet, grid",0.05,23,d00,bl050grid,shingle,5.5,0.05,48.0,cone,2.0,2.0,50.0,9.090909090909092,0.01522105255136286,-40.0,0.0003652989398688078,0.04999997094273567,"{""backing"": 2.0, ""bot"": ""cone"", ""bot_depth"": 2.0, ""bot_params"": {""depth_jitter"": 0.0, ""height_seg"": 6, ""jitter"": 0.3, ""pitch"": 2.0, ""profile_power"": 1.0, ""radial_seg"": 16, ""tip_radius"": 0.1}, ""face_h"": 60.0, ""face_w"": 60.0, ""margin_depths"": 2.0, ""seed"": 23, ""top"": ""shingle"", ""top_depth"": 48.0, ""top_params"": {""azimuth_mode"": ""grid"", ""jitter"": 0.3, ""pitch"": 5.5, ""plate_t_bot"": 0.05, ""plate_t_top"": 0.05, ""tilt_deg"": 2.0, ""tilt_jitter"": 0.0}}"
FL_bl050grid_cone_d20_s23,floor,shingle/cone,"sheet, grid",0.05,23,d00,bl050grid,shingle,5.5,0.05,48.0,cone,2.0,2.0,50.0,9.090909090909092,0.01522105255136286,20.0,0.00037701590918004513,0.04999997094273567,"{""backing"": 2.0, ""bot"": ""cone"", ""bot_depth"": 2.0, ""bot_params"": {""depth_jitter"": 0.0, ""height_seg"": 6, ""jitter"": 0.3, ""pitch"": 2.0, ""profile_power"": 1.0, ""radial_seg"": 16, ""tip_radius"": 0.1}, ""face_h"": 60.0, ""face_w"": 60.0, ""margin_depths"": 2.0, ""seed"": 23, ""top"": ""shingle"", ""top_depth"": 48.0, ""top_params"": {""azimuth_mode"": ""grid"", ""jitter"": 0.3, ""pitch"": 5.5, ""plate_t_bot"": 0.05, ""plate_t_top"": 0.05, ""tilt_deg"": 2.0, ""tilt_jitter"": 0.0}}"
FL_bl050grid_cone_d20_s23,floor,shingle/cone,"sheet, grid",0.05,23,d00,bl050grid,shingle,5.5,0.05,48.0,cone,2.0,2.0,50.0,9.090909090909092,0.01522105255136286,40.0,0.00035383706563152373,0.04999997094273567,"{""backing"": 2.0, ""bot"": ""cone"", ""bot_depth"": 2.0, ""bot_params"": {""depth_jitter"": 0.0, ""height_seg"": 6, ""jitter"": 0.3, ""pitch"": 2.0, ""profile_power"": 1.0, ""radial_seg"": 16, ""tip_radius"": 0.1}, ""face_h"": 60.0, ""face_w"": 60.0, ""margin_depths"": 2.0, ""seed"": 23, ""top"": ""shingle"", ""top_depth"": 48.0, ""top_params"": {""azimuth_mode"": ""grid"", ""jitter"": 0.3, ""pitch"": 5.5, ""plate_t_bot"": 0.05, ""plate_t_top"": 0.05, ""tilt_deg"": 2.0, ""tilt_jitter"": 0.0}}"
FL_bl050grid_cone_d20_s23,floor,shingle/cone,"sheet, grid",0.05,23,d76,bl050grid,shingle,5.5,0.05,48.0,cone,2.0,2.0,50.0,9.090909090909092,0.01522105255136286,0.0,0.0003837217518594116,0.04999997094273567,"{""backing"": 2.0, ""bot"": ""cone"", ""bot_depth"": 2.0, ""bot_params"": {""depth_jitter"": 0.0, ""height_seg"": 6, ""jitter"": 0.3, ""pitch"": 2.0, ""profile_power"": 1.0, ""radial_seg"": 16, ""tip_radius"": 0.1}, ""face_h"": 60.0, ""face_w"": 60.0, ""margin_depths"": 2.0, ""seed"": 23, ""top"": ""shingle"", ""top_depth"": 48.0, ""top_params"": {""azimuth_mode"": ""grid"", ""jitter"": 0.3, ""pitch"": 5.5, ""plate_t_bot"": 0.05, ""plate_t_top"": 0.05, ""tilt_deg"": 2.0, ""tilt_jitter"": 0.0}}"
FL_bl050grid_cone_d20_s23,floor,shingle/cone,"sheet, grid",0.05,23,d76,bl050grid,shingle,5.5,0.05,48.0,cone,2.0,2.0,50.0,9.090909090909092,0.01522105255136286,-20.0,0.0007769493968226016,0.04999997094273567,"{""backing"": 2.0, ""bot"": ""cone"", ""bot_depth"": 2.0, ""bot_params"": {""depth_jitter"": 0.0, ""height_seg"": 6, ""jitter"": 0.3, ""pitch"": 2.0, ""profile_power"": 1.0, ""radial_seg"": 16, ""tip_radius"": 0.1}, ""face_h"": 60.0, ""face_w"": 60.0, ""margin_depths"": 2.0, ""seed"": 23, ""top"": ""shingle"", ""top_depth"": 48.0, ""top_params"": {""azimuth_mode"": ""grid"", ""jitter"": 0.3, ""pitch"": 5.5, ""plate_t_bot"": 0.05, ""plate_t_top"": 0.05, ""tilt_deg"": 2.0, ""tilt_jitter"": 0.0}}"
FL_bl050grid_cone_d20_s23,floor,shingle/cone,"sheet, grid",0.05,23,d76,bl050grid,shingle,5.5,0.05,48.0,cone,2.0,2.0,50.0,9.090909090909092,0.01522105255136286,-40.0,0.001341845141723752,0.04999997094273567,"{""backing"": 2.0, ""bot"": ""cone"", ""bot_depth"": 2.0, ""bot_params"": {""depth_jitter"": 0.0, ""height_seg"": 6, ""jitter"": 0.3, ""pitch"": 2.0, ""profile_power"": 1.0, ""radial_seg"": 16, ""tip_radius"": 0.1}, ""face_h"": 60.0, ""face_w"": 60.0, ""margin_depths"": 2.0, ""seed"": 23, ""top"": ""shingle"", ""top_depth"": 48.0, ""top_params"": {""azimuth_mode"": ""grid"", ""jitter"": 0.3, ""pitch"": 5.5, ""plate_t_bot"": 0.05, ""plate_t_top"": 0.05, ""tilt_deg"": 2.0, ""tilt_jitter"": 0.0}}"
FL_bl050grid_cone_d20_s23,floor,shingle/cone,"sheet, grid",0.05,23,d76,bl050grid,shingle,5.5,0.05,48.0,cone,2.0,2.0,50.0,9.090909090909092,0.01522105255136286,20.0,0.0009100906900130212,0.04999997094273567,"{""backing"": 2.0, ""bot"": ""cone"", ""bot_depth"": 2.0, ""bot_params"": {""depth_jitter"": 0.0, ""height_seg"": 6, ""jitter"": 0.3, ""pitch"": 2.0, ""profile_power"": 1.0, ""radial_seg"": 16, ""tip_radius"": 0.1}, ""face_h"": 60.0, ""face_w"": 60.0, ""margin_depths"": 2.0, ""seed"": 23, ""top"": ""shingle"", ""top_depth"": 48.0, ""top_params"": {""azimuth_mode"": ""grid"", ""jitter"": 0.3, ""pitch"": 5.5, ""plate_t_bot"": 0.05, ""plate_t_top"": 0.05, ""tilt_deg"": 2.0, ""tilt_jitter"": 0.0}}"
FL_bl050grid_cone_d20_s23,floor,shingle/cone,"sheet, grid",0.05,23,d76,bl050grid,shingle,5.5,0.05,48.0,cone,2.0,2.0,50.0,9.090909090909092,0.01522105255136286,40.0,0.001486114808358252,0.04999997094273567,"{""backing"": 2.0, ""bot"": ""cone"", ""bot_depth"": 2.0, ""bot_params"": {""depth_jitter"": 0.0, ""height_seg"": 6, ""jitter"": 0.3, ""pitch"": 2.0, ""profile_power"": 1.0, ""radial_seg"": 16, ""tip_radius"": 0.1}, ""face_h"": 60.0, ""face_w"": 60.0, ""margin_depths"": 2.0, ""seed"": 23, ""top"": ""shingle"", ""top_depth"": 48.0, ""top_params"": {""azimuth_mode"": ""grid"", ""jitter"": 0.3, ""pitch"": 5.5, ""plate_t_bot"": 0.05, ""plate_t_top"": 0.05, ""tilt_deg"": 2.0, ""tilt_jitter"": 0.0}}"
FL_bl050grid_cone_d20_s23,floor,shingle/cone,"sheet, grid",0.05,23,d100,bl050grid,shingle,5.5,0.05,48.0,cone,2.0,2.0,50.0,9.090909090909092,0.01522105255136286,0.0,0.00035035100881941617,0.04999997094273567,"{""backing"": 2.0, ""bot"": ""cone"", ""bot_depth"": 2.0, ""bot_params"": {""depth_jitter"": 0.0, ""height_seg"": 6, ""jitter"": 0.3, ""pitch"": 2.0, ""profile_power"": 1.0, ""radial_seg"": 16, ""tip_radius"": 0.1}, ""face_h"": 60.0, ""face_w"": 60.0, ""margin_depths"": 2.0, ""seed"": 23, ""top"": ""shingle"", ""top_depth"": 48.0, ""top_params"": {""azimuth_mode"": ""grid"", ""jitter"": 0.3, ""pitch"": 5.5, ""plate_t_bot"": 0.05, ""plate_t_top"": 0.05, ""tilt_deg"": 2.0, ""tilt_jitter"": 0.0}}"
FL_bl050grid_cone_d20_s23,floor,shingle/cone,"sheet, grid",0.05,23,d100,bl050grid,shingle,5.5,0.05,48.0,cone,2.0,2.0,50.0,9.090909090909092,0.01522105255136286,-20.0,0.0008964384905993938,0.04999997094273567,"{""backing"": 2.0, ""bot"": ""cone"", ""bot_depth"": 2.0, ""bot_params"": {""depth_jitter"": 0.0, ""height_seg"": 6, ""jitter"": 0.3, ""pitch"": 2.0, ""profile_power"": 1.0, ""radial_seg"": 16, ""tip_radius"": 0.1}, ""face_h"": 60.0, ""face_w"": 60.0, ""margin_depths"": 2.0, ""seed"": 23, ""top"": ""shingle"", ""top_depth"": 48.0, ""top_params"": {""azimuth_mode"": ""grid"", ""jitter"": 0.3, ""pitch"": 5.5, ""plate_t_bot"": 0.05, ""plate_t_top"": 0.05, ""tilt_deg"": 2.0, ""tilt_jitter"": 0.0}}"
FL_bl050grid_cone_d20_s23,floor,shingle/cone,"sheet, grid",0.05,23,d100,bl050grid,shingle,5.5,0.05,48.0,cone,2.0,2.0,50.0,9.090909090909092,0.01522105255136286,-40.0,0.0016519087366759777,0.04999997094273567,"{""backing"": 2.0, ""bot"": ""cone"", ""bot_depth"": 2.0, ""bot_params"": {""depth_jitter"": 0.0, ""height_seg"": 6, ""jitter"": 0.3, ""pitch"": 2.0, ""profile_power"": 1.0, ""radial_seg"": 16, ""tip_radius"": 0.1}, ""face_h"": 60.0, ""face_w"": 60.0, ""margin_depths"": 2.0, ""seed"": 23, ""top"": ""shingle"", ""top_depth"": 48.0, ""top_params"": {""azimuth_mode"": ""grid"", ""jitter"": 0.3, ""pitch"": 5.5, ""plate_t_bot"": 0.05, ""plate_t_top"": 0.05, ""tilt_deg"": 2.0, ""tilt_jitter"": 0.0}}"
FL_bl050grid_cone_d20_s23,floor,shingle/cone,"sheet, grid",0.05,23,d100,bl050grid,shingle,5.5,0.05,48.0,cone,2.0,2.0,50.0,9.090909090909092,0.01522105255136286,20.0,0.0010822865879163146,0.04999997094273567,"{""backing"": 2.0, ""bot"": ""cone"", ""bot_depth"": 2.0, ""bot_params"": {""depth_jitter"": 0.0, ""height_seg"": 6, ""jitter"": 0.3, ""pitch"": 2.0, ""profile_power"": 1.0, ""radial_seg"": 16, ""tip_radius"": 0.1}, ""face_h"": 60.0, ""face_w"": 60.0, ""margin_depths"": 2.0, ""seed"": 23, ""top"": ""shingle"", ""top_depth"": 48.0, ""top_params"": {""azimuth_mode"": ""grid"", ""jitter"": 0.3, ""pitch"": 5.5, ""plate_t_bot"": 0.05, ""plate_t_top"": 0.05, ""tilt_deg"": 2.0, ""tilt_jitter"": 0.0}}"
FL_bl050grid_cone_d20_s23,floor,shingle/cone,"sheet, grid",0.05,23,d100,bl050grid,shingle,5.5,0.05,48.0,cone,2.0,2.0,50.0,9.090909090909092,0.01522105255136286,40.0,0.0018569388194009662,0.04999997094273567,"{""backing"": 2.0, ""bot"": ""cone"", ""bot_depth"": 2.0, ""bot_params"": {""depth_jitter"": 0.0, ""height_seg"": 6, ""jitter"": 0.3, ""pitch"": 2.0, ""profile_power"": 1.0, ""radial_seg"": 16, ""tip_radius"": 0.1}, ""face_h"": 60.0, ""face_w"": 60.0, ""margin_depths"": 2.0, ""seed"": 23, ""top"": ""shingle"", ""top_depth"": 48.0, ""top_params"": {""azimuth_mode"": ""grid"", ""jitter"": 0.3, ""pitch"": 5.5, ""plate_t_bot"": 0.05, ""plate_t_top"": 0.05, ""tilt_deg"": 2.0, ""tilt_jitter"": 0.0}}"
FL_bl050grid_cone_d30_s23,floor,shingle/cone,"sheet, grid",0.05,23,d00,bl050grid,shingle,5.5,0.05,47.0,cone,3.0,2.0,50.0,9.090909090909092,0.01522105255136286,0.0,0.0005590016953647137,0.04999997094273567,"{""backing"": 2.0, ""bot"": ""cone"", ""bot_depth"": 3.0, ""bot_params"": {""depth_jitter"": 0.0, ""height_seg"": 6, ""jitter"": 0.3, ""pitch"": 2.0, ""profile_power"": 1.0, ""radial_seg"": 16, ""tip_radius"": 0.1}, ""face_h"": 60.0, ""face_w"": 60.0, ""margin_depths"": 2.0, ""seed"": 23, ""top"": ""shingle"", ""top_depth"": 47.0, ""top_params"": {""azimuth_mode"": ""grid"", ""jitter"": 0.3, ""pitch"": 5.5, ""plate_t_bot"": 0.05, ""plate_t_top"": 0.05, ""tilt_deg"": 2.0, ""tilt_jitter"": 0.0}}"
FL_bl050grid_cone_d30_s23,floor,shingle/cone,"sheet, grid",0.05,23,d00,bl050grid,shingle,5.5,0.05,47.0,cone,3.0,2.0,50.0,9.090909090909092,0.01522105255136286,-20.0,0.00041460487409494817,0.04999997094273567,"{""backing"": 2.0, ""bot"": ""cone"", ""bot_depth"": 3.0, ""bot_params"": {""depth_jitter"": 0.0, ""height_seg"": 6, ""jitter"": 0.3, ""pitch"": 2.0, ""profile_power"": 1.0, ""radial_seg"": 16, ""tip_radius"": 0.1}, ""face_h"": 60.0, ""face_w"": 60.0, ""margin_depths"": 2.0, ""seed"": 23, ""top"": ""shingle"", ""top_depth"": 47.0, ""top_params"": {""azimuth_mode"": ""grid"", ""jitter"": 0.3, ""pitch"": 5.5, ""plate_t_bot"": 0.05, ""plate_t_top"": 0.05, ""tilt_deg"": 2.0, ""tilt_jitter"": 0.0}}"
FL_bl050grid_cone_d30_s23,floor,shingle/cone,"sheet, grid",0.05,23,d00,bl050grid,shingle,5.5,0.05,47.0,cone,3.0,2.0,50.0,9.090909090909092,0.01522105255136286,-40.0,0.0003654063621070236,0.04999997094273567,"{""backing"": 2.0, ""bot"": ""cone"", ""bot_depth"": 3.0, ""bot_params"": {""depth_jitter"": 0.0, ""height_seg"": 6, ""jitter"": 0.3, ""pitch"": 2.0, ""profile_power"": 1.0, ""radial_seg"": 16, ""tip_radius"": 0.1}, ""face_h"": 60.0, ""face_w"": 60.0, ""margin_depths"": 2.0, ""seed"": 23, ""top"": ""shingle"", ""top_depth"": 47.0, ""top_params"": {""azimuth_mode"": ""grid"", ""jitter"": 0.3, ""pitch"": 5.5, ""plate_t_bot"": 0.05, ""plate_t_top"": 0.05, ""tilt_deg"": 2.0, ""tilt_jitter"": 0.0}}"
FL_bl050grid_cone_d30_s23,floor,shingle/cone,"sheet, grid",0.05,23,d00,bl050grid,shingle,5.5,0.05,47.0,cone,3.0,2.0,50.0,9.090909090909092,0.01522105255136286,20.0,0.00037631785380654037,0.04999997094273567,"{""backing"": 2.0, ""bot"": ""cone"", ""bot_depth"": 3.0, ""bot_params"": {""depth_jitter"": 0.0, ""height_seg"": 6, ""jitter"": 0.3, ""pitch"": 2.0, ""profile_power"": 1.0, ""radial_seg"": 16, ""tip_radius"": 0.1}, ""face_h"": 60.0, ""face_w"": 60.0, ""margin_depths"": 2.0, ""seed"": 23, ""top"": ""shingle"", ""top_depth"": 47.0, ""top_params"": {""azimuth_mode"": ""grid"", ""jitter"": 0.3, ""pitch"": 5.5, ""plate_t_bot"": 0.05, ""plate_t_top"": 0.05, ""tilt_deg"": 2.0, ""tilt_jitter"": 0.0}}"
FL_bl050grid_cone_d30_s23,floor,shingle/cone,"sheet, grid",0.05,23,d00,bl050grid,shingle,5.5,0.05,47.0,cone,3.0,2.0,50.0,9.090909090909092,0.01522105255136286,40.0,0.00035366389784030616,0.04999997094273567,"{""backing"": 2.0, ""bot"": ""cone"", ""bot_depth"": 3.0, ""bot_params"": {""depth_jitter"": 0.0, ""height_seg"": 6, ""jitter"": 0.3, ""pitch"": 2.0, ""profile_power"": 1.0, ""radial_seg"": 16, ""tip_radius"": 0.1}, ""face_h"": 60.0, ""face_w"": 60.0, ""margin_depths"": 2.0, ""seed"": 23, ""top"": ""shingle"", ""top_depth"": 47.0, ""top_params"": {""azimuth_mode"": ""grid"", ""jitter"": 0.3, ""pitch"": 5.5, ""plate_t_bot"": 0.05, ""plate_t_top"": 0.05, ""tilt_deg"": 2.0, ""tilt_jitter"": 0.0}}"
FL_bl050grid_cone_d30_s23,floor,shingle/cone,"sheet, grid",0.05,23,d76,bl050grid,shingle,5.5,0.05,47.0,cone,3.0,2.0,50.0,9.090909090909092,0.01522105255136286,0.0,0.0003785975568462163,0.04999997094273567,"{""backing"": 2.0, ""bot"": ""cone"", ""bot_depth"": 3.0, ""bot_params"": {""depth_jitter"": 0.0, ""height_seg"": 6, ""jitter"": 0.3, ""pitch"": 2.0, ""profile_power"": 1.0, ""radial_seg"": 16, ""tip_radius"": 0.1}, ""face_h"": 60.0, ""face_w"": 60.0, ""margin_depths"": 2.0, ""seed"": 23, ""top"": ""shingle"", ""top_depth"": 47.0, ""top_params"": {""azimuth_mode"": ""grid"", ""jitter"": 0.3, ""pitch"": 5.5, ""plate_t_bot"": 0.05, ""plate_t_top"": 0.05, ""tilt_deg"": 2.0, ""tilt_jitter"": 0.0}}"
FL_bl050grid_cone_d30_s23,floor,shingle/cone,"sheet, grid",0.05,23,d76,bl050grid,shingle,5.5,0.05,47.0,cone,3.0,2.0,50.0,9.090909090909092,0.01522105255136286,-20.0,0.000778424961026758,0.04999997094273567,"{""backing"": 2.0, ""bot"": ""cone"", ""bot_depth"": 3.0, ""bot_params"": {""depth_jitter"": 0.0, ""height_seg"": 6, ""jitter"": 0.3, ""pitch"": 2.0, ""profile_power"": 1.0, ""radial_seg"": 16, ""tip_radius"": 0.1}, ""face_h"": 60.0, ""face_w"": 60.0, ""margin_depths"": 2.0, ""seed"": 23, ""top"": ""shingle"", ""top_depth"": 47.0, ""top_params"": {""azimuth_mode"": ""grid"", ""jitter"": 0.3, ""pitch"": 5.5, ""plate_t_bot"": 0.05, ""plate_t_top"": 0.05, ""tilt_deg"": 2.0, ""tilt_jitter"": 0.0}}"
FL_bl050grid_cone_d30_s23,floor,shingle/cone,"sheet, grid",0.05,23,d76,bl050grid,shingle,5.5,0.05,47.0,cone,3.0,2.0,50.0,9.090909090909092,0.01522105255136286,-40.0,0.0013417385052889585,0.04999997094273567,"{""backing"": 2.0, ""bot"": ""cone"", ""bot_depth"": 3.0, ""bot_params"": {""depth_jitter"": 0.0, ""height_seg"": 6, ""jitter"": 0.3, ""pitch"": 2.0, ""profile_power"": 1.0, ""radial_seg"": 16, ""tip_radius"": 0.1}, ""face_h"": 60.0, ""face_w"": 60.0, ""margin_depths"": 2.0, ""seed"": 23, ""top"": ""shingle"", ""top_depth"": 47.0, ""top_params"": {""azimuth_mode"": ""grid"", ""jitter"": 0.3, ""pitch"": 5.5, ""plate_t_bot"": 0.05, ""plate_t_top"": 0.05, ""tilt_deg"": 2.0, ""tilt_jitter"": 0.0}}"
FL_bl050grid_cone_d30_s23,floor,shingle/cone,"sheet, grid",0.05,23,d76,bl050grid,shingle,5.5,0.05,47.0,cone,3.0,2.0,50.0,9.090909090909092,0.01522105255136286,20.0,0.0009097579168155789,0.04999997094273567,"{""backing"": 2.0, ""bot"": ""cone"", ""bot_depth"": 3.0, ""bot_params"": {""depth_jitter"": 0.0, ""height_seg"": 6, ""jitter"": 0.3, ""pitch"": 2.0, ""profile_power"": 1.0, ""radial_seg"": 16, ""tip_radius"": 0.1}, ""face_h"": 60.0, ""face_w"": 60.0, ""margin_depths"": 2.0, ""seed"": 23, ""top"": ""shingle"", ""top_depth"": 47.0, ""top_params"": {""azimuth_mode"": ""grid"", ""jitter"": 0.3, ""pitch"": 5.5, ""plate_t_bot"": 0.05, ""plate_t_top"": 0.05, ""tilt_deg"": 2.0, ""tilt_jitter"": 0.0}}"
FL_bl050grid_cone_d30_s23,floor,shingle/cone,"sheet, grid",0.05,23,d76,bl050grid,shingle,5.5,0.05,47.0,cone,3.0,2.0,50.0,9.090909090909092,0.01522105255136286,40.0,0.0014861015370115638,0.04999997094273567,"{""backing"": 2.0, ""bot"": ""cone"", ""bot_depth"": 3.0, ""bot_params"": {""depth_jitter"": 0.0, ""height_seg"": 6, ""jitter"": 0.3, ""pitch"": 2.0, ""profile_power"": 1.0, ""radial_seg"": 16, ""tip_radius"": 0.1}, ""face_h"": 60.0, ""face_w"": 60.0, ""margin_depths"": 2.0, ""seed"": 23, ""top"": ""shingle"", ""top_depth"": 47.0, ""top_params"": {""azimuth_mode"": ""grid"", ""jitter"": 0.3, ""pitch"": 5.5, ""plate_t_bot"": 0.05, ""plate_t_top"": 0.05, ""tilt_deg"": 2.0, ""tilt_jitter"": 0.0}}"
FL_bl050grid_cone_d30_s23,floor,shingle/cone,"sheet, grid",0.05,23,d100,bl050grid,shingle,5.5,0.05,47.0,cone,3.0,2.0,50.0,9.090909090909092,0.01522105255136286,0.0,0.0003419251588638872,0.04999997094273567,"{""backing"": 2.0, ""bot"": ""cone"", ""bot_depth"": 3.0, ""bot_params"": {""depth_jitter"": 0.0, ""height_seg"": 6, ""jitter"": 0.3, ""pitch"": 2.0, ""profile_power"": 1.0, ""radial_seg"": 16, ""tip_radius"": 0.1}, ""face_h"": 60.0, ""face_w"": 60.0, ""margin_depths"": 2.0, ""seed"": 23, ""top"": ""shingle"", ""top_depth"": 47.0, ""top_params"": {""azimuth_mode"": ""grid"", ""jitter"": 0.3, ""pitch"": 5.5, ""plate_t_bot"": 0.05, ""plate_t_top"": 0.05, ""tilt_deg"": 2.0, ""tilt_jitter"": 0.0}}"
FL_bl050grid_cone_d30_s23,floor,shingle/cone,"sheet, grid",0.05,23,d100,bl050grid,shingle,5.5,0.05,47.0,cone,3.0,2.0,50.0,9.090909090909092,0.01522105255136286,-20.0,0.0008967687608674169,0.04999997094273567,"{""backing"": 2.0, ""bot"": ""cone"", ""bot_depth"": 3.0, ""bot_params"": {""depth_jitter"": 0.0, ""height_seg"": 6, ""jitter"": 0.3, ""pitch"": 2.0, ""profile_power"": 1.0, ""radial_seg"": 16, ""tip_radius"": 0.1}, ""face_h"": 60.0, ""face_w"": 60.0, ""margin_depths"": 2.0, ""seed"": 23, ""top"": ""shingle"", ""top_depth"": 47.0, ""top_params"": {""azimuth_mode"": ""grid"", ""jitter"": 0.3, ""pitch"": 5.5, ""plate_t_bot"": 0.05, ""plate_t_top"": 0.05, ""tilt_deg"": 2.0, ""tilt_jitter"": 0.0}}"
FL_bl050grid_cone_d30_s23,floor,shingle/cone,"sheet, grid",0.05,23,d100,bl050grid,shingle,5.5,0.05,47.0,cone,3.0,2.0,50.0,9.090909090909092,0.01522105255136286,-40.0,0.0016518039628863335,0.04999997094273567,"{""backing"": 2.0, ""bot"": ""cone"", ""bot_depth"": 3.0, ""bot_params"": {""depth_jitter"": 0.0, ""height_seg"": 6, ""jitter"": 0.3, ""pitch"": 2.0, ""profile_power"": 1.0, ""radial_seg"": 16, ""tip_radius"": 0.1}, ""face_h"": 60.0, ""face_w"": 60.0, ""margin_depths"": 2.0, ""seed"": 23, ""top"": ""shingle"", ""top_depth"": 47.0, ""top_params"": {""azimuth_mode"": ""grid"", ""jitter"": 0.3, ""pitch"": 5.5, ""plate_t_bot"": 0.05, ""plate_t_top"": 0.05, ""tilt_deg"": 2.0, ""tilt_jitter"": 0.0}}"
FL_bl050grid_cone_d30_s23,floor,shingle/cone,"sheet, grid",0.05,23,d100,bl050grid,shingle,5.5,0.05,47.0,cone,3.0,2.0,50.0,9.090909090909092,0.01522105255136286,20.0,0.0010823709890246391,0.04999997094273567,"{""backing"": 2.0, ""bot"": ""cone"", ""bot_depth"": 3.0, ""bot_params"": {""depth_jitter"": 0.0, ""height_seg"": 6, ""jitter"": 0.3, ""pitch"": 2.0, ""profile_power"": 1.0, ""radial_seg"": 16, ""tip_radius"": 0.1}, ""face_h"": 60.0, ""face_w"": 60.0, ""margin_depths"": 2.0, ""seed"": 23, ""top"": ""shingle"", ""top_depth"": 47.0, ""top_params"": {""azimuth_mode"": ""grid"", ""jitter"": 0.3, ""pitch"": 5.5, ""plate_t_bot"": 0.05, ""plate_t_top"": 0.05, ""tilt_deg"": 2.0, ""tilt_jitter"": 0.0}}"
FL_bl050grid_cone_d30_s23,floor,shingle/cone,"sheet, grid",0.05,23,d100,bl050grid,shingle,5.5,0.05,47.0,cone,3.0,2.0,50.0,9.090909090909092,0.01522105255136286,40.0,0.0018569387029856443,0.04999997094273567,"{""backing"": 2.0, ""bot"": ""cone"", ""bot_depth"": 3.0, ""bot_params"": {""depth_jitter"": 0.0, ""height_seg"": 6, ""jitter"": 0.3, ""pitch"": 2.0, ""profile_power"": 1.0, ""radial_seg"": 16, ""tip_radius"": 0.1}, ""face_h"": 60.0, ""face_w"": 60.0, ""margin_depths"": 2.0, ""seed"": 23, ""top"": ""shingle"", ""top_depth"": 47.0, ""top_params"": {""azimuth_mode"": ""grid"", ""jitter"": 0.3, ""pitch"": 5.5, ""plate_t_bot"": 0.05, ""plate_t_top"": 0.05, ""tilt_deg"": 2.0, ""tilt_jitter"": 0.0}}"
FL_bl050grid_cone_d50_s23,floor,shingle/cone,"sheet, grid",0.05,23,d00,bl050grid,shingle,5.5,0.05,45.0,cone,5.0,2.0,50.0,9.090909090909092,0.01522105255136286,0.0,0.0005873567424714565,0.04999997094273567,"{""backing"": 2.0, ""bot"": ""cone"", ""bot_depth"": 5.0, ""bot_params"": {""depth_jitter"": 0.0, ""height_seg"": 6, ""jitter"": 0.3, ""pitch"": 2.0, ""profile_power"": 1.0, ""radial_seg"": 16, ""tip_radius"": 0.1}, ""face_h"": 60.0, ""face_w"": 60.0, ""margin_depths"": 2.0, ""seed"": 23, ""top"": ""shingle"", ""top_depth"": 45.0, ""top_params"": {""azimuth_mode"": ""grid"", ""jitter"": 0.3, ""pitch"": 5.5, ""plate_t_bot"": 0.05, ""plate_t_top"": 0.05, ""tilt_deg"": 2.0, ""tilt_jitter"": 0.0}}"
FL_bl050grid_cone_d50_s23,floor,shingle/cone,"sheet, grid",0.05,23,d00,bl050grid,shingle,5.5,0.05,45.0,cone,5.0,2.0,50.0,9.090909090909092,0.01522105255136286,-20.0,0.0004405649087857455,0.04999997094273567,"{""backing"": 2.0, ""bot"": ""cone"", ""bot_depth"": 5.0, ""bot_params"": {""depth_jitter"": 0.0, ""height_seg"": 6, ""jitter"": 0.3, ""pitch"": 2.0, ""profile_power"": 1.0, ""radial_seg"": 16, ""tip_radius"": 0.1}, ""face_h"": 60.0, ""face_w"": 60.0, ""margin_depths"": 2.0, ""seed"": 23, ""top"": ""shingle"", ""top_depth"": 45.0, ""top_params"": {""azimuth_mode"": ""grid"", ""jitter"": 0.3, ""pitch"": 5.5, ""plate_t_bot"": 0.05, ""plate_t_top"": 0.05, ""tilt_deg"": 2.0, ""tilt_jitter"": 0.0}}"
FL_bl050grid_cone_d50_s23,floor,shingle/cone,"sheet, grid",0.05,23,d00,bl050grid,shingle,5.5,0.05,45.0,cone,5.0,2.0,50.0,9.090909090909092,0.01522105255136286,-40.0,0.00037789420457556844,0.04999997094273567,"{""backing"": 2.0, ""bot"": ""cone"", ""bot_depth"": 5.0, ""bot_params"": {""depth_jitter"": 0.0, ""height_seg"": 6, ""jitter"": 0.3, ""pitch"": 2.0, ""profile_power"": 1.0, ""radial_seg"": 16, ""tip_radius"": 0.1}, ""face_h"": 60.0, ""face_w"": 60.0, ""margin_depths"": 2.0, ""seed"": 23, ""top"": ""shingle"", ""top_depth"": 45.0, ""top_params"": {""azimuth_mode"": ""grid"", ""jitter"": 0.3, ""pitch"": 5.5, ""plate_t_bot"": 0.05, ""plate_t_top"": 0.05, ""tilt_deg"": 2.0, ""tilt_jitter"": 0.0}}"
FL_bl050grid_cone_d50_s23,floor,shingle/cone,"sheet, grid",0.05,23,d00,bl050grid,shingle,5.5,0.05,45.0,cone,5.0,2.0,50.0,9.090909090909092,0.01522105255136286,20.0,0.0004040680651087314,0.04999997094273567,"{""backing"": 2.0, ""bot"": ""cone"", ""bot_depth"": 5.0, ""bot_params"": {""depth_jitter"": 0.0, ""height_seg"": 6, ""jitter"": 0.3, ""pitch"": 2.0, ""profile_power"": 1.0, ""radial_seg"": 16, ""tip_radius"": 0.1}, ""face_h"": 60.0, ""face_w"": 60.0, ""margin_depths"": 2.0, ""seed"": 23, ""top"": ""shingle"", ""top_depth"": 45.0, ""top_params"": {""azimuth_mode"": ""grid"", ""jitter"": 0.3, ""pitch"": 5.5, ""plate_t_bot"": 0.05, ""plate_t_top"": 0.05, ""tilt_deg"": 2.0, ""tilt_jitter"": 0.0}}"
FL_bl050grid_cone_d50_s23,floor,shingle/cone,"sheet, grid",0.05,23,d00,bl050grid,shingle,5.5,0.05,45.0,cone,5.0,2.0,50.0,9.090909090909092,0.01522105255136286,40.0,0.0003801652928814292,0.04999997094273567,"{""backing"": 2.0, ""bot"": ""cone"", ""bot_depth"": 5.0, ""bot_params"": {""depth_jitter"": 0.0, ""height_seg"": 6, ""jitter"": 0.3, ""pitch"": 2.0, ""profile_power"": 1.0, ""radial_seg"": 16, ""tip_radius"": 0.1}, ""face_h"": 60.0, ""face_w"": 60.0, ""margin_depths"": 2.0, ""seed"": 23, ""top"": ""shingle"", ""top_depth"": 45.0, ""top_params"": {""azimuth_mode"": ""grid"", ""jitter"": 0.3, ""pitch"": 5.5, ""plate_t_bot"": 0.05, ""plate_t_top"": 0.05, ""tilt_deg"": 2.0, ""tilt_jitter"": 0.0}}"
FL_bl050grid_cone_d50_s23,floor,shingle/cone,"sheet, grid",0.05,23,d76,bl050grid,shingle,5.5,0.05,45.0,cone,5.0,2.0,50.0,9.090909090909092,0.01522105255136286,0.0,0.000397612078813836,0.04999997094273567,"{""backing"": 2.0, ""bot"": ""cone"", ""bot_depth"": 5.0, ""bot_params"": {""depth_jitter"": 0.0, ""height_seg"": 6, ""jitter"": 0.3, ""pitch"": 2.0, ""profile_power"": 1.0, ""radial_seg"": 16, ""tip_radius"": 0.1}, ""face_h"": 60.0, ""face_w"": 60.0, ""margin_depths"": 2.0, ""seed"": 23, ""top"": ""shingle"", ""top_depth"": 45.0, ""top_params"": {""azimuth_mode"": ""grid"", ""jitter"": 0.3, ""pitch"": 5.5, ""plate_t_bot"": 0.05, ""plate_t_top"": 0.05, ""tilt_deg"": 2.0, ""tilt_jitter"": 0.0}}"
FL_bl050grid_cone_d50_s23,floor,shingle/cone,"sheet, grid",0.05,23,d76,bl050grid,shingle,5.5,0.05,45.0,cone,5.0,2.0,50.0,9.090909090909092,0.01522105255136286,-20.0,0.0008159559802152216,0.04999997094273567,"{""backing"": 2.0, ""bot"": ""cone"", ""bot_depth"": 5.0, ""bot_params"": {""depth_jitter"": 0.0, ""height_seg"": 6, ""jitter"": 0.3, ""pitch"": 2.0, ""profile_power"": 1.0, ""radial_seg"": 16, ""tip_radius"": 0.1}, ""face_h"": 60.0, ""face_w"": 60.0, ""margin_depths"": 2.0, ""seed"": 23, ""top"": ""shingle"", ""top_depth"": 45.0, ""top_params"": {""azimuth_mode"": ""grid"", ""jitter"": 0.3, ""pitch"": 5.5, ""plate_t_bot"": 0.05, ""plate_t_top"": 0.05, ""tilt_deg"": 2.0, ""tilt_jitter"": 0.0}}"
FL_bl050grid_cone_d50_s23,floor,shingle/cone,"sheet, grid",0.05,23,d76,bl050grid,shingle,5.5,0.05,45.0,cone,5.0,2.0,50.0,9.090909090909092,0.01522105255136286,-40.0,0.0013632042100653052,0.04999997094273567,"{""backing"": 2.0, ""bot"": ""cone"", ""bot_depth"": 5.0, ""bot_params"": {""depth_jitter"": 0.0, ""height_seg"": 6, ""jitter"": 0.3, ""pitch"": 2.0, ""profile_power"": 1.0, ""radial_seg"": 16, ""tip_radius"": 0.1}, ""face_h"": 60.0, ""face_w"": 60.0, ""margin_depths"": 2.0, ""seed"": 23, ""top"": ""shingle"", ""top_depth"": 45.0, ""top_params"": {""azimuth_mode"": ""grid"", ""jitter"": 0.3, ""pitch"": 5.5, ""plate_t_bot"": 0.05, ""plate_t_top"": 0.05, ""tilt_deg"": 2.0, ""tilt_jitter"": 0.0}}"
FL_bl050grid_cone_d50_s23,floor,shingle/cone,"sheet, grid",0.05,23,d76,bl050grid,shingle,5.5,0.05,45.0,cone,5.0,2.0,50.0,9.090909090909092,0.01522105255136286,20.0,0.000990382512100041,0.04999997094273567,"{""backing"": 2.0, ""bot"": ""cone"", ""bot_depth"": 5.0, ""bot_params"": {""depth_jitter"": 0.0, ""height_seg"": 6, ""jitter"": 0.3, ""pitch"": 2.0, ""profile_power"": 1.0, ""radial_seg"": 16, ""tip_radius"": 0.1}, ""face_h"": 60.0, ""face_w"": 60.0, ""margin_depths"": 2.0, ""seed"": 23, ""top"": ""shingle"", ""top_depth"": 45.0, ""top_params"": {""azimuth_mode"": ""grid"", ""jitter"": 0.3, ""pitch"": 5.5, ""plate_t_bot"": 0.05, ""plate_t_top"": 0.05, ""tilt_deg"": 2.0, ""tilt_jitter"": 0.0}}"
FL_bl050grid_cone_d50_s23,floor,shingle/cone,"sheet, grid",0.05,23,d76,bl050grid,shingle,5.5,0.05,45.0,cone,5.0,2.0,50.0,9.090909090909092,0.01522105255136286,40.0,0.0015730976592749357,0.04999997094273567,"{""backing"": 2.0, ""bot"": ""cone"", ""bot_depth"": 5.0, ""bot_params"": {""depth_jitter"": 0.0, ""height_seg"": 6, ""jitter"": 0.3, ""pitch"": 2.0, ""profile_power"": 1.0, ""radial_seg"": 16, ""tip_radius"": 0.1}, ""face_h"": 60.0, ""face_w"": 60.0, ""margin_depths"": 2.0, ""seed"": 23, ""top"": ""shingle"", ""top_depth"": 45.0, ""top_params"": {""azimuth_mode"": ""grid"", ""jitter"": 0.3, ""pitch"": 5.5, ""plate_t_bot"": 0.05, ""plate_t_top"": 0.05, ""tilt_deg"": 2.0, ""tilt_jitter"": 0.0}}"
FL_bl050grid_cone_d50_s23,floor,shingle/cone,"sheet, grid",0.05,23,d100,bl050grid,shingle,5.5,0.05,45.0,cone,5.0,2.0,50.0,9.090909090909092,0.01522105255136286,0.0,0.00036244632792659104,0.04999997094273567,"{""backing"": 2.0, ""bot"": ""cone"", ""bot_depth"": 5.0, ""bot_params"": {""depth_jitter"": 0.0, ""height_seg"": 6, ""jitter"": 0.3, ""pitch"": 2.0, ""profile_power"": 1.0, ""radial_seg"": 16, ""tip_radius"": 0.1}, ""face_h"": 60.0, ""face_w"": 60.0, ""margin_depths"": 2.0, ""seed"": 23, ""top"": ""shingle"", ""top_depth"": 45.0, ""top_params"": {""azimuth_mode"": ""grid"", ""jitter"": 0.3, ""pitch"": 5.5, ""plate_t_bot"": 0.05, ""plate_t_top"": 0.05, ""tilt_deg"": 2.0, ""tilt_jitter"": 0.0}}"
FL_bl050grid_cone_d50_s23,floor,shingle/cone,"sheet, grid",0.05,23,d100,bl050grid,shingle,5.5,0.05,45.0,cone,5.0,2.0,50.0,9.090909090909092,0.01522105255136286,-20.0,0.0009453215170651674,0.04999997094273567,"{""backing"": 2.0, ""bot"": ""cone"", ""bot_depth"": 5.0, ""bot_params"": {""depth_jitter"": 0.0, ""height_seg"": 6, ""jitter"": 0.3, ""pitch"": 2.0, ""profile_power"": 1.0, ""radial_seg"": 16, ""tip_radius"": 0.1}, ""face_h"": 60.0, ""face_w"": 60.0, ""margin_depths"": 2.0, ""seed"": 23, ""top"": ""shingle"", ""top_depth"": 45.0, ""top_params"": {""azimuth_mode"": ""grid"", ""jitter"": 0.3, ""pitch"": 5.5, ""plate_t_bot"": 0.05, ""plate_t_top"": 0.05, ""tilt_deg"": 2.0, ""tilt_jitter"": 0.0}}"
FL_bl050grid_cone_d50_s23,floor,shingle/cone,"sheet, grid",0.05,23,d100,bl050grid,shingle,5.5,0.05,45.0,cone,5.0,2.0,50.0,9.090909090909092,0.01522105255136286,-40.0,0.0016840925673022866,0.04999997094273567,"{""backing"": 2.0, ""bot"": ""cone"", ""bot_depth"": 5.0, ""bot_params"": {""depth_jitter"": 0.0, ""height_seg"": 6, ""jitter"": 0.3, ""pitch"": 2.0, ""profile_power"": 1.0, ""radial_seg"": 16, ""tip_radius"": 0.1}, ""face_h"": 60.0, ""face_w"": 60.0, ""margin_depths"": 2.0, ""seed"": 23, ""top"": ""shingle"", ""top_depth"": 45.0, ""top_params"": {""azimuth_mode"": ""grid"", ""jitter"": 0.3, ""pitch"": 5.5, ""plate_t_bot"": 0.05, ""plate_t_top"": 0.05, ""tilt_deg"": 2.0, ""tilt_jitter"": 0.0}}"
FL_bl050grid_cone_d50_s23,floor,shingle/cone,"sheet, grid",0.05,23,d100,bl050grid,shingle,5.5,0.05,45.0,cone,5.0,2.0,50.0,9.090909090909092,0.01522105255136286,20.0,0.0011865536216646433,0.04999997094273567,"{""backing"": 2.0, ""bot"": ""cone"", ""bot_depth"": 5.0, ""bot_params"": {""depth_jitter"": 0.0, ""height_seg"": 6, ""jitter"": 0.3, ""pitch"": 2.0, ""profile_power"": 1.0, ""radial_seg"": 16, ""tip_radius"": 0.1}, ""face_h"": 60.0, ""face_w"": 60.0, ""margin_depths"": 2.0, ""seed"": 23, ""top"": ""shingle"", ""top_depth"": 45.0, ""top_params"": {""azimuth_mode"": ""grid"", ""jitter"": 0.3, ""pitch"": 5.5, ""plate_t_bot"": 0.05, ""plate_t_top"": 0.05, ""tilt_deg"": 2.0, ""tilt_jitter"": 0.0}}"
FL_bl050grid_cone_d50_s23,floor,shingle/cone,"sheet, grid",0.05,23,d100,bl050grid,shingle,5.5,0.05,45.0,cone,5.0,2.0,50.0,9.090909090909092,0.01522105255136286,40.0,0.00196651229634881,0.04999997094273567,"{""backing"": 2.0, ""bot"": ""cone"", ""bot_depth"": 5.0, ""bot_params"": {""depth_jitter"": 0.0, ""height_seg"": 6, ""jitter"": 0.3, ""pitch"": 2.0, ""profile_power"": 1.0, ""radial_seg"": 16, ""tip_radius"": 0.1}, ""face_h"": 60.0, ""face_w"": 60.0, ""margin_depths"": 2.0, ""seed"": 23, ""top"": ""shingle"", ""top_depth"": 45.0, ""top_params"": {""azimuth_mode"": ""grid"", ""jitter"": 0.3, ""pitch"": 5.5, ""plate_t_bot"": 0.05, ""plate_t_top"": 0.05, ""tilt_deg"": 2.0, ""tilt_jitter"": 0.0}}"
FL_bl050grid_pyramid_d20_s23,floor,shingle/pyramid,"sheet, grid",0.05,23,d00,bl050grid,shingle,5.5,0.05,48.0,pyramid,2.0,2.0,50.0,9.090909090909092,0.01522105255136286,0.0,0.0005384916439652443,0.04999997094273567,"{""backing"": 2.0, ""bot"": ""pyramid"", ""bot_depth"": 2.0, ""bot_params"": {""margin_depth_ref"": 50.0, ""pitch"": 2.0, ""tip_flat"": 0.1}, ""face_h"": 60.0, ""face_w"": 60.0, ""margin_depths"": 2.0, ""seed"": 23, ""top"": ""shingle"", ""top_depth"": 48.0, ""top_params"": {""azimuth_mode"": ""grid"", ""jitter"": 0.3, ""pitch"": 5.5, ""plate_t_bot"": 0.05, ""plate_t_top"": 0.05, ""tilt_deg"": 2.0, ""tilt_jitter"": 0.0}}"
FL_bl050grid_pyramid_d20_s23,floor,shingle/pyramid,"sheet, grid",0.05,23,d00,bl050grid,shingle,5.5,0.05,48.0,pyramid,2.0,2.0,50.0,9.090909090909092,0.01522105255136286,-20.0,0.00041351563413627446,0.04999997094273567,"{""backing"": 2.0, ""bot"": ""pyramid"", ""bot_depth"": 2.0, ""bot_params"": {""margin_depth_ref"": 50.0, ""pitch"": 2.0, ""tip_flat"": 0.1}, ""face_h"": 60.0, ""face_w"": 60.0, ""margin_depths"": 2.0, ""seed"": 23, ""top"": ""shingle"", ""top_depth"": 48.0, ""top_params"": {""azimuth_mode"": ""grid"", ""jitter"": 0.3, ""pitch"": 5.5, ""plate_t_bot"": 0.05, ""plate_t_top"": 0.05, ""tilt_deg"": 2.0, ""tilt_jitter"": 0.0}}"
FL_bl050grid_pyramid_d20_s23,floor,shingle/pyramid,"sheet, grid",0.05,23,d00,bl050grid,shingle,5.5,0.05,48.0,pyramid,2.0,2.0,50.0,9.090909090909092,0.01522105255136286,-40.0,0.0003652313316706568,0.04999997094273567,"{""backing"": 2.0, ""bot"": ""pyramid"", ""bot_depth"": 2.0, ""bot_params"": {""margin_depth_ref"": 50.0, ""pitch"": 2.0, ""tip_flat"": 0.1}, ""face_h"": 60.0, ""face_w"": 60.0, ""margin_depths"": 2.0, ""seed"": 23, ""top"": ""shingle"", ""top_depth"": 48.0, ""top_params"": {""azimuth_mode"": ""grid"", ""jitter"": 0.3, ""pitch"": 5.5, ""plate_t_bot"": 0.05, ""plate_t_top"": 0.05, ""tilt_deg"": 2.0, ""tilt_jitter"": 0.0}}"
FL_bl050grid_pyramid_d20_s23,floor,shingle/pyramid,"sheet, grid",0.05,23,d00,bl050grid,shingle,5.5,0.05,48.0,pyramid,2.0,2.0,50.0,9.090909090909092,0.01522105255136286,20.0,0.0003757071681320667,0.04999997094273567,"{""backing"": 2.0, ""bot"": ""pyramid"", ""bot_depth"": 2.0, ""bot_params"": {""margin_depth_ref"": 50.0, ""pitch"": 2.0, ""tip_flat"": 0.1}, ""face_h"": 60.0, ""face_w"": 60.0, ""margin_depths"": 2.0, ""seed"": 23, ""top"": ""shingle"", ""top_depth"": 48.0, ""top_params"": {""azimuth_mode"": ""grid"", ""jitter"": 0.3, ""pitch"": 5.5, ""plate_t_bot"": 0.05, ""plate_t_top"": 0.05, ""tilt_deg"": 2.0, ""tilt_jitter"": 0.0}}"
FL_bl050grid_pyramid_d20_s23,floor,shingle/pyramid,"sheet, grid",0.05,23,d00,bl050grid,shingle,5.5,0.05,48.0,pyramid,2.0,2.0,50.0,9.090909090909092,0.01522105255136286,40.0,0.0003536109870765358,0.04999997094273567,"{""backing"": 2.0, ""bot"": ""pyramid"", ""bot_depth"": 2.0, ""bot_params"": {""margin_depth_ref"": 50.0, ""pitch"": 2.0, ""tip_flat"": 0.1}, ""face_h"": 60.0, ""face_w"": 60.0, ""margin_depths"": 2.0, ""seed"": 23, ""top"": ""shingle"", ""top_depth"": 48.0, ""top_params"": {""azimuth_mode"": ""grid"", ""jitter"": 0.3, ""pitch"": 5.5, ""plate_t_bot"": 0.05, ""plate_t_top"": 0.05, ""tilt_deg"": 2.0, ""tilt_jitter"": 0.0}}"
FL_bl050grid_pyramid_d20_s23,floor,shingle/pyramid,"sheet, grid",0.05,23,d76,bl050grid,shingle,5.5,0.05,48.0,pyramid,2.0,2.0,50.0,9.090909090909092,0.01522105255136286,0.0,0.0003693508042488247,0.04999997094273567,"{""backing"": 2.0, ""bot"": ""pyramid"", ""bot_depth"": 2.0, ""bot_params"": {""margin_depth_ref"": 50.0, ""pitch"": 2.0, ""tip_flat"": 0.1}, ""face_h"": 60.0, ""face_w"": 60.0, ""margin_depths"": 2.0, ""seed"": 23, ""top"": ""shingle"", ""top_depth"": 48.0, ""top_params"": {""azimuth_mode"": ""grid"", ""jitter"": 0.3, ""pitch"": 5.5, ""plate_t_bot"": 0.05, ""plate_t_top"": 0.05, ""tilt_deg"": 2.0, ""tilt_jitter"": 0.0}}"
FL_bl050grid_pyramid_d20_s23,floor,shingle/pyramid,"sheet, grid",0.05,23,d76,bl050grid,shingle,5.5,0.05,48.0,pyramid,2.0,2.0,50.0,9.090909090909092,0.01522105255136286,-20.0,0.0007778072031214833,0.04999997094273567,"{""backing"": 2.0, ""bot"": ""pyramid"", ""bot_depth"": 2.0, ""bot_params"": {""margin_depth_ref"": 50.0, ""pitch"": 2.0, ""tip_flat"": 0.1}, ""face_h"": 60.0, ""face_w"": 60.0, ""margin_depths"": 2.0, ""seed"": 23, ""top"": ""shingle"", ""top_depth"": 48.0, ""top_params"": {""azimuth_mode"": ""grid"", ""jitter"": 0.3, ""pitch"": 5.5, ""plate_t_bot"": 0.05, ""plate_t_top"": 0.05, ""tilt_deg"": 2.0, ""tilt_jitter"": 0.0}}"
FL_bl050grid_pyramid_d20_s23,floor,shingle/pyramid,"sheet, grid",0.05,23,d76,bl050grid,shingle,5.5,0.05,48.0,pyramid,2.0,2.0,50.0,9.090909090909092,0.01522105255136286,-40.0,0.0013418493326753378,0.04999997094273567,"{""backing"": 2.0, ""bot"": ""pyramid"", ""bot_depth"": 2.0, ""bot_params"": {""margin_depth_ref"": 50.0, ""pitch"": 2.0, ""tip_flat"": 0.1}, ""face_h"": 60.0, ""face_w"": 60.0, ""margin_depths"": 2.0, ""seed"": 23, ""top"": ""shingle"", ""top_depth"": 48.0, ""top_params"": {""azimuth_mode"": ""grid"", ""jitter"": 0.3, ""pitch"": 5.5, ""plate_t_bot"": 0.05, ""plate_t_top"": 0.05, ""tilt_deg"": 2.0, ""tilt_jitter"": 0.0}}"
FL_bl050grid_pyramid_d20_s23,floor,shingle/pyramid,"sheet, grid",0.05,23,d76,bl050grid,shingle,5.5,0.05,48.0,pyramid,2.0,2.0,50.0,9.090909090909092,0.01522105255136286,20.0,0.0009096902213059366,0.04999997094273567,"{""backing"": 2.0, ""bot"": ""pyramid"", ""bot_depth"": 2.0, ""bot_params"": {""margin_depth_ref"": 50.0, ""pitch"": 2.0, ""tip_flat"": 0.1}, ""face_h"": 60.0, ""face_w"": 60.0, ""margin_depths"": 2.0, ""seed"": 23, ""top"": ""shingle"", ""top_depth"": 48.0, ""top_params"": {""azimuth_mode"": ""grid"", ""jitter"": 0.3, ""pitch"": 5.5, ""plate_t_bot"": 0.05, ""plate_t_top"": 0.05, ""tilt_deg"": 2.0, ""tilt_jitter"": 0.0}}"
FL_bl050grid_pyramid_d20_s23,floor,shingle/pyramid,"sheet, grid",0.05,23,d76,bl050grid,shingle,5.5,0.05,48.0,pyramid,2.0,2.0,50.0,9.090909090909092,0.01522105255136286,40.0,0.0014861015370115638,0.04999997094273567,"{""backing"": 2.0, ""bot"": ""pyramid"", ""bot_depth"": 2.0, ""bot_params"": {""margin_depth_ref"": 50.0, ""pitch"": 2.0, ""tip_flat"": 0.1}, ""face_h"": 60.0, ""face_w"": 60.0, ""margin_depths"": 2.0, ""seed"": 23, ""top"": ""shingle"", ""top_depth"": 48.0, ""top_params"": {""azimuth_mode"": ""grid"", ""jitter"": 0.3, ""pitch"": 5.5, ""plate_t_bot"": 0.05, ""plate_t_top"": 0.05, ""tilt_deg"": 2.0, ""tilt_jitter"": 0.0}}"
FL_bl050grid_pyramid_d20_s23,floor,shingle/pyramid,"sheet, grid",0.05,23,d100,bl050grid,shingle,5.5,0.05,48.0,pyramid,2.0,2.0,50.0,9.090909090909092,0.01522105255136286,0.0,0.0003406465402804315,0.04999997094273567,"{""backing"": 2.0, ""bot"": ""pyramid"", ""bot_depth"": 2.0, ""bot_params"": {""margin_depth_ref"": 50.0, ""pitch"": 2.0, ""tip_flat"": 0.1}, ""face_h"": 60.0, ""face_w"": 60.0, ""margin_depths"": 2.0, ""seed"": 23, ""top"": ""shingle"", ""top_depth"": 48.0, ""top_params"": {""azimuth_mode"": ""grid"", ""jitter"": 0.3, ""pitch"": 5.5, ""plate_t_bot"": 0.05, ""plate_t_top"": 0.05, ""tilt_deg"": 2.0, ""tilt_jitter"": 0.0}}"
FL_bl050grid_pyramid_d20_s23,floor,shingle/pyramid,"sheet, grid",0.05,23,d100,bl050grid,shingle,5.5,0.05,48.0,pyramid,2.0,2.0,50.0,9.090909090909092,0.01522105255136286,-20.0,0.0008962685824371874,0.04999997094273567,"{""backing"": 2.0, ""bot"": ""pyramid"", ""bot_depth"": 2.0, ""bot_params"": {""margin_depth_ref"": 50.0, ""pitch"": 2.0, ""tip_flat"": 0.1}, ""face_h"": 60.0, ""face_w"": 60.0, ""margin_depths"": 2.0, ""seed"": 23, ""top"": ""shingle"", ""top_depth"": 48.0, ""top_params"": {""azimuth_mode"": ""grid"", ""jitter"": 0.3, ""pitch"": 5.5, ""plate_t_bot"": 0.05, ""plate_t_top"": 0.05, ""tilt_deg"": 2.0, ""tilt_jitter"": 0.0}}"
FL_bl050grid_pyramid_d20_s23,floor,shingle/pyramid,"sheet, grid",0.05,23,d100,bl050grid,shingle,5.5,0.05,48.0,pyramid,2.0,2.0,50.0,9.090909090909092,0.01522105255136286,-40.0,0.0016519073396921158,0.04999997094273567,"{""backing"": 2.0, ""bot"": ""pyramid"", ""bot_depth"": 2.0, ""bot_params"": {""margin_depth_ref"": 50.0, ""pitch"": 2.0, ""tip_flat"": 0.1}, ""face_h"": 60.0, ""face_w"": 60.0, ""margin_depths"": 2.0, ""seed"": 23, ""top"": ""shingle"", ""top_depth"": 48.0, ""top_params"": {""azimuth_mode"": ""grid"", ""jitter"": 0.3, ""pitch"": 5.5, ""plate_t_bot"": 0.05, ""plate_t_top"": 0.05, ""tilt_deg"": 2.0, ""tilt_jitter"": 0.0}}"
FL_bl050grid_pyramid_d20_s23,floor,shingle/pyramid,"sheet, grid",0.05,23,d100,bl050grid,shingle,5.5,0.05,48.0,pyramid,2.0,2.0,50.0,9.090909090909092,0.01522105255136286,20.0,0.0010823283810168505,0.04999997094273567,"{""backing"": 2.0, ""bot"": ""pyramid"", ""bot_depth"": 2.0, ""bot_params"": {""margin_depth_ref"": 50.0, ""pitch"": 2.0, ""tip_flat"": 0.1}, ""face_h"": 60.0, ""face_w"": 60.0, ""margin_depths"": 2.0, ""seed"": 23, ""top"": ""shingle"", ""top_depth"": 48.0, ""top_params"": {""azimuth_mode"": ""grid"", ""jitter"": 0.3, ""pitch"": 5.5, ""plate_t_bot"": 0.05, ""plate_t_top"": 0.05, ""tilt_deg"": 2.0, ""tilt_jitter"": 0.0}}"
FL_bl050grid_pyramid_d20_s23,floor,shingle/pyramid,"sheet, grid",0.05,23,d100,bl050grid,shingle,5.5,0.05,48.0,pyramid,2.0,2.0,50.0,9.090909090909092,0.01522105255136286,40.0,0.0018569377716630697,0.04999997094273567,"{""backing"": 2.0, ""bot"": ""pyramid"", ""bot_depth"": 2.0, ""bot_params"": {""margin_depth_ref"": 50.0, ""pitch"": 2.0, ""tip_flat"": 0.1}, ""face_h"": 60.0, ""face_w"": 60.0, ""margin_depths"": 2.0, ""seed"": 23, ""top"": ""shingle"", ""top_depth"": 48.0, ""top_params"": {""azimuth_mode"": ""grid"", ""jitter"": 0.3, ""pitch"": 5.5, ""plate_t_bot"": 0.05, ""plate_t_top"": 0.05, ""tilt_deg"": 2.0, ""tilt_jitter"": 0.0}}"
FL_bl050grid_pyramid_d30_s23,floor,shingle/pyramid,"sheet, grid",0.05,23,d00,bl050grid,shingle,5.5,0.05,47.0,pyramid,3.0,2.0,50.0,9.090909090909092,0.01522105255136286,0.0,0.0005316453753039241,0.04999997094273567,"{""backing"": 2.0, ""bot"": ""pyramid"", ""bot_depth"": 3.0, ""bot_params"": {""margin_depth_ref"": 50.0, ""pitch"": 2.0, ""tip_flat"": 0.1}, ""face_h"": 60.0, ""face_w"": 60.0, ""margin_depths"": 2.0, ""seed"": 23, ""top"": ""shingle"", ""top_depth"": 47.0, ""top_params"": {""azimuth_mode"": ""grid"", ""jitter"": 0.3, ""pitch"": 5.5, ""plate_t_bot"": 0.05, ""plate_t_top"": 0.05, ""tilt_deg"": 2.0, ""tilt_jitter"": 0.0}}"
FL_bl050grid_pyramid_d30_s23,floor,shingle/pyramid,"sheet, grid",0.05,23,d00,bl050grid,shingle,5.5,0.05,47.0,pyramid,3.0,2.0,50.0,9.090909090909092,0.01522105255136286,-20.0,0.000414633919717744,0.04999997094273567,"{""backing"": 2.0, ""bot"": ""pyramid"", ""bot_depth"": 3.0, ""bot_params"": {""margin_depth_ref"": 50.0, ""pitch"": 2.0, ""tip_flat"": 0.1}, ""face_h"": 60.0, ""face_w"": 60.0, ""margin_depths"": 2.0, ""seed"": 23, ""top"": ""shingle"", ""top_depth"": 47.0, ""top_params"": {""azimuth_mode"": ""grid"", ""jitter"": 0.3, ""pitch"": 5.5, ""plate_t_bot"": 0.05, ""plate_t_top"": 0.05, ""tilt_deg"": 2.0, ""tilt_jitter"": 0.0}}"
FL_bl050grid_pyramid_d30_s23,floor,shingle/pyramid,"sheet, grid",0.05,23,d00,bl050grid,shingle,5.5,0.05,47.0,pyramid,3.0,2.0,50.0,9.090909090909092,0.01522105255136286,-40.0,0.00036516532418318093,0.04999997094273567,"{""backing"": 2.0, ""bot"": ""pyramid"", ""bot_depth"": 3.0, ""bot_params"": {""margin_depth_ref"": 50.0, ""pitch"": 2.0, ""tip_flat"": 0.1}, ""face_h"": 60.0, ""face_w"": 60.0, ""margin_depths"": 2.0, ""seed"": 23, ""top"": ""shingle"", ""top_depth"": 47.0, ""top_params"": {""azimuth_mode"": ""grid"", ""jitter"": 0.3, ""pitch"": 5.5, ""plate_t_bot"": 0.05, ""plate_t_top"": 0.05, ""tilt_deg"": 2.0, ""tilt_jitter"": 0.0}}"
FL_bl050grid_pyramid_d30_s23,floor,shingle/pyramid,"sheet, grid",0.05,23,d00,bl050grid,shingle,5.5,0.05,47.0,pyramid,3.0,2.0,50.0,9.090909090909092,0.01522105255136286,20.0,0.0003755859797820449,0.04999997094273567,"{""backing"": 2.0, ""bot"": ""pyramid"", ""bot_depth"": 3.0, ""bot_params"": {""margin_depth_ref"": 50.0, ""pitch"": 2.0, ""tip_flat"": 0.1}, ""face_h"": 60.0, ""face_w"": 60.0, ""margin_depths"": 2.0, ""seed"": 23, ""top"": ""shingle"", ""top_depth"": 47.0, ""top_params"": {""azimuth_mode"": ""grid"", ""jitter"": 0.3, ""pitch"": 5.5, ""plate_t_bot"": 0.05, ""plate_t_top"": 0.05, ""tilt_deg"": 2.0, ""tilt_jitter"": 0.0}}"
FL_bl050grid_pyramid_d30_s23,floor,shingle/pyramid,"sheet, grid",0.05,23,d00,bl050grid,shingle,5.5,0.05,47.0,pyramid,3.0,2.0,50.0,9.090909090909092,0.01522105255136286,40.0,0.0003536077856551856,0.04999997094273567,"{""backing"": 2.0, ""bot"": ""pyramid"", ""bot_depth"": 3.0, ""bot_params"": {""margin_depth_ref"": 50.0, ""pitch"": 2.0, ""tip_flat"": 0.1}, ""face_h"": 60.0, ""face_w"": 60.0, ""margin_depths"": 2.0, ""seed"": 23, ""top"": ""shingle"", ""top_depth"": 47.0, ""top_params"": {""azimuth_mode"": ""grid"", ""jitter"": 0.3, ""pitch"": 5.5, ""plate_t_bot"": 0.05, ""plate_t_top"": 0.05, ""tilt_deg"": 2.0, ""tilt_jitter"": 0.0}}"
FL_bl050grid_pyramid_d30_s23,floor,shingle/pyramid,"sheet, grid",0.05,23,d76,bl050grid,shingle,5.5,0.05,47.0,pyramid,3.0,2.0,50.0,9.090909090909092,0.01522105255136286,0.0,0.0003627448168117553,0.04999997094273567,"{""backing"": 2.0, ""bot"": ""pyramid"", ""bot_depth"": 3.0, ""bot_params"": {""margin_depth_ref"": 50.0, ""pitch"": 2.0, ""tip_flat"": 0.1}, ""face_h"": 60.0, ""face_w"": 60.0, ""margin_depths"": 2.0, ""seed"": 23, ""top"": ""shingle"", ""top_depth"": 47.0, ""top_params"": {""azimuth_mode"": ""grid"", ""jitter"": 0.3, ""pitch"": 5.5, ""plate_t_bot"": 0.05, ""plate_t_top"": 0.05, ""tilt_deg"": 2.0, ""tilt_jitter"": 0.0}}"
FL_bl050grid_pyramid_d30_s23,floor,shingle/pyramid,"sheet, grid",0.05,23,d76,bl050grid,shingle,5.5,0.05,47.0,pyramid,3.0,2.0,50.0,9.090909090909092,0.01522105255136286,-20.0,0.0007774611003696918,0.04999997094273567,"{""backing"": 2.0, ""bot"": ""pyramid"", ""bot_depth"": 3.0, ""bot_params"": {""margin_depth_ref"": 50.0, ""pitch"": 2.0, ""tip_flat"": 0.1}, ""face_h"": 60.0, ""face_w"": 60.0, ""margin_depths"": 2.0, ""seed"": 23, ""top"": ""shingle"", ""top_depth"": 47.0, ""top_params"": {""azimuth_mode"": ""grid"", ""jitter"": 0.3, ""pitch"": 5.5, ""plate_t_bot"": 0.05, ""plate_t_top"": 0.05, ""tilt_deg"": 2.0, ""tilt_jitter"": 0.0}}"
FL_bl050grid_pyramid_d30_s23,floor,shingle/pyramid,"sheet, grid",0.05,23,d76,bl050grid,shingle,5.5,0.05,47.0,pyramid,3.0,2.0,50.0,9.090909090909092,0.01522105255136286,-40.0,0.0013417419977486134,0.04999997094273567,"{""backing"": 2.0, ""bot"": ""pyramid"", ""bot_depth"": 3.0, ""bot_params"": {""margin_depth_ref"": 50.0, ""pitch"": 2.0, ""tip_flat"": 0.1}, ""face_h"": 60.0, ""face_w"": 60.0, ""margin_depths"": 2.0, ""seed"": 23, ""top"": ""shingle"", ""top_depth"": 47.0, ""top_params"": {""azimuth_mode"": ""grid"", ""jitter"": 0.3, ""pitch"": 5.5, ""plate_t_bot"": 0.05, ""plate_t_top"": 0.05, ""tilt_deg"": 2.0, ""tilt_jitter"": 0.0}}"
FL_bl050grid_pyramid_d30_s23,floor,shingle/pyramid,"sheet, grid",0.05,23,d76,bl050grid,shingle,5.5,0.05,47.0,pyramid,3.0,2.0,50.0,9.090909090909092,0.01522105255136286,20.0,0.0009102524491026998,0.04999997094273567,"{""backing"": 2.0, ""bot"": ""pyramid"", ""bot_depth"": 3.0, ""bot_params"": {""margin_depth_ref"": 50.0, ""pitch"": 2.0, ""tip_flat"": 0.1}, ""face_h"": 60.0, ""face_w"": 60.0, ""margin_depths"": 2.0, ""seed"": 23, ""top"": ""shingle"", ""top_depth"": 47.0, ""top_params"": {""azimuth_mode"": ""grid"", ""jitter"": 0.3, ""pitch"": 5.5, ""plate_t_bot"": 0.05, ""plate_t_top"": 0.05, ""tilt_deg"": 2.0, ""tilt_jitter"": 0.0}}"
FL_bl050grid_pyramid_d30_s23,floor,shingle/pyramid,"sheet, grid",0.05,23,d76,bl050grid,shingle,5.5,0.05,47.0,pyramid,3.0,2.0,50.0,9.090909090909092,0.01522105255136286,40.0,0.0014860971132293344,0.04999997094273567,"{""backing"": 2.0, ""bot"": ""pyramid"", ""bot_depth"": 3.0, ""bot_params"": {""margin_depth_ref"": 50.0, ""pitch"": 2.0, ""tip_flat"": 0.1}, ""face_h"": 60.0, ""face_w"": 60.0, ""margin_depths"": 2.0, ""seed"": 23, ""top"": ""shingle"", ""top_depth"": 47.0, ""top_params"": {""azimuth_mode"": ""grid"", ""jitter"": 0.3, ""pitch"": 5.5, ""plate_t_bot"": 0.05, ""plate_t_top"": 0.05, ""tilt_deg"": 2.0, ""tilt_jitter"": 0.0}}"
FL_bl050grid_pyramid_d30_s23,floor,shingle/pyramid,"sheet, grid",0.05,23,d100,bl050grid,shingle,5.5,0.05,47.0,pyramid,3.0,2.0,50.0,9.090909090909092,0.01522105255136286,0.0,0.0003343793214298785,0.04999997094273567,"{""backing"": 2.0, ""bot"": ""pyramid"", ""bot_depth"": 3.0, ""bot_params"": {""margin_depth_ref"": 50.0, ""pitch"": 2.0, ""tip_flat"": 0.1}, ""face_h"": 60.0, ""face_w"": 60.0, ""margin_depths"": 2.0, ""seed"": 23, ""top"": ""shingle"", ""top_depth"": 47.0, ""top_params"": {""azimuth_mode"": ""grid"", ""jitter"": 0.3, ""pitch"": 5.5, ""plate_t_bot"": 0.05, ""plate_t_top"": 0.05, ""tilt_deg"": 2.0, ""tilt_jitter"": 0.0}}"
FL_bl050grid_pyramid_d30_s23,floor,shingle/pyramid,"sheet, grid",0.05,23,d100,bl050grid,shingle,5.5,0.05,47.0,pyramid,3.0,2.0,50.0,9.090909090909092,0.01522105255136286,-20.0,0.0008965161978267133,0.04999997094273567,"{""backing"": 2.0, ""bot"": ""pyramid"", ""bot_depth"": 3.0, ""bot_params"": {""margin_depth_ref"": 50.0, ""pitch"": 2.0, ""tip_flat"": 0.1}, ""face_h"": 60.0, ""face_w"": 60.0, ""margin_depths"": 2.0, ""seed"": 23, ""top"": ""shingle"", ""top_depth"": 47.0, ""top_params"": {""azimuth_mode"": ""grid"", ""jitter"": 0.3, ""pitch"": 5.5, ""plate_t_bot"": 0.05, ""plate_t_top"": 0.05, ""tilt_deg"": 2.0, ""tilt_jitter"": 0.0}}"
FL_bl050grid_pyramid_d30_s23,floor,shingle/pyramid,"sheet, grid",0.05,23,d100,bl050grid,shingle,5.5,0.05,47.0,pyramid,3.0,2.0,50.0,9.090909090909092,0.01522105255136286,-40.0,0.0016518039628863335,0.04999997094273567,"{""backing"": 2.0, ""bot"": ""pyramid"", ""bot_depth"": 3.0, ""bot_params"": {""margin_depth_ref"": 50.0, ""pitch"": 2.0, ""tip_flat"": 0.1}, ""face_h"": 60.0, ""face_w"": 60.0, ""margin_depths"": 2.0, ""seed"": 23, ""top"": ""shingle"", ""top_depth"": 47.0, ""top_params"": {""azimuth_mode"": ""grid"", ""jitter"": 0.3, ""pitch"": 5.5, ""plate_t_bot"": 0.05, ""plate_t_top"": 0.05, ""tilt_deg"": 2.0, ""tilt_jitter"": 0.0}}"
FL_bl050grid_pyramid_d30_s23,floor,shingle/pyramid,"sheet, grid",0.05,23,d100,bl050grid,shingle,5.5,0.05,47.0,pyramid,3.0,2.0,50.0,9.090909090909092,0.01522105255136286,20.0,0.0010823672637343407,0.04999997094273567,"{""backing"": 2.0, ""bot"": ""pyramid"", ""bot_depth"": 3.0, ""bot_params"": {""margin_depth_ref"": 50.0, ""pitch"": 2.0, ""tip_flat"": 0.1}, ""face_h"": 60.0, ""face_w"": 60.0, ""margin_depths"": 2.0, ""seed"": 23, ""top"": ""shingle"", ""top_depth"": 47.0, ""top_params"": {""azimuth_mode"": ""grid"", ""jitter"": 0.3, ""pitch"": 5.5, ""plate_t_bot"": 0.05, ""plate_t_top"": 0.05, ""tilt_deg"": 2.0, ""tilt_jitter"": 0.0}}"
FL_bl050grid_pyramid_d30_s23,floor,shingle/pyramid,"sheet, grid",0.05,23,d100,bl050grid,shingle,5.5,0.05,47.0,pyramid,3.0,2.0,50.0,9.090909090909092,0.01522105255136286,40.0,0.001856938237324357,0.04999997094273567,"{""backing"": 2.0, ""bot"": ""pyramid"", ""bot_depth"": 3.0, ""bot_params"": {""margin_depth_ref"": 50.0, ""pitch"": 2.0, ""tip_flat"": 0.1}, ""face_h"": 60.0, ""face_w"": 60.0, ""margin_depths"": 2.0, ""seed"": 23, ""top"": ""shingle"", ""top_depth"": 47.0, ""top_params"": {""azimuth_mode"": ""grid"", ""jitter"": 0.3, ""pitch"": 5.5, ""plate_t_bot"": 0.05, ""plate_t_top"": 0.05, ""tilt_deg"": 2.0, ""tilt_jitter"": 0.0}}"
FL_bl050grid_pyramid_d50_s23,floor,shingle/pyramid,"sheet, grid",0.05,23,d00,bl050grid,shingle,5.5,0.05,45.0,pyramid,5.0,2.0,50.0,9.090909090909092,0.01522105255136286,0.0,0.0005868332809768617,0.04999997094273567,"{""backing"": 2.0, ""bot"": ""pyramid"", ""bot_depth"": 5.0, ""bot_params"": {""margin_depth_ref"": 50.0, ""pitch"": 2.0, ""tip_flat"": 0.1}, ""face_h"": 60.0, ""face_w"": 60.0, ""margin_depths"": 2.0, ""seed"": 23, ""top"": ""shingle"", ""top_depth"": 45.0, ""top_params"": {""azimuth_mode"": ""grid"", ""jitter"": 0.3, ""pitch"": 5.5, ""plate_t_bot"": 0.05, ""plate_t_top"": 0.05, ""tilt_deg"": 2.0, ""tilt_jitter"": 0.0}}"
FL_bl050grid_pyramid_d50_s23,floor,shingle/pyramid,"sheet, grid",0.05,23,d00,bl050grid,shingle,5.5,0.05,45.0,pyramid,5.0,2.0,50.0,9.090909090909092,0.01522105255136286,-20.0,0.0004381133185233921,0.04999997094273567,"{""backing"": 2.0, ""bot"": ""pyramid"", ""bot_depth"": 5.0, ""bot_params"": {""margin_depth_ref"": 50.0, ""pitch"": 2.0, ""tip_flat"": 0.1}, ""face_h"": 60.0, ""face_w"": 60.0, ""margin_depths"": 2.0, ""seed"": 23, ""top"": ""shingle"", ""top_depth"": 45.0, ""top_params"": {""azimuth_mode"": ""grid"", ""jitter"": 0.3, ""pitch"": 5.5, ""plate_t_bot"": 0.05, ""plate_t_top"": 0.05, ""tilt_deg"": 2.0, ""tilt_jitter"": 0.0}}"
FL_bl050grid_pyramid_d50_s23,floor,shingle/pyramid,"sheet, grid",0.05,23,d00,bl050grid,shingle,5.5,0.05,45.0,pyramid,5.0,2.0,50.0,9.090909090909092,0.01522105255136286,-40.0,0.00037789446651004255,0.04999997094273567,"{""backing"": 2.0, ""bot"": ""pyramid"", ""bot_depth"": 5.0, ""bot_params"": {""margin_depth_ref"": 50.0, ""pitch"": 2.0, ""tip_flat"": 0.1}, ""face_h"": 60.0, ""face_w"": 60.0, ""margin_depths"": 2.0, ""seed"": 23, ""top"": ""shingle"", ""top_depth"": 45.0, ""top_params"": {""azimuth_mode"": ""grid"", ""jitter"": 0.3, ""pitch"": 5.5, ""plate_t_bot"": 0.05, ""plate_t_top"": 0.05, ""tilt_deg"": 2.0, ""tilt_jitter"": 0.0}}"
FL_bl050grid_pyramid_d50_s23,floor,shingle/pyramid,"sheet, grid",0.05,23,d00,bl050grid,shingle,5.5,0.05,45.0,pyramid,5.0,2.0,50.0,9.090909090909092,0.01522105255136286,20.0,0.0004031595017295331,0.04999997094273567,"{""backing"": 2.0, ""bot"": ""pyramid"", ""bot_depth"": 5.0, ""bot_params"": {""margin_depth_ref"": 50.0, ""pitch"": 2.0, ""tip_flat"": 0.1}, ""face_h"": 60.0, ""face_w"": 60.0, ""margin_depths"": 2.0, ""seed"": 23, ""top"": ""shingle"", ""top_depth"": 45.0, ""top_params"": {""azimuth_mode"": ""grid"", ""jitter"": 0.3, ""pitch"": 5.5, ""plate_t_bot"": 0.05, ""plate_t_top"": 0.05, ""tilt_deg"": 2.0, ""tilt_jitter"": 0.0}}"
FL_bl050grid_pyramid_d50_s23,floor,shingle/pyramid,"sheet, grid",0.05,23,d00,bl050grid,shingle,5.5,0.05,45.0,pyramid,5.0,2.0,50.0,9.090909090909092,0.01522105255136286,40.0,0.0003801208222284913,0.04999997094273567,"{""backing"": 2.0, ""bot"": ""pyramid"", ""bot_depth"": 5.0, ""bot_params"": {""margin_depth_ref"": 50.0, ""pitch"": 2.0, ""tip_flat"": 0.1}, ""face_h"": 60.0, ""face_w"": 60.0, ""margin_depths"": 2.0, ""seed"": 23, ""top"": ""shingle"", ""top_depth"": 45.0, ""top_params"": {""azimuth_mode"": ""grid"", ""jitter"": 0.3, ""pitch"": 5.5, ""plate_t_bot"": 0.05, ""plate_t_top"": 0.05, ""tilt_deg"": 2.0, ""tilt_jitter"": 0.0}}"
FL_bl050grid_pyramid_d50_s23,floor,shingle/pyramid,"sheet, grid",0.05,23,d76,bl050grid,shingle,5.5,0.05,45.0,pyramid,5.0,2.0,50.0,9.090909090909092,0.01522105255136286,0.0,0.0003961475449614227,0.04999997094273567,"{""backing"": 2.0, ""bot"": ""pyramid"", ""bot_depth"": 5.0, ""bot_params"": {""margin_depth_ref"": 50.0, ""pitch"": 2.0, ""tip_flat"": 0.1}, ""face_h"": 60.0, ""face_w"": 60.0, ""margin_depths"": 2.0, ""seed"": 23, ""top"": ""shingle"", ""top_depth"": 45.0, ""top_params"": {""azimuth_mode"": ""grid"", ""jitter"": 0.3, ""pitch"": 5.5, ""plate_t_bot"": 0.05, ""plate_t_top"": 0.05, ""tilt_deg"": 2.0, ""tilt_jitter"": 0.0}}"
FL_bl050grid_pyramid_d50_s23,floor,shingle/pyramid,"sheet, grid",0.05,23,d76,bl050grid,shingle,5.5,0.05,45.0,pyramid,5.0,2.0,50.0,9.090909090909092,0.01522105255136286,-20.0,0.0008144496823661029,0.04999997094273567,"{""backing"": 2.0, ""bot"": ""pyramid"", ""bot_depth"": 5.0, ""bot_params"": {""margin_depth_ref"": 50.0, ""pitch"": 2.0, ""tip_flat"": 0.1}, ""face_h"": 60.0, ""face_w"": 60.0, ""margin_depths"": 2.0, ""seed"": 23, ""top"": ""shingle"", ""top_depth"": 45.0, ""top_params"": {""azimuth_mode"": ""grid"", ""jitter"": 0.3, ""pitch"": 5.5, ""plate_t_bot"": 0.05, ""plate_t_top"": 0.05, ""tilt_deg"": 2.0, ""tilt_jitter"": 0.0}}"
FL_bl050grid_pyramid_d50_s23,floor,shingle/pyramid,"sheet, grid",0.05,23,d76,bl050grid,shingle,5.5,0.05,45.0,pyramid,5.0,2.0,50.0,9.090909090909092,0.01522105255136286,-40.0,0.001363197574391961,0.04999997094273567,"{""backing"": 2.0, ""bot"": ""pyramid"", ""bot_depth"": 5.0, ""bot_params"": {""margin_depth_ref"": 50.0, ""pitch"": 2.0, ""tip_flat"": 0.1}, ""face_h"": 60.0, ""face_w"": 60.0, ""margin_depths"": 2.0, ""seed"": 23, ""top"": ""shingle"", ""top_depth"": 45.0, ""top_params"": {""azimuth_mode"": ""grid"", ""jitter"": 0.3, ""pitch"": 5.5, ""plate_t_bot"": 0.05, ""plate_t_top"": 0.05, ""tilt_deg"": 2.0, ""tilt_jitter"": 0.0}}"
FL_bl050grid_pyramid_d50_s23,floor,shingle/pyramid,"sheet, grid",0.05,23,d76,bl050grid,shingle,5.5,0.05,45.0,pyramid,5.0,2.0,50.0,9.090909090909092,0.01522105255136286,20.0,0.0009897922864183784,0.04999997094273567,"{""backing"": 2.0, ""bot"": ""pyramid"", ""bot_depth"": 5.0, ""bot_params"": {""margin_depth_ref"": 50.0, ""pitch"": 2.0, ""tip_flat"": 0.1}, ""face_h"": 60.0, ""face_w"": 60.0, ""margin_depths"": 2.0, ""seed"": 23, ""top"": ""shingle"", ""top_depth"": 45.0, ""top_params"": {""azimuth_mode"": ""grid"", ""jitter"": 0.3, ""pitch"": 5.5, ""plate_t_bot"": 0.05, ""plate_t_top"": 0.05, ""tilt_deg"": 2.0, ""tilt_jitter"": 0.0}}"
FL_bl050grid_pyramid_d50_s23,floor,shingle/pyramid,"sheet, grid",0.05,23,d76,bl050grid,shingle,5.5,0.05,45.0,pyramid,5.0,2.0,50.0,9.090909090909092,0.01522105255136286,40.0,0.001573112327605486,0.04999997094273567,"{""backing"": 2.0, ""bot"": ""pyramid"", ""bot_depth"": 5.0, ""bot_params"": {""margin_depth_ref"": 50.0, ""pitch"": 2.0, ""tip_flat"": 0.1}, ""face_h"": 60.0, ""face_w"": 60.0, ""margin_depths"": 2.0, ""seed"": 23, ""top"": ""shingle"", ""top_depth"": 45.0, ""top_params"": {""azimuth_mode"": ""grid"", ""jitter"": 0.3, ""pitch"": 5.5, ""plate_t_bot"": 0.05, ""plate_t_top"": 0.05, ""tilt_deg"": 2.0, ""tilt_jitter"": 0.0}}"
FL_bl050grid_pyramid_d50_s23,floor,shingle/pyramid,"sheet, grid",0.05,23,d100,bl050grid,shingle,5.5,0.05,45.0,pyramid,5.0,2.0,50.0,9.090909090909092,0.01522105255136286,0.0,0.0003574276342988014,0.04999997094273567,"{""backing"": 2.0, ""bot"": ""pyramid"", ""bot_depth"": 5.0, ""bot_params"": {""margin_depth_ref"": 50.0, ""pitch"": 2.0, ""tip_flat"": 0.1}, ""face_h"": 60.0, ""face_w"": 60.0, ""margin_depths"": 2.0, ""seed"": 23, ""top"": ""shingle"", ""top_depth"": 45.0, ""top_params"": {""azimuth_mode"": ""grid"", ""jitter"": 0.3, ""pitch"": 5.5, ""plate_t_bot"": 0.05, ""plate_t_top"": 0.05, ""tilt_deg"": 2.0, ""tilt_jitter"": 0.0}}"
FL_bl050grid_pyramid_d50_s23,floor,shingle/pyramid,"sheet, grid",0.05,23,d100,bl050grid,shingle,5.5,0.05,45.0,pyramid,5.0,2.0,50.0,9.090909090909092,0.01522105255136286,-20.0,0.0009445730829611421,0.04999997094273567,"{""backing"": 2.0, ""bot"": ""pyramid"", ""bot_depth"": 5.0, ""bot_params"": {""margin_depth_ref"": 50.0, ""pitch"": 2.0, ""tip_flat"": 0.1}, ""face_h"": 60.0, ""face_w"": 60.0, ""margin_depths"": 2.0, ""seed"": 23, ""top"": ""shingle"", ""top_depth"": 45.0, ""top_params"": {""azimuth_mode"": ""grid"", ""jitter"": 0.3, ""pitch"": 5.5, ""plate_t_bot"": 0.05, ""plate_t_top"": 0.05, ""tilt_deg"": 2.0, ""tilt_jitter"": 0.0}}"
FL_bl050grid_pyramid_d50_s23,floor,shingle/pyramid,"sheet, grid",0.05,23,d100,bl050grid,shingle,5.5,0.05,45.0,pyramid,5.0,2.0,50.0,9.090909090909092,0.01522105255136286,-40.0,0.0016840921016409993,0.04999997094273567,"{""backing"": 2.0, ""bot"": ""pyramid"", ""bot_depth"": 5.0, ""bot_params"": {""margin_depth_ref"": 50.0, ""pitch"": 2.0, ""tip_flat"": 0.1}, ""face_h"": 60.0, ""face_w"": 60.0, ""margin_depths"": 2.0, ""seed"": 23, ""top"": ""shingle"", ""top_depth"": 45.0, ""top_params"": {""azimuth_mode"": ""grid"", ""jitter"": 0.3, ""pitch"": 5.5, ""plate_t_bot"": 0.05, ""plate_t_top"": 0.05, ""tilt_deg"": 2.0, ""tilt_jitter"": 0.0}}"
FL_bl050grid_pyramid_d50_s23,floor,shingle/pyramid,"sheet, grid",0.05,23,d100,bl050grid,shingle,5.5,0.05,45.0,pyramid,5.0,2.0,50.0,9.090909090909092,0.01522105255136286,20.0,0.0011863845866173506,0.04999997094273567,"{""backing"": 2.0, ""bot"": ""pyramid"", ""bot_depth"": 5.0, ""bot_params"": {""margin_depth_ref"": 50.0, ""pitch"": 2.0, ""tip_flat"": 0.1}, ""face_h"": 60.0, ""face_w"": 60.0, ""margin_depths"": 2.0, ""seed"": 23, ""top"": ""shingle"", ""top_depth"": 45.0, ""top_params"": {""azimuth_mode"": ""grid"", ""jitter"": 0.3, ""pitch"": 5.5, ""plate_t_bot"": 0.05, ""plate_t_top"": 0.05, ""tilt_deg"": 2.0, ""tilt_jitter"": 0.0}}"
FL_bl050grid_pyramid_d50_s23,floor,shingle/pyramid,"sheet, grid",0.05,23,d100,bl050grid,shingle,5.5,0.05,45.0,pyramid,5.0,2.0,50.0,9.090909090909092,0.01522105255136286,40.0,0.0019665120635181665,0.04999997094273567,"{""backing"": 2.0, ""bot"": ""pyramid"", ""bot_depth"": 5.0, ""bot_params"": {""margin_depth_ref"": 50.0, ""pitch"": 2.0, ""tip_flat"": 0.1}, ""face_h"": 60.0, ""face_w"": 60.0, ""margin_depths"": 2.0, ""seed"": 23, ""top"": ""shingle"", ""top_depth"": 45.0, ""top_params"": {""azimuth_mode"": ""grid"", ""jitter"": 0.3, ""pitch"": 5.5, ""plate_t_bot"": 0.05, ""plate_t_top"": 0.05, ""tilt_deg"": 2.0, ""tilt_jitter"": 0.0}}"
FL_bl050grid_wave_d20_s23,floor,shingle/wave,"sheet, grid",0.05,23,d00,bl050grid,shingle,5.5,0.05,48.0,wave,2.0,2.0,50.0,9.090909090909092,0.01522105255136286,0.0,0.0007331614615395665,0.04999997094273567,"{""backing"": 2.0, ""bot"": ""wave"", ""bot_depth"": 2.0, ""bot_params"": {""margin_depth_ref"": 50.0, ""pitch"": 2.0}, ""face_h"": 60.0, ""face_w"": 60.0, ""margin_depths"": 2.0, ""seed"": 23, ""top"": ""shingle"", ""top_depth"": 48.0, ""top_params"": {""azimuth_mode"": ""grid"", ""jitter"": 0.3, ""pitch"": 5.5, ""plate_t_bot"": 0.05, ""plate_t_top"": 0.05, ""tilt_deg"": 2.0, ""tilt_jitter"": 0.0}}"
FL_bl050grid_wave_d20_s23,floor,shingle/wave,"sheet, grid",0.05,23,d00,bl050grid,shingle,5.5,0.05,48.0,wave,2.0,2.0,50.0,9.090909090909092,0.01522105255136286,-20.0,0.0004151210014242679,0.04999997094273567,"{""backing"": 2.0, ""bot"": ""wave"", ""bot_depth"": 2.0, ""bot_params"": {""margin_depth_ref"": 50.0, ""pitch"": 2.0}, ""face_h"": 60.0, ""face_w"": 60.0, ""margin_depths"": 2.0, ""seed"": 23, ""top"": ""shingle"", ""top_depth"": 48.0, ""top_params"": {""azimuth_mode"": ""grid"", ""jitter"": 0.3, ""pitch"": 5.5, ""plate_t_bot"": 0.05, ""plate_t_top"": 0.05, ""tilt_deg"": 2.0, ""tilt_jitter"": 0.0}}"
FL_bl050grid_wave_d20_s23,floor,shingle/wave,"sheet, grid",0.05,23,d00,bl050grid,shingle,5.5,0.05,48.0,wave,2.0,2.0,50.0,9.090909090909092,0.01522105255136286,-40.0,0.0003652361046988517,0.04999997094273567,"{""backing"": 2.0, ""bot"": ""wave"", ""bot_depth"": 2.0, ""bot_params"": {""margin_depth_ref"": 50.0, ""pitch"": 2.0}, ""face_h"": 60.0, ""face_w"": 60.0, ""margin_depths"": 2.0, ""seed"": 23, ""top"": ""shingle"", ""top_depth"": 48.0, ""top_params"": {""azimuth_mode"": ""grid"", ""jitter"": 0.3, ""pitch"": 5.5, ""plate_t_bot"": 0.05, ""plate_t_top"": 0.05, ""tilt_deg"": 2.0, ""tilt_jitter"": 0.0}}"
FL_bl050grid_wave_d20_s23,floor,shingle/wave,"sheet, grid",0.05,23,d00,bl050grid,shingle,5.5,0.05,48.0,wave,2.0,2.0,50.0,9.090909090909092,0.01522105255136286,20.0,0.00037645778502337635,0.04999997094273567,"{""backing"": 2.0, ""bot"": ""wave"", ""bot_depth"": 2.0, ""bot_params"": {""margin_depth_ref"": 50.0, ""pitch"": 2.0}, ""face_h"": 60.0, ""face_w"": 60.0, ""margin_depths"": 2.0, ""seed"": 23, ""top"": ""shingle"", ""top_depth"": 48.0, ""top_params"": {""azimuth_mode"": ""grid"", ""jitter"": 0.3, ""pitch"": 5.5, ""plate_t_bot"": 0.05, ""plate_t_top"": 0.05, ""tilt_deg"": 2.0, ""tilt_jitter"": 0.0}}"
FL_bl050grid_wave_d20_s23,floor,shingle/wave,"sheet, grid",0.05,23,d00,bl050grid,shingle,5.5,0.05,48.0,wave,2.0,2.0,50.0,9.090909090909092,0.01522105255136286,40.0,0.0003536548465490341,0.04999997094273567,"{""backing"": 2.0, ""bot"": ""wave"", ""bot_depth"": 2.0, ""bot_params"": {""margin_depth_ref"": 50.0, ""pitch"": 2.0}, ""face_h"": 60.0, ""face_w"": 60.0, ""margin_depths"": 2.0, ""seed"": 23, ""top"": ""shingle"", ""top_depth"": 48.0, ""top_params"": {""azimuth_mode"": ""grid"", ""jitter"": 0.3, ""pitch"": 5.5, ""plate_t_bot"": 0.05, ""plate_t_top"": 0.05, ""tilt_deg"": 2.0, ""tilt_jitter"": 0.0}}"
FL_bl050grid_wave_d20_s23,floor,shingle/wave,"sheet, grid",0.05,23,d76,bl050grid,shingle,5.5,0.05,48.0,wave,2.0,2.0,50.0,9.090909090909092,0.01522105255136286,0.0,0.0003900059382431209,0.04999997094273567,"{""backing"": 2.0, ""bot"": ""wave"", ""bot_depth"": 2.0, ""bot_params"": {""margin_depth_ref"": 50.0, ""pitch"": 2.0}, ""face_h"": 60.0, ""face_w"": 60.0, ""margin_depths"": 2.0, ""seed"": 23, ""top"": ""shingle"", ""top_depth"": 48.0, ""top_params"": {""azimuth_mode"": ""grid"", ""jitter"": 0.3, ""pitch"": 5.5, ""plate_t_bot"": 0.05, ""plate_t_top"": 0.05, ""tilt_deg"": 2.0, ""tilt_jitter"": 0.0}}"
FL_bl050grid_wave_d20_s23,floor,shingle/wave,"sheet, grid",0.05,23,d76,bl050grid,shingle,5.5,0.05,48.0,wave,2.0,2.0,50.0,9.090909090909092,0.01522105255136286,-20.0,0.0007773814140819013,0.04999997094273567,"{""backing"": 2.0, ""bot"": ""wave"", ""bot_depth"": 2.0, ""bot_params"": {""margin_depth_ref"": 50.0, ""pitch"": 2.0}, ""face_h"": 60.0, ""face_w"": 60.0, ""margin_depths"": 2.0, ""seed"": 23, ""top"": ""shingle"", ""top_depth"": 48.0, ""top_params"": {""azimuth_mode"": ""grid"", ""jitter"": 0.3, ""pitch"": 5.5, ""plate_t_bot"": 0.05, ""plate_t_top"": 0.05, ""tilt_deg"": 2.0, ""tilt_jitter"": 0.0}}"
FL_bl050grid_wave_d20_s23,floor,shingle/wave,"sheet, grid",0.05,23,d76,bl050grid,shingle,5.5,0.05,48.0,wave,2.0,2.0,50.0,9.090909090909092,0.01522105255136286,-40.0,0.001341845840215683,0.04999997094273567,"{""backing"": 2.0, ""bot"": ""wave"", ""bot_depth"": 2.0, ""bot_params"": {""margin_depth_ref"": 50.0, ""pitch"": 2.0}, ""face_h"": 60.0, ""face_w"": 60.0, ""margin_depths"": 2.0, ""seed"": 23, ""top"": ""shingle"", ""top_depth"": 48.0, ""top_params"": {""azimuth_mode"": ""grid"", ""jitter"": 0.3, ""pitch"": 5.5, ""plate_t_bot"": 0.05, ""plate_t_top"": 0.05, ""tilt_deg"": 2.0, ""tilt_jitter"": 0.0}}"
FL_bl050grid_wave_d20_s23,floor,shingle/wave,"sheet, grid",0.05,23,d76,bl050grid,shingle,5.5,0.05,48.0,wave,2.0,2.0,50.0,9.090909090909092,0.01522105255136286,20.0,0.0009098519221879542,0.04999997094273567,"{""backing"": 2.0, ""bot"": ""wave"", ""bot_depth"": 2.0, ""bot_params"": {""margin_depth_ref"": 50.0, ""pitch"": 2.0}, ""face_h"": 60.0, ""face_w"": 60.0, ""margin_depths"": 2.0, ""seed"": 23, ""top"": ""shingle"", ""top_depth"": 48.0, ""top_params"": {""azimuth_mode"": ""grid"", ""jitter"": 0.3, ""pitch"": 5.5, ""plate_t_bot"": 0.05, ""plate_t_top"": 0.05, ""tilt_deg"": 2.0, ""tilt_jitter"": 0.0}}"
FL_bl050grid_wave_d20_s23,floor,shingle/wave,"sheet, grid",0.05,23,d76,bl050grid,shingle,5.5,0.05,48.0,wave,2.0,2.0,50.0,9.090909090909092,0.01522105255136286,40.0,0.0014861542731523514,0.04999997094273567,"{""backing"": 2.0, ""bot"": ""wave"", ""bot_depth"": 2.0, ""bot_params"": {""margin_depth_ref"": 50.0, ""pitch"": 2.0}, ""face_h"": 60.0, ""face_w"": 60.0, ""margin_depths"": 2.0, ""seed"": 23, ""top"": ""shingle"", ""top_depth"": 48.0, ""top_params"": {""azimuth_mode"": ""grid"", ""jitter"": 0.3, ""pitch"": 5.5, ""plate_t_bot"": 0.05, ""plate_t_top"": 0.05, ""tilt_deg"": 2.0, ""tilt_jitter"": 0.0}}"
FL_bl050grid_wave_d20_s23,floor,shingle/wave,"sheet, grid",0.05,23,d100,bl050grid,shingle,5.5,0.05,48.0,wave,2.0,2.0,50.0,9.090909090909092,0.01522105255136286,0.0,0.00034016763675026596,0.04999997094273567,"{""backing"": 2.0, ""bot"": ""wave"", ""bot_depth"": 2.0, ""bot_params"": {""margin_depth_ref"": 50.0, ""pitch"": 2.0}, ""face_h"": 60.0, ""face_w"": 60.0, ""margin_depths"": 2.0, ""seed"": 23, ""top"": ""shingle"", ""top_depth"": 48.0, ""top_params"": {""azimuth_mode"": ""grid"", ""jitter"": 0.3, ""pitch"": 5.5, ""plate_t_bot"": 0.05, ""plate_t_top"": 0.05, ""tilt_deg"": 2.0, ""tilt_jitter"": 0.0}}"
FL_bl050grid_wave_d20_s23,floor,shingle/wave,"sheet, grid",0.05,23,d100,bl050grid,shingle,5.5,0.05,48.0,wave,2.0,2.0,50.0,9.090909090909092,0.01522105255136286,-20.0,0.0008964400622062385,0.04999997094273567,"{""backing"": 2.0, ""bot"": ""wave"", ""bot_depth"": 2.0, ""bot_params"": {""margin_depth_ref"": 50.0, ""pitch"": 2.0}, ""face_h"": 60.0, ""face_w"": 60.0, ""margin_depths"": 2.0, ""seed"": 23, ""top"": ""shingle"", ""top_depth"": 48.0, ""top_params"": {""azimuth_mode"": ""grid"", ""jitter"": 0.3, ""pitch"": 5.5, ""plate_t_bot"": 0.05, ""plate_t_top"": 0.05, ""tilt_deg"": 2.0, ""tilt_jitter"": 0.0}}"
FL_bl050grid_wave_d20_s23,floor,shingle/wave,"sheet, grid",0.05,23,d100,bl050grid,shingle,5.5,0.05,48.0,wave,2.0,2.0,50.0,9.090909090909092,0.01522105255136286,-40.0,0.0016519068740308285,0.04999997094273567,"{""backing"": 2.0, ""bot"": ""wave"", ""bot_depth"": 2.0, ""bot_params"": {""margin_depth_ref"": 50.0, ""pitch"": 2.0}, ""face_h"": 60.0, ""face_w"": 60.0, ""margin_depths"": 2.0, ""seed"": 23, ""top"": ""shingle"", ""top_depth"": 48.0, ""top_params"": {""azimuth_mode"": ""grid"", ""jitter"": 0.3, ""pitch"": 5.5, ""plate_t_bot"": 0.05, ""plate_t_top"": 0.05, ""tilt_deg"": 2.0, ""tilt_jitter"": 0.0}}"
FL_bl050grid_wave_d20_s23,floor,shingle/wave,"sheet, grid",0.05,23,d100,bl050grid,shingle,5.5,0.05,48.0,wave,2.0,2.0,50.0,9.090909090909092,0.01522105255136286,20.0,0.0010823676129803061,0.04999997094273567,"{""backing"": 2.0, ""bot"": ""wave"", ""bot_depth"": 2.0, ""bot_params"": {""margin_depth_ref"": 50.0, ""pitch"": 2.0}, ""face_h"": 60.0, ""face_w"": 60.0, ""margin_depths"": 2.0, ""seed"": 23, ""top"": ""shingle"", ""top_depth"": 48.0, ""top_params"": {""azimuth_mode"": ""grid"", ""jitter"": 0.3, ""pitch"": 5.5, ""plate_t_bot"": 0.05, ""plate_t_top"": 0.05, ""tilt_deg"": 2.0, ""tilt_jitter"": 0.0}}"
FL_bl050grid_wave_d20_s23,floor,shingle/wave,"sheet, grid",0.05,23,d100,bl050grid,shingle,5.5,0.05,48.0,wave,2.0,2.0,50.0,9.090909090909092,0.01522105255136286,40.0,0.0018569906242191792,0.04999997094273567,"{""backing"": 2.0, ""bot"": ""wave"", ""bot_depth"": 2.0, ""bot_params"": {""margin_depth_ref"": 50.0, ""pitch"": 2.0}, ""face_h"": 60.0, ""face_w"": 60.0, ""margin_depths"": 2.0, ""seed"": 23, ""top"": ""shingle"", ""top_depth"": 48.0, ""top_params"": {""azimuth_mode"": ""grid"", ""jitter"": 0.3, ""pitch"": 5.5, ""plate_t_bot"": 0.05, ""plate_t_top"": 0.05, ""tilt_deg"": 2.0, ""tilt_jitter"": 0.0}}"
FL_bl050grid_wave_d30_s23,floor,shingle/wave,"sheet, grid",0.05,23,d00,bl050grid,shingle,5.5,0.05,47.0,wave,3.0,2.0,50.0,9.090909090909092,0.01522105255136286,0.0,0.000579296553041786,0.04999997094273567,"{""backing"": 2.0, ""bot"": ""wave"", ""bot_depth"": 3.0, ""bot_params"": {""margin_depth_ref"": 50.0, ""pitch"": 2.0}, ""face_h"": 60.0, ""face_w"": 60.0, ""margin_depths"": 2.0, ""seed"": 23, ""top"": ""shingle"", ""top_depth"": 47.0, ""top_params"": {""azimuth_mode"": ""grid"", ""jitter"": 0.3, ""pitch"": 5.5, ""plate_t_bot"": 0.05, ""plate_t_top"": 0.05, ""tilt_deg"": 2.0, ""tilt_jitter"": 0.0}}"
FL_bl050grid_wave_d30_s23,floor,shingle/wave,"sheet, grid",0.05,23,d00,bl050grid,shingle,5.5,0.05,47.0,wave,3.0,2.0,50.0,9.090909090909092,0.01522105255136286,-20.0,0.0004147208819631487,0.04999997094273567,"{""backing"": 2.0, ""bot"": ""wave"", ""bot_depth"": 3.0, ""bot_params"": {""margin_depth_ref"": 50.0, ""pitch"": 2.0}, ""face_h"": 60.0, ""face_w"": 60.0, ""margin_depths"": 2.0, ""seed"": 23, ""top"": ""shingle"", ""top_depth"": 47.0, ""top_params"": {""azimuth_mode"": ""grid"", ""jitter"": 0.3, ""pitch"": 5.5, ""plate_t_bot"": 0.05, ""plate_t_top"": 0.05, ""tilt_deg"": 2.0, ""tilt_jitter"": 0.0}}"
FL_bl050grid_wave_d30_s23,floor,shingle/wave,"sheet, grid",0.05,23,d00,bl050grid,shingle,5.5,0.05,47.0,wave,3.0,2.0,50.0,9.090909090909092,0.01522105255136286,-40.0,0.0003652763261925429,0.04999997094273567,"{""backing"": 2.0, ""bot"": ""wave"", ""bot_depth"": 3.0, ""bot_params"": {""margin_depth_ref"": 50.0, ""pitch"": 2.0}, ""face_h"": 60.0, ""face_w"": 60.0, ""margin_depths"": 2.0, ""seed"": 23, ""top"": ""shingle"", ""top_depth"": 47.0, ""top_params"": {""azimuth_mode"": ""grid"", ""jitter"": 0.3, ""pitch"": 5.5, ""plate_t_bot"": 0.05, ""plate_t_top"": 0.05, ""tilt_deg"": 2.0, ""tilt_jitter"": 0.0}}"
FL_bl050grid_wave_d30_s23,floor,shingle/wave,"sheet, grid",0.05,23,d00,bl050grid,shingle,5.5,0.05,47.0,wave,3.0,2.0,50.0,9.090909090909092,0.01522105255136286,20.0,0.0003758294915314764,0.04999997094273567,"{""backing"": 2.0, ""bot"": ""wave"", ""bot_depth"": 3.0, ""bot_params"": {""margin_depth_ref"": 50.0, ""pitch"": 2.0}, ""face_h"": 60.0, ""face_w"": 60.0, ""margin_depths"": 2.0, ""seed"": 23, ""top"": ""shingle"", ""top_depth"": 47.0, ""top_params"": {""azimuth_mode"": ""grid"", ""jitter"": 0.3, ""pitch"": 5.5, ""plate_t_bot"": 0.05, ""plate_t_top"": 0.05, ""tilt_deg"": 2.0, ""tilt_jitter"": 0.0}}"
FL_bl050grid_wave_d30_s23,floor,shingle/wave,"sheet, grid",0.05,23,d00,bl050grid,shingle,5.5,0.05,47.0,wave,3.0,2.0,50.0,9.090909090909092,0.01522105255136286,40.0,0.00035373028367757797,0.04999997094273567,"{""backing"": 2.0, ""bot"": ""wave"", ""bot_depth"": 3.0, ""bot_params"": {""margin_depth_ref"": 50.0, ""pitch"": 2.0}, ""face_h"": 60.0, ""face_w"": 60.0, ""margin_depths"": 2.0, ""seed"": 23, ""top"": ""shingle"", ""top_depth"": 47.0, ""top_params"": {""azimuth_mode"": ""grid"", ""jitter"": 0.3, ""pitch"": 5.5, ""plate_t_bot"": 0.05, ""plate_t_top"": 0.05, ""tilt_deg"": 2.0, ""tilt_jitter"": 0.0}}"
FL_bl050grid_wave_d30_s23,floor,shingle/wave,"sheet, grid",0.05,23,d76,bl050grid,shingle,5.5,0.05,47.0,wave,3.0,2.0,50.0,9.090909090909092,0.01522105255136286,0.0,0.0003746704023797065,0.04999997094273567,"{""backing"": 2.0, ""bot"": ""wave"", ""bot_depth"": 3.0, ""bot_params"": {""margin_depth_ref"": 50.0, ""pitch"": 2.0}, ""face_h"": 60.0, ""face_w"": 60.0, ""margin_depths"": 2.0, ""seed"": 23, ""top"": ""shingle"", ""top_depth"": 47.0, ""top_params"": {""azimuth_mode"": ""grid"", ""jitter"": 0.3, ""pitch"": 5.5, ""plate_t_bot"": 0.05, ""plate_t_top"": 0.05, ""tilt_deg"": 2.0, ""tilt_jitter"": 0.0}}"
FL_bl050grid_wave_d30_s23,floor,shingle/wave,"sheet, grid",0.05,23,d76,bl050grid,shingle,5.5,0.05,47.0,wave,3.0,2.0,50.0,9.090909090909092,0.01522105255136286,-20.0,0.0007772770477458835,0.04999997094273567,"{""backing"": 2.0, ""bot"": ""wave"", ""bot_depth"": 3.0, ""bot_params"": {""margin_depth_ref"": 50.0, ""pitch"": 2.0}, ""face_h"": 60.0, ""face_w"": 60.0, ""margin_depths"": 2.0, ""seed"": 23, ""top"": ""shingle"", ""top_depth"": 47.0, ""top_params"": {""azimuth_mode"": ""grid"", ""jitter"": 0.3, ""pitch"": 5.5, ""plate_t_bot"": 0.05, ""plate_t_top"": 0.05, ""tilt_deg"": 2.0, ""tilt_jitter"": 0.0}}"
FL_bl050grid_wave_d30_s23,floor,shingle/wave,"sheet, grid",0.05,23,d76,bl050grid,shingle,5.5,0.05,47.0,wave,3.0,2.0,50.0,9.090909090909092,0.01522105255136286,-40.0,0.0013417918235063553,0.04999997094273567,"{""backing"": 2.0, ""bot"": ""wave"", ""bot_depth"": 3.0, ""bot_params"": {""margin_depth_ref"": 50.0, ""pitch"": 2.0}, ""face_h"": 60.0, ""face_w"": 60.0, ""margin_depths"": 2.0, ""seed"": 23, ""top"": ""shingle"", ""top_depth"": 47.0, ""top_params"": {""azimuth_mode"": ""grid"", ""jitter"": 0.3, ""pitch"": 5.5, ""plate_t_bot"": 0.05, ""plate_t_top"": 0.05, ""tilt_deg"": 2.0, ""tilt_jitter"": 0.0}}"
FL_bl050grid_wave_d30_s23,floor,shingle/wave,"sheet, grid",0.05,23,d76,bl050grid,shingle,5.5,0.05,47.0,wave,3.0,2.0,50.0,9.090909090909092,0.01522105255136286,20.0,0.0009100250899791718,0.04999997094273567,"{""backing"": 2.0, ""bot"": ""wave"", ""bot_depth"": 3.0, ""bot_params"": {""margin_depth_ref"": 50.0, ""pitch"": 2.0}, ""face_h"": 60.0, ""face_w"": 60.0, ""margin_depths"": 2.0, ""seed"": 23, ""top"": ""shingle"", ""top_depth"": 47.0, ""top_params"": {""azimuth_mode"": ""grid"", ""jitter"": 0.3, ""pitch"": 5.5, ""plate_t_bot"": 0.05, ""plate_t_top"": 0.05, ""tilt_deg"": 2.0, ""tilt_jitter"": 0.0}}"
FL_bl050grid_wave_d30_s23,floor,shingle/wave,"sheet, grid",0.05,23,d76,bl050grid,shingle,5.5,0.05,47.0,wave,3.0,2.0,50.0,9.090909090909092,0.01522105255136286,40.0,0.0014862106181681156,0.04999997094273567,"{""backing"": 2.0, ""bot"": ""wave"", ""bot_depth"": 3.0, ""bot_params"": {""margin_depth_ref"": 50.0, ""pitch"": 2.0}, ""face_h"": 60.0, ""face_w"": 60.0, ""margin_depths"": 2.0, ""seed"": 23, ""top"": ""shingle"", ""top_depth"": 47.0, ""top_params"": {""azimuth_mode"": ""grid"", ""jitter"": 0.3, ""pitch"": 5.5, ""plate_t_bot"": 0.05, ""plate_t_top"": 0.05, ""tilt_deg"": 2.0, ""tilt_jitter"": 0.0}}"
FL_bl050grid_wave_d30_s23,floor,shingle/wave,"sheet, grid",0.05,23,d100,bl050grid,shingle,5.5,0.05,47.0,wave,3.0,2.0,50.0,9.090909090909092,0.01522105255136286,0.0,0.0003366336168255657,0.04999997094273567,"{""backing"": 2.0, ""bot"": ""wave"", ""bot_depth"": 3.0, ""bot_params"": {""margin_depth_ref"": 50.0, ""pitch"": 2.0}, ""face_h"": 60.0, ""face_w"": 60.0, ""margin_depths"": 2.0, ""seed"": 23, ""top"": ""shingle"", ""top_depth"": 47.0, ""top_params"": {""azimuth_mode"": ""grid"", ""jitter"": 0.3, ""pitch"": 5.5, ""plate_t_bot"": 0.05, ""plate_t_top"": 0.05, ""tilt_deg"": 2.0, ""tilt_jitter"": 0.0}}"
FL_bl050grid_wave_d30_s23,floor,shingle/wave,"sheet, grid",0.05,23,d100,bl050grid,shingle,5.5,0.05,47.0,wave,3.0,2.0,50.0,9.090909090909092,0.01522105255136286,-20.0,0.0008963955333456397,0.04999997094273567,"{""backing"": 2.0, ""bot"": ""wave"", ""bot_depth"": 3.0, ""bot_params"": {""margin_depth_ref"": 50.0, ""pitch"": 2.0}, ""face_h"": 60.0, ""face_w"": 60.0, ""margin_depths"": 2.0, ""seed"": 23, ""top"": ""shingle"", ""top_depth"": 47.0, ""top_params"": {""azimuth_mode"": ""grid"", ""jitter"": 0.3, ""pitch"": 5.5, ""plate_t_bot"": 0.05, ""plate_t_top"": 0.05, ""tilt_deg"": 2.0, ""tilt_jitter"": 0.0}}"
FL_bl050grid_wave_d30_s23,floor,shingle/wave,"sheet, grid",0.05,23,d100,bl050grid,shingle,5.5,0.05,47.0,wave,3.0,2.0,50.0,9.090909090909092,0.01522105255136286,-40.0,0.001651855418458581,0.04999997094273567,"{""backing"": 2.0, ""bot"": ""wave"", ""bot_depth"": 3.0, ""bot_params"": {""margin_depth_ref"": 50.0, ""pitch"": 2.0}, ""face_h"": 60.0, ""face_w"": 60.0, ""margin_depths"": 2.0, ""seed"": 23, ""top"": ""shingle"", ""top_depth"": 47.0, ""top_params"": {""azimuth_mode"": ""grid"", ""jitter"": 0.3, ""pitch"": 5.5, ""plate_t_bot"": 0.05, ""plate_t_top"": 0.05, ""tilt_deg"": 2.0, ""tilt_jitter"": 0.0}}"
FL_bl050grid_wave_d30_s23,floor,shingle/wave,"sheet, grid",0.05,23,d100,bl050grid,shingle,5.5,0.05,47.0,wave,3.0,2.0,50.0,9.090909090909092,0.01522105255136286,20.0,0.001082326751202345,0.04999997094273567,"{""backing"": 2.0, ""bot"": ""wave"", ""bot_depth"": 3.0, ""bot_params"": {""margin_depth_ref"": 50.0, ""pitch"": 2.0}, ""face_h"": 60.0, ""face_w"": 60.0, ""margin_depths"": 2.0, ""seed"": 23, ""top"": ""shingle"", ""top_depth"": 47.0, ""top_params"": {""azimuth_mode"": ""grid"", ""jitter"": 0.3, ""pitch"": 5.5, ""plate_t_bot"": 0.05, ""plate_t_top"": 0.05, ""tilt_deg"": 2.0, ""tilt_jitter"": 0.0}}"
FL_bl050grid_wave_d30_s23,floor,shingle/wave,"sheet, grid",0.05,23,d100,bl050grid,shingle,5.5,0.05,47.0,wave,3.0,2.0,50.0,9.090909090909092,0.01522105255136286,40.0,0.0018570426618680358,0.04999997094273567,"{""backing"": 2.0, ""bot"": ""wave"", ""bot_depth"": 3.0, ""bot_params"": {""margin_depth_ref"": 50.0, ""pitch"": 2.0}, ""face_h"": 60.0, ""face_w"": 60.0, ""margin_depths"": 2.0, ""seed"": 23, ""top"": ""shingle"", ""top_depth"": 47.0, ""top_params"": {""azimuth_mode"": ""grid"", ""jitter"": 0.3, ""pitch"": 5.5, ""plate_t_bot"": 0.05, ""plate_t_top"": 0.05, ""tilt_deg"": 2.0, ""tilt_jitter"": 0.0}}"
FL_bl050grid_wave_d50_s23,floor,shingle/wave,"sheet, grid",0.05,23,d00,bl050grid,shingle,5.5,0.05,45.0,wave,5.0,2.0,50.0,9.090909090909092,0.01522105255136286,0.0,0.0006101939361542463,0.04999997094273567,"{""backing"": 2.0, ""bot"": ""wave"", ""bot_depth"": 5.0, ""bot_params"": {""margin_depth_ref"": 50.0, ""pitch"": 2.0}, ""face_h"": 60.0, ""face_w"": 60.0, ""margin_depths"": 2.0, ""seed"": 23, ""top"": ""shingle"", ""top_depth"": 45.0, ""top_params"": {""azimuth_mode"": ""grid"", ""jitter"": 0.3, ""pitch"": 5.5, ""plate_t_bot"": 0.05, ""plate_t_top"": 0.05, ""tilt_deg"": 2.0, ""tilt_jitter"": 0.0}}"
FL_bl050grid_wave_d50_s23,floor,shingle/wave,"sheet, grid",0.05,23,d00,bl050grid,shingle,5.5,0.05,45.0,wave,5.0,2.0,50.0,9.090909090909092,0.01522105255136286,-20.0,0.0004394653078634292,0.04999997094273567,"{""backing"": 2.0, ""bot"": ""wave"", ""bot_depth"": 5.0, ""bot_params"": {""margin_depth_ref"": 50.0, ""pitch"": 2.0}, ""face_h"": 60.0, ""face_w"": 60.0, ""margin_depths"": 2.0, ""seed"": 23, ""top"": ""shingle"", ""top_depth"": 45.0, ""top_params"": {""azimuth_mode"": ""grid"", ""jitter"": 0.3, ""pitch"": 5.5, ""plate_t_bot"": 0.05, ""plate_t_top"": 0.05, ""tilt_deg"": 2.0, ""tilt_jitter"": 0.0}}"
FL_bl050grid_wave_d50_s23,floor,shingle/wave,"sheet, grid",0.05,23,d00,bl050grid,shingle,5.5,0.05,45.0,wave,5.0,2.0,50.0,9.090909090909092,0.01522105255136286,-40.0,0.000378073425963521,0.04999997094273567,"{""backing"": 2.0, ""bot"": ""wave"", ""bot_depth"": 5.0, ""bot_params"": {""margin_depth_ref"": 50.0, ""pitch"": 2.0}, ""face_h"": 60.0, ""face_w"": 60.0, ""margin_depths"": 2.0, ""seed"": 23, ""top"": ""shingle"", ""top_depth"": 45.0, ""top_params"": {""azimuth_mode"": ""grid"", ""jitter"": 0.3, ""pitch"": 5.5, ""plate_t_bot"": 0.05, ""plate_t_top"": 0.05, ""tilt_deg"": 2.0, ""tilt_jitter"": 0.0}}"
FL_bl050grid_wave_d50_s23,floor,shingle/wave,"sheet, grid",0.05,23,d00,bl050grid,shingle,5.5,0.05,45.0,wave,5.0,2.0,50.0,9.090909090909092,0.01522105255136286,20.0,0.00040289206663146615,0.04999997094273567,"{""backing"": 2.0, ""bot"": ""wave"", ""bot_depth"": 5.0, ""bot_params"": {""margin_depth_ref"": 50.0, ""pitch"": 2.0}, ""face_h"": 60.0, ""face_w"": 60.0, ""margin_depths"": 2.0, ""seed"": 23, ""top"": ""shingle"", ""top_depth"": 45.0, ""top_params"": {""azimuth_mode"": ""grid"", ""jitter"": 0.3, ""pitch"": 5.5, ""plate_t_bot"": 0.05, ""plate_t_top"": 0.05, ""tilt_deg"": 2.0, ""tilt_jitter"": 0.0}}"
FL_bl050grid_wave_d50_s23,floor,shingle/wave,"sheet, grid",0.05,23,d00,bl050grid,shingle,5.5,0.05,45.0,wave,5.0,2.0,50.0,9.090909090909092,0.01522105255136286,40.0,0.00038028505514375865,0.04999997094273567,"{""backing"": 2.0, ""bot"": ""wave"", ""bot_depth"": 5.0, ""bot_params"": {""margin_depth_ref"": 50.0, ""pitch"": 2.0}, ""face_h"": 60.0, ""face_w"": 60.0, ""margin_depths"": 2.0, ""seed"": 23, ""top"": ""shingle"", ""top_depth"": 45.0, ""top_params"": {""azimuth_mode"": ""grid"", ""jitter"": 0.3, ""pitch"": 5.5, ""plate_t_bot"": 0.05, ""plate_t_top"": 0.05, ""tilt_deg"": 2.0, ""tilt_jitter"": 0.0}}"
FL_bl050grid_wave_d50_s23,floor,shingle/wave,"sheet, grid",0.05,23,d76,bl050grid,shingle,5.5,0.05,45.0,wave,5.0,2.0,50.0,9.090909090909092,0.01522105255136286,0.0,0.00039955295505933464,0.04999997094273567,"{""backing"": 2.0, ""bot"": ""wave"", ""bot_depth"": 5.0, ""bot_params"": {""margin_depth_ref"": 50.0, ""pitch"": 2.0}, ""face_h"": 60.0, ""face_w"": 60.0, ""margin_depths"": 2.0, ""seed"": 23, ""top"": ""shingle"", ""top_depth"": 45.0, ""top_params"": {""azimuth_mode"": ""grid"", ""jitter"": 0.3, ""pitch"": 5.5, ""plate_t_bot"": 0.05, ""plate_t_top"": 0.05, ""tilt_deg"": 2.0, ""tilt_jitter"": 0.0}}"
FL_bl050grid_wave_d50_s23,floor,shingle/wave,"sheet, grid",0.05,23,d76,bl050grid,shingle,5.5,0.05,45.0,wave,5.0,2.0,50.0,9.090909090909092,0.01522105255136286,-20.0,0.0008151878137141466,0.04999997094273567,"{""backing"": 2.0, ""bot"": ""wave"", ""bot_depth"": 5.0, ""bot_params"": {""margin_depth_ref"": 50.0, ""pitch"": 2.0}, ""face_h"": 60.0, ""face_w"": 60.0, ""margin_depths"": 2.0, ""seed"": 23, ""top"": ""shingle"", ""top_depth"": 45.0, ""top_params"": {""azimuth_mode"": ""grid"", ""jitter"": 0.3, ""pitch"": 5.5, ""plate_t_bot"": 0.05, ""plate_t_top"": 0.05, ""tilt_deg"": 2.0, ""tilt_jitter"": 0.0}}"
FL_bl050grid_wave_d50_s23,floor,shingle/wave,"sheet, grid",0.05,23,d76,bl050grid,shingle,5.5,0.05,45.0,wave,5.0,2.0,50.0,9.090909090909092,0.01522105255136286,-40.0,0.0013633620692417026,0.04999997094273567,"{""backing"": 2.0, ""bot"": ""wave"", ""bot_depth"": 5.0, ""bot_params"": {""margin_depth_ref"": 50.0, ""pitch"": 2.0}, ""face_h"": 60.0, ""face_w"": 60.0, ""margin_depths"": 2.0, ""seed"": 23, ""top"": ""shingle"", ""top_depth"": 45.0, ""top_params"": {""azimuth_mode"": ""grid"", ""jitter"": 0.3, ""pitch"": 5.5, ""plate_t_bot"": 0.05, ""plate_t_top"": 0.05, ""tilt_deg"": 2.0, ""tilt_jitter"": 0.0}}"
FL_bl050grid_wave_d50_s23,floor,shingle/wave,"sheet, grid",0.05,23,d76,bl050grid,shingle,5.5,0.05,45.0,wave,5.0,2.0,50.0,9.090909090909092,0.01522105255136286,20.0,0.0009907541098073125,0.04999997094273567,"{""backing"": 2.0, ""bot"": ""wave"", ""bot_depth"": 5.0, ""bot_params"": {""margin_depth_ref"": 50.0, ""pitch"": 2.0}, ""face_h"": 60.0, ""face_w"": 60.0, ""margin_depths"": 2.0, ""seed"": 23, ""top"": ""shingle"", ""top_depth"": 45.0, ""top_params"": {""azimuth_mode"": ""grid"", ""jitter"": 0.3, ""pitch"": 5.5, ""plate_t_bot"": 0.05, ""plate_t_top"": 0.05, ""tilt_deg"": 2.0, ""tilt_jitter"": 0.0}}"
FL_bl050grid_wave_d50_s23,floor,shingle/wave,"sheet, grid",0.05,23,d76,bl050grid,shingle,5.5,0.05,45.0,wave,5.0,2.0,50.0,9.090909090909092,0.01522105255136286,40.0,0.0015732187312096357,0.04999997094273567,"{""backing"": 2.0, ""bot"": ""wave"", ""bot_depth"": 5.0, ""bot_params"": {""margin_depth_ref"": 50.0, ""pitch"": 2.0}, ""face_h"": 60.0, ""face_w"": 60.0, ""margin_depths"": 2.0, ""seed"": 23, ""top"": ""shingle"", ""top_depth"": 45.0, ""top_params"": {""azimuth_mode"": ""grid"", ""jitter"": 0.3, ""pitch"": 5.5, ""plate_t_bot"": 0.05, ""plate_t_top"": 0.05, ""tilt_deg"": 2.0, ""tilt_jitter"": 0.0}}"
FL_bl050grid_wave_d50_s23,floor,shingle/wave,"sheet, grid",0.05,23,d100,bl050grid,shingle,5.5,0.05,45.0,wave,5.0,2.0,50.0,9.090909090909092,0.01522105255136286,0.0,0.0003570380504243076,0.04999997094273567,"{""backing"": 2.0, ""bot"": ""wave"", ""bot_depth"": 5.0, ""bot_params"": {""margin_depth_ref"": 50.0, ""pitch"": 2.0}, ""face_h"": 60.0, ""face_w"": 60.0, ""margin_depths"": 2.0, ""seed"": 23, ""top"": ""shingle"", ""top_depth"": 45.0, ""top_params"": {""azimuth_mode"": ""grid"", ""jitter"": 0.3, ""pitch"": 5.5, ""plate_t_bot"": 0.05, ""plate_t_top"": 0.05, ""tilt_deg"": 2.0, ""tilt_jitter"": 0.0}}"
FL_bl050grid_wave_d50_s23,floor,shingle/wave,"sheet, grid",0.05,23,d100,bl050grid,shingle,5.5,0.05,45.0,wave,5.0,2.0,50.0,9.090909090909092,0.01522105255136286,-20.0,0.00094494508812204,0.04999997094273567,"{""backing"": 2.0, ""bot"": ""wave"", ""bot_depth"": 5.0, ""bot_params"": {""margin_depth_ref"": 50.0, ""pitch"": 2.0}, ""face_h"": 60.0, ""face_w"": 60.0, ""margin_depths"": 2.0, ""seed"": 23, ""top"": ""shingle"", ""top_depth"": 45.0, ""top_params"": {""azimuth_mode"": ""grid"", ""jitter"": 0.3, ""pitch"": 5.5, ""plate_t_bot"": 0.05, ""plate_t_top"": 0.05, ""tilt_deg"": 2.0, ""tilt_jitter"": 0.0}}"
FL_bl050grid_wave_d50_s23,floor,shingle/wave,"sheet, grid",0.05,23,d100,bl050grid,shingle,5.5,0.05,45.0,wave,5.0,2.0,50.0,9.090909090909092,0.01522105255136286,-40.0,0.001684195944108069,0.04999997094273567,"{""backing"": 2.0, ""bot"": ""wave"", ""bot_depth"": 5.0, ""bot_params"": {""margin_depth_ref"": 50.0, ""pitch"": 2.0}, ""face_h"": 60.0, ""face_w"": 60.0, ""margin_depths"": 2.0, ""seed"": 23, ""top"": ""shingle"", ""top_depth"": 45.0, ""top_params"": {""azimuth_mode"": ""grid"", ""jitter"": 0.3, ""pitch"": 5.5, ""plate_t_bot"": 0.05, ""plate_t_top"": 0.05, ""tilt_deg"": 2.0, ""tilt_jitter"": 0.0}}"
FL_bl050grid_wave_d50_s23,floor,shingle/wave,"sheet, grid",0.05,23,d100,bl050grid,shingle,5.5,0.05,45.0,wave,5.0,2.0,50.0,9.090909090909092,0.01522105255136286,20.0,0.0011867983266711235,0.04999997094273567,"{""backing"": 2.0, ""bot"": ""wave"", ""bot_depth"": 5.0, ""bot_params"": {""margin_depth_ref"": 50.0, ""pitch"": 2.0}, ""face_h"": 60.0, ""face_w"": 60.0, ""margin_depths"": 2.0, ""seed"": 23, ""top"": ""shingle"", ""top_depth"": 45.0, ""top_params"": {""azimuth_mode"": ""grid"", ""jitter"": 0.3, ""pitch"": 5.5, ""plate_t_bot"": 0.05, ""plate_t_top"": 0.05, ""tilt_deg"": 2.0, ""tilt_jitter"": 0.0}}"
FL_bl050grid_wave_d50_s23,floor,shingle/wave,"sheet, grid",0.05,23,d100,bl050grid,shingle,5.5,0.05,45.0,wave,5.0,2.0,50.0,9.090909090909092,0.01522105255136286,40.0,0.001966615905985236,0.04999997094273567,"{""backing"": 2.0, ""bot"": ""wave"", ""bot_depth"": 5.0, ""bot_params"": {""margin_depth_ref"": 50.0, ""pitch"": 2.0}, ""face_h"": 60.0, ""face_w"": 60.0, ""margin_depths"": 2.0, ""seed"": 23, ""top"": ""shingle"", ""top_depth"": 45.0, ""top_params"": {""azimuth_mode"": ""grid"", ""jitter"": 0.3, ""pitch"": 5.5, ""plate_t_bot"": 0.05, ""plate_t_top"": 0.05, ""tilt_deg"": 2.0, ""tilt_jitter"": 0.0}}"
FL_bl050grid_gap_d20_s23,floor,shingle/gap,"sheet, grid",0.05,23,d00,bl050grid,shingle,5.5,0.05,48.0,gap,2.0,0.0,50.0,9.090909090909092,0.01522105255136286,0.0,0.0016703211003914475,0.04999997094273567,"{""backing"": 2.0, ""bot"": ""gap"", ""bot_depth"": 2.0, ""bot_params"": {""margin_depth_ref"": 50.0}, ""face_h"": 60.0, ""face_w"": 60.0, ""margin_depths"": 2.0, ""seed"": 23, ""top"": ""shingle"", ""top_depth"": 48.0, ""top_params"": {""azimuth_mode"": ""grid"", ""jitter"": 0.3, ""pitch"": 5.5, ""plate_t_bot"": 0.05, ""plate_t_top"": 0.05, ""tilt_deg"": 2.0, ""tilt_jitter"": 0.0}}"
FL_bl050grid_gap_d20_s23,floor,shingle/gap,"sheet, grid",0.05,23,d00,bl050grid,shingle,5.5,0.05,48.0,gap,2.0,0.0,50.0,9.090909090909092,0.01522105255136286,-20.0,0.00042722441139630973,0.04999997094273567,"{""backing"": 2.0, ""bot"": ""gap"", ""bot_depth"": 2.0, ""bot_params"": {""margin_depth_ref"": 50.0}, ""face_h"": 60.0, ""face_w"": 60.0, ""margin_depths"": 2.0, ""seed"": 23, ""top"": ""shingle"", ""top_depth"": 48.0, ""top_params"": {""azimuth_mode"": ""grid"", ""jitter"": 0.3, ""pitch"": 5.5, ""plate_t_bot"": 0.05, ""plate_t_top"": 0.05, ""tilt_deg"": 2.0, ""tilt_jitter"": 0.0}}"
FL_bl050grid_gap_d20_s23,floor,shingle/gap,"sheet, grid",0.05,23,d00,bl050grid,shingle,5.5,0.05,48.0,gap,2.0,0.0,50.0,9.090909090909092,0.01522105255136286,-40.0,0.00036523869493976235,0.04999997094273567,"{""backing"": 2.0, ""bot"": ""gap"", ""bot_depth"": 2.0, ""bot_params"": {""margin_depth_ref"": 50.0}, ""face_h"": 60.0, ""face_w"": 60.0, ""margin_depths"": 2.0, ""seed"": 23, ""top"": ""shingle"", ""top_depth"": 48.0, ""top_params"": {""azimuth_mode"": ""grid"", ""jitter"": 0.3, ""pitch"": 5.5, ""plate_t_bot"": 0.05, ""plate_t_top"": 0.05, ""tilt_deg"": 2.0, ""tilt_jitter"": 0.0}}"
FL_bl050grid_gap_d20_s23,floor,shingle/gap,"sheet, grid",0.05,23,d00,bl050grid,shingle,5.5,0.05,48.0,gap,2.0,0.0,50.0,9.090909090909092,0.01522105255136286,20.0,0.00037934366264380515,0.04999997094273567,"{""backing"": 2.0, ""bot"": ""gap"", ""bot_depth"": 2.0, ""bot_params"": {""margin_depth_ref"": 50.0}, ""face_h"": 60.0, ""face_w"": 60.0, ""margin_depths"": 2.0, ""seed"": 23, ""top"": ""shingle"", ""top_depth"": 48.0, ""top_params"": {""azimuth_mode"": ""grid"", ""jitter"": 0.3, ""pitch"": 5.5, ""plate_t_bot"": 0.05, ""plate_t_top"": 0.05, ""tilt_deg"": 2.0, ""tilt_jitter"": 0.0}}"
FL_bl050grid_gap_d20_s23,floor,shingle/gap,"sheet, grid",0.05,23,d00,bl050grid,shingle,5.5,0.05,48.0,gap,2.0,0.0,50.0,9.090909090909092,0.01522105255136286,40.0,0.0003535420401021838,0.04999997094273567,"{""backing"": 2.0, ""bot"": ""gap"", ""bot_depth"": 2.0, ""bot_params"": {""margin_depth_ref"": 50.0}, ""face_h"": 60.0, ""face_w"": 60.0, ""margin_depths"": 2.0, ""seed"": 23, ""top"": ""shingle"", ""top_depth"": 48.0, ""top_params"": {""azimuth_mode"": ""grid"", ""jitter"": 0.3, ""pitch"": 5.5, ""plate_t_bot"": 0.05, ""plate_t_top"": 0.05, ""tilt_deg"": 2.0, ""tilt_jitter"": 0.0}}"
FL_bl050grid_gap_d20_s23,floor,shingle/gap,"sheet, grid",0.05,23,d76,bl050grid,shingle,5.5,0.05,48.0,gap,2.0,0.0,50.0,9.090909090909092,0.01522105255136286,0.0,0.0006387573084793985,0.04999997094273567,"{""backing"": 2.0, ""bot"": ""gap"", ""bot_depth"": 2.0, ""bot_params"": {""margin_depth_ref"": 50.0}, ""face_h"": 60.0, ""face_w"": 60.0, ""margin_depths"": 2.0, ""seed"": 23, ""top"": ""shingle"", ""top_depth"": 48.0, ""top_params"": {""azimuth_mode"": ""grid"", ""jitter"": 0.3, ""pitch"": 5.5, ""plate_t_bot"": 0.05, ""plate_t_top"": 0.05, ""tilt_deg"": 2.0, ""tilt_jitter"": 0.0}}"
FL_bl050grid_gap_d20_s23,floor,shingle/gap,"sheet, grid",0.05,23,d76,bl050grid,shingle,5.5,0.05,48.0,gap,2.0,0.0,50.0,9.090909090909092,0.01522105255136286,-20.0,0.0007790044764988124,0.04999997094273567,"{""backing"": 2.0, ""bot"": ""gap"", ""bot_depth"": 2.0, ""bot_params"": {""margin_depth_ref"": 50.0}, ""face_h"": 60.0, ""face_w"": 60.0, ""margin_depths"": 2.0, ""seed"": 23, ""top"": ""shingle"", ""top_depth"": 48.0, ""top_params"": {""azimuth_mode"": ""grid"", ""jitter"": 0.3, ""pitch"": 5.5, ""plate_t_bot"": 0.05, ""plate_t_top"": 0.05, ""tilt_deg"": 2.0, ""tilt_jitter"": 0.0}}"
FL_bl050grid_gap_d20_s23,floor,shingle/gap,"sheet, grid",0.05,23,d76,bl050grid,shingle,5.5,0.05,48.0,gap,2.0,0.0,50.0,9.090909090909092,0.01522105255136286,-40.0,0.0013418513117358088,0.04999997094273567,"{""backing"": 2.0, ""bot"": ""gap"", ""bot_depth"": 2.0, ""bot_params"": {""margin_depth_ref"": 50.0}, ""face_h"": 60.0, ""face_w"": 60.0, ""margin_depths"": 2.0, ""seed"": 23, ""top"": ""shingle"", ""top_depth"": 48.0, ""top_params"": {""azimuth_mode"": ""grid"", ""jitter"": 0.3, ""pitch"": 5.5, ""plate_t_bot"": 0.05, ""plate_t_top"": 0.05, ""tilt_deg"": 2.0, ""tilt_jitter"": 0.0}}"
FL_bl050grid_gap_d20_s23,floor,shingle/gap,"sheet, grid",0.05,23,d76,bl050grid,shingle,5.5,0.05,48.0,gap,2.0,0.0,50.0,9.090909090909092,0.01522105255136286,20.0,0.000910430506337434,0.04999997094273567,"{""backing"": 2.0, ""bot"": ""gap"", ""bot_depth"": 2.0, ""bot_params"": {""margin_depth_ref"": 50.0}, ""face_h"": 60.0, ""face_w"": 60.0, ""margin_depths"": 2.0, ""seed"": 23, ""top"": ""shingle"", ""top_depth"": 48.0, ""top_params"": {""azimuth_mode"": ""grid"", ""jitter"": 0.3, ""pitch"": 5.5, ""plate_t_bot"": 0.05, ""plate_t_top"": 0.05, ""tilt_deg"": 2.0, ""tilt_jitter"": 0.0}}"
FL_bl050grid_gap_d20_s23,floor,shingle/gap,"sheet, grid",0.05,23,d76,bl050grid,shingle,5.5,0.05,48.0,gap,2.0,0.0,50.0,9.090909090909092,0.01522105255136286,40.0,0.0014860513620078564,0.04999997094273567,"{""backing"": 2.0, ""bot"": ""gap"", ""bot_depth"": 2.0, ""bot_params"": {""margin_depth_ref"": 50.0}, ""face_h"": 60.0, ""face_w"": 60.0, ""margin_depths"": 2.0, ""seed"": 23, ""top"": ""shingle"", ""top_depth"": 48.0, ""top_params"": {""azimuth_mode"": ""grid"", ""jitter"": 0.3, ""pitch"": 5.5, ""plate_t_bot"": 0.05, ""plate_t_top"": 0.05, ""tilt_deg"": 2.0, ""tilt_jitter"": 0.0}}"
FL_bl050grid_gap_d20_s23,floor,shingle/gap,"sheet, grid",0.05,23,d100,bl050grid,shingle,5.5,0.05,48.0,gap,2.0,0.0,50.0,9.090909090909092,0.01522105255136286,0.0,0.0003723150584846735,0.04999997094273567,"{""backing"": 2.0, ""bot"": ""gap"", ""bot_depth"": 2.0, ""bot_params"": {""margin_depth_ref"": 50.0}, ""face_h"": 60.0, ""face_w"": 60.0, ""margin_depths"": 2.0, ""seed"": 23, ""top"": ""shingle"", ""top_depth"": 48.0, ""top_params"": {""azimuth_mode"": ""grid"", ""jitter"": 0.3, ""pitch"": 5.5, ""plate_t_bot"": 0.05, ""plate_t_top"": 0.05, ""tilt_deg"": 2.0, ""tilt_jitter"": 0.0}}"
FL_bl050grid_gap_d20_s23,floor,shingle/gap,"sheet, grid",0.05,23,d100,bl050grid,shingle,5.5,0.05,48.0,gap,2.0,0.0,50.0,9.090909090909092,0.01522105255136286,-20.0,0.0008976858225651085,0.04999997094273567,"{""backing"": 2.0, ""bot"": ""gap"", ""bot_depth"": 2.0, ""bot_params"": {""margin_depth_ref"": 50.0}, ""face_h"": 60.0, ""face_w"": 60.0, ""margin_depths"": 2.0, ""seed"": 23, ""top"": ""shingle"", ""top_depth"": 48.0, ""top_params"": {""azimuth_mode"": ""grid"", ""jitter"": 0.3, ""pitch"": 5.5, ""plate_t_bot"": 0.05, ""plate_t_top"": 0.05, ""tilt_deg"": 2.0, ""tilt_jitter"": 0.0}}"
FL_bl050grid_gap_d20_s23,floor,shingle/gap,"sheet, grid",0.05,23,d100,bl050grid,shingle,5.5,0.05,48.0,gap,2.0,0.0,50.0,9.090909090909092,0.01522105255136286,-40.0,0.0016519097844138741,0.04999997094273567,"{""backing"": 2.0, ""bot"": ""gap"", ""bot_depth"": 2.0, ""bot_params"": {""margin_depth_ref"": 50.0}, ""face_h"": 60.0, ""face_w"": 60.0, ""margin_depths"": 2.0, ""seed"": 23, ""top"": ""shingle"", ""top_depth"": 48.0, ""top_params"": {""azimuth_mode"": ""grid"", ""jitter"": 0.3, ""pitch"": 5.5, ""plate_t_bot"": 0.05, ""plate_t_top"": 0.05, ""tilt_deg"": 2.0, ""tilt_jitter"": 0.0}}"
FL_bl050grid_gap_d20_s23,floor,shingle/gap,"sheet, grid",0.05,23,d100,bl050grid,shingle,5.5,0.05,48.0,gap,2.0,0.0,50.0,9.090909090909092,0.01522105255136286,20.0,0.0010826201178133488,0.04999997094273567,"{""backing"": 2.0, ""bot"": ""gap"", ""bot_depth"": 2.0, ""bot_params"": {""margin_depth_ref"": 50.0}, ""face_h"": 60.0, ""face_w"": 60.0, ""margin_depths"": 2.0, ""seed"": 23, ""top"": ""shingle"", ""top_depth"": 48.0, ""top_params"": {""azimuth_mode"": ""grid"", ""jitter"": 0.3, ""pitch"": 5.5, ""plate_t_bot"": 0.05, ""plate_t_top"": 0.05, ""tilt_deg"": 2.0, ""tilt_jitter"": 0.0}}"
FL_bl050grid_gap_d20_s23,floor,shingle/gap,"sheet, grid",0.05,23,d100,bl050grid,shingle,5.5,0.05,48.0,gap,2.0,0.0,50.0,9.090909090909092,0.01522105255136286,40.0,0.0018568903906270862,0.04999997094273567,"{""backing"": 2.0, ""bot"": ""gap"", ""bot_depth"": 2.0, ""bot_params"": {""margin_depth_ref"": 50.0}, ""face_h"": 60.0, ""face_w"": 60.0, ""margin_depths"": 2.0, ""seed"": 23, ""top"": ""shingle"", ""top_depth"": 48.0, ""top_params"": {""azimuth_mode"": ""grid"", ""jitter"": 0.3, ""pitch"": 5.5, ""plate_t_bot"": 0.05, ""plate_t_top"": 0.05, ""tilt_deg"": 2.0, ""tilt_jitter"": 0.0}}"
FL_bl050grid_gap_d30_s23,floor,shingle/gap,"sheet, grid",0.05,23,d00,bl050grid,shingle,5.5,0.05,47.0,gap,3.0,0.0,50.0,9.090909090909092,0.01522105255136286,0.0,0.0017044536070898175,0.04999997094273567,"{""backing"": 2.0, ""bot"": ""gap"", ""bot_depth"": 3.0, ""bot_params"": {""margin_depth_ref"": 50.0}, ""face_h"": 60.0, ""face_w"": 60.0, ""margin_depths"": 2.0, ""seed"": 23, ""top"": ""shingle"", ""top_depth"": 47.0, ""top_params"": {""azimuth_mode"": ""grid"", ""jitter"": 0.3, ""pitch"": 5.5, ""plate_t_bot"": 0.05, ""plate_t_top"": 0.05, ""tilt_deg"": 2.0, ""tilt_jitter"": 0.0}}"
FL_bl050grid_gap_d30_s23,floor,shingle/gap,"sheet, grid",0.05,23,d00,bl050grid,shingle,5.5,0.05,47.0,gap,3.0,0.0,50.0,9.090909090909092,0.01522105255136286,-20.0,0.00042800698429346085,0.04999997094273567,"{""backing"": 2.0, ""bot"": ""gap"", ""bot_depth"": 3.0, ""bot_params"": {""margin_depth_ref"": 50.0}, ""face_h"": 60.0, ""face_w"": 60.0, ""margin_depths"": 2.0, ""seed"": 23, ""top"": ""shingle"", ""top_depth"": 47.0, ""top_params"": {""azimuth_mode"": ""grid"", ""jitter"": 0.3, ""pitch"": 5.5, ""plate_t_bot"": 0.05, ""plate_t_top"": 0.05, ""tilt_deg"": 2.0, ""tilt_jitter"": 0.0}}"
FL_bl050grid_gap_d30_s23,floor,shingle/gap,"sheet, grid",0.05,23,d00,bl050grid,shingle,5.5,0.05,47.0,gap,3.0,0.0,50.0,9.090909090909092,0.01522105255136286,-40.0,0.0003651751612778753,0.04999997094273567,"{""backing"": 2.0, ""bot"": ""gap"", ""bot_depth"": 3.0, ""bot_params"": {""margin_depth_ref"": 50.0}, ""face_h"": 60.0, ""face_w"": 60.0, ""margin_depths"": 2.0, ""seed"": 23, ""top"": ""shingle"", ""top_depth"": 47.0, ""top_params"": {""azimuth_mode"": ""grid"", ""jitter"": 0.3, ""pitch"": 5.5, ""plate_t_bot"": 0.05, ""plate_t_top"": 0.05, ""tilt_deg"": 2.0, ""tilt_jitter"": 0.0}}"
FL_bl050grid_gap_d30_s23,floor,shingle/gap,"sheet, grid",0.05,23,d00,bl050grid,shingle,5.5,0.05,47.0,gap,3.0,0.0,50.0,9.090909090909092,0.01522105255136286,20.0,0.000379947479814291,0.04999997094273567,"{""backing"": 2.0, ""bot"": ""gap"", ""bot_depth"": 3.0, ""bot_params"": {""margin_depth_ref"": 50.0}, ""face_h"": 60.0, ""face_w"": 60.0, ""margin_depths"": 2.0, ""seed"": 23, ""top"": ""shingle"", ""top_depth"": 47.0, ""top_params"": {""azimuth_mode"": ""grid"", ""jitter"": 0.3, ""pitch"": 5.5, ""plate_t_bot"": 0.05, ""plate_t_top"": 0.05, ""tilt_deg"": 2.0, ""tilt_jitter"": 0.0}}"
FL_bl050grid_gap_d30_s23,floor,shingle/gap,"sheet, grid",0.05,23,d00,bl050grid,shingle,5.5,0.05,47.0,gap,3.0,0.0,50.0,9.090909090909092,0.01522105255136286,40.0,0.00035368860699236393,0.04999997094273567,"{""backing"": 2.0, ""bot"": ""gap"", ""bot_depth"": 3.0, ""bot_params"": {""margin_depth_ref"": 50.0}, ""face_h"": 60.0, ""face_w"": 60.0, ""margin_depths"": 2.0, ""seed"": 23, ""top"": ""shingle"", ""top_depth"": 47.0, ""top_params"": {""azimuth_mode"": ""grid"", ""jitter"": 0.3, ""pitch"": 5.5, ""plate_t_bot"": 0.05, ""plate_t_top"": 0.05, ""tilt_deg"": 2.0, ""tilt_jitter"": 0.0}}"
FL_bl050grid_gap_d30_s23,floor,shingle/gap,"sheet, grid",0.05,23,d76,bl050grid,shingle,5.5,0.05,47.0,gap,3.0,0.0,50.0,9.090909090909092,0.01522105255136286,0.0,0.0006490630330517888,0.04999997094273567,"{""backing"": 2.0, ""bot"": ""gap"", ""bot_depth"": 3.0, ""bot_params"": {""margin_depth_ref"": 50.0}, ""face_h"": 60.0, ""face_w"": 60.0, ""margin_depths"": 2.0, ""seed"": 23, ""top"": ""shingle"", ""top_depth"": 47.0, ""top_params"": {""azimuth_mode"": ""grid"", ""jitter"": 0.3, ""pitch"": 5.5, ""plate_t_bot"": 0.05, ""plate_t_top"": 0.05, ""tilt_deg"": 2.0, ""tilt_jitter"": 0.0}}"
FL_bl050grid_gap_d30_s23,floor,shingle/gap,"sheet, grid",0.05,23,d76,bl050grid,shingle,5.5,0.05,47.0,gap,3.0,0.0,50.0,9.090909090909092,0.01522105255136286,-20.0,0.0007793564000166953,0.04999997094273567,"{""backing"": 2.0, ""bot"": ""gap"", ""bot_depth"": 3.0, ""bot_params"": {""margin_depth_ref"": 50.0}, ""face_h"": 60.0, ""face_w"": 60.0, ""margin_depths"": 2.0, ""seed"": 23, ""top"": ""shingle"", ""top_depth"": 47.0, ""top_params"": {""azimuth_mode"": ""grid"", ""jitter"": 0.3, ""pitch"": 5.5, ""plate_t_bot"": 0.05, ""plate_t_top"": 0.05, ""tilt_deg"": 2.0, ""tilt_jitter"": 0.0}}"
FL_bl050grid_gap_d30_s23,floor,shingle/gap,"sheet, grid",0.05,23,d76,bl050grid,shingle,5.5,0.05,47.0,gap,3.0,0.0,50.0,9.090909090909092,0.01522105255136286,-40.0,0.0013417997397482395,0.04999997094273567,"{""backing"": 2.0, ""bot"": ""gap"", ""bot_depth"": 3.0, ""bot_params"": {""margin_depth_ref"": 50.0}, ""face_h"": 60.0, ""face_w"": 60.0, ""margin_depths"": 2.0, ""seed"": 23, ""top"": ""shingle"", ""top_depth"": 47.0, ""top_params"": {""azimuth_mode"": ""grid"", ""jitter"": 0.3, ""pitch"": 5.5, ""plate_t_bot"": 0.05, ""plate_t_top"": 0.05, ""tilt_deg"": 2.0, ""tilt_jitter"": 0.0}}"
FL_bl050grid_gap_d30_s23,floor,shingle/gap,"sheet, grid",0.05,23,d76,bl050grid,shingle,5.5,0.05,47.0,gap,3.0,0.0,50.0,9.090909090909092,0.01522105255136286,20.0,0.000910780974663794,0.04999997094273567,"{""backing"": 2.0, ""bot"": ""gap"", ""bot_depth"": 3.0, ""bot_params"": {""margin_depth_ref"": 50.0}, ""face_h"": 60.0, ""face_w"": 60.0, ""margin_depths"": 2.0, ""seed"": 23, ""top"": ""shingle"", ""top_depth"": 47.0, ""top_params"": {""azimuth_mode"": ""grid"", ""jitter"": 0.3, ""pitch"": 5.5, ""plate_t_bot"": 0.05, ""plate_t_top"": 0.05, ""tilt_deg"": 2.0, ""tilt_jitter"": 0.0}}"
FL_bl050grid_gap_d30_s23,floor,shingle/gap,"sheet, grid",0.05,23,d76,bl050grid,shingle,5.5,0.05,47.0,gap,3.0,0.0,50.0,9.090909090909092,0.01522105255136286,40.0,0.0014861609088256955,0.04999997094273567,"{""backing"": 2.0, ""bot"": ""gap"", ""bot_depth"": 3.0, ""bot_params"": {""margin_depth_ref"": 50.0}, ""face_h"": 60.0, ""face_w"": 60.0, ""margin_depths"": 2.0, ""seed"": 23, ""top"": ""shingle"", ""top_depth"": 47.0, ""top_params"": {""azimuth_mode"": ""grid"", ""jitter"": 0.3, ""pitch"": 5.5, ""plate_t_bot"": 0.05, ""plate_t_top"": 0.05, ""tilt_deg"": 2.0, ""tilt_jitter"": 0.0}}"
FL_bl050grid_gap_d30_s23,floor,shingle/gap,"sheet, grid",0.05,23,d100,bl050grid,shingle,5.5,0.05,47.0,gap,3.0,0.0,50.0,9.090909090909092,0.01522105255136286,0.0,0.0003756223595701158,0.04999997094273567,"{""backing"": 2.0, ""bot"": ""gap"", ""bot_depth"": 3.0, ""bot_params"": {""margin_depth_ref"": 50.0}, ""face_h"": 60.0, ""face_w"": 60.0, ""margin_depths"": 2.0, ""seed"": 23, ""top"": ""shingle"", ""top_depth"": 47.0, ""top_params"": {""azimuth_mode"": ""grid"", ""jitter"": 0.3, ""pitch"": 5.5, ""plate_t_bot"": 0.05, ""plate_t_top"": 0.05, ""tilt_deg"": 2.0, ""tilt_jitter"": 0.0}}"
FL_bl050grid_gap_d30_s23,floor,shingle/gap,"sheet, grid",0.05,23,d100,bl050grid,shingle,5.5,0.05,47.0,gap,3.0,0.0,50.0,9.090909090909092,0.01522105255136286,-20.0,0.0008977717370726168,0.04999997094273567,"{""backing"": 2.0, ""bot"": ""gap"", ""bot_depth"": 3.0, ""bot_params"": {""margin_depth_ref"": 50.0}, ""face_h"": 60.0, ""face_w"": 60.0, ""margin_depths"": 2.0, ""seed"": 23, ""top"": ""shingle"", ""top_depth"": 47.0, ""top_params"": {""azimuth_mode"": ""grid"", ""jitter"": 0.3, ""pitch"": 5.5, ""plate_t_bot"": 0.05, ""plate_t_top"": 0.05, ""tilt_deg"": 2.0, ""tilt_jitter"": 0.0}}"
FL_bl050grid_gap_d30_s23,floor,shingle/gap,"sheet, grid",0.05,23,d100,bl050grid,shingle,5.5,0.05,47.0,gap,3.0,0.0,50.0,9.090909090909092,0.01522105255136286,-40.0,0.0016518601914867759,0.04999997094273567,"{""backing"": 2.0, ""bot"": ""gap"", ""bot_depth"": 3.0, ""bot_params"": {""margin_depth_ref"": 50.0}, ""face_h"": 60.0, ""face_w"": 60.0, ""margin_depths"": 2.0, ""seed"": 23, ""top"": ""shingle"", ""top_depth"": 47.0, ""top_params"": {""azimuth_mode"": ""grid"", ""jitter"": 0.3, ""pitch"": 5.5, ""plate_t_bot"": 0.05, ""plate_t_top"": 0.05, ""tilt_deg"": 2.0, ""tilt_jitter"": 0.0}}"
FL_bl050grid_gap_d30_s23,floor,shingle/gap,"sheet, grid",0.05,23,d100,bl050grid,shingle,5.5,0.05,47.0,gap,3.0,0.0,50.0,9.090909090909092,0.01522105255136286,20.0,0.0010828267550095916,0.04999997094273567,"{""backing"": 2.0, ""bot"": ""gap"", ""bot_depth"": 3.0, ""bot_params"": {""margin_depth_ref"": 50.0}, ""face_h"": 60.0, ""face_w"": 60.0, ""margin_depths"": 2.0, ""seed"": 23, ""top"": ""shingle"", ""top_depth"": 47.0, ""top_params"": {""azimuth_mode"": ""grid"", ""jitter"": 0.3, ""pitch"": 5.5, ""plate_t_bot"": 0.05, ""plate_t_top"": 0.05, ""tilt_deg"": 2.0, ""tilt_jitter"": 0.0}}"
FL_bl050grid_gap_d30_s23,floor,shingle/gap,"sheet, grid",0.05,23,d100,bl050grid,shingle,5.5,0.05,47.0,gap,3.0,0.0,50.0,9.090909090909092,0.01522105255136286,40.0,0.0018569942330941558,0.04999997094273567,"{""backing"": 2.0, ""bot"": ""gap"", ""bot_depth"": 3.0, ""bot_params"": {""margin_depth_ref"": 50.0}, ""face_h"": 60.0, ""face_w"": 60.0, ""margin_depths"": 2.0, ""seed"": 23, ""top"": ""shingle"", ""top_depth"": 47.0, ""top_params"": {""azimuth_mode"": ""grid"", ""jitter"": 0.3, ""pitch"": 5.5, ""plate_t_bot"": 0.05, ""plate_t_top"": 0.05, ""tilt_deg"": 2.0, ""tilt_jitter"": 0.0}}"
FL_bl050grid_gap_d50_s23,floor,shingle/gap,"sheet, grid",0.05,23,d00,bl050grid,shingle,5.5,0.05,45.0,gap,5.0,0.0,50.0,9.090909090909092,0.01522105255136286,0.0,0.001628382713533938,0.04999997094273567,"{""backing"": 2.0, ""bot"": ""gap"", ""bot_depth"": 5.0, ""bot_params"": {""margin_depth_ref"": 50.0}, ""face_h"": 60.0, ""face_w"": 60.0, ""margin_depths"": 2.0, ""seed"": 23, ""top"": ""shingle"", ""top_depth"": 45.0, ""top_params"": {""azimuth_mode"": ""grid"", ""jitter"": 0.3, ""pitch"": 5.5, ""plate_t_bot"": 0.05, ""plate_t_top"": 0.05, ""tilt_deg"": 2.0, ""tilt_jitter"": 0.0}}"
FL_bl050grid_gap_d50_s23,floor,shingle/gap,"sheet, grid",0.05,23,d00,bl050grid,shingle,5.5,0.05,45.0,gap,5.0,0.0,50.0,9.090909090909092,0.01522105255136286,-20.0,0.0004494631721172482,0.04999997094273567,"{""backing"": 2.0, ""bot"": ""gap"", ""bot_depth"": 5.0, ""bot_params"": {""margin_depth_ref"": 50.0}, ""face_h"": 60.0, ""face_w"": 60.0, ""margin_depths"": 2.0, ""seed"": 23, ""top"": ""shingle"", ""top_depth"": 45.0, ""top_params"": {""azimuth_mode"": ""grid"", ""jitter"": 0.3, ""pitch"": 5.5, ""plate_t_bot"": 0.05, ""plate_t_top"": 0.05, ""tilt_deg"": 2.0, ""tilt_jitter"": 0.0}}"
FL_bl050grid_gap_d50_s23,floor,shingle/gap,"sheet, grid",0.05,23,d00,bl050grid,shingle,5.5,0.05,45.0,gap,5.0,0.0,50.0,9.090909090909092,0.01522105255136286,-40.0,0.00037794772651977837,0.04999997094273567,"{""backing"": 2.0, ""bot"": ""gap"", ""bot_depth"": 5.0, ""bot_params"": {""margin_depth_ref"": 50.0}, ""face_h"": 60.0, ""face_w"": 60.0, ""margin_depths"": 2.0, ""seed"": 23, ""top"": ""shingle"", ""top_depth"": 45.0, ""top_params"": {""azimuth_mode"": ""grid"", ""jitter"": 0.3, ""pitch"": 5.5, ""plate_t_bot"": 0.05, ""plate_t_top"": 0.05, ""tilt_deg"": 2.0, ""tilt_jitter"": 0.0}}"
FL_bl050grid_gap_d50_s23,floor,shingle/gap,"sheet, grid",0.05,23,d00,bl050grid,shingle,5.5,0.05,45.0,gap,5.0,0.0,50.0,9.090909090909092,0.01522105255136286,20.0,0.0004187830782029778,0.04999997094273567,"{""backing"": 2.0, ""bot"": ""gap"", ""bot_depth"": 5.0, ""bot_params"": {""margin_depth_ref"": 50.0}, ""face_h"": 60.0, ""face_w"": 60.0, ""margin_depths"": 2.0, ""seed"": 23, ""top"": ""shingle"", ""top_depth"": 45.0, ""top_params"": {""azimuth_mode"": ""grid"", ""jitter"": 0.3, ""pitch"": 5.5, ""plate_t_bot"": 0.05, ""plate_t_top"": 0.05, ""tilt_deg"": 2.0, ""tilt_jitter"": 0.0}}"
FL_bl050grid_gap_d50_s23,floor,shingle/gap,"sheet, grid",0.05,23,d00,bl050grid,shingle,5.5,0.05,45.0,gap,5.0,0.0,50.0,9.090909090909092,0.01522105255136286,40.0,0.00038015481550246477,0.04999997094273567,"{""backing"": 2.0, ""bot"": ""gap"", ""bot_depth"": 5.0, ""bot_params"": {""margin_depth_ref"": 50.0}, ""face_h"": 60.0, ""face_w"": 60.0, ""margin_depths"": 2.0, ""seed"": 23, ""top"": ""shingle"", ""top_depth"": 45.0, ""top_params"": {""azimuth_mode"": ""grid"", ""jitter"": 0.3, ""pitch"": 5.5, ""plate_t_bot"": 0.05, ""plate_t_top"": 0.05, ""tilt_deg"": 2.0, ""tilt_jitter"": 0.0}}"
FL_bl050grid_gap_d50_s23,floor,shingle/gap,"sheet, grid",0.05,23,d76,bl050grid,shingle,5.5,0.05,45.0,gap,5.0,0.0,50.0,9.090909090909092,0.01522105255136286,0.0,0.0006591303972527385,0.04999997094273567,"{""backing"": 2.0, ""bot"": ""gap"", ""bot_depth"": 5.0, ""bot_params"": {""margin_depth_ref"": 50.0}, ""face_h"": 60.0, ""face_w"": 60.0, ""margin_depths"": 2.0, ""seed"": 23, ""top"": ""shingle"", ""top_depth"": 45.0, ""top_params"": {""azimuth_mode"": ""grid"", ""jitter"": 0.3, ""pitch"": 5.5, ""plate_t_bot"": 0.05, ""plate_t_top"": 0.05, ""tilt_deg"": 2.0, ""tilt_jitter"": 0.0}}"
FL_bl050grid_gap_d50_s23,floor,shingle/gap,"sheet, grid",0.05,23,d76,bl050grid,shingle,5.5,0.05,45.0,gap,5.0,0.0,50.0,9.090909090909092,0.01522105255136286,-20.0,0.00081696204142645,0.04999997094273567,"{""backing"": 2.0, ""bot"": ""gap"", ""bot_depth"": 5.0, ""bot_params"": {""margin_depth_ref"": 50.0}, ""face_h"": 60.0, ""face_w"": 60.0, ""margin_depths"": 2.0, ""seed"": 23, ""top"": ""shingle"", ""top_depth"": 45.0, ""top_params"": {""azimuth_mode"": ""grid"", ""jitter"": 0.3, ""pitch"": 5.5, ""plate_t_bot"": 0.05, ""plate_t_top"": 0.05, ""tilt_deg"": 2.0, ""tilt_jitter"": 0.0}}"
FL_bl050grid_gap_d50_s23,floor,shingle/gap,"sheet, grid",0.05,23,d76,bl050grid,shingle,5.5,0.05,45.0,gap,5.0,0.0,50.0,9.090909090909092,0.01522105255136286,-40.0,0.0013632061891257763,0.04999997094273567,"{""backing"": 2.0, ""bot"": ""gap"", ""bot_depth"": 5.0, ""bot_params"": {""margin_depth_ref"": 50.0}, ""face_h"": 60.0, ""face_w"": 60.0, ""margin_depths"": 2.0, ""seed"": 23, ""top"": ""shingle"", ""top_depth"": 45.0, ""top_params"": {""azimuth_mode"": ""grid"", ""jitter"": 0.3, ""pitch"": 5.5, ""plate_t_bot"": 0.05, ""plate_t_top"": 0.05, ""tilt_deg"": 2.0, ""tilt_jitter"": 0.0}}"
FL_bl050grid_gap_d50_s23,floor,shingle/gap,"sheet, grid",0.05,23,d76,bl050grid,shingle,5.5,0.05,45.0,gap,5.0,0.0,50.0,9.090909090909092,0.01522105255136286,20.0,0.000995344715192914,0.04999997094273567,"{""backing"": 2.0, ""bot"": ""gap"", ""bot_depth"": 5.0, ""bot_params"": {""margin_depth_ref"": 50.0}, ""face_h"": 60.0, ""face_w"": 60.0, ""margin_depths"": 2.0, ""seed"": 23, ""top"": ""shingle"", ""top_depth"": 45.0, ""top_params"": {""azimuth_mode"": ""grid"", ""jitter"": 0.3, ""pitch"": 5.5, ""plate_t_bot"": 0.05, ""plate_t_top"": 0.05, ""tilt_deg"": 2.0, ""tilt_jitter"": 0.0}}"
FL_bl050grid_gap_d50_s23,floor,shingle/gap,"sheet, grid",0.05,23,d76,bl050grid,shingle,5.5,0.05,45.0,gap,5.0,0.0,50.0,9.090909090909092,0.01522105255136286,40.0,0.001573107554577291,0.04999997094273567,"{""backing"": 2.0, ""bot"": ""gap"", ""bot_depth"": 5.0, ""bot_params"": {""margin_depth_ref"": 50.0}, ""face_h"": 60.0, ""face_w"": 60.0, ""margin_depths"": 2.0, ""seed"": 23, ""top"": ""shingle"", ""top_depth"": 45.0, ""top_params"": {""azimuth_mode"": ""grid"", ""jitter"": 0.3, ""pitch"": 5.5, ""plate_t_bot"": 0.05, ""plate_t_top"": 0.05, ""tilt_deg"": 2.0, ""tilt_jitter"": 0.0}}"
FL_bl050grid_gap_d50_s23,floor,shingle/gap,"sheet, grid",0.05,23,d100,bl050grid,shingle,5.5,0.05,45.0,gap,5.0,0.0,50.0,9.090909090909092,0.01522105255136286,0.0,0.0004088277055416256,0.04999997094273567,"{""backing"": 2.0, ""bot"": ""gap"", ""bot_depth"": 5.0, ""bot_params"": {""margin_depth_ref"": 50.0}, ""face_h"": 60.0, ""face_w"": 60.0, ""margin_depths"": 2.0, ""seed"": 23, ""top"": ""shingle"", ""top_depth"": 45.0, ""top_params"": {""azimuth_mode"": ""grid"", ""jitter"": 0.3, ""pitch"": 5.5, ""plate_t_bot"": 0.05, ""plate_t_top"": 0.05, ""tilt_deg"": 2.0, ""tilt_jitter"": 0.0}}"
FL_bl050grid_gap_d50_s23,floor,shingle/gap,"sheet, grid",0.05,23,d100,bl050grid,shingle,5.5,0.05,45.0,gap,5.0,0.0,50.0,9.090909090909092,0.01522105255136286,-20.0,0.0009466937044635415,0.04999997094273567,"{""backing"": 2.0, ""bot"": ""gap"", ""bot_depth"": 5.0, ""bot_params"": {""margin_depth_ref"": 50.0}, ""face_h"": 60.0, ""face_w"": 60.0, ""margin_depths"": 2.0, ""seed"": 23, ""top"": ""shingle"", ""top_depth"": 45.0, ""top_params"": {""azimuth_mode"": ""grid"", ""jitter"": 0.3, ""pitch"": 5.5, ""plate_t_bot"": 0.05, ""plate_t_top"": 0.05, ""tilt_deg"": 2.0, ""tilt_jitter"": 0.0}}"
FL_bl050grid_gap_d50_s23,floor,shingle/gap,"sheet, grid",0.05,23,d100,bl050grid,shingle,5.5,0.05,45.0,gap,5.0,0.0,50.0,9.090909090909092,0.01522105255136286,-40.0,0.0016840953612700105,0.04999997094273567,"{""backing"": 2.0, ""bot"": ""gap"", ""bot_depth"": 5.0, ""bot_params"": {""margin_depth_ref"": 50.0}, ""face_h"": 60.0, ""face_w"": 60.0, ""margin_depths"": 2.0, ""seed"": 23, ""top"": ""shingle"", ""top_depth"": 45.0, ""top_params"": {""azimuth_mode"": ""grid"", ""jitter"": 0.3, ""pitch"": 5.5, ""plate_t_bot"": 0.05, ""plate_t_top"": 0.05, ""tilt_deg"": 2.0, ""tilt_jitter"": 0.0}}"
FL_bl050grid_gap_d50_s23,floor,shingle/gap,"sheet, grid",0.05,23,d100,bl050grid,shingle,5.5,0.05,45.0,gap,5.0,0.0,50.0,9.090909090909092,0.01522105255136286,20.0,0.0011894500348716974,0.04999997094273567,"{""backing"": 2.0, ""bot"": ""gap"", ""bot_depth"": 5.0, ""bot_params"": {""margin_depth_ref"": 50.0}, ""face_h"": 60.0, ""face_w"": 60.0, ""margin_depths"": 2.0, ""seed"": 23, ""top"": ""shingle"", ""top_depth"": 45.0, ""top_params"": {""azimuth_mode"": ""grid"", ""jitter"": 0.3, ""pitch"": 5.5, ""plate_t_bot"": 0.05, ""plate_t_top"": 0.05, ""tilt_deg"": 2.0, ""tilt_jitter"": 0.0}}"
FL_bl050grid_gap_d50_s23,floor,shingle/gap,"sheet, grid",0.05,23,d100,bl050grid,shingle,5.5,0.05,45.0,gap,5.0,0.0,50.0,9.090909090909092,0.01522105255136286,40.0,0.0019665146246552467,0.04999997094273567,"{""backing"": 2.0, ""bot"": ""gap"", ""bot_depth"": 5.0, ""bot_params"": {""margin_depth_ref"": 50.0}, ""face_h"": 60.0, ""face_w"": 60.0, ""margin_depths"": 2.0, ""seed"": 23, ""top"": ""shingle"", ""top_depth"": 45.0, ""top_params"": {""azimuth_mode"": ""grid"", ""jitter"": 0.3, ""pitch"": 5.5, ""plate_t_bot"": 0.05, ""plate_t_top"": 0.05, ""tilt_deg"": 2.0, ""tilt_jitter"": 0.0}}"
FL_bl100grid_flat_d00_s23,floor,shingle/flat,"sheet, grid",0.1,23,d00,bl100grid,shingle,5.5,0.1,50.0,flat,0.0,0.0,50.0,9.090909090909092,0.03044210510272572,0.0,0.001749143237248063,0.04999997094273567,"{""azimuth_mode"": ""grid"", ""backing"": 2.0, ""depth"": 50.0, ""face_h"": 60.0, ""face_w"": 60.0, ""jitter"": 0.3, ""margin_depths"": 2.0, ""pitch"": 5.5, ""plate_t_bot"": 0.1, ""plate_t_top"": 0.1, ""seed"": 23, ""tilt_deg"": 2.0, ""tilt_jitter"": 0.0, ""topology"": ""shingle""}"
FL_bl100grid_flat_d00_s23,floor,shingle/flat,"sheet, grid",0.1,23,d00,bl100grid,shingle,5.5,0.1,50.0,flat,0.0,0.0,50.0,9.090909090909092,0.03044210510272572,-20.0,0.0005839111399836838,0.04999997094273567,"{""azimuth_mode"": ""grid"", ""backing"": 2.0, ""depth"": 50.0, ""face_h"": 60.0, ""face_w"": 60.0, ""jitter"": 0.3, ""margin_depths"": 2.0, ""pitch"": 5.5, ""plate_t_bot"": 0.1, ""plate_t_top"": 0.1, ""seed"": 23, ""tilt_deg"": 2.0, ""tilt_jitter"": 0.0, ""topology"": ""shingle""}"
FL_bl100grid_flat_d00_s23,floor,shingle/flat,"sheet, grid",0.1,23,d00,bl100grid,shingle,5.5,0.1,50.0,flat,0.0,0.0,50.0,9.090909090909092,0.03044210510272572,-40.0,0.0005658534937538207,0.04999997094273567,"{""azimuth_mode"": ""grid"", ""backing"": 2.0, ""depth"": 50.0, ""face_h"": 60.0, ""face_w"": 60.0, ""jitter"": 0.3, ""margin_depths"": 2.0, ""pitch"": 5.5, ""plate_t_bot"": 0.1, ""plate_t_top"": 0.1, ""seed"": 23, ""tilt_deg"": 2.0, ""tilt_jitter"": 0.0, ""topology"": ""shingle""}"
FL_bl100grid_flat_d00_s23,floor,shingle/flat,"sheet, grid",0.1,23,d00,bl100grid,shingle,5.5,0.1,50.0,flat,0.0,0.0,50.0,9.090909090909092,0.03044210510272572,20.0,0.0005462035187520087,0.04999997094273567,"{""azimuth_mode"": ""grid"", ""backing"": 2.0, ""depth"": 50.0, ""face_h"": 60.0, ""face_w"": 60.0, ""jitter"": 0.3, ""margin_depths"": 2.0, ""pitch"": 5.5, ""plate_t_bot"": 0.1, ""plate_t_top"": 0.1, ""seed"": 23, ""tilt_deg"": 2.0, ""tilt_jitter"": 0.0, ""topology"": ""shingle""}"
FL_bl100grid_flat_d00_s23,floor,shingle/flat,"sheet, grid",0.1,23,d00,bl100grid,shingle,5.5,0.1,50.0,flat,0.0,0.0,50.0,9.090909090909092,0.03044210510272572,40.0,0.0005447508883662522,0.04999997094273567,"{""azimuth_mode"": ""grid"", ""backing"": 2.0, ""depth"": 50.0, ""face_h"": 60.0, ""face_w"": 60.0, ""jitter"": 0.3, ""margin_depths"": 2.0, ""pitch"": 5.5, ""plate_t_bot"": 0.1, ""plate_t_top"": 0.1, ""seed"": 23, ""tilt_deg"": 2.0, ""tilt_jitter"": 0.0, ""topology"": ""shingle""}"
FL_bl100grid_flat_d00_s23,floor,shingle/flat,"sheet, grid",0.1,23,d76,bl100grid,shingle,5.5,0.1,50.0,flat,0.0,0.0,50.0,9.090909090909092,0.03044210510272572,0.0,0.0007784231565892696,0.04999997094273567,"{""azimuth_mode"": ""grid"", ""backing"": 2.0, ""depth"": 50.0, ""face_h"": 60.0, ""face_w"": 60.0, ""jitter"": 0.3, ""margin_depths"": 2.0, ""pitch"": 5.5, ""plate_t_bot"": 0.1, ""plate_t_top"": 0.1, ""seed"": 23, ""tilt_deg"": 2.0, ""tilt_jitter"": 0.0, ""topology"": ""shingle""}"
FL_bl100grid_flat_d00_s23,floor,shingle/flat,"sheet, grid",0.1,23,d76,bl100grid,shingle,5.5,0.1,50.0,flat,0.0,0.0,50.0,9.090909090909092,0.03044210510272572,-20.0,0.0009466172778047621,0.04999997094273567,"{""azimuth_mode"": ""grid"", ""backing"": 2.0, ""depth"": 50.0, ""face_h"": 60.0, ""face_w"": 60.0, ""jitter"": 0.3, ""margin_depths"": 2.0, ""pitch"": 5.5, ""plate_t_bot"": 0.1, ""plate_t_top"": 0.1, ""seed"": 23, ""tilt_deg"": 2.0, ""tilt_jitter"": 0.0, ""topology"": ""shingle""}"
FL_bl100grid_flat_d00_s23,floor,shingle/flat,"sheet, grid",0.1,23,d76,bl100grid,shingle,5.5,0.1,50.0,flat,0.0,0.0,50.0,9.090909090909092,0.03044210510272572,-40.0,0.0015180481132119894,0.04999997094273567,"{""azimuth_mode"": ""grid"", ""backing"": 2.0, ""depth"": 50.0, ""face_h"": 60.0, ""face_w"": 60.0, ""jitter"": 0.3, ""margin_depths"": 2.0, ""pitch"": 5.5, ""plate_t_bot"": 0.1, ""plate_t_top"": 0.1, ""seed"": 23, ""tilt_deg"": 2.0, ""tilt_jitter"": 0.0, ""topology"": ""shingle""}"
FL_bl100grid_flat_d00_s23,floor,shingle/flat,"sheet, grid",0.1,23,d76,bl100grid,shingle,5.5,0.1,50.0,flat,0.0,0.0,50.0,9.090909090909092,0.03044210510272572,20.0,0.001071438193321228,0.04999997094273567,"{""azimuth_mode"": ""grid"", ""backing"": 2.0, ""depth"": 50.0, ""face_h"": 60.0, ""face_w"": 60.0, ""jitter"": 0.3, ""margin_depths"": 2.0, ""pitch"": 5.5, ""plate_t_bot"": 0.1, ""plate_t_top"": 0.1, ""seed"": 23, ""tilt_deg"": 2.0, ""tilt_jitter"": 0.0, ""topology"": ""shingle""}"
FL_bl100grid_flat_d00_s23,floor,shingle/flat,"sheet, grid",0.1,23,d76,bl100grid,shingle,5.5,0.1,50.0,flat,0.0,0.0,50.0,9.090909090909092,0.03044210510272572,40.0,0.0016416495200246572,0.04999997094273567,"{""azimuth_mode"": ""grid"", ""backing"": 2.0, ""depth"": 50.0, ""face_h"": 60.0, ""face_w"": 60.0, ""jitter"": 0.3, ""margin_depths"": 2.0, ""pitch"": 5.5, ""plate_t_bot"": 0.1, ""plate_t_top"": 0.1, ""seed"": 23, ""tilt_deg"": 2.0, ""tilt_jitter"": 0.0, ""topology"": ""shingle""}"
FL_bl100grid_flat_d00_s23,floor,shingle/flat,"sheet, grid",0.1,23,d100,bl100grid,shingle,5.5,0.1,50.0,flat,0.0,0.0,50.0,9.090909090909092,0.03044210510272572,0.0,0.0005196041311137378,0.04999997094273567,"{""azimuth_mode"": ""grid"", ""backing"": 2.0, ""depth"": 50.0, ""face_h"": 60.0, ""face_w"": 60.0, ""jitter"": 0.3, ""margin_depths"": 2.0, ""pitch"": 5.5, ""plate_t_bot"": 0.1, ""plate_t_top"": 0.1, ""seed"": 23, ""tilt_deg"": 2.0, ""tilt_jitter"": 0.0, ""topology"": ""shingle""}"
FL_bl100grid_flat_d00_s23,floor,shingle/flat,"sheet, grid",0.1,23,d100,bl100grid,shingle,5.5,0.1,50.0,flat,0.0,0.0,50.0,9.090909090909092,0.03044210510272572,-20.0,0.0010738592827692628,0.04999997094273567,"{""azimuth_mode"": ""grid"", ""backing"": 2.0, ""depth"": 50.0, ""face_h"": 60.0, ""face_w"": 60.0, ""jitter"": 0.3, ""margin_depths"": 2.0, ""pitch"": 5.5, ""plate_t_bot"": 0.1, ""plate_t_top"": 0.1, ""seed"": 23, ""tilt_deg"": 2.0, ""tilt_jitter"": 0.0, ""topology"": ""shingle""}"
FL_bl100grid_flat_d00_s23,floor,shingle/flat,"sheet, grid",0.1,23,d100,bl100grid,shingle,5.5,0.1,50.0,flat,0.0,0.0,50.0,9.090909090909092,0.03044210510272572,-40.0,0.0018279701471328735,0.04999997094273567,"{""azimuth_mode"": ""grid"", ""backing"": 2.0, ""depth"": 50.0, ""face_h"": 60.0, ""face_w"": 60.0, ""jitter"": 0.3, ""margin_depths"": 2.0, ""pitch"": 5.5, ""plate_t_bot"": 0.1, ""plate_t_top"": 0.1, ""seed"": 23, ""tilt_deg"": 2.0, ""tilt_jitter"": 0.0, ""topology"": ""shingle""}"
FL_bl100grid_flat_d00_s23,floor,shingle/flat,"sheet, grid",0.1,23,d100,bl100grid,shingle,5.5,0.1,50.0,flat,0.0,0.0,50.0,9.090909090909092,0.03044210510272572,20.0,0.0012500501470640302,0.04999997094273567,"{""azimuth_mode"": ""grid"", ""backing"": 2.0, ""depth"": 50.0, ""face_h"": 60.0, ""face_w"": 60.0, ""jitter"": 0.3, ""margin_depths"": 2.0, ""pitch"": 5.5, ""plate_t_bot"": 0.1, ""plate_t_top"": 0.1, ""seed"": 23, ""tilt_deg"": 2.0, ""tilt_jitter"": 0.0, ""topology"": ""shingle""}"
FL_bl100grid_flat_d00_s23,floor,shingle/flat,"sheet, grid",0.1,23,d100,bl100grid,shingle,5.5,0.1,50.0,flat,0.0,0.0,50.0,9.090909090909092,0.03044210510272572,40.0,0.002001597546041012,0.04999997094273567,"{""azimuth_mode"": ""grid"", ""backing"": 2.0, ""depth"": 50.0, ""face_h"": 60.0, ""face_w"": 60.0, ""jitter"": 0.3, ""margin_depths"": 2.0, ""pitch"": 5.5, ""plate_t_bot"": 0.1, ""plate_t_top"": 0.1, ""seed"": 23, ""tilt_deg"": 2.0, ""tilt_jitter"": 0.0, ""topology"": ""shingle""}"
FL_bl100grid_cone_d20_s23,floor,shingle/cone,"sheet, grid",0.1,23,d00,bl100grid,shingle,5.5,0.1,48.0,cone,2.0,2.0,50.0,9.090909090909092,0.03044210510272572,0.0,0.000755301327444613,0.04999997094273567,"{""backing"": 2.0, ""bot"": ""cone"", ""bot_depth"": 2.0, ""bot_params"": {""depth_jitter"": 0.0, ""height_seg"": 6, ""jitter"": 0.3, ""pitch"": 2.0, ""profile_power"": 1.0, ""radial_seg"": 16, ""tip_radius"": 0.1}, ""face_h"": 60.0, ""face_w"": 60.0, ""margin_depths"": 2.0, ""seed"": 23, ""top"": ""shingle"", ""top_depth"": 48.0, ""top_params"": {""azimuth_mode"": ""grid"", ""jitter"": 0.3, ""pitch"": 5.5, ""plate_t_bot"": 0.1, ""plate_t_top"": 0.1, ""tilt_deg"": 2.0, ""tilt_jitter"": 0.0}}"
FL_bl100grid_cone_d20_s23,floor,shingle/cone,"sheet, grid",0.1,23,d00,bl100grid,shingle,5.5,0.1,48.0,cone,2.0,2.0,50.0,9.090909090909092,0.03044210510272572,-20.0,0.0005515774828381836,0.04999997094273567,"{""backing"": 2.0, ""bot"": ""cone"", ""bot_depth"": 2.0, ""bot_params"": {""depth_jitter"": 0.0, ""height_seg"": 6, ""jitter"": 0.3, ""pitch"": 2.0, ""profile_power"": 1.0, ""radial_seg"": 16, ""tip_radius"": 0.1}, ""face_h"": 60.0, ""face_w"": 60.0, ""margin_depths"": 2.0, ""seed"": 23, ""top"": ""shingle"", ""top_depth"": 48.0, ""top_params"": {""azimuth_mode"": ""grid"", ""jitter"": 0.3, ""pitch"": 5.5, ""plate_t_bot"": 0.1, ""plate_t_top"": 0.1, ""tilt_deg"": 2.0, ""tilt_jitter"": 0.0}}"
FL_bl100grid_cone_d20_s23,floor,shingle/cone,"sheet, grid",0.1,23,d00,bl100grid,shingle,5.5,0.1,48.0,cone,2.0,2.0,50.0,9.090909090909092,0.03044210510272572,-40.0,0.0005197335849516094,0.04999997094273567,"{""backing"": 2.0, ""bot"": ""cone"", ""bot_depth"": 2.0, ""bot_params"": {""depth_jitter"": 0.0, ""height_seg"": 6, ""jitter"": 0.3, ""pitch"": 2.0, ""profile_power"": 1.0, ""radial_seg"": 16, ""tip_radius"": 0.1}, ""face_h"": 60.0, ""face_w"": 60.0, ""margin_depths"": 2.0, ""seed"": 23, ""top"": ""shingle"", ""top_depth"": 48.0, ""top_params"": {""azimuth_mode"": ""grid"", ""jitter"": 0.3, ""pitch"": 5.5, ""plate_t_bot"": 0.1, ""plate_t_top"": 0.1, ""tilt_deg"": 2.0, ""tilt_jitter"": 0.0}}"
FL_bl100grid_cone_d20_s23,floor,shingle/cone,"sheet, grid",0.1,23,d00,bl100grid,shingle,5.5,0.1,48.0,cone,2.0,2.0,50.0,9.090909090909092,0.03044210510272572,20.0,0.0005282647325657308,0.04999997094273567,"{""backing"": 2.0, ""bot"": ""cone"", ""bot_depth"": 2.0, ""bot_params"": {""depth_jitter"": 0.0, ""height_seg"": 6, ""jitter"": 0.3, ""pitch"": 2.0, ""profile_power"": 1.0, ""radial_seg"": 16, ""tip_radius"": 0.1}, ""face_h"": 60.0, ""face_w"": 60.0, ""margin_depths"": 2.0, ""seed"": 23, ""top"": ""shingle"", ""top_depth"": 48.0, ""top_params"": {""azimuth_mode"": ""grid"", ""jitter"": 0.3, ""pitch"": 5.5, ""plate_t_bot"": 0.1, ""plate_t_top"": 0.1, ""tilt_deg"": 2.0, ""tilt_jitter"": 0.0}}"
FL_bl100grid_cone_d20_s23,floor,shingle/cone,"sheet, grid",0.1,23,d00,bl100grid,shingle,5.5,0.1,48.0,cone,2.0,2.0,50.0,9.090909090909092,0.03044210510272572,40.0,0.000511706224642694,0.04999997094273567,"{""backing"": 2.0, ""bot"": ""cone"", ""bot_depth"": 2.0, ""bot_params"": {""depth_jitter"": 0.0, ""height_seg"": 6, ""jitter"": 0.3, ""pitch"": 2.0, ""profile_power"": 1.0, ""radial_seg"": 16, ""tip_radius"": 0.1}, ""face_h"": 60.0, ""face_w"": 60.0, ""margin_depths"": 2.0, ""seed"": 23, ""top"": ""shingle"", ""top_depth"": 48.0, ""top_params"": {""azimuth_mode"": ""grid"", ""jitter"": 0.3, ""pitch"": 5.5, ""plate_t_bot"": 0.1, ""plate_t_top"": 0.1, ""tilt_deg"": 2.0, ""tilt_jitter"": 0.0}}"
FL_bl100grid_cone_d20_s23,floor,shingle/cone,"sheet, grid",0.1,23,d76,bl100grid,shingle,5.5,0.1,48.0,cone,2.0,2.0,50.0,9.090909090909092,0.03044210510272572,0.0,0.0005185531917959452,0.04999997094273567,"{""backing"": 2.0, ""bot"": ""cone"", ""bot_depth"": 2.0, ""bot_params"": {""depth_jitter"": 0.0, ""height_seg"": 6, ""jitter"": 0.3, ""pitch"": 2.0, ""profile_power"": 1.0, ""radial_seg"": 16, ""tip_radius"": 0.1}, ""face_h"": 60.0, ""face_w"": 60.0, ""margin_depths"": 2.0, ""seed"": 23, ""top"": ""shingle"", ""top_depth"": 48.0, ""top_params"": {""azimuth_mode"": ""grid"", ""jitter"": 0.3, ""pitch"": 5.5, ""plate_t_bot"": 0.1, ""plate_t_top"": 0.1, ""tilt_deg"": 2.0, ""tilt_jitter"": 0.0}}"
FL_bl100grid_cone_d20_s23,floor,shingle/cone,"sheet, grid",0.1,23,d76,bl100grid,shingle,5.5,0.1,48.0,cone,2.0,2.0,50.0,9.090909090909092,0.03044210510272572,-20.0,0.0009077991126105189,0.04999997094273567,"{""backing"": 2.0, ""bot"": ""cone"", ""bot_depth"": 2.0, ""bot_params"": {""depth_jitter"": 0.0, ""height_seg"": 6, ""jitter"": 0.3, ""pitch"": 2.0, ""profile_power"": 1.0, ""radial_seg"": 16, ""tip_radius"": 0.1}, ""face_h"": 60.0, ""face_w"": 60.0, ""margin_depths"": 2.0, ""seed"": 23, ""top"": ""shingle"", ""top_depth"": 48.0, ""top_params"": {""azimuth_mode"": ""grid"", ""jitter"": 0.3, ""pitch"": 5.5, ""plate_t_bot"": 0.1, ""plate_t_top"": 0.1, ""tilt_deg"": 2.0, ""tilt_jitter"": 0.0}}"
FL_bl100grid_cone_d20_s23,floor,shingle/cone,"sheet, grid",0.1,23,d76,bl100grid,shingle,5.5,0.1,48.0,cone,2.0,2.0,50.0,9.090909090909092,0.03044210510272572,-40.0,0.0014623042661696672,0.04999997094273567,"{""backing"": 2.0, ""bot"": ""cone"", ""bot_depth"": 2.0, ""bot_params"": {""depth_jitter"": 0.0, ""height_seg"": 6, ""jitter"": 0.3, ""pitch"": 2.0, ""profile_power"": 1.0, ""radial_seg"": 16, ""tip_radius"": 0.1}, ""face_h"": 60.0, ""face_w"": 60.0, ""margin_depths"": 2.0, ""seed"": 23, ""top"": ""shingle"", ""top_depth"": 48.0, ""top_params"": {""azimuth_mode"": ""grid"", ""jitter"": 0.3, ""pitch"": 5.5, ""plate_t_bot"": 0.1, ""plate_t_top"": 0.1, ""tilt_deg"": 2.0, ""tilt_jitter"": 0.0}}"
FL_bl100grid_cone_d20_s23,floor,shingle/cone,"sheet, grid",0.1,23,d76,bl100grid,shingle,5.5,0.1,48.0,cone,2.0,2.0,50.0,9.090909090909092,0.03044210510272572,20.0,0.0010390488896518946,0.04999997094273567,"{""backing"": 2.0, ""bot"": ""cone"", ""bot_depth"": 2.0, ""bot_params"": {""depth_jitter"": 0.0, ""height_seg"": 6, ""jitter"": 0.3, ""pitch"": 2.0, ""profile_power"": 1.0, ""radial_seg"": 16, ""tip_radius"": 0.1}, ""face_h"": 60.0, ""face_w"": 60.0, ""margin_depths"": 2.0, ""seed"": 23, ""top"": ""shingle"", ""top_depth"": 48.0, ""top_params"": {""azimuth_mode"": ""grid"", ""jitter"": 0.3, ""pitch"": 5.5, ""plate_t_bot"": 0.1, ""plate_t_top"": 0.1, ""tilt_deg"": 2.0, ""tilt_jitter"": 0.0}}"
FL_bl100grid_cone_d20_s23,floor,shingle/cone,"sheet, grid",0.1,23,d76,bl100grid,shingle,5.5,0.1,48.0,cone,2.0,2.0,50.0,9.090909090909092,0.03044210510272572,40.0,0.0016020039329305291,0.04999997094273567,"{""backing"": 2.0, ""bot"": ""cone"", ""bot_depth"": 2.0, ""bot_params"": {""depth_jitter"": 0.0, ""height_seg"": 6, ""jitter"": 0.3, ""pitch"": 2.0, ""profile_power"": 1.0, ""radial_seg"": 16, ""tip_radius"": 0.1}, ""face_h"": 60.0, ""face_w"": 60.0, ""margin_depths"": 2.0, ""seed"": 23, ""top"": ""shingle"", ""top_depth"": 48.0, ""top_params"": {""azimuth_mode"": ""grid"", ""jitter"": 0.3, ""pitch"": 5.5, ""plate_t_bot"": 0.1, ""plate_t_top"": 0.1, ""tilt_deg"": 2.0, ""tilt_jitter"": 0.0}}"
FL_bl100grid_cone_d20_s23,floor,shingle/cone,"sheet, grid",0.1,23,d100,bl100grid,shingle,5.5,0.1,48.0,cone,2.0,2.0,50.0,9.090909090909092,0.03044210510272572,0.0,0.000488569145090878,0.04999997094273567,"{""backing"": 2.0, ""bot"": ""cone"", ""bot_depth"": 2.0, ""bot_params"": {""depth_jitter"": 0.0, ""height_seg"": 6, ""jitter"": 0.3, ""pitch"": 2.0, ""profile_power"": 1.0, ""radial_seg"": 16, ""tip_radius"": 0.1}, ""face_h"": 60.0, ""face_w"": 60.0, ""margin_depths"": 2.0, ""seed"": 23, ""top"": ""shingle"", ""top_depth"": 48.0, ""top_params"": {""azimuth_mode"": ""grid"", ""jitter"": 0.3, ""pitch"": 5.5, ""plate_t_bot"": 0.1, ""plate_t_top"": 0.1, ""tilt_deg"": 2.0, ""tilt_jitter"": 0.0}}"
FL_bl100grid_cone_d20_s23,floor,shingle/cone,"sheet, grid",0.1,23,d100,bl100grid,shingle,5.5,0.1,48.0,cone,2.0,2.0,50.0,9.090909090909092,0.03044210510272572,-20.0,0.0010273231891915202,0.04999997094273567,"{""backing"": 2.0, ""bot"": ""cone"", ""bot_depth"": 2.0, ""bot_params"": {""depth_jitter"": 0.0, ""height_seg"": 6, ""jitter"": 0.3, ""pitch"": 2.0, ""profile_power"": 1.0, ""radial_seg"": 16, ""tip_radius"": 0.1}, ""face_h"": 60.0, ""face_w"": 60.0, ""margin_depths"": 2.0, ""seed"": 23, ""top"": ""shingle"", ""top_depth"": 48.0, ""top_params"": {""azimuth_mode"": ""grid"", ""jitter"": 0.3, ""pitch"": 5.5, ""plate_t_bot"": 0.1, ""plate_t_top"": 0.1, ""tilt_deg"": 2.0, ""tilt_jitter"": 0.0}}"
FL_bl100grid_cone_d20_s23,floor,shingle/cone,"sheet, grid",0.1,23,d100,bl100grid,shingle,5.5,0.1,48.0,cone,2.0,2.0,50.0,9.090909090909092,0.03044210510272572,-40.0,0.0017670778324827552,0.04999997094273567,"{""backing"": 2.0, ""bot"": ""cone"", ""bot_depth"": 2.0, ""bot_params"": {""depth_jitter"": 0.0, ""height_seg"": 6, ""jitter"": 0.3, ""pitch"": 2.0, ""profile_power"": 1.0, ""radial_seg"": 16, ""tip_radius"": 0.1}, ""face_h"": 60.0, ""face_w"": 60.0, ""margin_depths"": 2.0, ""seed"": 23, ""top"": ""shingle"", ""top_depth"": 48.0, ""top_params"": {""azimuth_mode"": ""grid"", ""jitter"": 0.3, ""pitch"": 5.5, ""plate_t_bot"": 0.1, ""plate_t_top"": 0.1, ""tilt_deg"": 2.0, ""tilt_jitter"": 0.0}}"
FL_bl100grid_cone_d20_s23,floor,shingle/cone,"sheet, grid",0.1,23,d100,bl100grid,shingle,5.5,0.1,48.0,cone,2.0,2.0,50.0,9.090909090909092,0.03044210510272572,20.0,0.0012080746237188578,0.04999997094273567,"{""backing"": 2.0, ""bot"": ""cone"", ""bot_depth"": 2.0, ""bot_params"": {""depth_jitter"": 0.0, ""height_seg"": 6, ""jitter"": 0.3, ""pitch"": 2.0, ""profile_power"": 1.0, ""radial_seg"": 16, ""tip_radius"": 0.1}, ""face_h"": 60.0, ""face_w"": 60.0, ""margin_depths"": 2.0, ""seed"": 23, ""top"": ""shingle"", ""top_depth"": 48.0, ""top_params"": {""azimuth_mode"": ""grid"", ""jitter"": 0.3, ""pitch"": 5.5, ""plate_t_bot"": 0.1, ""plate_t_top"": 0.1, ""tilt_deg"": 2.0, ""tilt_jitter"": 0.0}}"
FL_bl100grid_cone_d20_s23,floor,shingle/cone,"sheet, grid",0.1,23,d100,bl100grid,shingle,5.5,0.1,48.0,cone,2.0,2.0,50.0,9.090909090909092,0.03044210510272572,40.0,0.0019631562754511833,0.04999997094273567,"{""backing"": 2.0, ""bot"": ""cone"", ""bot_depth"": 2.0, ""bot_params"": {""depth_jitter"": 0.0, ""height_seg"": 6, ""jitter"": 0.3, ""pitch"": 2.0, ""profile_power"": 1.0, ""radial_seg"": 16, ""tip_radius"": 0.1}, ""face_h"": 60.0, ""face_w"": 60.0, ""margin_depths"": 2.0, ""seed"": 23, ""top"": ""shingle"", ""top_depth"": 48.0, ""top_params"": {""azimuth_mode"": ""grid"", ""jitter"": 0.3, ""pitch"": 5.5, ""plate_t_bot"": 0.1, ""plate_t_top"": 0.1, ""tilt_deg"": 2.0, ""tilt_jitter"": 0.0}}"
FL_bl100grid_cone_d30_s23,floor,shingle/cone,"sheet, grid",0.1,23,d00,bl100grid,shingle,5.5,0.1,47.0,cone,3.0,2.0,50.0,9.090909090909092,0.03044210510272572,0.0,0.0006996890879236162,0.04999997094273567,"{""backing"": 2.0, ""bot"": ""cone"", ""bot_depth"": 3.0, ""bot_params"": {""depth_jitter"": 0.0, ""height_seg"": 6, ""jitter"": 0.3, ""pitch"": 2.0, ""profile_power"": 1.0, ""radial_seg"": 16, ""tip_radius"": 0.1}, ""face_h"": 60.0, ""face_w"": 60.0, ""margin_depths"": 2.0, ""seed"": 23, ""top"": ""shingle"", ""top_depth"": 47.0, ""top_params"": {""azimuth_mode"": ""grid"", ""jitter"": 0.3, ""pitch"": 5.5, ""plate_t_bot"": 0.1, ""plate_t_top"": 0.1, ""tilt_deg"": 2.0, ""tilt_jitter"": 0.0}}"
FL_bl100grid_cone_d30_s23,floor,shingle/cone,"sheet, grid",0.1,23,d00,bl100grid,shingle,5.5,0.1,47.0,cone,3.0,2.0,50.0,9.090909090909092,0.03044210510272572,-20.0,0.000549991091247648,0.04999997094273567,"{""backing"": 2.0, ""bot"": ""cone"", ""bot_depth"": 3.0, ""bot_params"": {""depth_jitter"": 0.0, ""height_seg"": 6, ""jitter"": 0.3, ""pitch"": 2.0, ""profile_power"": 1.0, ""radial_seg"": 16, ""tip_radius"": 0.1}, ""face_h"": 60.0, ""face_w"": 60.0, ""margin_depths"": 2.0, ""seed"": 23, ""top"": ""shingle"", ""top_depth"": 47.0, ""top_params"": {""azimuth_mode"": ""grid"", ""jitter"": 0.3, ""pitch"": 5.5, ""plate_t_bot"": 0.1, ""plate_t_top"": 0.1, ""tilt_deg"": 2.0, ""tilt_jitter"": 0.0}}"
FL_bl100grid_cone_d30_s23,floor,shingle/cone,"sheet, grid",0.1,23,d00,bl100grid,shingle,5.5,0.1,47.0,cone,3.0,2.0,50.0,9.090909090909092,0.03044210510272572,-40.0,0.0005198883591219783,0.04999997094273567,"{""backing"": 2.0, ""bot"": ""cone"", ""bot_depth"": 3.0, ""bot_params"": {""depth_jitter"": 0.0, ""height_seg"": 6, ""jitter"": 0.3, ""pitch"": 2.0, ""profile_power"": 1.0, ""radial_seg"": 16, ""tip_radius"": 0.1}, ""face_h"": 60.0, ""face_w"": 60.0, ""margin_depths"": 2.0, ""seed"": 23, ""top"": ""shingle"", ""top_depth"": 47.0, ""top_params"": {""azimuth_mode"": ""grid"", ""jitter"": 0.3, ""pitch"": 5.5, ""plate_t_bot"": 0.1, ""plate_t_top"": 0.1, ""tilt_deg"": 2.0, ""tilt_jitter"": 0.0}}"
FL_bl100grid_cone_d30_s23,floor,shingle/cone,"sheet, grid",0.1,23,d00,bl100grid,shingle,5.5,0.1,47.0,cone,3.0,2.0,50.0,9.090909090909092,0.03044210510272572,20.0,0.0005272909183986485,0.04999997094273567,"{""backing"": 2.0, ""bot"": ""cone"", ""bot_depth"": 3.0, ""bot_params"": {""depth_jitter"": 0.0, ""height_seg"": 6, ""jitter"": 0.3, ""pitch"": 2.0, ""profile_power"": 1.0, ""radial_seg"": 16, ""tip_radius"": 0.1}, ""face_h"": 60.0, ""face_w"": 60.0, ""margin_depths"": 2.0, ""seed"": 23, ""top"": ""shingle"", ""top_depth"": 47.0, ""top_params"": {""azimuth_mode"": ""grid"", ""jitter"": 0.3, ""pitch"": 5.5, ""plate_t_bot"": 0.1, ""plate_t_top"": 0.1, ""tilt_deg"": 2.0, ""tilt_jitter"": 0.0}}"
FL_bl100grid_cone_d30_s23,floor,shingle/cone,"sheet, grid",0.1,23,d00,bl100grid,shingle,5.5,0.1,47.0,cone,3.0,2.0,50.0,9.090909090909092,0.03044210510272572,40.0,0.0005118277040310204,0.04999997094273567,"{""backing"": 2.0, ""bot"": ""cone"", ""bot_depth"": 3.0, ""bot_params"": {""depth_jitter"": 0.0, ""height_seg"": 6, ""jitter"": 0.3, ""pitch"": 2.0, ""profile_power"": 1.0, ""radial_seg"": 16, ""tip_radius"": 0.1}, ""face_h"": 60.0, ""face_w"": 60.0, ""margin_depths"": 2.0, ""seed"": 23, ""top"": ""shingle"", ""top_depth"": 47.0, ""top_params"": {""azimuth_mode"": ""grid"", ""jitter"": 0.3, ""pitch"": 5.5, ""plate_t_bot"": 0.1, ""plate_t_top"": 0.1, ""tilt_deg"": 2.0, ""tilt_jitter"": 0.0}}"
FL_bl100grid_cone_d30_s23,floor,shingle/cone,"sheet, grid",0.1,23,d76,bl100grid,shingle,5.5,0.1,47.0,cone,3.0,2.0,50.0,9.090909090909092,0.03044210510272572,0.0,0.0005136046092957258,0.04999997094273567,"{""backing"": 2.0, ""bot"": ""cone"", ""bot_depth"": 3.0, ""bot_params"": {""depth_jitter"": 0.0, ""height_seg"": 6, ""jitter"": 0.3, ""pitch"": 2.0, ""profile_power"": 1.0, ""radial_seg"": 16, ""tip_radius"": 0.1}, ""face_h"": 60.0, ""face_w"": 60.0, ""margin_depths"": 2.0, ""seed"": 23, ""top"": ""shingle"", ""top_depth"": 47.0, ""top_params"": {""azimuth_mode"": ""grid"", ""jitter"": 0.3, ""pitch"": 5.5, ""plate_t_bot"": 0.1, ""plate_t_top"": 0.1, ""tilt_deg"": 2.0, ""tilt_jitter"": 0.0}}"
FL_bl100grid_cone_d30_s23,floor,shingle/cone,"sheet, grid",0.1,23,d76,bl100grid,shingle,5.5,0.1,47.0,cone,3.0,2.0,50.0,9.090909090909092,0.03044210510272572,-20.0,0.0009093582630157471,0.04999997094273567,"{""backing"": 2.0, ""bot"": ""cone"", ""bot_depth"": 3.0, ""bot_params"": {""depth_jitter"": 0.0, ""height_seg"": 6, ""jitter"": 0.3, ""pitch"": 2.0, ""profile_power"": 1.0, ""radial_seg"": 16, ""tip_radius"": 0.1}, ""face_h"": 60.0, ""face_w"": 60.0, ""margin_depths"": 2.0, ""seed"": 23, ""top"": ""shingle"", ""top_depth"": 47.0, ""top_params"": {""azimuth_mode"": ""grid"", ""jitter"": 0.3, ""pitch"": 5.5, ""plate_t_bot"": 0.1, ""plate_t_top"": 0.1, ""tilt_deg"": 2.0, ""tilt_jitter"": 0.0}}"
FL_bl100grid_cone_d30_s23,floor,shingle/cone,"sheet, grid",0.1,23,d76,bl100grid,shingle,5.5,0.1,47.0,cone,3.0,2.0,50.0,9.090909090909092,0.03044210510272572,-40.0,0.0014622489688917994,0.04999997094273567,"{""backing"": 2.0, ""bot"": ""cone"", ""bot_depth"": 3.0, ""bot_params"": {""depth_jitter"": 0.0, ""height_seg"": 6, ""jitter"": 0.3, ""pitch"": 2.0, ""profile_power"": 1.0, ""radial_seg"": 16, ""tip_radius"": 0.1}, ""face_h"": 60.0, ""face_w"": 60.0, ""margin_depths"": 2.0, ""seed"": 23, ""top"": ""shingle"", ""top_depth"": 47.0, ""top_params"": {""azimuth_mode"": ""grid"", ""jitter"": 0.3, ""pitch"": 5.5, ""plate_t_bot"": 0.1, ""plate_t_top"": 0.1, ""tilt_deg"": 2.0, ""tilt_jitter"": 0.0}}"
FL_bl100grid_cone_d30_s23,floor,shingle/cone,"sheet, grid",0.1,23,d76,bl100grid,shingle,5.5,0.1,47.0,cone,3.0,2.0,50.0,9.090909090909092,0.03044210510272572,20.0,0.0010386998765170574,0.04999997094273567,"{""backing"": 2.0, ""bot"": ""cone"", ""bot_depth"": 3.0, ""bot_params"": {""depth_jitter"": 0.0, ""height_seg"": 6, ""jitter"": 0.3, ""pitch"": 2.0, ""profile_power"": 1.0, ""radial_seg"": 16, ""tip_radius"": 0.1}, ""face_h"": 60.0, ""face_w"": 60.0, ""margin_depths"": 2.0, ""seed"": 23, ""top"": ""shingle"", ""top_depth"": 47.0, ""top_params"": {""azimuth_mode"": ""grid"", ""jitter"": 0.3, ""pitch"": 5.5, ""plate_t_bot"": 0.1, ""plate_t_top"": 0.1, ""tilt_deg"": 2.0, ""tilt_jitter"": 0.0}}"
FL_bl100grid_cone_d30_s23,floor,shingle/cone,"sheet, grid",0.1,23,d76,bl100grid,shingle,5.5,0.1,47.0,cone,3.0,2.0,50.0,9.090909090909092,0.03044210510272572,40.0,0.0016022128984332085,0.04999997094273567,"{""backing"": 2.0, ""bot"": ""cone"", ""bot_depth"": 3.0, ""bot_params"": {""depth_jitter"": 0.0, ""height_seg"": 6, ""jitter"": 0.3, ""pitch"": 2.0, ""profile_power"": 1.0, ""radial_seg"": 16, ""tip_radius"": 0.1}, ""face_h"": 60.0, ""face_w"": 60.0, ""margin_depths"": 2.0, ""seed"": 23, ""top"": ""shingle"", ""top_depth"": 47.0, ""top_params"": {""azimuth_mode"": ""grid"", ""jitter"": 0.3, ""pitch"": 5.5, ""plate_t_bot"": 0.1, ""plate_t_top"": 0.1, ""tilt_deg"": 2.0, ""tilt_jitter"": 0.0}}"
FL_bl100grid_cone_d30_s23,floor,shingle/cone,"sheet, grid",0.1,23,d100,bl100grid,shingle,5.5,0.1,47.0,cone,3.0,2.0,50.0,9.090909090909092,0.03044210510272572,0.0,0.0004808151861652732,0.04999997094273567,"{""backing"": 2.0, ""bot"": ""cone"", ""bot_depth"": 3.0, ""bot_params"": {""depth_jitter"": 0.0, ""height_seg"": 6, ""jitter"": 0.3, ""pitch"": 2.0, ""profile_power"": 1.0, ""radial_seg"": 16, ""tip_radius"": 0.1}, ""face_h"": 60.0, ""face_w"": 60.0, ""margin_depths"": 2.0, ""seed"": 23, ""top"": ""shingle"", ""top_depth"": 47.0, ""top_params"": {""azimuth_mode"": ""grid"", ""jitter"": 0.3, ""pitch"": 5.5, ""plate_t_bot"": 0.1, ""plate_t_top"": 0.1, ""tilt_deg"": 2.0, ""tilt_jitter"": 0.0}}"
FL_bl100grid_cone_d30_s23,floor,shingle/cone,"sheet, grid",0.1,23,d100,bl100grid,shingle,5.5,0.1,47.0,cone,3.0,2.0,50.0,9.090909090909092,0.03044210510272572,-20.0,0.001027648919261992,0.04999997094273567,"{""backing"": 2.0, ""bot"": ""cone"", ""bot_depth"": 3.0, ""bot_params"": {""depth_jitter"": 0.0, ""height_seg"": 6, ""jitter"": 0.3, ""pitch"": 2.0, ""profile_power"": 1.0, ""radial_seg"": 16, ""tip_radius"": 0.1}, ""face_h"": 60.0, ""face_w"": 60.0, ""margin_depths"": 2.0, ""seed"": 23, ""top"": ""shingle"", ""top_depth"": 47.0, ""top_params"": {""azimuth_mode"": ""grid"", ""jitter"": 0.3, ""pitch"": 5.5, ""plate_t_bot"": 0.1, ""plate_t_top"": 0.1, ""tilt_deg"": 2.0, ""tilt_jitter"": 0.0}}"
FL_bl100grid_cone_d30_s23,floor,shingle/cone,"sheet, grid",0.1,23,d100,bl100grid,shingle,5.5,0.1,47.0,cone,3.0,2.0,50.0,9.090909090909092,0.03044210510272572,-40.0,0.0017670267261564732,0.04999997094273567,"{""backing"": 2.0, ""bot"": ""cone"", ""bot_depth"": 3.0, ""bot_params"": {""depth_jitter"": 0.0, ""height_seg"": 6, ""jitter"": 0.3, ""pitch"": 2.0, ""profile_power"": 1.0, ""radial_seg"": 16, ""tip_radius"": 0.1}, ""face_h"": 60.0, ""face_w"": 60.0, ""margin_depths"": 2.0, ""seed"": 23, ""top"": ""shingle"", ""top_depth"": 47.0, ""top_params"": {""azimuth_mode"": ""grid"", ""jitter"": 0.3, ""pitch"": 5.5, ""plate_t_bot"": 0.1, ""plate_t_top"": 0.1, ""tilt_deg"": 2.0, ""tilt_jitter"": 0.0}}"
FL_bl100grid_cone_d30_s23,floor,shingle/cone,"sheet, grid",0.1,23,d100,bl100grid,shingle,5.5,0.1,47.0,cone,3.0,2.0,50.0,9.090909090909092,0.03044210510272572,20.0,0.0012081572785973549,0.04999997094273567,"{""backing"": 2.0, ""bot"": ""cone"", ""bot_depth"": 3.0, ""bot_params"": {""depth_jitter"": 0.0, ""height_seg"": 6, ""jitter"": 0.3, ""pitch"": 2.0, ""profile_power"": 1.0, ""radial_seg"": 16, ""tip_radius"": 0.1}, ""face_h"": 60.0, ""face_w"": 60.0, ""margin_depths"": 2.0, ""seed"": 23, ""top"": ""shingle"", ""top_depth"": 47.0, ""top_params"": {""azimuth_mode"": ""grid"", ""jitter"": 0.3, ""pitch"": 5.5, ""plate_t_bot"": 0.1, ""plate_t_top"": 0.1, ""tilt_deg"": 2.0, ""tilt_jitter"": 0.0}}"
FL_bl100grid_cone_d30_s23,floor,shingle/cone,"sheet, grid",0.1,23,d100,bl100grid,shingle,5.5,0.1,47.0,cone,3.0,2.0,50.0,9.090909090909092,0.03044210510272572,40.0,0.0019633639603853226,0.04999997094273567,"{""backing"": 2.0, ""bot"": ""cone"", ""bot_depth"": 3.0, ""bot_params"": {""depth_jitter"": 0.0, ""height_seg"": 6, ""jitter"": 0.3, ""pitch"": 2.0, ""profile_power"": 1.0, ""radial_seg"": 16, ""tip_radius"": 0.1}, ""face_h"": 60.0, ""face_w"": 60.0, ""margin_depths"": 2.0, ""seed"": 23, ""top"": ""shingle"", ""top_depth"": 47.0, ""top_params"": {""azimuth_mode"": ""grid"", ""jitter"": 0.3, ""pitch"": 5.5, ""plate_t_bot"": 0.1, ""plate_t_top"": 0.1, ""tilt_deg"": 2.0, ""tilt_jitter"": 0.0}}"
FL_bl100grid_cone_d50_s23,floor,shingle/cone,"sheet, grid",0.1,23,d00,bl100grid,shingle,5.5,0.1,45.0,cone,5.0,2.0,50.0,9.090909090909092,0.03044210510272572,0.0,0.0007458607433363795,0.04999997094273567,"{""backing"": 2.0, ""bot"": ""cone"", ""bot_depth"": 5.0, ""bot_params"": {""depth_jitter"": 0.0, ""height_seg"": 6, ""jitter"": 0.3, ""pitch"": 2.0, ""profile_power"": 1.0, ""radial_seg"": 16, ""tip_radius"": 0.1}, ""face_h"": 60.0, ""face_w"": 60.0, ""margin_depths"": 2.0, ""seed"": 23, ""top"": ""shingle"", ""top_depth"": 45.0, ""top_params"": {""azimuth_mode"": ""grid"", ""jitter"": 0.3, ""pitch"": 5.5, ""plate_t_bot"": 0.1, ""plate_t_top"": 0.1, ""tilt_deg"": 2.0, ""tilt_jitter"": 0.0}}"
FL_bl100grid_cone_d50_s23,floor,shingle/cone,"sheet, grid",0.1,23,d00,bl100grid,shingle,5.5,0.1,45.0,cone,5.0,2.0,50.0,9.090909090909092,0.03044210510272572,-20.0,0.0006044601905159652,0.04999997094273567,"{""backing"": 2.0, ""bot"": ""cone"", ""bot_depth"": 5.0, ""bot_params"": {""depth_jitter"": 0.0, ""height_seg"": 6, ""jitter"": 0.3, ""pitch"": 2.0, ""profile_power"": 1.0, ""radial_seg"": 16, ""tip_radius"": 0.1}, ""face_h"": 60.0, ""face_w"": 60.0, ""margin_depths"": 2.0, ""seed"": 23, ""top"": ""shingle"", ""top_depth"": 45.0, ""top_params"": {""azimuth_mode"": ""grid"", ""jitter"": 0.3, ""pitch"": 5.5, ""plate_t_bot"": 0.1, ""plate_t_top"": 0.1, ""tilt_deg"": 2.0, ""tilt_jitter"": 0.0}}"
FL_bl100grid_cone_d50_s23,floor,shingle/cone,"sheet, grid",0.1,23,d00,bl100grid,shingle,5.5,0.1,45.0,cone,5.0,2.0,50.0,9.090909090909092,0.03044210510272572,-40.0,0.000584272900596261,0.04999997094273567,"{""backing"": 2.0, ""bot"": ""cone"", ""bot_depth"": 5.0, ""bot_params"": {""depth_jitter"": 0.0, ""height_seg"": 6, ""jitter"": 0.3, ""pitch"": 2.0, ""profile_power"": 1.0, ""radial_seg"": 16, ""tip_radius"": 0.1}, ""face_h"": 60.0, ""face_w"": 60.0, ""margin_depths"": 2.0, ""seed"": 23, ""top"": ""shingle"", ""top_depth"": 45.0, ""top_params"": {""azimuth_mode"": ""grid"", ""jitter"": 0.3, ""pitch"": 5.5, ""plate_t_bot"": 0.1, ""plate_t_top"": 0.1, ""tilt_deg"": 2.0, ""tilt_jitter"": 0.0}}"
FL_bl100grid_cone_d50_s23,floor,shingle/cone,"sheet, grid",0.1,23,d00,bl100grid,shingle,5.5,0.1,45.0,cone,5.0,2.0,50.0,9.090909090909092,0.03044210510272572,20.0,0.0005637806607410312,0.04999997094273567,"{""backing"": 2.0, ""bot"": ""cone"", ""bot_depth"": 5.0, ""bot_params"": {""depth_jitter"": 0.0, ""height_seg"": 6, ""jitter"": 0.3, ""pitch"": 2.0, ""profile_power"": 1.0, ""radial_seg"": 16, ""tip_radius"": 0.1}, ""face_h"": 60.0, ""face_w"": 60.0, ""margin_depths"": 2.0, ""seed"": 23, ""top"": ""shingle"", ""top_depth"": 45.0, ""top_params"": {""azimuth_mode"": ""grid"", ""jitter"": 0.3, ""pitch"": 5.5, ""plate_t_bot"": 0.1, ""plate_t_top"": 0.1, ""tilt_deg"": 2.0, ""tilt_jitter"": 0.0}}"
FL_bl100grid_cone_d50_s23,floor,shingle/cone,"sheet, grid",0.1,23,d00,bl100grid,shingle,5.5,0.1,45.0,cone,5.0,2.0,50.0,9.090909090909092,0.03044210510272572,40.0,0.0005564033635891974,0.04999997094273567,"{""backing"": 2.0, ""bot"": ""cone"", ""bot_depth"": 5.0, ""bot_params"": {""depth_jitter"": 0.0, ""height_seg"": 6, ""jitter"": 0.3, ""pitch"": 2.0, ""profile_power"": 1.0, ""radial_seg"": 16, ""tip_radius"": 0.1}, ""face_h"": 60.0, ""face_w"": 60.0, ""margin_depths"": 2.0, ""seed"": 23, ""top"": ""shingle"", ""top_depth"": 45.0, ""top_params"": {""azimuth_mode"": ""grid"", ""jitter"": 0.3, ""pitch"": 5.5, ""plate_t_bot"": 0.1, ""plate_t_top"": 0.1, ""tilt_deg"": 2.0, ""tilt_jitter"": 0.0}}"
FL_bl100grid_cone_d50_s23,floor,shingle/cone,"sheet, grid",0.1,23,d76,bl100grid,shingle,5.5,0.1,45.0,cone,5.0,2.0,50.0,9.090909090909092,0.03044210510272572,0.0,0.0005474814097397029,0.04999997094273567,"{""backing"": 2.0, ""bot"": ""cone"", ""bot_depth"": 5.0, ""bot_params"": {""depth_jitter"": 0.0, ""height_seg"": 6, ""jitter"": 0.3, ""pitch"": 2.0, ""profile_power"": 1.0, ""radial_seg"": 16, ""tip_radius"": 0.1}, ""face_h"": 60.0, ""face_w"": 60.0, ""margin_depths"": 2.0, ""seed"": 23, ""top"": ""shingle"", ""top_depth"": 45.0, ""top_params"": {""azimuth_mode"": ""grid"", ""jitter"": 0.3, ""pitch"": 5.5, ""plate_t_bot"": 0.1, ""plate_t_top"": 0.1, ""tilt_deg"": 2.0, ""tilt_jitter"": 0.0}}"
FL_bl100grid_cone_d50_s23,floor,shingle/cone,"sheet, grid",0.1,23,d76,bl100grid,shingle,5.5,0.1,45.0,cone,5.0,2.0,50.0,9.090909090909092,0.03044210510272572,-20.0,0.0009630612912587821,0.04999997094273567,"{""backing"": 2.0, ""bot"": ""cone"", ""bot_depth"": 5.0, ""bot_params"": {""depth_jitter"": 0.0, ""height_seg"": 6, ""jitter"": 0.3, ""pitch"": 2.0, ""profile_power"": 1.0, ""radial_seg"": 16, ""tip_radius"": 0.1}, ""face_h"": 60.0, ""face_w"": 60.0, ""margin_depths"": 2.0, ""seed"": 23, ""top"": ""shingle"", ""top_depth"": 45.0, ""top_params"": {""azimuth_mode"": ""grid"", ""jitter"": 0.3, ""pitch"": 5.5, ""plate_t_bot"": 0.1, ""plate_t_top"": 0.1, ""tilt_deg"": 2.0, ""tilt_jitter"": 0.0}}"
FL_bl100grid_cone_d50_s23,floor,shingle/cone,"sheet, grid",0.1,23,d76,bl100grid,shingle,5.5,0.1,45.0,cone,5.0,2.0,50.0,9.090909090909092,0.03044210510272572,-40.0,0.0015106737846508622,0.04999997094273567,"{""backing"": 2.0, ""bot"": ""cone"", ""bot_depth"": 5.0, ""bot_params"": {""depth_jitter"": 0.0, ""height_seg"": 6, ""jitter"": 0.3, ""pitch"": 2.0, ""profile_power"": 1.0, ""radial_seg"": 16, ""tip_radius"": 0.1}, ""face_h"": 60.0, ""face_w"": 60.0, ""margin_depths"": 2.0, ""seed"": 23, ""top"": ""shingle"", ""top_depth"": 45.0, ""top_params"": {""azimuth_mode"": ""grid"", ""jitter"": 0.3, ""pitch"": 5.5, ""plate_t_bot"": 0.1, ""plate_t_top"": 0.1, ""tilt_deg"": 2.0, ""tilt_jitter"": 0.0}}"
FL_bl100grid_cone_d50_s23,floor,shingle/cone,"sheet, grid",0.1,23,d76,bl100grid,shingle,5.5,0.1,45.0,cone,5.0,2.0,50.0,9.090909090909092,0.03044210510272572,20.0,0.0011301804333925247,0.04999997094273567,"{""backing"": 2.0, ""bot"": ""cone"", ""bot_depth"": 5.0, ""bot_params"": {""depth_jitter"": 0.0, ""height_seg"": 6, ""jitter"": 0.3, ""pitch"": 2.0, ""profile_power"": 1.0, ""radial_seg"": 16, ""tip_radius"": 0.1}, ""face_h"": 60.0, ""face_w"": 60.0, ""margin_depths"": 2.0, ""seed"": 23, ""top"": ""shingle"", ""top_depth"": 45.0, ""top_params"": {""azimuth_mode"": ""grid"", ""jitter"": 0.3, ""pitch"": 5.5, ""plate_t_bot"": 0.1, ""plate_t_top"": 0.1, ""tilt_deg"": 2.0, ""tilt_jitter"": 0.0}}"
FL_bl100grid_cone_d50_s23,floor,shingle/cone,"sheet, grid",0.1,23,d76,bl100grid,shingle,5.5,0.1,45.0,cone,5.0,2.0,50.0,9.090909090909092,0.03044210510272572,40.0,0.001705904258415103,0.04999997094273567,"{""backing"": 2.0, ""bot"": ""cone"", ""bot_depth"": 5.0, ""bot_params"": {""depth_jitter"": 0.0, ""height_seg"": 6, ""jitter"": 0.3, ""pitch"": 2.0, ""profile_power"": 1.0, ""radial_seg"": 16, ""tip_radius"": 0.1}, ""face_h"": 60.0, ""face_w"": 60.0, ""margin_depths"": 2.0, ""seed"": 23, ""top"": ""shingle"", ""top_depth"": 45.0, ""top_params"": {""azimuth_mode"": ""grid"", ""jitter"": 0.3, ""pitch"": 5.5, ""plate_t_bot"": 0.1, ""plate_t_top"": 0.1, ""tilt_deg"": 2.0, ""tilt_jitter"": 0.0}}"
FL_bl100grid_cone_d50_s23,floor,shingle/cone,"sheet, grid",0.1,23,d100,bl100grid,shingle,5.5,0.1,45.0,cone,5.0,2.0,50.0,9.090909090909092,0.03044210510272572,0.0,0.000515454972628504,0.04999997094273567,"{""backing"": 2.0, ""bot"": ""cone"", ""bot_depth"": 5.0, ""bot_params"": {""depth_jitter"": 0.0, ""height_seg"": 6, ""jitter"": 0.3, ""pitch"": 2.0, ""profile_power"": 1.0, ""radial_seg"": 16, ""tip_radius"": 0.1}, ""face_h"": 60.0, ""face_w"": 60.0, ""margin_depths"": 2.0, ""seed"": 23, ""top"": ""shingle"", ""top_depth"": 45.0, ""top_params"": {""azimuth_mode"": ""grid"", ""jitter"": 0.3, ""pitch"": 5.5, ""plate_t_bot"": 0.1, ""plate_t_top"": 0.1, ""tilt_deg"": 2.0, ""tilt_jitter"": 0.0}}"
FL_bl100grid_cone_d50_s23,floor,shingle/cone,"sheet, grid",0.1,23,d100,bl100grid,shingle,5.5,0.1,45.0,cone,5.0,2.0,50.0,9.090909090909092,0.03044210510272572,-20.0,0.001091281301341951,0.04999997094273567,"{""backing"": 2.0, ""bot"": ""cone"", ""bot_depth"": 5.0, ""bot_params"": {""depth_jitter"": 0.0, ""height_seg"": 6, ""jitter"": 0.3, ""pitch"": 2.0, ""profile_power"": 1.0, ""radial_seg"": 16, ""tip_radius"": 0.1}, ""face_h"": 60.0, ""face_w"": 60.0, ""margin_depths"": 2.0, ""seed"": 23, ""top"": ""shingle"", ""top_depth"": 45.0, ""top_params"": {""azimuth_mode"": ""grid"", ""jitter"": 0.3, ""pitch"": 5.5, ""plate_t_bot"": 0.1, ""plate_t_top"": 0.1, ""tilt_deg"": 2.0, ""tilt_jitter"": 0.0}}"
FL_bl100grid_cone_d50_s23,floor,shingle/cone,"sheet, grid",0.1,23,d100,bl100grid,shingle,5.5,0.1,45.0,cone,5.0,2.0,50.0,9.090909090909092,0.03044210510272572,-40.0,0.0018202275969088078,0.04999997094273567,"{""backing"": 2.0, ""bot"": ""cone"", ""bot_depth"": 5.0, ""bot_params"": {""depth_jitter"": 0.0, ""height_seg"": 6, ""jitter"": 0.3, ""pitch"": 2.0, ""profile_power"": 1.0, ""radial_seg"": 16, ""tip_radius"": 0.1}, ""face_h"": 60.0, ""face_w"": 60.0, ""margin_depths"": 2.0, ""seed"": 23, ""top"": ""shingle"", ""top_depth"": 45.0, ""top_params"": {""azimuth_mode"": ""grid"", ""jitter"": 0.3, ""pitch"": 5.5, ""plate_t_bot"": 0.1, ""plate_t_top"": 0.1, ""tilt_deg"": 2.0, ""tilt_jitter"": 0.0}}"
FL_bl100grid_cone_d50_s23,floor,shingle/cone,"sheet, grid",0.1,23,d100,bl100grid,shingle,5.5,0.1,45.0,cone,5.0,2.0,50.0,9.090909090909092,0.03044210510272572,20.0,0.001326044206507504,0.04999997094273567,"{""backing"": 2.0, ""bot"": ""cone"", ""bot_depth"": 5.0, ""bot_params"": {""depth_jitter"": 0.0, ""height_seg"": 6, ""jitter"": 0.3, ""pitch"": 2.0, ""profile_power"": 1.0, ""radial_seg"": 16, ""tip_radius"": 0.1}, ""face_h"": 60.0, ""face_w"": 60.0, ""margin_depths"": 2.0, ""seed"": 23, ""top"": ""shingle"", ""top_depth"": 45.0, ""top_params"": {""azimuth_mode"": ""grid"", ""jitter"": 0.3, ""pitch"": 5.5, ""plate_t_bot"": 0.1, ""plate_t_top"": 0.1, ""tilt_deg"": 2.0, ""tilt_jitter"": 0.0}}"
FL_bl100grid_cone_d50_s23,floor,shingle/cone,"sheet, grid",0.1,23,d100,bl100grid,shingle,5.5,0.1,45.0,cone,5.0,2.0,50.0,9.090909090909092,0.03044210510272572,40.0,0.0020862247329205275,0.04999997094273567,"{""backing"": 2.0, ""bot"": ""cone"", ""bot_depth"": 5.0, ""bot_params"": {""depth_jitter"": 0.0, ""height_seg"": 6, ""jitter"": 0.3, ""pitch"": 2.0, ""profile_power"": 1.0, ""radial_seg"": 16, ""tip_radius"": 0.1}, ""face_h"": 60.0, ""face_w"": 60.0, ""margin_depths"": 2.0, ""seed"": 23, ""top"": ""shingle"", ""top_depth"": 45.0, ""top_params"": {""azimuth_mode"": ""grid"", ""jitter"": 0.3, ""pitch"": 5.5, ""plate_t_bot"": 0.1, ""plate_t_top"": 0.1, ""tilt_deg"": 2.0, ""tilt_jitter"": 0.0}}"
FL_bl100grid_pyramid_d20_s23,floor,shingle/pyramid,"sheet, grid",0.1,23,d00,bl100grid,shingle,5.5,0.1,48.0,pyramid,2.0,2.0,50.0,9.090909090909092,0.03044210510272572,0.0,0.0006852855440229177,0.04999997094273567,"{""backing"": 2.0, ""bot"": ""pyramid"", ""bot_depth"": 2.0, ""bot_params"": {""margin_depth_ref"": 50.0, ""pitch"": 2.0, ""tip_flat"": 0.1}, ""face_h"": 60.0, ""face_w"": 60.0, ""margin_depths"": 2.0, ""seed"": 23, ""top"": ""shingle"", ""top_depth"": 48.0, ""top_params"": {""azimuth_mode"": ""grid"", ""jitter"": 0.3, ""pitch"": 5.5, ""plate_t_bot"": 0.1, ""plate_t_top"": 0.1, ""tilt_deg"": 2.0, ""tilt_jitter"": 0.0}}"
FL_bl100grid_pyramid_d20_s23,floor,shingle/pyramid,"sheet, grid",0.1,23,d00,bl100grid,shingle,5.5,0.1,48.0,pyramid,2.0,2.0,50.0,9.090909090909092,0.03044210510272572,-20.0,0.0005491261836141348,0.04999997094273567,"{""backing"": 2.0, ""bot"": ""pyramid"", ""bot_depth"": 2.0, ""bot_params"": {""margin_depth_ref"": 50.0, ""pitch"": 2.0, ""tip_flat"": 0.1}, ""face_h"": 60.0, ""face_w"": 60.0, ""margin_depths"": 2.0, ""seed"": 23, ""top"": ""shingle"", ""top_depth"": 48.0, ""top_params"": {""azimuth_mode"": ""grid"", ""jitter"": 0.3, ""pitch"": 5.5, ""plate_t_bot"": 0.1, ""plate_t_top"": 0.1, ""tilt_deg"": 2.0, ""tilt_jitter"": 0.0}}"
FL_bl100grid_pyramid_d20_s23,floor,shingle/pyramid,"sheet, grid",0.1,23,d00,bl100grid,shingle,5.5,0.1,48.0,pyramid,2.0,2.0,50.0,9.090909090909092,0.03044210510272572,-40.0,0.0005196693236939609,0.04999997094273567,"{""backing"": 2.0, ""bot"": ""pyramid"", ""bot_depth"": 2.0, ""bot_params"": {""margin_depth_ref"": 50.0, ""pitch"": 2.0, ""tip_flat"": 0.1}, ""face_h"": 60.0, ""face_w"": 60.0, ""margin_depths"": 2.0, ""seed"": 23, ""top"": ""shingle"", ""top_depth"": 48.0, ""top_params"": {""azimuth_mode"": ""grid"", ""jitter"": 0.3, ""pitch"": 5.5, ""plate_t_bot"": 0.1, ""plate_t_top"": 0.1, ""tilt_deg"": 2.0, ""tilt_jitter"": 0.0}}"
FL_bl100grid_pyramid_d20_s23,floor,shingle/pyramid,"sheet, grid",0.1,23,d00,bl100grid,shingle,5.5,0.1,48.0,pyramid,2.0,2.0,50.0,9.090909090909092,0.03044210510272572,20.0,0.0005270311376079917,0.04999997094273567,"{""backing"": 2.0, ""bot"": ""pyramid"", ""bot_depth"": 2.0, ""bot_params"": {""margin_depth_ref"": 50.0, ""pitch"": 2.0, ""tip_flat"": 0.1}, ""face_h"": 60.0, ""face_w"": 60.0, ""margin_depths"": 2.0, ""seed"": 23, ""top"": ""shingle"", ""top_depth"": 48.0, ""top_params"": {""azimuth_mode"": ""grid"", ""jitter"": 0.3, ""pitch"": 5.5, ""plate_t_bot"": 0.1, ""plate_t_top"": 0.1, ""tilt_deg"": 2.0, ""tilt_jitter"": 0.0}}"
FL_bl100grid_pyramid_d20_s23,floor,shingle/pyramid,"sheet, grid",0.1,23,d00,bl100grid,shingle,5.5,0.1,48.0,pyramid,2.0,2.0,50.0,9.090909090909092,0.03044210510272572,40.0,0.0005115254898555577,0.04999997094273567,"{""backing"": 2.0, ""bot"": ""pyramid"", ""bot_depth"": 2.0, ""bot_params"": {""margin_depth_ref"": 50.0, ""pitch"": 2.0, ""tip_flat"": 0.1}, ""face_h"": 60.0, ""face_w"": 60.0, ""margin_depths"": 2.0, ""seed"": 23, ""top"": ""shingle"", ""top_depth"": 48.0, ""top_params"": {""azimuth_mode"": ""grid"", ""jitter"": 0.3, ""pitch"": 5.5, ""plate_t_bot"": 0.1, ""plate_t_top"": 0.1, ""tilt_deg"": 2.0, ""tilt_jitter"": 0.0}}"
FL_bl100grid_pyramid_d20_s23,floor,shingle/pyramid,"sheet, grid",0.1,23,d76,bl100grid,shingle,5.5,0.1,48.0,pyramid,2.0,2.0,50.0,9.090909090909092,0.03044210510272572,0.0,0.0005052323685958982,0.04999997094273567,"{""backing"": 2.0, ""bot"": ""pyramid"", ""bot_depth"": 2.0, ""bot_params"": {""margin_depth_ref"": 50.0, ""pitch"": 2.0, ""tip_flat"": 0.1}, ""face_h"": 60.0, ""face_w"": 60.0, ""margin_depths"": 2.0, ""seed"": 23, ""top"": ""shingle"", ""top_depth"": 48.0, ""top_params"": {""azimuth_mode"": ""grid"", ""jitter"": 0.3, ""pitch"": 5.5, ""plate_t_bot"": 0.1, ""plate_t_top"": 0.1, ""tilt_deg"": 2.0, ""tilt_jitter"": 0.0}}"
FL_bl100grid_pyramid_d20_s23,floor,shingle/pyramid,"sheet, grid",0.1,23,d76,bl100grid,shingle,5.5,0.1,48.0,pyramid,2.0,2.0,50.0,9.090909090909092,0.03044210510272572,-20.0,0.0009086854406632483,0.04999997094273567,"{""backing"": 2.0, ""bot"": ""pyramid"", ""bot_depth"": 2.0, ""bot_params"": {""margin_depth_ref"": 50.0, ""pitch"": 2.0, ""tip_flat"": 0.1}, ""face_h"": 60.0, ""face_w"": 60.0, ""margin_depths"": 2.0, ""seed"": 23, ""top"": ""shingle"", ""top_depth"": 48.0, ""top_params"": {""azimuth_mode"": ""grid"", ""jitter"": 0.3, ""pitch"": 5.5, ""plate_t_bot"": 0.1, ""plate_t_top"": 0.1, ""tilt_deg"": 2.0, ""tilt_jitter"": 0.0}}"
FL_bl100grid_pyramid_d20_s23,floor,shingle/pyramid,"sheet, grid",0.1,23,d76,bl100grid,shingle,5.5,0.1,48.0,pyramid,2.0,2.0,50.0,9.090909090909092,0.03044210510272572,-40.0,0.0014623054303228855,0.04999997094273567,"{""backing"": 2.0, ""bot"": ""pyramid"", ""bot_depth"": 2.0, ""bot_params"": {""margin_depth_ref"": 50.0, ""pitch"": 2.0, ""tip_flat"": 0.1}, ""face_h"": 60.0, ""face_w"": 60.0, ""margin_depths"": 2.0, ""seed"": 23, ""top"": ""shingle"", ""top_depth"": 48.0, ""top_params"": {""azimuth_mode"": ""grid"", ""jitter"": 0.3, ""pitch"": 5.5, ""plate_t_bot"": 0.1, ""plate_t_top"": 0.1, ""tilt_deg"": 2.0, ""tilt_jitter"": 0.0}}"
FL_bl100grid_pyramid_d20_s23,floor,shingle/pyramid,"sheet, grid",0.1,23,d76,bl100grid,shingle,5.5,0.1,48.0,pyramid,2.0,2.0,50.0,9.090909090909092,0.03044210510272572,20.0,0.0010386883514001966,0.04999997094273567,"{""backing"": 2.0, ""bot"": ""pyramid"", ""bot_depth"": 2.0, ""bot_params"": {""margin_depth_ref"": 50.0, ""pitch"": 2.0, ""tip_flat"": 0.1}, ""face_h"": 60.0, ""face_w"": 60.0, ""margin_depths"": 2.0, ""seed"": 23, ""top"": ""shingle"", ""top_depth"": 48.0, ""top_params"": {""azimuth_mode"": ""grid"", ""jitter"": 0.3, ""pitch"": 5.5, ""plate_t_bot"": 0.1, ""plate_t_top"": 0.1, ""tilt_deg"": 2.0, ""tilt_jitter"": 0.0}}"
FL_bl100grid_pyramid_d20_s23,floor,shingle/pyramid,"sheet, grid",0.1,23,d76,bl100grid,shingle,5.5,0.1,48.0,pyramid,2.0,2.0,50.0,9.090909090909092,0.03044210510272572,40.0,0.0016019947361201048,0.04999997094273567,"{""backing"": 2.0, ""bot"": ""pyramid"", ""bot_depth"": 2.0, ""bot_params"": {""margin_depth_ref"": 50.0, ""pitch"": 2.0, ""tip_flat"": 0.1}, ""face_h"": 60.0, ""face_w"": 60.0, ""margin_depths"": 2.0, ""seed"": 23, ""top"": ""shingle"", ""top_depth"": 48.0, ""top_params"": {""azimuth_mode"": ""grid"", ""jitter"": 0.3, ""pitch"": 5.5, ""plate_t_bot"": 0.1, ""plate_t_top"": 0.1, ""tilt_deg"": 2.0, ""tilt_jitter"": 0.0}}"
FL_bl100grid_pyramid_d20_s23,floor,shingle/pyramid,"sheet, grid",0.1,23,d100,bl100grid,shingle,5.5,0.1,48.0,pyramid,2.0,2.0,50.0,9.090909090909092,0.03044210510272572,0.0,0.00047946383710950613,0.04999997094273567,"{""backing"": 2.0, ""bot"": ""pyramid"", ""bot_depth"": 2.0, ""bot_params"": {""margin_depth_ref"": 50.0, ""pitch"": 2.0, ""tip_flat"": 0.1}, ""face_h"": 60.0, ""face_w"": 60.0, ""margin_depths"": 2.0, ""seed"": 23, ""top"": ""shingle"", ""top_depth"": 48.0, ""top_params"": {""azimuth_mode"": ""grid"", ""jitter"": 0.3, ""pitch"": 5.5, ""plate_t_bot"": 0.1, ""plate_t_top"": 0.1, ""tilt_deg"": 2.0, ""tilt_jitter"": 0.0}}"
FL_bl100grid_pyramid_d20_s23,floor,shingle/pyramid,"sheet, grid",0.1,23,d100,bl100grid,shingle,5.5,0.1,48.0,pyramid,2.0,2.0,50.0,9.090909090909092,0.03044210510272572,-20.0,0.001027192221954465,0.04999997094273567,"{""backing"": 2.0, ""bot"": ""pyramid"", ""bot_depth"": 2.0, ""bot_params"": {""margin_depth_ref"": 50.0, ""pitch"": 2.0, ""tip_flat"": 0.1}, ""face_h"": 60.0, ""face_w"": 60.0, ""margin_depths"": 2.0, ""seed"": 23, ""top"": ""shingle"", ""top_depth"": 48.0, ""top_params"": {""azimuth_mode"": ""grid"", ""jitter"": 0.3, ""pitch"": 5.5, ""plate_t_bot"": 0.1, ""plate_t_top"": 0.1, ""tilt_deg"": 2.0, ""tilt_jitter"": 0.0}}"
FL_bl100grid_pyramid_d20_s23,floor,shingle/pyramid,"sheet, grid",0.1,23,d100,bl100grid,shingle,5.5,0.1,48.0,pyramid,2.0,2.0,50.0,9.090909090909092,0.03044210510272572,-40.0,0.0017670774832367897,0.04999997094273567,"{""backing"": 2.0, ""bot"": ""pyramid"", ""bot_depth"": 2.0, ""bot_params"": {""margin_depth_ref"": 50.0, ""pitch"": 2.0, ""tip_flat"": 0.1}, ""face_h"": 60.0, ""face_w"": 60.0, ""margin_depths"": 2.0, ""seed"": 23, ""top"": ""shingle"", ""top_depth"": 48.0, ""top_params"": {""azimuth_mode"": ""grid"", ""jitter"": 0.3, ""pitch"": 5.5, ""plate_t_bot"": 0.1, ""plate_t_top"": 0.1, ""tilt_deg"": 2.0, ""tilt_jitter"": 0.0}}"
FL_bl100grid_pyramid_d20_s23,floor,shingle/pyramid,"sheet, grid",0.1,23,d100,bl100grid,shingle,5.5,0.1,48.0,pyramid,2.0,2.0,50.0,9.090909090909092,0.03044210510272572,20.0,0.0012080741580575705,0.04999997094273567,"{""backing"": 2.0, ""bot"": ""pyramid"", ""bot_depth"": 2.0, ""bot_params"": {""margin_depth_ref"": 50.0, ""pitch"": 2.0, ""tip_flat"": 0.1}, ""face_h"": 60.0, ""face_w"": 60.0, ""margin_depths"": 2.0, ""seed"": 23, ""top"": ""shingle"", ""top_depth"": 48.0, ""top_params"": {""azimuth_mode"": ""grid"", ""jitter"": 0.3, ""pitch"": 5.5, ""plate_t_bot"": 0.1, ""plate_t_top"": 0.1, ""tilt_deg"": 2.0, ""tilt_jitter"": 0.0}}"
FL_bl100grid_pyramid_d20_s23,floor,shingle/pyramid,"sheet, grid",0.1,23,d100,bl100grid,shingle,5.5,0.1,48.0,pyramid,2.0,2.0,50.0,9.090909090909092,0.03044210510272572,40.0,0.0019631553441286087,0.04999997094273567,"{""backing"": 2.0, ""bot"": ""pyramid"", ""bot_depth"": 2.0, ""bot_params"": {""margin_depth_ref"": 50.0, ""pitch"": 2.0, ""tip_flat"": 0.1}, ""face_h"": 60.0, ""face_w"": 60.0, ""margin_depths"": 2.0, ""seed"": 23, ""top"": ""shingle"", ""top_depth"": 48.0, ""top_params"": {""azimuth_mode"": ""grid"", ""jitter"": 0.3, ""pitch"": 5.5, ""plate_t_bot"": 0.1, ""plate_t_top"": 0.1, ""tilt_deg"": 2.0, ""tilt_jitter"": 0.0}}"
FL_bl100grid_pyramid_d30_s23,floor,shingle/pyramid,"sheet, grid",0.1,23,d00,bl100grid,shingle,5.5,0.1,47.0,pyramid,3.0,2.0,50.0,9.090909090909092,0.03044210510272572,0.0,0.0006752604385837913,0.04999997094273567,"{""backing"": 2.0, ""bot"": ""pyramid"", ""bot_depth"": 3.0, ""bot_params"": {""margin_depth_ref"": 50.0, ""pitch"": 2.0, ""tip_flat"": 0.1}, ""face_h"": 60.0, ""face_w"": 60.0, ""margin_depths"": 2.0, ""seed"": 23, ""top"": ""shingle"", ""top_depth"": 47.0, ""top_params"": {""azimuth_mode"": ""grid"", ""jitter"": 0.3, ""pitch"": 5.5, ""plate_t_bot"": 0.1, ""plate_t_top"": 0.1, ""tilt_deg"": 2.0, ""tilt_jitter"": 0.0}}"
FL_bl100grid_pyramid_d30_s23,floor,shingle/pyramid,"sheet, grid",0.1,23,d00,bl100grid,shingle,5.5,0.1,47.0,pyramid,3.0,2.0,50.0,9.090909090909092,0.03044210510272572,-20.0,0.0005500069819390774,0.04999997094273567,"{""backing"": 2.0, ""bot"": ""pyramid"", ""bot_depth"": 3.0, ""bot_params"": {""margin_depth_ref"": 50.0, ""pitch"": 2.0, ""tip_flat"": 0.1}, ""face_h"": 60.0, ""face_w"": 60.0, ""margin_depths"": 2.0, ""seed"": 23, ""top"": ""shingle"", ""top_depth"": 47.0, ""top_params"": {""azimuth_mode"": ""grid"", ""jitter"": 0.3, ""pitch"": 5.5, ""plate_t_bot"": 0.1, ""plate_t_top"": 0.1, ""tilt_deg"": 2.0, ""tilt_jitter"": 0.0}}"
FL_bl100grid_pyramid_d30_s23,floor,shingle/pyramid,"sheet, grid",0.1,23,d00,bl100grid,shingle,5.5,0.1,47.0,pyramid,3.0,2.0,50.0,9.090909090909092,0.03044210510272572,-40.0,0.0005197605933062732,0.04999997094273567,"{""backing"": 2.0, ""bot"": ""pyramid"", ""bot_depth"": 3.0, ""bot_params"": {""margin_depth_ref"": 50.0, ""pitch"": 2.0, ""tip_flat"": 0.1}, ""face_h"": 60.0, ""face_w"": 60.0, ""margin_depths"": 2.0, ""seed"": 23, ""top"": ""shingle"", ""top_depth"": 47.0, ""top_params"": {""azimuth_mode"": ""grid"", ""jitter"": 0.3, ""pitch"": 5.5, ""plate_t_bot"": 0.1, ""plate_t_top"": 0.1, ""tilt_deg"": 2.0, ""tilt_jitter"": 0.0}}"
FL_bl100grid_pyramid_d30_s23,floor,shingle/pyramid,"sheet, grid",0.1,23,d00,bl100grid,shingle,5.5,0.1,47.0,pyramid,3.0,2.0,50.0,9.090909090909092,0.03044210510272572,20.0,0.0005267779342830181,0.04999997094273567,"{""backing"": 2.0, ""bot"": ""pyramid"", ""bot_depth"": 3.0, ""bot_params"": {""margin_depth_ref"": 50.0, ""pitch"": 2.0, ""tip_flat"": 0.1}, ""face_h"": 60.0, ""face_w"": 60.0, ""margin_depths"": 2.0, ""seed"": 23, ""top"": ""shingle"", ""top_depth"": 47.0, ""top_params"": {""azimuth_mode"": ""grid"", ""jitter"": 0.3, ""pitch"": 5.5, ""plate_t_bot"": 0.1, ""plate_t_top"": 0.1, ""tilt_deg"": 2.0, ""tilt_jitter"": 0.0}}"
FL_bl100grid_pyramid_d30_s23,floor,shingle/pyramid,"sheet, grid",0.1,23,d00,bl100grid,shingle,5.5,0.1,47.0,pyramid,3.0,2.0,50.0,9.090909090909092,0.03044210510272572,40.0,0.0005117870750837028,0.04999997094273567,"{""backing"": 2.0, ""bot"": ""pyramid"", ""bot_depth"": 3.0, ""bot_params"": {""margin_depth_ref"": 50.0, ""pitch"": 2.0, ""tip_flat"": 0.1}, ""face_h"": 60.0, ""face_w"": 60.0, ""margin_depths"": 2.0, ""seed"": 23, ""top"": ""shingle"", ""top_depth"": 47.0, ""top_params"": {""azimuth_mode"": ""grid"", ""jitter"": 0.3, ""pitch"": 5.5, ""plate_t_bot"": 0.1, ""plate_t_top"": 0.1, ""tilt_deg"": 2.0, ""tilt_jitter"": 0.0}}"
FL_bl100grid_pyramid_d30_s23,floor,shingle/pyramid,"sheet, grid",0.1,23,d76,bl100grid,shingle,5.5,0.1,47.0,pyramid,3.0,2.0,50.0,9.090909090909092,0.03044210510272572,0.0,0.0004982529790140688,0.04999997094273567,"{""backing"": 2.0, ""bot"": ""pyramid"", ""bot_depth"": 3.0, ""bot_params"": {""margin_depth_ref"": 50.0, ""pitch"": 2.0, ""tip_flat"": 0.1}, ""face_h"": 60.0, ""face_w"": 60.0, ""margin_depths"": 2.0, ""seed"": 23, ""top"": ""shingle"", ""top_depth"": 47.0, ""top_params"": {""azimuth_mode"": ""grid"", ""jitter"": 0.3, ""pitch"": 5.5, ""plate_t_bot"": 0.1, ""plate_t_top"": 0.1, ""tilt_deg"": 2.0, ""tilt_jitter"": 0.0}}"
FL_bl100grid_pyramid_d30_s23,floor,shingle/pyramid,"sheet, grid",0.1,23,d76,bl100grid,shingle,5.5,0.1,47.0,pyramid,3.0,2.0,50.0,9.090909090909092,0.03044210510272572,-20.0,0.0009084059856832027,0.04999997094273567,"{""backing"": 2.0, ""bot"": ""pyramid"", ""bot_depth"": 3.0, ""bot_params"": {""margin_depth_ref"": 50.0, ""pitch"": 2.0, ""tip_flat"": 0.1}, ""face_h"": 60.0, ""face_w"": 60.0, ""margin_depths"": 2.0, ""seed"": 23, ""top"": ""shingle"", ""top_depth"": 47.0, ""top_params"": {""azimuth_mode"": ""grid"", ""jitter"": 0.3, ""pitch"": 5.5, ""plate_t_bot"": 0.1, ""plate_t_top"": 0.1, ""tilt_deg"": 2.0, ""tilt_jitter"": 0.0}}"
FL_bl100grid_pyramid_d30_s23,floor,shingle/pyramid,"sheet, grid",0.1,23,d76,bl100grid,shingle,5.5,0.1,47.0,pyramid,3.0,2.0,50.0,9.090909090909092,0.03044210510272572,-40.0,0.0014622558373957872,0.04999997094273567,"{""backing"": 2.0, ""bot"": ""pyramid"", ""bot_depth"": 3.0, ""bot_params"": {""margin_depth_ref"": 50.0, ""pitch"": 2.0, ""tip_flat"": 0.1}, ""face_h"": 60.0, ""face_w"": 60.0, ""margin_depths"": 2.0, ""seed"": 23, ""top"": ""shingle"", ""top_depth"": 47.0, ""top_params"": {""azimuth_mode"": ""grid"", ""jitter"": 0.3, ""pitch"": 5.5, ""plate_t_bot"": 0.1, ""plate_t_top"": 0.1, ""tilt_deg"": 2.0, ""tilt_jitter"": 0.0}}"
FL_bl100grid_pyramid_d30_s23,floor,shingle/pyramid,"sheet, grid",0.1,23,d76,bl100grid,shingle,5.5,0.1,47.0,pyramid,3.0,2.0,50.0,9.090909090909092,0.03044210510272572,20.0,0.0010392077965661883,0.04999997094273567,"{""backing"": 2.0, ""bot"": ""pyramid"", ""bot_depth"": 3.0, ""bot_params"": {""margin_depth_ref"": 50.0, ""pitch"": 2.0, ""tip_flat"": 0.1}, ""face_h"": 60.0, ""face_w"": 60.0, ""margin_depths"": 2.0, ""seed"": 23, ""top"": ""shingle"", ""top_depth"": 47.0, ""top_params"": {""azimuth_mode"": ""grid"", ""jitter"": 0.3, ""pitch"": 5.5, ""plate_t_bot"": 0.1, ""plate_t_top"": 0.1, ""tilt_deg"": 2.0, ""tilt_jitter"": 0.0}}"
FL_bl100grid_pyramid_d30_s23,floor,shingle/pyramid,"sheet, grid",0.1,23,d76,bl100grid,shingle,5.5,0.1,47.0,pyramid,3.0,2.0,50.0,9.090909090909092,0.03044210510272572,40.0,0.001602208474650979,0.04999997094273567,"{""backing"": 2.0, ""bot"": ""pyramid"", ""bot_depth"": 3.0, ""bot_params"": {""margin_depth_ref"": 50.0, ""pitch"": 2.0, ""tip_flat"": 0.1}, ""face_h"": 60.0, ""face_w"": 60.0, ""margin_depths"": 2.0, ""seed"": 23, ""top"": ""shingle"", ""top_depth"": 47.0, ""top_params"": {""azimuth_mode"": ""grid"", ""jitter"": 0.3, ""pitch"": 5.5, ""plate_t_bot"": 0.1, ""plate_t_top"": 0.1, ""tilt_deg"": 2.0, ""tilt_jitter"": 0.0}}"
FL_bl100grid_pyramid_d30_s23,floor,shingle/pyramid,"sheet, grid",0.1,23,d100,bl100grid,shingle,5.5,0.1,47.0,pyramid,3.0,2.0,50.0,9.090909090909092,0.03044210510272572,0.0,0.000473238731501624,0.04999997094273567,"{""backing"": 2.0, ""bot"": ""pyramid"", ""bot_depth"": 3.0, ""bot_params"": {""margin_depth_ref"": 50.0, ""pitch"": 2.0, ""tip_flat"": 0.1}, ""face_h"": 60.0, ""face_w"": 60.0, ""margin_depths"": 2.0, ""seed"": 23, ""top"": ""shingle"", ""top_depth"": 47.0, ""top_params"": {""azimuth_mode"": ""grid"", ""jitter"": 0.3, ""pitch"": 5.5, ""plate_t_bot"": 0.1, ""plate_t_top"": 0.1, ""tilt_deg"": 2.0, ""tilt_jitter"": 0.0}}"
FL_bl100grid_pyramid_d30_s23,floor,shingle/pyramid,"sheet, grid",0.1,23,d100,bl100grid,shingle,5.5,0.1,47.0,pyramid,3.0,2.0,50.0,9.090909090909092,0.03044210510272572,-20.0,0.0010274414671584964,0.04999997094273567,"{""backing"": 2.0, ""bot"": ""pyramid"", ""bot_depth"": 3.0, ""bot_params"": {""margin_depth_ref"": 50.0, ""pitch"": 2.0, ""tip_flat"": 0.1}, ""face_h"": 60.0, ""face_w"": 60.0, ""margin_depths"": 2.0, ""seed"": 23, ""top"": ""shingle"", ""top_depth"": 47.0, ""top_params"": {""azimuth_mode"": ""grid"", ""jitter"": 0.3, ""pitch"": 5.5, ""plate_t_bot"": 0.1, ""plate_t_top"": 0.1, ""tilt_deg"": 2.0, ""tilt_jitter"": 0.0}}"
FL_bl100grid_pyramid_d30_s23,floor,shingle/pyramid,"sheet, grid",0.1,23,d100,bl100grid,shingle,5.5,0.1,47.0,pyramid,3.0,2.0,50.0,9.090909090909092,0.03044210510272572,-40.0,0.001767025445587933,0.04999997094273567,"{""backing"": 2.0, ""bot"": ""pyramid"", ""bot_depth"": 3.0, ""bot_params"": {""margin_depth_ref"": 50.0, ""pitch"": 2.0, ""tip_flat"": 0.1}, ""face_h"": 60.0, ""face_w"": 60.0, ""margin_depths"": 2.0, ""seed"": 23, ""top"": ""shingle"", ""top_depth"": 47.0, ""top_params"": {""azimuth_mode"": ""grid"", ""jitter"": 0.3, ""pitch"": 5.5, ""plate_t_bot"": 0.1, ""plate_t_top"": 0.1, ""tilt_deg"": 2.0, ""tilt_jitter"": 0.0}}"
FL_bl100grid_pyramid_d30_s23,floor,shingle/pyramid,"sheet, grid",0.1,23,d100,bl100grid,shingle,5.5,0.1,47.0,pyramid,3.0,2.0,50.0,9.090909090909092,0.03044210510272572,20.0,0.0012081548338755965,0.04999997094273567,"{""backing"": 2.0, ""bot"": ""pyramid"", ""bot_depth"": 3.0, ""bot_params"": {""margin_depth_ref"": 50.0, ""pitch"": 2.0, ""tip_flat"": 0.1}, ""face_h"": 60.0, ""face_w"": 60.0, ""margin_depths"": 2.0, ""seed"": 23, ""top"": ""shingle"", ""top_depth"": 47.0, ""top_params"": {""azimuth_mode"": ""grid"", ""jitter"": 0.3, ""pitch"": 5.5, ""plate_t_bot"": 0.1, ""plate_t_top"": 0.1, ""tilt_deg"": 2.0, ""tilt_jitter"": 0.0}}"
FL_bl100grid_pyramid_d30_s23,floor,shingle/pyramid,"sheet, grid",0.1,23,d100,bl100grid,shingle,5.5,0.1,47.0,pyramid,3.0,2.0,50.0,9.090909090909092,0.03044210510272572,40.0,0.0019633634947240353,0.04999997094273567,"{""backing"": 2.0, ""bot"": ""pyramid"", ""bot_depth"": 3.0, ""bot_params"": {""margin_depth_ref"": 50.0, ""pitch"": 2.0, ""tip_flat"": 0.1}, ""face_h"": 60.0, ""face_w"": 60.0, ""margin_depths"": 2.0, ""seed"": 23, ""top"": ""shingle"", ""top_depth"": 47.0, ""top_params"": {""azimuth_mode"": ""grid"", ""jitter"": 0.3, ""pitch"": 5.5, ""plate_t_bot"": 0.1, ""plate_t_top"": 0.1, ""tilt_deg"": 2.0, ""tilt_jitter"": 0.0}}"
FL_bl100grid_pyramid_d50_s23,floor,shingle/pyramid,"sheet, grid",0.1,23,d00,bl100grid,shingle,5.5,0.1,45.0,pyramid,5.0,2.0,50.0,9.090909090909092,0.03044210510272572,0.0,0.0007442307542078197,0.04999997094273567,"{""backing"": 2.0, ""bot"": ""pyramid"", ""bot_depth"": 5.0, ""bot_params"": {""margin_depth_ref"": 50.0, ""pitch"": 2.0, ""tip_flat"": 0.1}, ""face_h"": 60.0, ""face_w"": 60.0, ""margin_depths"": 2.0, ""seed"": 23, ""top"": ""shingle"", ""top_depth"": 45.0, ""top_params"": {""azimuth_mode"": ""grid"", ""jitter"": 0.3, ""pitch"": 5.5, ""plate_t_bot"": 0.1, ""plate_t_top"": 0.1, ""tilt_deg"": 2.0, ""tilt_jitter"": 0.0}}"
FL_bl100grid_pyramid_d50_s23,floor,shingle/pyramid,"sheet, grid",0.1,23,d00,bl100grid,shingle,5.5,0.1,45.0,pyramid,5.0,2.0,50.0,9.090909090909092,0.03044210510272572,-20.0,0.0006029765354469419,0.04999997094273567,"{""backing"": 2.0, ""bot"": ""pyramid"", ""bot_depth"": 5.0, ""bot_params"": {""margin_depth_ref"": 50.0, ""pitch"": 2.0, ""tip_flat"": 0.1}, ""face_h"": 60.0, ""face_w"": 60.0, ""margin_depths"": 2.0, ""seed"": 23, ""top"": ""shingle"", ""top_depth"": 45.0, ""top_params"": {""azimuth_mode"": ""grid"", ""jitter"": 0.3, ""pitch"": 5.5, ""plate_t_bot"": 0.1, ""plate_t_top"": 0.1, ""tilt_deg"": 2.0, ""tilt_jitter"": 0.0}}"
FL_bl100grid_pyramid_d50_s23,floor,shingle/pyramid,"sheet, grid",0.1,23,d00,bl100grid,shingle,5.5,0.1,45.0,pyramid,5.0,2.0,50.0,9.090909090909092,0.03044210510272572,-40.0,0.0005842862301506102,0.04999997094273567,"{""backing"": 2.0, ""bot"": ""pyramid"", ""bot_depth"": 5.0, ""bot_params"": {""margin_depth_ref"": 50.0, ""pitch"": 2.0, ""tip_flat"": 0.1}, ""face_h"": 60.0, ""face_w"": 60.0, ""margin_depths"": 2.0, ""seed"": 23, ""top"": ""shingle"", ""top_depth"": 45.0, ""top_params"": {""azimuth_mode"": ""grid"", ""jitter"": 0.3, ""pitch"": 5.5, ""plate_t_bot"": 0.1, ""plate_t_top"": 0.1, ""tilt_deg"": 2.0, ""tilt_jitter"": 0.0}}"
FL_bl100grid_pyramid_d50_s23,floor,shingle/pyramid,"sheet, grid",0.1,23,d00,bl100grid,shingle,5.5,0.1,45.0,pyramid,5.0,2.0,50.0,9.090909090909092,0.03044210510272572,20.0,0.0005639285664074123,0.04999997094273567,"{""backing"": 2.0, ""bot"": ""pyramid"", ""bot_depth"": 5.0, ""bot_params"": {""margin_depth_ref"": 50.0, ""pitch"": 2.0, ""tip_flat"": 0.1}, ""face_h"": 60.0, ""face_w"": 60.0, ""margin_depths"": 2.0, ""seed"": 23, ""top"": ""shingle"", ""top_depth"": 45.0, ""top_params"": {""azimuth_mode"": ""grid"", ""jitter"": 0.3, ""pitch"": 5.5, ""plate_t_bot"": 0.1, ""plate_t_top"": 0.1, ""tilt_deg"": 2.0, ""tilt_jitter"": 0.0}}"
FL_bl100grid_pyramid_d50_s23,floor,shingle/pyramid,"sheet, grid",0.1,23,d00,bl100grid,shingle,5.5,0.1,45.0,pyramid,5.0,2.0,50.0,9.090909090909092,0.03044210510272572,40.0,0.0005563180311582983,0.04999997094273567,"{""backing"": 2.0, ""bot"": ""pyramid"", ""bot_depth"": 5.0, ""bot_params"": {""margin_depth_ref"": 50.0, ""pitch"": 2.0, ""tip_flat"": 0.1}, ""face_h"": 60.0, ""face_w"": 60.0, ""margin_depths"": 2.0, ""seed"": 23, ""top"": ""shingle"", ""top_depth"": 45.0, ""top_params"": {""azimuth_mode"": ""grid"", ""jitter"": 0.3, ""pitch"": 5.5, ""plate_t_bot"": 0.1, ""plate_t_top"": 0.1, ""tilt_deg"": 2.0, ""tilt_jitter"": 0.0}}"
FL_bl100grid_pyramid_d50_s23,floor,shingle/pyramid,"sheet, grid",0.1,23,d76,bl100grid,shingle,5.5,0.1,45.0,pyramid,5.0,2.0,50.0,9.090909090909092,0.03044210510272572,0.0,0.0005463850684463978,0.04999997094273567,"{""backing"": 2.0, ""bot"": ""pyramid"", ""bot_depth"": 5.0, ""bot_params"": {""margin_depth_ref"": 50.0, ""pitch"": 2.0, ""tip_flat"": 0.1}, ""face_h"": 60.0, ""face_w"": 60.0, ""margin_depths"": 2.0, ""seed"": 23, ""top"": ""shingle"", ""top_depth"": 45.0, ""top_params"": {""azimuth_mode"": ""grid"", ""jitter"": 0.3, ""pitch"": 5.5, ""plate_t_bot"": 0.1, ""plate_t_top"": 0.1, ""tilt_deg"": 2.0, ""tilt_jitter"": 0.0}}"
FL_bl100grid_pyramid_d50_s23,floor,shingle/pyramid,"sheet, grid",0.1,23,d76,bl100grid,shingle,5.5,0.1,45.0,pyramid,5.0,2.0,50.0,9.090909090909092,0.03044210510272572,-20.0,0.0009618708863854408,0.04999997094273567,"{""backing"": 2.0, ""bot"": ""pyramid"", ""bot_depth"": 5.0, ""bot_params"": {""margin_depth_ref"": 50.0, ""pitch"": 2.0, ""tip_flat"": 0.1}, ""face_h"": 60.0, ""face_w"": 60.0, ""margin_depths"": 2.0, ""seed"": 23, ""top"": ""shingle"", ""top_depth"": 45.0, ""top_params"": {""azimuth_mode"": ""grid"", ""jitter"": 0.3, ""pitch"": 5.5, ""plate_t_bot"": 0.1, ""plate_t_top"": 0.1, ""tilt_deg"": 2.0, ""tilt_jitter"": 0.0}}"
FL_bl100grid_pyramid_d50_s23,floor,shingle/pyramid,"sheet, grid",0.1,23,d76,bl100grid,shingle,5.5,0.1,45.0,pyramid,5.0,2.0,50.0,9.090909090909092,0.03044210510272572,-40.0,0.001510667148977518,0.04999997094273567,"{""backing"": 2.0, ""bot"": ""pyramid"", ""bot_depth"": 5.0, ""bot_params"": {""margin_depth_ref"": 50.0, ""pitch"": 2.0, ""tip_flat"": 0.1}, ""face_h"": 60.0, ""face_w"": 60.0, ""margin_depths"": 2.0, ""seed"": 23, ""top"": ""shingle"", ""top_depth"": 45.0, ""top_params"": {""azimuth_mode"": ""grid"", ""jitter"": 0.3, ""pitch"": 5.5, ""plate_t_bot"": 0.1, ""plate_t_top"": 0.1, ""tilt_deg"": 2.0, ""tilt_jitter"": 0.0}}"
FL_bl100grid_pyramid_d50_s23,floor,shingle/pyramid,"sheet, grid",0.1,23,d76,bl100grid,shingle,5.5,0.1,45.0,pyramid,5.0,2.0,50.0,9.090909090909092,0.03044210510272572,20.0,0.0011304152430966496,0.04999997094273567,"{""backing"": 2.0, ""bot"": ""pyramid"", ""bot_depth"": 5.0, ""bot_params"": {""margin_depth_ref"": 50.0, ""pitch"": 2.0, ""tip_flat"": 0.1}, ""face_h"": 60.0, ""face_w"": 60.0, ""margin_depths"": 2.0, ""seed"": 23, ""top"": ""shingle"", ""top_depth"": 45.0, ""top_params"": {""azimuth_mode"": ""grid"", ""jitter"": 0.3, ""pitch"": 5.5, ""plate_t_bot"": 0.1, ""plate_t_top"": 0.1, ""tilt_deg"": 2.0, ""tilt_jitter"": 0.0}}"
FL_bl100grid_pyramid_d50_s23,floor,shingle/pyramid,"sheet, grid",0.1,23,d76,bl100grid,shingle,5.5,0.1,45.0,pyramid,5.0,2.0,50.0,9.090909090909092,0.03044210510272572,40.0,0.0017059121746569872,0.04999997094273567,"{""backing"": 2.0, ""bot"": ""pyramid"", ""bot_depth"": 5.0, ""bot_params"": {""margin_depth_ref"": 50.0, ""pitch"": 2.0, ""tip_flat"": 0.1}, ""face_h"": 60.0, ""face_w"": 60.0, ""margin_depths"": 2.0, ""seed"": 23, ""top"": ""shingle"", ""top_depth"": 45.0, ""top_params"": {""azimuth_mode"": ""grid"", ""jitter"": 0.3, ""pitch"": 5.5, ""plate_t_bot"": 0.1, ""plate_t_top"": 0.1, ""tilt_deg"": 2.0, ""tilt_jitter"": 0.0}}"
FL_bl100grid_pyramid_d50_s23,floor,shingle/pyramid,"sheet, grid",0.1,23,d100,bl100grid,shingle,5.5,0.1,45.0,pyramid,5.0,2.0,50.0,9.090909090909092,0.03044210510272572,0.0,0.0005106013850308955,0.04999997094273567,"{""backing"": 2.0, ""bot"": ""pyramid"", ""bot_depth"": 5.0, ""bot_params"": {""margin_depth_ref"": 50.0, ""pitch"": 2.0, ""tip_flat"": 0.1}, ""face_h"": 60.0, ""face_w"": 60.0, ""margin_depths"": 2.0, ""seed"": 23, ""top"": ""shingle"", ""top_depth"": 45.0, ""top_params"": {""azimuth_mode"": ""grid"", ""jitter"": 0.3, ""pitch"": 5.5, ""plate_t_bot"": 0.1, ""plate_t_top"": 0.1, ""tilt_deg"": 2.0, ""tilt_jitter"": 0.0}}"
FL_bl100grid_pyramid_d50_s23,floor,shingle/pyramid,"sheet, grid",0.1,23,d100,bl100grid,shingle,5.5,0.1,45.0,pyramid,5.0,2.0,50.0,9.090909090909092,0.03044210510272572,-20.0,0.001090574194677174,0.04999997094273567,"{""backing"": 2.0, ""bot"": ""pyramid"", ""bot_depth"": 5.0, ""bot_params"": {""margin_depth_ref"": 50.0, ""pitch"": 2.0, ""tip_flat"": 0.1}, ""face_h"": 60.0, ""face_w"": 60.0, ""margin_depths"": 2.0, ""seed"": 23, ""top"": ""shingle"", ""top_depth"": 45.0, ""top_params"": {""azimuth_mode"": ""grid"", ""jitter"": 0.3, ""pitch"": 5.5, ""plate_t_bot"": 0.1, ""plate_t_top"": 0.1, ""tilt_deg"": 2.0, ""tilt_jitter"": 0.0}}"
FL_bl100grid_pyramid_d50_s23,floor,shingle/pyramid,"sheet, grid",0.1,23,d100,bl100grid,shingle,5.5,0.1,45.0,pyramid,5.0,2.0,50.0,9.090909090909092,0.03044210510272572,-40.0,0.0018202271312475204,0.04999997094273567,"{""backing"": 2.0, ""bot"": ""pyramid"", ""bot_depth"": 5.0, ""bot_params"": {""margin_depth_ref"": 50.0, ""pitch"": 2.0, ""tip_flat"": 0.1}, ""face_h"": 60.0, ""face_w"": 60.0, ""margin_depths"": 2.0, ""seed"": 23, ""top"": ""shingle"", ""top_depth"": 45.0, ""top_params"": {""azimuth_mode"": ""grid"", ""jitter"": 0.3, ""pitch"": 5.5, ""plate_t_bot"": 0.1, ""plate_t_top"": 0.1, ""tilt_deg"": 2.0, ""tilt_jitter"": 0.0}}"
FL_bl100grid_pyramid_d50_s23,floor,shingle/pyramid,"sheet, grid",0.1,23,d100,bl100grid,shingle,5.5,0.1,45.0,pyramid,5.0,2.0,50.0,9.090909090909092,0.03044210510272572,20.0,0.0013258750550448895,0.04999997094273567,"{""backing"": 2.0, ""bot"": ""pyramid"", ""bot_depth"": 5.0, ""bot_params"": {""margin_depth_ref"": 50.0, ""pitch"": 2.0, ""tip_flat"": 0.1}, ""face_h"": 60.0, ""face_w"": 60.0, ""margin_depths"": 2.0, ""seed"": 23, ""top"": ""shingle"", ""top_depth"": 45.0, ""top_params"": {""azimuth_mode"": ""grid"", ""jitter"": 0.3, ""pitch"": 5.5, ""plate_t_bot"": 0.1, ""plate_t_top"": 0.1, ""tilt_deg"": 2.0, ""tilt_jitter"": 0.0}}"
FL_bl100grid_pyramid_d50_s23,floor,shingle/pyramid,"sheet, grid",0.1,23,d100,bl100grid,shingle,5.5,0.1,45.0,pyramid,5.0,2.0,50.0,9.090909090909092,0.03044210510272572,40.0,0.0020862247329205275,0.04999997094273567,"{""backing"": 2.0, ""bot"": ""pyramid"", ""bot_depth"": 5.0, ""bot_params"": {""margin_depth_ref"": 50.0, ""pitch"": 2.0, ""tip_flat"": 0.1}, ""face_h"": 60.0, ""face_w"": 60.0, ""margin_depths"": 2.0, ""seed"": 23, ""top"": ""shingle"", ""top_depth"": 45.0, ""top_params"": {""azimuth_mode"": ""grid"", ""jitter"": 0.3, ""pitch"": 5.5, ""plate_t_bot"": 0.1, ""plate_t_top"": 0.1, ""tilt_deg"": 2.0, ""tilt_jitter"": 0.0}}"
FL_bl100grid_wave_d20_s23,floor,shingle/wave,"sheet, grid",0.1,23,d00,bl100grid,shingle,5.5,0.1,48.0,wave,2.0,2.0,50.0,9.090909090909092,0.03044210510272572,0.0,0.0008689592941664159,0.04999997094273567,"{""backing"": 2.0, ""bot"": ""wave"", ""bot_depth"": 2.0, ""bot_params"": {""margin_depth_ref"": 50.0, ""pitch"": 2.0}, ""face_h"": 60.0, ""face_w"": 60.0, ""margin_depths"": 2.0, ""seed"": 23, ""top"": ""shingle"", ""top_depth"": 48.0, ""top_params"": {""azimuth_mode"": ""grid"", ""jitter"": 0.3, ""pitch"": 5.5, ""plate_t_bot"": 0.1, ""plate_t_top"": 0.1, ""tilt_deg"": 2.0, ""tilt_jitter"": 0.0}}"
FL_bl100grid_wave_d20_s23,floor,shingle/wave,"sheet, grid",0.1,23,d00,bl100grid,shingle,5.5,0.1,48.0,wave,2.0,2.0,50.0,9.090909090909092,0.03044210510272572,-20.0,0.0005505579174496233,0.04999997094273567,"{""backing"": 2.0, ""bot"": ""wave"", ""bot_depth"": 2.0, ""bot_params"": {""margin_depth_ref"": 50.0, ""pitch"": 2.0}, ""face_h"": 60.0, ""face_w"": 60.0, ""margin_depths"": 2.0, ""seed"": 23, ""top"": ""shingle"", ""top_depth"": 48.0, ""top_params"": {""azimuth_mode"": ""grid"", ""jitter"": 0.3, ""pitch"": 5.5, ""plate_t_bot"": 0.1, ""plate_t_top"": 0.1, ""tilt_deg"": 2.0, ""tilt_jitter"": 0.0}}"
FL_bl100grid_wave_d20_s23,floor,shingle/wave,"sheet, grid",0.1,23,d00,bl100grid,shingle,5.5,0.1,48.0,wave,2.0,2.0,50.0,9.090909090909092,0.03044210510272572,-40.0,0.0005196974379941821,0.04999997094273567,"{""backing"": 2.0, ""bot"": ""wave"", ""bot_depth"": 2.0, ""bot_params"": {""margin_depth_ref"": 50.0, ""pitch"": 2.0}, ""face_h"": 60.0, ""face_w"": 60.0, ""margin_depths"": 2.0, ""seed"": 23, ""top"": ""shingle"", ""top_depth"": 48.0, ""top_params"": {""azimuth_mode"": ""grid"", ""jitter"": 0.3, ""pitch"": 5.5, ""plate_t_bot"": 0.1, ""plate_t_top"": 0.1, ""tilt_deg"": 2.0, ""tilt_jitter"": 0.0}}"
FL_bl100grid_wave_d20_s23,floor,shingle/wave,"sheet, grid",0.1,23,d00,bl100grid,shingle,5.5,0.1,48.0,wave,2.0,2.0,50.0,9.090909090909092,0.03044210510272572,20.0,0.0005270191468298435,0.04999997094273567,"{""backing"": 2.0, ""bot"": ""wave"", ""bot_depth"": 2.0, ""bot_params"": {""margin_depth_ref"": 50.0, ""pitch"": 2.0}, ""face_h"": 60.0, ""face_w"": 60.0, ""margin_depths"": 2.0, ""seed"": 23, ""top"": ""shingle"", ""top_depth"": 48.0, ""top_params"": {""azimuth_mode"": ""grid"", ""jitter"": 0.3, ""pitch"": 5.5, ""plate_t_bot"": 0.1, ""plate_t_top"": 0.1, ""tilt_deg"": 2.0, ""tilt_jitter"": 0.0}}"
FL_bl100grid_wave_d20_s23,floor,shingle/wave,"sheet, grid",0.1,23,d00,bl100grid,shingle,5.5,0.1,48.0,wave,2.0,2.0,50.0,9.090909090909092,0.03044210510272572,40.0,0.0005117575637996197,0.04999997094273567,"{""backing"": 2.0, ""bot"": ""wave"", ""bot_depth"": 2.0, ""bot_params"": {""margin_depth_ref"": 50.0, ""pitch"": 2.0}, ""face_h"": 60.0, ""face_w"": 60.0, ""margin_depths"": 2.0, ""seed"": 23, ""top"": ""shingle"", ""top_depth"": 48.0, ""top_params"": {""azimuth_mode"": ""grid"", ""jitter"": 0.3, ""pitch"": 5.5, ""plate_t_bot"": 0.1, ""plate_t_top"": 0.1, ""tilt_deg"": 2.0, ""tilt_jitter"": 0.0}}"
FL_bl100grid_wave_d20_s23,floor,shingle/wave,"sheet, grid",0.1,23,d76,bl100grid,shingle,5.5,0.1,48.0,wave,2.0,2.0,50.0,9.090909090909092,0.03044210510272572,0.0,0.0005246021319180727,0.04999997094273567,"{""backing"": 2.0, ""bot"": ""wave"", ""bot_depth"": 2.0, ""bot_params"": {""margin_depth_ref"": 50.0, ""pitch"": 2.0}, ""face_h"": 60.0, ""face_w"": 60.0, ""margin_depths"": 2.0, ""seed"": 23, ""top"": ""shingle"", ""top_depth"": 48.0, ""top_params"": {""azimuth_mode"": ""grid"", ""jitter"": 0.3, ""pitch"": 5.5, ""plate_t_bot"": 0.1, ""plate_t_top"": 0.1, ""tilt_deg"": 2.0, ""tilt_jitter"": 0.0}}"
FL_bl100grid_wave_d20_s23,floor,shingle/wave,"sheet, grid",0.1,23,d76,bl100grid,shingle,5.5,0.1,48.0,wave,2.0,2.0,50.0,9.090909090909092,0.03044210510272572,-20.0,0.0009082986507564783,0.04999997094273567,"{""backing"": 2.0, ""bot"": ""wave"", ""bot_depth"": 2.0, ""bot_params"": {""margin_depth_ref"": 50.0, ""pitch"": 2.0}, ""face_h"": 60.0, ""face_w"": 60.0, ""margin_depths"": 2.0, ""seed"": 23, ""top"": ""shingle"", ""top_depth"": 48.0, ""top_params"": {""azimuth_mode"": ""grid"", ""jitter"": 0.3, ""pitch"": 5.5, ""plate_t_bot"": 0.1, ""plate_t_top"": 0.1, ""tilt_deg"": 2.0, ""tilt_jitter"": 0.0}}"
FL_bl100grid_wave_d20_s23,floor,shingle/wave,"sheet, grid",0.1,23,d76,bl100grid,shingle,5.5,0.1,48.0,wave,2.0,2.0,50.0,9.090909090909092,0.03044210510272572,-40.0,0.001462358864955604,0.04999997094273567,"{""backing"": 2.0, ""bot"": ""wave"", ""bot_depth"": 2.0, ""bot_params"": {""margin_depth_ref"": 50.0, ""pitch"": 2.0}, ""face_h"": 60.0, ""face_w"": 60.0, ""margin_depths"": 2.0, ""seed"": 23, ""top"": ""shingle"", ""top_depth"": 48.0, ""top_params"": {""azimuth_mode"": ""grid"", ""jitter"": 0.3, ""pitch"": 5.5, ""plate_t_bot"": 0.1, ""plate_t_top"": 0.1, ""tilt_deg"": 2.0, ""tilt_jitter"": 0.0}}"
FL_bl100grid_wave_d20_s23,floor,shingle/wave,"sheet, grid",0.1,23,d76,bl100grid,shingle,5.5,0.1,48.0,wave,2.0,2.0,50.0,9.090909090909092,0.03044210510272572,20.0,0.001038879156112671,0.04999997094273567,"{""backing"": 2.0, ""bot"": ""wave"", ""bot_depth"": 2.0, ""bot_params"": {""margin_depth_ref"": 50.0, ""pitch"": 2.0}, ""face_h"": 60.0, ""face_w"": 60.0, ""margin_depths"": 2.0, ""seed"": 23, ""top"": ""shingle"", ""top_depth"": 48.0, ""top_params"": {""azimuth_mode"": ""grid"", ""jitter"": 0.3, ""pitch"": 5.5, ""plate_t_bot"": 0.1, ""plate_t_top"": 0.1, ""tilt_deg"": 2.0, ""tilt_jitter"": 0.0}}"
FL_bl100grid_wave_d20_s23,floor,shingle/wave,"sheet, grid",0.1,23,d76,bl100grid,shingle,5.5,0.1,48.0,wave,2.0,2.0,50.0,9.090909090909092,0.03044210510272572,40.0,0.001602211152203381,0.04999997094273567,"{""backing"": 2.0, ""bot"": ""wave"", ""bot_depth"": 2.0, ""bot_params"": {""margin_depth_ref"": 50.0, ""pitch"": 2.0}, ""face_h"": 60.0, ""face_w"": 60.0, ""margin_depths"": 2.0, ""seed"": 23, ""top"": ""shingle"", ""top_depth"": 48.0, ""top_params"": {""azimuth_mode"": ""grid"", ""jitter"": 0.3, ""pitch"": 5.5, ""plate_t_bot"": 0.1, ""plate_t_top"": 0.1, ""tilt_deg"": 2.0, ""tilt_jitter"": 0.0}}"
FL_bl100grid_wave_d20_s23,floor,shingle/wave,"sheet, grid",0.1,23,d100,bl100grid,shingle,5.5,0.1,48.0,wave,2.0,2.0,50.0,9.090909090909092,0.03044210510272572,0.0,0.0004789837694261223,0.04999997094273567,"{""backing"": 2.0, ""bot"": ""wave"", ""bot_depth"": 2.0, ""bot_params"": {""margin_depth_ref"": 50.0, ""pitch"": 2.0}, ""face_h"": 60.0, ""face_w"": 60.0, ""margin_depths"": 2.0, ""seed"": 23, ""top"": ""shingle"", ""top_depth"": 48.0, ""top_params"": {""azimuth_mode"": ""grid"", ""jitter"": 0.3, ""pitch"": 5.5, ""plate_t_bot"": 0.1, ""plate_t_top"": 0.1, ""tilt_deg"": 2.0, ""tilt_jitter"": 0.0}}"
FL_bl100grid_wave_d20_s23,floor,shingle/wave,"sheet, grid",0.1,23,d100,bl100grid,shingle,5.5,0.1,48.0,wave,2.0,2.0,50.0,9.090909090909092,0.03044210510272572,-20.0,0.0010273191146552563,0.04999997094273567,"{""backing"": 2.0, ""bot"": ""wave"", ""bot_depth"": 2.0, ""bot_params"": {""margin_depth_ref"": 50.0, ""pitch"": 2.0}, ""face_h"": 60.0, ""face_w"": 60.0, ""margin_depths"": 2.0, ""seed"": 23, ""top"": ""shingle"", ""top_depth"": 48.0, ""top_params"": {""azimuth_mode"": ""grid"", ""jitter"": 0.3, ""pitch"": 5.5, ""plate_t_bot"": 0.1, ""plate_t_top"": 0.1, ""tilt_deg"": 2.0, ""tilt_jitter"": 0.0}}"
FL_bl100grid_wave_d20_s23,floor,shingle/wave,"sheet, grid",0.1,23,d100,bl100grid,shingle,5.5,0.1,48.0,wave,2.0,2.0,50.0,9.090909090909092,0.03044210510272572,-40.0,0.0017671288223937154,0.04999997094273567,"{""backing"": 2.0, ""bot"": ""wave"", ""bot_depth"": 2.0, ""bot_params"": {""margin_depth_ref"": 50.0, ""pitch"": 2.0}, ""face_h"": 60.0, ""face_w"": 60.0, ""margin_depths"": 2.0, ""seed"": 23, ""top"": ""shingle"", ""top_depth"": 48.0, ""top_params"": {""azimuth_mode"": ""grid"", ""jitter"": 0.3, ""pitch"": 5.5, ""plate_t_bot"": 0.1, ""plate_t_top"": 0.1, ""tilt_deg"": 2.0, ""tilt_jitter"": 0.0}}"
FL_bl100grid_wave_d20_s23,floor,shingle/wave,"sheet, grid",0.1,23,d100,bl100grid,shingle,5.5,0.1,48.0,wave,2.0,2.0,50.0,9.090909090909092,0.03044210510272572,20.0,0.0012082788161933422,0.04999997094273567,"{""backing"": 2.0, ""bot"": ""wave"", ""bot_depth"": 2.0, ""bot_params"": {""margin_depth_ref"": 50.0, ""pitch"": 2.0}, ""face_h"": 60.0, ""face_w"": 60.0, ""margin_depths"": 2.0, ""seed"": 23, ""top"": ""shingle"", ""top_depth"": 48.0, ""top_params"": {""azimuth_mode"": ""grid"", ""jitter"": 0.3, ""pitch"": 5.5, ""plate_t_bot"": 0.1, ""plate_t_top"": 0.1, ""tilt_deg"": 2.0, ""tilt_jitter"": 0.0}}"
FL_bl100grid_wave_d20_s23,floor,shingle/wave,"sheet, grid",0.1,23,d100,bl100grid,shingle,5.5,0.1,48.0,wave,2.0,2.0,50.0,9.090909090909092,0.03044210510272572,40.0,0.0019633639603853226,0.04999997094273567,"{""backing"": 2.0, ""bot"": ""wave"", ""bot_depth"": 2.0, ""bot_params"": {""margin_depth_ref"": 50.0, ""pitch"": 2.0}, ""face_h"": 60.0, ""face_w"": 60.0, ""margin_depths"": 2.0, ""seed"": 23, ""top"": ""shingle"", ""top_depth"": 48.0, ""top_params"": {""azimuth_mode"": ""grid"", ""jitter"": 0.3, ""pitch"": 5.5, ""plate_t_bot"": 0.1, ""plate_t_top"": 0.1, ""tilt_deg"": 2.0, ""tilt_jitter"": 0.0}}"
FL_bl100grid_wave_d30_s23,floor,shingle/wave,"sheet, grid",0.1,23,d00,bl100grid,shingle,5.5,0.1,47.0,wave,3.0,2.0,50.0,9.090909090909092,0.03044210510272572,0.0,0.00072314782300964,0.04999997094273567,"{""backing"": 2.0, ""bot"": ""wave"", ""bot_depth"": 3.0, ""bot_params"": {""margin_depth_ref"": 50.0, ""pitch"": 2.0}, ""face_h"": 60.0, ""face_w"": 60.0, ""margin_depths"": 2.0, ""seed"": 23, ""top"": ""shingle"", ""top_depth"": 47.0, ""top_params"": {""azimuth_mode"": ""grid"", ""jitter"": 0.3, ""pitch"": 5.5, ""plate_t_bot"": 0.1, ""plate_t_top"": 0.1, ""tilt_deg"": 2.0, ""tilt_jitter"": 0.0}}"
FL_bl100grid_wave_d30_s23,floor,shingle/wave,"sheet, grid",0.1,23,d00,bl100grid,shingle,5.5,0.1,47.0,wave,3.0,2.0,50.0,9.090909090909092,0.03044210510272572,-20.0,0.0005495341611094773,0.04999997094273567,"{""backing"": 2.0, ""bot"": ""wave"", ""bot_depth"": 3.0, ""bot_params"": {""margin_depth_ref"": 50.0, ""pitch"": 2.0}, ""face_h"": 60.0, ""face_w"": 60.0, ""margin_depths"": 2.0, ""seed"": 23, ""top"": ""shingle"", ""top_depth"": 47.0, ""top_params"": {""azimuth_mode"": ""grid"", ""jitter"": 0.3, ""pitch"": 5.5, ""plate_t_bot"": 0.1, ""plate_t_top"": 0.1, ""tilt_deg"": 2.0, ""tilt_jitter"": 0.0}}"
FL_bl100grid_wave_d30_s23,floor,shingle/wave,"sheet, grid",0.1,23,d00,bl100grid,shingle,5.5,0.1,47.0,wave,3.0,2.0,50.0,9.090909090909092,0.03044210510272572,-40.0,0.0005197455757297575,0.04999997094273567,"{""backing"": 2.0, ""bot"": ""wave"", ""bot_depth"": 3.0, ""bot_params"": {""margin_depth_ref"": 50.0, ""pitch"": 2.0}, ""face_h"": 60.0, ""face_w"": 60.0, ""margin_depths"": 2.0, ""seed"": 23, ""top"": ""shingle"", ""top_depth"": 47.0, ""top_params"": {""azimuth_mode"": ""grid"", ""jitter"": 0.3, ""pitch"": 5.5, ""plate_t_bot"": 0.1, ""plate_t_top"": 0.1, ""tilt_deg"": 2.0, ""tilt_jitter"": 0.0}}"
FL_bl100grid_wave_d30_s23,floor,shingle/wave,"sheet, grid",0.1,23,d00,bl100grid,shingle,5.5,0.1,47.0,wave,3.0,2.0,50.0,9.090909090909092,0.03044210510272572,20.0,0.0005267170490697026,0.04999997094273567,"{""backing"": 2.0, ""bot"": ""wave"", ""bot_depth"": 3.0, ""bot_params"": {""margin_depth_ref"": 50.0, ""pitch"": 2.0}, ""face_h"": 60.0, ""face_w"": 60.0, ""margin_depths"": 2.0, ""seed"": 23, ""top"": ""shingle"", ""top_depth"": 47.0, ""top_params"": {""azimuth_mode"": ""grid"", ""jitter"": 0.3, ""pitch"": 5.5, ""plate_t_bot"": 0.1, ""plate_t_top"": 0.1, ""tilt_deg"": 2.0, ""tilt_jitter"": 0.0}}"
FL_bl100grid_wave_d30_s23,floor,shingle/wave,"sheet, grid",0.1,23,d00,bl100grid,shingle,5.5,0.1,47.0,wave,3.0,2.0,50.0,9.090909090909092,0.03044210510272572,40.0,0.0005117717664688826,0.04999997094273567,"{""backing"": 2.0, ""bot"": ""wave"", ""bot_depth"": 3.0, ""bot_params"": {""margin_depth_ref"": 50.0, ""pitch"": 2.0}, ""face_h"": 60.0, ""face_w"": 60.0, ""margin_depths"": 2.0, ""seed"": 23, ""top"": ""shingle"", ""top_depth"": 47.0, ""top_params"": {""azimuth_mode"": ""grid"", ""jitter"": 0.3, ""pitch"": 5.5, ""plate_t_bot"": 0.1, ""plate_t_top"": 0.1, ""tilt_deg"": 2.0, ""tilt_jitter"": 0.0}}"
FL_bl100grid_wave_d30_s23,floor,shingle/wave,"sheet, grid",0.1,23,d76,bl100grid,shingle,5.5,0.1,47.0,wave,3.0,2.0,50.0,9.090909090909092,0.03044210510272572,0.0,0.0005095486994832754,0.04999997094273567,"{""backing"": 2.0, ""bot"": ""wave"", ""bot_depth"": 3.0, ""bot_params"": {""margin_depth_ref"": 50.0, ""pitch"": 2.0}, ""face_h"": 60.0, ""face_w"": 60.0, ""margin_depths"": 2.0, ""seed"": 23, ""top"": ""shingle"", ""top_depth"": 47.0, ""top_params"": {""azimuth_mode"": ""grid"", ""jitter"": 0.3, ""pitch"": 5.5, ""plate_t_bot"": 0.1, ""plate_t_top"": 0.1, ""tilt_deg"": 2.0, ""tilt_jitter"": 0.0}}"
FL_bl100grid_wave_d30_s23,floor,shingle/wave,"sheet, grid",0.1,23,d76,bl100grid,shingle,5.5,0.1,47.0,wave,3.0,2.0,50.0,9.090909090909092,0.03044210510272572,-20.0,0.0009082535980269313,0.04999997094273567,"{""backing"": 2.0, ""bot"": ""wave"", ""bot_depth"": 3.0, ""bot_params"": {""margin_depth_ref"": 50.0, ""pitch"": 2.0}, ""face_h"": 60.0, ""face_w"": 60.0, ""margin_depths"": 2.0, ""seed"": 23, ""top"": ""shingle"", ""top_depth"": 47.0, ""top_params"": {""azimuth_mode"": ""grid"", ""jitter"": 0.3, ""pitch"": 5.5, ""plate_t_bot"": 0.1, ""plate_t_top"": 0.1, ""tilt_deg"": 2.0, ""tilt_jitter"": 0.0}}"
FL_bl100grid_wave_d30_s23,floor,shingle/wave,"sheet, grid",0.1,23,d76,bl100grid,shingle,5.5,0.1,47.0,wave,3.0,2.0,50.0,9.090909090909092,0.03044210510272572,-40.0,0.0014623590977862477,0.04999997094273567,"{""backing"": 2.0, ""bot"": ""wave"", ""bot_depth"": 3.0, ""bot_params"": {""margin_depth_ref"": 50.0, ""pitch"": 2.0}, ""face_h"": 60.0, ""face_w"": 60.0, ""margin_depths"": 2.0, ""seed"": 23, ""top"": ""shingle"", ""top_depth"": 47.0, ""top_params"": {""azimuth_mode"": ""grid"", ""jitter"": 0.3, ""pitch"": 5.5, ""plate_t_bot"": 0.1, ""plate_t_top"": 0.1, ""tilt_deg"": 2.0, ""tilt_jitter"": 0.0}}"
FL_bl100grid_wave_d30_s23,floor,shingle/wave,"sheet, grid",0.1,23,d76,bl100grid,shingle,5.5,0.1,47.0,wave,3.0,2.0,50.0,9.090909090909092,0.03044210510272572,20.0,0.001039037830196321,0.04999997094273567,"{""backing"": 2.0, ""bot"": ""wave"", ""bot_depth"": 3.0, ""bot_params"": {""margin_depth_ref"": 50.0, ""pitch"": 2.0}, ""face_h"": 60.0, ""face_w"": 60.0, ""margin_depths"": 2.0, ""seed"": 23, ""top"": ""shingle"", ""top_depth"": 47.0, ""top_params"": {""azimuth_mode"": ""grid"", ""jitter"": 0.3, ""pitch"": 5.5, ""plate_t_bot"": 0.1, ""plate_t_top"": 0.1, ""tilt_deg"": 2.0, ""tilt_jitter"": 0.0}}"
FL_bl100grid_wave_d30_s23,floor,shingle/wave,"sheet, grid",0.1,23,d76,bl100grid,shingle,5.5,0.1,47.0,wave,3.0,2.0,50.0,9.090909090909092,0.03044210510272572,40.0,0.0016022089403122663,0.04999997094273567,"{""backing"": 2.0, ""bot"": ""wave"", ""bot_depth"": 3.0, ""bot_params"": {""margin_depth_ref"": 50.0, ""pitch"": 2.0}, ""face_h"": 60.0, ""face_w"": 60.0, ""margin_depths"": 2.0, ""seed"": 23, ""top"": ""shingle"", ""top_depth"": 47.0, ""top_params"": {""azimuth_mode"": ""grid"", ""jitter"": 0.3, ""pitch"": 5.5, ""plate_t_bot"": 0.1, ""plate_t_top"": 0.1, ""tilt_deg"": 2.0, ""tilt_jitter"": 0.0}}"
FL_bl100grid_wave_d30_s23,floor,shingle/wave,"sheet, grid",0.1,23,d100,bl100grid,shingle,5.5,0.1,47.0,wave,3.0,2.0,50.0,9.090909090909092,0.03044210510272572,0.0,0.00047589204041287303,0.04999997094273567,"{""backing"": 2.0, ""bot"": ""wave"", ""bot_depth"": 3.0, ""bot_params"": {""margin_depth_ref"": 50.0, ""pitch"": 2.0}, ""face_h"": 60.0, ""face_w"": 60.0, ""margin_depths"": 2.0, ""seed"": 23, ""top"": ""shingle"", ""top_depth"": 47.0, ""top_params"": {""azimuth_mode"": ""grid"", ""jitter"": 0.3, ""pitch"": 5.5, ""plate_t_bot"": 0.1, ""plate_t_top"": 0.1, ""tilt_deg"": 2.0, ""tilt_jitter"": 0.0}}"
FL_bl100grid_wave_d30_s23,floor,shingle/wave,"sheet, grid",0.1,23,d100,bl100grid,shingle,5.5,0.1,47.0,wave,3.0,2.0,50.0,9.090909090909092,0.03044210510272572,-20.0,0.0010274030501022935,0.04999997094273567,"{""backing"": 2.0, ""bot"": ""wave"", ""bot_depth"": 3.0, ""bot_params"": {""margin_depth_ref"": 50.0, ""pitch"": 2.0}, ""face_h"": 60.0, ""face_w"": 60.0, ""margin_depths"": 2.0, ""seed"": 23, ""top"": ""shingle"", ""top_depth"": 47.0, ""top_params"": {""azimuth_mode"": ""grid"", ""jitter"": 0.3, ""pitch"": 5.5, ""plate_t_bot"": 0.1, ""plate_t_top"": 0.1, ""tilt_deg"": 2.0, ""tilt_jitter"": 0.0}}"
FL_bl100grid_wave_d30_s23,floor,shingle/wave,"sheet, grid",0.1,23,d100,bl100grid,shingle,5.5,0.1,47.0,wave,3.0,2.0,50.0,9.090909090909092,0.03044210510272572,-40.0,0.0017671289388090372,0.04999997094273567,"{""backing"": 2.0, ""bot"": ""wave"", ""bot_depth"": 3.0, ""bot_params"": {""margin_depth_ref"": 50.0, ""pitch"": 2.0}, ""face_h"": 60.0, ""face_w"": 60.0, ""margin_depths"": 2.0, ""seed"": 23, ""top"": ""shingle"", ""top_depth"": 47.0, ""top_params"": {""azimuth_mode"": ""grid"", ""jitter"": 0.3, ""pitch"": 5.5, ""plate_t_bot"": 0.1, ""plate_t_top"": 0.1, ""tilt_deg"": 2.0, ""tilt_jitter"": 0.0}}"
FL_bl100grid_wave_d30_s23,floor,shingle/wave,"sheet, grid",0.1,23,d100,bl100grid,shingle,5.5,0.1,47.0,wave,3.0,2.0,50.0,9.090909090909092,0.03044210510272572,20.0,0.0012081969762220979,0.04999997094273567,"{""backing"": 2.0, ""bot"": ""wave"", ""bot_depth"": 3.0, ""bot_params"": {""margin_depth_ref"": 50.0, ""pitch"": 2.0}, ""face_h"": 60.0, ""face_w"": 60.0, ""margin_depths"": 2.0, ""seed"": 23, ""top"": ""shingle"", ""top_depth"": 47.0, ""top_params"": {""azimuth_mode"": ""grid"", ""jitter"": 0.3, ""pitch"": 5.5, ""plate_t_bot"": 0.1, ""plate_t_top"": 0.1, ""tilt_deg"": 2.0, ""tilt_jitter"": 0.0}}"
FL_bl100grid_wave_d30_s23,floor,shingle/wave,"sheet, grid",0.1,23,d100,bl100grid,shingle,5.5,0.1,47.0,wave,3.0,2.0,50.0,9.090909090909092,0.03044210510272572,40.0,0.001963363029062748,0.04999997094273567,"{""backing"": 2.0, ""bot"": ""wave"", ""bot_depth"": 3.0, ""bot_params"": {""margin_depth_ref"": 50.0, ""pitch"": 2.0}, ""face_h"": 60.0, ""face_w"": 60.0, ""margin_depths"": 2.0, ""seed"": 23, ""top"": ""shingle"", ""top_depth"": 47.0, ""top_params"": {""azimuth_mode"": ""grid"", ""jitter"": 0.3, ""pitch"": 5.5, ""plate_t_bot"": 0.1, ""plate_t_top"": 0.1, ""tilt_deg"": 2.0, ""tilt_jitter"": 0.0}}"
FL_bl100grid_wave_d50_s23,floor,shingle/wave,"sheet, grid",0.1,23,d00,bl100grid,shingle,5.5,0.1,45.0,wave,5.0,2.0,50.0,9.090909090909092,0.03044210510272572,0.0,0.0007643765420652926,0.04999997094273567,"{""backing"": 2.0, ""bot"": ""wave"", ""bot_depth"": 5.0, ""bot_params"": {""margin_depth_ref"": 50.0, ""pitch"": 2.0}, ""face_h"": 60.0, ""face_w"": 60.0, ""margin_depths"": 2.0, ""seed"": 23, ""top"": ""shingle"", ""top_depth"": 45.0, ""top_params"": {""azimuth_mode"": ""grid"", ""jitter"": 0.3, ""pitch"": 5.5, ""plate_t_bot"": 0.1, ""plate_t_top"": 0.1, ""tilt_deg"": 2.0, ""tilt_jitter"": 0.0}}"
FL_bl100grid_wave_d50_s23,floor,shingle/wave,"sheet, grid",0.1,23,d00,bl100grid,shingle,5.5,0.1,45.0,wave,5.0,2.0,50.0,9.090909090909092,0.03044210510272572,-20.0,0.000603395514190197,0.04999997094273567,"{""backing"": 2.0, ""bot"": ""wave"", ""bot_depth"": 5.0, ""bot_params"": {""margin_depth_ref"": 50.0, ""pitch"": 2.0}, ""face_h"": 60.0, ""face_w"": 60.0, ""margin_depths"": 2.0, ""seed"": 23, ""top"": ""shingle"", ""top_depth"": 45.0, ""top_params"": {""azimuth_mode"": ""grid"", ""jitter"": 0.3, ""pitch"": 5.5, ""plate_t_bot"": 0.1, ""plate_t_top"": 0.1, ""tilt_deg"": 2.0, ""tilt_jitter"": 0.0}}"
FL_bl100grid_wave_d50_s23,floor,shingle/wave,"sheet, grid",0.1,23,d00,bl100grid,shingle,5.5,0.1,45.0,wave,5.0,2.0,50.0,9.090909090909092,0.03044210510272572,-40.0,0.0005843811086378992,0.04999997094273567,"{""backing"": 2.0, ""bot"": ""wave"", ""bot_depth"": 5.0, ""bot_params"": {""margin_depth_ref"": 50.0, ""pitch"": 2.0}, ""face_h"": 60.0, ""face_w"": 60.0, ""margin_depths"": 2.0, ""seed"": 23, ""top"": ""shingle"", ""top_depth"": 45.0, ""top_params"": {""azimuth_mode"": ""grid"", ""jitter"": 0.3, ""pitch"": 5.5, ""plate_t_bot"": 0.1, ""plate_t_top"": 0.1, ""tilt_deg"": 2.0, ""tilt_jitter"": 0.0}}"
FL_bl100grid_wave_d50_s23,floor,shingle/wave,"sheet, grid",0.1,23,d00,bl100grid,shingle,5.5,0.1,45.0,wave,5.0,2.0,50.0,9.090909090909092,0.03044210510272572,20.0,0.0005636769346892834,0.04999997094273567,"{""backing"": 2.0, ""bot"": ""wave"", ""bot_depth"": 5.0, ""bot_params"": {""margin_depth_ref"": 50.0, ""pitch"": 2.0}, ""face_h"": 60.0, ""face_w"": 60.0, ""margin_depths"": 2.0, ""seed"": 23, ""top"": ""shingle"", ""top_depth"": 45.0, ""top_params"": {""azimuth_mode"": ""grid"", ""jitter"": 0.3, ""pitch"": 5.5, ""plate_t_bot"": 0.1, ""plate_t_top"": 0.1, ""tilt_deg"": 2.0, ""tilt_jitter"": 0.0}}"
FL_bl100grid_wave_d50_s23,floor,shingle/wave,"sheet, grid",0.1,23,d00,bl100grid,shingle,5.5,0.1,45.0,wave,5.0,2.0,50.0,9.090909090909092,0.03044210510272572,40.0,0.0005564403836615384,0.04999997094273567,"{""backing"": 2.0, ""bot"": ""wave"", ""bot_depth"": 5.0, ""bot_params"": {""margin_depth_ref"": 50.0, ""pitch"": 2.0}, ""face_h"": 60.0, ""face_w"": 60.0, ""margin_depths"": 2.0, ""seed"": 23, ""top"": ""shingle"", ""top_depth"": 45.0, ""top_params"": {""azimuth_mode"": ""grid"", ""jitter"": 0.3, ""pitch"": 5.5, ""plate_t_bot"": 0.1, ""plate_t_top"": 0.1, ""tilt_deg"": 2.0, ""tilt_jitter"": 0.0}}"
FL_bl100grid_wave_d50_s23,floor,shingle/wave,"sheet, grid",0.1,23,d76,bl100grid,shingle,5.5,0.1,45.0,wave,5.0,2.0,50.0,9.090909090909092,0.03044210510272572,0.0,0.0005491319461725652,0.04999997094273567,"{""backing"": 2.0, ""bot"": ""wave"", ""bot_depth"": 5.0, ""bot_params"": {""margin_depth_ref"": 50.0, ""pitch"": 2.0}, ""face_h"": 60.0, ""face_w"": 60.0, ""margin_depths"": 2.0, ""seed"": 23, ""top"": ""shingle"", ""top_depth"": 45.0, ""top_params"": {""azimuth_mode"": ""grid"", ""jitter"": 0.3, ""pitch"": 5.5, ""plate_t_bot"": 0.1, ""plate_t_top"": 0.1, ""tilt_deg"": 2.0, ""tilt_jitter"": 0.0}}"
FL_bl100grid_wave_d50_s23,floor,shingle/wave,"sheet, grid",0.1,23,d76,bl100grid,shingle,5.5,0.1,45.0,wave,5.0,2.0,50.0,9.090909090909092,0.03044210510272572,-20.0,0.0009622768266126513,0.04999997094273567,"{""backing"": 2.0, ""bot"": ""wave"", ""bot_depth"": 5.0, ""bot_params"": {""margin_depth_ref"": 50.0, ""pitch"": 2.0}, ""face_h"": 60.0, ""face_w"": 60.0, ""margin_depths"": 2.0, ""seed"": 23, ""top"": ""shingle"", ""top_depth"": 45.0, ""top_params"": {""azimuth_mode"": ""grid"", ""jitter"": 0.3, ""pitch"": 5.5, ""plate_t_bot"": 0.1, ""plate_t_top"": 0.1, ""tilt_deg"": 2.0, ""tilt_jitter"": 0.0}}"
FL_bl100grid_wave_d50_s23,floor,shingle/wave,"sheet, grid",0.1,23,d76,bl100grid,shingle,5.5,0.1,45.0,wave,5.0,2.0,50.0,9.090909090909092,0.03044210510272572,-40.0,0.0015107805375009775,0.04999997094273567,"{""backing"": 2.0, ""bot"": ""wave"", ""bot_depth"": 5.0, ""bot_params"": {""margin_depth_ref"": 50.0, ""pitch"": 2.0}, ""face_h"": 60.0, ""face_w"": 60.0, ""margin_depths"": 2.0, ""seed"": 23, ""top"": ""shingle"", ""top_depth"": 45.0, ""top_params"": {""azimuth_mode"": ""grid"", ""jitter"": 0.3, ""pitch"": 5.5, ""plate_t_bot"": 0.1, ""plate_t_top"": 0.1, ""tilt_deg"": 2.0, ""tilt_jitter"": 0.0}}"
FL_bl100grid_wave_d50_s23,floor,shingle/wave,"sheet, grid",0.1,23,d76,bl100grid,shingle,5.5,0.1,45.0,wave,5.0,2.0,50.0,9.090909090909092,0.03044210510272572,20.0,0.001131274621002376,0.04999997094273567,"{""backing"": 2.0, ""bot"": ""wave"", ""bot_depth"": 5.0, ""bot_params"": {""margin_depth_ref"": 50.0, ""pitch"": 2.0}, ""face_h"": 60.0, ""face_w"": 60.0, ""margin_depths"": 2.0, ""seed"": 23, ""top"": ""shingle"", ""top_depth"": 45.0, ""top_params"": {""azimuth_mode"": ""grid"", ""jitter"": 0.3, ""pitch"": 5.5, ""plate_t_bot"": 0.1, ""plate_t_top"": 0.1, ""tilt_deg"": 2.0, ""tilt_jitter"": 0.0}}"
FL_bl100grid_wave_d50_s23,floor,shingle/wave,"sheet, grid",0.1,23,d76,bl100grid,shingle,5.5,0.1,45.0,wave,5.0,2.0,50.0,9.090909090909092,0.03044210510272572,40.0,0.0017060176469385624,0.04999997094273567,"{""backing"": 2.0, ""bot"": ""wave"", ""bot_depth"": 5.0, ""bot_params"": {""margin_depth_ref"": 50.0, ""pitch"": 2.0}, ""face_h"": 60.0, ""face_w"": 60.0, ""margin_depths"": 2.0, ""seed"": 23, ""top"": ""shingle"", ""top_depth"": 45.0, ""top_params"": {""azimuth_mode"": ""grid"", ""jitter"": 0.3, ""pitch"": 5.5, ""plate_t_bot"": 0.1, ""plate_t_top"": 0.1, ""tilt_deg"": 2.0, ""tilt_jitter"": 0.0}}"
FL_bl100grid_wave_d50_s23,floor,shingle/wave,"sheet, grid",0.1,23,d100,bl100grid,shingle,5.5,0.1,45.0,wave,5.0,2.0,50.0,9.090909090909092,0.03044210510272572,0.0,0.0005102495197206736,0.04999997094273567,"{""backing"": 2.0, ""bot"": ""wave"", ""bot_depth"": 5.0, ""bot_params"": {""margin_depth_ref"": 50.0, ""pitch"": 2.0}, ""face_h"": 60.0, ""face_w"": 60.0, ""margin_depths"": 2.0, ""seed"": 23, ""top"": ""shingle"", ""top_depth"": 45.0, ""top_params"": {""azimuth_mode"": ""grid"", ""jitter"": 0.3, ""pitch"": 5.5, ""plate_t_bot"": 0.1, ""plate_t_top"": 0.1, ""tilt_deg"": 2.0, ""tilt_jitter"": 0.0}}"
FL_bl100grid_wave_d50_s23,floor,shingle/wave,"sheet, grid",0.1,23,d100,bl100grid,shingle,5.5,0.1,45.0,wave,5.0,2.0,50.0,9.090909090909092,0.03044210510272572,-20.0,0.001090863486751914,0.04999997094273567,"{""backing"": 2.0, ""bot"": ""wave"", ""bot_depth"": 5.0, ""bot_params"": {""margin_depth_ref"": 50.0, ""pitch"": 2.0}, ""face_h"": 60.0, ""face_w"": 60.0, ""margin_depths"": 2.0, ""seed"": 23, ""top"": ""shingle"", ""top_depth"": 45.0, ""top_params"": {""azimuth_mode"": ""grid"", ""jitter"": 0.3, ""pitch"": 5.5, ""plate_t_bot"": 0.1, ""plate_t_top"": 0.1, ""tilt_deg"": 2.0, ""tilt_jitter"": 0.0}}"
FL_bl100grid_wave_d50_s23,floor,shingle/wave,"sheet, grid",0.1,23,d100,bl100grid,shingle,5.5,0.1,45.0,wave,5.0,2.0,50.0,9.090909090909092,0.03044210510272572,-40.0,0.0018203314393758774,0.04999997094273567,"{""backing"": 2.0, ""bot"": ""wave"", ""bot_depth"": 5.0, ""bot_params"": {""margin_depth_ref"": 50.0, ""pitch"": 2.0}, ""face_h"": 60.0, ""face_w"": 60.0, ""margin_depths"": 2.0, ""seed"": 23, ""top"": ""shingle"", ""top_depth"": 45.0, ""top_params"": {""azimuth_mode"": ""grid"", ""jitter"": 0.3, ""pitch"": 5.5, ""plate_t_bot"": 0.1, ""plate_t_top"": 0.1, ""tilt_deg"": 2.0, ""tilt_jitter"": 0.0}}"
FL_bl100grid_wave_d50_s23,floor,shingle/wave,"sheet, grid",0.1,23,d100,bl100grid,shingle,5.5,0.1,45.0,wave,5.0,2.0,50.0,9.090909090909092,0.03044210510272572,20.0,0.0013262061402201653,0.04999997094273567,"{""backing"": 2.0, ""bot"": ""wave"", ""bot_depth"": 5.0, ""bot_params"": {""margin_depth_ref"": 50.0, ""pitch"": 2.0}, ""face_h"": 60.0, ""face_w"": 60.0, ""margin_depths"": 2.0, ""seed"": 23, ""top"": ""shingle"", ""top_depth"": 45.0, ""top_params"": {""azimuth_mode"": ""grid"", ""jitter"": 0.3, ""pitch"": 5.5, ""plate_t_bot"": 0.1, ""plate_t_top"": 0.1, ""tilt_deg"": 2.0, ""tilt_jitter"": 0.0}}"
FL_bl100grid_wave_d50_s23,floor,shingle/wave,"sheet, grid",0.1,23,d100,bl100grid,shingle,5.5,0.1,45.0,wave,5.0,2.0,50.0,9.090909090909092,0.03044210510272572,40.0,0.002086328575387597,0.04999997094273567,"{""backing"": 2.0, ""bot"": ""wave"", ""bot_depth"": 5.0, ""bot_params"": {""margin_depth_ref"": 50.0, ""pitch"": 2.0}, ""face_h"": 60.0, ""face_w"": 60.0, ""margin_depths"": 2.0, ""seed"": 23, ""top"": ""shingle"", ""top_depth"": 45.0, ""top_params"": {""azimuth_mode"": ""grid"", ""jitter"": 0.3, ""pitch"": 5.5, ""plate_t_bot"": 0.1, ""plate_t_top"": 0.1, ""tilt_deg"": 2.0, ""tilt_jitter"": 0.0}}"
FL_bl100grid_gap_d20_s23,floor,shingle/gap,"sheet, grid",0.1,23,d00,bl100grid,shingle,5.5,0.1,48.0,gap,2.0,0.0,50.0,9.090909090909092,0.03044210510272572,0.0,0.0017649681540206075,0.04999997094273567,"{""backing"": 2.0, ""bot"": ""gap"", ""bot_depth"": 2.0, ""bot_params"": {""margin_depth_ref"": 50.0}, ""face_h"": 60.0, ""face_w"": 60.0, ""margin_depths"": 2.0, ""seed"": 23, ""top"": ""shingle"", ""top_depth"": 48.0, ""top_params"": {""azimuth_mode"": ""grid"", ""jitter"": 0.3, ""pitch"": 5.5, ""plate_t_bot"": 0.1, ""plate_t_top"": 0.1, ""tilt_deg"": 2.0, ""tilt_jitter"": 0.0}}"
FL_bl100grid_gap_d20_s23,floor,shingle/gap,"sheet, grid",0.1,23,d00,bl100grid,shingle,5.5,0.1,48.0,gap,2.0,0.0,50.0,9.090909090909092,0.03044210510272572,-20.0,0.0005617280839942396,0.04999997094273567,"{""backing"": 2.0, ""bot"": ""gap"", ""bot_depth"": 2.0, ""bot_params"": {""margin_depth_ref"": 50.0}, ""face_h"": 60.0, ""face_w"": 60.0, ""margin_depths"": 2.0, ""seed"": 23, ""top"": ""shingle"", ""top_depth"": 48.0, ""top_params"": {""azimuth_mode"": ""grid"", ""jitter"": 0.3, ""pitch"": 5.5, ""plate_t_bot"": 0.1, ""plate_t_top"": 0.1, ""tilt_deg"": 2.0, ""tilt_jitter"": 0.0}}"
FL_bl100grid_gap_d20_s23,floor,shingle/gap,"sheet, grid",0.1,23,d00,bl100grid,shingle,5.5,0.1,48.0,gap,2.0,0.0,50.0,9.090909090909092,0.03044210510272572,-40.0,0.0005194756668061018,0.04999997094273567,"{""backing"": 2.0, ""bot"": ""gap"", ""bot_depth"": 2.0, ""bot_params"": {""margin_depth_ref"": 50.0}, ""face_h"": 60.0, ""face_w"": 60.0, ""margin_depths"": 2.0, ""seed"": 23, ""top"": ""shingle"", ""top_depth"": 48.0, ""top_params"": {""azimuth_mode"": ""grid"", ""jitter"": 0.3, ""pitch"": 5.5, ""plate_t_bot"": 0.1, ""plate_t_top"": 0.1, ""tilt_deg"": 2.0, ""tilt_jitter"": 0.0}}"
FL_bl100grid_gap_d20_s23,floor,shingle/gap,"sheet, grid",0.1,23,d00,bl100grid,shingle,5.5,0.1,48.0,gap,2.0,0.0,50.0,9.090909090909092,0.03044210510272572,20.0,0.0005297910538502038,0.04999997094273567,"{""backing"": 2.0, ""bot"": ""gap"", ""bot_depth"": 2.0, ""bot_params"": {""margin_depth_ref"": 50.0}, ""face_h"": 60.0, ""face_w"": 60.0, ""margin_depths"": 2.0, ""seed"": 23, ""top"": ""shingle"", ""top_depth"": 48.0, ""top_params"": {""azimuth_mode"": ""grid"", ""jitter"": 0.3, ""pitch"": 5.5, ""plate_t_bot"": 0.1, ""plate_t_top"": 0.1, ""tilt_deg"": 2.0, ""tilt_jitter"": 0.0}}"
FL_bl100grid_gap_d20_s23,floor,shingle/gap,"sheet, grid",0.1,23,d00,bl100grid,shingle,5.5,0.1,48.0,gap,2.0,0.0,50.0,9.090909090909092,0.03044210510272572,40.0,0.0005115820677019656,0.04999997094273567,"{""backing"": 2.0, ""bot"": ""gap"", ""bot_depth"": 2.0, ""bot_params"": {""margin_depth_ref"": 50.0}, ""face_h"": 60.0, ""face_w"": 60.0, ""margin_depths"": 2.0, ""seed"": 23, ""top"": ""shingle"", ""top_depth"": 48.0, ""top_params"": {""azimuth_mode"": ""grid"", ""jitter"": 0.3, ""pitch"": 5.5, ""plate_t_bot"": 0.1, ""plate_t_top"": 0.1, ""tilt_deg"": 2.0, ""tilt_jitter"": 0.0}}"
FL_bl100grid_gap_d20_s23,floor,shingle/gap,"sheet, grid",0.1,23,d76,bl100grid,shingle,5.5,0.1,48.0,gap,2.0,0.0,50.0,9.090909090909092,0.03044210510272572,0.0,0.0007617042865604162,0.04999997094273567,"{""backing"": 2.0, ""bot"": ""gap"", ""bot_depth"": 2.0, ""bot_params"": {""margin_depth_ref"": 50.0}, ""face_h"": 60.0, ""face_w"": 60.0, ""margin_depths"": 2.0, ""seed"": 23, ""top"": ""shingle"", ""top_depth"": 48.0, ""top_params"": {""azimuth_mode"": ""grid"", ""jitter"": 0.3, ""pitch"": 5.5, ""plate_t_bot"": 0.1, ""plate_t_top"": 0.1, ""tilt_deg"": 2.0, ""tilt_jitter"": 0.0}}"
FL_bl100grid_gap_d20_s23,floor,shingle/gap,"sheet, grid",0.1,23,d76,bl100grid,shingle,5.5,0.1,48.0,gap,2.0,0.0,50.0,9.090909090909092,0.03044210510272572,-20.0,0.0009097993606701493,0.04999997094273567,"{""backing"": 2.0, ""bot"": ""gap"", ""bot_depth"": 2.0, ""bot_params"": {""margin_depth_ref"": 50.0}, ""face_h"": 60.0, ""face_w"": 60.0, ""margin_depths"": 2.0, ""seed"": 23, ""top"": ""shingle"", ""top_depth"": 48.0, ""top_params"": {""azimuth_mode"": ""grid"", ""jitter"": 0.3, ""pitch"": 5.5, ""plate_t_bot"": 0.1, ""plate_t_top"": 0.1, ""tilt_deg"": 2.0, ""tilt_jitter"": 0.0}}"
FL_bl100grid_gap_d20_s23,floor,shingle/gap,"sheet, grid",0.1,23,d76,bl100grid,shingle,5.5,0.1,48.0,gap,2.0,0.0,50.0,9.090909090909092,0.03044210510272572,-40.0,0.0014621514128521085,0.04999997094273567,"{""backing"": 2.0, ""bot"": ""gap"", ""bot_depth"": 2.0, ""bot_params"": {""margin_depth_ref"": 50.0}, ""face_h"": 60.0, ""face_w"": 60.0, ""margin_depths"": 2.0, ""seed"": 23, ""top"": ""shingle"", ""top_depth"": 48.0, ""top_params"": {""azimuth_mode"": ""grid"", ""jitter"": 0.3, ""pitch"": 5.5, ""plate_t_bot"": 0.1, ""plate_t_top"": 0.1, ""tilt_deg"": 2.0, ""tilt_jitter"": 0.0}}"
FL_bl100grid_gap_d20_s23,floor,shingle/gap,"sheet, grid",0.1,23,d76,bl100grid,shingle,5.5,0.1,48.0,gap,2.0,0.0,50.0,9.090909090909092,0.03044210510272572,20.0,0.001039230963215232,0.04999997094273567,"{""backing"": 2.0, ""bot"": ""gap"", ""bot_depth"": 2.0, ""bot_params"": {""margin_depth_ref"": 50.0}, ""face_h"": 60.0, ""face_w"": 60.0, ""margin_depths"": 2.0, ""seed"": 23, ""top"": ""shingle"", ""top_depth"": 48.0, ""top_params"": {""azimuth_mode"": ""grid"", ""jitter"": 0.3, ""pitch"": 5.5, ""plate_t_bot"": 0.1, ""plate_t_top"": 0.1, ""tilt_deg"": 2.0, ""tilt_jitter"": 0.0}}"
FL_bl100grid_gap_d20_s23,floor,shingle/gap,"sheet, grid",0.1,23,d76,bl100grid,shingle,5.5,0.1,48.0,gap,2.0,0.0,50.0,9.090909090909092,0.03044210510272572,40.0,0.0016020520124584436,0.04999997094273567,"{""backing"": 2.0, ""bot"": ""gap"", ""bot_depth"": 2.0, ""bot_params"": {""margin_depth_ref"": 50.0}, ""face_h"": 60.0, ""face_w"": 60.0, ""margin_depths"": 2.0, ""seed"": 23, ""top"": ""shingle"", ""top_depth"": 48.0, ""top_params"": {""azimuth_mode"": ""grid"", ""jitter"": 0.3, ""pitch"": 5.5, ""plate_t_bot"": 0.1, ""plate_t_top"": 0.1, ""tilt_deg"": 2.0, ""tilt_jitter"": 0.0}}"
FL_bl100grid_gap_d20_s23,floor,shingle/gap,"sheet, grid",0.1,23,d100,bl100grid,shingle,5.5,0.1,48.0,gap,2.0,0.0,50.0,9.090909090909092,0.03044210510272572,0.0,0.0005092262872494757,0.04999997094273567,"{""backing"": 2.0, ""bot"": ""gap"", ""bot_depth"": 2.0, ""bot_params"": {""margin_depth_ref"": 50.0}, ""face_h"": 60.0, ""face_w"": 60.0, ""margin_depths"": 2.0, ""seed"": 23, ""top"": ""shingle"", ""top_depth"": 48.0, ""top_params"": {""azimuth_mode"": ""grid"", ""jitter"": 0.3, ""pitch"": 5.5, ""plate_t_bot"": 0.1, ""plate_t_top"": 0.1, ""tilt_deg"": 2.0, ""tilt_jitter"": 0.0}}"
FL_bl100grid_gap_d20_s23,floor,shingle/gap,"sheet, grid",0.1,23,d100,bl100grid,shingle,5.5,0.1,48.0,gap,2.0,0.0,50.0,9.090909090909092,0.03044210510272572,-20.0,0.0010285668540745974,0.04999997094273567,"{""backing"": 2.0, ""bot"": ""gap"", ""bot_depth"": 2.0, ""bot_params"": {""margin_depth_ref"": 50.0}, ""face_h"": 60.0, ""face_w"": 60.0, ""margin_depths"": 2.0, ""seed"": 23, ""top"": ""shingle"", ""top_depth"": 48.0, ""top_params"": {""azimuth_mode"": ""grid"", ""jitter"": 0.3, ""pitch"": 5.5, ""plate_t_bot"": 0.1, ""plate_t_top"": 0.1, ""tilt_deg"": 2.0, ""tilt_jitter"": 0.0}}"
FL_bl100grid_gap_d20_s23,floor,shingle/gap,"sheet, grid",0.1,23,d100,bl100grid,shingle,5.5,0.1,48.0,gap,2.0,0.0,50.0,9.090909090909092,0.03044210510272572,-40.0,0.0017669238150119781,0.04999997094273567,"{""backing"": 2.0, ""bot"": ""gap"", ""bot_depth"": 2.0, ""bot_params"": {""margin_depth_ref"": 50.0}, ""face_h"": 60.0, ""face_w"": 60.0, ""margin_depths"": 2.0, ""seed"": 23, ""top"": ""shingle"", ""top_depth"": 48.0, ""top_params"": {""azimuth_mode"": ""grid"", ""jitter"": 0.3, ""pitch"": 5.5, ""plate_t_bot"": 0.1, ""plate_t_top"": 0.1, ""tilt_deg"": 2.0, ""tilt_jitter"": 0.0}}"
FL_bl100grid_gap_d20_s23,floor,shingle/gap,"sheet, grid",0.1,23,d100,bl100grid,shingle,5.5,0.1,48.0,gap,2.0,0.0,50.0,9.090909090909092,0.03044210510272572,20.0,0.001208324683830142,0.04999997094273567,"{""backing"": 2.0, ""bot"": ""gap"", ""bot_depth"": 2.0, ""bot_params"": {""margin_depth_ref"": 50.0}, ""face_h"": 60.0, ""face_w"": 60.0, ""margin_depths"": 2.0, ""seed"": 23, ""top"": ""shingle"", ""top_depth"": 48.0, ""top_params"": {""azimuth_mode"": ""grid"", ""jitter"": 0.3, ""pitch"": 5.5, ""plate_t_bot"": 0.1, ""plate_t_top"": 0.1, ""tilt_deg"": 2.0, ""tilt_jitter"": 0.0}}"
FL_bl100grid_gap_d20_s23,floor,shingle/gap,"sheet, grid",0.1,23,d100,bl100grid,shingle,5.5,0.1,48.0,gap,2.0,0.0,50.0,9.090909090909092,0.03044210510272572,40.0,0.0019632114563137293,0.04999997094273567,"{""backing"": 2.0, ""bot"": ""gap"", ""bot_depth"": 2.0, ""bot_params"": {""margin_depth_ref"": 50.0}, ""face_h"": 60.0, ""face_w"": 60.0, ""margin_depths"": 2.0, ""seed"": 23, ""top"": ""shingle"", ""top_depth"": 48.0, ""top_params"": {""azimuth_mode"": ""grid"", ""jitter"": 0.3, ""pitch"": 5.5, ""plate_t_bot"": 0.1, ""plate_t_top"": 0.1, ""tilt_deg"": 2.0, ""tilt_jitter"": 0.0}}"
FL_bl100grid_gap_d30_s23,floor,shingle/gap,"sheet, grid",0.1,23,d00,bl100grid,shingle,5.5,0.1,47.0,gap,3.0,0.0,50.0,9.090909090909092,0.03044210510272572,0.0,0.0017950242618098855,0.04999997094273567,"{""backing"": 2.0, ""bot"": ""gap"", ""bot_depth"": 3.0, ""bot_params"": {""margin_depth_ref"": 50.0}, ""face_h"": 60.0, ""face_w"": 60.0, ""margin_depths"": 2.0, ""seed"": 23, ""top"": ""shingle"", ""top_depth"": 47.0, ""top_params"": {""azimuth_mode"": ""grid"", ""jitter"": 0.3, ""pitch"": 5.5, ""plate_t_bot"": 0.1, ""plate_t_top"": 0.1, ""tilt_deg"": 2.0, ""tilt_jitter"": 0.0}}"
FL_bl100grid_gap_d30_s23,floor,shingle/gap,"sheet, grid",0.1,23,d00,bl100grid,shingle,5.5,0.1,47.0,gap,3.0,0.0,50.0,9.090909090909092,0.03044210510272572,-20.0,0.0005625683697871864,0.04999997094273567,"{""backing"": 2.0, ""bot"": ""gap"", ""bot_depth"": 3.0, ""bot_params"": {""margin_depth_ref"": 50.0}, ""face_h"": 60.0, ""face_w"": 60.0, ""margin_depths"": 2.0, ""seed"": 23, ""top"": ""shingle"", ""top_depth"": 47.0, ""top_params"": {""azimuth_mode"": ""grid"", ""jitter"": 0.3, ""pitch"": 5.5, ""plate_t_bot"": 0.1, ""plate_t_top"": 0.1, ""tilt_deg"": 2.0, ""tilt_jitter"": 0.0}}"
FL_bl100grid_gap_d30_s23,floor,shingle/gap,"sheet, grid",0.1,23,d00,bl100grid,shingle,5.5,0.1,47.0,gap,3.0,0.0,50.0,9.090909090909092,0.03044210510272572,-40.0,0.0005195975536480546,0.04999997094273567,"{""backing"": 2.0, ""bot"": ""gap"", ""bot_depth"": 3.0, ""bot_params"": {""margin_depth_ref"": 50.0}, ""face_h"": 60.0, ""face_w"": 60.0, ""margin_depths"": 2.0, ""seed"": 23, ""top"": ""shingle"", ""top_depth"": 47.0, ""top_params"": {""azimuth_mode"": ""grid"", ""jitter"": 0.3, ""pitch"": 5.5, ""plate_t_bot"": 0.1, ""plate_t_top"": 0.1, ""tilt_deg"": 2.0, ""tilt_jitter"": 0.0}}"
FL_bl100grid_gap_d30_s23,floor,shingle/gap,"sheet, grid",0.1,23,d00,bl100grid,shingle,5.5,0.1,47.0,gap,3.0,0.0,50.0,9.090909090909092,0.03044210510272572,20.0,0.000530289311427623,0.04999997094273567,"{""backing"": 2.0, ""bot"": ""gap"", ""bot_depth"": 3.0, ""bot_params"": {""margin_depth_ref"": 50.0}, ""face_h"": 60.0, ""face_w"": 60.0, ""margin_depths"": 2.0, ""seed"": 23, ""top"": ""shingle"", ""top_depth"": 47.0, ""top_params"": {""azimuth_mode"": ""grid"", ""jitter"": 0.3, ""pitch"": 5.5, ""plate_t_bot"": 0.1, ""plate_t_top"": 0.1, ""tilt_deg"": 2.0, ""tilt_jitter"": 0.0}}"
FL_bl100grid_gap_d30_s23,floor,shingle/gap,"sheet, grid",0.1,23,d00,bl100grid,shingle,5.5,0.1,47.0,gap,3.0,0.0,50.0,9.090909090909092,0.03044210510272572,40.0,0.0005117922555655241,0.04999997094273567,"{""backing"": 2.0, ""bot"": ""gap"", ""bot_depth"": 3.0, ""bot_params"": {""margin_depth_ref"": 50.0}, ""face_h"": 60.0, ""face_w"": 60.0, ""margin_depths"": 2.0, ""seed"": 23, ""top"": ""shingle"", ""top_depth"": 47.0, ""top_params"": {""azimuth_mode"": ""grid"", ""jitter"": 0.3, ""pitch"": 5.5, ""plate_t_bot"": 0.1, ""plate_t_top"": 0.1, ""tilt_deg"": 2.0, ""tilt_jitter"": 0.0}}"
FL_bl100grid_gap_d30_s23,floor,shingle/gap,"sheet, grid",0.1,23,d76,bl100grid,shingle,5.5,0.1,47.0,gap,3.0,0.0,50.0,9.090909090909092,0.03044210510272572,0.0,0.000770321988966316,0.04999997094273567,"{""backing"": 2.0, ""bot"": ""gap"", ""bot_depth"": 3.0, ""bot_params"": {""margin_depth_ref"": 50.0}, ""face_h"": 60.0, ""face_w"": 60.0, ""margin_depths"": 2.0, ""seed"": 23, ""top"": ""shingle"", ""top_depth"": 47.0, ""top_params"": {""azimuth_mode"": ""grid"", ""jitter"": 0.3, ""pitch"": 5.5, ""plate_t_bot"": 0.1, ""plate_t_top"": 0.1, ""tilt_deg"": 2.0, ""tilt_jitter"": 0.0}}"
FL_bl100grid_gap_d30_s23,floor,shingle/gap,"sheet, grid",0.1,23,d76,bl100grid,shingle,5.5,0.1,47.0,gap,3.0,0.0,50.0,9.090909090909092,0.03044210510272572,-20.0,0.0009102232288569212,0.04999997094273567,"{""backing"": 2.0, ""bot"": ""gap"", ""bot_depth"": 3.0, ""bot_params"": {""margin_depth_ref"": 50.0}, ""face_h"": 60.0, ""face_w"": 60.0, ""margin_depths"": 2.0, ""seed"": 23, ""top"": ""shingle"", ""top_depth"": 47.0, ""top_params"": {""azimuth_mode"": ""grid"", ""jitter"": 0.3, ""pitch"": 5.5, ""plate_t_bot"": 0.1, ""plate_t_top"": 0.1, ""tilt_deg"": 2.0, ""tilt_jitter"": 0.0}}"
FL_bl100grid_gap_d30_s23,floor,shingle/gap,"sheet, grid",0.1,23,d76,bl100grid,shingle,5.5,0.1,47.0,gap,3.0,0.0,50.0,9.090909090909092,0.03044210510272572,-40.0,0.0014622609596699476,0.04999997094273567,"{""backing"": 2.0, ""bot"": ""gap"", ""bot_depth"": 3.0, ""bot_params"": {""margin_depth_ref"": 50.0}, ""face_h"": 60.0, ""face_w"": 60.0, ""margin_depths"": 2.0, ""seed"": 23, ""top"": ""shingle"", ""top_depth"": 47.0, ""top_params"": {""azimuth_mode"": ""grid"", ""jitter"": 0.3, ""pitch"": 5.5, ""plate_t_bot"": 0.1, ""plate_t_top"": 0.1, ""tilt_deg"": 2.0, ""tilt_jitter"": 0.0}}"
FL_bl100grid_gap_d30_s23,floor,shingle/gap,"sheet, grid",0.1,23,d76,bl100grid,shingle,5.5,0.1,47.0,gap,3.0,0.0,50.0,9.090909090909092,0.03044210510272572,20.0,0.0010395393474027514,0.04999997094273567,"{""backing"": 2.0, ""bot"": ""gap"", ""bot_depth"": 3.0, ""bot_params"": {""margin_depth_ref"": 50.0}, ""face_h"": 60.0, ""face_w"": 60.0, ""margin_depths"": 2.0, ""seed"": 23, ""top"": ""shingle"", ""top_depth"": 47.0, ""top_params"": {""azimuth_mode"": ""grid"", ""jitter"": 0.3, ""pitch"": 5.5, ""plate_t_bot"": 0.1, ""plate_t_top"": 0.1, ""tilt_deg"": 2.0, ""tilt_jitter"": 0.0}}"
FL_bl100grid_gap_d30_s23,floor,shingle/gap,"sheet, grid",0.1,23,d76,bl100grid,shingle,5.5,0.1,47.0,gap,3.0,0.0,50.0,9.090909090909092,0.03044210510272572,40.0,0.0016022173222154379,0.04999997094273567,"{""backing"": 2.0, ""bot"": ""gap"", ""bot_depth"": 3.0, ""bot_params"": {""margin_depth_ref"": 50.0}, ""face_h"": 60.0, ""face_w"": 60.0, ""margin_depths"": 2.0, ""seed"": 23, ""top"": ""shingle"", ""top_depth"": 47.0, ""top_params"": {""azimuth_mode"": ""grid"", ""jitter"": 0.3, ""pitch"": 5.5, ""plate_t_bot"": 0.1, ""plate_t_top"": 0.1, ""tilt_deg"": 2.0, ""tilt_jitter"": 0.0}}"
FL_bl100grid_gap_d30_s23,floor,shingle/gap,"sheet, grid",0.1,23,d100,bl100grid,shingle,5.5,0.1,47.0,gap,3.0,0.0,50.0,9.090909090909092,0.03044210510272572,0.0,0.0005122199654579163,0.04999997094273567,"{""backing"": 2.0, ""bot"": ""gap"", ""bot_depth"": 3.0, ""bot_params"": {""margin_depth_ref"": 50.0}, ""face_h"": 60.0, ""face_w"": 60.0, ""margin_depths"": 2.0, ""seed"": 23, ""top"": ""shingle"", ""top_depth"": 47.0, ""top_params"": {""azimuth_mode"": ""grid"", ""jitter"": 0.3, ""pitch"": 5.5, ""plate_t_bot"": 0.1, ""plate_t_top"": 0.1, ""tilt_deg"": 2.0, ""tilt_jitter"": 0.0}}"
FL_bl100grid_gap_d30_s23,floor,shingle/gap,"sheet, grid",0.1,23,d100,bl100grid,shingle,5.5,0.1,47.0,gap,3.0,0.0,50.0,9.090909090909092,0.03044210510272572,-20.0,0.00102873460855335,0.04999997094273567,"{""backing"": 2.0, ""bot"": ""gap"", ""bot_depth"": 3.0, ""bot_params"": {""margin_depth_ref"": 50.0}, ""face_h"": 60.0, ""face_w"": 60.0, ""margin_depths"": 2.0, ""seed"": 23, ""top"": ""shingle"", ""top_depth"": 47.0, ""top_params"": {""azimuth_mode"": ""grid"", ""jitter"": 0.3, ""pitch"": 5.5, ""plate_t_bot"": 0.1, ""plate_t_top"": 0.1, ""tilt_deg"": 2.0, ""tilt_jitter"": 0.0}}"
FL_bl100grid_gap_d30_s23,floor,shingle/gap,"sheet, grid",0.1,23,d100,bl100grid,shingle,5.5,0.1,47.0,gap,3.0,0.0,50.0,9.090909090909092,0.03044210510272572,-40.0,0.0017670297529548407,0.04999997094273567,"{""backing"": 2.0, ""bot"": ""gap"", ""bot_depth"": 3.0, ""bot_params"": {""margin_depth_ref"": 50.0}, ""face_h"": 60.0, ""face_w"": 60.0, ""margin_depths"": 2.0, ""seed"": 23, ""top"": ""shingle"", ""top_depth"": 47.0, ""top_params"": {""azimuth_mode"": ""grid"", ""jitter"": 0.3, ""pitch"": 5.5, ""plate_t_bot"": 0.1, ""plate_t_top"": 0.1, ""tilt_deg"": 2.0, ""tilt_jitter"": 0.0}}"
FL_bl100grid_gap_d30_s23,floor,shingle/gap,"sheet, grid",0.1,23,d100,bl100grid,shingle,5.5,0.1,47.0,gap,3.0,0.0,50.0,9.090909090909092,0.03044210510272572,20.0,0.0012084896443411708,0.04999997094273567,"{""backing"": 2.0, ""bot"": ""gap"", ""bot_depth"": 3.0, ""bot_params"": {""margin_depth_ref"": 50.0}, ""face_h"": 60.0, ""face_w"": 60.0, ""margin_depths"": 2.0, ""seed"": 23, ""top"": ""shingle"", ""top_depth"": 47.0, ""top_params"": {""azimuth_mode"": ""grid"", ""jitter"": 0.3, ""pitch"": 5.5, ""plate_t_bot"": 0.1, ""plate_t_top"": 0.1, ""tilt_deg"": 2.0, ""tilt_jitter"": 0.0}}"
FL_bl100grid_gap_d30_s23,floor,shingle/gap,"sheet, grid",0.1,23,d100,bl100grid,shingle,5.5,0.1,47.0,gap,3.0,0.0,50.0,9.090909090909092,0.03044210510272572,40.0,0.0019633672200143337,0.04999997094273567,"{""backing"": 2.0, ""bot"": ""gap"", ""bot_depth"": 3.0, ""bot_params"": {""margin_depth_ref"": 50.0}, ""face_h"": 60.0, ""face_w"": 60.0, ""margin_depths"": 2.0, ""seed"": 23, ""top"": ""shingle"", ""top_depth"": 47.0, ""top_params"": {""azimuth_mode"": ""grid"", ""jitter"": 0.3, ""pitch"": 5.5, ""plate_t_bot"": 0.1, ""plate_t_top"": 0.1, ""tilt_deg"": 2.0, ""tilt_jitter"": 0.0}}"
FL_bl100grid_gap_d50_s23,floor,shingle/gap,"sheet, grid",0.1,23,d00,bl100grid,shingle,5.5,0.1,45.0,gap,5.0,0.0,50.0,9.090909090909092,0.03044210510272572,0.0,0.0017292272532358766,0.04999997094273567,"{""backing"": 2.0, ""bot"": ""gap"", ""bot_depth"": 5.0, ""bot_params"": {""margin_depth_ref"": 50.0}, ""face_h"": 60.0, ""face_w"": 60.0, ""margin_depths"": 2.0, ""seed"": 23, ""top"": ""shingle"", ""top_depth"": 45.0, ""top_params"": {""azimuth_mode"": ""grid"", ""jitter"": 0.3, ""pitch"": 5.5, ""plate_t_bot"": 0.1, ""plate_t_top"": 0.1, ""tilt_deg"": 2.0, ""tilt_jitter"": 0.0}}"
FL_bl100grid_gap_d50_s23,floor,shingle/gap,"sheet, grid",0.1,23,d00,bl100grid,shingle,5.5,0.1,45.0,gap,5.0,0.0,50.0,9.090909090909092,0.03044210510272572,-20.0,0.0006134084542281926,0.04999997094273567,"{""backing"": 2.0, ""bot"": ""gap"", ""bot_depth"": 5.0, ""bot_params"": {""margin_depth_ref"": 50.0}, ""face_h"": 60.0, ""face_w"": 60.0, ""margin_depths"": 2.0, ""seed"": 23, ""top"": ""shingle"", ""top_depth"": 45.0, ""top_params"": {""azimuth_mode"": ""grid"", ""jitter"": 0.3, ""pitch"": 5.5, ""plate_t_bot"": 0.1, ""plate_t_top"": 0.1, ""tilt_deg"": 2.0, ""tilt_jitter"": 0.0}}"
FL_bl100grid_gap_d50_s23,floor,shingle/gap,"sheet, grid",0.1,23,d00,bl100grid,shingle,5.5,0.1,45.0,gap,5.0,0.0,50.0,9.090909090909092,0.03044210510272572,-40.0,0.0005843262188136578,0.04999997094273567,"{""backing"": 2.0, ""bot"": ""gap"", ""bot_depth"": 5.0, ""bot_params"": {""margin_depth_ref"": 50.0}, ""face_h"": 60.0, ""face_w"": 60.0, ""margin_depths"": 2.0, ""seed"": 23, ""top"": ""shingle"", ""top_depth"": 45.0, ""top_params"": {""azimuth_mode"": ""grid"", ""jitter"": 0.3, ""pitch"": 5.5, ""plate_t_bot"": 0.1, ""plate_t_top"": 0.1, ""tilt_deg"": 2.0, ""tilt_jitter"": 0.0}}"
FL_bl100grid_gap_d50_s23,floor,shingle/gap,"sheet, grid",0.1,23,d00,bl100grid,shingle,5.5,0.1,45.0,gap,5.0,0.0,50.0,9.090909090909092,0.03044210510272572,20.0,0.0005779190687462687,0.04999997094273567,"{""backing"": 2.0, ""bot"": ""gap"", ""bot_depth"": 5.0, ""bot_params"": {""margin_depth_ref"": 50.0}, ""face_h"": 60.0, ""face_w"": 60.0, ""margin_depths"": 2.0, ""seed"": 23, ""top"": ""shingle"", ""top_depth"": 45.0, ""top_params"": {""azimuth_mode"": ""grid"", ""jitter"": 0.3, ""pitch"": 5.5, ""plate_t_bot"": 0.1, ""plate_t_top"": 0.1, ""tilt_deg"": 2.0, ""tilt_jitter"": 0.0}}"
FL_bl100grid_gap_d50_s23,floor,shingle/gap,"sheet, grid",0.1,23,d00,bl100grid,shingle,5.5,0.1,45.0,gap,5.0,0.0,50.0,9.090909090909092,0.03044210510272572,40.0,0.0005563485901802778,0.04999997094273567,"{""backing"": 2.0, ""bot"": ""gap"", ""bot_depth"": 5.0, ""bot_params"": {""margin_depth_ref"": 50.0}, ""face_h"": 60.0, ""face_w"": 60.0, ""margin_depths"": 2.0, ""seed"": 23, ""top"": ""shingle"", ""top_depth"": 45.0, ""top_params"": {""azimuth_mode"": ""grid"", ""jitter"": 0.3, ""pitch"": 5.5, ""plate_t_bot"": 0.1, ""plate_t_top"": 0.1, ""tilt_deg"": 2.0, ""tilt_jitter"": 0.0}}"
FL_bl100grid_gap_d50_s23,floor,shingle/gap,"sheet, grid",0.1,23,d76,bl100grid,shingle,5.5,0.1,45.0,gap,5.0,0.0,50.0,9.090909090909092,0.03044210510272572,0.0,0.0007949352730065584,0.04999997094273567,"{""backing"": 2.0, ""bot"": ""gap"", ""bot_depth"": 5.0, ""bot_params"": {""margin_depth_ref"": 50.0}, ""face_h"": 60.0, ""face_w"": 60.0, ""margin_depths"": 2.0, ""seed"": 23, ""top"": ""shingle"", ""top_depth"": 45.0, ""top_params"": {""azimuth_mode"": ""grid"", ""jitter"": 0.3, ""pitch"": 5.5, ""plate_t_bot"": 0.1, ""plate_t_top"": 0.1, ""tilt_deg"": 2.0, ""tilt_jitter"": 0.0}}"
FL_bl100grid_gap_d50_s23,floor,shingle/gap,"sheet, grid",0.1,23,d76,bl100grid,shingle,5.5,0.1,45.0,gap,5.0,0.0,50.0,9.090909090909092,0.03044210510272572,-20.0,0.0009642333025112748,0.04999997094273567,"{""backing"": 2.0, ""bot"": ""gap"", ""bot_depth"": 5.0, ""bot_params"": {""margin_depth_ref"": 50.0}, ""face_h"": 60.0, ""face_w"": 60.0, ""margin_depths"": 2.0, ""seed"": 23, ""top"": ""shingle"", ""top_depth"": 45.0, ""top_params"": {""azimuth_mode"": ""grid"", ""jitter"": 0.3, ""pitch"": 5.5, ""plate_t_bot"": 0.1, ""plate_t_top"": 0.1, ""tilt_deg"": 2.0, ""tilt_jitter"": 0.0}}"
FL_bl100grid_gap_d50_s23,floor,shingle/gap,"sheet, grid",0.1,23,d76,bl100grid,shingle,5.5,0.1,45.0,gap,5.0,0.0,50.0,9.090909090909092,0.03044210510272572,-40.0,0.0015106755308806896,0.04999997094273567,"{""backing"": 2.0, ""bot"": ""gap"", ""bot_depth"": 5.0, ""bot_params"": {""margin_depth_ref"": 50.0}, ""face_h"": 60.0, ""face_w"": 60.0, ""margin_depths"": 2.0, ""seed"": 23, ""top"": ""shingle"", ""top_depth"": 45.0, ""top_params"": {""azimuth_mode"": ""grid"", ""jitter"": 0.3, ""pitch"": 5.5, ""plate_t_bot"": 0.1, ""plate_t_top"": 0.1, ""tilt_deg"": 2.0, ""tilt_jitter"": 0.0}}"
FL_bl100grid_gap_d50_s23,floor,shingle/gap,"sheet, grid",0.1,23,d76,bl100grid,shingle,5.5,0.1,45.0,gap,5.0,0.0,50.0,9.090909090909092,0.03044210510272572,20.0,0.0011354032903909683,0.04999997094273567,"{""backing"": 2.0, ""bot"": ""gap"", ""bot_depth"": 5.0, ""bot_params"": {""margin_depth_ref"": 50.0}, ""face_h"": 60.0, ""face_w"": 60.0, ""margin_depths"": 2.0, ""seed"": 23, ""top"": ""shingle"", ""top_depth"": 45.0, ""top_params"": {""azimuth_mode"": ""grid"", ""jitter"": 0.3, ""pitch"": 5.5, ""plate_t_bot"": 0.1, ""plate_t_top"": 0.1, ""tilt_deg"": 2.0, ""tilt_jitter"": 0.0}}"
FL_bl100grid_gap_d50_s23,floor,shingle/gap,"sheet, grid",0.1,23,d76,bl100grid,shingle,5.5,0.1,45.0,gap,5.0,0.0,50.0,9.090909090909092,0.03044210510272572,40.0,0.0017059087986126542,0.04999997094273567,"{""backing"": 2.0, ""bot"": ""gap"", ""bot_depth"": 5.0, ""bot_params"": {""margin_depth_ref"": 50.0}, ""face_h"": 60.0, ""face_w"": 60.0, ""margin_depths"": 2.0, ""seed"": 23, ""top"": ""shingle"", ""top_depth"": 45.0, ""top_params"": {""azimuth_mode"": ""grid"", ""jitter"": 0.3, ""pitch"": 5.5, ""plate_t_bot"": 0.1, ""plate_t_top"": 0.1, ""tilt_deg"": 2.0, ""tilt_jitter"": 0.0}}"
FL_bl100grid_gap_d50_s23,floor,shingle/gap,"sheet, grid",0.1,23,d100,bl100grid,shingle,5.5,0.1,45.0,gap,5.0,0.0,50.0,9.090909090909092,0.03044210510272572,0.0,0.0005589009961113334,0.04999997094273567,"{""backing"": 2.0, ""bot"": ""gap"", ""bot_depth"": 5.0, ""bot_params"": {""margin_depth_ref"": 50.0}, ""face_h"": 60.0, ""face_w"": 60.0, ""margin_depths"": 2.0, ""seed"": 23, ""top"": ""shingle"", ""top_depth"": 45.0, ""top_params"": {""azimuth_mode"": ""grid"", ""jitter"": 0.3, ""pitch"": 5.5, ""plate_t_bot"": 0.1, ""plate_t_top"": 0.1, ""tilt_deg"": 2.0, ""tilt_jitter"": 0.0}}"
FL_bl100grid_gap_d50_s23,floor,shingle/gap,"sheet, grid",0.1,23,d100,bl100grid,shingle,5.5,0.1,45.0,gap,5.0,0.0,50.0,9.090909090909092,0.03044210510272572,-20.0,0.0010925702517852187,0.04999997094273567,"{""backing"": 2.0, ""bot"": ""gap"", ""bot_depth"": 5.0, ""bot_params"": {""margin_depth_ref"": 50.0}, ""face_h"": 60.0, ""face_w"": 60.0, ""margin_depths"": 2.0, ""seed"": 23, ""top"": ""shingle"", ""top_depth"": 45.0, ""top_params"": {""azimuth_mode"": ""grid"", ""jitter"": 0.3, ""pitch"": 5.5, ""plate_t_bot"": 0.1, ""plate_t_top"": 0.1, ""tilt_deg"": 2.0, ""tilt_jitter"": 0.0}}"
FL_bl100grid_gap_d50_s23,floor,shingle/gap,"sheet, grid",0.1,23,d100,bl100grid,shingle,5.5,0.1,45.0,gap,5.0,0.0,50.0,9.090909090909092,0.03044210510272572,-40.0,0.0018202295759692788,0.04999997094273567,"{""backing"": 2.0, ""bot"": ""gap"", ""bot_depth"": 5.0, ""bot_params"": {""margin_depth_ref"": 50.0}, ""face_h"": 60.0, ""face_w"": 60.0, ""margin_depths"": 2.0, ""seed"": 23, ""top"": ""shingle"", ""top_depth"": 45.0, ""top_params"": {""azimuth_mode"": ""grid"", ""jitter"": 0.3, ""pitch"": 5.5, ""plate_t_bot"": 0.1, ""plate_t_top"": 0.1, ""tilt_deg"": 2.0, ""tilt_jitter"": 0.0}}"
FL_bl100grid_gap_d50_s23,floor,shingle/gap,"sheet, grid",0.1,23,d100,bl100grid,shingle,5.5,0.1,45.0,gap,5.0,0.0,50.0,9.090909090909092,0.03044210510272572,20.0,0.0013286921894177794,0.04999997094273567,"{""backing"": 2.0, ""bot"": ""gap"", ""bot_depth"": 5.0, ""bot_params"": {""margin_depth_ref"": 50.0}, ""face_h"": 60.0, ""face_w"": 60.0, ""margin_depths"": 2.0, ""seed"": 23, ""top"": ""shingle"", ""top_depth"": 45.0, ""top_params"": {""azimuth_mode"": ""grid"", ""jitter"": 0.3, ""pitch"": 5.5, ""plate_t_bot"": 0.1, ""plate_t_top"": 0.1, ""tilt_deg"": 2.0, ""tilt_jitter"": 0.0}}"
FL_bl100grid_gap_d50_s23,floor,shingle/gap,"sheet, grid",0.1,23,d100,bl100grid,shingle,5.5,0.1,45.0,gap,5.0,0.0,50.0,9.090909090909092,0.03044210510272572,40.0,0.0020862275268882513,0.04999997094273567,"{""backing"": 2.0, ""bot"": ""gap"", ""bot_depth"": 5.0, ""bot_params"": {""margin_depth_ref"": 50.0}, ""face_h"": 60.0, ""face_w"": 60.0, ""margin_depths"": 2.0, ""seed"": 23, ""top"": ""shingle"", ""top_depth"": 45.0, ""top_params"": {""azimuth_mode"": ""grid"", ""jitter"": 0.3, ""pitch"": 5.5, ""plate_t_bot"": 0.1, ""plate_t_top"": 0.1, ""tilt_deg"": 2.0, ""tilt_jitter"": 0.0}}"
FL_bl050grid_flat_d00_s101,floor,shingle/flat,"sheet, grid",0.05,101,d00,bl050grid,shingle,5.5,0.05,50.0,flat,0.0,0.0,50.0,9.090909090909092,0.01522105255136286,0.0,0.0016963520320132375,0.04999997094273567,"{""azimuth_mode"": ""grid"", ""backing"": 2.0, ""depth"": 50.0, ""face_h"": 60.0, ""face_w"": 60.0, ""jitter"": 0.3, ""margin_depths"": 2.0, ""pitch"": 5.5, ""plate_t_bot"": 0.05, ""plate_t_top"": 0.05, ""seed"": 101, ""tilt_deg"": 2.0, ""tilt_jitter"": 0.0, ""topology"": ""shingle""}"
FL_bl050grid_flat_d00_s101,floor,shingle/flat,"sheet, grid",0.05,101,d00,bl050grid,shingle,5.5,0.05,50.0,flat,0.0,0.0,50.0,9.090909090909092,0.01522105255136286,-20.0,0.0004143079277127981,0.04999997094273567,"{""azimuth_mode"": ""grid"", ""backing"": 2.0, ""depth"": 50.0, ""face_h"": 60.0, ""face_w"": 60.0, ""jitter"": 0.3, ""margin_depths"": 2.0, ""pitch"": 5.5, ""plate_t_bot"": 0.05, ""plate_t_top"": 0.05, ""seed"": 101, ""tilt_deg"": 2.0, ""tilt_jitter"": 0.0, ""topology"": ""shingle""}"
FL_bl050grid_flat_d00_s101,floor,shingle/flat,"sheet, grid",0.05,101,d00,bl050grid,shingle,5.5,0.05,50.0,flat,0.0,0.0,50.0,9.090909090909092,0.01522105255136286,-40.0,0.00035514694172888994,0.04999997094273567,"{""azimuth_mode"": ""grid"", ""backing"": 2.0, ""depth"": 50.0, ""face_h"": 60.0, ""face_w"": 60.0, ""jitter"": 0.3, ""margin_depths"": 2.0, ""pitch"": 5.5, ""plate_t_bot"": 0.05, ""plate_t_top"": 0.05, ""seed"": 101, ""tilt_deg"": 2.0, ""tilt_jitter"": 0.0, ""topology"": ""shingle""}"
FL_bl050grid_flat_d00_s101,floor,shingle/flat,"sheet, grid",0.05,101,d00,bl050grid,shingle,5.5,0.05,50.0,flat,0.0,0.0,50.0,9.090909090909092,0.01522105255136286,20.0,0.00038524053525179625,0.04999997094273567,"{""azimuth_mode"": ""grid"", ""backing"": 2.0, ""depth"": 50.0, ""face_h"": 60.0, ""face_w"": 60.0, ""jitter"": 0.3, ""margin_depths"": 2.0, ""pitch"": 5.5, ""plate_t_bot"": 0.05, ""plate_t_top"": 0.05, ""seed"": 101, ""tilt_deg"": 2.0, ""tilt_jitter"": 0.0, ""topology"": ""shingle""}"
FL_bl050grid_flat_d00_s101,floor,shingle/flat,"sheet, grid",0.05,101,d00,bl050grid,shingle,5.5,0.05,50.0,flat,0.0,0.0,50.0,9.090909090909092,0.01522105255136286,40.0,0.00034387994674034417,0.04999997094273567,"{""azimuth_mode"": ""grid"", ""backing"": 2.0, ""depth"": 50.0, ""face_h"": 60.0, ""face_w"": 60.0, ""jitter"": 0.3, ""margin_depths"": 2.0, ""pitch"": 5.5, ""plate_t_bot"": 0.05, ""plate_t_top"": 0.05, ""seed"": 101, ""tilt_deg"": 2.0, ""tilt_jitter"": 0.0, ""topology"": ""shingle""}"
FL_bl050grid_flat_d00_s101,floor,shingle/flat,"sheet, grid",0.05,101,d76,bl050grid,shingle,5.5,0.05,50.0,flat,0.0,0.0,50.0,9.090909090909092,0.01522105255136286,0.0,0.0006693464238196611,0.04999997094273567,"{""azimuth_mode"": ""grid"", ""backing"": 2.0, ""depth"": 50.0, ""face_h"": 60.0, ""face_w"": 60.0, ""jitter"": 0.3, ""margin_depths"": 2.0, ""pitch"": 5.5, ""plate_t_bot"": 0.05, ""plate_t_top"": 0.05, ""seed"": 101, ""tilt_deg"": 2.0, ""tilt_jitter"": 0.0, ""topology"": ""shingle""}"
FL_bl050grid_flat_d00_s101,floor,shingle/flat,"sheet, grid",0.05,101,d76,bl050grid,shingle,5.5,0.05,50.0,flat,0.0,0.0,50.0,9.090909090909092,0.01522105255136286,-20.0,0.0008133259834721684,0.04999997094273567,"{""azimuth_mode"": ""grid"", ""backing"": 2.0, ""depth"": 50.0, ""face_h"": 60.0, ""face_w"": 60.0, ""jitter"": 0.3, ""margin_depths"": 2.0, ""pitch"": 5.5, ""plate_t_bot"": 0.05, ""plate_t_top"": 0.05, ""seed"": 101, ""tilt_deg"": 2.0, ""tilt_jitter"": 0.0, ""topology"": ""shingle""}"
FL_bl050grid_flat_d00_s101,floor,shingle/flat,"sheet, grid",0.05,101,d76,bl050grid,shingle,5.5,0.05,50.0,flat,0.0,0.0,50.0,9.090909090909092,0.01522105255136286,-40.0,0.0014232409885153174,0.04999997094273567,"{""azimuth_mode"": ""grid"", ""backing"": 2.0, ""depth"": 50.0, ""face_h"": 60.0, ""face_w"": 60.0, ""jitter"": 0.3, ""margin_depths"": 2.0, ""pitch"": 5.5, ""plate_t_bot"": 0.05, ""plate_t_top"": 0.05, ""seed"": 101, ""tilt_deg"": 2.0, ""tilt_jitter"": 0.0, ""topology"": ""shingle""}"
FL_bl050grid_flat_d00_s101,floor,shingle/flat,"sheet, grid",0.05,101,d76,bl050grid,shingle,5.5,0.05,50.0,flat,0.0,0.0,50.0,9.090909090909092,0.01522105255136286,20.0,0.0010608230950310826,0.04999997094273567,"{""azimuth_mode"": ""grid"", ""backing"": 2.0, ""depth"": 50.0, ""face_h"": 60.0, ""face_w"": 60.0, ""jitter"": 0.3, ""margin_depths"": 2.0, ""pitch"": 5.5, ""plate_t_bot"": 0.05, ""plate_t_top"": 0.05, ""seed"": 101, ""tilt_deg"": 2.0, ""tilt_jitter"": 0.0, ""topology"": ""shingle""}"
FL_bl050grid_flat_d00_s101,floor,shingle/flat,"sheet, grid",0.05,101,d76,bl050grid,shingle,5.5,0.05,50.0,flat,0.0,0.0,50.0,9.090909090909092,0.01522105255136286,40.0,0.0017172819934785366,0.04999997094273567,"{""azimuth_mode"": ""grid"", ""backing"": 2.0, ""depth"": 50.0, ""face_h"": 60.0, ""face_w"": 60.0, ""jitter"": 0.3, ""margin_depths"": 2.0, ""pitch"": 5.5, ""plate_t_bot"": 0.05, ""plate_t_top"": 0.05, ""seed"": 101, ""tilt_deg"": 2.0, ""tilt_jitter"": 0.0, ""topology"": ""shingle""}"
FL_bl050grid_flat_d00_s101,floor,shingle/flat,"sheet, grid",0.05,101,d100,bl050grid,shingle,5.5,0.05,50.0,flat,0.0,0.0,50.0,9.090909090909092,0.01522105255136286,0.0,0.00038321781903505325,0.04999997094273567,"{""azimuth_mode"": ""grid"", ""backing"": 2.0, ""depth"": 50.0, ""face_h"": 60.0, ""face_w"": 60.0, ""jitter"": 0.3, ""margin_depths"": 2.0, ""pitch"": 5.5, ""plate_t_bot"": 0.05, ""plate_t_top"": 0.05, ""seed"": 101, ""tilt_deg"": 2.0, ""tilt_jitter"": 0.0, ""topology"": ""shingle""}"
FL_bl050grid_flat_d00_s101,floor,shingle/flat,"sheet, grid",0.05,101,d100,bl050grid,shingle,5.5,0.05,50.0,flat,0.0,0.0,50.0,9.090909090909092,0.01522105255136286,-20.0,0.0009492617100477219,0.04999997094273567,"{""azimuth_mode"": ""grid"", ""backing"": 2.0, ""depth"": 50.0, ""face_h"": 60.0, ""face_w"": 60.0, ""jitter"": 0.3, ""margin_depths"": 2.0, ""pitch"": 5.5, ""plate_t_bot"": 0.05, ""plate_t_top"": 0.05, ""seed"": 101, ""tilt_deg"": 2.0, ""tilt_jitter"": 0.0, ""topology"": ""shingle""}"
FL_bl050grid_flat_d00_s101,floor,shingle/flat,"sheet, grid",0.05,101,d100,bl050grid,shingle,5.5,0.05,50.0,flat,0.0,0.0,50.0,9.090909090909092,0.01522105255136286,-40.0,0.0017619258724153042,0.04999997094273567,"{""azimuth_mode"": ""grid"", ""backing"": 2.0, ""depth"": 50.0, ""face_h"": 60.0, ""face_w"": 60.0, ""jitter"": 0.3, ""margin_depths"": 2.0, ""pitch"": 5.5, ""plate_t_bot"": 0.05, ""plate_t_top"": 0.05, ""seed"": 101, ""tilt_deg"": 2.0, ""tilt_jitter"": 0.0, ""topology"": ""shingle""}"
FL_bl050grid_flat_d00_s101,floor,shingle/flat,"sheet, grid",0.05,101,d100,bl050grid,shingle,5.5,0.05,50.0,flat,0.0,0.0,50.0,9.090909090909092,0.01522105255136286,20.0,0.0012870002537965775,0.04999997094273567,"{""azimuth_mode"": ""grid"", ""backing"": 2.0, ""depth"": 50.0, ""face_h"": 60.0, ""face_w"": 60.0, ""jitter"": 0.3, ""margin_depths"": 2.0, ""pitch"": 5.5, ""plate_t_bot"": 0.05, ""plate_t_top"": 0.05, ""seed"": 101, ""tilt_deg"": 2.0, ""tilt_jitter"": 0.0, ""topology"": ""shingle""}"
FL_bl050grid_flat_d00_s101,floor,shingle/flat,"sheet, grid",0.05,101,d100,bl050grid,shingle,5.5,0.05,50.0,flat,0.0,0.0,50.0,9.090909090909092,0.01522105255136286,40.0,0.002157819690182805,0.04999997094273567,"{""azimuth_mode"": ""grid"", ""backing"": 2.0, ""depth"": 50.0, ""face_h"": 60.0, ""face_w"": 60.0, ""jitter"": 0.3, ""margin_depths"": 2.0, ""pitch"": 5.5, ""plate_t_bot"": 0.05, ""plate_t_top"": 0.05, ""seed"": 101, ""tilt_deg"": 2.0, ""tilt_jitter"": 0.0, ""topology"": ""shingle""}"
FL_bl050grid_cone_d20_s101,floor,shingle/cone,"sheet, grid",0.05,101,d00,bl050grid,shingle,5.5,0.05,48.0,cone,2.0,2.0,50.0,9.090909090909092,0.01522105255136286,0.0,0.000685070117469877,0.04999997094273567,"{""backing"": 2.0, ""bot"": ""cone"", ""bot_depth"": 2.0, ""bot_params"": {""depth_jitter"": 0.0, ""height_seg"": 6, ""jitter"": 0.3, ""pitch"": 2.0, ""profile_power"": 1.0, ""radial_seg"": 16, ""tip_radius"": 0.1}, ""face_h"": 60.0, ""face_w"": 60.0, ""margin_depths"": 2.0, ""seed"": 101, ""top"": ""shingle"", ""top_depth"": 48.0, ""top_params"": {""azimuth_mode"": ""grid"", ""jitter"": 0.3, ""pitch"": 5.5, ""plate_t_bot"": 0.05, ""plate_t_top"": 0.05, ""tilt_deg"": 2.0, ""tilt_jitter"": 0.0}}"
FL_bl050grid_cone_d20_s101,floor,shingle/cone,"sheet, grid",0.05,101,d00,bl050grid,shingle,5.5,0.05,48.0,cone,2.0,2.0,50.0,9.090909090909092,0.01522105255136286,-20.0,0.0004289891803637147,0.04999997094273567,"{""backing"": 2.0, ""bot"": ""cone"", ""bot_depth"": 2.0, ""bot_params"": {""depth_jitter"": 0.0, ""height_seg"": 6, ""jitter"": 0.3, ""pitch"": 2.0, ""profile_power"": 1.0, ""radial_seg"": 16, ""tip_radius"": 0.1}, ""face_h"": 60.0, ""face_w"": 60.0, ""margin_depths"": 2.0, ""seed"": 101, ""top"": ""shingle"", ""top_depth"": 48.0, ""top_params"": {""azimuth_mode"": ""grid"", ""jitter"": 0.3, ""pitch"": 5.5, ""plate_t_bot"": 0.05, ""plate_t_top"": 0.05, ""tilt_deg"": 2.0, ""tilt_jitter"": 0.0}}"
FL_bl050grid_cone_d20_s101,floor,shingle/cone,"sheet, grid",0.05,101,d00,bl050grid,shingle,5.5,0.05,48.0,cone,2.0,2.0,50.0,9.090909090909092,0.01522105255136286,-40.0,0.0003599859483074397,0.04999997094273567,"{""backing"": 2.0, ""bot"": ""cone"", ""bot_depth"": 2.0, ""bot_params"": {""depth_jitter"": 0.0, ""height_seg"": 6, ""jitter"": 0.3, ""pitch"": 2.0, ""profile_power"": 1.0, ""radial_seg"": 16, ""tip_radius"": 0.1}, ""face_h"": 60.0, ""face_w"": 60.0, ""margin_depths"": 2.0, ""seed"": 101, ""top"": ""shingle"", ""top_depth"": 48.0, ""top_params"": {""azimuth_mode"": ""grid"", ""jitter"": 0.3, ""pitch"": 5.5, ""plate_t_bot"": 0.05, ""plate_t_top"": 0.05, ""tilt_deg"": 2.0, ""tilt_jitter"": 0.0}}"
FL_bl050grid_cone_d20_s101,floor,shingle/cone,"sheet, grid",0.05,101,d00,bl050grid,shingle,5.5,0.05,48.0,cone,2.0,2.0,50.0,9.090909090909092,0.01522105255136286,20.0,0.00041507944115437567,0.04999997094273567,"{""backing"": 2.0, ""bot"": ""cone"", ""bot_depth"": 2.0, ""bot_params"": {""depth_jitter"": 0.0, ""height_seg"": 6, ""jitter"": 0.3, ""pitch"": 2.0, ""profile_power"": 1.0, ""radial_seg"": 16, ""tip_radius"": 0.1}, ""face_h"": 60.0, ""face_w"": 60.0, ""margin_depths"": 2.0, ""seed"": 101, ""top"": ""shingle"", ""top_depth"": 48.0, ""top_params"": {""azimuth_mode"": ""grid"", ""jitter"": 0.3, ""pitch"": 5.5, ""plate_t_bot"": 0.05, ""plate_t_top"": 0.05, ""tilt_deg"": 2.0, ""tilt_jitter"": 0.0}}"
FL_bl050grid_cone_d20_s101,floor,shingle/cone,"sheet, grid",0.05,101,d00,bl050grid,shingle,5.5,0.05,48.0,cone,2.0,2.0,50.0,9.090909090909092,0.01522105255136286,40.0,0.00038246269105002284,0.04999997094273567,"{""backing"": 2.0, ""bot"": ""cone"", ""bot_depth"": 2.0, ""bot_params"": {""depth_jitter"": 0.0, ""height_seg"": 6, ""jitter"": 0.3, ""pitch"": 2.0, ""profile_power"": 1.0, ""radial_seg"": 16, ""tip_radius"": 0.1}, ""face_h"": 60.0, ""face_w"": 60.0, ""margin_depths"": 2.0, ""seed"": 101, ""top"": ""shingle"", ""top_depth"": 48.0, ""top_params"": {""azimuth_mode"": ""grid"", ""jitter"": 0.3, ""pitch"": 5.5, ""plate_t_bot"": 0.05, ""plate_t_top"": 0.05, ""tilt_deg"": 2.0, ""tilt_jitter"": 0.0}}"
FL_bl050grid_cone_d20_s101,floor,shingle/cone,"sheet, grid",0.05,101,d76,bl050grid,shingle,5.5,0.05,48.0,cone,2.0,2.0,50.0,9.090909090909092,0.01522105255136286,0.0,0.00041328067891299725,0.04999997094273567,"{""backing"": 2.0, ""bot"": ""cone"", ""bot_depth"": 2.0, ""bot_params"": {""depth_jitter"": 0.0, ""height_seg"": 6, ""jitter"": 0.3, ""pitch"": 2.0, ""profile_power"": 1.0, ""radial_seg"": 16, ""tip_radius"": 0.1}, ""face_h"": 60.0, ""face_w"": 60.0, ""margin_depths"": 2.0, ""seed"": 101, ""top"": ""shingle"", ""top_depth"": 48.0, ""top_params"": {""azimuth_mode"": ""grid"", ""jitter"": 0.3, ""pitch"": 5.5, ""plate_t_bot"": 0.05, ""plate_t_top"": 0.05, ""tilt_deg"": 2.0, ""tilt_jitter"": 0.0}}"
FL_bl050grid_cone_d20_s101,floor,shingle/cone,"sheet, grid",0.05,101,d76,bl050grid,shingle,5.5,0.05,48.0,cone,2.0,2.0,50.0,9.090909090909092,0.01522105255136286,-20.0,0.0008362732478417456,0.04999997094273567,"{""backing"": 2.0, ""bot"": ""cone"", ""bot_depth"": 2.0, ""bot_params"": {""depth_jitter"": 0.0, ""height_seg"": 6, ""jitter"": 0.3, ""pitch"": 2.0, ""profile_power"": 1.0, ""radial_seg"": 16, ""tip_radius"": 0.1}, ""face_h"": 60.0, ""face_w"": 60.0, ""margin_depths"": 2.0, ""seed"": 101, ""top"": ""shingle"", ""top_depth"": 48.0, ""top_params"": {""azimuth_mode"": ""grid"", ""jitter"": 0.3, ""pitch"": 5.5, ""plate_t_bot"": 0.05, ""plate_t_top"": 0.05, ""tilt_deg"": 2.0, ""tilt_jitter"": 0.0}}"
FL_bl050grid_cone_d20_s101,floor,shingle/cone,"sheet, grid",0.05,101,d76,bl050grid,shingle,5.5,0.05,48.0,cone,2.0,2.0,50.0,9.090909090909092,0.01522105255136286,-40.0,0.0014231866225600243,0.04999997094273567,"{""backing"": 2.0, ""bot"": ""cone"", ""bot_depth"": 2.0, ""bot_params"": {""depth_jitter"": 0.0, ""height_seg"": 6, ""jitter"": 0.3, ""pitch"": 2.0, ""profile_power"": 1.0, ""radial_seg"": 16, ""tip_radius"": 0.1}, ""face_h"": 60.0, ""face_w"": 60.0, ""margin_depths"": 2.0, ""seed"": 101, ""top"": ""shingle"", ""top_depth"": 48.0, ""top_params"": {""azimuth_mode"": ""grid"", ""jitter"": 0.3, ""pitch"": 5.5, ""plate_t_bot"": 0.05, ""plate_t_top"": 0.05, ""tilt_deg"": 2.0, ""tilt_jitter"": 0.0}}"
FL_bl050grid_cone_d20_s101,floor,shingle/cone,"sheet, grid",0.05,101,d76,bl050grid,shingle,5.5,0.05,48.0,cone,2.0,2.0,50.0,9.090909090909092,0.01522105255136286,20.0,0.0009814569493755698,0.04999997094273567,"{""backing"": 2.0, ""bot"": ""cone"", ""bot_depth"": 2.0, ""bot_params"": {""depth_jitter"": 0.0, ""height_seg"": 6, ""jitter"": 0.3, ""pitch"": 2.0, ""profile_power"": 1.0, ""radial_seg"": 16, ""tip_radius"": 0.1}, ""face_h"": 60.0, ""face_w"": 60.0, ""margin_depths"": 2.0, ""seed"": 101, ""top"": ""shingle"", ""top_depth"": 48.0, ""top_params"": {""azimuth_mode"": ""grid"", ""jitter"": 0.3, ""pitch"": 5.5, ""plate_t_bot"": 0.05, ""plate_t_top"": 0.05, ""tilt_deg"": 2.0, ""tilt_jitter"": 0.0}}"
FL_bl050grid_cone_d20_s101,floor,shingle/cone,"sheet, grid",0.05,101,d76,bl050grid,shingle,5.5,0.05,48.0,cone,2.0,2.0,50.0,9.090909090909092,0.01522105255136286,40.0,0.001597977359779179,0.04999997094273567,"{""backing"": 2.0, ""bot"": ""cone"", ""bot_depth"": 2.0, ""bot_params"": {""depth_jitter"": 0.0, ""height_seg"": 6, ""jitter"": 0.3, ""pitch"": 2.0, ""profile_power"": 1.0, ""radial_seg"": 16, ""tip_radius"": 0.1}, ""face_h"": 60.0, ""face_w"": 60.0, ""margin_depths"": 2.0, ""seed"": 101, ""top"": ""shingle"", ""top_depth"": 48.0, ""top_params"": {""azimuth_mode"": ""grid"", ""jitter"": 0.3, ""pitch"": 5.5, ""plate_t_bot"": 0.05, ""plate_t_top"": 0.05, ""tilt_deg"": 2.0, ""tilt_jitter"": 0.0}}"
FL_bl050grid_cone_d20_s101,floor,shingle/cone,"sheet, grid",0.05,101,d100,bl050grid,shingle,5.5,0.05,48.0,cone,2.0,2.0,50.0,9.090909090909092,0.01522105255136286,0.0,0.0003588148101698607,0.04999997094273567,"{""backing"": 2.0, ""bot"": ""cone"", ""bot_depth"": 2.0, ""bot_params"": {""depth_jitter"": 0.0, ""height_seg"": 6, ""jitter"": 0.3, ""pitch"": 2.0, ""profile_power"": 1.0, ""radial_seg"": 16, ""tip_radius"": 0.1}, ""face_h"": 60.0, ""face_w"": 60.0, ""margin_depths"": 2.0, ""seed"": 101, ""top"": ""shingle"", ""top_depth"": 48.0, ""top_params"": {""azimuth_mode"": ""grid"", ""jitter"": 0.3, ""pitch"": 5.5, ""plate_t_bot"": 0.05, ""plate_t_top"": 0.05, ""tilt_deg"": 2.0, ""tilt_jitter"": 0.0}}"
FL_bl050grid_cone_d20_s101,floor,shingle/cone,"sheet, grid",0.05,101,d100,bl050grid,shingle,5.5,0.05,48.0,cone,2.0,2.0,50.0,9.090909090909092,0.01522105255136286,-20.0,0.0009756828076206148,0.04999997094273567,"{""backing"": 2.0, ""bot"": ""cone"", ""bot_depth"": 2.0, ""bot_params"": {""depth_jitter"": 0.0, ""height_seg"": 6, ""jitter"": 0.3, ""pitch"": 2.0, ""profile_power"": 1.0, ""radial_seg"": 16, ""tip_radius"": 0.1}, ""face_h"": 60.0, ""face_w"": 60.0, ""margin_depths"": 2.0, ""seed"": 101, ""top"": ""shingle"", ""top_depth"": 48.0, ""top_params"": {""azimuth_mode"": ""grid"", ""jitter"": 0.3, ""pitch"": 5.5, ""plate_t_bot"": 0.05, ""plate_t_top"": 0.05, ""tilt_deg"": 2.0, ""tilt_jitter"": 0.0}}"
FL_bl050grid_cone_d20_s101,floor,shingle/cone,"sheet, grid",0.05,101,d100,bl050grid,shingle,5.5,0.05,48.0,cone,2.0,2.0,50.0,9.090909090909092,0.01522105255136286,-40.0,0.0017702685436233878,0.04999997094273567,"{""backing"": 2.0, ""bot"": ""cone"", ""bot_depth"": 2.0, ""bot_params"": {""depth_jitter"": 0.0, ""height_seg"": 6, ""jitter"": 0.3, ""pitch"": 2.0, ""profile_power"": 1.0, ""radial_seg"": 16, ""tip_radius"": 0.1}, ""face_h"": 60.0, ""face_w"": 60.0, ""margin_depths"": 2.0, ""seed"": 101, ""top"": ""shingle"", ""top_depth"": 48.0, ""top_params"": {""azimuth_mode"": ""grid"", ""jitter"": 0.3, ""pitch"": 5.5, ""plate_t_bot"": 0.05, ""plate_t_top"": 0.05, ""tilt_deg"": 2.0, ""tilt_jitter"": 0.0}}"
FL_bl050grid_cone_d20_s101,floor,shingle/cone,"sheet, grid",0.05,101,d100,bl050grid,shingle,5.5,0.05,48.0,cone,2.0,2.0,50.0,9.090909090909092,0.01522105255136286,20.0,0.0011676072608679533,0.04999997094273567,"{""backing"": 2.0, ""bot"": ""cone"", ""bot_depth"": 2.0, ""bot_params"": {""depth_jitter"": 0.0, ""height_seg"": 6, ""jitter"": 0.3, ""pitch"": 2.0, ""profile_power"": 1.0, ""radial_seg"": 16, ""tip_radius"": 0.1}, ""face_h"": 60.0, ""face_w"": 60.0, ""margin_depths"": 2.0, ""seed"": 101, ""top"": ""shingle"", ""top_depth"": 48.0, ""top_params"": {""azimuth_mode"": ""grid"", ""jitter"": 0.3, ""pitch"": 5.5, ""plate_t_bot"": 0.05, ""plate_t_top"": 0.05, ""tilt_deg"": 2.0, ""tilt_jitter"": 0.0}}"
FL_bl050grid_cone_d20_s101,floor,shingle/cone,"sheet, grid",0.05,101,d100,bl050grid,shingle,5.5,0.05,48.0,cone,2.0,2.0,50.0,9.090909090909092,0.01522105255136286,40.0,0.001982118235900998,0.04999997094273567,"{""backing"": 2.0, ""bot"": ""cone"", ""bot_depth"": 2.0, ""bot_params"": {""depth_jitter"": 0.0, ""height_seg"": 6, ""jitter"": 0.3, ""pitch"": 2.0, ""profile_power"": 1.0, ""radial_seg"": 16, ""tip_radius"": 0.1}, ""face_h"": 60.0, ""face_w"": 60.0, ""margin_depths"": 2.0, ""seed"": 101, ""top"": ""shingle"", ""top_depth"": 48.0, ""top_params"": {""azimuth_mode"": ""grid"", ""jitter"": 0.3, ""pitch"": 5.5, ""plate_t_bot"": 0.05, ""plate_t_top"": 0.05, ""tilt_deg"": 2.0, ""tilt_jitter"": 0.0}}"
FL_bl050grid_cone_d30_s101,floor,shingle/cone,"sheet, grid",0.05,101,d00,bl050grid,shingle,5.5,0.05,47.0,cone,3.0,2.0,50.0,9.090909090909092,0.01522105255136286,0.0,0.000621755258180201,0.04999997094273567,"{""backing"": 2.0, ""bot"": ""cone"", ""bot_depth"": 3.0, ""bot_params"": {""depth_jitter"": 0.0, ""height_seg"": 6, ""jitter"": 0.3, ""pitch"": 2.0, ""profile_power"": 1.0, ""radial_seg"": 16, ""tip_radius"": 0.1}, ""face_h"": 60.0, ""face_w"": 60.0, ""margin_depths"": 2.0, ""seed"": 101, ""top"": ""shingle"", ""top_depth"": 47.0, ""top_params"": {""azimuth_mode"": ""grid"", ""jitter"": 0.3, ""pitch"": 5.5, ""plate_t_bot"": 0.05, ""plate_t_top"": 0.05, ""tilt_deg"": 2.0, ""tilt_jitter"": 0.0}}"
FL_bl050grid_cone_d30_s101,floor,shingle/cone,"sheet, grid",0.05,101,d00,bl050grid,shingle,5.5,0.05,47.0,cone,3.0,2.0,50.0,9.090909090909092,0.01522105255136286,-20.0,0.00042461493285372853,0.04999997094273567,"{""backing"": 2.0, ""bot"": ""cone"", ""bot_depth"": 3.0, ""bot_params"": {""depth_jitter"": 0.0, ""height_seg"": 6, ""jitter"": 0.3, ""pitch"": 2.0, ""profile_power"": 1.0, ""radial_seg"": 16, ""tip_radius"": 0.1}, ""face_h"": 60.0, ""face_w"": 60.0, ""margin_depths"": 2.0, ""seed"": 101, ""top"": ""shingle"", ""top_depth"": 47.0, ""top_params"": {""azimuth_mode"": ""grid"", ""jitter"": 0.3, ""pitch"": 5.5, ""plate_t_bot"": 0.05, ""plate_t_top"": 0.05, ""tilt_deg"": 2.0, ""tilt_jitter"": 0.0}}"
FL_bl050grid_cone_d30_s101,floor,shingle/cone,"sheet, grid",0.05,101,d00,bl050grid,shingle,5.5,0.05,47.0,cone,3.0,2.0,50.0,9.090909090909092,0.01522105255136286,-40.0,0.00035979683161713183,0.04999997094273567,"{""backing"": 2.0, ""bot"": ""cone"", ""bot_depth"": 3.0, ""bot_params"": {""depth_jitter"": 0.0, ""height_seg"": 6, ""jitter"": 0.3, ""pitch"": 2.0, ""profile_power"": 1.0, ""radial_seg"": 16, ""tip_radius"": 0.1}, ""face_h"": 60.0, ""face_w"": 60.0, ""margin_depths"": 2.0, ""seed"": 101, ""top"": ""shingle"", ""top_depth"": 47.0, ""top_params"": {""azimuth_mode"": ""grid"", ""jitter"": 0.3, ""pitch"": 5.5, ""plate_t_bot"": 0.05, ""plate_t_top"": 0.05, ""tilt_deg"": 2.0, ""tilt_jitter"": 0.0}}"
FL_bl050grid_cone_d30_s101,floor,shingle/cone,"sheet, grid",0.05,101,d00,bl050grid,shingle,5.5,0.05,47.0,cone,3.0,2.0,50.0,9.090909090909092,0.01522105255136286,20.0,0.0004142558027524501,0.04999997094273567,"{""backing"": 2.0, ""bot"": ""cone"", ""bot_depth"": 3.0, ""bot_params"": {""depth_jitter"": 0.0, ""height_seg"": 6, ""jitter"": 0.3, ""pitch"": 2.0, ""profile_power"": 1.0, ""radial_seg"": 16, ""tip_radius"": 0.1}, ""face_h"": 60.0, ""face_w"": 60.0, ""margin_depths"": 2.0, ""seed"": 101, ""top"": ""shingle"", ""top_depth"": 47.0, ""top_params"": {""azimuth_mode"": ""grid"", ""jitter"": 0.3, ""pitch"": 5.5, ""plate_t_bot"": 0.05, ""plate_t_top"": 0.05, ""tilt_deg"": 2.0, ""tilt_jitter"": 0.0}}"
FL_bl050grid_cone_d30_s101,floor,shingle/cone,"sheet, grid",0.05,101,d00,bl050grid,shingle,5.5,0.05,47.0,cone,3.0,2.0,50.0,9.090909090909092,0.01522105255136286,40.0,0.000382279948098585,0.04999997094273567,"{""backing"": 2.0, ""bot"": ""cone"", ""bot_depth"": 3.0, ""bot_params"": {""depth_jitter"": 0.0, ""height_seg"": 6, ""jitter"": 0.3, ""pitch"": 2.0, ""profile_power"": 1.0, ""radial_seg"": 16, ""tip_radius"": 0.1}, ""face_h"": 60.0, ""face_w"": 60.0, ""margin_depths"": 2.0, ""seed"": 101, ""top"": ""shingle"", ""top_depth"": 47.0, ""top_params"": {""azimuth_mode"": ""grid"", ""jitter"": 0.3, ""pitch"": 5.5, ""plate_t_bot"": 0.05, ""plate_t_top"": 0.05, ""tilt_deg"": 2.0, ""tilt_jitter"": 0.0}}"
FL_bl050grid_cone_d30_s101,floor,shingle/cone,"sheet, grid",0.05,101,d76,bl050grid,shingle,5.5,0.05,47.0,cone,3.0,2.0,50.0,9.090909090909092,0.01522105255136286,0.0,0.00040784027078188956,0.04999997094273567,"{""backing"": 2.0, ""bot"": ""cone"", ""bot_depth"": 3.0, ""bot_params"": {""depth_jitter"": 0.0, ""height_seg"": 6, ""jitter"": 0.3, ""pitch"": 2.0, ""profile_power"": 1.0, ""radial_seg"": 16, ""tip_radius"": 0.1}, ""face_h"": 60.0, ""face_w"": 60.0, ""margin_depths"": 2.0, ""seed"": 101, ""top"": ""shingle"", ""top_depth"": 47.0, ""top_params"": {""azimuth_mode"": ""grid"", ""jitter"": 0.3, ""pitch"": 5.5, ""plate_t_bot"": 0.05, ""plate_t_top"": 0.05, ""tilt_deg"": 2.0, ""tilt_jitter"": 0.0}}"
FL_bl050grid_cone_d30_s101,floor,shingle/cone,"sheet, grid",0.05,101,d76,bl050grid,shingle,5.5,0.05,47.0,cone,3.0,2.0,50.0,9.090909090909092,0.01522105255136286,-20.0,0.0008365462999790907,0.04999997094273567,"{""backing"": 2.0, ""bot"": ""cone"", ""bot_depth"": 3.0, ""bot_params"": {""depth_jitter"": 0.0, ""height_seg"": 6, ""jitter"": 0.3, ""pitch"": 2.0, ""profile_power"": 1.0, ""radial_seg"": 16, ""tip_radius"": 0.1}, ""face_h"": 60.0, ""face_w"": 60.0, ""margin_depths"": 2.0, ""seed"": 101, ""top"": ""shingle"", ""top_depth"": 47.0, ""top_params"": {""azimuth_mode"": ""grid"", ""jitter"": 0.3, ""pitch"": 5.5, ""plate_t_bot"": 0.05, ""plate_t_top"": 0.05, ""tilt_deg"": 2.0, ""tilt_jitter"": 0.0}}"
FL_bl050grid_cone_d30_s101,floor,shingle/cone,"sheet, grid",0.05,101,d76,bl050grid,shingle,5.5,0.05,47.0,cone,3.0,2.0,50.0,9.090909090909092,0.01522105255136286,-40.0,0.0014230789383873343,0.04999997094273567,"{""backing"": 2.0, ""bot"": ""cone"", ""bot_depth"": 3.0, ""bot_params"": {""depth_jitter"": 0.0, ""height_seg"": 6, ""jitter"": 0.3, ""pitch"": 2.0, ""profile_power"": 1.0, ""radial_seg"": 16, ""tip_radius"": 0.1}, ""face_h"": 60.0, ""face_w"": 60.0, ""margin_depths"": 2.0, ""seed"": 101, ""top"": ""shingle"", ""top_depth"": 47.0, ""top_params"": {""azimuth_mode"": ""grid"", ""jitter"": 0.3, ""pitch"": 5.5, ""plate_t_bot"": 0.05, ""plate_t_top"": 0.05, ""tilt_deg"": 2.0, ""tilt_jitter"": 0.0}}"
FL_bl050grid_cone_d30_s101,floor,shingle/cone,"sheet, grid",0.05,101,d76,bl050grid,shingle,5.5,0.05,47.0,cone,3.0,2.0,50.0,9.090909090909092,0.01522105255136286,20.0,0.0009809407638385892,0.04999997094273567,"{""backing"": 2.0, ""bot"": ""cone"", ""bot_depth"": 3.0, ""bot_params"": {""depth_jitter"": 0.0, ""height_seg"": 6, ""jitter"": 0.3, ""pitch"": 2.0, ""profile_power"": 1.0, ""radial_seg"": 16, ""tip_radius"": 0.1}, ""face_h"": 60.0, ""face_w"": 60.0, ""margin_depths"": 2.0, ""seed"": 101, ""top"": ""shingle"", ""top_depth"": 47.0, ""top_params"": {""azimuth_mode"": ""grid"", ""jitter"": 0.3, ""pitch"": 5.5, ""plate_t_bot"": 0.05, ""plate_t_top"": 0.05, ""tilt_deg"": 2.0, ""tilt_jitter"": 0.0}}"
FL_bl050grid_cone_d30_s101,floor,shingle/cone,"sheet, grid",0.05,101,d76,bl050grid,shingle,5.5,0.05,47.0,cone,3.0,2.0,50.0,9.090909090909092,0.01522105255136286,40.0,0.0015978122828528285,0.04999997094273567,"{""backing"": 2.0, ""bot"": ""cone"", ""bot_depth"": 3.0, ""bot_params"": {""depth_jitter"": 0.0, ""height_seg"": 6, ""jitter"": 0.3, ""pitch"": 2.0, ""profile_power"": 1.0, ""radial_seg"": 16, ""tip_radius"": 0.1}, ""face_h"": 60.0, ""face_w"": 60.0, ""margin_depths"": 2.0, ""seed"": 101, ""top"": ""shingle"", ""top_depth"": 47.0, ""top_params"": {""azimuth_mode"": ""grid"", ""jitter"": 0.3, ""pitch"": 5.5, ""plate_t_bot"": 0.05, ""plate_t_top"": 0.05, ""tilt_deg"": 2.0, ""tilt_jitter"": 0.0}}"
FL_bl050grid_cone_d30_s101,floor,shingle/cone,"sheet, grid",0.05,101,d100,bl050grid,shingle,5.5,0.05,47.0,cone,3.0,2.0,50.0,9.090909090909092,0.01522105255136286,0.0,0.00035233155358582735,0.04999997094273567,"{""backing"": 2.0, ""bot"": ""cone"", ""bot_depth"": 3.0, ""bot_params"": {""depth_jitter"": 0.0, ""height_seg"": 6, ""jitter"": 0.3, ""pitch"": 2.0, ""profile_power"": 1.0, ""radial_seg"": 16, ""tip_radius"": 0.1}, ""face_h"": 60.0, ""face_w"": 60.0, ""margin_depths"": 2.0, ""seed"": 101, ""top"": ""shingle"", ""top_depth"": 47.0, ""top_params"": {""azimuth_mode"": ""grid"", ""jitter"": 0.3, ""pitch"": 5.5, ""plate_t_bot"": 0.05, ""plate_t_top"": 0.05, ""tilt_deg"": 2.0, ""tilt_jitter"": 0.0}}"
FL_bl050grid_cone_d30_s101,floor,shingle/cone,"sheet, grid",0.05,101,d100,bl050grid,shingle,5.5,0.05,47.0,cone,3.0,2.0,50.0,9.090909090909092,0.01522105255136286,-20.0,0.0009761832188814878,0.04999997094273567,"{""backing"": 2.0, ""bot"": ""cone"", ""bot_depth"": 3.0, ""bot_params"": {""depth_jitter"": 0.0, ""height_seg"": 6, ""jitter"": 0.3, ""pitch"": 2.0, ""profile_power"": 1.0, ""radial_seg"": 16, ""tip_radius"": 0.1}, ""face_h"": 60.0, ""face_w"": 60.0, ""margin_depths"": 2.0, ""seed"": 101, ""top"": ""shingle"", ""top_depth"": 47.0, ""top_params"": {""azimuth_mode"": ""grid"", ""jitter"": 0.3, ""pitch"": 5.5, ""plate_t_bot"": 0.05, ""plate_t_top"": 0.05, ""tilt_deg"": 2.0, ""tilt_jitter"": 0.0}}"
FL_bl050grid_cone_d30_s101,floor,shingle/cone,"sheet, grid",0.05,101,d100,bl050grid,shingle,5.5,0.05,47.0,cone,3.0,2.0,50.0,9.090909090909092,0.01522105255136286,-40.0,0.0017701643519103527,0.04999997094273567,"{""backing"": 2.0, ""bot"": ""cone"", ""bot_depth"": 3.0, ""bot_params"": {""depth_jitter"": 0.0, ""height_seg"": 6, ""jitter"": 0.3, ""pitch"": 2.0, ""profile_power"": 1.0, ""radial_seg"": 16, ""tip_radius"": 0.1}, ""face_h"": 60.0, ""face_w"": 60.0, ""margin_depths"": 2.0, ""seed"": 101, ""top"": ""shingle"", ""top_depth"": 47.0, ""top_params"": {""azimuth_mode"": ""grid"", ""jitter"": 0.3, ""pitch"": 5.5, ""plate_t_bot"": 0.05, ""plate_t_top"": 0.05, ""tilt_deg"": 2.0, ""tilt_jitter"": 0.0}}"
FL_bl050grid_cone_d30_s101,floor,shingle/cone,"sheet, grid",0.05,101,d100,bl050grid,shingle,5.5,0.05,47.0,cone,3.0,2.0,50.0,9.090909090909092,0.01522105255136286,20.0,0.0011675207642838359,0.04999997094273567,"{""backing"": 2.0, ""bot"": ""cone"", ""bot_depth"": 3.0, ""bot_params"": {""depth_jitter"": 0.0, ""height_seg"": 6, ""jitter"": 0.3, ""pitch"": 2.0, ""profile_power"": 1.0, ""radial_seg"": 16, ""tip_radius"": 0.1}, ""face_h"": 60.0, ""face_w"": 60.0, ""margin_depths"": 2.0, ""seed"": 101, ""top"": ""shingle"", ""top_depth"": 47.0, ""top_params"": {""azimuth_mode"": ""grid"", ""jitter"": 0.3, ""pitch"": 5.5, ""plate_t_bot"": 0.05, ""plate_t_top"": 0.05, ""tilt_deg"": 2.0, ""tilt_jitter"": 0.0}}"
FL_bl050grid_cone_d30_s101,floor,shingle/cone,"sheet, grid",0.05,101,d100,bl050grid,shingle,5.5,0.05,47.0,cone,3.0,2.0,50.0,9.090909090909092,0.01522105255136286,40.0,0.001981961540877819,0.04999997094273567,"{""backing"": 2.0, ""bot"": ""cone"", ""bot_depth"": 3.0, ""bot_params"": {""depth_jitter"": 0.0, ""height_seg"": 6, ""jitter"": 0.3, ""pitch"": 2.0, ""profile_power"": 1.0, ""radial_seg"": 16, ""tip_radius"": 0.1}, ""face_h"": 60.0, ""face_w"": 60.0, ""margin_depths"": 2.0, ""seed"": 101, ""top"": ""shingle"", ""top_depth"": 47.0, ""top_params"": {""azimuth_mode"": ""grid"", ""jitter"": 0.3, ""pitch"": 5.5, ""plate_t_bot"": 0.05, ""plate_t_top"": 0.05, ""tilt_deg"": 2.0, ""tilt_jitter"": 0.0}}"
FL_bl050grid_cone_d50_s101,floor,shingle/cone,"sheet, grid",0.05,101,d00,bl050grid,shingle,5.5,0.05,45.0,cone,5.0,2.0,50.0,9.090909090909092,0.01522105255136286,0.0,0.0006206146208569407,0.04999997094273567,"{""backing"": 2.0, ""bot"": ""cone"", ""bot_depth"": 5.0, ""bot_params"": {""depth_jitter"": 0.0, ""height_seg"": 6, ""jitter"": 0.3, ""pitch"": 2.0, ""profile_power"": 1.0, ""radial_seg"": 16, ""tip_radius"": 0.1}, ""face_h"": 60.0, ""face_w"": 60.0, ""margin_depths"": 2.0, ""seed"": 101, ""top"": ""shingle"", ""top_depth"": 45.0, ""top_params"": {""azimuth_mode"": ""grid"", ""jitter"": 0.3, ""pitch"": 5.5, ""plate_t_bot"": 0.05, ""plate_t_top"": 0.05, ""tilt_deg"": 2.0, ""tilt_jitter"": 0.0}}"
FL_bl050grid_cone_d50_s101,floor,shingle/cone,"sheet, grid",0.05,101,d00,bl050grid,shingle,5.5,0.05,45.0,cone,5.0,2.0,50.0,9.090909090909092,0.01522105255136286,-20.0,0.00046411302173510194,0.04999997094273567,"{""backing"": 2.0, ""bot"": ""cone"", ""bot_depth"": 5.0, ""bot_params"": {""depth_jitter"": 0.0, ""height_seg"": 6, ""jitter"": 0.3, ""pitch"": 2.0, ""profile_power"": 1.0, ""radial_seg"": 16, ""tip_radius"": 0.1}, ""face_h"": 60.0, ""face_w"": 60.0, ""margin_depths"": 2.0, ""seed"": 101, ""top"": ""shingle"", ""top_depth"": 45.0, ""top_params"": {""azimuth_mode"": ""grid"", ""jitter"": 0.3, ""pitch"": 5.5, ""plate_t_bot"": 0.05, ""plate_t_top"": 0.05, ""tilt_deg"": 2.0, ""tilt_jitter"": 0.0}}"
FL_bl050grid_cone_d50_s101,floor,shingle/cone,"sheet, grid",0.05,101,d00,bl050grid,shingle,5.5,0.05,45.0,cone,5.0,2.0,50.0,9.090909090909092,0.01522105255136286,-40.0,0.000405957835027948,0.04999997094273567,"{""backing"": 2.0, ""bot"": ""cone"", ""bot_depth"": 5.0, ""bot_params"": {""depth_jitter"": 0.0, ""height_seg"": 6, ""jitter"": 0.3, ""pitch"": 2.0, ""profile_power"": 1.0, ""radial_seg"": 16, ""tip_radius"": 0.1}, ""face_h"": 60.0, ""face_w"": 60.0, ""margin_depths"": 2.0, ""seed"": 101, ""top"": ""shingle"", ""top_depth"": 45.0, ""top_params"": {""azimuth_mode"": ""grid"", ""jitter"": 0.3, ""pitch"": 5.5, ""plate_t_bot"": 0.05, ""plate_t_top"": 0.05, ""tilt_deg"": 2.0, ""tilt_jitter"": 0.0}}"
FL_bl050grid_cone_d50_s101,floor,shingle/cone,"sheet, grid",0.05,101,d00,bl050grid,shingle,5.5,0.05,45.0,cone,5.0,2.0,50.0,9.090909090909092,0.01522105255136286,20.0,0.0004254994273651391,0.04999997094273567,"{""backing"": 2.0, ""bot"": ""cone"", ""bot_depth"": 5.0, ""bot_params"": {""depth_jitter"": 0.0, ""height_seg"": 6, ""jitter"": 0.3, ""pitch"": 2.0, ""profile_power"": 1.0, ""radial_seg"": 16, ""tip_radius"": 0.1}, ""face_h"": 60.0, ""face_w"": 60.0, ""margin_depths"": 2.0, ""seed"": 101, ""top"": ""shingle"", ""top_depth"": 45.0, ""top_params"": {""azimuth_mode"": ""grid"", ""jitter"": 0.3, ""pitch"": 5.5, ""plate_t_bot"": 0.05, ""plate_t_top"": 0.05, ""tilt_deg"": 2.0, ""tilt_jitter"": 0.0}}"
FL_bl050grid_cone_d50_s101,floor,shingle/cone,"sheet, grid",0.05,101,d00,bl050grid,shingle,5.5,0.05,45.0,cone,5.0,2.0,50.0,9.090909090909092,0.01522105255136286,40.0,0.00040137243922799826,0.04999997094273567,"{""backing"": 2.0, ""bot"": ""cone"", ""bot_depth"": 5.0, ""bot_params"": {""depth_jitter"": 0.0, ""height_seg"": 6, ""jitter"": 0.3, ""pitch"": 2.0, ""profile_power"": 1.0, ""radial_seg"": 16, ""tip_radius"": 0.1}, ""face_h"": 60.0, ""face_w"": 60.0, ""margin_depths"": 2.0, ""seed"": 101, ""top"": ""shingle"", ""top_depth"": 45.0, ""top_params"": {""azimuth_mode"": ""grid"", ""jitter"": 0.3, ""pitch"": 5.5, ""plate_t_bot"": 0.05, ""plate_t_top"": 0.05, ""tilt_deg"": 2.0, ""tilt_jitter"": 0.0}}"
FL_bl050grid_cone_d50_s101,floor,shingle/cone,"sheet, grid",0.05,101,d76,bl050grid,shingle,5.5,0.05,45.0,cone,5.0,2.0,50.0,9.090909090909092,0.01522105255136286,0.0,0.00040146312676370144,0.04999997094273567,"{""backing"": 2.0, ""bot"": ""cone"", ""bot_depth"": 5.0, ""bot_params"": {""depth_jitter"": 0.0, ""height_seg"": 6, ""jitter"": 0.3, ""pitch"": 2.0, ""profile_power"": 1.0, ""radial_seg"": 16, ""tip_radius"": 0.1}, ""face_h"": 60.0, ""face_w"": 60.0, ""margin_depths"": 2.0, ""seed"": 101, ""top"": ""shingle"", ""top_depth"": 45.0, ""top_params"": {""azimuth_mode"": ""grid"", ""jitter"": 0.3, ""pitch"": 5.5, ""plate_t_bot"": 0.05, ""plate_t_top"": 0.05, ""tilt_deg"": 2.0, ""tilt_jitter"": 0.0}}"
FL_bl050grid_cone_d50_s101,floor,shingle/cone,"sheet, grid",0.05,101,d76,bl050grid,shingle,5.5,0.05,45.0,cone,5.0,2.0,50.0,9.090909090909092,0.01522105255136286,-20.0,0.0007699113921262324,0.04999997094273567,"{""backing"": 2.0, ""bot"": ""cone"", ""bot_depth"": 5.0, ""bot_params"": {""depth_jitter"": 0.0, ""height_seg"": 6, ""jitter"": 0.3, ""pitch"": 2.0, ""profile_power"": 1.0, ""radial_seg"": 16, ""tip_radius"": 0.1}, ""face_h"": 60.0, ""face_w"": 60.0, ""margin_depths"": 2.0, ""seed"": 101, ""top"": ""shingle"", ""top_depth"": 45.0, ""top_params"": {""azimuth_mode"": ""grid"", ""jitter"": 0.3, ""pitch"": 5.5, ""plate_t_bot"": 0.05, ""plate_t_top"": 0.05, ""tilt_deg"": 2.0, ""tilt_jitter"": 0.0}}"
FL_bl050grid_cone_d50_s101,floor,shingle/cone,"sheet, grid",0.05,101,d76,bl050grid,shingle,5.5,0.05,45.0,cone,5.0,2.0,50.0,9.090909090909092,0.01522105255136286,-40.0,0.0012846275931224227,0.04999997094273567,"{""backing"": 2.0, ""bot"": ""cone"", ""bot_depth"": 5.0, ""bot_params"": {""depth_jitter"": 0.0, ""height_seg"": 6, ""jitter"": 0.3, ""pitch"": 2.0, ""profile_power"": 1.0, ""radial_seg"": 16, ""tip_radius"": 0.1}, ""face_h"": 60.0, ""face_w"": 60.0, ""margin_depths"": 2.0, ""seed"": 101, ""top"": ""shingle"", ""top_depth"": 45.0, ""top_params"": {""azimuth_mode"": ""grid"", ""jitter"": 0.3, ""pitch"": 5.5, ""plate_t_bot"": 0.05, ""plate_t_top"": 0.05, ""tilt_deg"": 2.0, ""tilt_jitter"": 0.0}}"
FL_bl050grid_cone_d50_s101,floor,shingle/cone,"sheet, grid",0.05,101,d76,bl050grid,shingle,5.5,0.05,45.0,cone,5.0,2.0,50.0,9.090909090909092,0.01522105255136286,20.0,0.0009353107889182866,0.04999997094273567,"{""backing"": 2.0, ""bot"": ""cone"", ""bot_depth"": 5.0, ""bot_params"": {""depth_jitter"": 0.0, ""height_seg"": 6, ""jitter"": 0.3, ""pitch"": 2.0, ""profile_power"": 1.0, ""radial_seg"": 16, ""tip_radius"": 0.1}, ""face_h"": 60.0, ""face_w"": 60.0, ""margin_depths"": 2.0, ""seed"": 101, ""top"": ""shingle"", ""top_depth"": 45.0, ""top_params"": {""azimuth_mode"": ""grid"", ""jitter"": 0.3, ""pitch"": 5.5, ""plate_t_bot"": 0.05, ""plate_t_top"": 0.05, ""tilt_deg"": 2.0, ""tilt_jitter"": 0.0}}"
FL_bl050grid_cone_d50_s101,floor,shingle/cone,"sheet, grid",0.05,101,d76,bl050grid,shingle,5.5,0.05,45.0,cone,5.0,2.0,50.0,9.090909090909092,0.01522105255136286,40.0,0.0014922573463991284,0.04999997094273567,"{""backing"": 2.0, ""bot"": ""cone"", ""bot_depth"": 5.0, ""bot_params"": {""depth_jitter"": 0.0, ""height_seg"": 6, ""jitter"": 0.3, ""pitch"": 2.0, ""profile_power"": 1.0, ""radial_seg"": 16, ""tip_radius"": 0.1}, ""face_h"": 60.0, ""face_w"": 60.0, ""margin_depths"": 2.0, ""seed"": 101, ""top"": ""shingle"", ""top_depth"": 45.0, ""top_params"": {""azimuth_mode"": ""grid"", ""jitter"": 0.3, ""pitch"": 5.5, ""plate_t_bot"": 0.05, ""plate_t_top"": 0.05, ""tilt_deg"": 2.0, ""tilt_jitter"": 0.0}}"
FL_bl050grid_cone_d50_s101,floor,shingle/cone,"sheet, grid",0.05,101,d100,bl050grid,shingle,5.5,0.05,45.0,cone,5.0,2.0,50.0,9.090909090909092,0.01522105255136286,0.0,0.0003480933082755655,0.04999997094273567,"{""backing"": 2.0, ""bot"": ""cone"", ""bot_depth"": 5.0, ""bot_params"": {""depth_jitter"": 0.0, ""height_seg"": 6, ""jitter"": 0.3, ""pitch"": 2.0, ""profile_power"": 1.0, ""radial_seg"": 16, ""tip_radius"": 0.1}, ""face_h"": 60.0, ""face_w"": 60.0, ""margin_depths"": 2.0, ""seed"": 101, ""top"": ""shingle"", ""top_depth"": 45.0, ""top_params"": {""azimuth_mode"": ""grid"", ""jitter"": 0.3, ""pitch"": 5.5, ""plate_t_bot"": 0.05, ""plate_t_top"": 0.05, ""tilt_deg"": 2.0, ""tilt_jitter"": 0.0}}"
FL_bl050grid_cone_d50_s101,floor,shingle/cone,"sheet, grid",0.05,101,d100,bl050grid,shingle,5.5,0.05,45.0,cone,5.0,2.0,50.0,9.090909090909092,0.01522105255136286,-20.0,0.0008807749836705625,0.04999997094273567,"{""backing"": 2.0, ""bot"": ""cone"", ""bot_depth"": 5.0, ""bot_params"": {""depth_jitter"": 0.0, ""height_seg"": 6, ""jitter"": 0.3, ""pitch"": 2.0, ""profile_power"": 1.0, ""radial_seg"": 16, ""tip_radius"": 0.1}, ""face_h"": 60.0, ""face_w"": 60.0, ""margin_depths"": 2.0, ""seed"": 101, ""top"": ""shingle"", ""top_depth"": 45.0, ""top_params"": {""azimuth_mode"": ""grid"", ""jitter"": 0.3, ""pitch"": 5.5, ""plate_t_bot"": 0.05, ""plate_t_top"": 0.05, ""tilt_deg"": 2.0, ""tilt_jitter"": 0.0}}"
FL_bl050grid_cone_d50_s101,floor,shingle/cone,"sheet, grid",0.05,101,d100,bl050grid,shingle,5.5,0.05,45.0,cone,5.0,2.0,50.0,9.090909090909092,0.01522105255136286,-40.0,0.0015640842029824853,0.04999997094273567,"{""backing"": 2.0, ""bot"": ""cone"", ""bot_depth"": 5.0, ""bot_params"": {""depth_jitter"": 0.0, ""height_seg"": 6, ""jitter"": 0.3, ""pitch"": 2.0, ""profile_power"": 1.0, ""radial_seg"": 16, ""tip_radius"": 0.1}, ""face_h"": 60.0, ""face_w"": 60.0, ""margin_depths"": 2.0, ""seed"": 101, ""top"": ""shingle"", ""top_depth"": 45.0, ""top_params"": {""azimuth_mode"": ""grid"", ""jitter"": 0.3, ""pitch"": 5.5, ""plate_t_bot"": 0.05, ""plate_t_top"": 0.05, ""tilt_deg"": 2.0, ""tilt_jitter"": 0.0}}"
FL_bl050grid_cone_d50_s101,floor,shingle/cone,"sheet, grid",0.05,101,d100,bl050grid,shingle,5.5,0.05,45.0,cone,5.0,2.0,50.0,9.090909090909092,0.01522105255136286,20.0,0.0011023693950846791,0.04999997094273567,"{""backing"": 2.0, ""bot"": ""cone"", ""bot_depth"": 5.0, ""bot_params"": {""depth_jitter"": 0.0, ""height_seg"": 6, ""jitter"": 0.3, ""pitch"": 2.0, ""profile_power"": 1.0, ""radial_seg"": 16, ""tip_radius"": 0.1}, ""face_h"": 60.0, ""face_w"": 60.0, ""margin_depths"": 2.0, ""seed"": 101, ""top"": ""shingle"", ""top_depth"": 45.0, ""top_params"": {""azimuth_mode"": ""grid"", ""jitter"": 0.3, ""pitch"": 5.5, ""plate_t_bot"": 0.05, ""plate_t_top"": 0.05, ""tilt_deg"": 2.0, ""tilt_jitter"": 0.0}}"
FL_bl050grid_cone_d50_s101,floor,shingle/cone,"sheet, grid",0.05,101,d100,bl050grid,shingle,5.5,0.05,45.0,cone,5.0,2.0,50.0,9.090909090909092,0.01522105255136286,40.0,0.0018488194327801466,0.04999997094273567,"{""backing"": 2.0, ""bot"": ""cone"", ""bot_depth"": 5.0, ""bot_params"": {""depth_jitter"": 0.0, ""height_seg"": 6, ""jitter"": 0.3, ""pitch"": 2.0, ""profile_power"": 1.0, ""radial_seg"": 16, ""tip_radius"": 0.1}, ""face_h"": 60.0, ""face_w"": 60.0, ""margin_depths"": 2.0, ""seed"": 101, ""top"": ""shingle"", ""top_depth"": 45.0, ""top_params"": {""azimuth_mode"": ""grid"", ""jitter"": 0.3, ""pitch"": 5.5, ""plate_t_bot"": 0.05, ""plate_t_top"": 0.05, ""tilt_deg"": 2.0, ""tilt_jitter"": 0.0}}"
FL_bl050grid_pyramid_d20_s101,floor,shingle/pyramid,"sheet, grid",0.05,101,d00,bl050grid,shingle,5.5,0.05,48.0,pyramid,2.0,2.0,50.0,9.090909090909092,0.01522105255136286,0.0,0.0006053785909898579,0.04999997094273567,"{""backing"": 2.0, ""bot"": ""pyramid"", ""bot_depth"": 2.0, ""bot_params"": {""margin_depth_ref"": 50.0, ""pitch"": 2.0, ""tip_flat"": 0.1}, ""face_h"": 60.0, ""face_w"": 60.0, ""margin_depths"": 2.0, ""seed"": 101, ""top"": ""shingle"", ""top_depth"": 48.0, ""top_params"": {""azimuth_mode"": ""grid"", ""jitter"": 0.3, ""pitch"": 5.5, ""plate_t_bot"": 0.05, ""plate_t_top"": 0.05, ""tilt_deg"": 2.0, ""tilt_jitter"": 0.0}}"
FL_bl050grid_pyramid_d20_s101,floor,shingle/pyramid,"sheet, grid",0.05,101,d00,bl050grid,shingle,5.5,0.05,48.0,pyramid,2.0,2.0,50.0,9.090909090909092,0.01522105255136286,-20.0,0.0004231860802974552,0.04999997094273567,"{""backing"": 2.0, ""bot"": ""pyramid"", ""bot_depth"": 2.0, ""bot_params"": {""margin_depth_ref"": 50.0, ""pitch"": 2.0, ""tip_flat"": 0.1}, ""face_h"": 60.0, ""face_w"": 60.0, ""margin_depths"": 2.0, ""seed"": 101, ""top"": ""shingle"", ""top_depth"": 48.0, ""top_params"": {""azimuth_mode"": ""grid"", ""jitter"": 0.3, ""pitch"": 5.5, ""plate_t_bot"": 0.05, ""plate_t_top"": 0.05, ""tilt_deg"": 2.0, ""tilt_jitter"": 0.0}}"
FL_bl050grid_pyramid_d20_s101,floor,shingle/pyramid,"sheet, grid",0.05,101,d00,bl050grid,shingle,5.5,0.05,48.0,pyramid,2.0,2.0,50.0,9.090909090909092,0.01522105255136286,-40.0,0.0003598947951104492,0.04999997094273567,"{""backing"": 2.0, ""bot"": ""pyramid"", ""bot_depth"": 2.0, ""bot_params"": {""margin_depth_ref"": 50.0, ""pitch"": 2.0, ""tip_flat"": 0.1}, ""face_h"": 60.0, ""face_w"": 60.0, ""margin_depths"": 2.0, ""seed"": 101, ""top"": ""shingle"", ""top_depth"": 48.0, ""top_params"": {""azimuth_mode"": ""grid"", ""jitter"": 0.3, ""pitch"": 5.5, ""plate_t_bot"": 0.05, ""plate_t_top"": 0.05, ""tilt_deg"": 2.0, ""tilt_jitter"": 0.0}}"
FL_bl050grid_pyramid_d20_s101,floor,shingle/pyramid,"sheet, grid",0.05,101,d00,bl050grid,shingle,5.5,0.05,48.0,pyramid,2.0,2.0,50.0,9.090909090909092,0.01522105255136286,20.0,0.0004138787917327136,0.04999997094273567,"{""backing"": 2.0, ""bot"": ""pyramid"", ""bot_depth"": 2.0, ""bot_params"": {""margin_depth_ref"": 50.0, ""pitch"": 2.0, ""tip_flat"": 0.1}, ""face_h"": 60.0, ""face_w"": 60.0, ""margin_depths"": 2.0, ""seed"": 101, ""top"": ""shingle"", ""top_depth"": 48.0, ""top_params"": {""azimuth_mode"": ""grid"", ""jitter"": 0.3, ""pitch"": 5.5, ""plate_t_bot"": 0.05, ""plate_t_top"": 0.05, ""tilt_deg"": 2.0, ""tilt_jitter"": 0.0}}"
FL_bl050grid_pyramid_d20_s101,floor,shingle/pyramid,"sheet, grid",0.05,101,d00,bl050grid,shingle,5.5,0.05,48.0,pyramid,2.0,2.0,50.0,9.090909090909092,0.01522105255136286,40.0,0.00038246443727985024,0.04999997094273567,"{""backing"": 2.0, ""bot"": ""pyramid"", ""bot_depth"": 2.0, ""bot_params"": {""margin_depth_ref"": 50.0, ""pitch"": 2.0, ""tip_flat"": 0.1}, ""face_h"": 60.0, ""face_w"": 60.0, ""margin_depths"": 2.0, ""seed"": 101, ""top"": ""shingle"", ""top_depth"": 48.0, ""top_params"": {""azimuth_mode"": ""grid"", ""jitter"": 0.3, ""pitch"": 5.5, ""plate_t_bot"": 0.05, ""plate_t_top"": 0.05, ""tilt_deg"": 2.0, ""tilt_jitter"": 0.0}}"
FL_bl050grid_pyramid_d20_s101,floor,shingle/pyramid,"sheet, grid",0.05,101,d76,bl050grid,shingle,5.5,0.05,48.0,pyramid,2.0,2.0,50.0,9.090909090909092,0.01522105255136286,0.0,0.0003993793507106602,0.04999997094273567,"{""backing"": 2.0, ""bot"": ""pyramid"", ""bot_depth"": 2.0, ""bot_params"": {""margin_depth_ref"": 50.0, ""pitch"": 2.0, ""tip_flat"": 0.1}, ""face_h"": 60.0, ""face_w"": 60.0, ""margin_depths"": 2.0, ""seed"": 101, ""top"": ""shingle"", ""top_depth"": 48.0, ""top_params"": {""azimuth_mode"": ""grid"", ""jitter"": 0.3, ""pitch"": 5.5, ""plate_t_bot"": 0.05, ""plate_t_top"": 0.05, ""tilt_deg"": 2.0, ""tilt_jitter"": 0.0}}"
FL_bl050grid_pyramid_d20_s101,floor,shingle/pyramid,"sheet, grid",0.05,101,d76,bl050grid,shingle,5.5,0.05,48.0,pyramid,2.0,2.0,50.0,9.090909090909092,0.01522105255136286,-20.0,0.0008334505837410688,0.04999997094273567,"{""backing"": 2.0, ""bot"": ""pyramid"", ""bot_depth"": 2.0, ""bot_params"": {""margin_depth_ref"": 50.0, ""pitch"": 2.0, ""tip_flat"": 0.1}, ""face_h"": 60.0, ""face_w"": 60.0, ""margin_depths"": 2.0, ""seed"": 101, ""top"": ""shingle"", ""top_depth"": 48.0, ""top_params"": {""azimuth_mode"": ""grid"", ""jitter"": 0.3, ""pitch"": 5.5, ""plate_t_bot"": 0.05, ""plate_t_top"": 0.05, ""tilt_deg"": 2.0, ""tilt_jitter"": 0.0}}"
FL_bl050grid_pyramid_d20_s101,floor,shingle/pyramid,"sheet, grid",0.05,101,d76,bl050grid,shingle,5.5,0.05,48.0,pyramid,2.0,2.0,50.0,9.090909090909092,0.01522105255136286,-40.0,0.001423182082362473,0.04999997094273567,"{""backing"": 2.0, ""bot"": ""pyramid"", ""bot_depth"": 2.0, ""bot_params"": {""margin_depth_ref"": 50.0, ""pitch"": 2.0, ""tip_flat"": 0.1}, ""face_h"": 60.0, ""face_w"": 60.0, ""margin_depths"": 2.0, ""seed"": 101, ""top"": ""shingle"", ""top_depth"": 48.0, ""top_params"": {""azimuth_mode"": ""grid"", ""jitter"": 0.3, ""pitch"": 5.5, ""plate_t_bot"": 0.05, ""plate_t_top"": 0.05, ""tilt_deg"": 2.0, ""tilt_jitter"": 0.0}}"
FL_bl050grid_pyramid_d20_s101,floor,shingle/pyramid,"sheet, grid",0.05,101,d76,bl050grid,shingle,5.5,0.05,48.0,pyramid,2.0,2.0,50.0,9.090909090909092,0.01522105255136286,20.0,0.0009807090973481536,0.04999997094273567,"{""backing"": 2.0, ""bot"": ""pyramid"", ""bot_depth"": 2.0, ""bot_params"": {""margin_depth_ref"": 50.0, ""pitch"": 2.0, ""tip_flat"": 0.1}, ""face_h"": 60.0, ""face_w"": 60.0, ""margin_depths"": 2.0, ""seed"": 101, ""top"": ""shingle"", ""top_depth"": 48.0, ""top_params"": {""azimuth_mode"": ""grid"", ""jitter"": 0.3, ""pitch"": 5.5, ""plate_t_bot"": 0.05, ""plate_t_top"": 0.05, ""tilt_deg"": 2.0, ""tilt_jitter"": 0.0}}"
FL_bl050grid_pyramid_d20_s101,floor,shingle/pyramid,"sheet, grid",0.05,101,d76,bl050grid,shingle,5.5,0.05,48.0,pyramid,2.0,2.0,50.0,9.090909090909092,0.01522105255136286,40.0,0.0015979754971340299,0.04999997094273567,"{""backing"": 2.0, ""bot"": ""pyramid"", ""bot_depth"": 2.0, ""bot_params"": {""margin_depth_ref"": 50.0, ""pitch"": 2.0, ""tip_flat"": 0.1}, ""face_h"": 60.0, ""face_w"": 60.0, ""margin_depths"": 2.0, ""seed"": 101, ""top"": ""shingle"", ""top_depth"": 48.0, ""top_params"": {""azimuth_mode"": ""grid"", ""jitter"": 0.3, ""pitch"": 5.5, ""plate_t_bot"": 0.05, ""plate_t_top"": 0.05, ""tilt_deg"": 2.0, ""tilt_jitter"": 0.0}}"
FL_bl050grid_pyramid_d20_s101,floor,shingle/pyramid,"sheet, grid",0.05,101,d100,bl050grid,shingle,5.5,0.05,48.0,pyramid,2.0,2.0,50.0,9.090909090909092,0.01522105255136286,0.0,0.00034960280754603446,0.04999997094273567,"{""backing"": 2.0, ""bot"": ""pyramid"", ""bot_depth"": 2.0, ""bot_params"": {""margin_depth_ref"": 50.0, ""pitch"": 2.0, ""tip_flat"": 0.1}, ""face_h"": 60.0, ""face_w"": 60.0, ""margin_depths"": 2.0, ""seed"": 101, ""top"": ""shingle"", ""top_depth"": 48.0, ""top_params"": {""azimuth_mode"": ""grid"", ""jitter"": 0.3, ""pitch"": 5.5, ""plate_t_bot"": 0.05, ""plate_t_top"": 0.05, ""tilt_deg"": 2.0, ""tilt_jitter"": 0.0}}"
FL_bl050grid_pyramid_d20_s101,floor,shingle/pyramid,"sheet, grid",0.05,101,d100,bl050grid,shingle,5.5,0.05,48.0,pyramid,2.0,2.0,50.0,9.090909090909092,0.01522105255136286,-20.0,0.0009752240148372948,0.04999997094273567,"{""backing"": 2.0, ""bot"": ""pyramid"", ""bot_depth"": 2.0, ""bot_params"": {""margin_depth_ref"": 50.0, ""pitch"": 2.0, ""tip_flat"": 0.1}, ""face_h"": 60.0, ""face_w"": 60.0, ""margin_depths"": 2.0, ""seed"": 101, ""top"": ""shingle"", ""top_depth"": 48.0, ""top_params"": {""azimuth_mode"": ""grid"", ""jitter"": 0.3, ""pitch"": 5.5, ""plate_t_bot"": 0.05, ""plate_t_top"": 0.05, ""tilt_deg"": 2.0, ""tilt_jitter"": 0.0}}"
FL_bl050grid_pyramid_d20_s101,floor,shingle/pyramid,"sheet, grid",0.05,101,d100,bl050grid,shingle,5.5,0.05,48.0,pyramid,2.0,2.0,50.0,9.090909090909092,0.01522105255136286,-40.0,0.001770269125699997,0.04999997094273567,"{""backing"": 2.0, ""bot"": ""pyramid"", ""bot_depth"": 2.0, ""bot_params"": {""margin_depth_ref"": 50.0, ""pitch"": 2.0, ""tip_flat"": 0.1}, ""face_h"": 60.0, ""face_w"": 60.0, ""margin_depths"": 2.0, ""seed"": 101, ""top"": ""shingle"", ""top_depth"": 48.0, ""top_params"": {""azimuth_mode"": ""grid"", ""jitter"": 0.3, ""pitch"": 5.5, ""plate_t_bot"": 0.05, ""plate_t_top"": 0.05, ""tilt_deg"": 2.0, ""tilt_jitter"": 0.0}}"
FL_bl050grid_pyramid_d20_s101,floor,shingle/pyramid,"sheet, grid",0.05,101,d100,bl050grid,shingle,5.5,0.05,48.0,pyramid,2.0,2.0,50.0,9.090909090909092,0.01522105255136286,20.0,0.0011675204150378704,0.04999997094273567,"{""backing"": 2.0, ""bot"": ""pyramid"", ""bot_depth"": 2.0, ""bot_params"": {""margin_depth_ref"": 50.0, ""pitch"": 2.0, ""tip_flat"": 0.1}, ""face_h"": 60.0, ""face_w"": 60.0, ""margin_depths"": 2.0, ""seed"": 101, ""top"": ""shingle"", ""top_depth"": 48.0, ""top_params"": {""azimuth_mode"": ""grid"", ""jitter"": 0.3, ""pitch"": 5.5, ""plate_t_bot"": 0.05, ""plate_t_top"": 0.05, ""tilt_deg"": 2.0, ""tilt_jitter"": 0.0}}"
FL_bl050grid_pyramid_d20_s101,floor,shingle/pyramid,"sheet, grid",0.05,101,d100,bl050grid,shingle,5.5,0.05,48.0,pyramid,2.0,2.0,50.0,9.090909090909092,0.01522105255136286,40.0,0.0019821187015622854,0.04999997094273567,"{""backing"": 2.0, ""bot"": ""pyramid"", ""bot_depth"": 2.0, ""bot_params"": {""margin_depth_ref"": 50.0, ""pitch"": 2.0, ""tip_flat"": 0.1}, ""face_h"": 60.0, ""face_w"": 60.0, ""margin_depths"": 2.0, ""seed"": 101, ""top"": ""shingle"", ""top_depth"": 48.0, ""top_params"": {""azimuth_mode"": ""grid"", ""jitter"": 0.3, ""pitch"": 5.5, ""plate_t_bot"": 0.05, ""plate_t_top"": 0.05, ""tilt_deg"": 2.0, ""tilt_jitter"": 0.0}}"
FL_bl050grid_pyramid_d30_s101,floor,shingle/pyramid,"sheet, grid",0.05,101,d00,bl050grid,shingle,5.5,0.05,47.0,pyramid,3.0,2.0,50.0,9.090909090909092,0.01522105255136286,0.0,0.0005998385604470968,0.04999997094273567,"{""backing"": 2.0, ""bot"": ""pyramid"", ""bot_depth"": 3.0, ""bot_params"": {""margin_depth_ref"": 50.0, ""pitch"": 2.0, ""tip_flat"": 0.1}, ""face_h"": 60.0, ""face_w"": 60.0, ""margin_depths"": 2.0, ""seed"": 101, ""top"": ""shingle"", ""top_depth"": 47.0, ""top_params"": {""azimuth_mode"": ""grid"", ""jitter"": 0.3, ""pitch"": 5.5, ""plate_t_bot"": 0.05, ""plate_t_top"": 0.05, ""tilt_deg"": 2.0, ""tilt_jitter"": 0.0}}"
FL_bl050grid_pyramid_d30_s101,floor,shingle/pyramid,"sheet, grid",0.05,101,d00,bl050grid,shingle,5.5,0.05,47.0,pyramid,3.0,2.0,50.0,9.090909090909092,0.01522105255136286,-20.0,0.0004224215226713568,0.04999997094273567,"{""backing"": 2.0, ""bot"": ""pyramid"", ""bot_depth"": 3.0, ""bot_params"": {""margin_depth_ref"": 50.0, ""pitch"": 2.0, ""tip_flat"": 0.1}, ""face_h"": 60.0, ""face_w"": 60.0, ""margin_depths"": 2.0, ""seed"": 101, ""top"": ""shingle"", ""top_depth"": 47.0, ""top_params"": {""azimuth_mode"": ""grid"", ""jitter"": 0.3, ""pitch"": 5.5, ""plate_t_bot"": 0.05, ""plate_t_top"": 0.05, ""tilt_deg"": 2.0, ""tilt_jitter"": 0.0}}"
FL_bl050grid_pyramid_d30_s101,floor,shingle/pyramid,"sheet, grid",0.05,101,d00,bl050grid,shingle,5.5,0.05,47.0,pyramid,3.0,2.0,50.0,9.090909090909092,0.01522105255136286,-40.0,0.00035974953789263964,0.04999997094273567,"{""backing"": 2.0, ""bot"": ""pyramid"", ""bot_depth"": 3.0, ""bot_params"": {""margin_depth_ref"": 50.0, ""pitch"": 2.0, ""tip_flat"": 0.1}, ""face_h"": 60.0, ""face_w"": 60.0, ""margin_depths"": 2.0, ""seed"": 101, ""top"": ""shingle"", ""top_depth"": 47.0, ""top_params"": {""azimuth_mode"": ""grid"", ""jitter"": 0.3, ""pitch"": 5.5, ""plate_t_bot"": 0.05, ""plate_t_top"": 0.05, ""tilt_deg"": 2.0, ""tilt_jitter"": 0.0}}"
FL_bl050grid_pyramid_d30_s101,floor,shingle/pyramid,"sheet, grid",0.05,101,d00,bl050grid,shingle,5.5,0.05,47.0,pyramid,3.0,2.0,50.0,9.090909090909092,0.01522105255136286,20.0,0.0004140607197768986,0.04999997094273567,"{""backing"": 2.0, ""bot"": ""pyramid"", ""bot_depth"": 3.0, ""bot_params"": {""margin_depth_ref"": 50.0, ""pitch"": 2.0, ""tip_flat"": 0.1}, ""face_h"": 60.0, ""face_w"": 60.0, ""margin_depths"": 2.0, ""seed"": 101, ""top"": ""shingle"", ""top_depth"": 47.0, ""top_params"": {""azimuth_mode"": ""grid"", ""jitter"": 0.3, ""pitch"": 5.5, ""plate_t_bot"": 0.05, ""plate_t_top"": 0.05, ""tilt_deg"": 2.0, ""tilt_jitter"": 0.0}}"
FL_bl050grid_pyramid_d30_s101,floor,shingle/pyramid,"sheet, grid",0.05,101,d00,bl050grid,shingle,5.5,0.05,47.0,pyramid,3.0,2.0,50.0,9.090909090909092,0.01522105255136286,40.0,0.0003822616708930582,0.04999997094273567,"{""backing"": 2.0, ""bot"": ""pyramid"", ""bot_depth"": 3.0, ""bot_params"": {""margin_depth_ref"": 50.0, ""pitch"": 2.0, ""tip_flat"": 0.1}, ""face_h"": 60.0, ""face_w"": 60.0, ""margin_depths"": 2.0, ""seed"": 101, ""top"": ""shingle"", ""top_depth"": 47.0, ""top_params"": {""azimuth_mode"": ""grid"", ""jitter"": 0.3, ""pitch"": 5.5, ""plate_t_bot"": 0.05, ""plate_t_top"": 0.05, ""tilt_deg"": 2.0, ""tilt_jitter"": 0.0}}"
FL_bl050grid_pyramid_d30_s101,floor,shingle/pyramid,"sheet, grid",0.05,101,d76,bl050grid,shingle,5.5,0.05,47.0,pyramid,3.0,2.0,50.0,9.090909090909092,0.01522105255136286,0.0,0.000395447772461921,0.04999997094273567,"{""backing"": 2.0, ""bot"": ""pyramid"", ""bot_depth"": 3.0, ""bot_params"": {""margin_depth_ref"": 50.0, ""pitch"": 2.0, ""tip_flat"": 0.1}, ""face_h"": 60.0, ""face_w"": 60.0, ""margin_depths"": 2.0, ""seed"": 101, ""top"": ""shingle"", ""top_depth"": 47.0, ""top_params"": {""azimuth_mode"": ""grid"", ""jitter"": 0.3, ""pitch"": 5.5, ""plate_t_bot"": 0.05, ""plate_t_top"": 0.05, ""tilt_deg"": 2.0, ""tilt_jitter"": 0.0}}"
FL_bl050grid_pyramid_d30_s101,floor,shingle/pyramid,"sheet, grid",0.05,101,d76,bl050grid,shingle,5.5,0.05,47.0,pyramid,3.0,2.0,50.0,9.090909090909092,0.01522105255136286,-20.0,0.0008336538448929787,0.04999997094273567,"{""backing"": 2.0, ""bot"": ""pyramid"", ""bot_depth"": 3.0, ""bot_params"": {""margin_depth_ref"": 50.0, ""pitch"": 2.0, ""tip_flat"": 0.1}, ""face_h"": 60.0, ""face_w"": 60.0, ""margin_depths"": 2.0, ""seed"": 101, ""top"": ""shingle"", ""top_depth"": 47.0, ""top_params"": {""azimuth_mode"": ""grid"", ""jitter"": 0.3, ""pitch"": 5.5, ""plate_t_bot"": 0.05, ""plate_t_top"": 0.05, ""tilt_deg"": 2.0, ""tilt_jitter"": 0.0}}"
FL_bl050grid_pyramid_d30_s101,floor,shingle/pyramid,"sheet, grid",0.05,101,d76,bl050grid,shingle,5.5,0.05,47.0,pyramid,3.0,2.0,50.0,9.090909090909092,0.01522105255136286,-40.0,0.001423071837052703,0.04999997094273567,"{""backing"": 2.0, ""bot"": ""pyramid"", ""bot_depth"": 3.0, ""bot_params"": {""margin_depth_ref"": 50.0, ""pitch"": 2.0, ""tip_flat"": 0.1}, ""face_h"": 60.0, ""face_w"": 60.0, ""margin_depths"": 2.0, ""seed"": 101, ""top"": ""shingle"", ""top_depth"": 47.0, ""top_params"": {""azimuth_mode"": ""grid"", ""jitter"": 0.3, ""pitch"": 5.5, ""plate_t_bot"": 0.05, ""plate_t_top"": 0.05, ""tilt_deg"": 2.0, ""tilt_jitter"": 0.0}}"
FL_bl050grid_pyramid_d30_s101,floor,shingle/pyramid,"sheet, grid",0.05,101,d76,bl050grid,shingle,5.5,0.05,47.0,pyramid,3.0,2.0,50.0,9.090909090909092,0.01522105255136286,20.0,0.0009814443765208125,0.04999997094273567,"{""backing"": 2.0, ""bot"": ""pyramid"", ""bot_depth"": 3.0, ""bot_params"": {""margin_depth_ref"": 50.0, ""pitch"": 2.0, ""tip_flat"": 0.1}, ""face_h"": 60.0, ""face_w"": 60.0, ""margin_depths"": 2.0, ""seed"": 101, ""top"": ""shingle"", ""top_depth"": 47.0, ""top_params"": {""azimuth_mode"": ""grid"", ""jitter"": 0.3, ""pitch"": 5.5, ""plate_t_bot"": 0.05, ""plate_t_top"": 0.05, ""tilt_deg"": 2.0, ""tilt_jitter"": 0.0}}"
FL_bl050grid_pyramid_d30_s101,floor,shingle/pyramid,"sheet, grid",0.05,101,d76,bl050grid,shingle,5.5,0.05,47.0,pyramid,3.0,2.0,50.0,9.090909090909092,0.01522105255136286,40.0,0.0015978170558810234,0.04999997094273567,"{""backing"": 2.0, ""bot"": ""pyramid"", ""bot_depth"": 3.0, ""bot_params"": {""margin_depth_ref"": 50.0, ""pitch"": 2.0, ""tip_flat"": 0.1}, ""face_h"": 60.0, ""face_w"": 60.0, ""margin_depths"": 2.0, ""seed"": 101, ""top"": ""shingle"", ""top_depth"": 47.0, ""top_params"": {""azimuth_mode"": ""grid"", ""jitter"": 0.3, ""pitch"": 5.5, ""plate_t_bot"": 0.05, ""plate_t_top"": 0.05, ""tilt_deg"": 2.0, ""tilt_jitter"": 0.0}}"
FL_bl050grid_pyramid_d30_s101,floor,shingle/pyramid,"sheet, grid",0.05,101,d100,bl050grid,shingle,5.5,0.05,47.0,pyramid,3.0,2.0,50.0,9.090909090909092,0.01522105255136286,0.0,0.00034299047547392547,0.04999997094273567,"{""backing"": 2.0, ""bot"": ""pyramid"", ""bot_depth"": 3.0, ""bot_params"": {""margin_depth_ref"": 50.0, ""pitch"": 2.0, ""tip_flat"": 0.1}, ""face_h"": 60.0, ""face_w"": 60.0, ""margin_depths"": 2.0, ""seed"": 101, ""top"": ""shingle"", ""top_depth"": 47.0, ""top_params"": {""azimuth_mode"": ""grid"", ""jitter"": 0.3, ""pitch"": 5.5, ""plate_t_bot"": 0.05, ""plate_t_top"": 0.05, ""tilt_deg"": 2.0, ""tilt_jitter"": 0.0}}"
FL_bl050grid_pyramid_d30_s101,floor,shingle/pyramid,"sheet, grid",0.05,101,d100,bl050grid,shingle,5.5,0.05,47.0,pyramid,3.0,2.0,50.0,9.090909090909092,0.01522105255136286,-20.0,0.0009748110896907747,0.04999997094273567,"{""backing"": 2.0, ""bot"": ""pyramid"", ""bot_depth"": 3.0, ""bot_params"": {""margin_depth_ref"": 50.0, ""pitch"": 2.0, ""tip_flat"": 0.1}, ""face_h"": 60.0, ""face_w"": 60.0, ""margin_depths"": 2.0, ""seed"": 101, ""top"": ""shingle"", ""top_depth"": 47.0, ""top_params"": {""azimuth_mode"": ""grid"", ""jitter"": 0.3, ""pitch"": 5.5, ""plate_t_bot"": 0.05, ""plate_t_top"": 0.05, ""tilt_deg"": 2.0, ""tilt_jitter"": 0.0}}"
FL_bl050grid_pyramid_d30_s101,floor,shingle/pyramid,"sheet, grid",0.05,101,d100,bl050grid,shingle,5.5,0.05,47.0,pyramid,3.0,2.0,50.0,9.090909090909092,0.01522105255136286,-40.0,0.001770166214555502,0.04999997094273567,"{""backing"": 2.0, ""bot"": ""pyramid"", ""bot_depth"": 3.0, ""bot_params"": {""margin_depth_ref"": 50.0, ""pitch"": 2.0, ""tip_flat"": 0.1}, ""face_h"": 60.0, ""face_w"": 60.0, ""margin_depths"": 2.0, ""seed"": 101, ""top"": ""shingle"", ""top_depth"": 47.0, ""top_params"": {""azimuth_mode"": ""grid"", ""jitter"": 0.3, ""pitch"": 5.5, ""plate_t_bot"": 0.05, ""plate_t_top"": 0.05, ""tilt_deg"": 2.0, ""tilt_jitter"": 0.0}}"
FL_bl050grid_pyramid_d30_s101,floor,shingle/pyramid,"sheet, grid",0.05,101,d100,bl050grid,shingle,5.5,0.05,47.0,pyramid,3.0,2.0,50.0,9.090909090909092,0.01522105255136286,20.0,0.0011675208806991577,0.04999997094273567,"{""backing"": 2.0, ""bot"": ""pyramid"", ""bot_depth"": 3.0, ""bot_params"": {""margin_depth_ref"": 50.0, ""pitch"": 2.0, ""tip_flat"": 0.1}, ""face_h"": 60.0, ""face_w"": 60.0, ""margin_depths"": 2.0, ""seed"": 101, ""top"": ""shingle"", ""top_depth"": 47.0, ""top_params"": {""azimuth_mode"": ""grid"", ""jitter"": 0.3, ""pitch"": 5.5, ""plate_t_bot"": 0.05, ""plate_t_top"": 0.05, ""tilt_deg"": 2.0, ""tilt_jitter"": 0.0}}"
FL_bl050grid_pyramid_d30_s101,floor,shingle/pyramid,"sheet, grid",0.05,101,d100,bl050grid,shingle,5.5,0.05,47.0,pyramid,3.0,2.0,50.0,9.090909090909092,0.01522105255136286,40.0,0.0019819620065391064,0.04999997094273567,"{""backing"": 2.0, ""bot"": ""pyramid"", ""bot_depth"": 3.0, ""bot_params"": {""margin_depth_ref"": 50.0, ""pitch"": 2.0, ""tip_flat"": 0.1}, ""face_h"": 60.0, ""face_w"": 60.0, ""margin_depths"": 2.0, ""seed"": 101, ""top"": ""shingle"", ""top_depth"": 47.0, ""top_params"": {""azimuth_mode"": ""grid"", ""jitter"": 0.3, ""pitch"": 5.5, ""plate_t_bot"": 0.05, ""plate_t_top"": 0.05, ""tilt_deg"": 2.0, ""tilt_jitter"": 0.0}}"
FL_bl050grid_pyramid_d50_s101,floor,shingle/pyramid,"sheet, grid",0.05,101,d00,bl050grid,shingle,5.5,0.05,45.0,pyramid,5.0,2.0,50.0,9.090909090909092,0.01522105255136286,0.0,0.0006044799229130149,0.04999997094273567,"{""backing"": 2.0, ""bot"": ""pyramid"", ""bot_depth"": 5.0, ""bot_params"": {""margin_depth_ref"": 50.0, ""pitch"": 2.0, ""tip_flat"": 0.1}, ""face_h"": 60.0, ""face_w"": 60.0, ""margin_depths"": 2.0, ""seed"": 101, ""top"": ""shingle"", ""top_depth"": 45.0, ""top_params"": {""azimuth_mode"": ""grid"", ""jitter"": 0.3, ""pitch"": 5.5, ""plate_t_bot"": 0.05, ""plate_t_top"": 0.05, ""tilt_deg"": 2.0, ""tilt_jitter"": 0.0}}"
FL_bl050grid_pyramid_d50_s101,floor,shingle/pyramid,"sheet, grid",0.05,101,d00,bl050grid,shingle,5.5,0.05,45.0,pyramid,5.0,2.0,50.0,9.090909090909092,0.01522105255136286,-20.0,0.0004632229683920741,0.04999997094273567,"{""backing"": 2.0, ""bot"": ""pyramid"", ""bot_depth"": 5.0, ""bot_params"": {""margin_depth_ref"": 50.0, ""pitch"": 2.0, ""tip_flat"": 0.1}, ""face_h"": 60.0, ""face_w"": 60.0, ""margin_depths"": 2.0, ""seed"": 101, ""top"": ""shingle"", ""top_depth"": 45.0, ""top_params"": {""azimuth_mode"": ""grid"", ""jitter"": 0.3, ""pitch"": 5.5, ""plate_t_bot"": 0.05, ""plate_t_top"": 0.05, ""tilt_deg"": 2.0, ""tilt_jitter"": 0.0}}"
FL_bl050grid_pyramid_d50_s101,floor,shingle/pyramid,"sheet, grid",0.05,101,d00,bl050grid,shingle,5.5,0.05,45.0,pyramid,5.0,2.0,50.0,9.090909090909092,0.01522105255136286,-40.0,0.00040600766078568995,0.04999997094273567,"{""backing"": 2.0, ""bot"": ""pyramid"", ""bot_depth"": 5.0, ""bot_params"": {""margin_depth_ref"": 50.0, ""pitch"": 2.0, ""tip_flat"": 0.1}, ""face_h"": 60.0, ""face_w"": 60.0, ""margin_depths"": 2.0, ""seed"": 101, ""top"": ""shingle"", ""top_depth"": 45.0, ""top_params"": {""azimuth_mode"": ""grid"", ""jitter"": 0.3, ""pitch"": 5.5, ""plate_t_bot"": 0.05, ""plate_t_top"": 0.05, ""tilt_deg"": 2.0, ""tilt_jitter"": 0.0}}"
FL_bl050grid_pyramid_d50_s101,floor,shingle/pyramid,"sheet, grid",0.05,101,d00,bl050grid,shingle,5.5,0.05,45.0,pyramid,5.0,2.0,50.0,9.090909090909092,0.01522105255136286,20.0,0.00042446432053111494,0.04999997094273567,"{""backing"": 2.0, ""bot"": ""pyramid"", ""bot_depth"": 5.0, ""bot_params"": {""margin_depth_ref"": 50.0, ""pitch"": 2.0, ""tip_flat"": 0.1}, ""face_h"": 60.0, ""face_w"": 60.0, ""margin_depths"": 2.0, ""seed"": 101, ""top"": ""shingle"", ""top_depth"": 45.0, ""top_params"": {""azimuth_mode"": ""grid"", ""jitter"": 0.3, ""pitch"": 5.5, ""plate_t_bot"": 0.05, ""plate_t_top"": 0.05, ""tilt_deg"": 2.0, ""tilt_jitter"": 0.0}}"
FL_bl050grid_pyramid_d50_s101,floor,shingle/pyramid,"sheet, grid",0.05,101,d00,bl050grid,shingle,5.5,0.05,45.0,pyramid,5.0,2.0,50.0,9.090909090909092,0.01522105255136286,40.0,0.0004014243895653635,0.04999997094273567,"{""backing"": 2.0, ""bot"": ""pyramid"", ""bot_depth"": 5.0, ""bot_params"": {""margin_depth_ref"": 50.0, ""pitch"": 2.0, ""tip_flat"": 0.1}, ""face_h"": 60.0, ""face_w"": 60.0, ""margin_depths"": 2.0, ""seed"": 101, ""top"": ""shingle"", ""top_depth"": 45.0, ""top_params"": {""azimuth_mode"": ""grid"", ""jitter"": 0.3, ""pitch"": 5.5, ""plate_t_bot"": 0.05, ""plate_t_top"": 0.05, ""tilt_deg"": 2.0, ""tilt_jitter"": 0.0}}"
FL_bl050grid_pyramid_d50_s101,floor,shingle/pyramid,"sheet, grid",0.05,101,d76,bl050grid,shingle,5.5,0.05,45.0,pyramid,5.0,2.0,50.0,9.090909090909092,0.01522105255136286,0.0,0.00039073522202670574,0.04999997094273567,"{""backing"": 2.0, ""bot"": ""pyramid"", ""bot_depth"": 5.0, ""bot_params"": {""margin_depth_ref"": 50.0, ""pitch"": 2.0, ""tip_flat"": 0.1}, ""face_h"": 60.0, ""face_w"": 60.0, ""margin_depths"": 2.0, ""seed"": 101, ""top"": ""shingle"", ""top_depth"": 45.0, ""top_params"": {""azimuth_mode"": ""grid"", ""jitter"": 0.3, ""pitch"": 5.5, ""plate_t_bot"": 0.05, ""plate_t_top"": 0.05, ""tilt_deg"": 2.0, ""tilt_jitter"": 0.0}}"
FL_bl050grid_pyramid_d50_s101,floor,shingle/pyramid,"sheet, grid",0.05,101,d76,bl050grid,shingle,5.5,0.05,45.0,pyramid,5.0,2.0,50.0,9.090909090909092,0.01522105255136286,-20.0,0.0007666574674658477,0.04999997094273567,"{""backing"": 2.0, ""bot"": ""pyramid"", ""bot_depth"": 5.0, ""bot_params"": {""margin_depth_ref"": 50.0, ""pitch"": 2.0, ""tip_flat"": 0.1}, ""face_h"": 60.0, ""face_w"": 60.0, ""margin_depths"": 2.0, ""seed"": 101, ""top"": ""shingle"", ""top_depth"": 45.0, ""top_params"": {""azimuth_mode"": ""grid"", ""jitter"": 0.3, ""pitch"": 5.5, ""plate_t_bot"": 0.05, ""plate_t_top"": 0.05, ""tilt_deg"": 2.0, ""tilt_jitter"": 0.0}}"
FL_bl050grid_pyramid_d50_s101,floor,shingle/pyramid,"sheet, grid",0.05,101,d76,bl050grid,shingle,5.5,0.05,45.0,pyramid,5.0,2.0,50.0,9.090909090909092,0.01522105255136286,-40.0,0.0012846143217757344,0.04999997094273567,"{""backing"": 2.0, ""bot"": ""pyramid"", ""bot_depth"": 5.0, ""bot_params"": {""margin_depth_ref"": 50.0, ""pitch"": 2.0, ""tip_flat"": 0.1}, ""face_h"": 60.0, ""face_w"": 60.0, ""margin_depths"": 2.0, ""seed"": 101, ""top"": ""shingle"", ""top_depth"": 45.0, ""top_params"": {""azimuth_mode"": ""grid"", ""jitter"": 0.3, ""pitch"": 5.5, ""plate_t_bot"": 0.05, ""plate_t_top"": 0.05, ""tilt_deg"": 2.0, ""tilt_jitter"": 0.0}}"
FL_bl050grid_pyramid_d50_s101,floor,shingle/pyramid,"sheet, grid",0.05,101,d76,bl050grid,shingle,5.5,0.05,45.0,pyramid,5.0,2.0,50.0,9.090909090909092,0.01522105255136286,20.0,0.0009346948354505002,0.04999997094273567,"{""backing"": 2.0, ""bot"": ""pyramid"", ""bot_depth"": 5.0, ""bot_params"": {""margin_depth_ref"": 50.0, ""pitch"": 2.0, ""tip_flat"": 0.1}, ""face_h"": 60.0, ""face_w"": 60.0, ""margin_depths"": 2.0, ""seed"": 101, ""top"": ""shingle"", ""top_depth"": 45.0, ""top_params"": {""azimuth_mode"": ""grid"", ""jitter"": 0.3, ""pitch"": 5.5, ""plate_t_bot"": 0.05, ""plate_t_top"": 0.05, ""tilt_deg"": 2.0, ""tilt_jitter"": 0.0}}"
FL_bl050grid_pyramid_d50_s101,floor,shingle/pyramid,"sheet, grid",0.05,101,d76,bl050grid,shingle,5.5,0.05,45.0,pyramid,5.0,2.0,50.0,9.090909090909092,0.01522105255136286,40.0,0.0014922652626410127,0.04999997094273567,"{""backing"": 2.0, ""bot"": ""pyramid"", ""bot_depth"": 5.0, ""bot_params"": {""margin_depth_ref"": 50.0, ""pitch"": 2.0, ""tip_flat"": 0.1}, ""face_h"": 60.0, ""face_w"": 60.0, ""margin_depths"": 2.0, ""seed"": 101, ""top"": ""shingle"", ""top_depth"": 45.0, ""top_params"": {""azimuth_mode"": ""grid"", ""jitter"": 0.3, ""pitch"": 5.5, ""plate_t_bot"": 0.05, ""plate_t_top"": 0.05, ""tilt_deg"": 2.0, ""tilt_jitter"": 0.0}}"
FL_bl050grid_pyramid_d50_s101,floor,shingle/pyramid,"sheet, grid",0.05,101,d100,bl050grid,shingle,5.5,0.05,45.0,pyramid,5.0,2.0,50.0,9.090909090909092,0.01522105255136286,0.0,0.0003404633607715368,0.04999997094273567,"{""backing"": 2.0, ""bot"": ""pyramid"", ""bot_depth"": 5.0, ""bot_params"": {""margin_depth_ref"": 50.0, ""pitch"": 2.0, ""tip_flat"": 0.1}, ""face_h"": 60.0, ""face_w"": 60.0, ""margin_depths"": 2.0, ""seed"": 101, ""top"": ""shingle"", ""top_depth"": 45.0, ""top_params"": {""azimuth_mode"": ""grid"", ""jitter"": 0.3, ""pitch"": 5.5, ""plate_t_bot"": 0.05, ""plate_t_top"": 0.05, ""tilt_deg"": 2.0, ""tilt_jitter"": 0.0}}"
FL_bl050grid_pyramid_d50_s101,floor,shingle/pyramid,"sheet, grid",0.05,101,d100,bl050grid,shingle,5.5,0.05,45.0,pyramid,5.0,2.0,50.0,9.090909090909092,0.01522105255136286,-20.0,0.0008782526711001992,0.04999997094273567,"{""backing"": 2.0, ""bot"": ""pyramid"", ""bot_depth"": 5.0, ""bot_params"": {""margin_depth_ref"": 50.0, ""pitch"": 2.0, ""tip_flat"": 0.1}, ""face_h"": 60.0, ""face_w"": 60.0, ""margin_depths"": 2.0, ""seed"": 101, ""top"": ""shingle"", ""top_depth"": 45.0, ""top_params"": {""azimuth_mode"": ""grid"", ""jitter"": 0.3, ""pitch"": 5.5, ""plate_t_bot"": 0.05, ""plate_t_top"": 0.05, ""tilt_deg"": 2.0, ""tilt_jitter"": 0.0}}"
FL_bl050grid_pyramid_d50_s101,floor,shingle/pyramid,"sheet, grid",0.05,101,d100,bl050grid,shingle,5.5,0.05,45.0,pyramid,5.0,2.0,50.0,9.090909090909092,0.01522105255136286,-40.0,0.0015640824567526579,0.04999997094273567,"{""backing"": 2.0, ""bot"": ""pyramid"", ""bot_depth"": 5.0, ""bot_params"": {""margin_depth_ref"": 50.0, ""pitch"": 2.0, ""tip_flat"": 0.1}, ""face_h"": 60.0, ""face_w"": 60.0, ""margin_depths"": 2.0, ""seed"": 101, ""top"": ""shingle"", ""top_depth"": 45.0, ""top_params"": {""azimuth_mode"": ""grid"", ""jitter"": 0.3, ""pitch"": 5.5, ""plate_t_bot"": 0.05, ""plate_t_top"": 0.05, ""tilt_deg"": 2.0, ""tilt_jitter"": 0.0}}"
FL_bl050grid_pyramid_d50_s101,floor,shingle/pyramid,"sheet, grid",0.05,101,d100,bl050grid,shingle,5.5,0.05,45.0,pyramid,5.0,2.0,50.0,9.090909090909092,0.01522105255136286,20.0,0.0011019146768376231,0.04999997094273567,"{""backing"": 2.0, ""bot"": ""pyramid"", ""bot_depth"": 5.0, ""bot_params"": {""margin_depth_ref"": 50.0, ""pitch"": 2.0, ""tip_flat"": 0.1}, ""face_h"": 60.0, ""face_w"": 60.0, ""margin_depths"": 2.0, ""seed"": 101, ""top"": ""shingle"", ""top_depth"": 45.0, ""top_params"": {""azimuth_mode"": ""grid"", ""jitter"": 0.3, ""pitch"": 5.5, ""plate_t_bot"": 0.05, ""plate_t_top"": 0.05, ""tilt_deg"": 2.0, ""tilt_jitter"": 0.0}}"
FL_bl050grid_pyramid_d50_s101,floor,shingle/pyramid,"sheet, grid",0.05,101,d100,bl050grid,shingle,5.5,0.05,45.0,pyramid,5.0,2.0,50.0,9.090909090909092,0.01522105255136286,40.0,0.0018488210625946522,0.04999997094273567,"{""backing"": 2.0, ""bot"": ""pyramid"", ""bot_depth"": 5.0, ""bot_params"": {""margin_depth_ref"": 50.0, ""pitch"": 2.0, ""tip_flat"": 0.1}, ""face_h"": 60.0, ""face_w"": 60.0, ""margin_depths"": 2.0, ""seed"": 101, ""top"": ""shingle"", ""top_depth"": 45.0, ""top_params"": {""azimuth_mode"": ""grid"", ""jitter"": 0.3, ""pitch"": 5.5, ""plate_t_bot"": 0.05, ""plate_t_top"": 0.05, ""tilt_deg"": 2.0, ""tilt_jitter"": 0.0}}"
FL_bl050grid_wave_d20_s101,floor,shingle/wave,"sheet, grid",0.05,101,d00,bl050grid,shingle,5.5,0.05,48.0,wave,2.0,2.0,50.0,9.090909090909092,0.01522105255136286,0.0,0.0008100157720036805,0.04999997094273567,"{""backing"": 2.0, ""bot"": ""wave"", ""bot_depth"": 2.0, ""bot_params"": {""margin_depth_ref"": 50.0, ""pitch"": 2.0}, ""face_h"": 60.0, ""face_w"": 60.0, ""margin_depths"": 2.0, ""seed"": 101, ""top"": ""shingle"", ""top_depth"": 48.0, ""top_params"": {""azimuth_mode"": ""grid"", ""jitter"": 0.3, ""pitch"": 5.5, ""plate_t_bot"": 0.05, ""plate_t_top"": 0.05, ""tilt_deg"": 2.0, ""tilt_jitter"": 0.0}}"
FL_bl050grid_wave_d20_s101,floor,shingle/wave,"sheet, grid",0.05,101,d00,bl050grid,shingle,5.5,0.05,48.0,wave,2.0,2.0,50.0,9.090909090909092,0.01522105255136286,-20.0,0.0004277901607565582,0.04999997094273567,"{""backing"": 2.0, ""bot"": ""wave"", ""bot_depth"": 2.0, ""bot_params"": {""margin_depth_ref"": 50.0, ""pitch"": 2.0}, ""face_h"": 60.0, ""face_w"": 60.0, ""margin_depths"": 2.0, ""seed"": 101, ""top"": ""shingle"", ""top_depth"": 48.0, ""top_params"": {""azimuth_mode"": ""grid"", ""jitter"": 0.3, ""pitch"": 5.5, ""plate_t_bot"": 0.05, ""plate_t_top"": 0.05, ""tilt_deg"": 2.0, ""tilt_jitter"": 0.0}}"
FL_bl050grid_wave_d20_s101,floor,shingle/wave,"sheet, grid",0.05,101,d00,bl050grid,shingle,5.5,0.05,48.0,wave,2.0,2.0,50.0,9.090909090909092,0.01522105255136286,-40.0,0.00035999633837491274,0.04999997094273567,"{""backing"": 2.0, ""bot"": ""wave"", ""bot_depth"": 2.0, ""bot_params"": {""margin_depth_ref"": 50.0, ""pitch"": 2.0}, ""face_h"": 60.0, ""face_w"": 60.0, ""margin_depths"": 2.0, ""seed"": 101, ""top"": ""shingle"", ""top_depth"": 48.0, ""top_params"": {""azimuth_mode"": ""grid"", ""jitter"": 0.3, ""pitch"": 5.5, ""plate_t_bot"": 0.05, ""plate_t_top"": 0.05, ""tilt_deg"": 2.0, ""tilt_jitter"": 0.0}}"
FL_bl050grid_wave_d20_s101,floor,shingle/wave,"sheet, grid",0.05,101,d00,bl050grid,shingle,5.5,0.05,48.0,wave,2.0,2.0,50.0,9.090909090909092,0.01522105255136286,20.0,0.0004143011465203017,0.04999997094273567,"{""backing"": 2.0, ""bot"": ""wave"", ""bot_depth"": 2.0, ""bot_params"": {""margin_depth_ref"": 50.0, ""pitch"": 2.0}, ""face_h"": 60.0, ""face_w"": 60.0, ""margin_depths"": 2.0, ""seed"": 101, ""top"": ""shingle"", ""top_depth"": 48.0, ""top_params"": {""azimuth_mode"": ""grid"", ""jitter"": 0.3, ""pitch"": 5.5, ""plate_t_bot"": 0.05, ""plate_t_top"": 0.05, ""tilt_deg"": 2.0, ""tilt_jitter"": 0.0}}"
FL_bl050grid_wave_d20_s101,floor,shingle/wave,"sheet, grid",0.05,101,d00,bl050grid,shingle,5.5,0.05,48.0,wave,2.0,2.0,50.0,9.090909090909092,0.01522105255136286,40.0,0.00038246429176069796,0.04999997094273567,"{""backing"": 2.0, ""bot"": ""wave"", ""bot_depth"": 2.0, ""bot_params"": {""margin_depth_ref"": 50.0, ""pitch"": 2.0}, ""face_h"": 60.0, ""face_w"": 60.0, ""margin_depths"": 2.0, ""seed"": 101, ""top"": ""shingle"", ""top_depth"": 48.0, ""top_params"": {""azimuth_mode"": ""grid"", ""jitter"": 0.3, ""pitch"": 5.5, ""plate_t_bot"": 0.05, ""plate_t_top"": 0.05, ""tilt_deg"": 2.0, ""tilt_jitter"": 0.0}}"
FL_bl050grid_wave_d20_s101,floor,shingle/wave,"sheet, grid",0.05,101,d76,bl050grid,shingle,5.5,0.05,48.0,wave,2.0,2.0,50.0,9.090909090909092,0.01522105255136286,0.0,0.0004171465989202261,0.04999997094273567,"{""backing"": 2.0, ""bot"": ""wave"", ""bot_depth"": 2.0, ""bot_params"": {""margin_depth_ref"": 50.0, ""pitch"": 2.0}, ""face_h"": 60.0, ""face_w"": 60.0, ""margin_depths"": 2.0, ""seed"": 101, ""top"": ""shingle"", ""top_depth"": 48.0, ""top_params"": {""azimuth_mode"": ""grid"", ""jitter"": 0.3, ""pitch"": 5.5, ""plate_t_bot"": 0.05, ""plate_t_top"": 0.05, ""tilt_deg"": 2.0, ""tilt_jitter"": 0.0}}"
FL_bl050grid_wave_d20_s101,floor,shingle/wave,"sheet, grid",0.05,101,d76,bl050grid,shingle,5.5,0.05,48.0,wave,2.0,2.0,50.0,9.090909090909092,0.01522105255136286,-20.0,0.0008348830160684884,0.04999997094273567,"{""backing"": 2.0, ""bot"": ""wave"", ""bot_depth"": 2.0, ""bot_params"": {""margin_depth_ref"": 50.0, ""pitch"": 2.0}, ""face_h"": 60.0, ""face_w"": 60.0, ""margin_depths"": 2.0, ""seed"": 101, ""top"": ""shingle"", ""top_depth"": 48.0, ""top_params"": {""azimuth_mode"": ""grid"", ""jitter"": 0.3, ""pitch"": 5.5, ""plate_t_bot"": 0.05, ""plate_t_top"": 0.05, ""tilt_deg"": 2.0, ""tilt_jitter"": 0.0}}"
FL_bl050grid_wave_d20_s101,floor,shingle/wave,"sheet, grid",0.05,101,d76,bl050grid,shingle,5.5,0.05,48.0,wave,2.0,2.0,50.0,9.090909090909092,0.01522105255136286,-40.0,0.0014231862733140588,0.04999997094273567,"{""backing"": 2.0, ""bot"": ""wave"", ""bot_depth"": 2.0, ""bot_params"": {""margin_depth_ref"": 50.0, ""pitch"": 2.0}, ""face_h"": 60.0, ""face_w"": 60.0, ""margin_depths"": 2.0, ""seed"": 101, ""top"": ""shingle"", ""top_depth"": 48.0, ""top_params"": {""azimuth_mode"": ""grid"", ""jitter"": 0.3, ""pitch"": 5.5, ""plate_t_bot"": 0.05, ""plate_t_top"": 0.05, ""tilt_deg"": 2.0, ""tilt_jitter"": 0.0}}"
FL_bl050grid_wave_d20_s101,floor,shingle/wave,"sheet, grid",0.05,101,d76,bl050grid,shingle,5.5,0.05,48.0,wave,2.0,2.0,50.0,9.090909090909092,0.01522105255136286,20.0,0.0009810419287532568,0.04999997094273567,"{""backing"": 2.0, ""bot"": ""wave"", ""bot_depth"": 2.0, ""bot_params"": {""margin_depth_ref"": 50.0, ""pitch"": 2.0}, ""face_h"": 60.0, ""face_w"": 60.0, ""margin_depths"": 2.0, ""seed"": 101, ""top"": ""shingle"", ""top_depth"": 48.0, ""top_params"": {""azimuth_mode"": ""grid"", ""jitter"": 0.3, ""pitch"": 5.5, ""plate_t_bot"": 0.05, ""plate_t_top"": 0.05, ""tilt_deg"": 2.0, ""tilt_jitter"": 0.0}}"
FL_bl050grid_wave_d20_s101,floor,shingle/wave,"sheet, grid",0.05,101,d76,bl050grid,shingle,5.5,0.05,48.0,wave,2.0,2.0,50.0,9.090909090909092,0.01522105255136286,40.0,0.001597982132807374,0.04999997094273567,"{""backing"": 2.0, ""bot"": ""wave"", ""bot_depth"": 2.0, ""bot_params"": {""margin_depth_ref"": 50.0, ""pitch"": 2.0}, ""face_h"": 60.0, ""face_w"": 60.0, ""margin_depths"": 2.0, ""seed"": 101, ""top"": ""shingle"", ""top_depth"": 48.0, ""top_params"": {""azimuth_mode"": ""grid"", ""jitter"": 0.3, ""pitch"": 5.5, ""plate_t_bot"": 0.05, ""plate_t_top"": 0.05, ""tilt_deg"": 2.0, ""tilt_jitter"": 0.0}}"
FL_bl050grid_wave_d20_s101,floor,shingle/wave,"sheet, grid",0.05,101,d100,bl050grid,shingle,5.5,0.05,48.0,wave,2.0,2.0,50.0,9.090909090909092,0.01522105255136286,0.0,0.0003499664890114218,0.04999997094273567,"{""backing"": 2.0, ""bot"": ""wave"", ""bot_depth"": 2.0, ""bot_params"": {""margin_depth_ref"": 50.0, ""pitch"": 2.0}, ""face_h"": 60.0, ""face_w"": 60.0, ""margin_depths"": 2.0, ""seed"": 101, ""top"": ""shingle"", ""top_depth"": 48.0, ""top_params"": {""azimuth_mode"": ""grid"", ""jitter"": 0.3, ""pitch"": 5.5, ""plate_t_bot"": 0.05, ""plate_t_top"": 0.05, ""tilt_deg"": 2.0, ""tilt_jitter"": 0.0}}"
FL_bl050grid_wave_d20_s101,floor,shingle/wave,"sheet, grid",0.05,101,d100,bl050grid,shingle,5.5,0.05,48.0,wave,2.0,2.0,50.0,9.090909090909092,0.01522105255136286,-20.0,0.000975552189629525,0.04999997094273567,"{""backing"": 2.0, ""bot"": ""wave"", ""bot_depth"": 2.0, ""bot_params"": {""margin_depth_ref"": 50.0, ""pitch"": 2.0}, ""face_h"": 60.0, ""face_w"": 60.0, ""margin_depths"": 2.0, ""seed"": 101, ""top"": ""shingle"", ""top_depth"": 48.0, ""top_params"": {""azimuth_mode"": ""grid"", ""jitter"": 0.3, ""pitch"": 5.5, ""plate_t_bot"": 0.05, ""plate_t_top"": 0.05, ""tilt_deg"": 2.0, ""tilt_jitter"": 0.0}}"
FL_bl050grid_wave_d20_s101,floor,shingle/wave,"sheet, grid",0.05,101,d100,bl050grid,shingle,5.5,0.05,48.0,wave,2.0,2.0,50.0,9.090909090909092,0.01522105255136286,-40.0,0.0017702705226838589,0.04999997094273567,"{""backing"": 2.0, ""bot"": ""wave"", ""bot_depth"": 2.0, ""bot_params"": {""margin_depth_ref"": 50.0, ""pitch"": 2.0}, ""face_h"": 60.0, ""face_w"": 60.0, ""margin_depths"": 2.0, ""seed"": 101, ""top"": ""shingle"", ""top_depth"": 48.0, ""top_params"": {""azimuth_mode"": ""grid"", ""jitter"": 0.3, ""pitch"": 5.5, ""plate_t_bot"": 0.05, ""plate_t_top"": 0.05, ""tilt_deg"": 2.0, ""tilt_jitter"": 0.0}}"
FL_bl050grid_wave_d20_s101,floor,shingle/wave,"sheet, grid",0.05,101,d100,bl050grid,shingle,5.5,0.05,48.0,wave,2.0,2.0,50.0,9.090909090909092,0.01522105255136286,20.0,0.001167559763416648,0.04999997094273567,"{""backing"": 2.0, ""bot"": ""wave"", ""bot_depth"": 2.0, ""bot_params"": {""margin_depth_ref"": 50.0, ""pitch"": 2.0}, ""face_h"": 60.0, ""face_w"": 60.0, ""margin_depths"": 2.0, ""seed"": 101, ""top"": ""shingle"", ""top_depth"": 48.0, ""top_params"": {""azimuth_mode"": ""grid"", ""jitter"": 0.3, ""pitch"": 5.5, ""plate_t_bot"": 0.05, ""plate_t_top"": 0.05, ""tilt_deg"": 2.0, ""tilt_jitter"": 0.0}}"
FL_bl050grid_wave_d20_s101,floor,shingle/wave,"sheet, grid",0.05,101,d100,bl050grid,shingle,5.5,0.05,48.0,wave,2.0,2.0,50.0,9.090909090909092,0.01522105255136286,40.0,0.001982117770239711,0.04999997094273567,"{""backing"": 2.0, ""bot"": ""wave"", ""bot_depth"": 2.0, ""bot_params"": {""margin_depth_ref"": 50.0, ""pitch"": 2.0}, ""face_h"": 60.0, ""face_w"": 60.0, ""margin_depths"": 2.0, ""seed"": 101, ""top"": ""shingle"", ""top_depth"": 48.0, ""top_params"": {""azimuth_mode"": ""grid"", ""jitter"": 0.3, ""pitch"": 5.5, ""plate_t_bot"": 0.05, ""plate_t_top"": 0.05, ""tilt_deg"": 2.0, ""tilt_jitter"": 0.0}}"
FL_bl050grid_wave_d30_s101,floor,shingle/wave,"sheet, grid",0.05,101,d00,bl050grid,shingle,5.5,0.05,47.0,wave,3.0,2.0,50.0,9.090909090909092,0.01522105255136286,0.0,0.000651633192319423,0.04999997094273567,"{""backing"": 2.0, ""bot"": ""wave"", ""bot_depth"": 3.0, ""bot_params"": {""margin_depth_ref"": 50.0, ""pitch"": 2.0}, ""face_h"": 60.0, ""face_w"": 60.0, ""margin_depths"": 2.0, ""seed"": 101, ""top"": ""shingle"", ""top_depth"": 47.0, ""top_params"": {""azimuth_mode"": ""grid"", ""jitter"": 0.3, ""pitch"": 5.5, ""plate_t_bot"": 0.05, ""plate_t_top"": 0.05, ""tilt_deg"": 2.0, ""tilt_jitter"": 0.0}}"
FL_bl050grid_wave_d30_s101,floor,shingle/wave,"sheet, grid",0.05,101,d00,bl050grid,shingle,5.5,0.05,47.0,wave,3.0,2.0,50.0,9.090909090909092,0.01522105255136286,-20.0,0.0004245061136316508,0.04999997094273567,"{""backing"": 2.0, ""bot"": ""wave"", ""bot_depth"": 3.0, ""bot_params"": {""margin_depth_ref"": 50.0, ""pitch"": 2.0}, ""face_h"": 60.0, ""face_w"": 60.0, ""margin_depths"": 2.0, ""seed"": 101, ""top"": ""shingle"", ""top_depth"": 47.0, ""top_params"": {""azimuth_mode"": ""grid"", ""jitter"": 0.3, ""pitch"": 5.5, ""plate_t_bot"": 0.05, ""plate_t_top"": 0.05, ""tilt_deg"": 2.0, ""tilt_jitter"": 0.0}}"
FL_bl050grid_wave_d30_s101,floor,shingle/wave,"sheet, grid",0.05,101,d00,bl050grid,shingle,5.5,0.05,47.0,wave,3.0,2.0,50.0,9.090909090909092,0.01522105255136286,-40.0,0.00035992887569591403,0.04999997094273567,"{""backing"": 2.0, ""bot"": ""wave"", ""bot_depth"": 3.0, ""bot_params"": {""margin_depth_ref"": 50.0, ""pitch"": 2.0}, ""face_h"": 60.0, ""face_w"": 60.0, ""margin_depths"": 2.0, ""seed"": 101, ""top"": ""shingle"", ""top_depth"": 47.0, ""top_params"": {""azimuth_mode"": ""grid"", ""jitter"": 0.3, ""pitch"": 5.5, ""plate_t_bot"": 0.05, ""plate_t_top"": 0.05, ""tilt_deg"": 2.0, ""tilt_jitter"": 0.0}}"
FL_bl050grid_wave_d30_s101,floor,shingle/wave,"sheet, grid",0.05,101,d00,bl050grid,shingle,5.5,0.05,47.0,wave,3.0,2.0,50.0,9.090909090909092,0.01522105255136286,20.0,0.0004142086545471102,0.04999997094273567,"{""backing"": 2.0, ""bot"": ""wave"", ""bot_depth"": 3.0, ""bot_params"": {""margin_depth_ref"": 50.0, ""pitch"": 2.0}, ""face_h"": 60.0, ""face_w"": 60.0, ""margin_depths"": 2.0, ""seed"": 101, ""top"": ""shingle"", ""top_depth"": 47.0, ""top_params"": {""azimuth_mode"": ""grid"", ""jitter"": 0.3, ""pitch"": 5.5, ""plate_t_bot"": 0.05, ""plate_t_top"": 0.05, ""tilt_deg"": 2.0, ""tilt_jitter"": 0.0}}"
FL_bl050grid_wave_d30_s101,floor,shingle/wave,"sheet, grid",0.05,101,d00,bl050grid,shingle,5.5,0.05,47.0,wave,3.0,2.0,50.0,9.090909090909092,0.01522105255136286,40.0,0.00038239642162807286,0.04999997094273567,"{""backing"": 2.0, ""bot"": ""wave"", ""bot_depth"": 3.0, ""bot_params"": {""margin_depth_ref"": 50.0, ""pitch"": 2.0}, ""face_h"": 60.0, ""face_w"": 60.0, ""margin_depths"": 2.0, ""seed"": 101, ""top"": ""shingle"", ""top_depth"": 47.0, ""top_params"": {""azimuth_mode"": ""grid"", ""jitter"": 0.3, ""pitch"": 5.5, ""plate_t_bot"": 0.05, ""plate_t_top"": 0.05, ""tilt_deg"": 2.0, ""tilt_jitter"": 0.0}}"
FL_bl050grid_wave_d30_s101,floor,shingle/wave,"sheet, grid",0.05,101,d76,bl050grid,shingle,5.5,0.05,47.0,wave,3.0,2.0,50.0,9.090909090909092,0.01522105255136286,0.0,0.00040445479680784047,0.04999997094273567,"{""backing"": 2.0, ""bot"": ""wave"", ""bot_depth"": 3.0, ""bot_params"": {""margin_depth_ref"": 50.0, ""pitch"": 2.0}, ""face_h"": 60.0, ""face_w"": 60.0, ""margin_depths"": 2.0, ""seed"": 101, ""top"": ""shingle"", ""top_depth"": 47.0, ""top_params"": {""azimuth_mode"": ""grid"", ""jitter"": 0.3, ""pitch"": 5.5, ""plate_t_bot"": 0.05, ""plate_t_top"": 0.05, ""tilt_deg"": 2.0, ""tilt_jitter"": 0.0}}"
FL_bl050grid_wave_d30_s101,floor,shingle/wave,"sheet, grid",0.05,101,d76,bl050grid,shingle,5.5,0.05,47.0,wave,3.0,2.0,50.0,9.090909090909092,0.01522105255136286,-20.0,0.0008361935615539551,0.04999997094273567,"{""backing"": 2.0, ""bot"": ""wave"", ""bot_depth"": 3.0, ""bot_params"": {""margin_depth_ref"": 50.0, ""pitch"": 2.0}, ""face_h"": 60.0, ""face_w"": 60.0, ""margin_depths"": 2.0, ""seed"": 101, ""top"": ""shingle"", ""top_depth"": 47.0, ""top_params"": {""azimuth_mode"": ""grid"", ""jitter"": 0.3, ""pitch"": 5.5, ""plate_t_bot"": 0.05, ""plate_t_top"": 0.05, ""tilt_deg"": 2.0, ""tilt_jitter"": 0.0}}"
FL_bl050grid_wave_d30_s101,floor,shingle/wave,"sheet, grid",0.05,101,d76,bl050grid,shingle,5.5,0.05,47.0,wave,3.0,2.0,50.0,9.090909090909092,0.01522105255136286,-40.0,0.0014231839450076222,0.04999997094273567,"{""backing"": 2.0, ""bot"": ""wave"", ""bot_depth"": 3.0, ""bot_params"": {""margin_depth_ref"": 50.0, ""pitch"": 2.0}, ""face_h"": 60.0, ""face_w"": 60.0, ""margin_depths"": 2.0, ""seed"": 101, ""top"": ""shingle"", ""top_depth"": 47.0, ""top_params"": {""azimuth_mode"": ""grid"", ""jitter"": 0.3, ""pitch"": 5.5, ""plate_t_bot"": 0.05, ""plate_t_top"": 0.05, ""tilt_deg"": 2.0, ""tilt_jitter"": 0.0}}"
FL_bl050grid_wave_d30_s101,floor,shingle/wave,"sheet, grid",0.05,101,d76,bl050grid,shingle,5.5,0.05,47.0,wave,3.0,2.0,50.0,9.090909090909092,0.01522105255136286,20.0,0.0009812965290620923,0.04999997094273567,"{""backing"": 2.0, ""bot"": ""wave"", ""bot_depth"": 3.0, ""bot_params"": {""margin_depth_ref"": 50.0, ""pitch"": 2.0}, ""face_h"": 60.0, ""face_w"": 60.0, ""margin_depths"": 2.0, ""seed"": 101, ""top"": ""shingle"", ""top_depth"": 47.0, ""top_params"": {""azimuth_mode"": ""grid"", ""jitter"": 0.3, ""pitch"": 5.5, ""plate_t_bot"": 0.05, ""plate_t_top"": 0.05, ""tilt_deg"": 2.0, ""tilt_jitter"": 0.0}}"
FL_bl050grid_wave_d30_s101,floor,shingle/wave,"sheet, grid",0.05,101,d76,bl050grid,shingle,5.5,0.05,47.0,wave,3.0,2.0,50.0,9.090909090909092,0.01522105255136286,40.0,0.0015979243908077478,0.04999997094273567,"{""backing"": 2.0, ""bot"": ""wave"", ""bot_depth"": 3.0, ""bot_params"": {""margin_depth_ref"": 50.0, ""pitch"": 2.0}, ""face_h"": 60.0, ""face_w"": 60.0, ""margin_depths"": 2.0, ""seed"": 101, ""top"": ""shingle"", ""top_depth"": 47.0, ""top_params"": {""azimuth_mode"": ""grid"", ""jitter"": 0.3, ""pitch"": 5.5, ""plate_t_bot"": 0.05, ""plate_t_top"": 0.05, ""tilt_deg"": 2.0, ""tilt_jitter"": 0.0}}"
FL_bl050grid_wave_d30_s101,floor,shingle/wave,"sheet, grid",0.05,101,d100,bl050grid,shingle,5.5,0.05,47.0,wave,3.0,2.0,50.0,9.090909090909092,0.01522105255136286,0.0,0.00034605045220814645,0.04999997094273567,"{""backing"": 2.0, ""bot"": ""wave"", ""bot_depth"": 3.0, ""bot_params"": {""margin_depth_ref"": 50.0, ""pitch"": 2.0}, ""face_h"": 60.0, ""face_w"": 60.0, ""margin_depths"": 2.0, ""seed"": 101, ""top"": ""shingle"", ""top_depth"": 47.0, ""top_params"": {""azimuth_mode"": ""grid"", ""jitter"": 0.3, ""pitch"": 5.5, ""plate_t_bot"": 0.05, ""plate_t_top"": 0.05, ""tilt_deg"": 2.0, ""tilt_jitter"": 0.0}}"
FL_bl050grid_wave_d30_s101,floor,shingle/wave,"sheet, grid",0.05,101,d100,bl050grid,shingle,5.5,0.05,47.0,wave,3.0,2.0,50.0,9.090909090909092,0.01522105255136286,-20.0,0.0009756790823303163,0.04999997094273567,"{""backing"": 2.0, ""bot"": ""wave"", ""bot_depth"": 3.0, ""bot_params"": {""margin_depth_ref"": 50.0, ""pitch"": 2.0}, ""face_h"": 60.0, ""face_w"": 60.0, ""margin_depths"": 2.0, ""seed"": 101, ""top"": ""shingle"", ""top_depth"": 47.0, ""top_params"": {""azimuth_mode"": ""grid"", ""jitter"": 0.3, ""pitch"": 5.5, ""plate_t_bot"": 0.05, ""plate_t_top"": 0.05, ""tilt_deg"": 2.0, ""tilt_jitter"": 0.0}}"
FL_bl050grid_wave_d30_s101,floor,shingle/wave,"sheet, grid",0.05,101,d100,bl050grid,shingle,5.5,0.05,47.0,wave,3.0,2.0,50.0,9.090909090909092,0.01522105255136286,-40.0,0.0017702678451314569,0.04999997094273567,"{""backing"": 2.0, ""bot"": ""wave"", ""bot_depth"": 3.0, ""bot_params"": {""margin_depth_ref"": 50.0, ""pitch"": 2.0}, ""face_h"": 60.0, ""face_w"": 60.0, ""margin_depths"": 2.0, ""seed"": 101, ""top"": ""shingle"", ""top_depth"": 47.0, ""top_params"": {""azimuth_mode"": ""grid"", ""jitter"": 0.3, ""pitch"": 5.5, ""plate_t_bot"": 0.05, ""plate_t_top"": 0.05, ""tilt_deg"": 2.0, ""tilt_jitter"": 0.0}}"
FL_bl050grid_wave_d30_s101,floor,shingle/wave,"sheet, grid",0.05,101,d100,bl050grid,shingle,5.5,0.05,47.0,wave,3.0,2.0,50.0,9.090909090909092,0.01522105255136286,20.0,0.0011676006251946092,0.04999997094273567,"{""backing"": 2.0, ""bot"": ""wave"", ""bot_depth"": 3.0, ""bot_params"": {""margin_depth_ref"": 50.0, ""pitch"": 2.0}, ""face_h"": 60.0, ""face_w"": 60.0, ""margin_depths"": 2.0, ""seed"": 101, ""top"": ""shingle"", ""top_depth"": 47.0, ""top_params"": {""azimuth_mode"": ""grid"", ""jitter"": 0.3, ""pitch"": 5.5, ""plate_t_bot"": 0.05, ""plate_t_top"": 0.05, ""tilt_deg"": 2.0, ""tilt_jitter"": 0.0}}"
FL_bl050grid_wave_d30_s101,floor,shingle/wave,"sheet, grid",0.05,101,d100,bl050grid,shingle,5.5,0.05,47.0,wave,3.0,2.0,50.0,9.090909090909092,0.01522105255136286,40.0,0.0019820649176836014,0.04999997094273567,"{""backing"": 2.0, ""bot"": ""wave"", ""bot_depth"": 3.0, ""bot_params"": {""margin_depth_ref"": 50.0, ""pitch"": 2.0}, ""face_h"": 60.0, ""face_w"": 60.0, ""margin_depths"": 2.0, ""seed"": 101, ""top"": ""shingle"", ""top_depth"": 47.0, ""top_params"": {""azimuth_mode"": ""grid"", ""jitter"": 0.3, ""pitch"": 5.5, ""plate_t_bot"": 0.05, ""plate_t_top"": 0.05, ""tilt_deg"": 2.0, ""tilt_jitter"": 0.0}}"
FL_bl050grid_wave_d50_s101,floor,shingle/wave,"sheet, grid",0.05,101,d00,bl050grid,shingle,5.5,0.05,45.0,wave,5.0,2.0,50.0,9.090909090909092,0.01522105255136286,0.0,0.0006452254019677639,0.04999997094273567,"{""backing"": 2.0, ""bot"": ""wave"", ""bot_depth"": 5.0, ""bot_params"": {""margin_depth_ref"": 50.0, ""pitch"": 2.0}, ""face_h"": 60.0, ""face_w"": 60.0, ""margin_depths"": 2.0, ""seed"": 101, ""top"": ""shingle"", ""top_depth"": 45.0, ""top_params"": {""azimuth_mode"": ""grid"", ""jitter"": 0.3, ""pitch"": 5.5, ""plate_t_bot"": 0.05, ""plate_t_top"": 0.05, ""tilt_deg"": 2.0, ""tilt_jitter"": 0.0}}"
FL_bl050grid_wave_d50_s101,floor,shingle/wave,"sheet, grid",0.05,101,d00,bl050grid,shingle,5.5,0.05,45.0,wave,5.0,2.0,50.0,9.090909090909092,0.01522105255136286,-20.0,0.0004630873736459762,0.04999997094273567,"{""backing"": 2.0, ""bot"": ""wave"", ""bot_depth"": 5.0, ""bot_params"": {""margin_depth_ref"": 50.0, ""pitch"": 2.0}, ""face_h"": 60.0, ""face_w"": 60.0, ""margin_depths"": 2.0, ""seed"": 101, ""top"": ""shingle"", ""top_depth"": 45.0, ""top_params"": {""azimuth_mode"": ""grid"", ""jitter"": 0.3, ""pitch"": 5.5, ""plate_t_bot"": 0.05, ""plate_t_top"": 0.05, ""tilt_deg"": 2.0, ""tilt_jitter"": 0.0}}"
FL_bl050grid_wave_d50_s101,floor,shingle/wave,"sheet, grid",0.05,101,d00,bl050grid,shingle,5.5,0.05,45.0,wave,5.0,2.0,50.0,9.090909090909092,0.01522105255136286,-40.0,0.0004057769838254899,0.04999997094273567,"{""backing"": 2.0, ""bot"": ""wave"", ""bot_depth"": 5.0, ""bot_params"": {""margin_depth_ref"": 50.0, ""pitch"": 2.0}, ""face_h"": 60.0, ""face_w"": 60.0, ""margin_depths"": 2.0, ""seed"": 101, ""top"": ""shingle"", ""top_depth"": 45.0, ""top_params"": {""azimuth_mode"": ""grid"", ""jitter"": 0.3, ""pitch"": 5.5, ""plate_t_bot"": 0.05, ""plate_t_top"": 0.05, ""tilt_deg"": 2.0, ""tilt_jitter"": 0.0}}"
FL_bl050grid_wave_d50_s101,floor,shingle/wave,"sheet, grid",0.05,101,d00,bl050grid,shingle,5.5,0.05,45.0,wave,5.0,2.0,50.0,9.090909090909092,0.01522105255136286,20.0,0.00042557177948765457,0.04999997094273567,"{""backing"": 2.0, ""bot"": ""wave"", ""bot_depth"": 5.0, ""bot_params"": {""margin_depth_ref"": 50.0, ""pitch"": 2.0}, ""face_h"": 60.0, ""face_w"": 60.0, ""margin_depths"": 2.0, ""seed"": 101, ""top"": ""shingle"", ""top_depth"": 45.0, ""top_params"": {""azimuth_mode"": ""grid"", ""jitter"": 0.3, ""pitch"": 5.5, ""plate_t_bot"": 0.05, ""plate_t_top"": 0.05, ""tilt_deg"": 2.0, ""tilt_jitter"": 0.0}}"
FL_bl050grid_wave_d50_s101,floor,shingle/wave,"sheet, grid",0.05,101,d00,bl050grid,shingle,5.5,0.05,45.0,wave,5.0,2.0,50.0,9.090909090909092,0.01522105255136286,40.0,0.0004011838755104691,0.04999997094273567,"{""backing"": 2.0, ""bot"": ""wave"", ""bot_depth"": 5.0, ""bot_params"": {""margin_depth_ref"": 50.0, ""pitch"": 2.0}, ""face_h"": 60.0, ""face_w"": 60.0, ""margin_depths"": 2.0, ""seed"": 101, ""top"": ""shingle"", ""top_depth"": 45.0, ""top_params"": {""azimuth_mode"": ""grid"", ""jitter"": 0.3, ""pitch"": 5.5, ""plate_t_bot"": 0.05, ""plate_t_top"": 0.05, ""tilt_deg"": 2.0, ""tilt_jitter"": 0.0}}"
FL_bl050grid_wave_d50_s101,floor,shingle/wave,"sheet, grid",0.05,101,d76,bl050grid,shingle,5.5,0.05,45.0,wave,5.0,2.0,50.0,9.090909090909092,0.01522105255136286,0.0,0.0004030219279229641,0.04999997094273567,"{""backing"": 2.0, ""bot"": ""wave"", ""bot_depth"": 5.0, ""bot_params"": {""margin_depth_ref"": 50.0, ""pitch"": 2.0}, ""face_h"": 60.0, ""face_w"": 60.0, ""margin_depths"": 2.0, ""seed"": 101, ""top"": ""shingle"", ""top_depth"": 45.0, ""top_params"": {""azimuth_mode"": ""grid"", ""jitter"": 0.3, ""pitch"": 5.5, ""plate_t_bot"": 0.05, ""plate_t_top"": 0.05, ""tilt_deg"": 2.0, ""tilt_jitter"": 0.0}}"
FL_bl050grid_wave_d50_s101,floor,shingle/wave,"sheet, grid",0.05,101,d76,bl050grid,shingle,5.5,0.05,45.0,wave,5.0,2.0,50.0,9.090909090909092,0.01522105255136286,-20.0,0.0007656505913473666,0.04999997094273567,"{""backing"": 2.0, ""bot"": ""wave"", ""bot_depth"": 5.0, ""bot_params"": {""margin_depth_ref"": 50.0, ""pitch"": 2.0}, ""face_h"": 60.0, ""face_w"": 60.0, ""margin_depths"": 2.0, ""seed"": 101, ""top"": ""shingle"", ""top_depth"": 45.0, ""top_params"": {""azimuth_mode"": ""grid"", ""jitter"": 0.3, ""pitch"": 5.5, ""plate_t_bot"": 0.05, ""plate_t_top"": 0.05, ""tilt_deg"": 2.0, ""tilt_jitter"": 0.0}}"
FL_bl050grid_wave_d50_s101,floor,shingle/wave,"sheet, grid",0.05,101,d76,bl050grid,shingle,5.5,0.05,45.0,wave,5.0,2.0,50.0,9.090909090909092,0.01522105255136286,-40.0,0.0012844601878896356,0.04999997094273567,"{""backing"": 2.0, ""bot"": ""wave"", ""bot_depth"": 5.0, ""bot_params"": {""margin_depth_ref"": 50.0, ""pitch"": 2.0}, ""face_h"": 60.0, ""face_w"": 60.0, ""margin_depths"": 2.0, ""seed"": 101, ""top"": ""shingle"", ""top_depth"": 45.0, ""top_params"": {""azimuth_mode"": ""grid"", ""jitter"": 0.3, ""pitch"": 5.5, ""plate_t_bot"": 0.05, ""plate_t_top"": 0.05, ""tilt_deg"": 2.0, ""tilt_jitter"": 0.0}}"
FL_bl050grid_wave_d50_s101,floor,shingle/wave,"sheet, grid",0.05,101,d76,bl050grid,shingle,5.5,0.05,45.0,wave,5.0,2.0,50.0,9.090909090909092,0.01522105255136286,20.0,0.0009350760374218225,0.04999997094273567,"{""backing"": 2.0, ""bot"": ""wave"", ""bot_depth"": 5.0, ""bot_params"": {""margin_depth_ref"": 50.0, ""pitch"": 2.0}, ""face_h"": 60.0, ""face_w"": 60.0, ""margin_depths"": 2.0, ""seed"": 101, ""top"": ""shingle"", ""top_depth"": 45.0, ""top_params"": {""azimuth_mode"": ""grid"", ""jitter"": 0.3, ""pitch"": 5.5, ""plate_t_bot"": 0.05, ""plate_t_top"": 0.05, ""tilt_deg"": 2.0, ""tilt_jitter"": 0.0}}"
FL_bl050grid_wave_d50_s101,floor,shingle/wave,"sheet, grid",0.05,101,d76,bl050grid,shingle,5.5,0.05,45.0,wave,5.0,2.0,50.0,9.090909090909092,0.01522105255136286,40.0,0.0014919908717274666,0.04999997094273567,"{""backing"": 2.0, ""bot"": ""wave"", ""bot_depth"": 5.0, ""bot_params"": {""margin_depth_ref"": 50.0, ""pitch"": 2.0}, ""face_h"": 60.0, ""face_w"": 60.0, ""margin_depths"": 2.0, ""seed"": 101, ""top"": ""shingle"", ""top_depth"": 45.0, ""top_params"": {""azimuth_mode"": ""grid"", ""jitter"": 0.3, ""pitch"": 5.5, ""plate_t_bot"": 0.05, ""plate_t_top"": 0.05, ""tilt_deg"": 2.0, ""tilt_jitter"": 0.0}}"
FL_bl050grid_wave_d50_s101,floor,shingle/wave,"sheet, grid",0.05,101,d100,bl050grid,shingle,5.5,0.05,45.0,wave,5.0,2.0,50.0,9.090909090909092,0.01522105255136286,0.0,0.0003444894391577691,0.04999997094273567,"{""backing"": 2.0, ""bot"": ""wave"", ""bot_depth"": 5.0, ""bot_params"": {""margin_depth_ref"": 50.0, ""pitch"": 2.0}, ""face_h"": 60.0, ""face_w"": 60.0, ""margin_depths"": 2.0, ""seed"": 101, ""top"": ""shingle"", ""top_depth"": 45.0, ""top_params"": {""azimuth_mode"": ""grid"", ""jitter"": 0.3, ""pitch"": 5.5, ""plate_t_bot"": 0.05, ""plate_t_top"": 0.05, ""tilt_deg"": 2.0, ""tilt_jitter"": 0.0}}"
FL_bl050grid_wave_d50_s101,floor,shingle/wave,"sheet, grid",0.05,101,d100,bl050grid,shingle,5.5,0.05,45.0,wave,5.0,2.0,50.0,9.090909090909092,0.01522105255136286,-20.0,0.0008785729296505451,0.04999997094273567,"{""backing"": 2.0, ""bot"": ""wave"", ""bot_depth"": 5.0, ""bot_params"": {""margin_depth_ref"": 50.0, ""pitch"": 2.0}, ""face_h"": 60.0, ""face_w"": 60.0, ""margin_depths"": 2.0, ""seed"": 101, ""top"": ""shingle"", ""top_depth"": 45.0, ""top_params"": {""azimuth_mode"": ""grid"", ""jitter"": 0.3, ""pitch"": 5.5, ""plate_t_bot"": 0.05, ""plate_t_top"": 0.05, ""tilt_deg"": 2.0, ""tilt_jitter"": 0.0}}"
FL_bl050grid_wave_d50_s101,floor,shingle/wave,"sheet, grid",0.05,101,d100,bl050grid,shingle,5.5,0.05,45.0,wave,5.0,2.0,50.0,9.090909090909092,0.01522105255136286,-40.0,0.0015639241319149733,0.04999997094273567,"{""backing"": 2.0, ""bot"": ""wave"", ""bot_depth"": 5.0, ""bot_params"": {""margin_depth_ref"": 50.0, ""pitch"": 2.0}, ""face_h"": 60.0, ""face_w"": 60.0, ""margin_depths"": 2.0, ""seed"": 101, ""top"": ""shingle"", ""top_depth"": 45.0, ""top_params"": {""azimuth_mode"": ""grid"", ""jitter"": 0.3, ""pitch"": 5.5, ""plate_t_bot"": 0.05, ""plate_t_top"": 0.05, ""tilt_deg"": 2.0, ""tilt_jitter"": 0.0}}"
FL_bl050grid_wave_d50_s101,floor,shingle/wave,"sheet, grid",0.05,101,d100,bl050grid,shingle,5.5,0.05,45.0,wave,5.0,2.0,50.0,9.090909090909092,0.01522105255136286,20.0,0.0011019982630386949,0.04999997094273567,"{""backing"": 2.0, ""bot"": ""wave"", ""bot_depth"": 5.0, ""bot_params"": {""margin_depth_ref"": 50.0, ""pitch"": 2.0}, ""face_h"": 60.0, ""face_w"": 60.0, ""margin_depths"": 2.0, ""seed"": 101, ""top"": ""shingle"", ""top_depth"": 45.0, ""top_params"": {""azimuth_mode"": ""grid"", ""jitter"": 0.3, ""pitch"": 5.5, ""plate_t_bot"": 0.05, ""plate_t_top"": 0.05, ""tilt_deg"": 2.0, ""tilt_jitter"": 0.0}}"
FL_bl050grid_wave_d50_s101,floor,shingle/wave,"sheet, grid",0.05,101,d100,bl050grid,shingle,5.5,0.05,45.0,wave,5.0,2.0,50.0,9.090909090909092,0.01522105255136286,40.0,0.0018485609907656908,0.04999997094273567,"{""backing"": 2.0, ""bot"": ""wave"", ""bot_depth"": 5.0, ""bot_params"": {""margin_depth_ref"": 50.0, ""pitch"": 2.0}, ""face_h"": 60.0, ""face_w"": 60.0, ""margin_depths"": 2.0, ""seed"": 101, ""top"": ""shingle"", ""top_depth"": 45.0, ""top_params"": {""azimuth_mode"": ""grid"", ""jitter"": 0.3, ""pitch"": 5.5, ""plate_t_bot"": 0.05, ""plate_t_top"": 0.05, ""tilt_deg"": 2.0, ""tilt_jitter"": 0.0}}"
FL_bl050grid_gap_d20_s101,floor,shingle/gap,"sheet, grid",0.05,101,d00,bl050grid,shingle,5.5,0.05,48.0,gap,2.0,0.0,50.0,9.090909090909092,0.01522105255136286,0.0,0.0017450699815526605,0.04999997094273567,"{""backing"": 2.0, ""bot"": ""gap"", ""bot_depth"": 2.0, ""bot_params"": {""margin_depth_ref"": 50.0}, ""face_h"": 60.0, ""face_w"": 60.0, ""margin_depths"": 2.0, ""seed"": 101, ""top"": ""shingle"", ""top_depth"": 48.0, ""top_params"": {""azimuth_mode"": ""grid"", ""jitter"": 0.3, ""pitch"": 5.5, ""plate_t_bot"": 0.05, ""plate_t_top"": 0.05, ""tilt_deg"": 2.0, ""tilt_jitter"": 0.0}}"
FL_bl050grid_gap_d20_s101,floor,shingle/gap,"sheet, grid",0.05,101,d00,bl050grid,shingle,5.5,0.05,48.0,gap,2.0,0.0,50.0,9.090909090909092,0.01522105255136286,-20.0,0.0004390882677398622,0.04999997094273567,"{""backing"": 2.0, ""bot"": ""gap"", ""bot_depth"": 2.0, ""bot_params"": {""margin_depth_ref"": 50.0}, ""face_h"": 60.0, ""face_w"": 60.0, ""margin_depths"": 2.0, ""seed"": 101, ""top"": ""shingle"", ""top_depth"": 48.0, ""top_params"": {""azimuth_mode"": ""grid"", ""jitter"": 0.3, ""pitch"": 5.5, ""plate_t_bot"": 0.05, ""plate_t_top"": 0.05, ""tilt_deg"": 2.0, ""tilt_jitter"": 0.0}}"
FL_bl050grid_gap_d20_s101,floor,shingle/gap,"sheet, grid",0.05,101,d00,bl050grid,shingle,5.5,0.05,48.0,gap,2.0,0.0,50.0,9.090909090909092,0.01522105255136286,-40.0,0.00035985736758448184,0.04999997094273567,"{""backing"": 2.0, ""bot"": ""gap"", ""bot_depth"": 2.0, ""bot_params"": {""margin_depth_ref"": 50.0}, ""face_h"": 60.0, ""face_w"": 60.0, ""margin_depths"": 2.0, ""seed"": 101, ""top"": ""shingle"", ""top_depth"": 48.0, ""top_params"": {""azimuth_mode"": ""grid"", ""jitter"": 0.3, ""pitch"": 5.5, ""plate_t_bot"": 0.05, ""plate_t_top"": 0.05, ""tilt_deg"": 2.0, ""tilt_jitter"": 0.0}}"
FL_bl050grid_gap_d20_s101,floor,shingle/gap,"sheet, grid",0.05,101,d00,bl050grid,shingle,5.5,0.05,48.0,gap,2.0,0.0,50.0,9.090909090909092,0.01522105255136286,20.0,0.0004184269346296787,0.04999997094273567,"{""backing"": 2.0, ""bot"": ""gap"", ""bot_depth"": 2.0, ""bot_params"": {""margin_depth_ref"": 50.0}, ""face_h"": 60.0, ""face_w"": 60.0, ""margin_depths"": 2.0, ""seed"": 101, ""top"": ""shingle"", ""top_depth"": 48.0, ""top_params"": {""azimuth_mode"": ""grid"", ""jitter"": 0.3, ""pitch"": 5.5, ""plate_t_bot"": 0.05, ""plate_t_top"": 0.05, ""tilt_deg"": 2.0, ""tilt_jitter"": 0.0}}"
FL_bl050grid_gap_d20_s101,floor,shingle/gap,"sheet, grid",0.05,101,d00,bl050grid,shingle,5.5,0.05,48.0,gap,2.0,0.0,50.0,9.090909090909092,0.01522105255136286,40.0,0.00038234496605582535,0.04999997094273567,"{""backing"": 2.0, ""bot"": ""gap"", ""bot_depth"": 2.0, ""bot_params"": {""margin_depth_ref"": 50.0}, ""face_h"": 60.0, ""face_w"": 60.0, ""margin_depths"": 2.0, ""seed"": 101, ""top"": ""shingle"", ""top_depth"": 48.0, ""top_params"": {""azimuth_mode"": ""grid"", ""jitter"": 0.3, ""pitch"": 5.5, ""plate_t_bot"": 0.05, ""plate_t_top"": 0.05, ""tilt_deg"": 2.0, ""tilt_jitter"": 0.0}}"
FL_bl050grid_gap_d20_s101,floor,shingle/gap,"sheet, grid",0.05,101,d76,bl050grid,shingle,5.5,0.05,48.0,gap,2.0,0.0,50.0,9.090909090909092,0.01522105255136286,0.0,0.0006753410561941564,0.04999997094273567,"{""backing"": 2.0, ""bot"": ""gap"", ""bot_depth"": 2.0, ""bot_params"": {""margin_depth_ref"": 50.0}, ""face_h"": 60.0, ""face_w"": 60.0, ""margin_depths"": 2.0, ""seed"": 101, ""top"": ""shingle"", ""top_depth"": 48.0, ""top_params"": {""azimuth_mode"": ""grid"", ""jitter"": 0.3, ""pitch"": 5.5, ""plate_t_bot"": 0.05, ""plate_t_top"": 0.05, ""tilt_deg"": 2.0, ""tilt_jitter"": 0.0}}"
FL_bl050grid_gap_d20_s101,floor,shingle/gap,"sheet, grid",0.05,101,d76,bl050grid,shingle,5.5,0.05,48.0,gap,2.0,0.0,50.0,9.090909090909092,0.01522105255136286,-20.0,0.0008381224470213056,0.04999997094273567,"{""backing"": 2.0, ""bot"": ""gap"", ""bot_depth"": 2.0, ""bot_params"": {""margin_depth_ref"": 50.0}, ""face_h"": 60.0, ""face_w"": 60.0, ""margin_depths"": 2.0, ""seed"": 101, ""top"": ""shingle"", ""top_depth"": 48.0, ""top_params"": {""azimuth_mode"": ""grid"", ""jitter"": 0.3, ""pitch"": 5.5, ""plate_t_bot"": 0.05, ""plate_t_top"": 0.05, ""tilt_deg"": 2.0, ""tilt_jitter"": 0.0}}"
FL_bl050grid_gap_d20_s101,floor,shingle/gap,"sheet, grid",0.05,101,d76,bl050grid,shingle,5.5,0.05,48.0,gap,2.0,0.0,50.0,9.090909090909092,0.01522105255136286,-40.0,0.0014231345849111676,0.04999997094273567,"{""backing"": 2.0, ""bot"": ""gap"", ""bot_depth"": 2.0, ""bot_params"": {""margin_depth_ref"": 50.0}, ""face_h"": 60.0, ""face_w"": 60.0, ""margin_depths"": 2.0, ""seed"": 101, ""top"": ""shingle"", ""top_depth"": 48.0, ""top_params"": {""azimuth_mode"": ""grid"", ""jitter"": 0.3, ""pitch"": 5.5, ""plate_t_bot"": 0.05, ""plate_t_top"": 0.05, ""tilt_deg"": 2.0, ""tilt_jitter"": 0.0}}"
FL_bl050grid_gap_d20_s101,floor,shingle/gap,"sheet, grid",0.05,101,d76,bl050grid,shingle,5.5,0.05,48.0,gap,2.0,0.0,50.0,9.090909090909092,0.01522105255136286,20.0,0.000981791759841144,0.04999997094273567,"{""backing"": 2.0, ""bot"": ""gap"", ""bot_depth"": 2.0, ""bot_params"": {""margin_depth_ref"": 50.0}, ""face_h"": 60.0, ""face_w"": 60.0, ""margin_depths"": 2.0, ""seed"": 101, ""top"": ""shingle"", ""top_depth"": 48.0, ""top_params"": {""azimuth_mode"": ""grid"", ""jitter"": 0.3, ""pitch"": 5.5, ""plate_t_bot"": 0.05, ""plate_t_top"": 0.05, ""tilt_deg"": 2.0, ""tilt_jitter"": 0.0}}"
FL_bl050grid_gap_d20_s101,floor,shingle/gap,"sheet, grid",0.05,101,d76,bl050grid,shingle,5.5,0.05,48.0,gap,2.0,0.0,50.0,9.090909090909092,0.01522105255136286,40.0,0.0015978158917278051,0.04999997094273567,"{""backing"": 2.0, ""bot"": ""gap"", ""bot_depth"": 2.0, ""bot_params"": {""margin_depth_ref"": 50.0}, ""face_h"": 60.0, ""face_w"": 60.0, ""margin_depths"": 2.0, ""seed"": 101, ""top"": ""shingle"", ""top_depth"": 48.0, ""top_params"": {""azimuth_mode"": ""grid"", ""jitter"": 0.3, ""pitch"": 5.5, ""plate_t_bot"": 0.05, ""plate_t_top"": 0.05, ""tilt_deg"": 2.0, ""tilt_jitter"": 0.0}}"
FL_bl050grid_gap_d20_s101,floor,shingle/gap,"sheet, grid",0.05,101,d100,bl050grid,shingle,5.5,0.05,48.0,gap,2.0,0.0,50.0,9.090909090909092,0.01522105255136286,0.0,0.0003878776333294809,0.04999997094273567,"{""backing"": 2.0, ""bot"": ""gap"", ""bot_depth"": 2.0, ""bot_params"": {""margin_depth_ref"": 50.0}, ""face_h"": 60.0, ""face_w"": 60.0, ""margin_depths"": 2.0, ""seed"": 101, ""top"": ""shingle"", ""top_depth"": 48.0, ""top_params"": {""azimuth_mode"": ""grid"", ""jitter"": 0.3, ""pitch"": 5.5, ""plate_t_bot"": 0.05, ""plate_t_top"": 0.05, ""tilt_deg"": 2.0, ""tilt_jitter"": 0.0}}"
FL_bl050grid_gap_d20_s101,floor,shingle/gap,"sheet, grid",0.05,101,d100,bl050grid,shingle,5.5,0.05,48.0,gap,2.0,0.0,50.0,9.090909090909092,0.01522105255136286,-20.0,0.000977343413978815,0.04999997094273567,"{""backing"": 2.0, ""bot"": ""gap"", ""bot_depth"": 2.0, ""bot_params"": {""margin_depth_ref"": 50.0}, ""face_h"": 60.0, ""face_w"": 60.0, ""margin_depths"": 2.0, ""seed"": 101, ""top"": ""shingle"", ""top_depth"": 48.0, ""top_params"": {""azimuth_mode"": ""grid"", ""jitter"": 0.3, ""pitch"": 5.5, ""plate_t_bot"": 0.05, ""plate_t_top"": 0.05, ""tilt_deg"": 2.0, ""tilt_jitter"": 0.0}}"
FL_bl050grid_gap_d20_s101,floor,shingle/gap,"sheet, grid",0.05,101,d100,bl050grid,shingle,5.5,0.05,48.0,gap,2.0,0.0,50.0,9.090909090909092,0.01522105255136286,-40.0,0.001770219299942255,0.04999997094273567,"{""backing"": 2.0, ""bot"": ""gap"", ""bot_depth"": 2.0, ""bot_params"": {""margin_depth_ref"": 50.0}, ""face_h"": 60.0, ""face_w"": 60.0, ""margin_depths"": 2.0, ""seed"": 101, ""top"": ""shingle"", ""top_depth"": 48.0, ""top_params"": {""azimuth_mode"": ""grid"", ""jitter"": 0.3, ""pitch"": 5.5, ""plate_t_bot"": 0.05, ""plate_t_top"": 0.05, ""tilt_deg"": 2.0, ""tilt_jitter"": 0.0}}"
FL_bl050grid_gap_d20_s101,floor,shingle/gap,"sheet, grid",0.05,101,d100,bl050grid,shingle,5.5,0.05,48.0,gap,2.0,0.0,50.0,9.090909090909092,0.01522105255136286,20.0,0.0011677717557176948,0.04999997094273567,"{""backing"": 2.0, ""bot"": ""gap"", ""bot_depth"": 2.0, ""bot_params"": {""margin_depth_ref"": 50.0}, ""face_h"": 60.0, ""face_w"": 60.0, ""margin_depths"": 2.0, ""seed"": 101, ""top"": ""shingle"", ""top_depth"": 48.0, ""top_params"": {""azimuth_mode"": ""grid"", ""jitter"": 0.3, ""pitch"": 5.5, ""plate_t_bot"": 0.05, ""plate_t_top"": 0.05, ""tilt_deg"": 2.0, ""tilt_jitter"": 0.0}}"
FL_bl050grid_gap_d20_s101,floor,shingle/gap,"sheet, grid",0.05,101,d100,bl050grid,shingle,5.5,0.05,48.0,gap,2.0,0.0,50.0,9.090909090909092,0.01522105255136286,40.0,0.001981963636353612,0.04999997094273567,"{""backing"": 2.0, ""bot"": ""gap"", ""bot_depth"": 2.0, ""bot_params"": {""margin_depth_ref"": 50.0}, ""face_h"": 60.0, ""face_w"": 60.0, ""margin_depths"": 2.0, ""seed"": 101, ""top"": ""shingle"", ""top_depth"": 48.0, ""top_params"": {""azimuth_mode"": ""grid"", ""jitter"": 0.3, ""pitch"": 5.5, ""plate_t_bot"": 0.05, ""plate_t_top"": 0.05, ""tilt_deg"": 2.0, ""tilt_jitter"": 0.0}}"
FL_bl050grid_gap_d30_s101,floor,shingle/gap,"sheet, grid",0.05,101,d00,bl050grid,shingle,5.5,0.05,47.0,gap,3.0,0.0,50.0,9.090909090909092,0.01522105255136286,0.0,0.0017826079856604338,0.04999997094273567,"{""backing"": 2.0, ""bot"": ""gap"", ""bot_depth"": 3.0, ""bot_params"": {""margin_depth_ref"": 50.0}, ""face_h"": 60.0, ""face_w"": 60.0, ""margin_depths"": 2.0, ""seed"": 101, ""top"": ""shingle"", ""top_depth"": 47.0, ""top_params"": {""azimuth_mode"": ""grid"", ""jitter"": 0.3, ""pitch"": 5.5, ""plate_t_bot"": 0.05, ""plate_t_top"": 0.05, ""tilt_deg"": 2.0, ""tilt_jitter"": 0.0}}"
FL_bl050grid_gap_d30_s101,floor,shingle/gap,"sheet, grid",0.05,101,d00,bl050grid,shingle,5.5,0.05,47.0,gap,3.0,0.0,50.0,9.090909090909092,0.01522105255136286,-20.0,0.00044069168507121503,0.04999997094273567,"{""backing"": 2.0, ""bot"": ""gap"", ""bot_depth"": 3.0, ""bot_params"": {""margin_depth_ref"": 50.0}, ""face_h"": 60.0, ""face_w"": 60.0, ""margin_depths"": 2.0, ""seed"": 101, ""top"": ""shingle"", ""top_depth"": 47.0, ""top_params"": {""azimuth_mode"": ""grid"", ""jitter"": 0.3, ""pitch"": 5.5, ""plate_t_bot"": 0.05, ""plate_t_top"": 0.05, ""tilt_deg"": 2.0, ""tilt_jitter"": 0.0}}"
FL_bl050grid_gap_d30_s101,floor,shingle/gap,"sheet, grid",0.05,101,d00,bl050grid,shingle,5.5,0.05,47.0,gap,3.0,0.0,50.0,9.090909090909092,0.01522105255136286,-40.0,0.0003598071925807744,0.04999997094273567,"{""backing"": 2.0, ""bot"": ""gap"", ""bot_depth"": 3.0, ""bot_params"": {""margin_depth_ref"": 50.0}, ""face_h"": 60.0, ""face_w"": 60.0, ""margin_depths"": 2.0, ""seed"": 101, ""top"": ""shingle"", ""top_depth"": 47.0, ""top_params"": {""azimuth_mode"": ""grid"", ""jitter"": 0.3, ""pitch"": 5.5, ""plate_t_bot"": 0.05, ""plate_t_top"": 0.05, ""tilt_deg"": 2.0, ""tilt_jitter"": 0.0}}"
FL_bl050grid_gap_d30_s101,floor,shingle/gap,"sheet, grid",0.05,101,d00,bl050grid,shingle,5.5,0.05,47.0,gap,3.0,0.0,50.0,9.090909090909092,0.01522105255136286,20.0,0.00041974359191954136,0.04999997094273567,"{""backing"": 2.0, ""bot"": ""gap"", ""bot_depth"": 3.0, ""bot_params"": {""margin_depth_ref"": 50.0}, ""face_h"": 60.0, ""face_w"": 60.0, ""margin_depths"": 2.0, ""seed"": 101, ""top"": ""shingle"", ""top_depth"": 47.0, ""top_params"": {""azimuth_mode"": ""grid"", ""jitter"": 0.3, ""pitch"": 5.5, ""plate_t_bot"": 0.05, ""plate_t_top"": 0.05, ""tilt_deg"": 2.0, ""tilt_jitter"": 0.0}}"
FL_bl050grid_gap_d30_s101,floor,shingle/gap,"sheet, grid",0.05,101,d00,bl050grid,shingle,5.5,0.05,47.0,gap,3.0,0.0,50.0,9.090909090909092,0.01522105255136286,40.0,0.00038234639214351773,0.04999997094273567,"{""backing"": 2.0, ""bot"": ""gap"", ""bot_depth"": 3.0, ""bot_params"": {""margin_depth_ref"": 50.0}, ""face_h"": 60.0, ""face_w"": 60.0, ""margin_depths"": 2.0, ""seed"": 101, ""top"": ""shingle"", ""top_depth"": 47.0, ""top_params"": {""azimuth_mode"": ""grid"", ""jitter"": 0.3, ""pitch"": 5.5, ""plate_t_bot"": 0.05, ""plate_t_top"": 0.05, ""tilt_deg"": 2.0, ""tilt_jitter"": 0.0}}"
FL_bl050grid_gap_d30_s101,floor,shingle/gap,"sheet, grid",0.05,101,d76,bl050grid,shingle,5.5,0.05,47.0,gap,3.0,0.0,50.0,9.090909090909092,0.01522105255136286,0.0,0.000686027342453599,0.04999997094273567,"{""backing"": 2.0, ""bot"": ""gap"", ""bot_depth"": 3.0, ""bot_params"": {""margin_depth_ref"": 50.0}, ""face_h"": 60.0, ""face_w"": 60.0, ""margin_depths"": 2.0, ""seed"": 101, ""top"": ""shingle"", ""top_depth"": 47.0, ""top_params"": {""azimuth_mode"": ""grid"", ""jitter"": 0.3, ""pitch"": 5.5, ""plate_t_bot"": 0.05, ""plate_t_top"": 0.05, ""tilt_deg"": 2.0, ""tilt_jitter"": 0.0}}"
FL_bl050grid_gap_d30_s101,floor,shingle/gap,"sheet, grid",0.05,101,d76,bl050grid,shingle,5.5,0.05,47.0,gap,3.0,0.0,50.0,9.090909090909092,0.01522105255136286,-20.0,0.0008393811294808984,0.04999997094273567,"{""backing"": 2.0, ""bot"": ""gap"", ""bot_depth"": 3.0, ""bot_params"": {""margin_depth_ref"": 50.0}, ""face_h"": 60.0, ""face_w"": 60.0, ""margin_depths"": 2.0, ""seed"": 101, ""top"": ""shingle"", ""top_depth"": 47.0, ""top_params"": {""azimuth_mode"": ""grid"", ""jitter"": 0.3, ""pitch"": 5.5, ""plate_t_bot"": 0.05, ""plate_t_top"": 0.05, ""tilt_deg"": 2.0, ""tilt_jitter"": 0.0}}"
FL_bl050grid_gap_d30_s101,floor,shingle/gap,"sheet, grid",0.05,101,d76,bl050grid,shingle,5.5,0.05,47.0,gap,3.0,0.0,50.0,9.090909090909092,0.01522105255136286,-40.0,0.0014230834785848856,0.04999997094273567,"{""backing"": 2.0, ""bot"": ""gap"", ""bot_depth"": 3.0, ""bot_params"": {""margin_depth_ref"": 50.0}, ""face_h"": 60.0, ""face_w"": 60.0, ""margin_depths"": 2.0, ""seed"": 101, ""top"": ""shingle"", ""top_depth"": 47.0, ""top_params"": {""azimuth_mode"": ""grid"", ""jitter"": 0.3, ""pitch"": 5.5, ""plate_t_bot"": 0.05, ""plate_t_top"": 0.05, ""tilt_deg"": 2.0, ""tilt_jitter"": 0.0}}"
FL_bl050grid_gap_d30_s101,floor,shingle/gap,"sheet, grid",0.05,101,d76,bl050grid,shingle,5.5,0.05,47.0,gap,3.0,0.0,50.0,9.090909090909092,0.01522105255136286,20.0,0.0009820907143875957,0.04999997094273567,"{""backing"": 2.0, ""bot"": ""gap"", ""bot_depth"": 3.0, ""bot_params"": {""margin_depth_ref"": 50.0}, ""face_h"": 60.0, ""face_w"": 60.0, ""margin_depths"": 2.0, ""seed"": 101, ""top"": ""shingle"", ""top_depth"": 47.0, ""top_params"": {""azimuth_mode"": ""grid"", ""jitter"": 0.3, ""pitch"": 5.5, ""plate_t_bot"": 0.05, ""plate_t_top"": 0.05, ""tilt_deg"": 2.0, ""tilt_jitter"": 0.0}}"
FL_bl050grid_gap_d30_s101,floor,shingle/gap,"sheet, grid",0.05,101,d76,bl050grid,shingle,5.5,0.05,47.0,gap,3.0,0.0,50.0,9.090909090909092,0.01522105255136286,40.0,0.0015978177543729544,0.04999997094273567,"{""backing"": 2.0, ""bot"": ""gap"", ""bot_depth"": 3.0, ""bot_params"": {""margin_depth_ref"": 50.0}, ""face_h"": 60.0, ""face_w"": 60.0, ""margin_depths"": 2.0, ""seed"": 101, ""top"": ""shingle"", ""top_depth"": 47.0, ""top_params"": {""azimuth_mode"": ""grid"", ""jitter"": 0.3, ""pitch"": 5.5, ""plate_t_bot"": 0.05, ""plate_t_top"": 0.05, ""tilt_deg"": 2.0, ""tilt_jitter"": 0.0}}"
FL_bl050grid_gap_d30_s101,floor,shingle/gap,"sheet, grid",0.05,101,d100,bl050grid,shingle,5.5,0.05,47.0,gap,3.0,0.0,50.0,9.090909090909092,0.01522105255136286,0.0,0.00039190295501612127,0.04999997094273567,"{""backing"": 2.0, ""bot"": ""gap"", ""bot_depth"": 3.0, ""bot_params"": {""margin_depth_ref"": 50.0}, ""face_h"": 60.0, ""face_w"": 60.0, ""margin_depths"": 2.0, ""seed"": 101, ""top"": ""shingle"", ""top_depth"": 47.0, ""top_params"": {""azimuth_mode"": ""grid"", ""jitter"": 0.3, ""pitch"": 5.5, ""plate_t_bot"": 0.05, ""plate_t_top"": 0.05, ""tilt_deg"": 2.0, ""tilt_jitter"": 0.0}}"
FL_bl050grid_gap_d30_s101,floor,shingle/gap,"sheet, grid",0.05,101,d100,bl050grid,shingle,5.5,0.05,47.0,gap,3.0,0.0,50.0,9.090909090909092,0.01522105255136286,-20.0,0.0009782568085938692,0.04999997094273567,"{""backing"": 2.0, ""bot"": ""gap"", ""bot_depth"": 3.0, ""bot_params"": {""margin_depth_ref"": 50.0}, ""face_h"": 60.0, ""face_w"": 60.0, ""margin_depths"": 2.0, ""seed"": 101, ""top"": ""shingle"", ""top_depth"": 47.0, ""top_params"": {""azimuth_mode"": ""grid"", ""jitter"": 0.3, ""pitch"": 5.5, ""plate_t_bot"": 0.05, ""plate_t_top"": 0.05, ""tilt_deg"": 2.0, ""tilt_jitter"": 0.0}}"
FL_bl050grid_gap_d30_s101,floor,shingle/gap,"sheet, grid",0.05,101,d100,bl050grid,shingle,5.5,0.05,47.0,gap,3.0,0.0,50.0,9.090909090909092,0.01522105255136286,-40.0,0.0017701683100312948,0.04999997094273567,"{""backing"": 2.0, ""bot"": ""gap"", ""bot_depth"": 3.0, ""bot_params"": {""margin_depth_ref"": 50.0}, ""face_h"": 60.0, ""face_w"": 60.0, ""margin_depths"": 2.0, ""seed"": 101, ""top"": ""shingle"", ""top_depth"": 47.0, ""top_params"": {""azimuth_mode"": ""grid"", ""jitter"": 0.3, ""pitch"": 5.5, ""plate_t_bot"": 0.05, ""plate_t_top"": 0.05, ""tilt_deg"": 2.0, ""tilt_jitter"": 0.0}}"
FL_bl050grid_gap_d30_s101,floor,shingle/gap,"sheet, grid",0.05,101,d100,bl050grid,shingle,5.5,0.05,47.0,gap,3.0,0.0,50.0,9.090909090909092,0.01522105255136286,20.0,0.0011678985320031643,0.04999997094273567,"{""backing"": 2.0, ""bot"": ""gap"", ""bot_depth"": 3.0, ""bot_params"": {""margin_depth_ref"": 50.0}, ""face_h"": 60.0, ""face_w"": 60.0, ""margin_depths"": 2.0, ""seed"": 101, ""top"": ""shingle"", ""top_depth"": 47.0, ""top_params"": {""azimuth_mode"": ""grid"", ""jitter"": 0.3, ""pitch"": 5.5, ""plate_t_bot"": 0.05, ""plate_t_top"": 0.05, ""tilt_deg"": 2.0, ""tilt_jitter"": 0.0}}"
FL_bl050grid_gap_d30_s101,floor,shingle/gap,"sheet, grid",0.05,101,d100,bl050grid,shingle,5.5,0.05,47.0,gap,3.0,0.0,50.0,9.090909090909092,0.01522105255136286,40.0,0.001981963636353612,0.04999997094273567,"{""backing"": 2.0, ""bot"": ""gap"", ""bot_depth"": 3.0, ""bot_params"": {""margin_depth_ref"": 50.0}, ""face_h"": 60.0, ""face_w"": 60.0, ""margin_depths"": 2.0, ""seed"": 101, ""top"": ""shingle"", ""top_depth"": 47.0, ""top_params"": {""azimuth_mode"": ""grid"", ""jitter"": 0.3, ""pitch"": 5.5, ""plate_t_bot"": 0.05, ""plate_t_top"": 0.05, ""tilt_deg"": 2.0, ""tilt_jitter"": 0.0}}"
FL_bl050grid_gap_d50_s101,floor,shingle/gap,"sheet, grid",0.05,101,d00,bl050grid,shingle,5.5,0.05,45.0,gap,5.0,0.0,50.0,9.090909090909092,0.01522105255136286,0.0,0.0019528709817677736,0.04999997094273567,"{""backing"": 2.0, ""bot"": ""gap"", ""bot_depth"": 5.0, ""bot_params"": {""margin_depth_ref"": 50.0}, ""face_h"": 60.0, ""face_w"": 60.0, ""margin_depths"": 2.0, ""seed"": 101, ""top"": ""shingle"", ""top_depth"": 45.0, ""top_params"": {""azimuth_mode"": ""grid"", ""jitter"": 0.3, ""pitch"": 5.5, ""plate_t_bot"": 0.05, ""plate_t_top"": 0.05, ""tilt_deg"": 2.0, ""tilt_jitter"": 0.0}}"
FL_bl050grid_gap_d50_s101,floor,shingle/gap,"sheet, grid",0.05,101,d00,bl050grid,shingle,5.5,0.05,45.0,gap,5.0,0.0,50.0,9.090909090909092,0.01522105255136286,-20.0,0.0004987263237126172,0.04999997094273567,"{""backing"": 2.0, ""bot"": ""gap"", ""bot_depth"": 5.0, ""bot_params"": {""margin_depth_ref"": 50.0}, ""face_h"": 60.0, ""face_w"": 60.0, ""margin_depths"": 2.0, ""seed"": 101, ""top"": ""shingle"", ""top_depth"": 45.0, ""top_params"": {""azimuth_mode"": ""grid"", ""jitter"": 0.3, ""pitch"": 5.5, ""plate_t_bot"": 0.05, ""plate_t_top"": 0.05, ""tilt_deg"": 2.0, ""tilt_jitter"": 0.0}}"
FL_bl050grid_gap_d50_s101,floor,shingle/gap,"sheet, grid",0.05,101,d00,bl050grid,shingle,5.5,0.05,45.0,gap,5.0,0.0,50.0,9.090909090909092,0.01522105255136286,-40.0,0.000406522216508165,0.04999997094273567,"{""backing"": 2.0, ""bot"": ""gap"", ""bot_depth"": 5.0, ""bot_params"": {""margin_depth_ref"": 50.0}, ""face_h"": 60.0, ""face_w"": 60.0, ""margin_depths"": 2.0, ""seed"": 101, ""top"": ""shingle"", ""top_depth"": 45.0, ""top_params"": {""azimuth_mode"": ""grid"", ""jitter"": 0.3, ""pitch"": 5.5, ""plate_t_bot"": 0.05, ""plate_t_top"": 0.05, ""tilt_deg"": 2.0, ""tilt_jitter"": 0.0}}"
FL_bl050grid_gap_d50_s101,floor,shingle/gap,"sheet, grid",0.05,101,d00,bl050grid,shingle,5.5,0.05,45.0,gap,5.0,0.0,50.0,9.090909090909092,0.01522105255136286,20.0,0.00043668135185725987,0.04999997094273567,"{""backing"": 2.0, ""bot"": ""gap"", ""bot_depth"": 5.0, ""bot_params"": {""margin_depth_ref"": 50.0}, ""face_h"": 60.0, ""face_w"": 60.0, ""margin_depths"": 2.0, ""seed"": 101, ""top"": ""shingle"", ""top_depth"": 45.0, ""top_params"": {""azimuth_mode"": ""grid"", ""jitter"": 0.3, ""pitch"": 5.5, ""plate_t_bot"": 0.05, ""plate_t_top"": 0.05, ""tilt_deg"": 2.0, ""tilt_jitter"": 0.0}}"
FL_bl050grid_gap_d50_s101,floor,shingle/gap,"sheet, grid",0.05,101,d00,bl050grid,shingle,5.5,0.05,45.0,gap,5.0,0.0,50.0,9.090909090909092,0.01522105255136286,40.0,0.00040152986184693873,0.04999997094273567,"{""backing"": 2.0, ""bot"": ""gap"", ""bot_depth"": 5.0, ""bot_params"": {""margin_depth_ref"": 50.0}, ""face_h"": 60.0, ""face_w"": 60.0, ""margin_depths"": 2.0, ""seed"": 101, ""top"": ""shingle"", ""top_depth"": 45.0, ""top_params"": {""azimuth_mode"": ""grid"", ""jitter"": 0.3, ""pitch"": 5.5, ""plate_t_bot"": 0.05, ""plate_t_top"": 0.05, ""tilt_deg"": 2.0, ""tilt_jitter"": 0.0}}"
FL_bl050grid_gap_d50_s101,floor,shingle/gap,"sheet, grid",0.05,101,d76,bl050grid,shingle,5.5,0.05,45.0,gap,5.0,0.0,50.0,9.090909090909092,0.01522105255136286,0.0,0.0007365935598500073,0.04999997094273567,"{""backing"": 2.0, ""bot"": ""gap"", ""bot_depth"": 5.0, ""bot_params"": {""margin_depth_ref"": 50.0}, ""face_h"": 60.0, ""face_w"": 60.0, ""margin_depths"": 2.0, ""seed"": 101, ""top"": ""shingle"", ""top_depth"": 45.0, ""top_params"": {""azimuth_mode"": ""grid"", ""jitter"": 0.3, ""pitch"": 5.5, ""plate_t_bot"": 0.05, ""plate_t_top"": 0.05, ""tilt_deg"": 2.0, ""tilt_jitter"": 0.0}}"
FL_bl050grid_gap_d50_s101,floor,shingle/gap,"sheet, grid",0.05,101,d76,bl050grid,shingle,5.5,0.05,45.0,gap,5.0,0.0,50.0,9.090909090909092,0.01522105255136286,-20.0,0.0007801283500157297,0.04999997094273567,"{""backing"": 2.0, ""bot"": ""gap"", ""bot_depth"": 5.0, ""bot_params"": {""margin_depth_ref"": 50.0}, ""face_h"": 60.0, ""face_w"": 60.0, ""margin_depths"": 2.0, ""seed"": 101, ""top"": ""shingle"", ""top_depth"": 45.0, ""top_params"": {""azimuth_mode"": ""grid"", ""jitter"": 0.3, ""pitch"": 5.5, ""plate_t_bot"": 0.05, ""plate_t_top"": 0.05, ""tilt_deg"": 2.0, ""tilt_jitter"": 0.0}}"
FL_bl050grid_gap_d50_s101,floor,shingle/gap,"sheet, grid",0.05,101,d76,bl050grid,shingle,5.5,0.05,45.0,gap,5.0,0.0,50.0,9.090909090909092,0.01522105255136286,-40.0,0.0012846498284488916,0.04999997094273567,"{""backing"": 2.0, ""bot"": ""gap"", ""bot_depth"": 5.0, ""bot_params"": {""margin_depth_ref"": 50.0}, ""face_h"": 60.0, ""face_w"": 60.0, ""margin_depths"": 2.0, ""seed"": 101, ""top"": ""shingle"", ""top_depth"": 45.0, ""top_params"": {""azimuth_mode"": ""grid"", ""jitter"": 0.3, ""pitch"": 5.5, ""plate_t_bot"": 0.05, ""plate_t_top"": 0.05, ""tilt_deg"": 2.0, ""tilt_jitter"": 0.0}}"
FL_bl050grid_gap_d50_s101,floor,shingle/gap,"sheet, grid",0.05,101,d76,bl050grid,shingle,5.5,0.05,45.0,gap,5.0,0.0,50.0,9.090909090909092,0.01522105255136286,20.0,0.000939390913117677,0.04999997094273567,"{""backing"": 2.0, ""bot"": ""gap"", ""bot_depth"": 5.0, ""bot_params"": {""margin_depth_ref"": 50.0}, ""face_h"": 60.0, ""face_w"": 60.0, ""margin_depths"": 2.0, ""seed"": 101, ""top"": ""shingle"", ""top_depth"": 45.0, ""top_params"": {""azimuth_mode"": ""grid"", ""jitter"": 0.3, ""pitch"": 5.5, ""plate_t_bot"": 0.05, ""plate_t_top"": 0.05, ""tilt_deg"": 2.0, ""tilt_jitter"": 0.0}}"
FL_bl050grid_gap_d50_s101,floor,shingle/gap,"sheet, grid",0.05,101,d76,bl050grid,shingle,5.5,0.05,45.0,gap,5.0,0.0,50.0,9.090909090909092,0.01522105255136286,40.0,0.0014922773698344827,0.04999997094273567,"{""backing"": 2.0, ""bot"": ""gap"", ""bot_depth"": 5.0, ""bot_params"": {""margin_depth_ref"": 50.0}, ""face_h"": 60.0, ""face_w"": 60.0, ""margin_depths"": 2.0, ""seed"": 101, ""top"": ""shingle"", ""top_depth"": 45.0, ""top_params"": {""azimuth_mode"": ""grid"", ""jitter"": 0.3, ""pitch"": 5.5, ""plate_t_bot"": 0.05, ""plate_t_top"": 0.05, ""tilt_deg"": 2.0, ""tilt_jitter"": 0.0}}"
FL_bl050grid_gap_d50_s101,floor,shingle/gap,"sheet, grid",0.05,101,d100,bl050grid,shingle,5.5,0.05,45.0,gap,5.0,0.0,50.0,9.090909090909092,0.01522105255136286,0.0,0.00041200575651600957,0.04999997094273567,"{""backing"": 2.0, ""bot"": ""gap"", ""bot_depth"": 5.0, ""bot_params"": {""margin_depth_ref"": 50.0}, ""face_h"": 60.0, ""face_w"": 60.0, ""margin_depths"": 2.0, ""seed"": 101, ""top"": ""shingle"", ""top_depth"": 45.0, ""top_params"": {""azimuth_mode"": ""grid"", ""jitter"": 0.3, ""pitch"": 5.5, ""plate_t_bot"": 0.05, ""plate_t_top"": 0.05, ""tilt_deg"": 2.0, ""tilt_jitter"": 0.0}}"
FL_bl050grid_gap_d50_s101,floor,shingle/gap,"sheet, grid",0.05,101,d100,bl050grid,shingle,5.5,0.05,45.0,gap,5.0,0.0,50.0,9.090909090909092,0.01522105255136286,-20.0,0.0008877906366251409,0.04999997094273567,"{""backing"": 2.0, ""bot"": ""gap"", ""bot_depth"": 5.0, ""bot_params"": {""margin_depth_ref"": 50.0}, ""face_h"": 60.0, ""face_w"": 60.0, ""margin_depths"": 2.0, ""seed"": 101, ""top"": ""shingle"", ""top_depth"": 45.0, ""top_params"": {""azimuth_mode"": ""grid"", ""jitter"": 0.3, ""pitch"": 5.5, ""plate_t_bot"": 0.05, ""plate_t_top"": 0.05, ""tilt_deg"": 2.0, ""tilt_jitter"": 0.0}}"
FL_bl050grid_gap_d50_s101,floor,shingle/gap,"sheet, grid",0.05,101,d100,bl050grid,shingle,5.5,0.05,45.0,gap,5.0,0.0,50.0,9.090909090909092,0.01522105255136286,-40.0,0.0015640425262972713,0.04999997094273567,"{""backing"": 2.0, ""bot"": ""gap"", ""bot_depth"": 5.0, ""bot_params"": {""margin_depth_ref"": 50.0}, ""face_h"": 60.0, ""face_w"": 60.0, ""margin_depths"": 2.0, ""seed"": 101, ""top"": ""shingle"", ""top_depth"": 45.0, ""top_params"": {""azimuth_mode"": ""grid"", ""jitter"": 0.3, ""pitch"": 5.5, ""plate_t_bot"": 0.05, ""plate_t_top"": 0.05, ""tilt_deg"": 2.0, ""tilt_jitter"": 0.0}}"
FL_bl050grid_gap_d50_s101,floor,shingle/gap,"sheet, grid",0.05,101,d100,bl050grid,shingle,5.5,0.05,45.0,gap,5.0,0.0,50.0,9.090909090909092,0.01522105255136286,20.0,0.0011054460192099214,0.04999997094273567,"{""backing"": 2.0, ""bot"": ""gap"", ""bot_depth"": 5.0, ""bot_params"": {""margin_depth_ref"": 50.0}, ""face_h"": 60.0, ""face_w"": 60.0, ""margin_depths"": 2.0, ""seed"": 101, ""top"": ""shingle"", ""top_depth"": 45.0, ""top_params"": {""azimuth_mode"": ""grid"", ""jitter"": 0.3, ""pitch"": 5.5, ""plate_t_bot"": 0.05, ""plate_t_top"": 0.05, ""tilt_deg"": 2.0, ""tilt_jitter"": 0.0}}"
FL_bl050grid_gap_d50_s101,floor,shingle/gap,"sheet, grid",0.05,101,d100,bl050grid,shingle,5.5,0.05,45.0,gap,5.0,0.0,50.0,9.090909090909092,0.01522105255136286,40.0,0.001848827232606709,0.04999997094273567,"{""backing"": 2.0, ""bot"": ""gap"", ""bot_depth"": 5.0, ""bot_params"": {""margin_depth_ref"": 50.0}, ""face_h"": 60.0, ""face_w"": 60.0, ""margin_depths"": 2.0, ""seed"": 101, ""top"": ""shingle"", ""top_depth"": 45.0, ""top_params"": {""azimuth_mode"": ""grid"", ""jitter"": 0.3, ""pitch"": 5.5, ""plate_t_bot"": 0.05, ""plate_t_top"": 0.05, ""tilt_deg"": 2.0, ""tilt_jitter"": 0.0}}"
FL_bl100grid_flat_d00_s101,floor,shingle/flat,"sheet, grid",0.1,101,d00,bl100grid,shingle,5.5,0.1,50.0,flat,0.0,0.0,50.0,9.090909090909092,0.03044210510272572,0.0,0.0018158581806346774,0.04999997094273567,"{""azimuth_mode"": ""grid"", ""backing"": 2.0, ""depth"": 50.0, ""face_h"": 60.0, ""face_w"": 60.0, ""jitter"": 0.3, ""margin_depths"": 2.0, ""pitch"": 5.5, ""plate_t_bot"": 0.1, ""plate_t_top"": 0.1, ""seed"": 101, ""tilt_deg"": 2.0, ""tilt_jitter"": 0.0, ""topology"": ""shingle""}"
FL_bl100grid_flat_d00_s101,floor,shingle/flat,"sheet, grid",0.1,101,d00,bl100grid,shingle,5.5,0.1,50.0,flat,0.0,0.0,50.0,9.090909090909092,0.03044210510272572,-20.0,0.0005501030245795846,0.04999997094273567,"{""azimuth_mode"": ""grid"", ""backing"": 2.0, ""depth"": 50.0, ""face_h"": 60.0, ""face_w"": 60.0, ""jitter"": 0.3, ""margin_depths"": 2.0, ""pitch"": 5.5, ""plate_t_bot"": 0.1, ""plate_t_top"": 0.1, ""seed"": 101, ""tilt_deg"": 2.0, ""tilt_jitter"": 0.0, ""topology"": ""shingle""}"
FL_bl100grid_flat_d00_s101,floor,shingle/flat,"sheet, grid",0.1,101,d00,bl100grid,shingle,5.5,0.1,50.0,flat,0.0,0.0,50.0,9.090909090909092,0.03044210510272572,-40.0,0.0005271055852063,0.04999997094273567,"{""azimuth_mode"": ""grid"", ""backing"": 2.0, ""depth"": 50.0, ""face_h"": 60.0, ""face_w"": 60.0, ""jitter"": 0.3, ""margin_depths"": 2.0, ""pitch"": 5.5, ""plate_t_bot"": 0.1, ""plate_t_top"": 0.1, ""seed"": 101, ""tilt_deg"": 2.0, ""tilt_jitter"": 0.0, ""topology"": ""shingle""}"
FL_bl100grid_flat_d00_s101,floor,shingle/flat,"sheet, grid",0.1,101,d00,bl100grid,shingle,5.5,0.1,50.0,flat,0.0,0.0,50.0,9.090909090909092,0.03044210510272572,20.0,0.0005223902990110219,0.04999997094273567,"{""azimuth_mode"": ""grid"", ""backing"": 2.0, ""depth"": 50.0, ""face_h"": 60.0, ""face_w"": 60.0, ""jitter"": 0.3, ""margin_depths"": 2.0, ""pitch"": 5.5, ""plate_t_bot"": 0.1, ""plate_t_top"": 0.1, ""seed"": 101, ""tilt_deg"": 2.0, ""tilt_jitter"": 0.0, ""topology"": ""shingle""}"
FL_bl100grid_flat_d00_s101,floor,shingle/flat,"sheet, grid",0.1,101,d00,bl100grid,shingle,5.5,0.1,50.0,flat,0.0,0.0,50.0,9.090909090909092,0.03044210510272572,40.0,0.0005210036761127412,0.04999997094273567,"{""azimuth_mode"": ""grid"", ""backing"": 2.0, ""depth"": 50.0, ""face_h"": 60.0, ""face_w"": 60.0, ""jitter"": 0.3, ""margin_depths"": 2.0, ""pitch"": 5.5, ""plate_t_bot"": 0.1, ""plate_t_top"": 0.1, ""seed"": 101, ""tilt_deg"": 2.0, ""tilt_jitter"": 0.0, ""topology"": ""shingle""}"
FL_bl100grid_flat_d00_s101,floor,shingle/flat,"sheet, grid",0.1,101,d76,bl100grid,shingle,5.5,0.1,50.0,flat,0.0,0.0,50.0,9.090909090909092,0.03044210510272572,0.0,0.0008062054985202849,0.04999997094273567,"{""azimuth_mode"": ""grid"", ""backing"": 2.0, ""depth"": 50.0, ""face_h"": 60.0, ""face_w"": 60.0, ""jitter"": 0.3, ""margin_depths"": 2.0, ""pitch"": 5.5, ""plate_t_bot"": 0.1, ""plate_t_top"": 0.1, ""seed"": 101, ""tilt_deg"": 2.0, ""tilt_jitter"": 0.0, ""topology"": ""shingle""}"
FL_bl100grid_flat_d00_s101,floor,shingle/flat,"sheet, grid",0.1,101,d76,bl100grid,shingle,5.5,0.1,50.0,flat,0.0,0.0,50.0,9.090909090909092,0.03044210510272572,-20.0,0.0009428908815607429,0.04999997094273567,"{""azimuth_mode"": ""grid"", ""backing"": 2.0, ""depth"": 50.0, ""face_h"": 60.0, ""face_w"": 60.0, ""jitter"": 0.3, ""margin_depths"": 2.0, ""pitch"": 5.5, ""plate_t_bot"": 0.1, ""plate_t_top"": 0.1, ""seed"": 101, ""tilt_deg"": 2.0, ""tilt_jitter"": 0.0, ""topology"": ""shingle""}"
FL_bl100grid_flat_d00_s101,floor,shingle/flat,"sheet, grid",0.1,101,d76,bl100grid,shingle,5.5,0.1,50.0,flat,0.0,0.0,50.0,9.090909090909092,0.03044210510272572,-40.0,0.0015522076282650232,0.04999997094273567,"{""azimuth_mode"": ""grid"", ""backing"": 2.0, ""depth"": 50.0, ""face_h"": 60.0, ""face_w"": 60.0, ""jitter"": 0.3, ""margin_depths"": 2.0, ""pitch"": 5.5, ""plate_t_bot"": 0.1, ""plate_t_top"": 0.1, ""seed"": 101, ""tilt_deg"": 2.0, ""tilt_jitter"": 0.0, ""topology"": ""shingle""}"
FL_bl100grid_flat_d00_s101,floor,shingle/flat,"sheet, grid",0.1,101,d76,bl100grid,shingle,5.5,0.1,50.0,flat,0.0,0.0,50.0,9.090909090909092,0.03044210510272572,20.0,0.0011840518563985825,0.04999997094273567,"{""azimuth_mode"": ""grid"", ""backing"": 2.0, ""depth"": 50.0, ""face_h"": 60.0, ""face_w"": 60.0, ""jitter"": 0.3, ""margin_depths"": 2.0, ""pitch"": 5.5, ""plate_t_bot"": 0.1, ""plate_t_top"": 0.1, ""seed"": 101, ""tilt_deg"": 2.0, ""tilt_jitter"": 0.0, ""topology"": ""shingle""}"
FL_bl100grid_flat_d00_s101,floor,shingle/flat,"sheet, grid",0.1,101,d76,bl100grid,shingle,5.5,0.1,50.0,flat,0.0,0.0,50.0,9.090909090909092,0.03044210510272572,40.0,0.0018407320603728294,0.04999997094273567,"{""azimuth_mode"": ""grid"", ""backing"": 2.0, ""depth"": 50.0, ""face_h"": 60.0, ""face_w"": 60.0, ""jitter"": 0.3, ""margin_depths"": 2.0, ""pitch"": 5.5, ""plate_t_bot"": 0.1, ""plate_t_top"": 0.1, ""seed"": 101, ""tilt_deg"": 2.0, ""tilt_jitter"": 0.0, ""topology"": ""shingle""}"
FL_bl100grid_flat_d00_s101,floor,shingle/flat,"sheet, grid",0.1,101,d100,bl100grid,shingle,5.5,0.1,50.0,flat,0.0,0.0,50.0,9.090909090909092,0.03044210510272572,0.0,0.000525900861248374,0.04999997094273567,"{""azimuth_mode"": ""grid"", ""backing"": 2.0, ""depth"": 50.0, ""face_h"": 60.0, ""face_w"": 60.0, ""jitter"": 0.3, ""margin_depths"": 2.0, ""pitch"": 5.5, ""plate_t_bot"": 0.1, ""plate_t_top"": 0.1, ""seed"": 101, ""tilt_deg"": 2.0, ""tilt_jitter"": 0.0, ""topology"": ""shingle""}"
FL_bl100grid_flat_d00_s101,floor,shingle/flat,"sheet, grid",0.1,101,d100,bl100grid,shingle,5.5,0.1,50.0,flat,0.0,0.0,50.0,9.090909090909092,0.03044210510272572,-20.0,0.0010820822790265083,0.04999997094273567,"{""azimuth_mode"": ""grid"", ""backing"": 2.0, ""depth"": 50.0, ""face_h"": 60.0, ""face_w"": 60.0, ""jitter"": 0.3, ""margin_depths"": 2.0, ""pitch"": 5.5, ""plate_t_bot"": 0.1, ""plate_t_top"": 0.1, ""seed"": 101, ""tilt_deg"": 2.0, ""tilt_jitter"": 0.0, ""topology"": ""shingle""}"
FL_bl100grid_flat_d00_s101,floor,shingle/flat,"sheet, grid",0.1,101,d100,bl100grid,shingle,5.5,0.1,50.0,flat,0.0,0.0,50.0,9.090909090909092,0.03044210510272572,-40.0,0.0018791145412251353,0.04999997094273567,"{""azimuth_mode"": ""grid"", ""backing"": 2.0, ""depth"": 50.0, ""face_h"": 60.0, ""face_w"": 60.0, ""jitter"": 0.3, ""margin_depths"": 2.0, ""pitch"": 5.5, ""plate_t_bot"": 0.1, ""plate_t_top"": 0.1, ""seed"": 101, ""tilt_deg"": 2.0, ""tilt_jitter"": 0.0, ""topology"": ""shingle""}"
FL_bl100grid_flat_d00_s101,floor,shingle/flat,"sheet, grid",0.1,101,d100,bl100grid,shingle,5.5,0.1,50.0,flat,0.0,0.0,50.0,9.090909090909092,0.03044210510272572,20.0,0.0014105833834037185,0.04999997094273567,"{""azimuth_mode"": ""grid"", ""backing"": 2.0, ""depth"": 50.0, ""face_h"": 60.0, ""face_w"": 60.0, ""jitter"": 0.3, ""margin_depths"": 2.0, ""pitch"": 5.5, ""plate_t_bot"": 0.1, ""plate_t_top"": 0.1, ""seed"": 101, ""tilt_deg"": 2.0, ""tilt_jitter"": 0.0, ""topology"": ""shingle""}"
FL_bl100grid_flat_d00_s101,floor,shingle/flat,"sheet, grid",0.1,101,d100,bl100grid,shingle,5.5,0.1,50.0,flat,0.0,0.0,50.0,9.090909090909092,0.03044210510272572,40.0,0.0022660684771835804,0.04999997094273567,"{""azimuth_mode"": ""grid"", ""backing"": 2.0, ""depth"": 50.0, ""face_h"": 60.0, ""face_w"": 60.0, ""jitter"": 0.3, ""margin_depths"": 2.0, ""pitch"": 5.5, ""plate_t_bot"": 0.1, ""plate_t_top"": 0.1, ""seed"": 101, ""tilt_deg"": 2.0, ""tilt_jitter"": 0.0, ""topology"": ""shingle""}"
FL_bl100grid_cone_d20_s101,floor,shingle/cone,"sheet, grid",0.1,101,d00,bl100grid,shingle,5.5,0.1,48.0,cone,2.0,2.0,50.0,9.090909090909092,0.03044210510272572,0.0,0.0008160853758454323,0.04999997094273567,"{""backing"": 2.0, ""bot"": ""cone"", ""bot_depth"": 2.0, ""bot_params"": {""depth_jitter"": 0.0, ""height_seg"": 6, ""jitter"": 0.3, ""pitch"": 2.0, ""profile_power"": 1.0, ""radial_seg"": 16, ""tip_radius"": 0.1}, ""face_h"": 60.0, ""face_w"": 60.0, ""margin_depths"": 2.0, ""seed"": 101, ""top"": ""shingle"", ""top_depth"": 48.0, ""top_params"": {""azimuth_mode"": ""grid"", ""jitter"": 0.3, ""pitch"": 5.5, ""plate_t_bot"": 0.1, ""plate_t_top"": 0.1, ""tilt_deg"": 2.0, ""tilt_jitter"": 0.0}}"
FL_bl100grid_cone_d20_s101,floor,shingle/cone,"sheet, grid",0.1,101,d00,bl100grid,shingle,5.5,0.1,48.0,cone,2.0,2.0,50.0,9.090909090909092,0.03044210510272572,-20.0,0.0005754261510446668,0.04999997094273567,"{""backing"": 2.0, ""bot"": ""cone"", ""bot_depth"": 2.0, ""bot_params"": {""depth_jitter"": 0.0, ""height_seg"": 6, ""jitter"": 0.3, ""pitch"": 2.0, ""profile_power"": 1.0, ""radial_seg"": 16, ""tip_radius"": 0.1}, ""face_h"": 60.0, ""face_w"": 60.0, ""margin_depths"": 2.0, ""seed"": 101, ""top"": ""shingle"", ""top_depth"": 48.0, ""top_params"": {""azimuth_mode"": ""grid"", ""jitter"": 0.3, ""pitch"": 5.5, ""plate_t_bot"": 0.1, ""plate_t_top"": 0.1, ""tilt_deg"": 2.0, ""tilt_jitter"": 0.0}}"
FL_bl100grid_cone_d20_s101,floor,shingle/cone,"sheet, grid",0.1,101,d00,bl100grid,shingle,5.5,0.1,48.0,cone,2.0,2.0,50.0,9.090909090909092,0.03044210510272572,-40.0,0.0005371084553189576,0.04999997094273567,"{""backing"": 2.0, ""bot"": ""cone"", ""bot_depth"": 2.0, ""bot_params"": {""depth_jitter"": 0.0, ""height_seg"": 6, ""jitter"": 0.3, ""pitch"": 2.0, ""profile_power"": 1.0, ""radial_seg"": 16, ""tip_radius"": 0.1}, ""face_h"": 60.0, ""face_w"": 60.0, ""margin_depths"": 2.0, ""seed"": 101, ""top"": ""shingle"", ""top_depth"": 48.0, ""top_params"": {""azimuth_mode"": ""grid"", ""jitter"": 0.3, ""pitch"": 5.5, ""plate_t_bot"": 0.1, ""plate_t_top"": 0.1, ""tilt_deg"": 2.0, ""tilt_jitter"": 0.0}}"
FL_bl100grid_cone_d20_s101,floor,shingle/cone,"sheet, grid",0.1,101,d00,bl100grid,shingle,5.5,0.1,48.0,cone,2.0,2.0,50.0,9.090909090909092,0.03044210510272572,20.0,0.0005578778800554574,0.04999997094273567,"{""backing"": 2.0, ""bot"": ""cone"", ""bot_depth"": 2.0, ""bot_params"": {""depth_jitter"": 0.0, ""height_seg"": 6, ""jitter"": 0.3, ""pitch"": 2.0, ""profile_power"": 1.0, ""radial_seg"": 16, ""tip_radius"": 0.1}, ""face_h"": 60.0, ""face_w"": 60.0, ""margin_depths"": 2.0, ""seed"": 101, ""top"": ""shingle"", ""top_depth"": 48.0, ""top_params"": {""azimuth_mode"": ""grid"", ""jitter"": 0.3, ""pitch"": 5.5, ""plate_t_bot"": 0.1, ""plate_t_top"": 0.1, ""tilt_deg"": 2.0, ""tilt_jitter"": 0.0}}"
FL_bl100grid_cone_d20_s101,floor,shingle/cone,"sheet, grid",0.1,101,d00,bl100grid,shingle,5.5,0.1,48.0,cone,2.0,2.0,50.0,9.090909090909092,0.03044210510272572,40.0,0.0005495214718393981,0.04999997094273567,"{""backing"": 2.0, ""bot"": ""cone"", ""bot_depth"": 2.0, ""bot_params"": {""depth_jitter"": 0.0, ""height_seg"": 6, ""jitter"": 0.3, ""pitch"": 2.0, ""profile_power"": 1.0, ""radial_seg"": 16, ""tip_radius"": 0.1}, ""face_h"": 60.0, ""face_w"": 60.0, ""margin_depths"": 2.0, ""seed"": 101, ""top"": ""shingle"", ""top_depth"": 48.0, ""top_params"": {""azimuth_mode"": ""grid"", ""jitter"": 0.3, ""pitch"": 5.5, ""plate_t_bot"": 0.1, ""plate_t_top"": 0.1, ""tilt_deg"": 2.0, ""tilt_jitter"": 0.0}}"
FL_bl100grid_cone_d20_s101,floor,shingle/cone,"sheet, grid",0.1,101,d76,bl100grid,shingle,5.5,0.1,48.0,cone,2.0,2.0,50.0,9.090909090909092,0.03044210510272572,0.0,0.0005570476059801877,0.04999997094273567,"{""backing"": 2.0, ""bot"": ""cone"", ""bot_depth"": 2.0, ""bot_params"": {""depth_jitter"": 0.0, ""height_seg"": 6, ""jitter"": 0.3, ""pitch"": 2.0, ""profile_power"": 1.0, ""radial_seg"": 16, ""tip_radius"": 0.1}, ""face_h"": 60.0, ""face_w"": 60.0, ""margin_depths"": 2.0, ""seed"": 101, ""top"": ""shingle"", ""top_depth"": 48.0, ""top_params"": {""azimuth_mode"": ""grid"", ""jitter"": 0.3, ""pitch"": 5.5, ""plate_t_bot"": 0.1, ""plate_t_top"": 0.1, ""tilt_deg"": 2.0, ""tilt_jitter"": 0.0}}"
FL_bl100grid_cone_d20_s101,floor,shingle/cone,"sheet, grid",0.1,101,d76,bl100grid,shingle,5.5,0.1,48.0,cone,2.0,2.0,50.0,9.090909090909092,0.03044210510272572,-20.0,0.0009782876586541533,0.04999997094273567,"{""backing"": 2.0, ""bot"": ""cone"", ""bot_depth"": 2.0, ""bot_params"": {""depth_jitter"": 0.0, ""height_seg"": 6, ""jitter"": 0.3, ""pitch"": 2.0, ""profile_power"": 1.0, ""radial_seg"": 16, ""tip_radius"": 0.1}, ""face_h"": 60.0, ""face_w"": 60.0, ""margin_depths"": 2.0, ""seed"": 101, ""top"": ""shingle"", ""top_depth"": 48.0, ""top_params"": {""azimuth_mode"": ""grid"", ""jitter"": 0.3, ""pitch"": 5.5, ""plate_t_bot"": 0.1, ""plate_t_top"": 0.1, ""tilt_deg"": 2.0, ""tilt_jitter"": 0.0}}"
FL_bl100grid_cone_d20_s101,floor,shingle/cone,"sheet, grid",0.1,101,d76,bl100grid,shingle,5.5,0.1,48.0,cone,2.0,2.0,50.0,9.090909090909092,0.03044210510272572,-40.0,0.0015552625991404057,0.04999997094273567,"{""backing"": 2.0, ""bot"": ""cone"", ""bot_depth"": 2.0, ""bot_params"": {""depth_jitter"": 0.0, ""height_seg"": 6, ""jitter"": 0.3, ""pitch"": 2.0, ""profile_power"": 1.0, ""radial_seg"": 16, ""tip_radius"": 0.1}, ""face_h"": 60.0, ""face_w"": 60.0, ""margin_depths"": 2.0, ""seed"": 101, ""top"": ""shingle"", ""top_depth"": 48.0, ""top_params"": {""azimuth_mode"": ""grid"", ""jitter"": 0.3, ""pitch"": 5.5, ""plate_t_bot"": 0.1, ""plate_t_top"": 0.1, ""tilt_deg"": 2.0, ""tilt_jitter"": 0.0}}"
FL_bl100grid_cone_d20_s101,floor,shingle/cone,"sheet, grid",0.1,101,d76,bl100grid,shingle,5.5,0.1,48.0,cone,2.0,2.0,50.0,9.090909090909092,0.03044210510272572,20.0,0.0011190862860530615,0.04999997094273567,"{""backing"": 2.0, ""bot"": ""cone"", ""bot_depth"": 2.0, ""bot_params"": {""depth_jitter"": 0.0, ""height_seg"": 6, ""jitter"": 0.3, ""pitch"": 2.0, ""profile_power"": 1.0, ""radial_seg"": 16, ""tip_radius"": 0.1}, ""face_h"": 60.0, ""face_w"": 60.0, ""margin_depths"": 2.0, ""seed"": 101, ""top"": ""shingle"", ""top_depth"": 48.0, ""top_params"": {""azimuth_mode"": ""grid"", ""jitter"": 0.3, ""pitch"": 5.5, ""plate_t_bot"": 0.1, ""plate_t_top"": 0.1, ""tilt_deg"": 2.0, ""tilt_jitter"": 0.0}}"
FL_bl100grid_cone_d20_s101,floor,shingle/cone,"sheet, grid",0.1,101,d76,bl100grid,shingle,5.5,0.1,48.0,cone,2.0,2.0,50.0,9.090909090909092,0.03044210510272572,40.0,0.0017290778923779726,0.04999997094273567,"{""backing"": 2.0, ""bot"": ""cone"", ""bot_depth"": 2.0, ""bot_params"": {""depth_jitter"": 0.0, ""height_seg"": 6, ""jitter"": 0.3, ""pitch"": 2.0, ""profile_power"": 1.0, ""radial_seg"": 16, ""tip_radius"": 0.1}, ""face_h"": 60.0, ""face_w"": 60.0, ""margin_depths"": 2.0, ""seed"": 101, ""top"": ""shingle"", ""top_depth"": 48.0, ""top_params"": {""azimuth_mode"": ""grid"", ""jitter"": 0.3, ""pitch"": 5.5, ""plate_t_bot"": 0.1, ""plate_t_top"": 0.1, ""tilt_deg"": 2.0, ""tilt_jitter"": 0.0}}"
FL_bl100grid_cone_d20_s101,floor,shingle/cone,"sheet, grid",0.1,101,d100,bl100grid,shingle,5.5,0.1,48.0,cone,2.0,2.0,50.0,9.090909090909092,0.03044210510272572,0.0,0.0005074792425148189,0.04999997094273567,"{""backing"": 2.0, ""bot"": ""cone"", ""bot_depth"": 2.0, ""bot_params"": {""depth_jitter"": 0.0, ""height_seg"": 6, ""jitter"": 0.3, ""pitch"": 2.0, ""profile_power"": 1.0, ""radial_seg"": 16, ""tip_radius"": 0.1}, ""face_h"": 60.0, ""face_w"": 60.0, ""margin_depths"": 2.0, ""seed"": 101, ""top"": ""shingle"", ""top_depth"": 48.0, ""top_params"": {""azimuth_mode"": ""grid"", ""jitter"": 0.3, ""pitch"": 5.5, ""plate_t_bot"": 0.1, ""plate_t_top"": 0.1, ""tilt_deg"": 2.0, ""tilt_jitter"": 0.0}}"
FL_bl100grid_cone_d20_s101,floor,shingle/cone,"sheet, grid",0.1,101,d100,bl100grid,shingle,5.5,0.1,48.0,cone,2.0,2.0,50.0,9.090909090909092,0.03044210510272572,-20.0,0.001116860774345696,0.04999997094273567,"{""backing"": 2.0, ""bot"": ""cone"", ""bot_depth"": 2.0, ""bot_params"": {""depth_jitter"": 0.0, ""height_seg"": 6, ""jitter"": 0.3, ""pitch"": 2.0, ""profile_power"": 1.0, ""radial_seg"": 16, ""tip_radius"": 0.1}, ""face_h"": 60.0, ""face_w"": 60.0, ""margin_depths"": 2.0, ""seed"": 101, ""top"": ""shingle"", ""top_depth"": 48.0, ""top_params"": {""azimuth_mode"": ""grid"", ""jitter"": 0.3, ""pitch"": 5.5, ""plate_t_bot"": 0.1, ""plate_t_top"": 0.1, ""tilt_deg"": 2.0, ""tilt_jitter"": 0.0}}"
FL_bl100grid_cone_d20_s101,floor,shingle/cone,"sheet, grid",0.1,101,d100,bl100grid,shingle,5.5,0.1,48.0,cone,2.0,2.0,50.0,9.090909090909092,0.03044210510272572,-40.0,0.0018926826305687428,0.04999997094273567,"{""backing"": 2.0, ""bot"": ""cone"", ""bot_depth"": 2.0, ""bot_params"": {""depth_jitter"": 0.0, ""height_seg"": 6, ""jitter"": 0.3, ""pitch"": 2.0, ""profile_power"": 1.0, ""radial_seg"": 16, ""tip_radius"": 0.1}, ""face_h"": 60.0, ""face_w"": 60.0, ""margin_depths"": 2.0, ""seed"": 101, ""top"": ""shingle"", ""top_depth"": 48.0, ""top_params"": {""azimuth_mode"": ""grid"", ""jitter"": 0.3, ""pitch"": 5.5, ""plate_t_bot"": 0.1, ""plate_t_top"": 0.1, ""tilt_deg"": 2.0, ""tilt_jitter"": 0.0}}"
FL_bl100grid_cone_d20_s101,floor,shingle/cone,"sheet, grid",0.1,101,d100,bl100grid,shingle,5.5,0.1,48.0,cone,2.0,2.0,50.0,9.090909090909092,0.03044210510272572,20.0,0.0013007036177441478,0.04999997094273567,"{""backing"": 2.0, ""bot"": ""cone"", ""bot_depth"": 2.0, ""bot_params"": {""depth_jitter"": 0.0, ""height_seg"": 6, ""jitter"": 0.3, ""pitch"": 2.0, ""profile_power"": 1.0, ""radial_seg"": 16, ""tip_radius"": 0.1}, ""face_h"": 60.0, ""face_w"": 60.0, ""margin_depths"": 2.0, ""seed"": 101, ""top"": ""shingle"", ""top_depth"": 48.0, ""top_params"": {""azimuth_mode"": ""grid"", ""jitter"": 0.3, ""pitch"": 5.5, ""plate_t_bot"": 0.1, ""plate_t_top"": 0.1, ""tilt_deg"": 2.0, ""tilt_jitter"": 0.0}}"
FL_bl100grid_cone_d20_s101,floor,shingle/cone,"sheet, grid",0.1,101,d100,bl100grid,shingle,5.5,0.1,48.0,cone,2.0,2.0,50.0,9.090909090909092,0.03044210510272572,40.0,0.0020990949124097824,0.04999997094273567,"{""backing"": 2.0, ""bot"": ""cone"", ""bot_depth"": 2.0, ""bot_params"": {""depth_jitter"": 0.0, ""height_seg"": 6, ""jitter"": 0.3, ""pitch"": 2.0, ""profile_power"": 1.0, ""radial_seg"": 16, ""tip_radius"": 0.1}, ""face_h"": 60.0, ""face_w"": 60.0, ""margin_depths"": 2.0, ""seed"": 101, ""top"": ""shingle"", ""top_depth"": 48.0, ""top_params"": {""azimuth_mode"": ""grid"", ""jitter"": 0.3, ""pitch"": 5.5, ""plate_t_bot"": 0.1, ""plate_t_top"": 0.1, ""tilt_deg"": 2.0, ""tilt_jitter"": 0.0}}"
FL_bl100grid_cone_d30_s101,floor,shingle/cone,"sheet, grid",0.1,101,d00,bl100grid,shingle,5.5,0.1,47.0,cone,3.0,2.0,50.0,9.090909090909092,0.03044210510272572,0.0,0.0007588068256154656,0.04999997094273567,"{""backing"": 2.0, ""bot"": ""cone"", ""bot_depth"": 3.0, ""bot_params"": {""depth_jitter"": 0.0, ""height_seg"": 6, ""jitter"": 0.3, ""pitch"": 2.0, ""profile_power"": 1.0, ""radial_seg"": 16, ""tip_radius"": 0.1}, ""face_h"": 60.0, ""face_w"": 60.0, ""margin_depths"": 2.0, ""seed"": 101, ""top"": ""shingle"", ""top_depth"": 47.0, ""top_params"": {""azimuth_mode"": ""grid"", ""jitter"": 0.3, ""pitch"": 5.5, ""plate_t_bot"": 0.1, ""plate_t_top"": 0.1, ""tilt_deg"": 2.0, ""tilt_jitter"": 0.0}}"
FL_bl100grid_cone_d30_s101,floor,shingle/cone,"sheet, grid",0.1,101,d00,bl100grid,shingle,5.5,0.1,47.0,cone,3.0,2.0,50.0,9.090909090909092,0.03044210510272572,-20.0,0.0005718426546081901,0.04999997094273567,"{""backing"": 2.0, ""bot"": ""cone"", ""bot_depth"": 3.0, ""bot_params"": {""depth_jitter"": 0.0, ""height_seg"": 6, ""jitter"": 0.3, ""pitch"": 2.0, ""profile_power"": 1.0, ""radial_seg"": 16, ""tip_radius"": 0.1}, ""face_h"": 60.0, ""face_w"": 60.0, ""margin_depths"": 2.0, ""seed"": 101, ""top"": ""shingle"", ""top_depth"": 47.0, ""top_params"": {""azimuth_mode"": ""grid"", ""jitter"": 0.3, ""pitch"": 5.5, ""plate_t_bot"": 0.1, ""plate_t_top"": 0.1, ""tilt_deg"": 2.0, ""tilt_jitter"": 0.0}}"
FL_bl100grid_cone_d30_s101,floor,shingle/cone,"sheet, grid",0.1,101,d00,bl100grid,shingle,5.5,0.1,47.0,cone,3.0,2.0,50.0,9.090909090909092,0.03044210510272572,-40.0,0.0005368831334635615,0.04999997094273567,"{""backing"": 2.0, ""bot"": ""cone"", ""bot_depth"": 3.0, ""bot_params"": {""depth_jitter"": 0.0, ""height_seg"": 6, ""jitter"": 0.3, ""pitch"": 2.0, ""profile_power"": 1.0, ""radial_seg"": 16, ""tip_radius"": 0.1}, ""face_h"": 60.0, ""face_w"": 60.0, ""margin_depths"": 2.0, ""seed"": 101, ""top"": ""shingle"", ""top_depth"": 47.0, ""top_params"": {""azimuth_mode"": ""grid"", ""jitter"": 0.3, ""pitch"": 5.5, ""plate_t_bot"": 0.1, ""plate_t_top"": 0.1, ""tilt_deg"": 2.0, ""tilt_jitter"": 0.0}}"
FL_bl100grid_cone_d30_s101,floor,shingle/cone,"sheet, grid",0.1,101,d00,bl100grid,shingle,5.5,0.1,47.0,cone,3.0,2.0,50.0,9.090909090909092,0.03044210510272572,20.0,0.0005572272930294275,0.04999997094273567,"{""backing"": 2.0, ""bot"": ""cone"", ""bot_depth"": 3.0, ""bot_params"": {""depth_jitter"": 0.0, ""height_seg"": 6, ""jitter"": 0.3, ""pitch"": 2.0, ""profile_power"": 1.0, ""radial_seg"": 16, ""tip_radius"": 0.1}, ""face_h"": 60.0, ""face_w"": 60.0, ""margin_depths"": 2.0, ""seed"": 101, ""top"": ""shingle"", ""top_depth"": 47.0, ""top_params"": {""azimuth_mode"": ""grid"", ""jitter"": 0.3, ""pitch"": 5.5, ""plate_t_bot"": 0.1, ""plate_t_top"": 0.1, ""tilt_deg"": 2.0, ""tilt_jitter"": 0.0}}"
FL_bl100grid_cone_d30_s101,floor,shingle/cone,"sheet, grid",0.1,101,d00,bl100grid,shingle,5.5,0.1,47.0,cone,3.0,2.0,50.0,9.090909090909092,0.03044210510272572,40.0,0.0005495250807143748,0.04999997094273567,"{""backing"": 2.0, ""bot"": ""cone"", ""bot_depth"": 3.0, ""bot_params"": {""depth_jitter"": 0.0, ""height_seg"": 6, ""jitter"": 0.3, ""pitch"": 2.0, ""profile_power"": 1.0, ""radial_seg"": 16, ""tip_radius"": 0.1}, ""face_h"": 60.0, ""face_w"": 60.0, ""margin_depths"": 2.0, ""seed"": 101, ""top"": ""shingle"", ""top_depth"": 47.0, ""top_params"": {""azimuth_mode"": ""grid"", ""jitter"": 0.3, ""pitch"": 5.5, ""plate_t_bot"": 0.1, ""plate_t_top"": 0.1, ""tilt_deg"": 2.0, ""tilt_jitter"": 0.0}}"
FL_bl100grid_cone_d30_s101,floor,shingle/cone,"sheet, grid",0.1,101,d76,bl100grid,shingle,5.5,0.1,47.0,cone,3.0,2.0,50.0,9.090909090909092,0.03044210510272572,0.0,0.0005521365674212575,0.04999997094273567,"{""backing"": 2.0, ""bot"": ""cone"", ""bot_depth"": 3.0, ""bot_params"": {""depth_jitter"": 0.0, ""height_seg"": 6, ""jitter"": 0.3, ""pitch"": 2.0, ""profile_power"": 1.0, ""radial_seg"": 16, ""tip_radius"": 0.1}, ""face_h"": 60.0, ""face_w"": 60.0, ""margin_depths"": 2.0, ""seed"": 101, ""top"": ""shingle"", ""top_depth"": 47.0, ""top_params"": {""azimuth_mode"": ""grid"", ""jitter"": 0.3, ""pitch"": 5.5, ""plate_t_bot"": 0.1, ""plate_t_top"": 0.1, ""tilt_deg"": 2.0, ""tilt_jitter"": 0.0}}"
FL_bl100grid_cone_d30_s101,floor,shingle/cone,"sheet, grid",0.1,101,d76,bl100grid,shingle,5.5,0.1,47.0,cone,3.0,2.0,50.0,9.090909090909092,0.03044210510272572,-20.0,0.0009784314315766096,0.04999997094273567,"{""backing"": 2.0, ""bot"": ""cone"", ""bot_depth"": 3.0, ""bot_params"": {""depth_jitter"": 0.0, ""height_seg"": 6, ""jitter"": 0.3, ""pitch"": 2.0, ""profile_power"": 1.0, ""radial_seg"": 16, ""tip_radius"": 0.1}, ""face_h"": 60.0, ""face_w"": 60.0, ""margin_depths"": 2.0, ""seed"": 101, ""top"": ""shingle"", ""top_depth"": 47.0, ""top_params"": {""azimuth_mode"": ""grid"", ""jitter"": 0.3, ""pitch"": 5.5, ""plate_t_bot"": 0.1, ""plate_t_top"": 0.1, ""tilt_deg"": 2.0, ""tilt_jitter"": 0.0}}"
FL_bl100grid_cone_d30_s101,floor,shingle/cone,"sheet, grid",0.1,101,d76,bl100grid,shingle,5.5,0.1,47.0,cone,3.0,2.0,50.0,9.090909090909092,0.03044210510272572,-40.0,0.001555101596750319,0.04999997094273567,"{""backing"": 2.0, ""bot"": ""cone"", ""bot_depth"": 3.0, ""bot_params"": {""depth_jitter"": 0.0, ""height_seg"": 6, ""jitter"": 0.3, ""pitch"": 2.0, ""profile_power"": 1.0, ""radial_seg"": 16, ""tip_radius"": 0.1}, ""face_h"": 60.0, ""face_w"": 60.0, ""margin_depths"": 2.0, ""seed"": 101, ""top"": ""shingle"", ""top_depth"": 47.0, ""top_params"": {""azimuth_mode"": ""grid"", ""jitter"": 0.3, ""pitch"": 5.5, ""plate_t_bot"": 0.1, ""plate_t_top"": 0.1, ""tilt_deg"": 2.0, ""tilt_jitter"": 0.0}}"
FL_bl100grid_cone_d30_s101,floor,shingle/cone,"sheet, grid",0.1,101,d76,bl100grid,shingle,5.5,0.1,47.0,cone,3.0,2.0,50.0,9.090909090909092,0.03044210510272572,20.0,0.0011188904754817486,0.04999997094273567,"{""backing"": 2.0, ""bot"": ""cone"", ""bot_depth"": 3.0, ""bot_params"": {""depth_jitter"": 0.0, ""height_seg"": 6, ""jitter"": 0.3, ""pitch"": 2.0, ""profile_power"": 1.0, ""radial_seg"": 16, ""tip_radius"": 0.1}, ""face_h"": 60.0, ""face_w"": 60.0, ""margin_depths"": 2.0, ""seed"": 101, ""top"": ""shingle"", ""top_depth"": 47.0, ""top_params"": {""azimuth_mode"": ""grid"", ""jitter"": 0.3, ""pitch"": 5.5, ""plate_t_bot"": 0.1, ""plate_t_top"": 0.1, ""tilt_deg"": 2.0, ""tilt_jitter"": 0.0}}"
FL_bl100grid_cone_d30_s101,floor,shingle/cone,"sheet, grid",0.1,101,d76,bl100grid,shingle,5.5,0.1,47.0,cone,3.0,2.0,50.0,9.090909090909092,0.03044210510272572,40.0,0.001729074283502996,0.04999997094273567,"{""backing"": 2.0, ""bot"": ""cone"", ""bot_depth"": 3.0, ""bot_params"": {""depth_jitter"": 0.0, ""height_seg"": 6, ""jitter"": 0.3, ""pitch"": 2.0, ""profile_power"": 1.0, ""radial_seg"": 16, ""tip_radius"": 0.1}, ""face_h"": 60.0, ""face_w"": 60.0, ""margin_depths"": 2.0, ""seed"": 101, ""top"": ""shingle"", ""top_depth"": 47.0, ""top_params"": {""azimuth_mode"": ""grid"", ""jitter"": 0.3, ""pitch"": 5.5, ""plate_t_bot"": 0.1, ""plate_t_top"": 0.1, ""tilt_deg"": 2.0, ""tilt_jitter"": 0.0}}"
FL_bl100grid_cone_d30_s101,floor,shingle/cone,"sheet, grid",0.1,101,d100,bl100grid,shingle,5.5,0.1,47.0,cone,3.0,2.0,50.0,9.090909090909092,0.03044210510272572,0.0,0.0005010805907659233,0.04999997094273567,"{""backing"": 2.0, ""bot"": ""cone"", ""bot_depth"": 3.0, ""bot_params"": {""depth_jitter"": 0.0, ""height_seg"": 6, ""jitter"": 0.3, ""pitch"": 2.0, ""profile_power"": 1.0, ""radial_seg"": 16, ""tip_radius"": 0.1}, ""face_h"": 60.0, ""face_w"": 60.0, ""margin_depths"": 2.0, ""seed"": 101, ""top"": ""shingle"", ""top_depth"": 47.0, ""top_params"": {""azimuth_mode"": ""grid"", ""jitter"": 0.3, ""pitch"": 5.5, ""plate_t_bot"": 0.1, ""plate_t_top"": 0.1, ""tilt_deg"": 2.0, ""tilt_jitter"": 0.0}}"
FL_bl100grid_cone_d30_s101,floor,shingle/cone,"sheet, grid",0.1,101,d100,bl100grid,shingle,5.5,0.1,47.0,cone,3.0,2.0,50.0,9.090909090909092,0.03044210510272572,-20.0,0.0011173189850524068,0.04999997094273567,"{""backing"": 2.0, ""bot"": ""cone"", ""bot_depth"": 3.0, ""bot_params"": {""depth_jitter"": 0.0, ""height_seg"": 6, ""jitter"": 0.3, ""pitch"": 2.0, ""profile_power"": 1.0, ""radial_seg"": 16, ""tip_radius"": 0.1}, ""face_h"": 60.0, ""face_w"": 60.0, ""margin_depths"": 2.0, ""seed"": 101, ""top"": ""shingle"", ""top_depth"": 47.0, ""top_params"": {""azimuth_mode"": ""grid"", ""jitter"": 0.3, ""pitch"": 5.5, ""plate_t_bot"": 0.1, ""plate_t_top"": 0.1, ""tilt_deg"": 2.0, ""tilt_jitter"": 0.0}}"
FL_bl100grid_cone_d30_s101,floor,shingle/cone,"sheet, grid",0.1,101,d100,bl100grid,shingle,5.5,0.1,47.0,cone,3.0,2.0,50.0,9.090909090909092,0.03044210510272572,-40.0,0.0018925261683762074,0.04999997094273567,"{""backing"": 2.0, ""bot"": ""cone"", ""bot_depth"": 3.0, ""bot_params"": {""depth_jitter"": 0.0, ""height_seg"": 6, ""jitter"": 0.3, ""pitch"": 2.0, ""profile_power"": 1.0, ""radial_seg"": 16, ""tip_radius"": 0.1}, ""face_h"": 60.0, ""face_w"": 60.0, ""margin_depths"": 2.0, ""seed"": 101, ""top"": ""shingle"", ""top_depth"": 47.0, ""top_params"": {""azimuth_mode"": ""grid"", ""jitter"": 0.3, ""pitch"": 5.5, ""plate_t_bot"": 0.1, ""plate_t_top"": 0.1, ""tilt_deg"": 2.0, ""tilt_jitter"": 0.0}}"
FL_bl100grid_cone_d30_s101,floor,shingle/cone,"sheet, grid",0.1,101,d100,bl100grid,shingle,5.5,0.1,47.0,cone,3.0,2.0,50.0,9.090909090909092,0.03044210510272572,20.0,0.0013006600784137845,0.04999997094273567,"{""backing"": 2.0, ""bot"": ""cone"", ""bot_depth"": 3.0, ""bot_params"": {""depth_jitter"": 0.0, ""height_seg"": 6, ""jitter"": 0.3, ""pitch"": 2.0, ""profile_power"": 1.0, ""radial_seg"": 16, ""tip_radius"": 0.1}, ""face_h"": 60.0, ""face_w"": 60.0, ""margin_depths"": 2.0, ""seed"": 101, ""top"": ""shingle"", ""top_depth"": 47.0, ""top_params"": {""azimuth_mode"": ""grid"", ""jitter"": 0.3, ""pitch"": 5.5, ""plate_t_bot"": 0.1, ""plate_t_top"": 0.1, ""tilt_deg"": 2.0, ""tilt_jitter"": 0.0}}"
FL_bl100grid_cone_d30_s101,floor,shingle/cone,"sheet, grid",0.1,101,d100,bl100grid,shingle,5.5,0.1,47.0,cone,3.0,2.0,50.0,9.090909090909092,0.03044210510272572,40.0,0.002099093981087208,0.04999997094273567,"{""backing"": 2.0, ""bot"": ""cone"", ""bot_depth"": 3.0, ""bot_params"": {""depth_jitter"": 0.0, ""height_seg"": 6, ""jitter"": 0.3, ""pitch"": 2.0, ""profile_power"": 1.0, ""radial_seg"": 16, ""tip_radius"": 0.1}, ""face_h"": 60.0, ""face_w"": 60.0, ""margin_depths"": 2.0, ""seed"": 101, ""top"": ""shingle"", ""top_depth"": 47.0, ""top_params"": {""azimuth_mode"": ""grid"", ""jitter"": 0.3, ""pitch"": 5.5, ""plate_t_bot"": 0.1, ""plate_t_top"": 0.1, ""tilt_deg"": 2.0, ""tilt_jitter"": 0.0}}"
FL_bl100grid_cone_d50_s101,floor,shingle/cone,"sheet, grid",0.1,101,d00,bl100grid,shingle,5.5,0.1,45.0,cone,5.0,2.0,50.0,9.090909090909092,0.03044210510272572,0.0,0.0007491937722079456,0.04999997094273567,"{""backing"": 2.0, ""bot"": ""cone"", ""bot_depth"": 5.0, ""bot_params"": {""depth_jitter"": 0.0, ""height_seg"": 6, ""jitter"": 0.3, ""pitch"": 2.0, ""profile_power"": 1.0, ""radial_seg"": 16, ""tip_radius"": 0.1}, ""face_h"": 60.0, ""face_w"": 60.0, ""margin_depths"": 2.0, ""seed"": 101, ""top"": ""shingle"", ""top_depth"": 45.0, ""top_params"": {""azimuth_mode"": ""grid"", ""jitter"": 0.3, ""pitch"": 5.5, ""plate_t_bot"": 0.1, ""plate_t_top"": 0.1, ""tilt_deg"": 2.0, ""tilt_jitter"": 0.0}}"
FL_bl100grid_cone_d50_s101,floor,shingle/cone,"sheet, grid",0.1,101,d00,bl100grid,shingle,5.5,0.1,45.0,cone,5.0,2.0,50.0,9.090909090909092,0.03044210510272572,-20.0,0.0005955671076662838,0.04999997094273567,"{""backing"": 2.0, ""bot"": ""cone"", ""bot_depth"": 5.0, ""bot_params"": {""depth_jitter"": 0.0, ""height_seg"": 6, ""jitter"": 0.3, ""pitch"": 2.0, ""profile_power"": 1.0, ""radial_seg"": 16, ""tip_radius"": 0.1}, ""face_h"": 60.0, ""face_w"": 60.0, ""margin_depths"": 2.0, ""seed"": 101, ""top"": ""shingle"", ""top_depth"": 45.0, ""top_params"": {""azimuth_mode"": ""grid"", ""jitter"": 0.3, ""pitch"": 5.5, ""plate_t_bot"": 0.1, ""plate_t_top"": 0.1, ""tilt_deg"": 2.0, ""tilt_jitter"": 0.0}}"
FL_bl100grid_cone_d50_s101,floor,shingle/cone,"sheet, grid",0.1,101,d00,bl100grid,shingle,5.5,0.1,45.0,cone,5.0,2.0,50.0,9.090909090909092,0.03044210510272572,-40.0,0.00057386135449633,0.04999997094273567,"{""backing"": 2.0, ""bot"": ""cone"", ""bot_depth"": 5.0, ""bot_params"": {""depth_jitter"": 0.0, ""height_seg"": 6, ""jitter"": 0.3, ""pitch"": 2.0, ""profile_power"": 1.0, ""radial_seg"": 16, ""tip_radius"": 0.1}, ""face_h"": 60.0, ""face_w"": 60.0, ""margin_depths"": 2.0, ""seed"": 101, ""top"": ""shingle"", ""top_depth"": 45.0, ""top_params"": {""azimuth_mode"": ""grid"", ""jitter"": 0.3, ""pitch"": 5.5, ""plate_t_bot"": 0.1, ""plate_t_top"": 0.1, ""tilt_deg"": 2.0, ""tilt_jitter"": 0.0}}"
FL_bl100grid_cone_d50_s101,floor,shingle/cone,"sheet, grid",0.1,101,d00,bl100grid,shingle,5.5,0.1,45.0,cone,5.0,2.0,50.0,9.090909090909092,0.03044210510272572,20.0,0.0005647626239806414,0.04999997094273567,"{""backing"": 2.0, ""bot"": ""cone"", ""bot_depth"": 5.0, ""bot_params"": {""depth_jitter"": 0.0, ""height_seg"": 6, ""jitter"": 0.3, ""pitch"": 2.0, ""profile_power"": 1.0, ""radial_seg"": 16, ""tip_radius"": 0.1}, ""face_h"": 60.0, ""face_w"": 60.0, ""margin_depths"": 2.0, ""seed"": 101, ""top"": ""shingle"", ""top_depth"": 45.0, ""top_params"": {""azimuth_mode"": ""grid"", ""jitter"": 0.3, ""pitch"": 5.5, ""plate_t_bot"": 0.1, ""plate_t_top"": 0.1, ""tilt_deg"": 2.0, ""tilt_jitter"": 0.0}}"
FL_bl100grid_cone_d50_s101,floor,shingle/cone,"sheet, grid",0.1,101,d00,bl100grid,shingle,5.5,0.1,45.0,cone,5.0,2.0,50.0,9.090909090909092,0.03044210510272572,40.0,0.0005645717610605061,0.04999997094273567,"{""backing"": 2.0, ""bot"": ""cone"", ""bot_depth"": 5.0, ""bot_params"": {""depth_jitter"": 0.0, ""height_seg"": 6, ""jitter"": 0.3, ""pitch"": 2.0, ""profile_power"": 1.0, ""radial_seg"": 16, ""tip_radius"": 0.1}, ""face_h"": 60.0, ""face_w"": 60.0, ""margin_depths"": 2.0, ""seed"": 101, ""top"": ""shingle"", ""top_depth"": 45.0, ""top_params"": {""azimuth_mode"": ""grid"", ""jitter"": 0.3, ""pitch"": 5.5, ""plate_t_bot"": 0.1, ""plate_t_top"": 0.1, ""tilt_deg"": 2.0, ""tilt_jitter"": 0.0}}"
FL_bl100grid_cone_d50_s101,floor,shingle/cone,"sheet, grid",0.1,101,d76,bl100grid,shingle,5.5,0.1,45.0,cone,5.0,2.0,50.0,9.090909090909092,0.03044210510272572,0.0,0.0005389088182710111,0.04999997094273567,"{""backing"": 2.0, ""bot"": ""cone"", ""bot_depth"": 5.0, ""bot_params"": {""depth_jitter"": 0.0, ""height_seg"": 6, ""jitter"": 0.3, ""pitch"": 2.0, ""profile_power"": 1.0, ""radial_seg"": 16, ""tip_radius"": 0.1}, ""face_h"": 60.0, ""face_w"": 60.0, ""margin_depths"": 2.0, ""seed"": 101, ""top"": ""shingle"", ""top_depth"": 45.0, ""top_params"": {""azimuth_mode"": ""grid"", ""jitter"": 0.3, ""pitch"": 5.5, ""plate_t_bot"": 0.1, ""plate_t_top"": 0.1, ""tilt_deg"": 2.0, ""tilt_jitter"": 0.0}}"
FL_bl100grid_cone_d50_s101,floor,shingle/cone,"sheet, grid",0.1,101,d76,bl100grid,shingle,5.5,0.1,45.0,cone,5.0,2.0,50.0,9.090909090909092,0.03044210510272572,-20.0,0.0009058758732862771,0.04999997094273567,"{""backing"": 2.0, ""bot"": ""cone"", ""bot_depth"": 5.0, ""bot_params"": {""depth_jitter"": 0.0, ""height_seg"": 6, ""jitter"": 0.3, ""pitch"": 2.0, ""profile_power"": 1.0, ""radial_seg"": 16, ""tip_radius"": 0.1}, ""face_h"": 60.0, ""face_w"": 60.0, ""margin_depths"": 2.0, ""seed"": 101, ""top"": ""shingle"", ""top_depth"": 45.0, ""top_params"": {""azimuth_mode"": ""grid"", ""jitter"": 0.3, ""pitch"": 5.5, ""plate_t_bot"": 0.1, ""plate_t_top"": 0.1, ""tilt_deg"": 2.0, ""tilt_jitter"": 0.0}}"
FL_bl100grid_cone_d50_s101,floor,shingle/cone,"sheet, grid",0.1,101,d76,bl100grid,shingle,5.5,0.1,45.0,cone,5.0,2.0,50.0,9.090909090909092,0.03044210510272572,-40.0,0.0014278488233685493,0.04999997094273567,"{""backing"": 2.0, ""bot"": ""cone"", ""bot_depth"": 5.0, ""bot_params"": {""depth_jitter"": 0.0, ""height_seg"": 6, ""jitter"": 0.3, ""pitch"": 2.0, ""profile_power"": 1.0, ""radial_seg"": 16, ""tip_radius"": 0.1}, ""face_h"": 60.0, ""face_w"": 60.0, ""margin_depths"": 2.0, ""seed"": 101, ""top"": ""shingle"", ""top_depth"": 45.0, ""top_params"": {""azimuth_mode"": ""grid"", ""jitter"": 0.3, ""pitch"": 5.5, ""plate_t_bot"": 0.1, ""plate_t_top"": 0.1, ""tilt_deg"": 2.0, ""tilt_jitter"": 0.0}}"
FL_bl100grid_cone_d50_s101,floor,shingle/cone,"sheet, grid",0.1,101,d76,bl100grid,shingle,5.5,0.1,45.0,cone,5.0,2.0,50.0,9.090909090909092,0.03044210510272572,20.0,0.001066827797330916,0.04999997094273567,"{""backing"": 2.0, ""bot"": ""cone"", ""bot_depth"": 5.0, ""bot_params"": {""depth_jitter"": 0.0, ""height_seg"": 6, ""jitter"": 0.3, ""pitch"": 2.0, ""profile_power"": 1.0, ""radial_seg"": 16, ""tip_radius"": 0.1}, ""face_h"": 60.0, ""face_w"": 60.0, ""margin_depths"": 2.0, ""seed"": 101, ""top"": ""shingle"", ""top_depth"": 45.0, ""top_params"": {""azimuth_mode"": ""grid"", ""jitter"": 0.3, ""pitch"": 5.5, ""plate_t_bot"": 0.1, ""plate_t_top"": 0.1, ""tilt_deg"": 2.0, ""tilt_jitter"": 0.0}}"
FL_bl100grid_cone_d50_s101,floor,shingle/cone,"sheet, grid",0.1,101,d76,bl100grid,shingle,5.5,0.1,45.0,cone,5.0,2.0,50.0,9.090909090909092,0.03044210510272572,40.0,0.0016165402485057712,0.04999997094273567,"{""backing"": 2.0, ""bot"": ""cone"", ""bot_depth"": 5.0, ""bot_params"": {""depth_jitter"": 0.0, ""height_seg"": 6, ""jitter"": 0.3, ""pitch"": 2.0, ""profile_power"": 1.0, ""radial_seg"": 16, ""tip_radius"": 0.1}, ""face_h"": 60.0, ""face_w"": 60.0, ""margin_depths"": 2.0, ""seed"": 101, ""top"": ""shingle"", ""top_depth"": 45.0, ""top_params"": {""azimuth_mode"": ""grid"", ""jitter"": 0.3, ""pitch"": 5.5, ""plate_t_bot"": 0.1, ""plate_t_top"": 0.1, ""tilt_deg"": 2.0, ""tilt_jitter"": 0.0}}"
FL_bl100grid_cone_d50_s101,floor,shingle/cone,"sheet, grid",0.1,101,d100,bl100grid,shingle,5.5,0.1,45.0,cone,5.0,2.0,50.0,9.090909090909092,0.03044210510272572,0.0,0.0004887761897407472,0.04999997094273567,"{""backing"": 2.0, ""bot"": ""cone"", ""bot_depth"": 5.0, ""bot_params"": {""depth_jitter"": 0.0, ""height_seg"": 6, ""jitter"": 0.3, ""pitch"": 2.0, ""profile_power"": 1.0, ""radial_seg"": 16, ""tip_radius"": 0.1}, ""face_h"": 60.0, ""face_w"": 60.0, ""margin_depths"": 2.0, ""seed"": 101, ""top"": ""shingle"", ""top_depth"": 45.0, ""top_params"": {""azimuth_mode"": ""grid"", ""jitter"": 0.3, ""pitch"": 5.5, ""plate_t_bot"": 0.1, ""plate_t_top"": 0.1, ""tilt_deg"": 2.0, ""tilt_jitter"": 0.0}}"
FL_bl100grid_cone_d50_s101,floor,shingle/cone,"sheet, grid",0.1,101,d100,bl100grid,shingle,5.5,0.1,45.0,cone,5.0,2.0,50.0,9.090909090909092,0.03044210510272572,-20.0,0.0010159757221117616,0.04999997094273567,"{""backing"": 2.0, ""bot"": ""cone"", ""bot_depth"": 5.0, ""bot_params"": {""depth_jitter"": 0.0, ""height_seg"": 6, ""jitter"": 0.3, ""pitch"": 2.0, ""profile_power"": 1.0, ""radial_seg"": 16, ""tip_radius"": 0.1}, ""face_h"": 60.0, ""face_w"": 60.0, ""margin_depths"": 2.0, ""seed"": 101, ""top"": ""shingle"", ""top_depth"": 45.0, ""top_params"": {""azimuth_mode"": ""grid"", ""jitter"": 0.3, ""pitch"": 5.5, ""plate_t_bot"": 0.1, ""plate_t_top"": 0.1, ""tilt_deg"": 2.0, ""tilt_jitter"": 0.0}}"
FL_bl100grid_cone_d50_s101,floor,shingle/cone,"sheet, grid",0.1,101,d100,bl100grid,shingle,5.5,0.1,45.0,cone,5.0,2.0,50.0,9.090909090909092,0.03044210510272572,-40.0,0.0016928439727053046,0.04999997094273567,"{""backing"": 2.0, ""bot"": ""cone"", ""bot_depth"": 5.0, ""bot_params"": {""depth_jitter"": 0.0, ""height_seg"": 6, ""jitter"": 0.3, ""pitch"": 2.0, ""profile_power"": 1.0, ""radial_seg"": 16, ""tip_radius"": 0.1}, ""face_h"": 60.0, ""face_w"": 60.0, ""margin_depths"": 2.0, ""seed"": 101, ""top"": ""shingle"", ""top_depth"": 45.0, ""top_params"": {""azimuth_mode"": ""grid"", ""jitter"": 0.3, ""pitch"": 5.5, ""plate_t_bot"": 0.1, ""plate_t_top"": 0.1, ""tilt_deg"": 2.0, ""tilt_jitter"": 0.0}}"
FL_bl100grid_cone_d50_s101,floor,shingle/cone,"sheet, grid",0.1,101,d100,bl100grid,shingle,5.5,0.1,45.0,cone,5.0,2.0,50.0,9.090909090909092,0.03044210510272572,20.0,0.0012303784023970366,0.04999997094273567,"{""backing"": 2.0, ""bot"": ""cone"", ""bot_depth"": 5.0, ""bot_params"": {""depth_jitter"": 0.0, ""height_seg"": 6, ""jitter"": 0.3, ""pitch"": 2.0, ""profile_power"": 1.0, ""radial_seg"": 16, ""tip_radius"": 0.1}, ""face_h"": 60.0, ""face_w"": 60.0, ""margin_depths"": 2.0, ""seed"": 101, ""top"": ""shingle"", ""top_depth"": 45.0, ""top_params"": {""azimuth_mode"": ""grid"", ""jitter"": 0.3, ""pitch"": 5.5, ""plate_t_bot"": 0.1, ""plate_t_top"": 0.1, ""tilt_deg"": 2.0, ""tilt_jitter"": 0.0}}"
FL_bl100grid_cone_d50_s101,floor,shingle/cone,"sheet, grid",0.1,101,d100,bl100grid,shingle,5.5,0.1,45.0,cone,5.0,2.0,50.0,9.090909090909092,0.03044210510272572,40.0,0.001965319039300084,0.04999997094273567,"{""backing"": 2.0, ""bot"": ""cone"", ""bot_depth"": 5.0, ""bot_params"": {""depth_jitter"": 0.0, ""height_seg"": 6, ""jitter"": 0.3, ""pitch"": 2.0, ""profile_power"": 1.0, ""radial_seg"": 16, ""tip_radius"": 0.1}, ""face_h"": 60.0, ""face_w"": 60.0, ""margin_depths"": 2.0, ""seed"": 101, ""top"": ""shingle"", ""top_depth"": 45.0, ""top_params"": {""azimuth_mode"": ""grid"", ""jitter"": 0.3, ""pitch"": 5.5, ""plate_t_bot"": 0.1, ""plate_t_top"": 0.1, ""tilt_deg"": 2.0, ""tilt_jitter"": 0.0}}"
FL_bl100grid_pyramid_d20_s101,floor,shingle/pyramid,"sheet, grid",0.1,101,d00,bl100grid,shingle,5.5,0.1,48.0,pyramid,2.0,2.0,50.0,9.090909090909092,0.03044210510272572,0.0,0.0007416002918034792,0.04999997094273567,"{""backing"": 2.0, ""bot"": ""pyramid"", ""bot_depth"": 2.0, ""bot_params"": {""margin_depth_ref"": 50.0, ""pitch"": 2.0, ""tip_flat"": 0.1}, ""face_h"": 60.0, ""face_w"": 60.0, ""margin_depths"": 2.0, ""seed"": 101, ""top"": ""shingle"", ""top_depth"": 48.0, ""top_params"": {""azimuth_mode"": ""grid"", ""jitter"": 0.3, ""pitch"": 5.5, ""plate_t_bot"": 0.1, ""plate_t_top"": 0.1, ""tilt_deg"": 2.0, ""tilt_jitter"": 0.0}}"
FL_bl100grid_pyramid_d20_s101,floor,shingle/pyramid,"sheet, grid",0.1,101,d00,bl100grid,shingle,5.5,0.1,48.0,pyramid,2.0,2.0,50.0,9.090909090909092,0.03044210510272572,-20.0,0.0005700906040146947,0.04999997094273567,"{""backing"": 2.0, ""bot"": ""pyramid"", ""bot_depth"": 2.0, ""bot_params"": {""margin_depth_ref"": 50.0, ""pitch"": 2.0, ""tip_flat"": 0.1}, ""face_h"": 60.0, ""face_w"": 60.0, ""margin_depths"": 2.0, ""seed"": 101, ""top"": ""shingle"", ""top_depth"": 48.0, ""top_params"": {""azimuth_mode"": ""grid"", ""jitter"": 0.3, ""pitch"": 5.5, ""plate_t_bot"": 0.1, ""plate_t_top"": 0.1, ""tilt_deg"": 2.0, ""tilt_jitter"": 0.0}}"
FL_bl100grid_pyramid_d20_s101,floor,shingle/pyramid,"sheet, grid",0.1,101,d00,bl100grid,shingle,5.5,0.1,48.0,pyramid,2.0,2.0,50.0,9.090909090909092,0.03044210510272572,-40.0,0.0005370365106500685,0.04999997094273567,"{""backing"": 2.0, ""bot"": ""pyramid"", ""bot_depth"": 2.0, ""bot_params"": {""margin_depth_ref"": 50.0, ""pitch"": 2.0, ""tip_flat"": 0.1}, ""face_h"": 60.0, ""face_w"": 60.0, ""margin_depths"": 2.0, ""seed"": 101, ""top"": ""shingle"", ""top_depth"": 48.0, ""top_params"": {""azimuth_mode"": ""grid"", ""jitter"": 0.3, ""pitch"": 5.5, ""plate_t_bot"": 0.1, ""plate_t_top"": 0.1, ""tilt_deg"": 2.0, ""tilt_jitter"": 0.0}}"
FL_bl100grid_pyramid_d20_s101,floor,shingle/pyramid,"sheet, grid",0.1,101,d00,bl100grid,shingle,5.5,0.1,48.0,pyramid,2.0,2.0,50.0,9.090909090909092,0.03044210510272572,20.0,0.0005566732725128531,0.04999997094273567,"{""backing"": 2.0, ""bot"": ""pyramid"", ""bot_depth"": 2.0, ""bot_params"": {""margin_depth_ref"": 50.0, ""pitch"": 2.0, ""tip_flat"": 0.1}, ""face_h"": 60.0, ""face_w"": 60.0, ""margin_depths"": 2.0, ""seed"": 101, ""top"": ""shingle"", ""top_depth"": 48.0, ""top_params"": {""azimuth_mode"": ""grid"", ""jitter"": 0.3, ""pitch"": 5.5, ""plate_t_bot"": 0.1, ""plate_t_top"": 0.1, ""tilt_deg"": 2.0, ""tilt_jitter"": 0.0}}"
FL_bl100grid_pyramid_d20_s101,floor,shingle/pyramid,"sheet, grid",0.1,101,d00,bl100grid,shingle,5.5,0.1,48.0,pyramid,2.0,2.0,50.0,9.090909090909092,0.03044210510272572,40.0,0.0005495232180692255,0.04999997094273567,"{""backing"": 2.0, ""bot"": ""pyramid"", ""bot_depth"": 2.0, ""bot_params"": {""margin_depth_ref"": 50.0, ""pitch"": 2.0, ""tip_flat"": 0.1}, ""face_h"": 60.0, ""face_w"": 60.0, ""margin_depths"": 2.0, ""seed"": 101, ""top"": ""shingle"", ""top_depth"": 48.0, ""top_params"": {""azimuth_mode"": ""grid"", ""jitter"": 0.3, ""pitch"": 5.5, ""plate_t_bot"": 0.1, ""plate_t_top"": 0.1, ""tilt_deg"": 2.0, ""tilt_jitter"": 0.0}}"
FL_bl100grid_pyramid_d20_s101,floor,shingle/pyramid,"sheet, grid",0.1,101,d76,bl100grid,shingle,5.5,0.1,48.0,pyramid,2.0,2.0,50.0,9.090909090909092,0.03044210510272572,0.0,0.0005439474480226636,0.04999997094273567,"{""backing"": 2.0, ""bot"": ""pyramid"", ""bot_depth"": 2.0, ""bot_params"": {""margin_depth_ref"": 50.0, ""pitch"": 2.0, ""tip_flat"": 0.1}, ""face_h"": 60.0, ""face_w"": 60.0, ""margin_depths"": 2.0, ""seed"": 101, ""top"": ""shingle"", ""top_depth"": 48.0, ""top_params"": {""azimuth_mode"": ""grid"", ""jitter"": 0.3, ""pitch"": 5.5, ""plate_t_bot"": 0.1, ""plate_t_top"": 0.1, ""tilt_deg"": 2.0, ""tilt_jitter"": 0.0}}"
FL_bl100grid_pyramid_d20_s101,floor,shingle/pyramid,"sheet, grid",0.1,101,d76,bl100grid,shingle,5.5,0.1,48.0,pyramid,2.0,2.0,50.0,9.090909090909092,0.03044210510272572,-20.0,0.0009757860098034143,0.04999997094273567,"{""backing"": 2.0, ""bot"": ""pyramid"", ""bot_depth"": 2.0, ""bot_params"": {""margin_depth_ref"": 50.0, ""pitch"": 2.0, ""tip_flat"": 0.1}, ""face_h"": 60.0, ""face_w"": 60.0, ""margin_depths"": 2.0, ""seed"": 101, ""top"": ""shingle"", ""top_depth"": 48.0, ""top_params"": {""azimuth_mode"": ""grid"", ""jitter"": 0.3, ""pitch"": 5.5, ""plate_t_bot"": 0.1, ""plate_t_top"": 0.1, ""tilt_deg"": 2.0, ""tilt_jitter"": 0.0}}"
FL_bl100grid_pyramid_d20_s101,floor,shingle/pyramid,"sheet, grid",0.1,101,d76,bl100grid,shingle,5.5,0.1,48.0,pyramid,2.0,2.0,50.0,9.090909090909092,0.03044210510272572,-40.0,0.0015552565455436707,0.04999997094273567,"{""backing"": 2.0, ""bot"": ""pyramid"", ""bot_depth"": 2.0, ""bot_params"": {""margin_depth_ref"": 50.0, ""pitch"": 2.0, ""tip_flat"": 0.1}, ""face_h"": 60.0, ""face_w"": 60.0, ""margin_depths"": 2.0, ""seed"": 101, ""top"": ""shingle"", ""top_depth"": 48.0, ""top_params"": {""azimuth_mode"": ""grid"", ""jitter"": 0.3, ""pitch"": 5.5, ""plate_t_bot"": 0.1, ""plate_t_top"": 0.1, ""tilt_deg"": 2.0, ""tilt_jitter"": 0.0}}"
FL_bl100grid_pyramid_d20_s101,floor,shingle/pyramid,"sheet, grid",0.1,101,d76,bl100grid,shingle,5.5,0.1,48.0,pyramid,2.0,2.0,50.0,9.090909090909092,0.03044210510272572,20.0,0.0011186465853825212,0.04999997094273567,"{""backing"": 2.0, ""bot"": ""pyramid"", ""bot_depth"": 2.0, ""bot_params"": {""margin_depth_ref"": 50.0, ""pitch"": 2.0, ""tip_flat"": 0.1}, ""face_h"": 60.0, ""face_w"": 60.0, ""margin_depths"": 2.0, ""seed"": 101, ""top"": ""shingle"", ""top_depth"": 48.0, ""top_params"": {""azimuth_mode"": ""grid"", ""jitter"": 0.3, ""pitch"": 5.5, ""plate_t_bot"": 0.1, ""plate_t_top"": 0.1, ""tilt_deg"": 2.0, ""tilt_jitter"": 0.0}}"
FL_bl100grid_pyramid_d20_s101,floor,shingle/pyramid,"sheet, grid",0.1,101,d76,bl100grid,shingle,5.5,0.1,48.0,pyramid,2.0,2.0,50.0,9.090909090909092,0.03044210510272572,40.0,0.001729074865579605,0.04999997094273567,"{""backing"": 2.0, ""bot"": ""pyramid"", ""bot_depth"": 2.0, ""bot_params"": {""margin_depth_ref"": 50.0, ""pitch"": 2.0, ""tip_flat"": 0.1}, ""face_h"": 60.0, ""face_w"": 60.0, ""margin_depths"": 2.0, ""seed"": 101, ""top"": ""shingle"", ""top_depth"": 48.0, ""top_params"": {""azimuth_mode"": ""grid"", ""jitter"": 0.3, ""pitch"": 5.5, ""plate_t_bot"": 0.1, ""plate_t_top"": 0.1, ""tilt_deg"": 2.0, ""tilt_jitter"": 0.0}}"
FL_bl100grid_pyramid_d20_s101,floor,shingle/pyramid,"sheet, grid",0.1,101,d100,bl100grid,shingle,5.5,0.1,48.0,pyramid,2.0,2.0,50.0,9.090909090909092,0.03044210510272572,0.0,0.0004983946564607322,0.04999997094273567,"{""backing"": 2.0, ""bot"": ""pyramid"", ""bot_depth"": 2.0, ""bot_params"": {""margin_depth_ref"": 50.0, ""pitch"": 2.0, ""tip_flat"": 0.1}, ""face_h"": 60.0, ""face_w"": 60.0, ""margin_depths"": 2.0, ""seed"": 101, ""top"": ""shingle"", ""top_depth"": 48.0, ""top_params"": {""azimuth_mode"": ""grid"", ""jitter"": 0.3, ""pitch"": 5.5, ""plate_t_bot"": 0.1, ""plate_t_top"": 0.1, ""tilt_deg"": 2.0, ""tilt_jitter"": 0.0}}"
FL_bl100grid_pyramid_d20_s101,floor,shingle/pyramid,"sheet, grid",0.1,101,d100,bl100grid,shingle,5.5,0.1,48.0,pyramid,2.0,2.0,50.0,9.090909090909092,0.03044210510272572,-20.0,0.0011164441239088774,0.04999997094273567,"{""backing"": 2.0, ""bot"": ""pyramid"", ""bot_depth"": 2.0, ""bot_params"": {""margin_depth_ref"": 50.0, ""pitch"": 2.0, ""tip_flat"": 0.1}, ""face_h"": 60.0, ""face_w"": 60.0, ""margin_depths"": 2.0, ""seed"": 101, ""top"": ""shingle"", ""top_depth"": 48.0, ""top_params"": {""azimuth_mode"": ""grid"", ""jitter"": 0.3, ""pitch"": 5.5, ""plate_t_bot"": 0.1, ""plate_t_top"": 0.1, ""tilt_deg"": 2.0, ""tilt_jitter"": 0.0}}"
FL_bl100grid_pyramid_d20_s101,floor,shingle/pyramid,"sheet, grid",0.1,101,d100,bl100grid,shingle,5.5,0.1,48.0,pyramid,2.0,2.0,50.0,9.090909090909092,0.03044210510272572,-40.0,0.0018926821649074554,0.04999997094273567,"{""backing"": 2.0, ""bot"": ""pyramid"", ""bot_depth"": 2.0, ""bot_params"": {""margin_depth_ref"": 50.0, ""pitch"": 2.0, ""tip_flat"": 0.1}, ""face_h"": 60.0, ""face_w"": 60.0, ""margin_depths"": 2.0, ""seed"": 101, ""top"": ""shingle"", ""top_depth"": 48.0, ""top_params"": {""azimuth_mode"": ""grid"", ""jitter"": 0.3, ""pitch"": 5.5, ""plate_t_bot"": 0.1, ""plate_t_top"": 0.1, ""tilt_deg"": 2.0, ""tilt_jitter"": 0.0}}"
FL_bl100grid_pyramid_d20_s101,floor,shingle/pyramid,"sheet, grid",0.1,101,d100,bl100grid,shingle,5.5,0.1,48.0,pyramid,2.0,2.0,50.0,9.090909090909092,0.03044210510272572,20.0,0.0013006177032366395,0.04999997094273567,"{""backing"": 2.0, ""bot"": ""pyramid"", ""bot_depth"": 2.0, ""bot_params"": {""margin_depth_ref"": 50.0, ""pitch"": 2.0, ""tip_flat"": 0.1}, ""face_h"": 60.0, ""face_w"": 60.0, ""margin_depths"": 2.0, ""seed"": 101, ""top"": ""shingle"", ""top_depth"": 48.0, ""top_params"": {""azimuth_mode"": ""grid"", ""jitter"": 0.3, ""pitch"": 5.5, ""plate_t_bot"": 0.1, ""plate_t_top"": 0.1, ""tilt_deg"": 2.0, ""tilt_jitter"": 0.0}}"
FL_bl100grid_pyramid_d20_s101,floor,shingle/pyramid,"sheet, grid",0.1,101,d100,bl100grid,shingle,5.5,0.1,48.0,pyramid,2.0,2.0,50.0,9.090909090909092,0.03044210510272572,40.0,0.0020990946795791388,0.04999997094273567,"{""backing"": 2.0, ""bot"": ""pyramid"", ""bot_depth"": 2.0, ""bot_params"": {""margin_depth_ref"": 50.0, ""pitch"": 2.0, ""tip_flat"": 0.1}, ""face_h"": 60.0, ""face_w"": 60.0, ""margin_depths"": 2.0, ""seed"": 101, ""top"": ""shingle"", ""top_depth"": 48.0, ""top_params"": {""azimuth_mode"": ""grid"", ""jitter"": 0.3, ""pitch"": 5.5, ""plate_t_bot"": 0.1, ""plate_t_top"": 0.1, ""tilt_deg"": 2.0, ""tilt_jitter"": 0.0}}"
FL_bl100grid_pyramid_d30_s101,floor,shingle/pyramid,"sheet, grid",0.1,101,d00,bl100grid,shingle,5.5,0.1,47.0,pyramid,3.0,2.0,50.0,9.090909090909092,0.03044210510272572,0.0,0.000735645298846066,0.04999997094273567,"{""backing"": 2.0, ""bot"": ""pyramid"", ""bot_depth"": 3.0, ""bot_params"": {""margin_depth_ref"": 50.0, ""pitch"": 2.0, ""tip_flat"": 0.1}, ""face_h"": 60.0, ""face_w"": 60.0, ""margin_depths"": 2.0, ""seed"": 101, ""top"": ""shingle"", ""top_depth"": 47.0, ""top_params"": {""azimuth_mode"": ""grid"", ""jitter"": 0.3, ""pitch"": 5.5, ""plate_t_bot"": 0.1, ""plate_t_top"": 0.1, ""tilt_deg"": 2.0, ""tilt_jitter"": 0.0}}"
FL_bl100grid_pyramid_d30_s101,floor,shingle/pyramid,"sheet, grid",0.1,101,d00,bl100grid,shingle,5.5,0.1,47.0,pyramid,3.0,2.0,50.0,9.090909090909092,0.03044210510272572,-20.0,0.000569309398997575,0.04999997094273567,"{""backing"": 2.0, ""bot"": ""pyramid"", ""bot_depth"": 3.0, ""bot_params"": {""margin_depth_ref"": 50.0, ""pitch"": 2.0, ""tip_flat"": 0.1}, ""face_h"": 60.0, ""face_w"": 60.0, ""margin_depths"": 2.0, ""seed"": 101, ""top"": ""shingle"", ""top_depth"": 47.0, ""top_params"": {""azimuth_mode"": ""grid"", ""jitter"": 0.3, ""pitch"": 5.5, ""plate_t_bot"": 0.1, ""plate_t_top"": 0.1, ""tilt_deg"": 2.0, ""tilt_jitter"": 0.0}}"
FL_bl100grid_pyramid_d30_s101,floor,shingle/pyramid,"sheet, grid",0.1,101,d00,bl100grid,shingle,5.5,0.1,47.0,pyramid,3.0,2.0,50.0,9.090909090909092,0.03044210510272572,-40.0,0.0005368358688428998,0.04999997094273567,"{""backing"": 2.0, ""bot"": ""pyramid"", ""bot_depth"": 3.0, ""bot_params"": {""margin_depth_ref"": 50.0, ""pitch"": 2.0, ""tip_flat"": 0.1}, ""face_h"": 60.0, ""face_w"": 60.0, ""margin_depths"": 2.0, ""seed"": 101, ""top"": ""shingle"", ""top_depth"": 47.0, ""top_params"": {""azimuth_mode"": ""grid"", ""jitter"": 0.3, ""pitch"": 5.5, ""plate_t_bot"": 0.1, ""plate_t_top"": 0.1, ""tilt_deg"": 2.0, ""tilt_jitter"": 0.0}}"
FL_bl100grid_pyramid_d30_s101,floor,shingle/pyramid,"sheet, grid",0.1,101,d00,bl100grid,shingle,5.5,0.1,47.0,pyramid,3.0,2.0,50.0,9.090909090909092,0.03044210510272572,20.0,0.0005567199550569057,0.04999997094273567,"{""backing"": 2.0, ""bot"": ""pyramid"", ""bot_depth"": 3.0, ""bot_params"": {""margin_depth_ref"": 50.0, ""pitch"": 2.0, ""tip_flat"": 0.1}, ""face_h"": 60.0, ""face_w"": 60.0, ""margin_depths"": 2.0, ""seed"": 101, ""top"": ""shingle"", ""top_depth"": 47.0, ""top_params"": {""azimuth_mode"": ""grid"", ""jitter"": 0.3, ""pitch"": 5.5, ""plate_t_bot"": 0.1, ""plate_t_top"": 0.1, ""tilt_deg"": 2.0, ""tilt_jitter"": 0.0}}"
FL_bl100grid_pyramid_d30_s101,floor,shingle/pyramid,"sheet, grid",0.1,101,d00,bl100grid,shingle,5.5,0.1,47.0,pyramid,3.0,2.0,50.0,9.090909090909092,0.03044210510272572,40.0,0.000549506803508848,0.04999997094273567,"{""backing"": 2.0, ""bot"": ""pyramid"", ""bot_depth"": 3.0, ""bot_params"": {""margin_depth_ref"": 50.0, ""pitch"": 2.0, ""tip_flat"": 0.1}, ""face_h"": 60.0, ""face_w"": 60.0, ""margin_depths"": 2.0, ""seed"": 101, ""top"": ""shingle"", ""top_depth"": 47.0, ""top_params"": {""azimuth_mode"": ""grid"", ""jitter"": 0.3, ""pitch"": 5.5, ""plate_t_bot"": 0.1, ""plate_t_top"": 0.1, ""tilt_deg"": 2.0, ""tilt_jitter"": 0.0}}"
FL_bl100grid_pyramid_d30_s101,floor,shingle/pyramid,"sheet, grid",0.1,101,d76,bl100grid,shingle,5.5,0.1,47.0,pyramid,3.0,2.0,50.0,9.090909090909092,0.03044210510272572,0.0,0.0005396017804741859,0.04999997094273567,"{""backing"": 2.0, ""bot"": ""pyramid"", ""bot_depth"": 3.0, ""bot_params"": {""margin_depth_ref"": 50.0, ""pitch"": 2.0, ""tip_flat"": 0.1}, ""face_h"": 60.0, ""face_w"": 60.0, ""margin_depths"": 2.0, ""seed"": 101, ""top"": ""shingle"", ""top_depth"": 47.0, ""top_params"": {""azimuth_mode"": ""grid"", ""jitter"": 0.3, ""pitch"": 5.5, ""plate_t_bot"": 0.1, ""plate_t_top"": 0.1, ""tilt_deg"": 2.0, ""tilt_jitter"": 0.0}}"
FL_bl100grid_pyramid_d30_s101,floor,shingle/pyramid,"sheet, grid",0.1,101,d76,bl100grid,shingle,5.5,0.1,47.0,pyramid,3.0,2.0,50.0,9.090909090909092,0.03044210510272572,-20.0,0.0009758098749443889,0.04999997094273567,"{""backing"": 2.0, ""bot"": ""pyramid"", ""bot_depth"": 3.0, ""bot_params"": {""margin_depth_ref"": 50.0, ""pitch"": 2.0, ""tip_flat"": 0.1}, ""face_h"": 60.0, ""face_w"": 60.0, ""margin_depths"": 2.0, ""seed"": 101, ""top"": ""shingle"", ""top_depth"": 47.0, ""top_params"": {""azimuth_mode"": ""grid"", ""jitter"": 0.3, ""pitch"": 5.5, ""plate_t_bot"": 0.1, ""plate_t_top"": 0.1, ""tilt_deg"": 2.0, ""tilt_jitter"": 0.0}}"
FL_bl100grid_pyramid_d30_s101,floor,shingle/pyramid,"sheet, grid",0.1,101,d76,bl100grid,shingle,5.5,0.1,47.0,pyramid,3.0,2.0,50.0,9.090909090909092,0.03044210510272572,-40.0,0.001555095543153584,0.04999997094273567,"{""backing"": 2.0, ""bot"": ""pyramid"", ""bot_depth"": 3.0, ""bot_params"": {""margin_depth_ref"": 50.0, ""pitch"": 2.0, ""tip_flat"": 0.1}, ""face_h"": 60.0, ""face_w"": 60.0, ""margin_depths"": 2.0, ""seed"": 101, ""top"": ""shingle"", ""top_depth"": 47.0, ""top_params"": {""azimuth_mode"": ""grid"", ""jitter"": 0.3, ""pitch"": 5.5, ""plate_t_bot"": 0.1, ""plate_t_top"": 0.1, ""tilt_deg"": 2.0, ""tilt_jitter"": 0.0}}"
FL_bl100grid_pyramid_d30_s101,floor,shingle/pyramid,"sheet, grid",0.1,101,d76,bl100grid,shingle,5.5,0.1,47.0,pyramid,3.0,2.0,50.0,9.090909090909092,0.03044210510272572,20.0,0.0011193606769666076,0.04999997094273567,"{""backing"": 2.0, ""bot"": ""pyramid"", ""bot_depth"": 3.0, ""bot_params"": {""margin_depth_ref"": 50.0, ""pitch"": 2.0, ""tip_flat"": 0.1}, ""face_h"": 60.0, ""face_w"": 60.0, ""margin_depths"": 2.0, ""seed"": 101, ""top"": ""shingle"", ""top_depth"": 47.0, ""top_params"": {""azimuth_mode"": ""grid"", ""jitter"": 0.3, ""pitch"": 5.5, ""plate_t_bot"": 0.1, ""plate_t_top"": 0.1, ""tilt_deg"": 2.0, ""tilt_jitter"": 0.0}}"
FL_bl100grid_pyramid_d30_s101,floor,shingle/pyramid,"sheet, grid",0.1,101,d76,bl100grid,shingle,5.5,0.1,47.0,pyramid,3.0,2.0,50.0,9.090909090909092,0.03044210510272572,40.0,0.001729078241623938,0.04999997094273567,"{""backing"": 2.0, ""bot"": ""pyramid"", ""bot_depth"": 3.0, ""bot_params"": {""margin_depth_ref"": 50.0, ""pitch"": 2.0, ""tip_flat"": 0.1}, ""face_h"": 60.0, ""face_w"": 60.0, ""margin_depths"": 2.0, ""seed"": 101, ""top"": ""shingle"", ""top_depth"": 47.0, ""top_params"": {""azimuth_mode"": ""grid"", ""jitter"": 0.3, ""pitch"": 5.5, ""plate_t_bot"": 0.1, ""plate_t_top"": 0.1, ""tilt_deg"": 2.0, ""tilt_jitter"": 0.0}}"
FL_bl100grid_pyramid_d30_s101,floor,shingle/pyramid,"sheet, grid",0.1,101,d100,bl100grid,shingle,5.5,0.1,47.0,pyramid,3.0,2.0,50.0,9.090909090909092,0.03044210510272572,0.0,0.0004923371016047895,0.04999997094273567,"{""backing"": 2.0, ""bot"": ""pyramid"", ""bot_depth"": 3.0, ""bot_params"": {""margin_depth_ref"": 50.0, ""pitch"": 2.0, ""tip_flat"": 0.1}, ""face_h"": 60.0, ""face_w"": 60.0, ""margin_depths"": 2.0, ""seed"": 101, ""top"": ""shingle"", ""top_depth"": 47.0, ""top_params"": {""azimuth_mode"": ""grid"", ""jitter"": 0.3, ""pitch"": 5.5, ""plate_t_bot"": 0.1, ""plate_t_top"": 0.1, ""tilt_deg"": 2.0, ""tilt_jitter"": 0.0}}"
FL_bl100grid_pyramid_d30_s101,floor,shingle/pyramid,"sheet, grid",0.1,101,d100,bl100grid,shingle,5.5,0.1,47.0,pyramid,3.0,2.0,50.0,9.090909090909092,0.03044210510272572,-20.0,0.0011160295689478517,0.04999997094273567,"{""backing"": 2.0, ""bot"": ""pyramid"", ""bot_depth"": 3.0, ""bot_params"": {""margin_depth_ref"": 50.0, ""pitch"": 2.0, ""tip_flat"": 0.1}, ""face_h"": 60.0, ""face_w"": 60.0, ""margin_depths"": 2.0, ""seed"": 101, ""top"": ""shingle"", ""top_depth"": 47.0, ""top_params"": {""azimuth_mode"": ""grid"", ""jitter"": 0.3, ""pitch"": 5.5, ""plate_t_bot"": 0.1, ""plate_t_top"": 0.1, ""tilt_deg"": 2.0, ""tilt_jitter"": 0.0}}"
FL_bl100grid_pyramid_d30_s101,floor,shingle/pyramid,"sheet, grid",0.1,101,d100,bl100grid,shingle,5.5,0.1,47.0,pyramid,3.0,2.0,50.0,9.090909090909092,0.03044210510272572,-40.0,0.0018925274489447474,0.04999997094273567,"{""backing"": 2.0, ""bot"": ""pyramid"", ""bot_depth"": 3.0, ""bot_params"": {""margin_depth_ref"": 50.0, ""pitch"": 2.0, ""tip_flat"": 0.1}, ""face_h"": 60.0, ""face_w"": 60.0, ""margin_depths"": 2.0, ""seed"": 101, ""top"": ""shingle"", ""top_depth"": 47.0, ""top_params"": {""azimuth_mode"": ""grid"", ""jitter"": 0.3, ""pitch"": 5.5, ""plate_t_bot"": 0.1, ""plate_t_top"": 0.1, ""tilt_deg"": 2.0, ""tilt_jitter"": 0.0}}"
FL_bl100grid_pyramid_d30_s101,floor,shingle/pyramid,"sheet, grid",0.1,101,d100,bl100grid,shingle,5.5,0.1,47.0,pyramid,3.0,2.0,50.0,9.090909090909092,0.03044210510272572,20.0,0.0013006184017285705,0.04999997094273567,"{""backing"": 2.0, ""bot"": ""pyramid"", ""bot_depth"": 3.0, ""bot_params"": {""margin_depth_ref"": 50.0, ""pitch"": 2.0, ""tip_flat"": 0.1}, ""face_h"": 60.0, ""face_w"": 60.0, ""margin_depths"": 2.0, ""seed"": 101, ""top"": ""shingle"", ""top_depth"": 47.0, ""top_params"": {""azimuth_mode"": ""grid"", ""jitter"": 0.3, ""pitch"": 5.5, ""plate_t_bot"": 0.1, ""plate_t_top"": 0.1, ""tilt_deg"": 2.0, ""tilt_jitter"": 0.0}}"
FL_bl100grid_pyramid_d30_s101,floor,shingle/pyramid,"sheet, grid",0.1,101,d100,bl100grid,shingle,5.5,0.1,47.0,pyramid,3.0,2.0,50.0,9.090909090909092,0.03044210510272572,40.0,0.0020990935154259205,0.04999997094273567,"{""backing"": 2.0, ""bot"": ""pyramid"", ""bot_depth"": 3.0, ""bot_params"": {""margin_depth_ref"": 50.0, ""pitch"": 2.0, ""tip_flat"": 0.1}, ""face_h"": 60.0, ""face_w"": 60.0, ""margin_depths"": 2.0, ""seed"": 101, ""top"": ""shingle"", ""top_depth"": 47.0, ""top_params"": {""azimuth_mode"": ""grid"", ""jitter"": 0.3, ""pitch"": 5.5, ""plate_t_bot"": 0.1, ""plate_t_top"": 0.1, ""tilt_deg"": 2.0, ""tilt_jitter"": 0.0}}"
FL_bl100grid_pyramid_d50_s101,floor,shingle/pyramid,"sheet, grid",0.1,101,d00,bl100grid,shingle,5.5,0.1,45.0,pyramid,5.0,2.0,50.0,9.090909090909092,0.03044210510272572,0.0,0.0007343582692556083,0.04999997094273567,"{""backing"": 2.0, ""bot"": ""pyramid"", ""bot_depth"": 5.0, ""bot_params"": {""margin_depth_ref"": 50.0, ""pitch"": 2.0, ""tip_flat"": 0.1}, ""face_h"": 60.0, ""face_w"": 60.0, ""margin_depths"": 2.0, ""seed"": 101, ""top"": ""shingle"", ""top_depth"": 45.0, ""top_params"": {""azimuth_mode"": ""grid"", ""jitter"": 0.3, ""pitch"": 5.5, ""plate_t_bot"": 0.1, ""plate_t_top"": 0.1, ""tilt_deg"": 2.0, ""tilt_jitter"": 0.0}}"
FL_bl100grid_pyramid_d50_s101,floor,shingle/pyramid,"sheet, grid",0.1,101,d00,bl100grid,shingle,5.5,0.1,45.0,pyramid,5.0,2.0,50.0,9.090909090909092,0.03044210510272572,-20.0,0.0005946073215454817,0.04999997094273567,"{""backing"": 2.0, ""bot"": ""pyramid"", ""bot_depth"": 5.0, ""bot_params"": {""margin_depth_ref"": 50.0, ""pitch"": 2.0, ""tip_flat"": 0.1}, ""face_h"": 60.0, ""face_w"": 60.0, ""margin_depths"": 2.0, ""seed"": 101, ""top"": ""shingle"", ""top_depth"": 45.0, ""top_params"": {""azimuth_mode"": ""grid"", ""jitter"": 0.3, ""pitch"": 5.5, ""plate_t_bot"": 0.1, ""plate_t_top"": 0.1, ""tilt_deg"": 2.0, ""tilt_jitter"": 0.0}}"
FL_bl100grid_pyramid_d50_s101,floor,shingle/pyramid,"sheet, grid",0.1,101,d00,bl100grid,shingle,5.5,0.1,45.0,pyramid,5.0,2.0,50.0,9.090909090909092,0.03044210510272572,-40.0,0.0005738542531616986,0.04999997094273567,"{""backing"": 2.0, ""bot"": ""pyramid"", ""bot_depth"": 5.0, ""bot_params"": {""margin_depth_ref"": 50.0, ""pitch"": 2.0, ""tip_flat"": 0.1}, ""face_h"": 60.0, ""face_w"": 60.0, ""margin_depths"": 2.0, ""seed"": 101, ""top"": ""shingle"", ""top_depth"": 45.0, ""top_params"": {""azimuth_mode"": ""grid"", ""jitter"": 0.3, ""pitch"": 5.5, ""plate_t_bot"": 0.1, ""plate_t_top"": 0.1, ""tilt_deg"": 2.0, ""tilt_jitter"": 0.0}}"
FL_bl100grid_pyramid_d50_s101,floor,shingle/pyramid,"sheet, grid",0.1,101,d00,bl100grid,shingle,5.5,0.1,45.0,pyramid,5.0,2.0,50.0,9.090909090909092,0.03044210510272572,20.0,0.0005636205896735191,0.04999997094273567,"{""backing"": 2.0, ""bot"": ""pyramid"", ""bot_depth"": 5.0, ""bot_params"": {""margin_depth_ref"": 50.0, ""pitch"": 2.0, ""tip_flat"": 0.1}, ""face_h"": 60.0, ""face_w"": 60.0, ""margin_depths"": 2.0, ""seed"": 101, ""top"": ""shingle"", ""top_depth"": 45.0, ""top_params"": {""azimuth_mode"": ""grid"", ""jitter"": 0.3, ""pitch"": 5.5, ""plate_t_bot"": 0.1, ""plate_t_top"": 0.1, ""tilt_deg"": 2.0, ""tilt_jitter"": 0.0}}"
FL_bl100grid_pyramid_d50_s101,floor,shingle/pyramid,"sheet, grid",0.1,101,d00,bl100grid,shingle,5.5,0.1,45.0,pyramid,5.0,2.0,50.0,9.090909090909092,0.03044210510272572,40.0,0.0005646252539008856,0.04999997094273567,"{""backing"": 2.0, ""bot"": ""pyramid"", ""bot_depth"": 5.0, ""bot_params"": {""margin_depth_ref"": 50.0, ""pitch"": 2.0, ""tip_flat"": 0.1}, ""face_h"": 60.0, ""face_w"": 60.0, ""margin_depths"": 2.0, ""seed"": 101, ""top"": ""shingle"", ""top_depth"": 45.0, ""top_params"": {""azimuth_mode"": ""grid"", ""jitter"": 0.3, ""pitch"": 5.5, ""plate_t_bot"": 0.1, ""plate_t_top"": 0.1, ""tilt_deg"": 2.0, ""tilt_jitter"": 0.0}}"
FL_bl100grid_pyramid_d50_s101,floor,shingle/pyramid,"sheet, grid",0.1,101,d76,bl100grid,shingle,5.5,0.1,45.0,pyramid,5.0,2.0,50.0,9.090909090909092,0.03044210510272572,0.0,0.0005280626355670393,0.04999997094273567,"{""backing"": 2.0, ""bot"": ""pyramid"", ""bot_depth"": 5.0, ""bot_params"": {""margin_depth_ref"": 50.0, ""pitch"": 2.0, ""tip_flat"": 0.1}, ""face_h"": 60.0, ""face_w"": 60.0, ""margin_depths"": 2.0, ""seed"": 101, ""top"": ""shingle"", ""top_depth"": 45.0, ""top_params"": {""azimuth_mode"": ""grid"", ""jitter"": 0.3, ""pitch"": 5.5, ""plate_t_bot"": 0.1, ""plate_t_top"": 0.1, ""tilt_deg"": 2.0, ""tilt_jitter"": 0.0}}"
FL_bl100grid_pyramid_d50_s101,floor,shingle/pyramid,"sheet, grid",0.1,101,d76,bl100grid,shingle,5.5,0.1,45.0,pyramid,5.0,2.0,50.0,9.090909090909092,0.03044210510272572,-20.0,0.0009028516360558569,0.04999997094273567,"{""backing"": 2.0, ""bot"": ""pyramid"", ""bot_depth"": 5.0, ""bot_params"": {""margin_depth_ref"": 50.0, ""pitch"": 2.0, ""tip_flat"": 0.1}, ""face_h"": 60.0, ""face_w"": 60.0, ""margin_depths"": 2.0, ""seed"": 101, ""top"": ""shingle"", ""top_depth"": 45.0, ""top_params"": {""azimuth_mode"": ""grid"", ""jitter"": 0.3, ""pitch"": 5.5, ""plate_t_bot"": 0.1, ""plate_t_top"": 0.1, ""tilt_deg"": 2.0, ""tilt_jitter"": 0.0}}"
FL_bl100grid_pyramid_d50_s101,floor,shingle/pyramid,"sheet, grid",0.1,101,d76,bl100grid,shingle,5.5,0.1,45.0,pyramid,5.0,2.0,50.0,9.090909090909092,0.03044210510272572,-40.0,0.0014278324088081717,0.04999997094273567,"{""backing"": 2.0, ""bot"": ""pyramid"", ""bot_depth"": 5.0, ""bot_params"": {""margin_depth_ref"": 50.0, ""pitch"": 2.0, ""tip_flat"": 0.1}, ""face_h"": 60.0, ""face_w"": 60.0, ""margin_depths"": 2.0, ""seed"": 101, ""top"": ""shingle"", ""top_depth"": 45.0, ""top_params"": {""azimuth_mode"": ""grid"", ""jitter"": 0.3, ""pitch"": 5.5, ""plate_t_bot"": 0.1, ""plate_t_top"": 0.1, ""tilt_deg"": 2.0, ""tilt_jitter"": 0.0}}"
FL_bl100grid_pyramid_d50_s101,floor,shingle/pyramid,"sheet, grid",0.1,101,d76,bl100grid,shingle,5.5,0.1,45.0,pyramid,5.0,2.0,50.0,9.090909090909092,0.03044210510272572,20.0,0.0010662106797099113,0.04999997094273567,"{""backing"": 2.0, ""bot"": ""pyramid"", ""bot_depth"": 5.0, ""bot_params"": {""margin_depth_ref"": 50.0, ""pitch"": 2.0, ""tip_flat"": 0.1}, ""face_h"": 60.0, ""face_w"": 60.0, ""margin_depths"": 2.0, ""seed"": 101, ""top"": ""shingle"", ""top_depth"": 45.0, ""top_params"": {""azimuth_mode"": ""grid"", ""jitter"": 0.3, ""pitch"": 5.5, ""plate_t_bot"": 0.1, ""plate_t_top"": 0.1, ""tilt_deg"": 2.0, ""tilt_jitter"": 0.0}}"
FL_bl100grid_pyramid_d50_s101,floor,shingle/pyramid,"sheet, grid",0.1,101,d76,bl100grid,shingle,5.5,0.1,45.0,pyramid,5.0,2.0,50.0,9.090909090909092,0.03044210510272572,40.0,0.0016165481647476554,0.04999997094273567,"{""backing"": 2.0, ""bot"": ""pyramid"", ""bot_depth"": 5.0, ""bot_params"": {""margin_depth_ref"": 50.0, ""pitch"": 2.0, ""tip_flat"": 0.1}, ""face_h"": 60.0, ""face_w"": 60.0, ""margin_depths"": 2.0, ""seed"": 101, ""top"": ""shingle"", ""top_depth"": 45.0, ""top_params"": {""azimuth_mode"": ""grid"", ""jitter"": 0.3, ""pitch"": 5.5, ""plate_t_bot"": 0.1, ""plate_t_top"": 0.1, ""tilt_deg"": 2.0, ""tilt_jitter"": 0.0}}"
FL_bl100grid_pyramid_d50_s101,floor,shingle/pyramid,"sheet, grid",0.1,101,d100,bl100grid,shingle,5.5,0.1,45.0,pyramid,5.0,2.0,50.0,9.090909090909092,0.03044210510272572,0.0,0.00048146990593522787,0.04999997094273567,"{""backing"": 2.0, ""bot"": ""pyramid"", ""bot_depth"": 5.0, ""bot_params"": {""margin_depth_ref"": 50.0, ""pitch"": 2.0, ""tip_flat"": 0.1}, ""face_h"": 60.0, ""face_w"": 60.0, ""margin_depths"": 2.0, ""seed"": 101, ""top"": ""shingle"", ""top_depth"": 45.0, ""top_params"": {""azimuth_mode"": ""grid"", ""jitter"": 0.3, ""pitch"": 5.5, ""plate_t_bot"": 0.1, ""plate_t_top"": 0.1, ""tilt_deg"": 2.0, ""tilt_jitter"": 0.0}}"
FL_bl100grid_pyramid_d50_s101,floor,shingle/pyramid,"sheet, grid",0.1,101,d100,bl100grid,shingle,5.5,0.1,45.0,pyramid,5.0,2.0,50.0,9.090909090909092,0.03044210510272572,-20.0,0.0010137029457837343,0.04999997094273567,"{""backing"": 2.0, ""bot"": ""pyramid"", ""bot_depth"": 5.0, ""bot_params"": {""margin_depth_ref"": 50.0, ""pitch"": 2.0, ""tip_flat"": 0.1}, ""face_h"": 60.0, ""face_w"": 60.0, ""margin_depths"": 2.0, ""seed"": 101, ""top"": ""shingle"", ""top_depth"": 45.0, ""top_params"": {""azimuth_mode"": ""grid"", ""jitter"": 0.3, ""pitch"": 5.5, ""plate_t_bot"": 0.1, ""plate_t_top"": 0.1, ""tilt_deg"": 2.0, ""tilt_jitter"": 0.0}}"
FL_bl100grid_pyramid_d50_s101,floor,shingle/pyramid,"sheet, grid",0.1,101,d100,bl100grid,shingle,5.5,0.1,45.0,pyramid,5.0,2.0,50.0,9.090909090909092,0.03044210510272572,-40.0,0.0016928442055359483,0.04999997094273567,"{""backing"": 2.0, ""bot"": ""pyramid"", ""bot_depth"": 5.0, ""bot_params"": {""margin_depth_ref"": 50.0, ""pitch"": 2.0, ""tip_flat"": 0.1}, ""face_h"": 60.0, ""face_w"": 60.0, ""margin_depths"": 2.0, ""seed"": 101, ""top"": ""shingle"", ""top_depth"": 45.0, ""top_params"": {""azimuth_mode"": ""grid"", ""jitter"": 0.3, ""pitch"": 5.5, ""plate_t_bot"": 0.1, ""plate_t_top"": 0.1, ""tilt_deg"": 2.0, ""tilt_jitter"": 0.0}}"
FL_bl100grid_pyramid_d50_s101,floor,shingle/pyramid,"sheet, grid",0.1,101,d100,bl100grid,shingle,5.5,0.1,45.0,pyramid,5.0,2.0,50.0,9.090909090909092,0.03044210510272572,20.0,0.0012299234513193369,0.04999997094273567,"{""backing"": 2.0, ""bot"": ""pyramid"", ""bot_depth"": 5.0, ""bot_params"": {""margin_depth_ref"": 50.0, ""pitch"": 2.0, ""tip_flat"": 0.1}, ""face_h"": 60.0, ""face_w"": 60.0, ""margin_depths"": 2.0, ""seed"": 101, ""top"": ""shingle"", ""top_depth"": 45.0, ""top_params"": {""azimuth_mode"": ""grid"", ""jitter"": 0.3, ""pitch"": 5.5, ""plate_t_bot"": 0.1, ""plate_t_top"": 0.1, ""tilt_deg"": 2.0, ""tilt_jitter"": 0.0}}"
FL_bl100grid_pyramid_d50_s101,floor,shingle/pyramid,"sheet, grid",0.1,101,d100,bl100grid,shingle,5.5,0.1,45.0,pyramid,5.0,2.0,50.0,9.090909090909092,0.03044210510272572,40.0,0.0019653209019452333,0.04999997094273567,"{""backing"": 2.0, ""bot"": ""pyramid"", ""bot_depth"": 5.0, ""bot_params"": {""margin_depth_ref"": 50.0, ""pitch"": 2.0, ""tip_flat"": 0.1}, ""face_h"": 60.0, ""face_w"": 60.0, ""margin_depths"": 2.0, ""seed"": 101, ""top"": ""shingle"", ""top_depth"": 45.0, ""top_params"": {""azimuth_mode"": ""grid"", ""jitter"": 0.3, ""pitch"": 5.5, ""plate_t_bot"": 0.1, ""plate_t_top"": 0.1, ""tilt_deg"": 2.0, ""tilt_jitter"": 0.0}}"
FL_bl100grid_wave_d20_s101,floor,shingle/wave,"sheet, grid",0.1,101,d00,bl100grid,shingle,5.5,0.1,48.0,wave,2.0,2.0,50.0,9.090909090909092,0.03044210510272572,0.0,0.0009351608459837735,0.04999997094273567,"{""backing"": 2.0, ""bot"": ""wave"", ""bot_depth"": 2.0, ""bot_params"": {""margin_depth_ref"": 50.0, ""pitch"": 2.0}, ""face_h"": 60.0, ""face_w"": 60.0, ""margin_depths"": 2.0, ""seed"": 101, ""top"": ""shingle"", ""top_depth"": 48.0, ""top_params"": {""azimuth_mode"": ""grid"", ""jitter"": 0.3, ""pitch"": 5.5, ""plate_t_bot"": 0.1, ""plate_t_top"": 0.1, ""tilt_deg"": 2.0, ""tilt_jitter"": 0.0}}"
FL_bl100grid_wave_d20_s101,floor,shingle/wave,"sheet, grid",0.1,101,d00,bl100grid,shingle,5.5,0.1,48.0,wave,2.0,2.0,50.0,9.090909090909092,0.03044210510272572,-20.0,0.0005750288255512714,0.04999997094273567,"{""backing"": 2.0, ""bot"": ""wave"", ""bot_depth"": 2.0, ""bot_params"": {""margin_depth_ref"": 50.0, ""pitch"": 2.0}, ""face_h"": 60.0, ""face_w"": 60.0, ""margin_depths"": 2.0, ""seed"": 101, ""top"": ""shingle"", ""top_depth"": 48.0, ""top_params"": {""azimuth_mode"": ""grid"", ""jitter"": 0.3, ""pitch"": 5.5, ""plate_t_bot"": 0.1, ""plate_t_top"": 0.1, ""tilt_deg"": 2.0, ""tilt_jitter"": 0.0}}"
FL_bl100grid_wave_d20_s101,floor,shingle/wave,"sheet, grid",0.1,101,d00,bl100grid,shingle,5.5,0.1,48.0,wave,2.0,2.0,50.0,9.090909090909092,0.03044210510272572,-40.0,0.0005370582221075892,0.04999997094273567,"{""backing"": 2.0, ""bot"": ""wave"", ""bot_depth"": 2.0, ""bot_params"": {""margin_depth_ref"": 50.0, ""pitch"": 2.0}, ""face_h"": 60.0, ""face_w"": 60.0, ""margin_depths"": 2.0, ""seed"": 101, ""top"": ""shingle"", ""top_depth"": 48.0, ""top_params"": {""azimuth_mode"": ""grid"", ""jitter"": 0.3, ""pitch"": 5.5, ""plate_t_bot"": 0.1, ""plate_t_top"": 0.1, ""tilt_deg"": 2.0, ""tilt_jitter"": 0.0}}"
FL_bl100grid_wave_d20_s101,floor,shingle/wave,"sheet, grid",0.1,101,d00,bl100grid,shingle,5.5,0.1,48.0,wave,2.0,2.0,50.0,9.090909090909092,0.03044210510272572,20.0,0.0005568378837779164,0.04999997094273567,"{""backing"": 2.0, ""bot"": ""wave"", ""bot_depth"": 2.0, ""bot_params"": {""margin_depth_ref"": 50.0, ""pitch"": 2.0}, ""face_h"": 60.0, ""face_w"": 60.0, ""margin_depths"": 2.0, ""seed"": 101, ""top"": ""shingle"", ""top_depth"": 48.0, ""top_params"": {""azimuth_mode"": ""grid"", ""jitter"": 0.3, ""pitch"": 5.5, ""plate_t_bot"": 0.1, ""plate_t_top"": 0.1, ""tilt_deg"": 2.0, ""tilt_jitter"": 0.0}}"
FL_bl100grid_wave_d20_s101,floor,shingle/wave,"sheet, grid",0.1,101,d00,bl100grid,shingle,5.5,0.1,48.0,wave,2.0,2.0,50.0,9.090909090909092,0.03044210510272572,40.0,0.0005495851510204375,0.04999997094273567,"{""backing"": 2.0, ""bot"": ""wave"", ""bot_depth"": 2.0, ""bot_params"": {""margin_depth_ref"": 50.0, ""pitch"": 2.0}, ""face_h"": 60.0, ""face_w"": 60.0, ""margin_depths"": 2.0, ""seed"": 101, ""top"": ""shingle"", ""top_depth"": 48.0, ""top_params"": {""azimuth_mode"": ""grid"", ""jitter"": 0.3, ""pitch"": 5.5, ""plate_t_bot"": 0.1, ""plate_t_top"": 0.1, ""tilt_deg"": 2.0, ""tilt_jitter"": 0.0}}"
FL_bl100grid_wave_d20_s101,floor,shingle/wave,"sheet, grid",0.1,101,d76,bl100grid,shingle,5.5,0.1,48.0,wave,2.0,2.0,50.0,9.090909090909092,0.03044210510272572,0.0,0.0005608199280686677,0.04999997094273567,"{""backing"": 2.0, ""bot"": ""wave"", ""bot_depth"": 2.0, ""bot_params"": {""margin_depth_ref"": 50.0, ""pitch"": 2.0}, ""face_h"": 60.0, ""face_w"": 60.0, ""margin_depths"": 2.0, ""seed"": 101, ""top"": ""shingle"", ""top_depth"": 48.0, ""top_params"": {""azimuth_mode"": ""grid"", ""jitter"": 0.3, ""pitch"": 5.5, ""plate_t_bot"": 0.1, ""plate_t_top"": 0.1, ""tilt_deg"": 2.0, ""tilt_jitter"": 0.0}}"
FL_bl100grid_wave_d20_s101,floor,shingle/wave,"sheet, grid",0.1,101,d76,bl100grid,shingle,5.5,0.1,48.0,wave,2.0,2.0,50.0,9.090909090909092,0.03044210510272572,-20.0,0.000977101968601346,0.04999997094273567,"{""backing"": 2.0, ""bot"": ""wave"", ""bot_depth"": 2.0, ""bot_params"": {""margin_depth_ref"": 50.0, ""pitch"": 2.0}, ""face_h"": 60.0, ""face_w"": 60.0, ""margin_depths"": 2.0, ""seed"": 101, ""top"": ""shingle"", ""top_depth"": 48.0, ""top_params"": {""azimuth_mode"": ""grid"", ""jitter"": 0.3, ""pitch"": 5.5, ""plate_t_bot"": 0.1, ""plate_t_top"": 0.1, ""tilt_deg"": 2.0, ""tilt_jitter"": 0.0}}"
FL_bl100grid_wave_d20_s101,floor,shingle/wave,"sheet, grid",0.1,101,d76,bl100grid,shingle,5.5,0.1,48.0,wave,2.0,2.0,50.0,9.090909090909092,0.03044210510272572,-40.0,0.0015553113771602511,0.04999997094273567,"{""backing"": 2.0, ""bot"": ""wave"", ""bot_depth"": 2.0, ""bot_params"": {""margin_depth_ref"": 50.0, ""pitch"": 2.0}, ""face_h"": 60.0, ""face_w"": 60.0, ""margin_depths"": 2.0, ""seed"": 101, ""top"": ""shingle"", ""top_depth"": 48.0, ""top_params"": {""azimuth_mode"": ""grid"", ""jitter"": 0.3, ""pitch"": 5.5, ""plate_t_bot"": 0.1, ""plate_t_top"": 0.1, ""tilt_deg"": 2.0, ""tilt_jitter"": 0.0}}"
FL_bl100grid_wave_d20_s101,floor,shingle/wave,"sheet, grid",0.1,101,d76,bl100grid,shingle,5.5,0.1,48.0,wave,2.0,2.0,50.0,9.090909090909092,0.03044210510272572,20.0,0.001118879416026175,0.04999997094273567,"{""backing"": 2.0, ""bot"": ""wave"", ""bot_depth"": 2.0, ""bot_params"": {""margin_depth_ref"": 50.0, ""pitch"": 2.0}, ""face_h"": 60.0, ""face_w"": 60.0, ""margin_depths"": 2.0, ""seed"": 101, ""top"": ""shingle"", ""top_depth"": 48.0, ""top_params"": {""azimuth_mode"": ""grid"", ""jitter"": 0.3, ""pitch"": 5.5, ""plate_t_bot"": 0.1, ""plate_t_top"": 0.1, ""tilt_deg"": 2.0, ""tilt_jitter"": 0.0}}"
FL_bl100grid_wave_d20_s101,floor,shingle/wave,"sheet, grid",0.1,101,d76,bl100grid,shingle,5.5,0.1,48.0,wave,2.0,2.0,50.0,9.090909090909092,0.03044210510272572,40.0,0.001729136216454208,0.04999997094273567,"{""backing"": 2.0, ""bot"": ""wave"", ""bot_depth"": 2.0, ""bot_params"": {""margin_depth_ref"": 50.0, ""pitch"": 2.0}, ""face_h"": 60.0, ""face_w"": 60.0, ""margin_depths"": 2.0, ""seed"": 101, ""top"": ""shingle"", ""top_depth"": 48.0, ""top_params"": {""azimuth_mode"": ""grid"", ""jitter"": 0.3, ""pitch"": 5.5, ""plate_t_bot"": 0.1, ""plate_t_top"": 0.1, ""tilt_deg"": 2.0, ""tilt_jitter"": 0.0}}"
FL_bl100grid_wave_d20_s101,floor,shingle/wave,"sheet, grid",0.1,101,d100,bl100grid,shingle,5.5,0.1,48.0,wave,2.0,2.0,50.0,9.090909090909092,0.03044210510272572,0.0,0.000498597975820303,0.04999997094273567,"{""backing"": 2.0, ""bot"": ""wave"", ""bot_depth"": 2.0, ""bot_params"": {""margin_depth_ref"": 50.0, ""pitch"": 2.0}, ""face_h"": 60.0, ""face_w"": 60.0, ""margin_depths"": 2.0, ""seed"": 101, ""top"": ""shingle"", ""top_depth"": 48.0, ""top_params"": {""azimuth_mode"": ""grid"", ""jitter"": 0.3, ""pitch"": 5.5, ""plate_t_bot"": 0.1, ""plate_t_top"": 0.1, ""tilt_deg"": 2.0, ""tilt_jitter"": 0.0}}"
FL_bl100grid_wave_d20_s101,floor,shingle/wave,"sheet, grid",0.1,101,d100,bl100grid,shingle,5.5,0.1,48.0,wave,2.0,2.0,50.0,9.090909090909092,0.03044210510272572,-20.0,0.0011166884796693921,0.04999997094273567,"{""backing"": 2.0, ""bot"": ""wave"", ""bot_depth"": 2.0, ""bot_params"": {""margin_depth_ref"": 50.0, ""pitch"": 2.0}, ""face_h"": 60.0, ""face_w"": 60.0, ""margin_depths"": 2.0, ""seed"": 101, ""top"": ""shingle"", ""top_depth"": 48.0, ""top_params"": {""azimuth_mode"": ""grid"", ""jitter"": 0.3, ""pitch"": 5.5, ""plate_t_bot"": 0.1, ""plate_t_top"": 0.1, ""tilt_deg"": 2.0, ""tilt_jitter"": 0.0}}"
FL_bl100grid_wave_d20_s101,floor,shingle/wave,"sheet, grid",0.1,101,d100,bl100grid,shingle,5.5,0.1,48.0,wave,2.0,2.0,50.0,9.090909090909092,0.03044210510272572,-40.0,0.0018927360652014613,0.04999997094273567,"{""backing"": 2.0, ""bot"": ""wave"", ""bot_depth"": 2.0, ""bot_params"": {""margin_depth_ref"": 50.0, ""pitch"": 2.0}, ""face_h"": 60.0, ""face_w"": 60.0, ""margin_depths"": 2.0, ""seed"": 101, ""top"": ""shingle"", ""top_depth"": 48.0, ""top_params"": {""azimuth_mode"": ""grid"", ""jitter"": 0.3, ""pitch"": 5.5, ""plate_t_bot"": 0.1, ""plate_t_top"": 0.1, ""tilt_deg"": 2.0, ""tilt_jitter"": 0.0}}"
FL_bl100grid_wave_d20_s101,floor,shingle/wave,"sheet, grid",0.1,101,d100,bl100grid,shingle,5.5,0.1,48.0,wave,2.0,2.0,50.0,9.090909090909092,0.03044210510272572,20.0,0.001300576375797391,0.04999997094273567,"{""backing"": 2.0, ""bot"": ""wave"", ""bot_depth"": 2.0, ""bot_params"": {""margin_depth_ref"": 50.0, ""pitch"": 2.0}, ""face_h"": 60.0, ""face_w"": 60.0, ""margin_depths"": 2.0, ""seed"": 101, ""top"": ""shingle"", ""top_depth"": 48.0, ""top_params"": {""azimuth_mode"": ""grid"", ""jitter"": 0.3, ""pitch"": 5.5, ""plate_t_bot"": 0.1, ""plate_t_top"": 0.1, ""tilt_deg"": 2.0, ""tilt_jitter"": 0.0}}"
FL_bl100grid_wave_d20_s101,floor,shingle/wave,"sheet, grid",0.1,101,d100,bl100grid,shingle,5.5,0.1,48.0,wave,2.0,2.0,50.0,9.090909090909092,0.03044210510272572,40.0,0.0020991459023207426,0.04999997094273567,"{""backing"": 2.0, ""bot"": ""wave"", ""bot_depth"": 2.0, ""bot_params"": {""margin_depth_ref"": 50.0, ""pitch"": 2.0}, ""face_h"": 60.0, ""face_w"": 60.0, ""margin_depths"": 2.0, ""seed"": 101, ""top"": ""shingle"", ""top_depth"": 48.0, ""top_params"": {""azimuth_mode"": ""grid"", ""jitter"": 0.3, ""pitch"": 5.5, ""plate_t_bot"": 0.1, ""plate_t_top"": 0.1, ""tilt_deg"": 2.0, ""tilt_jitter"": 0.0}}"
FL_bl100grid_wave_d30_s101,floor,shingle/wave,"sheet, grid",0.1,101,d00,bl100grid,shingle,5.5,0.1,47.0,wave,3.0,2.0,50.0,9.090909090909092,0.03044210510272572,0.0,0.000787808618042618,0.04999997094273567,"{""backing"": 2.0, ""bot"": ""wave"", ""bot_depth"": 3.0, ""bot_params"": {""margin_depth_ref"": 50.0, ""pitch"": 2.0}, ""face_h"": 60.0, ""face_w"": 60.0, ""margin_depths"": 2.0, ""seed"": 101, ""top"": ""shingle"", ""top_depth"": 47.0, ""top_params"": {""azimuth_mode"": ""grid"", ""jitter"": 0.3, ""pitch"": 5.5, ""plate_t_bot"": 0.1, ""plate_t_top"": 0.1, ""tilt_deg"": 2.0, ""tilt_jitter"": 0.0}}"
FL_bl100grid_wave_d30_s101,floor,shingle/wave,"sheet, grid",0.1,101,d00,bl100grid,shingle,5.5,0.1,47.0,wave,3.0,2.0,50.0,9.090909090909092,0.03044210510272572,-20.0,0.000571157899685204,0.04999997094273567,"{""backing"": 2.0, ""bot"": ""wave"", ""bot_depth"": 3.0, ""bot_params"": {""margin_depth_ref"": 50.0, ""pitch"": 2.0}, ""face_h"": 60.0, ""face_w"": 60.0, ""margin_depths"": 2.0, ""seed"": 101, ""top"": ""shingle"", ""top_depth"": 47.0, ""top_params"": {""azimuth_mode"": ""grid"", ""jitter"": 0.3, ""pitch"": 5.5, ""plate_t_bot"": 0.1, ""plate_t_top"": 0.1, ""tilt_deg"": 2.0, ""tilt_jitter"": 0.0}}"
FL_bl100grid_wave_d30_s101,floor,shingle/wave,"sheet, grid",0.1,101,d00,bl100grid,shingle,5.5,0.1,47.0,wave,3.0,2.0,50.0,9.090909090909092,0.03044210510272572,-40.0,0.0005370216676965356,0.04999997094273567,"{""backing"": 2.0, ""bot"": ""wave"", ""bot_depth"": 3.0, ""bot_params"": {""margin_depth_ref"": 50.0, ""pitch"": 2.0}, ""face_h"": 60.0, ""face_w"": 60.0, ""margin_depths"": 2.0, ""seed"": 101, ""top"": ""shingle"", ""top_depth"": 47.0, ""top_params"": {""azimuth_mode"": ""grid"", ""jitter"": 0.3, ""pitch"": 5.5, ""plate_t_bot"": 0.1, ""plate_t_top"": 0.1, ""tilt_deg"": 2.0, ""tilt_jitter"": 0.0}}"
FL_bl100grid_wave_d30_s101,floor,shingle/wave,"sheet, grid",0.1,101,d00,bl100grid,shingle,5.5,0.1,47.0,wave,3.0,2.0,50.0,9.090909090909092,0.03044210510272572,20.0,0.0005565275787375867,0.04999997094273567,"{""backing"": 2.0, ""bot"": ""wave"", ""bot_depth"": 3.0, ""bot_params"": {""margin_depth_ref"": 50.0, ""pitch"": 2.0}, ""face_h"": 60.0, ""face_w"": 60.0, ""margin_depths"": 2.0, ""seed"": 101, ""top"": ""shingle"", ""top_depth"": 47.0, ""top_params"": {""azimuth_mode"": ""grid"", ""jitter"": 0.3, ""pitch"": 5.5, ""plate_t_bot"": 0.1, ""plate_t_top"": 0.1, ""tilt_deg"": 2.0, ""tilt_jitter"": 0.0}}"
FL_bl100grid_wave_d30_s101,floor,shingle/wave,"sheet, grid",0.1,101,d00,bl100grid,shingle,5.5,0.1,47.0,wave,3.0,2.0,50.0,9.090909090909092,0.03044210510272572,40.0,0.0005496409139595926,0.04999997094273567,"{""backing"": 2.0, ""bot"": ""wave"", ""bot_depth"": 3.0, ""bot_params"": {""margin_depth_ref"": 50.0, ""pitch"": 2.0}, ""face_h"": 60.0, ""face_w"": 60.0, ""margin_depths"": 2.0, ""seed"": 101, ""top"": ""shingle"", ""top_depth"": 47.0, ""top_params"": {""azimuth_mode"": ""grid"", ""jitter"": 0.3, ""pitch"": 5.5, ""plate_t_bot"": 0.1, ""plate_t_top"": 0.1, ""tilt_deg"": 2.0, ""tilt_jitter"": 0.0}}"
FL_bl100grid_wave_d30_s101,floor,shingle/wave,"sheet, grid",0.1,101,d76,bl100grid,shingle,5.5,0.1,47.0,wave,3.0,2.0,50.0,9.090909090909092,0.03044210510272572,0.0,0.0005503987777046859,0.04999997094273567,"{""backing"": 2.0, ""bot"": ""wave"", ""bot_depth"": 3.0, ""bot_params"": {""margin_depth_ref"": 50.0, ""pitch"": 2.0}, ""face_h"": 60.0, ""face_w"": 60.0, ""margin_depths"": 2.0, ""seed"": 101, ""top"": ""shingle"", ""top_depth"": 47.0, ""top_params"": {""azimuth_mode"": ""grid"", ""jitter"": 0.3, ""pitch"": 5.5, ""plate_t_bot"": 0.1, ""plate_t_top"": 0.1, ""tilt_deg"": 2.0, ""tilt_jitter"": 0.0}}"
FL_bl100grid_wave_d30_s101,floor,shingle/wave,"sheet, grid",0.1,101,d76,bl100grid,shingle,5.5,0.1,47.0,wave,3.0,2.0,50.0,9.090909090909092,0.03044210510272572,-20.0,0.0009785185102373362,0.04999997094273567,"{""backing"": 2.0, ""bot"": ""wave"", ""bot_depth"": 3.0, ""bot_params"": {""margin_depth_ref"": 50.0, ""pitch"": 2.0}, ""face_h"": 60.0, ""face_w"": 60.0, ""margin_depths"": 2.0, ""seed"": 101, ""top"": ""shingle"", ""top_depth"": 47.0, ""top_params"": {""azimuth_mode"": ""grid"", ""jitter"": 0.3, ""pitch"": 5.5, ""plate_t_bot"": 0.1, ""plate_t_top"": 0.1, ""tilt_deg"": 2.0, ""tilt_jitter"": 0.0}}"
FL_bl100grid_wave_d30_s101,floor,shingle/wave,"sheet, grid",0.1,101,d76,bl100grid,shingle,5.5,0.1,47.0,wave,3.0,2.0,50.0,9.090909090909092,0.03044210510272572,-40.0,0.0015552607364952564,0.04999997094273567,"{""backing"": 2.0, ""bot"": ""wave"", ""bot_depth"": 3.0, ""bot_params"": {""margin_depth_ref"": 50.0, ""pitch"": 2.0}, ""face_h"": 60.0, ""face_w"": 60.0, ""margin_depths"": 2.0, ""seed"": 101, ""top"": ""shingle"", ""top_depth"": 47.0, ""top_params"": {""azimuth_mode"": ""grid"", ""jitter"": 0.3, ""pitch"": 5.5, ""plate_t_bot"": 0.1, ""plate_t_top"": 0.1, ""tilt_deg"": 2.0, ""tilt_jitter"": 0.0}}"
FL_bl100grid_wave_d30_s101,floor,shingle/wave,"sheet, grid",0.1,101,d76,bl100grid,shingle,5.5,0.1,47.0,wave,3.0,2.0,50.0,9.090909090909092,0.03044210510272572,20.0,0.001119114924222231,0.04999997094273567,"{""backing"": 2.0, ""bot"": ""wave"", ""bot_depth"": 3.0, ""bot_params"": {""margin_depth_ref"": 50.0, ""pitch"": 2.0}, ""face_h"": 60.0, ""face_w"": 60.0, ""margin_depths"": 2.0, ""seed"": 101, ""top"": ""shingle"", ""top_depth"": 47.0, ""top_params"": {""azimuth_mode"": ""grid"", ""jitter"": 0.3, ""pitch"": 5.5, ""plate_t_bot"": 0.1, ""plate_t_top"": 0.1, ""tilt_deg"": 2.0, ""tilt_jitter"": 0.0}}"
FL_bl100grid_wave_d30_s101,floor,shingle/wave,"sheet, grid",0.1,101,d76,bl100grid,shingle,5.5,0.1,47.0,wave,3.0,2.0,50.0,9.090909090909092,0.03044210510272572,40.0,0.0017291856929659843,0.04999997094273567,"{""backing"": 2.0, ""bot"": ""wave"", ""bot_depth"": 3.0, ""bot_params"": {""margin_depth_ref"": 50.0, ""pitch"": 2.0}, ""face_h"": 60.0, ""face_w"": 60.0, ""margin_depths"": 2.0, ""seed"": 101, ""top"": ""shingle"", ""top_depth"": 47.0, ""top_params"": {""azimuth_mode"": ""grid"", ""jitter"": 0.3, ""pitch"": 5.5, ""plate_t_bot"": 0.1, ""plate_t_top"": 0.1, ""tilt_deg"": 2.0, ""tilt_jitter"": 0.0}}"
FL_bl100grid_wave_d30_s101,floor,shingle/wave,"sheet, grid",0.1,101,d100,bl100grid,shingle,5.5,0.1,47.0,wave,3.0,2.0,50.0,9.090909090909092,0.03044210510272572,0.0,0.0004950051661580801,0.04999997094273567,"{""backing"": 2.0, ""bot"": ""wave"", ""bot_depth"": 3.0, ""bot_params"": {""margin_depth_ref"": 50.0, ""pitch"": 2.0}, ""face_h"": 60.0, ""face_w"": 60.0, ""margin_depths"": 2.0, ""seed"": 101, ""top"": ""shingle"", ""top_depth"": 47.0, ""top_params"": {""azimuth_mode"": ""grid"", ""jitter"": 0.3, ""pitch"": 5.5, ""plate_t_bot"": 0.1, ""plate_t_top"": 0.1, ""tilt_deg"": 2.0, ""tilt_jitter"": 0.0}}"
FL_bl100grid_wave_d30_s101,floor,shingle/wave,"sheet, grid",0.1,101,d100,bl100grid,shingle,5.5,0.1,47.0,wave,3.0,2.0,50.0,9.090909090909092,0.03044210510272572,-20.0,0.0011166904587298632,0.04999997094273567,"{""backing"": 2.0, ""bot"": ""wave"", ""bot_depth"": 3.0, ""bot_params"": {""margin_depth_ref"": 50.0, ""pitch"": 2.0}, ""face_h"": 60.0, ""face_w"": 60.0, ""margin_depths"": 2.0, ""seed"": 101, ""top"": ""shingle"", ""top_depth"": 47.0, ""top_params"": {""azimuth_mode"": ""grid"", ""jitter"": 0.3, ""pitch"": 5.5, ""plate_t_bot"": 0.1, ""plate_t_top"": 0.1, ""tilt_deg"": 2.0, ""tilt_jitter"": 0.0}}"
FL_bl100grid_wave_d30_s101,floor,shingle/wave,"sheet, grid",0.1,101,d100,bl100grid,shingle,5.5,0.1,47.0,wave,3.0,2.0,50.0,9.090909090909092,0.03044210510272572,-40.0,0.0018926821649074554,0.04999997094273567,"{""backing"": 2.0, ""bot"": ""wave"", ""bot_depth"": 3.0, ""bot_params"": {""margin_depth_ref"": 50.0, ""pitch"": 2.0}, ""face_h"": 60.0, ""face_w"": 60.0, ""margin_depths"": 2.0, ""seed"": 101, ""top"": ""shingle"", ""top_depth"": 47.0, ""top_params"": {""azimuth_mode"": ""grid"", ""jitter"": 0.3, ""pitch"": 5.5, ""plate_t_bot"": 0.1, ""plate_t_top"": 0.1, ""tilt_deg"": 2.0, ""tilt_jitter"": 0.0}}"
FL_bl100grid_wave_d30_s101,floor,shingle/wave,"sheet, grid",0.1,101,d100,bl100grid,shingle,5.5,0.1,47.0,wave,3.0,2.0,50.0,9.090909090909092,0.03044210510272572,20.0,0.0013005323708057404,0.04999997094273567,"{""backing"": 2.0, ""bot"": ""wave"", ""bot_depth"": 3.0, ""bot_params"": {""margin_depth_ref"": 50.0, ""pitch"": 2.0}, ""face_h"": 60.0, ""face_w"": 60.0, ""margin_depths"": 2.0, ""seed"": 101, ""top"": ""shingle"", ""top_depth"": 47.0, ""top_params"": {""azimuth_mode"": ""grid"", ""jitter"": 0.3, ""pitch"": 5.5, ""plate_t_bot"": 0.1, ""plate_t_top"": 0.1, ""tilt_deg"": 2.0, ""tilt_jitter"": 0.0}}"
FL_bl100grid_wave_d30_s101,floor,shingle/wave,"sheet, grid",0.1,101,d100,bl100grid,shingle,5.5,0.1,47.0,wave,3.0,2.0,50.0,9.090909090909092,0.03044210510272572,40.0,0.00209919735789299,0.04999997094273567,"{""backing"": 2.0, ""bot"": ""wave"", ""bot_depth"": 3.0, ""bot_params"": {""margin_depth_ref"": 50.0, ""pitch"": 2.0}, ""face_h"": 60.0, ""face_w"": 60.0, ""margin_depths"": 2.0, ""seed"": 101, ""top"": ""shingle"", ""top_depth"": 47.0, ""top_params"": {""azimuth_mode"": ""grid"", ""jitter"": 0.3, ""pitch"": 5.5, ""plate_t_bot"": 0.1, ""plate_t_top"": 0.1, ""tilt_deg"": 2.0, ""tilt_jitter"": 0.0}}"
FL_bl100grid_wave_d50_s101,floor,shingle/wave,"sheet, grid",0.1,101,d00,bl100grid,shingle,5.5,0.1,45.0,wave,5.0,2.0,50.0,9.090909090909092,0.03044210510272572,0.0,0.0007741667213849723,0.04999997094273567,"{""backing"": 2.0, ""bot"": ""wave"", ""bot_depth"": 5.0, ""bot_params"": {""margin_depth_ref"": 50.0, ""pitch"": 2.0}, ""face_h"": 60.0, ""face_w"": 60.0, ""margin_depths"": 2.0, ""seed"": 101, ""top"": ""shingle"", ""top_depth"": 45.0, ""top_params"": {""azimuth_mode"": ""grid"", ""jitter"": 0.3, ""pitch"": 5.5, ""plate_t_bot"": 0.1, ""plate_t_top"": 0.1, ""tilt_deg"": 2.0, ""tilt_jitter"": 0.0}}"
FL_bl100grid_wave_d50_s101,floor,shingle/wave,"sheet, grid",0.1,101,d00,bl100grid,shingle,5.5,0.1,45.0,wave,5.0,2.0,50.0,9.090909090909092,0.03044210510272572,-20.0,0.0005945009761489928,0.04999997094273567,"{""backing"": 2.0, ""bot"": ""wave"", ""bot_depth"": 5.0, ""bot_params"": {""margin_depth_ref"": 50.0, ""pitch"": 2.0}, ""face_h"": 60.0, ""face_w"": 60.0, ""margin_depths"": 2.0, ""seed"": 101, ""top"": ""shingle"", ""top_depth"": 45.0, ""top_params"": {""azimuth_mode"": ""grid"", ""jitter"": 0.3, ""pitch"": 5.5, ""plate_t_bot"": 0.1, ""plate_t_top"": 0.1, ""tilt_deg"": 2.0, ""tilt_jitter"": 0.0}}"
FL_bl100grid_wave_d50_s101,floor,shingle/wave,"sheet, grid",0.1,101,d00,bl100grid,shingle,5.5,0.1,45.0,wave,5.0,2.0,50.0,9.090909090909092,0.03044210510272572,-40.0,0.0005739711923524737,0.04999997094273567,"{""backing"": 2.0, ""bot"": ""wave"", ""bot_depth"": 5.0, ""bot_params"": {""margin_depth_ref"": 50.0, ""pitch"": 2.0}, ""face_h"": 60.0, ""face_w"": 60.0, ""margin_depths"": 2.0, ""seed"": 101, ""top"": ""shingle"", ""top_depth"": 45.0, ""top_params"": {""azimuth_mode"": ""grid"", ""jitter"": 0.3, ""pitch"": 5.5, ""plate_t_bot"": 0.1, ""plate_t_top"": 0.1, ""tilt_deg"": 2.0, ""tilt_jitter"": 0.0}}"
FL_bl100grid_wave_d50_s101,floor,shingle/wave,"sheet, grid",0.1,101,d00,bl100grid,shingle,5.5,0.1,45.0,wave,5.0,2.0,50.0,9.090909090909092,0.03044210510272572,20.0,0.0005640392773784697,0.04999997094273567,"{""backing"": 2.0, ""bot"": ""wave"", ""bot_depth"": 5.0, ""bot_params"": {""margin_depth_ref"": 50.0, ""pitch"": 2.0}, ""face_h"": 60.0, ""face_w"": 60.0, ""margin_depths"": 2.0, ""seed"": 101, ""top"": ""shingle"", ""top_depth"": 45.0, ""top_params"": {""azimuth_mode"": ""grid"", ""jitter"": 0.3, ""pitch"": 5.5, ""plate_t_bot"": 0.1, ""plate_t_top"": 0.1, ""tilt_deg"": 2.0, ""tilt_jitter"": 0.0}}"
FL_bl100grid_wave_d50_s101,floor,shingle/wave,"sheet, grid",0.1,101,d00,bl100grid,shingle,5.5,0.1,45.0,wave,5.0,2.0,50.0,9.090909090909092,0.03044210510272572,40.0,0.0005645199562422931,0.04999997094273567,"{""backing"": 2.0, ""bot"": ""wave"", ""bot_depth"": 5.0, ""bot_params"": {""margin_depth_ref"": 50.0, ""pitch"": 2.0}, ""face_h"": 60.0, ""face_w"": 60.0, ""margin_depths"": 2.0, ""seed"": 101, ""top"": ""shingle"", ""top_depth"": 45.0, ""top_params"": {""azimuth_mode"": ""grid"", ""jitter"": 0.3, ""pitch"": 5.5, ""plate_t_bot"": 0.1, ""plate_t_top"": 0.1, ""tilt_deg"": 2.0, ""tilt_jitter"": 0.0}}"
FL_bl100grid_wave_d50_s101,floor,shingle/wave,"sheet, grid",0.1,101,d76,bl100grid,shingle,5.5,0.1,45.0,wave,5.0,2.0,50.0,9.090909090909092,0.03044210510272572,0.0,0.0005403582472354174,0.04999997094273567,"{""backing"": 2.0, ""bot"": ""wave"", ""bot_depth"": 5.0, ""bot_params"": {""margin_depth_ref"": 50.0, ""pitch"": 2.0}, ""face_h"": 60.0, ""face_w"": 60.0, ""margin_depths"": 2.0, ""seed"": 101, ""top"": ""shingle"", ""top_depth"": 45.0, ""top_params"": {""azimuth_mode"": ""grid"", ""jitter"": 0.3, ""pitch"": 5.5, ""plate_t_bot"": 0.1, ""plate_t_top"": 0.1, ""tilt_deg"": 2.0, ""tilt_jitter"": 0.0}}"
FL_bl100grid_wave_d50_s101,floor,shingle/wave,"sheet, grid",0.1,101,d76,bl100grid,shingle,5.5,0.1,45.0,wave,5.0,2.0,50.0,9.090909090909092,0.03044210510272572,-20.0,0.0009016348631121218,0.04999997094273567,"{""backing"": 2.0, ""bot"": ""wave"", ""bot_depth"": 5.0, ""bot_params"": {""margin_depth_ref"": 50.0, ""pitch"": 2.0}, ""face_h"": 60.0, ""face_w"": 60.0, ""margin_depths"": 2.0, ""seed"": 101, ""top"": ""shingle"", ""top_depth"": 45.0, ""top_params"": {""azimuth_mode"": ""grid"", ""jitter"": 0.3, ""pitch"": 5.5, ""plate_t_bot"": 0.1, ""plate_t_top"": 0.1, ""tilt_deg"": 2.0, ""tilt_jitter"": 0.0}}"
FL_bl100grid_wave_d50_s101,floor,shingle/wave,"sheet, grid",0.1,101,d76,bl100grid,shingle,5.5,0.1,45.0,wave,5.0,2.0,50.0,9.090909090909092,0.03044210510272572,-40.0,0.001427841023541987,0.04999997094273567,"{""backing"": 2.0, ""bot"": ""wave"", ""bot_depth"": 5.0, ""bot_params"": {""margin_depth_ref"": 50.0, ""pitch"": 2.0}, ""face_h"": 60.0, ""face_w"": 60.0, ""margin_depths"": 2.0, ""seed"": 101, ""top"": ""shingle"", ""top_depth"": 45.0, ""top_params"": {""azimuth_mode"": ""grid"", ""jitter"": 0.3, ""pitch"": 5.5, ""plate_t_bot"": 0.1, ""plate_t_top"": 0.1, ""tilt_deg"": 2.0, ""tilt_jitter"": 0.0}}"
FL_bl100grid_wave_d50_s101,floor,shingle/wave,"sheet, grid",0.1,101,d76,bl100grid,shingle,5.5,0.1,45.0,wave,5.0,2.0,50.0,9.090909090909092,0.03044210510272572,20.0,0.0010658634128049016,0.04999997094273567,"{""backing"": 2.0, ""bot"": ""wave"", ""bot_depth"": 5.0, ""bot_params"": {""margin_depth_ref"": 50.0, ""pitch"": 2.0}, ""face_h"": 60.0, ""face_w"": 60.0, ""margin_depths"": 2.0, ""seed"": 101, ""top"": ""shingle"", ""top_depth"": 45.0, ""top_params"": {""azimuth_mode"": ""grid"", ""jitter"": 0.3, ""pitch"": 5.5, ""plate_t_bot"": 0.1, ""plate_t_top"": 0.1, ""tilt_deg"": 2.0, ""tilt_jitter"": 0.0}}"
FL_bl100grid_wave_d50_s101,floor,shingle/wave,"sheet, grid",0.1,101,d76,bl100grid,shingle,5.5,0.1,45.0,wave,5.0,2.0,50.0,9.090909090909092,0.03044210510272572,40.0,0.0016164875123649836,0.04999997094273567,"{""backing"": 2.0, ""bot"": ""wave"", ""bot_depth"": 5.0, ""bot_params"": {""margin_depth_ref"": 50.0, ""pitch"": 2.0}, ""face_h"": 60.0, ""face_w"": 60.0, ""margin_depths"": 2.0, ""seed"": 101, ""top"": ""shingle"", ""top_depth"": 45.0, ""top_params"": {""azimuth_mode"": ""grid"", ""jitter"": 0.3, ""pitch"": 5.5, ""plate_t_bot"": 0.1, ""plate_t_top"": 0.1, ""tilt_deg"": 2.0, ""tilt_jitter"": 0.0}}"
FL_bl100grid_wave_d50_s101,floor,shingle/wave,"sheet, grid",0.1,101,d100,bl100grid,shingle,5.5,0.1,45.0,wave,5.0,2.0,50.0,9.090909090909092,0.03044210510272572,0.0,0.00048561039147898555,0.04999997094273567,"{""backing"": 2.0, ""bot"": ""wave"", ""bot_depth"": 5.0, ""bot_params"": {""margin_depth_ref"": 50.0, ""pitch"": 2.0}, ""face_h"": 60.0, ""face_w"": 60.0, ""margin_depths"": 2.0, ""seed"": 101, ""top"": ""shingle"", ""top_depth"": 45.0, ""top_params"": {""azimuth_mode"": ""grid"", ""jitter"": 0.3, ""pitch"": 5.5, ""plate_t_bot"": 0.1, ""plate_t_top"": 0.1, ""tilt_deg"": 2.0, ""tilt_jitter"": 0.0}}"
FL_bl100grid_wave_d50_s101,floor,shingle/wave,"sheet, grid",0.1,101,d100,bl100grid,shingle,5.5,0.1,45.0,wave,5.0,2.0,50.0,9.090909090909092,0.03044210510272572,-20.0,0.001014191540889442,0.04999997094273567,"{""backing"": 2.0, ""bot"": ""wave"", ""bot_depth"": 5.0, ""bot_params"": {""margin_depth_ref"": 50.0, ""pitch"": 2.0}, ""face_h"": 60.0, ""face_w"": 60.0, ""margin_depths"": 2.0, ""seed"": 101, ""top"": ""shingle"", ""top_depth"": 45.0, ""top_params"": {""azimuth_mode"": ""grid"", ""jitter"": 0.3, ""pitch"": 5.5, ""plate_t_bot"": 0.1, ""plate_t_top"": 0.1, ""tilt_deg"": 2.0, ""tilt_jitter"": 0.0}}"
FL_bl100grid_wave_d50_s101,floor,shingle/wave,"sheet, grid",0.1,101,d100,bl100grid,shingle,5.5,0.1,45.0,wave,5.0,2.0,50.0,9.090909090909092,0.03044210510272572,-40.0,0.0016928939148783684,0.04999997094273567,"{""backing"": 2.0, ""bot"": ""wave"", ""bot_depth"": 5.0, ""bot_params"": {""margin_depth_ref"": 50.0, ""pitch"": 2.0}, ""face_h"": 60.0, ""face_w"": 60.0, ""margin_depths"": 2.0, ""seed"": 101, ""top"": ""shingle"", ""top_depth"": 45.0, ""top_params"": {""azimuth_mode"": ""grid"", ""jitter"": 0.3, ""pitch"": 5.5, ""plate_t_bot"": 0.1, ""plate_t_top"": 0.1, ""tilt_deg"": 2.0, ""tilt_jitter"": 0.0}}"
FL_bl100grid_wave_d50_s101,floor,shingle/wave,"sheet, grid",0.1,101,d100,bl100grid,shingle,5.5,0.1,45.0,wave,5.0,2.0,50.0,9.090909090909092,0.03044210510272572,20.0,0.0012295095948502421,0.04999997094273567,"{""backing"": 2.0, ""bot"": ""wave"", ""bot_depth"": 5.0, ""bot_params"": {""margin_depth_ref"": 50.0, ""pitch"": 2.0}, ""face_h"": 60.0, ""face_w"": 60.0, ""margin_depths"": 2.0, ""seed"": 101, ""top"": ""shingle"", ""top_depth"": 45.0, ""top_params"": {""azimuth_mode"": ""grid"", ""jitter"": 0.3, ""pitch"": 5.5, ""plate_t_bot"": 0.1, ""plate_t_top"": 0.1, ""tilt_deg"": 2.0, ""tilt_jitter"": 0.0}}"
FL_bl100grid_wave_d50_s101,floor,shingle/wave,"sheet, grid",0.1,101,d100,bl100grid,shingle,5.5,0.1,45.0,wave,5.0,2.0,50.0,9.090909090909092,0.03044210510272572,40.0,0.0019652678165584803,0.04999997094273567,"{""backing"": 2.0, ""bot"": ""wave"", ""bot_depth"": 5.0, ""bot_params"": {""margin_depth_ref"": 50.0, ""pitch"": 2.0}, ""face_h"": 60.0, ""face_w"": 60.0, ""margin_depths"": 2.0, ""seed"": 101, ""top"": ""shingle"", ""top_depth"": 45.0, ""top_params"": {""azimuth_mode"": ""grid"", ""jitter"": 0.3, ""pitch"": 5.5, ""plate_t_bot"": 0.1, ""plate_t_top"": 0.1, ""tilt_deg"": 2.0, ""tilt_jitter"": 0.0}}"
FL_bl100grid_gap_d20_s101,floor,shingle/gap,"sheet, grid",0.1,101,d00,bl100grid,shingle,5.5,0.1,48.0,gap,2.0,0.0,50.0,9.090909090909092,0.03044210510272572,0.0,0.0018290113657712936,0.04999997094273567,"{""backing"": 2.0, ""bot"": ""gap"", ""bot_depth"": 2.0, ""bot_params"": {""margin_depth_ref"": 50.0}, ""face_h"": 60.0, ""face_w"": 60.0, ""margin_depths"": 2.0, ""seed"": 101, ""top"": ""shingle"", ""top_depth"": 48.0, ""top_params"": {""azimuth_mode"": ""grid"", ""jitter"": 0.3, ""pitch"": 5.5, ""plate_t_bot"": 0.1, ""plate_t_top"": 0.1, ""tilt_deg"": 2.0, ""tilt_jitter"": 0.0}}"
FL_bl100grid_gap_d20_s101,floor,shingle/gap,"sheet, grid",0.1,101,d00,bl100grid,shingle,5.5,0.1,48.0,gap,2.0,0.0,50.0,9.090909090909092,0.03044210510272572,-20.0,0.0005840371595695615,0.04999997094273567,"{""backing"": 2.0, ""bot"": ""gap"", ""bot_depth"": 2.0, ""bot_params"": {""margin_depth_ref"": 50.0}, ""face_h"": 60.0, ""face_w"": 60.0, ""margin_depths"": 2.0, ""seed"": 101, ""top"": ""shingle"", ""top_depth"": 48.0, ""top_params"": {""azimuth_mode"": ""grid"", ""jitter"": 0.3, ""pitch"": 5.5, ""plate_t_bot"": 0.1, ""plate_t_top"": 0.1, ""tilt_deg"": 2.0, ""tilt_jitter"": 0.0}}"
FL_bl100grid_gap_d20_s101,floor,shingle/gap,"sheet, grid",0.1,101,d00,bl100grid,shingle,5.5,0.1,48.0,gap,2.0,0.0,50.0,9.090909090909092,0.03044210510272572,-40.0,0.0005370527505874634,0.04999997094273567,"{""backing"": 2.0, ""bot"": ""gap"", ""bot_depth"": 2.0, ""bot_params"": {""margin_depth_ref"": 50.0}, ""face_h"": 60.0, ""face_w"": 60.0, ""margin_depths"": 2.0, ""seed"": 101, ""top"": ""shingle"", ""top_depth"": 48.0, ""top_params"": {""azimuth_mode"": ""grid"", ""jitter"": 0.3, ""pitch"": 5.5, ""plate_t_bot"": 0.1, ""plate_t_top"": 0.1, ""tilt_deg"": 2.0, ""tilt_jitter"": 0.0}}"
FL_bl100grid_gap_d20_s101,floor,shingle/gap,"sheet, grid",0.1,101,d00,bl100grid,shingle,5.5,0.1,48.0,gap,2.0,0.0,50.0,9.090909090909092,0.03044210510272572,20.0,0.0005605310434475541,0.04999997094273567,"{""backing"": 2.0, ""bot"": ""gap"", ""bot_depth"": 2.0, ""bot_params"": {""margin_depth_ref"": 50.0}, ""face_h"": 60.0, ""face_w"": 60.0, ""margin_depths"": 2.0, ""seed"": 101, ""top"": ""shingle"", ""top_depth"": 48.0, ""top_params"": {""azimuth_mode"": ""grid"", ""jitter"": 0.3, ""pitch"": 5.5, ""plate_t_bot"": 0.1, ""plate_t_top"": 0.1, ""tilt_deg"": 2.0, ""tilt_jitter"": 0.0}}"
FL_bl100grid_gap_d20_s101,floor,shingle/gap,"sheet, grid",0.1,101,d00,bl100grid,shingle,5.5,0.1,48.0,gap,2.0,0.0,50.0,9.090909090909092,0.03044210510272572,40.0,0.0005496517987921834,0.04999997094273567,"{""backing"": 2.0, ""bot"": ""gap"", ""bot_depth"": 2.0, ""bot_params"": {""margin_depth_ref"": 50.0}, ""face_h"": 60.0, ""face_w"": 60.0, ""margin_depths"": 2.0, ""seed"": 101, ""top"": ""shingle"", ""top_depth"": 48.0, ""top_params"": {""azimuth_mode"": ""grid"", ""jitter"": 0.3, ""pitch"": 5.5, ""plate_t_bot"": 0.1, ""plate_t_top"": 0.1, ""tilt_deg"": 2.0, ""tilt_jitter"": 0.0}}"
FL_bl100grid_gap_d20_s101,floor,shingle/gap,"sheet, grid",0.1,101,d76,bl100grid,shingle,5.5,0.1,48.0,gap,2.0,0.0,50.0,9.090909090909092,0.03044210510272572,0.0,0.000807299162261188,0.04999997094273567,"{""backing"": 2.0, ""bot"": ""gap"", ""bot_depth"": 2.0, ""bot_params"": {""margin_depth_ref"": 50.0}, ""face_h"": 60.0, ""face_w"": 60.0, ""margin_depths"": 2.0, ""seed"": 101, ""top"": ""shingle"", ""top_depth"": 48.0, ""top_params"": {""azimuth_mode"": ""grid"", ""jitter"": 0.3, ""pitch"": 5.5, ""plate_t_bot"": 0.1, ""plate_t_top"": 0.1, ""tilt_deg"": 2.0, ""tilt_jitter"": 0.0}}"
FL_bl100grid_gap_d20_s101,floor,shingle/gap,"sheet, grid",0.1,101,d76,bl100grid,shingle,5.5,0.1,48.0,gap,2.0,0.0,50.0,9.090909090909092,0.03044210510272572,-20.0,0.0009795284131541848,0.04999997094273567,"{""backing"": 2.0, ""bot"": ""gap"", ""bot_depth"": 2.0, ""bot_params"": {""margin_depth_ref"": 50.0}, ""face_h"": 60.0, ""face_w"": 60.0, ""margin_depths"": 2.0, ""seed"": 101, ""top"": ""shingle"", ""top_depth"": 48.0, ""top_params"": {""azimuth_mode"": ""grid"", ""jitter"": 0.3, ""pitch"": 5.5, ""plate_t_bot"": 0.1, ""plate_t_top"": 0.1, ""tilt_deg"": 2.0, ""tilt_jitter"": 0.0}}"
FL_bl100grid_gap_d20_s101,floor,shingle/gap,"sheet, grid",0.1,101,d76,bl100grid,shingle,5.5,0.1,48.0,gap,2.0,0.0,50.0,9.090909090909092,0.03044210510272572,-40.0,0.001555263064801693,0.04999997094273567,"{""backing"": 2.0, ""bot"": ""gap"", ""bot_depth"": 2.0, ""bot_params"": {""margin_depth_ref"": 50.0}, ""face_h"": 60.0, ""face_w"": 60.0, ""margin_depths"": 2.0, ""seed"": 101, ""top"": ""shingle"", ""top_depth"": 48.0, ""top_params"": {""azimuth_mode"": ""grid"", ""jitter"": 0.3, ""pitch"": 5.5, ""plate_t_bot"": 0.1, ""plate_t_top"": 0.1, ""tilt_deg"": 2.0, ""tilt_jitter"": 0.0}}"
FL_bl100grid_gap_d20_s101,floor,shingle/gap,"sheet, grid",0.1,101,d76,bl100grid,shingle,5.5,0.1,48.0,gap,2.0,0.0,50.0,9.090909090909092,0.03044210510272572,20.0,0.001119506428949535,0.04999997094273567,"{""backing"": 2.0, ""bot"": ""gap"", ""bot_depth"": 2.0, ""bot_params"": {""margin_depth_ref"": 50.0}, ""face_h"": 60.0, ""face_w"": 60.0, ""margin_depths"": 2.0, ""seed"": 101, ""top"": ""shingle"", ""top_depth"": 48.0, ""top_params"": {""azimuth_mode"": ""grid"", ""jitter"": 0.3, ""pitch"": 5.5, ""plate_t_bot"": 0.1, ""plate_t_top"": 0.1, ""tilt_deg"": 2.0, ""tilt_jitter"": 0.0}}"
FL_bl100grid_gap_d20_s101,floor,shingle/gap,"sheet, grid",0.1,101,d76,bl100grid,shingle,5.5,0.1,48.0,gap,2.0,0.0,50.0,9.090909090909092,0.03044210510272572,40.0,0.001729132840409875,0.04999997094273567,"{""backing"": 2.0, ""bot"": ""gap"", ""bot_depth"": 2.0, ""bot_params"": {""margin_depth_ref"": 50.0}, ""face_h"": 60.0, ""face_w"": 60.0, ""margin_depths"": 2.0, ""seed"": 101, ""top"": ""shingle"", ""top_depth"": 48.0, ""top_params"": {""azimuth_mode"": ""grid"", ""jitter"": 0.3, ""pitch"": 5.5, ""plate_t_bot"": 0.1, ""plate_t_top"": 0.1, ""tilt_deg"": 2.0, ""tilt_jitter"": 0.0}}"
FL_bl100grid_gap_d20_s101,floor,shingle/gap,"sheet, grid",0.1,101,d100,bl100grid,shingle,5.5,0.1,48.0,gap,2.0,0.0,50.0,9.090909090909092,0.03044210510272572,0.0,0.000534011865966022,0.04999997094273567,"{""backing"": 2.0, ""bot"": ""gap"", ""bot_depth"": 2.0, ""bot_params"": {""margin_depth_ref"": 50.0}, ""face_h"": 60.0, ""face_w"": 60.0, ""margin_depths"": 2.0, ""seed"": 101, ""top"": ""shingle"", ""top_depth"": 48.0, ""top_params"": {""azimuth_mode"": ""grid"", ""jitter"": 0.3, ""pitch"": 5.5, ""plate_t_bot"": 0.1, ""plate_t_top"": 0.1, ""tilt_deg"": 2.0, ""tilt_jitter"": 0.0}}"
FL_bl100grid_gap_d20_s101,floor,shingle/gap,"sheet, grid",0.1,101,d100,bl100grid,shingle,5.5,0.1,48.0,gap,2.0,0.0,50.0,9.090909090909092,0.03044210510272572,-20.0,0.001117899315431714,0.04999997094273567,"{""backing"": 2.0, ""bot"": ""gap"", ""bot_depth"": 2.0, ""bot_params"": {""margin_depth_ref"": 50.0}, ""face_h"": 60.0, ""face_w"": 60.0, ""margin_depths"": 2.0, ""seed"": 101, ""top"": ""shingle"", ""top_depth"": 48.0, ""top_params"": {""azimuth_mode"": ""grid"", ""jitter"": 0.3, ""pitch"": 5.5, ""plate_t_bot"": 0.1, ""plate_t_top"": 0.1, ""tilt_deg"": 2.0, ""tilt_jitter"": 0.0}}"
FL_bl100grid_gap_d20_s101,floor,shingle/gap,"sheet, grid",0.1,101,d100,bl100grid,shingle,5.5,0.1,48.0,gap,2.0,0.0,50.0,9.090909090909092,0.03044210510272572,-40.0,0.0018926846096292138,0.04999997094273567,"{""backing"": 2.0, ""bot"": ""gap"", ""bot_depth"": 2.0, ""bot_params"": {""margin_depth_ref"": 50.0}, ""face_h"": 60.0, ""face_w"": 60.0, ""margin_depths"": 2.0, ""seed"": 101, ""top"": ""shingle"", ""top_depth"": 48.0, ""top_params"": {""azimuth_mode"": ""grid"", ""jitter"": 0.3, ""pitch"": 5.5, ""plate_t_bot"": 0.1, ""plate_t_top"": 0.1, ""tilt_deg"": 2.0, ""tilt_jitter"": 0.0}}"
FL_bl100grid_gap_d20_s101,floor,shingle/gap,"sheet, grid",0.1,101,d100,bl100grid,shingle,5.5,0.1,48.0,gap,2.0,0.0,50.0,9.090909090909092,0.03044210510272572,20.0,0.0013007026864215732,0.04999997094273567,"{""backing"": 2.0, ""bot"": ""gap"", ""bot_depth"": 2.0, ""bot_params"": {""margin_depth_ref"": 50.0}, ""face_h"": 60.0, ""face_w"": 60.0, ""margin_depths"": 2.0, ""seed"": 101, ""top"": ""shingle"", ""top_depth"": 48.0, ""top_params"": {""azimuth_mode"": ""grid"", ""jitter"": 0.3, ""pitch"": 5.5, ""plate_t_bot"": 0.1, ""plate_t_top"": 0.1, ""tilt_deg"": 2.0, ""tilt_jitter"": 0.0}}"
FL_bl100grid_gap_d20_s101,floor,shingle/gap,"sheet, grid",0.1,101,d100,bl100grid,shingle,5.5,0.1,48.0,gap,2.0,0.0,50.0,9.090909090909092,0.03044210510272572,40.0,0.0020991479977965355,0.04999997094273567,"{""backing"": 2.0, ""bot"": ""gap"", ""bot_depth"": 2.0, ""bot_params"": {""margin_depth_ref"": 50.0}, ""face_h"": 60.0, ""face_w"": 60.0, ""margin_depths"": 2.0, ""seed"": 101, ""top"": ""shingle"", ""top_depth"": 48.0, ""top_params"": {""azimuth_mode"": ""grid"", ""jitter"": 0.3, ""pitch"": 5.5, ""plate_t_bot"": 0.1, ""plate_t_top"": 0.1, ""tilt_deg"": 2.0, ""tilt_jitter"": 0.0}}"
FL_bl100grid_gap_d30_s101,floor,shingle/gap,"sheet, grid",0.1,101,d00,bl100grid,shingle,5.5,0.1,47.0,gap,3.0,0.0,50.0,9.090909090909092,0.03044210510272572,0.0,0.0018632360734045506,0.04999997094273567,"{""backing"": 2.0, ""bot"": ""gap"", ""bot_depth"": 3.0, ""bot_params"": {""margin_depth_ref"": 50.0}, ""face_h"": 60.0, ""face_w"": 60.0, ""margin_depths"": 2.0, ""seed"": 101, ""top"": ""shingle"", ""top_depth"": 47.0, ""top_params"": {""azimuth_mode"": ""grid"", ""jitter"": 0.3, ""pitch"": 5.5, ""plate_t_bot"": 0.1, ""plate_t_top"": 0.1, ""tilt_deg"": 2.0, ""tilt_jitter"": 0.0}}"
FL_bl100grid_gap_d30_s101,floor,shingle/gap,"sheet, grid",0.1,101,d00,bl100grid,shingle,5.5,0.1,47.0,gap,3.0,0.0,50.0,9.090909090909092,0.03044210510272572,-20.0,0.000585668021813035,0.04999997094273567,"{""backing"": 2.0, ""bot"": ""gap"", ""bot_depth"": 3.0, ""bot_params"": {""margin_depth_ref"": 50.0}, ""face_h"": 60.0, ""face_w"": 60.0, ""margin_depths"": 2.0, ""seed"": 101, ""top"": ""shingle"", ""top_depth"": 47.0, ""top_params"": {""azimuth_mode"": ""grid"", ""jitter"": 0.3, ""pitch"": 5.5, ""plate_t_bot"": 0.1, ""plate_t_top"": 0.1, ""tilt_deg"": 2.0, ""tilt_jitter"": 0.0}}"
FL_bl100grid_gap_d30_s101,floor,shingle/gap,"sheet, grid",0.1,101,d00,bl100grid,shingle,5.5,0.1,47.0,gap,3.0,0.0,50.0,9.090909090909092,0.03044210510272572,-40.0,0.000536830339115113,0.04999997094273567,"{""backing"": 2.0, ""bot"": ""gap"", ""bot_depth"": 3.0, ""bot_params"": {""margin_depth_ref"": 50.0}, ""face_h"": 60.0, ""face_w"": 60.0, ""margin_depths"": 2.0, ""seed"": 101, ""top"": ""shingle"", ""top_depth"": 47.0, ""top_params"": {""azimuth_mode"": ""grid"", ""jitter"": 0.3, ""pitch"": 5.5, ""plate_t_bot"": 0.1, ""plate_t_top"": 0.1, ""tilt_deg"": 2.0, ""tilt_jitter"": 0.0}}"
FL_bl100grid_gap_d30_s101,floor,shingle/gap,"sheet, grid",0.1,101,d00,bl100grid,shingle,5.5,0.1,47.0,gap,3.0,0.0,50.0,9.090909090909092,0.03044210510272572,20.0,0.000561822671443224,0.04999997094273567,"{""backing"": 2.0, ""bot"": ""gap"", ""bot_depth"": 3.0, ""bot_params"": {""margin_depth_ref"": 50.0}, ""face_h"": 60.0, ""face_w"": 60.0, ""margin_depths"": 2.0, ""seed"": 101, ""top"": ""shingle"", ""top_depth"": 47.0, ""top_params"": {""azimuth_mode"": ""grid"", ""jitter"": 0.3, ""pitch"": 5.5, ""plate_t_bot"": 0.1, ""plate_t_top"": 0.1, ""tilt_deg"": 2.0, ""tilt_jitter"": 0.0}}"
FL_bl100grid_gap_d30_s101,floor,shingle/gap,"sheet, grid",0.1,101,d00,bl100grid,shingle,5.5,0.1,47.0,gap,3.0,0.0,50.0,9.090909090909092,0.03044210510272572,40.0,0.0005496537778526545,0.04999997094273567,"{""backing"": 2.0, ""bot"": ""gap"", ""bot_depth"": 3.0, ""bot_params"": {""margin_depth_ref"": 50.0}, ""face_h"": 60.0, ""face_w"": 60.0, ""margin_depths"": 2.0, ""seed"": 101, ""top"": ""shingle"", ""top_depth"": 47.0, ""top_params"": {""azimuth_mode"": ""grid"", ""jitter"": 0.3, ""pitch"": 5.5, ""plate_t_bot"": 0.1, ""plate_t_top"": 0.1, ""tilt_deg"": 2.0, ""tilt_jitter"": 0.0}}"
FL_bl100grid_gap_d30_s101,floor,shingle/gap,"sheet, grid",0.1,101,d76,bl100grid,shingle,5.5,0.1,47.0,gap,3.0,0.0,50.0,9.090909090909092,0.03044210510272572,0.0,0.0008173332898877561,0.04999997094273567,"{""backing"": 2.0, ""bot"": ""gap"", ""bot_depth"": 3.0, ""bot_params"": {""margin_depth_ref"": 50.0}, ""face_h"": 60.0, ""face_w"": 60.0, ""margin_depths"": 2.0, ""seed"": 101, ""top"": ""shingle"", ""top_depth"": 47.0, ""top_params"": {""azimuth_mode"": ""grid"", ""jitter"": 0.3, ""pitch"": 5.5, ""plate_t_bot"": 0.1, ""plate_t_top"": 0.1, ""tilt_deg"": 2.0, ""tilt_jitter"": 0.0}}"
FL_bl100grid_gap_d30_s101,floor,shingle/gap,"sheet, grid",0.1,101,d76,bl100grid,shingle,5.5,0.1,47.0,gap,3.0,0.0,50.0,9.090909090909092,0.03044210510272572,-20.0,0.0009809292387217283,0.04999997094273567,"{""backing"": 2.0, ""bot"": ""gap"", ""bot_depth"": 3.0, ""bot_params"": {""margin_depth_ref"": 50.0}, ""face_h"": 60.0, ""face_w"": 60.0, ""margin_depths"": 2.0, ""seed"": 101, ""top"": ""shingle"", ""top_depth"": 47.0, ""top_params"": {""azimuth_mode"": ""grid"", ""jitter"": 0.3, ""pitch"": 5.5, ""plate_t_bot"": 0.1, ""plate_t_top"": 0.1, ""tilt_deg"": 2.0, ""tilt_jitter"": 0.0}}"
FL_bl100grid_gap_d30_s101,floor,shingle/gap,"sheet, grid",0.1,101,d76,bl100grid,shingle,5.5,0.1,47.0,gap,3.0,0.0,50.0,9.090909090909092,0.03044210510272572,-40.0,0.001555051188915968,0.04999997094273567,"{""backing"": 2.0, ""bot"": ""gap"", ""bot_depth"": 3.0, ""bot_params"": {""margin_depth_ref"": 50.0}, ""face_h"": 60.0, ""face_w"": 60.0, ""margin_depths"": 2.0, ""seed"": 101, ""top"": ""shingle"", ""top_depth"": 47.0, ""top_params"": {""azimuth_mode"": ""grid"", ""jitter"": 0.3, ""pitch"": 5.5, ""plate_t_bot"": 0.1, ""plate_t_top"": 0.1, ""tilt_deg"": 2.0, ""tilt_jitter"": 0.0}}"
FL_bl100grid_gap_d30_s101,floor,shingle/gap,"sheet, grid",0.1,101,d76,bl100grid,shingle,5.5,0.1,47.0,gap,3.0,0.0,50.0,9.090909090909092,0.03044210510272572,20.0,0.0011197574203833938,0.04999997094273567,"{""backing"": 2.0, ""bot"": ""gap"", ""bot_depth"": 3.0, ""bot_params"": {""margin_depth_ref"": 50.0}, ""face_h"": 60.0, ""face_w"": 60.0, ""margin_depths"": 2.0, ""seed"": 101, ""top"": ""shingle"", ""top_depth"": 47.0, ""top_params"": {""azimuth_mode"": ""grid"", ""jitter"": 0.3, ""pitch"": 5.5, ""plate_t_bot"": 0.1, ""plate_t_top"": 0.1, ""tilt_deg"": 2.0, ""tilt_jitter"": 0.0}}"
FL_bl100grid_gap_d30_s101,floor,shingle/gap,"sheet, grid",0.1,101,d76,bl100grid,shingle,5.5,0.1,47.0,gap,3.0,0.0,50.0,9.090909090909092,0.03044210510272572,40.0,0.0017291337717324495,0.04999997094273567,"{""backing"": 2.0, ""bot"": ""gap"", ""bot_depth"": 3.0, ""bot_params"": {""margin_depth_ref"": 50.0}, ""face_h"": 60.0, ""face_w"": 60.0, ""margin_depths"": 2.0, ""seed"": 101, ""top"": ""shingle"", ""top_depth"": 47.0, ""top_params"": {""azimuth_mode"": ""grid"", ""jitter"": 0.3, ""pitch"": 5.5, ""plate_t_bot"": 0.1, ""plate_t_top"": 0.1, ""tilt_deg"": 2.0, ""tilt_jitter"": 0.0}}"
FL_bl100grid_gap_d30_s101,floor,shingle/gap,"sheet, grid",0.1,101,d100,bl100grid,shingle,5.5,0.1,47.0,gap,3.0,0.0,50.0,9.090909090909092,0.03044210510272572,0.0,0.000538037798833102,0.04999997094273567,"{""backing"": 2.0, ""bot"": ""gap"", ""bot_depth"": 3.0, ""bot_params"": {""margin_depth_ref"": 50.0}, ""face_h"": 60.0, ""face_w"": 60.0, ""margin_depths"": 2.0, ""seed"": 101, ""top"": ""shingle"", ""top_depth"": 47.0, ""top_params"": {""azimuth_mode"": ""grid"", ""jitter"": 0.3, ""pitch"": 5.5, ""plate_t_bot"": 0.1, ""plate_t_top"": 0.1, ""tilt_deg"": 2.0, ""tilt_jitter"": 0.0}}"
FL_bl100grid_gap_d30_s101,floor,shingle/gap,"sheet, grid",0.1,101,d100,bl100grid,shingle,5.5,0.1,47.0,gap,3.0,0.0,50.0,9.090909090909092,0.03044210510272572,-20.0,0.0011191002558916807,0.04999997094273567,"{""backing"": 2.0, ""bot"": ""gap"", ""bot_depth"": 3.0, ""bot_params"": {""margin_depth_ref"": 50.0}, ""face_h"": 60.0, ""face_w"": 60.0, ""margin_depths"": 2.0, ""seed"": 101, ""top"": ""shingle"", ""top_depth"": 47.0, ""top_params"": {""azimuth_mode"": ""grid"", ""jitter"": 0.3, ""pitch"": 5.5, ""plate_t_bot"": 0.1, ""plate_t_top"": 0.1, ""tilt_deg"": 2.0, ""tilt_jitter"": 0.0}}"
FL_bl100grid_gap_d30_s101,floor,shingle/gap,"sheet, grid",0.1,101,d100,bl100grid,shingle,5.5,0.1,47.0,gap,3.0,0.0,50.0,9.090909090909092,0.03044210510272572,-40.0,0.0018924776231870055,0.04999997094273567,"{""backing"": 2.0, ""bot"": ""gap"", ""bot_depth"": 3.0, ""bot_params"": {""margin_depth_ref"": 50.0}, ""face_h"": 60.0, ""face_w"": 60.0, ""margin_depths"": 2.0, ""seed"": 101, ""top"": ""shingle"", ""top_depth"": 47.0, ""top_params"": {""azimuth_mode"": ""grid"", ""jitter"": 0.3, ""pitch"": 5.5, ""plate_t_bot"": 0.1, ""plate_t_top"": 0.1, ""tilt_deg"": 2.0, ""tilt_jitter"": 0.0}}"
FL_bl100grid_gap_d30_s101,floor,shingle/gap,"sheet, grid",0.1,101,d100,bl100grid,shingle,5.5,0.1,47.0,gap,3.0,0.0,50.0,9.090909090909092,0.03044210510272572,20.0,0.0013007886009290814,0.04999997094273567,"{""backing"": 2.0, ""bot"": ""gap"", ""bot_depth"": 3.0, ""bot_params"": {""margin_depth_ref"": 50.0}, ""face_h"": 60.0, ""face_w"": 60.0, ""margin_depths"": 2.0, ""seed"": 101, ""top"": ""shingle"", ""top_depth"": 47.0, ""top_params"": {""azimuth_mode"": ""grid"", ""jitter"": 0.3, ""pitch"": 5.5, ""plate_t_bot"": 0.1, ""plate_t_top"": 0.1, ""tilt_deg"": 2.0, ""tilt_jitter"": 0.0}}"
FL_bl100grid_gap_d30_s101,floor,shingle/gap,"sheet, grid",0.1,101,d100,bl100grid,shingle,5.5,0.1,47.0,gap,3.0,0.0,50.0,9.090909090909092,0.03044210510272572,40.0,0.0020991479977965355,0.04999997094273567,"{""backing"": 2.0, ""bot"": ""gap"", ""bot_depth"": 3.0, ""bot_params"": {""margin_depth_ref"": 50.0}, ""face_h"": 60.0, ""face_w"": 60.0, ""margin_depths"": 2.0, ""seed"": 101, ""top"": ""shingle"", ""top_depth"": 47.0, ""top_params"": {""azimuth_mode"": ""grid"", ""jitter"": 0.3, ""pitch"": 5.5, ""plate_t_bot"": 0.1, ""plate_t_top"": 0.1, ""tilt_deg"": 2.0, ""tilt_jitter"": 0.0}}"
FL_bl100grid_gap_d50_s101,floor,shingle/gap,"sheet, grid",0.1,101,d00,bl100grid,shingle,5.5,0.1,45.0,gap,5.0,0.0,50.0,9.090909090909092,0.03044210510272572,0.0,0.002027530688792467,0.04999997094273567,"{""backing"": 2.0, ""bot"": ""gap"", ""bot_depth"": 5.0, ""bot_params"": {""margin_depth_ref"": 50.0}, ""face_h"": 60.0, ""face_w"": 60.0, ""margin_depths"": 2.0, ""seed"": 101, ""top"": ""shingle"", ""top_depth"": 45.0, ""top_params"": {""azimuth_mode"": ""grid"", ""jitter"": 0.3, ""pitch"": 5.5, ""plate_t_bot"": 0.1, ""plate_t_top"": 0.1, ""tilt_deg"": 2.0, ""tilt_jitter"": 0.0}}"
FL_bl100grid_gap_d50_s101,floor,shingle/gap,"sheet, grid",0.1,101,d00,bl100grid,shingle,5.5,0.1,45.0,gap,5.0,0.0,50.0,9.090909090909092,0.03044210510272572,-20.0,0.0006272239843383431,0.04999997094273567,"{""backing"": 2.0, ""bot"": ""gap"", ""bot_depth"": 5.0, ""bot_params"": {""margin_depth_ref"": 50.0}, ""face_h"": 60.0, ""face_w"": 60.0, ""margin_depths"": 2.0, ""seed"": 101, ""top"": ""shingle"", ""top_depth"": 45.0, ""top_params"": {""azimuth_mode"": ""grid"", ""jitter"": 0.3, ""pitch"": 5.5, ""plate_t_bot"": 0.1, ""plate_t_top"": 0.1, ""tilt_deg"": 2.0, ""tilt_jitter"": 0.0}}"
FL_bl100grid_gap_d50_s101,floor,shingle/gap,"sheet, grid",0.1,101,d00,bl100grid,shingle,5.5,0.1,45.0,gap,5.0,0.0,50.0,9.090909090909092,0.03044210510272572,-40.0,0.000574326200876385,0.04999997094273567,"{""backing"": 2.0, ""bot"": ""gap"", ""bot_depth"": 5.0, ""bot_params"": {""margin_depth_ref"": 50.0}, ""face_h"": 60.0, ""face_w"": 60.0, ""margin_depths"": 2.0, ""seed"": 101, ""top"": ""shingle"", ""top_depth"": 45.0, ""top_params"": {""azimuth_mode"": ""grid"", ""jitter"": 0.3, ""pitch"": 5.5, ""plate_t_bot"": 0.1, ""plate_t_top"": 0.1, ""tilt_deg"": 2.0, ""tilt_jitter"": 0.0}}"
FL_bl100grid_gap_d50_s101,floor,shingle/gap,"sheet, grid",0.1,101,d00,bl100grid,shingle,5.5,0.1,45.0,gap,5.0,0.0,50.0,9.090909090909092,0.03044210510272572,20.0,0.0005740441265515983,0.04999997094273567,"{""backing"": 2.0, ""bot"": ""gap"", ""bot_depth"": 5.0, ""bot_params"": {""margin_depth_ref"": 50.0}, ""face_h"": 60.0, ""face_w"": 60.0, ""margin_depths"": 2.0, ""seed"": 101, ""top"": ""shingle"", ""top_depth"": 45.0, ""top_params"": {""azimuth_mode"": ""grid"", ""jitter"": 0.3, ""pitch"": 5.5, ""plate_t_bot"": 0.1, ""plate_t_top"": 0.1, ""tilt_deg"": 2.0, ""tilt_jitter"": 0.0}}"
FL_bl100grid_gap_d50_s101,floor,shingle/gap,"sheet, grid",0.1,101,d00,bl100grid,shingle,5.5,0.1,45.0,gap,5.0,0.0,50.0,9.090909090909092,0.03044210510272572,40.0,0.0005646866047754884,0.04999997094273567,"{""backing"": 2.0, ""bot"": ""gap"", ""bot_depth"": 5.0, ""bot_params"": {""margin_depth_ref"": 50.0}, ""face_h"": 60.0, ""face_w"": 60.0, ""margin_depths"": 2.0, ""seed"": 101, ""top"": ""shingle"", ""top_depth"": 45.0, ""top_params"": {""azimuth_mode"": ""grid"", ""jitter"": 0.3, ""pitch"": 5.5, ""plate_t_bot"": 0.1, ""plate_t_top"": 0.1, ""tilt_deg"": 2.0, ""tilt_jitter"": 0.0}}"
FL_bl100grid_gap_d50_s101,floor,shingle/gap,"sheet, grid",0.1,101,d76,bl100grid,shingle,5.5,0.1,45.0,gap,5.0,0.0,50.0,9.090909090909092,0.03044210510272572,0.0,0.0008595909457653761,0.04999997094273567,"{""backing"": 2.0, ""bot"": ""gap"", ""bot_depth"": 5.0, ""bot_params"": {""margin_depth_ref"": 50.0}, ""face_h"": 60.0, ""face_w"": 60.0, ""margin_depths"": 2.0, ""seed"": 101, ""top"": ""shingle"", ""top_depth"": 45.0, ""top_params"": {""azimuth_mode"": ""grid"", ""jitter"": 0.3, ""pitch"": 5.5, ""plate_t_bot"": 0.1, ""plate_t_top"": 0.1, ""tilt_deg"": 2.0, ""tilt_jitter"": 0.0}}"
FL_bl100grid_gap_d50_s101,floor,shingle/gap,"sheet, grid",0.1,101,d76,bl100grid,shingle,5.5,0.1,45.0,gap,5.0,0.0,50.0,9.090909090909092,0.03044210510272572,-20.0,0.0009142475901171565,0.04999997094273567,"{""backing"": 2.0, ""bot"": ""gap"", ""bot_depth"": 5.0, ""bot_params"": {""margin_depth_ref"": 50.0}, ""face_h"": 60.0, ""face_w"": 60.0, ""margin_depths"": 2.0, ""seed"": 101, ""top"": ""shingle"", ""top_depth"": 45.0, ""top_params"": {""azimuth_mode"": ""grid"", ""jitter"": 0.3, ""pitch"": 5.5, ""plate_t_bot"": 0.1, ""plate_t_top"": 0.1, ""tilt_deg"": 2.0, ""tilt_jitter"": 0.0}}"
FL_bl100grid_gap_d50_s101,floor,shingle/gap,"sheet, grid",0.1,101,d76,bl100grid,shingle,5.5,0.1,45.0,gap,5.0,0.0,50.0,9.090909090909092,0.03044210510272572,-40.0,0.0014279070310294628,0.04999997094273567,"{""backing"": 2.0, ""bot"": ""gap"", ""bot_depth"": 5.0, ""bot_params"": {""margin_depth_ref"": 50.0}, ""face_h"": 60.0, ""face_w"": 60.0, ""margin_depths"": 2.0, ""seed"": 101, ""top"": ""shingle"", ""top_depth"": 45.0, ""top_params"": {""azimuth_mode"": ""grid"", ""jitter"": 0.3, ""pitch"": 5.5, ""plate_t_bot"": 0.1, ""plate_t_top"": 0.1, ""tilt_deg"": 2.0, ""tilt_jitter"": 0.0}}"
FL_bl100grid_gap_d50_s101,floor,shingle/gap,"sheet, grid",0.1,101,d76,bl100grid,shingle,5.5,0.1,45.0,gap,5.0,0.0,50.0,9.090909090909092,0.03044210510272572,20.0,0.0010700197890400887,0.04999997094273567,"{""backing"": 2.0, ""bot"": ""gap"", ""bot_depth"": 5.0, ""bot_params"": {""margin_depth_ref"": 50.0}, ""face_h"": 60.0, ""face_w"": 60.0, ""margin_depths"": 2.0, ""seed"": 101, ""top"": ""shingle"", ""top_depth"": 45.0, ""top_params"": {""azimuth_mode"": ""grid"", ""jitter"": 0.3, ""pitch"": 5.5, ""plate_t_bot"": 0.1, ""plate_t_top"": 0.1, ""tilt_deg"": 2.0, ""tilt_jitter"": 0.0}}"
FL_bl100grid_gap_d50_s101,floor,shingle/gap,"sheet, grid",0.1,101,d76,bl100grid,shingle,5.5,0.1,45.0,gap,5.0,0.0,50.0,9.090909090909092,0.03044210510272572,40.0,0.0016165568958967924,0.04999997094273567,"{""backing"": 2.0, ""bot"": ""gap"", ""bot_depth"": 5.0, ""bot_params"": {""margin_depth_ref"": 50.0}, ""face_h"": 60.0, ""face_w"": 60.0, ""margin_depths"": 2.0, ""seed"": 101, ""top"": ""shingle"", ""top_depth"": 45.0, ""top_params"": {""azimuth_mode"": ""grid"", ""jitter"": 0.3, ""pitch"": 5.5, ""plate_t_bot"": 0.1, ""plate_t_top"": 0.1, ""tilt_deg"": 2.0, ""tilt_jitter"": 0.0}}"
FL_bl100grid_gap_d50_s101,floor,shingle/gap,"sheet, grid",0.1,101,d100,bl100grid,shingle,5.5,0.1,45.0,gap,5.0,0.0,50.0,9.090909090909092,0.03044210510272572,0.0,0.0005490771145559847,0.04999997094273567,"{""backing"": 2.0, ""bot"": ""gap"", ""bot_depth"": 5.0, ""bot_params"": {""margin_depth_ref"": 50.0}, ""face_h"": 60.0, ""face_w"": 60.0, ""margin_depths"": 2.0, ""seed"": 101, ""top"": ""shingle"", ""top_depth"": 45.0, ""top_params"": {""azimuth_mode"": ""grid"", ""jitter"": 0.3, ""pitch"": 5.5, ""plate_t_bot"": 0.1, ""plate_t_top"": 0.1, ""tilt_deg"": 2.0, ""tilt_jitter"": 0.0}}"
FL_bl100grid_gap_d50_s101,floor,shingle/gap,"sheet, grid",0.1,101,d100,bl100grid,shingle,5.5,0.1,45.0,gap,5.0,0.0,50.0,9.090909090909092,0.03044210510272572,-20.0,0.0010221193078905344,0.04999997094273567,"{""backing"": 2.0, ""bot"": ""gap"", ""bot_depth"": 5.0, ""bot_params"": {""margin_depth_ref"": 50.0}, ""face_h"": 60.0, ""face_w"": 60.0, ""margin_depths"": 2.0, ""seed"": 101, ""top"": ""shingle"", ""top_depth"": 45.0, ""top_params"": {""azimuth_mode"": ""grid"", ""jitter"": 0.3, ""pitch"": 5.5, ""plate_t_bot"": 0.1, ""plate_t_top"": 0.1, ""tilt_deg"": 2.0, ""tilt_jitter"": 0.0}}"
FL_bl100grid_gap_d50_s101,floor,shingle/gap,"sheet, grid",0.1,101,d100,bl100grid,shingle,5.5,0.1,45.0,gap,5.0,0.0,50.0,9.090909090909092,0.03044210510272572,-40.0,0.0016928560798987746,0.04999997094273567,"{""backing"": 2.0, ""bot"": ""gap"", ""bot_depth"": 5.0, ""bot_params"": {""margin_depth_ref"": 50.0}, ""face_h"": 60.0, ""face_w"": 60.0, ""margin_depths"": 2.0, ""seed"": 101, ""top"": ""shingle"", ""top_depth"": 45.0, ""top_params"": {""azimuth_mode"": ""grid"", ""jitter"": 0.3, ""pitch"": 5.5, ""plate_t_bot"": 0.1, ""plate_t_top"": 0.1, ""tilt_deg"": 2.0, ""tilt_jitter"": 0.0}}"
FL_bl100grid_gap_d50_s101,floor,shingle/gap,"sheet, grid",0.1,101,d100,bl100grid,shingle,5.5,0.1,45.0,gap,5.0,0.0,50.0,9.090909090909092,0.03044210510272572,20.0,0.001232997514307499,0.04999997094273567,"{""backing"": 2.0, ""bot"": ""gap"", ""bot_depth"": 5.0, ""bot_params"": {""margin_depth_ref"": 50.0}, ""face_h"": 60.0, ""face_w"": 60.0, ""margin_depths"": 2.0, ""seed"": 101, ""top"": ""shingle"", ""top_depth"": 45.0, ""top_params"": {""azimuth_mode"": ""grid"", ""jitter"": 0.3, ""pitch"": 5.5, ""plate_t_bot"": 0.1, ""plate_t_top"": 0.1, ""tilt_deg"": 2.0, ""tilt_jitter"": 0.0}}"
FL_bl100grid_gap_d50_s101,floor,shingle/gap,"sheet, grid",0.1,101,d100,bl100grid,shingle,5.5,0.1,45.0,gap,5.0,0.0,50.0,9.090909090909092,0.03044210510272572,40.0,0.001965377712622285,0.04999997094273567,"{""backing"": 2.0, ""bot"": ""gap"", ""bot_depth"": 5.0, ""bot_params"": {""margin_depth_ref"": 50.0}, ""face_h"": 60.0, ""face_w"": 60.0, ""margin_depths"": 2.0, ""seed"": 101, ""top"": ""shingle"", ""top_depth"": 45.0, ""top_params"": {""azimuth_mode"": ""grid"", ""jitter"": 0.3, ""pitch"": 5.5, ""plate_t_bot"": 0.1, ""plate_t_top"": 0.1, ""tilt_deg"": 2.0, ""tilt_jitter"": 0.0}}"
FL_bl050grid_flat_d00_s102,floor,shingle/flat,"sheet, grid",0.05,102,d00,bl050grid,shingle,5.5,0.05,50.0,flat,0.0,0.0,50.0,9.090909090909092,0.01522105255136286,0.0,0.0015706238336861134,0.04999997094273567,"{""azimuth_mode"": ""grid"", ""backing"": 2.0, ""depth"": 50.0, ""face_h"": 60.0, ""face_w"": 60.0, ""jitter"": 0.3, ""margin_depths"": 2.0, ""pitch"": 5.5, ""plate_t_bot"": 0.05, ""plate_t_top"": 0.05, ""seed"": 102, ""tilt_deg"": 2.0, ""tilt_jitter"": 0.0, ""topology"": ""shingle""}"
FL_bl050grid_flat_d00_s102,floor,shingle/flat,"sheet, grid",0.05,102,d00,bl050grid,shingle,5.5,0.05,50.0,flat,0.0,0.0,50.0,9.090909090909092,0.01522105255136286,-20.0,0.00043567921966314316,0.04999997094273567,"{""azimuth_mode"": ""grid"", ""backing"": 2.0, ""depth"": 50.0, ""face_h"": 60.0, ""face_w"": 60.0, ""jitter"": 0.3, ""margin_depths"": 2.0, ""pitch"": 5.5, ""plate_t_bot"": 0.05, ""plate_t_top"": 0.05, ""seed"": 102, ""tilt_deg"": 2.0, ""tilt_jitter"": 0.0, ""topology"": ""shingle""}"
FL_bl050grid_flat_d00_s102,floor,shingle/flat,"sheet, grid",0.05,102,d00,bl050grid,shingle,5.5,0.05,50.0,flat,0.0,0.0,50.0,9.090909090909092,0.01522105255136286,-40.0,0.00036956468829885125,0.04999997094273567,"{""azimuth_mode"": ""grid"", ""backing"": 2.0, ""depth"": 50.0, ""face_h"": 60.0, ""face_w"": 60.0, ""jitter"": 0.3, ""margin_depths"": 2.0, ""pitch"": 5.5, ""plate_t_bot"": 0.05, ""plate_t_top"": 0.05, ""seed"": 102, ""tilt_deg"": 2.0, ""tilt_jitter"": 0.0, ""topology"": ""shingle""}"
FL_bl050grid_flat_d00_s102,floor,shingle/flat,"sheet, grid",0.05,102,d00,bl050grid,shingle,5.5,0.05,50.0,flat,0.0,0.0,50.0,9.090909090909092,0.01522105255136286,20.0,0.0003818490949925035,0.04999997094273567,"{""azimuth_mode"": ""grid"", ""backing"": 2.0, ""depth"": 50.0, ""face_h"": 60.0, ""face_w"": 60.0, ""jitter"": 0.3, ""margin_depths"": 2.0, ""pitch"": 5.5, ""plate_t_bot"": 0.05, ""plate_t_top"": 0.05, ""seed"": 102, ""tilt_deg"": 2.0, ""tilt_jitter"": 0.0, ""topology"": ""shingle""}"
FL_bl050grid_flat_d00_s102,floor,shingle/flat,"sheet, grid",0.05,102,d00,bl050grid,shingle,5.5,0.05,50.0,flat,0.0,0.0,50.0,9.090909090909092,0.01522105255136286,40.0,0.000357357639586553,0.04999997094273567,"{""azimuth_mode"": ""grid"", ""backing"": 2.0, ""depth"": 50.0, ""face_h"": 60.0, ""face_w"": 60.0, ""jitter"": 0.3, ""margin_depths"": 2.0, ""pitch"": 5.5, ""plate_t_bot"": 0.05, ""plate_t_top"": 0.05, ""seed"": 102, ""tilt_deg"": 2.0, ""tilt_jitter"": 0.0, ""topology"": ""shingle""}"
FL_bl050grid_flat_d00_s102,floor,shingle/flat,"sheet, grid",0.05,102,d76,bl050grid,shingle,5.5,0.05,50.0,flat,0.0,0.0,50.0,9.090909090909092,0.01522105255136286,0.0,0.0006262611132115126,0.04999997094273567,"{""azimuth_mode"": ""grid"", ""backing"": 2.0, ""depth"": 50.0, ""face_h"": 60.0, ""face_w"": 60.0, ""jitter"": 0.3, ""margin_depths"": 2.0, ""pitch"": 5.5, ""plate_t_bot"": 0.05, ""plate_t_top"": 0.05, ""seed"": 102, ""tilt_deg"": 2.0, ""tilt_jitter"": 0.0, ""topology"": ""shingle""}"
FL_bl050grid_flat_d00_s102,floor,shingle/flat,"sheet, grid",0.05,102,d76,bl050grid,shingle,5.5,0.05,50.0,flat,0.0,0.0,50.0,9.090909090909092,0.01522105255136286,-20.0,0.0008233353728428483,0.04999997094273567,"{""azimuth_mode"": ""grid"", ""backing"": 2.0, ""depth"": 50.0, ""face_h"": 60.0, ""face_w"": 60.0, ""jitter"": 0.3, ""margin_depths"": 2.0, ""pitch"": 5.5, ""plate_t_bot"": 0.05, ""plate_t_top"": 0.05, ""seed"": 102, ""tilt_deg"": 2.0, ""tilt_jitter"": 0.0, ""topology"": ""shingle""}"
FL_bl050grid_flat_d00_s102,floor,shingle/flat,"sheet, grid",0.05,102,d76,bl050grid,shingle,5.5,0.05,50.0,flat,0.0,0.0,50.0,9.090909090909092,0.01522105255136286,-40.0,0.0014449461596086621,0.04999997094273567,"{""azimuth_mode"": ""grid"", ""backing"": 2.0, ""depth"": 50.0, ""face_h"": 60.0, ""face_w"": 60.0, ""jitter"": 0.3, ""margin_depths"": 2.0, ""pitch"": 5.5, ""plate_t_bot"": 0.05, ""plate_t_top"": 0.05, ""seed"": 102, ""tilt_deg"": 2.0, ""tilt_jitter"": 0.0, ""topology"": ""shingle""}"
FL_bl050grid_flat_d00_s102,floor,shingle/flat,"sheet, grid",0.05,102,d76,bl050grid,shingle,5.5,0.05,50.0,flat,0.0,0.0,50.0,9.090909090909092,0.01522105255136286,20.0,0.000945275358390063,0.04999997094273567,"{""azimuth_mode"": ""grid"", ""backing"": 2.0, ""depth"": 50.0, ""face_h"": 60.0, ""face_w"": 60.0, ""jitter"": 0.3, ""margin_depths"": 2.0, ""pitch"": 5.5, ""plate_t_bot"": 0.05, ""plate_t_top"": 0.05, ""seed"": 102, ""tilt_deg"": 2.0, ""tilt_jitter"": 0.0, ""topology"": ""shingle""}"
FL_bl050grid_flat_d00_s102,floor,shingle/flat,"sheet, grid",0.05,102,d76,bl050grid,shingle,5.5,0.05,50.0,flat,0.0,0.0,50.0,9.090909090909092,0.01522105255136286,40.0,0.001550285262055695,0.04999997094273567,"{""azimuth_mode"": ""grid"", ""backing"": 2.0, ""depth"": 50.0, ""face_h"": 60.0, ""face_w"": 60.0, ""jitter"": 0.3, ""margin_depths"": 2.0, ""pitch"": 5.5, ""plate_t_bot"": 0.05, ""plate_t_top"": 0.05, ""seed"": 102, ""tilt_deg"": 2.0, ""tilt_jitter"": 0.0, ""topology"": ""shingle""}"
FL_bl050grid_flat_d00_s102,floor,shingle/flat,"sheet, grid",0.05,102,d100,bl050grid,shingle,5.5,0.05,50.0,flat,0.0,0.0,50.0,9.090909090909092,0.01522105255136286,0.0,0.0003662578819785267,0.04999997094273567,"{""azimuth_mode"": ""grid"", ""backing"": 2.0, ""depth"": 50.0, ""face_h"": 60.0, ""face_w"": 60.0, ""jitter"": 0.3, ""margin_depths"": 2.0, ""pitch"": 5.5, ""plate_t_bot"": 0.05, ""plate_t_top"": 0.05, ""seed"": 102, ""tilt_deg"": 2.0, ""tilt_jitter"": 0.0, ""topology"": ""shingle""}"
FL_bl050grid_flat_d00_s102,floor,shingle/flat,"sheet, grid",0.05,102,d100,bl050grid,shingle,5.5,0.05,50.0,flat,0.0,0.0,50.0,9.090909090909092,0.01522105255136286,-20.0,0.0009617410250939429,0.04999997094273567,"{""azimuth_mode"": ""grid"", ""backing"": 2.0, ""depth"": 50.0, ""face_h"": 60.0, ""face_w"": 60.0, ""jitter"": 0.3, ""margin_depths"": 2.0, ""pitch"": 5.5, ""plate_t_bot"": 0.05, ""plate_t_top"": 0.05, ""seed"": 102, ""tilt_deg"": 2.0, ""tilt_jitter"": 0.0, ""topology"": ""shingle""}"
FL_bl050grid_flat_d00_s102,floor,shingle/flat,"sheet, grid",0.05,102,d100,bl050grid,shingle,5.5,0.05,50.0,flat,0.0,0.0,50.0,9.090909090909092,0.01522105255136286,-40.0,0.0017883715918287635,0.04999997094273567,"{""azimuth_mode"": ""grid"", ""backing"": 2.0, ""depth"": 50.0, ""face_h"": 60.0, ""face_w"": 60.0, ""jitter"": 0.3, ""margin_depths"": 2.0, ""pitch"": 5.5, ""plate_t_bot"": 0.05, ""plate_t_top"": 0.05, ""seed"": 102, ""tilt_deg"": 2.0, ""tilt_jitter"": 0.0, ""topology"": ""shingle""}"
FL_bl050grid_flat_d00_s102,floor,shingle/flat,"sheet, grid",0.05,102,d100,bl050grid,shingle,5.5,0.05,50.0,flat,0.0,0.0,50.0,9.090909090909092,0.01522105255136286,20.0,0.0011344703380018473,0.04999997094273567,"{""azimuth_mode"": ""grid"", ""backing"": 2.0, ""depth"": 50.0, ""face_h"": 60.0, ""face_w"": 60.0, ""jitter"": 0.3, ""margin_depths"": 2.0, ""pitch"": 5.5, ""plate_t_bot"": 0.05, ""plate_t_top"": 0.05, ""seed"": 102, ""tilt_deg"": 2.0, ""tilt_jitter"": 0.0, ""topology"": ""shingle""}"
FL_bl050grid_flat_d00_s102,floor,shingle/flat,"sheet, grid",0.05,102,d100,bl050grid,shingle,5.5,0.05,50.0,flat,0.0,0.0,50.0,9.090909090909092,0.01522105255136286,40.0,0.0019390031229704618,0.04999997094273567,"{""azimuth_mode"": ""grid"", ""backing"": 2.0, ""depth"": 50.0, ""face_h"": 60.0, ""face_w"": 60.0, ""jitter"": 0.3, ""margin_depths"": 2.0, ""pitch"": 5.5, ""plate_t_bot"": 0.05, ""plate_t_top"": 0.05, ""seed"": 102, ""tilt_deg"": 2.0, ""tilt_jitter"": 0.0, ""topology"": ""shingle""}"
FL_bl050grid_cone_d20_s102,floor,shingle/cone,"sheet, grid",0.05,102,d00,bl050grid,shingle,5.5,0.05,48.0,cone,2.0,2.0,50.0,9.090909090909092,0.01522105255136286,0.0,0.0006666772533208132,0.04999997094273567,"{""backing"": 2.0, ""bot"": ""cone"", ""bot_depth"": 2.0, ""bot_params"": {""depth_jitter"": 0.0, ""height_seg"": 6, ""jitter"": 0.3, ""pitch"": 2.0, ""profile_power"": 1.0, ""radial_seg"": 16, ""tip_radius"": 0.1}, ""face_h"": 60.0, ""face_w"": 60.0, ""margin_depths"": 2.0, ""seed"": 102, ""top"": ""shingle"", ""top_depth"": 48.0, ""top_params"": {""azimuth_mode"": ""grid"", ""jitter"": 0.3, ""pitch"": 5.5, ""plate_t_bot"": 0.05, ""plate_t_top"": 0.05, ""tilt_deg"": 2.0, ""tilt_jitter"": 0.0}}"
FL_bl050grid_cone_d20_s102,floor,shingle/cone,"sheet, grid",0.05,102,d00,bl050grid,shingle,5.5,0.05,48.0,cone,2.0,2.0,50.0,9.090909090909092,0.01522105255136286,-20.0,0.0004444134247023612,0.04999997094273567,"{""backing"": 2.0, ""bot"": ""cone"", ""bot_depth"": 2.0, ""bot_params"": {""depth_jitter"": 0.0, ""height_seg"": 6, ""jitter"": 0.3, ""pitch"": 2.0, ""profile_power"": 1.0, ""radial_seg"": 16, ""tip_radius"": 0.1}, ""face_h"": 60.0, ""face_w"": 60.0, ""margin_depths"": 2.0, ""seed"": 102, ""top"": ""shingle"", ""top_depth"": 48.0, ""top_params"": {""azimuth_mode"": ""grid"", ""jitter"": 0.3, ""pitch"": 5.5, ""plate_t_bot"": 0.05, ""plate_t_top"": 0.05, ""tilt_deg"": 2.0, ""tilt_jitter"": 0.0}}"
FL_bl050grid_cone_d20_s102,floor,shingle/cone,"sheet, grid",0.05,102,d00,bl050grid,shingle,5.5,0.05,48.0,cone,2.0,2.0,50.0,9.090909090909092,0.01522105255136286,-40.0,0.0003834699746221304,0.04999997094273567,"{""backing"": 2.0, ""bot"": ""cone"", ""bot_depth"": 2.0, ""bot_params"": {""depth_jitter"": 0.0, ""height_seg"": 6, ""jitter"": 0.3, ""pitch"": 2.0, ""profile_power"": 1.0, ""radial_seg"": 16, ""tip_radius"": 0.1}, ""face_h"": 60.0, ""face_w"": 60.0, ""margin_depths"": 2.0, ""seed"": 102, ""top"": ""shingle"", ""top_depth"": 48.0, ""top_params"": {""azimuth_mode"": ""grid"", ""jitter"": 0.3, ""pitch"": 5.5, ""plate_t_bot"": 0.05, ""plate_t_top"": 0.05, ""tilt_deg"": 2.0, ""tilt_jitter"": 0.0}}"
FL_bl050grid_cone_d20_s102,floor,shingle/cone,"sheet, grid",0.05,102,d00,bl050grid,shingle,5.5,0.05,48.0,cone,2.0,2.0,50.0,9.090909090909092,0.01522105255136286,20.0,0.00040733764762990177,0.04999997094273567,"{""backing"": 2.0, ""bot"": ""cone"", ""bot_depth"": 2.0, ""bot_params"": {""depth_jitter"": 0.0, ""height_seg"": 6, ""jitter"": 0.3, ""pitch"": 2.0, ""profile_power"": 1.0, ""radial_seg"": 16, ""tip_radius"": 0.1}, ""face_h"": 60.0, ""face_w"": 60.0, ""margin_depths"": 2.0, ""seed"": 102, ""top"": ""shingle"", ""top_depth"": 48.0, ""top_params"": {""azimuth_mode"": ""grid"", ""jitter"": 0.3, ""pitch"": 5.5, ""plate_t_bot"": 0.05, ""plate_t_top"": 0.05, ""tilt_deg"": 2.0, ""tilt_jitter"": 0.0}}"
FL_bl050grid_cone_d20_s102,floor,shingle/cone,"sheet, grid",0.05,102,d00,bl050grid,shingle,5.5,0.05,48.0,cone,2.0,2.0,50.0,9.090909090909092,0.01522105255136286,40.0,0.0003645321703515947,0.04999997094273567,"{""backing"": 2.0, ""bot"": ""cone"", ""bot_depth"": 2.0, ""bot_params"": {""depth_jitter"": 0.0, ""height_seg"": 6, ""jitter"": 0.3, ""pitch"": 2.0, ""profile_power"": 1.0, ""radial_seg"": 16, ""tip_radius"": 0.1}, ""face_h"": 60.0, ""face_w"": 60.0, ""margin_depths"": 2.0, ""seed"": 102, ""top"": ""shingle"", ""top_depth"": 48.0, ""top_params"": {""azimuth_mode"": ""grid"", ""jitter"": 0.3, ""pitch"": 5.5, ""plate_t_bot"": 0.05, ""plate_t_top"": 0.05, ""tilt_deg"": 2.0, ""tilt_jitter"": 0.0}}"
FL_bl050grid_cone_d20_s102,floor,shingle/cone,"sheet, grid",0.05,102,d76,bl050grid,shingle,5.5,0.05,48.0,cone,2.0,2.0,50.0,9.090909090909092,0.01522105255136286,0.0,0.0004081105289515108,0.04999997094273567,"{""backing"": 2.0, ""bot"": ""cone"", ""bot_depth"": 2.0, ""bot_params"": {""depth_jitter"": 0.0, ""height_seg"": 6, ""jitter"": 0.3, ""pitch"": 2.0, ""profile_power"": 1.0, ""radial_seg"": 16, ""tip_radius"": 0.1}, ""face_h"": 60.0, ""face_w"": 60.0, ""margin_depths"": 2.0, ""seed"": 102, ""top"": ""shingle"", ""top_depth"": 48.0, ""top_params"": {""azimuth_mode"": ""grid"", ""jitter"": 0.3, ""pitch"": 5.5, ""plate_t_bot"": 0.05, ""plate_t_top"": 0.05, ""tilt_deg"": 2.0, ""tilt_jitter"": 0.0}}"
FL_bl050grid_cone_d20_s102,floor,shingle/cone,"sheet, grid",0.05,102,d76,bl050grid,shingle,5.5,0.05,48.0,cone,2.0,2.0,50.0,9.090909090909092,0.01522105255136286,-20.0,0.0007736349361948669,0.04999997094273567,"{""backing"": 2.0, ""bot"": ""cone"", ""bot_depth"": 2.0, ""bot_params"": {""depth_jitter"": 0.0, ""height_seg"": 6, ""jitter"": 0.3, ""pitch"": 2.0, ""profile_power"": 1.0, ""radial_seg"": 16, ""tip_radius"": 0.1}, ""face_h"": 60.0, ""face_w"": 60.0, ""margin_depths"": 2.0, ""seed"": 102, ""top"": ""shingle"", ""top_depth"": 48.0, ""top_params"": {""azimuth_mode"": ""grid"", ""jitter"": 0.3, ""pitch"": 5.5, ""plate_t_bot"": 0.05, ""plate_t_top"": 0.05, ""tilt_deg"": 2.0, ""tilt_jitter"": 0.0}}"
FL_bl050grid_cone_d20_s102,floor,shingle/cone,"sheet, grid",0.05,102,d76,bl050grid,shingle,5.5,0.05,48.0,cone,2.0,2.0,50.0,9.090909090909092,0.01522105255136286,-40.0,0.0013127868296578526,0.04999997094273567,"{""backing"": 2.0, ""bot"": ""cone"", ""bot_depth"": 2.0, ""bot_params"": {""depth_jitter"": 0.0, ""height_seg"": 6, ""jitter"": 0.3, ""pitch"": 2.0, ""profile_power"": 1.0, ""radial_seg"": 16, ""tip_radius"": 0.1}, ""face_h"": 60.0, ""face_w"": 60.0, ""margin_depths"": 2.0, ""seed"": 102, ""top"": ""shingle"", ""top_depth"": 48.0, ""top_params"": {""azimuth_mode"": ""grid"", ""jitter"": 0.3, ""pitch"": 5.5, ""plate_t_bot"": 0.05, ""plate_t_top"": 0.05, ""tilt_deg"": 2.0, ""tilt_jitter"": 0.0}}"
FL_bl050grid_cone_d20_s102,floor,shingle/cone,"sheet, grid",0.05,102,d76,bl050grid,shingle,5.5,0.05,48.0,cone,2.0,2.0,50.0,9.090909090909092,0.01522105255136286,20.0,0.0008877409854903817,0.04999997094273567,"{""backing"": 2.0, ""bot"": ""cone"", ""bot_depth"": 2.0, ""bot_params"": {""depth_jitter"": 0.0, ""height_seg"": 6, ""jitter"": 0.3, ""pitch"": 2.0, ""profile_power"": 1.0, ""radial_seg"": 16, ""tip_radius"": 0.1}, ""face_h"": 60.0, ""face_w"": 60.0, ""margin_depths"": 2.0, ""seed"": 102, ""top"": ""shingle"", ""top_depth"": 48.0, ""top_params"": {""azimuth_mode"": ""grid"", ""jitter"": 0.3, ""pitch"": 5.5, ""plate_t_bot"": 0.05, ""plate_t_top"": 0.05, ""tilt_deg"": 2.0, ""tilt_jitter"": 0.0}}"
FL_bl050grid_cone_d20_s102,floor,shingle/cone,"sheet, grid",0.05,102,d76,bl050grid,shingle,5.5,0.05,48.0,cone,2.0,2.0,50.0,9.090909090909092,0.01522105255136286,40.0,0.001465624081902206,0.04999997094273567,"{""backing"": 2.0, ""bot"": ""cone"", ""bot_depth"": 2.0, ""bot_params"": {""depth_jitter"": 0.0, ""height_seg"": 6, ""jitter"": 0.3, ""pitch"": 2.0, ""profile_power"": 1.0, ""radial_seg"": 16, ""tip_radius"": 0.1}, ""face_h"": 60.0, ""face_w"": 60.0, ""margin_depths"": 2.0, ""seed"": 102, ""top"": ""shingle"", ""top_depth"": 48.0, ""top_params"": {""azimuth_mode"": ""grid"", ""jitter"": 0.3, ""pitch"": 5.5, ""plate_t_bot"": 0.05, ""plate_t_top"": 0.05, ""tilt_deg"": 2.0, ""tilt_jitter"": 0.0}}"
FL_bl050grid_cone_d20_s102,floor,shingle/cone,"sheet, grid",0.05,102,d100,bl050grid,shingle,5.5,0.05,48.0,cone,2.0,2.0,50.0,9.090909090909092,0.01522105255136286,0.0,0.0003579546755645424,0.04999997094273567,"{""backing"": 2.0, ""bot"": ""cone"", ""bot_depth"": 2.0, ""bot_params"": {""depth_jitter"": 0.0, ""height_seg"": 6, ""jitter"": 0.3, ""pitch"": 2.0, ""profile_power"": 1.0, ""radial_seg"": 16, ""tip_radius"": 0.1}, ""face_h"": 60.0, ""face_w"": 60.0, ""margin_depths"": 2.0, ""seed"": 102, ""top"": ""shingle"", ""top_depth"": 48.0, ""top_params"": {""azimuth_mode"": ""grid"", ""jitter"": 0.3, ""pitch"": 5.5, ""plate_t_bot"": 0.05, ""plate_t_top"": 0.05, ""tilt_deg"": 2.0, ""tilt_jitter"": 0.0}}"
FL_bl050grid_cone_d20_s102,floor,shingle/cone,"sheet, grid",0.05,102,d100,bl050grid,shingle,5.5,0.05,48.0,cone,2.0,2.0,50.0,9.090909090909092,0.01522105255136286,-20.0,0.0008936938247643411,0.04999997094273567,"{""backing"": 2.0, ""bot"": ""cone"", ""bot_depth"": 2.0, ""bot_params"": {""depth_jitter"": 0.0, ""height_seg"": 6, ""jitter"": 0.3, ""pitch"": 2.0, ""profile_power"": 1.0, ""radial_seg"": 16, ""tip_radius"": 0.1}, ""face_h"": 60.0, ""face_w"": 60.0, ""margin_depths"": 2.0, ""seed"": 102, ""top"": ""shingle"", ""top_depth"": 48.0, ""top_params"": {""azimuth_mode"": ""grid"", ""jitter"": 0.3, ""pitch"": 5.5, ""plate_t_bot"": 0.05, ""plate_t_top"": 0.05, ""tilt_deg"": 2.0, ""tilt_jitter"": 0.0}}"
FL_bl050grid_cone_d20_s102,floor,shingle/cone,"sheet, grid",0.05,102,d100,bl050grid,shingle,5.5,0.05,48.0,cone,2.0,2.0,50.0,9.090909090909092,0.01522105255136286,-40.0,0.001624196651391685,0.04999997094273567,"{""backing"": 2.0, ""bot"": ""cone"", ""bot_depth"": 2.0, ""bot_params"": {""depth_jitter"": 0.0, ""height_seg"": 6, ""jitter"": 0.3, ""pitch"": 2.0, ""profile_power"": 1.0, ""radial_seg"": 16, ""tip_radius"": 0.1}, ""face_h"": 60.0, ""face_w"": 60.0, ""margin_depths"": 2.0, ""seed"": 102, ""top"": ""shingle"", ""top_depth"": 48.0, ""top_params"": {""azimuth_mode"": ""grid"", ""jitter"": 0.3, ""pitch"": 5.5, ""plate_t_bot"": 0.05, ""plate_t_top"": 0.05, ""tilt_deg"": 2.0, ""tilt_jitter"": 0.0}}"
FL_bl050grid_cone_d20_s102,floor,shingle/cone,"sheet, grid",0.05,102,d100,bl050grid,shingle,5.5,0.05,48.0,cone,2.0,2.0,50.0,9.090909090909092,0.01522105255136286,20.0,0.0010565279517322779,0.04999997094273567,"{""backing"": 2.0, ""bot"": ""cone"", ""bot_depth"": 2.0, ""bot_params"": {""depth_jitter"": 0.0, ""height_seg"": 6, ""jitter"": 0.3, ""pitch"": 2.0, ""profile_power"": 1.0, ""radial_seg"": 16, ""tip_radius"": 0.1}, ""face_h"": 60.0, ""face_w"": 60.0, ""margin_depths"": 2.0, ""seed"": 102, ""top"": ""shingle"", ""top_depth"": 48.0, ""top_params"": {""azimuth_mode"": ""grid"", ""jitter"": 0.3, ""pitch"": 5.5, ""plate_t_bot"": 0.05, ""plate_t_top"": 0.05, ""tilt_deg"": 2.0, ""tilt_jitter"": 0.0}}"
FL_bl050grid_cone_d20_s102,floor,shingle/cone,"sheet, grid",0.05,102,d100,bl050grid,shingle,5.5,0.05,48.0,cone,2.0,2.0,50.0,9.090909090909092,0.01522105255136286,40.0,0.0018216243479400873,0.04999997094273567,"{""backing"": 2.0, ""bot"": ""cone"", ""bot_depth"": 2.0, ""bot_params"": {""depth_jitter"": 0.0, ""height_seg"": 6, ""jitter"": 0.3, ""pitch"": 2.0, ""profile_power"": 1.0, ""radial_seg"": 16, ""tip_radius"": 0.1}, ""face_h"": 60.0, ""face_w"": 60.0, ""margin_depths"": 2.0, ""seed"": 102, ""top"": ""shingle"", ""top_depth"": 48.0, ""top_params"": {""azimuth_mode"": ""grid"", ""jitter"": 0.3, ""pitch"": 5.5, ""plate_t_bot"": 0.05, ""plate_t_top"": 0.05, ""tilt_deg"": 2.0, ""tilt_jitter"": 0.0}}"
FL_bl050grid_cone_d30_s102,floor,shingle/cone,"sheet, grid",0.05,102,d00,bl050grid,shingle,5.5,0.05,47.0,cone,3.0,2.0,50.0,9.090909090909092,0.01522105255136286,0.0,0.0006017224513925612,0.04999997094273567,"{""backing"": 2.0, ""bot"": ""cone"", ""bot_depth"": 3.0, ""bot_params"": {""depth_jitter"": 0.0, ""height_seg"": 6, ""jitter"": 0.3, ""pitch"": 2.0, ""profile_power"": 1.0, ""radial_seg"": 16, ""tip_radius"": 0.1}, ""face_h"": 60.0, ""face_w"": 60.0, ""margin_depths"": 2.0, ""seed"": 102, ""top"": ""shingle"", ""top_depth"": 47.0, ""top_params"": {""azimuth_mode"": ""grid"", ""jitter"": 0.3, ""pitch"": 5.5, ""plate_t_bot"": 0.05, ""plate_t_top"": 0.05, ""tilt_deg"": 2.0, ""tilt_jitter"": 0.0}}"
FL_bl050grid_cone_d30_s102,floor,shingle/cone,"sheet, grid",0.05,102,d00,bl050grid,shingle,5.5,0.05,47.0,cone,3.0,2.0,50.0,9.090909090909092,0.01522105255136286,-20.0,0.0004430930712260306,0.04999997094273567,"{""backing"": 2.0, ""bot"": ""cone"", ""bot_depth"": 3.0, ""bot_params"": {""depth_jitter"": 0.0, ""height_seg"": 6, ""jitter"": 0.3, ""pitch"": 2.0, ""profile_power"": 1.0, ""radial_seg"": 16, ""tip_radius"": 0.1}, ""face_h"": 60.0, ""face_w"": 60.0, ""margin_depths"": 2.0, ""seed"": 102, ""top"": ""shingle"", ""top_depth"": 47.0, ""top_params"": {""azimuth_mode"": ""grid"", ""jitter"": 0.3, ""pitch"": 5.5, ""plate_t_bot"": 0.05, ""plate_t_top"": 0.05, ""tilt_deg"": 2.0, ""tilt_jitter"": 0.0}}"
FL_bl050grid_cone_d30_s102,floor,shingle/cone,"sheet, grid",0.05,102,d00,bl050grid,shingle,5.5,0.05,47.0,cone,3.0,2.0,50.0,9.090909090909092,0.01522105255136286,-40.0,0.00038339485763572156,0.04999997094273567,"{""backing"": 2.0, ""bot"": ""cone"", ""bot_depth"": 3.0, ""bot_params"": {""depth_jitter"": 0.0, ""height_seg"": 6, ""jitter"": 0.3, ""pitch"": 2.0, ""profile_power"": 1.0, ""radial_seg"": 16, ""tip_radius"": 0.1}, ""face_h"": 60.0, ""face_w"": 60.0, ""margin_depths"": 2.0, ""seed"": 102, ""top"": ""shingle"", ""top_depth"": 47.0, ""top_params"": {""azimuth_mode"": ""grid"", ""jitter"": 0.3, ""pitch"": 5.5, ""plate_t_bot"": 0.05, ""plate_t_top"": 0.05, ""tilt_deg"": 2.0, ""tilt_jitter"": 0.0}}"
FL_bl050grid_cone_d30_s102,floor,shingle/cone,"sheet, grid",0.05,102,d00,bl050grid,shingle,5.5,0.05,47.0,cone,3.0,2.0,50.0,9.090909090909092,0.01522105255136286,20.0,0.00040701054967939854,0.04999997094273567,"{""backing"": 2.0, ""bot"": ""cone"", ""bot_depth"": 3.0, ""bot_params"": {""depth_jitter"": 0.0, ""height_seg"": 6, ""jitter"": 0.3, ""pitch"": 2.0, ""profile_power"": 1.0, ""radial_seg"": 16, ""tip_radius"": 0.1}, ""face_h"": 60.0, ""face_w"": 60.0, ""margin_depths"": 2.0, ""seed"": 102, ""top"": ""shingle"", ""top_depth"": 47.0, ""top_params"": {""azimuth_mode"": ""grid"", ""jitter"": 0.3, ""pitch"": 5.5, ""plate_t_bot"": 0.05, ""plate_t_top"": 0.05, ""tilt_deg"": 2.0, ""tilt_jitter"": 0.0}}"
FL_bl050grid_cone_d30_s102,floor,shingle/cone,"sheet, grid",0.05,102,d00,bl050grid,shingle,5.5,0.05,47.0,cone,3.0,2.0,50.0,9.090909090909092,0.01522105255136286,40.0,0.0003644700045697391,0.04999997094273567,"{""backing"": 2.0, ""bot"": ""cone"", ""bot_depth"": 3.0, ""bot_params"": {""depth_jitter"": 0.0, ""height_seg"": 6, ""jitter"": 0.3, ""pitch"": 2.0, ""profile_power"": 1.0, ""radial_seg"": 16, ""tip_radius"": 0.1}, ""face_h"": 60.0, ""face_w"": 60.0, ""margin_depths"": 2.0, ""seed"": 102, ""top"": ""shingle"", ""top_depth"": 47.0, ""top_params"": {""azimuth_mode"": ""grid"", ""jitter"": 0.3, ""pitch"": 5.5, ""plate_t_bot"": 0.05, ""plate_t_top"": 0.05, ""tilt_deg"": 2.0, ""tilt_jitter"": 0.0}}"
FL_bl050grid_cone_d30_s102,floor,shingle/cone,"sheet, grid",0.05,102,d76,bl050grid,shingle,5.5,0.05,47.0,cone,3.0,2.0,50.0,9.090909090909092,0.01522105255136286,0.0,0.0003995258011855185,0.04999997094273567,"{""backing"": 2.0, ""bot"": ""cone"", ""bot_depth"": 3.0, ""bot_params"": {""depth_jitter"": 0.0, ""height_seg"": 6, ""jitter"": 0.3, ""pitch"": 2.0, ""profile_power"": 1.0, ""radial_seg"": 16, ""tip_radius"": 0.1}, ""face_h"": 60.0, ""face_w"": 60.0, ""margin_depths"": 2.0, ""seed"": 102, ""top"": ""shingle"", ""top_depth"": 47.0, ""top_params"": {""azimuth_mode"": ""grid"", ""jitter"": 0.3, ""pitch"": 5.5, ""plate_t_bot"": 0.05, ""plate_t_top"": 0.05, ""tilt_deg"": 2.0, ""tilt_jitter"": 0.0}}"
FL_bl050grid_cone_d30_s102,floor,shingle/cone,"sheet, grid",0.05,102,d76,bl050grid,shingle,5.5,0.05,47.0,cone,3.0,2.0,50.0,9.090909090909092,0.01522105255136286,-20.0,0.0007745955954305828,0.04999997094273567,"{""backing"": 2.0, ""bot"": ""cone"", ""bot_depth"": 3.0, ""bot_params"": {""depth_jitter"": 0.0, ""height_seg"": 6, ""jitter"": 0.3, ""pitch"": 2.0, ""profile_power"": 1.0, ""radial_seg"": 16, ""tip_radius"": 0.1}, ""face_h"": 60.0, ""face_w"": 60.0, ""margin_depths"": 2.0, ""seed"": 102, ""top"": ""shingle"", ""top_depth"": 47.0, ""top_params"": {""azimuth_mode"": ""grid"", ""jitter"": 0.3, ""pitch"": 5.5, ""plate_t_bot"": 0.05, ""plate_t_top"": 0.05, ""tilt_deg"": 2.0, ""tilt_jitter"": 0.0}}"
FL_bl050grid_cone_d30_s102,floor,shingle/cone,"sheet, grid",0.05,102,d76,bl050grid,shingle,5.5,0.05,47.0,cone,3.0,2.0,50.0,9.090909090909092,0.01522105255136286,-40.0,0.0013127860147505999,0.04999997094273567,"{""backing"": 2.0, ""bot"": ""cone"", ""bot_depth"": 3.0, ""bot_params"": {""depth_jitter"": 0.0, ""height_seg"": 6, ""jitter"": 0.3, ""pitch"": 2.0, ""profile_power"": 1.0, ""radial_seg"": 16, ""tip_radius"": 0.1}, ""face_h"": 60.0, ""face_w"": 60.0, ""margin_depths"": 2.0, ""seed"": 102, ""top"": ""shingle"", ""top_depth"": 47.0, ""top_params"": {""azimuth_mode"": ""grid"", ""jitter"": 0.3, ""pitch"": 5.5, ""plate_t_bot"": 0.05, ""plate_t_top"": 0.05, ""tilt_deg"": 2.0, ""tilt_jitter"": 0.0}}"
FL_bl050grid_cone_d30_s102,floor,shingle/cone,"sheet, grid",0.05,102,d76,bl050grid,shingle,5.5,0.05,47.0,cone,3.0,2.0,50.0,9.090909090909092,0.01522105255136286,20.0,0.0008877654909156263,0.04999997094273567,"{""backing"": 2.0, ""bot"": ""cone"", ""bot_depth"": 3.0, ""bot_params"": {""depth_jitter"": 0.0, ""height_seg"": 6, ""jitter"": 0.3, ""pitch"": 2.0, ""profile_power"": 1.0, ""radial_seg"": 16, ""tip_radius"": 0.1}, ""face_h"": 60.0, ""face_w"": 60.0, ""margin_depths"": 2.0, ""seed"": 102, ""top"": ""shingle"", ""top_depth"": 47.0, ""top_params"": {""azimuth_mode"": ""grid"", ""jitter"": 0.3, ""pitch"": 5.5, ""plate_t_bot"": 0.05, ""plate_t_top"": 0.05, ""tilt_deg"": 2.0, ""tilt_jitter"": 0.0}}"
FL_bl050grid_cone_d30_s102,floor,shingle/cone,"sheet, grid",0.05,102,d76,bl050grid,shingle,5.5,0.05,47.0,cone,3.0,2.0,50.0,9.090909090909092,0.01522105255136286,40.0,0.0014655700651928782,0.04999997094273567,"{""backing"": 2.0, ""bot"": ""cone"", ""bot_depth"": 3.0, ""bot_params"": {""depth_jitter"": 0.0, ""height_seg"": 6, ""jitter"": 0.3, ""pitch"": 2.0, ""profile_power"": 1.0, ""radial_seg"": 16, ""tip_radius"": 0.1}, ""face_h"": 60.0, ""face_w"": 60.0, ""margin_depths"": 2.0, ""seed"": 102, ""top"": ""shingle"", ""top_depth"": 47.0, ""top_params"": {""azimuth_mode"": ""grid"", ""jitter"": 0.3, ""pitch"": 5.5, ""plate_t_bot"": 0.05, ""plate_t_top"": 0.05, ""tilt_deg"": 2.0, ""tilt_jitter"": 0.0}}"
FL_bl050grid_cone_d30_s102,floor,shingle/cone,"sheet, grid",0.05,102,d100,bl050grid,shingle,5.5,0.05,47.0,cone,3.0,2.0,50.0,9.090909090909092,0.01522105255136286,0.0,0.00034893277916125953,0.04999997094273567,"{""backing"": 2.0, ""bot"": ""cone"", ""bot_depth"": 3.0, ""bot_params"": {""depth_jitter"": 0.0, ""height_seg"": 6, ""jitter"": 0.3, ""pitch"": 2.0, ""profile_power"": 1.0, ""radial_seg"": 16, ""tip_radius"": 0.1}, ""face_h"": 60.0, ""face_w"": 60.0, ""margin_depths"": 2.0, ""seed"": 102, ""top"": ""shingle"", ""top_depth"": 47.0, ""top_params"": {""azimuth_mode"": ""grid"", ""jitter"": 0.3, ""pitch"": 5.5, ""plate_t_bot"": 0.05, ""plate_t_top"": 0.05, ""tilt_deg"": 2.0, ""tilt_jitter"": 0.0}}"
FL_bl050grid_cone_d30_s102,floor,shingle/cone,"sheet, grid",0.05,102,d100,bl050grid,shingle,5.5,0.05,47.0,cone,3.0,2.0,50.0,9.090909090909092,0.01522105255136286,-20.0,0.0008938153041526675,0.04999997094273567,"{""backing"": 2.0, ""bot"": ""cone"", ""bot_depth"": 3.0, ""bot_params"": {""depth_jitter"": 0.0, ""height_seg"": 6, ""jitter"": 0.3, ""pitch"": 2.0, ""profile_power"": 1.0, ""radial_seg"": 16, ""tip_radius"": 0.1}, ""face_h"": 60.0, ""face_w"": 60.0, ""margin_depths"": 2.0, ""seed"": 102, ""top"": ""shingle"", ""top_depth"": 47.0, ""top_params"": {""azimuth_mode"": ""grid"", ""jitter"": 0.3, ""pitch"": 5.5, ""plate_t_bot"": 0.05, ""plate_t_top"": 0.05, ""tilt_deg"": 2.0, ""tilt_jitter"": 0.0}}"
FL_bl050grid_cone_d30_s102,floor,shingle/cone,"sheet, grid",0.05,102,d100,bl050grid,shingle,5.5,0.05,47.0,cone,3.0,2.0,50.0,9.090909090909092,0.01522105255136286,-40.0,0.0016241956036537886,0.04999997094273567,"{""backing"": 2.0, ""bot"": ""cone"", ""bot_depth"": 3.0, ""bot_params"": {""depth_jitter"": 0.0, ""height_seg"": 6, ""jitter"": 0.3, ""pitch"": 2.0, ""profile_power"": 1.0, ""radial_seg"": 16, ""tip_radius"": 0.1}, ""face_h"": 60.0, ""face_w"": 60.0, ""margin_depths"": 2.0, ""seed"": 102, ""top"": ""shingle"", ""top_depth"": 47.0, ""top_params"": {""azimuth_mode"": ""grid"", ""jitter"": 0.3, ""pitch"": 5.5, ""plate_t_bot"": 0.05, ""plate_t_top"": 0.05, ""tilt_deg"": 2.0, ""tilt_jitter"": 0.0}}"
FL_bl050grid_cone_d30_s102,floor,shingle/cone,"sheet, grid",0.05,102,d100,bl050grid,shingle,5.5,0.05,47.0,cone,3.0,2.0,50.0,9.090909090909092,0.01522105255136286,20.0,0.0010565259726718068,0.04999997094273567,"{""backing"": 2.0, ""bot"": ""cone"", ""bot_depth"": 3.0, ""bot_params"": {""depth_jitter"": 0.0, ""height_seg"": 6, ""jitter"": 0.3, ""pitch"": 2.0, ""profile_power"": 1.0, ""radial_seg"": 16, ""tip_radius"": 0.1}, ""face_h"": 60.0, ""face_w"": 60.0, ""margin_depths"": 2.0, ""seed"": 102, ""top"": ""shingle"", ""top_depth"": 47.0, ""top_params"": {""azimuth_mode"": ""grid"", ""jitter"": 0.3, ""pitch"": 5.5, ""plate_t_bot"": 0.05, ""plate_t_top"": 0.05, ""tilt_deg"": 2.0, ""tilt_jitter"": 0.0}}"
FL_bl050grid_cone_d30_s102,floor,shingle/cone,"sheet, grid",0.05,102,d100,bl050grid,shingle,5.5,0.05,47.0,cone,3.0,2.0,50.0,9.090909090909092,0.01522105255136286,40.0,0.0018215728923678398,0.04999997094273567,"{""backing"": 2.0, ""bot"": ""cone"", ""bot_depth"": 3.0, ""bot_params"": {""depth_jitter"": 0.0, ""height_seg"": 6, ""jitter"": 0.3, ""pitch"": 2.0, ""profile_power"": 1.0, ""radial_seg"": 16, ""tip_radius"": 0.1}, ""face_h"": 60.0, ""face_w"": 60.0, ""margin_depths"": 2.0, ""seed"": 102, ""top"": ""shingle"", ""top_depth"": 47.0, ""top_params"": {""azimuth_mode"": ""grid"", ""jitter"": 0.3, ""pitch"": 5.5, ""plate_t_bot"": 0.05, ""plate_t_top"": 0.05, ""tilt_deg"": 2.0, ""tilt_jitter"": 0.0}}"
FL_bl050grid_cone_d50_s102,floor,shingle/cone,"sheet, grid",0.05,102,d00,bl050grid,shingle,5.5,0.05,45.0,cone,5.0,2.0,50.0,9.090909090909092,0.01522105255136286,0.0,0.0005668232915922999,0.04999997094273567,"{""backing"": 2.0, ""bot"": ""cone"", ""bot_depth"": 5.0, ""bot_params"": {""depth_jitter"": 0.0, ""height_seg"": 6, ""jitter"": 0.3, ""pitch"": 2.0, ""profile_power"": 1.0, ""radial_seg"": 16, ""tip_radius"": 0.1}, ""face_h"": 60.0, ""face_w"": 60.0, ""margin_depths"": 2.0, ""seed"": 102, ""top"": ""shingle"", ""top_depth"": 45.0, ""top_params"": {""azimuth_mode"": ""grid"", ""jitter"": 0.3, ""pitch"": 5.5, ""plate_t_bot"": 0.05, ""plate_t_top"": 0.05, ""tilt_deg"": 2.0, ""tilt_jitter"": 0.0}}"
FL_bl050grid_cone_d50_s102,floor,shingle/cone,"sheet, grid",0.05,102,d00,bl050grid,shingle,5.5,0.05,45.0,cone,5.0,2.0,50.0,9.090909090909092,0.01522105255136286,-20.0,0.000444917066488415,0.04999997094273567,"{""backing"": 2.0, ""bot"": ""cone"", ""bot_depth"": 5.0, ""bot_params"": {""depth_jitter"": 0.0, ""height_seg"": 6, ""jitter"": 0.3, ""pitch"": 2.0, ""profile_power"": 1.0, ""radial_seg"": 16, ""tip_radius"": 0.1}, ""face_h"": 60.0, ""face_w"": 60.0, ""margin_depths"": 2.0, ""seed"": 102, ""top"": ""shingle"", ""top_depth"": 45.0, ""top_params"": {""azimuth_mode"": ""grid"", ""jitter"": 0.3, ""pitch"": 5.5, ""plate_t_bot"": 0.05, ""plate_t_top"": 0.05, ""tilt_deg"": 2.0, ""tilt_jitter"": 0.0}}"
FL_bl050grid_cone_d50_s102,floor,shingle/cone,"sheet, grid",0.05,102,d00,bl050grid,shingle,5.5,0.05,45.0,cone,5.0,2.0,50.0,9.090909090909092,0.01522105255136286,-40.0,0.00040097959572449327,0.04999997094273567,"{""backing"": 2.0, ""bot"": ""cone"", ""bot_depth"": 5.0, ""bot_params"": {""depth_jitter"": 0.0, ""height_seg"": 6, ""jitter"": 0.3, ""pitch"": 2.0, ""profile_power"": 1.0, ""radial_seg"": 16, ""tip_radius"": 0.1}, ""face_h"": 60.0, ""face_w"": 60.0, ""margin_depths"": 2.0, ""seed"": 102, ""top"": ""shingle"", ""top_depth"": 45.0, ""top_params"": {""azimuth_mode"": ""grid"", ""jitter"": 0.3, ""pitch"": 5.5, ""plate_t_bot"": 0.05, ""plate_t_top"": 0.05, ""tilt_deg"": 2.0, ""tilt_jitter"": 0.0}}"
FL_bl050grid_cone_d50_s102,floor,shingle/cone,"sheet, grid",0.05,102,d00,bl050grid,shingle,5.5,0.05,45.0,cone,5.0,2.0,50.0,9.090909090909092,0.01522105255136286,20.0,0.00041635605157352984,0.04999997094273567,"{""backing"": 2.0, ""bot"": ""cone"", ""bot_depth"": 5.0, ""bot_params"": {""depth_jitter"": 0.0, ""height_seg"": 6, ""jitter"": 0.3, ""pitch"": 2.0, ""profile_power"": 1.0, ""radial_seg"": 16, ""tip_radius"": 0.1}, ""face_h"": 60.0, ""face_w"": 60.0, ""margin_depths"": 2.0, ""seed"": 102, ""top"": ""shingle"", ""top_depth"": 45.0, ""top_params"": {""azimuth_mode"": ""grid"", ""jitter"": 0.3, ""pitch"": 5.5, ""plate_t_bot"": 0.05, ""plate_t_top"": 0.05, ""tilt_deg"": 2.0, ""tilt_jitter"": 0.0}}"
FL_bl050grid_cone_d50_s102,floor,shingle/cone,"sheet, grid",0.05,102,d00,bl050grid,shingle,5.5,0.05,45.0,cone,5.0,2.0,50.0,9.090909090909092,0.01522105255136286,40.0,0.0003918537695426494,0.04999997094273567,"{""backing"": 2.0, ""bot"": ""cone"", ""bot_depth"": 5.0, ""bot_params"": {""depth_jitter"": 0.0, ""height_seg"": 6, ""jitter"": 0.3, ""pitch"": 2.0, ""profile_power"": 1.0, ""radial_seg"": 16, ""tip_radius"": 0.1}, ""face_h"": 60.0, ""face_w"": 60.0, ""margin_depths"": 2.0, ""seed"": 102, ""top"": ""shingle"", ""top_depth"": 45.0, ""top_params"": {""azimuth_mode"": ""grid"", ""jitter"": 0.3, ""pitch"": 5.5, ""plate_t_bot"": 0.05, ""plate_t_top"": 0.05, ""tilt_deg"": 2.0, ""tilt_jitter"": 0.0}}"
FL_bl050grid_cone_d50_s102,floor,shingle/cone,"sheet, grid",0.05,102,d76,bl050grid,shingle,5.5,0.05,45.0,cone,5.0,2.0,50.0,9.090909090909092,0.01522105255136286,0.0,0.00037700709071941674,0.04999997094273567,"{""backing"": 2.0, ""bot"": ""cone"", ""bot_depth"": 5.0, ""bot_params"": {""depth_jitter"": 0.0, ""height_seg"": 6, ""jitter"": 0.3, ""pitch"": 2.0, ""profile_power"": 1.0, ""radial_seg"": 16, ""tip_radius"": 0.1}, ""face_h"": 60.0, ""face_w"": 60.0, ""margin_depths"": 2.0, ""seed"": 102, ""top"": ""shingle"", ""top_depth"": 45.0, ""top_params"": {""azimuth_mode"": ""grid"", ""jitter"": 0.3, ""pitch"": 5.5, ""plate_t_bot"": 0.05, ""plate_t_top"": 0.05, ""tilt_deg"": 2.0, ""tilt_jitter"": 0.0}}"
FL_bl050grid_cone_d50_s102,floor,shingle/cone,"sheet, grid",0.05,102,d76,bl050grid,shingle,5.5,0.05,45.0,cone,5.0,2.0,50.0,9.090909090909092,0.01522105255136286,-20.0,0.0006855616229586303,0.04999997094273567,"{""backing"": 2.0, ""bot"": ""cone"", ""bot_depth"": 5.0, ""bot_params"": {""depth_jitter"": 0.0, ""height_seg"": 6, ""jitter"": 0.3, ""pitch"": 2.0, ""profile_power"": 1.0, ""radial_seg"": 16, ""tip_radius"": 0.1}, ""face_h"": 60.0, ""face_w"": 60.0, ""margin_depths"": 2.0, ""seed"": 102, ""top"": ""shingle"", ""top_depth"": 45.0, ""top_params"": {""azimuth_mode"": ""grid"", ""jitter"": 0.3, ""pitch"": 5.5, ""plate_t_bot"": 0.05, ""plate_t_top"": 0.05, ""tilt_deg"": 2.0, ""tilt_jitter"": 0.0}}"
FL_bl050grid_cone_d50_s102,floor,shingle/cone,"sheet, grid",0.05,102,d76,bl050grid,shingle,5.5,0.05,45.0,cone,5.0,2.0,50.0,9.090909090909092,0.01522105255136286,-40.0,0.0011172002414241433,0.04999997094273567,"{""backing"": 2.0, ""bot"": ""cone"", ""bot_depth"": 5.0, ""bot_params"": {""depth_jitter"": 0.0, ""height_seg"": 6, ""jitter"": 0.3, ""pitch"": 2.0, ""profile_power"": 1.0, ""radial_seg"": 16, ""tip_radius"": 0.1}, ""face_h"": 60.0, ""face_w"": 60.0, ""margin_depths"": 2.0, ""seed"": 102, ""top"": ""shingle"", ""top_depth"": 45.0, ""top_params"": {""azimuth_mode"": ""grid"", ""jitter"": 0.3, ""pitch"": 5.5, ""plate_t_bot"": 0.05, ""plate_t_top"": 0.05, ""tilt_deg"": 2.0, ""tilt_jitter"": 0.0}}"
FL_bl050grid_cone_d50_s102,floor,shingle/cone,"sheet, grid",0.05,102,d76,bl050grid,shingle,5.5,0.05,45.0,cone,5.0,2.0,50.0,9.090909090909092,0.01522105255136286,20.0,0.0008321634959429502,0.04999997094273567,"{""backing"": 2.0, ""bot"": ""cone"", ""bot_depth"": 5.0, ""bot_params"": {""depth_jitter"": 0.0, ""height_seg"": 6, ""jitter"": 0.3, ""pitch"": 2.0, ""profile_power"": 1.0, ""radial_seg"": 16, ""tip_radius"": 0.1}, ""face_h"": 60.0, ""face_w"": 60.0, ""margin_depths"": 2.0, ""seed"": 102, ""top"": ""shingle"", ""top_depth"": 45.0, ""top_params"": {""azimuth_mode"": ""grid"", ""jitter"": 0.3, ""pitch"": 5.5, ""plate_t_bot"": 0.05, ""plate_t_top"": 0.05, ""tilt_deg"": 2.0, ""tilt_jitter"": 0.0}}"
FL_bl050grid_cone_d50_s102,floor,shingle/cone,"sheet, grid",0.05,102,d76,bl050grid,shingle,5.5,0.05,45.0,cone,5.0,2.0,50.0,9.090909090909092,0.01522105255136286,40.0,0.0013489207485690713,0.04999997094273567,"{""backing"": 2.0, ""bot"": ""cone"", ""bot_depth"": 5.0, ""bot_params"": {""depth_jitter"": 0.0, ""height_seg"": 6, ""jitter"": 0.3, ""pitch"": 2.0, ""profile_power"": 1.0, ""radial_seg"": 16, ""tip_radius"": 0.1}, ""face_h"": 60.0, ""face_w"": 60.0, ""margin_depths"": 2.0, ""seed"": 102, ""top"": ""shingle"", ""top_depth"": 45.0, ""top_params"": {""azimuth_mode"": ""grid"", ""jitter"": 0.3, ""pitch"": 5.5, ""plate_t_bot"": 0.05, ""plate_t_top"": 0.05, ""tilt_deg"": 2.0, ""tilt_jitter"": 0.0}}"
FL_bl050grid_cone_d50_s102,floor,shingle/cone,"sheet, grid",0.05,102,d100,bl050grid,shingle,5.5,0.05,45.0,cone,5.0,2.0,50.0,9.090909090909092,0.01522105255136286,0.0,0.0003368808247614652,0.04999997094273567,"{""backing"": 2.0, ""bot"": ""cone"", ""bot_depth"": 5.0, ""bot_params"": {""depth_jitter"": 0.0, ""height_seg"": 6, ""jitter"": 0.3, ""pitch"": 2.0, ""profile_power"": 1.0, ""radial_seg"": 16, ""tip_radius"": 0.1}, ""face_h"": 60.0, ""face_w"": 60.0, ""margin_depths"": 2.0, ""seed"": 102, ""top"": ""shingle"", ""top_depth"": 45.0, ""top_params"": {""azimuth_mode"": ""grid"", ""jitter"": 0.3, ""pitch"": 5.5, ""plate_t_bot"": 0.05, ""plate_t_top"": 0.05, ""tilt_deg"": 2.0, ""tilt_jitter"": 0.0}}"
FL_bl050grid_cone_d50_s102,floor,shingle/cone,"sheet, grid",0.05,102,d100,bl050grid,shingle,5.5,0.05,45.0,cone,5.0,2.0,50.0,9.090909090909092,0.01522105255136286,-20.0,0.0007644026773050427,0.04999997094273567,"{""backing"": 2.0, ""bot"": ""cone"", ""bot_depth"": 5.0, ""bot_params"": {""depth_jitter"": 0.0, ""height_seg"": 6, ""jitter"": 0.3, ""pitch"": 2.0, ""profile_power"": 1.0, ""radial_seg"": 16, ""tip_radius"": 0.1}, ""face_h"": 60.0, ""face_w"": 60.0, ""margin_depths"": 2.0, ""seed"": 102, ""top"": ""shingle"", ""top_depth"": 45.0, ""top_params"": {""azimuth_mode"": ""grid"", ""jitter"": 0.3, ""pitch"": 5.5, ""plate_t_bot"": 0.05, ""plate_t_top"": 0.05, ""tilt_deg"": 2.0, ""tilt_jitter"": 0.0}}"
FL_bl050grid_cone_d50_s102,floor,shingle/cone,"sheet, grid",0.05,102,d100,bl050grid,shingle,5.5,0.05,45.0,cone,5.0,2.0,50.0,9.090909090909092,0.01522105255136286,-40.0,0.0013434835709631443,0.04999997094273567,"{""backing"": 2.0, ""bot"": ""cone"", ""bot_depth"": 5.0, ""bot_params"": {""depth_jitter"": 0.0, ""height_seg"": 6, ""jitter"": 0.3, ""pitch"": 2.0, ""profile_power"": 1.0, ""radial_seg"": 16, ""tip_radius"": 0.1}, ""face_h"": 60.0, ""face_w"": 60.0, ""margin_depths"": 2.0, ""seed"": 102, ""top"": ""shingle"", ""top_depth"": 45.0, ""top_params"": {""azimuth_mode"": ""grid"", ""jitter"": 0.3, ""pitch"": 5.5, ""plate_t_bot"": 0.05, ""plate_t_top"": 0.05, ""tilt_deg"": 2.0, ""tilt_jitter"": 0.0}}"
FL_bl050grid_cone_d50_s102,floor,shingle/cone,"sheet, grid",0.05,102,d100,bl050grid,shingle,5.5,0.05,45.0,cone,5.0,2.0,50.0,9.090909090909092,0.01522105255136286,20.0,0.0009768042946234345,0.04999997094273567,"{""backing"": 2.0, ""bot"": ""cone"", ""bot_depth"": 5.0, ""bot_params"": {""depth_jitter"": 0.0, ""height_seg"": 6, ""jitter"": 0.3, ""pitch"": 2.0, ""profile_power"": 1.0, ""radial_seg"": 16, ""tip_radius"": 0.1}, ""face_h"": 60.0, ""face_w"": 60.0, ""margin_depths"": 2.0, ""seed"": 102, ""top"": ""shingle"", ""top_depth"": 45.0, ""top_params"": {""azimuth_mode"": ""grid"", ""jitter"": 0.3, ""pitch"": 5.5, ""plate_t_bot"": 0.05, ""plate_t_top"": 0.05, ""tilt_deg"": 2.0, ""tilt_jitter"": 0.0}}"
FL_bl050grid_cone_d50_s102,floor,shingle/cone,"sheet, grid",0.05,102,d100,bl050grid,shingle,5.5,0.05,45.0,cone,5.0,2.0,50.0,9.090909090909092,0.01522105255136286,40.0,0.001654873602092266,0.04999997094273567,"{""backing"": 2.0, ""bot"": ""cone"", ""bot_depth"": 5.0, ""bot_params"": {""depth_jitter"": 0.0, ""height_seg"": 6, ""jitter"": 0.3, ""pitch"": 2.0, ""profile_power"": 1.0, ""radial_seg"": 16, ""tip_radius"": 0.1}, ""face_h"": 60.0, ""face_w"": 60.0, ""margin_depths"": 2.0, ""seed"": 102, ""top"": ""shingle"", ""top_depth"": 45.0, ""top_params"": {""azimuth_mode"": ""grid"", ""jitter"": 0.3, ""pitch"": 5.5, ""plate_t_bot"": 0.05, ""plate_t_top"": 0.05, ""tilt_deg"": 2.0, ""tilt_jitter"": 0.0}}"
FL_bl050grid_pyramid_d20_s102,floor,shingle/pyramid,"sheet, grid",0.05,102,d00,bl050grid,shingle,5.5,0.05,48.0,pyramid,2.0,2.0,50.0,9.090909090909092,0.01522105255136286,0.0,0.0005839286604896188,0.04999997094273567,"{""backing"": 2.0, ""bot"": ""pyramid"", ""bot_depth"": 2.0, ""bot_params"": {""margin_depth_ref"": 50.0, ""pitch"": 2.0, ""tip_flat"": 0.1}, ""face_h"": 60.0, ""face_w"": 60.0, ""margin_depths"": 2.0, ""seed"": 102, ""top"": ""shingle"", ""top_depth"": 48.0, ""top_params"": {""azimuth_mode"": ""grid"", ""jitter"": 0.3, ""pitch"": 5.5, ""plate_t_bot"": 0.05, ""plate_t_top"": 0.05, ""tilt_deg"": 2.0, ""tilt_jitter"": 0.0}}"
FL_bl050grid_pyramid_d20_s102,floor,shingle/pyramid,"sheet, grid",0.05,102,d00,bl050grid,shingle,5.5,0.05,48.0,pyramid,2.0,2.0,50.0,9.090909090909092,0.01522105255136286,-20.0,0.0004406058578751981,0.04999997094273567,"{""backing"": 2.0, ""bot"": ""pyramid"", ""bot_depth"": 2.0, ""bot_params"": {""margin_depth_ref"": 50.0, ""pitch"": 2.0, ""tip_flat"": 0.1}, ""face_h"": 60.0, ""face_w"": 60.0, ""margin_depths"": 2.0, ""seed"": 102, ""top"": ""shingle"", ""top_depth"": 48.0, ""top_params"": {""azimuth_mode"": ""grid"", ""jitter"": 0.3, ""pitch"": 5.5, ""plate_t_bot"": 0.05, ""plate_t_top"": 0.05, ""tilt_deg"": 2.0, ""tilt_jitter"": 0.0}}"
FL_bl050grid_pyramid_d20_s102,floor,shingle/pyramid,"sheet, grid",0.05,102,d00,bl050grid,shingle,5.5,0.05,48.0,pyramid,2.0,2.0,50.0,9.090909090909092,0.01522105255136286,-40.0,0.0003833956434391439,0.04999997094273567,"{""backing"": 2.0, ""bot"": ""pyramid"", ""bot_depth"": 2.0, ""bot_params"": {""margin_depth_ref"": 50.0, ""pitch"": 2.0, ""tip_flat"": 0.1}, ""face_h"": 60.0, ""face_w"": 60.0, ""margin_depths"": 2.0, ""seed"": 102, ""top"": ""shingle"", ""top_depth"": 48.0, ""top_params"": {""azimuth_mode"": ""grid"", ""jitter"": 0.3, ""pitch"": 5.5, ""plate_t_bot"": 0.05, ""plate_t_top"": 0.05, ""tilt_deg"": 2.0, ""tilt_jitter"": 0.0}}"
FL_bl050grid_pyramid_d20_s102,floor,shingle/pyramid,"sheet, grid",0.05,102,d00,bl050grid,shingle,5.5,0.05,48.0,pyramid,2.0,2.0,50.0,9.090909090909092,0.01522105255136286,20.0,0.00040661144885234535,0.04999997094273567,"{""backing"": 2.0, ""bot"": ""pyramid"", ""bot_depth"": 2.0, ""bot_params"": {""margin_depth_ref"": 50.0, ""pitch"": 2.0, ""tip_flat"": 0.1}, ""face_h"": 60.0, ""face_w"": 60.0, ""margin_depths"": 2.0, ""seed"": 102, ""top"": ""shingle"", ""top_depth"": 48.0, ""top_params"": {""azimuth_mode"": ""grid"", ""jitter"": 0.3, ""pitch"": 5.5, ""plate_t_bot"": 0.05, ""plate_t_top"": 0.05, ""tilt_deg"": 2.0, ""tilt_jitter"": 0.0}}"
FL_bl050grid_pyramid_d20_s102,floor,shingle/pyramid,"sheet, grid",0.05,102,d00,bl050grid,shingle,5.5,0.05,48.0,pyramid,2.0,2.0,50.0,9.090909090909092,0.01522105255136286,40.0,0.0003645321703515947,0.04999997094273567,"{""backing"": 2.0, ""bot"": ""pyramid"", ""bot_depth"": 2.0, ""bot_params"": {""margin_depth_ref"": 50.0, ""pitch"": 2.0, ""tip_flat"": 0.1}, ""face_h"": 60.0, ""face_w"": 60.0, ""margin_depths"": 2.0, ""seed"": 102, ""top"": ""shingle"", ""top_depth"": 48.0, ""top_params"": {""azimuth_mode"": ""grid"", ""jitter"": 0.3, ""pitch"": 5.5, ""plate_t_bot"": 0.05, ""plate_t_top"": 0.05, ""tilt_deg"": 2.0, ""tilt_jitter"": 0.0}}"
FL_bl050grid_pyramid_d20_s102,floor,shingle/pyramid,"sheet, grid",0.05,102,d76,bl050grid,shingle,5.5,0.05,48.0,pyramid,2.0,2.0,50.0,9.090909090909092,0.01522105255136286,0.0,0.0003942023031413555,0.04999997094273567,"{""backing"": 2.0, ""bot"": ""pyramid"", ""bot_depth"": 2.0, ""bot_params"": {""margin_depth_ref"": 50.0, ""pitch"": 2.0, ""tip_flat"": 0.1}, ""face_h"": 60.0, ""face_w"": 60.0, ""margin_depths"": 2.0, ""seed"": 102, ""top"": ""shingle"", ""top_depth"": 48.0, ""top_params"": {""azimuth_mode"": ""grid"", ""jitter"": 0.3, ""pitch"": 5.5, ""plate_t_bot"": 0.05, ""plate_t_top"": 0.05, ""tilt_deg"": 2.0, ""tilt_jitter"": 0.0}}"
FL_bl050grid_pyramid_d20_s102,floor,shingle/pyramid,"sheet, grid",0.05,102,d76,bl050grid,shingle,5.5,0.05,48.0,pyramid,2.0,2.0,50.0,9.090909090909092,0.01522105255136286,-20.0,0.0007729506469331682,0.04999997094273567,"{""backing"": 2.0, ""bot"": ""pyramid"", ""bot_depth"": 2.0, ""bot_params"": {""margin_depth_ref"": 50.0, ""pitch"": 2.0, ""tip_flat"": 0.1}, ""face_h"": 60.0, ""face_w"": 60.0, ""margin_depths"": 2.0, ""seed"": 102, ""top"": ""shingle"", ""top_depth"": 48.0, ""top_params"": {""azimuth_mode"": ""grid"", ""jitter"": 0.3, ""pitch"": 5.5, ""plate_t_bot"": 0.05, ""plate_t_top"": 0.05, ""tilt_deg"": 2.0, ""tilt_jitter"": 0.0}}"
FL_bl050grid_pyramid_d20_s102,floor,shingle/pyramid,"sheet, grid",0.05,102,d76,bl050grid,shingle,5.5,0.05,48.0,pyramid,2.0,2.0,50.0,9.090909090909092,0.01522105255136286,-40.0,0.001312789972871542,0.04999997094273567,"{""backing"": 2.0, ""bot"": ""pyramid"", ""bot_depth"": 2.0, ""bot_params"": {""margin_depth_ref"": 50.0, ""pitch"": 2.0, ""tip_flat"": 0.1}, ""face_h"": 60.0, ""face_w"": 60.0, ""margin_depths"": 2.0, ""seed"": 102, ""top"": ""shingle"", ""top_depth"": 48.0, ""top_params"": {""azimuth_mode"": ""grid"", ""jitter"": 0.3, ""pitch"": 5.5, ""plate_t_bot"": 0.05, ""plate_t_top"": 0.05, ""tilt_deg"": 2.0, ""tilt_jitter"": 0.0}}"
FL_bl050grid_pyramid_d20_s102,floor,shingle/pyramid,"sheet, grid",0.05,102,d76,bl050grid,shingle,5.5,0.05,48.0,pyramid,2.0,2.0,50.0,9.090909090909092,0.01522105255136286,20.0,0.000887707865331322,0.04999997094273567,"{""backing"": 2.0, ""bot"": ""pyramid"", ""bot_depth"": 2.0, ""bot_params"": {""margin_depth_ref"": 50.0, ""pitch"": 2.0, ""tip_flat"": 0.1}, ""face_h"": 60.0, ""face_w"": 60.0, ""margin_depths"": 2.0, ""seed"": 102, ""top"": ""shingle"", ""top_depth"": 48.0, ""top_params"": {""azimuth_mode"": ""grid"", ""jitter"": 0.3, ""pitch"": 5.5, ""plate_t_bot"": 0.05, ""plate_t_top"": 0.05, ""tilt_deg"": 2.0, ""tilt_jitter"": 0.0}}"
FL_bl050grid_pyramid_d20_s102,floor,shingle/pyramid,"sheet, grid",0.05,102,d76,bl050grid,shingle,5.5,0.05,48.0,pyramid,2.0,2.0,50.0,9.090909090909092,0.01522105255136286,40.0,0.0014656208222731948,0.04999997094273567,"{""backing"": 2.0, ""bot"": ""pyramid"", ""bot_depth"": 2.0, ""bot_params"": {""margin_depth_ref"": 50.0, ""pitch"": 2.0, ""tip_flat"": 0.1}, ""face_h"": 60.0, ""face_w"": 60.0, ""margin_depths"": 2.0, ""seed"": 102, ""top"": ""shingle"", ""top_depth"": 48.0, ""top_params"": {""azimuth_mode"": ""grid"", ""jitter"": 0.3, ""pitch"": 5.5, ""plate_t_bot"": 0.05, ""plate_t_top"": 0.05, ""tilt_deg"": 2.0, ""tilt_jitter"": 0.0}}"
FL_bl050grid_pyramid_d20_s102,floor,shingle/pyramid,"sheet, grid",0.05,102,d100,bl050grid,shingle,5.5,0.05,48.0,pyramid,2.0,2.0,50.0,9.090909090909092,0.01522105255136286,0.0,0.00034700697869993746,0.04999997094273567,"{""backing"": 2.0, ""bot"": ""pyramid"", ""bot_depth"": 2.0, ""bot_params"": {""margin_depth_ref"": 50.0, ""pitch"": 2.0, ""tip_flat"": 0.1}, ""face_h"": 60.0, ""face_w"": 60.0, ""margin_depths"": 2.0, ""seed"": 102, ""top"": ""shingle"", ""top_depth"": 48.0, ""top_params"": {""azimuth_mode"": ""grid"", ""jitter"": 0.3, ""pitch"": 5.5, ""plate_t_bot"": 0.05, ""plate_t_top"": 0.05, ""tilt_deg"": 2.0, ""tilt_jitter"": 0.0}}"
FL_bl050grid_pyramid_d20_s102,floor,shingle/pyramid,"sheet, grid",0.05,102,d100,bl050grid,shingle,5.5,0.05,48.0,pyramid,2.0,2.0,50.0,9.090909090909092,0.01522105255136286,-20.0,0.0008932792698033154,0.04999997094273567,"{""backing"": 2.0, ""bot"": ""pyramid"", ""bot_depth"": 2.0, ""bot_params"": {""margin_depth_ref"": 50.0, ""pitch"": 2.0, ""tip_flat"": 0.1}, ""face_h"": 60.0, ""face_w"": 60.0, ""margin_depths"": 2.0, ""seed"": 102, ""top"": ""shingle"", ""top_depth"": 48.0, ""top_params"": {""azimuth_mode"": ""grid"", ""jitter"": 0.3, ""pitch"": 5.5, ""plate_t_bot"": 0.05, ""plate_t_top"": 0.05, ""tilt_deg"": 2.0, ""tilt_jitter"": 0.0}}"
FL_bl050grid_pyramid_d20_s102,floor,shingle/pyramid,"sheet, grid",0.05,102,d100,bl050grid,shingle,5.5,0.05,48.0,pyramid,2.0,2.0,50.0,9.090909090909092,0.01522105255136286,-40.0,0.0016241956036537886,0.04999997094273567,"{""backing"": 2.0, ""bot"": ""pyramid"", ""bot_depth"": 2.0, ""bot_params"": {""margin_depth_ref"": 50.0, ""pitch"": 2.0, ""tip_flat"": 0.1}, ""face_h"": 60.0, ""face_w"": 60.0, ""margin_depths"": 2.0, ""seed"": 102, ""top"": ""shingle"", ""top_depth"": 48.0, ""top_params"": {""azimuth_mode"": ""grid"", ""jitter"": 0.3, ""pitch"": 5.5, ""plate_t_bot"": 0.05, ""plate_t_top"": 0.05, ""tilt_deg"": 2.0, ""tilt_jitter"": 0.0}}"
FL_bl050grid_pyramid_d20_s102,floor,shingle/pyramid,"sheet, grid",0.05,102,d100,bl050grid,shingle,5.5,0.05,48.0,pyramid,2.0,2.0,50.0,9.090909090909092,0.01522105255136286,20.0,0.0010565263219177723,0.04999997094273567,"{""backing"": 2.0, ""bot"": ""pyramid"", ""bot_depth"": 2.0, ""bot_params"": {""margin_depth_ref"": 50.0, ""pitch"": 2.0, ""tip_flat"": 0.1}, ""face_h"": 60.0, ""face_w"": 60.0, ""margin_depths"": 2.0, ""seed"": 102, ""top"": ""shingle"", ""top_depth"": 48.0, ""top_params"": {""azimuth_mode"": ""grid"", ""jitter"": 0.3, ""pitch"": 5.5, ""plate_t_bot"": 0.05, ""plate_t_top"": 0.05, ""tilt_deg"": 2.0, ""tilt_jitter"": 0.0}}"
FL_bl050grid_pyramid_d20_s102,floor,shingle/pyramid,"sheet, grid",0.05,102,d100,bl050grid,shingle,5.5,0.05,48.0,pyramid,2.0,2.0,50.0,9.090909090909092,0.01522105255136286,40.0,0.0018216236494481564,0.04999997094273567,"{""backing"": 2.0, ""bot"": ""pyramid"", ""bot_depth"": 2.0, ""bot_params"": {""margin_depth_ref"": 50.0, ""pitch"": 2.0, ""tip_flat"": 0.1}, ""face_h"": 60.0, ""face_w"": 60.0, ""margin_depths"": 2.0, ""seed"": 102, ""top"": ""shingle"", ""top_depth"": 48.0, ""top_params"": {""azimuth_mode"": ""grid"", ""jitter"": 0.3, ""pitch"": 5.5, ""plate_t_bot"": 0.05, ""plate_t_top"": 0.05, ""tilt_deg"": 2.0, ""tilt_jitter"": 0.0}}"
FL_bl050grid_pyramid_d30_s102,floor,shingle/pyramid,"sheet, grid",0.05,102,d00,bl050grid,shingle,5.5,0.05,47.0,pyramid,3.0,2.0,50.0,9.090909090909092,0.01522105255136286,0.0,0.0005823904066346586,0.04999997094273567,"{""backing"": 2.0, ""bot"": ""pyramid"", ""bot_depth"": 3.0, ""bot_params"": {""margin_depth_ref"": 50.0, ""pitch"": 2.0, ""tip_flat"": 0.1}, ""face_h"": 60.0, ""face_w"": 60.0, ""margin_depths"": 2.0, ""seed"": 102, ""top"": ""shingle"", ""top_depth"": 47.0, ""top_params"": {""azimuth_mode"": ""grid"", ""jitter"": 0.3, ""pitch"": 5.5, ""plate_t_bot"": 0.05, ""plate_t_top"": 0.05, ""tilt_deg"": 2.0, ""tilt_jitter"": 0.0}}"
FL_bl050grid_pyramid_d30_s102,floor,shingle/pyramid,"sheet, grid",0.05,102,d00,bl050grid,shingle,5.5,0.05,47.0,pyramid,3.0,2.0,50.0,9.090909090909092,0.01522105255136286,-20.0,0.00044120411621406674,0.04999997094273567,"{""backing"": 2.0, ""bot"": ""pyramid"", ""bot_depth"": 3.0, ""bot_params"": {""margin_depth_ref"": 50.0, ""pitch"": 2.0, ""tip_flat"": 0.1}, ""face_h"": 60.0, ""face_w"": 60.0, ""margin_depths"": 2.0, ""seed"": 102, ""top"": ""shingle"", ""top_depth"": 47.0, ""top_params"": {""azimuth_mode"": ""grid"", ""jitter"": 0.3, ""pitch"": 5.5, ""plate_t_bot"": 0.05, ""plate_t_top"": 0.05, ""tilt_deg"": 2.0, ""tilt_jitter"": 0.0}}"
FL_bl050grid_pyramid_d30_s102,floor,shingle/pyramid,"sheet, grid",0.05,102,d00,bl050grid,shingle,5.5,0.05,47.0,pyramid,3.0,2.0,50.0,9.090909090909092,0.01522105255136286,-40.0,0.00038335539284162223,0.04999997094273567,"{""backing"": 2.0, ""bot"": ""pyramid"", ""bot_depth"": 3.0, ""bot_params"": {""margin_depth_ref"": 50.0, ""pitch"": 2.0, ""tip_flat"": 0.1}, ""face_h"": 60.0, ""face_w"": 60.0, ""margin_depths"": 2.0, ""seed"": 102, ""top"": ""shingle"", ""top_depth"": 47.0, ""top_params"": {""azimuth_mode"": ""grid"", ""jitter"": 0.3, ""pitch"": 5.5, ""plate_t_bot"": 0.05, ""plate_t_top"": 0.05, ""tilt_deg"": 2.0, ""tilt_jitter"": 0.0}}"
FL_bl050grid_pyramid_d30_s102,floor,shingle/pyramid,"sheet, grid",0.05,102,d00,bl050grid,shingle,5.5,0.05,47.0,pyramid,3.0,2.0,50.0,9.090909090909092,0.01522105255136286,20.0,0.0004066083347424865,0.04999997094273567,"{""backing"": 2.0, ""bot"": ""pyramid"", ""bot_depth"": 3.0, ""bot_params"": {""margin_depth_ref"": 50.0, ""pitch"": 2.0, ""tip_flat"": 0.1}, ""face_h"": 60.0, ""face_w"": 60.0, ""margin_depths"": 2.0, ""seed"": 102, ""top"": ""shingle"", ""top_depth"": 47.0, ""top_params"": {""azimuth_mode"": ""grid"", ""jitter"": 0.3, ""pitch"": 5.5, ""plate_t_bot"": 0.05, ""plate_t_top"": 0.05, ""tilt_deg"": 2.0, ""tilt_jitter"": 0.0}}"
FL_bl050grid_pyramid_d30_s102,floor,shingle/pyramid,"sheet, grid",0.05,102,d00,bl050grid,shingle,5.5,0.05,47.0,pyramid,3.0,2.0,50.0,9.090909090909092,0.01522105255136286,40.0,0.0003644840617198497,0.04999997094273567,"{""backing"": 2.0, ""bot"": ""pyramid"", ""bot_depth"": 3.0, ""bot_params"": {""margin_depth_ref"": 50.0, ""pitch"": 2.0, ""tip_flat"": 0.1}, ""face_h"": 60.0, ""face_w"": 60.0, ""margin_depths"": 2.0, ""seed"": 102, ""top"": ""shingle"", ""top_depth"": 47.0, ""top_params"": {""azimuth_mode"": ""grid"", ""jitter"": 0.3, ""pitch"": 5.5, ""plate_t_bot"": 0.05, ""plate_t_top"": 0.05, ""tilt_deg"": 2.0, ""tilt_jitter"": 0.0}}"
FL_bl050grid_pyramid_d30_s102,floor,shingle/pyramid,"sheet, grid",0.05,102,d76,bl050grid,shingle,5.5,0.05,47.0,pyramid,3.0,2.0,50.0,9.090909090909092,0.01522105255136286,0.0,0.00038739709998480976,0.04999997094273567,"{""backing"": 2.0, ""bot"": ""pyramid"", ""bot_depth"": 3.0, ""bot_params"": {""margin_depth_ref"": 50.0, ""pitch"": 2.0, ""tip_flat"": 0.1}, ""face_h"": 60.0, ""face_w"": 60.0, ""margin_depths"": 2.0, ""seed"": 102, ""top"": ""shingle"", ""top_depth"": 47.0, ""top_params"": {""azimuth_mode"": ""grid"", ""jitter"": 0.3, ""pitch"": 5.5, ""plate_t_bot"": 0.05, ""plate_t_top"": 0.05, ""tilt_deg"": 2.0, ""tilt_jitter"": 0.0}}"
FL_bl050grid_pyramid_d30_s102,floor,shingle/pyramid,"sheet, grid",0.05,102,d76,bl050grid,shingle,5.5,0.05,47.0,pyramid,3.0,2.0,50.0,9.090909090909092,0.01522105255136286,-20.0,0.0007722894079051912,0.04999997094273567,"{""backing"": 2.0, ""bot"": ""pyramid"", ""bot_depth"": 3.0, ""bot_params"": {""margin_depth_ref"": 50.0, ""pitch"": 2.0, ""tip_flat"": 0.1}, ""face_h"": 60.0, ""face_w"": 60.0, ""margin_depths"": 2.0, ""seed"": 102, ""top"": ""shingle"", ""top_depth"": 47.0, ""top_params"": {""azimuth_mode"": ""grid"", ""jitter"": 0.3, ""pitch"": 5.5, ""plate_t_bot"": 0.05, ""plate_t_top"": 0.05, ""tilt_deg"": 2.0, ""tilt_jitter"": 0.0}}"
FL_bl050grid_pyramid_d30_s102,floor,shingle/pyramid,"sheet, grid",0.05,102,d76,bl050grid,shingle,5.5,0.05,47.0,pyramid,3.0,2.0,50.0,9.090909090909092,0.01522105255136286,-40.0,0.0013127929996699095,0.04999997094273567,"{""backing"": 2.0, ""bot"": ""pyramid"", ""bot_depth"": 3.0, ""bot_params"": {""margin_depth_ref"": 50.0, ""pitch"": 2.0, ""tip_flat"": 0.1}, ""face_h"": 60.0, ""face_w"": 60.0, ""margin_depths"": 2.0, ""seed"": 102, ""top"": ""shingle"", ""top_depth"": 47.0, ""top_params"": {""azimuth_mode"": ""grid"", ""jitter"": 0.3, ""pitch"": 5.5, ""plate_t_bot"": 0.05, ""plate_t_top"": 0.05, ""tilt_deg"": 2.0, ""tilt_jitter"": 0.0}}"
FL_bl050grid_pyramid_d30_s102,floor,shingle/pyramid,"sheet, grid",0.05,102,d76,bl050grid,shingle,5.5,0.05,47.0,pyramid,3.0,2.0,50.0,9.090909090909092,0.01522105255136286,20.0,0.000887725967913866,0.04999997094273567,"{""backing"": 2.0, ""bot"": ""pyramid"", ""bot_depth"": 3.0, ""bot_params"": {""margin_depth_ref"": 50.0, ""pitch"": 2.0, ""tip_flat"": 0.1}, ""face_h"": 60.0, ""face_w"": 60.0, ""margin_depths"": 2.0, ""seed"": 102, ""top"": ""shingle"", ""top_depth"": 47.0, ""top_params"": {""azimuth_mode"": ""grid"", ""jitter"": 0.3, ""pitch"": 5.5, ""plate_t_bot"": 0.05, ""plate_t_top"": 0.05, ""tilt_deg"": 2.0, ""tilt_jitter"": 0.0}}"
FL_bl050grid_pyramid_d30_s102,floor,shingle/pyramid,"sheet, grid",0.05,102,d76,bl050grid,shingle,5.5,0.05,47.0,pyramid,3.0,2.0,50.0,9.090909090909092,0.01522105255136286,40.0,0.0014655652921646833,0.04999997094273567,"{""backing"": 2.0, ""bot"": ""pyramid"", ""bot_depth"": 3.0, ""bot_params"": {""margin_depth_ref"": 50.0, ""pitch"": 2.0, ""tip_flat"": 0.1}, ""face_h"": 60.0, ""face_w"": 60.0, ""margin_depths"": 2.0, ""seed"": 102, ""top"": ""shingle"", ""top_depth"": 47.0, ""top_params"": {""azimuth_mode"": ""grid"", ""jitter"": 0.3, ""pitch"": 5.5, ""plate_t_bot"": 0.05, ""plate_t_top"": 0.05, ""tilt_deg"": 2.0, ""tilt_jitter"": 0.0}}"
FL_bl050grid_pyramid_d30_s102,floor,shingle/pyramid,"sheet, grid",0.05,102,d100,bl050grid,shingle,5.5,0.05,47.0,pyramid,3.0,2.0,50.0,9.090909090909092,0.01522105255136286,0.0,0.0003404101880732924,0.04999997094273567,"{""backing"": 2.0, ""bot"": ""pyramid"", ""bot_depth"": 3.0, ""bot_params"": {""margin_depth_ref"": 50.0, ""pitch"": 2.0, ""tip_flat"": 0.1}, ""face_h"": 60.0, ""face_w"": 60.0, ""margin_depths"": 2.0, ""seed"": 102, ""top"": ""shingle"", ""top_depth"": 47.0, ""top_params"": {""azimuth_mode"": ""grid"", ""jitter"": 0.3, ""pitch"": 5.5, ""plate_t_bot"": 0.05, ""plate_t_top"": 0.05, ""tilt_deg"": 2.0, ""tilt_jitter"": 0.0}}"
FL_bl050grid_pyramid_d30_s102,floor,shingle/pyramid,"sheet, grid",0.05,102,d100,bl050grid,shingle,5.5,0.05,47.0,pyramid,3.0,2.0,50.0,9.090909090909092,0.01522105255136286,-20.0,0.0008930280455388129,0.04999997094273567,"{""backing"": 2.0, ""bot"": ""pyramid"", ""bot_depth"": 3.0, ""bot_params"": {""margin_depth_ref"": 50.0, ""pitch"": 2.0, ""tip_flat"": 0.1}, ""face_h"": 60.0, ""face_w"": 60.0, ""margin_depths"": 2.0, ""seed"": 102, ""top"": ""shingle"", ""top_depth"": 47.0, ""top_params"": {""azimuth_mode"": ""grid"", ""jitter"": 0.3, ""pitch"": 5.5, ""plate_t_bot"": 0.05, ""plate_t_top"": 0.05, ""tilt_deg"": 2.0, ""tilt_jitter"": 0.0}}"
FL_bl050grid_pyramid_d30_s102,floor,shingle/pyramid,"sheet, grid",0.05,102,d100,bl050grid,shingle,5.5,0.05,47.0,pyramid,3.0,2.0,50.0,9.090909090909092,0.01522105255136286,-40.0,0.0016241967678070068,0.04999997094273567,"{""backing"": 2.0, ""bot"": ""pyramid"", ""bot_depth"": 3.0, ""bot_params"": {""margin_depth_ref"": 50.0, ""pitch"": 2.0, ""tip_flat"": 0.1}, ""face_h"": 60.0, ""face_w"": 60.0, ""margin_depths"": 2.0, ""seed"": 102, ""top"": ""shingle"", ""top_depth"": 47.0, ""top_params"": {""azimuth_mode"": ""grid"", ""jitter"": 0.3, ""pitch"": 5.5, ""plate_t_bot"": 0.05, ""plate_t_top"": 0.05, ""tilt_deg"": 2.0, ""tilt_jitter"": 0.0}}"
FL_bl050grid_pyramid_d30_s102,floor,shingle/pyramid,"sheet, grid",0.05,102,d100,bl050grid,shingle,5.5,0.05,47.0,pyramid,3.0,2.0,50.0,9.090909090909092,0.01522105255136286,20.0,0.0010565263219177723,0.04999997094273567,"{""backing"": 2.0, ""bot"": ""pyramid"", ""bot_depth"": 3.0, ""bot_params"": {""margin_depth_ref"": 50.0, ""pitch"": 2.0, ""tip_flat"": 0.1}, ""face_h"": 60.0, ""face_w"": 60.0, ""margin_depths"": 2.0, ""seed"": 102, ""top"": ""shingle"", ""top_depth"": 47.0, ""top_params"": {""azimuth_mode"": ""grid"", ""jitter"": 0.3, ""pitch"": 5.5, ""plate_t_bot"": 0.05, ""plate_t_top"": 0.05, ""tilt_deg"": 2.0, ""tilt_jitter"": 0.0}}"
FL_bl050grid_pyramid_d30_s102,floor,shingle/pyramid,"sheet, grid",0.05,102,d100,bl050grid,shingle,5.5,0.05,47.0,pyramid,3.0,2.0,50.0,9.090909090909092,0.01522105255136286,40.0,0.0018215721938759089,0.04999997094273567,"{""backing"": 2.0, ""bot"": ""pyramid"", ""bot_depth"": 3.0, ""bot_params"": {""margin_depth_ref"": 50.0, ""pitch"": 2.0, ""tip_flat"": 0.1}, ""face_h"": 60.0, ""face_w"": 60.0, ""margin_depths"": 2.0, ""seed"": 102, ""top"": ""shingle"", ""top_depth"": 47.0, ""top_params"": {""azimuth_mode"": ""grid"", ""jitter"": 0.3, ""pitch"": 5.5, ""plate_t_bot"": 0.05, ""plate_t_top"": 0.05, ""tilt_deg"": 2.0, ""tilt_jitter"": 0.0}}"
FL_bl050grid_pyramid_d50_s102,floor,shingle/pyramid,"sheet, grid",0.05,102,d00,bl050grid,shingle,5.5,0.05,45.0,pyramid,5.0,2.0,50.0,9.090909090909092,0.01522105255136286,0.0,0.0005636406713165343,0.04999997094273567,"{""backing"": 2.0, ""bot"": ""pyramid"", ""bot_depth"": 5.0, ""bot_params"": {""margin_depth_ref"": 50.0, ""pitch"": 2.0, ""tip_flat"": 0.1}, ""face_h"": 60.0, ""face_w"": 60.0, ""margin_depths"": 2.0, ""seed"": 102, ""top"": ""shingle"", ""top_depth"": 45.0, ""top_params"": {""azimuth_mode"": ""grid"", ""jitter"": 0.3, ""pitch"": 5.5, ""plate_t_bot"": 0.05, ""plate_t_top"": 0.05, ""tilt_deg"": 2.0, ""tilt_jitter"": 0.0}}"
FL_bl050grid_pyramid_d50_s102,floor,shingle/pyramid,"sheet, grid",0.05,102,d00,bl050grid,shingle,5.5,0.05,45.0,pyramid,5.0,2.0,50.0,9.090909090909092,0.01522105255136286,-20.0,0.00044703533058054745,0.04999997094273567,"{""backing"": 2.0, ""bot"": ""pyramid"", ""bot_depth"": 5.0, ""bot_params"": {""margin_depth_ref"": 50.0, ""pitch"": 2.0, ""tip_flat"": 0.1}, ""face_h"": 60.0, ""face_w"": 60.0, ""margin_depths"": 2.0, ""seed"": 102, ""top"": ""shingle"", ""top_depth"": 45.0, ""top_params"": {""azimuth_mode"": ""grid"", ""jitter"": 0.3, ""pitch"": 5.5, ""plate_t_bot"": 0.05, ""plate_t_top"": 0.05, ""tilt_deg"": 2.0, ""tilt_jitter"": 0.0}}"
FL_bl050grid_pyramid_d50_s102,floor,shingle/pyramid,"sheet, grid",0.05,102,d00,bl050grid,shingle,5.5,0.05,45.0,pyramid,5.0,2.0,50.0,9.090909090909092,0.01522105255136286,-40.0,0.000400968681788072,0.04999997094273567,"{""backing"": 2.0, ""bot"": ""pyramid"", ""bot_depth"": 5.0, ""bot_params"": {""margin_depth_ref"": 50.0, ""pitch"": 2.0, ""tip_flat"": 0.1}, ""face_h"": 60.0, ""face_w"": 60.0, ""margin_depths"": 2.0, ""seed"": 102, ""top"": ""shingle"", ""top_depth"": 45.0, ""top_params"": {""azimuth_mode"": ""grid"", ""jitter"": 0.3, ""pitch"": 5.5, ""plate_t_bot"": 0.05, ""plate_t_top"": 0.05, ""tilt_deg"": 2.0, ""tilt_jitter"": 0.0}}"
FL_bl050grid_pyramid_d50_s102,floor,shingle/pyramid,"sheet, grid",0.05,102,d00,bl050grid,shingle,5.5,0.05,45.0,pyramid,5.0,2.0,50.0,9.090909090909092,0.01522105255136286,20.0,0.0004145696584600955,0.04999997094273567,"{""backing"": 2.0, ""bot"": ""pyramid"", ""bot_depth"": 5.0, ""bot_params"": {""margin_depth_ref"": 50.0, ""pitch"": 2.0, ""tip_flat"": 0.1}, ""face_h"": 60.0, ""face_w"": 60.0, ""margin_depths"": 2.0, ""seed"": 102, ""top"": ""shingle"", ""top_depth"": 45.0, ""top_params"": {""azimuth_mode"": ""grid"", ""jitter"": 0.3, ""pitch"": 5.5, ""plate_t_bot"": 0.05, ""plate_t_top"": 0.05, ""tilt_deg"": 2.0, ""tilt_jitter"": 0.0}}"
FL_bl050grid_pyramid_d50_s102,floor,shingle/pyramid,"sheet, grid",0.05,102,d00,bl050grid,shingle,5.5,0.05,45.0,pyramid,5.0,2.0,50.0,9.090909090909092,0.01522105255136286,40.0,0.00039178418228402734,0.04999997094273567,"{""backing"": 2.0, ""bot"": ""pyramid"", ""bot_depth"": 5.0, ""bot_params"": {""margin_depth_ref"": 50.0, ""pitch"": 2.0, ""tip_flat"": 0.1}, ""face_h"": 60.0, ""face_w"": 60.0, ""margin_depths"": 2.0, ""seed"": 102, ""top"": ""shingle"", ""top_depth"": 45.0, ""top_params"": {""azimuth_mode"": ""grid"", ""jitter"": 0.3, ""pitch"": 5.5, ""plate_t_bot"": 0.05, ""plate_t_top"": 0.05, ""tilt_deg"": 2.0, ""tilt_jitter"": 0.0}}"
FL_bl050grid_pyramid_d50_s102,floor,shingle/pyramid,"sheet, grid",0.05,102,d76,bl050grid,shingle,5.5,0.05,45.0,pyramid,5.0,2.0,50.0,9.090909090909092,0.01522105255136286,0.0,0.0003702642279677093,0.04999997094273567,"{""backing"": 2.0, ""bot"": ""pyramid"", ""bot_depth"": 5.0, ""bot_params"": {""margin_depth_ref"": 50.0, ""pitch"": 2.0, ""tip_flat"": 0.1}, ""face_h"": 60.0, ""face_w"": 60.0, ""margin_depths"": 2.0, ""seed"": 102, ""top"": ""shingle"", ""top_depth"": 45.0, ""top_params"": {""azimuth_mode"": ""grid"", ""jitter"": 0.3, ""pitch"": 5.5, ""plate_t_bot"": 0.05, ""plate_t_top"": 0.05, ""tilt_deg"": 2.0, ""tilt_jitter"": 0.0}}"
FL_bl050grid_pyramid_d50_s102,floor,shingle/pyramid,"sheet, grid",0.05,102,d76,bl050grid,shingle,5.5,0.05,45.0,pyramid,5.0,2.0,50.0,9.090909090909092,0.01522105255136286,-20.0,0.0006845787866041064,0.04999997094273567,"{""backing"": 2.0, ""bot"": ""pyramid"", ""bot_depth"": 5.0, ""bot_params"": {""margin_depth_ref"": 50.0, ""pitch"": 2.0, ""tip_flat"": 0.1}, ""face_h"": 60.0, ""face_w"": 60.0, ""margin_depths"": 2.0, ""seed"": 102, ""top"": ""shingle"", ""top_depth"": 45.0, ""top_params"": {""azimuth_mode"": ""grid"", ""jitter"": 0.3, ""pitch"": 5.5, ""plate_t_bot"": 0.05, ""plate_t_top"": 0.05, ""tilt_deg"": 2.0, ""tilt_jitter"": 0.0}}"
FL_bl050grid_pyramid_d50_s102,floor,shingle/pyramid,"sheet, grid",0.05,102,d76,bl050grid,shingle,5.5,0.05,45.0,pyramid,5.0,2.0,50.0,9.090909090909092,0.01522105255136286,-40.0,0.0011171940714120865,0.04999997094273567,"{""backing"": 2.0, ""bot"": ""pyramid"", ""bot_depth"": 5.0, ""bot_params"": {""margin_depth_ref"": 50.0, ""pitch"": 2.0, ""tip_flat"": 0.1}, ""face_h"": 60.0, ""face_w"": 60.0, ""margin_depths"": 2.0, ""seed"": 102, ""top"": ""shingle"", ""top_depth"": 45.0, ""top_params"": {""azimuth_mode"": ""grid"", ""jitter"": 0.3, ""pitch"": 5.5, ""plate_t_bot"": 0.05, ""plate_t_top"": 0.05, ""tilt_deg"": 2.0, ""tilt_jitter"": 0.0}}"
FL_bl050grid_pyramid_d50_s102,floor,shingle/pyramid,"sheet, grid",0.05,102,d76,bl050grid,shingle,5.5,0.05,45.0,pyramid,5.0,2.0,50.0,9.090909090909092,0.01522105255136286,20.0,0.0008312409627251327,0.04999997094273567,"{""backing"": 2.0, ""bot"": ""pyramid"", ""bot_depth"": 5.0, ""bot_params"": {""margin_depth_ref"": 50.0, ""pitch"": 2.0, ""tip_flat"": 0.1}, ""face_h"": 60.0, ""face_w"": 60.0, ""margin_depths"": 2.0, ""seed"": 102, ""top"": ""shingle"", ""top_depth"": 45.0, ""top_params"": {""azimuth_mode"": ""grid"", ""jitter"": 0.3, ""pitch"": 5.5, ""plate_t_bot"": 0.05, ""plate_t_top"": 0.05, ""tilt_deg"": 2.0, ""tilt_jitter"": 0.0}}"
FL_bl050grid_pyramid_d50_s102,floor,shingle/pyramid,"sheet, grid",0.05,102,d76,bl050grid,shingle,5.5,0.05,45.0,pyramid,5.0,2.0,50.0,9.090909090909092,0.01522105255136286,40.0,0.0013489022385329008,0.04999997094273567,"{""backing"": 2.0, ""bot"": ""pyramid"", ""bot_depth"": 5.0, ""bot_params"": {""margin_depth_ref"": 50.0, ""pitch"": 2.0, ""tip_flat"": 0.1}, ""face_h"": 60.0, ""face_w"": 60.0, ""margin_depths"": 2.0, ""seed"": 102, ""top"": ""shingle"", ""top_depth"": 45.0, ""top_params"": {""azimuth_mode"": ""grid"", ""jitter"": 0.3, ""pitch"": 5.5, ""plate_t_bot"": 0.05, ""plate_t_top"": 0.05, ""tilt_deg"": 2.0, ""tilt_jitter"": 0.0}}"
FL_bl050grid_pyramid_d50_s102,floor,shingle/pyramid,"sheet, grid",0.05,102,d100,bl050grid,shingle,5.5,0.05,45.0,pyramid,5.0,2.0,50.0,9.090909090909092,0.01522105255136286,0.0,0.0003289474989287555,0.04999997094273567,"{""backing"": 2.0, ""bot"": ""pyramid"", ""bot_depth"": 5.0, ""bot_params"": {""margin_depth_ref"": 50.0, ""pitch"": 2.0, ""tip_flat"": 0.1}, ""face_h"": 60.0, ""face_w"": 60.0, ""margin_depths"": 2.0, ""seed"": 102, ""top"": ""shingle"", ""top_depth"": 45.0, ""top_params"": {""azimuth_mode"": ""grid"", ""jitter"": 0.3, ""pitch"": 5.5, ""plate_t_bot"": 0.05, ""plate_t_top"": 0.05, ""tilt_deg"": 2.0, ""tilt_jitter"": 0.0}}"
FL_bl050grid_pyramid_d50_s102,floor,shingle/pyramid,"sheet, grid",0.05,102,d100,bl050grid,shingle,5.5,0.05,45.0,pyramid,5.0,2.0,50.0,9.090909090909092,0.01522105255136286,-20.0,0.0007613964844495058,0.04999997094273567,"{""backing"": 2.0, ""bot"": ""pyramid"", ""bot_depth"": 5.0, ""bot_params"": {""margin_depth_ref"": 50.0, ""pitch"": 2.0, ""tip_flat"": 0.1}, ""face_h"": 60.0, ""face_w"": 60.0, ""margin_depths"": 2.0, ""seed"": 102, ""top"": ""shingle"", ""top_depth"": 45.0, ""top_params"": {""azimuth_mode"": ""grid"", ""jitter"": 0.3, ""pitch"": 5.5, ""plate_t_bot"": 0.05, ""plate_t_top"": 0.05, ""tilt_deg"": 2.0, ""tilt_jitter"": 0.0}}"
FL_bl050grid_pyramid_d50_s102,floor,shingle/pyramid,"sheet, grid",0.05,102,d100,bl050grid,shingle,5.5,0.05,45.0,pyramid,5.0,2.0,50.0,9.090909090909092,0.01522105255136286,-40.0,0.001343532232567668,0.04999997094273567,"{""backing"": 2.0, ""bot"": ""pyramid"", ""bot_depth"": 5.0, ""bot_params"": {""margin_depth_ref"": 50.0, ""pitch"": 2.0, ""tip_flat"": 0.1}, ""face_h"": 60.0, ""face_w"": 60.0, ""margin_depths"": 2.0, ""seed"": 102, ""top"": ""shingle"", ""top_depth"": 45.0, ""top_params"": {""azimuth_mode"": ""grid"", ""jitter"": 0.3, ""pitch"": 5.5, ""plate_t_bot"": 0.05, ""plate_t_top"": 0.05, ""tilt_deg"": 2.0, ""tilt_jitter"": 0.0}}"
FL_bl050grid_pyramid_d50_s102,floor,shingle/pyramid,"sheet, grid",0.05,102,d100,bl050grid,shingle,5.5,0.05,45.0,pyramid,5.0,2.0,50.0,9.090909090909092,0.01522105255136286,20.0,0.0009763417765498161,0.04999997094273567,"{""backing"": 2.0, ""bot"": ""pyramid"", ""bot_depth"": 5.0, ""bot_params"": {""margin_depth_ref"": 50.0, ""pitch"": 2.0, ""tip_flat"": 0.1}, ""face_h"": 60.0, ""face_w"": 60.0, ""margin_depths"": 2.0, ""seed"": 102, ""top"": ""shingle"", ""top_depth"": 45.0, ""top_params"": {""azimuth_mode"": ""grid"", ""jitter"": 0.3, ""pitch"": 5.5, ""plate_t_bot"": 0.05, ""plate_t_top"": 0.05, ""tilt_deg"": 2.0, ""tilt_jitter"": 0.0}}"
FL_bl050grid_pyramid_d50_s102,floor,shingle/pyramid,"sheet, grid",0.05,102,d100,bl050grid,shingle,5.5,0.05,45.0,pyramid,5.0,2.0,50.0,9.090909090909092,0.01522105255136286,40.0,0.0016548695275560021,0.04999997094273567,"{""backing"": 2.0, ""bot"": ""pyramid"", ""bot_depth"": 5.0, ""bot_params"": {""margin_depth_ref"": 50.0, ""pitch"": 2.0, ""tip_flat"": 0.1}, ""face_h"": 60.0, ""face_w"": 60.0, ""margin_depths"": 2.0, ""seed"": 102, ""top"": ""shingle"", ""top_depth"": 45.0, ""top_params"": {""azimuth_mode"": ""grid"", ""jitter"": 0.3, ""pitch"": 5.5, ""plate_t_bot"": 0.05, ""plate_t_top"": 0.05, ""tilt_deg"": 2.0, ""tilt_jitter"": 0.0}}"
FL_bl050grid_wave_d20_s102,floor,shingle/wave,"sheet, grid",0.05,102,d00,bl050grid,shingle,5.5,0.05,48.0,wave,2.0,2.0,50.0,9.090909090909092,0.01522105255136286,0.0,0.0007801970350556076,0.04999997094273567,"{""backing"": 2.0, ""bot"": ""wave"", ""bot_depth"": 2.0, ""bot_params"": {""margin_depth_ref"": 50.0, ""pitch"": 2.0}, ""face_h"": 60.0, ""face_w"": 60.0, ""margin_depths"": 2.0, ""seed"": 102, ""top"": ""shingle"", ""top_depth"": 48.0, ""top_params"": {""azimuth_mode"": ""grid"", ""jitter"": 0.3, ""pitch"": 5.5, ""plate_t_bot"": 0.05, ""plate_t_top"": 0.05, ""tilt_deg"": 2.0, ""tilt_jitter"": 0.0}}"
FL_bl050grid_wave_d20_s102,floor,shingle/wave,"sheet, grid",0.05,102,d00,bl050grid,shingle,5.5,0.05,48.0,wave,2.0,2.0,50.0,9.090909090909092,0.01522105255136286,-20.0,0.0004467765102162957,0.04999997094273567,"{""backing"": 2.0, ""bot"": ""wave"", ""bot_depth"": 2.0, ""bot_params"": {""margin_depth_ref"": 50.0, ""pitch"": 2.0}, ""face_h"": 60.0, ""face_w"": 60.0, ""margin_depths"": 2.0, ""seed"": 102, ""top"": ""shingle"", ""top_depth"": 48.0, ""top_params"": {""azimuth_mode"": ""grid"", ""jitter"": 0.3, ""pitch"": 5.5, ""plate_t_bot"": 0.05, ""plate_t_top"": 0.05, ""tilt_deg"": 2.0, ""tilt_jitter"": 0.0}}"
FL_bl050grid_wave_d20_s102,floor,shingle/wave,"sheet, grid",0.05,102,d00,bl050grid,shingle,5.5,0.05,48.0,wave,2.0,2.0,50.0,9.090909090909092,0.01522105255136286,-40.0,0.000383661943487823,0.04999997094273567,"{""backing"": 2.0, ""bot"": ""wave"", ""bot_depth"": 2.0, ""bot_params"": {""margin_depth_ref"": 50.0, ""pitch"": 2.0}, ""face_h"": 60.0, ""face_w"": 60.0, ""margin_depths"": 2.0, ""seed"": 102, ""top"": ""shingle"", ""top_depth"": 48.0, ""top_params"": {""azimuth_mode"": ""grid"", ""jitter"": 0.3, ""pitch"": 5.5, ""plate_t_bot"": 0.05, ""plate_t_top"": 0.05, ""tilt_deg"": 2.0, ""tilt_jitter"": 0.0}}"
FL_bl050grid_wave_d20_s102,floor,shingle/wave,"sheet, grid",0.05,102,d00,bl050grid,shingle,5.5,0.05,48.0,wave,2.0,2.0,50.0,9.090909090909092,0.01522105255136286,20.0,0.0004078438796568662,0.04999997094273567,"{""backing"": 2.0, ""bot"": ""wave"", ""bot_depth"": 2.0, ""bot_params"": {""margin_depth_ref"": 50.0, ""pitch"": 2.0}, ""face_h"": 60.0, ""face_w"": 60.0, ""margin_depths"": 2.0, ""seed"": 102, ""top"": ""shingle"", ""top_depth"": 48.0, ""top_params"": {""azimuth_mode"": ""grid"", ""jitter"": 0.3, ""pitch"": 5.5, ""plate_t_bot"": 0.05, ""plate_t_top"": 0.05, ""tilt_deg"": 2.0, ""tilt_jitter"": 0.0}}"
FL_bl050grid_wave_d20_s102,floor,shingle/wave,"sheet, grid",0.05,102,d00,bl050grid,shingle,5.5,0.05,48.0,wave,2.0,2.0,50.0,9.090909090909092,0.01522105255136286,40.0,0.00036473246291279793,0.04999997094273567,"{""backing"": 2.0, ""bot"": ""wave"", ""bot_depth"": 2.0, ""bot_params"": {""margin_depth_ref"": 50.0, ""pitch"": 2.0}, ""face_h"": 60.0, ""face_w"": 60.0, ""margin_depths"": 2.0, ""seed"": 102, ""top"": ""shingle"", ""top_depth"": 48.0, ""top_params"": {""azimuth_mode"": ""grid"", ""jitter"": 0.3, ""pitch"": 5.5, ""plate_t_bot"": 0.05, ""plate_t_top"": 0.05, ""tilt_deg"": 2.0, ""tilt_jitter"": 0.0}}"
FL_bl050grid_wave_d20_s102,floor,shingle/wave,"sheet, grid",0.05,102,d76,bl050grid,shingle,5.5,0.05,48.0,wave,2.0,2.0,50.0,9.090909090909092,0.01522105255136286,0.0,0.000407760264351964,0.04999997094273567,"{""backing"": 2.0, ""bot"": ""wave"", ""bot_depth"": 2.0, ""bot_params"": {""margin_depth_ref"": 50.0, ""pitch"": 2.0}, ""face_h"": 60.0, ""face_w"": 60.0, ""margin_depths"": 2.0, ""seed"": 102, ""top"": ""shingle"", ""top_depth"": 48.0, ""top_params"": {""azimuth_mode"": ""grid"", ""jitter"": 0.3, ""pitch"": 5.5, ""plate_t_bot"": 0.05, ""plate_t_top"": 0.05, ""tilt_deg"": 2.0, ""tilt_jitter"": 0.0}}"
FL_bl050grid_wave_d20_s102,floor,shingle/wave,"sheet, grid",0.05,102,d76,bl050grid,shingle,5.5,0.05,48.0,wave,2.0,2.0,50.0,9.090909090909092,0.01522105255136286,-20.0,0.0007745178882032633,0.04999997094273567,"{""backing"": 2.0, ""bot"": ""wave"", ""bot_depth"": 2.0, ""bot_params"": {""margin_depth_ref"": 50.0, ""pitch"": 2.0}, ""face_h"": 60.0, ""face_w"": 60.0, ""margin_depths"": 2.0, ""seed"": 102, ""top"": ""shingle"", ""top_depth"": 48.0, ""top_params"": {""azimuth_mode"": ""grid"", ""jitter"": 0.3, ""pitch"": 5.5, ""plate_t_bot"": 0.05, ""plate_t_top"": 0.05, ""tilt_deg"": 2.0, ""tilt_jitter"": 0.0}}"
FL_bl050grid_wave_d20_s102,floor,shingle/wave,"sheet, grid",0.05,102,d76,bl050grid,shingle,5.5,0.05,48.0,wave,2.0,2.0,50.0,9.090909090909092,0.01522105255136286,-40.0,0.0013129997532814741,0.04999997094273567,"{""backing"": 2.0, ""bot"": ""wave"", ""bot_depth"": 2.0, ""bot_params"": {""margin_depth_ref"": 50.0, ""pitch"": 2.0}, ""face_h"": 60.0, ""face_w"": 60.0, ""margin_depths"": 2.0, ""seed"": 102, ""top"": ""shingle"", ""top_depth"": 48.0, ""top_params"": {""azimuth_mode"": ""grid"", ""jitter"": 0.3, ""pitch"": 5.5, ""plate_t_bot"": 0.05, ""plate_t_top"": 0.05, ""tilt_deg"": 2.0, ""tilt_jitter"": 0.0}}"
FL_bl050grid_wave_d20_s102,floor,shingle/wave,"sheet, grid",0.05,102,d76,bl050grid,shingle,5.5,0.05,48.0,wave,2.0,2.0,50.0,9.090909090909092,0.01522105255136286,20.0,0.0008879525703378022,0.04999997094273567,"{""backing"": 2.0, ""bot"": ""wave"", ""bot_depth"": 2.0, ""bot_params"": {""margin_depth_ref"": 50.0, ""pitch"": 2.0}, ""face_h"": 60.0, ""face_w"": 60.0, ""margin_depths"": 2.0, ""seed"": 102, ""top"": ""shingle"", ""top_depth"": 48.0, ""top_params"": {""azimuth_mode"": ""grid"", ""jitter"": 0.3, ""pitch"": 5.5, ""plate_t_bot"": 0.05, ""plate_t_top"": 0.05, ""tilt_deg"": 2.0, ""tilt_jitter"": 0.0}}"
FL_bl050grid_wave_d20_s102,floor,shingle/wave,"sheet, grid",0.05,102,d76,bl050grid,shingle,5.5,0.05,48.0,wave,2.0,2.0,50.0,9.090909090909092,0.01522105255136286,40.0,0.0014657874125987291,0.04999997094273567,"{""backing"": 2.0, ""bot"": ""wave"", ""bot_depth"": 2.0, ""bot_params"": {""margin_depth_ref"": 50.0, ""pitch"": 2.0}, ""face_h"": 60.0, ""face_w"": 60.0, ""margin_depths"": 2.0, ""seed"": 102, ""top"": ""shingle"", ""top_depth"": 48.0, ""top_params"": {""azimuth_mode"": ""grid"", ""jitter"": 0.3, ""pitch"": 5.5, ""plate_t_bot"": 0.05, ""plate_t_top"": 0.05, ""tilt_deg"": 2.0, ""tilt_jitter"": 0.0}}"
FL_bl050grid_wave_d20_s102,floor,shingle/wave,"sheet, grid",0.05,102,d100,bl050grid,shingle,5.5,0.05,48.0,wave,2.0,2.0,50.0,9.090909090909092,0.01522105255136286,0.0,0.0003473627439234406,0.04999997094273567,"{""backing"": 2.0, ""bot"": ""wave"", ""bot_depth"": 2.0, ""bot_params"": {""margin_depth_ref"": 50.0, ""pitch"": 2.0}, ""face_h"": 60.0, ""face_w"": 60.0, ""margin_depths"": 2.0, ""seed"": 102, ""top"": ""shingle"", ""top_depth"": 48.0, ""top_params"": {""azimuth_mode"": ""grid"", ""jitter"": 0.3, ""pitch"": 5.5, ""plate_t_bot"": 0.05, ""plate_t_top"": 0.05, ""tilt_deg"": 2.0, ""tilt_jitter"": 0.0}}"
FL_bl050grid_wave_d20_s102,floor,shingle/wave,"sheet, grid",0.05,102,d100,bl050grid,shingle,5.5,0.05,48.0,wave,2.0,2.0,50.0,9.090909090909092,0.01522105255136286,-20.0,0.0008938161772675812,0.04999997094273567,"{""backing"": 2.0, ""bot"": ""wave"", ""bot_depth"": 2.0, ""bot_params"": {""margin_depth_ref"": 50.0, ""pitch"": 2.0}, ""face_h"": 60.0, ""face_w"": 60.0, ""margin_depths"": 2.0, ""seed"": 102, ""top"": ""shingle"", ""top_depth"": 48.0, ""top_params"": {""azimuth_mode"": ""grid"", ""jitter"": 0.3, ""pitch"": 5.5, ""plate_t_bot"": 0.05, ""plate_t_top"": 0.05, ""tilt_deg"": 2.0, ""tilt_jitter"": 0.0}}"
FL_bl050grid_wave_d20_s102,floor,shingle/wave,"sheet, grid",0.05,102,d100,bl050grid,shingle,5.5,0.05,48.0,wave,2.0,2.0,50.0,9.090909090909092,0.01522105255136286,-40.0,0.0016244049184024334,0.04999997094273567,"{""backing"": 2.0, ""bot"": ""wave"", ""bot_depth"": 2.0, ""bot_params"": {""margin_depth_ref"": 50.0, ""pitch"": 2.0}, ""face_h"": 60.0, ""face_w"": 60.0, ""margin_depths"": 2.0, ""seed"": 102, ""top"": ""shingle"", ""top_depth"": 48.0, ""top_params"": {""azimuth_mode"": ""grid"", ""jitter"": 0.3, ""pitch"": 5.5, ""plate_t_bot"": 0.05, ""plate_t_top"": 0.05, ""tilt_deg"": 2.0, ""tilt_jitter"": 0.0}}"
FL_bl050grid_wave_d20_s102,floor,shingle/wave,"sheet, grid",0.05,102,d100,bl050grid,shingle,5.5,0.05,48.0,wave,2.0,2.0,50.0,9.090909090909092,0.01522105255136286,20.0,0.0010567317949607968,0.04999997094273567,"{""backing"": 2.0, ""bot"": ""wave"", ""bot_depth"": 2.0, ""bot_params"": {""margin_depth_ref"": 50.0, ""pitch"": 2.0}, ""face_h"": 60.0, ""face_w"": 60.0, ""margin_depths"": 2.0, ""seed"": 102, ""top"": ""shingle"", ""top_depth"": 48.0, ""top_params"": {""azimuth_mode"": ""grid"", ""jitter"": 0.3, ""pitch"": 5.5, ""plate_t_bot"": 0.05, ""plate_t_top"": 0.05, ""tilt_deg"": 2.0, ""tilt_jitter"": 0.0}}"
FL_bl050grid_wave_d20_s102,floor,shingle/wave,"sheet, grid",0.05,102,d100,bl050grid,shingle,5.5,0.05,48.0,wave,2.0,2.0,50.0,9.090909090909092,0.01522105255136286,40.0,0.0018217810429632664,0.04999997094273567,"{""backing"": 2.0, ""bot"": ""wave"", ""bot_depth"": 2.0, ""bot_params"": {""margin_depth_ref"": 50.0, ""pitch"": 2.0}, ""face_h"": 60.0, ""face_w"": 60.0, ""margin_depths"": 2.0, ""seed"": 102, ""top"": ""shingle"", ""top_depth"": 48.0, ""top_params"": {""azimuth_mode"": ""grid"", ""jitter"": 0.3, ""pitch"": 5.5, ""plate_t_bot"": 0.05, ""plate_t_top"": 0.05, ""tilt_deg"": 2.0, ""tilt_jitter"": 0.0}}"
FL_bl050grid_wave_d30_s102,floor,shingle/wave,"sheet, grid",0.05,102,d00,bl050grid,shingle,5.5,0.05,47.0,wave,3.0,2.0,50.0,9.090909090909092,0.01522105255136286,0.0,0.0006271066959016025,0.04999997094273567,"{""backing"": 2.0, ""bot"": ""wave"", ""bot_depth"": 3.0, ""bot_params"": {""margin_depth_ref"": 50.0, ""pitch"": 2.0}, ""face_h"": 60.0, ""face_w"": 60.0, ""margin_depths"": 2.0, ""seed"": 102, ""top"": ""shingle"", ""top_depth"": 47.0, ""top_params"": {""azimuth_mode"": ""grid"", ""jitter"": 0.3, ""pitch"": 5.5, ""plate_t_bot"": 0.05, ""plate_t_top"": 0.05, ""tilt_deg"": 2.0, ""tilt_jitter"": 0.0}}"
FL_bl050grid_wave_d30_s102,floor,shingle/wave,"sheet, grid",0.05,102,d00,bl050grid,shingle,5.5,0.05,47.0,wave,3.0,2.0,50.0,9.090909090909092,0.01522105255136286,-20.0,0.0004414242575876415,0.04999997094273567,"{""backing"": 2.0, ""bot"": ""wave"", ""bot_depth"": 3.0, ""bot_params"": {""margin_depth_ref"": 50.0, ""pitch"": 2.0}, ""face_h"": 60.0, ""face_w"": 60.0, ""margin_depths"": 2.0, ""seed"": 102, ""top"": ""shingle"", ""top_depth"": 47.0, ""top_params"": {""azimuth_mode"": ""grid"", ""jitter"": 0.3, ""pitch"": 5.5, ""plate_t_bot"": 0.05, ""plate_t_top"": 0.05, ""tilt_deg"": 2.0, ""tilt_jitter"": 0.0}}"
FL_bl050grid_wave_d30_s102,floor,shingle/wave,"sheet, grid",0.05,102,d00,bl050grid,shingle,5.5,0.05,47.0,wave,3.0,2.0,50.0,9.090909090909092,0.01522105255136286,-40.0,0.0003836199757643044,0.04999997094273567,"{""backing"": 2.0, ""bot"": ""wave"", ""bot_depth"": 3.0, ""bot_params"": {""margin_depth_ref"": 50.0, ""pitch"": 2.0}, ""face_h"": 60.0, ""face_w"": 60.0, ""margin_depths"": 2.0, ""seed"": 102, ""top"": ""shingle"", ""top_depth"": 47.0, ""top_params"": {""azimuth_mode"": ""grid"", ""jitter"": 0.3, ""pitch"": 5.5, ""plate_t_bot"": 0.05, ""plate_t_top"": 0.05, ""tilt_deg"": 2.0, ""tilt_jitter"": 0.0}}"
FL_bl050grid_wave_d30_s102,floor,shingle/wave,"sheet, grid",0.05,102,d00,bl050grid,shingle,5.5,0.05,47.0,wave,3.0,2.0,50.0,9.090909090909092,0.01522105255136286,20.0,0.0004068428825121373,0.04999997094273567,"{""backing"": 2.0, ""bot"": ""wave"", ""bot_depth"": 3.0, ""bot_params"": {""margin_depth_ref"": 50.0, ""pitch"": 2.0}, ""face_h"": 60.0, ""face_w"": 60.0, ""margin_depths"": 2.0, ""seed"": 102, ""top"": ""shingle"", ""top_depth"": 47.0, ""top_params"": {""azimuth_mode"": ""grid"", ""jitter"": 0.3, ""pitch"": 5.5, ""plate_t_bot"": 0.05, ""plate_t_top"": 0.05, ""tilt_deg"": 2.0, ""tilt_jitter"": 0.0}}"
FL_bl050grid_wave_d30_s102,floor,shingle/wave,"sheet, grid",0.05,102,d00,bl050grid,shingle,5.5,0.05,47.0,wave,3.0,2.0,50.0,9.090909090909092,0.01522105255136286,40.0,0.00036454471410252154,0.04999997094273567,"{""backing"": 2.0, ""bot"": ""wave"", ""bot_depth"": 3.0, ""bot_params"": {""margin_depth_ref"": 50.0, ""pitch"": 2.0}, ""face_h"": 60.0, ""face_w"": 60.0, ""margin_depths"": 2.0, ""seed"": 102, ""top"": ""shingle"", ""top_depth"": 47.0, ""top_params"": {""azimuth_mode"": ""grid"", ""jitter"": 0.3, ""pitch"": 5.5, ""plate_t_bot"": 0.05, ""plate_t_top"": 0.05, ""tilt_deg"": 2.0, ""tilt_jitter"": 0.0}}"
FL_bl050grid_wave_d30_s102,floor,shingle/wave,"sheet, grid",0.05,102,d76,bl050grid,shingle,5.5,0.05,47.0,wave,3.0,2.0,50.0,9.090909090909092,0.01522105255136286,0.0,0.00039639094029553235,0.04999997094273567,"{""backing"": 2.0, ""bot"": ""wave"", ""bot_depth"": 3.0, ""bot_params"": {""margin_depth_ref"": 50.0, ""pitch"": 2.0}, ""face_h"": 60.0, ""face_w"": 60.0, ""margin_depths"": 2.0, ""seed"": 102, ""top"": ""shingle"", ""top_depth"": 47.0, ""top_params"": {""azimuth_mode"": ""grid"", ""jitter"": 0.3, ""pitch"": 5.5, ""plate_t_bot"": 0.05, ""plate_t_top"": 0.05, ""tilt_deg"": 2.0, ""tilt_jitter"": 0.0}}"
FL_bl050grid_wave_d30_s102,floor,shingle/wave,"sheet, grid",0.05,102,d76,bl050grid,shingle,5.5,0.05,47.0,wave,3.0,2.0,50.0,9.090909090909092,0.01522105255136286,-20.0,0.0007727719494141638,0.04999997094273567,"{""backing"": 2.0, ""bot"": ""wave"", ""bot_depth"": 3.0, ""bot_params"": {""margin_depth_ref"": 50.0, ""pitch"": 2.0}, ""face_h"": 60.0, ""face_w"": 60.0, ""margin_depths"": 2.0, ""seed"": 102, ""top"": ""shingle"", ""top_depth"": 47.0, ""top_params"": {""azimuth_mode"": ""grid"", ""jitter"": 0.3, ""pitch"": 5.5, ""plate_t_bot"": 0.05, ""plate_t_top"": 0.05, ""tilt_deg"": 2.0, ""tilt_jitter"": 0.0}}"
FL_bl050grid_wave_d30_s102,floor,shingle/wave,"sheet, grid",0.05,102,d76,bl050grid,shingle,5.5,0.05,47.0,wave,3.0,2.0,50.0,9.090909090909092,0.01522105255136286,-40.0,0.0013129537692293525,0.04999997094273567,"{""backing"": 2.0, ""bot"": ""wave"", ""bot_depth"": 3.0, ""bot_params"": {""margin_depth_ref"": 50.0, ""pitch"": 2.0}, ""face_h"": 60.0, ""face_w"": 60.0, ""margin_depths"": 2.0, ""seed"": 102, ""top"": ""shingle"", ""top_depth"": 47.0, ""top_params"": {""azimuth_mode"": ""grid"", ""jitter"": 0.3, ""pitch"": 5.5, ""plate_t_bot"": 0.05, ""plate_t_top"": 0.05, ""tilt_deg"": 2.0, ""tilt_jitter"": 0.0}}"
FL_bl050grid_wave_d30_s102,floor,shingle/wave,"sheet, grid",0.05,102,d76,bl050grid,shingle,5.5,0.05,47.0,wave,3.0,2.0,50.0,9.090909090909092,0.01522105255136286,20.0,0.0008877660147845745,0.04999997094273567,"{""backing"": 2.0, ""bot"": ""wave"", ""bot_depth"": 3.0, ""bot_params"": {""margin_depth_ref"": 50.0, ""pitch"": 2.0}, ""face_h"": 60.0, ""face_w"": 60.0, ""margin_depths"": 2.0, ""seed"": 102, ""top"": ""shingle"", ""top_depth"": 47.0, ""top_params"": {""azimuth_mode"": ""grid"", ""jitter"": 0.3, ""pitch"": 5.5, ""plate_t_bot"": 0.05, ""plate_t_top"": 0.05, ""tilt_deg"": 2.0, ""tilt_jitter"": 0.0}}"
FL_bl050grid_wave_d30_s102,floor,shingle/wave,"sheet, grid",0.05,102,d76,bl050grid,shingle,5.5,0.05,47.0,wave,3.0,2.0,50.0,9.090909090909092,0.01522105255136286,40.0,0.0014656198909506202,0.04999997094273567,"{""backing"": 2.0, ""bot"": ""wave"", ""bot_depth"": 3.0, ""bot_params"": {""margin_depth_ref"": 50.0, ""pitch"": 2.0}, ""face_h"": 60.0, ""face_w"": 60.0, ""margin_depths"": 2.0, ""seed"": 102, ""top"": ""shingle"", ""top_depth"": 47.0, ""top_params"": {""azimuth_mode"": ""grid"", ""jitter"": 0.3, ""pitch"": 5.5, ""plate_t_bot"": 0.05, ""plate_t_top"": 0.05, ""tilt_deg"": 2.0, ""tilt_jitter"": 0.0}}"
FL_bl050grid_wave_d30_s102,floor,shingle/wave,"sheet, grid",0.05,102,d100,bl050grid,shingle,5.5,0.05,47.0,wave,3.0,2.0,50.0,9.090909090909092,0.01522105255136286,0.0,0.00034161651274189353,0.04999997094273567,"{""backing"": 2.0, ""bot"": ""wave"", ""bot_depth"": 3.0, ""bot_params"": {""margin_depth_ref"": 50.0, ""pitch"": 2.0}, ""face_h"": 60.0, ""face_w"": 60.0, ""margin_depths"": 2.0, ""seed"": 102, ""top"": ""shingle"", ""top_depth"": 47.0, ""top_params"": {""azimuth_mode"": ""grid"", ""jitter"": 0.3, ""pitch"": 5.5, ""plate_t_bot"": 0.05, ""plate_t_top"": 0.05, ""tilt_deg"": 2.0, ""tilt_jitter"": 0.0}}"
FL_bl050grid_wave_d30_s102,floor,shingle/wave,"sheet, grid",0.05,102,d100,bl050grid,shingle,5.5,0.05,47.0,wave,3.0,2.0,50.0,9.090909090909092,0.01522105255136286,-20.0,0.0008930697222240269,0.04999997094273567,"{""backing"": 2.0, ""bot"": ""wave"", ""bot_depth"": 3.0, ""bot_params"": {""margin_depth_ref"": 50.0, ""pitch"": 2.0}, ""face_h"": 60.0, ""face_w"": 60.0, ""margin_depths"": 2.0, ""seed"": 102, ""top"": ""shingle"", ""top_depth"": 47.0, ""top_params"": {""azimuth_mode"": ""grid"", ""jitter"": 0.3, ""pitch"": 5.5, ""plate_t_bot"": 0.05, ""plate_t_top"": 0.05, ""tilt_deg"": 2.0, ""tilt_jitter"": 0.0}}"
FL_bl050grid_wave_d30_s102,floor,shingle/wave,"sheet, grid",0.05,102,d100,bl050grid,shingle,5.5,0.05,47.0,wave,3.0,2.0,50.0,9.090909090909092,0.01522105255136286,-40.0,0.001624351367354393,0.04999997094273567,"{""backing"": 2.0, ""bot"": ""wave"", ""bot_depth"": 3.0, ""bot_params"": {""margin_depth_ref"": 50.0, ""pitch"": 2.0}, ""face_h"": 60.0, ""face_w"": 60.0, ""margin_depths"": 2.0, ""seed"": 102, ""top"": ""shingle"", ""top_depth"": 47.0, ""top_params"": {""azimuth_mode"": ""grid"", ""jitter"": 0.3, ""pitch"": 5.5, ""plate_t_bot"": 0.05, ""plate_t_top"": 0.05, ""tilt_deg"": 2.0, ""tilt_jitter"": 0.0}}"
FL_bl050grid_wave_d30_s102,floor,shingle/wave,"sheet, grid",0.05,102,d100,bl050grid,shingle,5.5,0.05,47.0,wave,3.0,2.0,50.0,9.090909090909092,0.01522105255136286,20.0,0.0010565664852038026,0.04999997094273567,"{""backing"": 2.0, ""bot"": ""wave"", ""bot_depth"": 3.0, ""bot_params"": {""margin_depth_ref"": 50.0, ""pitch"": 2.0}, ""face_h"": 60.0, ""face_w"": 60.0, ""margin_depths"": 2.0, ""seed"": 102, ""top"": ""shingle"", ""top_depth"": 47.0, ""top_params"": {""azimuth_mode"": ""grid"", ""jitter"": 0.3, ""pitch"": 5.5, ""plate_t_bot"": 0.05, ""plate_t_top"": 0.05, ""tilt_deg"": 2.0, ""tilt_jitter"": 0.0}}"
FL_bl050grid_wave_d30_s102,floor,shingle/wave,"sheet, grid",0.05,102,d100,bl050grid,shingle,5.5,0.05,47.0,wave,3.0,2.0,50.0,9.090909090909092,0.01522105255136286,40.0,0.0018216248136013746,0.04999997094273567,"{""backing"": 2.0, ""bot"": ""wave"", ""bot_depth"": 3.0, ""bot_params"": {""margin_depth_ref"": 50.0, ""pitch"": 2.0}, ""face_h"": 60.0, ""face_w"": 60.0, ""margin_depths"": 2.0, ""seed"": 102, ""top"": ""shingle"", ""top_depth"": 47.0, ""top_params"": {""azimuth_mode"": ""grid"", ""jitter"": 0.3, ""pitch"": 5.5, ""plate_t_bot"": 0.05, ""plate_t_top"": 0.05, ""tilt_deg"": 2.0, ""tilt_jitter"": 0.0}}"
FL_bl050grid_wave_d50_s102,floor,shingle/wave,"sheet, grid",0.05,102,d00,bl050grid,shingle,5.5,0.05,45.0,wave,5.0,2.0,50.0,9.090909090909092,0.01522105255136286,0.0,0.0005980119458399713,0.04999997094273567,"{""backing"": 2.0, ""bot"": ""wave"", ""bot_depth"": 5.0, ""bot_params"": {""margin_depth_ref"": 50.0, ""pitch"": 2.0}, ""face_h"": 60.0, ""face_w"": 60.0, ""margin_depths"": 2.0, ""seed"": 102, ""top"": ""shingle"", ""top_depth"": 45.0, ""top_params"": {""azimuth_mode"": ""grid"", ""jitter"": 0.3, ""pitch"": 5.5, ""plate_t_bot"": 0.05, ""plate_t_top"": 0.05, ""tilt_deg"": 2.0, ""tilt_jitter"": 0.0}}"
FL_bl050grid_wave_d50_s102,floor,shingle/wave,"sheet, grid",0.05,102,d00,bl050grid,shingle,5.5,0.05,45.0,wave,5.0,2.0,50.0,9.090909090909092,0.01522105255136286,-20.0,0.0004514396714512259,0.04999997094273567,"{""backing"": 2.0, ""bot"": ""wave"", ""bot_depth"": 5.0, ""bot_params"": {""margin_depth_ref"": 50.0, ""pitch"": 2.0}, ""face_h"": 60.0, ""face_w"": 60.0, ""margin_depths"": 2.0, ""seed"": 102, ""top"": ""shingle"", ""top_depth"": 45.0, ""top_params"": {""azimuth_mode"": ""grid"", ""jitter"": 0.3, ""pitch"": 5.5, ""plate_t_bot"": 0.05, ""plate_t_top"": 0.05, ""tilt_deg"": 2.0, ""tilt_jitter"": 0.0}}"
FL_bl050grid_wave_d50_s102,floor,shingle/wave,"sheet, grid",0.05,102,d00,bl050grid,shingle,5.5,0.05,45.0,wave,5.0,2.0,50.0,9.090909090909092,0.01522105255136286,-40.0,0.0004011690034531057,0.04999997094273567,"{""backing"": 2.0, ""bot"": ""wave"", ""bot_depth"": 5.0, ""bot_params"": {""margin_depth_ref"": 50.0, ""pitch"": 2.0}, ""face_h"": 60.0, ""face_w"": 60.0, ""margin_depths"": 2.0, ""seed"": 102, ""top"": ""shingle"", ""top_depth"": 45.0, ""top_params"": {""azimuth_mode"": ""grid"", ""jitter"": 0.3, ""pitch"": 5.5, ""plate_t_bot"": 0.05, ""plate_t_top"": 0.05, ""tilt_deg"": 2.0, ""tilt_jitter"": 0.0}}"
FL_bl050grid_wave_d50_s102,floor,shingle/wave,"sheet, grid",0.05,102,d00,bl050grid,shingle,5.5,0.05,45.0,wave,5.0,2.0,50.0,9.090909090909092,0.01522105255136286,20.0,0.00041681210859678686,0.04999997094273567,"{""backing"": 2.0, ""bot"": ""wave"", ""bot_depth"": 5.0, ""bot_params"": {""margin_depth_ref"": 50.0, ""pitch"": 2.0}, ""face_h"": 60.0, ""face_w"": 60.0, ""margin_depths"": 2.0, ""seed"": 102, ""top"": ""shingle"", ""top_depth"": 45.0, ""top_params"": {""azimuth_mode"": ""grid"", ""jitter"": 0.3, ""pitch"": 5.5, ""plate_t_bot"": 0.05, ""plate_t_top"": 0.05, ""tilt_deg"": 2.0, ""tilt_jitter"": 0.0}}"
FL_bl050grid_wave_d50_s102,floor,shingle/wave,"sheet, grid",0.05,102,d00,bl050grid,shingle,5.5,0.05,45.0,wave,5.0,2.0,50.0,9.090909090909092,0.01522105255136286,40.0,0.0003917574940714985,0.04999997094273567,"{""backing"": 2.0, ""bot"": ""wave"", ""bot_depth"": 5.0, ""bot_params"": {""margin_depth_ref"": 50.0, ""pitch"": 2.0}, ""face_h"": 60.0, ""face_w"": 60.0, ""margin_depths"": 2.0, ""seed"": 102, ""top"": ""shingle"", ""top_depth"": 45.0, ""top_params"": {""azimuth_mode"": ""grid"", ""jitter"": 0.3, ""pitch"": 5.5, ""plate_t_bot"": 0.05, ""plate_t_top"": 0.05, ""tilt_deg"": 2.0, ""tilt_jitter"": 0.0}}"
FL_bl050grid_wave_d50_s102,floor,shingle/wave,"sheet, grid",0.05,102,d76,bl050grid,shingle,5.5,0.05,45.0,wave,5.0,2.0,50.0,9.090909090909092,0.01522105255136286,0.0,0.0003766267909668386,0.04999997094273567,"{""backing"": 2.0, ""bot"": ""wave"", ""bot_depth"": 5.0, ""bot_params"": {""margin_depth_ref"": 50.0, ""pitch"": 2.0}, ""face_h"": 60.0, ""face_w"": 60.0, ""margin_depths"": 2.0, ""seed"": 102, ""top"": ""shingle"", ""top_depth"": 45.0, ""top_params"": {""azimuth_mode"": ""grid"", ""jitter"": 0.3, ""pitch"": 5.5, ""plate_t_bot"": 0.05, ""plate_t_top"": 0.05, ""tilt_deg"": 2.0, ""tilt_jitter"": 0.0}}"
FL_bl050grid_wave_d50_s102,floor,shingle/wave,"sheet, grid",0.05,102,d76,bl050grid,shingle,5.5,0.05,45.0,wave,5.0,2.0,50.0,9.090909090909092,0.01522105255136286,-20.0,0.0006844088202342391,0.04999997094273567,"{""backing"": 2.0, ""bot"": ""wave"", ""bot_depth"": 5.0, ""bot_params"": {""margin_depth_ref"": 50.0, ""pitch"": 2.0}, ""face_h"": 60.0, ""face_w"": 60.0, ""margin_depths"": 2.0, ""seed"": 102, ""top"": ""shingle"", ""top_depth"": 45.0, ""top_params"": {""azimuth_mode"": ""grid"", ""jitter"": 0.3, ""pitch"": 5.5, ""plate_t_bot"": 0.05, ""plate_t_top"": 0.05, ""tilt_deg"": 2.0, ""tilt_jitter"": 0.0}}"
FL_bl050grid_wave_d50_s102,floor,shingle/wave,"sheet, grid",0.05,102,d76,bl050grid,shingle,5.5,0.05,45.0,wave,5.0,2.0,50.0,9.090909090909092,0.01522105255136286,-40.0,0.0011176055995747447,0.04999997094273567,"{""backing"": 2.0, ""bot"": ""wave"", ""bot_depth"": 5.0, ""bot_params"": {""margin_depth_ref"": 50.0, ""pitch"": 2.0}, ""face_h"": 60.0, ""face_w"": 60.0, ""margin_depths"": 2.0, ""seed"": 102, ""top"": ""shingle"", ""top_depth"": 45.0, ""top_params"": {""azimuth_mode"": ""grid"", ""jitter"": 0.3, ""pitch"": 5.5, ""plate_t_bot"": 0.05, ""plate_t_top"": 0.05, ""tilt_deg"": 2.0, ""tilt_jitter"": 0.0}}"
FL_bl050grid_wave_d50_s102,floor,shingle/wave,"sheet, grid",0.05,102,d76,bl050grid,shingle,5.5,0.05,45.0,wave,5.0,2.0,50.0,9.090909090909092,0.01522105255136286,20.0,0.0008319233893416822,0.04999997094273567,"{""backing"": 2.0, ""bot"": ""wave"", ""bot_depth"": 5.0, ""bot_params"": {""margin_depth_ref"": 50.0, ""pitch"": 2.0}, ""face_h"": 60.0, ""face_w"": 60.0, ""margin_depths"": 2.0, ""seed"": 102, ""top"": ""shingle"", ""top_depth"": 45.0, ""top_params"": {""azimuth_mode"": ""grid"", ""jitter"": 0.3, ""pitch"": 5.5, ""plate_t_bot"": 0.05, ""plate_t_top"": 0.05, ""tilt_deg"": 2.0, ""tilt_jitter"": 0.0}}"
FL_bl050grid_wave_d50_s102,floor,shingle/wave,"sheet, grid",0.05,102,d76,bl050grid,shingle,5.5,0.05,45.0,wave,5.0,2.0,50.0,9.090909090909092,0.01522105255136286,40.0,0.0013489093398675323,0.04999997094273567,"{""backing"": 2.0, ""bot"": ""wave"", ""bot_depth"": 5.0, ""bot_params"": {""margin_depth_ref"": 50.0, ""pitch"": 2.0}, ""face_h"": 60.0, ""face_w"": 60.0, ""margin_depths"": 2.0, ""seed"": 102, ""top"": ""shingle"", ""top_depth"": 45.0, ""top_params"": {""azimuth_mode"": ""grid"", ""jitter"": 0.3, ""pitch"": 5.5, ""plate_t_bot"": 0.05, ""plate_t_top"": 0.05, ""tilt_deg"": 2.0, ""tilt_jitter"": 0.0}}"
FL_bl050grid_wave_d50_s102,floor,shingle/wave,"sheet, grid",0.05,102,d100,bl050grid,shingle,5.5,0.05,45.0,wave,5.0,2.0,50.0,9.090909090909092,0.01522105255136286,0.0,0.0003298167430330068,0.04999997094273567,"{""backing"": 2.0, ""bot"": ""wave"", ""bot_depth"": 5.0, ""bot_params"": {""margin_depth_ref"": 50.0, ""pitch"": 2.0}, ""face_h"": 60.0, ""face_w"": 60.0, ""margin_depths"": 2.0, ""seed"": 102, ""top"": ""shingle"", ""top_depth"": 45.0, ""top_params"": {""azimuth_mode"": ""grid"", ""jitter"": 0.3, ""pitch"": 5.5, ""plate_t_bot"": 0.05, ""plate_t_top"": 0.05, ""tilt_deg"": 2.0, ""tilt_jitter"": 0.0}}"
FL_bl050grid_wave_d50_s102,floor,shingle/wave,"sheet, grid",0.05,102,d100,bl050grid,shingle,5.5,0.05,45.0,wave,5.0,2.0,50.0,9.090909090909092,0.01522105255136286,-20.0,0.0007619341486133635,0.04999997094273567,"{""backing"": 2.0, ""bot"": ""wave"", ""bot_depth"": 5.0, ""bot_params"": {""margin_depth_ref"": 50.0, ""pitch"": 2.0}, ""face_h"": 60.0, ""face_w"": 60.0, ""margin_depths"": 2.0, ""seed"": 102, ""top"": ""shingle"", ""top_depth"": 45.0, ""top_params"": {""azimuth_mode"": ""grid"", ""jitter"": 0.3, ""pitch"": 5.5, ""plate_t_bot"": 0.05, ""plate_t_top"": 0.05, ""tilt_deg"": 2.0, ""tilt_jitter"": 0.0}}"
FL_bl050grid_wave_d50_s102,floor,shingle/wave,"sheet, grid",0.05,102,d100,bl050grid,shingle,5.5,0.05,45.0,wave,5.0,2.0,50.0,9.090909090909092,0.01522105255136286,-40.0,0.001343635143712163,0.04999997094273567,"{""backing"": 2.0, ""bot"": ""wave"", ""bot_depth"": 5.0, ""bot_params"": {""margin_depth_ref"": 50.0, ""pitch"": 2.0}, ""face_h"": 60.0, ""face_w"": 60.0, ""margin_depths"": 2.0, ""seed"": 102, ""top"": ""shingle"", ""top_depth"": 45.0, ""top_params"": {""azimuth_mode"": ""grid"", ""jitter"": 0.3, ""pitch"": 5.5, ""plate_t_bot"": 0.05, ""plate_t_top"": 0.05, ""tilt_deg"": 2.0, ""tilt_jitter"": 0.0}}"
FL_bl050grid_wave_d50_s102,floor,shingle/wave,"sheet, grid",0.05,102,d100,bl050grid,shingle,5.5,0.05,45.0,wave,5.0,2.0,50.0,9.090909090909092,0.01522105255136286,20.0,0.000976425246335566,0.04999997094273567,"{""backing"": 2.0, ""bot"": ""wave"", ""bot_depth"": 5.0, ""bot_params"": {""margin_depth_ref"": 50.0, ""pitch"": 2.0}, ""face_h"": 60.0, ""face_w"": 60.0, ""margin_depths"": 2.0, ""seed"": 102, ""top"": ""shingle"", ""top_depth"": 45.0, ""top_params"": {""azimuth_mode"": ""grid"", ""jitter"": 0.3, ""pitch"": 5.5, ""plate_t_bot"": 0.05, ""plate_t_top"": 0.05, ""tilt_deg"": 2.0, ""tilt_jitter"": 0.0}}"
FL_bl050grid_wave_d50_s102,floor,shingle/wave,"sheet, grid",0.05,102,d100,bl050grid,shingle,5.5,0.05,45.0,wave,5.0,2.0,50.0,9.090909090909092,0.01522105255136286,40.0,0.001654870924539864,0.04999997094273567,"{""backing"": 2.0, ""bot"": ""wave"", ""bot_depth"": 5.0, ""bot_params"": {""margin_depth_ref"": 50.0, ""pitch"": 2.0}, ""face_h"": 60.0, ""face_w"": 60.0, ""margin_depths"": 2.0, ""seed"": 102, ""top"": ""shingle"", ""top_depth"": 45.0, ""top_params"": {""azimuth_mode"": ""grid"", ""jitter"": 0.3, ""pitch"": 5.5, ""plate_t_bot"": 0.05, ""plate_t_top"": 0.05, ""tilt_deg"": 2.0, ""tilt_jitter"": 0.0}}"
FL_bl050grid_gap_d20_s102,floor,shingle/gap,"sheet, grid",0.05,102,d00,bl050grid,shingle,5.5,0.05,48.0,gap,2.0,0.0,50.0,9.090909090909092,0.01522105255136286,0.0,0.0017455148044973612,0.04999997094273567,"{""backing"": 2.0, ""bot"": ""gap"", ""bot_depth"": 2.0, ""bot_params"": {""margin_depth_ref"": 50.0}, ""face_h"": 60.0, ""face_w"": 60.0, ""margin_depths"": 2.0, ""seed"": 102, ""top"": ""shingle"", ""top_depth"": 48.0, ""top_params"": {""azimuth_mode"": ""grid"", ""jitter"": 0.3, ""pitch"": 5.5, ""plate_t_bot"": 0.05, ""plate_t_top"": 0.05, ""tilt_deg"": 2.0, ""tilt_jitter"": 0.0}}"
FL_bl050grid_gap_d20_s102,floor,shingle/gap,"sheet, grid",0.05,102,d00,bl050grid,shingle,5.5,0.05,48.0,gap,2.0,0.0,50.0,9.090909090909092,0.01522105255136286,-20.0,0.00045375750050880015,0.04999997094273567,"{""backing"": 2.0, ""bot"": ""gap"", ""bot_depth"": 2.0, ""bot_params"": {""margin_depth_ref"": 50.0}, ""face_h"": 60.0, ""face_w"": 60.0, ""margin_depths"": 2.0, ""seed"": 102, ""top"": ""shingle"", ""top_depth"": 48.0, ""top_params"": {""azimuth_mode"": ""grid"", ""jitter"": 0.3, ""pitch"": 5.5, ""plate_t_bot"": 0.05, ""plate_t_top"": 0.05, ""tilt_deg"": 2.0, ""tilt_jitter"": 0.0}}"
FL_bl050grid_gap_d20_s102,floor,shingle/gap,"sheet, grid",0.05,102,d00,bl050grid,shingle,5.5,0.05,48.0,gap,2.0,0.0,50.0,9.090909090909092,0.01522105255136286,-40.0,0.0003834372910205275,0.04999997094273567,"{""backing"": 2.0, ""bot"": ""gap"", ""bot_depth"": 2.0, ""bot_params"": {""margin_depth_ref"": 50.0}, ""face_h"": 60.0, ""face_w"": 60.0, ""margin_depths"": 2.0, ""seed"": 102, ""top"": ""shingle"", ""top_depth"": 48.0, ""top_params"": {""azimuth_mode"": ""grid"", ""jitter"": 0.3, ""pitch"": 5.5, ""plate_t_bot"": 0.05, ""plate_t_top"": 0.05, ""tilt_deg"": 2.0, ""tilt_jitter"": 0.0}}"
FL_bl050grid_gap_d20_s102,floor,shingle/gap,"sheet, grid",0.05,102,d00,bl050grid,shingle,5.5,0.05,48.0,gap,2.0,0.0,50.0,9.090909090909092,0.01522105255136286,20.0,0.00040881778113543987,0.04999997094273567,"{""backing"": 2.0, ""bot"": ""gap"", ""bot_depth"": 2.0, ""bot_params"": {""margin_depth_ref"": 50.0}, ""face_h"": 60.0, ""face_w"": 60.0, ""margin_depths"": 2.0, ""seed"": 102, ""top"": ""shingle"", ""top_depth"": 48.0, ""top_params"": {""azimuth_mode"": ""grid"", ""jitter"": 0.3, ""pitch"": 5.5, ""plate_t_bot"": 0.05, ""plate_t_top"": 0.05, ""tilt_deg"": 2.0, ""tilt_jitter"": 0.0}}"
FL_bl050grid_gap_d20_s102,floor,shingle/gap,"sheet, grid",0.05,102,d00,bl050grid,shingle,5.5,0.05,48.0,gap,2.0,0.0,50.0,9.090909090909092,0.01522105255136286,40.0,0.0003644833341240883,0.04999997094273567,"{""backing"": 2.0, ""bot"": ""gap"", ""bot_depth"": 2.0, ""bot_params"": {""margin_depth_ref"": 50.0}, ""face_h"": 60.0, ""face_w"": 60.0, ""margin_depths"": 2.0, ""seed"": 102, ""top"": ""shingle"", ""top_depth"": 48.0, ""top_params"": {""azimuth_mode"": ""grid"", ""jitter"": 0.3, ""pitch"": 5.5, ""plate_t_bot"": 0.05, ""plate_t_top"": 0.05, ""tilt_deg"": 2.0, ""tilt_jitter"": 0.0}}"
FL_bl050grid_gap_d20_s102,floor,shingle/gap,"sheet, grid",0.05,102,d76,bl050grid,shingle,5.5,0.05,48.0,gap,2.0,0.0,50.0,9.090909090909092,0.01522105255136286,0.0,0.0006696488708257675,0.04999997094273567,"{""backing"": 2.0, ""bot"": ""gap"", ""bot_depth"": 2.0, ""bot_params"": {""margin_depth_ref"": 50.0}, ""face_h"": 60.0, ""face_w"": 60.0, ""margin_depths"": 2.0, ""seed"": 102, ""top"": ""shingle"", ""top_depth"": 48.0, ""top_params"": {""azimuth_mode"": ""grid"", ""jitter"": 0.3, ""pitch"": 5.5, ""plate_t_bot"": 0.05, ""plate_t_top"": 0.05, ""tilt_deg"": 2.0, ""tilt_jitter"": 0.0}}"
FL_bl050grid_gap_d20_s102,floor,shingle/gap,"sheet, grid",0.05,102,d76,bl050grid,shingle,5.5,0.05,48.0,gap,2.0,0.0,50.0,9.090909090909092,0.01522105255136286,-20.0,0.0007749689975753427,0.04999997094273567,"{""backing"": 2.0, ""bot"": ""gap"", ""bot_depth"": 2.0, ""bot_params"": {""margin_depth_ref"": 50.0}, ""face_h"": 60.0, ""face_w"": 60.0, ""margin_depths"": 2.0, ""seed"": 102, ""top"": ""shingle"", ""top_depth"": 48.0, ""top_params"": {""azimuth_mode"": ""grid"", ""jitter"": 0.3, ""pitch"": 5.5, ""plate_t_bot"": 0.05, ""plate_t_top"": 0.05, ""tilt_deg"": 2.0, ""tilt_jitter"": 0.0}}"
FL_bl050grid_gap_d20_s102,floor,shingle/gap,"sheet, grid",0.05,102,d76,bl050grid,shingle,5.5,0.05,48.0,gap,2.0,0.0,50.0,9.090909090909092,0.01522105255136286,-40.0,0.001312793348915875,0.04999997094273567,"{""backing"": 2.0, ""bot"": ""gap"", ""bot_depth"": 2.0, ""bot_params"": {""margin_depth_ref"": 50.0}, ""face_h"": 60.0, ""face_w"": 60.0, ""margin_depths"": 2.0, ""seed"": 102, ""top"": ""shingle"", ""top_depth"": 48.0, ""top_params"": {""azimuth_mode"": ""grid"", ""jitter"": 0.3, ""pitch"": 5.5, ""plate_t_bot"": 0.05, ""plate_t_top"": 0.05, ""tilt_deg"": 2.0, ""tilt_jitter"": 0.0}}"
FL_bl050grid_gap_d20_s102,floor,shingle/gap,"sheet, grid",0.05,102,d76,bl050grid,shingle,5.5,0.05,48.0,gap,2.0,0.0,50.0,9.090909090909092,0.01522105255136286,20.0,0.0008878486114554107,0.04999997094273567,"{""backing"": 2.0, ""bot"": ""gap"", ""bot_depth"": 2.0, ""bot_params"": {""margin_depth_ref"": 50.0}, ""face_h"": 60.0, ""face_w"": 60.0, ""margin_depths"": 2.0, ""seed"": 102, ""top"": ""shingle"", ""top_depth"": 48.0, ""top_params"": {""azimuth_mode"": ""grid"", ""jitter"": 0.3, ""pitch"": 5.5, ""plate_t_bot"": 0.05, ""plate_t_top"": 0.05, ""tilt_deg"": 2.0, ""tilt_jitter"": 0.0}}"
FL_bl050grid_gap_d20_s102,floor,shingle/gap,"sheet, grid",0.05,102,d76,bl050grid,shingle,5.5,0.05,48.0,gap,2.0,0.0,50.0,9.090909090909092,0.01522105255136286,40.0,0.0014655697159469128,0.04999997094273567,"{""backing"": 2.0, ""bot"": ""gap"", ""bot_depth"": 2.0, ""bot_params"": {""margin_depth_ref"": 50.0}, ""face_h"": 60.0, ""face_w"": 60.0, ""margin_depths"": 2.0, ""seed"": 102, ""top"": ""shingle"", ""top_depth"": 48.0, ""top_params"": {""azimuth_mode"": ""grid"", ""jitter"": 0.3, ""pitch"": 5.5, ""plate_t_bot"": 0.05, ""plate_t_top"": 0.05, ""tilt_deg"": 2.0, ""tilt_jitter"": 0.0}}"
FL_bl050grid_gap_d20_s102,floor,shingle/gap,"sheet, grid",0.05,102,d100,bl050grid,shingle,5.5,0.05,48.0,gap,2.0,0.0,50.0,9.090909090909092,0.01522105255136286,0.0,0.00038225046591833234,0.04999997094273567,"{""backing"": 2.0, ""bot"": ""gap"", ""bot_depth"": 2.0, ""bot_params"": {""margin_depth_ref"": 50.0}, ""face_h"": 60.0, ""face_w"": 60.0, ""margin_depths"": 2.0, ""seed"": 102, ""top"": ""shingle"", ""top_depth"": 48.0, ""top_params"": {""azimuth_mode"": ""grid"", ""jitter"": 0.3, ""pitch"": 5.5, ""plate_t_bot"": 0.05, ""plate_t_top"": 0.05, ""tilt_deg"": 2.0, ""tilt_jitter"": 0.0}}"
FL_bl050grid_gap_d20_s102,floor,shingle/gap,"sheet, grid",0.05,102,d100,bl050grid,shingle,5.5,0.05,48.0,gap,2.0,0.0,50.0,9.090909090909092,0.01522105255136286,-20.0,0.0008943108841776848,0.04999997094273567,"{""backing"": 2.0, ""bot"": ""gap"", ""bot_depth"": 2.0, ""bot_params"": {""margin_depth_ref"": 50.0}, ""face_h"": 60.0, ""face_w"": 60.0, ""margin_depths"": 2.0, ""seed"": 102, ""top"": ""shingle"", ""top_depth"": 48.0, ""top_params"": {""azimuth_mode"": ""grid"", ""jitter"": 0.3, ""pitch"": 5.5, ""plate_t_bot"": 0.05, ""plate_t_top"": 0.05, ""tilt_deg"": 2.0, ""tilt_jitter"": 0.0}}"
FL_bl050grid_gap_d20_s102,floor,shingle/gap,"sheet, grid",0.05,102,d100,bl050grid,shingle,5.5,0.05,48.0,gap,2.0,0.0,50.0,9.090909090909092,0.01522105255136286,-40.0,0.0016241960693150759,0.04999997094273567,"{""backing"": 2.0, ""bot"": ""gap"", ""bot_depth"": 2.0, ""bot_params"": {""margin_depth_ref"": 50.0}, ""face_h"": 60.0, ""face_w"": 60.0, ""margin_depths"": 2.0, ""seed"": 102, ""top"": ""shingle"", ""top_depth"": 48.0, ""top_params"": {""azimuth_mode"": ""grid"", ""jitter"": 0.3, ""pitch"": 5.5, ""plate_t_bot"": 0.05, ""plate_t_top"": 0.05, ""tilt_deg"": 2.0, ""tilt_jitter"": 0.0}}"
FL_bl050grid_gap_d20_s102,floor,shingle/gap,"sheet, grid",0.05,102,d100,bl050grid,shingle,5.5,0.05,48.0,gap,2.0,0.0,50.0,9.090909090909092,0.01522105255136286,20.0,0.0010564912809059024,0.04999997094273567,"{""backing"": 2.0, ""bot"": ""gap"", ""bot_depth"": 2.0, ""bot_params"": {""margin_depth_ref"": 50.0}, ""face_h"": 60.0, ""face_w"": 60.0, ""margin_depths"": 2.0, ""seed"": 102, ""top"": ""shingle"", ""top_depth"": 48.0, ""top_params"": {""azimuth_mode"": ""grid"", ""jitter"": 0.3, ""pitch"": 5.5, ""plate_t_bot"": 0.05, ""plate_t_top"": 0.05, ""tilt_deg"": 2.0, ""tilt_jitter"": 0.0}}"
FL_bl050grid_gap_d20_s102,floor,shingle/gap,"sheet, grid",0.05,102,d100,bl050grid,shingle,5.5,0.05,48.0,gap,2.0,0.0,50.0,9.090909090909092,0.01522105255136286,40.0,0.0018215745221823454,0.04999997094273567,"{""backing"": 2.0, ""bot"": ""gap"", ""bot_depth"": 2.0, ""bot_params"": {""margin_depth_ref"": 50.0}, ""face_h"": 60.0, ""face_w"": 60.0, ""margin_depths"": 2.0, ""seed"": 102, ""top"": ""shingle"", ""top_depth"": 48.0, ""top_params"": {""azimuth_mode"": ""grid"", ""jitter"": 0.3, ""pitch"": 5.5, ""plate_t_bot"": 0.05, ""plate_t_top"": 0.05, ""tilt_deg"": 2.0, ""tilt_jitter"": 0.0}}"
FL_bl050grid_gap_d30_s102,floor,shingle/gap,"sheet, grid",0.05,102,d00,bl050grid,shingle,5.5,0.05,47.0,gap,3.0,0.0,50.0,9.090909090909092,0.01522105255136286,0.0,0.0017787555698305368,0.04999997094273567,"{""backing"": 2.0, ""bot"": ""gap"", ""bot_depth"": 3.0, ""bot_params"": {""margin_depth_ref"": 50.0}, ""face_h"": 60.0, ""face_w"": 60.0, ""margin_depths"": 2.0, ""seed"": 102, ""top"": ""shingle"", ""top_depth"": 47.0, ""top_params"": {""azimuth_mode"": ""grid"", ""jitter"": 0.3, ""pitch"": 5.5, ""plate_t_bot"": 0.05, ""plate_t_top"": 0.05, ""tilt_deg"": 2.0, ""tilt_jitter"": 0.0}}"
FL_bl050grid_gap_d30_s102,floor,shingle/gap,"sheet, grid",0.05,102,d00,bl050grid,shingle,5.5,0.05,47.0,gap,3.0,0.0,50.0,9.090909090909092,0.01522105255136286,-20.0,0.0004547040443867445,0.04999997094273567,"{""backing"": 2.0, ""bot"": ""gap"", ""bot_depth"": 3.0, ""bot_params"": {""margin_depth_ref"": 50.0}, ""face_h"": 60.0, ""face_w"": 60.0, ""margin_depths"": 2.0, ""seed"": 102, ""top"": ""shingle"", ""top_depth"": 47.0, ""top_params"": {""azimuth_mode"": ""grid"", ""jitter"": 0.3, ""pitch"": 5.5, ""plate_t_bot"": 0.05, ""plate_t_top"": 0.05, ""tilt_deg"": 2.0, ""tilt_jitter"": 0.0}}"
FL_bl050grid_gap_d30_s102,floor,shingle/gap,"sheet, grid",0.05,102,d00,bl050grid,shingle,5.5,0.05,47.0,gap,3.0,0.0,50.0,9.090909090909092,0.01522105255136286,-40.0,0.0003833832743111998,0.04999997094273567,"{""backing"": 2.0, ""bot"": ""gap"", ""bot_depth"": 3.0, ""bot_params"": {""margin_depth_ref"": 50.0}, ""face_h"": 60.0, ""face_w"": 60.0, ""margin_depths"": 2.0, ""seed"": 102, ""top"": ""shingle"", ""top_depth"": 47.0, ""top_params"": {""azimuth_mode"": ""grid"", ""jitter"": 0.3, ""pitch"": 5.5, ""plate_t_bot"": 0.05, ""plate_t_top"": 0.05, ""tilt_deg"": 2.0, ""tilt_jitter"": 0.0}}"
FL_bl050grid_gap_d30_s102,floor,shingle/gap,"sheet, grid",0.05,102,d00,bl050grid,shingle,5.5,0.05,47.0,gap,3.0,0.0,50.0,9.090909090909092,0.01522105255136286,20.0,0.00040905651985667646,0.04999997094273567,"{""backing"": 2.0, ""bot"": ""gap"", ""bot_depth"": 3.0, ""bot_params"": {""margin_depth_ref"": 50.0}, ""face_h"": 60.0, ""face_w"": 60.0, ""margin_depths"": 2.0, ""seed"": 102, ""top"": ""shingle"", ""top_depth"": 47.0, ""top_params"": {""azimuth_mode"": ""grid"", ""jitter"": 0.3, ""pitch"": 5.5, ""plate_t_bot"": 0.05, ""plate_t_top"": 0.05, ""tilt_deg"": 2.0, ""tilt_jitter"": 0.0}}"
FL_bl050grid_gap_d30_s102,floor,shingle/gap,"sheet, grid",0.05,102,d00,bl050grid,shingle,5.5,0.05,47.0,gap,3.0,0.0,50.0,9.090909090909092,0.01522105255136286,40.0,0.00036448510945774615,0.04999997094273567,"{""backing"": 2.0, ""bot"": ""gap"", ""bot_depth"": 3.0, ""bot_params"": {""margin_depth_ref"": 50.0}, ""face_h"": 60.0, ""face_w"": 60.0, ""margin_depths"": 2.0, ""seed"": 102, ""top"": ""shingle"", ""top_depth"": 47.0, ""top_params"": {""azimuth_mode"": ""grid"", ""jitter"": 0.3, ""pitch"": 5.5, ""plate_t_bot"": 0.05, ""plate_t_top"": 0.05, ""tilt_deg"": 2.0, ""tilt_jitter"": 0.0}}"
FL_bl050grid_gap_d30_s102,floor,shingle/gap,"sheet, grid",0.05,102,d76,bl050grid,shingle,5.5,0.05,47.0,gap,3.0,0.0,50.0,9.090909090909092,0.01522105255136286,0.0,0.0006803796859458089,0.04999997094273567,"{""backing"": 2.0, ""bot"": ""gap"", ""bot_depth"": 3.0, ""bot_params"": {""margin_depth_ref"": 50.0}, ""face_h"": 60.0, ""face_w"": 60.0, ""margin_depths"": 2.0, ""seed"": 102, ""top"": ""shingle"", ""top_depth"": 47.0, ""top_params"": {""azimuth_mode"": ""grid"", ""jitter"": 0.3, ""pitch"": 5.5, ""plate_t_bot"": 0.05, ""plate_t_top"": 0.05, ""tilt_deg"": 2.0, ""tilt_jitter"": 0.0}}"
FL_bl050grid_gap_d30_s102,floor,shingle/gap,"sheet, grid",0.05,102,d76,bl050grid,shingle,5.5,0.05,47.0,gap,3.0,0.0,50.0,9.090909090909092,0.01522105255136286,-20.0,0.0007752663805149496,0.04999997094273567,"{""backing"": 2.0, ""bot"": ""gap"", ""bot_depth"": 3.0, ""bot_params"": {""margin_depth_ref"": 50.0}, ""face_h"": 60.0, ""face_w"": 60.0, ""margin_depths"": 2.0, ""seed"": 102, ""top"": ""shingle"", ""top_depth"": 47.0, ""top_params"": {""azimuth_mode"": ""grid"", ""jitter"": 0.3, ""pitch"": 5.5, ""plate_t_bot"": 0.05, ""plate_t_top"": 0.05, ""tilt_deg"": 2.0, ""tilt_jitter"": 0.0}}"
FL_bl050grid_gap_d30_s102,floor,shingle/gap,"sheet, grid",0.05,102,d76,bl050grid,shingle,5.5,0.05,47.0,gap,3.0,0.0,50.0,9.090909090909092,0.01522105255136286,-40.0,0.0013127467827871442,0.04999997094273567,"{""backing"": 2.0, ""bot"": ""gap"", ""bot_depth"": 3.0, ""bot_params"": {""margin_depth_ref"": 50.0}, ""face_h"": 60.0, ""face_w"": 60.0, ""margin_depths"": 2.0, ""seed"": 102, ""top"": ""shingle"", ""top_depth"": 47.0, ""top_params"": {""azimuth_mode"": ""grid"", ""jitter"": 0.3, ""pitch"": 5.5, ""plate_t_bot"": 0.05, ""plate_t_top"": 0.05, ""tilt_deg"": 2.0, ""tilt_jitter"": 0.0}}"
FL_bl050grid_gap_d30_s102,floor,shingle/gap,"sheet, grid",0.05,102,d76,bl050grid,shingle,5.5,0.05,47.0,gap,3.0,0.0,50.0,9.090909090909092,0.01522105255136286,20.0,0.0008878779481165111,0.04999997094273567,"{""backing"": 2.0, ""bot"": ""gap"", ""bot_depth"": 3.0, ""bot_params"": {""margin_depth_ref"": 50.0}, ""face_h"": 60.0, ""face_w"": 60.0, ""margin_depths"": 2.0, ""seed"": 102, ""top"": ""shingle"", ""top_depth"": 47.0, ""top_params"": {""azimuth_mode"": ""grid"", ""jitter"": 0.3, ""pitch"": 5.5, ""plate_t_bot"": 0.05, ""plate_t_top"": 0.05, ""tilt_deg"": 2.0, ""tilt_jitter"": 0.0}}"
FL_bl050grid_gap_d30_s102,floor,shingle/gap,"sheet, grid",0.05,102,d76,bl050grid,shingle,5.5,0.05,47.0,gap,3.0,0.0,50.0,9.090909090909092,0.01522105255136286,40.0,0.0014655698323622346,0.04999997094273567,"{""backing"": 2.0, ""bot"": ""gap"", ""bot_depth"": 3.0, ""bot_params"": {""margin_depth_ref"": 50.0}, ""face_h"": 60.0, ""face_w"": 60.0, ""margin_depths"": 2.0, ""seed"": 102, ""top"": ""shingle"", ""top_depth"": 47.0, ""top_params"": {""azimuth_mode"": ""grid"", ""jitter"": 0.3, ""pitch"": 5.5, ""plate_t_bot"": 0.05, ""plate_t_top"": 0.05, ""tilt_deg"": 2.0, ""tilt_jitter"": 0.0}}"
FL_bl050grid_gap_d30_s102,floor,shingle/gap,"sheet, grid",0.05,102,d100,bl050grid,shingle,5.5,0.05,47.0,gap,3.0,0.0,50.0,9.090909090909092,0.01522105255136286,0.0,0.00038611175841651857,0.04999997094273567,"{""backing"": 2.0, ""bot"": ""gap"", ""bot_depth"": 3.0, ""bot_params"": {""margin_depth_ref"": 50.0}, ""face_h"": 60.0, ""face_w"": 60.0, ""margin_depths"": 2.0, ""seed"": 102, ""top"": ""shingle"", ""top_depth"": 47.0, ""top_params"": {""azimuth_mode"": ""grid"", ""jitter"": 0.3, ""pitch"": 5.5, ""plate_t_bot"": 0.05, ""plate_t_top"": 0.05, ""tilt_deg"": 2.0, ""tilt_jitter"": 0.0}}"
FL_bl050grid_gap_d30_s102,floor,shingle/gap,"sheet, grid",0.05,102,d100,bl050grid,shingle,5.5,0.05,47.0,gap,3.0,0.0,50.0,9.090909090909092,0.01522105255136286,-20.0,0.0008944369619712234,0.04999997094273567,"{""backing"": 2.0, ""bot"": ""gap"", ""bot_depth"": 3.0, ""bot_params"": {""margin_depth_ref"": 50.0}, ""face_h"": 60.0, ""face_w"": 60.0, ""margin_depths"": 2.0, ""seed"": 102, ""top"": ""shingle"", ""top_depth"": 47.0, ""top_params"": {""azimuth_mode"": ""grid"", ""jitter"": 0.3, ""pitch"": 5.5, ""plate_t_bot"": 0.05, ""plate_t_top"": 0.05, ""tilt_deg"": 2.0, ""tilt_jitter"": 0.0}}"
FL_bl050grid_gap_d30_s102,floor,shingle/gap,"sheet, grid",0.05,102,d100,bl050grid,shingle,5.5,0.05,47.0,gap,3.0,0.0,50.0,9.090909090909092,0.01522105255136286,-40.0,0.0016241464763879776,0.04999997094273567,"{""backing"": 2.0, ""bot"": ""gap"", ""bot_depth"": 3.0, ""bot_params"": {""margin_depth_ref"": 50.0}, ""face_h"": 60.0, ""face_w"": 60.0, ""margin_depths"": 2.0, ""seed"": 102, ""top"": ""shingle"", ""top_depth"": 47.0, ""top_params"": {""azimuth_mode"": ""grid"", ""jitter"": 0.3, ""pitch"": 5.5, ""plate_t_bot"": 0.05, ""plate_t_top"": 0.05, ""tilt_deg"": 2.0, ""tilt_jitter"": 0.0}}"
FL_bl050grid_gap_d30_s102,floor,shingle/gap,"sheet, grid",0.05,102,d100,bl050grid,shingle,5.5,0.05,47.0,gap,3.0,0.0,50.0,9.090909090909092,0.01522105255136286,20.0,0.0010564920958131552,0.04999997094273567,"{""backing"": 2.0, ""bot"": ""gap"", ""bot_depth"": 3.0, ""bot_params"": {""margin_depth_ref"": 50.0}, ""face_h"": 60.0, ""face_w"": 60.0, ""margin_depths"": 2.0, ""seed"": 102, ""top"": ""shingle"", ""top_depth"": 47.0, ""top_params"": {""azimuth_mode"": ""grid"", ""jitter"": 0.3, ""pitch"": 5.5, ""plate_t_bot"": 0.05, ""plate_t_top"": 0.05, ""tilt_deg"": 2.0, ""tilt_jitter"": 0.0}}"
FL_bl050grid_gap_d30_s102,floor,shingle/gap,"sheet, grid",0.05,102,d100,bl050grid,shingle,5.5,0.05,47.0,gap,3.0,0.0,50.0,9.090909090909092,0.01522105255136286,40.0,0.0018215745221823454,0.04999997094273567,"{""backing"": 2.0, ""bot"": ""gap"", ""bot_depth"": 3.0, ""bot_params"": {""margin_depth_ref"": 50.0}, ""face_h"": 60.0, ""face_w"": 60.0, ""margin_depths"": 2.0, ""seed"": 102, ""top"": ""shingle"", ""top_depth"": 47.0, ""top_params"": {""azimuth_mode"": ""grid"", ""jitter"": 0.3, ""pitch"": 5.5, ""plate_t_bot"": 0.05, ""plate_t_top"": 0.05, ""tilt_deg"": 2.0, ""tilt_jitter"": 0.0}}"
FL_bl050grid_gap_d50_s102,floor,shingle/gap,"sheet, grid",0.05,102,d00,bl050grid,shingle,5.5,0.05,45.0,gap,5.0,0.0,50.0,9.090909090909092,0.01522105255136286,0.0,0.0018331436440348625,0.04999997094273567,"{""backing"": 2.0, ""bot"": ""gap"", ""bot_depth"": 5.0, ""bot_params"": {""margin_depth_ref"": 50.0}, ""face_h"": 60.0, ""face_w"": 60.0, ""margin_depths"": 2.0, ""seed"": 102, ""top"": ""shingle"", ""top_depth"": 45.0, ""top_params"": {""azimuth_mode"": ""grid"", ""jitter"": 0.3, ""pitch"": 5.5, ""plate_t_bot"": 0.05, ""plate_t_top"": 0.05, ""tilt_deg"": 2.0, ""tilt_jitter"": 0.0}}"
FL_bl050grid_gap_d50_s102,floor,shingle/gap,"sheet, grid",0.05,102,d00,bl050grid,shingle,5.5,0.05,45.0,gap,5.0,0.0,50.0,9.090909090909092,0.01522105255136286,-20.0,0.0005185107002034783,0.04999997094273567,"{""backing"": 2.0, ""bot"": ""gap"", ""bot_depth"": 5.0, ""bot_params"": {""margin_depth_ref"": 50.0}, ""face_h"": 60.0, ""face_w"": 60.0, ""margin_depths"": 2.0, ""seed"": 102, ""top"": ""shingle"", ""top_depth"": 45.0, ""top_params"": {""azimuth_mode"": ""grid"", ""jitter"": 0.3, ""pitch"": 5.5, ""plate_t_bot"": 0.05, ""plate_t_top"": 0.05, ""tilt_deg"": 2.0, ""tilt_jitter"": 0.0}}"
FL_bl050grid_gap_d50_s102,floor,shingle/gap,"sheet, grid",0.05,102,d00,bl050grid,shingle,5.5,0.05,45.0,gap,5.0,0.0,50.0,9.090909090909092,0.01522105255136286,-40.0,0.0004027278919238597,0.04999997094273567,"{""backing"": 2.0, ""bot"": ""gap"", ""bot_depth"": 5.0, ""bot_params"": {""margin_depth_ref"": 50.0}, ""face_h"": 60.0, ""face_w"": 60.0, ""margin_depths"": 2.0, ""seed"": 102, ""top"": ""shingle"", ""top_depth"": 45.0, ""top_params"": {""azimuth_mode"": ""grid"", ""jitter"": 0.3, ""pitch"": 5.5, ""plate_t_bot"": 0.05, ""plate_t_top"": 0.05, ""tilt_deg"": 2.0, ""tilt_jitter"": 0.0}}"
FL_bl050grid_gap_d50_s102,floor,shingle/gap,"sheet, grid",0.05,102,d00,bl050grid,shingle,5.5,0.05,45.0,gap,5.0,0.0,50.0,9.090909090909092,0.01522105255136286,20.0,0.00044058915227651596,0.04999997094273567,"{""backing"": 2.0, ""bot"": ""gap"", ""bot_depth"": 5.0, ""bot_params"": {""margin_depth_ref"": 50.0}, ""face_h"": 60.0, ""face_w"": 60.0, ""margin_depths"": 2.0, ""seed"": 102, ""top"": ""shingle"", ""top_depth"": 45.0, ""top_params"": {""azimuth_mode"": ""grid"", ""jitter"": 0.3, ""pitch"": 5.5, ""plate_t_bot"": 0.05, ""plate_t_top"": 0.05, ""tilt_deg"": 2.0, ""tilt_jitter"": 0.0}}"
FL_bl050grid_gap_d50_s102,floor,shingle/gap,"sheet, grid",0.05,102,d00,bl050grid,shingle,5.5,0.05,45.0,gap,5.0,0.0,50.0,9.090909090909092,0.01522105255136286,40.0,0.00039216974982991815,0.04999997094273567,"{""backing"": 2.0, ""bot"": ""gap"", ""bot_depth"": 5.0, ""bot_params"": {""margin_depth_ref"": 50.0}, ""face_h"": 60.0, ""face_w"": 60.0, ""margin_depths"": 2.0, ""seed"": 102, ""top"": ""shingle"", ""top_depth"": 45.0, ""top_params"": {""azimuth_mode"": ""grid"", ""jitter"": 0.3, ""pitch"": 5.5, ""plate_t_bot"": 0.05, ""plate_t_top"": 0.05, ""tilt_deg"": 2.0, ""tilt_jitter"": 0.0}}"
FL_bl050grid_gap_d50_s102,floor,shingle/gap,"sheet, grid",0.05,102,d76,bl050grid,shingle,5.5,0.05,45.0,gap,5.0,0.0,50.0,9.090909090909092,0.01522105255136286,0.0,0.0006921174935996532,0.04999997094273567,"{""backing"": 2.0, ""bot"": ""gap"", ""bot_depth"": 5.0, ""bot_params"": {""margin_depth_ref"": 50.0}, ""face_h"": 60.0, ""face_w"": 60.0, ""margin_depths"": 2.0, ""seed"": 102, ""top"": ""shingle"", ""top_depth"": 45.0, ""top_params"": {""azimuth_mode"": ""grid"", ""jitter"": 0.3, ""pitch"": 5.5, ""plate_t_bot"": 0.05, ""plate_t_top"": 0.05, ""tilt_deg"": 2.0, ""tilt_jitter"": 0.0}}"
FL_bl050grid_gap_d50_s102,floor,shingle/gap,"sheet, grid",0.05,102,d76,bl050grid,shingle,5.5,0.05,45.0,gap,5.0,0.0,50.0,9.090909090909092,0.01522105255136286,-20.0,0.0007150477031245828,0.04999997094273567,"{""backing"": 2.0, ""bot"": ""gap"", ""bot_depth"": 5.0, ""bot_params"": {""margin_depth_ref"": 50.0}, ""face_h"": 60.0, ""face_w"": 60.0, ""margin_depths"": 2.0, ""seed"": 102, ""top"": ""shingle"", ""top_depth"": 45.0, ""top_params"": {""azimuth_mode"": ""grid"", ""jitter"": 0.3, ""pitch"": 5.5, ""plate_t_bot"": 0.05, ""plate_t_top"": 0.05, ""tilt_deg"": 2.0, ""tilt_jitter"": 0.0}}"
FL_bl050grid_gap_d50_s102,floor,shingle/gap,"sheet, grid",0.05,102,d76,bl050grid,shingle,5.5,0.05,45.0,gap,5.0,0.0,50.0,9.090909090909092,0.01522105255136286,-40.0,0.0011177629930898547,0.04999997094273567,"{""backing"": 2.0, ""bot"": ""gap"", ""bot_depth"": 5.0, ""bot_params"": {""margin_depth_ref"": 50.0}, ""face_h"": 60.0, ""face_w"": 60.0, ""margin_depths"": 2.0, ""seed"": 102, ""top"": ""shingle"", ""top_depth"": 45.0, ""top_params"": {""azimuth_mode"": ""grid"", ""jitter"": 0.3, ""pitch"": 5.5, ""plate_t_bot"": 0.05, ""plate_t_top"": 0.05, ""tilt_deg"": 2.0, ""tilt_jitter"": 0.0}}"
FL_bl050grid_gap_d50_s102,floor,shingle/gap,"sheet, grid",0.05,102,d76,bl050grid,shingle,5.5,0.05,45.0,gap,5.0,0.0,50.0,9.090909090909092,0.01522105255136286,20.0,0.0008398060454055667,0.04999997094273567,"{""backing"": 2.0, ""bot"": ""gap"", ""bot_depth"": 5.0, ""bot_params"": {""margin_depth_ref"": 50.0}, ""face_h"": 60.0, ""face_w"": 60.0, ""margin_depths"": 2.0, ""seed"": 102, ""top"": ""shingle"", ""top_depth"": 45.0, ""top_params"": {""azimuth_mode"": ""grid"", ""jitter"": 0.3, ""pitch"": 5.5, ""plate_t_bot"": 0.05, ""plate_t_top"": 0.05, ""tilt_deg"": 2.0, ""tilt_jitter"": 0.0}}"
FL_bl050grid_gap_d50_s102,floor,shingle/gap,"sheet, grid",0.05,102,d76,bl050grid,shingle,5.5,0.05,45.0,gap,5.0,0.0,50.0,9.090909090909092,0.01522105255136286,40.0,0.0013489482225850224,0.04999997094273567,"{""backing"": 2.0, ""bot"": ""gap"", ""bot_depth"": 5.0, ""bot_params"": {""margin_depth_ref"": 50.0}, ""face_h"": 60.0, ""face_w"": 60.0, ""margin_depths"": 2.0, ""seed"": 102, ""top"": ""shingle"", ""top_depth"": 45.0, ""top_params"": {""azimuth_mode"": ""grid"", ""jitter"": 0.3, ""pitch"": 5.5, ""plate_t_bot"": 0.05, ""plate_t_top"": 0.05, ""tilt_deg"": 2.0, ""tilt_jitter"": 0.0}}"
FL_bl050grid_gap_d50_s102,floor,shingle/gap,"sheet, grid",0.05,102,d100,bl050grid,shingle,5.5,0.05,45.0,gap,5.0,0.0,50.0,9.090909090909092,0.01522105255136286,0.0,0.0003951196849811822,0.04999997094273567,"{""backing"": 2.0, ""bot"": ""gap"", ""bot_depth"": 5.0, ""bot_params"": {""margin_depth_ref"": 50.0}, ""face_h"": 60.0, ""face_w"": 60.0, ""margin_depths"": 2.0, ""seed"": 102, ""top"": ""shingle"", ""top_depth"": 45.0, ""top_params"": {""azimuth_mode"": ""grid"", ""jitter"": 0.3, ""pitch"": 5.5, ""plate_t_bot"": 0.05, ""plate_t_top"": 0.05, ""tilt_deg"": 2.0, ""tilt_jitter"": 0.0}}"
FL_bl050grid_gap_d50_s102,floor,shingle/gap,"sheet, grid",0.05,102,d100,bl050grid,shingle,5.5,0.05,45.0,gap,5.0,0.0,50.0,9.090909090909092,0.01522105255136286,-20.0,0.0007847828674130142,0.04999997094273567,"{""backing"": 2.0, ""bot"": ""gap"", ""bot_depth"": 5.0, ""bot_params"": {""margin_depth_ref"": 50.0}, ""face_h"": 60.0, ""face_w"": 60.0, ""margin_depths"": 2.0, ""seed"": 102, ""top"": ""shingle"", ""top_depth"": 45.0, ""top_params"": {""azimuth_mode"": ""grid"", ""jitter"": 0.3, ""pitch"": 5.5, ""plate_t_bot"": 0.05, ""plate_t_top"": 0.05, ""tilt_deg"": 2.0, ""tilt_jitter"": 0.0}}"
FL_bl050grid_gap_d50_s102,floor,shingle/gap,"sheet, grid",0.05,102,d100,bl050grid,shingle,5.5,0.05,45.0,gap,5.0,0.0,50.0,9.090909090909092,0.01522105255136286,-40.0,0.0013441237388178706,0.04999997094273567,"{""backing"": 2.0, ""bot"": ""gap"", ""bot_depth"": 5.0, ""bot_params"": {""margin_depth_ref"": 50.0}, ""face_h"": 60.0, ""face_w"": 60.0, ""margin_depths"": 2.0, ""seed"": 102, ""top"": ""shingle"", ""top_depth"": 45.0, ""top_params"": {""azimuth_mode"": ""grid"", ""jitter"": 0.3, ""pitch"": 5.5, ""plate_t_bot"": 0.05, ""plate_t_top"": 0.05, ""tilt_deg"": 2.0, ""tilt_jitter"": 0.0}}"
FL_bl050grid_gap_d50_s102,floor,shingle/gap,"sheet, grid",0.05,102,d100,bl050grid,shingle,5.5,0.05,45.0,gap,5.0,0.0,50.0,9.090909090909092,0.01522105255136286,20.0,0.0009810765041038394,0.04999997094273567,"{""backing"": 2.0, ""bot"": ""gap"", ""bot_depth"": 5.0, ""bot_params"": {""margin_depth_ref"": 50.0}, ""face_h"": 60.0, ""face_w"": 60.0, ""margin_depths"": 2.0, ""seed"": 102, ""top"": ""shingle"", ""top_depth"": 45.0, ""top_params"": {""azimuth_mode"": ""grid"", ""jitter"": 0.3, ""pitch"": 5.5, ""plate_t_bot"": 0.05, ""plate_t_top"": 0.05, ""tilt_deg"": 2.0, ""tilt_jitter"": 0.0}}"
FL_bl050grid_gap_d50_s102,floor,shingle/gap,"sheet, grid",0.05,102,d100,bl050grid,shingle,5.5,0.05,45.0,gap,5.0,0.0,50.0,9.090909090909092,0.01522105255136286,40.0,0.0016548761632293463,0.04999997094273567,"{""backing"": 2.0, ""bot"": ""gap"", ""bot_depth"": 5.0, ""bot_params"": {""margin_depth_ref"": 50.0}, ""face_h"": 60.0, ""face_w"": 60.0, ""margin_depths"": 2.0, ""seed"": 102, ""top"": ""shingle"", ""top_depth"": 45.0, ""top_params"": {""azimuth_mode"": ""grid"", ""jitter"": 0.3, ""pitch"": 5.5, ""plate_t_bot"": 0.05, ""plate_t_top"": 0.05, ""tilt_deg"": 2.0, ""tilt_jitter"": 0.0}}"
FL_bl100grid_flat_d00_s102,floor,shingle/flat,"sheet, grid",0.1,102,d00,bl100grid,shingle,5.5,0.1,50.0,flat,0.0,0.0,50.0,9.090909090909092,0.03044210510272572,0.0,0.0016779022989794612,0.04999997094273567,"{""azimuth_mode"": ""grid"", ""backing"": 2.0, ""depth"": 50.0, ""face_h"": 60.0, ""face_w"": 60.0, ""jitter"": 0.3, ""margin_depths"": 2.0, ""pitch"": 5.5, ""plate_t_bot"": 0.1, ""plate_t_top"": 0.1, ""seed"": 102, ""tilt_deg"": 2.0, ""tilt_jitter"": 0.0, ""topology"": ""shingle""}"
FL_bl100grid_flat_d00_s102,floor,shingle/flat,"sheet, grid",0.1,102,d00,bl100grid,shingle,5.5,0.1,50.0,flat,0.0,0.0,50.0,9.090909090909092,0.03044210510272572,-20.0,0.0005657646688632667,0.04999997094273567,"{""azimuth_mode"": ""grid"", ""backing"": 2.0, ""depth"": 50.0, ""face_h"": 60.0, ""face_w"": 60.0, ""jitter"": 0.3, ""margin_depths"": 2.0, ""pitch"": 5.5, ""plate_t_bot"": 0.1, ""plate_t_top"": 0.1, ""seed"": 102, ""tilt_deg"": 2.0, ""tilt_jitter"": 0.0, ""topology"": ""shingle""}"
FL_bl100grid_flat_d00_s102,floor,shingle/flat,"sheet, grid",0.1,102,d00,bl100grid,shingle,5.5,0.1,50.0,flat,0.0,0.0,50.0,9.090909090909092,0.03044210510272572,-40.0,0.0005221802857704461,0.04999997094273567,"{""azimuth_mode"": ""grid"", ""backing"": 2.0, ""depth"": 50.0, ""face_h"": 60.0, ""face_w"": 60.0, ""jitter"": 0.3, ""margin_depths"": 2.0, ""pitch"": 5.5, ""plate_t_bot"": 0.1, ""plate_t_top"": 0.1, ""seed"": 102, ""tilt_deg"": 2.0, ""tilt_jitter"": 0.0, ""topology"": ""shingle""}"
FL_bl100grid_flat_d00_s102,floor,shingle/flat,"sheet, grid",0.1,102,d00,bl100grid,shingle,5.5,0.1,50.0,flat,0.0,0.0,50.0,9.090909090909092,0.03044210510272572,20.0,0.0005190036026760936,0.04999997094273567,"{""azimuth_mode"": ""grid"", ""backing"": 2.0, ""depth"": 50.0, ""face_h"": 60.0, ""face_w"": 60.0, ""jitter"": 0.3, ""margin_depths"": 2.0, ""pitch"": 5.5, ""plate_t_bot"": 0.1, ""plate_t_top"": 0.1, ""seed"": 102, ""tilt_deg"": 2.0, ""tilt_jitter"": 0.0, ""topology"": ""shingle""}"
FL_bl100grid_flat_d00_s102,floor,shingle/flat,"sheet, grid",0.1,102,d00,bl100grid,shingle,5.5,0.1,50.0,flat,0.0,0.0,50.0,9.090909090909092,0.03044210510272572,40.0,0.0005070418701507151,0.04999997094273567,"{""azimuth_mode"": ""grid"", ""backing"": 2.0, ""depth"": 50.0, ""face_h"": 60.0, ""face_w"": 60.0, ""jitter"": 0.3, ""margin_depths"": 2.0, ""pitch"": 5.5, ""plate_t_bot"": 0.1, ""plate_t_top"": 0.1, ""seed"": 102, ""tilt_deg"": 2.0, ""tilt_jitter"": 0.0, ""topology"": ""shingle""}"
FL_bl100grid_flat_d00_s102,floor,shingle/flat,"sheet, grid",0.1,102,d76,bl100grid,shingle,5.5,0.1,50.0,flat,0.0,0.0,50.0,9.090909090909092,0.03044210510272572,0.0,0.0007584589184261858,0.04999997094273567,"{""azimuth_mode"": ""grid"", ""backing"": 2.0, ""depth"": 50.0, ""face_h"": 60.0, ""face_w"": 60.0, ""jitter"": 0.3, ""margin_depths"": 2.0, ""pitch"": 5.5, ""plate_t_bot"": 0.1, ""plate_t_top"": 0.1, ""seed"": 102, ""tilt_deg"": 2.0, ""tilt_jitter"": 0.0, ""topology"": ""shingle""}"
FL_bl100grid_flat_d00_s102,floor,shingle/flat,"sheet, grid",0.1,102,d76,bl100grid,shingle,5.5,0.1,50.0,flat,0.0,0.0,50.0,9.090909090909092,0.03044210510272572,-20.0,0.0009554969728924334,0.04999997094273567,"{""azimuth_mode"": ""grid"", ""backing"": 2.0, ""depth"": 50.0, ""face_h"": 60.0, ""face_w"": 60.0, ""jitter"": 0.3, ""margin_depths"": 2.0, ""pitch"": 5.5, ""plate_t_bot"": 0.1, ""plate_t_top"": 0.1, ""seed"": 102, ""tilt_deg"": 2.0, ""tilt_jitter"": 0.0, ""topology"": ""shingle""}"
FL_bl100grid_flat_d00_s102,floor,shingle/flat,"sheet, grid",0.1,102,d76,bl100grid,shingle,5.5,0.1,50.0,flat,0.0,0.0,50.0,9.090909090909092,0.03044210510272572,-40.0,0.0015725686680525541,0.04999997094273567,"{""azimuth_mode"": ""grid"", ""backing"": 2.0, ""depth"": 50.0, ""face_h"": 60.0, ""face_w"": 60.0, ""jitter"": 0.3, ""margin_depths"": 2.0, ""pitch"": 5.5, ""plate_t_bot"": 0.1, ""plate_t_top"": 0.1, ""seed"": 102, ""tilt_deg"": 2.0, ""tilt_jitter"": 0.0, ""topology"": ""shingle""}"
FL_bl100grid_flat_d00_s102,floor,shingle/flat,"sheet, grid",0.1,102,d76,bl100grid,shingle,5.5,0.1,50.0,flat,0.0,0.0,50.0,9.090909090909092,0.03044210510272572,20.0,0.0010748783824965358,0.04999997094273567,"{""azimuth_mode"": ""grid"", ""backing"": 2.0, ""depth"": 50.0, ""face_h"": 60.0, ""face_w"": 60.0, ""jitter"": 0.3, ""margin_depths"": 2.0, ""pitch"": 5.5, ""plate_t_bot"": 0.1, ""plate_t_top"": 0.1, ""seed"": 102, ""tilt_deg"": 2.0, ""tilt_jitter"": 0.0, ""topology"": ""shingle""}"
FL_bl100grid_flat_d00_s102,floor,shingle/flat,"sheet, grid",0.1,102,d76,bl100grid,shingle,5.5,0.1,50.0,flat,0.0,0.0,50.0,9.090909090909092,0.03044210510272572,40.0,0.0016760737635195255,0.04999997094273567,"{""azimuth_mode"": ""grid"", ""backing"": 2.0, ""depth"": 50.0, ""face_h"": 60.0, ""face_w"": 60.0, ""jitter"": 0.3, ""margin_depths"": 2.0, ""pitch"": 5.5, ""plate_t_bot"": 0.1, ""plate_t_top"": 0.1, ""seed"": 102, ""tilt_deg"": 2.0, ""tilt_jitter"": 0.0, ""topology"": ""shingle""}"
FL_bl100grid_flat_d00_s102,floor,shingle/flat,"sheet, grid",0.1,102,d100,bl100grid,shingle,5.5,0.1,50.0,flat,0.0,0.0,50.0,9.090909090909092,0.03044210510272572,0.0,0.0005012357141822577,0.04999997094273567,"{""azimuth_mode"": ""grid"", ""backing"": 2.0, ""depth"": 50.0, ""face_h"": 60.0, ""face_w"": 60.0, ""jitter"": 0.3, ""margin_depths"": 2.0, ""pitch"": 5.5, ""plate_t_bot"": 0.1, ""plate_t_top"": 0.1, ""seed"": 102, ""tilt_deg"": 2.0, ""tilt_jitter"": 0.0, ""topology"": ""shingle""}"
FL_bl100grid_flat_d00_s102,floor,shingle/flat,"sheet, grid",0.1,102,d100,bl100grid,shingle,5.5,0.1,50.0,flat,0.0,0.0,50.0,9.090909090909092,0.03044210510272572,-20.0,0.0010904233204200864,0.04999997094273567,"{""azimuth_mode"": ""grid"", ""backing"": 2.0, ""depth"": 50.0, ""face_h"": 60.0, ""face_w"": 60.0, ""jitter"": 0.3, ""margin_depths"": 2.0, ""pitch"": 5.5, ""plate_t_bot"": 0.1, ""plate_t_top"": 0.1, ""seed"": 102, ""tilt_deg"": 2.0, ""tilt_jitter"": 0.0, ""topology"": ""shingle""}"
FL_bl100grid_flat_d00_s102,floor,shingle/flat,"sheet, grid",0.1,102,d100,bl100grid,shingle,5.5,0.1,50.0,flat,0.0,0.0,50.0,9.090909090909092,0.03044210510272572,-40.0,0.0019028127426281571,0.04999997094273567,"{""azimuth_mode"": ""grid"", ""backing"": 2.0, ""depth"": 50.0, ""face_h"": 60.0, ""face_w"": 60.0, ""jitter"": 0.3, ""margin_depths"": 2.0, ""pitch"": 5.5, ""plate_t_bot"": 0.1, ""plate_t_top"": 0.1, ""seed"": 102, ""tilt_deg"": 2.0, ""tilt_jitter"": 0.0, ""topology"": ""shingle""}"
FL_bl100grid_flat_d00_s102,floor,shingle/flat,"sheet, grid",0.1,102,d100,bl100grid,shingle,5.5,0.1,50.0,flat,0.0,0.0,50.0,9.090909090909092,0.03044210510272572,20.0,0.0012574446154758334,0.04999997094273567,"{""azimuth_mode"": ""grid"", ""backing"": 2.0, ""depth"": 50.0, ""face_h"": 60.0, ""face_w"": 60.0, ""jitter"": 0.3, ""margin_depths"": 2.0, ""pitch"": 5.5, ""plate_t_bot"": 0.1, ""plate_t_top"": 0.1, ""seed"": 102, ""tilt_deg"": 2.0, ""tilt_jitter"": 0.0, ""topology"": ""shingle""}"
FL_bl100grid_flat_d00_s102,floor,shingle/flat,"sheet, grid",0.1,102,d100,bl100grid,shingle,5.5,0.1,50.0,flat,0.0,0.0,50.0,9.090909090909092,0.03044210510272572,40.0,0.002048630267381668,0.04999997094273567,"{""azimuth_mode"": ""grid"", ""backing"": 2.0, ""depth"": 50.0, ""face_h"": 60.0, ""face_w"": 60.0, ""jitter"": 0.3, ""margin_depths"": 2.0, ""pitch"": 5.5, ""plate_t_bot"": 0.1, ""plate_t_top"": 0.1, ""seed"": 102, ""tilt_deg"": 2.0, ""tilt_jitter"": 0.0, ""topology"": ""shingle""}"
FL_bl100grid_cone_d20_s102,floor,shingle/cone,"sheet, grid",0.1,102,d00,bl100grid,shingle,5.5,0.1,48.0,cone,2.0,2.0,50.0,9.090909090909092,0.03044210510272572,0.0,0.0008106592576950788,0.04999997094273567,"{""backing"": 2.0, ""bot"": ""cone"", ""bot_depth"": 2.0, ""bot_params"": {""depth_jitter"": 0.0, ""height_seg"": 6, ""jitter"": 0.3, ""pitch"": 2.0, ""profile_power"": 1.0, ""radial_seg"": 16, ""tip_radius"": 0.1}, ""face_h"": 60.0, ""face_w"": 60.0, ""margin_depths"": 2.0, ""seed"": 102, ""top"": ""shingle"", ""top_depth"": 48.0, ""top_params"": {""azimuth_mode"": ""grid"", ""jitter"": 0.3, ""pitch"": 5.5, ""plate_t_bot"": 0.1, ""plate_t_top"": 0.1, ""tilt_deg"": 2.0, ""tilt_jitter"": 0.0}}"
FL_bl100grid_cone_d20_s102,floor,shingle/cone,"sheet, grid",0.1,102,d00,bl100grid,shingle,5.5,0.1,48.0,cone,2.0,2.0,50.0,9.090909090909092,0.03044210510272572,-20.0,0.0005826315027661622,0.04999997094273567,"{""backing"": 2.0, ""bot"": ""cone"", ""bot_depth"": 2.0, ""bot_params"": {""depth_jitter"": 0.0, ""height_seg"": 6, ""jitter"": 0.3, ""pitch"": 2.0, ""profile_power"": 1.0, ""radial_seg"": 16, ""tip_radius"": 0.1}, ""face_h"": 60.0, ""face_w"": 60.0, ""margin_depths"": 2.0, ""seed"": 102, ""top"": ""shingle"", ""top_depth"": 48.0, ""top_params"": {""azimuth_mode"": ""grid"", ""jitter"": 0.3, ""pitch"": 5.5, ""plate_t_bot"": 0.1, ""plate_t_top"": 0.1, ""tilt_deg"": 2.0, ""tilt_jitter"": 0.0}}"
FL_bl100grid_cone_d20_s102,floor,shingle/cone,"sheet, grid",0.1,102,d00,bl100grid,shingle,5.5,0.1,48.0,cone,2.0,2.0,50.0,9.090909090909092,0.03044210510272572,-40.0,0.0005438120570033789,0.04999997094273567,"{""backing"": 2.0, ""bot"": ""cone"", ""bot_depth"": 2.0, ""bot_params"": {""depth_jitter"": 0.0, ""height_seg"": 6, ""jitter"": 0.3, ""pitch"": 2.0, ""profile_power"": 1.0, ""radial_seg"": 16, ""tip_radius"": 0.1}, ""face_h"": 60.0, ""face_w"": 60.0, ""margin_depths"": 2.0, ""seed"": 102, ""top"": ""shingle"", ""top_depth"": 48.0, ""top_params"": {""azimuth_mode"": ""grid"", ""jitter"": 0.3, ""pitch"": 5.5, ""plate_t_bot"": 0.1, ""plate_t_top"": 0.1, ""tilt_deg"": 2.0, ""tilt_jitter"": 0.0}}"
FL_bl100grid_cone_d20_s102,floor,shingle/cone,"sheet, grid",0.1,102,d00,bl100grid,shingle,5.5,0.1,48.0,cone,2.0,2.0,50.0,9.090909090909092,0.03044210510272572,20.0,0.0005514224176295102,0.04999997094273567,"{""backing"": 2.0, ""bot"": ""cone"", ""bot_depth"": 2.0, ""bot_params"": {""depth_jitter"": 0.0, ""height_seg"": 6, ""jitter"": 0.3, ""pitch"": 2.0, ""profile_power"": 1.0, ""radial_seg"": 16, ""tip_radius"": 0.1}, ""face_h"": 60.0, ""face_w"": 60.0, ""margin_depths"": 2.0, ""seed"": 102, ""top"": ""shingle"", ""top_depth"": 48.0, ""top_params"": {""azimuth_mode"": ""grid"", ""jitter"": 0.3, ""pitch"": 5.5, ""plate_t_bot"": 0.1, ""plate_t_top"": 0.1, ""tilt_deg"": 2.0, ""tilt_jitter"": 0.0}}"
FL_bl100grid_cone_d20_s102,floor,shingle/cone,"sheet, grid",0.1,102,d00,bl100grid,shingle,5.5,0.1,48.0,cone,2.0,2.0,50.0,9.090909090909092,0.03044210510272572,40.0,0.0005291062989272177,0.04999997094273567,"{""backing"": 2.0, ""bot"": ""cone"", ""bot_depth"": 2.0, ""bot_params"": {""depth_jitter"": 0.0, ""height_seg"": 6, ""jitter"": 0.3, ""pitch"": 2.0, ""profile_power"": 1.0, ""radial_seg"": 16, ""tip_radius"": 0.1}, ""face_h"": 60.0, ""face_w"": 60.0, ""margin_depths"": 2.0, ""seed"": 102, ""top"": ""shingle"", ""top_depth"": 48.0, ""top_params"": {""azimuth_mode"": ""grid"", ""jitter"": 0.3, ""pitch"": 5.5, ""plate_t_bot"": 0.1, ""plate_t_top"": 0.1, ""tilt_deg"": 2.0, ""tilt_jitter"": 0.0}}"
FL_bl100grid_cone_d20_s102,floor,shingle/cone,"sheet, grid",0.1,102,d76,bl100grid,shingle,5.5,0.1,48.0,cone,2.0,2.0,50.0,9.090909090909092,0.03044210510272572,0.0,0.0005451533943414688,0.04999997094273567,"{""backing"": 2.0, ""bot"": ""cone"", ""bot_depth"": 2.0, ""bot_params"": {""depth_jitter"": 0.0, ""height_seg"": 6, ""jitter"": 0.3, ""pitch"": 2.0, ""profile_power"": 1.0, ""radial_seg"": 16, ""tip_radius"": 0.1}, ""face_h"": 60.0, ""face_w"": 60.0, ""margin_depths"": 2.0, ""seed"": 102, ""top"": ""shingle"", ""top_depth"": 48.0, ""top_params"": {""azimuth_mode"": ""grid"", ""jitter"": 0.3, ""pitch"": 5.5, ""plate_t_bot"": 0.1, ""plate_t_top"": 0.1, ""tilt_deg"": 2.0, ""tilt_jitter"": 0.0}}"
FL_bl100grid_cone_d20_s102,floor,shingle/cone,"sheet, grid",0.1,102,d76,bl100grid,shingle,5.5,0.1,48.0,cone,2.0,2.0,50.0,9.090909090909092,0.03044210510272572,-20.0,0.000907241425011307,0.04999997094273567,"{""backing"": 2.0, ""bot"": ""cone"", ""bot_depth"": 2.0, ""bot_params"": {""depth_jitter"": 0.0, ""height_seg"": 6, ""jitter"": 0.3, ""pitch"": 2.0, ""profile_power"": 1.0, ""radial_seg"": 16, ""tip_radius"": 0.1}, ""face_h"": 60.0, ""face_w"": 60.0, ""margin_depths"": 2.0, ""seed"": 102, ""top"": ""shingle"", ""top_depth"": 48.0, ""top_params"": {""azimuth_mode"": ""grid"", ""jitter"": 0.3, ""pitch"": 5.5, ""plate_t_bot"": 0.1, ""plate_t_top"": 0.1, ""tilt_deg"": 2.0, ""tilt_jitter"": 0.0}}"
FL_bl100grid_cone_d20_s102,floor,shingle/cone,"sheet, grid",0.1,102,d76,bl100grid,shingle,5.5,0.1,48.0,cone,2.0,2.0,50.0,9.090909090909092,0.03044210510272572,-40.0,0.0014405325055122375,0.04999997094273567,"{""backing"": 2.0, ""bot"": ""cone"", ""bot_depth"": 2.0, ""bot_params"": {""depth_jitter"": 0.0, ""height_seg"": 6, ""jitter"": 0.3, ""pitch"": 2.0, ""profile_power"": 1.0, ""radial_seg"": 16, ""tip_radius"": 0.1}, ""face_h"": 60.0, ""face_w"": 60.0, ""margin_depths"": 2.0, ""seed"": 102, ""top"": ""shingle"", ""top_depth"": 48.0, ""top_params"": {""azimuth_mode"": ""grid"", ""jitter"": 0.3, ""pitch"": 5.5, ""plate_t_bot"": 0.1, ""plate_t_top"": 0.1, ""tilt_deg"": 2.0, ""tilt_jitter"": 0.0}}"
FL_bl100grid_cone_d20_s102,floor,shingle/cone,"sheet, grid",0.1,102,d76,bl100grid,shingle,5.5,0.1,48.0,cone,2.0,2.0,50.0,9.090909090909092,0.03044210510272572,20.0,0.0010164976119995117,0.04999997094273567,"{""backing"": 2.0, ""bot"": ""cone"", ""bot_depth"": 2.0, ""bot_params"": {""depth_jitter"": 0.0, ""height_seg"": 6, ""jitter"": 0.3, ""pitch"": 2.0, ""profile_power"": 1.0, ""radial_seg"": 16, ""tip_radius"": 0.1}, ""face_h"": 60.0, ""face_w"": 60.0, ""margin_depths"": 2.0, ""seed"": 102, ""top"": ""shingle"", ""top_depth"": 48.0, ""top_params"": {""azimuth_mode"": ""grid"", ""jitter"": 0.3, ""pitch"": 5.5, ""plate_t_bot"": 0.1, ""plate_t_top"": 0.1, ""tilt_deg"": 2.0, ""tilt_jitter"": 0.0}}"
FL_bl100grid_cone_d20_s102,floor,shingle/cone,"sheet, grid",0.1,102,d76,bl100grid,shingle,5.5,0.1,48.0,cone,2.0,2.0,50.0,9.090909090909092,0.03044210510272572,40.0,0.0015855421079322696,0.04999997094273567,"{""backing"": 2.0, ""bot"": ""cone"", ""bot_depth"": 2.0, ""bot_params"": {""depth_jitter"": 0.0, ""height_seg"": 6, ""jitter"": 0.3, ""pitch"": 2.0, ""profile_power"": 1.0, ""radial_seg"": 16, ""tip_radius"": 0.1}, ""face_h"": 60.0, ""face_w"": 60.0, ""margin_depths"": 2.0, ""seed"": 102, ""top"": ""shingle"", ""top_depth"": 48.0, ""top_params"": {""azimuth_mode"": ""grid"", ""jitter"": 0.3, ""pitch"": 5.5, ""plate_t_bot"": 0.1, ""plate_t_top"": 0.1, ""tilt_deg"": 2.0, ""tilt_jitter"": 0.0}}"
FL_bl100grid_cone_d20_s102,floor,shingle/cone,"sheet, grid",0.1,102,d100,bl100grid,shingle,5.5,0.1,48.0,cone,2.0,2.0,50.0,9.090909090909092,0.03044210510272572,0.0,0.0004948608693666756,0.04999997094273567,"{""backing"": 2.0, ""bot"": ""cone"", ""bot_depth"": 2.0, ""bot_params"": {""depth_jitter"": 0.0, ""height_seg"": 6, ""jitter"": 0.3, ""pitch"": 2.0, ""profile_power"": 1.0, ""radial_seg"": 16, ""tip_radius"": 0.1}, ""face_h"": 60.0, ""face_w"": 60.0, ""margin_depths"": 2.0, ""seed"": 102, ""top"": ""shingle"", ""top_depth"": 48.0, ""top_params"": {""azimuth_mode"": ""grid"", ""jitter"": 0.3, ""pitch"": 5.5, ""plate_t_bot"": 0.1, ""plate_t_top"": 0.1, ""tilt_deg"": 2.0, ""tilt_jitter"": 0.0}}"
FL_bl100grid_cone_d20_s102,floor,shingle/cone,"sheet, grid",0.1,102,d100,bl100grid,shingle,5.5,0.1,48.0,cone,2.0,2.0,50.0,9.090909090909092,0.03044210510272572,-20.0,0.0010237436508759856,0.04999997094273567,"{""backing"": 2.0, ""bot"": ""cone"", ""bot_depth"": 2.0, ""bot_params"": {""depth_jitter"": 0.0, ""height_seg"": 6, ""jitter"": 0.3, ""pitch"": 2.0, ""profile_power"": 1.0, ""radial_seg"": 16, ""tip_radius"": 0.1}, ""face_h"": 60.0, ""face_w"": 60.0, ""margin_depths"": 2.0, ""seed"": 102, ""top"": ""shingle"", ""top_depth"": 48.0, ""top_params"": {""azimuth_mode"": ""grid"", ""jitter"": 0.3, ""pitch"": 5.5, ""plate_t_bot"": 0.1, ""plate_t_top"": 0.1, ""tilt_deg"": 2.0, ""tilt_jitter"": 0.0}}"
FL_bl100grid_cone_d20_s102,floor,shingle/cone,"sheet, grid",0.1,102,d100,bl100grid,shingle,5.5,0.1,48.0,cone,2.0,2.0,50.0,9.090909090909092,0.03044210510272572,-40.0,0.0017430984880775213,0.04999997094273567,"{""backing"": 2.0, ""bot"": ""cone"", ""bot_depth"": 2.0, ""bot_params"": {""depth_jitter"": 0.0, ""height_seg"": 6, ""jitter"": 0.3, ""pitch"": 2.0, ""profile_power"": 1.0, ""radial_seg"": 16, ""tip_radius"": 0.1}, ""face_h"": 60.0, ""face_w"": 60.0, ""margin_depths"": 2.0, ""seed"": 102, ""top"": ""shingle"", ""top_depth"": 48.0, ""top_params"": {""azimuth_mode"": ""grid"", ""jitter"": 0.3, ""pitch"": 5.5, ""plate_t_bot"": 0.1, ""plate_t_top"": 0.1, ""tilt_deg"": 2.0, ""tilt_jitter"": 0.0}}"
FL_bl100grid_cone_d20_s102,floor,shingle/cone,"sheet, grid",0.1,102,d100,bl100grid,shingle,5.5,0.1,48.0,cone,2.0,2.0,50.0,9.090909090909092,0.03044210510272572,20.0,0.0011807546252384782,0.04999997094273567,"{""backing"": 2.0, ""bot"": ""cone"", ""bot_depth"": 2.0, ""bot_params"": {""depth_jitter"": 0.0, ""height_seg"": 6, ""jitter"": 0.3, ""pitch"": 2.0, ""profile_power"": 1.0, ""radial_seg"": 16, ""tip_radius"": 0.1}, ""face_h"": 60.0, ""face_w"": 60.0, ""margin_depths"": 2.0, ""seed"": 102, ""top"": ""shingle"", ""top_depth"": 48.0, ""top_params"": {""azimuth_mode"": ""grid"", ""jitter"": 0.3, ""pitch"": 5.5, ""plate_t_bot"": 0.1, ""plate_t_top"": 0.1, ""tilt_deg"": 2.0, ""tilt_jitter"": 0.0}}"
FL_bl100grid_cone_d20_s102,floor,shingle/cone,"sheet, grid",0.1,102,d100,bl100grid,shingle,5.5,0.1,48.0,cone,2.0,2.0,50.0,9.090909090909092,0.03044210510272572,40.0,0.00193063507322222,0.04999997094273567,"{""backing"": 2.0, ""bot"": ""cone"", ""bot_depth"": 2.0, ""bot_params"": {""depth_jitter"": 0.0, ""height_seg"": 6, ""jitter"": 0.3, ""pitch"": 2.0, ""profile_power"": 1.0, ""radial_seg"": 16, ""tip_radius"": 0.1}, ""face_h"": 60.0, ""face_w"": 60.0, ""margin_depths"": 2.0, ""seed"": 102, ""top"": ""shingle"", ""top_depth"": 48.0, ""top_params"": {""azimuth_mode"": ""grid"", ""jitter"": 0.3, ""pitch"": 5.5, ""plate_t_bot"": 0.1, ""plate_t_top"": 0.1, ""tilt_deg"": 2.0, ""tilt_jitter"": 0.0}}"
FL_bl100grid_cone_d30_s102,floor,shingle/cone,"sheet, grid",0.1,102,d00,bl100grid,shingle,5.5,0.1,47.0,cone,3.0,2.0,50.0,9.090909090909092,0.03044210510272572,0.0,0.000747805112041533,0.04999997094273567,"{""backing"": 2.0, ""bot"": ""cone"", ""bot_depth"": 3.0, ""bot_params"": {""depth_jitter"": 0.0, ""height_seg"": 6, ""jitter"": 0.3, ""pitch"": 2.0, ""profile_power"": 1.0, ""radial_seg"": 16, ""tip_radius"": 0.1}, ""face_h"": 60.0, ""face_w"": 60.0, ""margin_depths"": 2.0, ""seed"": 102, ""top"": ""shingle"", ""top_depth"": 47.0, ""top_params"": {""azimuth_mode"": ""grid"", ""jitter"": 0.3, ""pitch"": 5.5, ""plate_t_bot"": 0.1, ""plate_t_top"": 0.1, ""tilt_deg"": 2.0, ""tilt_jitter"": 0.0}}"
FL_bl100grid_cone_d30_s102,floor,shingle/cone,"sheet, grid",0.1,102,d00,bl100grid,shingle,5.5,0.1,47.0,cone,3.0,2.0,50.0,9.090909090909092,0.03044210510272572,-20.0,0.0005797976045869291,0.04999997094273567,"{""backing"": 2.0, ""bot"": ""cone"", ""bot_depth"": 3.0, ""bot_params"": {""depth_jitter"": 0.0, ""height_seg"": 6, ""jitter"": 0.3, ""pitch"": 2.0, ""profile_power"": 1.0, ""radial_seg"": 16, ""tip_radius"": 0.1}, ""face_h"": 60.0, ""face_w"": 60.0, ""margin_depths"": 2.0, ""seed"": 102, ""top"": ""shingle"", ""top_depth"": 47.0, ""top_params"": {""azimuth_mode"": ""grid"", ""jitter"": 0.3, ""pitch"": 5.5, ""plate_t_bot"": 0.1, ""plate_t_top"": 0.1, ""tilt_deg"": 2.0, ""tilt_jitter"": 0.0}}"
FL_bl100grid_cone_d30_s102,floor,shingle/cone,"sheet, grid",0.1,102,d00,bl100grid,shingle,5.5,0.1,47.0,cone,3.0,2.0,50.0,9.090909090909092,0.03044210510272572,-40.0,0.0005437390063889325,0.04999997094273567,"{""backing"": 2.0, ""bot"": ""cone"", ""bot_depth"": 3.0, ""bot_params"": {""depth_jitter"": 0.0, ""height_seg"": 6, ""jitter"": 0.3, ""pitch"": 2.0, ""profile_power"": 1.0, ""radial_seg"": 16, ""tip_radius"": 0.1}, ""face_h"": 60.0, ""face_w"": 60.0, ""margin_depths"": 2.0, ""seed"": 102, ""top"": ""shingle"", ""top_depth"": 47.0, ""top_params"": {""azimuth_mode"": ""grid"", ""jitter"": 0.3, ""pitch"": 5.5, ""plate_t_bot"": 0.1, ""plate_t_top"": 0.1, ""tilt_deg"": 2.0, ""tilt_jitter"": 0.0}}"
FL_bl100grid_cone_d30_s102,floor,shingle/cone,"sheet, grid",0.1,102,d00,bl100grid,shingle,5.5,0.1,47.0,cone,3.0,2.0,50.0,9.090909090909092,0.03044210510272572,20.0,0.0005509073962457478,0.04999997094273567,"{""backing"": 2.0, ""bot"": ""cone"", ""bot_depth"": 3.0, ""bot_params"": {""depth_jitter"": 0.0, ""height_seg"": 6, ""jitter"": 0.3, ""pitch"": 2.0, ""profile_power"": 1.0, ""radial_seg"": 16, ""tip_radius"": 0.1}, ""face_h"": 60.0, ""face_w"": 60.0, ""margin_depths"": 2.0, ""seed"": 102, ""top"": ""shingle"", ""top_depth"": 47.0, ""top_params"": {""azimuth_mode"": ""grid"", ""jitter"": 0.3, ""pitch"": 5.5, ""plate_t_bot"": 0.1, ""plate_t_top"": 0.1, ""tilt_deg"": 2.0, ""tilt_jitter"": 0.0}}"
FL_bl100grid_cone_d30_s102,floor,shingle/cone,"sheet, grid",0.1,102,d00,bl100grid,shingle,5.5,0.1,47.0,cone,3.0,2.0,50.0,9.090909090909092,0.03044210510272572,40.0,0.0005291064153425395,0.04999997094273567,"{""backing"": 2.0, ""bot"": ""cone"", ""bot_depth"": 3.0, ""bot_params"": {""depth_jitter"": 0.0, ""height_seg"": 6, ""jitter"": 0.3, ""pitch"": 2.0, ""profile_power"": 1.0, ""radial_seg"": 16, ""tip_radius"": 0.1}, ""face_h"": 60.0, ""face_w"": 60.0, ""margin_depths"": 2.0, ""seed"": 102, ""top"": ""shingle"", ""top_depth"": 47.0, ""top_params"": {""azimuth_mode"": ""grid"", ""jitter"": 0.3, ""pitch"": 5.5, ""plate_t_bot"": 0.1, ""plate_t_top"": 0.1, ""tilt_deg"": 2.0, ""tilt_jitter"": 0.0}}"
FL_bl100grid_cone_d30_s102,floor,shingle/cone,"sheet, grid",0.1,102,d76,bl100grid,shingle,5.5,0.1,47.0,cone,3.0,2.0,50.0,9.090909090909092,0.03044210510272572,0.0,0.0005363020463846624,0.04999997094273567,"{""backing"": 2.0, ""bot"": ""cone"", ""bot_depth"": 3.0, ""bot_params"": {""depth_jitter"": 0.0, ""height_seg"": 6, ""jitter"": 0.3, ""pitch"": 2.0, ""profile_power"": 1.0, ""radial_seg"": 16, ""tip_radius"": 0.1}, ""face_h"": 60.0, ""face_w"": 60.0, ""margin_depths"": 2.0, ""seed"": 102, ""top"": ""shingle"", ""top_depth"": 47.0, ""top_params"": {""azimuth_mode"": ""grid"", ""jitter"": 0.3, ""pitch"": 5.5, ""plate_t_bot"": 0.1, ""plate_t_top"": 0.1, ""tilt_deg"": 2.0, ""tilt_jitter"": 0.0}}"
FL_bl100grid_cone_d30_s102,floor,shingle/cone,"sheet, grid",0.1,102,d76,bl100grid,shingle,5.5,0.1,47.0,cone,3.0,2.0,50.0,9.090909090909092,0.03044210510272572,-20.0,0.0009076801943592727,0.04999997094273567,"{""backing"": 2.0, ""bot"": ""cone"", ""bot_depth"": 3.0, ""bot_params"": {""depth_jitter"": 0.0, ""height_seg"": 6, ""jitter"": 0.3, ""pitch"": 2.0, ""profile_power"": 1.0, ""radial_seg"": 16, ""tip_radius"": 0.1}, ""face_h"": 60.0, ""face_w"": 60.0, ""margin_depths"": 2.0, ""seed"": 102, ""top"": ""shingle"", ""top_depth"": 47.0, ""top_params"": {""azimuth_mode"": ""grid"", ""jitter"": 0.3, ""pitch"": 5.5, ""plate_t_bot"": 0.1, ""plate_t_top"": 0.1, ""tilt_deg"": 2.0, ""tilt_jitter"": 0.0}}"
FL_bl100grid_cone_d30_s102,floor,shingle/cone,"sheet, grid",0.1,102,d76,bl100grid,shingle,5.5,0.1,47.0,cone,3.0,2.0,50.0,9.090909090909092,0.03044210510272572,-40.0,0.0014404747635126114,0.04999997094273567,"{""backing"": 2.0, ""bot"": ""cone"", ""bot_depth"": 3.0, ""bot_params"": {""depth_jitter"": 0.0, ""height_seg"": 6, ""jitter"": 0.3, ""pitch"": 2.0, ""profile_power"": 1.0, ""radial_seg"": 16, ""tip_radius"": 0.1}, ""face_h"": 60.0, ""face_w"": 60.0, ""margin_depths"": 2.0, ""seed"": 102, ""top"": ""shingle"", ""top_depth"": 47.0, ""top_params"": {""azimuth_mode"": ""grid"", ""jitter"": 0.3, ""pitch"": 5.5, ""plate_t_bot"": 0.1, ""plate_t_top"": 0.1, ""tilt_deg"": 2.0, ""tilt_jitter"": 0.0}}"
FL_bl100grid_cone_d30_s102,floor,shingle/cone,"sheet, grid",0.1,102,d76,bl100grid,shingle,5.5,0.1,47.0,cone,3.0,2.0,50.0,9.090909090909092,0.03044210510272572,20.0,0.0010164636187255383,0.04999997094273567,"{""backing"": 2.0, ""bot"": ""cone"", ""bot_depth"": 3.0, ""bot_params"": {""depth_jitter"": 0.0, ""height_seg"": 6, ""jitter"": 0.3, ""pitch"": 2.0, ""profile_power"": 1.0, ""radial_seg"": 16, ""tip_radius"": 0.1}, ""face_h"": 60.0, ""face_w"": 60.0, ""margin_depths"": 2.0, ""seed"": 102, ""top"": ""shingle"", ""top_depth"": 47.0, ""top_params"": {""azimuth_mode"": ""grid"", ""jitter"": 0.3, ""pitch"": 5.5, ""plate_t_bot"": 0.1, ""plate_t_top"": 0.1, ""tilt_deg"": 2.0, ""tilt_jitter"": 0.0}}"
FL_bl100grid_cone_d30_s102,floor,shingle/cone,"sheet, grid",0.1,102,d76,bl100grid,shingle,5.5,0.1,47.0,cone,3.0,2.0,50.0,9.090909090909092,0.03044210510272572,40.0,0.001585546531714499,0.04999997094273567,"{""backing"": 2.0, ""bot"": ""cone"", ""bot_depth"": 3.0, ""bot_params"": {""depth_jitter"": 0.0, ""height_seg"": 6, ""jitter"": 0.3, ""pitch"": 2.0, ""profile_power"": 1.0, ""radial_seg"": 16, ""tip_radius"": 0.1}, ""face_h"": 60.0, ""face_w"": 60.0, ""margin_depths"": 2.0, ""seed"": 102, ""top"": ""shingle"", ""top_depth"": 47.0, ""top_params"": {""azimuth_mode"": ""grid"", ""jitter"": 0.3, ""pitch"": 5.5, ""plate_t_bot"": 0.1, ""plate_t_top"": 0.1, ""tilt_deg"": 2.0, ""tilt_jitter"": 0.0}}"
FL_bl100grid_cone_d30_s102,floor,shingle/cone,"sheet, grid",0.1,102,d100,bl100grid,shingle,5.5,0.1,47.0,cone,3.0,2.0,50.0,9.090909090909092,0.03044210510272572,0.0,0.000486072531202808,0.04999997094273567,"{""backing"": 2.0, ""bot"": ""cone"", ""bot_depth"": 3.0, ""bot_params"": {""depth_jitter"": 0.0, ""height_seg"": 6, ""jitter"": 0.3, ""pitch"": 2.0, ""profile_power"": 1.0, ""radial_seg"": 16, ""tip_radius"": 0.1}, ""face_h"": 60.0, ""face_w"": 60.0, ""margin_depths"": 2.0, ""seed"": 102, ""top"": ""shingle"", ""top_depth"": 47.0, ""top_params"": {""azimuth_mode"": ""grid"", ""jitter"": 0.3, ""pitch"": 5.5, ""plate_t_bot"": 0.1, ""plate_t_top"": 0.1, ""tilt_deg"": 2.0, ""tilt_jitter"": 0.0}}"
FL_bl100grid_cone_d30_s102,floor,shingle/cone,"sheet, grid",0.1,102,d100,bl100grid,shingle,5.5,0.1,47.0,cone,3.0,2.0,50.0,9.090909090909092,0.03044210510272572,-20.0,0.0010237841634079814,0.04999997094273567,"{""backing"": 2.0, ""bot"": ""cone"", ""bot_depth"": 3.0, ""bot_params"": {""depth_jitter"": 0.0, ""height_seg"": 6, ""jitter"": 0.3, ""pitch"": 2.0, ""profile_power"": 1.0, ""radial_seg"": 16, ""tip_radius"": 0.1}, ""face_h"": 60.0, ""face_w"": 60.0, ""margin_depths"": 2.0, ""seed"": 102, ""top"": ""shingle"", ""top_depth"": 47.0, ""top_params"": {""azimuth_mode"": ""grid"", ""jitter"": 0.3, ""pitch"": 5.5, ""plate_t_bot"": 0.1, ""plate_t_top"": 0.1, ""tilt_deg"": 2.0, ""tilt_jitter"": 0.0}}"
FL_bl100grid_cone_d30_s102,floor,shingle/cone,"sheet, grid",0.1,102,d100,bl100grid,shingle,5.5,0.1,47.0,cone,3.0,2.0,50.0,9.090909090909092,0.03044210510272572,-40.0,0.0017430454026907682,0.04999997094273567,"{""backing"": 2.0, ""bot"": ""cone"", ""bot_depth"": 3.0, ""bot_params"": {""depth_jitter"": 0.0, ""height_seg"": 6, ""jitter"": 0.3, ""pitch"": 2.0, ""profile_power"": 1.0, ""radial_seg"": 16, ""tip_radius"": 0.1}, ""face_h"": 60.0, ""face_w"": 60.0, ""margin_depths"": 2.0, ""seed"": 102, ""top"": ""shingle"", ""top_depth"": 47.0, ""top_params"": {""azimuth_mode"": ""grid"", ""jitter"": 0.3, ""pitch"": 5.5, ""plate_t_bot"": 0.1, ""plate_t_top"": 0.1, ""tilt_deg"": 2.0, ""tilt_jitter"": 0.0}}"
FL_bl100grid_cone_d30_s102,floor,shingle/cone,"sheet, grid",0.1,102,d100,bl100grid,shingle,5.5,0.1,47.0,cone,3.0,2.0,50.0,9.090909090909092,0.03044210510272572,20.0,0.0011806684779003263,0.04999997094273567,"{""backing"": 2.0, ""bot"": ""cone"", ""bot_depth"": 3.0, ""bot_params"": {""depth_jitter"": 0.0, ""height_seg"": 6, ""jitter"": 0.3, ""pitch"": 2.0, ""profile_power"": 1.0, ""radial_seg"": 16, ""tip_radius"": 0.1}, ""face_h"": 60.0, ""face_w"": 60.0, ""margin_depths"": 2.0, ""seed"": 102, ""top"": ""shingle"", ""top_depth"": 47.0, ""top_params"": {""azimuth_mode"": ""grid"", ""jitter"": 0.3, ""pitch"": 5.5, ""plate_t_bot"": 0.1, ""plate_t_top"": 0.1, ""tilt_deg"": 2.0, ""tilt_jitter"": 0.0}}"
FL_bl100grid_cone_d30_s102,floor,shingle/cone,"sheet, grid",0.1,102,d100,bl100grid,shingle,5.5,0.1,47.0,cone,3.0,2.0,50.0,9.090909090909092,0.03044210510272572,40.0,0.0019306348403915763,0.04999997094273567,"{""backing"": 2.0, ""bot"": ""cone"", ""bot_depth"": 3.0, ""bot_params"": {""depth_jitter"": 0.0, ""height_seg"": 6, ""jitter"": 0.3, ""pitch"": 2.0, ""profile_power"": 1.0, ""radial_seg"": 16, ""tip_radius"": 0.1}, ""face_h"": 60.0, ""face_w"": 60.0, ""margin_depths"": 2.0, ""seed"": 102, ""top"": ""shingle"", ""top_depth"": 47.0, ""top_params"": {""azimuth_mode"": ""grid"", ""jitter"": 0.3, ""pitch"": 5.5, ""plate_t_bot"": 0.1, ""plate_t_top"": 0.1, ""tilt_deg"": 2.0, ""tilt_jitter"": 0.0}}"
FL_bl100grid_cone_d50_s102,floor,shingle/cone,"sheet, grid",0.1,102,d00,bl100grid,shingle,5.5,0.1,45.0,cone,5.0,2.0,50.0,9.090909090909092,0.03044210510272572,0.0,0.0007187764858826995,0.04999997094273567,"{""backing"": 2.0, ""bot"": ""cone"", ""bot_depth"": 5.0, ""bot_params"": {""depth_jitter"": 0.0, ""height_seg"": 6, ""jitter"": 0.3, ""pitch"": 2.0, ""profile_power"": 1.0, ""radial_seg"": 16, ""tip_radius"": 0.1}, ""face_h"": 60.0, ""face_w"": 60.0, ""margin_depths"": 2.0, ""seed"": 102, ""top"": ""shingle"", ""top_depth"": 45.0, ""top_params"": {""azimuth_mode"": ""grid"", ""jitter"": 0.3, ""pitch"": 5.5, ""plate_t_bot"": 0.1, ""plate_t_top"": 0.1, ""tilt_deg"": 2.0, ""tilt_jitter"": 0.0}}"
FL_bl100grid_cone_d50_s102,floor,shingle/cone,"sheet, grid",0.1,102,d00,bl100grid,shingle,5.5,0.1,45.0,cone,5.0,2.0,50.0,9.090909090909092,0.03044210510272572,-20.0,0.0005922106211073697,0.04999997094273567,"{""backing"": 2.0, ""bot"": ""cone"", ""bot_depth"": 5.0, ""bot_params"": {""depth_jitter"": 0.0, ""height_seg"": 6, ""jitter"": 0.3, ""pitch"": 2.0, ""profile_power"": 1.0, ""radial_seg"": 16, ""tip_radius"": 0.1}, ""face_h"": 60.0, ""face_w"": 60.0, ""margin_depths"": 2.0, ""seed"": 102, ""top"": ""shingle"", ""top_depth"": 45.0, ""top_params"": {""azimuth_mode"": ""grid"", ""jitter"": 0.3, ""pitch"": 5.5, ""plate_t_bot"": 0.1, ""plate_t_top"": 0.1, ""tilt_deg"": 2.0, ""tilt_jitter"": 0.0}}"
FL_bl100grid_cone_d50_s102,floor,shingle/cone,"sheet, grid",0.1,102,d00,bl100grid,shingle,5.5,0.1,45.0,cone,5.0,2.0,50.0,9.090909090909092,0.03044210510272572,-40.0,0.0005792602896690369,0.04999997094273567,"{""backing"": 2.0, ""bot"": ""cone"", ""bot_depth"": 5.0, ""bot_params"": {""depth_jitter"": 0.0, ""height_seg"": 6, ""jitter"": 0.3, ""pitch"": 2.0, ""profile_power"": 1.0, ""radial_seg"": 16, ""tip_radius"": 0.1}, ""face_h"": 60.0, ""face_w"": 60.0, ""margin_depths"": 2.0, ""seed"": 102, ""top"": ""shingle"", ""top_depth"": 45.0, ""top_params"": {""azimuth_mode"": ""grid"", ""jitter"": 0.3, ""pitch"": 5.5, ""plate_t_bot"": 0.1, ""plate_t_top"": 0.1, ""tilt_deg"": 2.0, ""tilt_jitter"": 0.0}}"
FL_bl100grid_cone_d50_s102,floor,shingle/cone,"sheet, grid",0.1,102,d00,bl100grid,shingle,5.5,0.1,45.0,cone,5.0,2.0,50.0,9.090909090909092,0.03044210510272572,20.0,0.0005597338313236833,0.04999997094273567,"{""backing"": 2.0, ""bot"": ""cone"", ""bot_depth"": 5.0, ""bot_params"": {""depth_jitter"": 0.0, ""height_seg"": 6, ""jitter"": 0.3, ""pitch"": 2.0, ""profile_power"": 1.0, ""radial_seg"": 16, ""tip_radius"": 0.1}, ""face_h"": 60.0, ""face_w"": 60.0, ""margin_depths"": 2.0, ""seed"": 102, ""top"": ""shingle"", ""top_depth"": 45.0, ""top_params"": {""azimuth_mode"": ""grid"", ""jitter"": 0.3, ""pitch"": 5.5, ""plate_t_bot"": 0.1, ""plate_t_top"": 0.1, ""tilt_deg"": 2.0, ""tilt_jitter"": 0.0}}"
FL_bl100grid_cone_d50_s102,floor,shingle/cone,"sheet, grid",0.1,102,d00,bl100grid,shingle,5.5,0.1,45.0,cone,5.0,2.0,50.0,9.090909090909092,0.03044210510272572,40.0,0.0005554118542931974,0.04999997094273567,"{""backing"": 2.0, ""bot"": ""cone"", ""bot_depth"": 5.0, ""bot_params"": {""depth_jitter"": 0.0, ""height_seg"": 6, ""jitter"": 0.3, ""pitch"": 2.0, ""profile_power"": 1.0, ""radial_seg"": 16, ""tip_radius"": 0.1}, ""face_h"": 60.0, ""face_w"": 60.0, ""margin_depths"": 2.0, ""seed"": 102, ""top"": ""shingle"", ""top_depth"": 45.0, ""top_params"": {""azimuth_mode"": ""grid"", ""jitter"": 0.3, ""pitch"": 5.5, ""plate_t_bot"": 0.1, ""plate_t_top"": 0.1, ""tilt_deg"": 2.0, ""tilt_jitter"": 0.0}}"
FL_bl100grid_cone_d50_s102,floor,shingle/cone,"sheet, grid",0.1,102,d76,bl100grid,shingle,5.5,0.1,45.0,cone,5.0,2.0,50.0,9.090909090909092,0.03044210510272572,0.0,0.0005227309302426875,0.04999997094273567,"{""backing"": 2.0, ""bot"": ""cone"", ""bot_depth"": 5.0, ""bot_params"": {""depth_jitter"": 0.0, ""height_seg"": 6, ""jitter"": 0.3, ""pitch"": 2.0, ""profile_power"": 1.0, ""radial_seg"": 16, ""tip_radius"": 0.1}, ""face_h"": 60.0, ""face_w"": 60.0, ""margin_depths"": 2.0, ""seed"": 102, ""top"": ""shingle"", ""top_depth"": 45.0, ""top_params"": {""azimuth_mode"": ""grid"", ""jitter"": 0.3, ""pitch"": 5.5, ""plate_t_bot"": 0.1, ""plate_t_top"": 0.1, ""tilt_deg"": 2.0, ""tilt_jitter"": 0.0}}"
FL_bl100grid_cone_d50_s102,floor,shingle/cone,"sheet, grid",0.1,102,d76,bl100grid,shingle,5.5,0.1,45.0,cone,5.0,2.0,50.0,9.090909090909092,0.03044210510272572,-20.0,0.0008254349231719971,0.04999997094273567,"{""backing"": 2.0, ""bot"": ""cone"", ""bot_depth"": 5.0, ""bot_params"": {""depth_jitter"": 0.0, ""height_seg"": 6, ""jitter"": 0.3, ""pitch"": 2.0, ""profile_power"": 1.0, ""radial_seg"": 16, ""tip_radius"": 0.1}, ""face_h"": 60.0, ""face_w"": 60.0, ""margin_depths"": 2.0, ""seed"": 102, ""top"": ""shingle"", ""top_depth"": 45.0, ""top_params"": {""azimuth_mode"": ""grid"", ""jitter"": 0.3, ""pitch"": 5.5, ""plate_t_bot"": 0.1, ""plate_t_top"": 0.1, ""tilt_deg"": 2.0, ""tilt_jitter"": 0.0}}"
FL_bl100grid_cone_d50_s102,floor,shingle/cone,"sheet, grid",0.1,102,d76,bl100grid,shingle,5.5,0.1,45.0,cone,5.0,2.0,50.0,9.090909090909092,0.03044210510272572,-40.0,0.0012583502102643251,0.04999997094273567,"{""backing"": 2.0, ""bot"": ""cone"", ""bot_depth"": 5.0, ""bot_params"": {""depth_jitter"": 0.0, ""height_seg"": 6, ""jitter"": 0.3, ""pitch"": 2.0, ""profile_power"": 1.0, ""radial_seg"": 16, ""tip_radius"": 0.1}, ""face_h"": 60.0, ""face_w"": 60.0, ""margin_depths"": 2.0, ""seed"": 102, ""top"": ""shingle"", ""top_depth"": 45.0, ""top_params"": {""azimuth_mode"": ""grid"", ""jitter"": 0.3, ""pitch"": 5.5, ""plate_t_bot"": 0.1, ""plate_t_top"": 0.1, ""tilt_deg"": 2.0, ""tilt_jitter"": 0.0}}"
FL_bl100grid_cone_d50_s102,floor,shingle/cone,"sheet, grid",0.1,102,d76,bl100grid,shingle,5.5,0.1,45.0,cone,5.0,2.0,50.0,9.090909090909092,0.03044210510272572,20.0,0.0009655515314079821,0.04999997094273567,"{""backing"": 2.0, ""bot"": ""cone"", ""bot_depth"": 5.0, ""bot_params"": {""depth_jitter"": 0.0, ""height_seg"": 6, ""jitter"": 0.3, ""pitch"": 2.0, ""profile_power"": 1.0, ""radial_seg"": 16, ""tip_radius"": 0.1}, ""face_h"": 60.0, ""face_w"": 60.0, ""margin_depths"": 2.0, ""seed"": 102, ""top"": ""shingle"", ""top_depth"": 45.0, ""top_params"": {""azimuth_mode"": ""grid"", ""jitter"": 0.3, ""pitch"": 5.5, ""plate_t_bot"": 0.1, ""plate_t_top"": 0.1, ""tilt_deg"": 2.0, ""tilt_jitter"": 0.0}}"
FL_bl100grid_cone_d50_s102,floor,shingle/cone,"sheet, grid",0.1,102,d76,bl100grid,shingle,5.5,0.1,45.0,cone,5.0,2.0,50.0,9.090909090909092,0.03044210510272572,40.0,0.0014791082357987761,0.04999997094273567,"{""backing"": 2.0, ""bot"": ""cone"", ""bot_depth"": 5.0, ""bot_params"": {""depth_jitter"": 0.0, ""height_seg"": 6, ""jitter"": 0.3, ""pitch"": 2.0, ""profile_power"": 1.0, ""radial_seg"": 16, ""tip_radius"": 0.1}, ""face_h"": 60.0, ""face_w"": 60.0, ""margin_depths"": 2.0, ""seed"": 102, ""top"": ""shingle"", ""top_depth"": 45.0, ""top_params"": {""azimuth_mode"": ""grid"", ""jitter"": 0.3, ""pitch"": 5.5, ""plate_t_bot"": 0.1, ""plate_t_top"": 0.1, ""tilt_deg"": 2.0, ""tilt_jitter"": 0.0}}"
FL_bl100grid_cone_d50_s102,floor,shingle/cone,"sheet, grid",0.1,102,d100,bl100grid,shingle,5.5,0.1,45.0,cone,5.0,2.0,50.0,9.090909090909092,0.03044210510272572,0.0,0.00047745651681907475,0.04999997094273567,"{""backing"": 2.0, ""bot"": ""cone"", ""bot_depth"": 5.0, ""bot_params"": {""depth_jitter"": 0.0, ""height_seg"": 6, ""jitter"": 0.3, ""pitch"": 2.0, ""profile_power"": 1.0, ""radial_seg"": 16, ""tip_radius"": 0.1}, ""face_h"": 60.0, ""face_w"": 60.0, ""margin_depths"": 2.0, ""seed"": 102, ""top"": ""shingle"", ""top_depth"": 45.0, ""top_params"": {""azimuth_mode"": ""grid"", ""jitter"": 0.3, ""pitch"": 5.5, ""plate_t_bot"": 0.1, ""plate_t_top"": 0.1, ""tilt_deg"": 2.0, ""tilt_jitter"": 0.0}}"
FL_bl100grid_cone_d50_s102,floor,shingle/cone,"sheet, grid",0.1,102,d100,bl100grid,shingle,5.5,0.1,45.0,cone,5.0,2.0,50.0,9.090909090909092,0.03044210510272572,-20.0,0.0009053780231624842,0.04999997094273567,"{""backing"": 2.0, ""bot"": ""cone"", ""bot_depth"": 5.0, ""bot_params"": {""depth_jitter"": 0.0, ""height_seg"": 6, ""jitter"": 0.3, ""pitch"": 2.0, ""profile_power"": 1.0, ""radial_seg"": 16, ""tip_radius"": 0.1}, ""face_h"": 60.0, ""face_w"": 60.0, ""margin_depths"": 2.0, ""seed"": 102, ""top"": ""shingle"", ""top_depth"": 45.0, ""top_params"": {""azimuth_mode"": ""grid"", ""jitter"": 0.3, ""pitch"": 5.5, ""plate_t_bot"": 0.1, ""plate_t_top"": 0.1, ""tilt_deg"": 2.0, ""tilt_jitter"": 0.0}}"
FL_bl100grid_cone_d50_s102,floor,shingle/cone,"sheet, grid",0.1,102,d100,bl100grid,shingle,5.5,0.1,45.0,cone,5.0,2.0,50.0,9.090909090909092,0.03044210510272572,-40.0,0.0014750044792890549,0.04999997094273567,"{""backing"": 2.0, ""bot"": ""cone"", ""bot_depth"": 5.0, ""bot_params"": {""depth_jitter"": 0.0, ""height_seg"": 6, ""jitter"": 0.3, ""pitch"": 2.0, ""profile_power"": 1.0, ""radial_seg"": 16, ""tip_radius"": 0.1}, ""face_h"": 60.0, ""face_w"": 60.0, ""margin_depths"": 2.0, ""seed"": 102, ""top"": ""shingle"", ""top_depth"": 45.0, ""top_params"": {""azimuth_mode"": ""grid"", ""jitter"": 0.3, ""pitch"": 5.5, ""plate_t_bot"": 0.1, ""plate_t_top"": 0.1, ""tilt_deg"": 2.0, ""tilt_jitter"": 0.0}}"
FL_bl100grid_cone_d50_s102,floor,shingle/cone,"sheet, grid",0.1,102,d100,bl100grid,shingle,5.5,0.1,45.0,cone,5.0,2.0,50.0,9.090909090909092,0.03044210510272572,20.0,0.0011063233250752091,0.04999997094273567,"{""backing"": 2.0, ""bot"": ""cone"", ""bot_depth"": 5.0, ""bot_params"": {""depth_jitter"": 0.0, ""height_seg"": 6, ""jitter"": 0.3, ""pitch"": 2.0, ""profile_power"": 1.0, ""radial_seg"": 16, ""tip_radius"": 0.1}, ""face_h"": 60.0, ""face_w"": 60.0, ""margin_depths"": 2.0, ""seed"": 102, ""top"": ""shingle"", ""top_depth"": 45.0, ""top_params"": {""azimuth_mode"": ""grid"", ""jitter"": 0.3, ""pitch"": 5.5, ""plate_t_bot"": 0.1, ""plate_t_top"": 0.1, ""tilt_deg"": 2.0, ""tilt_jitter"": 0.0}}"
FL_bl100grid_cone_d50_s102,floor,shingle/cone,"sheet, grid",0.1,102,d100,bl100grid,shingle,5.5,0.1,45.0,cone,5.0,2.0,50.0,9.090909090909092,0.03044210510272572,40.0,0.0017746237572282553,0.04999997094273567,"{""backing"": 2.0, ""bot"": ""cone"", ""bot_depth"": 5.0, ""bot_params"": {""depth_jitter"": 0.0, ""height_seg"": 6, ""jitter"": 0.3, ""pitch"": 2.0, ""profile_power"": 1.0, ""radial_seg"": 16, ""tip_radius"": 0.1}, ""face_h"": 60.0, ""face_w"": 60.0, ""margin_depths"": 2.0, ""seed"": 102, ""top"": ""shingle"", ""top_depth"": 45.0, ""top_params"": {""azimuth_mode"": ""grid"", ""jitter"": 0.3, ""pitch"": 5.5, ""plate_t_bot"": 0.1, ""plate_t_top"": 0.1, ""tilt_deg"": 2.0, ""tilt_jitter"": 0.0}}"
FL_bl100grid_pyramid_d20_s102,floor,shingle/pyramid,"sheet, grid",0.1,102,d00,bl100grid,shingle,5.5,0.1,48.0,pyramid,2.0,2.0,50.0,9.090909090909092,0.03044210510272572,0.0,0.0007315803086385131,0.04999997094273567,"{""backing"": 2.0, ""bot"": ""pyramid"", ""bot_depth"": 2.0, ""bot_params"": {""margin_depth_ref"": 50.0, ""pitch"": 2.0, ""tip_flat"": 0.1}, ""face_h"": 60.0, ""face_w"": 60.0, ""margin_depths"": 2.0, ""seed"": 102, ""top"": ""shingle"", ""top_depth"": 48.0, ""top_params"": {""azimuth_mode"": ""grid"", ""jitter"": 0.3, ""pitch"": 5.5, ""plate_t_bot"": 0.1, ""plate_t_top"": 0.1, ""tilt_deg"": 2.0, ""tilt_jitter"": 0.0}}"
FL_bl100grid_pyramid_d20_s102,floor,shingle/pyramid,"sheet, grid",0.1,102,d00,bl100grid,shingle,5.5,0.1,48.0,pyramid,2.0,2.0,50.0,9.090909090909092,0.03044210510272572,-20.0,0.0005783929955214262,0.04999997094273567,"{""backing"": 2.0, ""bot"": ""pyramid"", ""bot_depth"": 2.0, ""bot_params"": {""margin_depth_ref"": 50.0, ""pitch"": 2.0, ""tip_flat"": 0.1}, ""face_h"": 60.0, ""face_w"": 60.0, ""margin_depths"": 2.0, ""seed"": 102, ""top"": ""shingle"", ""top_depth"": 48.0, ""top_params"": {""azimuth_mode"": ""grid"", ""jitter"": 0.3, ""pitch"": 5.5, ""plate_t_bot"": 0.1, ""plate_t_top"": 0.1, ""tilt_deg"": 2.0, ""tilt_jitter"": 0.0}}"
FL_bl100grid_pyramid_d20_s102,floor,shingle/pyramid,"sheet, grid",0.1,102,d00,bl100grid,shingle,5.5,0.1,48.0,pyramid,2.0,2.0,50.0,9.090909090909092,0.03044210510272572,-40.0,0.0005438128719106317,0.04999997094273567,"{""backing"": 2.0, ""bot"": ""pyramid"", ""bot_depth"": 2.0, ""bot_params"": {""margin_depth_ref"": 50.0, ""pitch"": 2.0, ""tip_flat"": 0.1}, ""face_h"": 60.0, ""face_w"": 60.0, ""margin_depths"": 2.0, ""seed"": 102, ""top"": ""shingle"", ""top_depth"": 48.0, ""top_params"": {""azimuth_mode"": ""grid"", ""jitter"": 0.3, ""pitch"": 5.5, ""plate_t_bot"": 0.1, ""plate_t_top"": 0.1, ""tilt_deg"": 2.0, ""tilt_jitter"": 0.0}}"
FL_bl100grid_pyramid_d20_s102,floor,shingle/pyramid,"sheet, grid",0.1,102,d00,bl100grid,shingle,5.5,0.1,48.0,pyramid,2.0,2.0,50.0,9.090909090909092,0.03044210510272572,20.0,0.0005507596652023494,0.04999997094273567,"{""backing"": 2.0, ""bot"": ""pyramid"", ""bot_depth"": 2.0, ""bot_params"": {""margin_depth_ref"": 50.0, ""pitch"": 2.0, ""tip_flat"": 0.1}, ""face_h"": 60.0, ""face_w"": 60.0, ""margin_depths"": 2.0, ""seed"": 102, ""top"": ""shingle"", ""top_depth"": 48.0, ""top_params"": {""azimuth_mode"": ""grid"", ""jitter"": 0.3, ""pitch"": 5.5, ""plate_t_bot"": 0.1, ""plate_t_top"": 0.1, ""tilt_deg"": 2.0, ""tilt_jitter"": 0.0}}"
FL_bl100grid_pyramid_d20_s102,floor,shingle/pyramid,"sheet, grid",0.1,102,d00,bl100grid,shingle,5.5,0.1,48.0,pyramid,2.0,2.0,50.0,9.090909090909092,0.03044210510272572,40.0,0.0005291062407195568,0.04999997094273567,"{""backing"": 2.0, ""bot"": ""pyramid"", ""bot_depth"": 2.0, ""bot_params"": {""margin_depth_ref"": 50.0, ""pitch"": 2.0, ""tip_flat"": 0.1}, ""face_h"": 60.0, ""face_w"": 60.0, ""margin_depths"": 2.0, ""seed"": 102, ""top"": ""shingle"", ""top_depth"": 48.0, ""top_params"": {""azimuth_mode"": ""grid"", ""jitter"": 0.3, ""pitch"": 5.5, ""plate_t_bot"": 0.1, ""plate_t_top"": 0.1, ""tilt_deg"": 2.0, ""tilt_jitter"": 0.0}}"
FL_bl100grid_pyramid_d20_s102,floor,shingle/pyramid,"sheet, grid",0.1,102,d76,bl100grid,shingle,5.5,0.1,48.0,pyramid,2.0,2.0,50.0,9.090909090909092,0.03044210510272572,0.0,0.0005312688881531358,0.04999997094273567,"{""backing"": 2.0, ""bot"": ""pyramid"", ""bot_depth"": 2.0, ""bot_params"": {""margin_depth_ref"": 50.0, ""pitch"": 2.0, ""tip_flat"": 0.1}, ""face_h"": 60.0, ""face_w"": 60.0, ""margin_depths"": 2.0, ""seed"": 102, ""top"": ""shingle"", ""top_depth"": 48.0, ""top_params"": {""azimuth_mode"": ""grid"", ""jitter"": 0.3, ""pitch"": 5.5, ""plate_t_bot"": 0.1, ""plate_t_top"": 0.1, ""tilt_deg"": 2.0, ""tilt_jitter"": 0.0}}"
FL_bl100grid_pyramid_d20_s102,floor,shingle/pyramid,"sheet, grid",0.1,102,d76,bl100grid,shingle,5.5,0.1,48.0,pyramid,2.0,2.0,50.0,9.090909090909092,0.03044210510272572,-20.0,0.0009065651101991534,0.04999997094273567,"{""backing"": 2.0, ""bot"": ""pyramid"", ""bot_depth"": 2.0, ""bot_params"": {""margin_depth_ref"": 50.0, ""pitch"": 2.0, ""tip_flat"": 0.1}, ""face_h"": 60.0, ""face_w"": 60.0, ""margin_depths"": 2.0, ""seed"": 102, ""top"": ""shingle"", ""top_depth"": 48.0, ""top_params"": {""azimuth_mode"": ""grid"", ""jitter"": 0.3, ""pitch"": 5.5, ""plate_t_bot"": 0.1, ""plate_t_top"": 0.1, ""tilt_deg"": 2.0, ""tilt_jitter"": 0.0}}"
FL_bl100grid_pyramid_d20_s102,floor,shingle/pyramid,"sheet, grid",0.1,102,d76,bl100grid,shingle,5.5,0.1,48.0,pyramid,2.0,2.0,50.0,9.090909090909092,0.03044210510272572,-40.0,0.0014405319234356284,0.04999997094273567,"{""backing"": 2.0, ""bot"": ""pyramid"", ""bot_depth"": 2.0, ""bot_params"": {""margin_depth_ref"": 50.0, ""pitch"": 2.0, ""tip_flat"": 0.1}, ""face_h"": 60.0, ""face_w"": 60.0, ""margin_depths"": 2.0, ""seed"": 102, ""top"": ""shingle"", ""top_depth"": 48.0, ""top_params"": {""azimuth_mode"": ""grid"", ""jitter"": 0.3, ""pitch"": 5.5, ""plate_t_bot"": 0.1, ""plate_t_top"": 0.1, ""tilt_deg"": 2.0, ""tilt_jitter"": 0.0}}"
FL_bl100grid_pyramid_d20_s102,floor,shingle/pyramid,"sheet, grid",0.1,102,d76,bl100grid,shingle,5.5,0.1,48.0,pyramid,2.0,2.0,50.0,9.090909090909092,0.03044210510272572,20.0,0.0010164614068344235,0.04999997094273567,"{""backing"": 2.0, ""bot"": ""pyramid"", ""bot_depth"": 2.0, ""bot_params"": {""margin_depth_ref"": 50.0, ""pitch"": 2.0, ""tip_flat"": 0.1}, ""face_h"": 60.0, ""face_w"": 60.0, ""margin_depths"": 2.0, ""seed"": 102, ""top"": ""shingle"", ""top_depth"": 48.0, ""top_params"": {""azimuth_mode"": ""grid"", ""jitter"": 0.3, ""pitch"": 5.5, ""plate_t_bot"": 0.1, ""plate_t_top"": 0.1, ""tilt_deg"": 2.0, ""tilt_jitter"": 0.0}}"
FL_bl100grid_pyramid_d20_s102,floor,shingle/pyramid,"sheet, grid",0.1,102,d76,bl100grid,shingle,5.5,0.1,48.0,pyramid,2.0,2.0,50.0,9.090909090909092,0.03044210510272572,40.0,0.0015855421079322696,0.04999997094273567,"{""backing"": 2.0, ""bot"": ""pyramid"", ""bot_depth"": 2.0, ""bot_params"": {""margin_depth_ref"": 50.0, ""pitch"": 2.0, ""tip_flat"": 0.1}, ""face_h"": 60.0, ""face_w"": 60.0, ""margin_depths"": 2.0, ""seed"": 102, ""top"": ""shingle"", ""top_depth"": 48.0, ""top_params"": {""azimuth_mode"": ""grid"", ""jitter"": 0.3, ""pitch"": 5.5, ""plate_t_bot"": 0.1, ""plate_t_top"": 0.1, ""tilt_deg"": 2.0, ""tilt_jitter"": 0.0}}"
FL_bl100grid_pyramid_d20_s102,floor,shingle/pyramid,"sheet, grid",0.1,102,d100,bl100grid,shingle,5.5,0.1,48.0,pyramid,2.0,2.0,50.0,9.090909090909092,0.03044210510272572,0.0,0.0004843102360609919,0.04999997094273567,"{""backing"": 2.0, ""bot"": ""pyramid"", ""bot_depth"": 2.0, ""bot_params"": {""margin_depth_ref"": 50.0, ""pitch"": 2.0, ""tip_flat"": 0.1}, ""face_h"": 60.0, ""face_w"": 60.0, ""margin_depths"": 2.0, ""seed"": 102, ""top"": ""shingle"", ""top_depth"": 48.0, ""top_params"": {""azimuth_mode"": ""grid"", ""jitter"": 0.3, ""pitch"": 5.5, ""plate_t_bot"": 0.1, ""plate_t_top"": 0.1, ""tilt_deg"": 2.0, ""tilt_jitter"": 0.0}}"
FL_bl100grid_pyramid_d20_s102,floor,shingle/pyramid,"sheet, grid",0.1,102,d100,bl100grid,shingle,5.5,0.1,48.0,pyramid,2.0,2.0,50.0,9.090909090909092,0.03044210510272572,-20.0,0.0010232885833829641,0.04999997094273567,"{""backing"": 2.0, ""bot"": ""pyramid"", ""bot_depth"": 2.0, ""bot_params"": {""margin_depth_ref"": 50.0, ""pitch"": 2.0, ""tip_flat"": 0.1}, ""face_h"": 60.0, ""face_w"": 60.0, ""margin_depths"": 2.0, ""seed"": 102, ""top"": ""shingle"", ""top_depth"": 48.0, ""top_params"": {""azimuth_mode"": ""grid"", ""jitter"": 0.3, ""pitch"": 5.5, ""plate_t_bot"": 0.1, ""plate_t_top"": 0.1, ""tilt_deg"": 2.0, ""tilt_jitter"": 0.0}}"
FL_bl100grid_pyramid_d20_s102,floor,shingle/pyramid,"sheet, grid",0.1,102,d100,bl100grid,shingle,5.5,0.1,48.0,pyramid,2.0,2.0,50.0,9.090909090909092,0.03044210510272572,-40.0,0.0017430972075089812,0.04999997094273567,"{""backing"": 2.0, ""bot"": ""pyramid"", ""bot_depth"": 2.0, ""bot_params"": {""margin_depth_ref"": 50.0, ""pitch"": 2.0, ""tip_flat"": 0.1}, ""face_h"": 60.0, ""face_w"": 60.0, ""margin_depths"": 2.0, ""seed"": 102, ""top"": ""shingle"", ""top_depth"": 48.0, ""top_params"": {""azimuth_mode"": ""grid"", ""jitter"": 0.3, ""pitch"": 5.5, ""plate_t_bot"": 0.1, ""plate_t_top"": 0.1, ""tilt_deg"": 2.0, ""tilt_jitter"": 0.0}}"
FL_bl100grid_pyramid_d20_s102,floor,shingle/pyramid,"sheet, grid",0.1,102,d100,bl100grid,shingle,5.5,0.1,48.0,pyramid,2.0,2.0,50.0,9.090909090909092,0.03044210510272572,20.0,0.001180752064101398,0.04999997094273567,"{""backing"": 2.0, ""bot"": ""pyramid"", ""bot_depth"": 2.0, ""bot_params"": {""margin_depth_ref"": 50.0, ""pitch"": 2.0, ""tip_flat"": 0.1}, ""face_h"": 60.0, ""face_w"": 60.0, ""margin_depths"": 2.0, ""seed"": 102, ""top"": ""shingle"", ""top_depth"": 48.0, ""top_params"": {""azimuth_mode"": ""grid"", ""jitter"": 0.3, ""pitch"": 5.5, ""plate_t_bot"": 0.1, ""plate_t_top"": 0.1, ""tilt_deg"": 2.0, ""tilt_jitter"": 0.0}}"
FL_bl100grid_pyramid_d20_s102,floor,shingle/pyramid,"sheet, grid",0.1,102,d100,bl100grid,shingle,5.5,0.1,48.0,pyramid,2.0,2.0,50.0,9.090909090909092,0.03044210510272572,40.0,0.0019306337926536798,0.04999997094273567,"{""backing"": 2.0, ""bot"": ""pyramid"", ""bot_depth"": 2.0, ""bot_params"": {""margin_depth_ref"": 50.0, ""pitch"": 2.0, ""tip_flat"": 0.1}, ""face_h"": 60.0, ""face_w"": 60.0, ""margin_depths"": 2.0, ""seed"": 102, ""top"": ""shingle"", ""top_depth"": 48.0, ""top_params"": {""azimuth_mode"": ""grid"", ""jitter"": 0.3, ""pitch"": 5.5, ""plate_t_bot"": 0.1, ""plate_t_top"": 0.1, ""tilt_deg"": 2.0, ""tilt_jitter"": 0.0}}"
FL_bl100grid_pyramid_d30_s102,floor,shingle/pyramid,"sheet, grid",0.1,102,d00,bl100grid,shingle,5.5,0.1,47.0,pyramid,3.0,2.0,50.0,9.090909090909092,0.03044210510272572,0.0,0.000730140192899853,0.04999997094273567,"{""backing"": 2.0, ""bot"": ""pyramid"", ""bot_depth"": 3.0, ""bot_params"": {""margin_depth_ref"": 50.0, ""pitch"": 2.0, ""tip_flat"": 0.1}, ""face_h"": 60.0, ""face_w"": 60.0, ""margin_depths"": 2.0, ""seed"": 102, ""top"": ""shingle"", ""top_depth"": 47.0, ""top_params"": {""azimuth_mode"": ""grid"", ""jitter"": 0.3, ""pitch"": 5.5, ""plate_t_bot"": 0.1, ""plate_t_top"": 0.1, ""tilt_deg"": 2.0, ""tilt_jitter"": 0.0}}"
FL_bl100grid_pyramid_d30_s102,floor,shingle/pyramid,"sheet, grid",0.1,102,d00,bl100grid,shingle,5.5,0.1,47.0,pyramid,3.0,2.0,50.0,9.090909090909092,0.03044210510272572,-20.0,0.0005787076661363244,0.04999997094273567,"{""backing"": 2.0, ""bot"": ""pyramid"", ""bot_depth"": 3.0, ""bot_params"": {""margin_depth_ref"": 50.0, ""pitch"": 2.0, ""tip_flat"": 0.1}, ""face_h"": 60.0, ""face_w"": 60.0, ""margin_depths"": 2.0, ""seed"": 102, ""top"": ""shingle"", ""top_depth"": 47.0, ""top_params"": {""azimuth_mode"": ""grid"", ""jitter"": 0.3, ""pitch"": 5.5, ""plate_t_bot"": 0.1, ""plate_t_top"": 0.1, ""tilt_deg"": 2.0, ""tilt_jitter"": 0.0}}"
FL_bl100grid_pyramid_d30_s102,floor,shingle/pyramid,"sheet, grid",0.1,102,d00,bl100grid,shingle,5.5,0.1,47.0,pyramid,3.0,2.0,50.0,9.090909090909092,0.03044210510272572,-40.0,0.0005437195068225265,0.04999997094273567,"{""backing"": 2.0, ""bot"": ""pyramid"", ""bot_depth"": 3.0, ""bot_params"": {""margin_depth_ref"": 50.0, ""pitch"": 2.0, ""tip_flat"": 0.1}, ""face_h"": 60.0, ""face_w"": 60.0, ""margin_depths"": 2.0, ""seed"": 102, ""top"": ""shingle"", ""top_depth"": 47.0, ""top_params"": {""azimuth_mode"": ""grid"", ""jitter"": 0.3, ""pitch"": 5.5, ""plate_t_bot"": 0.1, ""plate_t_top"": 0.1, ""tilt_deg"": 2.0, ""tilt_jitter"": 0.0}}"
FL_bl100grid_pyramid_d30_s102,floor,shingle/pyramid,"sheet, grid",0.1,102,d00,bl100grid,shingle,5.5,0.1,47.0,pyramid,3.0,2.0,50.0,9.090909090909092,0.03044210510272572,20.0,0.0005505248554982245,0.04999997094273567,"{""backing"": 2.0, ""bot"": ""pyramid"", ""bot_depth"": 3.0, ""bot_params"": {""margin_depth_ref"": 50.0, ""pitch"": 2.0, ""tip_flat"": 0.1}, ""face_h"": 60.0, ""face_w"": 60.0, ""margin_depths"": 2.0, ""seed"": 102, ""top"": ""shingle"", ""top_depth"": 47.0, ""top_params"": {""azimuth_mode"": ""grid"", ""jitter"": 0.3, ""pitch"": 5.5, ""plate_t_bot"": 0.1, ""plate_t_top"": 0.1, ""tilt_deg"": 2.0, ""tilt_jitter"": 0.0}}"
FL_bl100grid_pyramid_d30_s102,floor,shingle/pyramid,"sheet, grid",0.1,102,d00,bl100grid,shingle,5.5,0.1,47.0,pyramid,3.0,2.0,50.0,9.090909090909092,0.03044210510272572,40.0,0.0005291204433888197,0.04999997094273567,"{""backing"": 2.0, ""bot"": ""pyramid"", ""bot_depth"": 3.0, ""bot_params"": {""margin_depth_ref"": 50.0, ""pitch"": 2.0, ""tip_flat"": 0.1}, ""face_h"": 60.0, ""face_w"": 60.0, ""margin_depths"": 2.0, ""seed"": 102, ""top"": ""shingle"", ""top_depth"": 47.0, ""top_params"": {""azimuth_mode"": ""grid"", ""jitter"": 0.3, ""pitch"": 5.5, ""plate_t_bot"": 0.1, ""plate_t_top"": 0.1, ""tilt_deg"": 2.0, ""tilt_jitter"": 0.0}}"
FL_bl100grid_pyramid_d30_s102,floor,shingle/pyramid,"sheet, grid",0.1,102,d76,bl100grid,shingle,5.5,0.1,47.0,pyramid,3.0,2.0,50.0,9.090909090909092,0.03044210510272572,0.0,0.0005248872330412269,0.04999997094273567,"{""backing"": 2.0, ""bot"": ""pyramid"", ""bot_depth"": 3.0, ""bot_params"": {""margin_depth_ref"": 50.0, ""pitch"": 2.0, ""tip_flat"": 0.1}, ""face_h"": 60.0, ""face_w"": 60.0, ""margin_depths"": 2.0, ""seed"": 102, ""top"": ""shingle"", ""top_depth"": 47.0, ""top_params"": {""azimuth_mode"": ""grid"", ""jitter"": 0.3, ""pitch"": 5.5, ""plate_t_bot"": 0.1, ""plate_t_top"": 0.1, ""tilt_deg"": 2.0, ""tilt_jitter"": 0.0}}"
FL_bl100grid_pyramid_d30_s102,floor,shingle/pyramid,"sheet, grid",0.1,102,d76,bl100grid,shingle,5.5,0.1,47.0,pyramid,3.0,2.0,50.0,9.090909090909092,0.03044210510272572,-20.0,0.0009059172589331865,0.04999997094273567,"{""backing"": 2.0, ""bot"": ""pyramid"", ""bot_depth"": 3.0, ""bot_params"": {""margin_depth_ref"": 50.0, ""pitch"": 2.0, ""tip_flat"": 0.1}, ""face_h"": 60.0, ""face_w"": 60.0, ""margin_depths"": 2.0, ""seed"": 102, ""top"": ""shingle"", ""top_depth"": 47.0, ""top_params"": {""azimuth_mode"": ""grid"", ""jitter"": 0.3, ""pitch"": 5.5, ""plate_t_bot"": 0.1, ""plate_t_top"": 0.1, ""tilt_deg"": 2.0, ""tilt_jitter"": 0.0}}"
FL_bl100grid_pyramid_d30_s102,floor,shingle/pyramid,"sheet, grid",0.1,102,d76,bl100grid,shingle,5.5,0.1,47.0,pyramid,3.0,2.0,50.0,9.090909090909092,0.03044210510272572,-40.0,0.001440481748431921,0.04999997094273567,"{""backing"": 2.0, ""bot"": ""pyramid"", ""bot_depth"": 3.0, ""bot_params"": {""margin_depth_ref"": 50.0, ""pitch"": 2.0, ""tip_flat"": 0.1}, ""face_h"": 60.0, ""face_w"": 60.0, ""margin_depths"": 2.0, ""seed"": 102, ""top"": ""shingle"", ""top_depth"": 47.0, ""top_params"": {""azimuth_mode"": ""grid"", ""jitter"": 0.3, ""pitch"": 5.5, ""plate_t_bot"": 0.1, ""plate_t_top"": 0.1, ""tilt_deg"": 2.0, ""tilt_jitter"": 0.0}}"
FL_bl100grid_pyramid_d30_s102,floor,shingle/pyramid,"sheet, grid",0.1,102,d76,bl100grid,shingle,5.5,0.1,47.0,pyramid,3.0,2.0,50.0,9.090909090909092,0.03044210510272572,20.0,0.0010163949336856604,0.04999997094273567,"{""backing"": 2.0, ""bot"": ""pyramid"", ""bot_depth"": 3.0, ""bot_params"": {""margin_depth_ref"": 50.0, ""pitch"": 2.0, ""tip_flat"": 0.1}, ""face_h"": 60.0, ""face_w"": 60.0, ""margin_depths"": 2.0, ""seed"": 102, ""top"": ""shingle"", ""top_depth"": 47.0, ""top_params"": {""azimuth_mode"": ""grid"", ""jitter"": 0.3, ""pitch"": 5.5, ""plate_t_bot"": 0.1, ""plate_t_top"": 0.1, ""tilt_deg"": 2.0, ""tilt_jitter"": 0.0}}"
FL_bl100grid_pyramid_d30_s102,floor,shingle/pyramid,"sheet, grid",0.1,102,d76,bl100grid,shingle,5.5,0.1,47.0,pyramid,3.0,2.0,50.0,9.090909090909092,0.03044210510272572,40.0,0.001585541875101626,0.04999997094273567,"{""backing"": 2.0, ""bot"": ""pyramid"", ""bot_depth"": 3.0, ""bot_params"": {""margin_depth_ref"": 50.0, ""pitch"": 2.0, ""tip_flat"": 0.1}, ""face_h"": 60.0, ""face_w"": 60.0, ""margin_depths"": 2.0, ""seed"": 102, ""top"": ""shingle"", ""top_depth"": 47.0, ""top_params"": {""azimuth_mode"": ""grid"", ""jitter"": 0.3, ""pitch"": 5.5, ""plate_t_bot"": 0.1, ""plate_t_top"": 0.1, ""tilt_deg"": 2.0, ""tilt_jitter"": 0.0}}"
FL_bl100grid_pyramid_d30_s102,floor,shingle/pyramid,"sheet, grid",0.1,102,d100,bl100grid,shingle,5.5,0.1,47.0,pyramid,3.0,2.0,50.0,9.090909090909092,0.03044210510272572,0.0,0.0004780787567142397,0.04999997094273567,"{""backing"": 2.0, ""bot"": ""pyramid"", ""bot_depth"": 3.0, ""bot_params"": {""margin_depth_ref"": 50.0, ""pitch"": 2.0, ""tip_flat"": 0.1}, ""face_h"": 60.0, ""face_w"": 60.0, ""margin_depths"": 2.0, ""seed"": 102, ""top"": ""shingle"", ""top_depth"": 47.0, ""top_params"": {""azimuth_mode"": ""grid"", ""jitter"": 0.3, ""pitch"": 5.5, ""plate_t_bot"": 0.1, ""plate_t_top"": 0.1, ""tilt_deg"": 2.0, ""tilt_jitter"": 0.0}}"
FL_bl100grid_pyramid_d30_s102,floor,shingle/pyramid,"sheet, grid",0.1,102,d100,bl100grid,shingle,5.5,0.1,47.0,pyramid,3.0,2.0,50.0,9.090909090909092,0.03044210510272572,-20.0,0.0010230389889329672,0.04999997094273567,"{""backing"": 2.0, ""bot"": ""pyramid"", ""bot_depth"": 3.0, ""bot_params"": {""margin_depth_ref"": 50.0, ""pitch"": 2.0, ""tip_flat"": 0.1}, ""face_h"": 60.0, ""face_w"": 60.0, ""margin_depths"": 2.0, ""seed"": 102, ""top"": ""shingle"", ""top_depth"": 47.0, ""top_params"": {""azimuth_mode"": ""grid"", ""jitter"": 0.3, ""pitch"": 5.5, ""plate_t_bot"": 0.1, ""plate_t_top"": 0.1, ""tilt_deg"": 2.0, ""tilt_jitter"": 0.0}}"
FL_bl100grid_pyramid_d30_s102,floor,shingle/pyramid,"sheet, grid",0.1,102,d100,bl100grid,shingle,5.5,0.1,47.0,pyramid,3.0,2.0,50.0,9.090909090909092,0.03044210510272572,-40.0,0.0017430470325052738,0.04999997094273567,"{""backing"": 2.0, ""bot"": ""pyramid"", ""bot_depth"": 3.0, ""bot_params"": {""margin_depth_ref"": 50.0, ""pitch"": 2.0, ""tip_flat"": 0.1}, ""face_h"": 60.0, ""face_w"": 60.0, ""margin_depths"": 2.0, ""seed"": 102, ""top"": ""shingle"", ""top_depth"": 47.0, ""top_params"": {""azimuth_mode"": ""grid"", ""jitter"": 0.3, ""pitch"": 5.5, ""plate_t_bot"": 0.1, ""plate_t_top"": 0.1, ""tilt_deg"": 2.0, ""tilt_jitter"": 0.0}}"
FL_bl100grid_pyramid_d30_s102,floor,shingle/pyramid,"sheet, grid",0.1,102,d100,bl100grid,shingle,5.5,0.1,47.0,pyramid,3.0,2.0,50.0,9.090909090909092,0.03044210510272572,20.0,0.0011806703405454755,0.04999997094273567,"{""backing"": 2.0, ""bot"": ""pyramid"", ""bot_depth"": 3.0, ""bot_params"": {""margin_depth_ref"": 50.0, ""pitch"": 2.0, ""tip_flat"": 0.1}, ""face_h"": 60.0, ""face_w"": 60.0, ""margin_depths"": 2.0, ""seed"": 102, ""top"": ""shingle"", ""top_depth"": 47.0, ""top_params"": {""azimuth_mode"": ""grid"", ""jitter"": 0.3, ""pitch"": 5.5, ""plate_t_bot"": 0.1, ""plate_t_top"": 0.1, ""tilt_deg"": 2.0, ""tilt_jitter"": 0.0}}"
FL_bl100grid_pyramid_d30_s102,floor,shingle/pyramid,"sheet, grid",0.1,102,d100,bl100grid,shingle,5.5,0.1,47.0,pyramid,3.0,2.0,50.0,9.090909090909092,0.03044210510272572,40.0,0.001930634374730289,0.04999997094273567,"{""backing"": 2.0, ""bot"": ""pyramid"", ""bot_depth"": 3.0, ""bot_params"": {""margin_depth_ref"": 50.0, ""pitch"": 2.0, ""tip_flat"": 0.1}, ""face_h"": 60.0, ""face_w"": 60.0, ""margin_depths"": 2.0, ""seed"": 102, ""top"": ""shingle"", ""top_depth"": 47.0, ""top_params"": {""azimuth_mode"": ""grid"", ""jitter"": 0.3, ""pitch"": 5.5, ""plate_t_bot"": 0.1, ""plate_t_top"": 0.1, ""tilt_deg"": 2.0, ""tilt_jitter"": 0.0}}"
FL_bl100grid_pyramid_d50_s102,floor,shingle/pyramid,"sheet, grid",0.1,102,d00,bl100grid,shingle,5.5,0.1,45.0,pyramid,5.0,2.0,50.0,9.090909090909092,0.03044210510272572,0.0,0.0007133478065952659,0.04999997094273567,"{""backing"": 2.0, ""bot"": ""pyramid"", ""bot_depth"": 5.0, ""bot_params"": {""margin_depth_ref"": 50.0, ""pitch"": 2.0, ""tip_flat"": 0.1}, ""face_h"": 60.0, ""face_w"": 60.0, ""margin_depths"": 2.0, ""seed"": 102, ""top"": ""shingle"", ""top_depth"": 45.0, ""top_params"": {""azimuth_mode"": ""grid"", ""jitter"": 0.3, ""pitch"": 5.5, ""plate_t_bot"": 0.1, ""plate_t_top"": 0.1, ""tilt_deg"": 2.0, ""tilt_jitter"": 0.0}}"
FL_bl100grid_pyramid_d50_s102,floor,shingle/pyramid,"sheet, grid",0.1,102,d00,bl100grid,shingle,5.5,0.1,45.0,pyramid,5.0,2.0,50.0,9.090909090909092,0.03044210510272572,-20.0,0.0005938202375546098,0.04999997094273567,"{""backing"": 2.0, ""bot"": ""pyramid"", ""bot_depth"": 5.0, ""bot_params"": {""margin_depth_ref"": 50.0, ""pitch"": 2.0, ""tip_flat"": 0.1}, ""face_h"": 60.0, ""face_w"": 60.0, ""margin_depths"": 2.0, ""seed"": 102, ""top"": ""shingle"", ""top_depth"": 45.0, ""top_params"": {""azimuth_mode"": ""grid"", ""jitter"": 0.3, ""pitch"": 5.5, ""plate_t_bot"": 0.1, ""plate_t_top"": 0.1, ""tilt_deg"": 2.0, ""tilt_jitter"": 0.0}}"
FL_bl100grid_pyramid_d50_s102,floor,shingle/pyramid,"sheet, grid",0.1,102,d00,bl100grid,shingle,5.5,0.1,45.0,pyramid,5.0,2.0,50.0,9.090909090909092,0.03044210510272572,-40.0,0.0005790191935375333,0.04999997094273567,"{""backing"": 2.0, ""bot"": ""pyramid"", ""bot_depth"": 5.0, ""bot_params"": {""margin_depth_ref"": 50.0, ""pitch"": 2.0, ""tip_flat"": 0.1}, ""face_h"": 60.0, ""face_w"": 60.0, ""margin_depths"": 2.0, ""seed"": 102, ""top"": ""shingle"", ""top_depth"": 45.0, ""top_params"": {""azimuth_mode"": ""grid"", ""jitter"": 0.3, ""pitch"": 5.5, ""plate_t_bot"": 0.1, ""plate_t_top"": 0.1, ""tilt_deg"": 2.0, ""tilt_jitter"": 0.0}}"
FL_bl100grid_pyramid_d50_s102,floor,shingle/pyramid,"sheet, grid",0.1,102,d00,bl100grid,shingle,5.5,0.1,45.0,pyramid,5.0,2.0,50.0,9.090909090909092,0.03044210510272572,20.0,0.0005579994176514447,0.04999997094273567,"{""backing"": 2.0, ""bot"": ""pyramid"", ""bot_depth"": 5.0, ""bot_params"": {""margin_depth_ref"": 50.0, ""pitch"": 2.0, ""tip_flat"": 0.1}, ""face_h"": 60.0, ""face_w"": 60.0, ""margin_depths"": 2.0, ""seed"": 102, ""top"": ""shingle"", ""top_depth"": 45.0, ""top_params"": {""azimuth_mode"": ""grid"", ""jitter"": 0.3, ""pitch"": 5.5, ""plate_t_bot"": 0.1, ""plate_t_top"": 0.1, ""tilt_deg"": 2.0, ""tilt_jitter"": 0.0}}"
FL_bl100grid_pyramid_d50_s102,floor,shingle/pyramid,"sheet, grid",0.1,102,d00,bl100grid,shingle,5.5,0.1,45.0,pyramid,5.0,2.0,50.0,9.090909090909092,0.03044210510272572,40.0,0.0005553839728236198,0.04999997094273567,"{""backing"": 2.0, ""bot"": ""pyramid"", ""bot_depth"": 5.0, ""bot_params"": {""margin_depth_ref"": 50.0, ""pitch"": 2.0, ""tip_flat"": 0.1}, ""face_h"": 60.0, ""face_w"": 60.0, ""margin_depths"": 2.0, ""seed"": 102, ""top"": ""shingle"", ""top_depth"": 45.0, ""top_params"": {""azimuth_mode"": ""grid"", ""jitter"": 0.3, ""pitch"": 5.5, ""plate_t_bot"": 0.1, ""plate_t_top"": 0.1, ""tilt_deg"": 2.0, ""tilt_jitter"": 0.0}}"
FL_bl100grid_pyramid_d50_s102,floor,shingle/pyramid,"sheet, grid",0.1,102,d76,bl100grid,shingle,5.5,0.1,45.0,pyramid,5.0,2.0,50.0,9.090909090909092,0.03044210510272572,0.0,0.0005159967113286257,0.04999997094273567,"{""backing"": 2.0, ""bot"": ""pyramid"", ""bot_depth"": 5.0, ""bot_params"": {""margin_depth_ref"": 50.0, ""pitch"": 2.0, ""tip_flat"": 0.1}, ""face_h"": 60.0, ""face_w"": 60.0, ""margin_depths"": 2.0, ""seed"": 102, ""top"": ""shingle"", ""top_depth"": 45.0, ""top_params"": {""azimuth_mode"": ""grid"", ""jitter"": 0.3, ""pitch"": 5.5, ""plate_t_bot"": 0.1, ""plate_t_top"": 0.1, ""tilt_deg"": 2.0, ""tilt_jitter"": 0.0}}"
FL_bl100grid_pyramid_d50_s102,floor,shingle/pyramid,"sheet, grid",0.1,102,d76,bl100grid,shingle,5.5,0.1,45.0,pyramid,5.0,2.0,50.0,9.090909090909092,0.03044210510272572,-20.0,0.0008252649568021297,0.04999997094273567,"{""backing"": 2.0, ""bot"": ""pyramid"", ""bot_depth"": 5.0, ""bot_params"": {""margin_depth_ref"": 50.0, ""pitch"": 2.0, ""tip_flat"": 0.1}, ""face_h"": 60.0, ""face_w"": 60.0, ""margin_depths"": 2.0, ""seed"": 102, ""top"": ""shingle"", ""top_depth"": 45.0, ""top_params"": {""azimuth_mode"": ""grid"", ""jitter"": 0.3, ""pitch"": 5.5, ""plate_t_bot"": 0.1, ""plate_t_top"": 0.1, ""tilt_deg"": 2.0, ""tilt_jitter"": 0.0}}"
FL_bl100grid_pyramid_d50_s102,floor,shingle/pyramid,"sheet, grid",0.1,102,d76,bl100grid,shingle,5.5,0.1,45.0,pyramid,5.0,2.0,50.0,9.090909090909092,0.03044210510272572,-40.0,0.0012583285570144653,0.04999997094273567,"{""backing"": 2.0, ""bot"": ""pyramid"", ""bot_depth"": 5.0, ""bot_params"": {""margin_depth_ref"": 50.0, ""pitch"": 2.0, ""tip_flat"": 0.1}, ""face_h"": 60.0, ""face_w"": 60.0, ""margin_depths"": 2.0, ""seed"": 102, ""top"": ""shingle"", ""top_depth"": 45.0, ""top_params"": {""azimuth_mode"": ""grid"", ""jitter"": 0.3, ""pitch"": 5.5, ""plate_t_bot"": 0.1, ""plate_t_top"": 0.1, ""tilt_deg"": 2.0, ""tilt_jitter"": 0.0}}"
FL_bl100grid_pyramid_d50_s102,floor,shingle/pyramid,"sheet, grid",0.1,102,d76,bl100grid,shingle,5.5,0.1,45.0,pyramid,5.0,2.0,50.0,9.090909090909092,0.03044210510272572,20.0,0.0009645987302064896,0.04999997094273567,"{""backing"": 2.0, ""bot"": ""pyramid"", ""bot_depth"": 5.0, ""bot_params"": {""margin_depth_ref"": 50.0, ""pitch"": 2.0, ""tip_flat"": 0.1}, ""face_h"": 60.0, ""face_w"": 60.0, ""margin_depths"": 2.0, ""seed"": 102, ""top"": ""shingle"", ""top_depth"": 45.0, ""top_params"": {""azimuth_mode"": ""grid"", ""jitter"": 0.3, ""pitch"": 5.5, ""plate_t_bot"": 0.1, ""plate_t_top"": 0.1, ""tilt_deg"": 2.0, ""tilt_jitter"": 0.0}}"
FL_bl100grid_pyramid_d50_s102,floor,shingle/pyramid,"sheet, grid",0.1,102,d76,bl100grid,shingle,5.5,0.1,45.0,pyramid,5.0,2.0,50.0,9.090909090909092,0.03044210510272572,40.0,0.0014791088178753853,0.04999997094273567,"{""backing"": 2.0, ""bot"": ""pyramid"", ""bot_depth"": 5.0, ""bot_params"": {""margin_depth_ref"": 50.0, ""pitch"": 2.0, ""tip_flat"": 0.1}, ""face_h"": 60.0, ""face_w"": 60.0, ""margin_depths"": 2.0, ""seed"": 102, ""top"": ""shingle"", ""top_depth"": 45.0, ""top_params"": {""azimuth_mode"": ""grid"", ""jitter"": 0.3, ""pitch"": 5.5, ""plate_t_bot"": 0.1, ""plate_t_top"": 0.1, ""tilt_deg"": 2.0, ""tilt_jitter"": 0.0}}"
FL_bl100grid_pyramid_d50_s102,floor,shingle/pyramid,"sheet, grid",0.1,102,d100,bl100grid,shingle,5.5,0.1,45.0,pyramid,5.0,2.0,50.0,9.090909090909092,0.03044210510272572,0.0,0.00047000523773021996,0.04999997094273567,"{""backing"": 2.0, ""bot"": ""pyramid"", ""bot_depth"": 5.0, ""bot_params"": {""margin_depth_ref"": 50.0, ""pitch"": 2.0, ""tip_flat"": 0.1}, ""face_h"": 60.0, ""face_w"": 60.0, ""margin_depths"": 2.0, ""seed"": 102, ""top"": ""shingle"", ""top_depth"": 45.0, ""top_params"": {""azimuth_mode"": ""grid"", ""jitter"": 0.3, ""pitch"": 5.5, ""plate_t_bot"": 0.1, ""plate_t_top"": 0.1, ""tilt_deg"": 2.0, ""tilt_jitter"": 0.0}}"
FL_bl100grid_pyramid_d50_s102,floor,shingle/pyramid,"sheet, grid",0.1,102,d100,bl100grid,shingle,5.5,0.1,45.0,pyramid,5.0,2.0,50.0,9.090909090909092,0.03044210510272572,-20.0,0.0009028710192069411,0.04999997094273567,"{""backing"": 2.0, ""bot"": ""pyramid"", ""bot_depth"": 5.0, ""bot_params"": {""margin_depth_ref"": 50.0, ""pitch"": 2.0, ""tip_flat"": 0.1}, ""face_h"": 60.0, ""face_w"": 60.0, ""margin_depths"": 2.0, ""seed"": 102, ""top"": ""shingle"", ""top_depth"": 45.0, ""top_params"": {""azimuth_mode"": ""grid"", ""jitter"": 0.3, ""pitch"": 5.5, ""plate_t_bot"": 0.1, ""plate_t_top"": 0.1, ""tilt_deg"": 2.0, ""tilt_jitter"": 0.0}}"
FL_bl100grid_pyramid_d50_s102,floor,shingle/pyramid,"sheet, grid",0.1,102,d100,bl100grid,shingle,5.5,0.1,45.0,pyramid,5.0,2.0,50.0,9.090909090909092,0.03044210510272572,-40.0,0.0014750532573089004,0.04999997094273567,"{""backing"": 2.0, ""bot"": ""pyramid"", ""bot_depth"": 5.0, ""bot_params"": {""margin_depth_ref"": 50.0, ""pitch"": 2.0, ""tip_flat"": 0.1}, ""face_h"": 60.0, ""face_w"": 60.0, ""margin_depths"": 2.0, ""seed"": 102, ""top"": ""shingle"", ""top_depth"": 45.0, ""top_params"": {""azimuth_mode"": ""grid"", ""jitter"": 0.3, ""pitch"": 5.5, ""plate_t_bot"": 0.1, ""plate_t_top"": 0.1, ""tilt_deg"": 2.0, ""tilt_jitter"": 0.0}}"
FL_bl100grid_pyramid_d50_s102,floor,shingle/pyramid,"sheet, grid",0.1,102,d100,bl100grid,shingle,5.5,0.1,45.0,pyramid,5.0,2.0,50.0,9.090909090909092,0.03044210510272572,20.0,0.0011060265824198723,0.04999997094273567,"{""backing"": 2.0, ""bot"": ""pyramid"", ""bot_depth"": 5.0, ""bot_params"": {""margin_depth_ref"": 50.0, ""pitch"": 2.0, ""tip_flat"": 0.1}, ""face_h"": 60.0, ""face_w"": 60.0, ""margin_depths"": 2.0, ""seed"": 102, ""top"": ""shingle"", ""top_depth"": 45.0, ""top_params"": {""azimuth_mode"": ""grid"", ""jitter"": 0.3, ""pitch"": 5.5, ""plate_t_bot"": 0.1, ""plate_t_top"": 0.1, ""tilt_deg"": 2.0, ""tilt_jitter"": 0.0}}"
FL_bl100grid_pyramid_d50_s102,floor,shingle/pyramid,"sheet, grid",0.1,102,d100,bl100grid,shingle,5.5,0.1,45.0,pyramid,5.0,2.0,50.0,9.090909090909092,0.03044210510272572,40.0,0.001774619915522635,0.04999997094273567,"{""backing"": 2.0, ""bot"": ""pyramid"", ""bot_depth"": 5.0, ""bot_params"": {""margin_depth_ref"": 50.0, ""pitch"": 2.0, ""tip_flat"": 0.1}, ""face_h"": 60.0, ""face_w"": 60.0, ""margin_depths"": 2.0, ""seed"": 102, ""top"": ""shingle"", ""top_depth"": 45.0, ""top_params"": {""azimuth_mode"": ""grid"", ""jitter"": 0.3, ""pitch"": 5.5, ""plate_t_bot"": 0.1, ""plate_t_top"": 0.1, ""tilt_deg"": 2.0, ""tilt_jitter"": 0.0}}"
FL_bl100grid_wave_d20_s102,floor,shingle/wave,"sheet, grid",0.1,102,d00,bl100grid,shingle,5.5,0.1,48.0,wave,2.0,2.0,50.0,9.090909090909092,0.03044210510272572,0.0,0.0009204897796735168,0.04999997094273567,"{""backing"": 2.0, ""bot"": ""wave"", ""bot_depth"": 2.0, ""bot_params"": {""margin_depth_ref"": 50.0, ""pitch"": 2.0}, ""face_h"": 60.0, ""face_w"": 60.0, ""margin_depths"": 2.0, ""seed"": 102, ""top"": ""shingle"", ""top_depth"": 48.0, ""top_params"": {""azimuth_mode"": ""grid"", ""jitter"": 0.3, ""pitch"": 5.5, ""plate_t_bot"": 0.1, ""plate_t_top"": 0.1, ""tilt_deg"": 2.0, ""tilt_jitter"": 0.0}}"
FL_bl100grid_wave_d20_s102,floor,shingle/wave,"sheet, grid",0.1,102,d00,bl100grid,shingle,5.5,0.1,48.0,wave,2.0,2.0,50.0,9.090909090909092,0.03044210510272572,-20.0,0.0005838758661411703,0.04999997094273567,"{""backing"": 2.0, ""bot"": ""wave"", ""bot_depth"": 2.0, ""bot_params"": {""margin_depth_ref"": 50.0, ""pitch"": 2.0}, ""face_h"": 60.0, ""face_w"": 60.0, ""margin_depths"": 2.0, ""seed"": 102, ""top"": ""shingle"", ""top_depth"": 48.0, ""top_params"": {""azimuth_mode"": ""grid"", ""jitter"": 0.3, ""pitch"": 5.5, ""plate_t_bot"": 0.1, ""plate_t_top"": 0.1, ""tilt_deg"": 2.0, ""tilt_jitter"": 0.0}}"
FL_bl100grid_wave_d20_s102,floor,shingle/wave,"sheet, grid",0.1,102,d00,bl100grid,shingle,5.5,0.1,48.0,wave,2.0,2.0,50.0,9.090909090909092,0.03044210510272572,-40.0,0.0005438580992631614,0.04999997094273567,"{""backing"": 2.0, ""bot"": ""wave"", ""bot_depth"": 2.0, ""bot_params"": {""margin_depth_ref"": 50.0, ""pitch"": 2.0}, ""face_h"": 60.0, ""face_w"": 60.0, ""margin_depths"": 2.0, ""seed"": 102, ""top"": ""shingle"", ""top_depth"": 48.0, ""top_params"": {""azimuth_mode"": ""grid"", ""jitter"": 0.3, ""pitch"": 5.5, ""plate_t_bot"": 0.1, ""plate_t_top"": 0.1, ""tilt_deg"": 2.0, ""tilt_jitter"": 0.0}}"
FL_bl100grid_wave_d20_s102,floor,shingle/wave,"sheet, grid",0.1,102,d00,bl100grid,shingle,5.5,0.1,48.0,wave,2.0,2.0,50.0,9.090909090909092,0.03044210510272572,20.0,0.0005508427275344729,0.04999997094273567,"{""backing"": 2.0, ""bot"": ""wave"", ""bot_depth"": 2.0, ""bot_params"": {""margin_depth_ref"": 50.0, ""pitch"": 2.0}, ""face_h"": 60.0, ""face_w"": 60.0, ""margin_depths"": 2.0, ""seed"": 102, ""top"": ""shingle"", ""top_depth"": 48.0, ""top_params"": {""azimuth_mode"": ""grid"", ""jitter"": 0.3, ""pitch"": 5.5, ""plate_t_bot"": 0.1, ""plate_t_top"": 0.1, ""tilt_deg"": 2.0, ""tilt_jitter"": 0.0}}"
FL_bl100grid_wave_d20_s102,floor,shingle/wave,"sheet, grid",0.1,102,d00,bl100grid,shingle,5.5,0.1,48.0,wave,2.0,2.0,50.0,9.090909090909092,0.03044210510272572,40.0,0.0005291087436489761,0.04999997094273567,"{""backing"": 2.0, ""bot"": ""wave"", ""bot_depth"": 2.0, ""bot_params"": {""margin_depth_ref"": 50.0, ""pitch"": 2.0}, ""face_h"": 60.0, ""face_w"": 60.0, ""margin_depths"": 2.0, ""seed"": 102, ""top"": ""shingle"", ""top_depth"": 48.0, ""top_params"": {""azimuth_mode"": ""grid"", ""jitter"": 0.3, ""pitch"": 5.5, ""plate_t_bot"": 0.1, ""plate_t_top"": 0.1, ""tilt_deg"": 2.0, ""tilt_jitter"": 0.0}}"
FL_bl100grid_wave_d20_s102,floor,shingle/wave,"sheet, grid",0.1,102,d76,bl100grid,shingle,5.5,0.1,48.0,wave,2.0,2.0,50.0,9.090909090909092,0.03044210510272572,0.0,0.0005441596149466932,0.04999997094273567,"{""backing"": 2.0, ""bot"": ""wave"", ""bot_depth"": 2.0, ""bot_params"": {""margin_depth_ref"": 50.0, ""pitch"": 2.0}, ""face_h"": 60.0, ""face_w"": 60.0, ""margin_depths"": 2.0, ""seed"": 102, ""top"": ""shingle"", ""top_depth"": 48.0, ""top_params"": {""azimuth_mode"": ""grid"", ""jitter"": 0.3, ""pitch"": 5.5, ""plate_t_bot"": 0.1, ""plate_t_top"": 0.1, ""tilt_deg"": 2.0, ""tilt_jitter"": 0.0}}"
FL_bl100grid_wave_d20_s102,floor,shingle/wave,"sheet, grid",0.1,102,d76,bl100grid,shingle,5.5,0.1,48.0,wave,2.0,2.0,50.0,9.090909090909092,0.03044210510272572,-20.0,0.0009078292641788721,0.04999997094273567,"{""backing"": 2.0, ""bot"": ""wave"", ""bot_depth"": 2.0, ""bot_params"": {""margin_depth_ref"": 50.0, ""pitch"": 2.0}, ""face_h"": 60.0, ""face_w"": 60.0, ""margin_depths"": 2.0, ""seed"": 102, ""top"": ""shingle"", ""top_depth"": 48.0, ""top_params"": {""azimuth_mode"": ""grid"", ""jitter"": 0.3, ""pitch"": 5.5, ""plate_t_bot"": 0.1, ""plate_t_top"": 0.1, ""tilt_deg"": 2.0, ""tilt_jitter"": 0.0}}"
FL_bl100grid_wave_d20_s102,floor,shingle/wave,"sheet, grid",0.1,102,d76,bl100grid,shingle,5.5,0.1,48.0,wave,2.0,2.0,50.0,9.090909090909092,0.03044210510272572,-40.0,0.0014405273832380772,0.04999997094273567,"{""backing"": 2.0, ""bot"": ""wave"", ""bot_depth"": 2.0, ""bot_params"": {""margin_depth_ref"": 50.0, ""pitch"": 2.0}, ""face_h"": 60.0, ""face_w"": 60.0, ""margin_depths"": 2.0, ""seed"": 102, ""top"": ""shingle"", ""top_depth"": 48.0, ""top_params"": {""azimuth_mode"": ""grid"", ""jitter"": 0.3, ""pitch"": 5.5, ""plate_t_bot"": 0.1, ""plate_t_top"": 0.1, ""tilt_deg"": 2.0, ""tilt_jitter"": 0.0}}"
FL_bl100grid_wave_d20_s102,floor,shingle/wave,"sheet, grid",0.1,102,d76,bl100grid,shingle,5.5,0.1,48.0,wave,2.0,2.0,50.0,9.090909090909092,0.03044210510272572,20.0,0.0010165286948904395,0.04999997094273567,"{""backing"": 2.0, ""bot"": ""wave"", ""bot_depth"": 2.0, ""bot_params"": {""margin_depth_ref"": 50.0, ""pitch"": 2.0}, ""face_h"": 60.0, ""face_w"": 60.0, ""margin_depths"": 2.0, ""seed"": 102, ""top"": ""shingle"", ""top_depth"": 48.0, ""top_params"": {""azimuth_mode"": ""grid"", ""jitter"": 0.3, ""pitch"": 5.5, ""plate_t_bot"": 0.1, ""plate_t_top"": 0.1, ""tilt_deg"": 2.0, ""tilt_jitter"": 0.0}}"
FL_bl100grid_wave_d20_s102,floor,shingle/wave,"sheet, grid",0.1,102,d76,bl100grid,shingle,5.5,0.1,48.0,wave,2.0,2.0,50.0,9.090909090909092,0.03044210510272572,40.0,0.0015855468809604645,0.04999997094273567,"{""backing"": 2.0, ""bot"": ""wave"", ""bot_depth"": 2.0, ""bot_params"": {""margin_depth_ref"": 50.0, ""pitch"": 2.0}, ""face_h"": 60.0, ""face_w"": 60.0, ""margin_depths"": 2.0, ""seed"": 102, ""top"": ""shingle"", ""top_depth"": 48.0, ""top_params"": {""azimuth_mode"": ""grid"", ""jitter"": 0.3, ""pitch"": 5.5, ""plate_t_bot"": 0.1, ""plate_t_top"": 0.1, ""tilt_deg"": 2.0, ""tilt_jitter"": 0.0}}"
FL_bl100grid_wave_d20_s102,floor,shingle/wave,"sheet, grid",0.1,102,d100,bl100grid,shingle,5.5,0.1,48.0,wave,2.0,2.0,50.0,9.090909090909092,0.03044210510272572,0.0,0.00048466803855262697,0.04999997094273567,"{""backing"": 2.0, ""bot"": ""wave"", ""bot_depth"": 2.0, ""bot_params"": {""margin_depth_ref"": 50.0, ""pitch"": 2.0}, ""face_h"": 60.0, ""face_w"": 60.0, ""margin_depths"": 2.0, ""seed"": 102, ""top"": ""shingle"", ""top_depth"": 48.0, ""top_params"": {""azimuth_mode"": ""grid"", ""jitter"": 0.3, ""pitch"": 5.5, ""plate_t_bot"": 0.1, ""plate_t_top"": 0.1, ""tilt_deg"": 2.0, ""tilt_jitter"": 0.0}}"
FL_bl100grid_wave_d20_s102,floor,shingle/wave,"sheet, grid",0.1,102,d100,bl100grid,shingle,5.5,0.1,48.0,wave,2.0,2.0,50.0,9.090909090909092,0.03044210510272572,-20.0,0.0010235795052722096,0.04999997094273567,"{""backing"": 2.0, ""bot"": ""wave"", ""bot_depth"": 2.0, ""bot_params"": {""margin_depth_ref"": 50.0, ""pitch"": 2.0}, ""face_h"": 60.0, ""face_w"": 60.0, ""margin_depths"": 2.0, ""seed"": 102, ""top"": ""shingle"", ""top_depth"": 48.0, ""top_params"": {""azimuth_mode"": ""grid"", ""jitter"": 0.3, ""pitch"": 5.5, ""plate_t_bot"": 0.1, ""plate_t_top"": 0.1, ""tilt_deg"": 2.0, ""tilt_jitter"": 0.0}}"
FL_bl100grid_wave_d20_s102,floor,shingle/wave,"sheet, grid",0.1,102,d100,bl100grid,shingle,5.5,0.1,48.0,wave,2.0,2.0,50.0,9.090909090909092,0.03044210510272572,-40.0,0.0017430972075089812,0.04999997094273567,"{""backing"": 2.0, ""bot"": ""wave"", ""bot_depth"": 2.0, ""bot_params"": {""margin_depth_ref"": 50.0, ""pitch"": 2.0}, ""face_h"": 60.0, ""face_w"": 60.0, ""margin_depths"": 2.0, ""seed"": 102, ""top"": ""shingle"", ""top_depth"": 48.0, ""top_params"": {""azimuth_mode"": ""grid"", ""jitter"": 0.3, ""pitch"": 5.5, ""plate_t_bot"": 0.1, ""plate_t_top"": 0.1, ""tilt_deg"": 2.0, ""tilt_jitter"": 0.0}}"
FL_bl100grid_wave_d20_s102,floor,shingle/wave,"sheet, grid",0.1,102,d100,bl100grid,shingle,5.5,0.1,48.0,wave,2.0,2.0,50.0,9.090909090909092,0.03044210510272572,20.0,0.0011807525297626853,0.04999997094273567,"{""backing"": 2.0, ""bot"": ""wave"", ""bot_depth"": 2.0, ""bot_params"": {""margin_depth_ref"": 50.0, ""pitch"": 2.0}, ""face_h"": 60.0, ""face_w"": 60.0, ""margin_depths"": 2.0, ""seed"": 102, ""top"": ""shingle"", ""top_depth"": 48.0, ""top_params"": {""azimuth_mode"": ""grid"", ""jitter"": 0.3, ""pitch"": 5.5, ""plate_t_bot"": 0.1, ""plate_t_top"": 0.1, ""tilt_deg"": 2.0, ""tilt_jitter"": 0.0}}"
FL_bl100grid_wave_d20_s102,floor,shingle/wave,"sheet, grid",0.1,102,d100,bl100grid,shingle,5.5,0.1,48.0,wave,2.0,2.0,50.0,9.090909090909092,0.03044210510272572,40.0,0.0019306348403915763,0.04999997094273567,"{""backing"": 2.0, ""bot"": ""wave"", ""bot_depth"": 2.0, ""bot_params"": {""margin_depth_ref"": 50.0, ""pitch"": 2.0}, ""face_h"": 60.0, ""face_w"": 60.0, ""margin_depths"": 2.0, ""seed"": 102, ""top"": ""shingle"", ""top_depth"": 48.0, ""top_params"": {""azimuth_mode"": ""grid"", ""jitter"": 0.3, ""pitch"": 5.5, ""plate_t_bot"": 0.1, ""plate_t_top"": 0.1, ""tilt_deg"": 2.0, ""tilt_jitter"": 0.0}}"
FL_bl100grid_wave_d30_s102,floor,shingle/wave,"sheet, grid",0.1,102,d00,bl100grid,shingle,5.5,0.1,47.0,wave,3.0,2.0,50.0,9.090909090909092,0.03044210510272572,0.0,0.0007706953911110759,0.04999997094273567,"{""backing"": 2.0, ""bot"": ""wave"", ""bot_depth"": 3.0, ""bot_params"": {""margin_depth_ref"": 50.0, ""pitch"": 2.0}, ""face_h"": 60.0, ""face_w"": 60.0, ""margin_depths"": 2.0, ""seed"": 102, ""top"": ""shingle"", ""top_depth"": 47.0, ""top_params"": {""azimuth_mode"": ""grid"", ""jitter"": 0.3, ""pitch"": 5.5, ""plate_t_bot"": 0.1, ""plate_t_top"": 0.1, ""tilt_deg"": 2.0, ""tilt_jitter"": 0.0}}"
FL_bl100grid_wave_d30_s102,floor,shingle/wave,"sheet, grid",0.1,102,d00,bl100grid,shingle,5.5,0.1,47.0,wave,3.0,2.0,50.0,9.090909090909092,0.03044210510272572,-20.0,0.0005792566807940602,0.04999997094273567,"{""backing"": 2.0, ""bot"": ""wave"", ""bot_depth"": 3.0, ""bot_params"": {""margin_depth_ref"": 50.0, ""pitch"": 2.0}, ""face_h"": 60.0, ""face_w"": 60.0, ""margin_depths"": 2.0, ""seed"": 102, ""top"": ""shingle"", ""top_depth"": 47.0, ""top_params"": {""azimuth_mode"": ""grid"", ""jitter"": 0.3, ""pitch"": 5.5, ""plate_t_bot"": 0.1, ""plate_t_top"": 0.1, ""tilt_deg"": 2.0, ""tilt_jitter"": 0.0}}"
FL_bl100grid_wave_d30_s102,floor,shingle/wave,"sheet, grid",0.1,102,d00,bl100grid,shingle,5.5,0.1,47.0,wave,3.0,2.0,50.0,9.090909090909092,0.03044210510272572,-40.0,0.0005437777726911008,0.04999997094273567,"{""backing"": 2.0, ""bot"": ""wave"", ""bot_depth"": 3.0, ""bot_params"": {""margin_depth_ref"": 50.0, ""pitch"": 2.0}, ""face_h"": 60.0, ""face_w"": 60.0, ""margin_depths"": 2.0, ""seed"": 102, ""top"": ""shingle"", ""top_depth"": 47.0, ""top_params"": {""azimuth_mode"": ""grid"", ""jitter"": 0.3, ""pitch"": 5.5, ""plate_t_bot"": 0.1, ""plate_t_top"": 0.1, ""tilt_deg"": 2.0, ""tilt_jitter"": 0.0}}"
FL_bl100grid_wave_d30_s102,floor,shingle/wave,"sheet, grid",0.1,102,d00,bl100grid,shingle,5.5,0.1,47.0,wave,3.0,2.0,50.0,9.090909090909092,0.03044210510272572,20.0,0.0005507702589966357,0.04999997094273567,"{""backing"": 2.0, ""bot"": ""wave"", ""bot_depth"": 3.0, ""bot_params"": {""margin_depth_ref"": 50.0, ""pitch"": 2.0}, ""face_h"": 60.0, ""face_w"": 60.0, ""margin_depths"": 2.0, ""seed"": 102, ""top"": ""shingle"", ""top_depth"": 47.0, ""top_params"": {""azimuth_mode"": ""grid"", ""jitter"": 0.3, ""pitch"": 5.5, ""plate_t_bot"": 0.1, ""plate_t_top"": 0.1, ""tilt_deg"": 2.0, ""tilt_jitter"": 0.0}}"
FL_bl100grid_wave_d30_s102,floor,shingle/wave,"sheet, grid",0.1,102,d00,bl100grid,shingle,5.5,0.1,47.0,wave,3.0,2.0,50.0,9.090909090909092,0.03044210510272572,40.0,0.0005291219567880034,0.04999997094273567,"{""backing"": 2.0, ""bot"": ""wave"", ""bot_depth"": 3.0, ""bot_params"": {""margin_depth_ref"": 50.0, ""pitch"": 2.0}, ""face_h"": 60.0, ""face_w"": 60.0, ""margin_depths"": 2.0, ""seed"": 102, ""top"": ""shingle"", ""top_depth"": 47.0, ""top_params"": {""azimuth_mode"": ""grid"", ""jitter"": 0.3, ""pitch"": 5.5, ""plate_t_bot"": 0.1, ""plate_t_top"": 0.1, ""tilt_deg"": 2.0, ""tilt_jitter"": 0.0}}"
FL_bl100grid_wave_d30_s102,floor,shingle/wave,"sheet, grid",0.1,102,d76,bl100grid,shingle,5.5,0.1,47.0,wave,3.0,2.0,50.0,9.090909090909092,0.03044210510272572,0.0,0.0005335496971383691,0.04999997094273567,"{""backing"": 2.0, ""bot"": ""wave"", ""bot_depth"": 3.0, ""bot_params"": {""margin_depth_ref"": 50.0, ""pitch"": 2.0}, ""face_h"": 60.0, ""face_w"": 60.0, ""margin_depths"": 2.0, ""seed"": 102, ""top"": ""shingle"", ""top_depth"": 47.0, ""top_params"": {""azimuth_mode"": ""grid"", ""jitter"": 0.3, ""pitch"": 5.5, ""plate_t_bot"": 0.1, ""plate_t_top"": 0.1, ""tilt_deg"": 2.0, ""tilt_jitter"": 0.0}}"
FL_bl100grid_wave_d30_s102,floor,shingle/wave,"sheet, grid",0.1,102,d76,bl100grid,shingle,5.5,0.1,47.0,wave,3.0,2.0,50.0,9.090909090909092,0.03044210510272572,-20.0,0.0009059894364327192,0.04999997094273567,"{""backing"": 2.0, ""bot"": ""wave"", ""bot_depth"": 3.0, ""bot_params"": {""margin_depth_ref"": 50.0, ""pitch"": 2.0}, ""face_h"": 60.0, ""face_w"": 60.0, ""margin_depths"": 2.0, ""seed"": 102, ""top"": ""shingle"", ""top_depth"": 47.0, ""top_params"": {""azimuth_mode"": ""grid"", ""jitter"": 0.3, ""pitch"": 5.5, ""plate_t_bot"": 0.1, ""plate_t_top"": 0.1, ""tilt_deg"": 2.0, ""tilt_jitter"": 0.0}}"
FL_bl100grid_wave_d30_s102,floor,shingle/wave,"sheet, grid",0.1,102,d76,bl100grid,shingle,5.5,0.1,47.0,wave,3.0,2.0,50.0,9.090909090909092,0.03044210510272572,-40.0,0.00144043134059757,0.04999997094273567,"{""backing"": 2.0, ""bot"": ""wave"", ""bot_depth"": 3.0, ""bot_params"": {""margin_depth_ref"": 50.0, ""pitch"": 2.0}, ""face_h"": 60.0, ""face_w"": 60.0, ""margin_depths"": 2.0, ""seed"": 102, ""top"": ""shingle"", ""top_depth"": 47.0, ""top_params"": {""azimuth_mode"": ""grid"", ""jitter"": 0.3, ""pitch"": 5.5, ""plate_t_bot"": 0.1, ""plate_t_top"": 0.1, ""tilt_deg"": 2.0, ""tilt_jitter"": 0.0}}"
FL_bl100grid_wave_d30_s102,floor,shingle/wave,"sheet, grid",0.1,102,d76,bl100grid,shingle,5.5,0.1,47.0,wave,3.0,2.0,50.0,9.090909090909092,0.03044210510272572,20.0,0.0010163974948227406,0.04999997094273567,"{""backing"": 2.0, ""bot"": ""wave"", ""bot_depth"": 3.0, ""bot_params"": {""margin_depth_ref"": 50.0, ""pitch"": 2.0}, ""face_h"": 60.0, ""face_w"": 60.0, ""margin_depths"": 2.0, ""seed"": 102, ""top"": ""shingle"", ""top_depth"": 47.0, ""top_params"": {""azimuth_mode"": ""grid"", ""jitter"": 0.3, ""pitch"": 5.5, ""plate_t_bot"": 0.1, ""plate_t_top"": 0.1, ""tilt_deg"": 2.0, ""tilt_jitter"": 0.0}}"
FL_bl100grid_wave_d30_s102,floor,shingle/wave,"sheet, grid",0.1,102,d76,bl100grid,shingle,5.5,0.1,47.0,wave,3.0,2.0,50.0,9.090909090909092,0.03044210510272572,40.0,0.0015855421079322696,0.04999997094273567,"{""backing"": 2.0, ""bot"": ""wave"", ""bot_depth"": 3.0, ""bot_params"": {""margin_depth_ref"": 50.0, ""pitch"": 2.0}, ""face_h"": 60.0, ""face_w"": 60.0, ""margin_depths"": 2.0, ""seed"": 102, ""top"": ""shingle"", ""top_depth"": 47.0, ""top_params"": {""azimuth_mode"": ""grid"", ""jitter"": 0.3, ""pitch"": 5.5, ""plate_t_bot"": 0.1, ""plate_t_top"": 0.1, ""tilt_deg"": 2.0, ""tilt_jitter"": 0.0}}"
FL_bl100grid_wave_d30_s102,floor,shingle/wave,"sheet, grid",0.1,102,d100,bl100grid,shingle,5.5,0.1,47.0,wave,3.0,2.0,50.0,9.090909090909092,0.03044210510272572,0.0,0.00047955947229638696,0.04999997094273567,"{""backing"": 2.0, ""bot"": ""wave"", ""bot_depth"": 3.0, ""bot_params"": {""margin_depth_ref"": 50.0, ""pitch"": 2.0}, ""face_h"": 60.0, ""face_w"": 60.0, ""margin_depths"": 2.0, ""seed"": 102, ""top"": ""shingle"", ""top_depth"": 47.0, ""top_params"": {""azimuth_mode"": ""grid"", ""jitter"": 0.3, ""pitch"": 5.5, ""plate_t_bot"": 0.1, ""plate_t_top"": 0.1, ""tilt_deg"": 2.0, ""tilt_jitter"": 0.0}}"
FL_bl100grid_wave_d30_s102,floor,shingle/wave,"sheet, grid",0.1,102,d100,bl100grid,shingle,5.5,0.1,47.0,wave,3.0,2.0,50.0,9.090909090909092,0.03044210510272572,-20.0,0.001023080782033503,0.04999997094273567,"{""backing"": 2.0, ""bot"": ""wave"", ""bot_depth"": 3.0, ""bot_params"": {""margin_depth_ref"": 50.0, ""pitch"": 2.0}, ""face_h"": 60.0, ""face_w"": 60.0, ""margin_depths"": 2.0, ""seed"": 102, ""top"": ""shingle"", ""top_depth"": 47.0, ""top_params"": {""azimuth_mode"": ""grid"", ""jitter"": 0.3, ""pitch"": 5.5, ""plate_t_bot"": 0.1, ""plate_t_top"": 0.1, ""tilt_deg"": 2.0, ""tilt_jitter"": 0.0}}"
FL_bl100grid_wave_d30_s102,floor,shingle/wave,"sheet, grid",0.1,102,d100,bl100grid,shingle,5.5,0.1,47.0,wave,3.0,2.0,50.0,9.090909090909092,0.03044210510272572,-40.0,0.0017429928993806243,0.04999997094273567,"{""backing"": 2.0, ""bot"": ""wave"", ""bot_depth"": 3.0, ""bot_params"": {""margin_depth_ref"": 50.0, ""pitch"": 2.0}, ""face_h"": 60.0, ""face_w"": 60.0, ""margin_depths"": 2.0, ""seed"": 102, ""top"": ""shingle"", ""top_depth"": 47.0, ""top_params"": {""azimuth_mode"": ""grid"", ""jitter"": 0.3, ""pitch"": 5.5, ""plate_t_bot"": 0.1, ""plate_t_top"": 0.1, ""tilt_deg"": 2.0, ""tilt_jitter"": 0.0}}"
FL_bl100grid_wave_d30_s102,floor,shingle/wave,"sheet, grid",0.1,102,d100,bl100grid,shingle,5.5,0.1,47.0,wave,3.0,2.0,50.0,9.090909090909092,0.03044210510272572,20.0,0.0011806681286543608,0.04999997094273567,"{""backing"": 2.0, ""bot"": ""wave"", ""bot_depth"": 3.0, ""bot_params"": {""margin_depth_ref"": 50.0, ""pitch"": 2.0}, ""face_h"": 60.0, ""face_w"": 60.0, ""margin_depths"": 2.0, ""seed"": 102, ""top"": ""shingle"", ""top_depth"": 47.0, ""top_params"": {""azimuth_mode"": ""grid"", ""jitter"": 0.3, ""pitch"": 5.5, ""plate_t_bot"": 0.1, ""plate_t_top"": 0.1, ""tilt_deg"": 2.0, ""tilt_jitter"": 0.0}}"
FL_bl100grid_wave_d30_s102,floor,shingle/wave,"sheet, grid",0.1,102,d100,bl100grid,shingle,5.5,0.1,47.0,wave,3.0,2.0,50.0,9.090909090909092,0.03044210510272572,40.0,0.001930634374730289,0.04999997094273567,"{""backing"": 2.0, ""bot"": ""wave"", ""bot_depth"": 3.0, ""bot_params"": {""margin_depth_ref"": 50.0, ""pitch"": 2.0}, ""face_h"": 60.0, ""face_w"": 60.0, ""margin_depths"": 2.0, ""seed"": 102, ""top"": ""shingle"", ""top_depth"": 47.0, ""top_params"": {""azimuth_mode"": ""grid"", ""jitter"": 0.3, ""pitch"": 5.5, ""plate_t_bot"": 0.1, ""plate_t_top"": 0.1, ""tilt_deg"": 2.0, ""tilt_jitter"": 0.0}}"
FL_bl100grid_wave_d50_s102,floor,shingle/wave,"sheet, grid",0.1,102,d00,bl100grid,shingle,5.5,0.1,45.0,wave,5.0,2.0,50.0,9.090909090909092,0.03044210510272572,0.0,0.0007471663993783295,0.04999997094273567,"{""backing"": 2.0, ""bot"": ""wave"", ""bot_depth"": 5.0, ""bot_params"": {""margin_depth_ref"": 50.0, ""pitch"": 2.0}, ""face_h"": 60.0, ""face_w"": 60.0, ""margin_depths"": 2.0, ""seed"": 102, ""top"": ""shingle"", ""top_depth"": 45.0, ""top_params"": {""azimuth_mode"": ""grid"", ""jitter"": 0.3, ""pitch"": 5.5, ""plate_t_bot"": 0.1, ""plate_t_top"": 0.1, ""tilt_deg"": 2.0, ""tilt_jitter"": 0.0}}"
FL_bl100grid_wave_d50_s102,floor,shingle/wave,"sheet, grid",0.1,102,d00,bl100grid,shingle,5.5,0.1,45.0,wave,5.0,2.0,50.0,9.090909090909092,0.03044210510272572,-20.0,0.0006000071298331022,0.04999997094273567,"{""backing"": 2.0, ""bot"": ""wave"", ""bot_depth"": 5.0, ""bot_params"": {""margin_depth_ref"": 50.0, ""pitch"": 2.0}, ""face_h"": 60.0, ""face_w"": 60.0, ""margin_depths"": 2.0, ""seed"": 102, ""top"": ""shingle"", ""top_depth"": 45.0, ""top_params"": {""azimuth_mode"": ""grid"", ""jitter"": 0.3, ""pitch"": 5.5, ""plate_t_bot"": 0.1, ""plate_t_top"": 0.1, ""tilt_deg"": 2.0, ""tilt_jitter"": 0.0}}"
FL_bl100grid_wave_d50_s102,floor,shingle/wave,"sheet, grid",0.1,102,d00,bl100grid,shingle,5.5,0.1,45.0,wave,5.0,2.0,50.0,9.090909090909092,0.03044210510272572,-40.0,0.0005791338044218719,0.04999997094273567,"{""backing"": 2.0, ""bot"": ""wave"", ""bot_depth"": 5.0, ""bot_params"": {""margin_depth_ref"": 50.0, ""pitch"": 2.0}, ""face_h"": 60.0, ""face_w"": 60.0, ""margin_depths"": 2.0, ""seed"": 102, ""top"": ""shingle"", ""top_depth"": 45.0, ""top_params"": {""azimuth_mode"": ""grid"", ""jitter"": 0.3, ""pitch"": 5.5, ""plate_t_bot"": 0.1, ""plate_t_top"": 0.1, ""tilt_deg"": 2.0, ""tilt_jitter"": 0.0}}"
FL_bl100grid_wave_d50_s102,floor,shingle/wave,"sheet, grid",0.1,102,d00,bl100grid,shingle,5.5,0.1,45.0,wave,5.0,2.0,50.0,9.090909090909092,0.03044210510272572,20.0,0.000560362939722836,0.04999997094273567,"{""backing"": 2.0, ""bot"": ""wave"", ""bot_depth"": 5.0, ""bot_params"": {""margin_depth_ref"": 50.0, ""pitch"": 2.0}, ""face_h"": 60.0, ""face_w"": 60.0, ""margin_depths"": 2.0, ""seed"": 102, ""top"": ""shingle"", ""top_depth"": 45.0, ""top_params"": {""azimuth_mode"": ""grid"", ""jitter"": 0.3, ""pitch"": 5.5, ""plate_t_bot"": 0.1, ""plate_t_top"": 0.1, ""tilt_deg"": 2.0, ""tilt_jitter"": 0.0}}"
FL_bl100grid_wave_d50_s102,floor,shingle/wave,"sheet, grid",0.1,102,d00,bl100grid,shingle,5.5,0.1,45.0,wave,5.0,2.0,50.0,9.090909090909092,0.03044210510272572,40.0,0.0005554498638957739,0.04999997094273567,"{""backing"": 2.0, ""bot"": ""wave"", ""bot_depth"": 5.0, ""bot_params"": {""margin_depth_ref"": 50.0, ""pitch"": 2.0}, ""face_h"": 60.0, ""face_w"": 60.0, ""margin_depths"": 2.0, ""seed"": 102, ""top"": ""shingle"", ""top_depth"": 45.0, ""top_params"": {""azimuth_mode"": ""grid"", ""jitter"": 0.3, ""pitch"": 5.5, ""plate_t_bot"": 0.1, ""plate_t_top"": 0.1, ""tilt_deg"": 2.0, ""tilt_jitter"": 0.0}}"
FL_bl100grid_wave_d50_s102,floor,shingle/wave,"sheet, grid",0.1,102,d76,bl100grid,shingle,5.5,0.1,45.0,wave,5.0,2.0,50.0,9.090909090909092,0.03044210510272572,0.0,0.0005215631681494415,0.04999997094273567,"{""backing"": 2.0, ""bot"": ""wave"", ""bot_depth"": 5.0, ""bot_params"": {""margin_depth_ref"": 50.0, ""pitch"": 2.0}, ""face_h"": 60.0, ""face_w"": 60.0, ""margin_depths"": 2.0, ""seed"": 102, ""top"": ""shingle"", ""top_depth"": 45.0, ""top_params"": {""azimuth_mode"": ""grid"", ""jitter"": 0.3, ""pitch"": 5.5, ""plate_t_bot"": 0.1, ""plate_t_top"": 0.1, ""tilt_deg"": 2.0, ""tilt_jitter"": 0.0}}"
FL_bl100grid_wave_d50_s102,floor,shingle/wave,"sheet, grid",0.1,102,d76,bl100grid,shingle,5.5,0.1,45.0,wave,5.0,2.0,50.0,9.090909090909092,0.03044210510272572,-20.0,0.0008253780542872846,0.04999997094273567,"{""backing"": 2.0, ""bot"": ""wave"", ""bot_depth"": 5.0, ""bot_params"": {""margin_depth_ref"": 50.0, ""pitch"": 2.0}, ""face_h"": 60.0, ""face_w"": 60.0, ""margin_depths"": 2.0, ""seed"": 102, ""top"": ""shingle"", ""top_depth"": 45.0, ""top_params"": {""azimuth_mode"": ""grid"", ""jitter"": 0.3, ""pitch"": 5.5, ""plate_t_bot"": 0.1, ""plate_t_top"": 0.1, ""tilt_deg"": 2.0, ""tilt_jitter"": 0.0}}"
FL_bl100grid_wave_d50_s102,floor,shingle/wave,"sheet, grid",0.1,102,d76,bl100grid,shingle,5.5,0.1,45.0,wave,5.0,2.0,50.0,9.090909090909092,0.03044210510272572,-40.0,0.001258702832274139,0.04999997094273567,"{""backing"": 2.0, ""bot"": ""wave"", ""bot_depth"": 5.0, ""bot_params"": {""margin_depth_ref"": 50.0, ""pitch"": 2.0}, ""face_h"": 60.0, ""face_w"": 60.0, ""margin_depths"": 2.0, ""seed"": 102, ""top"": ""shingle"", ""top_depth"": 45.0, ""top_params"": {""azimuth_mode"": ""grid"", ""jitter"": 0.3, ""pitch"": 5.5, ""plate_t_bot"": 0.1, ""plate_t_top"": 0.1, ""tilt_deg"": 2.0, ""tilt_jitter"": 0.0}}"
FL_bl100grid_wave_d50_s102,floor,shingle/wave,"sheet, grid",0.1,102,d76,bl100grid,shingle,5.5,0.1,45.0,wave,5.0,2.0,50.0,9.090909090909092,0.03044210510272572,20.0,0.0009650475694797933,0.04999997094273567,"{""backing"": 2.0, ""bot"": ""wave"", ""bot_depth"": 5.0, ""bot_params"": {""margin_depth_ref"": 50.0, ""pitch"": 2.0}, ""face_h"": 60.0, ""face_w"": 60.0, ""margin_depths"": 2.0, ""seed"": 102, ""top"": ""shingle"", ""top_depth"": 45.0, ""top_params"": {""azimuth_mode"": ""grid"", ""jitter"": 0.3, ""pitch"": 5.5, ""plate_t_bot"": 0.1, ""plate_t_top"": 0.1, ""tilt_deg"": 2.0, ""tilt_jitter"": 0.0}}"
FL_bl100grid_wave_d50_s102,floor,shingle/wave,"sheet, grid",0.1,102,d76,bl100grid,shingle,5.5,0.1,45.0,wave,5.0,2.0,50.0,9.090909090909092,0.03044210510272572,40.0,0.001479224651120603,0.04999997094273567,"{""backing"": 2.0, ""bot"": ""wave"", ""bot_depth"": 5.0, ""bot_params"": {""margin_depth_ref"": 50.0, ""pitch"": 2.0}, ""face_h"": 60.0, ""face_w"": 60.0, ""margin_depths"": 2.0, ""seed"": 102, ""top"": ""shingle"", ""top_depth"": 45.0, ""top_params"": {""azimuth_mode"": ""grid"", ""jitter"": 0.3, ""pitch"": 5.5, ""plate_t_bot"": 0.1, ""plate_t_top"": 0.1, ""tilt_deg"": 2.0, ""tilt_jitter"": 0.0}}"
FL_bl100grid_wave_d50_s102,floor,shingle/wave,"sheet, grid",0.1,102,d100,bl100grid,shingle,5.5,0.1,45.0,wave,5.0,2.0,50.0,9.090909090909092,0.03044210510272572,0.0,0.0004707545740529895,0.04999997094273567,"{""backing"": 2.0, ""bot"": ""wave"", ""bot_depth"": 5.0, ""bot_params"": {""margin_depth_ref"": 50.0, ""pitch"": 2.0}, ""face_h"": 60.0, ""face_w"": 60.0, ""margin_depths"": 2.0, ""seed"": 102, ""top"": ""shingle"", ""top_depth"": 45.0, ""top_params"": {""azimuth_mode"": ""grid"", ""jitter"": 0.3, ""pitch"": 5.5, ""plate_t_bot"": 0.1, ""plate_t_top"": 0.1, ""tilt_deg"": 2.0, ""tilt_jitter"": 0.0}}"
FL_bl100grid_wave_d50_s102,floor,shingle/wave,"sheet, grid",0.1,102,d100,bl100grid,shingle,5.5,0.1,45.0,wave,5.0,2.0,50.0,9.090909090909092,0.03044210510272572,-20.0,0.0009031996014527977,0.04999997094273567,"{""backing"": 2.0, ""bot"": ""wave"", ""bot_depth"": 5.0, ""bot_params"": {""margin_depth_ref"": 50.0, ""pitch"": 2.0}, ""face_h"": 60.0, ""face_w"": 60.0, ""margin_depths"": 2.0, ""seed"": 102, ""top"": ""shingle"", ""top_depth"": 45.0, ""top_params"": {""azimuth_mode"": ""grid"", ""jitter"": 0.3, ""pitch"": 5.5, ""plate_t_bot"": 0.1, ""plate_t_top"": 0.1, ""tilt_deg"": 2.0, ""tilt_jitter"": 0.0}}"
FL_bl100grid_wave_d50_s102,floor,shingle/wave,"sheet, grid",0.1,102,d100,bl100grid,shingle,5.5,0.1,45.0,wave,5.0,2.0,50.0,9.090909090909092,0.03044210510272572,-40.0,0.0014751047128811479,0.04999997094273567,"{""backing"": 2.0, ""bot"": ""wave"", ""bot_depth"": 5.0, ""bot_params"": {""margin_depth_ref"": 50.0, ""pitch"": 2.0}, ""face_h"": 60.0, ""face_w"": 60.0, ""margin_depths"": 2.0, ""seed"": 102, ""top"": ""shingle"", ""top_depth"": 45.0, ""top_params"": {""azimuth_mode"": ""grid"", ""jitter"": 0.3, ""pitch"": 5.5, ""plate_t_bot"": 0.1, ""plate_t_top"": 0.1, ""tilt_deg"": 2.0, ""tilt_jitter"": 0.0}}"
FL_bl100grid_wave_d50_s102,floor,shingle/wave,"sheet, grid",0.1,102,d100,bl100grid,shingle,5.5,0.1,45.0,wave,5.0,2.0,50.0,9.090909090909092,0.03044210510272572,20.0,0.0011061114491894841,0.04999997094273567,"{""backing"": 2.0, ""bot"": ""wave"", ""bot_depth"": 5.0, ""bot_params"": {""margin_depth_ref"": 50.0, ""pitch"": 2.0}, ""face_h"": 60.0, ""face_w"": 60.0, ""margin_depths"": 2.0, ""seed"": 102, ""top"": ""shingle"", ""top_depth"": 45.0, ""top_params"": {""azimuth_mode"": ""grid"", ""jitter"": 0.3, ""pitch"": 5.5, ""plate_t_bot"": 0.1, ""plate_t_top"": 0.1, ""tilt_deg"": 2.0, ""tilt_jitter"": 0.0}}"
FL_bl100grid_wave_d50_s102,floor,shingle/wave,"sheet, grid",0.1,102,d100,bl100grid,shingle,5.5,0.1,45.0,wave,5.0,2.0,50.0,9.090909090909092,0.03044210510272572,40.0,0.001774725504219532,0.04999997094273567,"{""backing"": 2.0, ""bot"": ""wave"", ""bot_depth"": 5.0, ""bot_params"": {""margin_depth_ref"": 50.0, ""pitch"": 2.0}, ""face_h"": 60.0, ""face_w"": 60.0, ""margin_depths"": 2.0, ""seed"": 102, ""top"": ""shingle"", ""top_depth"": 45.0, ""top_params"": {""azimuth_mode"": ""grid"", ""jitter"": 0.3, ""pitch"": 5.5, ""plate_t_bot"": 0.1, ""plate_t_top"": 0.1, ""tilt_deg"": 2.0, ""tilt_jitter"": 0.0}}"
FL_bl100grid_gap_d20_s102,floor,shingle/gap,"sheet, grid",0.1,102,d00,bl100grid,shingle,5.5,0.1,48.0,gap,2.0,0.0,50.0,9.090909090909092,0.03044210510272572,0.0,0.0018412861973047256,0.04999997094273567,"{""backing"": 2.0, ""bot"": ""gap"", ""bot_depth"": 2.0, ""bot_params"": {""margin_depth_ref"": 50.0}, ""face_h"": 60.0, ""face_w"": 60.0, ""margin_depths"": 2.0, ""seed"": 102, ""top"": ""shingle"", ""top_depth"": 48.0, ""top_params"": {""azimuth_mode"": ""grid"", ""jitter"": 0.3, ""pitch"": 5.5, ""plate_t_bot"": 0.1, ""plate_t_top"": 0.1, ""tilt_deg"": 2.0, ""tilt_jitter"": 0.0}}"
FL_bl100grid_gap_d20_s102,floor,shingle/gap,"sheet, grid",0.1,102,d00,bl100grid,shingle,5.5,0.1,48.0,gap,2.0,0.0,50.0,9.090909090909092,0.03044210510272572,-20.0,0.00059053412405774,0.04999997094273567,"{""backing"": 2.0, ""bot"": ""gap"", ""bot_depth"": 2.0, ""bot_params"": {""margin_depth_ref"": 50.0}, ""face_h"": 60.0, ""face_w"": 60.0, ""margin_depths"": 2.0, ""seed"": 102, ""top"": ""shingle"", ""top_depth"": 48.0, ""top_params"": {""azimuth_mode"": ""grid"", ""jitter"": 0.3, ""pitch"": 5.5, ""plate_t_bot"": 0.1, ""plate_t_top"": 0.1, ""tilt_deg"": 2.0, ""tilt_jitter"": 0.0}}"
FL_bl100grid_gap_d20_s102,floor,shingle/gap,"sheet, grid",0.1,102,d00,bl100grid,shingle,5.5,0.1,48.0,gap,2.0,0.0,50.0,9.090909090909092,0.03044210510272572,-40.0,0.0005438524531200528,0.04999997094273567,"{""backing"": 2.0, ""bot"": ""gap"", ""bot_depth"": 2.0, ""bot_params"": {""margin_depth_ref"": 50.0}, ""face_h"": 60.0, ""face_w"": 60.0, ""margin_depths"": 2.0, ""seed"": 102, ""top"": ""shingle"", ""top_depth"": 48.0, ""top_params"": {""azimuth_mode"": ""grid"", ""jitter"": 0.3, ""pitch"": 5.5, ""plate_t_bot"": 0.1, ""plate_t_top"": 0.1, ""tilt_deg"": 2.0, ""tilt_jitter"": 0.0}}"
FL_bl100grid_gap_d20_s102,floor,shingle/gap,"sheet, grid",0.1,102,d00,bl100grid,shingle,5.5,0.1,48.0,gap,2.0,0.0,50.0,9.090909090909092,0.03044210510272572,20.0,0.0005526153836399317,0.04999997094273567,"{""backing"": 2.0, ""bot"": ""gap"", ""bot_depth"": 2.0, ""bot_params"": {""margin_depth_ref"": 50.0}, ""face_h"": 60.0, ""face_w"": 60.0, ""margin_depths"": 2.0, ""seed"": 102, ""top"": ""shingle"", ""top_depth"": 48.0, ""top_params"": {""azimuth_mode"": ""grid"", ""jitter"": 0.3, ""pitch"": 5.5, ""plate_t_bot"": 0.1, ""plate_t_top"": 0.1, ""tilt_deg"": 2.0, ""tilt_jitter"": 0.0}}"
FL_bl100grid_gap_d20_s102,floor,shingle/gap,"sheet, grid",0.1,102,d00,bl100grid,shingle,5.5,0.1,48.0,gap,2.0,0.0,50.0,9.090909090909092,0.03044210510272572,40.0,0.0005290594999678433,0.04999997094273567,"{""backing"": 2.0, ""bot"": ""gap"", ""bot_depth"": 2.0, ""bot_params"": {""margin_depth_ref"": 50.0}, ""face_h"": 60.0, ""face_w"": 60.0, ""margin_depths"": 2.0, ""seed"": 102, ""top"": ""shingle"", ""top_depth"": 48.0, ""top_params"": {""azimuth_mode"": ""grid"", ""jitter"": 0.3, ""pitch"": 5.5, ""plate_t_bot"": 0.1, ""plate_t_top"": 0.1, ""tilt_deg"": 2.0, ""tilt_jitter"": 0.0}}"
FL_bl100grid_gap_d20_s102,floor,shingle/gap,"sheet, grid",0.1,102,d76,bl100grid,shingle,5.5,0.1,48.0,gap,2.0,0.0,50.0,9.090909090909092,0.03044210510272572,0.0,0.0007943151285871863,0.04999997094273567,"{""backing"": 2.0, ""bot"": ""gap"", ""bot_depth"": 2.0, ""bot_params"": {""margin_depth_ref"": 50.0}, ""face_h"": 60.0, ""face_w"": 60.0, ""margin_depths"": 2.0, ""seed"": 102, ""top"": ""shingle"", ""top_depth"": 48.0, ""top_params"": {""azimuth_mode"": ""grid"", ""jitter"": 0.3, ""pitch"": 5.5, ""plate_t_bot"": 0.1, ""plate_t_top"": 0.1, ""tilt_deg"": 2.0, ""tilt_jitter"": 0.0}}"
FL_bl100grid_gap_d20_s102,floor,shingle/gap,"sheet, grid",0.1,102,d76,bl100grid,shingle,5.5,0.1,48.0,gap,2.0,0.0,50.0,9.090909090909092,0.03044210510272572,-20.0,0.0009083370096050203,0.04999997094273567,"{""backing"": 2.0, ""bot"": ""gap"", ""bot_depth"": 2.0, ""bot_params"": {""margin_depth_ref"": 50.0}, ""face_h"": 60.0, ""face_w"": 60.0, ""margin_depths"": 2.0, ""seed"": 102, ""top"": ""shingle"", ""top_depth"": 48.0, ""top_params"": {""azimuth_mode"": ""grid"", ""jitter"": 0.3, ""pitch"": 5.5, ""plate_t_bot"": 0.1, ""plate_t_top"": 0.1, ""tilt_deg"": 2.0, ""tilt_jitter"": 0.0}}"
FL_bl100grid_gap_d20_s102,floor,shingle/gap,"sheet, grid",0.1,102,d76,bl100grid,shingle,5.5,0.1,48.0,gap,2.0,0.0,50.0,9.090909090909092,0.03044210510272572,-40.0,0.0014405347174033523,0.04999997094273567,"{""backing"": 2.0, ""bot"": ""gap"", ""bot_depth"": 2.0, ""bot_params"": {""margin_depth_ref"": 50.0}, ""face_h"": 60.0, ""face_w"": 60.0, ""margin_depths"": 2.0, ""seed"": 102, ""top"": ""shingle"", ""top_depth"": 48.0, ""top_params"": {""azimuth_mode"": ""grid"", ""jitter"": 0.3, ""pitch"": 5.5, ""plate_t_bot"": 0.1, ""plate_t_top"": 0.1, ""tilt_deg"": 2.0, ""tilt_jitter"": 0.0}}"
FL_bl100grid_gap_d20_s102,floor,shingle/gap,"sheet, grid",0.1,102,d76,bl100grid,shingle,5.5,0.1,48.0,gap,2.0,0.0,50.0,9.090909090909092,0.03044210510272572,20.0,0.0010165547719225287,0.04999997094273567,"{""backing"": 2.0, ""bot"": ""gap"", ""bot_depth"": 2.0, ""bot_params"": {""margin_depth_ref"": 50.0}, ""face_h"": 60.0, ""face_w"": 60.0, ""margin_depths"": 2.0, ""seed"": 102, ""top"": ""shingle"", ""top_depth"": 48.0, ""top_params"": {""azimuth_mode"": ""grid"", ""jitter"": 0.3, ""pitch"": 5.5, ""plate_t_bot"": 0.1, ""plate_t_top"": 0.1, ""tilt_deg"": 2.0, ""tilt_jitter"": 0.0}}"
FL_bl100grid_gap_d20_s102,floor,shingle/gap,"sheet, grid",0.1,102,d76,bl100grid,shingle,5.5,0.1,48.0,gap,2.0,0.0,50.0,9.090909090909092,0.03044210510272572,40.0,0.001585490652360022,0.04999997094273567,"{""backing"": 2.0, ""bot"": ""gap"", ""bot_depth"": 2.0, ""bot_params"": {""margin_depth_ref"": 50.0}, ""face_h"": 60.0, ""face_w"": 60.0, ""margin_depths"": 2.0, ""seed"": 102, ""top"": ""shingle"", ""top_depth"": 48.0, ""top_params"": {""azimuth_mode"": ""grid"", ""jitter"": 0.3, ""pitch"": 5.5, ""plate_t_bot"": 0.1, ""plate_t_top"": 0.1, ""tilt_deg"": 2.0, ""tilt_jitter"": 0.0}}"
FL_bl100grid_gap_d20_s102,floor,shingle/gap,"sheet, grid",0.1,102,d100,bl100grid,shingle,5.5,0.1,48.0,gap,2.0,0.0,50.0,9.090909090909092,0.03044210510272572,0.0,0.0005179280997253954,0.04999997094273567,"{""backing"": 2.0, ""bot"": ""gap"", ""bot_depth"": 2.0, ""bot_params"": {""margin_depth_ref"": 50.0}, ""face_h"": 60.0, ""face_w"": 60.0, ""margin_depths"": 2.0, ""seed"": 102, ""top"": ""shingle"", ""top_depth"": 48.0, ""top_params"": {""azimuth_mode"": ""grid"", ""jitter"": 0.3, ""pitch"": 5.5, ""plate_t_bot"": 0.1, ""plate_t_top"": 0.1, ""tilt_deg"": 2.0, ""tilt_jitter"": 0.0}}"
FL_bl100grid_gap_d20_s102,floor,shingle/gap,"sheet, grid",0.1,102,d100,bl100grid,shingle,5.5,0.1,48.0,gap,2.0,0.0,50.0,9.090909090909092,0.03044210510272572,-20.0,0.0010242797434329987,0.04999997094273567,"{""backing"": 2.0, ""bot"": ""gap"", ""bot_depth"": 2.0, ""bot_params"": {""margin_depth_ref"": 50.0}, ""face_h"": 60.0, ""face_w"": 60.0, ""margin_depths"": 2.0, ""seed"": 102, ""top"": ""shingle"", ""top_depth"": 48.0, ""top_params"": {""azimuth_mode"": ""grid"", ""jitter"": 0.3, ""pitch"": 5.5, ""plate_t_bot"": 0.1, ""plate_t_top"": 0.1, ""tilt_deg"": 2.0, ""tilt_jitter"": 0.0}}"
FL_bl100grid_gap_d20_s102,floor,shingle/gap,"sheet, grid",0.1,102,d100,bl100grid,shingle,5.5,0.1,48.0,gap,2.0,0.0,50.0,9.090909090909092,0.03044210510272572,-40.0,0.0017430977895855904,0.04999997094273567,"{""backing"": 2.0, ""bot"": ""gap"", ""bot_depth"": 2.0, ""bot_params"": {""margin_depth_ref"": 50.0}, ""face_h"": 60.0, ""face_w"": 60.0, ""margin_depths"": 2.0, ""seed"": 102, ""top"": ""shingle"", ""top_depth"": 48.0, ""top_params"": {""azimuth_mode"": ""grid"", ""jitter"": 0.3, ""pitch"": 5.5, ""plate_t_bot"": 0.1, ""plate_t_top"": 0.1, ""tilt_deg"": 2.0, ""tilt_jitter"": 0.0}}"
FL_bl100grid_gap_d20_s102,floor,shingle/gap,"sheet, grid",0.1,102,d100,bl100grid,shingle,5.5,0.1,48.0,gap,2.0,0.0,50.0,9.090909090909092,0.03044210510272572,20.0,0.0011806748807430267,0.04999997094273567,"{""backing"": 2.0, ""bot"": ""gap"", ""bot_depth"": 2.0, ""bot_params"": {""margin_depth_ref"": 50.0}, ""face_h"": 60.0, ""face_w"": 60.0, ""margin_depths"": 2.0, ""seed"": 102, ""top"": ""shingle"", ""top_depth"": 48.0, ""top_params"": {""azimuth_mode"": ""grid"", ""jitter"": 0.3, ""pitch"": 5.5, ""plate_t_bot"": 0.1, ""plate_t_top"": 0.1, ""tilt_deg"": 2.0, ""tilt_jitter"": 0.0}}"
FL_bl100grid_gap_d20_s102,floor,shingle/gap,"sheet, grid",0.1,102,d100,bl100grid,shingle,5.5,0.1,48.0,gap,2.0,0.0,50.0,9.090909090909092,0.03044210510272572,40.0,0.0019305840833112597,0.04999997094273567,"{""backing"": 2.0, ""bot"": ""gap"", ""bot_depth"": 2.0, ""bot_params"": {""margin_depth_ref"": 50.0}, ""face_h"": 60.0, ""face_w"": 60.0, ""margin_depths"": 2.0, ""seed"": 102, ""top"": ""shingle"", ""top_depth"": 48.0, ""top_params"": {""azimuth_mode"": ""grid"", ""jitter"": 0.3, ""pitch"": 5.5, ""plate_t_bot"": 0.1, ""plate_t_top"": 0.1, ""tilt_deg"": 2.0, ""tilt_jitter"": 0.0}}"
FL_bl100grid_gap_d30_s102,floor,shingle/gap,"sheet, grid",0.1,102,d00,bl100grid,shingle,5.5,0.1,47.0,gap,3.0,0.0,50.0,9.090909090909092,0.03044210510272572,0.0,0.0018732959870249033,0.04999997094273567,"{""backing"": 2.0, ""bot"": ""gap"", ""bot_depth"": 3.0, ""bot_params"": {""margin_depth_ref"": 50.0}, ""face_h"": 60.0, ""face_w"": 60.0, ""margin_depths"": 2.0, ""seed"": 102, ""top"": ""shingle"", ""top_depth"": 47.0, ""top_params"": {""azimuth_mode"": ""grid"", ""jitter"": 0.3, ""pitch"": 5.5, ""plate_t_bot"": 0.1, ""plate_t_top"": 0.1, ""tilt_deg"": 2.0, ""tilt_jitter"": 0.0}}"
FL_bl100grid_gap_d30_s102,floor,shingle/gap,"sheet, grid",0.1,102,d00,bl100grid,shingle,5.5,0.1,47.0,gap,3.0,0.0,50.0,9.090909090909092,0.03044210510272572,-20.0,0.000591373594943434,0.04999997094273567,"{""backing"": 2.0, ""bot"": ""gap"", ""bot_depth"": 3.0, ""bot_params"": {""margin_depth_ref"": 50.0}, ""face_h"": 60.0, ""face_w"": 60.0, ""margin_depths"": 2.0, ""seed"": 102, ""top"": ""shingle"", ""top_depth"": 47.0, ""top_params"": {""azimuth_mode"": ""grid"", ""jitter"": 0.3, ""pitch"": 5.5, ""plate_t_bot"": 0.1, ""plate_t_top"": 0.1, ""tilt_deg"": 2.0, ""tilt_jitter"": 0.0}}"
FL_bl100grid_gap_d30_s102,floor,shingle/gap,"sheet, grid",0.1,102,d00,bl100grid,shingle,5.5,0.1,47.0,gap,3.0,0.0,50.0,9.090909090909092,0.03044210510272572,-40.0,0.0005437982617877424,0.04999997094273567,"{""backing"": 2.0, ""bot"": ""gap"", ""bot_depth"": 3.0, ""bot_params"": {""margin_depth_ref"": 50.0}, ""face_h"": 60.0, ""face_w"": 60.0, ""margin_depths"": 2.0, ""seed"": 102, ""top"": ""shingle"", ""top_depth"": 47.0, ""top_params"": {""azimuth_mode"": ""grid"", ""jitter"": 0.3, ""pitch"": 5.5, ""plate_t_bot"": 0.1, ""plate_t_top"": 0.1, ""tilt_deg"": 2.0, ""tilt_jitter"": 0.0}}"
FL_bl100grid_gap_d30_s102,floor,shingle/gap,"sheet, grid",0.1,102,d00,bl100grid,shingle,5.5,0.1,47.0,gap,3.0,0.0,50.0,9.090909090909092,0.03044210510272572,20.0,0.0005528150941245258,0.04999997094273567,"{""backing"": 2.0, ""bot"": ""gap"", ""bot_depth"": 3.0, ""bot_params"": {""margin_depth_ref"": 50.0}, ""face_h"": 60.0, ""face_w"": 60.0, ""margin_depths"": 2.0, ""seed"": 102, ""top"": ""shingle"", ""top_depth"": 47.0, ""top_params"": {""azimuth_mode"": ""grid"", ""jitter"": 0.3, ""pitch"": 5.5, ""plate_t_bot"": 0.1, ""plate_t_top"": 0.1, ""tilt_deg"": 2.0, ""tilt_jitter"": 0.0}}"
FL_bl100grid_gap_d30_s102,floor,shingle/gap,"sheet, grid",0.1,102,d00,bl100grid,shingle,5.5,0.1,47.0,gap,3.0,0.0,50.0,9.090909090909092,0.03044210510272572,40.0,0.0005290607223287225,0.04999997094273567,"{""backing"": 2.0, ""bot"": ""gap"", ""bot_depth"": 3.0, ""bot_params"": {""margin_depth_ref"": 50.0}, ""face_h"": 60.0, ""face_w"": 60.0, ""margin_depths"": 2.0, ""seed"": 102, ""top"": ""shingle"", ""top_depth"": 47.0, ""top_params"": {""azimuth_mode"": ""grid"", ""jitter"": 0.3, ""pitch"": 5.5, ""plate_t_bot"": 0.1, ""plate_t_top"": 0.1, ""tilt_deg"": 2.0, ""tilt_jitter"": 0.0}}"
FL_bl100grid_gap_d30_s102,floor,shingle/gap,"sheet, grid",0.1,102,d76,bl100grid,shingle,5.5,0.1,47.0,gap,3.0,0.0,50.0,9.090909090909092,0.03044210510272572,0.0,0.0008047481533139944,0.04999997094273567,"{""backing"": 2.0, ""bot"": ""gap"", ""bot_depth"": 3.0, ""bot_params"": {""margin_depth_ref"": 50.0}, ""face_h"": 60.0, ""face_w"": 60.0, ""margin_depths"": 2.0, ""seed"": 102, ""top"": ""shingle"", ""top_depth"": 47.0, ""top_params"": {""azimuth_mode"": ""grid"", ""jitter"": 0.3, ""pitch"": 5.5, ""plate_t_bot"": 0.1, ""plate_t_top"": 0.1, ""tilt_deg"": 2.0, ""tilt_jitter"": 0.0}}"
FL_bl100grid_gap_d30_s102,floor,shingle/gap,"sheet, grid",0.1,102,d76,bl100grid,shingle,5.5,0.1,47.0,gap,3.0,0.0,50.0,9.090909090909092,0.03044210510272572,-20.0,0.0009085407946258783,0.04999997094273567,"{""backing"": 2.0, ""bot"": ""gap"", ""bot_depth"": 3.0, ""bot_params"": {""margin_depth_ref"": 50.0}, ""face_h"": 60.0, ""face_w"": 60.0, ""margin_depths"": 2.0, ""seed"": 102, ""top"": ""shingle"", ""top_depth"": 47.0, ""top_params"": {""azimuth_mode"": ""grid"", ""jitter"": 0.3, ""pitch"": 5.5, ""plate_t_bot"": 0.1, ""plate_t_top"": 0.1, ""tilt_deg"": 2.0, ""tilt_jitter"": 0.0}}"
FL_bl100grid_gap_d30_s102,floor,shingle/gap,"sheet, grid",0.1,102,d76,bl100grid,shingle,5.5,0.1,47.0,gap,3.0,0.0,50.0,9.090909090909092,0.03044210510272572,-40.0,0.0014404879184439778,0.04999997094273567,"{""backing"": 2.0, ""bot"": ""gap"", ""bot_depth"": 3.0, ""bot_params"": {""margin_depth_ref"": 50.0}, ""face_h"": 60.0, ""face_w"": 60.0, ""margin_depths"": 2.0, ""seed"": 102, ""top"": ""shingle"", ""top_depth"": 47.0, ""top_params"": {""azimuth_mode"": ""grid"", ""jitter"": 0.3, ""pitch"": 5.5, ""plate_t_bot"": 0.1, ""plate_t_top"": 0.1, ""tilt_deg"": 2.0, ""tilt_jitter"": 0.0}}"
FL_bl100grid_gap_d30_s102,floor,shingle/gap,"sheet, grid",0.1,102,d76,bl100grid,shingle,5.5,0.1,47.0,gap,3.0,0.0,50.0,9.090909090909092,0.03044210510272572,20.0,0.0010165778221562505,0.04999997094273567,"{""backing"": 2.0, ""bot"": ""gap"", ""bot_depth"": 3.0, ""bot_params"": {""margin_depth_ref"": 50.0}, ""face_h"": 60.0, ""face_w"": 60.0, ""margin_depths"": 2.0, ""seed"": 102, ""top"": ""shingle"", ""top_depth"": 47.0, ""top_params"": {""azimuth_mode"": ""grid"", ""jitter"": 0.3, ""pitch"": 5.5, ""plate_t_bot"": 0.1, ""plate_t_top"": 0.1, ""tilt_deg"": 2.0, ""tilt_jitter"": 0.0}}"
FL_bl100grid_gap_d30_s102,floor,shingle/gap,"sheet, grid",0.1,102,d76,bl100grid,shingle,5.5,0.1,47.0,gap,3.0,0.0,50.0,9.090909090909092,0.03044210510272572,40.0,0.0015854919329285622,0.04999997094273567,"{""backing"": 2.0, ""bot"": ""gap"", ""bot_depth"": 3.0, ""bot_params"": {""margin_depth_ref"": 50.0}, ""face_h"": 60.0, ""face_w"": 60.0, ""margin_depths"": 2.0, ""seed"": 102, ""top"": ""shingle"", ""top_depth"": 47.0, ""top_params"": {""azimuth_mode"": ""grid"", ""jitter"": 0.3, ""pitch"": 5.5, ""plate_t_bot"": 0.1, ""plate_t_top"": 0.1, ""tilt_deg"": 2.0, ""tilt_jitter"": 0.0}}"
FL_bl100grid_gap_d30_s102,floor,shingle/gap,"sheet, grid",0.1,102,d100,bl100grid,shingle,5.5,0.1,47.0,gap,3.0,0.0,50.0,9.090909090909092,0.03044210510272572,0.0,0.0005212774849496782,0.04999997094273567,"{""backing"": 2.0, ""bot"": ""gap"", ""bot_depth"": 3.0, ""bot_params"": {""margin_depth_ref"": 50.0}, ""face_h"": 60.0, ""face_w"": 60.0, ""margin_depths"": 2.0, ""seed"": 102, ""top"": ""shingle"", ""top_depth"": 47.0, ""top_params"": {""azimuth_mode"": ""grid"", ""jitter"": 0.3, ""pitch"": 5.5, ""plate_t_bot"": 0.1, ""plate_t_top"": 0.1, ""tilt_deg"": 2.0, ""tilt_jitter"": 0.0}}"
FL_bl100grid_gap_d30_s102,floor,shingle/gap,"sheet, grid",0.1,102,d100,bl100grid,shingle,5.5,0.1,47.0,gap,3.0,0.0,50.0,9.090909090909092,0.03044210510272572,-20.0,0.00102440535556525,0.04999997094273567,"{""backing"": 2.0, ""bot"": ""gap"", ""bot_depth"": 3.0, ""bot_params"": {""margin_depth_ref"": 50.0}, ""face_h"": 60.0, ""face_w"": 60.0, ""margin_depths"": 2.0, ""seed"": 102, ""top"": ""shingle"", ""top_depth"": 47.0, ""top_params"": {""azimuth_mode"": ""grid"", ""jitter"": 0.3, ""pitch"": 5.5, ""plate_t_bot"": 0.1, ""plate_t_top"": 0.1, ""tilt_deg"": 2.0, ""tilt_jitter"": 0.0}}"
FL_bl100grid_gap_d30_s102,floor,shingle/gap,"sheet, grid",0.1,102,d100,bl100grid,shingle,5.5,0.1,47.0,gap,3.0,0.0,50.0,9.090909090909092,0.03044210510272572,-40.0,0.0017430474981665611,0.04999997094273567,"{""backing"": 2.0, ""bot"": ""gap"", ""bot_depth"": 3.0, ""bot_params"": {""margin_depth_ref"": 50.0}, ""face_h"": 60.0, ""face_w"": 60.0, ""margin_depths"": 2.0, ""seed"": 102, ""top"": ""shingle"", ""top_depth"": 47.0, ""top_params"": {""azimuth_mode"": ""grid"", ""jitter"": 0.3, ""pitch"": 5.5, ""plate_t_bot"": 0.1, ""plate_t_top"": 0.1, ""tilt_deg"": 2.0, ""tilt_jitter"": 0.0}}"
FL_bl100grid_gap_d30_s102,floor,shingle/gap,"sheet, grid",0.1,102,d100,bl100grid,shingle,5.5,0.1,47.0,gap,3.0,0.0,50.0,9.090909090909092,0.03044210510272572,20.0,0.001180676044896245,0.04999997094273567,"{""backing"": 2.0, ""bot"": ""gap"", ""bot_depth"": 3.0, ""bot_params"": {""margin_depth_ref"": 50.0}, ""face_h"": 60.0, ""face_w"": 60.0, ""margin_depths"": 2.0, ""seed"": 102, ""top"": ""shingle"", ""top_depth"": 47.0, ""top_params"": {""azimuth_mode"": ""grid"", ""jitter"": 0.3, ""pitch"": 5.5, ""plate_t_bot"": 0.1, ""plate_t_top"": 0.1, ""tilt_deg"": 2.0, ""tilt_jitter"": 0.0}}"
FL_bl100grid_gap_d30_s102,floor,shingle/gap,"sheet, grid",0.1,102,d100,bl100grid,shingle,5.5,0.1,47.0,gap,3.0,0.0,50.0,9.090909090909092,0.03044210510272572,40.0,0.0019305840833112597,0.04999997094273567,"{""backing"": 2.0, ""bot"": ""gap"", ""bot_depth"": 3.0, ""bot_params"": {""margin_depth_ref"": 50.0}, ""face_h"": 60.0, ""face_w"": 60.0, ""margin_depths"": 2.0, ""seed"": 102, ""top"": ""shingle"", ""top_depth"": 47.0, ""top_params"": {""azimuth_mode"": ""grid"", ""jitter"": 0.3, ""pitch"": 5.5, ""plate_t_bot"": 0.1, ""plate_t_top"": 0.1, ""tilt_deg"": 2.0, ""tilt_jitter"": 0.0}}"
FL_bl100grid_gap_d50_s102,floor,shingle/gap,"sheet, grid",0.1,102,d00,bl100grid,shingle,5.5,0.1,45.0,gap,5.0,0.0,50.0,9.090909090909092,0.03044210510272572,0.0,0.001925396267324686,0.04999997094273567,"{""backing"": 2.0, ""bot"": ""gap"", ""bot_depth"": 5.0, ""bot_params"": {""margin_depth_ref"": 50.0}, ""face_h"": 60.0, ""face_w"": 60.0, ""margin_depths"": 2.0, ""seed"": 102, ""top"": ""shingle"", ""top_depth"": 45.0, ""top_params"": {""azimuth_mode"": ""grid"", ""jitter"": 0.3, ""pitch"": 5.5, ""plate_t_bot"": 0.1, ""plate_t_top"": 0.1, ""tilt_deg"": 2.0, ""tilt_jitter"": 0.0}}"
FL_bl100grid_gap_d50_s102,floor,shingle/gap,"sheet, grid",0.1,102,d00,bl100grid,shingle,5.5,0.1,45.0,gap,5.0,0.0,50.0,9.090909090909092,0.03044210510272572,-20.0,0.0006616116734221578,0.04999997094273567,"{""backing"": 2.0, ""bot"": ""gap"", ""bot_depth"": 5.0, ""bot_params"": {""margin_depth_ref"": 50.0}, ""face_h"": 60.0, ""face_w"": 60.0, ""margin_depths"": 2.0, ""seed"": 102, ""top"": ""shingle"", ""top_depth"": 45.0, ""top_params"": {""azimuth_mode"": ""grid"", ""jitter"": 0.3, ""pitch"": 5.5, ""plate_t_bot"": 0.1, ""plate_t_top"": 0.1, ""tilt_deg"": 2.0, ""tilt_jitter"": 0.0}}"
FL_bl100grid_gap_d50_s102,floor,shingle/gap,"sheet, grid",0.1,102,d00,bl100grid,shingle,5.5,0.1,45.0,gap,5.0,0.0,50.0,9.090909090909092,0.03044210510272572,-40.0,0.0005806228145956993,0.04999997094273567,"{""backing"": 2.0, ""bot"": ""gap"", ""bot_depth"": 5.0, ""bot_params"": {""margin_depth_ref"": 50.0}, ""face_h"": 60.0, ""face_w"": 60.0, ""margin_depths"": 2.0, ""seed"": 102, ""top"": ""shingle"", ""top_depth"": 45.0, ""top_params"": {""azimuth_mode"": ""grid"", ""jitter"": 0.3, ""pitch"": 5.5, ""plate_t_bot"": 0.1, ""plate_t_top"": 0.1, ""tilt_deg"": 2.0, ""tilt_jitter"": 0.0}}"
FL_bl100grid_gap_d50_s102,floor,shingle/gap,"sheet, grid",0.1,102,d00,bl100grid,shingle,5.5,0.1,45.0,gap,5.0,0.0,50.0,9.090909090909092,0.03044210510272572,20.0,0.0005819877842441201,0.04999997094273567,"{""backing"": 2.0, ""bot"": ""gap"", ""bot_depth"": 5.0, ""bot_params"": {""margin_depth_ref"": 50.0}, ""face_h"": 60.0, ""face_w"": 60.0, ""margin_depths"": 2.0, ""seed"": 102, ""top"": ""shingle"", ""top_depth"": 45.0, ""top_params"": {""azimuth_mode"": ""grid"", ""jitter"": 0.3, ""pitch"": 5.5, ""plate_t_bot"": 0.1, ""plate_t_top"": 0.1, ""tilt_deg"": 2.0, ""tilt_jitter"": 0.0}}"
FL_bl100grid_gap_d50_s102,floor,shingle/gap,"sheet, grid",0.1,102,d00,bl100grid,shingle,5.5,0.1,45.0,gap,5.0,0.0,50.0,9.090909090909092,0.03044210510272572,40.0,0.0005557200638577342,0.04999997094273567,"{""backing"": 2.0, ""bot"": ""gap"", ""bot_depth"": 5.0, ""bot_params"": {""margin_depth_ref"": 50.0}, ""face_h"": 60.0, ""face_w"": 60.0, ""margin_depths"": 2.0, ""seed"": 102, ""top"": ""shingle"", ""top_depth"": 45.0, ""top_params"": {""azimuth_mode"": ""grid"", ""jitter"": 0.3, ""pitch"": 5.5, ""plate_t_bot"": 0.1, ""plate_t_top"": 0.1, ""tilt_deg"": 2.0, ""tilt_jitter"": 0.0}}"
FL_bl100grid_gap_d50_s102,floor,shingle/gap,"sheet, grid",0.1,102,d76,bl100grid,shingle,5.5,0.1,45.0,gap,5.0,0.0,50.0,9.090909090909092,0.03044210510272572,0.0,0.0008222564356401563,0.04999997094273567,"{""backing"": 2.0, ""bot"": ""gap"", ""bot_depth"": 5.0, ""bot_params"": {""margin_depth_ref"": 50.0}, ""face_h"": 60.0, ""face_w"": 60.0, ""margin_depths"": 2.0, ""seed"": 102, ""top"": ""shingle"", ""top_depth"": 45.0, ""top_params"": {""azimuth_mode"": ""grid"", ""jitter"": 0.3, ""pitch"": 5.5, ""plate_t_bot"": 0.1, ""plate_t_top"": 0.1, ""tilt_deg"": 2.0, ""tilt_jitter"": 0.0}}"
FL_bl100grid_gap_d50_s102,floor,shingle/gap,"sheet, grid",0.1,102,d76,bl100grid,shingle,5.5,0.1,45.0,gap,5.0,0.0,50.0,9.090909090909092,0.03044210510272572,-20.0,0.0008538265828974545,0.04999997094273567,"{""backing"": 2.0, ""bot"": ""gap"", ""bot_depth"": 5.0, ""bot_params"": {""margin_depth_ref"": 50.0}, ""face_h"": 60.0, ""face_w"": 60.0, ""margin_depths"": 2.0, ""seed"": 102, ""top"": ""shingle"", ""top_depth"": 45.0, ""top_params"": {""azimuth_mode"": ""grid"", ""jitter"": 0.3, ""pitch"": 5.5, ""plate_t_bot"": 0.1, ""plate_t_top"": 0.1, ""tilt_deg"": 2.0, ""tilt_jitter"": 0.0}}"
FL_bl100grid_gap_d50_s102,floor,shingle/gap,"sheet, grid",0.1,102,d76,bl100grid,shingle,5.5,0.1,45.0,gap,5.0,0.0,50.0,9.090909090909092,0.03044210510272572,-40.0,0.0012588186655193567,0.04999997094273567,"{""backing"": 2.0, ""bot"": ""gap"", ""bot_depth"": 5.0, ""bot_params"": {""margin_depth_ref"": 50.0}, ""face_h"": 60.0, ""face_w"": 60.0, ""margin_depths"": 2.0, ""seed"": 102, ""top"": ""shingle"", ""top_depth"": 45.0, ""top_params"": {""azimuth_mode"": ""grid"", ""jitter"": 0.3, ""pitch"": 5.5, ""plate_t_bot"": 0.1, ""plate_t_top"": 0.1, ""tilt_deg"": 2.0, ""tilt_jitter"": 0.0}}"
FL_bl100grid_gap_d50_s102,floor,shingle/gap,"sheet, grid",0.1,102,d76,bl100grid,shingle,5.5,0.1,45.0,gap,5.0,0.0,50.0,9.090909090909092,0.03044210510272572,20.0,0.0009727268479764462,0.04999997094273567,"{""backing"": 2.0, ""bot"": ""gap"", ""bot_depth"": 5.0, ""bot_params"": {""margin_depth_ref"": 50.0}, ""face_h"": 60.0, ""face_w"": 60.0, ""margin_depths"": 2.0, ""seed"": 102, ""top"": ""shingle"", ""top_depth"": 45.0, ""top_params"": {""azimuth_mode"": ""grid"", ""jitter"": 0.3, ""pitch"": 5.5, ""plate_t_bot"": 0.1, ""plate_t_top"": 0.1, ""tilt_deg"": 2.0, ""tilt_jitter"": 0.0}}"
FL_bl100grid_gap_d50_s102,floor,shingle/gap,"sheet, grid",0.1,102,d76,bl100grid,shingle,5.5,0.1,45.0,gap,5.0,0.0,50.0,9.090909090909092,0.03044210510272572,40.0,0.0014791436260566115,0.04999997094273567,"{""backing"": 2.0, ""bot"": ""gap"", ""bot_depth"": 5.0, ""bot_params"": {""margin_depth_ref"": 50.0}, ""face_h"": 60.0, ""face_w"": 60.0, ""margin_depths"": 2.0, ""seed"": 102, ""top"": ""shingle"", ""top_depth"": 45.0, ""top_params"": {""azimuth_mode"": ""grid"", ""jitter"": 0.3, ""pitch"": 5.5, ""plate_t_bot"": 0.1, ""plate_t_top"": 0.1, ""tilt_deg"": 2.0, ""tilt_jitter"": 0.0}}"
FL_bl100grid_gap_d50_s102,floor,shingle/gap,"sheet, grid",0.1,102,d100,bl100grid,shingle,5.5,0.1,45.0,gap,5.0,0.0,50.0,9.090909090909092,0.03044210510272572,0.0,0.0005320782656781375,0.04999997094273567,"{""backing"": 2.0, ""bot"": ""gap"", ""bot_depth"": 5.0, ""bot_params"": {""margin_depth_ref"": 50.0}, ""face_h"": 60.0, ""face_w"": 60.0, ""margin_depths"": 2.0, ""seed"": 102, ""top"": ""shingle"", ""top_depth"": 45.0, ""top_params"": {""azimuth_mode"": ""grid"", ""jitter"": 0.3, ""pitch"": 5.5, ""plate_t_bot"": 0.1, ""plate_t_top"": 0.1, ""tilt_deg"": 2.0, ""tilt_jitter"": 0.0}}"
FL_bl100grid_gap_d50_s102,floor,shingle/gap,"sheet, grid",0.1,102,d100,bl100grid,shingle,5.5,0.1,45.0,gap,5.0,0.0,50.0,9.090909090909092,0.03044210510272572,-20.0,0.0009243529639206827,0.04999997094273567,"{""backing"": 2.0, ""bot"": ""gap"", ""bot_depth"": 5.0, ""bot_params"": {""margin_depth_ref"": 50.0}, ""face_h"": 60.0, ""face_w"": 60.0, ""margin_depths"": 2.0, ""seed"": 102, ""top"": ""shingle"", ""top_depth"": 45.0, ""top_params"": {""azimuth_mode"": ""grid"", ""jitter"": 0.3, ""pitch"": 5.5, ""plate_t_bot"": 0.1, ""plate_t_top"": 0.1, ""tilt_deg"": 2.0, ""tilt_jitter"": 0.0}}"
FL_bl100grid_gap_d50_s102,floor,shingle/gap,"sheet, grid",0.1,102,d100,bl100grid,shingle,5.5,0.1,45.0,gap,5.0,0.0,50.0,9.090909090909092,0.03044210510272572,-40.0,0.0014755906304344535,0.04999997094273567,"{""backing"": 2.0, ""bot"": ""gap"", ""bot_depth"": 5.0, ""bot_params"": {""margin_depth_ref"": 50.0}, ""face_h"": 60.0, ""face_w"": 60.0, ""margin_depths"": 2.0, ""seed"": 102, ""top"": ""shingle"", ""top_depth"": 45.0, ""top_params"": {""azimuth_mode"": ""grid"", ""jitter"": 0.3, ""pitch"": 5.5, ""plate_t_bot"": 0.1, ""plate_t_top"": 0.1, ""tilt_deg"": 2.0, ""tilt_jitter"": 0.0}}"
FL_bl100grid_gap_d50_s102,floor,shingle/gap,"sheet, grid",0.1,102,d100,bl100grid,shingle,5.5,0.1,45.0,gap,5.0,0.0,50.0,9.090909090909092,0.03044210510272572,20.0,0.0011104298755526543,0.04999997094273567,"{""backing"": 2.0, ""bot"": ""gap"", ""bot_depth"": 5.0, ""bot_params"": {""margin_depth_ref"": 50.0}, ""face_h"": 60.0, ""face_w"": 60.0, ""margin_depths"": 2.0, ""seed"": 102, ""top"": ""shingle"", ""top_depth"": 45.0, ""top_params"": {""azimuth_mode"": ""grid"", ""jitter"": 0.3, ""pitch"": 5.5, ""plate_t_bot"": 0.1, ""plate_t_top"": 0.1, ""tilt_deg"": 2.0, ""tilt_jitter"": 0.0}}"
FL_bl100grid_gap_d50_s102,floor,shingle/gap,"sheet, grid",0.1,102,d100,bl100grid,shingle,5.5,0.1,45.0,gap,5.0,0.0,50.0,9.090909090909092,0.03044210510272572,40.0,0.0017746257362887263,0.04999997094273567,"{""backing"": 2.0, ""bot"": ""gap"", ""bot_depth"": 5.0, ""bot_params"": {""margin_depth_ref"": 50.0}, ""face_h"": 60.0, ""face_w"": 60.0, ""margin_depths"": 2.0, ""seed"": 102, ""top"": ""shingle"", ""top_depth"": 45.0, ""top_params"": {""azimuth_mode"": ""grid"", ""jitter"": 0.3, ""pitch"": 5.5, ""plate_t_bot"": 0.1, ""plate_t_top"": 0.1, ""tilt_deg"": 2.0, ""tilt_jitter"": 0.0}}"
