tag,diffuse_frac,power,bulge,lip,pitch,depth,aspect,seal_frac,theta,rho,control
P050_B00_L00_p0375_d20,d00,0.5,0.0,0.0,3.75,20.0,5.333333333333333,0.521,0.0,0.0032229151111096144,0.0498015321791172
P050_B00_L00_p0375_d20,d00,0.5,0.0,0.0,3.75,20.0,5.333333333333333,0.521,-20.0,0.004056536592543125,0.04979231581091881
P050_B00_L00_p0375_d20,d00,0.5,0.0,0.0,3.75,20.0,5.333333333333333,0.521,-40.0,0.005136870313435793,0.05000157281756401
P050_B00_L00_p0375_d20,d00,0.5,0.0,0.0,3.75,20.0,5.333333333333333,0.521,20.0,0.004148941952735186,0.049795813858509064
P050_B00_L00_p0375_d20,d00,0.5,0.0,0.0,3.75,20.0,5.333333333333333,0.521,40.0,0.005134551320225,0.05000453069806099
P050_B00_L00_p0375_d20,d76,0.5,0.0,0.0,3.75,20.0,5.333333333333333,0.521,0.0,0.002630212577059865,0.04979345574975014
P050_B00_L00_p0375_d20,d76,0.5,0.0,0.0,3.75,20.0,5.333333333333333,0.521,-20.0,0.002923977328464389,0.04978305101394653
P050_B00_L00_p0375_d20,d76,0.5,0.0,0.0,3.75,20.0,5.333333333333333,0.521,-40.0,0.00366991083137691,0.04983878880739212
P050_B00_L00_p0375_d20,d76,0.5,0.0,0.0,3.75,20.0,5.333333333333333,0.521,20.0,0.0029395988676697016,0.04978630319237709
P050_B00_L00_p0375_d20,d76,0.5,0.0,0.0,3.75,20.0,5.333333333333333,0.521,40.0,0.0036339520011097193,0.04983610287308693
P050_B00_L00_p0375_d20,d100,0.5,0.0,0.0,3.75,20.0,5.333333333333333,0.521,0.0,0.0027047223411500454,0.04979128763079643
P050_B00_L00_p0375_d20,d100,0.5,0.0,0.0,3.75,20.0,5.333333333333333,0.521,-20.0,0.002922255313023925,0.04977988079190254
P050_B00_L00_p0375_d20,d100,0.5,0.0,0.0,3.75,20.0,5.333333333333333,0.521,-40.0,0.003541555255651474,0.0497872494161129
P050_B00_L00_p0375_d20,d100,0.5,0.0,0.0,3.75,20.0,5.333333333333333,0.521,20.0,0.0029383718501776457,0.049782976508140564
P050_B00_L00_p0375_d20,d100,0.5,0.0,0.0,3.75,20.0,5.333333333333333,0.521,40.0,0.0035190056078135967,0.049782563000917435
P050_B00_L00_p0375_d30,d00,0.5,0.0,0.0,3.75,30.0,8.0,0.521,0.0,0.0024763739202171564,0.049681056290864944
P050_B00_L00_p0375_d30,d00,0.5,0.0,0.0,3.75,30.0,8.0,0.521,-20.0,0.0023284871131181717,0.049653951078653336
P050_B00_L00_p0375_d30,d00,0.5,0.0,0.0,3.75,30.0,8.0,0.521,-40.0,0.0035473150201141834,0.05000783130526543
P050_B00_L00_p0375_d30,d00,0.5,0.0,0.0,3.75,30.0,8.0,0.521,20.0,0.002387048676609993,0.049655813723802567
P050_B00_L00_p0375_d30,d00,0.5,0.0,0.0,3.75,30.0,8.0,0.521,40.0,0.00353438314050436,0.05001034215092659
P050_B00_L00_p0375_d30,d76,0.5,0.0,0.0,3.75,30.0,8.0,0.521,0.0,0.0019682259298861027,0.049669817090034485
P050_B00_L00_p0375_d30,d76,0.5,0.0,0.0,3.75,30.0,8.0,0.521,-20.0,0.002156586153432727,0.0496399849653244
P050_B00_L00_p0375_d30,d76,0.5,0.0,0.0,3.75,30.0,8.0,0.521,-40.0,0.0029779206961393356,0.049721941351890564
P050_B00_L00_p0375_d30,d76,0.5,0.0,0.0,3.75,30.0,8.0,0.521,20.0,0.002197371795773506,0.04964114725589752
P050_B00_L00_p0375_d30,d76,0.5,0.0,0.0,3.75,30.0,8.0,0.521,40.0,0.003017356852069497,0.049731072038412094
P050_B00_L00_p0375_d30,d100,0.5,0.0,0.0,3.75,30.0,8.0,0.521,0.0,0.002018825151026249,0.04966651275753975
P050_B00_L00_p0375_d30,d100,0.5,0.0,0.0,3.75,30.0,8.0,0.521,-20.0,0.002311596879735589,0.04963579401373863
P050_B00_L00_p0375_d30,d100,0.5,0.0,0.0,3.75,30.0,8.0,0.521,-40.0,0.003057499649003148,0.049633290618658066
P050_B00_L00_p0375_d30,d100,0.5,0.0,0.0,3.75,30.0,8.0,0.521,20.0,0.0023515052162110806,0.04963640868663788
P050_B00_L00_p0375_d30,d100,0.5,0.0,0.0,3.75,30.0,8.0,0.521,40.0,0.003099297871813178,0.04964027553796768
P050_B00_L00_p0375_d40,d00,0.5,0.0,0.0,3.75,40.0,10.666666666666666,0.521,0.0,0.0021515970584005117,0.04968637228012085
P050_B00_L00_p0375_d40,d00,0.5,0.0,0.0,3.75,40.0,10.666666666666666,0.521,-20.0,0.0019620570819824934,0.04966241866350174
P050_B00_L00_p0375_d40,d00,0.5,0.0,0.0,3.75,40.0,10.666666666666666,0.521,-40.0,0.002826215699315071,0.05000154674053192
P050_B00_L00_p0375_d40,d00,0.5,0.0,0.0,3.75,40.0,10.666666666666666,0.521,20.0,0.0019429047824814916,0.04966188594698906
P050_B00_L00_p0375_d40,d00,0.5,0.0,0.0,3.75,40.0,10.666666666666666,0.521,40.0,0.0028435506392270327,0.050000227987766266
P050_B00_L00_p0375_d40,d76,0.5,0.0,0.0,3.75,40.0,10.666666666666666,0.521,0.0,0.0016428999369964004,0.04967445507645607
P050_B00_L00_p0375_d40,d76,0.5,0.0,0.0,3.75,40.0,10.666666666666666,0.521,-20.0,0.0018810408655554056,0.04964786395430565
P050_B00_L00_p0375_d40,d76,0.5,0.0,0.0,3.75,40.0,10.666666666666666,0.521,-40.0,0.0026555261574685574,0.04973229020833969
P050_B00_L00_p0375_d40,d76,0.5,0.0,0.0,3.75,40.0,10.666666666666666,0.521,20.0,0.0018896313849836588,0.0496460497379303
P050_B00_L00_p0375_d40,d76,0.5,0.0,0.0,3.75,40.0,10.666666666666666,0.521,40.0,0.0026686834171414375,0.04973403736948967
P050_B00_L00_p0375_d40,d100,0.5,0.0,0.0,3.75,40.0,10.666666666666666,0.521,0.0,0.0016320741269737482,0.04967156797647476
P050_B00_L00_p0375_d40,d100,0.5,0.0,0.0,3.75,40.0,10.666666666666666,0.521,-20.0,0.002031137701123953,0.049643080681562424
P050_B00_L00_p0375_d40,d100,0.5,0.0,0.0,3.75,40.0,10.666666666666666,0.521,-40.0,0.0028060926124453545,0.04964707791805267
P050_B00_L00_p0375_d40,d100,0.5,0.0,0.0,3.75,40.0,10.666666666666666,0.521,20.0,0.002039531012997031,0.04964121803641319
P050_B00_L00_p0375_d40,d100,0.5,0.0,0.0,3.75,40.0,10.666666666666666,0.521,40.0,0.002784684533253312,0.04964979365468025
P050_B00_L00_p0375_d50,d00,0.5,0.0,0.0,3.75,50.0,13.333333333333334,0.521,0.0,0.002086468506604433,0.049684204161167145
P050_B00_L00_p0375_d50,d00,0.5,0.0,0.0,3.75,50.0,13.333333333333334,0.521,-20.0,0.0017924450803548098,0.04965963959693909
P050_B00_L00_p0375_d50,d00,0.5,0.0,0.0,3.75,50.0,13.333333333333334,0.521,-40.0,0.0028641035314649343,0.049993809312582016
P050_B00_L00_p0375_d50,d00,0.5,0.0,0.0,3.75,50.0,13.333333333333334,0.521,20.0,0.001735942205414176,0.04965685307979584
P050_B00_L00_p0375_d50,d00,0.5,0.0,0.0,3.75,50.0,13.333333333333334,0.521,40.0,0.0028567216359078884,0.05000469461083412
P050_B00_L00_p0375_d50,d76,0.5,0.0,0.0,3.75,50.0,13.333333333333334,0.521,0.0,0.0014868923462927341,0.04967328533530235
P050_B00_L00_p0375_d50,d76,0.5,0.0,0.0,3.75,50.0,13.333333333333334,0.521,-20.0,0.0017518082167953253,0.04964529722929001
P050_B00_L00_p0375_d50,d76,0.5,0.0,0.0,3.75,50.0,13.333333333333334,0.521,-40.0,0.0025498969480395317,0.04971923679113388
P050_B00_L00_p0375_d50,d76,0.5,0.0,0.0,3.75,50.0,13.333333333333334,0.521,20.0,0.0017267139628529549,0.04964282363653183
P050_B00_L00_p0375_d50,d76,0.5,0.0,0.0,3.75,50.0,13.333333333333334,0.521,40.0,0.002579979132860899,0.04972415044903755
P050_B00_L00_p0375_d50,d100,0.5,0.0,0.0,3.75,50.0,13.333333333333334,0.521,0.0,0.0014274765271693468,0.049670323729515076
P050_B00_L00_p0375_d50,d100,0.5,0.0,0.0,3.75,50.0,13.333333333333334,0.521,-20.0,0.001902998541481793,0.049640920013189316
P050_B00_L00_p0375_d50,d100,0.5,0.0,0.0,3.75,50.0,13.333333333333334,0.521,-40.0,0.002669829875230789,0.04963662847876549
P050_B00_L00_p0375_d50,d100,0.5,0.0,0.0,3.75,50.0,13.333333333333334,0.521,20.0,0.0018656824249774218,0.049637697637081146
P050_B00_L00_p0375_d50,d100,0.5,0.0,0.0,3.75,50.0,13.333333333333334,0.521,40.0,0.0026413090527057648,0.049638908356428146
P050_B00_L00_p0550_d20,d00,0.5,0.0,0.0,5.5,20.0,3.6363636363636362,0.521,0.0,0.0068831779062747955,0.049905359745025635
P050_B00_L00_p0550_d20,d00,0.5,0.0,0.0,5.5,20.0,3.6363636363636362,0.521,-20.0,0.006699443329125643,0.04990342631936073
P050_B00_L00_p0550_d20,d00,0.5,0.0,0.0,5.5,20.0,3.6363636363636362,0.521,-40.0,0.008595854043960571,0.05000055581331253
P050_B00_L00_p0550_d20,d00,0.5,0.0,0.0,5.5,20.0,3.6363636363636362,0.521,20.0,0.006837193388491869,0.04990450292825699
P050_B00_L00_p0550_d20,d00,0.5,0.0,0.0,5.5,20.0,3.6363636363636362,0.521,40.0,0.008618752472102642,0.049999337643384933
P050_B00_L00_p0550_d20,d76,0.5,0.0,0.0,5.5,20.0,3.6363636363636362,0.521,0.0,0.0037434352561831474,0.04990111291408539
P050_B00_L00_p0550_d20,d76,0.5,0.0,0.0,5.5,20.0,3.6363636363636362,0.521,-20.0,0.0038156905211508274,0.049899470061063766
P050_B00_L00_p0550_d20,d76,0.5,0.0,0.0,5.5,20.0,3.6363636363636362,0.521,-40.0,0.004722419194877148,0.049919236451387405
P050_B00_L00_p0550_d20,d76,0.5,0.0,0.0,5.5,20.0,3.6363636363636362,0.521,20.0,0.003849178086966276,0.049900542944669724
P050_B00_L00_p0550_d20,d76,0.5,0.0,0.0,5.5,20.0,3.6363636363636362,0.521,40.0,0.0047243013978004456,0.049914177507162094
P050_B00_L00_p0550_d20,d100,0.5,0.0,0.0,5.5,20.0,3.6363636363636362,0.521,0.0,0.0033521573059260845,0.04989994689822197
P050_B00_L00_p0550_d20,d100,0.5,0.0,0.0,5.5,20.0,3.6363636363636362,0.521,-20.0,0.00347103807143867,0.04989839717745781
P050_B00_L00_p0550_d20,d100,0.5,0.0,0.0,5.5,20.0,3.6363636363636362,0.521,-40.0,0.003989589866250753,0.049892961978912354
P050_B00_L00_p0550_d20,d100,0.5,0.0,0.0,5.5,20.0,3.6363636363636362,0.521,20.0,0.003442085115239024,0.04989934340119362
P050_B00_L00_p0550_d20,d100,0.5,0.0,0.0,5.5,20.0,3.6363636363636362,0.521,40.0,0.003930993378162384,0.04988744482398033
P050_B00_L00_p0550_d30,d00,0.5,0.0,0.0,5.5,30.0,5.454545454545454,0.521,0.0,0.0031603670213371515,0.04985285922884941
P050_B00_L00_p0550_d30,d00,0.5,0.0,0.0,5.5,30.0,5.454545454545454,0.521,-20.0,0.004007886629551649,0.04984850063920021
P050_B00_L00_p0550_d30,d00,0.5,0.0,0.0,5.5,30.0,5.454545454545454,0.521,-40.0,0.004881661385297775,0.04999479651451111
P050_B00_L00_p0550_d30,d00,0.5,0.0,0.0,5.5,30.0,5.454545454545454,0.521,20.0,0.003905633697286248,0.04984947293996811
P050_B00_L00_p0550_d30,d00,0.5,0.0,0.0,5.5,30.0,5.454545454545454,0.521,40.0,0.004758072085678577,0.04999757930636406
P050_B00_L00_p0550_d30,d76,0.5,0.0,0.0,5.5,30.0,5.454545454545454,0.521,0.0,0.002531463047489524,0.04984733462333679
P050_B00_L00_p0550_d30,d76,0.5,0.0,0.0,5.5,30.0,5.454545454545454,0.521,-20.0,0.002865541260689497,0.04984279349446297
P050_B00_L00_p0550_d30,d76,0.5,0.0,0.0,5.5,30.0,5.454545454545454,0.521,-40.0,0.003540575038641691,0.04986855760216713
P050_B00_L00_p0550_d30,d76,0.5,0.0,0.0,5.5,30.0,5.454545454545454,0.521,20.0,0.002810860052704811,0.04984332621097565
P050_B00_L00_p0550_d30,d76,0.5,0.0,0.0,5.5,30.0,5.454545454545454,0.521,40.0,0.0034485405776649714,0.049870651215314865
P050_B00_L00_p0550_d30,d100,0.5,0.0,0.0,5.5,30.0,5.454545454545454,0.521,0.0,0.0025713597424328327,0.049845464527606964
P050_B00_L00_p0550_d30,d100,0.5,0.0,0.0,5.5,30.0,5.454545454545454,0.521,-20.0,0.002852689241990447,0.04984084516763687
P050_B00_L00_p0550_d30,d100,0.5,0.0,0.0,5.5,30.0,5.454545454545454,0.521,-40.0,0.003495825221762061,0.04982888326048851
P050_B00_L00_p0550_d30,d100,0.5,0.0,0.0,5.5,30.0,5.454545454545454,0.521,20.0,0.002801350550726056,0.049841269850730896
P050_B00_L00_p0550_d30,d100,0.5,0.0,0.0,5.5,30.0,5.454545454545454,0.521,40.0,0.00342931249178946,0.04983055219054222
P050_B00_L00_p0550_d40,d00,0.5,0.0,0.0,5.5,40.0,7.2727272727272725,0.521,0.0,0.002469461876899004,0.04985496401786804
P050_B00_L00_p0550_d40,d00,0.5,0.0,0.0,5.5,40.0,7.2727272727272725,0.521,-20.0,0.0026111153420060873,0.04984332248568535
P050_B00_L00_p0550_d40,d00,0.5,0.0,0.0,5.5,40.0,7.2727272727272725,0.521,-40.0,0.0038171985652297735,0.04999565705657005
P050_B00_L00_p0550_d40,d00,0.5,0.0,0.0,5.5,40.0,7.2727272727272725,0.521,20.0,0.0024245548993349075,0.049845919013023376
P050_B00_L00_p0550_d40,d00,0.5,0.0,0.0,5.5,40.0,7.2727272727272725,0.521,40.0,0.003658996894955635,0.05000469833612442
P050_B00_L00_p0550_d40,d76,0.5,0.0,0.0,5.5,40.0,7.2727272727272725,0.521,0.0,0.002046070294454694,0.04984968528151512
P050_B00_L00_p0550_d40,d76,0.5,0.0,0.0,5.5,40.0,7.2727272727272725,0.521,-20.0,0.0023128879256546497,0.04983696714043617
P050_B00_L00_p0550_d40,d76,0.5,0.0,0.0,5.5,40.0,7.2727272727272725,0.521,-40.0,0.003052657702937722,0.04987335577607155
P050_B00_L00_p0550_d40,d76,0.5,0.0,0.0,5.5,40.0,7.2727272727272725,0.521,20.0,0.0022095481399446726,0.049839768558740616
P050_B00_L00_p0550_d40,d76,0.5,0.0,0.0,5.5,40.0,7.2727272727272725,0.521,40.0,0.0030182877089828253,0.049871768802404404
P050_B00_L00_p0550_d40,d100,0.5,0.0,0.0,5.5,40.0,7.2727272727272725,0.521,0.0,0.0020981072448194027,0.0498480461537838
P050_B00_L00_p0550_d40,d100,0.5,0.0,0.0,5.5,40.0,7.2727272727272725,0.521,-20.0,0.0024194468278437853,0.04983426257967949
P050_B00_L00_p0550_d40,d100,0.5,0.0,0.0,5.5,40.0,7.2727272727272725,0.521,-40.0,0.003118839580565691,0.049835242331027985
P050_B00_L00_p0550_d40,d100,0.5,0.0,0.0,5.5,40.0,7.2727272727272725,0.521,20.0,0.002324312925338745,0.04983724281191826
P050_B00_L00_p0550_d40,d100,0.5,0.0,0.0,5.5,40.0,7.2727272727272725,0.521,40.0,0.0030575513374060392,0.04982924833893776
P050_B00_L00_p0550_d50,d00,0.5,0.0,0.0,5.5,50.0,9.090909090909092,0.521,0.0,0.0022832241374999285,0.049849942326545715
P050_B00_L00_p0550_d50,d00,0.5,0.0,0.0,5.5,50.0,9.090909090909092,0.521,-20.0,0.002123709535226226,0.049845799803733826
P050_B00_L00_p0550_d50,d00,0.5,0.0,0.0,5.5,50.0,9.090909090909092,0.521,-40.0,0.0028241907712072134,0.050009194761514664
P050_B00_L00_p0550_d50,d00,0.5,0.0,0.0,5.5,50.0,9.090909090909092,0.521,20.0,0.0020847669802606106,0.049847934395074844
P050_B00_L00_p0550_d50,d00,0.5,0.0,0.0,5.5,50.0,9.090909090909092,0.521,40.0,0.0027789243031293154,0.049999602138996124
P050_B00_L00_p0550_d50,d76,0.5,0.0,0.0,5.5,50.0,9.090909090909092,0.521,0.0,0.0017810050630941987,0.049844708293676376
P050_B00_L00_p0550_d50,d76,0.5,0.0,0.0,5.5,50.0,9.090909090909092,0.521,-20.0,0.001995934871956706,0.04983938857913017
P050_B00_L00_p0550_d50,d76,0.5,0.0,0.0,5.5,50.0,9.090909090909092,0.521,-40.0,0.0027396671939641237,0.0498715341091156
P050_B00_L00_p0550_d50,d76,0.5,0.0,0.0,5.5,50.0,9.090909090909092,0.521,20.0,0.0019884223584085703,0.04984091967344284
P050_B00_L00_p0550_d50,d76,0.5,0.0,0.0,5.5,50.0,9.090909090909092,0.521,40.0,0.0026738534215837717,0.04987545683979988
P050_B00_L00_p0550_d50,d100,0.5,0.0,0.0,5.5,50.0,9.090909090909092,0.521,0.0,0.0017937528900802135,0.04984303191304207
P050_B00_L00_p0550_d50,d100,0.5,0.0,0.0,5.5,50.0,9.090909090909092,0.521,-20.0,0.0021592455450445414,0.049837373197078705
P050_B00_L00_p0550_d50,d100,0.5,0.0,0.0,5.5,50.0,9.090909090909092,0.521,-40.0,0.002908861730247736,0.049828626215457916
P050_B00_L00_p0550_d50,d100,0.5,0.0,0.0,5.5,50.0,9.090909090909092,0.521,20.0,0.0021378465462476015,0.04983898252248764
P050_B00_L00_p0550_d50,d100,0.5,0.0,0.0,5.5,50.0,9.090909090909092,0.521,40.0,0.002856238279491663,0.049834661185741425
P050_B00_L00_p0750_d20,d00,0.5,0.0,0.0,7.5,20.0,2.6666666666666665,0.521,0.0,0.028883522376418114,0.04995973780751228
P050_B00_L00_p0750_d20,d00,0.5,0.0,0.0,7.5,20.0,2.6666666666666665,0.521,-20.0,0.01351180486381054,0.04995772987604141
P050_B00_L00_p0750_d20,d00,0.5,0.0,0.0,7.5,20.0,2.6666666666666665,0.521,-40.0,0.016740379855036736,0.049999795854091644
P050_B00_L00_p0750_d20,d00,0.5,0.0,0.0,7.5,20.0,2.6666666666666665,0.521,20.0,0.013288434594869614,0.0499577596783638
P050_B00_L00_p0750_d20,d00,0.5,0.0,0.0,7.5,20.0,2.6666666666666665,0.521,40.0,0.01623084396123886,0.04999961704015732
P050_B00_L00_p0750_d20,d76,0.5,0.0,0.0,7.5,20.0,2.6666666666666665,0.521,0.0,0.008840770460665226,0.04995853453874588
P050_B00_L00_p0750_d20,d76,0.5,0.0,0.0,7.5,20.0,2.6666666666666665,0.521,-20.0,0.005842996761202812,0.049955904483795166
P050_B00_L00_p0750_d20,d76,0.5,0.0,0.0,7.5,20.0,2.6666666666666665,0.521,-40.0,0.007074650377035141,0.04996725544333458
P050_B00_L00_p0750_d20,d76,0.5,0.0,0.0,7.5,20.0,2.6666666666666665,0.521,20.0,0.005777499172836542,0.04995623603463173
P050_B00_L00_p0750_d20,d76,0.5,0.0,0.0,7.5,20.0,2.6666666666666665,0.521,40.0,0.006941463332623243,0.049966853111982346
P050_B00_L00_p0750_d20,d100,0.5,0.0,0.0,7.5,20.0,2.6666666666666665,0.521,0.0,0.004174740053713322,0.04995805397629738
P050_B00_L00_p0750_d20,d100,0.5,0.0,0.0,7.5,20.0,2.6666666666666665,0.521,-20.0,0.00427576620131731,0.049955103546381
P050_B00_L00_p0750_d20,d100,0.5,0.0,0.0,7.5,20.0,2.6666666666666665,0.521,-40.0,0.004672044888138771,0.049956824630498886
P050_B00_L00_p0750_d20,d100,0.5,0.0,0.0,7.5,20.0,2.6666666666666665,0.521,20.0,0.00424750242382288,0.04995568096637726
P050_B00_L00_p0750_d20,d100,0.5,0.0,0.0,7.5,20.0,2.6666666666666665,0.521,40.0,0.004617016762495041,0.049956146627664566
P050_B00_L00_p0750_d30,d00,0.5,0.0,0.0,7.5,30.0,4.0,0.521,0.0,0.005199148785322905,0.049919493496418
P050_B00_L00_p0750_d30,d00,0.5,0.0,0.0,7.5,30.0,4.0,0.521,-20.0,0.005964336451143026,0.049914244562387466
P050_B00_L00_p0750_d30,d00,0.5,0.0,0.0,7.5,30.0,4.0,0.521,-40.0,0.007743409834802151,0.04999953880906105
P050_B00_L00_p0750_d30,d00,0.5,0.0,0.0,7.5,30.0,4.0,0.521,20.0,0.006252847611904144,0.04991474002599716
P050_B00_L00_p0750_d30,d00,0.5,0.0,0.0,7.5,30.0,4.0,0.521,40.0,0.00843140110373497,0.04999703913927078
P050_B00_L00_p0750_d30,d76,0.5,0.0,0.0,7.5,30.0,4.0,0.521,0.0,0.003284220350906253,0.04991655424237251
P050_B00_L00_p0750_d30,d76,0.5,0.0,0.0,7.5,30.0,4.0,0.521,-20.0,0.003569459542632103,0.04991071671247482
P050_B00_L00_p0750_d30,d76,0.5,0.0,0.0,7.5,30.0,4.0,0.521,-40.0,0.004431975074112415,0.04993215575814247
P050_B00_L00_p0750_d30,d76,0.5,0.0,0.0,7.5,30.0,4.0,0.521,20.0,0.0037337944377213717,0.04991096258163452
P050_B00_L00_p0750_d30,d76,0.5,0.0,0.0,7.5,30.0,4.0,0.521,40.0,0.00467632757499814,0.04993082955479622
P050_B00_L00_p0750_d30,d100,0.5,0.0,0.0,7.5,30.0,4.0,0.521,0.0,0.0031330385245382786,0.04991554841399193
P050_B00_L00_p0750_d30,d100,0.5,0.0,0.0,7.5,30.0,4.0,0.521,-20.0,0.0032825563102960587,0.04990953579545021
P050_B00_L00_p0750_d30,d100,0.5,0.0,0.0,7.5,30.0,4.0,0.521,-40.0,0.003847596002742648,0.049911126494407654
P050_B00_L00_p0750_d30,d100,0.5,0.0,0.0,7.5,30.0,4.0,0.521,20.0,0.0034264407586306334,0.049909744411706924
P050_B00_L00_p0750_d30,d100,0.5,0.0,0.0,7.5,30.0,4.0,0.521,40.0,0.003955927211791277,0.049910031259059906
P050_B00_L00_p0750_d40,d00,0.5,0.0,0.0,7.5,40.0,5.333333333333333,0.521,0.0,0.003004674334079027,0.049920760095119476
P050_B00_L00_p0750_d40,d00,0.5,0.0,0.0,7.5,40.0,5.333333333333333,0.521,-20.0,0.00401389179751277,0.04991691932082176
P050_B00_L00_p0750_d40,d00,0.5,0.0,0.0,7.5,40.0,5.333333333333333,0.521,-40.0,0.004696008749306202,0.05000355467200279
P050_B00_L00_p0750_d40,d00,0.5,0.0,0.0,7.5,40.0,5.333333333333333,0.521,20.0,0.0038364813663065434,0.04991715028882027
P050_B00_L00_p0750_d40,d00,0.5,0.0,0.0,7.5,40.0,5.333333333333333,0.521,40.0,0.004492003936320543,0.050001051276922226
P050_B00_L00_p0750_d40,d76,0.5,0.0,0.0,7.5,40.0,5.333333333333333,0.521,0.0,0.0023504882119596004,0.049918100237846375
P050_B00_L00_p0750_d40,d76,0.5,0.0,0.0,7.5,40.0,5.333333333333333,0.521,-20.0,0.0027614212594926357,0.049913447350263596
P050_B00_L00_p0750_d40,d76,0.5,0.0,0.0,7.5,40.0,5.333333333333333,0.521,-40.0,0.00343704828992486,0.04993201047182083
P050_B00_L00_p0750_d40,d76,0.5,0.0,0.0,7.5,40.0,5.333333333333333,0.521,20.0,0.002679216442629695,0.04991370439529419
P050_B00_L00_p0750_d40,d76,0.5,0.0,0.0,7.5,40.0,5.333333333333333,0.521,40.0,0.003320155432447791,0.049932122230529785
P050_B00_L00_p0750_d40,d100,0.5,0.0,0.0,7.5,40.0,5.333333333333333,0.521,0.0,0.0023742541670799255,0.049917060881853104
P050_B00_L00_p0750_d40,d100,0.5,0.0,0.0,7.5,40.0,5.333333333333333,0.521,-20.0,0.002713581547141075,0.049912191927433014
P050_B00_L00_p0750_d40,d100,0.5,0.0,0.0,7.5,40.0,5.333333333333333,0.521,-40.0,0.0033740191720426083,0.04991054907441139
P050_B00_L00_p0750_d40,d100,0.5,0.0,0.0,7.5,40.0,5.333333333333333,0.521,20.0,0.002659171586856246,0.049912773072719574
P050_B00_L00_p0750_d40,d100,0.5,0.0,0.0,7.5,40.0,5.333333333333333,0.521,40.0,0.003281218698248267,0.04991024360060692
P050_B00_L00_p0750_d50,d00,0.5,0.0,0.0,7.5,50.0,6.666666666666667,0.521,0.0,0.002619784325361252,0.049913421273231506
P050_B00_L00_p0750_d50,d00,0.5,0.0,0.0,7.5,50.0,6.666666666666667,0.521,-20.0,0.0028193595353513956,0.04990344122052193
P050_B00_L00_p0750_d50,d00,0.5,0.0,0.0,7.5,50.0,6.666666666666667,0.521,-40.0,0.0034954827278852463,0.05000114068388939
P050_B00_L00_p0750_d50,d00,0.5,0.0,0.0,7.5,50.0,6.666666666666667,0.521,20.0,0.0026912353932857513,0.049903787672519684
P050_B00_L00_p0750_d50,d00,0.5,0.0,0.0,7.5,50.0,6.666666666666667,0.521,40.0,0.0033143777400255203,0.05000196769833565
P050_B00_L00_p0750_d50,d76,0.5,0.0,0.0,7.5,50.0,6.666666666666667,0.521,0.0,0.0021082195453345776,0.04991026222705841
P050_B00_L00_p0750_d50,d76,0.5,0.0,0.0,7.5,50.0,6.666666666666667,0.521,-20.0,0.0023933835327625275,0.049898386001586914
P050_B00_L00_p0750_d50,d76,0.5,0.0,0.0,7.5,50.0,6.666666666666667,0.521,-40.0,0.003044148674234748,0.04992646351456642
P050_B00_L00_p0750_d50,d76,0.5,0.0,0.0,7.5,50.0,6.666666666666667,0.521,20.0,0.0023232796229422092,0.049899809062480927
P050_B00_L00_p0750_d50,d76,0.5,0.0,0.0,7.5,50.0,6.666666666666667,0.521,40.0,0.002970385132357478,0.04992539435625076
P050_B00_L00_p0750_d50,d100,0.5,0.0,0.0,7.5,50.0,6.666666666666667,0.521,0.0,0.0021500778384506702,0.04990965873003006
P050_B00_L00_p0750_d50,d100,0.5,0.0,0.0,7.5,50.0,6.666666666666667,0.521,-20.0,0.0024964793119579554,0.04989706352353096
P050_B00_L00_p0750_d50,d100,0.5,0.0,0.0,7.5,50.0,6.666666666666667,0.521,-40.0,0.003171241143718362,0.04990227520465851
P050_B00_L00_p0750_d50,d100,0.5,0.0,0.0,7.5,50.0,6.666666666666667,0.521,20.0,0.0024262273218482733,0.04989847168326378
P050_B00_L00_p0750_d50,d100,0.5,0.0,0.0,7.5,50.0,6.666666666666667,0.521,40.0,0.0031284617725759745,0.049900926649570465
P050_B00_L00_p1100_d20,d00,0.5,0.0,0.0,11.0,20.0,1.8181818181818181,0.521,0.0,0.008837293833494186,0.04997323080897331
P050_B00_L00_p1100_d20,d00,0.5,0.0,0.0,11.0,20.0,1.8181818181818181,0.521,-20.0,0.023575324565172195,0.04997199401259422
P050_B00_L00_p1100_d20,d00,0.5,0.0,0.0,11.0,20.0,1.8181818181818181,0.521,-40.0,0.023504454642534256,0.04999908432364464
P050_B00_L00_p1100_d20,d00,0.5,0.0,0.0,11.0,20.0,1.8181818181818181,0.521,20.0,0.024256695061922073,0.049971260130405426
P050_B00_L00_p1100_d20,d00,0.5,0.0,0.0,11.0,20.0,1.8181818181818181,0.521,40.0,0.022601107135415077,0.05000055581331253
P050_B00_L00_p1100_d20,d76,0.5,0.0,0.0,11.0,20.0,1.8181818181818181,0.521,0.0,0.005723632872104645,0.04997242987155914
P050_B00_L00_p1100_d20,d76,0.5,0.0,0.0,11.0,20.0,1.8181818181818181,0.521,-20.0,0.008917871862649918,0.04997086524963379
P050_B00_L00_p1100_d20,d76,0.5,0.0,0.0,11.0,20.0,1.8181818181818181,0.521,-40.0,0.00893994141370058,0.049977052956819534
P050_B00_L00_p1100_d20,d76,0.5,0.0,0.0,11.0,20.0,1.8181818181818181,0.521,20.0,0.0090074073523283,0.04997016116976738
P050_B00_L00_p1100_d20,d76,0.5,0.0,0.0,11.0,20.0,1.8181818181818181,0.521,40.0,0.008753224276006222,0.04997754842042923
P050_B00_L00_p1100_d20,d100,0.5,0.0,0.0,11.0,20.0,1.8181818181818181,0.521,0.0,0.005281489808112383,0.04997202381491661
P050_B00_L00_p1100_d20,d100,0.5,0.0,0.0,11.0,20.0,1.8181818181818181,0.521,-20.0,0.0052191149443387985,0.0499705970287323
P050_B00_L00_p1100_d20,d100,0.5,0.0,0.0,11.0,20.0,1.8181818181818181,0.521,-40.0,0.005413851235061884,0.049970827996730804
P050_B00_L00_p1100_d20,d100,0.5,0.0,0.0,11.0,20.0,1.8181818181818181,0.521,20.0,0.0051792641170322895,0.049969933927059174
P050_B00_L00_p1100_d20,d100,0.5,0.0,0.0,11.0,20.0,1.8181818181818181,0.521,40.0,0.0054073878563940525,0.04997030273079872
P050_B00_L00_p1100_d30,d00,0.5,0.0,0.0,11.0,30.0,2.727272727272727,0.521,0.0,0.029223304241895676,0.04995158314704895
P050_B00_L00_p1100_d30,d00,0.5,0.0,0.0,11.0,30.0,2.727272727272727,0.521,-20.0,0.013556241057813168,0.049952518194913864
P050_B00_L00_p1100_d30,d00,0.5,0.0,0.0,11.0,30.0,2.727272727272727,0.521,-40.0,0.017365017905831337,0.04999834671616554
P050_B00_L00_p1100_d30,d00,0.5,0.0,0.0,11.0,30.0,2.727272727272727,0.521,20.0,0.012799759395420551,0.04995353892445564
P050_B00_L00_p1100_d30,d00,0.5,0.0,0.0,11.0,30.0,2.727272727272727,0.521,40.0,0.015736950561404228,0.04999902844429016
P050_B00_L00_p1100_d30,d76,0.5,0.0,0.0,11.0,30.0,2.727272727272727,0.521,0.0,0.00890054926276207,0.04995017871260643
P050_B00_L00_p1100_d30,d76,0.5,0.0,0.0,11.0,30.0,2.727272727272727,0.521,-20.0,0.0059143127873539925,0.04995061084628105
P050_B00_L00_p1100_d30,d76,0.5,0.0,0.0,11.0,30.0,2.727272727272727,0.521,-40.0,0.007262616418302059,0.04995855689048767
P050_B00_L00_p1100_d30,d76,0.5,0.0,0.0,11.0,30.0,2.727272727272727,0.521,20.0,0.005539416801184416,0.04995184391736984
P050_B00_L00_p1100_d30,d76,0.5,0.0,0.0,11.0,30.0,2.727272727272727,0.521,40.0,0.006747042294591665,0.049958448857069016
P050_B00_L00_p1100_d30,d100,0.5,0.0,0.0,11.0,30.0,2.727272727272727,0.521,0.0,0.004267606884241104,0.049949418753385544
P050_B00_L00_p1100_d30,d100,0.5,0.0,0.0,11.0,30.0,2.727272727272727,0.521,-20.0,0.0043929629027843475,0.04994984343647957
P050_B00_L00_p1100_d30,d100,0.5,0.0,0.0,11.0,30.0,2.727272727272727,0.521,-40.0,0.004777062218636274,0.049945686012506485
P050_B00_L00_p1100_d30,d100,0.5,0.0,0.0,11.0,30.0,2.727272727272727,0.521,20.0,0.004110520705580711,0.04995129257440567
P050_B00_L00_p1100_d30,d100,0.5,0.0,0.0,11.0,30.0,2.727272727272727,0.521,40.0,0.004532134160399437,0.04994557797908783
P050_B00_L00_p1100_d40,d00,0.5,0.0,0.0,11.0,40.0,3.6363636363636362,0.521,0.0,0.008079884573817253,0.049958735704422
P050_B00_L00_p1100_d40,d00,0.5,0.0,0.0,11.0,40.0,3.6363636363636362,0.521,-20.0,0.007662486284971237,0.049956776201725006
P050_B00_L00_p1100_d40,d00,0.5,0.0,0.0,11.0,40.0,3.6363636363636362,0.521,-40.0,0.009039006195962429,0.04999711364507675
P050_B00_L00_p1100_d40,d00,0.5,0.0,0.0,11.0,40.0,3.6363636363636362,0.521,20.0,0.00827084295451641,0.04995578154921532
P050_B00_L00_p1100_d40,d00,0.5,0.0,0.0,11.0,40.0,3.6363636363636362,0.521,40.0,0.009602731093764305,0.04999686777591705
P050_B00_L00_p1100_d40,d76,0.5,0.0,0.0,11.0,40.0,3.6363636363636362,0.521,0.0,0.004158305935561657,0.049957070499658585
P050_B00_L00_p1100_d40,d76,0.5,0.0,0.0,11.0,40.0,3.6363636363636362,0.521,-20.0,0.004154961556196213,0.049954574555158615
P050_B00_L00_p1100_d40,d76,0.5,0.0,0.0,11.0,40.0,3.6363636363636362,0.521,-40.0,0.004918477963656187,0.04996415600180626
P050_B00_L00_p1100_d40,d76,0.5,0.0,0.0,11.0,40.0,3.6363636363636362,0.521,20.0,0.0043619368225336075,0.0499541275203228
P050_B00_L00_p1100_d40,d76,0.5,0.0,0.0,11.0,40.0,3.6363636363636362,0.521,40.0,0.005115019157528877,0.04996281862258911
P050_B00_L00_p1100_d40,d100,0.5,0.0,0.0,11.0,40.0,3.6363636363636362,0.521,0.0,0.0036832334008067846,0.0499565452337265
P050_B00_L00_p1100_d40,d100,0.5,0.0,0.0,11.0,40.0,3.6363636363636362,0.521,-20.0,0.0036602469626814127,0.049954235553741455
P050_B00_L00_p1100_d40,d100,0.5,0.0,0.0,11.0,40.0,3.6363636363636362,0.521,-40.0,0.0041425591334700584,0.049954067915678024
P050_B00_L00_p1100_d40,d100,0.5,0.0,0.0,11.0,40.0,3.6363636363636362,0.521,20.0,0.003761063562706113,0.04995374009013176
P050_B00_L00_p1100_d40,d100,0.5,0.0,0.0,11.0,40.0,3.6363636363636362,0.521,40.0,0.004228339064866304,0.04995276406407356
P050_B00_L00_p1100_d50,d00,0.5,0.0,0.0,11.0,50.0,4.545454545454546,0.521,0.0,0.003937091212719679,0.04996170848608017
P050_B00_L00_p1100_d50,d00,0.5,0.0,0.0,11.0,50.0,4.545454545454546,0.521,-20.0,0.00481441942974925,0.049955762922763824
P050_B00_L00_p1100_d50,d00,0.5,0.0,0.0,11.0,50.0,4.545454545454546,0.521,-40.0,0.006594147998839617,0.050000373274087906
P050_B00_L00_p1100_d50,d00,0.5,0.0,0.0,11.0,50.0,4.545454545454546,0.521,20.0,0.004582605324685574,0.04995677247643471
P050_B00_L00_p1100_d50,d00,0.5,0.0,0.0,11.0,50.0,4.545454545454546,0.521,40.0,0.006670358125120401,0.0500018410384655
P050_B00_L00_p1100_d50,d76,0.5,0.0,0.0,11.0,50.0,4.545454545454546,0.521,0.0,0.002912284340709448,0.0499601736664772
P050_B00_L00_p1100_d50,d76,0.5,0.0,0.0,11.0,50.0,4.545454545454546,0.521,-20.0,0.003140210174024105,0.049953579902648926
P050_B00_L00_p1100_d50,d76,0.5,0.0,0.0,11.0,50.0,4.545454545454546,0.521,-40.0,0.0039620110765099525,0.049965750426054
P050_B00_L00_p1100_d50,d76,0.5,0.0,0.0,11.0,50.0,4.545454545454546,0.521,20.0,0.0030567245557904243,0.04995536431670189
P050_B00_L00_p1100_d50,d76,0.5,0.0,0.0,11.0,50.0,4.545454545454546,0.521,40.0,0.003998314496129751,0.04996633902192116
P050_B00_L00_p1100_d50,d100,0.5,0.0,0.0,11.0,50.0,4.545454545454546,0.521,0.0,0.002919936552643776,0.04995984584093094
P050_B00_L00_p1100_d50,d100,0.5,0.0,0.0,11.0,50.0,4.545454545454546,0.521,-20.0,0.0030287224799394608,0.04995303228497505
P050_B00_L00_p1100_d50,d100,0.5,0.0,0.0,11.0,50.0,4.545454545454546,0.521,-40.0,0.0035675326362252235,0.049955472350120544
P050_B00_L00_p1100_d50,d100,0.5,0.0,0.0,11.0,50.0,4.545454545454546,0.521,20.0,0.0029705800116062164,0.04995489865541458
P050_B00_L00_p1100_d50,d100,0.5,0.0,0.0,11.0,50.0,4.545454545454546,0.521,40.0,0.0035605549346655607,0.04995489865541458
P050_B00_L35_p0375_d20,d00,0.5,0.0,0.35,3.75,20.0,5.333333333333333,0.194,0.0,0.006535541731864214,0.049788638949394226
P050_B00_L35_p0375_d20,d00,0.5,0.0,0.35,3.75,20.0,5.333333333333333,0.194,-20.0,0.009755425155162811,0.049785345792770386
P050_B00_L35_p0375_d20,d00,0.5,0.0,0.35,3.75,20.0,5.333333333333333,0.194,-40.0,0.010727566666901112,0.04999566823244095
P050_B00_L35_p0375_d20,d00,0.5,0.0,0.35,3.75,20.0,5.333333333333333,0.194,20.0,0.009910120628774166,0.04979187995195389
P050_B00_L35_p0375_d20,d00,0.5,0.0,0.35,3.75,20.0,5.333333333333333,0.194,40.0,0.010746357962489128,0.04999389871954918
P050_B00_L35_p0375_d20,d76,0.5,0.0,0.35,3.75,20.0,5.333333333333333,0.194,0.0,0.004381442908197641,0.04978053271770477
P050_B00_L35_p0375_d20,d76,0.5,0.0,0.35,3.75,20.0,5.333333333333333,0.194,-20.0,0.0048181405290961266,0.049778010696172714
P050_B00_L35_p0375_d20,d76,0.5,0.0,0.35,3.75,20.0,5.333333333333333,0.194,-40.0,0.0054238298907876015,0.04982760548591614
P050_B00_L35_p0375_d20,d76,0.5,0.0,0.35,3.75,20.0,5.333333333333333,0.194,20.0,0.004890997428447008,0.04978303611278534
P050_B00_L35_p0375_d20,d76,0.5,0.0,0.35,3.75,20.0,5.333333333333333,0.194,40.0,0.005420066881924868,0.04982426017522812
P050_B00_L35_p0375_d20,d100,0.5,0.0,0.35,3.75,20.0,5.333333333333333,0.194,0.0,0.004504668992012739,0.04977875575423241
P050_B00_L35_p0375_d20,d100,0.5,0.0,0.35,3.75,20.0,5.333333333333333,0.194,-20.0,0.004518669098615646,0.049775198101997375
P050_B00_L35_p0375_d20,d100,0.5,0.0,0.35,3.75,20.0,5.333333333333333,0.194,-40.0,0.0048016090877354145,0.04977450147271156
P050_B00_L35_p0375_d20,d100,0.5,0.0,0.35,3.75,20.0,5.333333333333333,0.194,20.0,0.004551223013550043,0.049779582768678665
P050_B00_L35_p0375_d20,d100,0.5,0.0,0.35,3.75,20.0,5.333333333333333,0.194,40.0,0.004802918992936611,0.04976893216371536
P050_B00_L35_p0375_d30,d00,0.5,0.0,0.35,3.75,30.0,8.0,0.194,0.0,0.0032478661742061377,0.04965684190392494
P050_B00_L35_p0375_d30,d00,0.5,0.0,0.35,3.75,30.0,8.0,0.194,-20.0,0.0038368632085621357,0.04964441806077957
P050_B00_L35_p0375_d30,d00,0.5,0.0,0.35,3.75,30.0,8.0,0.194,-40.0,0.005207072012126446,0.049993932247161865
P050_B00_L35_p0375_d30,d00,0.5,0.0,0.35,3.75,30.0,8.0,0.194,20.0,0.003913067281246185,0.04963722452521324
P050_B00_L35_p0375_d30,d00,0.5,0.0,0.35,3.75,30.0,8.0,0.194,40.0,0.0051901801489293575,0.04998940974473953
P050_B00_L35_p0375_d30,d76,0.5,0.0,0.35,3.75,30.0,8.0,0.194,0.0,0.003031487111002207,0.04964517429471016
P050_B00_L35_p0375_d30,d76,0.5,0.0,0.35,3.75,30.0,8.0,0.194,-20.0,0.003158810781314969,0.04962984845042229
P050_B00_L35_p0375_d30,d76,0.5,0.0,0.35,3.75,30.0,8.0,0.194,-40.0,0.003798163728788495,0.04970890283584595
P050_B00_L35_p0375_d30,d76,0.5,0.0,0.35,3.75,30.0,8.0,0.194,20.0,0.003195486031472683,0.04962129518389702
P050_B00_L35_p0375_d30,d76,0.5,0.0,0.35,3.75,30.0,8.0,0.194,40.0,0.0038359740283340216,0.04971348121762276
P050_B00_L35_p0375_d30,d100,0.5,0.0,0.35,3.75,30.0,8.0,0.194,0.0,0.0032653326634317636,0.0496409647166729
P050_B00_L35_p0375_d30,d100,0.5,0.0,0.35,3.75,30.0,8.0,0.194,-20.0,0.003292675595730543,0.04962548241019249
P050_B00_L35_p0375_d30,d100,0.5,0.0,0.35,3.75,30.0,8.0,0.194,-40.0,0.003831198439002037,0.04962173476815224
P050_B00_L35_p0375_d30,d100,0.5,0.0,0.35,3.75,30.0,8.0,0.194,20.0,0.0033372717443853617,0.049615826457738876
P050_B00_L35_p0375_d30,d100,0.5,0.0,0.35,3.75,30.0,8.0,0.194,40.0,0.0038578491657972336,0.049625858664512634
P050_B00_L35_p0375_d40,d00,0.5,0.0,0.35,3.75,40.0,10.666666666666666,0.194,0.0,0.0026567380409687757,0.0496617816388607
P050_B00_L35_p0375_d40,d00,0.5,0.0,0.35,3.75,40.0,10.666666666666666,0.194,-20.0,0.0026823540683835745,0.04964746534824371
P050_B00_L35_p0375_d40,d00,0.5,0.0,0.35,3.75,40.0,10.666666666666666,0.194,-40.0,0.0033292309381067753,0.04998941719532013
P050_B00_L35_p0375_d40,d00,0.5,0.0,0.35,3.75,40.0,10.666666666666666,0.194,20.0,0.0026681304443627596,0.049648672342300415
P050_B00_L35_p0375_d40,d00,0.5,0.0,0.35,3.75,40.0,10.666666666666666,0.194,40.0,0.0033905154559761286,0.0499979592859745
P050_B00_L35_p0375_d40,d76,0.5,0.0,0.35,3.75,40.0,10.666666666666666,0.194,0.0,0.002403250429779291,0.04964977130293846
P050_B00_L35_p0375_d40,d76,0.5,0.0,0.35,3.75,40.0,10.666666666666666,0.194,-20.0,0.0025258371606469154,0.04963279142975807
P050_B00_L35_p0375_d40,d76,0.5,0.0,0.35,3.75,40.0,10.666666666666666,0.194,-40.0,0.003121435409411788,0.049723997712135315
P050_B00_L35_p0375_d40,d76,0.5,0.0,0.35,3.75,40.0,10.666666666666666,0.194,20.0,0.002514079213142395,0.049633294343948364
P050_B00_L35_p0375_d40,d76,0.5,0.0,0.35,3.75,40.0,10.666666666666666,0.194,40.0,0.00316072185523808,0.0497235506772995
P050_B00_L35_p0375_d40,d100,0.5,0.0,0.35,3.75,40.0,10.666666666666666,0.194,0.0,0.0025391285307705402,0.04964645951986313
P050_B00_L35_p0375_d40,d100,0.5,0.0,0.35,3.75,40.0,10.666666666666666,0.194,-20.0,0.002693291986361146,0.04962792992591858
P050_B00_L35_p0375_d40,d100,0.5,0.0,0.35,3.75,40.0,10.666666666666666,0.194,-40.0,0.0033276304602622986,0.049638908356428146
P050_B00_L35_p0375_d40,d100,0.5,0.0,0.35,3.75,40.0,10.666666666666666,0.194,20.0,0.0026886742562055588,0.04962833598256111
P050_B00_L35_p0375_d40,d100,0.5,0.0,0.35,3.75,40.0,10.666666666666666,0.194,40.0,0.0033196096774190664,0.049638085067272186
P050_B00_L35_p0375_d50,d00,0.5,0.0,0.35,3.75,50.0,13.333333333333334,0.194,0.0,0.002465019701048732,0.049659084528684616
P050_B00_L35_p0375_d50,d00,0.5,0.0,0.35,3.75,50.0,13.333333333333334,0.194,-20.0,0.0022651865147054195,0.04964066296815872
P050_B00_L35_p0375_d50,d00,0.5,0.0,0.35,3.75,50.0,13.333333333333334,0.194,-40.0,0.0031758961267769337,0.049983661621809006
P050_B00_L35_p0375_d50,d00,0.5,0.0,0.35,3.75,50.0,13.333333333333334,0.194,20.0,0.002238083863630891,0.049639612436294556
P050_B00_L35_p0375_d50,d00,0.5,0.0,0.35,3.75,50.0,13.333333333333334,0.194,40.0,0.003167542163282633,0.04998140037059784
P050_B00_L35_p0375_d50,d76,0.5,0.0,0.35,3.75,50.0,13.333333333333334,0.194,0.0,0.0020729470998048782,0.04964696988463402
P050_B00_L35_p0375_d50,d76,0.5,0.0,0.35,3.75,50.0,13.333333333333334,0.194,-20.0,0.002219344722107053,0.049625247716903687
P050_B00_L35_p0375_d50,d76,0.5,0.0,0.35,3.75,50.0,13.333333333333334,0.194,-40.0,0.002900758059695363,0.049713458865880966
P050_B00_L35_p0375_d50,d76,0.5,0.0,0.35,3.75,50.0,13.333333333333334,0.194,20.0,0.002187388250604272,0.04962662234902382
P050_B00_L35_p0375_d50,d76,0.5,0.0,0.35,3.75,50.0,13.333333333333334,0.194,40.0,0.002936932723969221,0.04970971867442131
P050_B00_L35_p0375_d50,d100,0.5,0.0,0.35,3.75,50.0,13.333333333333334,0.194,0.0,0.0021244215313345194,0.04964382201433182
P050_B00_L35_p0375_d50,d100,0.5,0.0,0.35,3.75,50.0,13.333333333333334,0.194,-20.0,0.0023767247330397367,0.049620386213064194
P050_B00_L35_p0375_d50,d100,0.5,0.0,0.35,3.75,50.0,13.333333333333334,0.194,-40.0,0.003045914461836219,0.04962991550564766
P050_B00_L35_p0375_d50,d100,0.5,0.0,0.35,3.75,50.0,13.333333333333334,0.194,20.0,0.0023449070286005735,0.049621500074863434
P050_B00_L35_p0375_d50,d100,0.5,0.0,0.35,3.75,50.0,13.333333333333334,0.194,40.0,0.003028063103556633,0.04962517321109772
P050_B00_L35_p0550_d20,d00,0.5,0.0,0.35,5.5,20.0,3.6363636363636362,0.194,0.0,0.02588489092886448,0.04989219456911087
P050_B00_L35_p0550_d20,d00,0.5,0.0,0.35,5.5,20.0,3.6363636363636362,0.194,-20.0,0.01959705725312233,0.0498824417591095
P050_B00_L35_p0550_d20,d00,0.5,0.0,0.35,5.5,20.0,3.6363636363636362,0.194,-40.0,0.02276536636054516,0.04999833554029465
P050_B00_L35_p0550_d20,d00,0.5,0.0,0.35,5.5,20.0,3.6363636363636362,0.194,20.0,0.019771132618188858,0.04988256096839905
P050_B00_L35_p0550_d20,d00,0.5,0.0,0.35,5.5,20.0,3.6363636363636362,0.194,40.0,0.02287270314991474,0.04999350383877754
P050_B00_L35_p0550_d20,d76,0.5,0.0,0.35,5.5,20.0,3.6363636363636362,0.194,0.0,0.007917637005448341,0.04988706111907959
P050_B00_L35_p0550_d20,d76,0.5,0.0,0.35,5.5,20.0,3.6363636363636362,0.194,-20.0,0.007263372652232647,0.04987775906920433
P050_B00_L35_p0550_d20,d76,0.5,0.0,0.35,5.5,20.0,3.6363636363636362,0.194,-40.0,0.008444331586360931,0.04989928379654884
P050_B00_L35_p0550_d20,d76,0.5,0.0,0.35,5.5,20.0,3.6363636363636362,0.194,20.0,0.007232725154608488,0.04987838491797447
P050_B00_L35_p0550_d20,d76,0.5,0.0,0.35,5.5,20.0,3.6363636363636362,0.194,40.0,0.008380589075386524,0.04989779368042946
P050_B00_L35_p0550_d20,d100,0.5,0.0,0.35,5.5,20.0,3.6363636363636362,0.194,0.0,0.005812257062643766,0.04988601431250572
P050_B00_L35_p0550_d20,d100,0.5,0.0,0.35,5.5,20.0,3.6363636363636362,0.194,-20.0,0.0058223046362400055,0.049876682460308075
P050_B00_L35_p0550_d20,d100,0.5,0.0,0.35,5.5,20.0,3.6363636363636362,0.194,-40.0,0.005893892142921686,0.049867719411849976
P050_B00_L35_p0550_d20,d100,0.5,0.0,0.35,5.5,20.0,3.6363636363636362,0.194,20.0,0.005811936687678099,0.049876969307661057
P050_B00_L35_p0550_d20,d100,0.5,0.0,0.35,5.5,20.0,3.6363636363636362,0.194,40.0,0.005874773487448692,0.0498681366443634
P050_B00_L35_p0550_d30,d00,0.5,0.0,0.35,5.5,30.0,5.454545454545454,0.194,0.0,0.006342607084661722,0.04982981085777283
P050_B00_L35_p0550_d30,d00,0.5,0.0,0.35,5.5,30.0,5.454545454545454,0.194,-20.0,0.009820178151130676,0.04981832951307297
P050_B00_L35_p0550_d30,d00,0.5,0.0,0.35,5.5,30.0,5.454545454545454,0.194,-40.0,0.010458780452609062,0.04999711364507675
P050_B00_L35_p0550_d30,d00,0.5,0.0,0.35,5.5,30.0,5.454545454545454,0.194,20.0,0.009498925879597664,0.049821220338344574
P050_B00_L35_p0550_d30,d00,0.5,0.0,0.35,5.5,30.0,5.454545454545454,0.194,40.0,0.009926442056894302,0.04999316856265068
P050_B00_L35_p0550_d30,d76,0.5,0.0,0.35,5.5,30.0,5.454545454545454,0.194,0.0,0.004294074606150389,0.04982448369264603
P050_B00_L35_p0550_d30,d76,0.5,0.0,0.35,5.5,30.0,5.454545454545454,0.194,-20.0,0.004768651444464922,0.049810998141765594
P050_B00_L35_p0550_d30,d76,0.5,0.0,0.35,5.5,30.0,5.454545454545454,0.194,-40.0,0.005302377976477146,0.04984921216964722
P050_B00_L35_p0550_d30,d76,0.5,0.0,0.35,5.5,30.0,5.454545454545454,0.194,20.0,0.004729260224848986,0.049813222140073776
P050_B00_L35_p0550_d30,d76,0.5,0.0,0.35,5.5,30.0,5.454545454545454,0.194,40.0,0.005200755316764116,0.04984818398952484
P050_B00_L35_p0550_d30,d100,0.5,0.0,0.35,5.5,30.0,5.454545454545454,0.194,0.0,0.004408597946166992,0.0498228557407856
P050_B00_L35_p0550_d30,d100,0.5,0.0,0.35,5.5,30.0,5.454545454545454,0.194,-20.0,0.004457453731447458,0.04980795457959175
P050_B00_L35_p0550_d30,d100,0.5,0.0,0.35,5.5,30.0,5.454545454545454,0.194,-40.0,0.004777006804943085,0.049803342670202255
P050_B00_L35_p0550_d30,d100,0.5,0.0,0.35,5.5,30.0,5.454545454545454,0.194,20.0,0.004417887423187494,0.049810778349637985
P050_B00_L35_p0550_d30,d100,0.5,0.0,0.35,5.5,30.0,5.454545454545454,0.194,40.0,0.004702246282249689,0.04980422183871269
P050_B00_L35_p0550_d40,d00,0.5,0.0,0.35,5.5,40.0,7.2727272727272725,0.194,0.0,0.003590308129787445,0.04982731118798256
P050_B00_L35_p0550_d40,d00,0.5,0.0,0.35,5.5,40.0,7.2727272727272725,0.194,-20.0,0.00486514437943697,0.0498170331120491
P050_B00_L35_p0550_d40,d00,0.5,0.0,0.35,5.5,40.0,7.2727272727272725,0.194,-40.0,0.00528058223426342,0.049992792308330536
P050_B00_L35_p0550_d40,d00,0.5,0.0,0.35,5.5,40.0,7.2727272727272725,0.194,20.0,0.004610431380569935,0.04981805011630058
P050_B00_L35_p0550_d40,d00,0.5,0.0,0.35,5.5,40.0,7.2727272727272725,0.194,40.0,0.005089797545224428,0.05000147596001625
P050_B00_L35_p0550_d40,d76,0.5,0.0,0.35,5.5,40.0,7.2727272727272725,0.194,0.0,0.003309806575998664,0.04982076212763786
P050_B00_L35_p0550_d40,d76,0.5,0.0,0.35,5.5,40.0,7.2727272727272725,0.194,-20.0,0.0035317474976181984,0.049809668213129044
P050_B00_L35_p0550_d40,d76,0.5,0.0,0.35,5.5,40.0,7.2727272727272725,0.194,-40.0,0.003934410400688648,0.04984649643301964
P050_B00_L35_p0550_d40,d76,0.5,0.0,0.35,5.5,40.0,7.2727272727272725,0.194,20.0,0.0034305208828300238,0.04981044679880142
P050_B00_L35_p0550_d40,d76,0.5,0.0,0.35,5.5,40.0,7.2727272727272725,0.194,40.0,0.003908834420144558,0.04984549060463905
P050_B00_L35_p0550_d40,d100,0.5,0.0,0.35,5.5,40.0,7.2727272727272725,0.194,0.0,0.003529723733663559,0.04981875419616699
P050_B00_L35_p0550_d40,d100,0.5,0.0,0.35,5.5,40.0,7.2727272727272725,0.194,-20.0,0.00360912480391562,0.04980725049972534
P050_B00_L35_p0550_d40,d100,0.5,0.0,0.35,5.5,40.0,7.2727272727272725,0.194,-40.0,0.004051761701703072,0.04980047047138214
P050_B00_L35_p0550_d40,d100,0.5,0.0,0.35,5.5,40.0,7.2727272727272725,0.194,20.0,0.0035210412461310625,0.049808040261268616
P050_B00_L35_p0550_d40,d100,0.5,0.0,0.35,5.5,40.0,7.2727272727272725,0.194,40.0,0.004013510420918465,0.04979671910405159
P050_B00_L35_p0550_d50,d00,0.5,0.0,0.35,5.5,50.0,9.090909090909092,0.194,0.0,0.002977203344926238,0.04982689023017883
P050_B00_L35_p0550_d50,d00,0.5,0.0,0.35,5.5,50.0,9.090909090909092,0.194,-20.0,0.0032643117010593414,0.04982153698801994
P050_B00_L35_p0550_d50,d00,0.5,0.0,0.35,5.5,50.0,9.090909090909092,0.194,-40.0,0.003988699987530708,0.05000384896993637
P050_B00_L35_p0550_d50,d00,0.5,0.0,0.35,5.5,50.0,9.090909090909092,0.194,20.0,0.003240943420678377,0.0498218797147274
P050_B00_L35_p0550_d50,d00,0.5,0.0,0.35,5.5,50.0,9.090909090909092,0.194,40.0,0.0040214573964476585,0.049998581409454346
P050_B00_L35_p0550_d50,d76,0.5,0.0,0.35,5.5,50.0,9.090909090909092,0.194,0.0,0.002742630895227194,0.04982086643576622
P050_B00_L35_p0550_d50,d76,0.5,0.0,0.35,5.5,50.0,9.090909090909092,0.194,-20.0,0.0028281232807785273,0.049813881516456604
P050_B00_L35_p0550_d50,d76,0.5,0.0,0.35,5.5,50.0,9.090909090909092,0.194,-40.0,0.0034409607760608196,0.04984856769442558
P050_B00_L35_p0550_d50,d76,0.5,0.0,0.35,5.5,50.0,9.090909090909092,0.194,20.0,0.002840102417394519,0.04981366544961929
P050_B00_L35_p0550_d50,d76,0.5,0.0,0.35,5.5,50.0,9.090909090909092,0.194,40.0,0.0034186679404228926,0.049847640097141266
P050_B00_L35_p0550_d50,d100,0.5,0.0,0.35,5.5,50.0,9.090909090909092,0.194,0.0,0.0029244059696793556,0.0498192273080349
P050_B00_L35_p0550_d50,d100,0.5,0.0,0.35,5.5,50.0,9.090909090909092,0.194,-20.0,0.0030181838665157557,0.04981180652976036
P050_B00_L35_p0550_d50,d100,0.5,0.0,0.35,5.5,50.0,9.090909090909092,0.194,-40.0,0.003622455522418022,0.04979895427823067
P050_B00_L35_p0550_d50,d100,0.5,0.0,0.35,5.5,50.0,9.090909090909092,0.194,20.0,0.003012687200680375,0.04981176555156708
P050_B00_L35_p0550_d50,d100,0.5,0.0,0.35,5.5,50.0,9.090909090909092,0.194,40.0,0.003566479543223977,0.04980142042040825
P050_B00_L35_p0750_d20,d00,0.5,0.0,0.35,7.5,20.0,2.6666666666666665,0.194,0.0,0.06028752774000168,0.049947936087846756
P050_B00_L35_p0750_d20,d00,0.5,0.0,0.35,7.5,20.0,2.6666666666666665,0.194,-20.0,0.04125598445534706,0.049944762140512466
P050_B00_L35_p0750_d20,d00,0.5,0.0,0.35,7.5,20.0,2.6666666666666665,0.194,-40.0,0.04712978005409241,0.04999978467822075
P050_B00_L35_p0750_d20,d00,0.5,0.0,0.35,7.5,20.0,2.6666666666666665,0.194,20.0,0.04113657772541046,0.04994502291083336
P050_B00_L35_p0750_d20,d00,0.5,0.0,0.35,7.5,20.0,2.6666666666666665,0.194,40.0,0.04775498807430267,0.049998655915260315
P050_B00_L35_p0750_d20,d76,0.5,0.0,0.35,7.5,20.0,2.6666666666666665,0.194,0.0,0.014962643384933472,0.04994627460837364
P050_B00_L35_p0750_d20,d76,0.5,0.0,0.35,7.5,20.0,2.6666666666666665,0.194,-20.0,0.012269465252757072,0.04994237795472145
P050_B00_L35_p0750_d20,d76,0.5,0.0,0.35,7.5,20.0,2.6666666666666665,0.194,-40.0,0.01437367219477892,0.049957387149333954
P050_B00_L35_p0750_d20,d76,0.5,0.0,0.35,7.5,20.0,2.6666666666666665,0.194,20.0,0.012205544859170914,0.049942292273044586
P050_B00_L35_p0750_d20,d76,0.5,0.0,0.35,7.5,20.0,2.6666666666666665,0.194,40.0,0.014559346251189709,0.049958422780036926
P050_B00_L35_p0750_d20,d100,0.5,0.0,0.35,7.5,20.0,2.6666666666666665,0.194,0.0,0.006982589140534401,0.04994579777121544
P050_B00_L35_p0750_d20,d100,0.5,0.0,0.35,7.5,20.0,2.6666666666666665,0.194,-20.0,0.007027410436421633,0.04994172230362892
P050_B00_L35_p0750_d20,d100,0.5,0.0,0.35,7.5,20.0,2.6666666666666665,0.194,-40.0,0.0070639606565237045,0.04994293302297592
P050_B00_L35_p0750_d20,d100,0.5,0.0,0.35,7.5,20.0,2.6666666666666665,0.194,20.0,0.007003071252256632,0.04994159936904907
P050_B00_L35_p0750_d20,d100,0.5,0.0,0.35,7.5,20.0,2.6666666666666665,0.194,40.0,0.007028056774288416,0.04994485154747963
P050_B00_L35_p0750_d30,d00,0.5,0.0,0.35,7.5,30.0,4.0,0.194,0.0,0.01878264918923378,0.049906838685274124
P050_B00_L35_p0750_d30,d00,0.5,0.0,0.35,7.5,30.0,4.0,0.194,-20.0,0.018163463100790977,0.049890611320734024
P050_B00_L35_p0750_d30,d00,0.5,0.0,0.35,7.5,30.0,4.0,0.194,-40.0,0.01957811415195465,0.04999559372663498
P050_B00_L35_p0750_d30,d00,0.5,0.0,0.35,7.5,30.0,4.0,0.194,20.0,0.018928008154034615,0.0498884879052639
P050_B00_L35_p0750_d30,d00,0.5,0.0,0.35,7.5,30.0,4.0,0.194,40.0,0.020600734278559685,0.04999806731939316
P050_B00_L35_p0750_d30,d76,0.5,0.0,0.35,7.5,30.0,4.0,0.194,0.0,0.006573860999196768,0.04990338161587715
P050_B00_L35_p0750_d30,d76,0.5,0.0,0.35,7.5,30.0,4.0,0.194,-20.0,0.006752992048859596,0.04988578334450722
P050_B00_L35_p0750_d30,d76,0.5,0.0,0.35,7.5,30.0,4.0,0.194,-40.0,0.007523457054048777,0.049915965646505356
P050_B00_L35_p0750_d30,d76,0.5,0.0,0.35,7.5,30.0,4.0,0.194,20.0,0.006996395532041788,0.0498831681907177
P050_B00_L35_p0750_d30,d76,0.5,0.0,0.35,7.5,30.0,4.0,0.194,40.0,0.007861119695007801,0.049918100237846375
P050_B00_L35_p0750_d30,d100,0.5,0.0,0.35,7.5,30.0,4.0,0.194,0.0,0.005504966247826815,0.04990261420607567
P050_B00_L35_p0750_d30,d100,0.5,0.0,0.35,7.5,30.0,4.0,0.194,-20.0,0.005514185875654221,0.049884259700775146
P050_B00_L35_p0750_d30,d100,0.5,0.0,0.35,7.5,30.0,4.0,0.194,-40.0,0.005640344228595495,0.04989061877131462
P050_B00_L35_p0750_d30,d100,0.5,0.0,0.35,7.5,30.0,4.0,0.194,20.0,0.005651043727993965,0.049881864339113235
P050_B00_L35_p0750_d30,d100,0.5,0.0,0.35,7.5,30.0,4.0,0.194,40.0,0.005771620664745569,0.04989166557788849
P050_B00_L35_p0750_d40,d00,0.5,0.0,0.35,7.5,40.0,5.333333333333333,0.194,0.0,0.006500375457108021,0.04990134760737419
P050_B00_L35_p0750_d40,d00,0.5,0.0,0.35,7.5,40.0,5.333333333333333,0.194,-20.0,0.010058093816041946,0.04989700764417648
P050_B00_L35_p0750_d40,d00,0.5,0.0,0.35,7.5,40.0,5.333333333333333,0.194,-40.0,0.01095756608992815,0.05000048130750656
P050_B00_L35_p0750_d40,d00,0.5,0.0,0.35,7.5,40.0,5.333333333333333,0.194,20.0,0.00994686409831047,0.04989204183220863
P050_B00_L35_p0750_d40,d00,0.5,0.0,0.35,7.5,40.0,5.333333333333333,0.194,40.0,0.010853360407054424,0.049999743700027466
P050_B00_L35_p0750_d40,d76,0.5,0.0,0.35,7.5,40.0,5.333333333333333,0.194,0.0,0.004234665539115667,0.0498976930975914
P050_B00_L35_p0750_d40,d76,0.5,0.0,0.35,7.5,40.0,5.333333333333333,0.194,-20.0,0.004819262772798538,0.04989280924201012
P050_B00_L35_p0750_d40,d76,0.5,0.0,0.35,7.5,40.0,5.333333333333333,0.194,-40.0,0.00541433971375227,0.04991207271814346
P050_B00_L35_p0750_d40,d76,0.5,0.0,0.35,7.5,40.0,5.333333333333333,0.194,20.0,0.004779953975230455,0.04988706111907959
P050_B00_L35_p0750_d40,d76,0.5,0.0,0.35,7.5,40.0,5.333333333333333,0.194,40.0,0.005333264824002981,0.04991469532251358
P050_B00_L35_p0750_d40,d100,0.5,0.0,0.35,7.5,40.0,5.333333333333333,0.194,0.0,0.004349844995886087,0.0498967207968235
P050_B00_L35_p0750_d40,d100,0.5,0.0,0.35,7.5,40.0,5.333333333333333,0.194,-20.0,0.004449070431292057,0.04989089444279671
P050_B00_L35_p0750_d40,d100,0.5,0.0,0.35,7.5,40.0,5.333333333333333,0.194,-40.0,0.004773098509758711,0.04988447576761246
P050_B00_L35_p0750_d40,d100,0.5,0.0,0.35,7.5,40.0,5.333333333333333,0.194,20.0,0.0044197700917720795,0.04988550767302513
P050_B00_L35_p0750_d40,d100,0.5,0.0,0.35,7.5,40.0,5.333333333333333,0.194,40.0,0.004706497769802809,0.04988853633403778
P050_B00_L35_p0750_d50,d00,0.5,0.0,0.35,7.5,50.0,6.666666666666667,0.194,0.0,0.00415319437161088,0.04989480972290039
P050_B00_L35_p0750_d50,d00,0.5,0.0,0.35,7.5,50.0,6.666666666666667,0.194,-20.0,0.005979517940431833,0.04987934231758118
P050_B00_L35_p0750_d50,d00,0.5,0.0,0.35,7.5,50.0,6.666666666666667,0.194,-40.0,0.006035172380506992,0.05000204220414162
P050_B00_L35_p0750_d50,d00,0.5,0.0,0.35,7.5,50.0,6.666666666666667,0.194,20.0,0.0058678616769611835,0.049880944192409515
P050_B00_L35_p0750_d50,d00,0.5,0.0,0.35,7.5,50.0,6.666666666666667,0.194,40.0,0.005858269985765219,0.0500013530254364
P050_B00_L35_p0750_d50,d76,0.5,0.0,0.35,7.5,50.0,6.666666666666667,0.194,0.0,0.0035614920780062675,0.049891360104084015
P050_B00_L35_p0750_d50,d76,0.5,0.0,0.35,7.5,50.0,6.666666666666667,0.194,-20.0,0.0038770989049226046,0.04987309128046036
P050_B00_L35_p0750_d50,d76,0.5,0.0,0.35,7.5,50.0,6.666666666666667,0.194,-40.0,0.0041985721327364445,0.0499095618724823
P050_B00_L35_p0750_d50,d76,0.5,0.0,0.35,7.5,50.0,6.666666666666667,0.194,20.0,0.0038123279809951782,0.04987578094005585
P050_B00_L35_p0750_d50,d76,0.5,0.0,0.35,7.5,50.0,6.666666666666667,0.194,40.0,0.004154658410698175,0.04990735277533531
P050_B00_L35_p0750_d50,d100,0.5,0.0,0.35,7.5,50.0,6.666666666666667,0.194,0.0,0.003795092226937413,0.049890272319316864
P050_B00_L35_p0750_d50,d100,0.5,0.0,0.35,7.5,50.0,6.666666666666667,0.194,-20.0,0.003866487415507436,0.04987158626317978
P050_B00_L35_p0750_d50,d100,0.5,0.0,0.35,7.5,50.0,6.666666666666667,0.194,-40.0,0.004256787709891796,0.04987958446145058
P050_B00_L35_p0750_d50,d100,0.5,0.0,0.35,7.5,50.0,6.666666666666667,0.194,20.0,0.0038004652597010136,0.04987448826432228
P050_B00_L35_p0750_d50,d100,0.5,0.0,0.35,7.5,50.0,6.666666666666667,0.194,40.0,0.004230893682688475,0.049878232181072235
P050_B00_L35_p1100_d20,d00,0.5,0.0,0.35,11.0,20.0,1.8181818181818181,0.194,0.0,0.01956755667924881,0.04996778443455696
P050_B00_L35_p1100_d20,d00,0.5,0.0,0.35,11.0,20.0,1.8181818181818181,0.194,-20.0,0.06484147906303406,0.049959346652030945
P050_B00_L35_p1100_d20,d00,0.5,0.0,0.35,11.0,20.0,1.8181818181818181,0.194,-40.0,0.06816492974758148,0.049999866634607315
P050_B00_L35_p1100_d20,d00,0.5,0.0,0.35,11.0,20.0,1.8181818181818181,0.194,20.0,0.06699176132678986,0.04996015876531601
P050_B00_L35_p1100_d20,d00,0.5,0.0,0.35,11.0,20.0,1.8181818181818181,0.194,40.0,0.06495074182748795,0.05000113695859909
P050_B00_L35_p1100_d20,d76,0.5,0.0,0.35,11.0,20.0,1.8181818181818181,0.194,0.0,0.01027076505124569,0.049966584891080856
P050_B00_L35_p1100_d20,d76,0.5,0.0,0.35,11.0,20.0,1.8181818181818181,0.194,-20.0,0.019583122804760933,0.049957796931266785
P050_B00_L35_p1100_d20,d76,0.5,0.0,0.35,11.0,20.0,1.8181818181818181,0.194,-40.0,0.020162995904684067,0.04997014254331589
P050_B00_L35_p1100_d20,d76,0.5,0.0,0.35,11.0,20.0,1.8181818181818181,0.194,20.0,0.020046032965183258,0.04995858296751976
P050_B00_L35_p1100_d20,d76,0.5,0.0,0.35,11.0,20.0,1.8181818181818181,0.194,40.0,0.019464170560240746,0.04996931925415993
P050_B00_L35_p1100_d20,d100,0.5,0.0,0.35,11.0,20.0,1.8181818181818181,0.194,0.0,0.00825978722423315,0.049966100603342056
P050_B00_L35_p1100_d20,d100,0.5,0.0,0.35,11.0,20.0,1.8181818181818181,0.194,-20.0,0.008256439119577408,0.04995717853307724
P050_B00_L35_p1100_d20,d100,0.5,0.0,0.35,11.0,20.0,1.8181818181818181,0.194,-40.0,0.008203130215406418,0.049961090087890625
P050_B00_L35_p1100_d20,d100,0.5,0.0,0.35,11.0,20.0,1.8181818181818181,0.194,20.0,0.00823033694177866,0.04995787888765335
P050_B00_L35_p1100_d20,d100,0.5,0.0,0.35,11.0,20.0,1.8181818181818181,0.194,40.0,0.008151797577738762,0.04995948076248169
P050_B00_L35_p1100_d30,d00,0.5,0.0,0.35,11.0,30.0,2.727272727272727,0.194,0.0,0.06283681839704514,0.049936749041080475
P050_B00_L35_p1100_d30,d00,0.5,0.0,0.35,11.0,30.0,2.727272727272727,0.194,-20.0,0.03980289027094841,0.049933284521102905
P050_B00_L35_p1100_d30,d00,0.5,0.0,0.35,11.0,30.0,2.727272727272727,0.194,-40.0,0.04690480977296829,0.049999773502349854
P050_B00_L35_p1100_d30,d00,0.5,0.0,0.35,11.0,30.0,2.727272727272727,0.194,20.0,0.03847351670265198,0.049933284521102905
P050_B00_L35_p1100_d30,d00,0.5,0.0,0.35,11.0,30.0,2.727272727272727,0.194,40.0,0.041613735258579254,0.05000116303563118
P050_B00_L35_p1100_d30,d76,0.5,0.0,0.35,11.0,30.0,2.727272727272727,0.194,0.0,0.01574707217514515,0.04993462190032005
P050_B00_L35_p1100_d30,d76,0.5,0.0,0.35,11.0,30.0,2.727272727272727,0.194,-20.0,0.012091248296201229,0.049930259585380554
P050_B00_L35_p1100_d30,d76,0.5,0.0,0.35,11.0,30.0,2.727272727272727,0.194,-40.0,0.014436934143304825,0.049946319311857224
P050_B00_L35_p1100_d30,d76,0.5,0.0,0.35,11.0,30.0,2.727272727272727,0.194,20.0,0.011550662107765675,0.04993034154176712
P050_B00_L35_p1100_d30,d76,0.5,0.0,0.35,11.0,30.0,2.727272727272727,0.194,40.0,0.013179940171539783,0.04994957149028778
P050_B00_L35_p1100_d30,d100,0.5,0.0,0.35,11.0,30.0,2.727272727272727,0.194,0.0,0.006977789103984833,0.04993366077542305
P050_B00_L35_p1100_d30,d100,0.5,0.0,0.35,11.0,30.0,2.727272727272727,0.194,-20.0,0.007057849317789078,0.049929335713386536
P050_B00_L35_p1100_d30,d100,0.5,0.0,0.35,11.0,30.0,2.727272727272727,0.194,-40.0,0.007080247160047293,0.0499291867017746
P050_B00_L35_p1100_d30,d100,0.5,0.0,0.35,11.0,30.0,2.727272727272727,0.194,20.0,0.006836166139692068,0.04992949962615967
P050_B00_L35_p1100_d30,d100,0.5,0.0,0.35,11.0,30.0,2.727272727272727,0.194,40.0,0.0068339635618031025,0.04993298649787903
P050_B00_L35_p1100_d40,d00,0.5,0.0,0.35,11.0,40.0,3.6363636363636362,0.194,0.0,0.03201628103852272,0.049943707883358
P050_B00_L35_p1100_d40,d00,0.5,0.0,0.35,11.0,40.0,3.6363636363636362,0.194,-20.0,0.02183065377175808,0.04993880167603493
P050_B00_L35_p1100_d40,d00,0.5,0.0,0.35,11.0,40.0,3.6363636363636362,0.194,-40.0,0.02411470375955105,0.04999558627605438
P050_B00_L35_p1100_d40,d00,0.5,0.0,0.35,11.0,40.0,3.6363636363636362,0.194,20.0,0.022614402696490288,0.04993675649166107
P050_B00_L35_p1100_d40,d00,0.5,0.0,0.35,11.0,40.0,3.6363636363636362,0.194,40.0,0.024517983198165894,0.04999890550971031
P050_B00_L35_p1100_d40,d76,0.5,0.0,0.35,11.0,40.0,3.6363636363636362,0.194,0.0,0.008996190503239632,0.049941834062337875
P050_B00_L35_p1100_d40,d76,0.5,0.0,0.35,11.0,40.0,3.6363636363636362,0.194,-20.0,0.007782655768096447,0.04993581399321556
P050_B00_L35_p1100_d40,d76,0.5,0.0,0.35,11.0,40.0,3.6363636363636362,0.194,-40.0,0.008823641575872898,0.04994693025946617
P050_B00_L35_p1100_d40,d76,0.5,0.0,0.35,11.0,40.0,3.6363636363636362,0.194,20.0,0.007944380864501,0.049934022128582
P050_B00_L35_p1100_d40,d76,0.5,0.0,0.35,11.0,40.0,3.6363636363636362,0.194,40.0,0.008945065550506115,0.0499483123421669
P050_B00_L35_p1100_d40,d100,0.5,0.0,0.35,11.0,40.0,3.6363636363636362,0.194,0.0,0.00615096976980567,0.049941182136535645
P050_B00_L35_p1100_d40,d100,0.5,0.0,0.35,11.0,40.0,3.6363636363636362,0.194,-20.0,0.006102365907281637,0.049935221672058105
P050_B00_L35_p1100_d40,d100,0.5,0.0,0.35,11.0,40.0,3.6363636363636362,0.194,-40.0,0.00611831434071064,0.04993215575814247
P050_B00_L35_p1100_d40,d100,0.5,0.0,0.35,11.0,40.0,3.6363636363636362,0.194,20.0,0.006138630677014589,0.04993343725800514
P050_B00_L35_p1100_d40,d100,0.5,0.0,0.35,11.0,40.0,3.6363636363636362,0.194,40.0,0.006121001206338406,0.04993298649787903
P050_B00_L35_p1100_d50,d00,0.5,0.0,0.35,11.0,50.0,4.545454545454546,0.194,0.0,0.012222393415868282,0.04994665086269379
P050_B00_L35_p1100_d50,d00,0.5,0.0,0.35,11.0,50.0,4.545454545454546,0.194,-20.0,0.013425253331661224,0.04993639141321182
P050_B00_L35_p1100_d50,d00,0.5,0.0,0.35,11.0,50.0,4.545454545454546,0.194,-40.0,0.014862196519970894,0.04999834671616554
P050_B00_L35_p1100_d50,d00,0.5,0.0,0.35,11.0,50.0,4.545454545454546,0.194,20.0,0.013249759562313557,0.04994068667292595
P050_B00_L35_p1100_d50,d00,0.5,0.0,0.35,11.0,50.0,4.545454545454546,0.194,40.0,0.015255305916070938,0.05000020191073418
P050_B00_L35_p1100_d50,d76,0.5,0.0,0.35,11.0,50.0,4.545454545454546,0.194,0.0,0.005561111029237509,0.04994484782218933
P050_B00_L35_p1100_d50,d76,0.5,0.0,0.35,11.0,50.0,4.545454545454546,0.194,-20.0,0.0057149906642735004,0.04993365705013275
P050_B00_L35_p1100_d50,d76,0.5,0.0,0.35,11.0,50.0,4.545454545454546,0.194,-40.0,0.006398154888302088,0.04995258152484894
P050_B00_L35_p1100_d50,d76,0.5,0.0,0.35,11.0,50.0,4.545454545454546,0.194,20.0,0.005721537861973047,0.04993853345513344
P050_B00_L35_p1100_d50,d76,0.5,0.0,0.35,11.0,50.0,4.545454545454546,0.194,40.0,0.006438368000090122,0.049953870475292206
P050_B00_L35_p1100_d50,d100,0.5,0.0,0.35,11.0,50.0,4.545454545454546,0.194,0.0,0.00520410155877471,0.049944281578063965
P050_B00_L35_p1100_d50,d100,0.5,0.0,0.35,11.0,50.0,4.545454545454546,0.194,-20.0,0.005117916967719793,0.049932606518268585
P050_B00_L35_p1100_d50,d100,0.5,0.0,0.35,11.0,50.0,4.545454545454546,0.194,-40.0,0.005264702253043652,0.049938447773456573
P050_B00_L35_p1100_d50,d100,0.5,0.0,0.35,11.0,50.0,4.545454545454546,0.194,20.0,0.00513612711802125,0.049937911331653595
P050_B00_L35_p1100_d50,d100,0.5,0.0,0.35,11.0,50.0,4.545454545454546,0.194,40.0,0.005255651660263538,0.04993829131126404
P050_B35_L00_p0375_d20,d00,0.5,0.35,0.0,3.75,20.0,5.333333333333333,0.3535,0.0,0.005227426998317242,0.0498015321791172
P050_B35_L00_p0375_d20,d00,0.5,0.35,0.0,3.75,20.0,5.333333333333333,0.3535,-20.0,0.0067242407239973545,0.04979231581091881
P050_B35_L00_p0375_d20,d00,0.5,0.35,0.0,3.75,20.0,5.333333333333333,0.3535,-40.0,0.00980049092322588,0.05000157281756401
P050_B35_L00_p0375_d20,d00,0.5,0.35,0.0,3.75,20.0,5.333333333333333,0.3535,20.0,0.0068631861358881,0.04979545623064041
P050_B35_L00_p0375_d20,d00,0.5,0.35,0.0,3.75,20.0,5.333333333333333,0.3535,40.0,0.00983533263206482,0.05000453069806099
P050_B35_L00_p0375_d20,d76,0.5,0.35,0.0,3.75,20.0,5.333333333333333,0.3535,0.0,0.0035752542316913605,0.04979345574975014
P050_B35_L00_p0375_d20,d76,0.5,0.35,0.0,3.75,20.0,5.333333333333333,0.3535,-20.0,0.003912531770765781,0.04978305101394653
P050_B35_L00_p0375_d20,d76,0.5,0.35,0.0,3.75,20.0,5.333333333333333,0.3535,-40.0,0.00502606900408864,0.04983878880739212
P050_B35_L00_p0375_d20,d76,0.5,0.35,0.0,3.75,20.0,5.333333333333333,0.3535,20.0,0.003957354463636875,0.04978589713573456
P050_B35_L00_p0375_d20,d76,0.5,0.35,0.0,3.75,20.0,5.333333333333333,0.3535,40.0,0.004999637138098478,0.04983610287308693
P050_B35_L00_p0375_d20,d100,0.5,0.35,0.0,3.75,20.0,5.333333333333333,0.3535,0.0,0.0035851155407726765,0.04979128763079643
P050_B35_L00_p0375_d20,d100,0.5,0.35,0.0,3.75,20.0,5.333333333333333,0.3535,-20.0,0.003699042135849595,0.04977988079190254
P050_B35_L00_p0375_d20,d100,0.5,0.35,0.0,3.75,20.0,5.333333333333333,0.3535,-40.0,0.004183915443718433,0.0497872494161129
P050_B35_L00_p0375_d20,d100,0.5,0.35,0.0,3.75,20.0,5.333333333333333,0.3535,20.0,0.00372297246940434,0.04978256672620773
P050_B35_L00_p0375_d20,d100,0.5,0.35,0.0,3.75,20.0,5.333333333333333,0.3535,40.0,0.00417960062623024,0.049782563000917435
P050_B35_L00_p0375_d30,d00,0.5,0.35,0.0,3.75,30.0,8.0,0.3535,0.0,0.0029433979652822018,0.04968065768480301
P050_B35_L00_p0375_d30,d00,0.5,0.35,0.0,3.75,30.0,8.0,0.3535,-20.0,0.0033527794294059277,0.04965374246239662
P050_B35_L00_p0375_d30,d00,0.5,0.35,0.0,3.75,30.0,8.0,0.3535,-40.0,0.004255663603544235,0.05000783130526543
P050_B35_L00_p0375_d30,d00,0.5,0.35,0.0,3.75,30.0,8.0,0.3535,20.0,0.0034034070558845997,0.04965540021657944
P050_B35_L00_p0375_d30,d00,0.5,0.35,0.0,3.75,30.0,8.0,0.3535,40.0,0.004252422600984573,0.0500100776553154
P050_B35_L00_p0375_d30,d76,0.5,0.35,0.0,3.75,30.0,8.0,0.3535,0.0,0.0025513607542961836,0.04966942220926285
P050_B35_L00_p0375_d30,d76,0.5,0.35,0.0,3.75,30.0,8.0,0.3535,-20.0,0.002764287171885371,0.049639780074357986
P050_B35_L00_p0375_d30,d76,0.5,0.35,0.0,3.75,30.0,8.0,0.3535,-40.0,0.003424258204177022,0.049721941351890564
P050_B35_L00_p0375_d30,d76,0.5,0.35,0.0,3.75,30.0,8.0,0.3535,20.0,0.0027558200526982546,0.049640730023384094
P050_B35_L00_p0375_d30,d76,0.5,0.35,0.0,3.75,30.0,8.0,0.3535,40.0,0.0034730329643934965,0.0497308075428009
P050_B35_L00_p0375_d30,d100,0.5,0.35,0.0,3.75,30.0,8.0,0.3535,0.0,0.0026809368282556534,0.049666114151477814
P050_B35_L00_p0375_d30,d100,0.5,0.35,0.0,3.75,30.0,8.0,0.3535,-20.0,0.0028551416471600533,0.04963558539748192
P050_B35_L00_p0375_d30,d100,0.5,0.35,0.0,3.75,30.0,8.0,0.3535,-40.0,0.003515876131132245,0.049633290618658066
P050_B35_L00_p0375_d30,d100,0.5,0.35,0.0,3.75,30.0,8.0,0.3535,20.0,0.002898086328059435,0.04963599517941475
P050_B35_L00_p0375_d30,d100,0.5,0.35,0.0,3.75,30.0,8.0,0.3535,40.0,0.0035471953451633453,0.04964001476764679
P050_B35_L00_p0375_d40,d00,0.5,0.35,0.0,3.75,40.0,10.666666666666666,0.3535,0.0,0.0024917996488511562,0.04968637228012085
P050_B35_L00_p0375_d40,d00,0.5,0.35,0.0,3.75,40.0,10.666666666666666,0.3535,-20.0,0.002453141612932086,0.049662210047245026
P050_B35_L00_p0375_d40,d00,0.5,0.35,0.0,3.75,40.0,10.666666666666666,0.3535,-40.0,0.003348788246512413,0.050001807510852814
P050_B35_L00_p0375_d40,d00,0.5,0.35,0.0,3.75,40.0,10.666666666666666,0.3535,20.0,0.002394417067989707,0.04966146871447563
P050_B35_L00_p0375_d40,d00,0.5,0.35,0.0,3.75,40.0,10.666666666666666,0.3535,40.0,0.0033962130546569824,0.0499999076128006
P050_B35_L00_p0375_d40,d76,0.5,0.35,0.0,3.75,40.0,10.666666666666666,0.3535,0.0,0.0020859437063336372,0.04967445507645607
P050_B35_L00_p0375_d40,d76,0.5,0.35,0.0,3.75,40.0,10.666666666666666,0.3535,-20.0,0.0022877445444464684,0.04964765906333923
P050_B35_L00_p0375_d40,d76,0.5,0.35,0.0,3.75,40.0,10.666666666666666,0.3535,-40.0,0.002977880649268627,0.04973255470395088
P050_B35_L00_p0375_d40,d76,0.5,0.35,0.0,3.75,40.0,10.666666666666666,0.3535,20.0,0.002266429830342531,0.04964563623070717
P050_B35_L00_p0375_d40,d76,0.5,0.35,0.0,3.75,40.0,10.666666666666666,0.3535,40.0,0.0030093344394117594,0.049733925610780716
P050_B35_L00_p0375_d40,d100,0.5,0.35,0.0,3.75,40.0,10.666666666666666,0.3535,0.0,0.0021540173329412937,0.04967156797647476
P050_B35_L00_p0375_d40,d100,0.5,0.35,0.0,3.75,40.0,10.666666666666666,0.3535,-20.0,0.0024277998600155115,0.04964287579059601
P050_B35_L00_p0375_d40,d100,0.5,0.35,0.0,3.75,40.0,10.666666666666666,0.3535,-40.0,0.003156461985781789,0.049647293984889984
P050_B35_L00_p0375_d40,d100,0.5,0.35,0.0,3.75,40.0,10.666666666666666,0.3535,20.0,0.00242348900064826,0.049640800803899765
P050_B35_L00_p0375_d40,d100,0.5,0.35,0.0,3.75,40.0,10.666666666666666,0.3535,40.0,0.0031412076205015182,0.049649741500616074
P050_B35_L00_p0375_d50,d00,0.5,0.35,0.0,3.75,50.0,13.333333333333334,0.3535,0.0,0.0023274580016732216,0.049684204161167145
P050_B35_L00_p0375_d50,d00,0.5,0.35,0.0,3.75,50.0,13.333333333333334,0.3535,-20.0,0.0020881639793515205,0.04965963959693909
P050_B35_L00_p0375_d50,d00,0.5,0.35,0.0,3.75,50.0,13.333333333333334,0.3535,-40.0,0.0029586877208203077,0.049993809312582016
P050_B35_L00_p0375_d50,d00,0.5,0.35,0.0,3.75,50.0,13.333333333333334,0.3535,20.0,0.0020917446818202734,0.04965685307979584
P050_B35_L00_p0375_d50,d00,0.5,0.35,0.0,3.75,50.0,13.333333333333334,0.3535,40.0,0.0028977389447391033,0.05000501871109009
P050_B35_L00_p0375_d50,d76,0.5,0.35,0.0,3.75,50.0,13.333333333333334,0.3535,0.0,0.0018520872108638287,0.04967328533530235
P050_B35_L00_p0375_d50,d76,0.5,0.35,0.0,3.75,50.0,13.333333333333334,0.3535,-20.0,0.0020584305748343468,0.04964529722929001
P050_B35_L00_p0375_d50,d76,0.5,0.35,0.0,3.75,50.0,13.333333333333334,0.3535,-40.0,0.0027902128640562296,0.04971923679113388
P050_B35_L00_p0375_d50,d76,0.5,0.35,0.0,3.75,50.0,13.333333333333334,0.3535,20.0,0.002030319068580866,0.04964281991124153
P050_B35_L00_p0375_d50,d76,0.5,0.35,0.0,3.75,50.0,13.333333333333334,0.3535,40.0,0.0027895558159798384,0.049724262207746506
P050_B35_L00_p0375_d50,d100,0.5,0.35,0.0,3.75,50.0,13.333333333333334,0.3535,0.0,0.0018630255945026875,0.049670323729515076
P050_B35_L00_p0375_d50,d100,0.5,0.35,0.0,3.75,50.0,13.333333333333334,0.3535,-20.0,0.0022115481551736593,0.049640920013189316
P050_B35_L00_p0375_d50,d100,0.5,0.35,0.0,3.75,50.0,13.333333333333334,0.3535,-40.0,0.002949159825220704,0.049636632204055786
P050_B35_L00_p0375_d50,d100,0.5,0.35,0.0,3.75,50.0,13.333333333333334,0.3535,20.0,0.0021709054708480835,0.04963769391179085
P050_B35_L00_p0375_d50,d100,0.5,0.35,0.0,3.75,50.0,13.333333333333334,0.3535,40.0,0.0029242360033094883,0.049638960510492325
P050_B35_L00_p0550_d20,d00,0.5,0.35,0.0,5.5,20.0,3.6363636363636362,0.3535,0.0,0.020704125985503197,0.049905359745025635
P050_B35_L00_p0550_d20,d00,0.5,0.35,0.0,5.5,20.0,3.6363636363636362,0.3535,-20.0,0.013263771310448647,0.04990342631936073
P050_B35_L00_p0550_d20,d00,0.5,0.35,0.0,5.5,20.0,3.6363636363636362,0.3535,-40.0,0.016204599291086197,0.05000055581331253
P050_B35_L00_p0550_d20,d00,0.5,0.35,0.0,5.5,20.0,3.6363636363636362,0.3535,20.0,0.01353350467979908,0.04990450292825699
P050_B35_L00_p0550_d20,d00,0.5,0.35,0.0,5.5,20.0,3.6363636363636362,0.3535,40.0,0.016197241842746735,0.049999337643384933
P050_B35_L00_p0550_d20,d76,0.5,0.35,0.0,5.5,20.0,3.6363636363636362,0.3535,0.0,0.0068216510117053986,0.04990111291408539
P050_B35_L00_p0550_d20,d76,0.5,0.35,0.0,5.5,20.0,3.6363636363636362,0.3535,-20.0,0.005790486000478268,0.049899470061063766
P050_B35_L00_p0550_d20,d76,0.5,0.35,0.0,5.5,20.0,3.6363636363636362,0.3535,-40.0,0.006953624077141285,0.049919236451387405
P050_B35_L00_p0550_d20,d76,0.5,0.35,0.0,5.5,20.0,3.6363636363636362,0.3535,20.0,0.005809421185404062,0.049900542944669724
P050_B35_L00_p0550_d20,d76,0.5,0.35,0.0,5.5,20.0,3.6363636363636362,0.3535,40.0,0.006906653754413128,0.049914177507162094
P050_B35_L00_p0550_d20,d100,0.5,0.35,0.0,5.5,20.0,3.6363636363636362,0.3535,0.0,0.004400314297527075,0.04989994689822197
P050_B35_L00_p0550_d20,d100,0.5,0.35,0.0,5.5,20.0,3.6363636363636362,0.3535,-20.0,0.00445970194414258,0.04989839717745781
P050_B35_L00_p0550_d20,d100,0.5,0.35,0.0,5.5,20.0,3.6363636363636362,0.3535,-40.0,0.0048293061554431915,0.049892961978912354
P050_B35_L00_p0550_d20,d100,0.5,0.35,0.0,5.5,20.0,3.6363636363636362,0.3535,20.0,0.00442931056022644,0.04989934340119362
P050_B35_L00_p0550_d20,d100,0.5,0.35,0.0,5.5,20.0,3.6363636363636362,0.3535,40.0,0.004765791352838278,0.04988744482398033
P050_B35_L00_p0550_d30,d00,0.5,0.35,0.0,5.5,30.0,5.454545454545454,0.3535,0.0,0.005118270870298147,0.049852658063173294
P050_B35_L00_p0550_d30,d00,0.5,0.35,0.0,5.5,30.0,5.454545454545454,0.3535,-20.0,0.00656095240265131,0.04984871298074722
P050_B35_L00_p0550_d30,d00,0.5,0.35,0.0,5.5,30.0,5.454545454545454,0.3535,-40.0,0.0092885447666049,0.04999479651451111
P050_B35_L00_p0550_d30,d00,0.5,0.35,0.0,5.5,30.0,5.454545454545454,0.3535,20.0,0.006380659528076649,0.049849677830934525
P050_B35_L00_p0550_d30,d00,0.5,0.35,0.0,5.5,30.0,5.454545454545454,0.3535,40.0,0.009095181711018085,0.04999757930636406
P050_B35_L00_p0550_d30,d76,0.5,0.35,0.0,5.5,30.0,5.454545454545454,0.3535,0.0,0.0034689984750002623,0.049847137182950974
P050_B35_L00_p0550_d30,d76,0.5,0.35,0.0,5.5,30.0,5.454545454545454,0.3535,-20.0,0.0037931313272565603,0.04984299838542938
P050_B35_L00_p0550_d30,d76,0.5,0.35,0.0,5.5,30.0,5.454545454545454,0.3535,-40.0,0.00483003631234169,0.04986855760216713
P050_B35_L00_p0550_d30,d76,0.5,0.35,0.0,5.5,30.0,5.454545454545454,0.3535,20.0,0.003735198173671961,0.04984353482723236
P050_B35_L00_p0550_d30,d76,0.5,0.35,0.0,5.5,30.0,5.454545454545454,0.3535,40.0,0.004731091670691967,0.049870651215314865
P050_B35_L00_p0550_d30,d100,0.5,0.35,0.0,5.5,30.0,5.454545454545454,0.3535,0.0,0.003434440353885293,0.04984525963664055
P050_B35_L00_p0550_d30,d100,0.5,0.35,0.0,5.5,30.0,5.454545454545454,0.3535,-20.0,0.003610077081248164,0.049841053783893585
P050_B35_L00_p0550_d30,d100,0.5,0.35,0.0,5.5,30.0,5.454545454545454,0.3535,-40.0,0.004140473436564207,0.04982888326048851
P050_B35_L00_p0550_d30,d100,0.5,0.35,0.0,5.5,30.0,5.454545454545454,0.3535,20.0,0.0035495413467288017,0.04984148219227791
P050_B35_L00_p0550_d30,d100,0.5,0.35,0.0,5.5,30.0,5.454545454545454,0.3535,40.0,0.004052968695759773,0.04983055219054222
P050_B35_L00_p0550_d40,d00,0.5,0.35,0.0,5.5,40.0,7.2727272727272725,0.3535,0.0,0.003139502601698041,0.04985496401786804
P050_B35_L00_p0550_d40,d00,0.5,0.35,0.0,5.5,40.0,7.2727272727272725,0.3535,-20.0,0.004034002311527729,0.04984332248568535
P050_B35_L00_p0550_d40,d00,0.5,0.35,0.0,5.5,40.0,7.2727272727272725,0.3535,-40.0,0.004600507207214832,0.04999565705657005
P050_B35_L00_p0550_d40,d00,0.5,0.35,0.0,5.5,40.0,7.2727272727272725,0.3535,20.0,0.0038095221389085054,0.049845919013023376
P050_B35_L00_p0550_d40,d00,0.5,0.35,0.0,5.5,40.0,7.2727272727272725,0.3535,40.0,0.00444902665913105,0.05000391602516174
P050_B35_L00_p0550_d40,d76,0.5,0.35,0.0,5.5,40.0,7.2727272727272725,0.3535,0.0,0.002693248214200139,0.04984968528151512
P050_B35_L00_p0550_d40,d76,0.5,0.35,0.0,5.5,40.0,7.2727272727272725,0.3535,-20.0,0.0030238714534789324,0.04983696714043617
P050_B35_L00_p0550_d40,d76,0.5,0.35,0.0,5.5,40.0,7.2727272727272725,0.3535,-40.0,0.0035612264182418585,0.04987335577607155
P050_B35_L00_p0550_d40,d76,0.5,0.35,0.0,5.5,40.0,7.2727272727272725,0.3535,20.0,0.0028684278950095177,0.049839768558740616
P050_B35_L00_p0550_d40,d76,0.5,0.35,0.0,5.5,40.0,7.2727272727272725,0.3535,40.0,0.003504488617181778,0.04987098276615143
P050_B35_L00_p0550_d40,d100,0.5,0.35,0.0,5.5,40.0,7.2727272727272725,0.3535,0.0,0.002803447423502803,0.0498480461537838
P050_B35_L00_p0550_d40,d100,0.5,0.35,0.0,5.5,40.0,7.2727272727272725,0.3535,-20.0,0.0030399912502616644,0.04983426257967949
P050_B35_L00_p0550_d40,d100,0.5,0.35,0.0,5.5,40.0,7.2727272727272725,0.3535,-40.0,0.0036376446951180696,0.049835242331027985
P050_B35_L00_p0550_d40,d100,0.5,0.35,0.0,5.5,40.0,7.2727272727272725,0.3535,20.0,0.0029335077852010727,0.04983724281191826
P050_B35_L00_p0550_d40,d100,0.5,0.35,0.0,5.5,40.0,7.2727272727272725,0.3535,40.0,0.0035624972078949213,0.04982846602797508
P050_B35_L00_p0550_d50,d00,0.5,0.35,0.0,5.5,50.0,9.090909090909092,0.3535,0.0,0.00270422687754035,0.0498497448861599
P050_B35_L00_p0550_d50,d00,0.5,0.35,0.0,5.5,50.0,9.090909090909092,0.3535,-20.0,0.0028494109865278006,0.049845799803733826
P050_B35_L00_p0550_d50,d00,0.5,0.35,0.0,5.5,50.0,9.090909090909092,0.3535,-40.0,0.003963857423514128,0.050009194761514664
P050_B35_L00_p0550_d50,d00,0.5,0.35,0.0,5.5,50.0,9.090909090909092,0.3535,20.0,0.002832425059750676,0.04984814673662186
P050_B35_L00_p0550_d50,d00,0.5,0.35,0.0,5.5,50.0,9.090909090909092,0.3535,40.0,0.003993547055870295,0.049999602138996124
P050_B35_L00_p0550_d50,d76,0.5,0.35,0.0,5.5,50.0,9.090909090909092,0.3535,0.0,0.0023016955237835646,0.04984450712800026
P050_B35_L00_p0550_d50,d76,0.5,0.35,0.0,5.5,50.0,9.090909090909092,0.3535,-20.0,0.0024726816918700933,0.04983938857913017
P050_B35_L00_p0550_d50,d76,0.5,0.35,0.0,5.5,50.0,9.090909090909092,0.3535,-40.0,0.0032239097636193037,0.0498715341091156
P050_B35_L00_p0550_d50,d76,0.5,0.35,0.0,5.5,50.0,9.090909090909092,0.3535,20.0,0.0024798742961138487,0.049841124564409256
P050_B35_L00_p0550_d50,d76,0.5,0.35,0.0,5.5,50.0,9.090909090909092,0.3535,40.0,0.003196363104507327,0.04987545683979988
P050_B35_L00_p0550_d50,d100,0.5,0.35,0.0,5.5,50.0,9.090909090909092,0.3535,0.0,0.0023994119837880135,0.04984283074736595
P050_B35_L00_p0550_d50,d100,0.5,0.35,0.0,5.5,50.0,9.090909090909092,0.3535,-20.0,0.0026286018546670675,0.049837373197078705
P050_B35_L00_p0550_d50,d100,0.5,0.35,0.0,5.5,50.0,9.090909090909092,0.3535,-40.0,0.0033365986309945583,0.049828626215457916
P050_B35_L00_p0550_d50,d100,0.5,0.35,0.0,5.5,50.0,9.090909090909092,0.3535,20.0,0.002614005468785763,0.049839191138744354
P050_B35_L00_p0550_d50,d100,0.5,0.35,0.0,5.5,50.0,9.090909090909092,0.3535,40.0,0.003282116958871484,0.049834661185741425
P050_B35_L00_p0750_d20,d00,0.5,0.35,0.0,7.5,20.0,2.6666666666666665,0.3535,0.0,0.01674104854464531,0.04995973780751228
P050_B35_L00_p0750_d20,d00,0.5,0.35,0.0,7.5,20.0,2.6666666666666665,0.3535,-20.0,0.02572803758084774,0.04995856061577797
P050_B35_L00_p0750_d20,d00,0.5,0.35,0.0,7.5,20.0,2.6666666666666665,0.3535,-40.0,0.02716083824634552,0.049999795854091644
P050_B35_L00_p0750_d20,d00,0.5,0.35,0.0,7.5,20.0,2.6666666666666665,0.3535,20.0,0.02566429227590561,0.0499577596783638
P050_B35_L00_p0750_d20,d00,0.5,0.35,0.0,7.5,20.0,2.6666666666666665,0.3535,40.0,0.02660759910941124,0.04999961704015732
P050_B35_L00_p0750_d20,d76,0.5,0.35,0.0,7.5,20.0,2.6666666666666665,0.3535,0.0,0.0076231323182582855,0.04995853453874588
P050_B35_L00_p0750_d20,d76,0.5,0.35,0.0,7.5,20.0,2.6666666666666665,0.3535,-20.0,0.009132163599133492,0.049955978989601135
P050_B35_L00_p0750_d20,d76,0.5,0.35,0.0,7.5,20.0,2.6666666666666665,0.3535,-40.0,0.009881218895316124,0.04996725544333458
P050_B35_L00_p0750_d20,d76,0.5,0.35,0.0,7.5,20.0,2.6666666666666665,0.3535,20.0,0.009106386452913284,0.04995623603463173
P050_B35_L00_p0750_d20,d76,0.5,0.35,0.0,7.5,20.0,2.6666666666666665,0.3535,40.0,0.009788746014237404,0.049966853111982346
P050_B35_L00_p0750_d20,d100,0.5,0.35,0.0,7.5,20.0,2.6666666666666665,0.3535,0.0,0.005382093135267496,0.04995805397629738
P050_B35_L00_p0750_d20,d100,0.5,0.35,0.0,7.5,20.0,2.6666666666666665,0.3535,-20.0,0.0054602003656327724,0.04995489865541458
P050_B35_L00_p0750_d20,d100,0.5,0.35,0.0,7.5,20.0,2.6666666666666665,0.3535,-40.0,0.005694500636309385,0.049956824630498886
P050_B35_L00_p0750_d20,d100,0.5,0.35,0.0,7.5,20.0,2.6666666666666665,0.3535,20.0,0.005435434635728598,0.04995568096637726
P050_B35_L00_p0750_d20,d100,0.5,0.35,0.0,7.5,20.0,2.6666666666666665,0.3535,40.0,0.005652513820677996,0.049956146627664566
P050_B35_L00_p0750_d30,d00,0.5,0.35,0.0,7.5,30.0,4.0,0.3535,0.0,0.014018859714269638,0.049919493496418
P050_B35_L00_p0750_d30,d00,0.5,0.35,0.0,7.5,30.0,4.0,0.3535,-20.0,0.010550813749432564,0.04991383105516434
P050_B35_L00_p0750_d30,d00,0.5,0.35,0.0,7.5,30.0,4.0,0.3535,-40.0,0.013188225217163563,0.04999927803874016
P050_B35_L00_p0750_d30,d00,0.5,0.35,0.0,7.5,30.0,4.0,0.3535,20.0,0.011103051714599133,0.04991413280367851
P050_B35_L00_p0750_d30,d00,0.5,0.35,0.0,7.5,30.0,4.0,0.3535,40.0,0.01449296623468399,0.04999703913927078
P050_B35_L00_p0750_d30,d76,0.5,0.35,0.0,7.5,30.0,4.0,0.3535,0.0,0.00537754176184535,0.04991655424237251
P050_B35_L00_p0750_d30,d76,0.5,0.35,0.0,7.5,30.0,4.0,0.3535,-20.0,0.005089158657938242,0.049910303205251694
P050_B35_L00_p0750_d30,d76,0.5,0.35,0.0,7.5,30.0,4.0,0.3535,-40.0,0.006035049445927143,0.04993189871311188
P050_B35_L00_p0750_d30,d76,0.5,0.35,0.0,7.5,30.0,4.0,0.3535,20.0,0.005283807870000601,0.04991033673286438
P050_B35_L00_p0750_d30,d76,0.5,0.35,0.0,7.5,30.0,4.0,0.3535,40.0,0.00646207807585597,0.04993082955479622
P050_B35_L00_p0750_d30,d100,0.5,0.35,0.0,7.5,30.0,4.0,0.3535,0.0,0.00416916236281395,0.04991554841399193
P050_B35_L00_p0750_d30,d100,0.5,0.35,0.0,7.5,30.0,4.0,0.3535,-20.0,0.004232588689774275,0.04990916699171066
P050_B35_L00_p0750_d30,d100,0.5,0.35,0.0,7.5,30.0,4.0,0.3535,-40.0,0.004637902602553368,0.04991086572408676
P050_B35_L00_p0750_d30,d100,0.5,0.35,0.0,7.5,30.0,4.0,0.3535,20.0,0.004390363115817308,0.04990912228822708
P050_B35_L00_p0750_d30,d100,0.5,0.35,0.0,7.5,30.0,4.0,0.3535,40.0,0.004790500272065401,0.049910031259059906
P050_B35_L00_p0750_d40,d00,0.5,0.35,0.0,7.5,40.0,5.333333333333333,0.3535,0.0,0.004933643154799938,0.04992055892944336
P050_B35_L00_p0750_d40,d00,0.5,0.35,0.0,7.5,40.0,5.333333333333333,0.3535,-20.0,0.006152644753456116,0.04991691932082176
P050_B35_L00_p0750_d40,d00,0.5,0.35,0.0,7.5,40.0,5.333333333333333,0.3535,-40.0,0.009669988416135311,0.0500032939016819
P050_B35_L00_p0750_d40,d00,0.5,0.35,0.0,7.5,40.0,5.333333333333333,0.3535,20.0,0.006032577250152826,0.04991715028882027
P050_B35_L00_p0750_d40,d00,0.5,0.35,0.0,7.5,40.0,5.333333333333333,0.3535,40.0,0.009305484592914581,0.050001051276922226
P050_B35_L00_p0750_d40,d76,0.5,0.35,0.0,7.5,40.0,5.333333333333333,0.3535,0.0,0.0032858254853636026,0.049917902797460556
P050_B35_L00_p0750_d40,d76,0.5,0.35,0.0,7.5,40.0,5.333333333333333,0.3535,-20.0,0.0036440652329474688,0.049913447350263596
P050_B35_L00_p0750_d40,d76,0.5,0.35,0.0,7.5,40.0,5.333333333333333,0.3535,-40.0,0.00489489221945405,0.04993175342679024
P050_B35_L00_p0750_d40,d76,0.5,0.35,0.0,7.5,40.0,5.333333333333333,0.3535,20.0,0.0036053138319402933,0.04991370439529419
P050_B35_L00_p0750_d40,d76,0.5,0.35,0.0,7.5,40.0,5.333333333333333,0.3535,40.0,0.004743638448417187,0.049932122230529785
P050_B35_L00_p0750_d40,d100,0.5,0.35,0.0,7.5,40.0,5.333333333333333,0.3535,0.0,0.0032299403101205826,0.049916863441467285
P050_B35_L00_p0750_d40,d100,0.5,0.35,0.0,7.5,40.0,5.333333333333333,0.3535,-20.0,0.0034589602146297693,0.049912191927433014
P050_B35_L00_p0750_d40,d100,0.5,0.35,0.0,7.5,40.0,5.333333333333333,0.3535,-40.0,0.00402283389121294,0.0499102883040905
P050_B35_L00_p0750_d40,d100,0.5,0.35,0.0,7.5,40.0,5.333333333333333,0.3535,20.0,0.0034226623829454184,0.049912773072719574
P050_B35_L00_p0750_d40,d100,0.5,0.35,0.0,7.5,40.0,5.333333333333333,0.3535,40.0,0.003922513220459223,0.04991024360060692
P050_B35_L00_p0750_d50,d00,0.5,0.35,0.0,7.5,50.0,6.666666666666667,0.3535,0.0,0.0034664738923311234,0.049913421273231506
P050_B35_L00_p0750_d50,d00,0.5,0.35,0.0,7.5,50.0,6.666666666666667,0.3535,-20.0,0.004877800587564707,0.04990323632955551
P050_B35_L00_p0750_d50,d00,0.5,0.35,0.0,7.5,50.0,6.666666666666667,0.3535,-40.0,0.005610226187855005,0.05000114068388939
P050_B35_L00_p0750_d50,d00,0.5,0.35,0.0,7.5,50.0,6.666666666666667,0.3535,20.0,0.004604999907314777,0.049903787672519684
P050_B35_L00_p0750_d50,d00,0.5,0.35,0.0,7.5,50.0,6.666666666666667,0.3535,40.0,0.005343206226825714,0.05000196769833565
P050_B35_L00_p0750_d50,d76,0.5,0.35,0.0,7.5,50.0,6.666666666666667,0.3535,0.0,0.0028367703780531883,0.04991026222705841
P050_B35_L00_p0750_d50,d76,0.5,0.35,0.0,7.5,50.0,6.666666666666667,0.3535,-20.0,0.0032180389389395714,0.0498981811106205
P050_B35_L00_p0750_d50,d76,0.5,0.35,0.0,7.5,50.0,6.666666666666667,0.3535,-40.0,0.003803796134889126,0.04992646351456642
P050_B35_L00_p0750_d50,d76,0.5,0.35,0.0,7.5,50.0,6.666666666666667,0.3535,20.0,0.0031166039407253265,0.049899809062480927
P050_B35_L00_p0750_d50,d76,0.5,0.35,0.0,7.5,50.0,6.666666666666667,0.3535,40.0,0.0037337355315685272,0.04992539435625076
P050_B35_L00_p0750_d50,d100,0.5,0.35,0.0,7.5,50.0,6.666666666666667,0.3535,0.0,0.002944579115137458,0.04990965873003006
P050_B35_L00_p0750_d50,d100,0.5,0.35,0.0,7.5,50.0,6.666666666666667,0.3535,-20.0,0.003166132839396596,0.049896858632564545
P050_B35_L00_p0750_d50,d100,0.5,0.35,0.0,7.5,50.0,6.666666666666667,0.3535,-40.0,0.0037236001808196306,0.04990227520465851
P050_B35_L00_p0750_d50,d100,0.5,0.35,0.0,7.5,50.0,6.666666666666667,0.3535,20.0,0.0030988608486950397,0.04989847168326378
P050_B35_L00_p0750_d50,d100,0.5,0.35,0.0,7.5,50.0,6.666666666666667,0.3535,40.0,0.0036924979649484158,0.049900926649570465
P050_B35_L00_p1100_d20,d00,0.5,0.35,0.0,11.0,20.0,1.8181818181818181,0.3535,0.0,0.016627782955765724,0.04997323080897331
P050_B35_L00_p1100_d20,d00,0.5,0.35,0.0,11.0,20.0,1.8181818181818181,0.3535,-20.0,0.034497108310461044,0.04997178539633751
P050_B35_L00_p1100_d20,d00,0.5,0.35,0.0,11.0,20.0,1.8181818181818181,0.3535,-40.0,0.040640588849782944,0.04999908432364464
P050_B35_L00_p1100_d20,d00,0.5,0.35,0.0,11.0,20.0,1.8181818181818181,0.3535,20.0,0.036204613745212555,0.04997105523943901
P050_B35_L00_p1100_d20,d00,0.5,0.35,0.0,11.0,20.0,1.8181818181818181,0.3535,40.0,0.03973986953496933,0.05000055581331253
P050_B35_L00_p1100_d20,d76,0.5,0.35,0.0,11.0,20.0,1.8181818181818181,0.3535,0.0,0.007616064511239529,0.04997242987155914
P050_B35_L00_p1100_d20,d76,0.5,0.35,0.0,11.0,20.0,1.8181818181818181,0.3535,-20.0,0.01214643381536007,0.04997065290808678
P050_B35_L00_p1100_d20,d76,0.5,0.35,0.0,11.0,20.0,1.8181818181818181,0.3535,-40.0,0.013490119017660618,0.049977052956819534
P050_B35_L00_p1100_d20,d76,0.5,0.35,0.0,11.0,20.0,1.8181818181818181,0.3535,20.0,0.012501941993832588,0.04996994882822037
P050_B35_L00_p1100_d20,d76,0.5,0.35,0.0,11.0,20.0,1.8181818181818181,0.3535,40.0,0.013221465982496738,0.04997754842042923
P050_B35_L00_p1100_d20,d100,0.5,0.35,0.0,11.0,20.0,1.8181818181818181,0.3535,0.0,0.006504620425403118,0.04997202381491661
P050_B35_L00_p1100_d20,d100,0.5,0.35,0.0,11.0,20.0,1.8181818181818181,0.3535,-20.0,0.006468613166362047,0.049970392137765884
P050_B35_L00_p1100_d20,d100,0.5,0.35,0.0,11.0,20.0,1.8181818181818181,0.3535,-40.0,0.006492468528449535,0.049970827996730804
P050_B35_L00_p1100_d20,d100,0.5,0.35,0.0,11.0,20.0,1.8181818181818181,0.3535,20.0,0.006431241054087877,0.04996972903609276
P050_B35_L00_p1100_d20,d100,0.5,0.35,0.0,11.0,20.0,1.8181818181818181,0.3535,40.0,0.006473302375525236,0.04997030273079872
P050_B35_L00_p1100_d30,d00,0.5,0.35,0.0,11.0,30.0,2.727272727272727,0.3535,0.0,0.018544429913163185,0.04995158314704895
P050_B35_L00_p1100_d30,d00,0.5,0.35,0.0,11.0,30.0,2.727272727272727,0.3535,-20.0,0.02580283023416996,0.04995272308588028
P050_B35_L00_p1100_d30,d00,0.5,0.35,0.0,11.0,30.0,2.727272727272727,0.3535,-40.0,0.029146302491426468,0.04999834671616554
P050_B35_L00_p1100_d30,d00,0.5,0.35,0.0,11.0,30.0,2.727272727272727,0.3535,20.0,0.025194626301527023,0.04995353892445564
P050_B35_L00_p1100_d30,d00,0.5,0.35,0.0,11.0,30.0,2.727272727272727,0.3535,40.0,0.02650383487343788,0.04999902844429016
P050_B35_L00_p1100_d30,d76,0.5,0.35,0.0,11.0,30.0,2.727272727272727,0.3535,0.0,0.0080869747325778,0.04995017871260643
P050_B35_L00_p1100_d30,d76,0.5,0.35,0.0,11.0,30.0,2.727272727272727,0.3535,-20.0,0.00920000672340393,0.049950819462537766
P050_B35_L00_p1100_d30,d76,0.5,0.35,0.0,11.0,30.0,2.727272727272727,0.3535,-40.0,0.010451355017721653,0.04995855689048767
P050_B35_L00_p1100_d30,d76,0.5,0.35,0.0,11.0,30.0,2.727272727272727,0.3535,20.0,0.008817627094686031,0.04995184391736984
P050_B35_L00_p1100_d30,d76,0.5,0.35,0.0,11.0,30.0,2.727272727272727,0.3535,40.0,0.009659474715590477,0.049958448857069016
P050_B35_L00_p1100_d30,d100,0.5,0.35,0.0,11.0,30.0,2.727272727272727,0.3535,0.0,0.0054448251612484455,0.049949418753385544
P050_B35_L00_p1100_d30,d100,0.5,0.35,0.0,11.0,30.0,2.727272727272727,0.3535,-20.0,0.005552181042730808,0.04995005205273628
P050_B35_L00_p1100_d30,d100,0.5,0.35,0.0,11.0,30.0,2.727272727272727,0.3535,-40.0,0.005797406192868948,0.049945686012506485
P050_B35_L00_p1100_d30,d100,0.5,0.35,0.0,11.0,30.0,2.727272727272727,0.3535,20.0,0.005245911423116922,0.04995129257440567
P050_B35_L00_p1100_d30,d100,0.5,0.35,0.0,11.0,30.0,2.727272727272727,0.3535,40.0,0.005487164482474327,0.04994557797908783
P050_B35_L00_p1100_d40,d00,0.5,0.35,0.0,11.0,40.0,3.6363636363636362,0.3535,0.0,0.026411332190036774,0.049958735704422
P050_B35_L00_p1100_d40,d00,0.5,0.35,0.0,11.0,40.0,3.6363636363636362,0.3535,-20.0,0.015482560731470585,0.049957048147916794
P050_B35_L00_p1100_d40,d00,0.5,0.35,0.0,11.0,40.0,3.6363636363636362,0.3535,-40.0,0.01764502190053463,0.04999711364507675
P050_B35_L00_p1100_d40,d00,0.5,0.35,0.0,11.0,40.0,3.6363636363636362,0.3535,20.0,0.016251374036073685,0.04995578154921532
P050_B35_L00_p1100_d40,d00,0.5,0.35,0.0,11.0,40.0,3.6363636363636362,0.3535,40.0,0.018380170688033104,0.04999686777591705
P050_B35_L00_p1100_d40,d76,0.5,0.35,0.0,11.0,40.0,3.6363636363636362,0.3535,0.0,0.008116509765386581,0.049957070499658585
P050_B35_L00_p1100_d40,d76,0.5,0.35,0.0,11.0,40.0,3.6363636363636362,0.3535,-20.0,0.006383332423865795,0.04995458945631981
P050_B35_L00_p1100_d40,d76,0.5,0.35,0.0,11.0,40.0,3.6363636363636362,0.3535,-40.0,0.007318384479731321,0.04996415600180626
P050_B35_L00_p1100_d40,d76,0.5,0.35,0.0,11.0,40.0,3.6363636363636362,0.3535,20.0,0.006594898644834757,0.0499541275203228
P050_B35_L00_p1100_d40,d76,0.5,0.35,0.0,11.0,40.0,3.6363636363636362,0.3535,40.0,0.007521129213273525,0.04996281862258911
P050_B35_L00_p1100_d40,d100,0.5,0.35,0.0,11.0,40.0,3.6363636363636362,0.3535,0.0,0.004847162868827581,0.0499565452337265
P050_B35_L00_p1100_d40,d100,0.5,0.35,0.0,11.0,40.0,3.6363636363636362,0.3535,-20.0,0.004762827418744564,0.049954235553741455
P050_B35_L00_p1100_d40,d100,0.5,0.35,0.0,11.0,40.0,3.6363636363636362,0.3535,-40.0,0.005065195728093386,0.049954067915678024
P050_B35_L00_p1100_d40,d100,0.5,0.35,0.0,11.0,40.0,3.6363636363636362,0.3535,20.0,0.004845812451094389,0.04995374009013176
P050_B35_L00_p1100_d40,d100,0.5,0.35,0.0,11.0,40.0,3.6363636363636362,0.3535,40.0,0.005121156573295593,0.04995276406407356
P050_B35_L00_p1100_d50,d00,0.5,0.35,0.0,11.0,50.0,4.545454545454546,0.3535,0.0,0.008726206608116627,0.04996170848608017
P050_B35_L00_p1100_d50,d00,0.5,0.35,0.0,11.0,50.0,4.545454545454546,0.3535,-20.0,0.008711717091500759,0.049955762922763824
P050_B35_L00_p1100_d50,d00,0.5,0.35,0.0,11.0,50.0,4.545454545454546,0.3535,-40.0,0.01022552140057087,0.050000373274087906
P050_B35_L00_p1100_d50,d00,0.5,0.35,0.0,11.0,50.0,4.545454545454546,0.3535,20.0,0.008248713798820972,0.04995677247643471
P050_B35_L00_p1100_d50,d00,0.5,0.35,0.0,11.0,50.0,4.545454545454546,0.3535,40.0,0.010144703090190887,0.0500018410384655
P050_B35_L00_p1100_d50,d76,0.5,0.35,0.0,11.0,50.0,4.545454545454546,0.3535,0.0,0.00438261404633522,0.0499601736664772
P050_B35_L00_p1100_d50,d76,0.5,0.35,0.0,11.0,50.0,4.545454545454546,0.3535,-20.0,0.004450175445526838,0.049953579902648926
P050_B35_L00_p1100_d50,d76,0.5,0.35,0.0,11.0,50.0,4.545454545454546,0.3535,-40.0,0.005227311979979277,0.049965750426054
P050_B35_L00_p1100_d50,d76,0.5,0.35,0.0,11.0,50.0,4.545454545454546,0.3535,20.0,0.0043799481354653835,0.04995536431670189
P050_B35_L00_p1100_d50,d76,0.5,0.35,0.0,11.0,50.0,4.545454545454546,0.3535,40.0,0.0051950677298009396,0.04996633902192116
P050_B35_L00_p1100_d50,d100,0.5,0.35,0.0,11.0,50.0,4.545454545454546,0.3535,0.0,0.003919708076864481,0.04995984584093094
P050_B35_L00_p1100_d50,d100,0.5,0.35,0.0,11.0,50.0,4.545454545454546,0.3535,-20.0,0.0039002473931759596,0.04995303228497505
P050_B35_L00_p1100_d50,d100,0.5,0.35,0.0,11.0,50.0,4.545454545454546,0.3535,-40.0,0.004303221590816975,0.049955472350120544
P050_B35_L00_p1100_d50,d100,0.5,0.35,0.0,11.0,50.0,4.545454545454546,0.3535,20.0,0.003878665156662464,0.04995489865541458
P050_B35_L00_p1100_d50,d100,0.5,0.35,0.0,11.0,50.0,4.545454545454546,0.3535,40.0,0.0042838300578296185,0.04995489865541458
P050_B35_L35_p0375_d20,d00,0.5,0.35,0.35,3.75,20.0,5.333333333333333,0.16525,0.0,0.012018896639347076,0.049788638949394226
P050_B35_L35_p0375_d20,d00,0.5,0.35,0.35,3.75,20.0,5.333333333333333,0.16525,-20.0,0.014294070191681385,0.04978513717651367
P050_B35_L35_p0375_d20,d00,0.5,0.35,0.35,3.75,20.0,5.333333333333333,0.16525,-40.0,0.01607724465429783,0.04999566823244095
P050_B35_L35_p0375_d20,d00,0.5,0.35,0.35,3.75,20.0,5.333333333333333,0.16525,20.0,0.014477944932878017,0.049791667610406876
P050_B35_L35_p0375_d20,d00,0.5,0.35,0.35,3.75,20.0,5.333333333333333,0.16525,40.0,0.016121935099363327,0.049993641674518585
P050_B35_L35_p0375_d20,d76,0.5,0.35,0.35,3.75,20.0,5.333333333333333,0.16525,0.0,0.005494195502251387,0.04978053271770477
P050_B35_L35_p0375_d20,d76,0.5,0.35,0.35,3.75,20.0,5.333333333333333,0.16525,-20.0,0.005898464936763048,0.049777802079916
P050_B35_L35_p0375_d20,d76,0.5,0.35,0.35,3.75,20.0,5.333333333333333,0.16525,-40.0,0.006774133071303368,0.049827609211206436
P050_B35_L35_p0375_d20,d76,0.5,0.35,0.35,3.75,20.0,5.333333333333333,0.16525,20.0,0.005959878209978342,0.04978282377123833
P050_B35_L35_p0375_d20,d76,0.5,0.35,0.35,3.75,20.0,5.333333333333333,0.16525,40.0,0.006737584713846445,0.04982399567961693
P050_B35_L35_p0375_d20,d100,0.5,0.35,0.35,3.75,20.0,5.333333333333333,0.16525,0.0,0.005180445499718189,0.04977875575423241
P050_B35_L35_p0375_d20,d100,0.5,0.35,0.35,3.75,20.0,5.333333333333333,0.16525,-20.0,0.00518376100808382,0.04977498948574066
P050_B35_L35_p0375_d20,d100,0.5,0.35,0.35,3.75,20.0,5.333333333333333,0.16525,-40.0,0.005361373536288738,0.04977450519800186
P050_B35_L35_p0375_d20,d100,0.5,0.35,0.35,3.75,20.0,5.333333333333333,0.16525,20.0,0.005221155937761068,0.04977937787771225
P050_B35_L35_p0375_d20,d100,0.5,0.35,0.35,3.75,20.0,5.333333333333333,0.16525,40.0,0.0053587015718221664,0.04976867139339447
P050_B35_L35_p0375_d30,d00,0.5,0.35,0.35,3.75,30.0,8.0,0.16525,0.0,0.004085709806531668,0.04965684190392494
P050_B35_L35_p0375_d30,d00,0.5,0.35,0.35,3.75,30.0,8.0,0.16525,-20.0,0.005713776685297489,0.04964441433548927
P050_B35_L35_p0375_d30,d00,0.5,0.35,0.35,3.75,30.0,8.0,0.16525,-40.0,0.006205364130437374,0.049993615597486496
P050_B35_L35_p0375_d30,d00,0.5,0.35,0.35,3.75,30.0,8.0,0.16525,20.0,0.0057311649434268475,0.04963763803243637
P050_B35_L35_p0375_d30,d00,0.5,0.35,0.35,3.75,30.0,8.0,0.16525,40.0,0.006186109036207199,0.049989666789770126
P050_B35_L35_p0375_d30,d76,0.5,0.35,0.35,3.75,30.0,8.0,0.16525,0.0,0.0035707715433090925,0.04964517429471016
P050_B35_L35_p0375_d30,d76,0.5,0.35,0.35,3.75,30.0,8.0,0.16525,-20.0,0.0038029339630156755,0.04962984845042229
P050_B35_L35_p0375_d30,d76,0.5,0.35,0.35,3.75,30.0,8.0,0.16525,-40.0,0.004195814020931721,0.049708783626556396
P050_B35_L35_p0375_d30,d76,0.5,0.35,0.35,3.75,30.0,8.0,0.16525,20.0,0.0038343460764735937,0.049621712416410446
P050_B35_L35_p0375_d30,d76,0.5,0.35,0.35,3.75,30.0,8.0,0.16525,40.0,0.004252850078046322,0.04971374571323395
P050_B35_L35_p0375_d30,d100,0.5,0.35,0.35,3.75,30.0,8.0,0.16525,0.0,0.0038107794243842363,0.0496409647166729
P050_B35_L35_p0375_d30,d100,0.5,0.35,0.35,3.75,30.0,8.0,0.16525,-20.0,0.003818078665062785,0.04962548241019249
P050_B35_L35_p0375_d30,d100,0.5,0.35,0.35,3.75,30.0,8.0,0.16525,-40.0,0.00423496775329113,0.04962168261408806
P050_B35_L35_p0375_d30,d100,0.5,0.35,0.35,3.75,30.0,8.0,0.16525,20.0,0.0038669761270284653,0.049616239964962006
P050_B35_L35_p0375_d30,d100,0.5,0.35,0.35,3.75,30.0,8.0,0.16525,40.0,0.004271304700523615,0.049626123160123825
P050_B35_L35_p0375_d40,d00,0.5,0.35,0.35,3.75,40.0,10.666666666666666,0.16525,0.0,0.0030213966965675354,0.049661386758089066
P050_B35_L35_p0375_d40,d00,0.5,0.35,0.35,3.75,40.0,10.666666666666666,0.16525,-20.0,0.0032533344347029924,0.04964746534824371
P050_B35_L35_p0375_d40,d00,0.5,0.35,0.35,3.75,40.0,10.666666666666666,0.16525,-40.0,0.00426340801641345,0.04998941719532013
P050_B35_L35_p0375_d40,d00,0.5,0.35,0.35,3.75,40.0,10.666666666666666,0.16525,20.0,0.0033057653345167637,0.049648672342300415
P050_B35_L35_p0375_d40,d00,0.5,0.35,0.35,3.75,40.0,10.666666666666666,0.16525,40.0,0.004233956802636385,0.04999770224094391
P050_B35_L35_p0375_d40,d76,0.5,0.35,0.35,3.75,40.0,10.666666666666666,0.16525,0.0,0.002801257884129882,0.049649372696876526
P050_B35_L35_p0375_d40,d76,0.5,0.35,0.35,3.75,40.0,10.666666666666666,0.16525,-20.0,0.0029144117143005133,0.04963279142975807
P050_B35_L35_p0375_d40,d76,0.5,0.35,0.35,3.75,40.0,10.666666666666666,0.16525,-40.0,0.0035093347541987896,0.049723997712135315
P050_B35_L35_p0375_d40,d76,0.5,0.35,0.35,3.75,40.0,10.666666666666666,0.16525,20.0,0.0029143071733415127,0.049633294343948364
P050_B35_L35_p0375_d40,d76,0.5,0.35,0.35,3.75,40.0,10.666666666666666,0.16525,40.0,0.0035231122747063637,0.049723293632268906
P050_B35_L35_p0375_d40,d100,0.5,0.35,0.35,3.75,40.0,10.666666666666666,0.16525,0.0,0.0029863505624234676,0.04964606091380119
P050_B35_L35_p0375_d40,d100,0.5,0.35,0.35,3.75,40.0,10.666666666666666,0.16525,-20.0,0.003076117252930999,0.04962792992591858
P050_B35_L35_p0375_d40,d100,0.5,0.35,0.35,3.75,40.0,10.666666666666666,0.16525,-40.0,0.0036480347625911236,0.049638908356428146
P050_B35_L35_p0375_d40,d100,0.5,0.35,0.35,3.75,40.0,10.666666666666666,0.16525,20.0,0.003071238985285163,0.04962833598256111
P050_B35_L35_p0375_d40,d100,0.5,0.35,0.35,3.75,40.0,10.666666666666666,0.16525,40.0,0.0036375911440700293,0.04963782802224159
P050_B35_L35_p0375_d50,d00,0.5,0.35,0.35,3.75,50.0,13.333333333333334,0.16525,0.0,0.0026762012857943773,0.049659084528684616
P050_B35_L35_p0375_d50,d00,0.5,0.35,0.35,3.75,50.0,13.333333333333334,0.16525,-20.0,0.0026721616741269827,0.04964108020067215
P050_B35_L35_p0375_d50,d00,0.5,0.35,0.35,3.75,50.0,13.333333333333334,0.16525,-40.0,0.0033107216004282236,0.04998340457677841
P050_B35_L35_p0375_d50,d00,0.5,0.35,0.35,3.75,50.0,13.333333333333334,0.16525,20.0,0.002645699307322502,0.049639612436294556
P050_B35_L35_p0375_d50,d00,0.5,0.35,0.35,3.75,50.0,13.333333333333334,0.16525,40.0,0.00325982877984643,0.04998140037059784
P050_B35_L35_p0375_d50,d76,0.5,0.35,0.35,3.75,50.0,13.333333333333334,0.16525,0.0,0.002377051394432783,0.04964696988463402
P050_B35_L35_p0375_d50,d76,0.5,0.35,0.35,3.75,50.0,13.333333333333334,0.16525,-20.0,0.002506927354261279,0.04962565749883652
P050_B35_L35_p0375_d50,d76,0.5,0.35,0.35,3.75,50.0,13.333333333333334,0.16525,-40.0,0.003118152031674981,0.04971320182085037
P050_B35_L35_p0375_d50,d76,0.5,0.35,0.35,3.75,50.0,13.333333333333334,0.16525,20.0,0.0025009699165821075,0.04962662234902382
P050_B35_L35_p0375_d50,d76,0.5,0.35,0.35,3.75,50.0,13.333333333333334,0.16525,40.0,0.003151168581098318,0.04970971867442131
P050_B35_L35_p0375_d50,d100,0.5,0.35,0.35,3.75,50.0,13.333333333333334,0.16525,0.0,0.00250833248719573,0.04964382201433182
P050_B35_L35_p0375_d50,d100,0.5,0.35,0.35,3.75,50.0,13.333333333333334,0.16525,-20.0,0.0026749686803668737,0.04962079972028732
P050_B35_L35_p0375_d50,d100,0.5,0.35,0.35,3.75,50.0,13.333333333333334,0.16525,-40.0,0.0033078505657613277,0.04962965101003647
P050_B35_L35_p0375_d50,d100,0.5,0.35,0.35,3.75,50.0,13.333333333333334,0.16525,20.0,0.002645818516612053,0.049621500074863434
P050_B35_L35_p0375_d50,d100,0.5,0.35,0.35,3.75,50.0,13.333333333333334,0.16525,40.0,0.0032829318661242723,0.04962517321109772
P050_B35_L35_p0550_d20,d00,0.5,0.35,0.35,5.5,20.0,3.6363636363636362,0.16525,0.0,0.05945241451263428,0.04989219084382057
P050_B35_L35_p0550_d20,d00,0.5,0.35,0.35,5.5,20.0,3.6363636363636362,0.16525,-20.0,0.02845972403883934,0.04988223686814308
P050_B35_L35_p0550_d20,d00,0.5,0.35,0.35,5.5,20.0,3.6363636363636362,0.16525,-40.0,0.0344616174697876,0.04999833554029465
P050_B35_L35_p0550_d20,d00,0.5,0.35,0.35,5.5,20.0,3.6363636363636362,0.16525,20.0,0.028924016281962395,0.04988256096839905
P050_B35_L35_p0550_d20,d00,0.5,0.35,0.35,5.5,20.0,3.6363636363636362,0.16525,40.0,0.03478085249662399,0.04999324679374695
P050_B35_L35_p0550_d20,d76,0.5,0.35,0.35,5.5,20.0,3.6363636363636362,0.16525,0.0,0.014563321135938168,0.04988705739378929
P050_B35_L35_p0550_d20,d76,0.5,0.35,0.35,5.5,20.0,3.6363636363636362,0.16525,-20.0,0.009376824833452702,0.04987755045294762
P050_B35_L35_p0550_d20,d76,0.5,0.35,0.35,5.5,20.0,3.6363636363636362,0.16525,-40.0,0.011353206820786,0.04989928379654884
P050_B35_L35_p0550_d20,d76,0.5,0.35,0.35,5.5,20.0,3.6363636363636362,0.16525,20.0,0.009426364675164223,0.04987838491797447
P050_B35_L35_p0550_d20,d76,0.5,0.35,0.35,5.5,20.0,3.6363636363636362,0.16525,40.0,0.011343314312398434,0.04989752918481827
P050_B35_L35_p0550_d20,d100,0.5,0.35,0.35,5.5,20.0,3.6363636363636362,0.16525,0.0,0.006566667463630438,0.04988601431250572
P050_B35_L35_p0550_d20,d100,0.5,0.35,0.35,5.5,20.0,3.6363636363636362,0.16525,-20.0,0.006562350783497095,0.04987647756934166
P050_B35_L35_p0550_d20,d100,0.5,0.35,0.35,5.5,20.0,3.6363636363636362,0.16525,-40.0,0.00657687708735466,0.049867719411849976
P050_B35_L35_p0550_d20,d100,0.5,0.35,0.35,5.5,20.0,3.6363636363636362,0.16525,20.0,0.006554748862981796,0.049876969307661057
P050_B35_L35_p0550_d20,d100,0.5,0.35,0.35,5.5,20.0,3.6363636363636362,0.16525,40.0,0.0065634711645543575,0.04986787587404251
P050_B35_L35_p0550_d30,d00,0.5,0.35,0.35,5.5,30.0,5.454545454545454,0.16525,0.0,0.011735819280147552,0.04982941597700119
P050_B35_L35_p0550_d30,d00,0.5,0.35,0.35,5.5,30.0,5.454545454545454,0.16525,-20.0,0.014246548525989056,0.0498187392950058
P050_B35_L35_p0550_d30,d00,0.5,0.35,0.35,5.5,30.0,5.454545454545454,0.16525,-40.0,0.01581593044102192,0.04999711364507675
P050_B35_L35_p0550_d30,d00,0.5,0.35,0.35,5.5,30.0,5.454545454545454,0.16525,20.0,0.014136523939669132,0.049821220338344574
P050_B35_L35_p0550_d30,d00,0.5,0.35,0.35,5.5,30.0,5.454545454545454,0.16525,40.0,0.014909767545759678,0.04999316856265068
P050_B35_L35_p0550_d30,d76,0.5,0.35,0.35,5.5,30.0,5.454545454545454,0.16525,0.0,0.005431689787656069,0.04982408881187439
P050_B35_L35_p0550_d30,d76,0.5,0.35,0.35,5.5,30.0,5.454545454545454,0.16525,-20.0,0.0058348276652395725,0.049811407923698425
P050_B35_L35_p0550_d30,d76,0.5,0.35,0.35,5.5,30.0,5.454545454545454,0.16525,-40.0,0.006653821561485529,0.04984921216964722
P050_B35_L35_p0550_d30,d76,0.5,0.35,0.35,5.5,30.0,5.454545454545454,0.16525,20.0,0.005808444228023291,0.049813222140073776
P050_B35_L35_p0550_d30,d76,0.5,0.35,0.35,5.5,30.0,5.454545454545454,0.16525,40.0,0.006514262408018112,0.04984818398952484
P050_B35_L35_p0550_d30,d100,0.5,0.35,0.35,5.5,30.0,5.454545454545454,0.16525,0.0,0.005106979515403509,0.04982246086001396
P050_B35_L35_p0550_d30,d100,0.5,0.35,0.35,5.5,30.0,5.454545454545454,0.16525,-20.0,0.005136141553521156,0.04980836808681488
P050_B35_L35_p0550_d30,d100,0.5,0.35,0.35,5.5,30.0,5.454545454545454,0.16525,-40.0,0.0053248624317348,0.049803391098976135
P050_B35_L35_p0550_d30,d100,0.5,0.35,0.35,5.5,30.0,5.454545454545454,0.16525,20.0,0.005103929899632931,0.049810778349637985
P050_B35_L35_p0550_d30,d100,0.5,0.35,0.35,5.5,30.0,5.454545454545454,0.16525,40.0,0.005256667733192444,0.04980422183871269
P050_B35_L35_p0550_d40,d00,0.5,0.35,0.35,5.5,40.0,7.2727272727272725,0.16525,0.0,0.004924166016280651,0.04982711002230644
P050_B35_L35_p0550_d40,d00,0.5,0.35,0.35,5.5,40.0,7.2727272727272725,0.16525,-20.0,0.007813391275703907,0.04981682822108269
P050_B35_L35_p0550_d40,d00,0.5,0.35,0.35,5.5,40.0,7.2727272727272725,0.16525,-40.0,0.007848506793379784,0.049992792308330536
P050_B35_L35_p0550_d40,d00,0.5,0.35,0.35,5.5,40.0,7.2727272727272725,0.16525,20.0,0.007499614264816046,0.04981805011630058
P050_B35_L35_p0550_d40,d00,0.5,0.35,0.35,5.5,40.0,7.2727272727272725,0.16525,40.0,0.007419867441058159,0.05000147596001625
P050_B35_L35_p0550_d40,d76,0.5,0.35,0.35,5.5,40.0,7.2727272727272725,0.16525,0.0,0.003930296283215284,0.049820564687252045
P050_B35_L35_p0550_d40,d76,0.5,0.35,0.35,5.5,40.0,7.2727272727272725,0.16525,-20.0,0.0043364595621824265,0.04980946332216263
P050_B35_L35_p0550_d40,d76,0.5,0.35,0.35,5.5,40.0,7.2727272727272725,0.16525,-40.0,0.004645946901291609,0.04984649643301964
P050_B35_L35_p0550_d40,d76,0.5,0.35,0.35,5.5,40.0,7.2727272727272725,0.16525,20.0,0.0042289556004107,0.04981044679880142
P050_B35_L35_p0550_d40,d76,0.5,0.35,0.35,5.5,40.0,7.2727272727272725,0.16525,40.0,0.00457398546859622,0.04984549060463905
P050_B35_L35_p0550_d40,d100,0.5,0.35,0.35,5.5,40.0,7.2727272727272725,0.16525,0.0,0.004131983034312725,0.049818553030490875
P050_B35_L35_p0550_d40,d100,0.5,0.35,0.35,5.5,40.0,7.2727272727272725,0.16525,-20.0,0.004187347367405891,0.049807045608758926
P050_B35_L35_p0550_d40,d100,0.5,0.35,0.35,5.5,40.0,7.2727272727272725,0.16525,-40.0,0.004514585714787245,0.04980047047138214
P050_B35_L35_p0550_d40,d100,0.5,0.35,0.35,5.5,40.0,7.2727272727272725,0.16525,20.0,0.004108506254851818,0.049808040261268616
P050_B35_L35_p0550_d40,d100,0.5,0.35,0.35,5.5,40.0,7.2727272727272725,0.16525,40.0,0.004455274436622858,0.04979671910405159
P050_B35_L35_p0550_d50,d00,0.5,0.35,0.35,5.5,50.0,9.090909090909092,0.16525,0.0,0.0035350597463548183,0.04982669651508331
P050_B35_L35_p0550_d50,d00,0.5,0.35,0.35,5.5,50.0,9.090909090909092,0.16525,-20.0,0.0044811745174229145,0.04982132464647293
P050_B35_L35_p0550_d50,d00,0.5,0.35,0.35,5.5,50.0,9.090909090909092,0.16525,-40.0,0.004806019831448793,0.05000384896993637
P050_B35_L35_p0550_d50,d00,0.5,0.35,0.35,5.5,50.0,9.090909090909092,0.16525,20.0,0.004478996153920889,0.04982208460569382
P050_B35_L35_p0550_d50,d00,0.5,0.35,0.35,5.5,50.0,9.090909090909092,0.16525,40.0,0.004865625407546759,0.049998581409454346
P050_B35_L35_p0550_d50,d76,0.5,0.35,0.35,5.5,50.0,9.090909090909092,0.16525,0.0,0.003205397166311741,0.0498206689953804
P050_B35_L35_p0550_d50,d76,0.5,0.35,0.35,5.5,50.0,9.090909090909092,0.16525,-20.0,0.0033841838594526052,0.04981367290019989
P050_B35_L35_p0550_d50,d76,0.5,0.35,0.35,5.5,50.0,9.090909090909092,0.16525,-40.0,0.0038315083365887403,0.04984856769442558
P050_B35_L35_p0550_d50,d76,0.5,0.35,0.35,5.5,50.0,9.090909090909092,0.16525,20.0,0.003387250006198883,0.04981387034058571
P050_B35_L35_p0550_d50,d76,0.5,0.35,0.35,5.5,50.0,9.090909090909092,0.16525,40.0,0.0037984636146575212,0.049847640097141266
P050_B35_L35_p0550_d50,d100,0.5,0.35,0.35,5.5,50.0,9.090909090909092,0.16525,0.0,0.0034429633524268866,0.04981902614235878
P050_B35_L35_p0550_d50,d100,0.5,0.35,0.35,5.5,50.0,9.090909090909092,0.16525,-20.0,0.0034809859935194254,0.049811601638793945
P050_B35_L35_p0550_d50,d100,0.5,0.35,0.35,5.5,50.0,9.090909090909092,0.16525,-40.0,0.003995699342340231,0.04979895427823067
P050_B35_L35_p0550_d50,d100,0.5,0.35,0.35,5.5,50.0,9.090909090909092,0.16525,20.0,0.0034809603821486235,0.04981197416782379
P050_B35_L35_p0550_d50,d100,0.5,0.35,0.35,5.5,50.0,9.090909090909092,0.16525,40.0,0.003944984637200832,0.04980142042040825
P050_B35_L35_p0750_d20,d00,0.5,0.35,0.35,7.5,20.0,2.6666666666666665,0.16525,0.0,0.06303834915161133,0.049947936087846756
P050_B35_L35_p0750_d20,d00,0.5,0.35,0.35,7.5,20.0,2.6666666666666665,0.16525,-20.0,0.05491413548588753,0.049944762140512466
P050_B35_L35_p0750_d20,d00,0.5,0.35,0.35,7.5,20.0,2.6666666666666665,0.16525,-40.0,0.05674067884683609,0.04999978467822075
P050_B35_L35_p0750_d20,d00,0.5,0.35,0.35,7.5,20.0,2.6666666666666665,0.16525,20.0,0.055374935269355774,0.04994502291083336
P050_B35_L35_p0750_d20,d00,0.5,0.35,0.35,7.5,20.0,2.6666666666666665,0.16525,40.0,0.057433538138866425,0.049998655915260315
P050_B35_L35_p0750_d20,d76,0.5,0.35,0.35,7.5,20.0,2.6666666666666665,0.16525,0.0,0.016658037900924683,0.04994627460837364
P050_B35_L35_p0750_d20,d76,0.5,0.35,0.35,7.5,20.0,2.6666666666666665,0.16525,-20.0,0.0160360224545002,0.04994237795472145
P050_B35_L35_p0750_d20,d76,0.5,0.35,0.35,7.5,20.0,2.6666666666666665,0.16525,-40.0,0.016988324001431465,0.049957387149333954
P050_B35_L35_p0750_d20,d76,0.5,0.35,0.35,7.5,20.0,2.6666666666666665,0.16525,20.0,0.016151266172528267,0.049942292273044586
P050_B35_L35_p0750_d20,d76,0.5,0.35,0.35,7.5,20.0,2.6666666666666665,0.16525,40.0,0.017187973484396935,0.049958422780036926
P050_B35_L35_p0750_d20,d100,0.5,0.35,0.35,7.5,20.0,2.6666666666666665,0.16525,0.0,0.007668727543205023,0.04994579777121544
P050_B35_L35_p0750_d20,d100,0.5,0.35,0.35,7.5,20.0,2.6666666666666665,0.16525,-20.0,0.007690375205129385,0.04994172230362892
P050_B35_L35_p0750_d20,d100,0.5,0.35,0.35,7.5,20.0,2.6666666666666665,0.16525,-40.0,0.007710668258368969,0.04994293302297592
P050_B35_L35_p0750_d20,d100,0.5,0.35,0.35,7.5,20.0,2.6666666666666665,0.16525,20.0,0.0076856836676597595,0.04994159936904907
P050_B35_L35_p0750_d20,d100,0.5,0.35,0.35,7.5,20.0,2.6666666666666665,0.16525,40.0,0.007692140992730856,0.04994485154747963
P050_B35_L35_p0750_d30,d00,0.5,0.35,0.35,7.5,30.0,4.0,0.16525,0.0,0.04179490730166435,0.049906641244888306
P050_B35_L35_p0750_d30,d00,0.5,0.35,0.35,7.5,30.0,4.0,0.16525,-20.0,0.026206135749816895,0.049890611320734024
P050_B35_L35_p0750_d30,d00,0.5,0.35,0.35,7.5,30.0,4.0,0.16525,-40.0,0.028178071603178978,0.04999559372663498
P050_B35_L35_p0750_d30,d00,0.5,0.35,0.35,7.5,30.0,4.0,0.16525,20.0,0.026565352454781532,0.0498884879052639
P050_B35_L35_p0750_d30,d00,0.5,0.35,0.35,7.5,30.0,4.0,0.16525,40.0,0.029287375509738922,0.04999806731939316
P050_B35_L35_p0750_d30,d76,0.5,0.35,0.35,7.5,30.0,4.0,0.16525,0.0,0.010727208107709885,0.04990318417549133
P050_B35_L35_p0750_d30,d76,0.5,0.35,0.35,7.5,30.0,4.0,0.16525,-20.0,0.008709361776709557,0.04988578334450722
P050_B35_L35_p0750_d30,d76,0.5,0.35,0.35,7.5,30.0,4.0,0.16525,-40.0,0.009781230241060257,0.049915965646505356
P050_B35_L35_p0750_d30,d76,0.5,0.35,0.35,7.5,30.0,4.0,0.16525,20.0,0.008817579597234726,0.0498831681907177
P050_B35_L35_p0750_d30,d76,0.5,0.35,0.35,7.5,30.0,4.0,0.16525,40.0,0.010107278823852539,0.049918100237846375
P050_B35_L35_p0750_d30,d100,0.5,0.35,0.35,7.5,30.0,4.0,0.16525,0.0,0.006259926129132509,0.04990241676568985
P050_B35_L35_p0750_d30,d100,0.5,0.35,0.35,7.5,30.0,4.0,0.16525,-20.0,0.006253772880882025,0.049884259700775146
P050_B35_L35_p0750_d30,d100,0.5,0.35,0.35,7.5,30.0,4.0,0.16525,-40.0,0.006284619215875864,0.04989061877131462
P050_B35_L35_p0750_d30,d100,0.5,0.35,0.35,7.5,30.0,4.0,0.16525,20.0,0.006348607130348682,0.049881864339113235
P050_B35_L35_p0750_d30,d100,0.5,0.35,0.35,7.5,30.0,4.0,0.16525,40.0,0.006412917748093605,0.04989166557788849
P050_B35_L35_p0750_d40,d00,0.5,0.35,0.35,7.5,40.0,5.333333333333333,0.16525,0.0,0.012326695956289768,0.04990154504776001
P050_B35_L35_p0750_d40,d00,0.5,0.35,0.35,7.5,40.0,5.333333333333333,0.16525,-20.0,0.013764009810984135,0.04989700764417648
P050_B35_L35_p0750_d40,d00,0.5,0.35,0.35,7.5,40.0,5.333333333333333,0.16525,-40.0,0.015697389841079712,0.05000048130750656
P050_B35_L35_p0750_d40,d00,0.5,0.35,0.35,7.5,40.0,5.333333333333333,0.16525,20.0,0.013568236492574215,0.04989183694124222
P050_B35_L35_p0750_d40,d00,0.5,0.35,0.35,7.5,40.0,5.333333333333333,0.16525,40.0,0.015648774802684784,0.049999743700027466
P050_B35_L35_p0750_d40,d76,0.5,0.35,0.35,7.5,40.0,5.333333333333333,0.16525,0.0,0.0054243034683167934,0.04989789053797722
P050_B35_L35_p0750_d40,d76,0.5,0.35,0.35,7.5,40.0,5.333333333333333,0.16525,-20.0,0.005752744618803263,0.04989280924201012
P050_B35_L35_p0750_d40,d76,0.5,0.35,0.35,7.5,40.0,5.333333333333333,0.16525,-40.0,0.006621346343308687,0.04991207271814346
P050_B35_L35_p0750_d40,d76,0.5,0.35,0.35,7.5,40.0,5.333333333333333,0.16525,20.0,0.005717618390917778,0.049886856228113174
P050_B35_L35_p0750_d40,d76,0.5,0.35,0.35,7.5,40.0,5.333333333333333,0.16525,40.0,0.006557714659720659,0.04991469532251358
P050_B35_L35_p0750_d40,d100,0.5,0.35,0.35,7.5,40.0,5.333333333333333,0.16525,0.0,0.005075270775705576,0.04989692196249962
P050_B35_L35_p0750_d40,d100,0.5,0.35,0.35,7.5,40.0,5.333333333333333,0.16525,-20.0,0.005129705183207989,0.04989089444279671
P050_B35_L35_p0750_d40,d100,0.5,0.35,0.35,7.5,40.0,5.333333333333333,0.16525,-40.0,0.005337695591151714,0.04988447576761246
P050_B35_L35_p0750_d40,d100,0.5,0.35,0.35,7.5,40.0,5.333333333333333,0.16525,20.0,0.0051157292909920216,0.04988529905676842
P050_B35_L35_p0750_d40,d100,0.5,0.35,0.35,7.5,40.0,5.333333333333333,0.16525,40.0,0.005278687924146652,0.04988853633403778
P050_B35_L35_p0750_d50,d00,0.5,0.35,0.35,7.5,50.0,6.666666666666667,0.16525,0.0,0.0063557615503668785,0.04989480972290039
P050_B35_L35_p0750_d50,d00,0.5,0.35,0.35,7.5,50.0,6.666666666666667,0.16525,-20.0,0.009641462005674839,0.04987934231758118
P050_B35_L35_p0750_d50,d00,0.5,0.35,0.35,7.5,50.0,6.666666666666667,0.16525,-40.0,0.010254708118736744,0.05000204220414162
P050_B35_L35_p0750_d50,d00,0.5,0.35,0.35,7.5,50.0,6.666666666666667,0.16525,20.0,0.009619162417948246,0.0498807393014431
P050_B35_L35_p0750_d50,d00,0.5,0.35,0.35,7.5,50.0,6.666666666666667,0.16525,40.0,0.00982195045799017,0.0500013530254364
P050_B35_L35_p0750_d50,d76,0.5,0.35,0.35,7.5,50.0,6.666666666666667,0.16525,0.0,0.004312008619308472,0.049891360104084015
P050_B35_L35_p0750_d50,d76,0.5,0.35,0.35,7.5,50.0,6.666666666666667,0.16525,-20.0,0.004797156434506178,0.04987309128046036
P050_B35_L35_p0750_d50,d76,0.5,0.35,0.35,7.5,50.0,6.666666666666667,0.16525,-40.0,0.005249259062111378,0.0499095618724823
P050_B35_L35_p0750_d50,d76,0.5,0.35,0.35,7.5,50.0,6.666666666666667,0.16525,20.0,0.004748229403048754,0.04987557604908943
P050_B35_L35_p0750_d50,d76,0.5,0.35,0.35,7.5,50.0,6.666666666666667,0.16525,40.0,0.005155535414814949,0.04990735277533531
P050_B35_L35_p0750_d50,d100,0.5,0.35,0.35,7.5,50.0,6.666666666666667,0.16525,0.0,0.004431234672665596,0.049890272319316864
P050_B35_L35_p0750_d50,d100,0.5,0.35,0.35,7.5,50.0,6.666666666666667,0.16525,-20.0,0.004481869284063578,0.04987158626317978
P050_B35_L35_p0750_d50,d100,0.5,0.35,0.35,7.5,50.0,6.666666666666667,0.16525,-40.0,0.004744873382151127,0.04987958446145058
P050_B35_L35_p0750_d50,d100,0.5,0.35,0.35,7.5,50.0,6.666666666666667,0.16525,20.0,0.004421324003487825,0.04987427964806557
P050_B35_L35_p0750_d50,d100,0.5,0.35,0.35,7.5,50.0,6.666666666666667,0.16525,40.0,0.004712749272584915,0.049878232181072235
P050_B35_L35_p1100_d20,d00,0.5,0.35,0.35,11.0,20.0,1.8181818181818181,0.16525,0.0,0.013153866864740849,0.04996778443455696
P050_B35_L35_p1100_d20,d00,0.5,0.35,0.35,11.0,20.0,1.8181818181818181,0.16525,-20.0,0.06634609401226044,0.049959346652030945
P050_B35_L35_p1100_d20,d00,0.5,0.35,0.35,11.0,20.0,1.8181818181818181,0.16525,-40.0,0.08516604453325272,0.049999866634607315
P050_B35_L35_p1100_d20,d00,0.5,0.35,0.35,11.0,20.0,1.8181818181818181,0.16525,20.0,0.07035907357931137,0.04996015876531601
P050_B35_L35_p1100_d20,d00,0.5,0.35,0.35,11.0,20.0,1.8181818181818181,0.16525,40.0,0.08108236640691757,0.05000054091215134
P050_B35_L35_p1100_d20,d76,0.5,0.35,0.35,11.0,20.0,1.8181818181818181,0.16525,0.0,0.009666841477155685,0.049966584891080856
P050_B35_L35_p1100_d20,d76,0.5,0.35,0.35,11.0,20.0,1.8181818181818181,0.16525,-20.0,0.021287644281983376,0.049957796931266785
P050_B35_L35_p1100_d20,d76,0.5,0.35,0.35,11.0,20.0,1.8181818181818181,0.16525,-40.0,0.024855194613337517,0.04997014254331589
P050_B35_L35_p1100_d20,d76,0.5,0.35,0.35,11.0,20.0,1.8181818181818181,0.16525,20.0,0.022152431309223175,0.04995858296751976
P050_B35_L35_p1100_d20,d76,0.5,0.35,0.35,11.0,20.0,1.8181818181818181,0.16525,40.0,0.023856686428189278,0.049969032406806946
P050_B35_L35_p1100_d20,d100,0.5,0.35,0.35,11.0,20.0,1.8181818181818181,0.16525,0.0,0.008707455359399319,0.049966100603342056
P050_B35_L35_p1100_d20,d100,0.5,0.35,0.35,11.0,20.0,1.8181818181818181,0.16525,-20.0,0.00871163047850132,0.04995717853307724
P050_B35_L35_p1100_d20,d100,0.5,0.35,0.35,11.0,20.0,1.8181818181818181,0.16525,-40.0,0.008695755153894424,0.049961090087890625
P050_B35_L35_p1100_d20,d100,0.5,0.35,0.35,11.0,20.0,1.8181818181818181,0.16525,20.0,0.008707690984010696,0.04995787888765335
P050_B35_L35_p1100_d20,d100,0.5,0.35,0.35,11.0,20.0,1.8181818181818181,0.16525,40.0,0.008675903081893921,0.0499592199921608
P050_B35_L35_p1100_d30,d00,0.5,0.35,0.35,11.0,30.0,2.727272727272727,0.16525,0.0,0.06085009500384331,0.049936842173337936
P050_B35_L35_p1100_d30,d00,0.5,0.35,0.35,11.0,30.0,2.727272727272727,0.16525,-20.0,0.05178321152925491,0.049932871013879776
P050_B35_L35_p1100_d30,d00,0.5,0.35,0.35,11.0,30.0,2.727272727272727,0.16525,-40.0,0.056504976004362106,0.049999773502349854
P050_B35_L35_p1100_d30,d00,0.5,0.35,0.35,11.0,30.0,2.727272727272727,0.16525,20.0,0.05353901535272598,0.04993307590484619
P050_B35_L35_p1100_d30,d00,0.5,0.35,0.35,11.0,30.0,2.727272727272727,0.16525,40.0,0.050975218415260315,0.050001420080661774
P050_B35_L35_p1100_d30,d76,0.5,0.35,0.35,11.0,30.0,2.727272727272727,0.16525,0.0,0.01638479344546795,0.04993481561541557
P050_B35_L35_p1100_d30,d76,0.5,0.35,0.35,11.0,30.0,2.727272727272727,0.16525,-20.0,0.015499417670071125,0.049929846078157425
P050_B35_L35_p1100_d30,d76,0.5,0.35,0.35,11.0,30.0,2.727272727272727,0.16525,-40.0,0.017105214297771454,0.049946319311857224
P050_B35_L35_p1100_d30,d76,0.5,0.35,0.35,11.0,30.0,2.727272727272727,0.16525,20.0,0.01558004878461361,0.049930140376091
P050_B35_L35_p1100_d30,d76,0.5,0.35,0.35,11.0,30.0,2.727272727272727,0.16525,40.0,0.01576056331396103,0.04994983226060867
P050_B35_L35_p1100_d30,d100,0.5,0.35,0.35,11.0,30.0,2.727272727272727,0.16525,0.0,0.00767137436196208,0.04993386194109917
P050_B35_L35_p1100_d30,d100,0.5,0.35,0.35,11.0,30.0,2.727272727272727,0.16525,-20.0,0.007715611718595028,0.049928922206163406
P050_B35_L35_p1100_d30,d100,0.5,0.35,0.35,11.0,30.0,2.727272727272727,0.16525,-40.0,0.007730299141258001,0.0499291867017746
P050_B35_L35_p1100_d30,d100,0.5,0.35,0.35,11.0,30.0,2.727272727272727,0.16525,20.0,0.007587107829749584,0.04992929846048355
P050_B35_L35_p1100_d30,d100,0.5,0.35,0.35,11.0,30.0,2.727272727272727,0.16525,40.0,0.007566643878817558,0.04993324726819992
P050_B35_L35_p1100_d40,d00,0.5,0.35,0.35,11.0,40.0,3.6363636363636362,0.16525,0.0,0.07268057763576508,0.049943964928388596
P050_B35_L35_p1100_d40,d00,0.5,0.35,0.35,11.0,40.0,3.6363636363636362,0.16525,-20.0,0.03078177571296692,0.04993880167603493
P050_B35_L35_p1100_d40,d00,0.5,0.35,0.35,11.0,40.0,3.6363636363636362,0.16525,-40.0,0.03598329424858093,0.04999585077166557
P050_B35_L35_p1100_d40,d00,0.5,0.35,0.35,11.0,40.0,3.6363636363636362,0.16525,20.0,0.03164903447031975,0.04993675649166107
P050_B35_L35_p1100_d40,d00,0.5,0.35,0.35,11.0,40.0,3.6363636363636362,0.16525,40.0,0.03763824701309204,0.04999890550971031
P050_B35_L35_p1100_d40,d76,0.5,0.35,0.35,11.0,40.0,3.6363636363636362,0.16525,0.0,0.01738894172012806,0.04994184896349907
P050_B35_L35_p1100_d40,d76,0.5,0.35,0.35,11.0,40.0,3.6363636363636362,0.16525,-20.0,0.009942479431629181,0.04993581399321556
P050_B35_L35_p1100_d40,d76,0.5,0.35,0.35,11.0,40.0,3.6363636363636362,0.16525,-40.0,0.011748210527002811,0.049947191029787064
P050_B35_L35_p1100_d40,d76,0.5,0.35,0.35,11.0,40.0,3.6363636363636362,0.16525,20.0,0.010125083848834038,0.049934022128582
P050_B35_L35_p1100_d40,d76,0.5,0.35,0.35,11.0,40.0,3.6363636363636362,0.16525,40.0,0.012172974646091461,0.0499483123421669
P050_B35_L35_p1100_d40,d100,0.5,0.35,0.35,11.0,40.0,3.6363636363636362,0.16525,0.0,0.006843407638370991,0.049941182136535645
P050_B35_L35_p1100_d40,d100,0.5,0.35,0.35,11.0,40.0,3.6363636363636362,0.16525,-20.0,0.006792963948100805,0.049935221672058105
P050_B35_L35_p1100_d40,d100,0.5,0.35,0.35,11.0,40.0,3.6363636363636362,0.16525,-40.0,0.006770595908164978,0.049932412803173065
P050_B35_L35_p1100_d40,d100,0.5,0.35,0.35,11.0,40.0,3.6363636363636362,0.16525,20.0,0.006827907636761665,0.04993343725800514
P050_B35_L35_p1100_d40,d100,0.5,0.35,0.35,11.0,40.0,3.6363636363636362,0.16525,40.0,0.006802989635616541,0.04993298649787903
P050_B35_L35_p1100_d50,d00,0.5,0.35,0.35,11.0,50.0,4.545454545454546,0.16525,0.0,0.025382937863469124,0.04994665086269379
P050_B35_L35_p1100_d50,d00,0.5,0.35,0.35,11.0,50.0,4.545454545454546,0.16525,-20.0,0.020340649411082268,0.04993665963411331
P050_B35_L35_p1100_d50,d00,0.5,0.35,0.35,11.0,50.0,4.545454545454546,0.16525,-40.0,0.02208031713962555,0.049997828900814056
P050_B35_L35_p1100_d50,d00,0.5,0.35,0.35,11.0,50.0,4.545454545454546,0.16525,20.0,0.0202028788626194,0.04994068667292595
P050_B35_L35_p1100_d50,d00,0.5,0.35,0.35,11.0,50.0,4.545454545454546,0.16525,40.0,0.022249525412917137,0.05000020191073418
P050_B35_L35_p1100_d50,d76,0.5,0.35,0.35,11.0,50.0,4.545454545454546,0.16525,0.0,0.007824492640793324,0.04994484782218933
P050_B35_L35_p1100_d50,d76,0.5,0.35,0.35,11.0,50.0,4.545454545454546,0.16525,-20.0,0.007279975339770317,0.049933675676584244
P050_B35_L35_p1100_d50,d76,0.5,0.35,0.35,11.0,50.0,4.545454545454546,0.16525,-40.0,0.00825299508869648,0.04995206370949745
P050_B35_L35_p1100_d50,d76,0.5,0.35,0.35,11.0,50.0,4.545454545454546,0.16525,20.0,0.007294586859643459,0.04993853345513344
P050_B35_L35_p1100_d50,d76,0.5,0.35,0.35,11.0,50.0,4.545454545454546,0.16525,40.0,0.0082170981913805,0.049953870475292206
P050_B35_L35_p1100_d50,d100,0.5,0.35,0.35,11.0,50.0,4.545454545454546,0.16525,0.0,0.005912879016250372,0.049944281578063965
P050_B35_L35_p1100_d50,d100,0.5,0.35,0.35,11.0,50.0,4.545454545454546,0.16525,-20.0,0.005837253760546446,0.049932606518268585
P050_B35_L35_p1100_d50,d100,0.5,0.35,0.35,11.0,50.0,4.545454545454546,0.16525,-40.0,0.005869556218385696,0.04993792995810509
P050_B35_L35_p1100_d50,d100,0.5,0.35,0.35,11.0,50.0,4.545454545454546,0.16525,20.0,0.00586700951680541,0.049937911331653595
P050_B35_L35_p1100_d50,d100,0.5,0.35,0.35,11.0,50.0,4.545454545454546,0.16525,40.0,0.005852886475622654,0.04993829131126404
P075_B00_L00_p0375_d20,d00,0.75,0.0,0.0,3.75,20.0,5.333333333333333,0.6475,0.0,0.0023194337263703346,0.0498015321791172
P075_B00_L00_p0375_d20,d00,0.75,0.0,0.0,3.75,20.0,5.333333333333333,0.6475,-20.0,0.002006660448387265,0.049792733043432236
P075_B00_L00_p0375_d20,d00,0.75,0.0,0.0,3.75,20.0,5.333333333333333,0.6475,-40.0,0.0029763244092464447,0.050001248717308044
P075_B00_L00_p0375_d20,d00,0.75,0.0,0.0,3.75,20.0,5.333333333333333,0.6475,20.0,0.002062002895399928,0.04979545623064041
P075_B00_L00_p0375_d20,d00,0.75,0.0,0.0,3.75,20.0,5.333333333333333,0.6475,40.0,0.003053039778023958,0.05000420659780502
P075_B00_L00_p0375_d20,d76,0.75,0.0,0.0,3.75,20.0,5.333333333333333,0.6475,0.0,0.0017869245493784547,0.04979345574975014
P075_B00_L00_p0375_d20,d76,0.75,0.0,0.0,3.75,20.0,5.333333333333333,0.6475,-20.0,0.001973742851987481,0.04978346452116966
P075_B00_L00_p0375_d20,d76,0.75,0.0,0.0,3.75,20.0,5.333333333333333,0.6475,-40.0,0.002718640025705099,0.04983866959810257
P075_B00_L00_p0375_d20,d76,0.75,0.0,0.0,3.75,20.0,5.333333333333333,0.6475,20.0,0.0019534199964255095,0.04978589713573456
P075_B00_L00_p0375_d20,d76,0.75,0.0,0.0,3.75,20.0,5.333333333333333,0.6475,40.0,0.0027160716708749533,0.04983598738908768
P075_B00_L00_p0375_d20,d100,0.75,0.0,0.0,3.75,20.0,5.333333333333333,0.6475,0.0,0.0018018963746726513,0.04979128763079643
P075_B00_L00_p0375_d20,d100,0.75,0.0,0.0,3.75,20.0,5.333333333333333,0.6475,-20.0,0.002130580600351095,0.04978029429912567
P075_B00_L00_p0375_d20,d100,0.75,0.0,0.0,3.75,20.0,5.333333333333333,0.6475,-40.0,0.0028242862317711115,0.04978719726204872
P075_B00_L00_p0375_d20,d100,0.75,0.0,0.0,3.75,20.0,5.333333333333333,0.6475,20.0,0.00212295213714242,0.04978256672620773
P075_B00_L00_p0375_d20,d100,0.75,0.0,0.0,3.75,20.0,5.333333333333333,0.6475,40.0,0.0028277907986193895,0.049782514572143555
P075_B00_L00_p0375_d30,d00,0.75,0.0,0.0,3.75,30.0,8.0,0.6475,0.0,0.0020745564252138138,0.04968085139989853
P075_B00_L00_p0375_d30,d00,0.75,0.0,0.0,3.75,30.0,8.0,0.6475,-20.0,0.0016108036506921053,0.049653951078653336
P075_B00_L00_p0375_d30,d00,0.75,0.0,0.0,3.75,30.0,8.0,0.6475,-40.0,0.0027407233137637377,0.05000783130526543
P075_B00_L00_p0375_d30,d00,0.75,0.0,0.0,3.75,30.0,8.0,0.6475,20.0,0.0016940169734880328,0.049655813723802567
P075_B00_L00_p0375_d30,d00,0.75,0.0,0.0,3.75,30.0,8.0,0.6475,40.0,0.0027567329816520214,0.05001034215092659
P075_B00_L00_p0375_d30,d76,0.75,0.0,0.0,3.75,30.0,8.0,0.6475,0.0,0.0013701663119718432,0.04966961592435837
P075_B00_L00_p0375_d30,d76,0.75,0.0,0.0,3.75,30.0,8.0,0.6475,-20.0,0.001612293184734881,0.0496399886906147
P075_B00_L00_p0375_d30,d76,0.75,0.0,0.0,3.75,30.0,8.0,0.6475,-40.0,0.002406448358669877,0.049721941351890564
P075_B00_L00_p0375_d30,d76,0.75,0.0,0.0,3.75,30.0,8.0,0.6475,20.0,0.001646691933274269,0.04964114725589752
P075_B00_L00_p0375_d30,d76,0.75,0.0,0.0,3.75,30.0,8.0,0.6475,40.0,0.002446945756673813,0.049731072038412094
P075_B00_L00_p0375_d30,d100,0.75,0.0,0.0,3.75,30.0,8.0,0.6475,0.0,0.0012858094414696097,0.04966631159186363
P075_B00_L00_p0375_d30,d100,0.75,0.0,0.0,3.75,30.0,8.0,0.6475,-20.0,0.0017522972775623202,0.04963579401373863
P075_B00_L00_p0375_d30,d100,0.75,0.0,0.0,3.75,30.0,8.0,0.6475,-40.0,0.002505582757294178,0.049633290618658066
P075_B00_L00_p0375_d30,d100,0.75,0.0,0.0,3.75,30.0,8.0,0.6475,20.0,0.0017850790172815323,0.04963640868663788
P075_B00_L00_p0375_d30,d100,0.75,0.0,0.0,3.75,30.0,8.0,0.6475,40.0,0.002531703794375062,0.04964027553796768
P075_B00_L00_p0375_d40,d00,0.75,0.0,0.0,3.75,40.0,10.666666666666666,0.6475,0.0,0.0018696278566494584,0.04968637228012085
P075_B00_L00_p0375_d40,d00,0.75,0.0,0.0,3.75,40.0,10.666666666666666,0.6475,-20.0,0.0015253283781930804,0.04966241866350174
P075_B00_L00_p0375_d40,d00,0.75,0.0,0.0,3.75,40.0,10.666666666666666,0.6475,-40.0,0.0026445682160556316,0.05000154674053192
P075_B00_L00_p0375_d40,d00,0.75,0.0,0.0,3.75,40.0,10.666666666666666,0.6475,20.0,0.0014428950380533934,0.04966146871447563
P075_B00_L00_p0375_d40,d00,0.75,0.0,0.0,3.75,40.0,10.666666666666666,0.6475,40.0,0.002632694086059928,0.05000016465783119
P075_B00_L00_p0375_d40,d76,0.75,0.0,0.0,3.75,40.0,10.666666666666666,0.6475,0.0,0.0011317164171487093,0.04967445507645607
P075_B00_L00_p0375_d40,d76,0.75,0.0,0.0,3.75,40.0,10.666666666666666,0.6475,-20.0,0.0014695485588163137,0.04964786395430565
P075_B00_L00_p0375_d40,d76,0.75,0.0,0.0,3.75,40.0,10.666666666666666,0.6475,-40.0,0.002226711716502905,0.04973229020833969
P075_B00_L00_p0375_d40,d76,0.75,0.0,0.0,3.75,40.0,10.666666666666666,0.6475,20.0,0.0014604342868551612,0.04964563623070717
P075_B00_L00_p0375_d40,d76,0.75,0.0,0.0,3.75,40.0,10.666666666666666,0.6475,40.0,0.0022353040985763073,0.04973418265581131
P075_B00_L00_p0375_d40,d100,0.75,0.0,0.0,3.75,40.0,10.666666666666666,0.6475,0.0,0.0010170121677219868,0.04967156797647476
P075_B00_L00_p0375_d40,d100,0.75,0.0,0.0,3.75,40.0,10.666666666666666,0.6475,-20.0,0.0015818355605006218,0.049643080681562424
P075_B00_L00_p0375_d40,d100,0.75,0.0,0.0,3.75,40.0,10.666666666666666,0.6475,-40.0,0.0023096248041838408,0.04964702948927879
P075_B00_L00_p0375_d40,d100,0.75,0.0,0.0,3.75,40.0,10.666666666666666,0.6475,20.0,0.0015834422083571553,0.049640800803899765
P075_B00_L00_p0375_d40,d100,0.75,0.0,0.0,3.75,40.0,10.666666666666666,0.6475,40.0,0.00229636044241488,0.04964999482035637
P075_B00_L00_p0375_d50,d00,0.75,0.0,0.0,3.75,50.0,13.333333333333334,0.6475,0.0,0.001793359755538404,0.049684204161167145
P075_B00_L00_p0375_d50,d00,0.75,0.0,0.0,3.75,50.0,13.333333333333334,0.6475,-20.0,0.0014622518792748451,0.04965963959693909
P075_B00_L00_p0375_d50,d00,0.75,0.0,0.0,3.75,50.0,13.333333333333334,0.6475,-40.0,0.0025122978258877993,0.04999407008290291
P075_B00_L00_p0375_d50,d00,0.75,0.0,0.0,3.75,50.0,13.333333333333334,0.6475,20.0,0.0014267446240410209,0.04965685307979584
P075_B00_L00_p0375_d50,d00,0.75,0.0,0.0,3.75,50.0,13.333333333333334,0.6475,40.0,0.0025005934294313192,0.05000469461083412
P075_B00_L00_p0375_d50,d76,0.75,0.0,0.0,3.75,50.0,13.333333333333334,0.6475,0.0,0.0010332318488508463,0.04967328533530235
P075_B00_L00_p0375_d50,d76,0.75,0.0,0.0,3.75,50.0,13.333333333333334,0.6475,-20.0,0.0013931230641901493,0.04964529722929001
P075_B00_L00_p0375_d50,d76,0.75,0.0,0.0,3.75,50.0,13.333333333333334,0.6475,-40.0,0.002168854232877493,0.04971949756145477
P075_B00_L00_p0375_d50,d76,0.75,0.0,0.0,3.75,50.0,13.333333333333334,0.6475,20.0,0.001389287761412561,0.04964281991124153
P075_B00_L00_p0375_d50,d76,0.75,0.0,0.0,3.75,50.0,13.333333333333334,0.6475,40.0,0.002166388789191842,0.04972415044903755
P075_B00_L00_p0375_d50,d100,0.75,0.0,0.0,3.75,50.0,13.333333333333334,0.6475,0.0,0.000878001214005053,0.049670323729515076
P075_B00_L00_p0375_d50,d100,0.75,0.0,0.0,3.75,50.0,13.333333333333334,0.6475,-20.0,0.0015017784899100661,0.049640920013189316
P075_B00_L00_p0375_d50,d100,0.75,0.0,0.0,3.75,50.0,13.333333333333334,0.6475,-40.0,0.0022448264062404633,0.04963688552379608
P075_B00_L00_p0375_d50,d100,0.75,0.0,0.0,3.75,50.0,13.333333333333334,0.6475,20.0,0.0014817093033343554,0.04963769391179085
P075_B00_L00_p0375_d50,d100,0.75,0.0,0.0,3.75,50.0,13.333333333333334,0.6475,40.0,0.002207112731412053,0.049638908356428146
P075_B00_L00_p0550_d20,d00,0.75,0.0,0.0,5.5,20.0,3.6363636363636362,0.6475,0.0,0.0026719425804913044,0.049905359745025635
P075_B00_L00_p0550_d20,d00,0.75,0.0,0.0,5.5,20.0,3.6363636363636362,0.6475,-20.0,0.002628487767651677,0.04990342631936073
P075_B00_L00_p0550_d20,d00,0.75,0.0,0.0,5.5,20.0,3.6363636363636362,0.6475,-40.0,0.003151737619191408,0.05000055581331253
P075_B00_L00_p0550_d20,d00,0.75,0.0,0.0,5.5,20.0,3.6363636363636362,0.6475,20.0,0.0026427358388900757,0.04990450292825699
P075_B00_L00_p0550_d20,d00,0.75,0.0,0.0,5.5,20.0,3.6363636363636362,0.6475,40.0,0.0030933269299566746,0.049999337643384933
P075_B00_L00_p0550_d20,d76,0.75,0.0,0.0,5.5,20.0,3.6363636363636362,0.6475,0.0,0.0023049614392220974,0.04990111291408539
P075_B00_L00_p0550_d20,d76,0.75,0.0,0.0,5.5,20.0,3.6363636363636362,0.6475,-20.0,0.0023886931594461203,0.049899470061063766
P075_B00_L00_p0550_d20,d76,0.75,0.0,0.0,5.5,20.0,3.6363636363636362,0.6475,-40.0,0.0030427374877035618,0.049919236451387405
P075_B00_L00_p0550_d20,d76,0.75,0.0,0.0,5.5,20.0,3.6363636363636362,0.6475,20.0,0.0024184437934309244,0.049900542944669724
P075_B00_L00_p0550_d20,d76,0.75,0.0,0.0,5.5,20.0,3.6363636363636362,0.6475,40.0,0.0030044843442738056,0.049914177507162094
P075_B00_L00_p0550_d20,d100,0.75,0.0,0.0,5.5,20.0,3.6363636363636362,0.6475,0.0,0.002416815608739853,0.04989994689822197
P075_B00_L00_p0550_d20,d100,0.75,0.0,0.0,5.5,20.0,3.6363636363636362,0.6475,-20.0,0.0025764312595129013,0.04989839717745781
P075_B00_L00_p0550_d20,d100,0.75,0.0,0.0,5.5,20.0,3.6363636363636362,0.6475,-40.0,0.003244211431592703,0.049892961978912354
P075_B00_L00_p0550_d20,d100,0.75,0.0,0.0,5.5,20.0,3.6363636363636362,0.6475,20.0,0.002547380980104208,0.04989934340119362
P075_B00_L00_p0550_d20,d100,0.75,0.0,0.0,5.5,20.0,3.6363636363636362,0.6475,40.0,0.003186251036822796,0.04988744482398033
P075_B00_L00_p0550_d30,d00,0.75,0.0,0.0,5.5,30.0,5.454545454545454,0.6475,0.0,0.0022780424915254116,0.04985285922884941
P075_B00_L00_p0550_d30,d00,0.75,0.0,0.0,5.5,30.0,5.454545454545454,0.6475,-20.0,0.0020327235106378794,0.04984891787171364
P075_B00_L00_p0550_d30,d00,0.75,0.0,0.0,5.5,30.0,5.454545454545454,0.6475,-40.0,0.0027234754525125027,0.049994803965091705
P075_B00_L00_p0550_d30,d00,0.75,0.0,0.0,5.5,30.0,5.454545454545454,0.6475,20.0,0.0019222641130909324,0.049849674105644226
P075_B00_L00_p0550_d30,d00,0.75,0.0,0.0,5.5,30.0,5.454545454545454,0.6475,40.0,0.002591953380033374,0.04999757930636406
P075_B00_L00_p0550_d30,d76,0.75,0.0,0.0,5.5,30.0,5.454545454545454,0.6475,0.0,0.0017272480763494968,0.04984733462333679
P075_B00_L00_p0550_d30,d76,0.75,0.0,0.0,5.5,30.0,5.454545454545454,0.6475,-20.0,0.0019299858249723911,0.0498432032763958
P075_B00_L00_p0550_d30,d76,0.75,0.0,0.0,5.5,30.0,5.454545454545454,0.6475,-40.0,0.0026630910579115152,0.04986856132745743
P075_B00_L00_p0550_d30,d76,0.75,0.0,0.0,5.5,30.0,5.454545454545454,0.6475,20.0,0.0018711730372160673,0.04984353482723236
P075_B00_L00_p0550_d30,d76,0.75,0.0,0.0,5.5,30.0,5.454545454545454,0.6475,40.0,0.0025825833436101675,0.049870651215314865
P075_B00_L00_p0550_d30,d100,0.75,0.0,0.0,5.5,30.0,5.454545454545454,0.6475,0.0,0.0017187331104651093,0.049845464527606964
P075_B00_L00_p0550_d30,d100,0.75,0.0,0.0,5.5,30.0,5.454545454545454,0.6475,-20.0,0.0020829581189900637,0.0498412624001503
P075_B00_L00_p0550_d30,d100,0.75,0.0,0.0,5.5,30.0,5.454545454545454,0.6475,-40.0,0.002815286861732602,0.04982888326048851
P075_B00_L00_p0550_d30,d100,0.75,0.0,0.0,5.5,30.0,5.454545454545454,0.6475,20.0,0.0020440518856048584,0.04984147846698761
P075_B00_L00_p0550_d30,d100,0.75,0.0,0.0,5.5,30.0,5.454545454545454,0.6475,40.0,0.0027717777993530035,0.04983055219054222
P075_B00_L00_p0550_d40,d00,0.75,0.0,0.0,5.5,40.0,7.2727272727272725,0.6475,0.0,0.0020465990528464317,0.04985496401786804
P075_B00_L00_p0550_d40,d00,0.75,0.0,0.0,5.5,40.0,7.2727272727272725,0.6475,-20.0,0.00174728746060282,0.049843527376651764
P075_B00_L00_p0550_d40,d00,0.75,0.0,0.0,5.5,40.0,7.2727272727272725,0.6475,-40.0,0.0025446575600653887,0.04999591410160065
P075_B00_L00_p0550_d40,d00,0.75,0.0,0.0,5.5,40.0,7.2727272727272725,0.6475,20.0,0.0016043236246332526,0.049845919013023376
P075_B00_L00_p0550_d40,d00,0.75,0.0,0.0,5.5,40.0,7.2727272727272725,0.6475,40.0,0.0025186531711369753,0.05000443756580353
P075_B00_L00_p0550_d40,d76,0.75,0.0,0.0,5.5,40.0,7.2727272727272725,0.6475,0.0,0.0014315078733488917,0.04984968528151512
P075_B00_L00_p0550_d40,d76,0.75,0.0,0.0,5.5,40.0,7.2727272727272725,0.6475,-20.0,0.0016936140600591898,0.049837175756692886
P075_B00_L00_p0550_d40,d76,0.75,0.0,0.0,5.5,40.0,7.2727272727272725,0.6475,-40.0,0.0023633858654648066,0.04987361282110214
P075_B00_L00_p0550_d40,d76,0.75,0.0,0.0,5.5,40.0,7.2727272727272725,0.6475,20.0,0.0016172736650332808,0.049839768558740616
P075_B00_L00_p0550_d40,d76,0.75,0.0,0.0,5.5,40.0,7.2727272727272725,0.6475,40.0,0.0023742946796119213,0.04987150430679321
P075_B00_L00_p0550_d40,d100,0.75,0.0,0.0,5.5,40.0,7.2727272727272725,0.6475,0.0,0.001353542902506888,0.0498480461537838
P075_B00_L00_p0550_d40,d100,0.75,0.0,0.0,5.5,40.0,7.2727272727272725,0.6475,-20.0,0.0018227651016786695,0.049834467470645905
P075_B00_L00_p0550_d40,d100,0.75,0.0,0.0,5.5,40.0,7.2727272727272725,0.6475,-40.0,0.0025096735917031765,0.04983549937605858
P075_B00_L00_p0550_d40,d100,0.75,0.0,0.0,5.5,40.0,7.2727272727272725,0.6475,20.0,0.0017628694185987115,0.04983724281191826
P075_B00_L00_p0550_d40,d100,0.75,0.0,0.0,5.5,40.0,7.2727272727272725,0.6475,40.0,0.0025197193026542664,0.049828991293907166
P075_B00_L00_p0550_d50,d00,0.75,0.0,0.0,5.5,50.0,9.090909090909092,0.6475,0.0,0.0019185212440788746,0.049850139766931534
P075_B00_L00_p0550_d50,d00,0.75,0.0,0.0,5.5,50.0,9.090909090909092,0.6475,-20.0,0.0015602854546159506,0.049845799803733826
P075_B00_L00_p0550_d50,d00,0.75,0.0,0.0,5.5,50.0,9.090909090909092,0.6475,-40.0,0.002404826693236828,0.050009194761514664
P075_B00_L00_p0550_d50,d00,0.75,0.0,0.0,5.5,50.0,9.090909090909092,0.6475,20.0,0.0015538503648713231,0.04984814673662186
P075_B00_L00_p0550_d50,d00,0.75,0.0,0.0,5.5,50.0,9.090909090909092,0.6475,40.0,0.002345692366361618,0.04999992623925209
P075_B00_L00_p0550_d50,d76,0.75,0.0,0.0,5.5,50.0,9.090909090909092,0.6475,0.0,0.0012262164382264018,0.049844905734062195
P075_B00_L00_p0550_d50,d76,0.75,0.0,0.0,5.5,50.0,9.090909090909092,0.6475,-20.0,0.001517979777418077,0.04983938857913017
P075_B00_L00_p0550_d50,d76,0.75,0.0,0.0,5.5,50.0,9.090909090909092,0.6475,-40.0,0.0022068582475185394,0.0498715341091156
P075_B00_L00_p0550_d50,d76,0.75,0.0,0.0,5.5,50.0,9.090909090909092,0.6475,20.0,0.0014935563085600734,0.049841124564409256
P075_B00_L00_p0550_d50,d76,0.75,0.0,0.0,5.5,50.0,9.090909090909092,0.6475,40.0,0.002148478990420699,0.04987545683979988
P075_B00_L00_p0550_d50,d100,0.75,0.0,0.0,5.5,50.0,9.090909090909092,0.6475,0.0,0.0011301374761387706,0.04984322935342789
P075_B00_L00_p0550_d50,d100,0.75,0.0,0.0,5.5,50.0,9.090909090909092,0.6475,-20.0,0.0016539330827072263,0.049837373197078705
P075_B00_L00_p0550_d50,d100,0.75,0.0,0.0,5.5,50.0,9.090909090909092,0.6475,-40.0,0.0023739582393318415,0.049828626215457916
P075_B00_L00_p0550_d50,d100,0.75,0.0,0.0,5.5,50.0,9.090909090909092,0.6475,20.0,0.0016143396496772766,0.049839191138744354
P075_B00_L00_p0550_d50,d100,0.75,0.0,0.0,5.5,50.0,9.090909090909092,0.6475,40.0,0.0023062904365360737,0.049834661185741425
P075_B00_L00_p0750_d20,d00,0.75,0.0,0.0,7.5,20.0,2.6666666666666665,0.6475,0.0,0.003410098608583212,0.04995973780751228
P075_B00_L00_p0750_d20,d00,0.75,0.0,0.0,7.5,20.0,2.6666666666666665,0.6475,-20.0,0.004388917703181505,0.04995772987604141
P075_B00_L00_p0750_d20,d00,0.75,0.0,0.0,7.5,20.0,2.6666666666666665,0.6475,-40.0,0.005047834012657404,0.049999795854091644
P075_B00_L00_p0750_d20,d00,0.75,0.0,0.0,7.5,20.0,2.6666666666666665,0.6475,20.0,0.004367045592516661,0.0499577596783638
P075_B00_L00_p0750_d20,d00,0.75,0.0,0.0,7.5,20.0,2.6666666666666665,0.6475,40.0,0.0049706208519637585,0.04999961704015732
P075_B00_L00_p0750_d20,d76,0.75,0.0,0.0,7.5,20.0,2.6666666666666665,0.6475,0.0,0.00298408605158329,0.04995853453874588
P075_B00_L00_p0750_d20,d76,0.75,0.0,0.0,7.5,20.0,2.6666666666666665,0.6475,-20.0,0.0032060290686786175,0.049955904483795166
P075_B00_L00_p0750_d20,d76,0.75,0.0,0.0,7.5,20.0,2.6666666666666665,0.6475,-40.0,0.0037714545615017414,0.04996725544333458
P075_B00_L00_p0750_d20,d76,0.75,0.0,0.0,7.5,20.0,2.6666666666666665,0.6475,20.0,0.003186586080119014,0.04995623603463173
P075_B00_L00_p0750_d20,d76,0.75,0.0,0.0,7.5,20.0,2.6666666666666665,0.6475,40.0,0.003713291371241212,0.049966853111982346
P075_B00_L00_p0750_d20,d100,0.75,0.0,0.0,7.5,20.0,2.6666666666666665,0.6475,0.0,0.003140080254524946,0.04995805397629738
P075_B00_L00_p0750_d20,d100,0.75,0.0,0.0,7.5,20.0,2.6666666666666665,0.6475,-20.0,0.0032282182946801186,0.049955103546381
P075_B00_L00_p0750_d20,d100,0.75,0.0,0.0,7.5,20.0,2.6666666666666665,0.6475,-40.0,0.003754378529265523,0.049956824630498886
P075_B00_L00_p0750_d20,d100,0.75,0.0,0.0,7.5,20.0,2.6666666666666665,0.6475,20.0,0.003208954120054841,0.04995568096637726
P075_B00_L00_p0750_d20,d100,0.75,0.0,0.0,7.5,20.0,2.6666666666666665,0.6475,40.0,0.0037118897307664156,0.049956146627664566
P075_B00_L00_p0750_d30,d00,0.75,0.0,0.0,7.5,30.0,4.0,0.6475,0.0,0.0025659282691776752,0.049919493496418
P075_B00_L00_p0750_d30,d00,0.75,0.0,0.0,7.5,30.0,4.0,0.6475,-20.0,0.0023961446713656187,0.04991445690393448
P075_B00_L00_p0750_d30,d00,0.75,0.0,0.0,7.5,30.0,4.0,0.6475,-40.0,0.0030721721705049276,0.04999953880906105
P075_B00_L00_p0750_d30,d00,0.75,0.0,0.0,7.5,30.0,4.0,0.6475,20.0,0.00250476086512208,0.04991494491696358
P075_B00_L00_p0750_d30,d00,0.75,0.0,0.0,7.5,30.0,4.0,0.6475,40.0,0.0031223976984620094,0.04999703913927078
P075_B00_L00_p0750_d30,d76,0.75,0.0,0.0,7.5,30.0,4.0,0.6475,0.0,0.0021445699967443943,0.04991655424237251
P075_B00_L00_p0750_d30,d76,0.75,0.0,0.0,7.5,30.0,4.0,0.6475,-20.0,0.0022728133480995893,0.04991092160344124
P075_B00_L00_p0750_d30,d76,0.75,0.0,0.0,7.5,30.0,4.0,0.6475,-40.0,0.002939936239272356,0.04993215575814247
P075_B00_L00_p0750_d30,d76,0.75,0.0,0.0,7.5,30.0,4.0,0.6475,20.0,0.002351450966671109,0.04991116374731064
P075_B00_L00_p0750_d30,d76,0.75,0.0,0.0,7.5,30.0,4.0,0.6475,40.0,0.0029664922039955854,0.04993082955479622
P075_B00_L00_p0750_d30,d100,0.75,0.0,0.0,7.5,30.0,4.0,0.6475,0.0,0.002206091769039631,0.04991554841399193
P075_B00_L00_p0750_d30,d100,0.75,0.0,0.0,7.5,30.0,4.0,0.6475,-20.0,0.0024108963552862406,0.049909740686416626
P075_B00_L00_p0750_d30,d100,0.75,0.0,0.0,7.5,30.0,4.0,0.6475,-40.0,0.0031262231059372425,0.049911126494407654
P075_B00_L00_p0750_d30,d100,0.75,0.0,0.0,7.5,30.0,4.0,0.6475,20.0,0.002506148535758257,0.04990994930267334
P075_B00_L00_p0750_d30,d100,0.75,0.0,0.0,7.5,30.0,4.0,0.6475,40.0,0.0031577488407492638,0.049910031259059906
P075_B00_L00_p0750_d40,d00,0.75,0.0,0.0,7.5,40.0,5.333333333333333,0.6475,0.0,0.0021788852754980326,0.049920760095119476
P075_B00_L00_p0750_d40,d00,0.75,0.0,0.0,7.5,40.0,5.333333333333333,0.6475,-20.0,0.0018879277631640434,0.04991712421178818
P075_B00_L00_p0750_d40,d00,0.75,0.0,0.0,7.5,40.0,5.333333333333333,0.6475,-40.0,0.0024861018173396587,0.050003327429294586
P075_B00_L00_p0750_d40,d00,0.75,0.0,0.0,7.5,40.0,5.333333333333333,0.6475,20.0,0.0018590142717584968,0.04991715028882027
P075_B00_L00_p0750_d40,d00,0.75,0.0,0.0,7.5,40.0,5.333333333333333,0.6475,40.0,0.002497017616406083,0.050000790506601334
P075_B00_L00_p0750_d40,d76,0.75,0.0,0.0,7.5,40.0,5.333333333333333,0.6475,0.0,0.0016294552478939295,0.049918100237846375
P075_B00_L00_p0750_d40,d76,0.75,0.0,0.0,7.5,40.0,5.333333333333333,0.6475,-20.0,0.0018663944210857153,0.04991365596652031
P075_B00_L00_p0750_d40,d76,0.75,0.0,0.0,7.5,40.0,5.333333333333333,0.6475,-40.0,0.0025239656679332256,0.04993175342679024
P075_B00_L00_p0750_d40,d76,0.75,0.0,0.0,7.5,40.0,5.333333333333333,0.6475,20.0,0.0018344573909416795,0.04991370439529419
P075_B00_L00_p0750_d40,d76,0.75,0.0,0.0,7.5,40.0,5.333333333333333,0.6475,40.0,0.002514258027076721,0.049931857734918594
P075_B00_L00_p0750_d40,d100,0.75,0.0,0.0,7.5,40.0,5.333333333333333,0.6475,0.0,0.00161579845007509,0.049917060881853104
P075_B00_L00_p0750_d40,d100,0.75,0.0,0.0,7.5,40.0,5.333333333333333,0.6475,-20.0,0.002009659307077527,0.04991239681839943
P075_B00_L00_p0750_d40,d100,0.75,0.0,0.0,7.5,40.0,5.333333333333333,0.6475,-40.0,0.002732333028689027,0.0499102883040905
P075_B00_L00_p0750_d40,d100,0.75,0.0,0.0,7.5,40.0,5.333333333333333,0.6475,20.0,0.0019669639877974987,0.049912773072719574
P075_B00_L00_p0750_d40,d100,0.75,0.0,0.0,7.5,40.0,5.333333333333333,0.6475,40.0,0.0026668990030884743,0.04990997910499573
P075_B00_L00_p0750_d50,d00,0.75,0.0,0.0,7.5,50.0,6.666666666666667,0.6475,0.0,0.002064197324216366,0.049913421273231506
P075_B00_L00_p0750_d50,d00,0.75,0.0,0.0,7.5,50.0,6.666666666666667,0.6475,-20.0,0.0017131640342995524,0.04990344122052193
P075_B00_L00_p0750_d50,d00,0.75,0.0,0.0,7.5,50.0,6.666666666666667,0.6475,-40.0,0.0025910695549100637,0.05000114068388939
P075_B00_L00_p0750_d50,d00,0.75,0.0,0.0,7.5,50.0,6.666666666666667,0.6475,20.0,0.0016536415787413716,0.049903787672519684
P075_B00_L00_p0750_d50,d00,0.75,0.0,0.0,7.5,50.0,6.666666666666667,0.6475,40.0,0.0025875032879412174,0.05000196769833565
P075_B00_L00_p0750_d50,d76,0.75,0.0,0.0,7.5,50.0,6.666666666666667,0.6475,0.0,0.0014439027290791273,0.04991026222705841
P075_B00_L00_p0750_d50,d76,0.75,0.0,0.0,7.5,50.0,6.666666666666667,0.6475,-20.0,0.0016699512489140034,0.049898386001586914
P075_B00_L00_p0750_d50,d76,0.75,0.0,0.0,7.5,50.0,6.666666666666667,0.6475,-40.0,0.0024433548096567392,0.04992646351456642
P075_B00_L00_p0750_d50,d76,0.75,0.0,0.0,7.5,50.0,6.666666666666667,0.6475,20.0,0.0016556092305108905,0.049899809062480927
P075_B00_L00_p0750_d50,d76,0.75,0.0,0.0,7.5,50.0,6.666666666666667,0.6475,40.0,0.002419660799205303,0.04992539435625076
P075_B00_L00_p0750_d50,d100,0.75,0.0,0.0,7.5,50.0,6.666666666666667,0.6475,0.0,0.0013934738235548139,0.04990965873003006
P075_B00_L00_p0750_d50,d100,0.75,0.0,0.0,7.5,50.0,6.666666666666667,0.6475,-20.0,0.0018347729928791523,0.04989706352353096
P075_B00_L00_p0750_d50,d100,0.75,0.0,0.0,7.5,50.0,6.666666666666667,0.6475,-40.0,0.0026006288826465607,0.04990227520465851
P075_B00_L00_p0750_d50,d100,0.75,0.0,0.0,7.5,50.0,6.666666666666667,0.6475,20.0,0.001803477294743061,0.04989847168326378
P075_B00_L00_p0750_d50,d100,0.75,0.0,0.0,7.5,50.0,6.666666666666667,0.6475,40.0,0.0025263868737965822,0.049900926649570465
P075_B00_L00_p1100_d20,d00,0.75,0.0,0.0,11.0,20.0,1.8181818181818181,0.6475,0.0,0.007610775064677,0.04997323080897331
P075_B00_L00_p1100_d20,d00,0.75,0.0,0.0,11.0,20.0,1.8181818181818181,0.6475,-20.0,0.009122905321419239,0.04997199401259422
P075_B00_L00_p1100_d20,d00,0.75,0.0,0.0,11.0,20.0,1.8181818181818181,0.6475,-40.0,0.009495258331298828,0.04999908432364464
P075_B00_L00_p1100_d20,d00,0.75,0.0,0.0,11.0,20.0,1.8181818181818181,0.6475,20.0,0.009060109034180641,0.049971260130405426
P075_B00_L00_p1100_d20,d00,0.75,0.0,0.0,11.0,20.0,1.8181818181818181,0.6475,40.0,0.008996348828077316,0.05000055581331253
P075_B00_L00_p1100_d20,d76,0.75,0.0,0.0,11.0,20.0,1.8181818181818181,0.6475,0.0,0.004558920860290527,0.04997242987155914
P075_B00_L00_p1100_d20,d76,0.75,0.0,0.0,11.0,20.0,1.8181818181818181,0.6475,-20.0,0.004754762165248394,0.04997086524963379
P075_B00_L00_p1100_d20,d76,0.75,0.0,0.0,11.0,20.0,1.8181818181818181,0.6475,-40.0,0.005139649845659733,0.049977052956819534
P075_B00_L00_p1100_d20,d76,0.75,0.0,0.0,11.0,20.0,1.8181818181818181,0.6475,20.0,0.004727240186184645,0.04997016116976738
P075_B00_L00_p1100_d20,d76,0.75,0.0,0.0,11.0,20.0,1.8181818181818181,0.6475,40.0,0.0050742169842123985,0.04997754842042923
P075_B00_L00_p1100_d20,d100,0.75,0.0,0.0,11.0,20.0,1.8181818181818181,0.6475,0.0,0.004362334962934256,0.04997202381491661
P075_B00_L00_p1100_d20,d100,0.75,0.0,0.0,11.0,20.0,1.8181818181818181,0.6475,-20.0,0.004278205800801516,0.0499705970287323
P075_B00_L00_p1100_d20,d100,0.75,0.0,0.0,11.0,20.0,1.8181818181818181,0.6475,-40.0,0.004554792772978544,0.049970827996730804
P075_B00_L00_p1100_d20,d100,0.75,0.0,0.0,11.0,20.0,1.8181818181818181,0.6475,20.0,0.004239470697939396,0.049969933927059174
P075_B00_L00_p1100_d20,d100,0.75,0.0,0.0,11.0,20.0,1.8181818181818181,0.6475,40.0,0.00457936804741621,0.04997030273079872
P075_B00_L00_p1100_d30,d00,0.75,0.0,0.0,11.0,30.0,2.727272727272727,0.6475,0.0,0.0034957416355609894,0.04995158314704895
P075_B00_L00_p1100_d30,d00,0.75,0.0,0.0,11.0,30.0,2.727272727272727,0.6475,-20.0,0.004525641445070505,0.04995272308588028
P075_B00_L00_p1100_d30,d00,0.75,0.0,0.0,11.0,30.0,2.727272727272727,0.6475,-40.0,0.0051145306788384914,0.04999834671616554
P075_B00_L00_p1100_d30,d00,0.75,0.0,0.0,11.0,30.0,2.727272727272727,0.6475,20.0,0.004203216638416052,0.04995374381542206
P075_B00_L00_p1100_d30,d00,0.75,0.0,0.0,11.0,30.0,2.727272727272727,0.6475,40.0,0.0046819220297038555,0.04999902844429016
P075_B00_L00_p1100_d30,d76,0.75,0.0,0.0,11.0,30.0,2.727272727272727,0.6475,0.0,0.0030437898822128773,0.04995017871260643
P075_B00_L00_p1100_d30,d76,0.75,0.0,0.0,11.0,30.0,2.727272727272727,0.6475,-20.0,0.003278272459283471,0.049950819462537766
P075_B00_L00_p1100_d30,d76,0.75,0.0,0.0,11.0,30.0,2.727272727272727,0.6475,-40.0,0.0038152881897985935,0.04995855689048767
P075_B00_L00_p1100_d30,d76,0.75,0.0,0.0,11.0,30.0,2.727272727272727,0.6475,20.0,0.0031009966041892767,0.04995204880833626
P075_B00_L00_p1100_d30,d76,0.75,0.0,0.0,11.0,30.0,2.727272727272727,0.6475,40.0,0.0036456622183322906,0.049958448857069016
P075_B00_L00_p1100_d30,d100,0.75,0.0,0.0,11.0,30.0,2.727272727272727,0.6475,0.0,0.0032165558077394962,0.049949418753385544
P075_B00_L00_p1100_d30,d100,0.75,0.0,0.0,11.0,30.0,2.727272727272727,0.6475,-20.0,0.0033175027929246426,0.04995005205273628
P075_B00_L00_p1100_d30,d100,0.75,0.0,0.0,11.0,30.0,2.727272727272727,0.6475,-40.0,0.0038270961958914995,0.049945686012506485
P075_B00_L00_p1100_d30,d100,0.75,0.0,0.0,11.0,30.0,2.727272727272727,0.6475,20.0,0.0031031733378767967,0.049951501190662384
P075_B00_L00_p1100_d30,d100,0.75,0.0,0.0,11.0,30.0,2.727272727272727,0.6475,40.0,0.0036815516650676727,0.04994557797908783
P075_B00_L00_p1100_d40,d00,0.75,0.0,0.0,11.0,40.0,3.6363636363636362,0.6475,0.0,0.0028451113030314445,0.049958735704422
P075_B00_L00_p1100_d40,d00,0.75,0.0,0.0,11.0,40.0,3.6363636363636362,0.6475,-20.0,0.0027681998908519745,0.049956776201725006
P075_B00_L00_p1100_d40,d00,0.75,0.0,0.0,11.0,40.0,3.6363636363636362,0.6475,-40.0,0.0031814442481845617,0.04999711364507675
P075_B00_L00_p1100_d40,d00,0.75,0.0,0.0,11.0,40.0,3.6363636363636362,0.6475,20.0,0.0028936315793544054,0.04995578154921532
P075_B00_L00_p1100_d40,d00,0.75,0.0,0.0,11.0,40.0,3.6363636363636362,0.6475,40.0,0.003162793116644025,0.04999686777591705
P075_B00_L00_p1100_d40,d76,0.75,0.0,0.0,11.0,40.0,3.6363636363636362,0.6475,0.0,0.0025114985182881355,0.049957070499658585
P075_B00_L00_p1100_d40,d76,0.75,0.0,0.0,11.0,40.0,3.6363636363636362,0.6475,-20.0,0.0025107082910835743,0.049954574555158615
P075_B00_L00_p1100_d40,d76,0.75,0.0,0.0,11.0,40.0,3.6363636363636362,0.6475,-40.0,0.0031189932487905025,0.04996415600180626
P075_B00_L00_p1100_d40,d76,0.75,0.0,0.0,11.0,40.0,3.6363636363636362,0.6475,20.0,0.002615368692204356,0.0499541275203228
P075_B00_L00_p1100_d40,d76,0.75,0.0,0.0,11.0,40.0,3.6363636363636362,0.6475,40.0,0.0031662683468312025,0.04996281862258911
P075_B00_L00_p1100_d40,d100,0.75,0.0,0.0,11.0,40.0,3.6363636363636362,0.6475,0.0,0.002614187076687813,0.0499565452337265
P075_B00_L00_p1100_d40,d100,0.75,0.0,0.0,11.0,40.0,3.6363636363636362,0.6475,-20.0,0.0026567953173071146,0.049954235553741455
P075_B00_L00_p1100_d40,d100,0.75,0.0,0.0,11.0,40.0,3.6363636363636362,0.6475,-40.0,0.0033366261050105095,0.049954067915678024
P075_B00_L00_p1100_d40,d100,0.75,0.0,0.0,11.0,40.0,3.6363636363636362,0.6475,20.0,0.0027478262782096863,0.04995374009013176
P075_B00_L00_p1100_d40,d100,0.75,0.0,0.0,11.0,40.0,3.6363636363636362,0.6475,40.0,0.0033927494660019875,0.04995276406407356
P075_B00_L00_p1100_d50,d00,0.75,0.0,0.0,11.0,50.0,4.545454545454546,0.6475,0.0,0.002419872209429741,0.04996170848608017
P075_B00_L00_p1100_d50,d00,0.75,0.0,0.0,11.0,50.0,4.545454545454546,0.6475,-20.0,0.0021152589470148087,0.049955762922763824
P075_B00_L00_p1100_d50,d00,0.75,0.0,0.0,11.0,50.0,4.545454545454546,0.6475,-40.0,0.0026796311140060425,0.050000373274087906
P075_B00_L00_p1100_d50,d00,0.75,0.0,0.0,11.0,50.0,4.545454545454546,0.6475,20.0,0.0021076074335724115,0.04995677247643471
P075_B00_L00_p1100_d50,d00,0.75,0.0,0.0,11.0,50.0,4.545454545454546,0.6475,40.0,0.002692145062610507,0.0500018410384655
P075_B00_L00_p1100_d50,d76,0.75,0.0,0.0,11.0,50.0,4.545454545454546,0.6475,0.0,0.001975345192477107,0.0499601736664772
P075_B00_L00_p1100_d50,d76,0.75,0.0,0.0,11.0,50.0,4.545454545454546,0.6475,-20.0,0.0020535264629870653,0.049953579902648926
P075_B00_L00_p1100_d50,d76,0.75,0.0,0.0,11.0,50.0,4.545454545454546,0.6475,-40.0,0.002700615208595991,0.049965750426054
P075_B00_L00_p1100_d50,d76,0.75,0.0,0.0,11.0,50.0,4.545454545454546,0.6475,20.0,0.002019229345023632,0.04995536431670189
P075_B00_L00_p1100_d50,d76,0.75,0.0,0.0,11.0,50.0,4.545454545454546,0.6475,40.0,0.002740483731031418,0.04996633902192116
P075_B00_L00_p1100_d50,d100,0.75,0.0,0.0,11.0,50.0,4.545454545454546,0.6475,0.0,0.0020265693310648203,0.04995984584093094
P075_B00_L00_p1100_d50,d100,0.75,0.0,0.0,11.0,50.0,4.545454545454546,0.6475,-20.0,0.0022036214359104633,0.04995303228497505
P075_B00_L00_p1100_d50,d100,0.75,0.0,0.0,11.0,50.0,4.545454545454546,0.6475,-40.0,0.0028910464607179165,0.049955472350120544
P075_B00_L00_p1100_d50,d100,0.75,0.0,0.0,11.0,50.0,4.545454545454546,0.6475,20.0,0.0021763176191598177,0.04995489865541458
P075_B00_L00_p1100_d50,d100,0.75,0.0,0.0,11.0,50.0,4.545454545454546,0.6475,40.0,0.0029262173920869827,0.04995489865541458
P075_B00_L35_p0375_d20,d00,0.75,0.0,0.35,3.75,20.0,5.333333333333333,0.6475,0.0,0.00386021938174963,0.049788638949394226
P075_B00_L35_p0375_d20,d00,0.75,0.0,0.35,3.75,20.0,5.333333333333333,0.6475,-20.0,0.005393526516854763,0.049785345792770386
P075_B00_L35_p0375_d20,d00,0.75,0.0,0.35,3.75,20.0,5.333333333333333,0.6475,-40.0,0.00607649888843298,0.049996186047792435
P075_B00_L35_p0375_d20,d00,0.75,0.0,0.35,3.75,20.0,5.333333333333333,0.6475,20.0,0.005332218948751688,0.04979229345917702
P075_B00_L35_p0375_d20,d00,0.75,0.0,0.35,3.75,20.0,5.333333333333333,0.6475,40.0,0.00607101246714592,0.049994684755802155
P075_B00_L35_p0375_d20,d76,0.75,0.0,0.35,3.75,20.0,5.333333333333333,0.6475,0.0,0.003380638314411044,0.04978053271770477
P075_B00_L35_p0375_d20,d76,0.75,0.0,0.35,3.75,20.0,5.333333333333333,0.6475,-20.0,0.0036269130650907755,0.049778010696172714
P075_B00_L35_p0375_d20,d76,0.75,0.0,0.35,3.75,20.0,5.333333333333333,0.6475,-40.0,0.004097701516002417,0.04982813075184822
P075_B00_L35_p0375_d20,d76,0.75,0.0,0.35,3.75,20.0,5.333333333333333,0.6475,20.0,0.0036322674714028835,0.04978344589471817
P075_B00_L35_p0375_d20,d76,0.75,0.0,0.35,3.75,20.0,5.333333333333333,0.6475,40.0,0.004116560332477093,0.049825042486190796
P075_B00_L35_p0375_d20,d100,0.75,0.0,0.35,3.75,20.0,5.333333333333333,0.6475,0.0,0.003651911159977317,0.04977875575423241
P075_B00_L35_p0375_d20,d100,0.75,0.0,0.35,3.75,20.0,5.333333333333333,0.6475,-20.0,0.003699443070217967,0.049775198101997375
P075_B00_L35_p0375_d20,d100,0.75,0.0,0.35,3.75,20.0,5.333333333333333,0.6475,-40.0,0.004138177260756493,0.04977502301335335
P075_B00_L35_p0375_d20,d100,0.75,0.0,0.35,3.75,20.0,5.333333333333333,0.6475,20.0,0.003717408049851656,0.04978000000119209
P075_B00_L35_p0375_d20,d100,0.75,0.0,0.35,3.75,20.0,5.333333333333333,0.6475,40.0,0.004132034257054329,0.04976970702409744
P075_B00_L35_p0375_d30,d00,0.75,0.0,0.35,3.75,30.0,8.0,0.6475,0.0,0.0026362286880612373,0.04965703934431076
P075_B00_L35_p0375_d30,d00,0.75,0.0,0.35,3.75,30.0,8.0,0.6475,-20.0,0.002651500515639782,0.049644626677036285
P075_B00_L35_p0375_d30,d00,0.75,0.0,0.35,3.75,30.0,8.0,0.6475,-40.0,0.003520733444020152,0.049994196742773056
P075_B00_L35_p0375_d30,d00,0.75,0.0,0.35,3.75,30.0,8.0,0.6475,20.0,0.002670728135854006,0.049637436866760254
P075_B00_L35_p0375_d30,d00,0.75,0.0,0.35,3.75,30.0,8.0,0.6475,40.0,0.003414420410990715,0.04998966306447983
P075_B00_L35_p0375_d30,d76,0.75,0.0,0.35,3.75,30.0,8.0,0.6475,0.0,0.0024135506246238947,0.04964536800980568
P075_B00_L35_p0375_d30,d76,0.75,0.0,0.35,3.75,30.0,8.0,0.6475,-20.0,0.0025165658444166183,0.049630049616098404
P075_B00_L35_p0375_d30,d76,0.75,0.0,0.35,3.75,30.0,8.0,0.6475,-40.0,0.003198265330865979,0.04970915988087654
P075_B00_L35_p0375_d30,d76,0.75,0.0,0.35,3.75,30.0,8.0,0.6475,20.0,0.0025450189132243395,0.049621500074863434
P075_B00_L35_p0375_d30,d76,0.75,0.0,0.35,3.75,30.0,8.0,0.6475,40.0,0.003205359447747469,0.04971374571323395
P075_B00_L35_p0375_d30,d100,0.75,0.0,0.35,3.75,30.0,8.0,0.6475,0.0,0.002575612859800458,0.049641165882349014
P075_B00_L35_p0375_d30,d100,0.75,0.0,0.35,3.75,30.0,8.0,0.6475,-20.0,0.002715878887102008,0.049625687301158905
P075_B00_L35_p0375_d30,d100,0.75,0.0,0.35,3.75,30.0,8.0,0.6475,-40.0,0.0033484918531030416,0.04962199926376343
P075_B00_L35_p0375_d30,d100,0.75,0.0,0.35,3.75,30.0,8.0,0.6475,20.0,0.0027406730223447084,0.04961603507399559
P075_B00_L35_p0375_d30,d100,0.75,0.0,0.35,3.75,30.0,8.0,0.6475,40.0,0.0033709013368934393,0.049626123160123825
P075_B00_L35_p0375_d40,d00,0.75,0.0,0.35,3.75,40.0,10.666666666666666,0.6475,0.0,0.002326474990695715,0.0496617816388607
P075_B00_L35_p0375_d40,d00,0.75,0.0,0.35,3.75,40.0,10.666666666666666,0.6475,-20.0,0.002117031253874302,0.04964746534824371
P075_B00_L35_p0375_d40,d00,0.75,0.0,0.35,3.75,40.0,10.666666666666666,0.6475,-40.0,0.003033130895346403,0.04998941719532013
P075_B00_L35_p0375_d40,d00,0.75,0.0,0.35,3.75,40.0,10.666666666666666,0.6475,20.0,0.002108158776536584,0.049648672342300415
P075_B00_L35_p0375_d40,d00,0.75,0.0,0.35,3.75,40.0,10.666666666666666,0.6475,40.0,0.0030097072012722492,0.04999789595603943
P075_B00_L35_p0375_d40,d76,0.75,0.0,0.35,3.75,40.0,10.666666666666666,0.6475,0.0,0.001927207107655704,0.04964977130293846
P075_B00_L35_p0375_d40,d76,0.75,0.0,0.35,3.75,40.0,10.666666666666666,0.6475,-20.0,0.0020948259625583887,0.04963279142975807
P075_B00_L35_p0375_d40,d76,0.75,0.0,0.35,3.75,40.0,10.666666666666666,0.6475,-40.0,0.0027602300979197025,0.049723997712135315
P075_B00_L35_p0375_d40,d76,0.75,0.0,0.35,3.75,40.0,10.666666666666666,0.6475,20.0,0.0020586601458489895,0.049633294343948364
P075_B00_L35_p0375_d40,d76,0.75,0.0,0.35,3.75,40.0,10.666666666666666,0.6475,40.0,0.0027963784523308277,0.04972369968891144
P075_B00_L35_p0375_d40,d100,0.75,0.0,0.35,3.75,40.0,10.666666666666666,0.6475,0.0,0.0019653956405818462,0.04964645951986313
P075_B00_L35_p0375_d40,d100,0.75,0.0,0.35,3.75,40.0,10.666666666666666,0.6475,-20.0,0.0022499514743685722,0.04962792992591858
P075_B00_L35_p0375_d40,d100,0.75,0.0,0.35,3.75,40.0,10.666666666666666,0.6475,-40.0,0.0028907812666147947,0.049638908356428146
P075_B00_L35_p0375_d40,d100,0.75,0.0,0.35,3.75,40.0,10.666666666666666,0.6475,20.0,0.0022474154829978943,0.04962833598256111
P075_B00_L35_p0375_d40,d100,0.75,0.0,0.35,3.75,40.0,10.666666666666666,0.6475,40.0,0.0028987068217247725,0.0496382936835289
P075_B00_L35_p0375_d50,d00,0.75,0.0,0.35,3.75,50.0,13.333333333333334,0.6475,0.0,0.002245585434138775,0.049659084528684616
P075_B00_L35_p0375_d50,d00,0.75,0.0,0.35,3.75,50.0,13.333333333333334,0.6475,-20.0,0.0019175028428435326,0.049640871584415436
P075_B00_L35_p0375_d50,d00,0.75,0.0,0.35,3.75,50.0,13.333333333333334,0.6475,-40.0,0.0030463540460914373,0.049983661621809006
P075_B00_L35_p0375_d50,d00,0.75,0.0,0.35,3.75,50.0,13.333333333333334,0.6475,20.0,0.0018232978181913495,0.049639612436294556
P075_B00_L35_p0375_d50,d00,0.75,0.0,0.35,3.75,50.0,13.333333333333334,0.6475,40.0,0.0029931787867099047,0.04998140037059784
P075_B00_L35_p0375_d50,d76,0.75,0.0,0.35,3.75,50.0,13.333333333333334,0.6475,0.0,0.0016758054262027144,0.04964696988463402
P075_B00_L35_p0375_d50,d76,0.75,0.0,0.35,3.75,50.0,13.333333333333334,0.6475,-20.0,0.0018576066941022873,0.0496254563331604
P075_B00_L35_p0375_d50,d76,0.75,0.0,0.35,3.75,50.0,13.333333333333334,0.6475,-40.0,0.0026140070986002684,0.049713458865880966
P075_B00_L35_p0375_d50,d76,0.75,0.0,0.35,3.75,50.0,13.333333333333334,0.6475,20.0,0.0018167205853387713,0.04962662234902382
P075_B00_L35_p0375_d50,d76,0.75,0.0,0.35,3.75,50.0,13.333333333333334,0.6475,40.0,0.002622953848913312,0.04970971867442131
P075_B00_L35_p0375_d50,d100,0.75,0.0,0.35,3.75,50.0,13.333333333333334,0.6475,0.0,0.0016236078226938844,0.04964382201433182
P075_B00_L35_p0375_d50,d100,0.75,0.0,0.35,3.75,50.0,13.333333333333334,0.6475,-20.0,0.002007176633924246,0.04962059482932091
P075_B00_L35_p0375_d50,d100,0.75,0.0,0.35,3.75,50.0,13.333333333333334,0.6475,-40.0,0.002685253508388996,0.04962991550564766
P075_B00_L35_p0375_d50,d100,0.75,0.0,0.35,3.75,50.0,13.333333333333334,0.6475,20.0,0.001970201963558793,0.049621500074863434
P075_B00_L35_p0375_d50,d100,0.75,0.0,0.35,3.75,50.0,13.333333333333334,0.6475,40.0,0.002656579250469804,0.049625180661678314
P075_B00_L35_p0550_d20,d00,0.75,0.0,0.35,5.5,20.0,3.6363636363636362,0.6475,0.0,0.010987031273543835,0.04989220201969147
P075_B00_L35_p0550_d20,d00,0.75,0.0,0.35,5.5,20.0,3.6363636363636362,0.6475,-20.0,0.012592029757797718,0.0498824417591095
P075_B00_L35_p0550_d20,d00,0.75,0.0,0.35,5.5,20.0,3.6363636363636362,0.6475,-40.0,0.01409138273447752,0.04999833554029465
P075_B00_L35_p0550_d20,d00,0.75,0.0,0.35,5.5,20.0,3.6363636363636362,0.6475,20.0,0.01254721637815237,0.04988256096839905
P075_B00_L35_p0550_d20,d00,0.75,0.0,0.35,5.5,20.0,3.6363636363636362,0.6475,40.0,0.014043365605175495,0.04999350383877754
P075_B00_L35_p0550_d20,d76,0.75,0.0,0.35,5.5,20.0,3.6363636363636362,0.6475,0.0,0.0050012399442493916,0.04988706111907959
P075_B00_L35_p0550_d20,d76,0.75,0.0,0.35,5.5,20.0,3.6363636363636362,0.6475,-20.0,0.005287774372845888,0.04987775906920433
P075_B00_L35_p0550_d20,d76,0.75,0.0,0.35,5.5,20.0,3.6363636363636362,0.6475,-40.0,0.006008740048855543,0.04989928379654884
P075_B00_L35_p0550_d20,d76,0.75,0.0,0.35,5.5,20.0,3.6363636363636362,0.6475,20.0,0.00529180932790041,0.04987838491797447
P075_B00_L35_p0550_d20,d76,0.75,0.0,0.35,5.5,20.0,3.6363636363636362,0.6475,40.0,0.0059585776180028915,0.04989779368042946
P075_B00_L35_p0550_d20,d100,0.75,0.0,0.35,5.5,20.0,3.6363636363636362,0.6475,0.0,0.0047808438539505005,0.04988601803779602
P075_B00_L35_p0550_d20,d100,0.75,0.0,0.35,5.5,20.0,3.6363636363636362,0.6475,-20.0,0.004848899319767952,0.049876682460308075
P075_B00_L35_p0550_d20,d100,0.75,0.0,0.35,5.5,20.0,3.6363636363636362,0.6475,-40.0,0.005057890433818102,0.049867719411849976
P075_B00_L35_p0550_d20,d100,0.75,0.0,0.35,5.5,20.0,3.6363636363636362,0.6475,20.0,0.004807505290955305,0.049876969307661057
P075_B00_L35_p0550_d20,d100,0.75,0.0,0.35,5.5,20.0,3.6363636363636362,0.6475,40.0,0.005002148915082216,0.04986818879842758
P075_B00_L35_p0550_d30,d00,0.75,0.0,0.35,5.5,30.0,5.454545454545454,0.6475,0.0,0.0037466592621058226,0.04982981085777283
P075_B00_L35_p0550_d30,d00,0.75,0.0,0.35,5.5,30.0,5.454545454545454,0.6475,-20.0,0.0053865984082221985,0.0498187392950058
P075_B00_L35_p0550_d30,d00,0.75,0.0,0.35,5.5,30.0,5.454545454545454,0.6475,-40.0,0.005657687783241272,0.04999678581953049
P075_B00_L35_p0550_d30,d00,0.75,0.0,0.35,5.5,30.0,5.454545454545454,0.6475,20.0,0.005227682180702686,0.049821220338344574
P075_B00_L35_p0550_d30,d00,0.75,0.0,0.35,5.5,30.0,5.454545454545454,0.6475,40.0,0.005497907288372517,0.04999342933297157
P075_B00_L35_p0550_d30,d76,0.75,0.0,0.35,5.5,30.0,5.454545454545454,0.6475,0.0,0.003283340483903885,0.04982448369264603
P075_B00_L35_p0550_d30,d76,0.75,0.0,0.35,5.5,30.0,5.454545454545454,0.6475,-20.0,0.0035595817025750875,0.049811407923698425
P075_B00_L35_p0550_d30,d76,0.75,0.0,0.35,5.5,30.0,5.454545454545454,0.6475,-40.0,0.003966690972447395,0.049849096685647964
P075_B00_L35_p0550_d30,d76,0.75,0.0,0.35,5.5,30.0,5.454545454545454,0.6475,20.0,0.0035015325993299484,0.049813222140073776
P075_B00_L35_p0550_d30,d76,0.75,0.0,0.35,5.5,30.0,5.454545454545454,0.6475,40.0,0.003908935934305191,0.04984844848513603
P075_B00_L35_p0550_d30,d100,0.75,0.0,0.35,5.5,30.0,5.454545454545454,0.6475,0.0,0.0035202563740313053,0.0498228557407856
P075_B00_L35_p0550_d30,d100,0.75,0.0,0.35,5.5,30.0,5.454545454545454,0.6475,-20.0,0.0036277365870773792,0.04980836808681488
P075_B00_L35_p0550_d30,d100,0.75,0.0,0.35,5.5,30.0,5.454545454545454,0.6475,-40.0,0.004100465681403875,0.04980328679084778
P075_B00_L35_p0550_d30,d100,0.75,0.0,0.35,5.5,30.0,5.454545454545454,0.6475,20.0,0.0035892741288989782,0.049810778349637985
P075_B00_L35_p0550_d30,d100,0.75,0.0,0.35,5.5,30.0,5.454545454545454,0.6475,40.0,0.0040809945203363895,0.049804478883743286
P075_B00_L35_p0550_d40,d00,0.75,0.0,0.35,5.5,40.0,7.2727272727272725,0.6475,0.0,0.0027582927141338587,0.049827709794044495
P075_B00_L35_p0550_d40,d00,0.75,0.0,0.35,5.5,40.0,7.2727272727272725,0.6475,-20.0,0.003155157435685396,0.04981765151023865
P075_B00_L35_p0550_d40,d00,0.75,0.0,0.35,5.5,40.0,7.2727272727272725,0.6475,-40.0,0.0036986672785133123,0.049992792308330536
P075_B00_L35_p0550_d40,d00,0.75,0.0,0.35,5.5,40.0,7.2727272727272725,0.6475,20.0,0.002974787959828973,0.04981846362352371
P075_B00_L35_p0550_d40,d00,0.75,0.0,0.35,5.5,40.0,7.2727272727272725,0.6475,40.0,0.0036034216172993183,0.05000147596001625
P075_B00_L35_p0550_d40,d76,0.75,0.0,0.35,5.5,40.0,7.2727272727272725,0.6475,0.0,0.0026262393221259117,0.0498211570084095
P075_B00_L35_p0550_d40,d76,0.75,0.0,0.35,5.5,40.0,7.2727272727272725,0.6475,-20.0,0.0027771221939474344,0.049810294061899185
P075_B00_L35_p0550_d40,d76,0.75,0.0,0.35,5.5,40.0,7.2727272727272725,0.6475,-40.0,0.0032858059275895357,0.04984649643301964
P075_B00_L35_p0550_d40,d76,0.75,0.0,0.35,5.5,40.0,7.2727272727272725,0.6475,20.0,0.0026922335382550955,0.04981086403131485
P075_B00_L35_p0550_d40,d76,0.75,0.0,0.35,5.5,40.0,7.2727272727272725,0.6475,40.0,0.003286563092842698,0.04984549060463905
P075_B00_L35_p0550_d40,d100,0.75,0.0,0.35,5.5,40.0,7.2727272727272725,0.6475,0.0,0.002809191821143031,0.04981914907693863
P075_B00_L35_p0550_d40,d100,0.75,0.0,0.35,5.5,40.0,7.2727272727272725,0.6475,-20.0,0.0029694419354200363,0.049807872623205185
P075_B00_L35_p0550_d40,d100,0.75,0.0,0.35,5.5,40.0,7.2727272727272725,0.6475,-40.0,0.003509277245029807,0.04980047047138214
P075_B00_L35_p0550_d40,d100,0.75,0.0,0.35,5.5,40.0,7.2727272727272725,0.6475,20.0,0.002881303196772933,0.049808453768491745
P075_B00_L35_p0550_d40,d100,0.75,0.0,0.35,5.5,40.0,7.2727272727272725,0.6475,40.0,0.0035020289942622185,0.04979671910405159
P075_B00_L35_p0550_d50,d00,0.75,0.0,0.35,5.5,50.0,9.090909090909092,0.6475,0.0,0.002469882369041443,0.04982689023017883
P075_B00_L35_p0550_d50,d00,0.75,0.0,0.35,5.5,50.0,9.090909090909092,0.6475,-20.0,0.002425556071102619,0.04982153698801994
P075_B00_L35_p0550_d50,d00,0.75,0.0,0.35,5.5,50.0,9.090909090909092,0.6475,-40.0,0.003049326129257679,0.05000384896993637
P075_B00_L35_p0550_d50,d00,0.75,0.0,0.35,5.5,50.0,9.090909090909092,0.6475,20.0,0.0023665421176701784,0.04982229694724083
P075_B00_L35_p0550_d50,d00,0.75,0.0,0.35,5.5,50.0,9.090909090909092,0.6475,40.0,0.002953466260805726,0.04999883845448494
P075_B00_L35_p0550_d50,d76,0.75,0.0,0.35,5.5,50.0,9.090909090909092,0.6475,0.0,0.002179698785766959,0.04982086643576622
P075_B00_L35_p0550_d50,d76,0.75,0.0,0.35,5.5,50.0,9.090909090909092,0.6475,-20.0,0.0023221196606755257,0.049813881516456604
P075_B00_L35_p0550_d50,d76,0.75,0.0,0.35,5.5,50.0,9.090909090909092,0.6475,-40.0,0.002919707214459777,0.04984856769442558
P075_B00_L35_p0550_d50,d76,0.75,0.0,0.35,5.5,50.0,9.090909090909092,0.6475,20.0,0.0023146315943449736,0.04981407895684242
P075_B00_L35_p0550_d50,d76,0.75,0.0,0.35,5.5,50.0,9.090909090909092,0.6475,40.0,0.0029076957143843174,0.04984789714217186
P075_B00_L35_p0550_d50,d100,0.75,0.0,0.35,5.5,50.0,9.090909090909092,0.6475,0.0,0.002290885429829359,0.0498192273080349
P075_B00_L35_p0550_d50,d100,0.75,0.0,0.35,5.5,50.0,9.090909090909092,0.6475,-20.0,0.002506246790289879,0.04981180652976036
P075_B00_L35_p0550_d50,d100,0.75,0.0,0.35,5.5,50.0,9.090909090909092,0.6475,-40.0,0.003159288316965103,0.04979895427823067
P075_B00_L35_p0550_d50,d100,0.75,0.0,0.35,5.5,50.0,9.090909090909092,0.6475,20.0,0.0024845427833497524,0.049812186509370804
P075_B00_L35_p0550_d50,d100,0.75,0.0,0.35,5.5,50.0,9.090909090909092,0.6475,40.0,0.003087731311097741,0.04980168119072914
P075_B00_L35_p0750_d20,d00,0.75,0.0,0.35,7.5,20.0,2.6666666666666665,0.6475,0.0,0.04093111306428909,0.04994813725352287
P075_B00_L35_p0750_d20,d00,0.75,0.0,0.35,7.5,20.0,2.6666666666666665,0.6475,-20.0,0.02656480297446251,0.04994496330618858
P075_B00_L35_p0750_d20,d00,0.75,0.0,0.35,7.5,20.0,2.6666666666666665,0.6475,-40.0,0.02942575328052044,0.04999978467822075
P075_B00_L35_p0750_d20,d00,0.75,0.0,0.35,7.5,20.0,2.6666666666666665,0.6475,20.0,0.026604298502206802,0.04994502291083336
P075_B00_L35_p0750_d20,d00,0.75,0.0,0.35,7.5,20.0,2.6666666666666665,0.6475,40.0,0.030233127996325493,0.049998655915260315
P075_B00_L35_p0750_d20,d76,0.75,0.0,0.35,7.5,20.0,2.6666666666666665,0.6475,0.0,0.009859384968876839,0.04994647204875946
P075_B00_L35_p0750_d20,d76,0.75,0.0,0.35,7.5,20.0,2.6666666666666665,0.6475,-20.0,0.008375335484743118,0.049942582845687866
P075_B00_L35_p0750_d20,d76,0.75,0.0,0.35,7.5,20.0,2.6666666666666665,0.6475,-40.0,0.009751304984092712,0.049957387149333954
P075_B00_L35_p0750_d20,d76,0.75,0.0,0.35,7.5,20.0,2.6666666666666665,0.6475,20.0,0.008360409177839756,0.049942292273044586
P075_B00_L35_p0750_d20,d76,0.75,0.0,0.35,7.5,20.0,2.6666666666666665,0.6475,40.0,0.009892668575048447,0.049958422780036926
P075_B00_L35_p0750_d20,d100,0.75,0.0,0.35,7.5,20.0,2.6666666666666665,0.6475,0.0,0.005963842384517193,0.049945998936891556
P075_B00_L35_p0750_d20,d100,0.75,0.0,0.35,7.5,20.0,2.6666666666666665,0.6475,-20.0,0.0060309371910989285,0.04994192719459534
P075_B00_L35_p0750_d20,d100,0.75,0.0,0.35,7.5,20.0,2.6666666666666665,0.6475,-40.0,0.006086995359510183,0.04994293302297592
P075_B00_L35_p0750_d20,d100,0.75,0.0,0.35,7.5,20.0,2.6666666666666665,0.6475,20.0,0.006020234897732735,0.049941640347242355
P075_B00_L35_p0750_d20,d100,0.75,0.0,0.35,7.5,20.0,2.6666666666666665,0.6475,40.0,0.006031719967722893,0.04994485154747963
P075_B00_L35_p0750_d30,d00,0.75,0.0,0.35,7.5,30.0,4.0,0.6475,0.0,0.008487360551953316,0.04990644380450249
P075_B00_L35_p0750_d30,d00,0.75,0.0,0.35,7.5,30.0,4.0,0.6475,-20.0,0.011019454337656498,0.049890611320734024
P075_B00_L35_p0750_d30,d00,0.75,0.0,0.35,7.5,30.0,4.0,0.6475,-40.0,0.01328245084732771,0.04999559372663498
P075_B00_L35_p0750_d30,d00,0.75,0.0,0.35,7.5,30.0,4.0,0.6475,20.0,0.011655631475150585,0.049888692796230316
P075_B00_L35_p0750_d30,d00,0.75,0.0,0.35,7.5,30.0,4.0,0.6475,40.0,0.013602444902062416,0.04999806731939316
P075_B00_L35_p0750_d30,d76,0.75,0.0,0.35,7.5,30.0,4.0,0.6475,0.0,0.004516076296567917,0.049902986735105515
P075_B00_L35_p0750_d30,d76,0.75,0.0,0.35,7.5,30.0,4.0,0.6475,-20.0,0.004895858932286501,0.04988578334450722
P075_B00_L35_p0750_d30,d76,0.75,0.0,0.35,7.5,30.0,4.0,0.6475,-40.0,0.0056964196264743805,0.049915965646505356
P075_B00_L35_p0750_d30,d76,0.75,0.0,0.35,7.5,30.0,4.0,0.6475,20.0,0.005146852694451809,0.04988338053226471
P075_B00_L35_p0750_d30,d76,0.75,0.0,0.35,7.5,30.0,4.0,0.6475,40.0,0.00583962257951498,0.049918100237846375
P075_B00_L35_p0750_d30,d100,0.75,0.0,0.35,7.5,30.0,4.0,0.6475,0.0,0.004523613024502993,0.04990221560001373
P075_B00_L35_p0750_d30,d100,0.75,0.0,0.35,7.5,30.0,4.0,0.6475,-20.0,0.00455627404153347,0.049884259700775146
P075_B00_L35_p0750_d30,d100,0.75,0.0,0.35,7.5,30.0,4.0,0.6475,-40.0,0.004854858852922916,0.04989061877131462
P075_B00_L35_p0750_d30,d100,0.75,0.0,0.35,7.5,30.0,4.0,0.6475,20.0,0.004757871385663748,0.04988206923007965
P075_B00_L35_p0750_d30,d100,0.75,0.0,0.35,7.5,30.0,4.0,0.6475,40.0,0.004960707388818264,0.04989166557788849
P075_B00_L35_p0750_d40,d00,0.75,0.0,0.35,7.5,40.0,5.333333333333333,0.6475,0.0,0.0037390750367194414,0.04990134760737419
P075_B00_L35_p0750_d40,d00,0.75,0.0,0.35,7.5,40.0,5.333333333333333,0.6475,-20.0,0.005609335843473673,0.04989700764417648
P075_B00_L35_p0750_d40,d00,0.75,0.0,0.35,7.5,40.0,5.333333333333333,0.6475,-40.0,0.005809382535517216,0.05000048130750656
P075_B00_L35_p0750_d40,d00,0.75,0.0,0.35,7.5,40.0,5.333333333333333,0.6475,20.0,0.005534375552088022,0.04989225044846535
P075_B00_L35_p0750_d40,d00,0.75,0.0,0.35,7.5,40.0,5.333333333333333,0.6475,40.0,0.005671204999089241,0.049999743700027466
P075_B00_L35_p0750_d40,d76,0.75,0.0,0.35,7.5,40.0,5.333333333333333,0.6475,0.0,0.0032115336507558823,0.0498976930975914
P075_B00_L35_p0750_d40,d76,0.75,0.0,0.35,7.5,40.0,5.333333333333333,0.6475,-20.0,0.0036033333744853735,0.04989280924201012
P075_B00_L35_p0750_d40,d76,0.75,0.0,0.35,7.5,40.0,5.333333333333333,0.6475,-40.0,0.00399542273953557,0.04991207271814346
P075_B00_L35_p0750_d40,d76,0.75,0.0,0.35,7.5,40.0,5.333333333333333,0.6475,20.0,0.003529963782057166,0.049887269735336304
P075_B00_L35_p0750_d40,d76,0.75,0.0,0.35,7.5,40.0,5.333333333333333,0.6475,40.0,0.003940150141716003,0.04991469532251358
P075_B00_L35_p0750_d40,d100,0.75,0.0,0.35,7.5,40.0,5.333333333333333,0.6475,0.0,0.003464816138148308,0.0498967207968235
P075_B00_L35_p0750_d40,d100,0.75,0.0,0.35,7.5,40.0,5.333333333333333,0.6475,-20.0,0.0036360977683216333,0.04989089444279671
P075_B00_L35_p0750_d40,d100,0.75,0.0,0.35,7.5,40.0,5.333333333333333,0.6475,-40.0,0.004106213338673115,0.04988447576761246
P075_B00_L35_p0750_d40,d100,0.75,0.0,0.35,7.5,40.0,5.333333333333333,0.6475,20.0,0.0035735322162508965,0.049885716289281845
P075_B00_L35_p0750_d40,d100,0.75,0.0,0.35,7.5,40.0,5.333333333333333,0.6475,40.0,0.004050080664455891,0.04988853633403778
P075_B00_L35_p0750_d50,d00,0.75,0.0,0.35,7.5,50.0,6.666666666666667,0.6475,0.0,0.002982387086376548,0.04989480972290039
P075_B00_L35_p0750_d50,d00,0.75,0.0,0.35,7.5,50.0,6.666666666666667,0.6475,-20.0,0.00355979660525918,0.04987934231758118
P075_B00_L35_p0750_d50,d00,0.75,0.0,0.35,7.5,50.0,6.666666666666667,0.6475,-40.0,0.004205737262964249,0.05000204220414162
P075_B00_L35_p0750_d50,d00,0.75,0.0,0.35,7.5,50.0,6.666666666666667,0.6475,20.0,0.003529629670083523,0.049880944192409515
P075_B00_L35_p0750_d50,d00,0.75,0.0,0.35,7.5,50.0,6.666666666666667,0.6475,40.0,0.004065267741680145,0.050001613795757294
P075_B00_L35_p0750_d50,d76,0.75,0.0,0.35,7.5,50.0,6.666666666666667,0.6475,0.0,0.002811495214700699,0.049891360104084015
P075_B00_L35_p0750_d50,d76,0.75,0.0,0.35,7.5,50.0,6.666666666666667,0.6475,-20.0,0.0029674088582396507,0.04987309128046036
P075_B00_L35_p0750_d50,d76,0.75,0.0,0.35,7.5,50.0,6.666666666666667,0.6475,-40.0,0.0035024085082113743,0.0499095618724823
P075_B00_L35_p0750_d50,d76,0.75,0.0,0.35,7.5,50.0,6.666666666666667,0.6475,20.0,0.002957143122330308,0.04987578094005585
P075_B00_L35_p0750_d50,d76,0.75,0.0,0.35,7.5,50.0,6.666666666666667,0.6475,40.0,0.003461612854152918,0.049907613545656204
P075_B00_L35_p0750_d50,d100,0.75,0.0,0.35,7.5,50.0,6.666666666666667,0.6475,0.0,0.0030458925757557154,0.049890272319316864
P075_B00_L35_p0750_d50,d100,0.75,0.0,0.35,7.5,50.0,6.666666666666667,0.6475,-20.0,0.0031525613740086555,0.04987158626317978
P075_B00_L35_p0750_d50,d100,0.75,0.0,0.35,7.5,50.0,6.666666666666667,0.6475,-40.0,0.003706530435010791,0.04987958446145058
P075_B00_L35_p0750_d50,d100,0.75,0.0,0.35,7.5,50.0,6.666666666666667,0.6475,20.0,0.0030992901884019375,0.04987448826432228
P075_B00_L35_p0750_d50,d100,0.75,0.0,0.35,7.5,50.0,6.666666666666667,0.6475,40.0,0.0036746354307979345,0.049878496676683426
P075_B00_L35_p1100_d20,d00,0.75,0.0,0.35,11.0,20.0,1.8181818181818181,0.6475,0.0,0.04077281802892685,0.04996778443455696
P075_B00_L35_p1100_d20,d00,0.75,0.0,0.35,11.0,20.0,1.8181818181818181,0.6475,-20.0,0.05229112133383751,0.049959346652030945
P075_B00_L35_p1100_d20,d00,0.75,0.0,0.35,11.0,20.0,1.8181818181818181,0.6475,-40.0,0.05175747349858284,0.049999866634607315
P075_B00_L35_p1100_d20,d00,0.75,0.0,0.35,11.0,20.0,1.8181818181818181,0.6475,20.0,0.05146949365735054,0.04996015876531601
P075_B00_L35_p1100_d20,d00,0.75,0.0,0.35,11.0,20.0,1.8181818181818181,0.6475,40.0,0.04930872842669487,0.05000080168247223
P075_B00_L35_p1100_d20,d76,0.75,0.0,0.35,11.0,20.0,1.8181818181818181,0.6475,0.0,0.013691972941160202,0.049966584891080856
P075_B00_L35_p1100_d20,d76,0.75,0.0,0.35,11.0,20.0,1.8181818181818181,0.6475,-20.0,0.01530966442078352,0.049957796931266785
P075_B00_L35_p1100_d20,d76,0.75,0.0,0.35,11.0,20.0,1.8181818181818181,0.6475,-40.0,0.015789935365319252,0.04997014254331589
P075_B00_L35_p1100_d20,d76,0.75,0.0,0.35,11.0,20.0,1.8181818181818181,0.6475,20.0,0.015012521296739578,0.04995858296751976
P075_B00_L35_p1100_d20,d76,0.75,0.0,0.35,11.0,20.0,1.8181818181818181,0.6475,40.0,0.015328904613852501,0.04996929690241814
P075_B00_L35_p1100_d20,d100,0.75,0.0,0.35,11.0,20.0,1.8181818181818181,0.6475,0.0,0.007164048496633768,0.049966100603342056
P075_B00_L35_p1100_d20,d100,0.75,0.0,0.35,11.0,20.0,1.8181818181818181,0.6475,-20.0,0.007168309763073921,0.04995717853307724
P075_B00_L35_p1100_d20,d100,0.75,0.0,0.35,11.0,20.0,1.8181818181818181,0.6475,-40.0,0.007034560199826956,0.049961090087890625
P075_B00_L35_p1100_d20,d100,0.75,0.0,0.35,11.0,20.0,1.8181818181818181,0.6475,20.0,0.007125011179596186,0.04995787888765335
P075_B00_L35_p1100_d20,d100,0.75,0.0,0.35,11.0,20.0,1.8181818181818181,0.6475,40.0,0.007057239301502705,0.04995948076248169
P075_B00_L35_p1100_d30,d00,0.75,0.0,0.35,11.0,30.0,2.727272727272727,0.6475,0.0,0.039072901010513306,0.04993664100766182
P075_B00_L35_p1100_d30,d00,0.75,0.0,0.35,11.0,30.0,2.727272727272727,0.6475,-20.0,0.026015112176537514,0.04993349313735962
P075_B00_L35_p1100_d30,d00,0.75,0.0,0.35,11.0,30.0,2.727272727272727,0.6475,-40.0,0.028937244787812233,0.049999773502349854
P075_B00_L35_p1100_d30,d00,0.75,0.0,0.35,11.0,30.0,2.727272727272727,0.6475,20.0,0.023848431184887886,0.049933284521102905
P075_B00_L35_p1100_d30,d00,0.75,0.0,0.35,11.0,30.0,2.727272727272727,0.6475,40.0,0.02496333234012127,0.050001680850982666
P075_B00_L35_p1100_d30,d76,0.75,0.0,0.35,11.0,30.0,2.727272727272727,0.6475,0.0,0.009611938148736954,0.04993462190032005
P075_B00_L35_p1100_d30,d76,0.75,0.0,0.35,11.0,30.0,2.727272727272727,0.6475,-20.0,0.008309503085911274,0.049930471926927567
P075_B00_L35_p1100_d30,d76,0.75,0.0,0.35,11.0,30.0,2.727272727272727,0.6475,-40.0,0.00967306736856699,0.049946319311857224
P075_B00_L35_p1100_d30,d76,0.75,0.0,0.35,11.0,30.0,2.727272727272727,0.6475,20.0,0.0077193984761834145,0.04993034154176712
P075_B00_L35_p1100_d30,d76,0.75,0.0,0.35,11.0,30.0,2.727272727272727,0.6475,40.0,0.00871596671640873,0.04995008930563927
P075_B00_L35_p1100_d30,d100,0.75,0.0,0.35,11.0,30.0,2.727272727272727,0.6475,0.0,0.005909045692533255,0.04993365705013275
P075_B00_L35_p1100_d30,d100,0.75,0.0,0.35,11.0,30.0,2.727272727272727,0.6475,-20.0,0.006036676000803709,0.04992954432964325
P075_B00_L35_p1100_d30,d100,0.75,0.0,0.35,11.0,30.0,2.727272727272727,0.6475,-40.0,0.006067431066185236,0.0499291867017746
P075_B00_L35_p1100_d30,d100,0.75,0.0,0.35,11.0,30.0,2.727272727272727,0.6475,20.0,0.005723636131733656,0.04992949962615967
P075_B00_L35_p1100_d30,d100,0.75,0.0,0.35,11.0,30.0,2.727272727272727,0.6475,40.0,0.005799730774015188,0.049933504313230515
P075_B00_L35_p1100_d40,d00,0.75,0.0,0.35,11.0,40.0,3.6363636363636362,0.6475,0.0,0.013998922891914845,0.049943707883358
P075_B00_L35_p1100_d40,d00,0.75,0.0,0.35,11.0,40.0,3.6363636363636362,0.6475,-20.0,0.01439457293599844,0.04993880167603493
P075_B00_L35_p1100_d40,d00,0.75,0.0,0.35,11.0,40.0,3.6363636363636362,0.6475,-40.0,0.015756884589791298,0.04999558627605438
P075_B00_L35_p1100_d40,d00,0.75,0.0,0.35,11.0,40.0,3.6363636363636362,0.6475,20.0,0.014861347153782845,0.04993675649166107
P075_B00_L35_p1100_d40,d00,0.75,0.0,0.35,11.0,40.0,3.6363636363636362,0.6475,40.0,0.01542416587471962,0.04999890550971031
P075_B00_L35_p1100_d40,d76,0.75,0.0,0.35,11.0,40.0,3.6363636363636362,0.6475,0.0,0.005651348270475864,0.049941834062337875
P075_B00_L35_p1100_d40,d76,0.75,0.0,0.35,11.0,40.0,3.6363636363636362,0.6475,-20.0,0.005796227138489485,0.04993581399321556
P075_B00_L35_p1100_d40,d76,0.75,0.0,0.35,11.0,40.0,3.6363636363636362,0.6475,-40.0,0.006484283600002527,0.04994693025946617
P075_B00_L35_p1100_d40,d76,0.75,0.0,0.35,11.0,40.0,3.6363636363636362,0.6475,20.0,0.005848653614521027,0.049934022128582
P075_B00_L35_p1100_d40,d76,0.75,0.0,0.35,11.0,40.0,3.6363636363636362,0.6475,40.0,0.00642668642103672,0.0499483123421669
P075_B00_L35_p1100_d40,d100,0.75,0.0,0.35,11.0,40.0,3.6363636363636362,0.6475,0.0,0.005236160941421986,0.049941182136535645
P075_B00_L35_p1100_d40,d100,0.75,0.0,0.35,11.0,40.0,3.6363636363636362,0.6475,-20.0,0.0051950728520751,0.049935221672058105
P075_B00_L35_p1100_d40,d100,0.75,0.0,0.35,11.0,40.0,3.6363636363636362,0.6475,-40.0,0.0054063317365944386,0.04993215575814247
P075_B00_L35_p1100_d40,d100,0.75,0.0,0.35,11.0,40.0,3.6363636363636362,0.6475,20.0,0.005198389291763306,0.04993343725800514
P075_B00_L35_p1100_d40,d100,0.75,0.0,0.35,11.0,40.0,3.6363636363636362,0.6475,40.0,0.005315500311553478,0.04993298649787903
P075_B00_L35_p1100_d50,d00,0.75,0.0,0.35,11.0,50.0,4.545454545454546,0.6475,0.0,0.006000079680234194,0.04994665086269379
P075_B00_L35_p1100_d50,d00,0.75,0.0,0.35,11.0,50.0,4.545454545454546,0.6475,-20.0,0.008584285154938698,0.04993659630417824
P075_B00_L35_p1100_d50,d00,0.75,0.0,0.35,11.0,50.0,4.545454545454546,0.6475,-40.0,0.008630465716123581,0.04999808594584465
P075_B00_L35_p1100_d50,d00,0.75,0.0,0.35,11.0,50.0,4.545454545454546,0.6475,20.0,0.008700615726411343,0.04994068667292595
P075_B00_L35_p1100_d50,d00,0.75,0.0,0.35,11.0,50.0,4.545454545454546,0.6475,40.0,0.008900335058569908,0.05000020191073418
P075_B00_L35_p1100_d50,d76,0.75,0.0,0.35,11.0,50.0,4.545454545454546,0.6475,0.0,0.004098755307495594,0.04994484782218933
P075_B00_L35_p1100_d50,d76,0.75,0.0,0.35,11.0,50.0,4.545454545454546,0.6475,-20.0,0.004339868668466806,0.049933865666389465
P075_B00_L35_p1100_d50,d76,0.75,0.0,0.35,11.0,50.0,4.545454545454546,0.6475,-40.0,0.004723869264125824,0.049952320754528046
P075_B00_L35_p1100_d50,d76,0.75,0.0,0.35,11.0,50.0,4.545454545454546,0.6475,20.0,0.004361236467957497,0.04993855208158493
P075_B00_L35_p1100_d50,d76,0.75,0.0,0.35,11.0,50.0,4.545454545454546,0.6475,40.0,0.004776261281222105,0.049953870475292206
P075_B00_L35_p1100_d50,d100,0.75,0.0,0.35,11.0,50.0,4.545454545454546,0.6475,0.0,0.004281739704310894,0.049944281578063965
P075_B00_L35_p1100_d50,d100,0.75,0.0,0.35,11.0,50.0,4.545454545454546,0.6475,-20.0,0.004195390734821558,0.0499328151345253
P075_B00_L35_p1100_d50,d100,0.75,0.0,0.35,11.0,50.0,4.545454545454546,0.6475,-40.0,0.00459148408845067,0.04993819072842598
P075_B00_L35_p1100_d50,d100,0.75,0.0,0.35,11.0,50.0,4.545454545454546,0.6475,20.0,0.004202621057629585,0.049937911331653595
P075_B00_L35_p1100_d50,d100,0.75,0.0,0.35,11.0,50.0,4.545454545454546,0.6475,40.0,0.004599753301590681,0.04993829131126404
P075_B35_L00_p0375_d20,d00,0.75,0.35,0.0,3.75,20.0,5.333333333333333,0.4755,0.0,0.0028614713810384274,0.0498015321791172
P075_B35_L00_p0375_d20,d00,0.75,0.35,0.0,3.75,20.0,5.333333333333333,0.4755,-20.0,0.0030604195781052113,0.04979252070188522
P075_B35_L00_p0375_d20,d00,0.75,0.35,0.0,3.75,20.0,5.333333333333333,0.4755,-40.0,0.003928937017917633,0.05000157281756401
P075_B35_L00_p0375_d20,d00,0.75,0.35,0.0,3.75,20.0,5.333333333333333,0.4755,20.0,0.003082970855757594,0.04979560896754265
P075_B35_L00_p0375_d20,d00,0.75,0.35,0.0,3.75,20.0,5.333333333333333,0.4755,40.0,0.003967449069023132,0.05000420659780502
P075_B35_L00_p0375_d20,d76,0.75,0.35,0.0,3.75,20.0,5.333333333333333,0.4755,0.0,0.002511445200070739,0.04979345574975014
P075_B35_L00_p0375_d20,d76,0.75,0.35,0.0,3.75,20.0,5.333333333333333,0.4755,-20.0,0.0026751894038170576,0.04978325590491295
P075_B35_L00_p0375_d20,d76,0.75,0.35,0.0,3.75,20.0,5.333333333333333,0.4755,-40.0,0.003366385120898485,0.04983878880739212
P075_B35_L00_p0375_d20,d76,0.75,0.35,0.0,3.75,20.0,5.333333333333333,0.4755,20.0,0.0026840907521545887,0.04978609085083008
P075_B35_L00_p0375_d20,d76,0.75,0.35,0.0,3.75,20.0,5.333333333333333,0.4755,40.0,0.0033456385135650635,0.04983598738908768
P075_B35_L00_p0375_d20,d100,0.75,0.35,0.0,3.75,20.0,5.333333333333333,0.4755,0.0,0.002646976849064231,0.04979128763079643
P075_B35_L00_p0375_d20,d100,0.75,0.35,0.0,3.75,20.0,5.333333333333333,0.4755,-20.0,0.0028128554113209248,0.049780089408159256
P075_B35_L00_p0375_d20,d100,0.75,0.35,0.0,3.75,20.0,5.333333333333333,0.4755,-40.0,0.0034607481211423874,0.0497872494161129
P075_B35_L00_p0375_d20,d100,0.75,0.35,0.0,3.75,20.0,5.333333333333333,0.4755,20.0,0.0028290296904742718,0.04978277161717415
P075_B35_L00_p0375_d20,d100,0.75,0.35,0.0,3.75,20.0,5.333333333333333,0.4755,40.0,0.0034471580293029547,0.049782514572143555
P075_B35_L00_p0375_d30,d00,0.75,0.35,0.0,3.75,30.0,8.0,0.4755,0.0,0.0023782020434737206,0.04968085139989853
P075_B35_L00_p0375_d30,d00,0.75,0.35,0.0,3.75,30.0,8.0,0.4755,-20.0,0.0021146845538169146,0.04965415969491005
P075_B35_L00_p0375_d30,d00,0.75,0.35,0.0,3.75,30.0,8.0,0.4755,-40.0,0.0030577867291867733,0.05000783130526543
P075_B35_L00_p0375_d30,d00,0.75,0.35,0.0,3.75,30.0,8.0,0.4755,20.0,0.002116704825311899,0.049655817449092865
P075_B35_L00_p0375_d30,d00,0.75,0.35,0.0,3.75,30.0,8.0,0.4755,40.0,0.0030539839062839746,0.05001034215092659
P075_B35_L00_p0375_d30,d76,0.75,0.35,0.0,3.75,30.0,8.0,0.4755,0.0,0.0018833010690286756,0.04966961592435837
P075_B35_L00_p0375_d30,d76,0.75,0.35,0.0,3.75,30.0,8.0,0.4755,-20.0,0.002032200340181589,0.049640193581581116
P075_B35_L00_p0375_d30,d76,0.75,0.35,0.0,3.75,30.0,8.0,0.4755,-40.0,0.0028366639744490385,0.049721941351890564
P075_B35_L00_p0375_d30,d76,0.75,0.35,0.0,3.75,30.0,8.0,0.4755,20.0,0.0020710460375994444,0.04964114725589752
P075_B35_L00_p0375_d30,d76,0.75,0.35,0.0,3.75,30.0,8.0,0.4755,40.0,0.0028816747944802046,0.049731072038412094
P075_B35_L00_p0375_d30,d100,0.75,0.35,0.0,3.75,30.0,8.0,0.4755,0.0,0.0019169137813150883,0.04966631159186363
P075_B35_L00_p0375_d30,d100,0.75,0.35,0.0,3.75,30.0,8.0,0.4755,-20.0,0.0022081369534134865,0.049636002629995346
P075_B35_L00_p0375_d30,d100,0.75,0.35,0.0,3.75,30.0,8.0,0.4755,-40.0,0.0029683622997254133,0.049633290618658066
P075_B35_L00_p0375_d30,d100,0.75,0.35,0.0,3.75,30.0,8.0,0.4755,20.0,0.00224148272536695,0.04963640868663788
P075_B35_L00_p0375_d30,d100,0.75,0.35,0.0,3.75,30.0,8.0,0.4755,40.0,0.002993515692651272,0.04964027553796768
P075_B35_L00_p0375_d40,d00,0.75,0.35,0.0,3.75,40.0,10.666666666666666,0.4755,0.0,0.002139780903235078,0.04968637228012085
P075_B35_L00_p0375_d40,d00,0.75,0.35,0.0,3.75,40.0,10.666666666666666,0.4755,-20.0,0.0018502705497667193,0.04966241866350174
P075_B35_L00_p0375_d40,d00,0.75,0.35,0.0,3.75,40.0,10.666666666666666,0.4755,-40.0,0.002900823252275586,0.050001807510852814
P075_B35_L00_p0375_d40,d00,0.75,0.35,0.0,3.75,40.0,10.666666666666666,0.4755,20.0,0.0017837315099313855,0.04966188594698906
P075_B35_L00_p0375_d40,d00,0.75,0.35,0.0,3.75,40.0,10.666666666666666,0.4755,40.0,0.0029099532403051853,0.050000227987766266
P075_B35_L00_p0375_d40,d76,0.75,0.35,0.0,3.75,40.0,10.666666666666666,0.4755,0.0,0.0015527302166447043,0.04967445507645607
P075_B35_L00_p0375_d40,d76,0.75,0.35,0.0,3.75,40.0,10.666666666666666,0.4755,-20.0,0.0017999425763264298,0.04964786395430565
P075_B35_L00_p0375_d40,d76,0.75,0.35,0.0,3.75,40.0,10.666666666666666,0.4755,-40.0,0.0025470072869211435,0.04973255470395088
P075_B35_L00_p0375_d40,d76,0.75,0.35,0.0,3.75,40.0,10.666666666666666,0.4755,20.0,0.0017720818286761642,0.0496460497379303
P075_B35_L00_p0375_d40,d76,0.75,0.35,0.0,3.75,40.0,10.666666666666666,0.4755,40.0,0.0025787006597965956,0.04973403736948967
P075_B35_L00_p0375_d40,d100,0.75,0.35,0.0,3.75,40.0,10.666666666666666,0.4755,0.0,0.001512713497504592,0.04967156797647476
P075_B35_L00_p0375_d40,d100,0.75,0.35,0.0,3.75,40.0,10.666666666666666,0.4755,-20.0,0.001930204569362104,0.049643080681562424
P075_B35_L00_p0375_d40,d100,0.75,0.35,0.0,3.75,40.0,10.666666666666666,0.4755,-40.0,0.0026648612692952156,0.049647293984889984
P075_B35_L00_p0375_d40,d100,0.75,0.35,0.0,3.75,40.0,10.666666666666666,0.4755,20.0,0.00193172344006598,0.04964121803641319
P075_B35_L00_p0375_d40,d100,0.75,0.35,0.0,3.75,40.0,10.666666666666666,0.4755,40.0,0.0026610586792230606,0.04964979365468025
P075_B35_L00_p0375_d50,d00,0.75,0.35,0.0,3.75,50.0,13.333333333333334,0.4755,0.0,0.0020995980594307184,0.049684204161167145
P075_B35_L00_p0375_d50,d00,0.75,0.35,0.0,3.75,50.0,13.333333333333334,0.4755,-20.0,0.001713317004032433,0.04965943098068237
P075_B35_L00_p0375_d50,d00,0.75,0.35,0.0,3.75,50.0,13.333333333333334,0.4755,-40.0,0.0028593833558261395,0.04999407008290291
P075_B35_L00_p0375_d50,d00,0.75,0.35,0.0,3.75,50.0,13.333333333333334,0.4755,20.0,0.0016324747120961547,0.04965685307979584
P075_B35_L00_p0375_d50,d00,0.75,0.35,0.0,3.75,50.0,13.333333333333334,0.4755,40.0,0.0028429634403437376,0.05000501871109009
P075_B35_L00_p0375_d50,d76,0.75,0.35,0.0,3.75,50.0,13.333333333333334,0.4755,0.0,0.0014056486543267965,0.04967328533530235
P075_B35_L00_p0375_d50,d76,0.75,0.35,0.0,3.75,50.0,13.333333333333334,0.4755,-20.0,0.0016610296443104744,0.049645088613033295
P075_B35_L00_p0375_d50,d76,0.75,0.35,0.0,3.75,50.0,13.333333333333334,0.4755,-40.0,0.00247234757989645,0.04971949756145477
P075_B35_L00_p0375_d50,d76,0.75,0.35,0.0,3.75,50.0,13.333333333333334,0.4755,20.0,0.0016400496242567897,0.04964281991124153
P075_B35_L00_p0375_d50,d76,0.75,0.35,0.0,3.75,50.0,13.333333333333334,0.4755,40.0,0.0025024977512657642,0.049724262207746506
P075_B35_L00_p0375_d50,d100,0.75,0.35,0.0,3.75,50.0,13.333333333333334,0.4755,0.0,0.001298275077715516,0.049670323729515076
P075_B35_L00_p0375_d50,d100,0.75,0.35,0.0,3.75,50.0,13.333333333333334,0.4755,-20.0,0.0017990838969126344,0.0496407151222229
P075_B35_L00_p0375_d50,d100,0.75,0.35,0.0,3.75,50.0,13.333333333333334,0.4755,-40.0,0.002538014203310013,0.04963688552379608
P075_B35_L00_p0375_d50,d100,0.75,0.35,0.0,3.75,50.0,13.333333333333334,0.4755,20.0,0.0017627209890633821,0.04963769391179085
P075_B35_L00_p0375_d50,d100,0.75,0.35,0.0,3.75,50.0,13.333333333333334,0.4755,40.0,0.002510558348149061,0.049638960510492325
P075_B35_L00_p0550_d20,d00,0.75,0.35,0.0,5.5,20.0,3.6363636363636362,0.4755,0.0,0.004224925301969051,0.049905359745025635
P075_B35_L00_p0550_d20,d00,0.75,0.35,0.0,5.5,20.0,3.6363636363636362,0.4755,-20.0,0.0056656114757061005,0.04990342631936073
P075_B35_L00_p0550_d20,d00,0.75,0.35,0.0,5.5,20.0,3.6363636363636362,0.4755,-40.0,0.006992090959101915,0.05000055581331253
P075_B35_L00_p0550_d20,d00,0.75,0.35,0.0,5.5,20.0,3.6363636363636362,0.4755,20.0,0.005750991404056549,0.04990450292825699
P075_B35_L00_p0550_d20,d00,0.75,0.35,0.0,5.5,20.0,3.6363636363636362,0.4755,40.0,0.006912322714924812,0.049999337643384933
P075_B35_L00_p0550_d20,d76,0.75,0.35,0.0,5.5,20.0,3.6363636363636362,0.4755,0.0,0.0033309427089989185,0.04990111291408539
P075_B35_L00_p0550_d20,d76,0.75,0.35,0.0,5.5,20.0,3.6363636363636362,0.4755,-20.0,0.0035631440114229918,0.049899470061063766
P075_B35_L00_p0550_d20,d76,0.75,0.35,0.0,5.5,20.0,3.6363636363636362,0.4755,-40.0,0.004330490715801716,0.049919236451387405
P075_B35_L00_p0550_d20,d76,0.75,0.35,0.0,5.5,20.0,3.6363636363636362,0.4755,20.0,0.003615919267758727,0.049900542944669724
P075_B35_L00_p0550_d20,d76,0.75,0.35,0.0,5.5,20.0,3.6363636363636362,0.4755,40.0,0.004319296684116125,0.049914177507162094
P075_B35_L00_p0550_d20,d100,0.75,0.35,0.0,5.5,20.0,3.6363636363636362,0.4755,0.0,0.0034132259897887707,0.04989994689822197
P075_B35_L00_p0550_d20,d100,0.75,0.35,0.0,5.5,20.0,3.6363636363636362,0.4755,-20.0,0.0034778204280883074,0.04989839717745781
P075_B35_L00_p0550_d20,d100,0.75,0.35,0.0,5.5,20.0,3.6363636363636362,0.4755,-40.0,0.004025811795145273,0.049892961978912354
P075_B35_L00_p0550_d20,d100,0.75,0.35,0.0,5.5,20.0,3.6363636363636362,0.4755,20.0,0.003459702944383025,0.04989934340119362
P075_B35_L00_p0550_d20,d100,0.75,0.35,0.0,5.5,20.0,3.6363636363636362,0.4755,40.0,0.003969687037169933,0.04988744482398033
P075_B35_L00_p0550_d30,d00,0.75,0.35,0.0,5.5,30.0,5.454545454545454,0.4755,0.0,0.0027616843581199646,0.04985285922884941
P075_B35_L00_p0550_d30,d00,0.75,0.35,0.0,5.5,30.0,5.454545454545454,0.4755,-20.0,0.002984490944072604,0.04984871298074722
P075_B35_L00_p0550_d30,d00,0.75,0.35,0.0,5.5,30.0,5.454545454545454,0.4755,-40.0,0.0035452486481517553,0.04999479651451111
P075_B35_L00_p0550_d30,d00,0.75,0.35,0.0,5.5,30.0,5.454545454545454,0.4755,20.0,0.0029539745301008224,0.049849674105644226
P075_B35_L00_p0550_d30,d00,0.75,0.35,0.0,5.5,30.0,5.454545454545454,0.4755,40.0,0.0035106793511658907,0.04999757930636406
P075_B35_L00_p0550_d30,d76,0.75,0.35,0.0,5.5,30.0,5.454545454545454,0.4755,0.0,0.002418379532173276,0.04984733462333679
P075_B35_L00_p0550_d30,d76,0.75,0.35,0.0,5.5,30.0,5.454545454545454,0.4755,-20.0,0.0026159742847085,0.04984299838542938
P075_B35_L00_p0550_d30,d76,0.75,0.35,0.0,5.5,30.0,5.454545454545454,0.4755,-40.0,0.0032609030604362488,0.04986855760216713
P075_B35_L00_p0550_d30,d76,0.75,0.35,0.0,5.5,30.0,5.454545454545454,0.4755,20.0,0.002565838396549225,0.04984353482723236
P075_B35_L00_p0550_d30,d76,0.75,0.35,0.0,5.5,30.0,5.454545454545454,0.4755,40.0,0.003204516600817442,0.049870651215314865
P075_B35_L00_p0550_d30,d100,0.75,0.35,0.0,5.5,30.0,5.454545454545454,0.4755,0.0,0.002527513774111867,0.049845464527606964
P075_B35_L00_p0550_d30,d100,0.75,0.35,0.0,5.5,30.0,5.454545454545454,0.4755,-20.0,0.0027539837174117565,0.049841053783893585
P075_B35_L00_p0550_d30,d100,0.75,0.35,0.0,5.5,30.0,5.454545454545454,0.4755,-40.0,0.0034286831505596638,0.04982888326048851
P075_B35_L00_p0550_d30,d100,0.75,0.35,0.0,5.5,30.0,5.454545454545454,0.4755,20.0,0.002706915372982621,0.04984147846698761
P075_B35_L00_p0550_d30,d100,0.75,0.35,0.0,5.5,30.0,5.454545454545454,0.4755,40.0,0.0033726785331964493,0.04983055219054222
P075_B35_L00_p0550_d40,d00,0.75,0.35,0.0,5.5,40.0,7.2727272727272725,0.4755,0.0,0.002357110846787691,0.04985496401786804
P075_B35_L00_p0550_d40,d00,0.75,0.35,0.0,5.5,40.0,7.2727272727272725,0.4755,-20.0,0.0023240637965500355,0.049843527376651764
P075_B35_L00_p0550_d40,d00,0.75,0.35,0.0,5.5,40.0,7.2727272727272725,0.4755,-40.0,0.0029625138267874718,0.049995653331279755
P075_B35_L00_p0550_d40,d00,0.75,0.35,0.0,5.5,40.0,7.2727272727272725,0.4755,20.0,0.002157699316740036,0.049845919013023376
P075_B35_L00_p0550_d40,d00,0.75,0.35,0.0,5.5,40.0,7.2727272727272725,0.4755,40.0,0.0029068361036479473,0.05000443756580353
P075_B35_L00_p0550_d40,d76,0.75,0.35,0.0,5.5,40.0,7.2727272727272725,0.4755,0.0,0.0019639290403574705,0.04984968528151512
P075_B35_L00_p0550_d40,d76,0.75,0.35,0.0,5.5,40.0,7.2727272727272725,0.4755,-20.0,0.0021754023618996143,0.049837175756692886
P075_B35_L00_p0550_d40,d76,0.75,0.35,0.0,5.5,40.0,7.2727272727272725,0.4755,-40.0,0.0028347631450742483,0.04987335577607155
P075_B35_L00_p0550_d40,d76,0.75,0.35,0.0,5.5,40.0,7.2727272727272725,0.4755,20.0,0.002109277294948697,0.049839768558740616
P075_B35_L00_p0550_d40,d76,0.75,0.35,0.0,5.5,40.0,7.2727272727272725,0.4755,40.0,0.0028316739480942488,0.04987150430679321
P075_B35_L00_p0550_d40,d100,0.75,0.35,0.0,5.5,40.0,7.2727272727272725,0.4755,0.0,0.00202160538174212,0.0498480461537838
P075_B35_L00_p0550_d40,d100,0.75,0.35,0.0,5.5,40.0,7.2727272727272725,0.4755,-20.0,0.0023247762583196163,0.049834467470645905
P075_B35_L00_p0550_d40,d100,0.75,0.35,0.0,5.5,40.0,7.2727272727272725,0.4755,-40.0,0.003017287701368332,0.049835242331027985
P075_B35_L00_p0550_d40,d100,0.75,0.35,0.0,5.5,40.0,7.2727272727272725,0.4755,20.0,0.0022490513511002064,0.04983724281191826
P075_B35_L00_p0550_d40,d100,0.75,0.35,0.0,5.5,40.0,7.2727272727272725,0.4755,40.0,0.0029853242449462414,0.049828991293907166
P075_B35_L00_p0550_d50,d00,0.75,0.35,0.0,5.5,50.0,9.090909090909092,0.4755,0.0,0.002237223321571946,0.049849942326545715
P075_B35_L00_p0550_d50,d00,0.75,0.35,0.0,5.5,50.0,9.090909090909092,0.4755,-20.0,0.0019895031582564116,0.04984559118747711
P075_B35_L00_p0550_d50,d00,0.75,0.35,0.0,5.5,50.0,9.090909090909092,0.4755,-40.0,0.00265893223695457,0.050009194761514664
P075_B35_L00_p0550_d50,d00,0.75,0.35,0.0,5.5,50.0,9.090909090909092,0.4755,20.0,0.0018992058467119932,0.04984814673662186
P075_B35_L00_p0550_d50,d00,0.75,0.35,0.0,5.5,50.0,9.090909090909092,0.4755,40.0,0.0026135563384741545,0.049999602138996124
P075_B35_L00_p0550_d50,d76,0.75,0.35,0.0,5.5,50.0,9.090909090909092,0.4755,0.0,0.0017041064566001296,0.049844708293676376
P075_B35_L00_p0550_d50,d76,0.75,0.35,0.0,5.5,50.0,9.090909090909092,0.4755,-20.0,0.001912727952003479,0.04983917996287346
P075_B35_L00_p0550_d50,d76,0.75,0.35,0.0,5.5,50.0,9.090909090909092,0.4755,-40.0,0.002631277311593294,0.0498715341091156
P075_B35_L00_p0550_d50,d76,0.75,0.35,0.0,5.5,50.0,9.090909090909092,0.4755,20.0,0.0018927472410723567,0.049841124564409256
P075_B35_L00_p0550_d50,d76,0.75,0.35,0.0,5.5,50.0,9.090909090909092,0.4755,40.0,0.0025877286680042744,0.04987545683979988
P075_B35_L00_p0550_d50,d100,0.75,0.35,0.0,5.5,50.0,9.090909090909092,0.4755,0.0,0.0016985078109428287,0.04984303191304207
P075_B35_L00_p0550_d50,d100,0.75,0.35,0.0,5.5,50.0,9.090909090909092,0.4755,-20.0,0.0020585593301802874,0.04983716085553169
P075_B35_L00_p0550_d50,d100,0.75,0.35,0.0,5.5,50.0,9.090909090909092,0.4755,-40.0,0.0028136945329606533,0.049828626215457916
P075_B35_L00_p0550_d50,d100,0.75,0.35,0.0,5.5,50.0,9.090909090909092,0.4755,20.0,0.0020385440438985825,0.049839191138744354
P075_B35_L00_p0550_d50,d100,0.75,0.35,0.0,5.5,50.0,9.090909090909092,0.4755,40.0,0.0027382459957152605,0.049834661185741425
P075_B35_L00_p0750_d20,d00,0.75,0.35,0.0,7.5,20.0,2.6666666666666665,0.4755,0.0,0.010485976934432983,0.04995973780751228
P075_B35_L00_p0750_d20,d00,0.75,0.35,0.0,7.5,20.0,2.6666666666666665,0.4755,-20.0,0.010861714370548725,0.04995772987604141
P075_B35_L00_p0750_d20,d00,0.75,0.35,0.0,7.5,20.0,2.6666666666666665,0.4755,-40.0,0.01241056527942419,0.049999795854091644
P075_B35_L00_p0750_d20,d00,0.75,0.35,0.0,7.5,20.0,2.6666666666666665,0.4755,20.0,0.01068869885057211,0.0499577596783638
P075_B35_L00_p0750_d20,d00,0.75,0.35,0.0,7.5,20.0,2.6666666666666665,0.4755,40.0,0.012235280126333237,0.04999961704015732
P075_B35_L00_p0750_d20,d76,0.75,0.35,0.0,7.5,20.0,2.6666666666666665,0.4755,0.0,0.00497953686863184,0.04995853453874588
P075_B35_L00_p0750_d20,d76,0.75,0.35,0.0,7.5,20.0,2.6666666666666665,0.4755,-20.0,0.005151735153049231,0.049955904483795166
P075_B35_L00_p0750_d20,d76,0.75,0.35,0.0,7.5,20.0,2.6666666666666665,0.4755,-40.0,0.0058977557346224785,0.04996725544333458
P075_B35_L00_p0750_d20,d76,0.75,0.35,0.0,7.5,20.0,2.6666666666666665,0.4755,20.0,0.005128930322825909,0.04995623603463173
P075_B35_L00_p0750_d20,d76,0.75,0.35,0.0,7.5,20.0,2.6666666666666665,0.4755,40.0,0.005808728747069836,0.049966853111982346
P075_B35_L00_p0750_d20,d100,0.75,0.35,0.0,7.5,20.0,2.6666666666666665,0.4755,0.0,0.004330737981945276,0.04995805397629738
P075_B35_L00_p0750_d20,d100,0.75,0.35,0.0,7.5,20.0,2.6666666666666665,0.4755,-20.0,0.004408056382089853,0.049955103546381
P075_B35_L00_p0750_d20,d100,0.75,0.35,0.0,7.5,20.0,2.6666666666666665,0.4755,-40.0,0.004728651139885187,0.049956824630498886
P075_B35_L00_p0750_d20,d100,0.75,0.35,0.0,7.5,20.0,2.6666666666666665,0.4755,20.0,0.004390025977045298,0.04995568096637726
P075_B35_L00_p0750_d20,d100,0.75,0.35,0.0,7.5,20.0,2.6666666666666665,0.4755,40.0,0.004672609735280275,0.049956146627664566
P075_B35_L00_p0750_d30,d00,0.75,0.35,0.0,7.5,30.0,4.0,0.4755,0.0,0.00362686300650239,0.049919493496418
P075_B35_L00_p0750_d30,d00,0.75,0.35,0.0,7.5,30.0,4.0,0.4755,-20.0,0.004987227730453014,0.04991445690393448
P075_B35_L00_p0750_d30,d00,0.75,0.35,0.0,7.5,30.0,4.0,0.4755,-40.0,0.0058131166733801365,0.04999953880906105
P075_B35_L00_p0750_d30,d00,0.75,0.35,0.0,7.5,30.0,4.0,0.4755,20.0,0.005285853054374456,0.04991452768445015
P075_B35_L00_p0750_d30,d00,0.75,0.35,0.0,7.5,30.0,4.0,0.4755,40.0,0.006113526877015829,0.04999703913927078
P075_B35_L00_p0750_d30,d76,0.75,0.35,0.0,7.5,30.0,4.0,0.4755,0.0,0.0030436082743108273,0.04991655424237251
P075_B35_L00_p0750_d30,d76,0.75,0.35,0.0,7.5,30.0,4.0,0.4755,-20.0,0.0033361336681991816,0.04991092160344124
P075_B35_L00_p0750_d30,d76,0.75,0.35,0.0,7.5,30.0,4.0,0.4755,-40.0,0.003964714240282774,0.04993215575814247
P075_B35_L00_p0750_d30,d76,0.75,0.35,0.0,7.5,30.0,4.0,0.4755,20.0,0.003506947308778763,0.04991075024008751
P075_B35_L00_p0750_d30,d76,0.75,0.35,0.0,7.5,30.0,4.0,0.4755,40.0,0.0040877023711800575,0.04993082955479622
P075_B35_L00_p0750_d30,d100,0.75,0.35,0.0,7.5,30.0,4.0,0.4755,0.0,0.003182251239195466,0.04991554841399193
P075_B35_L00_p0750_d30,d100,0.75,0.35,0.0,7.5,30.0,4.0,0.4755,-20.0,0.0032642793375998735,0.049909740686416626
P075_B35_L00_p0750_d30,d100,0.75,0.35,0.0,7.5,30.0,4.0,0.4755,-40.0,0.0038745033089071512,0.049911126494407654
P075_B35_L00_p0750_d30,d100,0.75,0.35,0.0,7.5,30.0,4.0,0.4755,20.0,0.0034167924895882607,0.04990953579545021
P075_B35_L00_p0750_d30,d100,0.75,0.35,0.0,7.5,30.0,4.0,0.4755,40.0,0.003941086120903492,0.049910031259059906
P075_B35_L00_p0750_d40,d00,0.75,0.35,0.0,7.5,40.0,5.333333333333333,0.4755,0.0,0.002667162334546447,0.049920760095119476
P075_B35_L00_p0750_d40,d00,0.75,0.35,0.0,7.5,40.0,5.333333333333333,0.4755,-20.0,0.0029496019706130028,0.04991691932082176
P075_B35_L00_p0750_d40,d00,0.75,0.35,0.0,7.5,40.0,5.333333333333333,0.4755,-40.0,0.003385926829650998,0.05000355467200279
P075_B35_L00_p0750_d40,d00,0.75,0.35,0.0,7.5,40.0,5.333333333333333,0.4755,20.0,0.0028958655893802643,0.04991715028882027
P075_B35_L00_p0750_d40,d00,0.75,0.35,0.0,7.5,40.0,5.333333333333333,0.4755,40.0,0.0032358302269130945,0.050001051276922226
P075_B35_L00_p0750_d40,d76,0.75,0.35,0.0,7.5,40.0,5.333333333333333,0.4755,0.0,0.0022928311955183744,0.049918100237846375
P075_B35_L00_p0750_d40,d76,0.75,0.35,0.0,7.5,40.0,5.333333333333333,0.4755,-20.0,0.00254588620737195,0.049913447350263596
P075_B35_L00_p0750_d40,d76,0.75,0.35,0.0,7.5,40.0,5.333333333333333,0.4755,-40.0,0.003158160950988531,0.04993201047182083
P075_B35_L00_p0750_d40,d76,0.75,0.35,0.0,7.5,40.0,5.333333333333333,0.4755,20.0,0.0024818803649395704,0.04991370439529419
P075_B35_L00_p0750_d40,d76,0.75,0.35,0.0,7.5,40.0,5.333333333333333,0.4755,40.0,0.003067845245823264,0.049932122230529785
P075_B35_L00_p0750_d40,d100,0.75,0.35,0.0,7.5,40.0,5.333333333333333,0.4755,0.0,0.002383346203714609,0.049917060881853104
P075_B35_L00_p0750_d40,d100,0.75,0.35,0.0,7.5,40.0,5.333333333333333,0.4755,-20.0,0.0026665679179131985,0.049912191927433014
P075_B35_L00_p0750_d40,d100,0.75,0.35,0.0,7.5,40.0,5.333333333333333,0.4755,-40.0,0.0033364463597536087,0.04991054907441139
P075_B35_L00_p0750_d40,d100,0.75,0.35,0.0,7.5,40.0,5.333333333333333,0.4755,20.0,0.0026086282450705767,0.049912773072719574
P075_B35_L00_p0750_d40,d100,0.75,0.35,0.0,7.5,40.0,5.333333333333333,0.4755,40.0,0.0032586990855634212,0.04991024360060692
P075_B35_L00_p0750_d50,d00,0.75,0.35,0.0,7.5,50.0,6.666666666666667,0.4755,0.0,0.0024652995634824038,0.04991322010755539
P075_B35_L00_p0750_d50,d00,0.75,0.35,0.0,7.5,50.0,6.666666666666667,0.4755,-20.0,0.002365033607929945,0.04990344122052193
P075_B35_L00_p0750_d50,d00,0.75,0.35,0.0,7.5,50.0,6.666666666666667,0.4755,-40.0,0.0031500100158154964,0.05000114068388939
P075_B35_L00_p0750_d50,d00,0.75,0.35,0.0,7.5,50.0,6.666666666666667,0.4755,20.0,0.002295770915225148,0.049903787672519684
P075_B35_L00_p0750_d50,d00,0.75,0.35,0.0,7.5,50.0,6.666666666666667,0.4755,40.0,0.003022368997335434,0.05000196769833565
P075_B35_L00_p0750_d50,d76,0.75,0.35,0.0,7.5,50.0,6.666666666666667,0.4755,0.0,0.0020491224713623524,0.04991006478667259
P075_B35_L00_p0750_d50,d76,0.75,0.35,0.0,7.5,50.0,6.666666666666667,0.4755,-20.0,0.002221115864813328,0.049898386001586914
P075_B35_L00_p0750_d50,d76,0.75,0.35,0.0,7.5,50.0,6.666666666666667,0.4755,-40.0,0.002931200433522463,0.04992646351456642
P075_B35_L00_p0750_d50,d76,0.75,0.35,0.0,7.5,50.0,6.666666666666667,0.4755,20.0,0.0021984532941132784,0.049899809062480927
P075_B35_L00_p0750_d50,d76,0.75,0.35,0.0,7.5,50.0,6.666666666666667,0.4755,40.0,0.0029035962652415037,0.04992539435625076
P075_B35_L00_p0750_d50,d100,0.75,0.35,0.0,7.5,50.0,6.666666666666667,0.4755,0.0,0.0021147981751710176,0.04990945756435394
P075_B35_L00_p0750_d50,d100,0.75,0.35,0.0,7.5,50.0,6.666666666666667,0.4755,-20.0,0.002402429236099124,0.04989706352353096
P075_B35_L00_p0750_d50,d100,0.75,0.35,0.0,7.5,50.0,6.666666666666667,0.4755,-40.0,0.003104229923337698,0.04990227520465851
P075_B35_L00_p0750_d50,d100,0.75,0.35,0.0,7.5,50.0,6.666666666666667,0.4755,20.0,0.002347353147342801,0.04989847168326378
P075_B35_L00_p0750_d50,d100,0.75,0.35,0.0,7.5,50.0,6.666666666666667,0.4755,40.0,0.003074533538892865,0.049900926649570465
P075_B35_L00_p1100_d20,d00,0.75,0.35,0.0,11.0,20.0,1.8181818181818181,0.4755,0.0,0.021724054589867592,0.04997323080897331
P075_B35_L00_p1100_d20,d00,0.75,0.35,0.0,11.0,20.0,1.8181818181818181,0.4755,-20.0,0.021549709141254425,0.04997199401259422
P075_B35_L00_p1100_d20,d00,0.75,0.35,0.0,11.0,20.0,1.8181818181818181,0.4755,-40.0,0.025288688018918037,0.04999908432364464
P075_B35_L00_p1100_d20,d00,0.75,0.35,0.0,11.0,20.0,1.8181818181818181,0.4755,20.0,0.021170975640416145,0.049971260130405426
P075_B35_L00_p1100_d20,d00,0.75,0.35,0.0,11.0,20.0,1.8181818181818181,0.4755,40.0,0.02436484582722187,0.05000055581331253
P075_B35_L00_p1100_d20,d76,0.75,0.35,0.0,11.0,20.0,1.8181818181818181,0.4755,0.0,0.008050916716456413,0.04997242987155914
P075_B35_L00_p1100_d20,d76,0.75,0.35,0.0,11.0,20.0,1.8181818181818181,0.4755,-20.0,0.00808283407241106,0.04997086524963379
P075_B35_L00_p1100_d20,d76,0.75,0.35,0.0,11.0,20.0,1.8181818181818181,0.4755,-40.0,0.009198097512125969,0.049977052956819534
P075_B35_L00_p1100_d20,d76,0.75,0.35,0.0,11.0,20.0,1.8181818181818181,0.4755,20.0,0.007937917485833168,0.04997016116976738
P075_B35_L00_p1100_d20,d76,0.75,0.35,0.0,11.0,20.0,1.8181818181818181,0.4755,40.0,0.00896854605525732,0.04997754842042923
P075_B35_L00_p1100_d20,d100,0.75,0.35,0.0,11.0,20.0,1.8181818181818181,0.4755,0.0,0.005572594702243805,0.04997202381491661
P075_B35_L00_p1100_d20,d100,0.75,0.35,0.0,11.0,20.0,1.8181818181818181,0.4755,-20.0,0.005506671499460936,0.0499705970287323
P075_B35_L00_p1100_d20,d100,0.75,0.35,0.0,11.0,20.0,1.8181818181818181,0.4755,-40.0,0.005596724338829517,0.049970827996730804
P075_B35_L00_p1100_d20,d100,0.75,0.35,0.0,11.0,20.0,1.8181818181818181,0.4755,20.0,0.005462524481117725,0.049969933927059174
P075_B35_L00_p1100_d20,d100,0.75,0.35,0.0,11.0,20.0,1.8181818181818181,0.4755,40.0,0.005591940134763718,0.04997030273079872
P075_B35_L00_p1100_d30,d00,0.75,0.35,0.0,11.0,30.0,2.727272727272727,0.4755,0.0,0.010580591857433319,0.04995158314704895
P075_B35_L00_p1100_d30,d00,0.75,0.35,0.0,11.0,30.0,2.727272727272727,0.4755,-20.0,0.011857324279844761,0.04995272308588028
P075_B35_L00_p1100_d30,d00,0.75,0.35,0.0,11.0,30.0,2.727272727272727,0.4755,-40.0,0.012792864814400673,0.04999808594584465
P075_B35_L00_p1100_d30,d00,0.75,0.35,0.0,11.0,30.0,2.727272727272727,0.4755,20.0,0.011001164093613625,0.04995374381542206
P075_B35_L00_p1100_d30,d00,0.75,0.35,0.0,11.0,30.0,2.727272727272727,0.4755,40.0,0.011262355372309685,0.04999902844429016
P075_B35_L00_p1100_d30,d76,0.75,0.35,0.0,11.0,30.0,2.727272727272727,0.4755,0.0,0.004997901618480682,0.04995017871260643
P075_B35_L00_p1100_d30,d76,0.75,0.35,0.0,11.0,30.0,2.727272727272727,0.4755,-20.0,0.005391806364059448,0.049950819462537766
P075_B35_L00_p1100_d30,d76,0.75,0.35,0.0,11.0,30.0,2.727272727272727,0.4755,-40.0,0.005987402517348528,0.04995829239487648
P075_B35_L00_p1100_d30,d76,0.75,0.35,0.0,11.0,30.0,2.727272727272727,0.4755,20.0,0.005007256753742695,0.04995204880833626
P075_B35_L00_p1100_d30,d76,0.75,0.35,0.0,11.0,30.0,2.727272727272727,0.4755,40.0,0.005579539109021425,0.049958448857069016
P075_B35_L00_p1100_d30,d100,0.75,0.35,0.0,11.0,30.0,2.727272727272727,0.4755,0.0,0.0043802098371088505,0.049949418753385544
P075_B35_L00_p1100_d30,d100,0.75,0.35,0.0,11.0,30.0,2.727272727272727,0.4755,-20.0,0.004502040334045887,0.04995005205273628
P075_B35_L00_p1100_d30,d100,0.75,0.35,0.0,11.0,30.0,2.727272727272727,0.4755,-40.0,0.004811273422092199,0.04994542524218559
P075_B35_L00_p1100_d30,d100,0.75,0.35,0.0,11.0,30.0,2.727272727272727,0.4755,20.0,0.0042054420337080956,0.049951501190662384
P075_B35_L00_p1100_d30,d100,0.75,0.35,0.0,11.0,30.0,2.727272727272727,0.4755,40.0,0.004590354394167662,0.04994557797908783
P075_B35_L00_p1100_d40,d00,0.75,0.35,0.0,11.0,40.0,3.6363636363636362,0.4755,0.0,0.004781792871654034,0.049958735704422
P075_B35_L00_p1100_d40,d00,0.75,0.35,0.0,11.0,40.0,3.6363636363636362,0.4755,-20.0,0.005887147970497608,0.049956776201725006
P075_B35_L00_p1100_d40,d00,0.75,0.35,0.0,11.0,40.0,3.6363636363636362,0.4755,-40.0,0.00779646635055542,0.04999711364507675
P075_B35_L00_p1100_d40,d00,0.75,0.35,0.0,11.0,40.0,3.6363636363636362,0.4755,20.0,0.0063027385622262955,0.0499555766582489
P075_B35_L00_p1100_d40,d00,0.75,0.35,0.0,11.0,40.0,3.6363636363636362,0.4755,40.0,0.008039304986596107,0.04999686777591705
P075_B35_L00_p1100_d40,d76,0.75,0.35,0.0,11.0,40.0,3.6363636363636362,0.4755,0.0,0.003648793790489435,0.049957070499658585
P075_B35_L00_p1100_d40,d76,0.75,0.35,0.0,11.0,40.0,3.6363636363636362,0.4755,-20.0,0.0037643681280314922,0.049954574555158615
P075_B35_L00_p1100_d40,d76,0.75,0.35,0.0,11.0,40.0,3.6363636363636362,0.4755,-40.0,0.004594733007252216,0.04996415600180626
P075_B35_L00_p1100_d40,d76,0.75,0.35,0.0,11.0,40.0,3.6363636363636362,0.4755,20.0,0.0039060544222593307,0.049953922629356384
P075_B35_L00_p1100_d40,d76,0.75,0.35,0.0,11.0,40.0,3.6363636363636362,0.4755,40.0,0.004684561863541603,0.04996281862258911
P075_B35_L00_p1100_d40,d100,0.75,0.35,0.0,11.0,40.0,3.6363636363636362,0.4755,0.0,0.003745967522263527,0.0499565452337265
P075_B35_L00_p1100_d40,d100,0.75,0.35,0.0,11.0,40.0,3.6363636363636362,0.4755,-20.0,0.0036701310891658068,0.049954235553741455
P075_B35_L00_p1100_d40,d100,0.75,0.35,0.0,11.0,40.0,3.6363636363636362,0.4755,-40.0,0.004196098539978266,0.049954067915678024
P075_B35_L00_p1100_d40,d100,0.75,0.35,0.0,11.0,40.0,3.6363636363636362,0.4755,20.0,0.0037607946433126926,0.049953531473875046
P075_B35_L00_p1100_d40,d100,0.75,0.35,0.0,11.0,40.0,3.6363636363636362,0.4755,40.0,0.004235582426190376,0.04995276406407356
P075_B35_L00_p1100_d50,d00,0.75,0.35,0.0,11.0,50.0,4.545454545454546,0.4755,0.0,0.0031896764412522316,0.04996170848608017
P075_B35_L00_p1100_d50,d00,0.75,0.35,0.0,11.0,50.0,4.545454545454546,0.4755,-20.0,0.003815747331827879,0.049955762922763824
P075_B35_L00_p1100_d50,d00,0.75,0.35,0.0,11.0,50.0,4.545454545454546,0.4755,-40.0,0.004167597275227308,0.050000373274087906
P075_B35_L00_p1100_d50,d00,0.75,0.35,0.0,11.0,50.0,4.545454545454546,0.4755,20.0,0.0036872215569019318,0.04995677247643471
P075_B35_L00_p1100_d50,d00,0.75,0.35,0.0,11.0,50.0,4.545454545454546,0.4755,40.0,0.004172605462372303,0.0500018410384655
P075_B35_L00_p1100_d50,d76,0.75,0.35,0.0,11.0,50.0,4.545454545454546,0.4755,0.0,0.002806511241942644,0.0499601736664772
P075_B35_L00_p1100_d50,d76,0.75,0.35,0.0,11.0,50.0,4.545454545454546,0.4755,-20.0,0.002907548099756241,0.049953579902648926
P075_B35_L00_p1100_d50,d76,0.75,0.35,0.0,11.0,50.0,4.545454545454546,0.4755,-40.0,0.0034605960827320814,0.049965750426054
P075_B35_L00_p1100_d50,d76,0.75,0.35,0.0,11.0,50.0,4.545454545454546,0.4755,20.0,0.0028795727994292974,0.04995536431670189
P075_B35_L00_p1100_d50,d76,0.75,0.35,0.0,11.0,50.0,4.545454545454546,0.4755,40.0,0.003479357110336423,0.04996633902192116
P075_B35_L00_p1100_d50,d100,0.75,0.35,0.0,11.0,50.0,4.545454545454546,0.4755,0.0,0.0029522532131522894,0.04995984584093094
P075_B35_L00_p1100_d50,d100,0.75,0.35,0.0,11.0,50.0,4.545454545454546,0.4755,-20.0,0.0029853107407689095,0.04995303228497505
P075_B35_L00_p1100_d50,d100,0.75,0.35,0.0,11.0,50.0,4.545454545454546,0.4755,-40.0,0.0035896701738238335,0.049955472350120544
P075_B35_L00_p1100_d50,d100,0.75,0.35,0.0,11.0,50.0,4.545454545454546,0.4755,20.0,0.0029366789385676384,0.04995489865541458
P075_B35_L00_p1100_d50,d100,0.75,0.35,0.0,11.0,50.0,4.545454545454546,0.4755,40.0,0.0035890177823603153,0.04995489865541458
P075_B35_L35_p0375_d20,d00,0.75,0.35,0.35,3.75,20.0,5.333333333333333,0.19575,0.0,0.006490310654044151,0.049788638949394226
P075_B35_L35_p0375_d20,d00,0.75,0.35,0.35,3.75,20.0,5.333333333333333,0.19575,-20.0,0.01017856691032648,0.04978513717651367
P075_B35_L35_p0375_d20,d00,0.75,0.35,0.35,3.75,20.0,5.333333333333333,0.19575,-40.0,0.009620060212910175,0.04999592900276184
P075_B35_L35_p0375_d20,d00,0.75,0.35,0.35,3.75,20.0,5.333333333333333,0.19575,20.0,0.010197404772043228,0.0497920848429203
P075_B35_L35_p0375_d20,d00,0.75,0.35,0.35,3.75,20.0,5.333333333333333,0.19575,40.0,0.009596167132258415,0.04999416321516037
P075_B35_L35_p0375_d20,d76,0.75,0.35,0.35,3.75,20.0,5.333333333333333,0.19575,0.0,0.00429717730730772,0.04978053271770477
P075_B35_L35_p0375_d20,d76,0.75,0.35,0.35,3.75,20.0,5.333333333333333,0.19575,-20.0,0.004756750538945198,0.049777802079916
P075_B35_L35_p0375_d20,d76,0.75,0.35,0.35,3.75,20.0,5.333333333333333,0.19575,-40.0,0.005065394565463066,0.04982786625623703
P075_B35_L35_p0375_d20,d76,0.75,0.35,0.35,3.75,20.0,5.333333333333333,0.19575,20.0,0.004789088387042284,0.049783241003751755
P075_B35_L35_p0375_d20,d76,0.75,0.35,0.35,3.75,20.0,5.333333333333333,0.19575,40.0,0.005019594915211201,0.04982452094554901
P075_B35_L35_p0375_d20,d100,0.75,0.35,0.35,3.75,20.0,5.333333333333333,0.19575,0.0,0.004494828637689352,0.04977875575423241
P075_B35_L35_p0375_d20,d100,0.75,0.35,0.35,3.75,20.0,5.333333333333333,0.19575,-20.0,0.004514035303145647,0.04977498948574066
P075_B35_L35_p0375_d20,d100,0.75,0.35,0.35,3.75,20.0,5.333333333333333,0.19575,-40.0,0.004781736526638269,0.049774765968322754
P075_B35_L35_p0375_d20,d100,0.75,0.35,0.35,3.75,20.0,5.333333333333333,0.19575,20.0,0.004539679270237684,0.04977979138493538
P075_B35_L35_p0375_d20,d100,0.75,0.35,0.35,3.75,20.0,5.333333333333333,0.19575,40.0,0.004777298774570227,0.049769189208745956
P075_B35_L35_p0375_d30,d00,0.75,0.35,0.35,3.75,30.0,8.0,0.19575,0.0,0.0031939269974827766,0.04965684190392494
P075_B35_L35_p0375_d30,d00,0.75,0.35,0.35,3.75,30.0,8.0,0.19575,-20.0,0.00365046551451087,0.04964441806077957
P075_B35_L35_p0375_d30,d00,0.75,0.35,0.35,3.75,30.0,8.0,0.19575,-40.0,0.004578345455229282,0.04999387636780739
P075_B35_L35_p0375_d30,d00,0.75,0.35,0.35,3.75,30.0,8.0,0.19575,20.0,0.003695919644087553,0.04963763803243637
P075_B35_L35_p0375_d30,d00,0.75,0.35,0.35,3.75,30.0,8.0,0.19575,40.0,0.004545414354652166,0.04998940974473953
P075_B35_L35_p0375_d30,d76,0.75,0.35,0.35,3.75,30.0,8.0,0.19575,0.0,0.0029728503432124853,0.04964517429471016
P075_B35_L35_p0375_d30,d76,0.75,0.35,0.35,3.75,30.0,8.0,0.19575,-20.0,0.0030683830846101046,0.04962984472513199
P075_B35_L35_p0375_d30,d76,0.75,0.35,0.35,3.75,30.0,8.0,0.19575,-40.0,0.0036380335222929716,0.04970904812216759
P075_B35_L35_p0375_d30,d76,0.75,0.35,0.35,3.75,30.0,8.0,0.19575,20.0,0.003096281550824642,0.049621712416410446
P075_B35_L35_p0375_d30,d76,0.75,0.35,0.35,3.75,30.0,8.0,0.19575,40.0,0.0036686533130705357,0.04971348121762276
P075_B35_L35_p0375_d30,d100,0.75,0.35,0.35,3.75,30.0,8.0,0.19575,0.0,0.003205283544957638,0.0496409647166729
P075_B35_L35_p0375_d30,d100,0.75,0.35,0.35,3.75,30.0,8.0,0.19575,-20.0,0.0032419960480183363,0.04962548241019249
P075_B35_L35_p0375_d30,d100,0.75,0.35,0.35,3.75,30.0,8.0,0.19575,-40.0,0.0037655953783541918,0.04962194710969925
P075_B35_L35_p0375_d30,d100,0.75,0.35,0.35,3.75,30.0,8.0,0.19575,20.0,0.0032726104836910963,0.049616239964962006
P075_B35_L35_p0375_d30,d100,0.75,0.35,0.35,3.75,30.0,8.0,0.19575,40.0,0.003789157373830676,0.049625858664512634
P075_B35_L35_p0375_d40,d00,0.75,0.35,0.35,3.75,40.0,10.666666666666666,0.19575,0.0,0.0026174732483923435,0.049661386758089066
P075_B35_L35_p0375_d40,d00,0.75,0.35,0.35,3.75,40.0,10.666666666666666,0.19575,-20.0,0.0025729378685355186,0.04964746534824371
P075_B35_L35_p0375_d40,d00,0.75,0.35,0.35,3.75,40.0,10.666666666666666,0.19575,-40.0,0.0031670713797211647,0.04998941719532013
P075_B35_L35_p0375_d40,d00,0.75,0.35,0.35,3.75,40.0,10.666666666666666,0.19575,20.0,0.00254902639426291,0.049648672342300415
P075_B35_L35_p0375_d40,d00,0.75,0.35,0.35,3.75,40.0,10.666666666666666,0.19575,40.0,0.0032594159711152315,0.04999770224094391
P075_B35_L35_p0375_d40,d76,0.75,0.35,0.35,3.75,40.0,10.666666666666666,0.19575,0.0,0.0023274756968021393,0.049649376422166824
P075_B35_L35_p0375_d40,d76,0.75,0.35,0.35,3.75,40.0,10.666666666666666,0.19575,-20.0,0.002450446132570505,0.04963279142975807
P075_B35_L35_p0375_d40,d76,0.75,0.35,0.35,3.75,40.0,10.666666666666666,0.19575,-40.0,0.0030391260515898466,0.049723997712135315
P075_B35_L35_p0375_d40,d76,0.75,0.35,0.35,3.75,40.0,10.666666666666666,0.19575,20.0,0.0024403876159340143,0.049633294343948364
P075_B35_L35_p0375_d40,d76,0.75,0.35,0.35,3.75,40.0,10.666666666666666,0.19575,40.0,0.003066887380555272,0.049723293632268906
P075_B35_L35_p0375_d40,d100,0.75,0.35,0.35,3.75,40.0,10.666666666666666,0.19575,0.0,0.002452350687235594,0.04964606091380119
P075_B35_L35_p0375_d40,d100,0.75,0.35,0.35,3.75,40.0,10.666666666666666,0.19575,-20.0,0.002626321278512478,0.04962792992591858
P075_B35_L35_p0375_d40,d100,0.75,0.35,0.35,3.75,40.0,10.666666666666666,0.19575,-40.0,0.0032267053611576557,0.049638908356428146
P075_B35_L35_p0375_d40,d100,0.75,0.35,0.35,3.75,40.0,10.666666666666666,0.19575,20.0,0.002621990628540516,0.04962833598256111
P075_B35_L35_p0375_d40,d100,0.75,0.35,0.35,3.75,40.0,10.666666666666666,0.19575,40.0,0.003225540043786168,0.04963782802224159
P075_B35_L35_p0375_d50,d00,0.75,0.35,0.35,3.75,50.0,13.333333333333334,0.19575,0.0,0.0024430614430457354,0.049659084528684616
P075_B35_L35_p0375_d50,d00,0.75,0.35,0.35,3.75,50.0,13.333333333333334,0.19575,-20.0,0.002208131365478039,0.049640871584415436
P075_B35_L35_p0375_d50,d00,0.75,0.35,0.35,3.75,50.0,13.333333333333334,0.19575,-40.0,0.0031126129906624556,0.0499839223921299
P075_B35_L35_p0375_d50,d00,0.75,0.35,0.35,3.75,50.0,13.333333333333334,0.19575,20.0,0.0021425329614430666,0.04963940382003784
P075_B35_L35_p0375_d50,d00,0.75,0.35,0.35,3.75,50.0,13.333333333333334,0.19575,40.0,0.0031411643140017986,0.049981143325567245
P075_B35_L35_p0375_d50,d76,0.75,0.35,0.35,3.75,50.0,13.333333333333334,0.19575,0.0,0.0019945462699979544,0.04964696988463402
P075_B35_L35_p0375_d50,d76,0.75,0.35,0.35,3.75,50.0,13.333333333333334,0.19575,-20.0,0.0021449923515319824,0.0496254563331604
P075_B35_L35_p0375_d50,d76,0.75,0.35,0.35,3.75,50.0,13.333333333333334,0.19575,-40.0,0.002790541620925069,0.04971372336149216
P075_B35_L35_p0375_d50,d76,0.75,0.35,0.35,3.75,50.0,13.333333333333334,0.19575,20.0,0.002103415783494711,0.049626417458057404
P075_B35_L35_p0375_d50,d76,0.75,0.35,0.35,3.75,50.0,13.333333333333334,0.19575,40.0,0.0028571479488164186,0.04970945417881012
P075_B35_L35_p0375_d50,d100,0.75,0.35,0.35,3.75,50.0,13.333333333333334,0.19575,0.0,0.0020263385958969593,0.04964382201433182
P075_B35_L35_p0375_d50,d100,0.75,0.35,0.35,3.75,50.0,13.333333333333334,0.19575,-20.0,0.0022992065642029047,0.04962059482932091
P075_B35_L35_p0375_d50,d100,0.75,0.35,0.35,3.75,50.0,13.333333333333334,0.19575,-40.0,0.0029524709098041058,0.04963017255067825
P075_B35_L35_p0375_d50,d100,0.75,0.35,0.35,3.75,50.0,13.333333333333334,0.19575,20.0,0.0022656950168311596,0.04962129518389702
P075_B35_L35_p0375_d50,d100,0.75,0.35,0.35,3.75,50.0,13.333333333333334,0.19575,40.0,0.0029288283549249172,0.04962491616606712
P075_B35_L35_p0550_d20,d00,0.75,0.35,0.35,5.5,20.0,3.6363636363636362,0.19575,0.0,0.02629457786679268,0.04989219456911087
P075_B35_L35_p0550_d20,d00,0.75,0.35,0.35,5.5,20.0,3.6363636363636362,0.19575,-20.0,0.01989041641354561,0.0498824417591095
P075_B35_L35_p0550_d20,d00,0.75,0.35,0.35,5.5,20.0,3.6363636363636362,0.19575,-40.0,0.02313796430826187,0.04999807849526405
P075_B35_L35_p0550_d20,d00,0.75,0.35,0.35,5.5,20.0,3.6363636363636362,0.19575,20.0,0.02018280327320099,0.04988256096839905
P075_B35_L35_p0550_d20,d00,0.75,0.35,0.35,5.5,20.0,3.6363636363636362,0.19575,40.0,0.023363197222352028,0.04999324679374695
P075_B35_L35_p0550_d20,d76,0.75,0.35,0.35,5.5,20.0,3.6363636363636362,0.19575,0.0,0.007542134262621403,0.04988706111907959
P075_B35_L35_p0550_d20,d76,0.75,0.35,0.35,5.5,20.0,3.6363636363636362,0.19575,-20.0,0.007095590699464083,0.04987775906920433
P075_B35_L35_p0550_d20,d76,0.75,0.35,0.35,5.5,20.0,3.6363636363636362,0.19575,-40.0,0.0082651786506176,0.04989902302622795
P075_B35_L35_p0550_d20,d76,0.75,0.35,0.35,5.5,20.0,3.6363636363636362,0.19575,20.0,0.007082902826368809,0.04987838491797447
P075_B35_L35_p0550_d20,d76,0.75,0.35,0.35,5.5,20.0,3.6363636363636362,0.19575,40.0,0.008231320418417454,0.04989752918481827
P075_B35_L35_p0550_d20,d100,0.75,0.35,0.35,5.5,20.0,3.6363636363636362,0.19575,0.0,0.0058967964723706245,0.04988601431250572
P075_B35_L35_p0550_d20,d100,0.75,0.35,0.35,5.5,20.0,3.6363636363636362,0.19575,-20.0,0.005907082464545965,0.049876682460308075
P075_B35_L35_p0550_d20,d100,0.75,0.35,0.35,5.5,20.0,3.6363636363636362,0.19575,-40.0,0.005963507574051619,0.04986745864152908
P075_B35_L35_p0550_d20,d100,0.75,0.35,0.35,5.5,20.0,3.6363636363636362,0.19575,20.0,0.005896240472793579,0.049876969307661057
P075_B35_L35_p0550_d20,d100,0.75,0.35,0.35,5.5,20.0,3.6363636363636362,0.19575,40.0,0.005952358245849609,0.04986787587404251
P075_B35_L35_p0550_d30,d00,0.75,0.35,0.35,5.5,30.0,5.454545454545454,0.19575,0.0,0.006352496799081564,0.04982981085777283
P075_B35_L35_p0550_d30,d00,0.75,0.35,0.35,5.5,30.0,5.454545454545454,0.19575,-20.0,0.010381437838077545,0.0498187392950058
P075_B35_L35_p0550_d30,d00,0.75,0.35,0.35,5.5,30.0,5.454545454545454,0.19575,-40.0,0.009463462047278881,0.04999678581953049
P075_B35_L35_p0550_d30,d00,0.75,0.35,0.35,5.5,30.0,5.454545454545454,0.19575,20.0,0.010046272538602352,0.049821220338344574
P075_B35_L35_p0550_d30,d00,0.75,0.35,0.35,5.5,30.0,5.454545454545454,0.19575,40.0,0.008944474160671234,0.04999316856265068
P075_B35_L35_p0550_d30,d76,0.75,0.35,0.35,5.5,30.0,5.454545454545454,0.19575,0.0,0.00425261165946722,0.04982448369264603
P075_B35_L35_p0550_d30,d76,0.75,0.35,0.35,5.5,30.0,5.454545454545454,0.19575,-20.0,0.004729165229946375,0.049811407923698425
P075_B35_L35_p0550_d30,d76,0.75,0.35,0.35,5.5,30.0,5.454545454545454,0.19575,-40.0,0.004972104914486408,0.049849096685647964
P075_B35_L35_p0550_d30,d76,0.75,0.35,0.35,5.5,30.0,5.454545454545454,0.19575,20.0,0.004702002741396427,0.049813222140073776
P075_B35_L35_p0550_d30,d76,0.75,0.35,0.35,5.5,30.0,5.454545454545454,0.19575,40.0,0.004899980500340462,0.04984818398952484
P075_B35_L35_p0550_d30,d100,0.75,0.35,0.35,5.5,30.0,5.454545454545454,0.19575,0.0,0.004421934951096773,0.0498228557407856
P075_B35_L35_p0550_d30,d100,0.75,0.35,0.35,5.5,30.0,5.454545454545454,0.19575,-20.0,0.004474157001823187,0.04980836808681488
P075_B35_L35_p0550_d30,d100,0.75,0.35,0.35,5.5,30.0,5.454545454545454,0.19575,-40.0,0.004752125591039658,0.04980328679084778
P075_B35_L35_p0550_d30,d100,0.75,0.35,0.35,5.5,30.0,5.454545454545454,0.19575,20.0,0.004441442899405956,0.049810778349637985
P075_B35_L35_p0550_d30,d100,0.75,0.35,0.35,5.5,30.0,5.454545454545454,0.19575,40.0,0.004711709450930357,0.04980422183871269
P075_B35_L35_p0550_d40,d00,0.75,0.35,0.35,5.5,40.0,7.2727272727272725,0.19575,0.0,0.003534766612574458,0.049827512353658676
P075_B35_L35_p0550_d40,d00,0.75,0.35,0.35,5.5,40.0,7.2727272727272725,0.19575,-20.0,0.00468521099537611,0.04981744661927223
P075_B35_L35_p0550_d40,d00,0.75,0.35,0.35,5.5,40.0,7.2727272727272725,0.19575,-40.0,0.005171946715563536,0.049992792308330536
P075_B35_L35_p0550_d40,d00,0.75,0.35,0.35,5.5,40.0,7.2727272727272725,0.19575,20.0,0.004535043146461248,0.0498182512819767
P075_B35_L35_p0550_d40,d00,0.75,0.35,0.35,5.5,40.0,7.2727272727272725,0.19575,40.0,0.0049530742689967155,0.05000115558505058
P075_B35_L35_p0550_d40,d76,0.75,0.35,0.35,5.5,40.0,7.2727272727272725,0.19575,0.0,0.0032742656767368317,0.04982095956802368
P075_B35_L35_p0550_d40,d76,0.75,0.35,0.35,5.5,40.0,7.2727272727272725,0.19575,-20.0,0.0034417295828461647,0.04981008172035217
P075_B35_L35_p0550_d40,d76,0.75,0.35,0.35,5.5,40.0,7.2727272727272725,0.19575,-40.0,0.0038503275718539953,0.04984649643301964
P075_B35_L35_p0550_d40,d76,0.75,0.35,0.35,5.5,40.0,7.2727272727272725,0.19575,20.0,0.0033750999718904495,0.049810655415058136
P075_B35_L35_p0550_d40,d76,0.75,0.35,0.35,5.5,40.0,7.2727272727272725,0.19575,40.0,0.0038358063902705908,0.0498453713953495
P075_B35_L35_p0550_d40,d100,0.75,0.35,0.35,5.5,40.0,7.2727272727272725,0.19575,0.0,0.0035165513399988413,0.04981895163655281
P075_B35_L35_p0550_d40,d100,0.75,0.35,0.35,5.5,40.0,7.2727272727272725,0.19575,-20.0,0.0035835697781294584,0.04980766400694847
P075_B35_L35_p0550_d40,d100,0.75,0.35,0.35,5.5,40.0,7.2727272727272725,0.19575,-40.0,0.003996823448687792,0.04980047047138214
P075_B35_L35_p0550_d40,d100,0.75,0.35,0.35,5.5,40.0,7.2727272727272725,0.19575,20.0,0.0035093980841338634,0.04980824515223503
P075_B35_L35_p0550_d40,d100,0.75,0.35,0.35,5.5,40.0,7.2727272727272725,0.19575,40.0,0.003986915573477745,0.04979667067527771
P075_B35_L35_p0550_d50,d00,0.75,0.35,0.35,5.5,50.0,9.090909090909092,0.19575,0.0,0.0029194694943726063,0.04982689023017883
P075_B35_L35_p0550_d50,d00,0.75,0.35,0.35,5.5,50.0,9.090909090909092,0.19575,-20.0,0.003175135934725404,0.04982153698801994
P075_B35_L35_p0550_d50,d00,0.75,0.35,0.35,5.5,50.0,9.090909090909092,0.19575,-40.0,0.003578768577426672,0.05000384896993637
P075_B35_L35_p0550_d50,d00,0.75,0.35,0.35,5.5,50.0,9.090909090909092,0.19575,20.0,0.003140973160043359,0.04982208460569382
P075_B35_L35_p0550_d50,d00,0.75,0.35,0.35,5.5,50.0,9.090909090909092,0.19575,40.0,0.00359400175511837,0.04999883845448494
P075_B35_L35_p0550_d50,d76,0.75,0.35,0.35,5.5,50.0,9.090909090909092,0.19575,0.0,0.0026999195106327534,0.04982086643576622
P075_B35_L35_p0550_d50,d76,0.75,0.35,0.35,5.5,50.0,9.090909090909092,0.19575,-20.0,0.0027513839304447174,0.049813881516456604
P075_B35_L35_p0550_d50,d76,0.75,0.35,0.35,5.5,50.0,9.090909090909092,0.19575,-40.0,0.0033108782954514027,0.04984856769442558
P075_B35_L35_p0550_d50,d76,0.75,0.35,0.35,5.5,50.0,9.090909090909092,0.19575,20.0,0.0027926082257181406,0.04981387034058571
P075_B35_L35_p0550_d50,d76,0.75,0.35,0.35,5.5,50.0,9.090909090909092,0.19575,40.0,0.003274245886132121,0.04984789714217186
P075_B35_L35_p0550_d50,d100,0.75,0.35,0.35,5.5,50.0,9.090909090909092,0.19575,0.0,0.0028710896149277687,0.0498192273080349
P075_B35_L35_p0550_d50,d100,0.75,0.35,0.35,5.5,50.0,9.090909090909092,0.19575,-20.0,0.002977025927975774,0.04981180652976036
P075_B35_L35_p0550_d50,d100,0.75,0.35,0.35,5.5,50.0,9.090909090909092,0.19575,-40.0,0.003547408152371645,0.04979895427823067
P075_B35_L35_p0550_d50,d100,0.75,0.35,0.35,5.5,50.0,9.090909090909092,0.19575,20.0,0.002965288469567895,0.04981197416782379
P075_B35_L35_p0550_d50,d100,0.75,0.35,0.35,5.5,50.0,9.090909090909092,0.19575,40.0,0.003495163982734084,0.04980168119072914
P075_B35_L35_p0750_d20,d00,0.75,0.35,0.35,7.5,20.0,2.6666666666666665,0.19575,0.0,0.09434901922941208,0.049948204308748245
P075_B35_L35_p0750_d20,d00,0.75,0.35,0.35,7.5,20.0,2.6666666666666665,0.19575,-20.0,0.042837440967559814,0.049944762140512466
P075_B35_L35_p0750_d20,d00,0.75,0.35,0.35,7.5,20.0,2.6666666666666665,0.19575,-40.0,0.048925988376140594,0.04999978467822075
P075_B35_L35_p0750_d20,d00,0.75,0.35,0.35,7.5,20.0,2.6666666666666665,0.19575,20.0,0.04286450520157814,0.04994502291083336
P075_B35_L35_p0750_d20,d00,0.75,0.35,0.35,7.5,20.0,2.6666666666666665,0.19575,40.0,0.05013309419155121,0.049998655915260315
P075_B35_L35_p0750_d20,d76,0.75,0.35,0.35,7.5,20.0,2.6666666666666665,0.19575,0.0,0.021295351907610893,0.04994627460837364
P075_B35_L35_p0750_d20,d76,0.75,0.35,0.35,7.5,20.0,2.6666666666666665,0.19575,-20.0,0.012261015363037586,0.04994237795472145
P075_B35_L35_p0750_d20,d76,0.75,0.35,0.35,7.5,20.0,2.6666666666666665,0.19575,-40.0,0.014646658673882484,0.049957387149333954
P075_B35_L35_p0750_d20,d76,0.75,0.35,0.35,7.5,20.0,2.6666666666666665,0.19575,20.0,0.012234687805175781,0.049942292273044586
P075_B35_L35_p0750_d20,d76,0.75,0.35,0.35,7.5,20.0,2.6666666666666665,0.19575,40.0,0.01499851606786251,0.049958422780036926
P075_B35_L35_p0750_d20,d100,0.75,0.35,0.35,7.5,20.0,2.6666666666666665,0.19575,0.0,0.007092788815498352,0.04994579777121544
P075_B35_L35_p0750_d20,d100,0.75,0.35,0.35,7.5,20.0,2.6666666666666665,0.19575,-20.0,0.007131221238523722,0.04994172230362892
P075_B35_L35_p0750_d20,d100,0.75,0.35,0.35,7.5,20.0,2.6666666666666665,0.19575,-40.0,0.007165891584008932,0.04994293302297592
P075_B35_L35_p0750_d20,d100,0.75,0.35,0.35,7.5,20.0,2.6666666666666665,0.19575,20.0,0.007107655517756939,0.04994159936904907
P075_B35_L35_p0750_d20,d100,0.75,0.35,0.35,7.5,20.0,2.6666666666666665,0.19575,40.0,0.007128662895411253,0.04994485154747963
P075_B35_L35_p0750_d30,d00,0.75,0.35,0.35,7.5,30.0,4.0,0.19575,0.0,0.0194854773581028,0.04990644380450249
P075_B35_L35_p0750_d30,d00,0.75,0.35,0.35,7.5,30.0,4.0,0.19575,-20.0,0.017670786008238792,0.04989039897918701
P075_B35_L35_p0750_d30,d00,0.75,0.35,0.35,7.5,30.0,4.0,0.19575,-40.0,0.021012671291828156,0.04999559372663498
P075_B35_L35_p0750_d30,d00,0.75,0.35,0.35,7.5,30.0,4.0,0.19575,20.0,0.01826583780348301,0.0498884879052639
P075_B35_L35_p0750_d30,d00,0.75,0.35,0.35,7.5,30.0,4.0,0.19575,40.0,0.021426426246762276,0.04999806731939316
P075_B35_L35_p0750_d30,d76,0.75,0.35,0.35,7.5,30.0,4.0,0.19575,0.0,0.0064239795319736,0.049902986735105515
P075_B35_L35_p0750_d30,d76,0.75,0.35,0.35,7.5,30.0,4.0,0.19575,-20.0,0.006527831312268972,0.049885574728250504
P075_B35_L35_p0750_d30,d76,0.75,0.35,0.35,7.5,30.0,4.0,0.19575,-40.0,0.007719212211668491,0.049915965646505356
P075_B35_L35_p0750_d30,d76,0.75,0.35,0.35,7.5,30.0,4.0,0.19575,20.0,0.006719945929944515,0.0498831681907177
P075_B35_L35_p0750_d30,d76,0.75,0.35,0.35,7.5,30.0,4.0,0.19575,40.0,0.007874189876019955,0.049918100237846375
P075_B35_L35_p0750_d30,d100,0.75,0.35,0.35,7.5,30.0,4.0,0.19575,0.0,0.005592259578406811,0.04990221560001373
P075_B35_L35_p0750_d30,d100,0.75,0.35,0.35,7.5,30.0,4.0,0.19575,-20.0,0.005602738820016384,0.04988405480980873
P075_B35_L35_p0750_d30,d100,0.75,0.35,0.35,7.5,30.0,4.0,0.19575,-40.0,0.005717531777918339,0.04989061877131462
P075_B35_L35_p0750_d30,d100,0.75,0.35,0.35,7.5,30.0,4.0,0.19575,20.0,0.005730245728045702,0.049881864339113235
P075_B35_L35_p0750_d30,d100,0.75,0.35,0.35,7.5,30.0,4.0,0.19575,40.0,0.005812519695609808,0.04989166557788849
P075_B35_L35_p0750_d40,d00,0.75,0.35,0.35,7.5,40.0,5.333333333333333,0.19575,0.0,0.006779384333640337,0.04990134760737419
P075_B35_L35_p0750_d40,d00,0.75,0.35,0.35,7.5,40.0,5.333333333333333,0.19575,-20.0,0.010376480408012867,0.04989700764417648
P075_B35_L35_p0750_d40,d00,0.75,0.35,0.35,7.5,40.0,5.333333333333333,0.19575,-40.0,0.010012676008045673,0.05000022053718567
P075_B35_L35_p0750_d40,d00,0.75,0.35,0.35,7.5,40.0,5.333333333333333,0.19575,20.0,0.01025482825934887,0.04989225044846535
P075_B35_L35_p0750_d40,d00,0.75,0.35,0.35,7.5,40.0,5.333333333333333,0.19575,40.0,0.010020875371992588,0.049999743700027466
P075_B35_L35_p0750_d40,d76,0.75,0.35,0.35,7.5,40.0,5.333333333333333,0.19575,0.0,0.004247329197824001,0.0498976930975914
P075_B35_L35_p0750_d40,d76,0.75,0.35,0.35,7.5,40.0,5.333333333333333,0.19575,-20.0,0.004787462297827005,0.04989280924201012
P075_B35_L35_p0750_d40,d76,0.75,0.35,0.35,7.5,40.0,5.333333333333333,0.19575,-40.0,0.005058249458670616,0.04991180822253227
P075_B35_L35_p0750_d40,d76,0.75,0.35,0.35,7.5,40.0,5.333333333333333,0.19575,20.0,0.0047400034964084625,0.049887269735336304
P075_B35_L35_p0750_d40,d76,0.75,0.35,0.35,7.5,40.0,5.333333333333333,0.19575,40.0,0.005031101405620575,0.04991469532251358
P075_B35_L35_p0750_d40,d100,0.75,0.35,0.35,7.5,40.0,5.333333333333333,0.19575,0.0,0.004424868617206812,0.0498967207968235
P075_B35_L35_p0750_d40,d100,0.75,0.35,0.35,7.5,40.0,5.333333333333333,0.19575,-20.0,0.004513794090598822,0.04989089444279671
P075_B35_L35_p0750_d40,d100,0.75,0.35,0.35,7.5,40.0,5.333333333333333,0.19575,-40.0,0.00478573702275753,0.04988421872258186
P075_B35_L35_p0750_d40,d100,0.75,0.35,0.35,7.5,40.0,5.333333333333333,0.19575,20.0,0.004488240461796522,0.049885716289281845
P075_B35_L35_p0750_d40,d100,0.75,0.35,0.35,7.5,40.0,5.333333333333333,0.19575,40.0,0.0047464570961892605,0.04988853633403778
P075_B35_L35_p0750_d50,d00,0.75,0.35,0.35,7.5,50.0,6.666666666666667,0.19575,0.0,0.004206586163491011,0.04989480972290039
P075_B35_L35_p0750_d50,d00,0.75,0.35,0.35,7.5,50.0,6.666666666666667,0.19575,-20.0,0.005808656103909016,0.04987934231758118
P075_B35_L35_p0750_d50,d00,0.75,0.35,0.35,7.5,50.0,6.666666666666667,0.19575,-40.0,0.005872801877558231,0.05000229552388191
P075_B35_L35_p0750_d50,d00,0.75,0.35,0.35,7.5,50.0,6.666666666666667,0.19575,20.0,0.005785785615444183,0.049880944192409515
P075_B35_L35_p0750_d50,d00,0.75,0.35,0.35,7.5,50.0,6.666666666666667,0.19575,40.0,0.005643422249704599,0.0500013530254364
P075_B35_L35_p0750_d50,d76,0.75,0.35,0.35,7.5,50.0,6.666666666666667,0.19575,0.0,0.0035452309530228376,0.049891360104084015
P075_B35_L35_p0750_d50,d76,0.75,0.35,0.35,7.5,50.0,6.666666666666667,0.19575,-20.0,0.0038062857929617167,0.04987309128046036
P075_B35_L35_p0750_d50,d76,0.75,0.35,0.35,7.5,50.0,6.666666666666667,0.19575,-40.0,0.004083279520273209,0.04990982636809349
P075_B35_L35_p0750_d50,d76,0.75,0.35,0.35,7.5,50.0,6.666666666666667,0.19575,20.0,0.0037662892136722803,0.04987578094005585
P075_B35_L35_p0750_d50,d76,0.75,0.35,0.35,7.5,50.0,6.666666666666667,0.19575,40.0,0.004031581338495016,0.04990735277533531
P075_B35_L35_p0750_d50,d100,0.75,0.35,0.35,7.5,50.0,6.666666666666667,0.19575,0.0,0.003810982685536146,0.049890272319316864
P075_B35_L35_p0750_d50,d100,0.75,0.35,0.35,7.5,50.0,6.666666666666667,0.19575,-20.0,0.003863210091367364,0.04987158626317978
P075_B35_L35_p0750_d50,d100,0.75,0.35,0.35,7.5,50.0,6.666666666666667,0.19575,-40.0,0.004235686268657446,0.04987984895706177
P075_B35_L35_p0750_d50,d100,0.75,0.35,0.35,7.5,50.0,6.666666666666667,0.19575,20.0,0.0038110485766083,0.04987448826432228
P075_B35_L35_p0750_d50,d100,0.75,0.35,0.35,7.5,50.0,6.666666666666667,0.19575,40.0,0.0042144740000367165,0.049878232181072235
P075_B35_L35_p1100_d20,d00,0.75,0.35,0.35,11.0,20.0,1.8181818181818181,0.19575,0.0,0.016058098524808884,0.04996778443455696
P075_B35_L35_p1100_d20,d00,0.75,0.35,0.35,11.0,20.0,1.8181818181818181,0.19575,-20.0,0.07025966048240662,0.049959346652030945
P075_B35_L35_p1100_d20,d00,0.75,0.35,0.35,11.0,20.0,1.8181818181818181,0.19575,-40.0,0.07027773559093475,0.049999866634607315
P075_B35_L35_p1100_d20,d00,0.75,0.35,0.35,11.0,20.0,1.8181818181818181,0.19575,20.0,0.0726265236735344,0.04996015876531601
P075_B35_L35_p1100_d20,d00,0.75,0.35,0.35,11.0,20.0,1.8181818181818181,0.19575,40.0,0.0651954859495163,0.05000116676092148
P075_B35_L35_p1100_d20,d76,0.75,0.35,0.35,11.0,20.0,1.8181818181818181,0.19575,0.0,0.010028361342847347,0.049966584891080856
P075_B35_L35_p1100_d20,d76,0.75,0.35,0.35,11.0,20.0,1.8181818181818181,0.19575,-20.0,0.021224377676844597,0.049957796931266785
P075_B35_L35_p1100_d20,d76,0.75,0.35,0.35,11.0,20.0,1.8181818181818181,0.19575,-40.0,0.020656969398260117,0.04997014254331589
P075_B35_L35_p1100_d20,d76,0.75,0.35,0.35,11.0,20.0,1.8181818181818181,0.19575,20.0,0.0216620285063982,0.04995858296751976
P075_B35_L35_p1100_d20,d76,0.75,0.35,0.35,11.0,20.0,1.8181818181818181,0.19575,40.0,0.019490165635943413,0.049969322979450226
P075_B35_L35_p1100_d20,d100,0.75,0.35,0.35,11.0,20.0,1.8181818181818181,0.19575,0.0,0.008367168717086315,0.049966100603342056
P075_B35_L35_p1100_d20,d100,0.75,0.35,0.35,11.0,20.0,1.8181818181818181,0.19575,-20.0,0.00837087444961071,0.04995717853307724
P075_B35_L35_p1100_d20,d100,0.75,0.35,0.35,11.0,20.0,1.8181818181818181,0.19575,-40.0,0.008326515555381775,0.049961090087890625
P075_B35_L35_p1100_d20,d100,0.75,0.35,0.35,11.0,20.0,1.8181818181818181,0.19575,20.0,0.008343825116753578,0.04995787888765335
P075_B35_L35_p1100_d20,d100,0.75,0.35,0.35,11.0,20.0,1.8181818181818181,0.19575,40.0,0.008279924280941486,0.04995948076248169
P075_B35_L35_p1100_d30,d00,0.75,0.35,0.35,11.0,30.0,2.727272727272727,0.19575,0.0,0.09159833937883377,0.04993664100766182
P075_B35_L35_p1100_d30,d00,0.75,0.35,0.35,11.0,30.0,2.727272727272727,0.19575,-20.0,0.040668681263923645,0.049933284521102905
P075_B35_L35_p1100_d30,d00,0.75,0.35,0.35,11.0,30.0,2.727272727272727,0.19575,-40.0,0.048241544514894485,0.049999773502349854
P075_B35_L35_p1100_d30,d00,0.75,0.35,0.35,11.0,30.0,2.727272727272727,0.19575,20.0,0.03909044712781906,0.04993286356329918
P075_B35_L35_p1100_d30,d00,0.75,0.35,0.35,11.0,30.0,2.727272727272727,0.19575,40.0,0.04199732840061188,0.050001680850982666
P075_B35_L35_p1100_d30,d76,0.75,0.35,0.35,11.0,30.0,2.727272727272727,0.19575,0.0,0.020737601444125175,0.04993463680148125
P075_B35_L35_p1100_d30,d76,0.75,0.35,0.35,11.0,30.0,2.727272727272727,0.19575,-20.0,0.01192759070545435,0.049930259585380554
P075_B35_L35_p1100_d30,d76,0.75,0.35,0.35,11.0,30.0,2.727272727272727,0.19575,-40.0,0.014605673030018806,0.049946319311857224
P075_B35_L35_p1100_d30,d76,0.75,0.35,0.35,11.0,30.0,2.727272727272727,0.19575,20.0,0.011319217272102833,0.04992992803454399
P075_B35_L35_p1100_d30,d76,0.75,0.35,0.35,11.0,30.0,2.727272727272727,0.19575,40.0,0.013133409433066845,0.04995008930563927
P075_B35_L35_p1100_d30,d100,0.75,0.35,0.35,11.0,30.0,2.727272727272727,0.19575,0.0,0.007065414916723967,0.04993365705013275
P075_B35_L35_p1100_d30,d100,0.75,0.35,0.35,11.0,30.0,2.727272727272727,0.19575,-20.0,0.007148329168558121,0.049929339438676834
P075_B35_L35_p1100_d30,d100,0.75,0.35,0.35,11.0,30.0,2.727272727272727,0.19575,-40.0,0.007160297129303217,0.0499291867017746
P075_B35_L35_p1100_d30,d100,0.75,0.35,0.35,11.0,30.0,2.727272727272727,0.19575,20.0,0.0069404779933393,0.04992908611893654
P075_B35_L35_p1100_d30,d100,0.75,0.35,0.35,11.0,30.0,2.727272727272727,0.19575,40.0,0.006950638722628355,0.049933504313230515
P075_B35_L35_p1100_d40,d00,0.75,0.35,0.35,11.0,40.0,3.6363636363636362,0.19575,0.0,0.03162694722414017,0.049943707883358
P075_B35_L35_p1100_d40,d00,0.75,0.35,0.35,11.0,40.0,3.6363636363636362,0.19575,-20.0,0.021425245329737663,0.04993880167603493
P075_B35_L35_p1100_d40,d00,0.75,0.35,0.35,11.0,40.0,3.6363636363636362,0.19575,-40.0,0.023814162239432335,0.04999558627605438
P075_B35_L35_p1100_d40,d00,0.75,0.35,0.35,11.0,40.0,3.6363636363636362,0.19575,20.0,0.022327322512865067,0.04993675649166107
P075_B35_L35_p1100_d40,d00,0.75,0.35,0.35,11.0,40.0,3.6363636363636362,0.19575,40.0,0.023930469527840614,0.04999890550971031
P075_B35_L35_p1100_d40,d76,0.75,0.35,0.35,11.0,40.0,3.6363636363636362,0.19575,0.0,0.008343539200723171,0.049941834062337875
P075_B35_L35_p1100_d40,d76,0.75,0.35,0.35,11.0,40.0,3.6363636363636362,0.19575,-20.0,0.007513174321502447,0.04993581399321556
P075_B35_L35_p1100_d40,d76,0.75,0.35,0.35,11.0,40.0,3.6363636363636362,0.19575,-40.0,0.008512689732015133,0.04994693025946617
P075_B35_L35_p1100_d40,d76,0.75,0.35,0.35,11.0,40.0,3.6363636363636362,0.19575,20.0,0.007659637834876776,0.049934022128582
P075_B35_L35_p1100_d40,d76,0.75,0.35,0.35,11.0,40.0,3.6363636363636362,0.19575,40.0,0.008624903857707977,0.0499483123421669
P075_B35_L35_p1100_d40,d100,0.75,0.35,0.35,11.0,40.0,3.6363636363636362,0.19575,0.0,0.006203516852110624,0.049941182136535645
P075_B35_L35_p1100_d40,d100,0.75,0.35,0.35,11.0,40.0,3.6363636363636362,0.19575,-20.0,0.006162535864859819,0.049935221672058105
P075_B35_L35_p1100_d40,d100,0.75,0.35,0.35,11.0,40.0,3.6363636363636362,0.19575,-40.0,0.00618906132876873,0.04993215575814247
P075_B35_L35_p1100_d40,d100,0.75,0.35,0.35,11.0,40.0,3.6363636363636362,0.19575,20.0,0.00619791354984045,0.04993343725800514
P075_B35_L35_p1100_d40,d100,0.75,0.35,0.35,11.0,40.0,3.6363636363636362,0.19575,40.0,0.006167595740407705,0.04993298649787903
P075_B35_L35_p1100_d50,d00,0.75,0.35,0.35,11.0,50.0,4.545454545454546,0.19575,0.0,0.012806221842765808,0.04994665086269379
P075_B35_L35_p1100_d50,d00,0.75,0.35,0.35,11.0,50.0,4.545454545454546,0.19575,-20.0,0.01515906024724245,0.04993659630417824
P075_B35_L35_p1100_d50,d00,0.75,0.35,0.35,11.0,50.0,4.545454545454546,0.19575,-40.0,0.014970989897847176,0.04999808594584465
P075_B35_L35_p1100_d50,d00,0.75,0.35,0.35,11.0,50.0,4.545454545454546,0.19575,20.0,0.015139792114496231,0.049940891563892365
P075_B35_L35_p1100_d50,d00,0.75,0.35,0.35,11.0,50.0,4.545454545454546,0.19575,40.0,0.015661519020795822,0.05000020191073418
P075_B35_L35_p1100_d50,d76,0.75,0.35,0.35,11.0,50.0,4.545454545454546,0.19575,0.0,0.005543369799852371,0.04994484782218933
P075_B35_L35_p1100_d50,d76,0.75,0.35,0.35,11.0,50.0,4.545454545454546,0.19575,-20.0,0.0058368812315166,0.049933865666389465
P075_B35_L35_p1100_d50,d76,0.75,0.35,0.35,11.0,50.0,4.545454545454546,0.19575,-40.0,0.006330286152660847,0.049952320754528046
P075_B35_L35_p1100_d50,d76,0.75,0.35,0.35,11.0,50.0,4.545454545454546,0.19575,20.0,0.0058315894566476345,0.04993874207139015
P075_B35_L35_p1100_d50,d76,0.75,0.35,0.35,11.0,50.0,4.545454545454546,0.19575,40.0,0.006442030426114798,0.049953870475292206
P075_B35_L35_p1100_d50,d100,0.75,0.35,0.35,11.0,50.0,4.545454545454546,0.19575,0.0,0.005284360144287348,0.049944281578063965
P075_B35_L35_p1100_d50,d100,0.75,0.35,0.35,11.0,50.0,4.545454545454546,0.19575,-20.0,0.0052037364803254604,0.0499328151345253
P075_B35_L35_p1100_d50,d100,0.75,0.35,0.35,11.0,50.0,4.545454545454546,0.19575,-40.0,0.00533290533348918,0.04993819072842598
P075_B35_L35_p1100_d50,d100,0.75,0.35,0.35,11.0,50.0,4.545454545454546,0.19575,20.0,0.005208955612033606,0.04993811249732971
P075_B35_L35_p1100_d50,d100,0.75,0.35,0.35,11.0,50.0,4.545454545454546,0.19575,40.0,0.00533585948869586,0.04993829131126404
P100_B00_L00_p0375_d20,d00,1.0,0.0,0.0,3.75,20.0,5.333333333333333,0.72175,0.0,0.0021669769193977118,0.0498015321791172
P100_B00_L00_p0375_d20,d00,1.0,0.0,0.0,3.75,20.0,5.333333333333333,0.72175,-20.0,0.0017500786343589425,0.04979231581091881
P100_B00_L00_p0375_d20,d00,1.0,0.0,0.0,3.75,20.0,5.333333333333333,0.72175,-40.0,0.002997406991198659,0.050001248717308044
P100_B00_L00_p0375_d20,d00,1.0,0.0,0.0,3.75,20.0,5.333333333333333,0.72175,20.0,0.0017606623005121946,0.04979560896754265
P100_B00_L00_p0375_d20,d00,1.0,0.0,0.0,3.75,20.0,5.333333333333333,0.72175,40.0,0.0029149120673537254,0.05000420659780502
P100_B00_L00_p0375_d20,d76,1.0,0.0,0.0,3.75,20.0,5.333333333333333,0.72175,0.0,0.0015168676618486643,0.04979345574975014
P100_B00_L00_p0375_d20,d76,1.0,0.0,0.0,3.75,20.0,5.333333333333333,0.72175,-20.0,0.001721463049761951,0.04978305101394653
P100_B00_L00_p0375_d20,d76,1.0,0.0,0.0,3.75,20.0,5.333333333333333,0.72175,-40.0,0.00248053134419024,0.04983866959810257
P100_B00_L00_p0375_d20,d76,1.0,0.0,0.0,3.75,20.0,5.333333333333333,0.72175,20.0,0.0016904862131923437,0.04978609085083008
P100_B00_L00_p0375_d20,d76,1.0,0.0,0.0,3.75,20.0,5.333333333333333,0.72175,40.0,0.0024706542026251554,0.04983598738908768
P100_B00_L00_p0375_d20,d100,1.0,0.0,0.0,3.75,20.0,5.333333333333333,0.72175,0.0,0.0014609231147915125,0.04979128763079643
P100_B00_L00_p0375_d20,d100,1.0,0.0,0.0,3.75,20.0,5.333333333333333,0.72175,-20.0,0.0018642153590917587,0.04977988079190254
P100_B00_L00_p0375_d20,d100,1.0,0.0,0.0,3.75,20.0,5.333333333333333,0.72175,-40.0,0.002523446921259165,0.04978719726204872
P100_B00_L00_p0375_d20,d100,1.0,0.0,0.0,3.75,20.0,5.333333333333333,0.72175,20.0,0.0018508436623960733,0.04978276789188385
P100_B00_L00_p0375_d20,d100,1.0,0.0,0.0,3.75,20.0,5.333333333333333,0.72175,40.0,0.0025327233597636223,0.049782514572143555
P100_B00_L00_p0375_d30,d00,1.0,0.0,0.0,3.75,30.0,8.0,0.72175,0.0,0.0019286690512672067,0.049681056290864944
P100_B00_L00_p0375_d30,d00,1.0,0.0,0.0,3.75,30.0,8.0,0.72175,-20.0,0.0014879859518259764,0.04965415969491005
P100_B00_L00_p0375_d30,d00,1.0,0.0,0.0,3.75,30.0,8.0,0.72175,-40.0,0.0025347440969198942,0.05000783130526543
P100_B00_L00_p0375_d30,d00,1.0,0.0,0.0,3.75,30.0,8.0,0.72175,20.0,0.001510145841166377,0.04965602234005928
P100_B00_L00_p0375_d30,d00,1.0,0.0,0.0,3.75,30.0,8.0,0.72175,40.0,0.0025803104508668184,0.05001034215092659
P100_B00_L00_p0375_d30,d76,1.0,0.0,0.0,3.75,30.0,8.0,0.72175,0.0,0.0011352772125974298,0.049669817090034485
P100_B00_L00_p0375_d30,d76,1.0,0.0,0.0,3.75,30.0,8.0,0.72175,-20.0,0.0014392598532140255,0.049640193581581116
P100_B00_L00_p0375_d30,d76,1.0,0.0,0.0,3.75,30.0,8.0,0.72175,-40.0,0.0021859603002667427,0.049721941351890564
P100_B00_L00_p0375_d30,d76,1.0,0.0,0.0,3.75,30.0,8.0,0.72175,20.0,0.0014593047089874744,0.049641359597444534
P100_B00_L00_p0375_d30,d76,1.0,0.0,0.0,3.75,30.0,8.0,0.72175,40.0,0.002229660050943494,0.049731072038412094
P100_B00_L00_p0375_d30,d100,1.0,0.0,0.0,3.75,30.0,8.0,0.72175,0.0,0.0009999284520745277,0.04966651275753975
P100_B00_L00_p0375_d30,d100,1.0,0.0,0.0,3.75,30.0,8.0,0.72175,-20.0,0.0015554989222437143,0.049636002629995346
P100_B00_L00_p0375_d30,d100,1.0,0.0,0.0,3.75,30.0,8.0,0.72175,-40.0,0.002263781148940325,0.049633290618658066
P100_B00_L00_p0375_d30,d100,1.0,0.0,0.0,3.75,30.0,8.0,0.72175,20.0,0.0015718754148110747,0.04963661730289459
P100_B00_L00_p0375_d30,d100,1.0,0.0,0.0,3.75,30.0,8.0,0.72175,40.0,0.0022821007296442986,0.04964027553796768
P100_B00_L00_p0375_d40,d00,1.0,0.0,0.0,3.75,40.0,10.666666666666666,0.72175,0.0,0.0016723638400435448,0.04968637228012085
P100_B00_L00_p0375_d40,d00,1.0,0.0,0.0,3.75,40.0,10.666666666666666,0.72175,-20.0,0.0013659370597451925,0.04966262727975845
P100_B00_L00_p0375_d40,d00,1.0,0.0,0.0,3.75,40.0,10.666666666666666,0.72175,-40.0,0.002362447325140238,0.050001807510852814
P100_B00_L00_p0375_d40,d00,1.0,0.0,0.0,3.75,40.0,10.666666666666666,0.72175,20.0,0.001315755071118474,0.049661677330732346
P100_B00_L00_p0375_d40,d00,1.0,0.0,0.0,3.75,40.0,10.666666666666666,0.72175,40.0,0.0023046317510306835,0.05000048503279686
P100_B00_L00_p0375_d40,d76,1.0,0.0,0.0,3.75,40.0,10.666666666666666,0.72175,0.0,0.0009055773844011128,0.04967445507645607
P100_B00_L00_p0375_d40,d76,1.0,0.0,0.0,3.75,40.0,10.666666666666666,0.72175,-20.0,0.001311422442086041,0.04964807629585266
P100_B00_L00_p0375_d40,d76,1.0,0.0,0.0,3.75,40.0,10.666666666666666,0.72175,-40.0,0.002016606507822871,0.04973255470395088
P100_B00_L00_p0375_d40,d76,1.0,0.0,0.0,3.75,40.0,10.666666666666666,0.72175,20.0,0.001300166710279882,0.04964584857225418
P100_B00_L00_p0375_d40,d76,1.0,0.0,0.0,3.75,40.0,10.666666666666666,0.72175,40.0,0.002016546204686165,0.04973430186510086
P100_B00_L00_p0375_d40,d100,1.0,0.0,0.0,3.75,40.0,10.666666666666666,0.72175,0.0,0.0007656059460714459,0.04967156797647476
P100_B00_L00_p0375_d40,d100,1.0,0.0,0.0,3.75,40.0,10.666666666666666,0.72175,-20.0,0.0013995282351970673,0.049643293023109436
P100_B00_L00_p0375_d40,d100,1.0,0.0,0.0,3.75,40.0,10.666666666666666,0.72175,-40.0,0.002098869066685438,0.049647342413663864
P100_B00_L00_p0375_d40,d100,1.0,0.0,0.0,3.75,40.0,10.666666666666666,0.72175,20.0,0.0014075345825403929,0.04964100942015648
P100_B00_L00_p0375_d40,d100,1.0,0.0,0.0,3.75,40.0,10.666666666666666,0.72175,40.0,0.0020758341997861862,0.04965004697442055
P100_B00_L00_p0375_d50,d00,1.0,0.0,0.0,3.75,50.0,13.333333333333334,0.72175,0.0,0.001538265380077064,0.049684204161167145
P100_B00_L00_p0375_d50,d00,1.0,0.0,0.0,3.75,50.0,13.333333333333334,0.72175,-20.0,0.0013508772244676948,0.0496598444879055
P100_B00_L00_p0375_d50,d00,1.0,0.0,0.0,3.75,50.0,13.333333333333334,0.72175,-40.0,0.0022675341460853815,0.04999407008290291
P100_B00_L00_p0375_d50,d00,1.0,0.0,0.0,3.75,50.0,13.333333333333334,0.72175,20.0,0.0012365616858005524,0.04965685307979584
P100_B00_L00_p0375_d50,d00,1.0,0.0,0.0,3.75,50.0,13.333333333333334,0.72175,40.0,0.0022960298229008913,0.05000469461083412
P100_B00_L00_p0375_d50,d76,1.0,0.0,0.0,3.75,50.0,13.333333333333334,0.72175,0.0,0.0008125184685923159,0.04967328533530235
P100_B00_L00_p0375_d50,d76,1.0,0.0,0.0,3.75,50.0,13.333333333333334,0.72175,-20.0,0.0012703449465334415,0.049645502120256424
P100_B00_L00_p0375_d50,d76,1.0,0.0,0.0,3.75,50.0,13.333333333333334,0.72175,-40.0,0.001974500482901931,0.04971949756145477
P100_B00_L00_p0375_d50,d76,1.0,0.0,0.0,3.75,50.0,13.333333333333334,0.72175,20.0,0.0012368644820526242,0.04964281991124153
P100_B00_L00_p0375_d50,d76,1.0,0.0,0.0,3.75,50.0,13.333333333333334,0.72175,40.0,0.001988702453672886,0.04972415044903755
P100_B00_L00_p0375_d50,d100,1.0,0.0,0.0,3.75,50.0,13.333333333333334,0.72175,0.0,0.0006522464100271463,0.049670323729515076
P100_B00_L00_p0375_d50,d100,1.0,0.0,0.0,3.75,50.0,13.333333333333334,0.72175,-20.0,0.0013520285720005631,0.04964113235473633
P100_B00_L00_p0375_d50,d100,1.0,0.0,0.0,3.75,50.0,13.333333333333334,0.72175,-40.0,0.002038802718743682,0.04963688552379608
P100_B00_L00_p0375_d50,d100,1.0,0.0,0.0,3.75,50.0,13.333333333333334,0.72175,20.0,0.0013216378865763545,0.04963769391179085
P100_B00_L00_p0375_d50,d100,1.0,0.0,0.0,3.75,50.0,13.333333333333334,0.72175,40.0,0.002026922069489956,0.049638908356428146
P100_B00_L00_p0550_d20,d00,1.0,0.0,0.0,5.5,20.0,3.6363636363636362,0.72175,0.0,0.002440423471853137,0.049905359745025635
P100_B00_L00_p0550_d20,d00,1.0,0.0,0.0,5.5,20.0,3.6363636363636362,0.72175,-20.0,0.0021605398505926132,0.04990342631936073
P100_B00_L00_p0550_d20,d00,1.0,0.0,0.0,5.5,20.0,3.6363636363636362,0.72175,-40.0,0.0028733136132359505,0.05000029131770134
P100_B00_L00_p0550_d20,d00,1.0,0.0,0.0,5.5,20.0,3.6363636363636362,0.72175,20.0,0.0021548853255808353,0.04990450292825699
P100_B00_L00_p0550_d20,d00,1.0,0.0,0.0,5.5,20.0,3.6363636363636362,0.72175,40.0,0.002923869527876377,0.049999337643384933
P100_B00_L00_p0550_d20,d76,1.0,0.0,0.0,5.5,20.0,3.6363636363636362,0.72175,0.0,0.0020281258039176464,0.04990111291408539
P100_B00_L00_p0550_d20,d76,1.0,0.0,0.0,5.5,20.0,3.6363636363636362,0.72175,-20.0,0.0021118924487382174,0.049899470061063766
P100_B00_L00_p0550_d20,d76,1.0,0.0,0.0,5.5,20.0,3.6363636363636362,0.72175,-40.0,0.002769320271909237,0.04991898313164711
P100_B00_L00_p0550_d20,d76,1.0,0.0,0.0,5.5,20.0,3.6363636363636362,0.72175,20.0,0.0021240003407001495,0.049900542944669724
P100_B00_L00_p0550_d20,d76,1.0,0.0,0.0,5.5,20.0,3.6363636363636362,0.72175,40.0,0.002757068257778883,0.049914177507162094
P100_B00_L00_p0550_d20,d100,1.0,0.0,0.0,5.5,20.0,3.6363636363636362,0.72175,0.0,0.0020929696038365364,0.04989994689822197
P100_B00_L00_p0550_d20,d100,1.0,0.0,0.0,5.5,20.0,3.6363636363636362,0.72175,-20.0,0.0022946768440306187,0.04989839717745781
P100_B00_L00_p0550_d20,d100,1.0,0.0,0.0,5.5,20.0,3.6363636363636362,0.72175,-40.0,0.0029540779069066048,0.04989270493388176
P100_B00_L00_p0550_d20,d100,1.0,0.0,0.0,5.5,20.0,3.6363636363636362,0.72175,20.0,0.002261991146951914,0.04989934340119362
P100_B00_L00_p0550_d20,d100,1.0,0.0,0.0,5.5,20.0,3.6363636363636362,0.72175,40.0,0.0029007659759372473,0.04988744482398033
P100_B00_L00_p0550_d30,d00,1.0,0.0,0.0,5.5,30.0,5.454545454545454,0.72175,0.0,0.002124308841302991,0.04985285922884941
P100_B00_L00_p0550_d30,d00,1.0,0.0,0.0,5.5,30.0,5.454545454545454,0.72175,-20.0,0.001700633205473423,0.04984891787171364
P100_B00_L00_p0550_d30,d00,1.0,0.0,0.0,5.5,30.0,5.454545454545454,0.72175,-40.0,0.002623605076223612,0.04999479651451111
P100_B00_L00_p0550_d30,d00,1.0,0.0,0.0,5.5,30.0,5.454545454545454,0.72175,20.0,0.0016668871976435184,0.049849674105644226
P100_B00_L00_p0550_d30,d00,1.0,0.0,0.0,5.5,30.0,5.454545454545454,0.72175,40.0,0.0026674966793507338,0.04999757930636406
P100_B00_L00_p0550_d30,d76,1.0,0.0,0.0,5.5,30.0,5.454545454545454,0.72175,0.0,0.0014707189984619617,0.04984733462333679
P100_B00_L00_p0550_d30,d76,1.0,0.0,0.0,5.5,30.0,5.454545454545454,0.72175,-20.0,0.0016727512702345848,0.0498432032763958
P100_B00_L00_p0550_d30,d76,1.0,0.0,0.0,5.5,30.0,5.454545454545454,0.72175,-40.0,0.002410532906651497,0.04986855760216713
P100_B00_L00_p0550_d30,d76,1.0,0.0,0.0,5.5,30.0,5.454545454545454,0.72175,20.0,0.001648060278967023,0.04984353482723236
P100_B00_L00_p0550_d30,d76,1.0,0.0,0.0,5.5,30.0,5.454545454545454,0.72175,40.0,0.00239583314396441,0.049870651215314865
P100_B00_L00_p0550_d30,d100,1.0,0.0,0.0,5.5,30.0,5.454545454545454,0.72175,0.0,0.0014138296246528625,0.049845464527606964
P100_B00_L00_p0550_d30,d100,1.0,0.0,0.0,5.5,30.0,5.454545454545454,0.72175,-20.0,0.001840669196099043,0.0498412624001503
P100_B00_L00_p0550_d30,d100,1.0,0.0,0.0,5.5,30.0,5.454545454545454,0.72175,-40.0,0.002538612810894847,0.04982888326048851
P100_B00_L00_p0550_d30,d100,1.0,0.0,0.0,5.5,30.0,5.454545454545454,0.72175,20.0,0.0018092632526531816,0.04984147846698761
P100_B00_L00_p0550_d30,d100,1.0,0.0,0.0,5.5,30.0,5.454545454545454,0.72175,40.0,0.0025122794322669506,0.04983055219054222
P100_B00_L00_p0550_d40,d00,1.0,0.0,0.0,5.5,40.0,7.2727272727272725,0.72175,0.0,0.0019147390266880393,0.04985496401786804
P100_B00_L00_p0550_d40,d00,1.0,0.0,0.0,5.5,40.0,7.2727272727272725,0.72175,-20.0,0.0014875890919938684,0.049843527376651764
P100_B00_L00_p0550_d40,d00,1.0,0.0,0.0,5.5,40.0,7.2727272727272725,0.72175,-40.0,0.00230785203166306,0.04999565705657005
P100_B00_L00_p0550_d40,d00,1.0,0.0,0.0,5.5,40.0,7.2727272727272725,0.72175,20.0,0.0014651340898126364,0.049845919013023376
P100_B00_L00_p0550_d40,d00,1.0,0.0,0.0,5.5,40.0,7.2727272727272725,0.72175,40.0,0.0022606593556702137,0.05000443756580353
P100_B00_L00_p0550_d40,d76,1.0,0.0,0.0,5.5,40.0,7.2727272727272725,0.72175,0.0,0.0012084622867405415,0.04984968528151512
P100_B00_L00_p0550_d40,d76,1.0,0.0,0.0,5.5,40.0,7.2727272727272725,0.72175,-20.0,0.0014969045296311378,0.049837175756692886
P100_B00_L00_p0550_d40,d76,1.0,0.0,0.0,5.5,40.0,7.2727272727272725,0.72175,-40.0,0.0021089999936521053,0.04987335577607155
P100_B00_L00_p0550_d40,d76,1.0,0.0,0.0,5.5,40.0,7.2727272727272725,0.72175,20.0,0.0014529062900692225,0.049839768558740616
P100_B00_L00_p0550_d40,d76,1.0,0.0,0.0,5.5,40.0,7.2727272727272725,0.72175,40.0,0.00214593717828393,0.04987150430679321
P100_B00_L00_p0550_d40,d100,1.0,0.0,0.0,5.5,40.0,7.2727272727272725,0.72175,0.0,0.001078205299563706,0.0498480461537838
P100_B00_L00_p0550_d40,d100,1.0,0.0,0.0,5.5,40.0,7.2727272727272725,0.72175,-20.0,0.0016037687892094254,0.049834467470645905
P100_B00_L00_p0550_d40,d100,1.0,0.0,0.0,5.5,40.0,7.2727272727272725,0.72175,-40.0,0.002263016300275922,0.049835242331027985
P100_B00_L00_p0550_d40,d100,1.0,0.0,0.0,5.5,40.0,7.2727272727272725,0.72175,20.0,0.0015636201715096831,0.04983724281191826
P100_B00_L00_p0550_d40,d100,1.0,0.0,0.0,5.5,40.0,7.2727272727272725,0.72175,40.0,0.0022882181219756603,0.049828991293907166
P100_B00_L00_p0550_d50,d00,1.0,0.0,0.0,5.5,50.0,9.090909090909092,0.72175,0.0,0.0017947698943316936,0.049850139766931534
P100_B00_L00_p0550_d50,d00,1.0,0.0,0.0,5.5,50.0,9.090909090909092,0.72175,-20.0,0.0013746945187449455,0.049845799803733826
P100_B00_L00_p0550_d50,d00,1.0,0.0,0.0,5.5,50.0,9.090909090909092,0.72175,-40.0,0.002137865172699094,0.050009194761514664
P100_B00_L00_p0550_d50,d00,1.0,0.0,0.0,5.5,50.0,9.090909090909092,0.72175,20.0,0.0013931554276496172,0.04984814673662186
P100_B00_L00_p0550_d50,d00,1.0,0.0,0.0,5.5,50.0,9.090909090909092,0.72175,40.0,0.0020814468152821064,0.049999602138996124
P100_B00_L00_p0550_d50,d76,1.0,0.0,0.0,5.5,50.0,9.090909090909092,0.72175,0.0,0.0010159536032006145,0.049844905734062195
P100_B00_L00_p0550_d50,d76,1.0,0.0,0.0,5.5,50.0,9.090909090909092,0.72175,-20.0,0.0013453176943585277,0.04983938857913017
P100_B00_L00_p0550_d50,d76,1.0,0.0,0.0,5.5,50.0,9.090909090909092,0.72175,-40.0,0.0020182779990136623,0.0498715341091156
P100_B00_L00_p0550_d50,d76,1.0,0.0,0.0,5.5,50.0,9.090909090909092,0.72175,20.0,0.001332283252850175,0.049841124564409256
P100_B00_L00_p0550_d50,d76,1.0,0.0,0.0,5.5,50.0,9.090909090909092,0.72175,40.0,0.0019683511927723885,0.04987545683979988
P100_B00_L00_p0550_d50,d100,1.0,0.0,0.0,5.5,50.0,9.090909090909092,0.72175,0.0,0.0008735722512938082,0.04984322935342789
P100_B00_L00_p0550_d50,d100,1.0,0.0,0.0,5.5,50.0,9.090909090909092,0.72175,-20.0,0.0014709467068314552,0.049837373197078705
P100_B00_L00_p0550_d50,d100,1.0,0.0,0.0,5.5,50.0,9.090909090909092,0.72175,-40.0,0.002154955640435219,0.049828626215457916
P100_B00_L00_p0550_d50,d100,1.0,0.0,0.0,5.5,50.0,9.090909090909092,0.72175,20.0,0.0014296580338850617,0.049839191138744354
P100_B00_L00_p0550_d50,d100,1.0,0.0,0.0,5.5,50.0,9.090909090909092,0.72175,40.0,0.0021015165839344263,0.049834661185741425
P100_B00_L00_p0750_d20,d00,1.0,0.0,0.0,7.5,20.0,2.6666666666666665,0.72175,0.0,0.0028522424399852753,0.0499599426984787
P100_B00_L00_p0750_d20,d00,1.0,0.0,0.0,7.5,20.0,2.6666666666666665,0.72175,-20.0,0.002929872367531061,0.04995772987604141
P100_B00_L00_p0750_d20,d00,1.0,0.0,0.0,7.5,20.0,2.6666666666666665,0.72175,-40.0,0.0030923704616725445,0.049999795854091644
P100_B00_L00_p0750_d20,d00,1.0,0.0,0.0,7.5,20.0,2.6666666666666665,0.72175,20.0,0.0029484350234270096,0.0499577596783638
P100_B00_L00_p0750_d20,d00,1.0,0.0,0.0,7.5,20.0,2.6666666666666665,0.72175,40.0,0.0031088031828403473,0.04999961704015732
P100_B00_L00_p0750_d20,d76,1.0,0.0,0.0,7.5,20.0,2.6666666666666665,0.72175,0.0,0.0026315301656723022,0.0499587319791317
P100_B00_L00_p0750_d20,d76,1.0,0.0,0.0,7.5,20.0,2.6666666666666665,0.72175,-20.0,0.0026848204433918,0.049955904483795166
P100_B00_L00_p0750_d20,d76,1.0,0.0,0.0,7.5,20.0,2.6666666666666665,0.72175,-40.0,0.003193129552528262,0.04996725544333458
P100_B00_L00_p0750_d20,d76,1.0,0.0,0.0,7.5,20.0,2.6666666666666665,0.72175,20.0,0.0026930414605885744,0.04995623603463173
P100_B00_L00_p0750_d20,d76,1.0,0.0,0.0,7.5,20.0,2.6666666666666665,0.72175,40.0,0.0031467238441109657,0.049966853111982346
P100_B00_L00_p0750_d20,d100,1.0,0.0,0.0,7.5,20.0,2.6666666666666665,0.72175,0.0,0.002791067585349083,0.049958255141973495
P100_B00_L00_p0750_d20,d100,1.0,0.0,0.0,7.5,20.0,2.6666666666666665,0.72175,-20.0,0.0028875479474663734,0.049955103546381
P100_B00_L00_p0750_d20,d100,1.0,0.0,0.0,7.5,20.0,2.6666666666666665,0.72175,-40.0,0.0034576498437672853,0.049956824630498886
P100_B00_L00_p0750_d20,d100,1.0,0.0,0.0,7.5,20.0,2.6666666666666665,0.72175,20.0,0.0028620208613574505,0.04995568096637726
P100_B00_L00_p0750_d20,d100,1.0,0.0,0.0,7.5,20.0,2.6666666666666665,0.72175,40.0,0.003415156388655305,0.049956146627664566
P100_B00_L00_p0750_d30,d00,1.0,0.0,0.0,7.5,30.0,4.0,0.72175,0.0,0.0023313837591558695,0.049919493496418
P100_B00_L00_p0750_d30,d00,1.0,0.0,0.0,7.5,30.0,4.0,0.72175,-20.0,0.0020411573350429535,0.04991445690393448
P100_B00_L00_p0750_d30,d00,1.0,0.0,0.0,7.5,30.0,4.0,0.72175,-40.0,0.0025895556900650263,0.04999953880906105
P100_B00_L00_p0750_d30,d00,1.0,0.0,0.0,7.5,30.0,4.0,0.72175,20.0,0.002072831615805626,0.04991474002599716
P100_B00_L00_p0750_d30,d00,1.0,0.0,0.0,7.5,30.0,4.0,0.72175,40.0,0.002667988184839487,0.04999703913927078
P100_B00_L00_p0750_d30,d76,1.0,0.0,0.0,7.5,30.0,4.0,0.72175,0.0,0.0018582799239084125,0.04991655424237251
P100_B00_L00_p0750_d30,d76,1.0,0.0,0.0,7.5,30.0,4.0,0.72175,-20.0,0.002000858774408698,0.04991092160344124
P100_B00_L00_p0750_d30,d76,1.0,0.0,0.0,7.5,30.0,4.0,0.72175,-40.0,0.0026328309904783964,0.04993215575814247
P100_B00_L00_p0750_d30,d76,1.0,0.0,0.0,7.5,30.0,4.0,0.72175,20.0,0.0020300562027841806,0.04991096258163452
P100_B00_L00_p0750_d30,d76,1.0,0.0,0.0,7.5,30.0,4.0,0.72175,40.0,0.0026782636996358633,0.04993082955479622
P100_B00_L00_p0750_d30,d100,1.0,0.0,0.0,7.5,30.0,4.0,0.72175,0.0,0.0018897735280916095,0.04991554841399193
P100_B00_L00_p0750_d30,d100,1.0,0.0,0.0,7.5,30.0,4.0,0.72175,-20.0,0.0021634306758642197,0.049909740686416626
P100_B00_L00_p0750_d30,d100,1.0,0.0,0.0,7.5,30.0,4.0,0.72175,-40.0,0.002852537902072072,0.049911126494407654
P100_B00_L00_p0750_d30,d100,1.0,0.0,0.0,7.5,30.0,4.0,0.72175,20.0,0.002218988025560975,0.049909744411706924
P100_B00_L00_p0750_d30,d100,1.0,0.0,0.0,7.5,30.0,4.0,0.72175,40.0,0.002864946611225605,0.049910031259059906
P100_B00_L00_p0750_d40,d00,1.0,0.0,0.0,7.5,40.0,5.333333333333333,0.72175,0.0,0.0020267819054424763,0.049920760095119476
P100_B00_L00_p0750_d40,d00,1.0,0.0,0.0,7.5,40.0,5.333333333333333,0.72175,-20.0,0.0016600954113528132,0.04991691932082176
P100_B00_L00_p0750_d40,d00,1.0,0.0,0.0,7.5,40.0,5.333333333333333,0.72175,-40.0,0.00244420045055449,0.0500032939016819
P100_B00_L00_p0750_d40,d00,1.0,0.0,0.0,7.5,40.0,5.333333333333333,0.72175,20.0,0.001606267411261797,0.04991715028882027
P100_B00_L00_p0750_d40,d00,1.0,0.0,0.0,7.5,40.0,5.333333333333333,0.72175,40.0,0.002451840089634061,0.050001051276922226
P100_B00_L00_p0750_d40,d76,1.0,0.0,0.0,7.5,40.0,5.333333333333333,0.72175,0.0,0.0014215185074135661,0.049918100237846375
P100_B00_L00_p0750_d40,d76,1.0,0.0,0.0,7.5,40.0,5.333333333333333,0.72175,-20.0,0.0016426177462562919,0.049913447350263596
P100_B00_L00_p0750_d40,d76,1.0,0.0,0.0,7.5,40.0,5.333333333333333,0.72175,-40.0,0.0023200944997370243,0.04993175342679024
P100_B00_L00_p0750_d40,d76,1.0,0.0,0.0,7.5,40.0,5.333333333333333,0.72175,20.0,0.0015981120523065329,0.04991370439529419
P100_B00_L00_p0750_d40,d76,1.0,0.0,0.0,7.5,40.0,5.333333333333333,0.72175,40.0,0.0023061176761984825,0.049932122230529785
P100_B00_L00_p0750_d40,d100,1.0,0.0,0.0,7.5,40.0,5.333333333333333,0.72175,0.0,0.001361748087219894,0.049917060881853104
P100_B00_L00_p0750_d40,d100,1.0,0.0,0.0,7.5,40.0,5.333333333333333,0.72175,-20.0,0.0017795547610148787,0.049912191927433014
P100_B00_L00_p0750_d40,d100,1.0,0.0,0.0,7.5,40.0,5.333333333333333,0.72175,-40.0,0.002494961488991976,0.0499102883040905
P100_B00_L00_p0750_d40,d100,1.0,0.0,0.0,7.5,40.0,5.333333333333333,0.72175,20.0,0.0017475610366091132,0.049912773072719574
P100_B00_L00_p0750_d40,d100,1.0,0.0,0.0,7.5,40.0,5.333333333333333,0.72175,40.0,0.002423793775960803,0.04991024360060692
P100_B00_L00_p0750_d50,d00,1.0,0.0,0.0,7.5,50.0,6.666666666666667,0.72175,0.0,0.0019474014407023787,0.049913421273231506
P100_B00_L00_p0750_d50,d00,1.0,0.0,0.0,7.5,50.0,6.666666666666667,0.72175,-20.0,0.0015121196629479527,0.04990344122052193
P100_B00_L00_p0750_d50,d00,1.0,0.0,0.0,7.5,50.0,6.666666666666667,0.72175,-40.0,0.0022596470080316067,0.05000114068388939
P100_B00_L00_p0750_d50,d00,1.0,0.0,0.0,7.5,50.0,6.666666666666667,0.72175,20.0,0.001523416955024004,0.049903787672519684
P100_B00_L00_p0750_d50,d00,1.0,0.0,0.0,7.5,50.0,6.666666666666667,0.72175,40.0,0.0022226630244404078,0.05000196769833565
P100_B00_L00_p0750_d50,d76,1.0,0.0,0.0,7.5,50.0,6.666666666666667,0.72175,0.0,0.0012352359481155872,0.04991026222705841
P100_B00_L00_p0750_d50,d76,1.0,0.0,0.0,7.5,50.0,6.666666666666667,0.72175,-20.0,0.0014769063564017415,0.049898386001586914
P100_B00_L00_p0750_d50,d76,1.0,0.0,0.0,7.5,50.0,6.666666666666667,0.72175,-40.0,0.0021749408915638924,0.04992646351456642
P100_B00_L00_p0750_d50,d76,1.0,0.0,0.0,7.5,50.0,6.666666666666667,0.72175,20.0,0.001474329037591815,0.049899809062480927
P100_B00_L00_p0750_d50,d76,1.0,0.0,0.0,7.5,50.0,6.666666666666667,0.72175,40.0,0.0021541183814406395,0.04992539435625076
P100_B00_L00_p0750_d50,d100,1.0,0.0,0.0,7.5,50.0,6.666666666666667,0.72175,0.0,0.0011276404839009047,0.04990965873003006
P100_B00_L00_p0750_d50,d100,1.0,0.0,0.0,7.5,50.0,6.666666666666667,0.72175,-20.0,0.001626712502911687,0.04989706352353096
P100_B00_L00_p0750_d50,d100,1.0,0.0,0.0,7.5,50.0,6.666666666666667,0.72175,-40.0,0.0023609877098351717,0.04990227520465851
P100_B00_L00_p0750_d50,d100,1.0,0.0,0.0,7.5,50.0,6.666666666666667,0.72175,20.0,0.0015993128763511777,0.04989847168326378
P100_B00_L00_p0750_d50,d100,1.0,0.0,0.0,7.5,50.0,6.666666666666667,0.72175,40.0,0.0022835745476186275,0.049900926649570465
P100_B00_L00_p1100_d20,d00,1.0,0.0,0.0,11.0,20.0,1.8181818181818181,0.72175,0.0,0.0045251199044287205,0.04997323080897331
P100_B00_L00_p1100_d20,d00,1.0,0.0,0.0,11.0,20.0,1.8181818181818181,0.72175,-20.0,0.0063429176807403564,0.04997199401259422
P100_B00_L00_p1100_d20,d00,1.0,0.0,0.0,11.0,20.0,1.8181818181818181,0.72175,-40.0,0.005903281271457672,0.04999908432364464
P100_B00_L00_p1100_d20,d00,1.0,0.0,0.0,11.0,20.0,1.8181818181818181,0.72175,20.0,0.006458152551203966,0.049971260130405426
P100_B00_L00_p1100_d20,d00,1.0,0.0,0.0,11.0,20.0,1.8181818181818181,0.72175,40.0,0.005615735426545143,0.05000055581331253
P100_B00_L00_p1100_d20,d76,1.0,0.0,0.0,11.0,20.0,1.8181818181818181,0.72175,0.0,0.003782376879826188,0.04997242987155914
P100_B00_L00_p1100_d20,d76,1.0,0.0,0.0,11.0,20.0,1.8181818181818181,0.72175,-20.0,0.00394259812310338,0.04997086524963379
P100_B00_L00_p1100_d20,d76,1.0,0.0,0.0,11.0,20.0,1.8181818181818181,0.72175,-40.0,0.004132491536438465,0.049977052956819534
P100_B00_L00_p1100_d20,d76,1.0,0.0,0.0,11.0,20.0,1.8181818181818181,0.72175,20.0,0.003993501886725426,0.04997016116976738
P100_B00_L00_p1100_d20,d76,1.0,0.0,0.0,11.0,20.0,1.8181818181818181,0.72175,40.0,0.004155212081968784,0.04997754842042923
P100_B00_L00_p1100_d20,d100,1.0,0.0,0.0,11.0,20.0,1.8181818181818181,0.72175,0.0,0.004069976042956114,0.04997202381491661
P100_B00_L00_p1100_d20,d100,1.0,0.0,0.0,11.0,20.0,1.8181818181818181,0.72175,-20.0,0.003973699174821377,0.0499705970287323
P100_B00_L00_p1100_d20,d100,1.0,0.0,0.0,11.0,20.0,1.8181818181818181,0.72175,-40.0,0.004314603749662638,0.049970827996730804
P100_B00_L00_p1100_d20,d100,1.0,0.0,0.0,11.0,20.0,1.8181818181818181,0.72175,20.0,0.003952701110392809,0.049969933927059174
P100_B00_L00_p1100_d20,d100,1.0,0.0,0.0,11.0,20.0,1.8181818181818181,0.72175,40.0,0.004347064066678286,0.04997030273079872
P100_B00_L00_p1100_d30,d00,1.0,0.0,0.0,11.0,30.0,2.727272727272727,0.72175,0.0,0.003013670677319169,0.04995158314704895
P100_B00_L00_p1100_d30,d00,1.0,0.0,0.0,11.0,30.0,2.727272727272727,0.72175,-20.0,0.0031528230756521225,0.04995293170213699
P100_B00_L00_p1100_d30,d00,1.0,0.0,0.0,11.0,30.0,2.727272727272727,0.72175,-40.0,0.003078736364841461,0.04999834671616554
P100_B00_L00_p1100_d30,d00,1.0,0.0,0.0,11.0,30.0,2.727272727272727,0.72175,20.0,0.0029547056183218956,0.04995374381542206
P100_B00_L00_p1100_d30,d00,1.0,0.0,0.0,11.0,30.0,2.727272727272727,0.72175,40.0,0.0028664125129580498,0.04999902844429016
P100_B00_L00_p1100_d30,d76,1.0,0.0,0.0,11.0,30.0,2.727272727272727,0.72175,0.0,0.0026959776878356934,0.04995017871260643
P100_B00_L00_p1100_d30,d76,1.0,0.0,0.0,11.0,30.0,2.727272727272727,0.72175,-20.0,0.0027849487960338593,0.04995102435350418
P100_B00_L00_p1100_d30,d76,1.0,0.0,0.0,11.0,30.0,2.727272727272727,0.72175,-40.0,0.0031898764427751303,0.04995855689048767
P100_B00_L00_p1100_d30,d76,1.0,0.0,0.0,11.0,30.0,2.727272727272727,0.72175,20.0,0.00265241670422256,0.04995204880833626
P100_B00_L00_p1100_d30,d76,1.0,0.0,0.0,11.0,30.0,2.727272727272727,0.72175,40.0,0.003102049697190523,0.049958448857069016
P100_B00_L00_p1100_d30,d100,1.0,0.0,0.0,11.0,30.0,2.727272727272727,0.72175,0.0,0.002870258642360568,0.049949418753385544
P100_B00_L00_p1100_d30,d100,1.0,0.0,0.0,11.0,30.0,2.727272727272727,0.72175,-20.0,0.0029690167866647243,0.0499502569437027
P100_B00_L00_p1100_d30,d100,1.0,0.0,0.0,11.0,30.0,2.727272727272727,0.72175,-40.0,0.0034974352456629276,0.049945686012506485
P100_B00_L00_p1100_d30,d100,1.0,0.0,0.0,11.0,30.0,2.727272727272727,0.72175,20.0,0.00283175241202116,0.049951501190662384
P100_B00_L00_p1100_d30,d100,1.0,0.0,0.0,11.0,30.0,2.727272727272727,0.72175,40.0,0.003416497027501464,0.04994557797908783
P100_B00_L00_p1100_d40,d00,1.0,0.0,0.0,11.0,40.0,3.6363636363636362,0.72175,0.0,0.002579409396275878,0.049958735704422
P100_B00_L00_p1100_d40,d00,1.0,0.0,0.0,11.0,40.0,3.6363636363636362,0.72175,-20.0,0.0022360465954989195,0.049956776201725006
P100_B00_L00_p1100_d40,d00,1.0,0.0,0.0,11.0,40.0,3.6363636363636362,0.72175,-40.0,0.0028633889742195606,0.04999711364507675
P100_B00_L00_p1100_d40,d00,1.0,0.0,0.0,11.0,40.0,3.6363636363636362,0.72175,20.0,0.0022829396184533834,0.04995578154921532
P100_B00_L00_p1100_d40,d00,1.0,0.0,0.0,11.0,40.0,3.6363636363636362,0.72175,40.0,0.0028901672922074795,0.04999686777591705
P100_B00_L00_p1100_d40,d76,1.0,0.0,0.0,11.0,40.0,3.6363636363636362,0.72175,0.0,0.0021880432032048702,0.049957070499658585
P100_B00_L00_p1100_d40,d76,1.0,0.0,0.0,11.0,40.0,3.6363636363636362,0.72175,-20.0,0.002194470027461648,0.049954574555158615
P100_B00_L00_p1100_d40,d76,1.0,0.0,0.0,11.0,40.0,3.6363636363636362,0.72175,-40.0,0.0028257633093744516,0.04996415600180626
P100_B00_L00_p1100_d40,d76,1.0,0.0,0.0,11.0,40.0,3.6363636363636362,0.72175,20.0,0.002261566463857889,0.0499541275203228
P100_B00_L00_p1100_d40,d76,1.0,0.0,0.0,11.0,40.0,3.6363636363636362,0.72175,40.0,0.002881437772884965,0.04996281862258911
P100_B00_L00_p1100_d40,d100,1.0,0.0,0.0,11.0,40.0,3.6363636363636362,0.72175,0.0,0.002246498828753829,0.0499565452337265
P100_B00_L00_p1100_d40,d100,1.0,0.0,0.0,11.0,40.0,3.6363636363636362,0.72175,-20.0,0.0023845736868679523,0.049954235553741455
P100_B00_L00_p1100_d40,d100,1.0,0.0,0.0,11.0,40.0,3.6363636363636362,0.72175,-40.0,0.0030310237780213356,0.049954067915678024
P100_B00_L00_p1100_d40,d100,1.0,0.0,0.0,11.0,40.0,3.6363636363636362,0.72175,20.0,0.0024410360492765903,0.04995374009013176
P100_B00_L00_p1100_d40,d100,1.0,0.0,0.0,11.0,40.0,3.6363636363636362,0.72175,40.0,0.003083215095102787,0.04995276406407356
P100_B00_L00_p1100_d50,d00,1.0,0.0,0.0,11.0,50.0,4.545454545454546,0.72175,0.0,0.0022646004799753428,0.04996170848608017
P100_B00_L00_p1100_d50,d00,1.0,0.0,0.0,11.0,50.0,4.545454545454546,0.72175,-20.0,0.0018015947425737977,0.049955762922763824
P100_B00_L00_p1100_d50,d00,1.0,0.0,0.0,11.0,50.0,4.545454545454546,0.72175,-40.0,0.0022808806970715523,0.050000373274087906
P100_B00_L00_p1100_d50,d00,1.0,0.0,0.0,11.0,50.0,4.545454545454546,0.72175,20.0,0.0018471602816134691,0.04995677247643471
P100_B00_L00_p1100_d50,d00,1.0,0.0,0.0,11.0,50.0,4.545454545454546,0.72175,40.0,0.0023657986894249916,0.0500018410384655
P100_B00_L00_p1100_d50,d76,1.0,0.0,0.0,11.0,50.0,4.545454545454546,0.72175,0.0,0.0017244869377464056,0.0499601736664772
P100_B00_L00_p1100_d50,d76,1.0,0.0,0.0,11.0,50.0,4.545454545454546,0.72175,-20.0,0.0018119850428774953,0.049953579902648926
P100_B00_L00_p1100_d50,d76,1.0,0.0,0.0,11.0,50.0,4.545454545454546,0.72175,-40.0,0.0024289926514029503,0.049965750426054
P100_B00_L00_p1100_d50,d76,1.0,0.0,0.0,11.0,50.0,4.545454545454546,0.72175,20.0,0.001810926478356123,0.04995536431670189
P100_B00_L00_p1100_d50,d76,1.0,0.0,0.0,11.0,50.0,4.545454545454546,0.72175,40.0,0.0024841621052473783,0.04996633902192116
P100_B00_L00_p1100_d50,d100,1.0,0.0,0.0,11.0,50.0,4.545454545454546,0.72175,0.0,0.001719989930279553,0.04995984584093094
P100_B00_L00_p1100_d50,d100,1.0,0.0,0.0,11.0,50.0,4.545454545454546,0.72175,-20.0,0.001972346333786845,0.04995303228497505
P100_B00_L00_p1100_d50,d100,1.0,0.0,0.0,11.0,50.0,4.545454545454546,0.72175,-40.0,0.002647086512297392,0.04995547607541084
P100_B00_L00_p1100_d50,d100,1.0,0.0,0.0,11.0,50.0,4.545454545454546,0.72175,20.0,0.001969759352505207,0.04995489865541458
P100_B00_L00_p1100_d50,d100,1.0,0.0,0.0,11.0,50.0,4.545454545454546,0.72175,40.0,0.0027090904768556356,0.04995489865541458
P100_B00_L35_p0375_d20,d00,1.0,0.0,0.35,3.75,20.0,5.333333333333333,0.72175,0.0,0.003088966477662325,0.049788638949394226
P100_B00_L35_p0375_d20,d00,1.0,0.0,0.35,3.75,20.0,5.333333333333333,0.72175,-20.0,0.003961536101996899,0.049785345792770386
P100_B00_L35_p0375_d20,d00,1.0,0.0,0.35,3.75,20.0,5.333333333333333,0.72175,-40.0,0.004878086969256401,0.049996212124824524
P100_B00_L35_p0375_d20,d00,1.0,0.0,0.35,3.75,20.0,5.333333333333333,0.72175,20.0,0.003915649373084307,0.04979229345917702
P100_B00_L35_p0375_d20,d00,1.0,0.0,0.35,3.75,20.0,5.333333333333333,0.72175,40.0,0.0049991365522146225,0.049994420260190964
P100_B00_L35_p0375_d20,d76,1.0,0.0,0.35,3.75,20.0,5.333333333333333,0.72175,0.0,0.0028357103001326323,0.04978053271770477
P100_B00_L35_p0375_d20,d76,1.0,0.0,0.35,3.75,20.0,5.333333333333333,0.72175,-20.0,0.0030565091874450445,0.049778010696172714
P100_B00_L35_p0375_d20,d76,1.0,0.0,0.35,3.75,20.0,5.333333333333333,0.72175,-40.0,0.0036348123103380203,0.04982813075184822
P100_B00_L35_p0375_d20,d76,1.0,0.0,0.35,3.75,20.0,5.333333333333333,0.72175,20.0,0.003073205705732107,0.04978344589471817
P100_B00_L35_p0375_d20,d76,1.0,0.0,0.35,3.75,20.0,5.333333333333333,0.72175,40.0,0.0036735173780471087,0.049824777990579605
P100_B00_L35_p0375_d20,d100,1.0,0.0,0.35,3.75,20.0,5.333333333333333,0.72175,0.0,0.0030827363952994347,0.04977875575423241
P100_B00_L35_p0375_d20,d100,1.0,0.0,0.35,3.75,20.0,5.333333333333333,0.72175,-20.0,0.003198945662006736,0.049775198101997375
P100_B00_L35_p0375_d20,d100,1.0,0.0,0.35,3.75,20.0,5.333333333333333,0.72175,-40.0,0.0037370973732322454,0.04977502301335335
P100_B00_L35_p0375_d20,d100,1.0,0.0,0.35,3.75,20.0,5.333333333333333,0.72175,20.0,0.0031983288936316967,0.04978000000119209
P100_B00_L35_p0375_d20,d100,1.0,0.0,0.35,3.75,20.0,5.333333333333333,0.72175,40.0,0.0037315620575100183,0.04976945370435715
P100_B00_L35_p0375_d30,d00,1.0,0.0,0.35,3.75,30.0,8.0,0.72175,0.0,0.0023685211781412363,0.04965703934431076
P100_B00_L35_p0375_d30,d00,1.0,0.0,0.35,3.75,30.0,8.0,0.72175,-20.0,0.0022792238742113113,0.049644626677036285
P100_B00_L35_p0375_d30,d00,1.0,0.0,0.35,3.75,30.0,8.0,0.72175,-40.0,0.0031268903985619545,0.049993615597486496
P100_B00_L35_p0375_d30,d00,1.0,0.0,0.35,3.75,30.0,8.0,0.72175,20.0,0.0023177603725343943,0.04963763803243637
P100_B00_L35_p0375_d30,d00,1.0,0.0,0.35,3.75,30.0,8.0,0.72175,40.0,0.0032014951575547457,0.04998940974473953
P100_B00_L35_p0375_d30,d76,1.0,0.0,0.35,3.75,30.0,8.0,0.72175,0.0,0.0020586370956152678,0.04964536800980568
P100_B00_L35_p0375_d30,d76,1.0,0.0,0.35,3.75,30.0,8.0,0.72175,-20.0,0.002213464118540287,0.049630049616098404
P100_B00_L35_p0375_d30,d76,1.0,0.0,0.35,3.75,30.0,8.0,0.72175,-40.0,0.0029236418195068836,0.049708783626556396
P100_B00_L35_p0375_d30,d76,1.0,0.0,0.35,3.75,30.0,8.0,0.72175,20.0,0.002257970627397299,0.049621712416410446
P100_B00_L35_p0375_d30,d76,1.0,0.0,0.35,3.75,30.0,8.0,0.72175,40.0,0.002975063631311059,0.04971348121762276
P100_B00_L35_p0375_d30,d100,1.0,0.0,0.35,3.75,30.0,8.0,0.72175,0.0,0.002161493757739663,0.049641165882349014
P100_B00_L35_p0375_d30,d100,1.0,0.0,0.35,3.75,30.0,8.0,0.72175,-20.0,0.0024060418363660574,0.049625687301158905
P100_B00_L35_p0375_d30,d100,1.0,0.0,0.35,3.75,30.0,8.0,0.72175,-40.0,0.003080348949879408,0.04962168261408806
P100_B00_L35_p0375_d30,d100,1.0,0.0,0.35,3.75,30.0,8.0,0.72175,20.0,0.0024311726447194815,0.049616239964962006
P100_B00_L35_p0375_d30,d100,1.0,0.0,0.35,3.75,30.0,8.0,0.72175,40.0,0.0031083393841981888,0.049625858664512634
P100_B00_L35_p0375_d40,d00,1.0,0.0,0.35,3.75,40.0,10.666666666666666,0.72175,0.0,0.002111717825755477,0.049661584198474884
P100_B00_L35_p0375_d40,d00,1.0,0.0,0.35,3.75,40.0,10.666666666666666,0.72175,-20.0,0.0019163868855684996,0.04964746534824371
P100_B00_L35_p0375_d40,d00,1.0,0.0,0.35,3.75,40.0,10.666666666666666,0.72175,-40.0,0.00289309024810791,0.04998941719532013
P100_B00_L35_p0375_d40,d00,1.0,0.0,0.35,3.75,40.0,10.666666666666666,0.72175,20.0,0.0018729140283539891,0.049648672342300415
P100_B00_L35_p0375_d40,d00,1.0,0.0,0.35,3.75,40.0,10.666666666666666,0.72175,40.0,0.0029729411471635103,0.049997638911008835
P100_B00_L35_p0375_d40,d76,1.0,0.0,0.35,3.75,40.0,10.666666666666666,0.72175,0.0,0.0016622033435851336,0.04964957386255264
P100_B00_L35_p0375_d40,d76,1.0,0.0,0.35,3.75,40.0,10.666666666666666,0.72175,-20.0,0.0018687726696953177,0.04963279142975807
P100_B00_L35_p0375_d40,d76,1.0,0.0,0.35,3.75,40.0,10.666666666666666,0.72175,-40.0,0.0025886197108775377,0.049723997712135315
P100_B00_L35_p0375_d40,d76,1.0,0.0,0.35,3.75,40.0,10.666666666666666,0.72175,20.0,0.001854106318205595,0.049633294343948364
P100_B00_L35_p0375_d40,d76,1.0,0.0,0.35,3.75,40.0,10.666666666666666,0.72175,40.0,0.002603208879008889,0.049723438918590546
P100_B00_L35_p0375_d40,d100,1.0,0.0,0.35,3.75,40.0,10.666666666666666,0.72175,0.0,0.001661722781136632,0.04964625835418701
P100_B00_L35_p0375_d40,d100,1.0,0.0,0.35,3.75,40.0,10.666666666666666,0.72175,-20.0,0.002029919996857643,0.04962792992591858
P100_B00_L35_p0375_d40,d100,1.0,0.0,0.35,3.75,40.0,10.666666666666666,0.72175,-40.0,0.002686271211132407,0.049638908356428146
P100_B00_L35_p0375_d40,d100,1.0,0.0,0.35,3.75,40.0,10.666666666666666,0.72175,20.0,0.0020205872133374214,0.04962833598256111
P100_B00_L35_p0375_d40,d100,1.0,0.0,0.35,3.75,40.0,10.666666666666666,0.72175,40.0,0.002678008284419775,0.049638036638498306
P100_B00_L35_p0375_d50,d00,1.0,0.0,0.35,3.75,50.0,13.333333333333334,0.72175,0.0,0.002037942176684737,0.049659084528684616
P100_B00_L35_p0375_d50,d00,1.0,0.0,0.35,3.75,50.0,13.333333333333334,0.72175,-20.0,0.001733370590955019,0.04964108020067215
P100_B00_L35_p0375_d50,d00,1.0,0.0,0.35,3.75,50.0,13.333333333333334,0.72175,-40.0,0.002808677963912487,0.0499839223921299
P100_B00_L35_p0375_d50,d00,1.0,0.0,0.35,3.75,50.0,13.333333333333334,0.72175,20.0,0.00164891651365906,0.04963940382003784
P100_B00_L35_p0375_d50,d00,1.0,0.0,0.35,3.75,50.0,13.333333333333334,0.72175,40.0,0.0027577339205890894,0.04998113587498665
P100_B00_L35_p0375_d50,d76,1.0,0.0,0.35,3.75,50.0,13.333333333333334,0.72175,0.0,0.0014514403883367777,0.04964696988463402
P100_B00_L35_p0375_d50,d76,1.0,0.0,0.35,3.75,50.0,13.333333333333334,0.72175,-20.0,0.0017174738459289074,0.04962565749883652
P100_B00_L35_p0375_d50,d76,1.0,0.0,0.35,3.75,50.0,13.333333333333334,0.72175,-40.0,0.002447625854983926,0.04971372336149216
P100_B00_L35_p0375_d50,d76,1.0,0.0,0.35,3.75,50.0,13.333333333333334,0.72175,20.0,0.0016677016392350197,0.049626417458057404
P100_B00_L35_p0375_d50,d76,1.0,0.0,0.35,3.75,50.0,13.333333333333334,0.72175,40.0,0.0024361759424209595,0.04970945417881012
P100_B00_L35_p0375_d50,d100,1.0,0.0,0.35,3.75,50.0,13.333333333333334,0.72175,0.0,0.0013695914531126618,0.04964382201433182
P100_B00_L35_p0375_d50,d100,1.0,0.0,0.35,3.75,50.0,13.333333333333334,0.72175,-20.0,0.0018286430276930332,0.04962079972028732
P100_B00_L35_p0375_d50,d100,1.0,0.0,0.35,3.75,50.0,13.333333333333334,0.72175,-40.0,0.0025116936303675175,0.04963017255067825
P100_B00_L35_p0375_d50,d100,1.0,0.0,0.35,3.75,50.0,13.333333333333334,0.72175,20.0,0.0017956318333745003,0.04962129518389702
P100_B00_L35_p0375_d50,d100,1.0,0.0,0.35,3.75,50.0,13.333333333333334,0.72175,40.0,0.0024842123966664076,0.04962491616606712
P100_B00_L35_p0550_d20,d00,1.0,0.0,0.35,5.5,20.0,3.6363636363636362,0.72175,0.0,0.006910098250955343,0.04989221319556236
P100_B00_L35_p0550_d20,d00,1.0,0.0,0.35,5.5,20.0,3.6363636363636362,0.72175,-20.0,0.009209170937538147,0.0498824417591095
P100_B00_L35_p0550_d20,d00,1.0,0.0,0.35,5.5,20.0,3.6363636363636362,0.72175,-40.0,0.011575323529541492,0.04999833554029465
P100_B00_L35_p0550_d20,d00,1.0,0.0,0.35,5.5,20.0,3.6363636363636362,0.72175,20.0,0.008972232230007648,0.04988256096839905
P100_B00_L35_p0550_d20,d00,1.0,0.0,0.35,5.5,20.0,3.6363636363636362,0.72175,40.0,0.011332585476338863,0.04999350383877754
P100_B00_L35_p0550_d20,d76,1.0,0.0,0.35,5.5,20.0,3.6363636363636362,0.72175,0.0,0.003991896286606789,0.04988706484436989
P100_B00_L35_p0550_d20,d76,1.0,0.0,0.35,5.5,20.0,3.6363636363636362,0.72175,-20.0,0.00434228265658021,0.04987775906920433
P100_B00_L35_p0550_d20,d76,1.0,0.0,0.35,5.5,20.0,3.6363636363636362,0.72175,-40.0,0.0051793609745800495,0.04989928379654884
P100_B00_L35_p0550_d20,d76,1.0,0.0,0.35,5.5,20.0,3.6363636363636362,0.72175,20.0,0.004305386450141668,0.04987838491797447
P100_B00_L35_p0550_d20,d76,1.0,0.0,0.35,5.5,20.0,3.6363636363636362,0.72175,40.0,0.005097443703562021,0.04989779368042946
P100_B00_L35_p0550_d20,d100,1.0,0.0,0.35,5.5,20.0,3.6363636363636362,0.72175,0.0,0.00400885846465826,0.04988601803779602
P100_B00_L35_p0550_d20,d100,1.0,0.0,0.35,5.5,20.0,3.6363636363636362,0.72175,-20.0,0.004098828416317701,0.049876682460308075
P100_B00_L35_p0550_d20,d100,1.0,0.0,0.35,5.5,20.0,3.6363636363636362,0.72175,-40.0,0.004431731067597866,0.049867719411849976
P100_B00_L35_p0550_d20,d100,1.0,0.0,0.35,5.5,20.0,3.6363636363636362,0.72175,20.0,0.004050152376294136,0.049876969307661057
P100_B00_L35_p0550_d20,d100,1.0,0.0,0.35,5.5,20.0,3.6363636363636362,0.72175,40.0,0.004359771031886339,0.04986818879842758
P100_B00_L35_p0550_d30,d00,1.0,0.0,0.35,5.5,30.0,5.454545454545454,0.72175,0.0,0.0029764347709715366,0.04982981085777283
P100_B00_L35_p0550_d30,d00,1.0,0.0,0.35,5.5,30.0,5.454545454545454,0.72175,-20.0,0.003955510910600424,0.04981853440403938
P100_B00_L35_p0550_d30,d00,1.0,0.0,0.35,5.5,30.0,5.454545454545454,0.72175,-40.0,0.004591797478497028,0.04999711364507675
P100_B00_L35_p0550_d30,d00,1.0,0.0,0.35,5.5,30.0,5.454545454545454,0.72175,20.0,0.0038648517802357674,0.049821220338344574
P100_B00_L35_p0550_d30,d00,1.0,0.0,0.35,5.5,30.0,5.454545454545454,0.72175,40.0,0.004393925424665213,0.04999316856265068
P100_B00_L35_p0550_d30,d76,1.0,0.0,0.35,5.5,30.0,5.454545454545454,0.72175,0.0,0.002748938975855708,0.04982448369264603
P100_B00_L35_p0550_d30,d76,1.0,0.0,0.35,5.5,30.0,5.454545454545454,0.72175,-20.0,0.003002085955813527,0.04981120675802231
P100_B00_L35_p0550_d30,d76,1.0,0.0,0.35,5.5,30.0,5.454545454545454,0.72175,-40.0,0.0035267507191747427,0.04984921216964722
P100_B00_L35_p0550_d30,d76,1.0,0.0,0.35,5.5,30.0,5.454545454545454,0.72175,20.0,0.002950863214209676,0.049813222140073776
P100_B00_L35_p0550_d30,d76,1.0,0.0,0.35,5.5,30.0,5.454545454545454,0.72175,40.0,0.003485027700662613,0.04984818398952484
P100_B00_L35_p0550_d30,d100,1.0,0.0,0.35,5.5,30.0,5.454545454545454,0.72175,0.0,0.002955135889351368,0.0498228557407856
P100_B00_L35_p0550_d30,d100,1.0,0.0,0.35,5.5,30.0,5.454545454545454,0.72175,-20.0,0.003124383045360446,0.049808163195848465
P100_B00_L35_p0550_d30,d100,1.0,0.0,0.35,5.5,30.0,5.454545454545454,0.72175,-40.0,0.003696157829836011,0.049803342670202255
P100_B00_L35_p0550_d30,d100,1.0,0.0,0.35,5.5,30.0,5.454545454545454,0.72175,20.0,0.003072665771469474,0.049810778349637985
P100_B00_L35_p0550_d30,d100,1.0,0.0,0.35,5.5,30.0,5.454545454545454,0.72175,40.0,0.0036742438096553087,0.04980422183871269
P100_B00_L35_p0550_d40,d00,1.0,0.0,0.35,5.5,40.0,7.2727272727272725,0.72175,0.0,0.0023752932902425528,0.049827709794044495
P100_B00_L35_p0550_d40,d00,1.0,0.0,0.35,5.5,40.0,7.2727272727272725,0.72175,-20.0,0.0025857945438474417,0.04981744661927223
P100_B00_L35_p0550_d40,d00,1.0,0.0,0.35,5.5,40.0,7.2727272727272725,0.72175,-40.0,0.003189211944118142,0.049992792308330536
P100_B00_L35_p0550_d40,d00,1.0,0.0,0.35,5.5,40.0,7.2727272727272725,0.72175,20.0,0.0024512866511940956,0.04981846362352371
P100_B00_L35_p0550_d40,d00,1.0,0.0,0.35,5.5,40.0,7.2727272727272725,0.72175,40.0,0.0030805610585957766,0.05000147596001625
P100_B00_L35_p0550_d40,d76,1.0,0.0,0.35,5.5,40.0,7.2727272727272725,0.72175,0.0,0.002212444320321083,0.0498211570084095
P100_B00_L35_p0550_d40,d76,1.0,0.0,0.35,5.5,40.0,7.2727272727272725,0.72175,-20.0,0.002419979078695178,0.04981008172035217
P100_B00_L35_p0550_d40,d76,1.0,0.0,0.35,5.5,40.0,7.2727272727272725,0.72175,-40.0,0.0029982125852257013,0.04984649643301964
P100_B00_L35_p0550_d40,d76,1.0,0.0,0.35,5.5,40.0,7.2727272727272725,0.72175,20.0,0.002336022909730673,0.04981086403131485
P100_B00_L35_p0550_d40,d76,1.0,0.0,0.35,5.5,40.0,7.2727272727272725,0.72175,40.0,0.002993157831951976,0.04984549060463905
P100_B00_L35_p0550_d40,d100,1.0,0.0,0.35,5.5,40.0,7.2727272727272725,0.72175,0.0,0.0023527517914772034,0.04981914907693863
P100_B00_L35_p0550_d40,d100,1.0,0.0,0.35,5.5,40.0,7.2727272727272725,0.72175,-20.0,0.0026100468821823597,0.04980766400694847
P100_B00_L35_p0550_d40,d100,1.0,0.0,0.35,5.5,40.0,7.2727272727272725,0.72175,-40.0,0.0032029941212385893,0.04980047047138214
P100_B00_L35_p0550_d40,d100,1.0,0.0,0.35,5.5,40.0,7.2727272727272725,0.72175,20.0,0.0025154470931738615,0.049808453768491745
P100_B00_L35_p0550_d40,d100,1.0,0.0,0.35,5.5,40.0,7.2727272727272725,0.72175,40.0,0.003216433571651578,0.04979671910405159
P100_B00_L35_p0550_d50,d00,1.0,0.0,0.35,5.5,50.0,9.090909090909092,0.72175,0.0,0.002181885065510869,0.04982709139585495
P100_B00_L35_p0550_d50,d00,1.0,0.0,0.35,5.5,50.0,9.090909090909092,0.72175,-20.0,0.00208257045596838,0.04982153698801994
P100_B00_L35_p0550_d50,d00,1.0,0.0,0.35,5.5,50.0,9.090909090909092,0.72175,-40.0,0.0027535692788660526,0.05000384896993637
P100_B00_L35_p0550_d50,d00,1.0,0.0,0.35,5.5,50.0,9.090909090909092,0.72175,20.0,0.002085873857140541,0.04982229694724083
P100_B00_L35_p0550_d50,d00,1.0,0.0,0.35,5.5,50.0,9.090909090909092,0.72175,40.0,0.0027768344152718782,0.04999883845448494
P100_B00_L35_p0550_d50,d76,1.0,0.0,0.35,5.5,50.0,9.090909090909092,0.72175,0.0,0.0018567898077890277,0.04982106760144234
P100_B00_L35_p0550_d50,d76,1.0,0.0,0.35,5.5,50.0,9.090909090909092,0.72175,-20.0,0.0020550547633320093,0.049813881516456604
P100_B00_L35_p0550_d50,d76,1.0,0.0,0.35,5.5,50.0,9.090909090909092,0.72175,-40.0,0.0027311956509947777,0.04984856769442558
P100_B00_L35_p0550_d50,d76,1.0,0.0,0.35,5.5,50.0,9.090909090909092,0.72175,20.0,0.0020461902022361755,0.04981407895684242
P100_B00_L35_p0550_d50,d76,1.0,0.0,0.35,5.5,50.0,9.090909090909092,0.72175,40.0,0.0026652037631720304,0.04984789714217186
P100_B00_L35_p0550_d50,d100,1.0,0.0,0.35,5.5,50.0,9.090909090909092,0.72175,0.0,0.0019234103383496404,0.049819424748420715
P100_B00_L35_p0550_d50,d100,1.0,0.0,0.35,5.5,50.0,9.090909090909092,0.72175,-20.0,0.0022369930520653725,0.04981180652976036
P100_B00_L35_p0550_d50,d100,1.0,0.0,0.35,5.5,50.0,9.090909090909092,0.72175,-40.0,0.0029256686102598906,0.04979895427823067
P100_B00_L35_p0550_d50,d100,1.0,0.0,0.35,5.5,50.0,9.090909090909092,0.72175,20.0,0.002203710377216339,0.049812186509370804
P100_B00_L35_p0550_d50,d100,1.0,0.0,0.35,5.5,50.0,9.090909090909092,0.72175,40.0,0.0028372667729854584,0.04980168119072914
P100_B00_L35_p0750_d20,d00,1.0,0.0,0.35,7.5,20.0,2.6666666666666665,0.72175,0.0,0.024427348747849464,0.04994813725352287
P100_B00_L35_p0750_d20,d00,1.0,0.0,0.35,7.5,20.0,2.6666666666666665,0.72175,-20.0,0.017799293622374535,0.049944762140512466
P100_B00_L35_p0750_d20,d00,1.0,0.0,0.35,7.5,20.0,2.6666666666666665,0.72175,-40.0,0.02071693167090416,0.04999978467822075
P100_B00_L35_p0750_d20,d00,1.0,0.0,0.35,7.5,20.0,2.6666666666666665,0.72175,20.0,0.01788046583533287,0.049945227801799774
P100_B00_L35_p0750_d20,d00,1.0,0.0,0.35,7.5,20.0,2.6666666666666665,0.72175,40.0,0.02115544304251671,0.049998655915260315
P100_B00_L35_p0750_d20,d76,1.0,0.0,0.35,7.5,20.0,2.6666666666666665,0.72175,0.0,0.007005706429481506,0.04994647204875946
P100_B00_L35_p0750_d20,d76,1.0,0.0,0.35,7.5,20.0,2.6666666666666665,0.72175,-20.0,0.006460173055529594,0.04994237795472145
P100_B00_L35_p0750_d20,d76,1.0,0.0,0.35,7.5,20.0,2.6666666666666665,0.72175,-40.0,0.007588373497128487,0.049957387149333954
P100_B00_L35_p0750_d20,d76,1.0,0.0,0.35,7.5,20.0,2.6666666666666665,0.72175,20.0,0.006484730169177055,0.049942497164011
P100_B00_L35_p0750_d20,d76,1.0,0.0,0.35,7.5,20.0,2.6666666666666665,0.72175,40.0,0.007609214633703232,0.049958422780036926
P100_B00_L35_p0750_d20,d100,1.0,0.0,0.35,7.5,20.0,2.6666666666666665,0.72175,0.0,0.005076155997812748,0.049945998936891556
P100_B00_L35_p0750_d20,d100,1.0,0.0,0.35,7.5,20.0,2.6666666666666665,0.72175,-20.0,0.005180563777685165,0.04994172230362892
P100_B00_L35_p0750_d20,d100,1.0,0.0,0.35,7.5,20.0,2.6666666666666665,0.72175,-40.0,0.005284598562866449,0.04994293302297592
P100_B00_L35_p0750_d20,d100,1.0,0.0,0.35,7.5,20.0,2.6666666666666665,0.72175,20.0,0.005168191157281399,0.049941807985305786
P100_B00_L35_p0750_d20,d100,1.0,0.0,0.35,7.5,20.0,2.6666666666666665,0.72175,40.0,0.005202193278819323,0.04994485154747963
P100_B00_L35_p0750_d30,d00,1.0,0.0,0.35,7.5,30.0,4.0,0.72175,0.0,0.005493474192917347,0.049906641244888306
P100_B00_L35_p0750_d30,d00,1.0,0.0,0.35,7.5,30.0,4.0,0.72175,-20.0,0.008261071518063545,0.049890611320734024
P100_B00_L35_p0750_d30,d00,1.0,0.0,0.35,7.5,30.0,4.0,0.72175,-40.0,0.009063915349543095,0.04999559372663498
P100_B00_L35_p0750_d30,d00,1.0,0.0,0.35,7.5,30.0,4.0,0.72175,20.0,0.00876846443861723,0.049888692796230316
P100_B00_L35_p0750_d30,d00,1.0,0.0,0.35,7.5,30.0,4.0,0.72175,40.0,0.009348895400762558,0.04999806731939316
P100_B00_L35_p0750_d30,d76,1.0,0.0,0.35,7.5,30.0,4.0,0.72175,0.0,0.0036448363680392504,0.04990318417549133
P100_B00_L35_p0750_d30,d76,1.0,0.0,0.35,7.5,30.0,4.0,0.72175,-20.0,0.004082259256392717,0.04988578334450722
P100_B00_L35_p0750_d30,d76,1.0,0.0,0.35,7.5,30.0,4.0,0.72175,-40.0,0.004578718915581703,0.049915965646505356
P100_B00_L35_p0750_d30,d76,1.0,0.0,0.35,7.5,30.0,4.0,0.72175,20.0,0.00427581463009119,0.04988338053226471
P100_B00_L35_p0750_d30,d76,1.0,0.0,0.35,7.5,30.0,4.0,0.72175,40.0,0.004712949972599745,0.049918100237846375
P100_B00_L35_p0750_d30,d100,1.0,0.0,0.35,7.5,30.0,4.0,0.72175,0.0,0.003793422831222415,0.04990241676568985
P100_B00_L35_p0750_d30,d100,1.0,0.0,0.35,7.5,30.0,4.0,0.72175,-20.0,0.0038718930445611477,0.049884259700775146
P100_B00_L35_p0750_d30,d100,1.0,0.0,0.35,7.5,30.0,4.0,0.72175,-40.0,0.004262889735400677,0.04989061877131462
P100_B00_L35_p0750_d30,d100,1.0,0.0,0.35,7.5,30.0,4.0,0.72175,20.0,0.004054192919284105,0.04988206923007965
P100_B00_L35_p0750_d30,d100,1.0,0.0,0.35,7.5,30.0,4.0,0.72175,40.0,0.004348646849393845,0.04989166557788849
P100_B00_L35_p0750_d40,d00,1.0,0.0,0.35,7.5,40.0,5.333333333333333,0.72175,0.0,0.002855210332199931,0.04990154504776001
P100_B00_L35_p0750_d40,d00,1.0,0.0,0.35,7.5,40.0,5.333333333333333,0.72175,-20.0,0.0040338849648833275,0.04989700764417648
P100_B00_L35_p0750_d40,d00,1.0,0.0,0.35,7.5,40.0,5.333333333333333,0.72175,-40.0,0.004351618234068155,0.05000048130750656
P100_B00_L35_p0750_d40,d00,1.0,0.0,0.35,7.5,40.0,5.333333333333333,0.72175,20.0,0.0038898976054042578,0.04989225044846535
P100_B00_L35_p0750_d40,d00,1.0,0.0,0.35,7.5,40.0,5.333333333333333,0.72175,40.0,0.004288393538445234,0.049999743700027466
P100_B00_L35_p0750_d40,d76,1.0,0.0,0.35,7.5,40.0,5.333333333333333,0.72175,0.0,0.002637360244989395,0.04989789053797722
P100_B00_L35_p0750_d40,d76,1.0,0.0,0.35,7.5,40.0,5.333333333333333,0.72175,-20.0,0.0029849144630134106,0.04989280924201012
P100_B00_L35_p0750_d40,d76,1.0,0.0,0.35,7.5,40.0,5.333333333333333,0.72175,-40.0,0.0034546577371656895,0.04991207271814346
P100_B00_L35_p0750_d40,d76,1.0,0.0,0.35,7.5,40.0,5.333333333333333,0.72175,20.0,0.0028936322778463364,0.049887269735336304
P100_B00_L35_p0750_d40,d76,1.0,0.0,0.35,7.5,40.0,5.333333333333333,0.72175,40.0,0.0033985148184001446,0.04991469532251358
P100_B00_L35_p0750_d40,d100,1.0,0.0,0.35,7.5,40.0,5.333333333333333,0.72175,0.0,0.0028353137895464897,0.04989692196249962
P100_B00_L35_p0750_d40,d100,1.0,0.0,0.35,7.5,40.0,5.333333333333333,0.72175,-20.0,0.003081871662288904,0.04989089444279671
P100_B00_L35_p0750_d40,d100,1.0,0.0,0.35,7.5,40.0,5.333333333333333,0.72175,-40.0,0.0036545770708471537,0.04988447576761246
P100_B00_L35_p0750_d40,d100,1.0,0.0,0.35,7.5,40.0,5.333333333333333,0.72175,20.0,0.0030118341092020273,0.049885716289281845
P100_B00_L35_p0750_d40,d100,1.0,0.0,0.35,7.5,40.0,5.333333333333333,0.72175,40.0,0.0035730698145926,0.04988853633403778
P100_B00_L35_p0750_d50,d00,1.0,0.0,0.35,7.5,50.0,6.666666666666667,0.72175,0.0,0.002533654449507594,0.04989480972290039
P100_B00_L35_p0750_d50,d00,1.0,0.0,0.35,7.5,50.0,6.666666666666667,0.72175,-20.0,0.0028106330428272486,0.04987934231758118
P100_B00_L35_p0750_d50,d00,1.0,0.0,0.35,7.5,50.0,6.666666666666667,0.72175,-40.0,0.003582502482458949,0.05000204220414162
P100_B00_L35_p0750_d50,d00,1.0,0.0,0.35,7.5,50.0,6.666666666666667,0.72175,20.0,0.0027817832306027412,0.049880944192409515
P100_B00_L35_p0750_d50,d00,1.0,0.0,0.35,7.5,50.0,6.666666666666667,0.72175,40.0,0.0034906845539808273,0.050001613795757294
P100_B00_L35_p0750_d50,d76,1.0,0.0,0.35,7.5,50.0,6.666666666666667,0.72175,0.0,0.002364802174270153,0.049891360104084015
P100_B00_L35_p0750_d50,d76,1.0,0.0,0.35,7.5,50.0,6.666666666666667,0.72175,-20.0,0.0025284644216299057,0.04987309128046036
P100_B00_L35_p0750_d50,d76,1.0,0.0,0.35,7.5,50.0,6.666666666666667,0.72175,-40.0,0.003190860850736499,0.0499095618724823
P100_B00_L35_p0750_d50,d76,1.0,0.0,0.35,7.5,50.0,6.666666666666667,0.72175,20.0,0.0024985922500491142,0.04987578094005585
P100_B00_L35_p0750_d50,d76,1.0,0.0,0.35,7.5,50.0,6.666666666666667,0.72175,40.0,0.0031348031479865313,0.049907613545656204
P100_B00_L35_p0750_d50,d100,1.0,0.0,0.35,7.5,50.0,6.666666666666667,0.72175,0.0,0.002542891539633274,0.049890272319316864
P100_B00_L35_p0750_d50,d100,1.0,0.0,0.35,7.5,50.0,6.666666666666667,0.72175,-20.0,0.002730200532823801,0.04987158626317978
P100_B00_L35_p0750_d50,d100,1.0,0.0,0.35,7.5,50.0,6.666666666666667,0.72175,-40.0,0.0034003888722509146,0.04987958446145058
P100_B00_L35_p0750_d50,d100,1.0,0.0,0.35,7.5,50.0,6.666666666666667,0.72175,20.0,0.002675588009878993,0.04987448826432228
P100_B00_L35_p0750_d50,d100,1.0,0.0,0.35,7.5,50.0,6.666666666666667,0.72175,40.0,0.003360769944265485,0.049878496676683426
P100_B00_L35_p1100_d20,d00,1.0,0.0,0.35,11.0,20.0,1.8181818181818181,0.72175,0.0,0.051863860338926315,0.04996778443455696
P100_B00_L35_p1100_d20,d00,1.0,0.0,0.35,11.0,20.0,1.8181818181818181,0.72175,-20.0,0.038098979741334915,0.049959346652030945
P100_B00_L35_p1100_d20,d00,1.0,0.0,0.35,11.0,20.0,1.8181818181818181,0.72175,-40.0,0.039322514086961746,0.049999866634607315
P100_B00_L35_p1100_d20,d00,1.0,0.0,0.35,11.0,20.0,1.8181818181818181,0.72175,20.0,0.0367986261844635,0.04996015876531601
P100_B00_L35_p1100_d20,d00,1.0,0.0,0.35,11.0,20.0,1.8181818181818181,0.72175,40.0,0.03700478747487068,0.05000106617808342
P100_B00_L35_p1100_d20,d76,1.0,0.0,0.35,11.0,20.0,1.8181818181818181,0.72175,0.0,0.014149587601423264,0.049966584891080856
P100_B00_L35_p1100_d20,d76,1.0,0.0,0.35,11.0,20.0,1.8181818181818181,0.72175,-20.0,0.011643309146165848,0.049957796931266785
P100_B00_L35_p1100_d20,d76,1.0,0.0,0.35,11.0,20.0,1.8181818181818181,0.72175,-40.0,0.012477831915020943,0.04997014254331589
P100_B00_L35_p1100_d20,d76,1.0,0.0,0.35,11.0,20.0,1.8181818181818181,0.72175,20.0,0.011238266713917255,0.04995858296751976
P100_B00_L35_p1100_d20,d76,1.0,0.0,0.35,11.0,20.0,1.8181818181818181,0.72175,40.0,0.012095359154045582,0.04996955767273903
P100_B00_L35_p1100_d20,d100,1.0,0.0,0.35,11.0,20.0,1.8181818181818181,0.72175,0.0,0.006142478436231613,0.049966100603342056
P100_B00_L35_p1100_d20,d100,1.0,0.0,0.35,11.0,20.0,1.8181818181818181,0.72175,-20.0,0.0061701154336333275,0.04995717853307724
P100_B00_L35_p1100_d20,d100,1.0,0.0,0.35,11.0,20.0,1.8181818181818181,0.72175,-40.0,0.006035106256604195,0.049961090087890625
P100_B00_L35_p1100_d20,d100,1.0,0.0,0.35,11.0,20.0,1.8181818181818181,0.72175,20.0,0.0061374143697321415,0.04995787888765335
P100_B00_L35_p1100_d20,d100,1.0,0.0,0.35,11.0,20.0,1.8181818181818181,0.72175,40.0,0.006039530038833618,0.04995974153280258
P100_B00_L35_p1100_d30,d00,1.0,0.0,0.35,11.0,30.0,2.727272727272727,0.72175,0.0,0.023801051080226898,0.04993664100766182
P100_B00_L35_p1100_d30,d00,1.0,0.0,0.35,11.0,30.0,2.727272727272727,0.72175,-20.0,0.017975961789488792,0.049933698028326035
P100_B00_L35_p1100_d30,d00,1.0,0.0,0.35,11.0,30.0,2.727272727272727,0.72175,-40.0,0.020525086671113968,0.049999773502349854
P100_B00_L35_p1100_d30,d00,1.0,0.0,0.35,11.0,30.0,2.727272727272727,0.72175,20.0,0.016069721430540085,0.049933284521102905
P100_B00_L35_p1100_d30,d00,1.0,0.0,0.35,11.0,30.0,2.727272727272727,0.72175,40.0,0.017635947093367577,0.050001680850982666
P100_B00_L35_p1100_d30,d76,1.0,0.0,0.35,11.0,30.0,2.727272727272727,0.72175,0.0,0.006965021137148142,0.04993462190032005
P100_B00_L35_p1100_d30,d76,1.0,0.0,0.35,11.0,30.0,2.727272727272727,0.72175,-20.0,0.006570511031895876,0.04993067681789398
P100_B00_L35_p1100_d30,d76,1.0,0.0,0.35,11.0,30.0,2.727272727272727,0.72175,-40.0,0.0075741978362202644,0.049946319311857224
P100_B00_L35_p1100_d30,d76,1.0,0.0,0.35,11.0,30.0,2.727272727272727,0.72175,20.0,0.006002491340041161,0.04993034154176712
P100_B00_L35_p1100_d30,d76,1.0,0.0,0.35,11.0,30.0,2.727272727272727,0.72175,40.0,0.006844957359135151,0.04995008930563927
P100_B00_L35_p1100_d30,d100,1.0,0.0,0.35,11.0,30.0,2.727272727272727,0.72175,0.0,0.005076432600617409,0.04993365705013275
P100_B00_L35_p1100_d30,d100,1.0,0.0,0.35,11.0,30.0,2.727272727272727,0.72175,-20.0,0.00524520967155695,0.049929749220609665
P100_B00_L35_p1100_d30,d100,1.0,0.0,0.35,11.0,30.0,2.727272727272727,0.72175,-40.0,0.005300958640873432,0.0499291867017746
P100_B00_L35_p1100_d30,d100,1.0,0.0,0.35,11.0,30.0,2.727272727272727,0.72175,20.0,0.004876734223216772,0.04992949962615967
P100_B00_L35_p1100_d30,d100,1.0,0.0,0.35,11.0,30.0,2.727272727272727,0.72175,40.0,0.0050659687258303165,0.049933504313230515
P100_B00_L35_p1100_d40,d00,1.0,0.0,0.35,11.0,40.0,3.6363636363636362,0.72175,0.0,0.00898952316492796,0.049943707883358
P100_B00_L35_p1100_d40,d00,1.0,0.0,0.35,11.0,40.0,3.6363636363636362,0.72175,-20.0,0.010889071971178055,0.04993880167603493
P100_B00_L35_p1100_d40,d00,1.0,0.0,0.35,11.0,40.0,3.6363636363636362,0.72175,-40.0,0.014716515317559242,0.04999558627605438
P100_B00_L35_p1100_d40,d00,1.0,0.0,0.35,11.0,40.0,3.6363636363636362,0.72175,20.0,0.011075560934841633,0.04993675649166107
P100_B00_L35_p1100_d40,d00,1.0,0.0,0.35,11.0,40.0,3.6363636363636362,0.72175,40.0,0.014125642366707325,0.049998585134744644
P100_B00_L35_p1100_d40,d76,1.0,0.0,0.35,11.0,40.0,3.6363636363636362,0.72175,0.0,0.004584178794175386,0.049941834062337875
P100_B00_L35_p1100_d40,d76,1.0,0.0,0.35,11.0,40.0,3.6363636363636362,0.72175,-20.0,0.004843047820031643,0.04993581399321556
P100_B00_L35_p1100_d40,d76,1.0,0.0,0.35,11.0,40.0,3.6363636363636362,0.72175,-40.0,0.0059556481428444386,0.04994693025946617
P100_B00_L35_p1100_d40,d76,1.0,0.0,0.35,11.0,40.0,3.6363636363636362,0.72175,20.0,0.004890955053269863,0.049934022128582
P100_B00_L35_p1100_d40,d76,1.0,0.0,0.35,11.0,40.0,3.6363636363636362,0.72175,40.0,0.00581559631973505,0.04994819685816765
P100_B00_L35_p1100_d40,d100,1.0,0.0,0.35,11.0,40.0,3.6363636363636362,0.72175,0.0,0.0044978647492825985,0.049941182136535645
P100_B00_L35_p1100_d40,d100,1.0,0.0,0.35,11.0,40.0,3.6363636363636362,0.72175,-20.0,0.004454400390386581,0.049935221672058105
P100_B00_L35_p1100_d40,d100,1.0,0.0,0.35,11.0,40.0,3.6363636363636362,0.72175,-40.0,0.004873939324170351,0.04993215575814247
P100_B00_L35_p1100_d40,d100,1.0,0.0,0.35,11.0,40.0,3.6363636363636362,0.72175,20.0,0.004472728818655014,0.04993343725800514
P100_B00_L35_p1100_d40,d100,1.0,0.0,0.35,11.0,40.0,3.6363636363636362,0.72175,40.0,0.00473821023479104,0.04993293061852455
P100_B00_L35_p1100_d50,d00,1.0,0.0,0.35,11.0,50.0,4.545454545454546,0.72175,0.0,0.004120538476854563,0.04994665086269379
P100_B00_L35_p1100_d50,d00,1.0,0.0,0.35,11.0,50.0,4.545454545454546,0.72175,-20.0,0.006030790042132139,0.04993659630417824
P100_B00_L35_p1100_d50,d00,1.0,0.0,0.35,11.0,50.0,4.545454545454546,0.72175,-40.0,0.006165310274809599,0.04999834671616554
P100_B00_L35_p1100_d50,d00,1.0,0.0,0.35,11.0,50.0,4.545454545454546,0.72175,20.0,0.006158803589642048,0.04994110018014908
P100_B00_L35_p1100_d50,d00,1.0,0.0,0.35,11.0,50.0,4.545454545454546,0.72175,40.0,0.0062059927731752396,0.05000020191073418
P100_B00_L35_p1100_d50,d76,1.0,0.0,0.35,11.0,50.0,4.545454545454546,0.72175,0.0,0.003322022268548608,0.04994484782218933
P100_B00_L35_p1100_d50,d76,1.0,0.0,0.35,11.0,50.0,4.545454545454546,0.72175,-20.0,0.003540114499628544,0.049933865666389465
P100_B00_L35_p1100_d50,d76,1.0,0.0,0.35,11.0,50.0,4.545454545454546,0.72175,-40.0,0.004032337572425604,0.04995258152484894
P100_B00_L35_p1100_d50,d76,1.0,0.0,0.35,11.0,50.0,4.545454545454546,0.72175,20.0,0.0035310997627675533,0.04993894696235657
P100_B00_L35_p1100_d50,d76,1.0,0.0,0.35,11.0,50.0,4.545454545454546,0.72175,40.0,0.004013597499579191,0.049953870475292206
P100_B00_L35_p1100_d50,d100,1.0,0.0,0.35,11.0,50.0,4.545454545454546,0.72175,0.0,0.0035663421731442213,0.049944281578063965
P100_B00_L35_p1100_d50,d100,1.0,0.0,0.35,11.0,50.0,4.545454545454546,0.72175,-20.0,0.003499020589515567,0.0499328151345253
P100_B00_L35_p1100_d50,d100,1.0,0.0,0.35,11.0,50.0,4.545454545454546,0.72175,-40.0,0.004070054739713669,0.049938447773456573
P100_B00_L35_p1100_d50,d100,1.0,0.0,0.35,11.0,50.0,4.545454545454546,0.72175,20.0,0.0034960689954459667,0.049938324838876724
P100_B00_L35_p1100_d50,d100,1.0,0.0,0.35,11.0,50.0,4.545454545454546,0.72175,40.0,0.004061947111040354,0.04993829131126404
P100_B35_L00_p0375_d20,d00,1.0,0.35,0.0,3.75,20.0,5.333333333333333,0.57875,0.0,0.0024994583800435066,0.0498015321791172
P100_B35_L00_p0375_d20,d00,1.0,0.35,0.0,3.75,20.0,5.333333333333333,0.57875,-20.0,0.002379719167947769,0.04979252070188522
P100_B35_L00_p0375_d20,d00,1.0,0.35,0.0,3.75,20.0,5.333333333333333,0.57875,-40.0,0.003086700104176998,0.050001248717308044
P100_B35_L00_p0375_d20,d00,1.0,0.35,0.0,3.75,20.0,5.333333333333333,0.57875,20.0,0.00237609283067286,0.04979560896754265
P100_B35_L00_p0375_d20,d00,1.0,0.35,0.0,3.75,20.0,5.333333333333333,0.57875,40.0,0.0031915768049657345,0.05000420659780502
P100_B35_L00_p0375_d20,d76,1.0,0.35,0.0,3.75,20.0,5.333333333333333,0.57875,0.0,0.00212497147731483,0.04979345574975014
P100_B35_L00_p0375_d20,d76,1.0,0.35,0.0,3.75,20.0,5.333333333333333,0.57875,-20.0,0.002269871300086379,0.04978325590491295
P100_B35_L00_p0375_d20,d76,1.0,0.35,0.0,3.75,20.0,5.333333333333333,0.57875,-40.0,0.002970739034935832,0.04983866959810257
P100_B35_L00_p0375_d20,d76,1.0,0.35,0.0,3.75,20.0,5.333333333333333,0.57875,20.0,0.0022589147556573153,0.04978609085083008
P100_B35_L00_p0375_d20,d76,1.0,0.35,0.0,3.75,20.0,5.333333333333333,0.57875,40.0,0.002983926562592387,0.04983598738908768
P100_B35_L00_p0375_d20,d100,1.0,0.35,0.0,3.75,20.0,5.333333333333333,0.57875,0.0,0.002205989323556423,0.04979128763079643
P100_B35_L00_p0375_d20,d100,1.0,0.35,0.0,3.75,20.0,5.333333333333333,0.57875,-20.0,0.002443163190037012,0.049780089408159256
P100_B35_L00_p0375_d20,d100,1.0,0.35,0.0,3.75,20.0,5.333333333333333,0.57875,-40.0,0.0031228698790073395,0.04978719726204872
P100_B35_L00_p0375_d20,d100,1.0,0.35,0.0,3.75,20.0,5.333333333333333,0.57875,20.0,0.0024446749594062567,0.04978277161717415
P100_B35_L00_p0375_d20,d100,1.0,0.35,0.0,3.75,20.0,5.333333333333333,0.57875,40.0,0.0031191702000796795,0.049782514572143555
P100_B35_L00_p0375_d30,d00,1.0,0.35,0.0,3.75,30.0,8.0,0.57875,0.0,0.002216447377577424,0.04968085139989853
P100_B35_L00_p0375_d30,d00,1.0,0.35,0.0,3.75,30.0,8.0,0.57875,-20.0,0.001814450602978468,0.04965415969491005
P100_B35_L00_p0375_d30,d00,1.0,0.35,0.0,3.75,30.0,8.0,0.57875,-40.0,0.0029258911963552237,0.05000783130526543
P100_B35_L00_p0375_d30,d00,1.0,0.35,0.0,3.75,30.0,8.0,0.57875,20.0,0.0018475903198122978,0.04965602234005928
P100_B35_L00_p0375_d30,d00,1.0,0.35,0.0,3.75,30.0,8.0,0.57875,40.0,0.002905090805143118,0.05001060292124748
P100_B35_L00_p0375_d30,d76,1.0,0.35,0.0,3.75,30.0,8.0,0.57875,0.0,0.0015998694580048323,0.04966961592435837
P100_B35_L00_p0375_d30,d76,1.0,0.35,0.0,3.75,30.0,8.0,0.57875,-20.0,0.0017930957255885005,0.049640193581581116
P100_B35_L00_p0375_d30,d76,1.0,0.35,0.0,3.75,30.0,8.0,0.57875,-40.0,0.002604859648272395,0.049721941351890564
P100_B35_L00_p0375_d30,d76,1.0,0.35,0.0,3.75,30.0,8.0,0.57875,20.0,0.001827541273087263,0.049641359597444534
P100_B35_L00_p0375_d30,d76,1.0,0.35,0.0,3.75,30.0,8.0,0.57875,40.0,0.0026414399035274982,0.04973132535815239
P100_B35_L00_p0375_d30,d100,1.0,0.35,0.0,3.75,30.0,8.0,0.57875,0.0,0.0015646310057491064,0.04966631159186363
P100_B35_L00_p0375_d30,d100,1.0,0.35,0.0,3.75,30.0,8.0,0.57875,-20.0,0.001959671964868903,0.049636002629995346
P100_B35_L00_p0375_d30,d100,1.0,0.35,0.0,3.75,30.0,8.0,0.57875,-40.0,0.002702707191929221,0.049633290618658066
P100_B35_L00_p0375_d30,d100,1.0,0.35,0.0,3.75,30.0,8.0,0.57875,20.0,0.0019872330594807863,0.04963661730289459
P100_B35_L00_p0375_d30,d100,1.0,0.35,0.0,3.75,30.0,8.0,0.57875,40.0,0.002721925964578986,0.049640536308288574
P100_B35_L00_p0375_d40,d00,1.0,0.35,0.0,3.75,40.0,10.666666666666666,0.57875,0.0,0.0020138800609856844,0.04968637228012085
P100_B35_L00_p0375_d40,d00,1.0,0.35,0.0,3.75,40.0,10.666666666666666,0.57875,-20.0,0.0016448278911411762,0.04966241866350174
P100_B35_L00_p0375_d40,d00,1.0,0.35,0.0,3.75,40.0,10.666666666666666,0.57875,-40.0,0.0028472912963479757,0.05000154674053192
P100_B35_L00_p0375_d40,d00,1.0,0.35,0.0,3.75,40.0,10.666666666666666,0.57875,20.0,0.0015743777621537447,0.049661677330732346
P100_B35_L00_p0375_d40,d00,1.0,0.35,0.0,3.75,40.0,10.666666666666666,0.57875,40.0,0.002791954204440117,0.050000227987766266
P100_B35_L00_p0375_d40,d76,1.0,0.35,0.0,3.75,40.0,10.666666666666666,0.57875,0.0,0.0013264348963275552,0.04967445507645607
P100_B35_L00_p0375_d40,d76,1.0,0.35,0.0,3.75,40.0,10.666666666666666,0.57875,-20.0,0.0016039899783208966,0.04964786395430565
P100_B35_L00_p0375_d40,d76,1.0,0.35,0.0,3.75,40.0,10.666666666666666,0.57875,-40.0,0.0023807755205780268,0.04973229020833969
P100_B35_L00_p0375_d40,d76,1.0,0.35,0.0,3.75,40.0,10.666666666666666,0.57875,20.0,0.0015781145775690675,0.04964584857225418
P100_B35_L00_p0375_d40,d76,1.0,0.35,0.0,3.75,40.0,10.666666666666666,0.57875,40.0,0.0023743456695228815,0.04973403736948967
P100_B35_L00_p0375_d40,d100,1.0,0.35,0.0,3.75,40.0,10.666666666666666,0.57875,0.0,0.0012246278347447515,0.04967156797647476
P100_B35_L00_p0375_d40,d100,1.0,0.35,0.0,3.75,40.0,10.666666666666666,0.57875,-20.0,0.0017248523654416203,0.049643080681562424
P100_B35_L00_p0375_d40,d100,1.0,0.35,0.0,3.75,40.0,10.666666666666666,0.57875,-40.0,0.0024526098277419806,0.04964702948927879
P100_B35_L00_p0375_d40,d100,1.0,0.35,0.0,3.75,40.0,10.666666666666666,0.57875,20.0,0.0017298916354775429,0.04964100942015648
P100_B35_L00_p0375_d40,d100,1.0,0.35,0.0,3.75,40.0,10.666666666666666,0.57875,40.0,0.0024333351757377386,0.04964979365468025
P100_B35_L00_p0375_d50,d00,1.0,0.35,0.0,3.75,50.0,13.333333333333334,0.57875,0.0,0.001958676381036639,0.049684204161167145
P100_B35_L00_p0375_d50,d00,1.0,0.35,0.0,3.75,50.0,13.333333333333334,0.57875,-20.0,0.0015706985723227262,0.04965963959693909
P100_B35_L00_p0375_d50,d00,1.0,0.35,0.0,3.75,50.0,13.333333333333334,0.57875,-40.0,0.002658139681443572,0.04999407008290291
P100_B35_L00_p0375_d50,d00,1.0,0.35,0.0,3.75,50.0,13.333333333333334,0.57875,20.0,0.0014811403816565871,0.04965685307979584
P100_B35_L00_p0375_d50,d00,1.0,0.35,0.0,3.75,50.0,13.333333333333334,0.57875,40.0,0.0026371104177087545,0.05000501871109009
P100_B35_L00_p0375_d50,d76,1.0,0.35,0.0,3.75,50.0,13.333333333333334,0.57875,0.0,0.0011914598289877176,0.04967328533530235
P100_B35_L00_p0375_d50,d76,1.0,0.35,0.0,3.75,50.0,13.333333333333334,0.57875,-20.0,0.001501197344623506,0.04964529722929001
P100_B35_L00_p0375_d50,d76,1.0,0.35,0.0,3.75,50.0,13.333333333333334,0.57875,-40.0,0.002286190167069435,0.04971949756145477
P100_B35_L00_p0375_d50,d76,1.0,0.35,0.0,3.75,50.0,13.333333333333334,0.57875,20.0,0.0014778259210288525,0.04964281991124153
P100_B35_L00_p0375_d50,d76,1.0,0.35,0.0,3.75,50.0,13.333333333333334,0.57875,40.0,0.002281060442328453,0.049724262207746506
P100_B35_L00_p0375_d50,d100,1.0,0.35,0.0,3.75,50.0,13.333333333333334,0.57875,0.0,0.0010471722343936563,0.049670323729515076
P100_B35_L00_p0375_d50,d100,1.0,0.35,0.0,3.75,50.0,13.333333333333334,0.57875,-20.0,0.0016151951858773828,0.049640920013189316
P100_B35_L00_p0375_d50,d100,1.0,0.35,0.0,3.75,50.0,13.333333333333334,0.57875,-40.0,0.002351111499592662,0.04963688552379608
P100_B35_L00_p0375_d50,d100,1.0,0.35,0.0,3.75,50.0,13.333333333333334,0.57875,20.0,0.0015942106256261468,0.04963769391179085
P100_B35_L00_p0375_d50,d100,1.0,0.35,0.0,3.75,50.0,13.333333333333334,0.57875,40.0,0.0023151265922933817,0.049638960510492325
P100_B35_L00_p0550_d20,d00,1.0,0.35,0.0,5.5,20.0,3.6363636363636362,0.57875,0.0,0.0030487689655274153,0.049905359745025635
P100_B35_L00_p0550_d20,d00,1.0,0.35,0.0,5.5,20.0,3.6363636363636362,0.57875,-20.0,0.0034846493508666754,0.04990342631936073
P100_B35_L00_p0550_d20,d00,1.0,0.35,0.0,5.5,20.0,3.6363636363636362,0.57875,-40.0,0.00414550956338644,0.05000029131770134
P100_B35_L00_p0550_d20,d00,1.0,0.35,0.0,5.5,20.0,3.6363636363636362,0.57875,20.0,0.0035262193996459246,0.04990450292825699
P100_B35_L00_p0550_d20,d00,1.0,0.35,0.0,5.5,20.0,3.6363636363636362,0.57875,40.0,0.004132546950131655,0.049999337643384933
P100_B35_L00_p0550_d20,d76,1.0,0.35,0.0,5.5,20.0,3.6363636363636362,0.57875,0.0,0.0027568235527724028,0.04990111291408539
P100_B35_L00_p0550_d20,d76,1.0,0.35,0.0,5.5,20.0,3.6363636363636362,0.57875,-20.0,0.0028580203652381897,0.049899470061063766
P100_B35_L00_p0550_d20,d76,1.0,0.35,0.0,5.5,20.0,3.6363636363636362,0.57875,-40.0,0.0034836691338568926,0.04991898313164711
P100_B35_L00_p0550_d20,d76,1.0,0.35,0.0,5.5,20.0,3.6363636363636362,0.57875,20.0,0.0029051851015537977,0.049900542944669724
P100_B35_L00_p0550_d20,d76,1.0,0.35,0.0,5.5,20.0,3.6363636363636362,0.57875,40.0,0.003452697768807411,0.049914177507162094
P100_B35_L00_p0550_d20,d100,1.0,0.35,0.0,5.5,20.0,3.6363636363636362,0.57875,0.0,0.0029175630770623684,0.04989994689822197
P100_B35_L00_p0550_d20,d100,1.0,0.35,0.0,5.5,20.0,3.6363636363636362,0.57875,-20.0,0.0030062163714319468,0.04989839717745781
P100_B35_L00_p0550_d20,d100,1.0,0.35,0.0,5.5,20.0,3.6363636363636362,0.57875,-40.0,0.0036502238363027573,0.04989270493388176
P100_B35_L00_p0550_d20,d100,1.0,0.35,0.0,5.5,20.0,3.6363636363636362,0.57875,20.0,0.0029774208087474108,0.04989934340119362
P100_B35_L00_p0550_d20,d100,1.0,0.35,0.0,5.5,20.0,3.6363636363636362,0.57875,40.0,0.003600140567868948,0.04988744482398033
P100_B35_L00_p0550_d30,d00,1.0,0.35,0.0,5.5,30.0,5.454545454545454,0.57875,0.0,0.0024398339446634054,0.04985285922884941
P100_B35_L00_p0550_d30,d00,1.0,0.35,0.0,5.5,30.0,5.454545454545454,0.57875,-20.0,0.0023240428417921066,0.04984871298074722
P100_B35_L00_p0550_d30,d00,1.0,0.35,0.0,5.5,30.0,5.454545454545454,0.57875,-40.0,0.0028673873748630285,0.049994803965091705
P100_B35_L00_p0550_d30,d00,1.0,0.35,0.0,5.5,30.0,5.454545454545454,0.57875,20.0,0.002258622320368886,0.049849674105644226
P100_B35_L00_p0550_d30,d00,1.0,0.35,0.0,5.5,30.0,5.454545454545454,0.57875,40.0,0.0028465562500059605,0.04999757930636406
P100_B35_L00_p0550_d30,d76,1.0,0.35,0.0,5.5,30.0,5.454545454545454,0.57875,0.0,0.002039690501987934,0.04984733462333679
P100_B35_L00_p0550_d30,d76,1.0,0.35,0.0,5.5,30.0,5.454545454545454,0.57875,-20.0,0.0022190622985363007,0.04984299838542938
P100_B35_L00_p0550_d30,d76,1.0,0.35,0.0,5.5,30.0,5.454545454545454,0.57875,-40.0,0.0028990923892706633,0.04986856132745743
P100_B35_L00_p0550_d30,d76,1.0,0.35,0.0,5.5,30.0,5.454545454545454,0.57875,20.0,0.002156862523406744,0.04984353482723236
P100_B35_L00_p0550_d30,d76,1.0,0.35,0.0,5.5,30.0,5.454545454545454,0.57875,40.0,0.0028538794722408056,0.049870651215314865
P100_B35_L00_p0550_d30,d100,1.0,0.35,0.0,5.5,30.0,5.454545454545454,0.57875,0.0,0.0021115290001034737,0.049845464527606964
P100_B35_L00_p0550_d30,d100,1.0,0.35,0.0,5.5,30.0,5.454545454545454,0.57875,-20.0,0.0024025849997997284,0.049841053783893585
P100_B35_L00_p0550_d30,d100,1.0,0.35,0.0,5.5,30.0,5.454545454545454,0.57875,-40.0,0.0031083151698112488,0.04982888326048851
P100_B35_L00_p0550_d30,d100,1.0,0.35,0.0,5.5,30.0,5.454545454545454,0.57875,20.0,0.00235438602976501,0.04984147846698761
P100_B35_L00_p0550_d30,d100,1.0,0.35,0.0,5.5,30.0,5.454545454545454,0.57875,40.0,0.0030633483547717333,0.04983055219054222
P100_B35_L00_p0550_d40,d00,1.0,0.35,0.0,5.5,40.0,7.2727272727272725,0.57875,0.0,0.0021820077672600746,0.04985496401786804
P100_B35_L00_p0550_d40,d00,1.0,0.35,0.0,5.5,40.0,7.2727272727272725,0.57875,-20.0,0.0019302940927445889,0.049843527376651764
P100_B35_L00_p0550_d40,d00,1.0,0.35,0.0,5.5,40.0,7.2727272727272725,0.57875,-40.0,0.0027460558339953423,0.04999591410160065
P100_B35_L00_p0550_d40,d00,1.0,0.35,0.0,5.5,40.0,7.2727272727272725,0.57875,20.0,0.0018578122835606337,0.049845919013023376
P100_B35_L00_p0550_d40,d00,1.0,0.35,0.0,5.5,40.0,7.2727272727272725,0.57875,40.0,0.0026470946613699198,0.05000443756580353
P100_B35_L00_p0550_d40,d76,1.0,0.35,0.0,5.5,40.0,7.2727272727272725,0.57875,0.0,0.0016718991100788116,0.04984968528151512
P100_B35_L00_p0550_d40,d76,1.0,0.35,0.0,5.5,40.0,7.2727272727272725,0.57875,-20.0,0.0019012076081708074,0.049837175756692886
P100_B35_L00_p0550_d40,d76,1.0,0.35,0.0,5.5,40.0,7.2727272727272725,0.57875,-40.0,0.002594504738226533,0.04987361282110214
P100_B35_L00_p0550_d40,d76,1.0,0.35,0.0,5.5,40.0,7.2727272727272725,0.57875,20.0,0.001846570405177772,0.049839768558740616
P100_B35_L00_p0550_d40,d76,1.0,0.35,0.0,5.5,40.0,7.2727272727272725,0.57875,40.0,0.0025899021420627832,0.04987150430679321
P100_B35_L00_p0550_d40,d100,1.0,0.35,0.0,5.5,40.0,7.2727272727272725,0.57875,0.0,0.00166278425604105,0.0498480461537838
P100_B35_L00_p0550_d40,d100,1.0,0.35,0.0,5.5,40.0,7.2727272727272725,0.57875,-20.0,0.0020511748734861612,0.049834467470645905
P100_B35_L00_p0550_d40,d100,1.0,0.35,0.0,5.5,40.0,7.2727272727272725,0.57875,-40.0,0.0027398846577852964,0.04983549937605858
P100_B35_L00_p0550_d40,d100,1.0,0.35,0.0,5.5,40.0,7.2727272727272725,0.57875,20.0,0.0019906817469745874,0.04983724281191826
P100_B35_L00_p0550_d40,d100,1.0,0.35,0.0,5.5,40.0,7.2727272727272725,0.57875,40.0,0.0027423936408013105,0.049828991293907166
P100_B35_L00_p0550_d50,d00,1.0,0.35,0.0,5.5,50.0,9.090909090909092,0.57875,0.0,0.0020542186684906483,0.049849942326545715
P100_B35_L00_p0550_d50,d00,1.0,0.35,0.0,5.5,50.0,9.090909090909092,0.57875,-20.0,0.0017381056677550077,0.04984600469470024
P100_B35_L00_p0550_d50,d00,1.0,0.35,0.0,5.5,50.0,9.090909090909092,0.57875,-40.0,0.002618196187540889,0.050009194761514664
P100_B35_L00_p0550_d50,d00,1.0,0.35,0.0,5.5,50.0,9.090909090909092,0.57875,20.0,0.001720815314911306,0.04984814673662186
P100_B35_L00_p0550_d50,d00,1.0,0.35,0.0,5.5,50.0,9.090909090909092,0.57875,40.0,0.0025647978764027357,0.049999602138996124
P100_B35_L00_p0550_d50,d76,1.0,0.35,0.0,5.5,50.0,9.090909090909092,0.57875,0.0,0.0014493262860924006,0.049844708293676376
P100_B35_L00_p0550_d50,d76,1.0,0.35,0.0,5.5,50.0,9.090909090909092,0.57875,-20.0,0.0016972253797575831,0.04983959719538689
P100_B35_L00_p0550_d50,d76,1.0,0.35,0.0,5.5,50.0,9.090909090909092,0.57875,-40.0,0.002412209054455161,0.0498715341091156
P100_B35_L00_p0550_d50,d76,1.0,0.35,0.0,5.5,50.0,9.090909090909092,0.57875,20.0,0.0016692434437572956,0.049841124564409256
P100_B35_L00_p0550_d50,d76,1.0,0.35,0.0,5.5,50.0,9.090909090909092,0.57875,40.0,0.0023372338619083166,0.04987545683979988
P100_B35_L00_p0550_d50,d100,1.0,0.35,0.0,5.5,50.0,9.090909090909092,0.57875,0.0,0.0013862302294000983,0.04984303191304207
P100_B35_L00_p0550_d50,d100,1.0,0.35,0.0,5.5,50.0,9.090909090909092,0.57875,-20.0,0.0018336297944188118,0.04983757436275482
P100_B35_L00_p0550_d50,d100,1.0,0.35,0.0,5.5,50.0,9.090909090909092,0.57875,-40.0,0.002556221093982458,0.049828626215457916
P100_B35_L00_p0550_d50,d100,1.0,0.35,0.0,5.5,50.0,9.090909090909092,0.57875,20.0,0.0017987078754231334,0.049839191138744354
P100_B35_L00_p0550_d50,d100,1.0,0.35,0.0,5.5,50.0,9.090909090909092,0.57875,40.0,0.002490936079993844,0.049834661185741425
P100_B35_L00_p0750_d20,d00,1.0,0.35,0.0,7.5,20.0,2.6666666666666665,0.57875,0.0,0.0047025540843605995,0.0499599426984787
P100_B35_L00_p0750_d20,d00,1.0,0.35,0.0,7.5,20.0,2.6666666666666665,0.57875,-20.0,0.007033029571175575,0.04995772987604141
P100_B35_L00_p0750_d20,d00,1.0,0.35,0.0,7.5,20.0,2.6666666666666665,0.57875,-40.0,0.007656102068722248,0.049999795854091644
P100_B35_L00_p0750_d20,d00,1.0,0.35,0.0,7.5,20.0,2.6666666666666665,0.57875,20.0,0.006898365914821625,0.0499577596783638
P100_B35_L00_p0750_d20,d00,1.0,0.35,0.0,7.5,20.0,2.6666666666666665,0.57875,40.0,0.007485050708055496,0.04999961704015732
P100_B35_L00_p0750_d20,d76,1.0,0.35,0.0,7.5,20.0,2.6666666666666665,0.57875,0.0,0.0036168897058814764,0.0499587319791317
P100_B35_L00_p0750_d20,d76,1.0,0.35,0.0,7.5,20.0,2.6666666666666665,0.57875,-20.0,0.004032901022583246,0.049955904483795166
P100_B35_L00_p0750_d20,d76,1.0,0.35,0.0,7.5,20.0,2.6666666666666665,0.57875,-40.0,0.0045404983684420586,0.04996725544333458
P100_B35_L00_p0750_d20,d76,1.0,0.35,0.0,7.5,20.0,2.6666666666666665,0.57875,20.0,0.004016401711851358,0.04995623603463173
P100_B35_L00_p0750_d20,d76,1.0,0.35,0.0,7.5,20.0,2.6666666666666665,0.57875,40.0,0.004513758234679699,0.049966853111982346
P100_B35_L00_p0750_d20,d100,1.0,0.35,0.0,7.5,20.0,2.6666666666666665,0.57875,0.0,0.003763550892472267,0.049958255141973495
P100_B35_L00_p0750_d20,d100,1.0,0.35,0.0,7.5,20.0,2.6666666666666665,0.57875,-20.0,0.003843081183731556,0.049955103546381
P100_B35_L00_p0750_d20,d100,1.0,0.35,0.0,7.5,20.0,2.6666666666666665,0.57875,-40.0,0.004256609361618757,0.049956824630498886
P100_B35_L00_p0750_d20,d100,1.0,0.35,0.0,7.5,20.0,2.6666666666666665,0.57875,20.0,0.003823473583906889,0.04995568096637726
P100_B35_L00_p0750_d20,d100,1.0,0.35,0.0,7.5,20.0,2.6666666666666665,0.57875,40.0,0.004215125925838947,0.049956146627664566
P100_B35_L00_p0750_d30,d00,1.0,0.35,0.0,7.5,30.0,4.0,0.57875,0.0,0.002848136704415083,0.049919493496418
P100_B35_L00_p0750_d30,d00,1.0,0.35,0.0,7.5,30.0,4.0,0.57875,-20.0,0.0030222591012716293,0.049914658069610596
P100_B35_L00_p0750_d30,d00,1.0,0.35,0.0,7.5,30.0,4.0,0.57875,-40.0,0.003667025826871395,0.04999953880906105
P100_B35_L00_p0750_d30,d00,1.0,0.35,0.0,7.5,30.0,4.0,0.57875,20.0,0.0031954124569892883,0.04991474002599716
P100_B35_L00_p0750_d30,d00,1.0,0.35,0.0,7.5,30.0,4.0,0.57875,40.0,0.0037421653978526592,0.04999703913927078
P100_B35_L00_p0750_d30,d76,1.0,0.35,0.0,7.5,30.0,4.0,0.57875,0.0,0.0025590993463993073,0.04991655424237251
P100_B35_L00_p0750_d30,d76,1.0,0.35,0.0,7.5,30.0,4.0,0.57875,-20.0,0.0026807787362486124,0.04991113021969795
P100_B35_L00_p0750_d30,d76,1.0,0.35,0.0,7.5,30.0,4.0,0.57875,-40.0,0.003313098568469286,0.04993215575814247
P100_B35_L00_p0750_d30,d76,1.0,0.35,0.0,7.5,30.0,4.0,0.57875,20.0,0.0028140502981841564,0.04991096258163452
P100_B35_L00_p0750_d30,d76,1.0,0.35,0.0,7.5,30.0,4.0,0.57875,40.0,0.0033632393460720778,0.04993082955479622
P100_B35_L00_p0750_d30,d100,1.0,0.35,0.0,7.5,30.0,4.0,0.57875,0.0,0.002698335563763976,0.04991554841399193
P100_B35_L00_p0750_d30,d100,1.0,0.35,0.0,7.5,30.0,4.0,0.57875,-20.0,0.0028146090917289257,0.04990994930267334
P100_B35_L00_p0750_d30,d100,1.0,0.35,0.0,7.5,30.0,4.0,0.57875,-40.0,0.0035192552022635937,0.049911126494407654
P100_B35_L00_p0750_d30,d100,1.0,0.35,0.0,7.5,30.0,4.0,0.57875,20.0,0.0029445842374116182,0.049909744411706924
P100_B35_L00_p0750_d30,d100,1.0,0.35,0.0,7.5,30.0,4.0,0.57875,40.0,0.0035544552374631166,0.049910031259059906
P100_B35_L00_p0750_d40,d00,1.0,0.35,0.0,7.5,40.0,5.333333333333333,0.57875,0.0,0.002365474123507738,0.049920760095119476
P100_B35_L00_p0750_d40,d00,1.0,0.35,0.0,7.5,40.0,5.333333333333333,0.57875,-20.0,0.002207334153354168,0.04991712421178818
P100_B35_L00_p0750_d40,d00,1.0,0.35,0.0,7.5,40.0,5.333333333333333,0.57875,-40.0,0.0026458806823939085,0.0500032939016819
P100_B35_L00_p0750_d40,d00,1.0,0.35,0.0,7.5,40.0,5.333333333333333,0.57875,20.0,0.0021640732884407043,0.04991715028882027
P100_B35_L00_p0750_d40,d00,1.0,0.35,0.0,7.5,40.0,5.333333333333333,0.57875,40.0,0.0026453998871147633,0.050001051276922226
P100_B35_L00_p0750_d40,d76,1.0,0.35,0.0,7.5,40.0,5.333333333333333,0.57875,0.0,0.0019463244825601578,0.049918100237846375
P100_B35_L00_p0750_d40,d76,1.0,0.35,0.0,7.5,40.0,5.333333333333333,0.57875,-20.0,0.0021506622433662415,0.04991365596652031
P100_B35_L00_p0750_d40,d76,1.0,0.35,0.0,7.5,40.0,5.333333333333333,0.57875,-40.0,0.0027866153977811337,0.04993175342679024
P100_B35_L00_p0750_d40,d76,1.0,0.35,0.0,7.5,40.0,5.333333333333333,0.57875,20.0,0.0021081361919641495,0.04991370439529419
P100_B35_L00_p0750_d40,d76,1.0,0.35,0.0,7.5,40.0,5.333333333333333,0.57875,40.0,0.002765822224318981,0.049932122230529785
P100_B35_L00_p0750_d40,d100,1.0,0.35,0.0,7.5,40.0,5.333333333333333,0.57875,0.0,0.0019892763812094927,0.049917060881853104
P100_B35_L00_p0750_d40,d100,1.0,0.35,0.0,7.5,40.0,5.333333333333333,0.57875,-20.0,0.0023251709062606096,0.04991239681839943
P100_B35_L00_p0750_d40,d100,1.0,0.35,0.0,7.5,40.0,5.333333333333333,0.57875,-40.0,0.0030344361439347267,0.0499102883040905
P100_B35_L00_p0750_d40,d100,1.0,0.35,0.0,7.5,40.0,5.333333333333333,0.57875,20.0,0.0022737153340131044,0.049912773072719574
P100_B35_L00_p0750_d40,d100,1.0,0.35,0.0,7.5,40.0,5.333333333333333,0.57875,40.0,0.0029675900004804134,0.04991024360060692
P100_B35_L00_p0750_d50,d00,1.0,0.35,0.0,7.5,50.0,6.666666666666667,0.57875,0.0,0.0022160487715154886,0.049913421273231506
P100_B35_L00_p0750_d50,d00,1.0,0.35,0.0,7.5,50.0,6.666666666666667,0.57875,-20.0,0.001987125724554062,0.04990344122052193
P100_B35_L00_p0750_d50,d00,1.0,0.35,0.0,7.5,50.0,6.666666666666667,0.57875,-40.0,0.0025970255956053734,0.05000114068388939
P100_B35_L00_p0750_d50,d00,1.0,0.35,0.0,7.5,50.0,6.666666666666667,0.57875,20.0,0.0019177685026079416,0.049903787672519684
P100_B35_L00_p0750_d50,d00,1.0,0.35,0.0,7.5,50.0,6.666666666666667,0.57875,40.0,0.0025925433728843927,0.05000196769833565
P100_B35_L00_p0750_d50,d76,1.0,0.35,0.0,7.5,50.0,6.666666666666667,0.57875,0.0,0.0017303683562204242,0.04991026222705841
P100_B35_L00_p0750_d50,d76,1.0,0.35,0.0,7.5,50.0,6.666666666666667,0.57875,-20.0,0.0019187236903235316,0.049898386001586914
P100_B35_L00_p0750_d50,d76,1.0,0.35,0.0,7.5,50.0,6.666666666666667,0.57875,-40.0,0.0026207142509520054,0.04992646351456642
P100_B35_L00_p0750_d50,d76,1.0,0.35,0.0,7.5,50.0,6.666666666666667,0.57875,20.0,0.001903355005197227,0.049899809062480927
P100_B35_L00_p0750_d50,d76,1.0,0.35,0.0,7.5,50.0,6.666666666666667,0.57875,40.0,0.002615497214719653,0.04992539435625076
P100_B35_L00_p0750_d50,d100,1.0,0.35,0.0,7.5,50.0,6.666666666666667,0.57875,0.0,0.0017450510058552027,0.04990965873003006
P100_B35_L00_p0750_d50,d100,1.0,0.35,0.0,7.5,50.0,6.666666666666667,0.57875,-20.0,0.002098196418955922,0.04989706352353096
P100_B35_L00_p0750_d50,d100,1.0,0.35,0.0,7.5,50.0,6.666666666666667,0.57875,-40.0,0.0028438374865800142,0.04990227520465851
P100_B35_L00_p0750_d50,d100,1.0,0.35,0.0,7.5,50.0,6.666666666666667,0.57875,20.0,0.002062879502773285,0.04989847168326378
P100_B35_L00_p0750_d50,d100,1.0,0.35,0.0,7.5,50.0,6.666666666666667,0.57875,40.0,0.0027933269739151,0.049900926649570465
P100_B35_L00_p1100_d20,d00,1.0,0.35,0.0,11.0,20.0,1.8181818181818181,0.57875,0.0,0.015255783684551716,0.04997323080897331
P100_B35_L00_p1100_d20,d00,1.0,0.35,0.0,11.0,20.0,1.8181818181818181,0.57875,-20.0,0.013773610815405846,0.04997199401259422
P100_B35_L00_p1100_d20,d00,1.0,0.35,0.0,11.0,20.0,1.8181818181818181,0.57875,-40.0,0.01618526689708233,0.04999908432364464
P100_B35_L00_p1100_d20,d00,1.0,0.35,0.0,11.0,20.0,1.8181818181818181,0.57875,20.0,0.013533140532672405,0.049971260130405426
P100_B35_L00_p1100_d20,d00,1.0,0.35,0.0,11.0,20.0,1.8181818181818181,0.57875,40.0,0.01576254516839981,0.05000055581331253
P100_B35_L00_p1100_d20,d76,1.0,0.35,0.0,11.0,20.0,1.8181818181818181,0.57875,0.0,0.006154110189527273,0.04997242987155914
P100_B35_L00_p1100_d20,d76,1.0,0.35,0.0,11.0,20.0,1.8181818181818181,0.57875,-20.0,0.005951393861323595,0.04997086524963379
P100_B35_L00_p1100_d20,d76,1.0,0.35,0.0,11.0,20.0,1.8181818181818181,0.57875,-40.0,0.006797746755182743,0.049977052956819534
P100_B35_L00_p1100_d20,d76,1.0,0.35,0.0,11.0,20.0,1.8181818181818181,0.57875,20.0,0.005866323132067919,0.04997016116976738
P100_B35_L00_p1100_d20,d76,1.0,0.35,0.0,11.0,20.0,1.8181818181818181,0.57875,40.0,0.006741069257259369,0.04997754842042923
P100_B35_L00_p1100_d20,d100,1.0,0.35,0.0,11.0,20.0,1.8181818181818181,0.57875,0.0,0.004993696231395006,0.04997202381491661
P100_B35_L00_p1100_d20,d100,1.0,0.35,0.0,11.0,20.0,1.8181818181818181,0.57875,-20.0,0.0049121929332613945,0.0499705970287323
P100_B35_L00_p1100_d20,d100,1.0,0.35,0.0,11.0,20.0,1.8181818181818181,0.57875,-40.0,0.005070680286735296,0.049970827996730804
P100_B35_L00_p1100_d20,d100,1.0,0.35,0.0,11.0,20.0,1.8181818181818181,0.57875,20.0,0.004878501873463392,0.049969933927059174
P100_B35_L00_p1100_d20,d100,1.0,0.35,0.0,11.0,20.0,1.8181818181818181,0.57875,40.0,0.005106115713715553,0.04997030273079872
P100_B35_L00_p1100_d30,d00,1.0,0.35,0.0,11.0,30.0,2.727272727272727,0.57875,0.0,0.0048741367645561695,0.04995158314704895
P100_B35_L00_p1100_d30,d00,1.0,0.35,0.0,11.0,30.0,2.727272727272727,0.57875,-20.0,0.007196090184152126,0.04995272308588028
P100_B35_L00_p1100_d30,d00,1.0,0.35,0.0,11.0,30.0,2.727272727272727,0.57875,-40.0,0.007925925776362419,0.04999834671616554
P100_B35_L00_p1100_d30,d00,1.0,0.35,0.0,11.0,30.0,2.727272727272727,0.57875,20.0,0.006618804764002562,0.04995374381542206
P100_B35_L00_p1100_d30,d00,1.0,0.35,0.0,11.0,30.0,2.727272727272727,0.57875,40.0,0.006976868957281113,0.04999902844429016
P100_B35_L00_p1100_d30,d76,1.0,0.35,0.0,11.0,30.0,2.727272727272727,0.57875,0.0,0.0036995105911046267,0.04995017871260643
P100_B35_L00_p1100_d30,d76,1.0,0.35,0.0,11.0,30.0,2.727272727272727,0.57875,-20.0,0.004114258103072643,0.049950819462537766
P100_B35_L00_p1100_d30,d76,1.0,0.35,0.0,11.0,30.0,2.727272727272727,0.57875,-40.0,0.00462533300742507,0.04995855689048767
P100_B35_L00_p1100_d30,d76,1.0,0.35,0.0,11.0,30.0,2.727272727272727,0.57875,20.0,0.003832007758319378,0.04995204880833626
P100_B35_L00_p1100_d30,d76,1.0,0.35,0.0,11.0,30.0,2.727272727272727,0.57875,40.0,0.004382936283946037,0.049958448857069016
P100_B35_L00_p1100_d30,d100,1.0,0.35,0.0,11.0,30.0,2.727272727272727,0.57875,0.0,0.003818652592599392,0.049949418753385544
P100_B35_L00_p1100_d30,d100,1.0,0.35,0.0,11.0,30.0,2.727272727272727,0.57875,-20.0,0.003931489773094654,0.04995005205273628
P100_B35_L00_p1100_d30,d100,1.0,0.35,0.0,11.0,30.0,2.727272727272727,0.57875,-40.0,0.0043334257788956165,0.049945686012506485
P100_B35_L00_p1100_d30,d100,1.0,0.35,0.0,11.0,30.0,2.727272727272727,0.57875,20.0,0.003652170766144991,0.049951501190662384
P100_B35_L00_p1100_d30,d100,1.0,0.35,0.0,11.0,30.0,2.727272727272727,0.57875,40.0,0.0041587925516068935,0.04994557797908783
P100_B35_L00_p1100_d40,d00,1.0,0.35,0.0,11.0,40.0,3.6363636363636362,0.57875,0.0,0.003340281778946519,0.049958735704422
P100_B35_L00_p1100_d40,d00,1.0,0.35,0.0,11.0,40.0,3.6363636363636362,0.57875,-20.0,0.00384329236112535,0.049956776201725006
P100_B35_L00_p1100_d40,d00,1.0,0.35,0.0,11.0,40.0,3.6363636363636362,0.57875,-40.0,0.004495932720601559,0.04999711364507675
P100_B35_L00_p1100_d40,d00,1.0,0.35,0.0,11.0,40.0,3.6363636363636362,0.57875,20.0,0.003965228796005249,0.04995578154921532
P100_B35_L00_p1100_d40,d00,1.0,0.35,0.0,11.0,40.0,3.6363636363636362,0.57875,40.0,0.0044942027889192104,0.04999686777591705
P100_B35_L00_p1100_d40,d76,1.0,0.35,0.0,11.0,40.0,3.6363636363636362,0.57875,0.0,0.0030129915103316307,0.049957070499658585
P100_B35_L00_p1100_d40,d76,1.0,0.35,0.0,11.0,40.0,3.6363636363636362,0.57875,-20.0,0.0030495326500386,0.049954574555158615
P100_B35_L00_p1100_d40,d76,1.0,0.35,0.0,11.0,40.0,3.6363636363636362,0.57875,-40.0,0.0036549128126353025,0.04996415600180626
P100_B35_L00_p1100_d40,d76,1.0,0.35,0.0,11.0,40.0,3.6363636363636362,0.57875,20.0,0.003160509979352355,0.0499541275203228
P100_B35_L00_p1100_d40,d76,1.0,0.35,0.0,11.0,40.0,3.6363636363636362,0.57875,40.0,0.0036927994806319475,0.04996281862258911
P100_B35_L00_p1100_d40,d100,1.0,0.35,0.0,11.0,40.0,3.6363636363636362,0.57875,0.0,0.0031984630040824413,0.0499565452337265
P100_B35_L00_p1100_d40,d100,1.0,0.35,0.0,11.0,40.0,3.6363636363636362,0.57875,-20.0,0.0031441727187484503,0.049954235553741455
P100_B35_L00_p1100_d40,d100,1.0,0.35,0.0,11.0,40.0,3.6363636363636362,0.57875,-40.0,0.003792000934481621,0.049954067915678024
P100_B35_L00_p1100_d40,d100,1.0,0.35,0.0,11.0,40.0,3.6363636363636362,0.57875,20.0,0.0032362223137170076,0.04995374009013176
P100_B35_L00_p1100_d40,d100,1.0,0.35,0.0,11.0,40.0,3.6363636363636362,0.57875,40.0,0.0038258435670286417,0.04995276406407356
P100_B35_L00_p1100_d50,d00,1.0,0.35,0.0,11.0,50.0,4.545454545454546,0.57875,0.0,0.0026616202667355537,0.04996170848608017
P100_B35_L00_p1100_d50,d00,1.0,0.35,0.0,11.0,50.0,4.545454545454546,0.57875,-20.0,0.0025663995184004307,0.049955762922763824
P100_B35_L00_p1100_d50,d00,1.0,0.35,0.0,11.0,50.0,4.545454545454546,0.57875,-40.0,0.002984841587021947,0.050000373274087906
P100_B35_L00_p1100_d50,d00,1.0,0.35,0.0,11.0,50.0,4.545454545454546,0.57875,20.0,0.002571147633716464,0.04995677247643471
P100_B35_L00_p1100_d50,d00,1.0,0.35,0.0,11.0,50.0,4.545454545454546,0.57875,40.0,0.0030314254108816385,0.0500018410384655
P100_B35_L00_p1100_d50,d76,1.0,0.35,0.0,11.0,50.0,4.545454545454546,0.57875,0.0,0.0023742106277495623,0.0499601736664772
P100_B35_L00_p1100_d50,d76,1.0,0.35,0.0,11.0,50.0,4.545454545454546,0.57875,-20.0,0.002395881339907646,0.049953579902648926
P100_B35_L00_p1100_d50,d76,1.0,0.35,0.0,11.0,50.0,4.545454545454546,0.57875,-40.0,0.003026363905519247,0.049965750426054
P100_B35_L00_p1100_d50,d76,1.0,0.35,0.0,11.0,50.0,4.545454545454546,0.57875,20.0,0.002385093830525875,0.04995536431670189
P100_B35_L00_p1100_d50,d76,1.0,0.35,0.0,11.0,50.0,4.545454545454546,0.57875,40.0,0.0030302719678729773,0.04996633902192116
P100_B35_L00_p1100_d50,d100,1.0,0.35,0.0,11.0,50.0,4.545454545454546,0.57875,0.0,0.0024960364680737257,0.04995984584093094
P100_B35_L00_p1100_d50,d100,1.0,0.35,0.0,11.0,50.0,4.545454545454546,0.57875,-20.0,0.0025600732769817114,0.04995303228497505
P100_B35_L00_p1100_d50,d100,1.0,0.35,0.0,11.0,50.0,4.545454545454546,0.57875,-40.0,0.0032474100589752197,0.049955472350120544
P100_B35_L00_p1100_d50,d100,1.0,0.35,0.0,11.0,50.0,4.545454545454546,0.57875,20.0,0.0025381974410265684,0.04995489865541458
P100_B35_L00_p1100_d50,d100,1.0,0.35,0.0,11.0,50.0,4.545454545454546,0.57875,40.0,0.0032778161112219095,0.04995489865541458
P100_B35_L35_p0375_d20,d00,1.0,0.35,0.35,3.75,20.0,5.333333333333333,0.21975,0.0,0.005209821742027998,0.049788638949394226
P100_B35_L35_p0375_d20,d00,1.0,0.35,0.35,3.75,20.0,5.333333333333333,0.21975,-20.0,0.007989219389855862,0.0497855506837368
P100_B35_L35_p0375_d20,d00,1.0,0.35,0.35,3.75,20.0,5.333333333333333,0.21975,-40.0,0.008207348175346851,0.049996186047792435
P100_B35_L35_p0375_d20,d00,1.0,0.35,0.35,3.75,20.0,5.333333333333333,0.21975,20.0,0.007887897081673145,0.0497920848429203
P100_B35_L35_p0375_d20,d00,1.0,0.35,0.35,3.75,20.0,5.333333333333333,0.21975,40.0,0.008206535130739212,0.04999416321516037
P100_B35_L35_p0375_d20,d76,1.0,0.35,0.35,3.75,20.0,5.333333333333333,0.21975,0.0,0.0038794639986008406,0.04978053271770477
P100_B35_L35_p0375_d20,d76,1.0,0.35,0.35,3.75,20.0,5.333333333333333,0.21975,-20.0,0.00423456821590662,0.04977821931242943
P100_B35_L35_p0375_d20,d76,1.0,0.35,0.35,3.75,20.0,5.333333333333333,0.21975,-40.0,0.004611157812178135,0.04982813075184822
P100_B35_L35_p0375_d20,d76,1.0,0.35,0.35,3.75,20.0,5.333333333333333,0.21975,20.0,0.0042466651648283005,0.049783241003751755
P100_B35_L35_p0375_d20,d76,1.0,0.35,0.35,3.75,20.0,5.333333333333333,0.21975,40.0,0.004620506428182125,0.04982452094554901
P100_B35_L35_p0375_d20,d100,1.0,0.35,0.35,3.75,20.0,5.333333333333333,0.21975,0.0,0.004126772750169039,0.04977875575423241
P100_B35_L35_p0375_d20,d100,1.0,0.35,0.35,3.75,20.0,5.333333333333333,0.21975,-20.0,0.004148303065448999,0.04977540671825409
P100_B35_L35_p0375_d20,d100,1.0,0.35,0.35,3.75,20.0,5.333333333333333,0.21975,-40.0,0.004483020398765802,0.04977502301335335
P100_B35_L35_p0375_d20,d100,1.0,0.35,0.35,3.75,20.0,5.333333333333333,0.21975,20.0,0.004172767978161573,0.04977979138493538
P100_B35_L35_p0375_d20,d100,1.0,0.35,0.35,3.75,20.0,5.333333333333333,0.21975,40.0,0.004475448280572891,0.04976924508810043
P100_B35_L35_p0375_d30,d00,1.0,0.35,0.35,3.75,30.0,8.0,0.21975,0.0,0.0029058530926704407,0.04965703934431076
P100_B35_L35_p0375_d30,d00,1.0,0.35,0.35,3.75,30.0,8.0,0.21975,-20.0,0.0031468775123357773,0.049644626677036285
P100_B35_L35_p0375_d30,d00,1.0,0.35,0.35,3.75,30.0,8.0,0.21975,-40.0,0.003986770287156105,0.049993932247161865
P100_B35_L35_p0375_d30,d00,1.0,0.35,0.35,3.75,30.0,8.0,0.21975,20.0,0.003162997541949153,0.04963763803243637
P100_B35_L35_p0375_d30,d00,1.0,0.35,0.35,3.75,30.0,8.0,0.21975,40.0,0.0038503985852003098,0.04998966306447983
P100_B35_L35_p0375_d30,d76,1.0,0.35,0.35,3.75,30.0,8.0,0.21975,0.0,0.0026924991980195045,0.04964536800980568
P100_B35_L35_p0375_d30,d76,1.0,0.35,0.35,3.75,30.0,8.0,0.21975,-20.0,0.0027958282735198736,0.049630049616098404
P100_B35_L35_p0375_d30,d76,1.0,0.35,0.35,3.75,30.0,8.0,0.21975,-40.0,0.003401912283152342,0.04970890283584595
P100_B35_L35_p0375_d30,d76,1.0,0.35,0.35,3.75,30.0,8.0,0.21975,20.0,0.002826555399224162,0.049621712416410446
P100_B35_L35_p0375_d30,d76,1.0,0.35,0.35,3.75,30.0,8.0,0.21975,40.0,0.0033852767664939165,0.04971374571323395
P100_B35_L35_p0375_d30,d100,1.0,0.35,0.35,3.75,30.0,8.0,0.21975,0.0,0.00289963954128325,0.049641165882349014
P100_B35_L35_p0375_d30,d100,1.0,0.35,0.35,3.75,30.0,8.0,0.21975,-20.0,0.0029919433873146772,0.049625687301158905
P100_B35_L35_p0375_d30,d100,1.0,0.35,0.35,3.75,30.0,8.0,0.21975,-40.0,0.00353914313018322,0.04962173476815224
P100_B35_L35_p0375_d30,d100,1.0,0.35,0.35,3.75,30.0,8.0,0.21975,20.0,0.003018446732312441,0.049616239964962006
P100_B35_L35_p0375_d30,d100,1.0,0.35,0.35,3.75,30.0,8.0,0.21975,40.0,0.0035576606169342995,0.049626123160123825
P100_B35_L35_p0375_d40,d00,1.0,0.35,0.35,3.75,40.0,10.666666666666666,0.21975,0.0,0.0024779154919087887,0.049661386758089066
P100_B35_L35_p0375_d40,d00,1.0,0.35,0.35,3.75,40.0,10.666666666666666,0.21975,-20.0,0.0023307930678129196,0.04964746534824371
P100_B35_L35_p0375_d40,d00,1.0,0.35,0.35,3.75,40.0,10.666666666666666,0.21975,-40.0,0.0031036334112286568,0.04998941719532013
P100_B35_L35_p0375_d40,d00,1.0,0.35,0.35,3.75,40.0,10.666666666666666,0.21975,20.0,0.0023327642120420933,0.049648672342300415
P100_B35_L35_p0375_d40,d00,1.0,0.35,0.35,3.75,40.0,10.666666666666666,0.21975,40.0,0.0031214363407343626,0.04999770224094391
P100_B35_L35_p0375_d40,d76,1.0,0.35,0.35,3.75,40.0,10.666666666666666,0.21975,0.0,0.0021182624623179436,0.049649376422166824
P100_B35_L35_p0375_d40,d76,1.0,0.35,0.35,3.75,40.0,10.666666666666666,0.21975,-20.0,0.0022595322225242853,0.04963279142975807
P100_B35_L35_p0375_d40,d76,1.0,0.35,0.35,3.75,40.0,10.666666666666666,0.21975,-40.0,0.0028922874480485916,0.049723997712135315
P100_B35_L35_p0375_d40,d76,1.0,0.35,0.35,3.75,40.0,10.666666666666666,0.21975,20.0,0.002239250112324953,0.049633294343948364
P100_B35_L35_p0375_d40,d76,1.0,0.35,0.35,3.75,40.0,10.666666666666666,0.21975,40.0,0.00291915494017303,0.049723293632268906
P100_B35_L35_p0375_d40,d100,1.0,0.35,0.35,3.75,40.0,10.666666666666666,0.21975,0.0,0.0021983140613883734,0.04964606091380119
P100_B35_L35_p0375_d40,d100,1.0,0.35,0.35,3.75,40.0,10.666666666666666,0.21975,-20.0,0.0024293686728924513,0.04962792992591858
P100_B35_L35_p0375_d40,d100,1.0,0.35,0.35,3.75,40.0,10.666666666666666,0.21975,-40.0,0.0030295441392809153,0.049638908356428146
P100_B35_L35_p0375_d40,d100,1.0,0.35,0.35,3.75,40.0,10.666666666666666,0.21975,20.0,0.0024247595574706793,0.04962833598256111
P100_B35_L35_p0375_d40,d100,1.0,0.35,0.35,3.75,40.0,10.666666666666666,0.21975,40.0,0.003043182659894228,0.04963782802224159
P100_B35_L35_p0375_d50,d00,1.0,0.35,0.35,3.75,50.0,13.333333333333334,0.21975,0.0,0.002336846897378564,0.049659084528684616
P100_B35_L35_p0375_d50,d00,1.0,0.35,0.35,3.75,50.0,13.333333333333334,0.21975,-20.0,0.0020305209327489138,0.049640871584415436
P100_B35_L35_p0375_d50,d00,1.0,0.35,0.35,3.75,50.0,13.333333333333334,0.21975,-40.0,0.003154860343784094,0.049983661621809006
P100_B35_L35_p0375_d50,d00,1.0,0.35,0.35,3.75,50.0,13.333333333333334,0.21975,20.0,0.0019612794276326895,0.049639612436294556
P100_B35_L35_p0375_d50,d00,1.0,0.35,0.35,3.75,50.0,13.333333333333334,0.21975,40.0,0.003136232029646635,0.04998088255524635
P100_B35_L35_p0375_d50,d76,1.0,0.35,0.35,3.75,50.0,13.333333333333334,0.21975,0.0,0.0018217457691207528,0.04964696988463402
P100_B35_L35_p0375_d50,d76,1.0,0.35,0.35,3.75,50.0,13.333333333333334,0.21975,-20.0,0.0019682187121361494,0.0496254563331604
P100_B35_L35_p0375_d50,d76,1.0,0.35,0.35,3.75,50.0,13.333333333333334,0.21975,-40.0,0.002696268493309617,0.049713458865880966
P100_B35_L35_p0375_d50,d76,1.0,0.35,0.35,3.75,50.0,13.333333333333334,0.21975,20.0,0.0019326758338138461,0.04962662234902382
P100_B35_L35_p0375_d50,d76,1.0,0.35,0.35,3.75,50.0,13.333333333333334,0.21975,40.0,0.0027328734286129475,0.049709197133779526
P100_B35_L35_p0375_d50,d100,1.0,0.35,0.35,3.75,50.0,13.333333333333334,0.21975,0.0,0.001802658662199974,0.04964382201433182
P100_B35_L35_p0375_d50,d100,1.0,0.35,0.35,3.75,50.0,13.333333333333334,0.21975,-20.0,0.002132368739694357,0.04962059482932091
P100_B35_L35_p0375_d50,d100,1.0,0.35,0.35,3.75,50.0,13.333333333333334,0.21975,-40.0,0.0027803522534668446,0.04962991550564766
P100_B35_L35_p0375_d50,d100,1.0,0.35,0.35,3.75,50.0,13.333333333333334,0.21975,20.0,0.0020948646124452353,0.049621500074863434
P100_B35_L35_p0375_d50,d100,1.0,0.35,0.35,3.75,50.0,13.333333333333334,0.21975,40.0,0.002757840557023883,0.04962465539574623
P100_B35_L35_p0550_d20,d00,1.0,0.35,0.35,5.5,20.0,3.6363636363636362,0.21975,0.0,0.019554471597075462,0.049891386181116104
P100_B35_L35_p0550_d20,d00,1.0,0.35,0.35,5.5,20.0,3.6363636363636362,0.21975,-20.0,0.018726026639342308,0.0498824417591095
P100_B35_L35_p0550_d20,d00,1.0,0.35,0.35,5.5,20.0,3.6363636363636362,0.21975,-40.0,0.019625220447778702,0.04999833554029465
P100_B35_L35_p0550_d20,d00,1.0,0.35,0.35,5.5,20.0,3.6363636363636362,0.21975,20.0,0.018699146807193756,0.04988256096839905
P100_B35_L35_p0550_d20,d00,1.0,0.35,0.35,5.5,20.0,3.6363636363636362,0.21975,40.0,0.01968645676970482,0.04999350383877754
P100_B35_L35_p0550_d20,d76,1.0,0.35,0.35,5.5,20.0,3.6363636363636362,0.21975,0.0,0.006420522928237915,0.04988699033856392
P100_B35_L35_p0550_d20,d76,1.0,0.35,0.35,5.5,20.0,3.6363636363636362,0.21975,-20.0,0.006573987193405628,0.04987775906920433
P100_B35_L35_p0550_d20,d76,1.0,0.35,0.35,5.5,20.0,3.6363636363636362,0.21975,-40.0,0.007295527961105108,0.04989928379654884
P100_B35_L35_p0550_d20,d76,1.0,0.35,0.35,5.5,20.0,3.6363636363636362,0.21975,20.0,0.006536189932376146,0.04987838491797447
P100_B35_L35_p0550_d20,d76,1.0,0.35,0.35,5.5,20.0,3.6363636363636362,0.21975,40.0,0.007221493870019913,0.04989779368042946
P100_B35_L35_p0550_d20,d100,1.0,0.35,0.35,5.5,20.0,3.6363636363636362,0.21975,0.0,0.005453278310596943,0.04988621547818184
P100_B35_L35_p0550_d20,d100,1.0,0.35,0.35,5.5,20.0,3.6363636363636362,0.21975,-20.0,0.005478156730532646,0.049876682460308075
P100_B35_L35_p0550_d20,d100,1.0,0.35,0.35,5.5,20.0,3.6363636363636362,0.21975,-40.0,0.005597387906163931,0.049867719411849976
P100_B35_L35_p0550_d20,d100,1.0,0.35,0.35,5.5,20.0,3.6363636363636362,0.21975,20.0,0.00546692218631506,0.049876969307661057
P100_B35_L35_p0550_d20,d100,1.0,0.35,0.35,5.5,20.0,3.6363636363636362,0.21975,40.0,0.005567534826695919,0.04986818879842758
P100_B35_L35_p0550_d30,d00,1.0,0.35,0.35,5.5,30.0,5.454545454545454,0.21975,0.0,0.005137674510478973,0.04982981085777283
P100_B35_L35_p0550_d30,d00,1.0,0.35,0.35,5.5,30.0,5.454545454545454,0.21975,-20.0,0.008050275966525078,0.04981853440403938
P100_B35_L35_p0550_d30,d00,1.0,0.35,0.35,5.5,30.0,5.454545454545454,0.21975,-40.0,0.007940276525914669,0.04999711364507675
P100_B35_L35_p0550_d30,d00,1.0,0.35,0.35,5.5,30.0,5.454545454545454,0.21975,20.0,0.007818194106221199,0.049821220338344574
P100_B35_L35_p0550_d30,d00,1.0,0.35,0.35,5.5,30.0,5.454545454545454,0.21975,40.0,0.007536939810961485,0.04999316856265068
P100_B35_L35_p0550_d30,d76,1.0,0.35,0.35,5.5,30.0,5.454545454545454,0.21975,0.0,0.003810887923464179,0.04982448369264603
P100_B35_L35_p0550_d30,d76,1.0,0.35,0.35,5.5,30.0,5.454545454545454,0.21975,-20.0,0.004177930299192667,0.04981120675802231
P100_B35_L35_p0550_d30,d76,1.0,0.35,0.35,5.5,30.0,5.454545454545454,0.21975,-40.0,0.004508166573941708,0.04984921216964722
P100_B35_L35_p0550_d30,d76,1.0,0.35,0.35,5.5,30.0,5.454545454545454,0.21975,20.0,0.004139864817261696,0.049813222140073776
P100_B35_L35_p0550_d30,d76,1.0,0.35,0.35,5.5,30.0,5.454545454545454,0.21975,40.0,0.004431241657584906,0.04984818398952484
P100_B35_L35_p0550_d30,d100,1.0,0.35,0.35,5.5,30.0,5.454545454545454,0.21975,0.0,0.00402639526873827,0.0498228557407856
P100_B35_L35_p0550_d30,d100,1.0,0.35,0.35,5.5,30.0,5.454545454545454,0.21975,-20.0,0.004105067811906338,0.049808163195848465
P100_B35_L35_p0550_d30,d100,1.0,0.35,0.35,5.5,30.0,5.454545454545454,0.21975,-40.0,0.004446469713002443,0.049803342670202255
P100_B35_L35_p0550_d30,d100,1.0,0.35,0.35,5.5,30.0,5.454545454545454,0.21975,20.0,0.0040765623562037945,0.049810778349637985
P100_B35_L35_p0550_d30,d100,1.0,0.35,0.35,5.5,30.0,5.454545454545454,0.21975,40.0,0.004423074424266815,0.04980422183871269
P100_B35_L35_p0550_d40,d00,1.0,0.35,0.35,5.5,40.0,7.2727272727272725,0.21975,0.0,0.0031691284384578466,0.049827512353658676
P100_B35_L35_p0550_d40,d00,1.0,0.35,0.35,5.5,40.0,7.2727272727272725,0.21975,-20.0,0.003956656903028488,0.04981724172830582
P100_B35_L35_p0550_d40,d00,1.0,0.35,0.35,5.5,40.0,7.2727272727272725,0.21975,-40.0,0.004154123831540346,0.049992792308330536
P100_B35_L35_p0550_d40,d00,1.0,0.35,0.35,5.5,40.0,7.2727272727272725,0.21975,20.0,0.003743779379874468,0.04981846362352371
P100_B35_L35_p0550_d40,d00,1.0,0.35,0.35,5.5,40.0,7.2727272727272725,0.21975,40.0,0.004090311471372843,0.05000147596001625
P100_B35_L35_p0550_d40,d76,1.0,0.35,0.35,5.5,40.0,7.2727272727272725,0.21975,0.0,0.002992205321788788,0.04982095956802368
P100_B35_L35_p0550_d40,d76,1.0,0.35,0.35,5.5,40.0,7.2727272727272725,0.21975,-20.0,0.003121228190138936,0.049809880554676056
P100_B35_L35_p0550_d40,d76,1.0,0.35,0.35,5.5,40.0,7.2727272727272725,0.21975,-40.0,0.0035205259919166565,0.04984649643301964
P100_B35_L35_p0550_d40,d76,1.0,0.35,0.35,5.5,40.0,7.2727272727272725,0.21975,20.0,0.003055618843063712,0.04981086403131485
P100_B35_L35_p0550_d40,d76,1.0,0.35,0.35,5.5,40.0,7.2727272727272725,0.21975,40.0,0.0035306403879076242,0.04984549060463905
P100_B35_L35_p0550_d40,d100,1.0,0.35,0.35,5.5,40.0,7.2727272727272725,0.21975,0.0,0.0032063808757811785,0.04981895163655281
P100_B35_L35_p0550_d40,d100,1.0,0.35,0.35,5.5,40.0,7.2727272727272725,0.21975,-20.0,0.0033039941918104887,0.049807459115982056
P100_B35_L35_p0550_d40,d100,1.0,0.35,0.35,5.5,40.0,7.2727272727272725,0.21975,-40.0,0.0037544446531683207,0.04980047047138214
P100_B35_L35_p0550_d40,d100,1.0,0.35,0.35,5.5,40.0,7.2727272727272725,0.21975,20.0,0.0032269388902932405,0.049808453768491745
P100_B35_L35_p0550_d40,d100,1.0,0.35,0.35,5.5,40.0,7.2727272727272725,0.21975,40.0,0.003747298615053296,0.04979671910405159
P100_B35_L35_p0550_d50,d00,1.0,0.35,0.35,5.5,50.0,9.090909090909092,0.21975,0.0,0.002715370384976268,0.04982689023017883
P100_B35_L35_p0550_d50,d00,1.0,0.35,0.35,5.5,50.0,9.090909090909092,0.21975,-20.0,0.002791633829474449,0.04982153698801994
P100_B35_L35_p0550_d50,d00,1.0,0.35,0.35,5.5,50.0,9.090909090909092,0.21975,-40.0,0.003451083553954959,0.05000384896993637
P100_B35_L35_p0550_d50,d00,1.0,0.35,0.35,5.5,50.0,9.090909090909092,0.21975,20.0,0.0027400441467761993,0.04982208460569382
P100_B35_L35_p0550_d50,d00,1.0,0.35,0.35,5.5,50.0,9.090909090909092,0.21975,40.0,0.0033683939836919308,0.04999883845448494
P100_B35_L35_p0550_d50,d76,1.0,0.35,0.35,5.5,50.0,9.090909090909092,0.21975,0.0,0.002459583804011345,0.04982086643576622
P100_B35_L35_p0550_d50,d76,1.0,0.35,0.35,5.5,50.0,9.090909090909092,0.21975,-20.0,0.002545001683756709,0.049813881516456604
P100_B35_L35_p0550_d50,d76,1.0,0.35,0.35,5.5,50.0,9.090909090909092,0.21975,-40.0,0.0031241513788700104,0.04984856769442558
P100_B35_L35_p0550_d50,d76,1.0,0.35,0.35,5.5,50.0,9.090909090909092,0.21975,20.0,0.0025576413609087467,0.04981387034058571
P100_B35_L35_p0550_d50,d76,1.0,0.35,0.35,5.5,50.0,9.090909090909092,0.21975,40.0,0.003090988378971815,0.04984789714217186
P100_B35_L35_p0550_d50,d100,1.0,0.35,0.35,5.5,50.0,9.090909090909092,0.21975,0.0,0.002595131052657962,0.0498192273080349
P100_B35_L35_p0550_d50,d100,1.0,0.35,0.35,5.5,50.0,9.090909090909092,0.21975,-20.0,0.0027482681907713413,0.04981180652976036
P100_B35_L35_p0550_d50,d100,1.0,0.35,0.35,5.5,50.0,9.090909090909092,0.21975,-40.0,0.0033470189664512873,0.04979895427823067
P100_B35_L35_p0550_d50,d100,1.0,0.35,0.35,5.5,50.0,9.090909090909092,0.21975,20.0,0.0027347321156412363,0.04981197416782379
P100_B35_L35_p0550_d50,d100,1.0,0.35,0.35,5.5,50.0,9.090909090909092,0.21975,40.0,0.0032820275519043207,0.04980168119072914
P100_B35_L35_p0750_d20,d00,1.0,0.35,0.35,7.5,20.0,2.6666666666666665,0.21975,0.0,0.07289823144674301,0.049947936087846756
P100_B35_L35_p0750_d20,d00,1.0,0.35,0.35,7.5,20.0,2.6666666666666665,0.21975,-20.0,0.034422144293785095,0.049944836646318436
P100_B35_L35_p0750_d20,d00,1.0,0.35,0.35,7.5,20.0,2.6666666666666665,0.21975,-40.0,0.04087383300065994,0.04999978467822075
P100_B35_L35_p0750_d20,d00,1.0,0.35,0.35,7.5,20.0,2.6666666666666665,0.21975,20.0,0.03449410945177078,0.049945227801799774
P100_B35_L35_p0750_d20,d00,1.0,0.35,0.35,7.5,20.0,2.6666666666666665,0.21975,40.0,0.04209756478667259,0.049998655915260315
P100_B35_L35_p0750_d20,d76,1.0,0.35,0.35,7.5,20.0,2.6666666666666665,0.21975,0.0,0.016399670392274857,0.04994627460837364
P100_B35_L35_p0750_d20,d76,1.0,0.35,0.35,7.5,20.0,2.6666666666666665,0.21975,-20.0,0.010209780186414719,0.04994242638349533
P100_B35_L35_p0750_d20,d76,1.0,0.35,0.35,7.5,20.0,2.6666666666666665,0.21975,-40.0,0.012519707903265953,0.049957387149333954
P100_B35_L35_p0750_d20,d76,1.0,0.35,0.35,7.5,20.0,2.6666666666666665,0.21975,20.0,0.010187669657170773,0.049942497164011
P100_B35_L35_p0750_d20,d76,1.0,0.35,0.35,7.5,20.0,2.6666666666666665,0.21975,40.0,0.012834513559937477,0.049958422780036926
P100_B35_L35_p0750_d20,d100,1.0,0.35,0.35,7.5,20.0,2.6666666666666665,0.21975,0.0,0.006653930060565472,0.04994579777121544
P100_B35_L35_p0750_d20,d100,1.0,0.35,0.35,7.5,20.0,2.6666666666666665,0.21975,-20.0,0.006711095105856657,0.04994172230362892
P100_B35_L35_p0750_d20,d100,1.0,0.35,0.35,7.5,20.0,2.6666666666666665,0.21975,-40.0,0.006753319874405861,0.04994293302297592
P100_B35_L35_p0750_d20,d100,1.0,0.35,0.35,7.5,20.0,2.6666666666666665,0.21975,20.0,0.00668340502306819,0.049941807985305786
P100_B35_L35_p0750_d20,d100,1.0,0.35,0.35,7.5,20.0,2.6666666666666665,0.21975,40.0,0.00672851363196969,0.04994485154747963
P100_B35_L35_p0750_d30,d00,1.0,0.35,0.35,7.5,30.0,4.0,0.21975,0.0,0.014761032536625862,0.04990644380450249
P100_B35_L35_p0750_d30,d00,1.0,0.35,0.35,7.5,30.0,4.0,0.21975,-20.0,0.0144690265879035,0.049890611320734024
P100_B35_L35_p0750_d30,d00,1.0,0.35,0.35,7.5,30.0,4.0,0.21975,-40.0,0.01603102497756481,0.04999559372663498
P100_B35_L35_p0750_d30,d00,1.0,0.35,0.35,7.5,30.0,4.0,0.21975,20.0,0.01502908393740654,0.049888499081134796
P100_B35_L35_p0750_d30,d00,1.0,0.35,0.35,7.5,30.0,4.0,0.21975,40.0,0.016101671382784843,0.04999806731939316
P100_B35_L35_p0750_d30,d76,1.0,0.35,0.35,7.5,30.0,4.0,0.21975,0.0,0.005598793271929026,0.049902986735105515
P100_B35_L35_p0750_d30,d76,1.0,0.35,0.35,7.5,30.0,4.0,0.21975,-20.0,0.005742471199482679,0.04988578334450722
P100_B35_L35_p0750_d30,d76,1.0,0.35,0.35,7.5,30.0,4.0,0.21975,-40.0,0.006490041967481375,0.049915965646505356
P100_B35_L35_p0750_d30,d76,1.0,0.35,0.35,7.5,30.0,4.0,0.21975,20.0,0.0059545948170125484,0.0498831681907177
P100_B35_L35_p0750_d30,d76,1.0,0.35,0.35,7.5,30.0,4.0,0.21975,40.0,0.006559143774211407,0.049918100237846375
P100_B35_L35_p0750_d30,d100,1.0,0.35,0.35,7.5,30.0,4.0,0.21975,0.0,0.0051589529030025005,0.04990221560001373
P100_B35_L35_p0750_d30,d100,1.0,0.35,0.35,7.5,30.0,4.0,0.21975,-20.0,0.00518424529582262,0.049884259700775146
P100_B35_L35_p0750_d30,d100,1.0,0.35,0.35,7.5,30.0,4.0,0.21975,-40.0,0.005375297274440527,0.04989061877131462
P100_B35_L35_p0750_d30,d100,1.0,0.35,0.35,7.5,30.0,4.0,0.21975,20.0,0.005343193653970957,0.049881864339113235
P100_B35_L35_p0750_d30,d100,1.0,0.35,0.35,7.5,30.0,4.0,0.21975,40.0,0.005464277695864439,0.04989166557788849
P100_B35_L35_p0750_d40,d00,1.0,0.35,0.35,7.5,40.0,5.333333333333333,0.21975,0.0,0.005386610981076956,0.04990134760737419
P100_B35_L35_p0750_d40,d00,1.0,0.35,0.35,7.5,40.0,5.333333333333333,0.21975,-20.0,0.008619324304163456,0.04989700764417648
P100_B35_L35_p0750_d40,d00,1.0,0.35,0.35,7.5,40.0,5.333333333333333,0.21975,-40.0,0.008354444056749344,0.05000048130750656
P100_B35_L35_p0750_d40,d00,1.0,0.35,0.35,7.5,40.0,5.333333333333333,0.21975,20.0,0.00859918724745512,0.04989225044846535
P100_B35_L35_p0750_d40,d00,1.0,0.35,0.35,7.5,40.0,5.333333333333333,0.21975,40.0,0.008311121724545956,0.049999743700027466
P100_B35_L35_p0750_d40,d76,1.0,0.35,0.35,7.5,40.0,5.333333333333333,0.21975,0.0,0.003804595675319433,0.0498976930975914
P100_B35_L35_p0750_d40,d76,1.0,0.35,0.35,7.5,40.0,5.333333333333333,0.21975,-20.0,0.004310753662139177,0.04989280924201012
P100_B35_L35_p0750_d40,d76,1.0,0.35,0.35,7.5,40.0,5.333333333333333,0.21975,-40.0,0.004607463255524635,0.04991207271814346
P100_B35_L35_p0750_d40,d76,1.0,0.35,0.35,7.5,40.0,5.333333333333333,0.21975,20.0,0.004282476846128702,0.049887269735336304
P100_B35_L35_p0750_d40,d76,1.0,0.35,0.35,7.5,40.0,5.333333333333333,0.21975,40.0,0.0045701609924435616,0.04991469532251358
P100_B35_L35_p0750_d40,d100,1.0,0.35,0.35,7.5,40.0,5.333333333333333,0.21975,0.0,0.004026469774544239,0.0498967207968235
P100_B35_L35_p0750_d40,d100,1.0,0.35,0.35,7.5,40.0,5.333333333333333,0.21975,-20.0,0.004151711706072092,0.04989089444279671
P100_B35_L35_p0750_d40,d100,1.0,0.35,0.35,7.5,40.0,5.333333333333333,0.21975,-40.0,0.00448944978415966,0.04988447576761246
P100_B35_L35_p0750_d40,d100,1.0,0.35,0.35,7.5,40.0,5.333333333333333,0.21975,20.0,0.0041112410835921764,0.049885716289281845
P100_B35_L35_p0750_d40,d100,1.0,0.35,0.35,7.5,40.0,5.333333333333333,0.21975,40.0,0.004438591655343771,0.04988853633403778
P100_B35_L35_p0750_d50,d00,1.0,0.35,0.35,7.5,50.0,6.666666666666667,0.21975,0.0,0.003654062980785966,0.04989480972290039
P100_B35_L35_p0750_d50,d00,1.0,0.35,0.35,7.5,50.0,6.666666666666667,0.21975,-20.0,0.004712034482508898,0.04987934231758118
P100_B35_L35_p0750_d50,d00,1.0,0.35,0.35,7.5,50.0,6.666666666666667,0.21975,-40.0,0.004864823538810015,0.05000229552388191
P100_B35_L35_p0750_d50,d00,1.0,0.35,0.35,7.5,50.0,6.666666666666667,0.21975,20.0,0.004718927200883627,0.0498807393014431
P100_B35_L35_p0750_d50,d00,1.0,0.35,0.35,7.5,50.0,6.666666666666667,0.21975,40.0,0.004782935604453087,0.0500013530254364
P100_B35_L35_p0750_d50,d76,1.0,0.35,0.35,7.5,50.0,6.666666666666667,0.21975,0.0,0.003237110562622547,0.049891360104084015
P100_B35_L35_p0750_d50,d76,1.0,0.35,0.35,7.5,50.0,6.666666666666667,0.21975,-20.0,0.003395082661882043,0.04987309128046036
P100_B35_L35_p0750_d50,d76,1.0,0.35,0.35,7.5,50.0,6.666666666666667,0.21975,-40.0,0.0037577147595584393,0.04990982636809349
P100_B35_L35_p0750_d50,d76,1.0,0.35,0.35,7.5,50.0,6.666666666666667,0.21975,20.0,0.0033810108434408903,0.04987557604908943
P100_B35_L35_p0750_d50,d76,1.0,0.35,0.35,7.5,50.0,6.666666666666667,0.21975,40.0,0.003749115625396371,0.04990735277533531
P100_B35_L35_p0750_d50,d100,1.0,0.35,0.35,7.5,50.0,6.666666666666667,0.21975,0.0,0.0034884964115917683,0.049890272319316864
P100_B35_L35_p0750_d50,d100,1.0,0.35,0.35,7.5,50.0,6.666666666666667,0.21975,-20.0,0.003552274312824011,0.04987158626317978
P100_B35_L35_p0750_d50,d100,1.0,0.35,0.35,7.5,50.0,6.666666666666667,0.21975,-40.0,0.003992115147411823,0.04987984895706177
P100_B35_L35_p0750_d50,d100,1.0,0.35,0.35,7.5,50.0,6.666666666666667,0.21975,20.0,0.003502436215057969,0.04987427964806557
P100_B35_L35_p0750_d50,d100,1.0,0.35,0.35,7.5,50.0,6.666666666666667,0.21975,40.0,0.003957133740186691,0.049878232181072235
P100_B35_L35_p1100_d20,d00,1.0,0.35,0.35,11.0,20.0,1.8181818181818181,0.21975,0.0,0.03810034692287445,0.04996778443455696
P100_B35_L35_p1100_d20,d00,1.0,0.35,0.35,11.0,20.0,1.8181818181818181,0.21975,-20.0,0.061684396117925644,0.049959346652030945
P100_B35_L35_p1100_d20,d00,1.0,0.35,0.35,11.0,20.0,1.8181818181818181,0.21975,-40.0,0.06397085636854172,0.049999866634607315
P100_B35_L35_p1100_d20,d00,1.0,0.35,0.35,11.0,20.0,1.8181818181818181,0.21975,20.0,0.06249726191163063,0.04996015876531601
P100_B35_L35_p1100_d20,d00,1.0,0.35,0.35,11.0,20.0,1.8181818181818181,0.21975,40.0,0.05938223749399185,0.05000080168247223
P100_B35_L35_p1100_d20,d76,1.0,0.35,0.35,11.0,20.0,1.8181818181818181,0.21975,0.0,0.014450673945248127,0.049966584891080856
P100_B35_L35_p1100_d20,d76,1.0,0.35,0.35,11.0,20.0,1.8181818181818181,0.21975,-20.0,0.018461283296346664,0.049957796931266785
P100_B35_L35_p1100_d20,d76,1.0,0.35,0.35,11.0,20.0,1.8181818181818181,0.21975,-40.0,0.018971895799040794,0.04997014254331589
P100_B35_L35_p1100_d20,d76,1.0,0.35,0.35,11.0,20.0,1.8181818181818181,0.21975,20.0,0.018544605001807213,0.04995858296751976
P100_B35_L35_p1100_d20,d76,1.0,0.35,0.35,11.0,20.0,1.8181818181818181,0.21975,40.0,0.017964525148272514,0.04996929690241814
P100_B35_L35_p1100_d20,d100,1.0,0.35,0.35,11.0,20.0,1.8181818181818181,0.21975,0.0,0.007970292121171951,0.049966100603342056
P100_B35_L35_p1100_d20,d100,1.0,0.35,0.35,11.0,20.0,1.8181818181818181,0.21975,-20.0,0.007965999655425549,0.04995717853307724
P100_B35_L35_p1100_d20,d100,1.0,0.35,0.35,11.0,20.0,1.8181818181818181,0.21975,-40.0,0.007867210544645786,0.049961090087890625
P100_B35_L35_p1100_d20,d100,1.0,0.35,0.35,11.0,20.0,1.8181818181818181,0.21975,20.0,0.00792918261140585,0.04995787888765335
P100_B35_L35_p1100_d20,d100,1.0,0.35,0.35,11.0,20.0,1.8181818181818181,0.21975,40.0,0.007854914292693138,0.04995948076248169
P100_B35_L35_p1100_d30,d00,1.0,0.35,0.35,11.0,30.0,2.727272727272727,0.21975,0.0,0.0702052116394043,0.0499364398419857
P100_B35_L35_p1100_d30,d00,1.0,0.35,0.35,11.0,30.0,2.727272727272727,0.21975,-20.0,0.033236920833587646,0.04993349313735962
P100_B35_L35_p1100_d30,d00,1.0,0.35,0.35,11.0,30.0,2.727272727272727,0.21975,-40.0,0.04023000970482826,0.049999773502349854
P100_B35_L35_p1100_d30,d00,1.0,0.35,0.35,11.0,30.0,2.727272727272727,0.21975,20.0,0.03107307478785515,0.04993348568677902
P100_B35_L35_p1100_d30,d00,1.0,0.35,0.35,11.0,30.0,2.727272727272727,0.21975,40.0,0.03454035893082619,0.050001680850982666
P100_B35_L35_p1100_d30,d76,1.0,0.35,0.35,11.0,30.0,2.727272727272727,0.21975,0.0,0.015945641323924065,0.049934420734643936
P100_B35_L35_p1100_d30,d76,1.0,0.35,0.35,11.0,30.0,2.727272727272727,0.21975,-20.0,0.010055765509605408,0.049930471926927567
P100_B35_L35_p1100_d30,d76,1.0,0.35,0.35,11.0,30.0,2.727272727272727,0.21975,-40.0,0.012469062581658363,0.049946319311857224
P100_B35_L35_p1100_d30,d76,1.0,0.35,0.35,11.0,30.0,2.727272727272727,0.21975,20.0,0.009394842199981213,0.049930550158023834
P100_B35_L35_p1100_d30,d76,1.0,0.35,0.35,11.0,30.0,2.727272727272727,0.21975,40.0,0.011140399612486362,0.04995008930563927
P100_B35_L35_p1100_d30,d100,1.0,0.35,0.35,11.0,30.0,2.727272727272727,0.21975,0.0,0.006606995593756437,0.04993346333503723
P100_B35_L35_p1100_d30,d100,1.0,0.35,0.35,11.0,30.0,2.727272727272727,0.21975,-20.0,0.006726413033902645,0.04992954432964325
P100_B35_L35_p1100_d30,d100,1.0,0.35,0.35,11.0,30.0,2.727272727272727,0.21975,-40.0,0.006753893103450537,0.0499291867017746
P100_B35_L35_p1100_d30,d100,1.0,0.35,0.35,11.0,30.0,2.727272727272727,0.21975,20.0,0.0064376420341432095,0.04992970824241638
P100_B35_L35_p1100_d30,d100,1.0,0.35,0.35,11.0,30.0,2.727272727272727,0.21975,40.0,0.006478549912571907,0.049933504313230515
P100_B35_L35_p1100_d40,d00,1.0,0.35,0.35,11.0,40.0,3.6363636363636362,0.21975,0.0,0.024373628199100494,0.049943502992391586
P100_B35_L35_p1100_d40,d00,1.0,0.35,0.35,11.0,40.0,3.6363636363636362,0.21975,-20.0,0.01928805187344551,0.04993880167603493
P100_B35_L35_p1100_d40,d00,1.0,0.35,0.35,11.0,40.0,3.6363636363636362,0.21975,-40.0,0.020592596381902695,0.04999558627605438
P100_B35_L35_p1100_d40,d00,1.0,0.35,0.35,11.0,40.0,3.6363636363636362,0.21975,20.0,0.020114906132221222,0.04993675649166107
P100_B35_L35_p1100_d40,d00,1.0,0.35,0.35,11.0,40.0,3.6363636363636362,0.21975,40.0,0.02029222995042801,0.04999890550971031
P100_B35_L35_p1100_d40,d76,1.0,0.35,0.35,11.0,40.0,3.6363636363636362,0.21975,0.0,0.0072305453941226006,0.04994163289666176
P100_B35_L35_p1100_d40,d76,1.0,0.35,0.35,11.0,40.0,3.6363636363636362,0.21975,-20.0,0.0068795704282820225,0.04993581399321556
P100_B35_L35_p1100_d40,d76,1.0,0.35,0.35,11.0,40.0,3.6363636363636362,0.21975,-40.0,0.00763506768271327,0.04994693025946617
P100_B35_L35_p1100_d40,d76,1.0,0.35,0.35,11.0,40.0,3.6363636363636362,0.21975,20.0,0.0069799902848899364,0.049934022128582
P100_B35_L35_p1100_d40,d76,1.0,0.35,0.35,11.0,40.0,3.6363636363636362,0.21975,40.0,0.007628527004271746,0.0499483123421669
P100_B35_L35_p1100_d40,d100,1.0,0.35,0.35,11.0,40.0,3.6363636363636362,0.21975,0.0,0.0058438885025680065,0.049940984696149826
P100_B35_L35_p1100_d40,d100,1.0,0.35,0.35,11.0,40.0,3.6363636363636362,0.21975,-20.0,0.005803511943668127,0.049935221672058105
P100_B35_L35_p1100_d40,d100,1.0,0.35,0.35,11.0,40.0,3.6363636363636362,0.21975,-40.0,0.005885718390345573,0.04993215575814247
P100_B35_L35_p1100_d40,d100,1.0,0.35,0.35,11.0,40.0,3.6363636363636362,0.21975,20.0,0.005814557429403067,0.04993343725800514
P100_B35_L35_p1100_d40,d100,1.0,0.35,0.35,11.0,40.0,3.6363636363636362,0.21975,40.0,0.005833049304783344,0.04993298649787903
P100_B35_L35_p1100_d50,d00,1.0,0.35,0.35,11.0,50.0,4.545454545454546,0.21975,0.0,0.009884560480713844,0.04994665086269379
P100_B35_L35_p1100_d50,d00,1.0,0.35,0.35,11.0,50.0,4.545454545454546,0.21975,-20.0,0.012222398072481155,0.04993659630417824
P100_B35_L35_p1100_d50,d00,1.0,0.35,0.35,11.0,50.0,4.545454545454546,0.21975,-40.0,0.013519824482500553,0.04999834671616554
P100_B35_L35_p1100_d50,d00,1.0,0.35,0.35,11.0,50.0,4.545454545454546,0.21975,20.0,0.012218140065670013,0.04994068667292595
P100_B35_L35_p1100_d50,d00,1.0,0.35,0.35,11.0,50.0,4.545454545454546,0.21975,40.0,0.014150692149996758,0.049999937415122986
P100_B35_L35_p1100_d50,d76,1.0,0.35,0.35,11.0,50.0,4.545454545454546,0.21975,0.0,0.0049475738778710365,0.04994484782218933
P100_B35_L35_p1100_d50,d76,1.0,0.35,0.35,11.0,50.0,4.545454545454546,0.21975,-20.0,0.005162342917174101,0.049933865666389465
P100_B35_L35_p1100_d50,d76,1.0,0.35,0.35,11.0,50.0,4.545454545454546,0.21975,-40.0,0.005821526516228914,0.04995258152484894
P100_B35_L35_p1100_d50,d76,1.0,0.35,0.35,11.0,50.0,4.545454545454546,0.21975,20.0,0.005170971620827913,0.04993853345513344
P100_B35_L35_p1100_d50,d76,1.0,0.35,0.35,11.0,50.0,4.545454545454546,0.21975,40.0,0.005937240086495876,0.049953605979681015
P100_B35_L35_p1100_d50,d100,1.0,0.35,0.35,11.0,50.0,4.545454545454546,0.21975,0.0,0.004906241782009602,0.049944281578063965
P100_B35_L35_p1100_d50,d100,1.0,0.35,0.35,11.0,50.0,4.545454545454546,0.21975,-20.0,0.0048195188865065575,0.0499328151345253
P100_B35_L35_p1100_d50,d100,1.0,0.35,0.35,11.0,50.0,4.545454545454546,0.21975,-40.0,0.005051842890679836,0.049938447773456573
P100_B35_L35_p1100_d50,d100,1.0,0.35,0.35,11.0,50.0,4.545454545454546,0.21975,20.0,0.004827534779906273,0.049937911331653595
P100_B35_L35_p1100_d50,d100,1.0,0.35,0.35,11.0,50.0,4.545454545454546,0.21975,40.0,0.00506537314504385,0.049938034266233444
P150_B00_L00_p0375_d20,d00,1.5,0.0,0.0,3.75,20.0,5.333333333333333,0.80475,0.0,0.0020285286009311676,0.0498015321791172
P150_B00_L00_p0375_d20,d00,1.5,0.0,0.0,3.75,20.0,5.333333333333333,0.80475,-20.0,0.0016275577945634723,0.049792733043432236
P150_B00_L00_p0375_d20,d00,1.5,0.0,0.0,3.75,20.0,5.333333333333333,0.80475,-40.0,0.0026207738555967808,0.050001248717308044
P150_B00_L00_p0375_d20,d00,1.5,0.0,0.0,3.75,20.0,5.333333333333333,0.80475,20.0,0.0016467730747535825,0.04979560896754265
P150_B00_L00_p0375_d20,d00,1.5,0.0,0.0,3.75,20.0,5.333333333333333,0.80475,40.0,0.0025617426726967096,0.05000420659780502
P150_B00_L00_p0375_d20,d76,1.5,0.0,0.0,3.75,20.0,5.333333333333333,0.80475,0.0,0.0013238821411505342,0.04979345574975014
P150_B00_L00_p0375_d20,d76,1.5,0.0,0.0,3.75,20.0,5.333333333333333,0.80475,-20.0,0.0015821518609300256,0.04978346452116966
P150_B00_L00_p0375_d20,d76,1.5,0.0,0.0,3.75,20.0,5.333333333333333,0.80475,-40.0,0.002247007330879569,0.04983866959810257
P150_B00_L00_p0375_d20,d76,1.5,0.0,0.0,3.75,20.0,5.333333333333333,0.80475,20.0,0.0015606668312102556,0.04978609085083008
P150_B00_L00_p0375_d20,d76,1.5,0.0,0.0,3.75,20.0,5.333333333333333,0.80475,40.0,0.002238812856376171,0.04983598738908768
P150_B00_L00_p0375_d20,d100,1.5,0.0,0.0,3.75,20.0,5.333333333333333,0.80475,0.0,0.0012382485438138247,0.04979128763079643
P150_B00_L00_p0375_d20,d100,1.5,0.0,0.0,3.75,20.0,5.333333333333333,0.80475,-20.0,0.0017028514994308352,0.04978029429912567
P150_B00_L00_p0375_d20,d100,1.5,0.0,0.0,3.75,20.0,5.333333333333333,0.80475,-40.0,0.0022953751031309366,0.04978719726204872
P150_B00_L00_p0375_d20,d100,1.5,0.0,0.0,3.75,20.0,5.333333333333333,0.80475,20.0,0.0016774539835751057,0.04978276789188385
P150_B00_L00_p0375_d20,d100,1.5,0.0,0.0,3.75,20.0,5.333333333333333,0.80475,40.0,0.002303461777046323,0.049782514572143555
P150_B00_L00_p0375_d30,d00,1.5,0.0,0.0,3.75,30.0,8.0,0.80475,0.0,0.0017086132429540157,0.049681056290864944
P150_B00_L00_p0375_d30,d00,1.5,0.0,0.0,3.75,30.0,8.0,0.80475,-20.0,0.0013740709982812405,0.049654364585876465
P150_B00_L00_p0375_d30,d00,1.5,0.0,0.0,3.75,30.0,8.0,0.80475,-40.0,0.002293898956850171,0.05000915378332138
P150_B00_L00_p0375_d30,d00,1.5,0.0,0.0,3.75,30.0,8.0,0.80475,20.0,0.0013990799197927117,0.04965602234005928
P150_B00_L00_p0375_d30,d00,1.5,0.0,0.0,3.75,30.0,8.0,0.80475,40.0,0.0022742513101547956,0.05001034215092659
P150_B00_L00_p0375_d30,d76,1.5,0.0,0.0,3.75,30.0,8.0,0.80475,0.0,0.0009523852495476604,0.049669817090034485
P150_B00_L00_p0375_d30,d76,1.5,0.0,0.0,3.75,30.0,8.0,0.80475,-20.0,0.001307326485402882,0.04964039847254753
P150_B00_L00_p0375_d30,d76,1.5,0.0,0.0,3.75,30.0,8.0,0.80475,-40.0,0.001971032004803419,0.04972229152917862
P150_B00_L00_p0375_d30,d76,1.5,0.0,0.0,3.75,30.0,8.0,0.80475,20.0,0.0013554979814216495,0.049641359597444534
P150_B00_L00_p0375_d30,d76,1.5,0.0,0.0,3.75,30.0,8.0,0.80475,40.0,0.0020107196178287268,0.049731072038412094
P150_B00_L00_p0375_d30,d100,1.5,0.0,0.0,3.75,30.0,8.0,0.80475,0.0,0.0008012192556634545,0.04966651275753975
P150_B00_L00_p0375_d30,d100,1.5,0.0,0.0,3.75,30.0,8.0,0.80475,-20.0,0.0014039084780961275,0.04963620752096176
P150_B00_L00_p0375_d30,d100,1.5,0.0,0.0,3.75,30.0,8.0,0.80475,-40.0,0.002060594502836466,0.049633290618658066
P150_B00_L00_p0375_d30,d100,1.5,0.0,0.0,3.75,30.0,8.0,0.80475,20.0,0.0014232647372409701,0.04963661730289459
P150_B00_L00_p0375_d30,d100,1.5,0.0,0.0,3.75,30.0,8.0,0.80475,40.0,0.002069039735943079,0.04964027553796768
P150_B00_L00_p0375_d40,d00,1.5,0.0,0.0,3.75,40.0,10.666666666666666,0.80475,0.0,0.0014567343750968575,0.04968637228012085
P150_B00_L00_p0375_d40,d00,1.5,0.0,0.0,3.75,40.0,10.666666666666666,0.80475,-20.0,0.0012528883526101708,0.04966241866350174
P150_B00_L00_p0375_d40,d00,1.5,0.0,0.0,3.75,40.0,10.666666666666666,0.80475,-40.0,0.0021361508406698704,0.050001807510852814
P150_B00_L00_p0375_d40,d00,1.5,0.0,0.0,3.75,40.0,10.666666666666666,0.80475,20.0,0.0012417933903634548,0.049661677330732346
P150_B00_L00_p0375_d40,d00,1.5,0.0,0.0,3.75,40.0,10.666666666666666,0.80475,40.0,0.002085029846057296,0.05000048503279686
P150_B00_L00_p0375_d40,d76,1.5,0.0,0.0,3.75,40.0,10.666666666666666,0.80475,0.0,0.0007353879627771676,0.04967445507645607
P150_B00_L00_p0375_d40,d76,1.5,0.0,0.0,3.75,40.0,10.666666666666666,0.80475,-20.0,0.0011886755237355828,0.04964786395430565
P150_B00_L00_p0375_d40,d76,1.5,0.0,0.0,3.75,40.0,10.666666666666666,0.80475,-40.0,0.0018504454055801034,0.04973255470395088
P150_B00_L00_p0375_d40,d76,1.5,0.0,0.0,3.75,40.0,10.666666666666666,0.80475,20.0,0.001161096035502851,0.04964584857225418
P150_B00_L00_p0375_d40,d76,1.5,0.0,0.0,3.75,40.0,10.666666666666666,0.80475,40.0,0.0018234339077025652,0.04973418265581131
P150_B00_L00_p0375_d40,d100,1.5,0.0,0.0,3.75,40.0,10.666666666666666,0.80475,0.0,0.0005848742439411581,0.04967156797647476
P150_B00_L00_p0375_d40,d100,1.5,0.0,0.0,3.75,40.0,10.666666666666666,0.80475,-20.0,0.001257303636521101,0.049643080681562424
P150_B00_L00_p0375_d40,d100,1.5,0.0,0.0,3.75,40.0,10.666666666666666,0.80475,-40.0,0.001926780678331852,0.049647293984889984
P150_B00_L00_p0375_d40,d100,1.5,0.0,0.0,3.75,40.0,10.666666666666666,0.80475,20.0,0.0012537830043584108,0.04964100942015648
P150_B00_L00_p0375_d40,d100,1.5,0.0,0.0,3.75,40.0,10.666666666666666,0.80475,40.0,0.0019003244815394282,0.04964999482035637
P150_B00_L00_p0375_d50,d00,1.5,0.0,0.0,3.75,50.0,13.333333333333334,0.80475,0.0,0.0012467446504160762,0.049684204161167145
P150_B00_L00_p0375_d50,d00,1.5,0.0,0.0,3.75,50.0,13.333333333333334,0.80475,-20.0,0.0011988070327788591,0.0496598444879055
P150_B00_L00_p0375_d50,d00,1.5,0.0,0.0,3.75,50.0,13.333333333333334,0.80475,-40.0,0.002171263564378023,0.04999407008290291
P150_B00_L00_p0375_d50,d00,1.5,0.0,0.0,3.75,50.0,13.333333333333334,0.80475,20.0,0.0011941813863813877,0.04965685307979584
P150_B00_L00_p0375_d50,d00,1.5,0.0,0.0,3.75,50.0,13.333333333333334,0.80475,40.0,0.002125862520188093,0.05000469461083412
P150_B00_L00_p0375_d50,d76,1.5,0.0,0.0,3.75,50.0,13.333333333333334,0.80475,0.0,0.0006241960218176246,0.04967328533530235
P150_B00_L00_p0375_d50,d76,1.5,0.0,0.0,3.75,50.0,13.333333333333334,0.80475,-20.0,0.0011351018911227584,0.049645502120256424
P150_B00_L00_p0375_d50,d76,1.5,0.0,0.0,3.75,50.0,13.333333333333334,0.80475,-40.0,0.001819645520299673,0.04971949756145477
P150_B00_L00_p0375_d50,d76,1.5,0.0,0.0,3.75,50.0,13.333333333333334,0.80475,20.0,0.0011352257570251822,0.04964281991124153
P150_B00_L00_p0375_d50,d76,1.5,0.0,0.0,3.75,50.0,13.333333333333334,0.80475,40.0,0.0018218577606603503,0.04972415044903755
P150_B00_L00_p0375_d50,d100,1.5,0.0,0.0,3.75,50.0,13.333333333333334,0.80475,0.0,0.0004791325191035867,0.049670323729515076
P150_B00_L00_p0375_d50,d100,1.5,0.0,0.0,3.75,50.0,13.333333333333334,0.80475,-20.0,0.0012068923097103834,0.04964113235473633
P150_B00_L00_p0375_d50,d100,1.5,0.0,0.0,3.75,50.0,13.333333333333334,0.80475,-40.0,0.0018592701526358724,0.04963688552379608
P150_B00_L00_p0375_d50,d100,1.5,0.0,0.0,3.75,50.0,13.333333333333334,0.80475,20.0,0.0012038833228871226,0.04963769391179085
P150_B00_L00_p0375_d50,d100,1.5,0.0,0.0,3.75,50.0,13.333333333333334,0.80475,40.0,0.0018665464594960213,0.049638908356428146
P150_B00_L00_p0550_d20,d00,1.5,0.0,0.0,5.5,20.0,3.6363636363636362,0.80475,0.0,0.002437007147818804,0.049905359745025635
P150_B00_L00_p0550_d20,d00,1.5,0.0,0.0,5.5,20.0,3.6363636363636362,0.80475,-20.0,0.0020994774531573057,0.04990342631936073
P150_B00_L00_p0550_d20,d00,1.5,0.0,0.0,5.5,20.0,3.6363636363636362,0.80475,-40.0,0.0025903619825839996,0.05000029131770134
P150_B00_L00_p0550_d20,d00,1.5,0.0,0.0,5.5,20.0,3.6363636363636362,0.80475,20.0,0.0020776574965566397,0.04990450292825699
P150_B00_L00_p0550_d20,d00,1.5,0.0,0.0,5.5,20.0,3.6363636363636362,0.80475,40.0,0.002633015625178814,0.049999337643384933
P150_B00_L00_p0550_d20,d76,1.5,0.0,0.0,5.5,20.0,3.6363636363636362,0.80475,0.0,0.0019452722044661641,0.04990111291408539
P150_B00_L00_p0550_d20,d76,1.5,0.0,0.0,5.5,20.0,3.6363636363636362,0.80475,-20.0,0.0020258992444723845,0.049899470061063766
P150_B00_L00_p0550_d20,d76,1.5,0.0,0.0,5.5,20.0,3.6363636363636362,0.80475,-40.0,0.0025610553566366434,0.04991898313164711
P150_B00_L00_p0550_d20,d76,1.5,0.0,0.0,5.5,20.0,3.6363636363636362,0.80475,20.0,0.0020021686796098948,0.049900542944669724
P150_B00_L00_p0550_d20,d76,1.5,0.0,0.0,5.5,20.0,3.6363636363636362,0.80475,40.0,0.002573208184912801,0.049914177507162094
P150_B00_L00_p0550_d20,d100,1.5,0.0,0.0,5.5,20.0,3.6363636363636362,0.80475,0.0,0.001956770895048976,0.04989994689822197
P150_B00_L00_p0550_d20,d100,1.5,0.0,0.0,5.5,20.0,3.6363636363636362,0.80475,-20.0,0.0021895188838243484,0.04989839717745781
P150_B00_L00_p0550_d20,d100,1.5,0.0,0.0,5.5,20.0,3.6363636363636362,0.80475,-40.0,0.002762281335890293,0.04989270493388176
P150_B00_L00_p0550_d20,d100,1.5,0.0,0.0,5.5,20.0,3.6363636363636362,0.80475,20.0,0.0021612560376524925,0.04989934340119362
P150_B00_L00_p0550_d20,d100,1.5,0.0,0.0,5.5,20.0,3.6363636363636362,0.80475,40.0,0.002732324879616499,0.04988744482398033
P150_B00_L00_p0550_d30,d00,1.5,0.0,0.0,5.5,30.0,5.454545454545454,0.80475,0.0,0.001988023752346635,0.04985285922884941
P150_B00_L00_p0550_d30,d00,1.5,0.0,0.0,5.5,30.0,5.454545454545454,0.80475,-20.0,0.0016351195517927408,0.04984891787171364
P150_B00_L00_p0550_d30,d00,1.5,0.0,0.0,5.5,30.0,5.454545454545454,0.80475,-40.0,0.0023411372676491737,0.0499950535595417
P150_B00_L00_p0550_d30,d00,1.5,0.0,0.0,5.5,30.0,5.454545454545454,0.80475,20.0,0.0016154729528352618,0.049849674105644226
P150_B00_L00_p0550_d30,d00,1.5,0.0,0.0,5.5,30.0,5.454545454545454,0.80475,40.0,0.0023671232629567385,0.04999725893139839
P150_B00_L00_p0550_d30,d76,1.5,0.0,0.0,5.5,30.0,5.454545454545454,0.80475,0.0,0.0013264123117551208,0.04984733462333679
P150_B00_L00_p0550_d30,d76,1.5,0.0,0.0,5.5,30.0,5.454545454545454,0.80475,-20.0,0.0015649875858798623,0.0498432032763958
P150_B00_L00_p0550_d30,d76,1.5,0.0,0.0,5.5,30.0,5.454545454545454,0.80475,-40.0,0.0021647680550813675,0.04986882209777832
P150_B00_L00_p0550_d30,d76,1.5,0.0,0.0,5.5,30.0,5.454545454545454,0.80475,20.0,0.0015374604845419526,0.04984353482723236
P150_B00_L00_p0550_d30,d76,1.5,0.0,0.0,5.5,30.0,5.454545454545454,0.80475,40.0,0.002185868564993143,0.04987053573131561
P150_B00_L00_p0550_d30,d100,1.5,0.0,0.0,5.5,30.0,5.454545454545454,0.80475,0.0,0.0012432612711563706,0.049845464527606964
P150_B00_L00_p0550_d30,d100,1.5,0.0,0.0,5.5,30.0,5.454545454545454,0.80475,-20.0,0.0016925378004088998,0.0498412624001503
P150_B00_L00_p0550_d30,d100,1.5,0.0,0.0,5.5,30.0,5.454545454545454,0.80475,-40.0,0.0023243750911206007,0.0498291477560997
P150_B00_L00_p0550_d30,d100,1.5,0.0,0.0,5.5,30.0,5.454545454545454,0.80475,20.0,0.0016686267917975783,0.04984147846698761
P150_B00_L00_p0550_d30,d100,1.5,0.0,0.0,5.5,30.0,5.454545454545454,0.80475,40.0,0.0023053798358887434,0.04983050003647804
P150_B00_L00_p0550_d40,d00,1.5,0.0,0.0,5.5,40.0,7.2727272727272725,0.80475,0.0,0.001760332379490137,0.04985496401786804
P150_B00_L00_p0550_d40,d00,1.5,0.0,0.0,5.5,40.0,7.2727272727272725,0.80475,-20.0,0.0013976740883663297,0.049843527376651764
P150_B00_L00_p0550_d40,d00,1.5,0.0,0.0,5.5,40.0,7.2727272727272725,0.80475,-40.0,0.0020258843433111906,0.04999539256095886
P150_B00_L00_p0550_d40,d00,1.5,0.0,0.0,5.5,40.0,7.2727272727272725,0.80475,20.0,0.0013987000565975904,0.049845919013023376
P150_B00_L00_p0550_d40,d00,1.5,0.0,0.0,5.5,40.0,7.2727272727272725,0.80475,40.0,0.0020833807066082954,0.05000443756580353
P150_B00_L00_p0550_d40,d76,1.5,0.0,0.0,5.5,40.0,7.2727272727272725,0.80475,0.0,0.001047080964781344,0.04984968528151512
P150_B00_L00_p0550_d40,d76,1.5,0.0,0.0,5.5,40.0,7.2727272727272725,0.80475,-20.0,0.001334260101430118,0.049837175756692886
P150_B00_L00_p0550_d40,d76,1.5,0.0,0.0,5.5,40.0,7.2727272727272725,0.80475,-40.0,0.001903674565255642,0.049872979521751404
P150_B00_L00_p0550_d40,d76,1.5,0.0,0.0,5.5,40.0,7.2727272727272725,0.80475,20.0,0.001328707323409617,0.049839768558740616
P150_B00_L00_p0550_d40,d76,1.5,0.0,0.0,5.5,40.0,7.2727272727272725,0.80475,40.0,0.001964909490197897,0.04987150430679321
P150_B00_L00_p0550_d40,d100,1.5,0.0,0.0,5.5,40.0,7.2727272727272725,0.80475,0.0,0.0009030179353430867,0.0498480461537838
P150_B00_L00_p0550_d40,d100,1.5,0.0,0.0,5.5,40.0,7.2727272727272725,0.80475,-20.0,0.0014496637741103768,0.049834467470645905
P150_B00_L00_p0550_d40,d100,1.5,0.0,0.0,5.5,40.0,7.2727272727272725,0.80475,-40.0,0.0020554647780954838,0.049834929406642914
P150_B00_L00_p0550_d40,d100,1.5,0.0,0.0,5.5,40.0,7.2727272727272725,0.80475,20.0,0.0014353549340739846,0.04983724281191826
P150_B00_L00_p0550_d40,d100,1.5,0.0,0.0,5.5,40.0,7.2727272727272725,0.80475,40.0,0.0021119818557053804,0.049828991293907166
P150_B00_L00_p0550_d50,d00,1.5,0.0,0.0,5.5,50.0,9.090909090909092,0.80475,0.0,0.001561091048642993,0.049850139766931534
P150_B00_L00_p0550_d50,d00,1.5,0.0,0.0,5.5,50.0,9.090909090909092,0.80475,-20.0,0.0012991824187338352,0.049845755100250244
P150_B00_L00_p0550_d50,d00,1.5,0.0,0.0,5.5,50.0,9.090909090909092,0.80475,-40.0,0.0019501353381201625,0.0500088706612587
P150_B00_L00_p0550_d50,d00,1.5,0.0,0.0,5.5,50.0,9.090909090909092,0.80475,20.0,0.0013035665033385158,0.04984814673662186
P150_B00_L00_p0550_d50,d00,1.5,0.0,0.0,5.5,50.0,9.090909090909092,0.80475,40.0,0.0019587622955441475,0.049999602138996124
P150_B00_L00_p0550_d50,d76,1.5,0.0,0.0,5.5,50.0,9.090909090909092,0.80475,0.0,0.0008397494675591588,0.049844905734062195
P150_B00_L00_p0550_d50,d76,1.5,0.0,0.0,5.5,50.0,9.090909090909092,0.80475,-20.0,0.0012599659385159612,0.04983934760093689
P150_B00_L00_p0550_d50,d76,1.5,0.0,0.0,5.5,50.0,9.090909090909092,0.80475,-40.0,0.0018398375250399113,0.04987141862511635
P150_B00_L00_p0550_d50,d76,1.5,0.0,0.0,5.5,50.0,9.090909090909092,0.80475,20.0,0.0012239109491929412,0.049841124564409256
P150_B00_L00_p0550_d50,d76,1.5,0.0,0.0,5.5,50.0,9.090909090909092,0.80475,40.0,0.0018681572983041406,0.04987545683979988
P150_B00_L00_p0550_d50,d100,1.5,0.0,0.0,5.5,50.0,9.090909090909092,0.80475,0.0,0.0006975877331569791,0.04984322935342789
P150_B00_L00_p0550_d50,d100,1.5,0.0,0.0,5.5,50.0,9.090909090909092,0.80475,-20.0,0.0013299129204824567,0.04983733221888542
P150_B00_L00_p0550_d50,d100,1.5,0.0,0.0,5.5,50.0,9.090909090909092,0.80475,-40.0,0.0019790218211710453,0.04982857406139374
P150_B00_L00_p0550_d50,d100,1.5,0.0,0.0,5.5,50.0,9.090909090909092,0.80475,20.0,0.0012867394834756851,0.049839191138744354
P150_B00_L00_p0550_d50,d100,1.5,0.0,0.0,5.5,50.0,9.090909090909092,0.80475,40.0,0.0019385344348847866,0.049834661185741425
P150_B00_L00_p0750_d20,d00,1.5,0.0,0.0,7.5,20.0,2.6666666666666665,0.80475,0.0,0.002974614268168807,0.04995973780751228
P150_B00_L00_p0750_d20,d00,1.5,0.0,0.0,7.5,20.0,2.6666666666666665,0.80475,-20.0,0.003086799755692482,0.04995772987604141
P150_B00_L00_p0750_d20,d00,1.5,0.0,0.0,7.5,20.0,2.6666666666666665,0.80475,-40.0,0.0031115226447582245,0.049999795854091644
P150_B00_L00_p0750_d20,d00,1.5,0.0,0.0,7.5,20.0,2.6666666666666665,0.80475,20.0,0.003098520915955305,0.0499577596783638
P150_B00_L00_p0750_d20,d00,1.5,0.0,0.0,7.5,20.0,2.6666666666666665,0.80475,40.0,0.0031475031282752752,0.04999961704015732
P150_B00_L00_p0750_d20,d76,1.5,0.0,0.0,7.5,20.0,2.6666666666666665,0.80475,0.0,0.002562574576586485,0.04995853453874588
P150_B00_L00_p0750_d20,d76,1.5,0.0,0.0,7.5,20.0,2.6666666666666665,0.80475,-20.0,0.002633225405588746,0.049955904483795166
P150_B00_L00_p0750_d20,d76,1.5,0.0,0.0,7.5,20.0,2.6666666666666665,0.80475,-40.0,0.0030492350924760103,0.04996725544333458
P150_B00_L00_p0750_d20,d76,1.5,0.0,0.0,7.5,20.0,2.6666666666666665,0.80475,20.0,0.002646845066919923,0.04995623603463173
P150_B00_L00_p0750_d20,d76,1.5,0.0,0.0,7.5,20.0,2.6666666666666665,0.80475,40.0,0.003073133761063218,0.049966853111982346
P150_B00_L00_p0750_d20,d100,1.5,0.0,0.0,7.5,20.0,2.6666666666666665,0.80475,0.0,0.0027124304324388504,0.04995805397629738
P150_B00_L00_p0750_d20,d100,1.5,0.0,0.0,7.5,20.0,2.6666666666666665,0.80475,-20.0,0.002848041011020541,0.049955103546381
P150_B00_L00_p0750_d20,d100,1.5,0.0,0.0,7.5,20.0,2.6666666666666665,0.80475,-40.0,0.003319063223898411,0.049956824630498886
P150_B00_L00_p0750_d20,d100,1.5,0.0,0.0,7.5,20.0,2.6666666666666665,0.80475,20.0,0.0028159741777926683,0.04995568096637726
P150_B00_L00_p0750_d20,d100,1.5,0.0,0.0,7.5,20.0,2.6666666666666665,0.80475,40.0,0.0033226520754396915,0.049956146627664566
P150_B00_L00_p0750_d30,d00,1.5,0.0,0.0,7.5,30.0,4.0,0.80475,0.0,0.002295724581927061,0.049919493496418
P150_B00_L00_p0750_d30,d00,1.5,0.0,0.0,7.5,30.0,4.0,0.80475,-20.0,0.0019478831673040986,0.049914658069610596
P150_B00_L00_p0750_d30,d00,1.5,0.0,0.0,7.5,30.0,4.0,0.80475,-40.0,0.002482146490365267,0.04999953880906105
P150_B00_L00_p0750_d30,d00,1.5,0.0,0.0,7.5,30.0,4.0,0.80475,20.0,0.001946691540069878,0.049914948642253876
P150_B00_L00_p0750_d30,d00,1.5,0.0,0.0,7.5,30.0,4.0,0.80475,40.0,0.0024251765571534634,0.04999703913927078
P150_B00_L00_p0750_d30,d76,1.5,0.0,0.0,7.5,30.0,4.0,0.80475,0.0,0.0017718031303957105,0.04991655424237251
P150_B00_L00_p0750_d30,d76,1.5,0.0,0.0,7.5,30.0,4.0,0.80475,-20.0,0.0019108583219349384,0.04991113021969795
P150_B00_L00_p0750_d30,d76,1.5,0.0,0.0,7.5,30.0,4.0,0.80475,-40.0,0.0024804158601909876,0.04993215575814247
P150_B00_L00_p0750_d30,d76,1.5,0.0,0.0,7.5,30.0,4.0,0.80475,20.0,0.0019196894718334079,0.04991116374731064
P150_B00_L00_p0750_d30,d76,1.5,0.0,0.0,7.5,30.0,4.0,0.80475,40.0,0.0024716330226510763,0.04993082955479622
P150_B00_L00_p0750_d30,d100,1.5,0.0,0.0,7.5,30.0,4.0,0.80475,0.0,0.0017696548020467162,0.04991554841399193
P150_B00_L00_p0750_d30,d100,1.5,0.0,0.0,7.5,30.0,4.0,0.80475,-20.0,0.0020656355191022158,0.04990994930267334
P150_B00_L00_p0750_d30,d100,1.5,0.0,0.0,7.5,30.0,4.0,0.80475,-40.0,0.002690487075597048,0.049911126494407654
P150_B00_L00_p0750_d30,d100,1.5,0.0,0.0,7.5,30.0,4.0,0.80475,20.0,0.002071341499686241,0.04990994930267334
P150_B00_L00_p0750_d30,d100,1.5,0.0,0.0,7.5,30.0,4.0,0.80475,40.0,0.002669536042958498,0.049910031259059906
P150_B00_L00_p0750_d40,d00,1.5,0.0,0.0,7.5,40.0,5.333333333333333,0.80475,0.0,0.0019483540672808886,0.049920760095119476
P150_B00_L00_p0750_d40,d00,1.5,0.0,0.0,7.5,40.0,5.333333333333333,0.80475,-20.0,0.0016151450108736753,0.04991691932082176
P150_B00_L00_p0750_d40,d00,1.5,0.0,0.0,7.5,40.0,5.333333333333333,0.80475,-40.0,0.002127570565789938,0.0500032939016819
P150_B00_L00_p0750_d40,d00,1.5,0.0,0.0,7.5,40.0,5.333333333333333,0.80475,20.0,0.0015418818220496178,0.049916937947273254
P150_B00_L00_p0750_d40,d00,1.5,0.0,0.0,7.5,40.0,5.333333333333333,0.80475,40.0,0.002101798076182604,0.050001051276922226
P150_B00_L00_p0750_d40,d76,1.5,0.0,0.0,7.5,40.0,5.333333333333333,0.80475,0.0,0.0013142586685717106,0.049918100237846375
P150_B00_L00_p0750_d40,d76,1.5,0.0,0.0,7.5,40.0,5.333333333333333,0.80475,-20.0,0.0015584389911964536,0.049913447350263596
P150_B00_L00_p0750_d40,d76,1.5,0.0,0.0,7.5,40.0,5.333333333333333,0.80475,-40.0,0.0021264313254505396,0.04993175342679024
P150_B00_L00_p0750_d40,d76,1.5,0.0,0.0,7.5,40.0,5.333333333333333,0.80475,20.0,0.0015363458078354597,0.04991349205374718
P150_B00_L00_p0750_d40,d76,1.5,0.0,0.0,7.5,40.0,5.333333333333333,0.80475,40.0,0.0020880720112472773,0.049932122230529785
P150_B00_L00_p0750_d40,d100,1.5,0.0,0.0,7.5,40.0,5.333333333333333,0.80475,0.0,0.0012415621895343065,0.049917060881853104
P150_B00_L00_p0750_d40,d100,1.5,0.0,0.0,7.5,40.0,5.333333333333333,0.80475,-20.0,0.0016781730810180306,0.049912191927433014
P150_B00_L00_p0750_d40,d100,1.5,0.0,0.0,7.5,40.0,5.333333333333333,0.80475,-40.0,0.0023227990604937077,0.0499102883040905
P150_B00_L00_p0750_d40,d100,1.5,0.0,0.0,7.5,40.0,5.333333333333333,0.80475,20.0,0.0016395763959735632,0.04991256445646286
P150_B00_L00_p0750_d40,d100,1.5,0.0,0.0,7.5,40.0,5.333333333333333,0.80475,40.0,0.0022687045857310295,0.04991024360060692
P150_B00_L00_p0750_d50,d00,1.5,0.0,0.0,7.5,50.0,6.666666666666667,0.80475,0.0,0.001796140568330884,0.049913421273231506
P150_B00_L00_p0750_d50,d00,1.5,0.0,0.0,7.5,50.0,6.666666666666667,0.80475,-20.0,0.001442572334781289,0.04990344122052193
P150_B00_L00_p0750_d50,d00,1.5,0.0,0.0,7.5,50.0,6.666666666666667,0.80475,-40.0,0.0020188912749290466,0.05000114068388939
P150_B00_L00_p0750_d50,d00,1.5,0.0,0.0,7.5,50.0,6.666666666666667,0.80475,20.0,0.0014044020790606737,0.049903787672519684
P150_B00_L00_p0750_d50,d00,1.5,0.0,0.0,7.5,50.0,6.666666666666667,0.80475,40.0,0.001921366318129003,0.05000196769833565
P150_B00_L00_p0750_d50,d76,1.5,0.0,0.0,7.5,50.0,6.666666666666667,0.80475,0.0,0.0010936266044154763,0.04991026222705841
P150_B00_L00_p0750_d50,d76,1.5,0.0,0.0,7.5,50.0,6.666666666666667,0.80475,-20.0,0.0014024681877344847,0.049898386001586914
P150_B00_L00_p0750_d50,d76,1.5,0.0,0.0,7.5,50.0,6.666666666666667,0.80475,-40.0,0.001967353979125619,0.04992646351456642
P150_B00_L00_p0750_d50,d76,1.5,0.0,0.0,7.5,50.0,6.666666666666667,0.80475,20.0,0.0013627809239551425,0.049899809062480927
P150_B00_L00_p0750_d50,d76,1.5,0.0,0.0,7.5,50.0,6.666666666666667,0.80475,40.0,0.0019250831101089716,0.04992539435625076
P150_B00_L00_p0750_d50,d100,1.5,0.0,0.0,7.5,50.0,6.666666666666667,0.80475,0.0,0.000976131297647953,0.04990965873003006
P150_B00_L00_p0750_d50,d100,1.5,0.0,0.0,7.5,50.0,6.666666666666667,0.80475,-20.0,0.0015058839926496148,0.04989706352353096
P150_B00_L00_p0750_d50,d100,1.5,0.0,0.0,7.5,50.0,6.666666666666667,0.80475,-40.0,0.002140455413609743,0.04990227520465851
P150_B00_L00_p0750_d50,d100,1.5,0.0,0.0,7.5,50.0,6.666666666666667,0.80475,20.0,0.0014740392798557878,0.04989847168326378
P150_B00_L00_p0750_d50,d100,1.5,0.0,0.0,7.5,50.0,6.666666666666667,0.80475,40.0,0.0020967265591025352,0.049900926649570465
P150_B00_L00_p1100_d20,d00,1.5,0.0,0.0,11.0,20.0,1.8181818181818181,0.80475,0.0,0.005904370453208685,0.04997323080897331
P150_B00_L00_p1100_d20,d00,1.5,0.0,0.0,11.0,20.0,1.8181818181818181,0.80475,-20.0,0.008059686981141567,0.04997199401259422
P150_B00_L00_p1100_d20,d00,1.5,0.0,0.0,11.0,20.0,1.8181818181818181,0.80475,-40.0,0.007161365821957588,0.04999908432364464
P150_B00_L00_p1100_d20,d00,1.5,0.0,0.0,11.0,20.0,1.8181818181818181,0.80475,20.0,0.00819249078631401,0.049971260130405426
P150_B00_L00_p1100_d20,d00,1.5,0.0,0.0,11.0,20.0,1.8181818181818181,0.80475,40.0,0.006520822178572416,0.05000055581331253
P150_B00_L00_p1100_d20,d76,1.5,0.0,0.0,11.0,20.0,1.8181818181818181,0.80475,0.0,0.0039010224863886833,0.04997242987155914
P150_B00_L00_p1100_d20,d76,1.5,0.0,0.0,11.0,20.0,1.8181818181818181,0.80475,-20.0,0.004055668134242296,0.04997086524963379
P150_B00_L00_p1100_d20,d76,1.5,0.0,0.0,11.0,20.0,1.8181818181818181,0.80475,-40.0,0.004197659436613321,0.049977052956819534
P150_B00_L00_p1100_d20,d76,1.5,0.0,0.0,11.0,20.0,1.8181818181818181,0.80475,20.0,0.004096167627722025,0.04997016116976738
P150_B00_L00_p1100_d20,d76,1.5,0.0,0.0,11.0,20.0,1.8181818181818181,0.80475,40.0,0.004178461618721485,0.04997754842042923
P150_B00_L00_p1100_d20,d100,1.5,0.0,0.0,11.0,20.0,1.8181818181818181,0.80475,0.0,0.004130625631660223,0.04997202381491661
P150_B00_L00_p1100_d20,d100,1.5,0.0,0.0,11.0,20.0,1.8181818181818181,0.80475,-20.0,0.00404710229486227,0.0499705970287323
P150_B00_L00_p1100_d20,d100,1.5,0.0,0.0,11.0,20.0,1.8181818181818181,0.80475,-40.0,0.004336055368185043,0.049970827996730804
P150_B00_L00_p1100_d20,d100,1.5,0.0,0.0,11.0,20.0,1.8181818181818181,0.80475,20.0,0.0040565673261880875,0.049969933927059174
P150_B00_L00_p1100_d20,d100,1.5,0.0,0.0,11.0,20.0,1.8181818181818181,0.80475,40.0,0.004363898187875748,0.04997030273079872
P150_B00_L00_p1100_d30,d00,1.5,0.0,0.0,11.0,30.0,2.727272727272727,0.80475,0.0,0.0032522566616535187,0.04995158314704895
P150_B00_L00_p1100_d30,d00,1.5,0.0,0.0,11.0,30.0,2.727272727272727,0.80475,-20.0,0.003270251676440239,0.04995293170213699
P150_B00_L00_p1100_d30,d00,1.5,0.0,0.0,11.0,30.0,2.727272727272727,0.80475,-40.0,0.0031586976256221533,0.04999834671616554
P150_B00_L00_p1100_d30,d00,1.5,0.0,0.0,11.0,30.0,2.727272727272727,0.80475,20.0,0.003209562273696065,0.04995374381542206
P150_B00_L00_p1100_d30,d00,1.5,0.0,0.0,11.0,30.0,2.727272727272727,0.80475,40.0,0.0029193880036473274,0.04999902844429016
P150_B00_L00_p1100_d30,d76,1.5,0.0,0.0,11.0,30.0,2.727272727272727,0.80475,0.0,0.002654953859746456,0.04995017871260643
P150_B00_L00_p1100_d30,d76,1.5,0.0,0.0,11.0,30.0,2.727272727272727,0.80475,-20.0,0.0027236698660999537,0.04995102435350418
P150_B00_L00_p1100_d30,d76,1.5,0.0,0.0,11.0,30.0,2.727272727272727,0.80475,-40.0,0.003102728631347418,0.04995855689048767
P150_B00_L00_p1100_d30,d76,1.5,0.0,0.0,11.0,30.0,2.727272727272727,0.80475,20.0,0.002702867379412055,0.04995204880833626
P150_B00_L00_p1100_d30,d76,1.5,0.0,0.0,11.0,30.0,2.727272727272727,0.80475,40.0,0.0030124287586659193,0.049958448857069016
P150_B00_L00_p1100_d30,d100,1.5,0.0,0.0,11.0,30.0,2.727272727272727,0.80475,0.0,0.002811618847772479,0.049949418753385544
P150_B00_L00_p1100_d30,d100,1.5,0.0,0.0,11.0,30.0,2.727272727272727,0.80475,-20.0,0.00291731976903975,0.0499502569437027
P150_B00_L00_p1100_d30,d100,1.5,0.0,0.0,11.0,30.0,2.727272727272727,0.80475,-40.0,0.0033609033562242985,0.049945686012506485
P150_B00_L00_p1100_d30,d100,1.5,0.0,0.0,11.0,30.0,2.727272727272727,0.80475,20.0,0.0028502021450549364,0.049951501190662384
P150_B00_L00_p1100_d30,d100,1.5,0.0,0.0,11.0,30.0,2.727272727272727,0.80475,40.0,0.003319902578368783,0.04994557797908783
P150_B00_L00_p1100_d40,d00,1.5,0.0,0.0,11.0,40.0,3.6363636363636362,0.80475,0.0,0.0025440312456339598,0.049958735704422
P150_B00_L00_p1100_d40,d00,1.5,0.0,0.0,11.0,40.0,3.6363636363636362,0.80475,-20.0,0.0021957845892757177,0.04995698481798172
P150_B00_L00_p1100_d40,d00,1.5,0.0,0.0,11.0,40.0,3.6363636363636362,0.80475,-40.0,0.0026095423381775618,0.04999711364507675
P150_B00_L00_p1100_d40,d00,1.5,0.0,0.0,11.0,40.0,3.6363636363636362,0.80475,20.0,0.0022469148971140385,0.04995578154921532
P150_B00_L00_p1100_d40,d00,1.5,0.0,0.0,11.0,40.0,3.6363636363636362,0.80475,40.0,0.002648297930136323,0.04999686777591705
P150_B00_L00_p1100_d40,d76,1.5,0.0,0.0,11.0,40.0,3.6363636363636362,0.80475,0.0,0.0020840477664023638,0.049957070499658585
P150_B00_L00_p1100_d40,d76,1.5,0.0,0.0,11.0,40.0,3.6363636363636362,0.80475,-20.0,0.002132338471710682,0.04995477944612503
P150_B00_L00_p1100_d40,d76,1.5,0.0,0.0,11.0,40.0,3.6363636363636362,0.80475,-40.0,0.002625592052936554,0.04996415600180626
P150_B00_L00_p1100_d40,d76,1.5,0.0,0.0,11.0,40.0,3.6363636363636362,0.80475,20.0,0.0021820804104208946,0.0499541275203228
P150_B00_L00_p1100_d40,d76,1.5,0.0,0.0,11.0,40.0,3.6363636363636362,0.80475,40.0,0.002684015315026045,0.04996281862258911
P150_B00_L00_p1100_d40,d100,1.5,0.0,0.0,11.0,40.0,3.6363636363636362,0.80475,0.0,0.0021038015838712454,0.0499565452337265
P150_B00_L00_p1100_d40,d100,1.5,0.0,0.0,11.0,40.0,3.6363636363636362,0.80475,-20.0,0.0022970952559262514,0.04995444044470787
P150_B00_L00_p1100_d40,d100,1.5,0.0,0.0,11.0,40.0,3.6363636363636362,0.80475,-40.0,0.002853925107046962,0.049954067915678024
P150_B00_L00_p1100_d40,d100,1.5,0.0,0.0,11.0,40.0,3.6363636363636362,0.80475,20.0,0.0023388504050672054,0.04995374009013176
P150_B00_L00_p1100_d40,d100,1.5,0.0,0.0,11.0,40.0,3.6363636363636362,0.80475,40.0,0.00289545557461679,0.04995276406407356
P150_B00_L00_p1100_d50,d00,1.5,0.0,0.0,11.0,50.0,4.545454545454546,0.80475,0.0,0.002174146706238389,0.04996170848608017
P150_B00_L00_p1100_d50,d00,1.5,0.0,0.0,11.0,50.0,4.545454545454546,0.80475,-20.0,0.0018117151921615005,0.049955762922763824
P150_B00_L00_p1100_d50,d00,1.5,0.0,0.0,11.0,50.0,4.545454545454546,0.80475,-40.0,0.0022448834497481585,0.050000373274087906
P150_B00_L00_p1100_d50,d00,1.5,0.0,0.0,11.0,50.0,4.545454545454546,0.80475,20.0,0.0018016909016296268,0.04995677247643471
P150_B00_L00_p1100_d50,d00,1.5,0.0,0.0,11.0,50.0,4.545454545454546,0.80475,40.0,0.002325155772268772,0.0500018410384655
P150_B00_L00_p1100_d50,d76,1.5,0.0,0.0,11.0,50.0,4.545454545454546,0.80475,0.0,0.0016263981815427542,0.0499601736664772
P150_B00_L00_p1100_d50,d76,1.5,0.0,0.0,11.0,50.0,4.545454545454546,0.80475,-20.0,0.001761883613653481,0.049953579902648926
P150_B00_L00_p1100_d50,d76,1.5,0.0,0.0,11.0,50.0,4.545454545454546,0.80475,-40.0,0.0022750557400286198,0.049965750426054
P150_B00_L00_p1100_d50,d76,1.5,0.0,0.0,11.0,50.0,4.545454545454546,0.80475,20.0,0.001758489292114973,0.04995536431670189
P150_B00_L00_p1100_d50,d76,1.5,0.0,0.0,11.0,50.0,4.545454545454546,0.80475,40.0,0.002372436923906207,0.04996633902192116
P150_B00_L00_p1100_d50,d100,1.5,0.0,0.0,11.0,50.0,4.545454545454546,0.80475,0.0,0.001599486917257309,0.04995984584093094
P150_B00_L00_p1100_d50,d100,1.5,0.0,0.0,11.0,50.0,4.545454545454546,0.80475,-20.0,0.0018954200204461813,0.04995303228497505
P150_B00_L00_p1100_d50,d100,1.5,0.0,0.0,11.0,50.0,4.545454545454546,0.80475,-40.0,0.0025146217085421085,0.04995547607541084
P150_B00_L00_p1100_d50,d100,1.5,0.0,0.0,11.0,50.0,4.545454545454546,0.80475,20.0,0.0019004393834620714,0.04995489865541458
P150_B00_L00_p1100_d50,d100,1.5,0.0,0.0,11.0,50.0,4.545454545454546,0.80475,40.0,0.0025576469488441944,0.04995489865541458
P150_B00_L35_p0375_d20,d00,1.5,0.0,0.35,3.75,20.0,5.333333333333333,0.80475,0.0,0.00229919352568686,0.049788638949394226
P150_B00_L35_p0375_d20,d00,1.5,0.0,0.35,3.75,20.0,5.333333333333333,0.80475,-20.0,0.0026658743154257536,0.04978581890463829
P150_B00_L35_p0375_d20,d00,1.5,0.0,0.35,3.75,20.0,5.333333333333333,0.80475,-40.0,0.0038196505047380924,0.04999644681811333
P150_B00_L35_p0375_d20,d00,1.5,0.0,0.35,3.75,20.0,5.333333333333333,0.80475,20.0,0.002648081397637725,0.04979229345917702
P150_B00_L35_p0375_d20,d00,1.5,0.0,0.35,3.75,20.0,5.333333333333333,0.80475,40.0,0.003882824210450053,0.049994684755802155
P150_B00_L35_p0375_d20,d76,1.5,0.0,0.35,3.75,20.0,5.333333333333333,0.80475,0.0,0.0021640893537551165,0.04978053271770477
P150_B00_L35_p0375_d20,d76,1.5,0.0,0.35,3.75,20.0,5.333333333333333,0.80475,-20.0,0.0023857811465859413,0.04977823793888092
P150_B00_L35_p0375_d20,d76,1.5,0.0,0.35,3.75,20.0,5.333333333333333,0.80475,-40.0,0.0030824707355350256,0.049828387796878815
P150_B00_L35_p0375_d20,d76,1.5,0.0,0.35,3.75,20.0,5.333333333333333,0.80475,20.0,0.0023643465247005224,0.04978344589471817
P150_B00_L35_p0375_d20,d76,1.5,0.0,0.35,3.75,20.0,5.333333333333333,0.80475,40.0,0.0031226419378072023,0.049825042486190796
P150_B00_L35_p0375_d20,d100,1.5,0.0,0.35,3.75,20.0,5.333333333333333,0.80475,0.0,0.0023383914958685637,0.04977875575423241
P150_B00_L35_p0375_d20,d100,1.5,0.0,0.35,3.75,20.0,5.333333333333333,0.80475,-20.0,0.002548190066590905,0.04977540299296379
P150_B00_L35_p0375_d20,d100,1.5,0.0,0.35,3.75,20.0,5.333333333333333,0.80475,-40.0,0.003178076585754752,0.04977527633309364
P150_B00_L35_p0375_d20,d100,1.5,0.0,0.35,3.75,20.0,5.333333333333333,0.80475,20.0,0.0025382554158568382,0.04978000000119209
P150_B00_L35_p0375_d20,d100,1.5,0.0,0.35,3.75,20.0,5.333333333333333,0.80475,40.0,0.003172884928062558,0.04976970702409744
P150_B00_L35_p0375_d30,d00,1.5,0.0,0.35,3.75,30.0,8.0,0.80475,0.0,0.0018834782531484962,0.04965703934431076
P150_B00_L35_p0375_d30,d00,1.5,0.0,0.35,3.75,30.0,8.0,0.80475,-20.0,0.0018536385614424944,0.049644626677036285
P150_B00_L35_p0375_d30,d00,1.5,0.0,0.35,3.75,30.0,8.0,0.80475,-40.0,0.0028203183319419622,0.049993615597486496
P150_B00_L35_p0375_d30,d00,1.5,0.0,0.35,3.75,30.0,8.0,0.80475,20.0,0.0018320586532354355,0.04963763803243637
P150_B00_L35_p0375_d30,d00,1.5,0.0,0.35,3.75,30.0,8.0,0.80475,40.0,0.002880723914131522,0.04998966306447983
P150_B00_L35_p0375_d30,d76,1.5,0.0,0.35,3.75,30.0,8.0,0.80475,0.0,0.0015967361396178603,0.04964536800980568
P150_B00_L35_p0375_d30,d76,1.5,0.0,0.35,3.75,30.0,8.0,0.80475,-20.0,0.0018461522413417697,0.049630049616098404
P150_B00_L35_p0375_d30,d76,1.5,0.0,0.35,3.75,30.0,8.0,0.80475,-40.0,0.0026378717739135027,0.049708783626556396
P150_B00_L35_p0375_d30,d76,1.5,0.0,0.35,3.75,30.0,8.0,0.80475,20.0,0.0018676399486139417,0.049621712416410446
P150_B00_L35_p0375_d30,d76,1.5,0.0,0.35,3.75,30.0,8.0,0.80475,40.0,0.0026673285756260157,0.04971374571323395
P150_B00_L35_p0375_d30,d100,1.5,0.0,0.35,3.75,30.0,8.0,0.80475,0.0,0.0016554136527702212,0.049641165882349014
P150_B00_L35_p0375_d30,d100,1.5,0.0,0.35,3.75,30.0,8.0,0.80475,-20.0,0.002012497279793024,0.049625687301158905
P150_B00_L35_p0375_d30,d100,1.5,0.0,0.35,3.75,30.0,8.0,0.80475,-40.0,0.002754506189376116,0.04962168261408806
P150_B00_L35_p0375_d30,d100,1.5,0.0,0.35,3.75,30.0,8.0,0.80475,20.0,0.002027659211307764,0.049616239964962006
P150_B00_L35_p0375_d30,d100,1.5,0.0,0.35,3.75,30.0,8.0,0.80475,40.0,0.002764484379440546,0.049626123160123825
P150_B00_L35_p0375_d40,d00,1.5,0.0,0.35,3.75,40.0,10.666666666666666,0.80475,0.0,0.0017589902272447944,0.049661584198474884
P150_B00_L35_p0375_d40,d00,1.5,0.0,0.35,3.75,40.0,10.666666666666666,0.80475,-20.0,0.0016446926165372133,0.04964746534824371
P150_B00_L35_p0375_d40,d00,1.5,0.0,0.35,3.75,40.0,10.666666666666666,0.80475,-40.0,0.0027047719340771437,0.04998941719532013
P150_B00_L35_p0375_d40,d00,1.5,0.0,0.35,3.75,40.0,10.666666666666666,0.80475,20.0,0.0015701232478022575,0.049648672342300415
P150_B00_L35_p0375_d40,d00,1.5,0.0,0.35,3.75,40.0,10.666666666666666,0.80475,40.0,0.0026587017346173525,0.0499979592859745
P150_B00_L35_p0375_d40,d76,1.5,0.0,0.35,3.75,40.0,10.666666666666666,0.80475,0.0,0.001302085816860199,0.04964957386255264
P150_B00_L35_p0375_d40,d76,1.5,0.0,0.35,3.75,40.0,10.666666666666666,0.80475,-20.0,0.0016114169266074896,0.04963279142975807
P150_B00_L35_p0375_d40,d76,1.5,0.0,0.35,3.75,40.0,10.666666666666666,0.80475,-40.0,0.0023773740977048874,0.049723997712135315
P150_B00_L35_p0375_d40,d76,1.5,0.0,0.35,3.75,40.0,10.666666666666666,0.80475,20.0,0.0016155907651409507,0.049633294343948364
P150_B00_L35_p0375_d40,d76,1.5,0.0,0.35,3.75,40.0,10.666666666666666,0.80475,40.0,0.002376860473304987,0.0497235506772995
P150_B00_L35_p0375_d40,d100,1.5,0.0,0.35,3.75,40.0,10.666666666666666,0.80475,0.0,0.0012833636719733477,0.04964625835418701
P150_B00_L35_p0375_d40,d100,1.5,0.0,0.35,3.75,40.0,10.666666666666666,0.80475,-20.0,0.0017550456104800105,0.04962792992591858
P150_B00_L35_p0375_d40,d100,1.5,0.0,0.35,3.75,40.0,10.666666666666666,0.80475,-40.0,0.0024726924020797014,0.049638908356428146
P150_B00_L35_p0375_d40,d100,1.5,0.0,0.35,3.75,40.0,10.666666666666666,0.80475,20.0,0.0017530953045934439,0.04962833598256111
P150_B00_L35_p0375_d40,d100,1.5,0.0,0.35,3.75,40.0,10.666666666666666,0.80475,40.0,0.002450247760862112,0.049638085067272186
P150_B00_L35_p0375_d50,d00,1.5,0.0,0.35,3.75,50.0,13.333333333333334,0.80475,0.0,0.0017005871050059795,0.049659084528684616
P150_B00_L35_p0375_d50,d00,1.5,0.0,0.35,3.75,50.0,13.333333333333334,0.80475,-20.0,0.001540415221825242,0.04964108020067215
P150_B00_L35_p0375_d50,d00,1.5,0.0,0.35,3.75,50.0,13.333333333333334,0.80475,-40.0,0.00267602875828743,0.049983661621809006
P150_B00_L35_p0375_d50,d00,1.5,0.0,0.35,3.75,50.0,13.333333333333334,0.80475,20.0,0.0014352004509419203,0.049639612436294556
P150_B00_L35_p0375_d50,d00,1.5,0.0,0.35,3.75,50.0,13.333333333333334,0.80475,40.0,0.0027046052273362875,0.04998166114091873
P150_B00_L35_p0375_d50,d76,1.5,0.0,0.35,3.75,50.0,13.333333333333334,0.80475,0.0,0.001159320934675634,0.04964696988463402
P150_B00_L35_p0375_d50,d76,1.5,0.0,0.35,3.75,50.0,13.333333333333334,0.80475,-20.0,0.0015067611820995808,0.04962565749883652
P150_B00_L35_p0375_d50,d76,1.5,0.0,0.35,3.75,50.0,13.333333333333334,0.80475,-40.0,0.002261645859107375,0.049713458865880966
P150_B00_L35_p0375_d50,d76,1.5,0.0,0.35,3.75,50.0,13.333333333333334,0.80475,20.0,0.0014917926164343953,0.04962662234902382
P150_B00_L35_p0375_d50,d76,1.5,0.0,0.35,3.75,50.0,13.333333333333334,0.80475,40.0,0.002266012132167816,0.0497099794447422
P150_B00_L35_p0375_d50,d100,1.5,0.0,0.35,3.75,50.0,13.333333333333334,0.80475,0.0,0.0010744772152975202,0.04964382201433182
P150_B00_L35_p0375_d50,d100,1.5,0.0,0.35,3.75,50.0,13.333333333333334,0.80475,-20.0,0.0016307866899296641,0.04962079972028732
P150_B00_L35_p0375_d50,d100,1.5,0.0,0.35,3.75,50.0,13.333333333333334,0.80475,-40.0,0.002325584413483739,0.04962991550564766
P150_B00_L35_p0375_d50,d100,1.5,0.0,0.35,3.75,50.0,13.333333333333334,0.80475,20.0,0.0016004341887310147,0.049621500074863434
P150_B00_L35_p0375_d50,d100,1.5,0.0,0.35,3.75,50.0,13.333333333333334,0.80475,40.0,0.0023041623644530773,0.04962543770670891
P150_B00_L35_p0550_d20,d00,1.5,0.0,0.35,5.5,20.0,3.6363636363636362,0.80475,0.0,0.003628200152888894,0.049891386181116104
P150_B00_L35_p0550_d20,d00,1.5,0.0,0.35,5.5,20.0,3.6363636363636362,0.80475,-20.0,0.005630067549645901,0.0498824417591095
P150_B00_L35_p0550_d20,d00,1.5,0.0,0.35,5.5,20.0,3.6363636363636362,0.80475,-40.0,0.006080698687583208,0.04999833554029465
P150_B00_L35_p0550_d20,d00,1.5,0.0,0.35,5.5,20.0,3.6363636363636362,0.80475,20.0,0.005503159947693348,0.04988256096839905
P150_B00_L35_p0550_d20,d00,1.5,0.0,0.35,5.5,20.0,3.6363636363636362,0.80475,40.0,0.005900749936699867,0.04999350383877754
P150_B00_L35_p0550_d20,d76,1.5,0.0,0.35,5.5,20.0,3.6363636363636362,0.80475,0.0,0.002873112680390477,0.04988699033856392
P150_B00_L35_p0550_d20,d76,1.5,0.0,0.35,5.5,20.0,3.6363636363636362,0.80475,-20.0,0.003220194950699806,0.04987775906920433
P150_B00_L35_p0550_d20,d76,1.5,0.0,0.35,5.5,20.0,3.6363636363636362,0.80475,-40.0,0.0037112608551979065,0.04989928379654884
P150_B00_L35_p0550_d20,d76,1.5,0.0,0.35,5.5,20.0,3.6363636363636362,0.80475,20.0,0.0032119096722453833,0.04987838491797447
P150_B00_L35_p0550_d20,d76,1.5,0.0,0.35,5.5,20.0,3.6363636363636362,0.80475,40.0,0.0036336472257971764,0.04989779368042946
P150_B00_L35_p0550_d20,d100,1.5,0.0,0.35,5.5,20.0,3.6363636363636362,0.80475,0.0,0.0030309814028441906,0.04988621547818184
P150_B00_L35_p0550_d20,d100,1.5,0.0,0.35,5.5,20.0,3.6363636363636362,0.80475,-20.0,0.00313898385502398,0.049876682460308075
P150_B00_L35_p0550_d20,d100,1.5,0.0,0.35,5.5,20.0,3.6363636363636362,0.80475,-40.0,0.003588693914934993,0.049867719411849976
P150_B00_L35_p0550_d20,d100,1.5,0.0,0.35,5.5,20.0,3.6363636363636362,0.80475,20.0,0.003108189906924963,0.049876969307661057
P150_B00_L35_p0550_d20,d100,1.5,0.0,0.35,5.5,20.0,3.6363636363636362,0.80475,40.0,0.003522756975144148,0.04986818879842758
P150_B00_L35_p0550_d30,d00,1.5,0.0,0.35,5.5,30.0,5.454545454545454,0.80475,0.0,0.0021944106556475163,0.04982981085777283
P150_B00_L35_p0550_d30,d00,1.5,0.0,0.35,5.5,30.0,5.454545454545454,0.80475,-20.0,0.00265790824778378,0.0498187392950058
P150_B00_L35_p0550_d30,d00,1.5,0.0,0.35,5.5,30.0,5.454545454545454,0.80475,-40.0,0.0035318846348673105,0.04999678581953049
P150_B00_L35_p0550_d30,d00,1.5,0.0,0.35,5.5,30.0,5.454545454545454,0.80475,20.0,0.002581407083198428,0.049821220338344574
P150_B00_L35_p0550_d30,d00,1.5,0.0,0.35,5.5,30.0,5.454545454545454,0.80475,40.0,0.003484403947368264,0.04999342933297157
P150_B00_L35_p0550_d30,d76,1.5,0.0,0.35,5.5,30.0,5.454545454545454,0.80475,0.0,0.002086399123072624,0.04982448369264603
P150_B00_L35_p0550_d30,d76,1.5,0.0,0.35,5.5,30.0,5.454545454545454,0.80475,-20.0,0.002343175932765007,0.049811407923698425
P150_B00_L35_p0550_d30,d76,1.5,0.0,0.35,5.5,30.0,5.454545454545454,0.80475,-40.0,0.0030050864443182945,0.049849096685647964
P150_B00_L35_p0550_d30,d76,1.5,0.0,0.35,5.5,30.0,5.454545454545454,0.80475,20.0,0.0022700224071741104,0.049813222140073776
P150_B00_L35_p0550_d30,d76,1.5,0.0,0.35,5.5,30.0,5.454545454545454,0.80475,40.0,0.0029331909026950598,0.04984844848513603
P150_B00_L35_p0550_d30,d100,1.5,0.0,0.35,5.5,30.0,5.454545454545454,0.80475,0.0,0.002237676875665784,0.0498228557407856
P150_B00_L35_p0550_d30,d100,1.5,0.0,0.35,5.5,30.0,5.454545454545454,0.80475,-20.0,0.0025012523401528597,0.04980836808681488
P150_B00_L35_p0550_d30,d100,1.5,0.0,0.35,5.5,30.0,5.454545454545454,0.80475,-40.0,0.0031379053834825754,0.04980328679084778
P150_B00_L35_p0550_d30,d100,1.5,0.0,0.35,5.5,30.0,5.454545454545454,0.80475,20.0,0.002442912897095084,0.049810778349637985
P150_B00_L35_p0550_d30,d100,1.5,0.0,0.35,5.5,30.0,5.454545454545454,0.80475,40.0,0.003090580692514777,0.049804478883743286
P150_B00_L35_p0550_d40,d00,1.5,0.0,0.35,5.5,40.0,7.2727272727272725,0.80475,0.0,0.0018787998706102371,0.049827512353658676
P150_B00_L35_p0550_d40,d00,1.5,0.0,0.35,5.5,40.0,7.2727272727272725,0.80475,-20.0,0.0020041291136294603,0.04981724172830582
P150_B00_L35_p0550_d40,d00,1.5,0.0,0.35,5.5,40.0,7.2727272727272725,0.80475,-40.0,0.0025470296386629343,0.049992792308330536
P150_B00_L35_p0550_d40,d00,1.5,0.0,0.35,5.5,40.0,7.2727272727272725,0.80475,20.0,0.0019011591793969274,0.04981846362352371
P150_B00_L35_p0550_d40,d00,1.5,0.0,0.35,5.5,40.0,7.2727272727272725,0.80475,40.0,0.002538583939895034,0.05000147596001625
P150_B00_L35_p0550_d40,d76,1.5,0.0,0.35,5.5,40.0,7.2727272727272725,0.80475,0.0,0.001690300297923386,0.04982095956802368
P150_B00_L35_p0550_d40,d76,1.5,0.0,0.35,5.5,40.0,7.2727272727272725,0.80475,-20.0,0.001988809322938323,0.04980987682938576
P150_B00_L35_p0550_d40,d76,1.5,0.0,0.35,5.5,40.0,7.2727272727272725,0.80475,-40.0,0.0025946926325559616,0.04984649643301964
P150_B00_L35_p0550_d40,d76,1.5,0.0,0.35,5.5,40.0,7.2727272727272725,0.80475,20.0,0.0018860915442928672,0.04981086403131485
P150_B00_L35_p0550_d40,d76,1.5,0.0,0.35,5.5,40.0,7.2727272727272725,0.80475,40.0,0.002620450919494033,0.04984549060463905
P150_B00_L35_p0550_d40,d100,1.5,0.0,0.35,5.5,40.0,7.2727272727272725,0.80475,0.0,0.0017789345001801848,0.04981895163655281
P150_B00_L35_p0550_d40,d100,1.5,0.0,0.35,5.5,40.0,7.2727272727272725,0.80475,-20.0,0.002147604012861848,0.049807459115982056
P150_B00_L35_p0550_d40,d100,1.5,0.0,0.35,5.5,40.0,7.2727272727272725,0.80475,-40.0,0.0028053750284016132,0.04980047047138214
P150_B00_L35_p0550_d40,d100,1.5,0.0,0.35,5.5,40.0,7.2727272727272725,0.80475,20.0,0.002062826184555888,0.049808453768491745
P150_B00_L35_p0550_d40,d100,1.5,0.0,0.35,5.5,40.0,7.2727272727272725,0.80475,40.0,0.002820896916091442,0.04979671910405159
P150_B00_L35_p0550_d50,d00,1.5,0.0,0.35,5.5,50.0,9.090909090909092,0.80475,0.0,0.0018014756496995687,0.04982689023017883
P150_B00_L35_p0550_d50,d00,1.5,0.0,0.35,5.5,50.0,9.090909090909092,0.80475,-20.0,0.001780444523319602,0.04982153698801994
P150_B00_L35_p0550_d50,d00,1.5,0.0,0.35,5.5,50.0,9.090909090909092,0.80475,-40.0,0.0025883587077260017,0.05000384896993637
P150_B00_L35_p0550_d50,d00,1.5,0.0,0.35,5.5,50.0,9.090909090909092,0.80475,20.0,0.0017303562490269542,0.049822501838207245
P150_B00_L35_p0550_d50,d00,1.5,0.0,0.35,5.5,50.0,9.090909090909092,0.80475,40.0,0.002516830572858453,0.049998581409454346
P150_B00_L35_p0550_d50,d76,1.5,0.0,0.35,5.5,50.0,9.090909090909092,0.80475,0.0,0.0014654870610684156,0.04982086643576622
P150_B00_L35_p0550_d50,d76,1.5,0.0,0.35,5.5,50.0,9.090909090909092,0.80475,-20.0,0.0017544672591611743,0.049813881516456604
P150_B00_L35_p0550_d50,d76,1.5,0.0,0.35,5.5,50.0,9.090909090909092,0.80475,-40.0,0.0024784982670098543,0.04984856769442558
P150_B00_L35_p0550_d50,d76,1.5,0.0,0.35,5.5,50.0,9.090909090909092,0.80475,20.0,0.0017065948341041803,0.049814287573099136
P150_B00_L35_p0550_d50,d76,1.5,0.0,0.35,5.5,50.0,9.090909090909092,0.80475,40.0,0.0023670843802392483,0.049847640097141266
P150_B00_L35_p0550_d50,d100,1.5,0.0,0.35,5.5,50.0,9.090909090909092,0.80475,0.0,0.001475942088291049,0.0498192273080349
P150_B00_L35_p0550_d50,d100,1.5,0.0,0.35,5.5,50.0,9.090909090909092,0.80475,-20.0,0.0018934054533019662,0.04981180652976036
P150_B00_L35_p0550_d50,d100,1.5,0.0,0.35,5.5,50.0,9.090909090909092,0.80475,-40.0,0.002639653393998742,0.04979895427823067
P150_B00_L35_p0550_d50,d100,1.5,0.0,0.35,5.5,50.0,9.090909090909092,0.80475,20.0,0.0018512926762923598,0.04981239140033722
P150_B00_L35_p0550_d50,d100,1.5,0.0,0.35,5.5,50.0,9.090909090909092,0.80475,40.0,0.002531275851652026,0.04980142042040825
P150_B00_L35_p0750_d20,d00,1.5,0.0,0.35,7.5,20.0,2.6666666666666665,0.80475,0.0,0.00958818569779396,0.04994813725352287
P150_B00_L35_p0750_d20,d00,1.5,0.0,0.35,7.5,20.0,2.6666666666666665,0.80475,-20.0,0.010056832805275917,0.04994496330618858
P150_B00_L35_p0750_d20,d00,1.5,0.0,0.35,7.5,20.0,2.6666666666666665,0.80475,-40.0,0.012355427257716656,0.04999978467822075
P150_B00_L35_p0750_d20,d00,1.5,0.0,0.35,7.5,20.0,2.6666666666666665,0.80475,20.0,0.01000539306551218,0.049945227801799774
P150_B00_L35_p0750_d20,d00,1.5,0.0,0.35,7.5,20.0,2.6666666666666665,0.80475,40.0,0.012285477481782436,0.049998655915260315
P150_B00_L35_p0750_d20,d76,1.5,0.0,0.35,7.5,20.0,2.6666666666666665,0.80475,0.0,0.004296540282666683,0.04994647204875946
P150_B00_L35_p0750_d20,d76,1.5,0.0,0.35,7.5,20.0,2.6666666666666665,0.80475,-20.0,0.0045775678008794785,0.049942582845687866
P150_B00_L35_p0750_d20,d76,1.5,0.0,0.35,7.5,20.0,2.6666666666666665,0.80475,-40.0,0.005402290727943182,0.049957387149333954
P150_B00_L35_p0750_d20,d76,1.5,0.0,0.35,7.5,20.0,2.6666666666666665,0.80475,20.0,0.004571035038679838,0.049942497164011
P150_B00_L35_p0750_d20,d76,1.5,0.0,0.35,7.5,20.0,2.6666666666666665,0.80475,40.0,0.005280694924294949,0.049958422780036926
P150_B00_L35_p0750_d20,d100,1.5,0.0,0.35,7.5,20.0,2.6666666666666665,0.80475,0.0,0.0039017931558191776,0.049945998936891556
P150_B00_L35_p0750_d20,d100,1.5,0.0,0.35,7.5,20.0,2.6666666666666665,0.80475,-20.0,0.0040380400605499744,0.04994192719459534
P150_B00_L35_p0750_d20,d100,1.5,0.0,0.35,7.5,20.0,2.6666666666666665,0.80475,-40.0,0.00423803087323904,0.04994293302297592
P150_B00_L35_p0750_d20,d100,1.5,0.0,0.35,7.5,20.0,2.6666666666666665,0.80475,20.0,0.004032532684504986,0.049941807985305786
P150_B00_L35_p0750_d20,d100,1.5,0.0,0.35,7.5,20.0,2.6666666666666665,0.80475,40.0,0.004143516067415476,0.04994485154747963
P150_B00_L35_p0750_d30,d00,1.5,0.0,0.35,7.5,30.0,4.0,0.80475,0.0,0.00309932604432106,0.049906641244888306
P150_B00_L35_p0750_d30,d00,1.5,0.0,0.35,7.5,30.0,4.0,0.80475,-20.0,0.004581055138260126,0.04989039897918701
P150_B00_L35_p0750_d30,d00,1.5,0.0,0.35,7.5,30.0,4.0,0.80475,-40.0,0.004976547323167324,0.04999559372663498
P150_B00_L35_p0750_d30,d00,1.5,0.0,0.35,7.5,30.0,4.0,0.80475,20.0,0.004851346369832754,0.049888692796230316
P150_B00_L35_p0750_d30,d00,1.5,0.0,0.35,7.5,30.0,4.0,0.80475,40.0,0.005095625761896372,0.04999806731939316
P150_B00_L35_p0750_d30,d76,1.5,0.0,0.35,7.5,30.0,4.0,0.80475,0.0,0.0026547168381512165,0.04990318417549133
P150_B00_L35_p0750_d30,d76,1.5,0.0,0.35,7.5,30.0,4.0,0.80475,-20.0,0.002994590438902378,0.049885574728250504
P150_B00_L35_p0750_d30,d76,1.5,0.0,0.35,7.5,30.0,4.0,0.80475,-40.0,0.0033993518445640802,0.049915965646505356
P150_B00_L35_p0750_d30,d76,1.5,0.0,0.35,7.5,30.0,4.0,0.80475,20.0,0.003114009741693735,0.04988338053226471
P150_B00_L35_p0750_d30,d76,1.5,0.0,0.35,7.5,30.0,4.0,0.80475,40.0,0.0035185746382921934,0.049918100237846375
P150_B00_L35_p0750_d30,d100,1.5,0.0,0.35,7.5,30.0,4.0,0.80475,0.0,0.0028468158561736345,0.04990241676568985
P150_B00_L35_p0750_d30,d100,1.5,0.0,0.35,7.5,30.0,4.0,0.80475,-20.0,0.002976595191285014,0.04988405480980873
P150_B00_L35_p0750_d30,d100,1.5,0.0,0.35,7.5,30.0,4.0,0.80475,-40.0,0.003473409218713641,0.04989061877131462
P150_B00_L35_p0750_d30,d100,1.5,0.0,0.35,7.5,30.0,4.0,0.80475,20.0,0.0031138970516622066,0.04988206923007965
P150_B00_L35_p0750_d30,d100,1.5,0.0,0.35,7.5,30.0,4.0,0.80475,40.0,0.003543888684362173,0.04989166557788849
P150_B00_L35_p0750_d40,d00,1.5,0.0,0.35,7.5,40.0,5.333333333333333,0.80475,0.0,0.0021252986043691635,0.04990154504776001
P150_B00_L35_p0750_d40,d00,1.5,0.0,0.35,7.5,40.0,5.333333333333333,0.80475,-20.0,0.002603214932605624,0.04989700764417648
P150_B00_L35_p0750_d40,d00,1.5,0.0,0.35,7.5,40.0,5.333333333333333,0.80475,-40.0,0.0033488785848021507,0.05000048130750656
P150_B00_L35_p0750_d40,d00,1.5,0.0,0.35,7.5,40.0,5.333333333333333,0.80475,20.0,0.002526309108361602,0.04989225044846535
P150_B00_L35_p0750_d40,d00,1.5,0.0,0.35,7.5,40.0,5.333333333333333,0.80475,40.0,0.003252630587667227,0.049999743700027466
P150_B00_L35_p0750_d40,d76,1.5,0.0,0.35,7.5,40.0,5.333333333333333,0.80475,0.0,0.001960140885785222,0.04989789053797722
P150_B00_L35_p0750_d40,d76,1.5,0.0,0.35,7.5,40.0,5.333333333333333,0.80475,-20.0,0.0022539489436894655,0.04989280924201012
P150_B00_L35_p0750_d40,d76,1.5,0.0,0.35,7.5,40.0,5.333333333333333,0.80475,-40.0,0.002868384588509798,0.04991207271814346
P150_B00_L35_p0750_d40,d76,1.5,0.0,0.35,7.5,40.0,5.333333333333333,0.80475,20.0,0.0022245205473154783,0.049887269735336304
P150_B00_L35_p0750_d40,d76,1.5,0.0,0.35,7.5,40.0,5.333333333333333,0.80475,40.0,0.0028073329012840986,0.04991469532251358
P150_B00_L35_p0750_d40,d100,1.5,0.0,0.35,7.5,40.0,5.333333333333333,0.80475,0.0,0.0020973968785256147,0.04989692196249962
P150_B00_L35_p0750_d40,d100,1.5,0.0,0.35,7.5,40.0,5.333333333333333,0.80475,-20.0,0.0024053016677498817,0.04989089444279671
P150_B00_L35_p0750_d40,d100,1.5,0.0,0.35,7.5,40.0,5.333333333333333,0.80475,-40.0,0.003031782805919647,0.04988447576761246
P150_B00_L35_p0750_d40,d100,1.5,0.0,0.35,7.5,40.0,5.333333333333333,0.80475,20.0,0.0023589152842760086,0.049885716289281845
P150_B00_L35_p0750_d40,d100,1.5,0.0,0.35,7.5,40.0,5.333333333333333,0.80475,40.0,0.002947642467916012,0.04988853633403778
P150_B00_L35_p0750_d50,d00,1.5,0.0,0.35,7.5,50.0,6.666666666666667,0.80475,0.0,0.001954115694388747,0.04989480972290039
P150_B00_L35_p0750_d50,d00,1.5,0.0,0.35,7.5,50.0,6.666666666666667,0.80475,-20.0,0.002091252477839589,0.04987934231758118
P150_B00_L35_p0750_d50,d00,1.5,0.0,0.35,7.5,50.0,6.666666666666667,0.80475,-40.0,0.002612920943647623,0.05000204220414162
P150_B00_L35_p0750_d50,d00,1.5,0.0,0.35,7.5,50.0,6.666666666666667,0.80475,20.0,0.002059377497062087,0.049880944192409515
P150_B00_L35_p0750_d50,d00,1.5,0.0,0.35,7.5,50.0,6.666666666666667,0.80475,40.0,0.0025800380390137434,0.050001613795757294
P150_B00_L35_p0750_d50,d76,1.5,0.0,0.35,7.5,50.0,6.666666666666667,0.80475,0.0,0.001778729259967804,0.049891360104084015
P150_B00_L35_p0750_d50,d76,1.5,0.0,0.35,7.5,50.0,6.666666666666667,0.80475,-20.0,0.0019942966755479574,0.04987309128046036
P150_B00_L35_p0750_d50,d76,1.5,0.0,0.35,7.5,50.0,6.666666666666667,0.80475,-40.0,0.0027024433948099613,0.0499095618724823
P150_B00_L35_p0750_d50,d76,1.5,0.0,0.35,7.5,50.0,6.666666666666667,0.80475,20.0,0.0019840174354612827,0.04987578094005585
P150_B00_L35_p0750_d50,d76,1.5,0.0,0.35,7.5,50.0,6.666666666666667,0.80475,40.0,0.002648646477609873,0.049907613545656204
P150_B00_L35_p0750_d50,d100,1.5,0.0,0.35,7.5,50.0,6.666666666666667,0.80475,0.0,0.0018878021510317922,0.049890272319316864
P150_B00_L35_p0750_d50,d100,1.5,0.0,0.35,7.5,50.0,6.666666666666667,0.80475,-20.0,0.0021606185473501682,0.04987158626317978
P150_B00_L35_p0750_d50,d100,1.5,0.0,0.35,7.5,50.0,6.666666666666667,0.80475,-40.0,0.0029506187420338392,0.04987958446145058
P150_B00_L35_p0750_d50,d100,1.5,0.0,0.35,7.5,50.0,6.666666666666667,0.80475,20.0,0.002137408358976245,0.04987448826432228
P150_B00_L35_p0750_d50,d100,1.5,0.0,0.35,7.5,50.0,6.666666666666667,0.80475,40.0,0.0028846440836787224,0.049878496676683426
P150_B00_L35_p1100_d20,d00,1.5,0.0,0.35,11.0,20.0,1.8181818181818181,0.80475,0.0,0.05381448194384575,0.04996778443455696
P150_B00_L35_p1100_d20,d00,1.5,0.0,0.35,11.0,20.0,1.8181818181818181,0.80475,-20.0,0.022499075159430504,0.049959346652030945
P150_B00_L35_p1100_d20,d00,1.5,0.0,0.35,11.0,20.0,1.8181818181818181,0.80475,-40.0,0.02576576918363571,0.049999866634607315
P150_B00_L35_p1100_d20,d00,1.5,0.0,0.35,11.0,20.0,1.8181818181818181,0.80475,20.0,0.021214578300714493,0.04996015876531601
P150_B00_L35_p1100_d20,d00,1.5,0.0,0.35,11.0,20.0,1.8181818181818181,0.80475,40.0,0.024341614916920662,0.05000106617808342
P150_B00_L35_p1100_d20,d76,1.5,0.0,0.35,11.0,20.0,1.8181818181818181,0.80475,0.0,0.013712656684219837,0.049966584891080856
P150_B00_L35_p1100_d20,d76,1.5,0.0,0.35,11.0,20.0,1.8181818181818181,0.80475,-20.0,0.007766226772218943,0.049957796931266785
P150_B00_L35_p1100_d20,d76,1.5,0.0,0.35,11.0,20.0,1.8181818181818181,0.80475,-40.0,0.008884726092219353,0.04997014254331589
P150_B00_L35_p1100_d20,d76,1.5,0.0,0.35,11.0,20.0,1.8181818181818181,0.80475,20.0,0.007443349342793226,0.04995858296751976
P150_B00_L35_p1100_d20,d76,1.5,0.0,0.35,11.0,20.0,1.8181818181818181,0.80475,40.0,0.008632962591946125,0.04996955767273903
P150_B00_L35_p1100_d20,d100,1.5,0.0,0.35,11.0,20.0,1.8181818181818181,0.80475,0.0,0.005017802584916353,0.049966100603342056
P150_B00_L35_p1100_d20,d100,1.5,0.0,0.35,11.0,20.0,1.8181818181818181,0.80475,-20.0,0.005042713135480881,0.04995717853307724
P150_B00_L35_p1100_d20,d100,1.5,0.0,0.35,11.0,20.0,1.8181818181818181,0.80475,-40.0,0.00490083871409297,0.049961090087890625
P150_B00_L35_p1100_d20,d100,1.5,0.0,0.35,11.0,20.0,1.8181818181818181,0.80475,20.0,0.005000044126063585,0.04995787888765335
P150_B00_L35_p1100_d20,d100,1.5,0.0,0.35,11.0,20.0,1.8181818181818181,0.80475,40.0,0.0049333348870277405,0.04995974153280258
P150_B00_L35_p1100_d30,d00,1.5,0.0,0.35,11.0,30.0,2.727272727272727,0.80475,0.0,0.009916342794895172,0.049936842173337936
P150_B00_L35_p1100_d30,d00,1.5,0.0,0.35,11.0,30.0,2.727272727272727,0.80475,-20.0,0.01064026914536953,0.049933698028326035
P150_B00_L35_p1100_d30,d00,1.5,0.0,0.35,11.0,30.0,2.727272727272727,0.80475,-40.0,0.013035726733505726,0.049999773502349854
P150_B00_L35_p1100_d30,d00,1.5,0.0,0.35,11.0,30.0,2.727272727272727,0.80475,20.0,0.009496593847870827,0.049933284521102905
P150_B00_L35_p1100_d30,d00,1.5,0.0,0.35,11.0,30.0,2.727272727272727,0.80475,40.0,0.011660857126116753,0.050001680850982666
P150_B00_L35_p1100_d30,d76,1.5,0.0,0.35,11.0,30.0,2.727272727272727,0.80475,0.0,0.0044091264717280865,0.04993481561541557
P150_B00_L35_p1100_d30,d76,1.5,0.0,0.35,11.0,30.0,2.727272727272727,0.80475,-20.0,0.004756462294608355,0.04993067681789398
P150_B00_L35_p1100_d30,d76,1.5,0.0,0.35,11.0,30.0,2.727272727272727,0.80475,-40.0,0.005550746340304613,0.049946319311857224
P150_B00_L35_p1100_d30,d76,1.5,0.0,0.35,11.0,30.0,2.727272727272727,0.80475,20.0,0.004329422023147345,0.04993034154176712
P150_B00_L35_p1100_d30,d76,1.5,0.0,0.35,11.0,30.0,2.727272727272727,0.80475,40.0,0.005157881882041693,0.04995008930563927
P150_B00_L35_p1100_d30,d100,1.5,0.0,0.35,11.0,30.0,2.727272727272727,0.80475,0.0,0.003994251601397991,0.04993386194109917
P150_B00_L35_p1100_d30,d100,1.5,0.0,0.35,11.0,30.0,2.727272727272727,0.80475,-20.0,0.004205104894936085,0.049929749220609665
P150_B00_L35_p1100_d30,d100,1.5,0.0,0.35,11.0,30.0,2.727272727272727,0.80475,-40.0,0.004314224701374769,0.0499291867017746
P150_B00_L35_p1100_d30,d100,1.5,0.0,0.35,11.0,30.0,2.727272727272727,0.80475,20.0,0.003853453090414405,0.04992949962615967
P150_B00_L35_p1100_d30,d100,1.5,0.0,0.35,11.0,30.0,2.727272727272727,0.80475,40.0,0.0040819765999913216,0.049933504313230515
P150_B00_L35_p1100_d40,d00,1.5,0.0,0.35,11.0,40.0,3.6363636363636362,0.80475,0.0,0.004338791128247976,0.049943707883358
P150_B00_L35_p1100_d40,d00,1.5,0.0,0.35,11.0,40.0,3.6363636363636362,0.80475,-20.0,0.006762313656508923,0.04993880167603493
P150_B00_L35_p1100_d40,d00,1.5,0.0,0.35,11.0,40.0,3.6363636363636362,0.80475,-40.0,0.007558871526271105,0.04999558627605438
P150_B00_L35_p1100_d40,d00,1.5,0.0,0.35,11.0,40.0,3.6363636363636362,0.80475,20.0,0.007163157220929861,0.04993675649166107
P150_B00_L35_p1100_d40,d00,1.5,0.0,0.35,11.0,40.0,3.6363636363636362,0.80475,40.0,0.007517881691455841,0.04999890550971031
P150_B00_L35_p1100_d40,d76,1.5,0.0,0.35,11.0,40.0,3.6363636363636362,0.80475,0.0,0.0032825027592480183,0.049941834062337875
P150_B00_L35_p1100_d40,d76,1.5,0.0,0.35,11.0,40.0,3.6363636363636362,0.80475,-20.0,0.0035347668454051018,0.04993581399321556
P150_B00_L35_p1100_d40,d76,1.5,0.0,0.35,11.0,40.0,3.6363636363636362,0.80475,-40.0,0.004169846419245005,0.04994693025946617
P150_B00_L35_p1100_d40,d76,1.5,0.0,0.35,11.0,40.0,3.6363636363636362,0.80475,20.0,0.0037203473038971424,0.049934022128582
P150_B00_L35_p1100_d40,d76,1.5,0.0,0.35,11.0,40.0,3.6363636363636362,0.80475,40.0,0.00417322525754571,0.0499483123421669
P150_B00_L35_p1100_d40,d100,1.5,0.0,0.35,11.0,40.0,3.6363636363636362,0.80475,0.0,0.003444249276071787,0.049941182136535645
P150_B00_L35_p1100_d40,d100,1.5,0.0,0.35,11.0,40.0,3.6363636363636362,0.80475,-20.0,0.003356238594278693,0.049935221672058105
P150_B00_L35_p1100_d40,d100,1.5,0.0,0.35,11.0,40.0,3.6363636363636362,0.80475,-40.0,0.003966353368014097,0.04993215575814247
P150_B00_L35_p1100_d40,d100,1.5,0.0,0.35,11.0,40.0,3.6363636363636362,0.80475,20.0,0.0034903287887573242,0.04993343725800514
P150_B00_L35_p1100_d40,d100,1.5,0.0,0.35,11.0,40.0,3.6363636363636362,0.80475,40.0,0.003958626184612513,0.04993298649787903
P150_B00_L35_p1100_d50,d00,1.5,0.0,0.35,11.0,50.0,4.545454545454546,0.80475,0.0,0.002580835949629545,0.04994665086269379
P150_B00_L35_p1100_d50,d00,1.5,0.0,0.35,11.0,50.0,4.545454545454546,0.80475,-20.0,0.003370242891833186,0.04993651062250137
P150_B00_L35_p1100_d50,d00,1.5,0.0,0.35,11.0,50.0,4.545454545454546,0.80475,-40.0,0.0038802139461040497,0.04999808594584465
P150_B00_L35_p1100_d50,d00,1.5,0.0,0.35,11.0,50.0,4.545454545454546,0.80475,20.0,0.003331938525661826,0.04994110018014908
P150_B00_L35_p1100_d50,d00,1.5,0.0,0.35,11.0,50.0,4.545454545454546,0.80475,40.0,0.0039112321101129055,0.05000020191073418
P150_B00_L35_p1100_d50,d76,1.5,0.0,0.35,11.0,50.0,4.545454545454546,0.80475,0.0,0.002433262998238206,0.04994484782218933
P150_B00_L35_p1100_d50,d76,1.5,0.0,0.35,11.0,50.0,4.545454545454546,0.80475,-20.0,0.0025416137650609016,0.0499337837100029
P150_B00_L35_p1100_d50,d76,1.5,0.0,0.35,11.0,50.0,4.545454545454546,0.80475,-40.0,0.0031469392124563456,0.049952320754528046
P150_B00_L35_p1100_d50,d76,1.5,0.0,0.35,11.0,50.0,4.545454545454546,0.80475,20.0,0.0025384300388395786,0.04993894696235657
P150_B00_L35_p1100_d50,d76,1.5,0.0,0.35,11.0,50.0,4.545454545454546,0.80475,40.0,0.003194959834218025,0.049953870475292206
P150_B00_L35_p1100_d50,d100,1.5,0.0,0.35,11.0,50.0,4.545454545454546,0.80475,0.0,0.0026560360565781593,0.049944281578063965
P150_B00_L35_p1100_d50,d100,1.5,0.0,0.35,11.0,50.0,4.545454545454546,0.80475,-20.0,0.002644393825903535,0.04993273690342903
P150_B00_L35_p1100_d50,d100,1.5,0.0,0.35,11.0,50.0,4.545454545454546,0.80475,-40.0,0.003330792533233762,0.04993819072842598
P150_B00_L35_p1100_d50,d100,1.5,0.0,0.35,11.0,50.0,4.545454545454546,0.80475,20.0,0.0026283799670636654,0.049938324838876724
P150_B00_L35_p1100_d50,d100,1.5,0.0,0.35,11.0,50.0,4.545454545454546,0.80475,40.0,0.0033622218761593103,0.04993829131126404
P150_B35_L00_p0375_d20,d00,1.5,0.35,0.0,3.75,20.0,5.333333333333333,0.729,0.0,0.0022976319305598736,0.0498015321791172
P150_B35_L00_p0375_d20,d00,1.5,0.35,0.0,3.75,20.0,5.333333333333333,0.729,-20.0,0.001985450740903616,0.04979252070188522
P150_B35_L00_p0375_d20,d00,1.5,0.35,0.0,3.75,20.0,5.333333333333333,0.729,-40.0,0.0029829859267920256,0.050001248717308044
P150_B35_L00_p0375_d20,d00,1.5,0.35,0.0,3.75,20.0,5.333333333333333,0.729,20.0,0.002007951494306326,0.04979566112160683
P150_B35_L00_p0375_d20,d00,1.5,0.35,0.0,3.75,20.0,5.333333333333333,0.729,40.0,0.0030521885491907597,0.05000420659780502
P150_B35_L00_p0375_d20,d76,1.5,0.35,0.0,3.75,20.0,5.333333333333333,0.729,0.0,0.0017658306751400232,0.04979345574975014
P150_B35_L00_p0375_d20,d76,1.5,0.35,0.0,3.75,20.0,5.333333333333333,0.729,-20.0,0.0019456803565844893,0.04978325590491295
P150_B35_L00_p0375_d20,d76,1.5,0.35,0.0,3.75,20.0,5.333333333333333,0.729,-40.0,0.0026970102917402983,0.04983866959810257
P150_B35_L00_p0375_d20,d76,1.5,0.35,0.0,3.75,20.0,5.333333333333333,0.729,20.0,0.0019215837819501758,0.04978610947728157
P150_B35_L00_p0375_d20,d76,1.5,0.35,0.0,3.75,20.0,5.333333333333333,0.729,40.0,0.0026884828694164753,0.04983598738908768
P150_B35_L00_p0375_d20,d100,1.5,0.35,0.0,3.75,20.0,5.333333333333333,0.729,0.0,0.0017644772306084633,0.04979128763079643
P150_B35_L00_p0375_d20,d100,1.5,0.35,0.0,3.75,20.0,5.333333333333333,0.729,-20.0,0.002101726131513715,0.049780089408159256
P150_B35_L00_p0375_d20,d100,1.5,0.35,0.0,3.75,20.0,5.333333333333333,0.729,-40.0,0.0028052343986928463,0.04978719726204872
P150_B35_L00_p0375_d20,d100,1.5,0.35,0.0,3.75,20.0,5.333333333333333,0.729,20.0,0.0020965952426195145,0.04978276789188385
P150_B35_L00_p0375_d20,d100,1.5,0.35,0.0,3.75,20.0,5.333333333333333,0.729,40.0,0.002803450683131814,0.049782514572143555
P150_B35_L00_p0375_d30,d00,1.5,0.35,0.0,3.75,30.0,8.0,0.729,0.0,0.0020502374973148108,0.04968085139989853
P150_B35_L00_p0375_d30,d00,1.5,0.35,0.0,3.75,30.0,8.0,0.729,-20.0,0.0015872427029535174,0.049654364585876465
P150_B35_L00_p0375_d30,d00,1.5,0.35,0.0,3.75,30.0,8.0,0.729,-40.0,0.002777951303869486,0.05000783130526543
P150_B35_L00_p0375_d30,d00,1.5,0.35,0.0,3.75,30.0,8.0,0.729,20.0,0.0016308382619172335,0.049655813723802567
P150_B35_L00_p0375_d30,d00,1.5,0.35,0.0,3.75,30.0,8.0,0.729,40.0,0.002823830582201481,0.05001060292124748
P150_B35_L00_p0375_d30,d76,1.5,0.35,0.0,3.75,30.0,8.0,0.729,0.0,0.0013289725175127387,0.04966961592435837
P150_B35_L00_p0375_d30,d76,1.5,0.35,0.0,3.75,30.0,8.0,0.729,-20.0,0.001585229649208486,0.04964039847254753
P150_B35_L00_p0375_d30,d76,1.5,0.35,0.0,3.75,30.0,8.0,0.729,-40.0,0.002363520674407482,0.049721941351890564
P150_B35_L00_p0375_d30,d76,1.5,0.35,0.0,3.75,30.0,8.0,0.729,20.0,0.0016290056519210339,0.04964114725589752
P150_B35_L00_p0375_d30,d76,1.5,0.35,0.0,3.75,30.0,8.0,0.729,40.0,0.0024135312996804714,0.04973132908344269
P150_B35_L00_p0375_d30,d100,1.5,0.35,0.0,3.75,30.0,8.0,0.729,0.0,0.0012417089892551303,0.04966631159186363
P150_B35_L00_p0375_d30,d100,1.5,0.35,0.0,3.75,30.0,8.0,0.729,-20.0,0.0017235982231795788,0.04963620752096176
P150_B35_L00_p0375_d30,d100,1.5,0.35,0.0,3.75,30.0,8.0,0.729,-40.0,0.002452426590025425,0.049633290618658066
P150_B35_L00_p0375_d30,d100,1.5,0.35,0.0,3.75,30.0,8.0,0.729,20.0,0.0017518920358270407,0.04963640868663788
P150_B35_L00_p0375_d30,d100,1.5,0.35,0.0,3.75,30.0,8.0,0.729,40.0,0.0024742281530052423,0.049640536308288574
P150_B35_L00_p0375_d40,d00,1.5,0.35,0.0,3.75,40.0,10.666666666666666,0.729,0.0,0.00185876595787704,0.04968637228012085
P150_B35_L00_p0375_d40,d00,1.5,0.35,0.0,3.75,40.0,10.666666666666666,0.729,-20.0,0.0014634499093517661,0.049662623554468155
P150_B35_L00_p0375_d40,d00,1.5,0.35,0.0,3.75,40.0,10.666666666666666,0.729,-40.0,0.0024998164735734463,0.05000154674053192
P150_B35_L00_p0375_d40,d00,1.5,0.35,0.0,3.75,40.0,10.666666666666666,0.729,20.0,0.0014236797578632832,0.049661677330732346
P150_B35_L00_p0375_d40,d00,1.5,0.35,0.0,3.75,40.0,10.666666666666666,0.729,40.0,0.0024740330409258604,0.05000048503279686
P150_B35_L00_p0375_d40,d76,1.5,0.35,0.0,3.75,40.0,10.666666666666666,0.729,0.0,0.00110188452526927,0.04967445507645607
P150_B35_L00_p0375_d40,d76,1.5,0.35,0.0,3.75,40.0,10.666666666666666,0.729,-20.0,0.0014310231199488044,0.04964807257056236
P150_B35_L00_p0375_d40,d76,1.5,0.35,0.0,3.75,40.0,10.666666666666666,0.729,-40.0,0.002170403953641653,0.04973229020833969
P150_B35_L00_p0375_d40,d76,1.5,0.35,0.0,3.75,40.0,10.666666666666666,0.729,20.0,0.001440702355466783,0.04964584857225418
P150_B35_L00_p0375_d40,d76,1.5,0.35,0.0,3.75,40.0,10.666666666666666,0.729,40.0,0.0021454503294080496,0.04973430186510086
P150_B35_L00_p0375_d40,d100,1.5,0.35,0.0,3.75,40.0,10.666666666666666,0.729,0.0,0.000969291664659977,0.04967156797647476
P150_B35_L00_p0375_d40,d100,1.5,0.35,0.0,3.75,40.0,10.666666666666666,0.729,-20.0,0.0015497306594625115,0.049643293023109436
P150_B35_L00_p0375_d40,d100,1.5,0.35,0.0,3.75,40.0,10.666666666666666,0.729,-40.0,0.0022485731169581413,0.04964702948927879
P150_B35_L00_p0375_d40,d100,1.5,0.35,0.0,3.75,40.0,10.666666666666666,0.729,20.0,0.0015511680394411087,0.04964100942015648
P150_B35_L00_p0375_d40,d100,1.5,0.35,0.0,3.75,40.0,10.666666666666666,0.729,40.0,0.002230021869763732,0.04965004697442055
P150_B35_L00_p0375_d50,d00,1.5,0.35,0.0,3.75,50.0,13.333333333333334,0.729,0.0,0.0017249609809368849,0.049684204161167145
P150_B35_L00_p0375_d50,d00,1.5,0.35,0.0,3.75,50.0,13.333333333333334,0.729,-20.0,0.001430126721970737,0.04965963959693909
P150_B35_L00_p0375_d50,d00,1.5,0.35,0.0,3.75,50.0,13.333333333333334,0.729,-40.0,0.002452033804729581,0.04999407008290291
P150_B35_L00_p0375_d50,d00,1.5,0.35,0.0,3.75,50.0,13.333333333333334,0.729,20.0,0.0013826033100485802,0.04965685307979584
P150_B35_L00_p0375_d50,d00,1.5,0.35,0.0,3.75,50.0,13.333333333333334,0.729,40.0,0.002416935283690691,0.05000501871109009
P150_B35_L00_p0375_d50,d76,1.5,0.35,0.0,3.75,50.0,13.333333333333334,0.729,0.0,0.0009778286330401897,0.04967328533530235
P150_B35_L00_p0375_d50,d76,1.5,0.35,0.0,3.75,50.0,13.333333333333334,0.729,-20.0,0.0013569421134889126,0.04964529722929001
P150_B35_L00_p0375_d50,d76,1.5,0.35,0.0,3.75,50.0,13.333333333333334,0.729,-40.0,0.0020927705336362123,0.04971949756145477
P150_B35_L00_p0375_d50,d76,1.5,0.35,0.0,3.75,50.0,13.333333333333334,0.729,20.0,0.001360264839604497,0.04964281991124153
P150_B35_L00_p0375_d50,d76,1.5,0.35,0.0,3.75,50.0,13.333333333333334,0.729,40.0,0.0021082202438265085,0.049724262207746506
P150_B35_L00_p0375_d50,d100,1.5,0.35,0.0,3.75,50.0,13.333333333333334,0.729,0.0,0.0008252306724898517,0.049670323729515076
P150_B35_L00_p0375_d50,d100,1.5,0.35,0.0,3.75,50.0,13.333333333333334,0.729,-20.0,0.0014685846399515867,0.049640920013189316
P150_B35_L00_p0375_d50,d100,1.5,0.35,0.0,3.75,50.0,13.333333333333334,0.729,-40.0,0.0021627815440297127,0.04963688552379608
P150_B35_L00_p0375_d50,d100,1.5,0.35,0.0,3.75,50.0,13.333333333333334,0.729,20.0,0.0014438146026805043,0.04963769391179085
P150_B35_L00_p0375_d50,d100,1.5,0.35,0.0,3.75,50.0,13.333333333333334,0.729,40.0,0.0021533514373004436,0.049638960510492325
P150_B35_L00_p0550_d20,d00,1.5,0.35,0.0,5.5,20.0,3.6363636363636362,0.729,0.0,0.002624572953209281,0.049905359745025635
P150_B35_L00_p0550_d20,d00,1.5,0.35,0.0,5.5,20.0,3.6363636363636362,0.729,-20.0,0.0025130973663181067,0.04990342631936073
P150_B35_L00_p0550_d20,d00,1.5,0.35,0.0,5.5,20.0,3.6363636363636362,0.729,-40.0,0.00304667791351676,0.05000055581331253
P150_B35_L00_p0550_d20,d00,1.5,0.35,0.0,5.5,20.0,3.6363636363636362,0.729,20.0,0.0024629770778119564,0.04990450292825699
P150_B35_L00_p0550_d20,d00,1.5,0.35,0.0,5.5,20.0,3.6363636363636362,0.729,40.0,0.0029381546191871166,0.049999337643384933
P150_B35_L00_p0550_d20,d76,1.5,0.35,0.0,5.5,20.0,3.6363636363636362,0.729,0.0,0.0022592348977923393,0.04990111291408539
P150_B35_L00_p0550_d20,d76,1.5,0.35,0.0,5.5,20.0,3.6363636363636362,0.729,-20.0,0.002332880161702633,0.049899470061063766
P150_B35_L00_p0550_d20,d76,1.5,0.35,0.0,5.5,20.0,3.6363636363636362,0.729,-40.0,0.0030371220782399178,0.049919236451387405
P150_B35_L00_p0550_d20,d76,1.5,0.35,0.0,5.5,20.0,3.6363636363636362,0.729,20.0,0.0023586826864629984,0.049900542944669724
P150_B35_L00_p0550_d20,d76,1.5,0.35,0.0,5.5,20.0,3.6363636363636362,0.729,40.0,0.002953441347926855,0.049914177507162094
P150_B35_L00_p0550_d20,d100,1.5,0.35,0.0,5.5,20.0,3.6363636363636362,0.729,0.0,0.0023876770865172148,0.04989994689822197
P150_B35_L00_p0550_d20,d100,1.5,0.35,0.0,5.5,20.0,3.6363636363636362,0.729,-20.0,0.0025404442567378283,0.04989839717745781
P150_B35_L00_p0550_d20,d100,1.5,0.35,0.0,5.5,20.0,3.6363636363636362,0.729,-40.0,0.0032555360812693834,0.049892961978912354
P150_B35_L00_p0550_d20,d100,1.5,0.35,0.0,5.5,20.0,3.6363636363636362,0.729,20.0,0.0025102710351347923,0.04989934340119362
P150_B35_L00_p0550_d20,d100,1.5,0.35,0.0,5.5,20.0,3.6363636363636362,0.729,40.0,0.0031855811830610037,0.04988744482398033
P150_B35_L00_p0550_d30,d00,1.5,0.35,0.0,5.5,30.0,5.454545454545454,0.729,0.0,0.002226943848654628,0.04985285922884941
P150_B35_L00_p0550_d30,d00,1.5,0.35,0.0,5.5,30.0,5.454545454545454,0.729,-20.0,0.0019734823144972324,0.04984891787171364
P150_B35_L00_p0550_d30,d00,1.5,0.35,0.0,5.5,30.0,5.454545454545454,0.729,-40.0,0.002738315612077713,0.04999479651451111
P150_B35_L00_p0550_d30,d00,1.5,0.35,0.0,5.5,30.0,5.454545454545454,0.729,20.0,0.0018831189954653382,0.049849674105644226
P150_B35_L00_p0550_d30,d00,1.5,0.35,0.0,5.5,30.0,5.454545454545454,0.729,40.0,0.0026761724147945642,0.04999757930636406
P150_B35_L00_p0550_d30,d76,1.5,0.35,0.0,5.5,30.0,5.454545454545454,0.729,0.0,0.001694749458692968,0.04984733462333679
P150_B35_L00_p0550_d30,d76,1.5,0.35,0.0,5.5,30.0,5.454545454545454,0.729,-20.0,0.0019067097455263138,0.0498432032763958
P150_B35_L00_p0550_d30,d76,1.5,0.35,0.0,5.5,30.0,5.454545454545454,0.729,-40.0,0.002630692208185792,0.04986855760216713
P150_B35_L00_p0550_d30,d76,1.5,0.35,0.0,5.5,30.0,5.454545454545454,0.729,20.0,0.0018539176089689136,0.04984353482723236
P150_B35_L00_p0550_d30,d76,1.5,0.35,0.0,5.5,30.0,5.454545454545454,0.729,40.0,0.0025837006978690624,0.049870651215314865
P150_B35_L00_p0550_d30,d100,1.5,0.35,0.0,5.5,30.0,5.454545454545454,0.729,0.0,0.0016887616366147995,0.049845464527606964
P150_B35_L00_p0550_d30,d100,1.5,0.35,0.0,5.5,30.0,5.454545454545454,0.729,-20.0,0.002068992704153061,0.0498412624001503
P150_B35_L00_p0550_d30,d100,1.5,0.35,0.0,5.5,30.0,5.454545454545454,0.729,-40.0,0.0028044104110449553,0.04982888326048851
P150_B35_L00_p0550_d30,d100,1.5,0.35,0.0,5.5,30.0,5.454545454545454,0.729,20.0,0.0020240163430571556,0.04984147846698761
P150_B35_L00_p0550_d30,d100,1.5,0.35,0.0,5.5,30.0,5.454545454545454,0.729,40.0,0.0027514505200088024,0.04983055219054222
P150_B35_L00_p0550_d40,d00,1.5,0.35,0.0,5.5,40.0,7.2727272727272725,0.729,0.0,0.0020384907256811857,0.04985496401786804
P150_B35_L00_p0550_d40,d00,1.5,0.35,0.0,5.5,40.0,7.2727272727272725,0.729,-20.0,0.0016874982975423336,0.049843527376651764
P150_B35_L00_p0550_d40,d00,1.5,0.35,0.0,5.5,40.0,7.2727272727272725,0.729,-40.0,0.0025937710888683796,0.04999565705657005
P150_B35_L00_p0550_d40,d00,1.5,0.35,0.0,5.5,40.0,7.2727272727272725,0.729,20.0,0.0015423825243487954,0.049845919013023376
P150_B35_L00_p0550_d40,d00,1.5,0.35,0.0,5.5,40.0,7.2727272727272725,0.729,40.0,0.002607933944091201,0.05000443756580353
P150_B35_L00_p0550_d40,d76,1.5,0.35,0.0,5.5,40.0,7.2727272727272725,0.729,0.0,0.001404974376782775,0.04984968528151512
P150_B35_L00_p0550_d40,d76,1.5,0.35,0.0,5.5,40.0,7.2727272727272725,0.729,-20.0,0.001666581374593079,0.049837175756692886
P150_B35_L00_p0550_d40,d76,1.5,0.35,0.0,5.5,40.0,7.2727272727272725,0.729,-40.0,0.002345896791666746,0.04987335577607155
P150_B35_L00_p0550_d40,d76,1.5,0.35,0.0,5.5,40.0,7.2727272727272725,0.729,20.0,0.0015829122858121991,0.049839768558740616
P150_B35_L00_p0550_d40,d76,1.5,0.35,0.0,5.5,40.0,7.2727272727272725,0.729,40.0,0.0023589394986629486,0.04987150430679321
P150_B35_L00_p0550_d40,d100,1.5,0.35,0.0,5.5,40.0,7.2727272727272725,0.729,0.0,0.0013234269572421908,0.0498480461537838
P150_B35_L00_p0550_d40,d100,1.5,0.35,0.0,5.5,40.0,7.2727272727272725,0.729,-20.0,0.0018005568999797106,0.049834467470645905
P150_B35_L00_p0550_d40,d100,1.5,0.35,0.0,5.5,40.0,7.2727272727272725,0.729,-40.0,0.0024844298604875803,0.049835242331027985
P150_B35_L00_p0550_d40,d100,1.5,0.35,0.0,5.5,40.0,7.2727272727272725,0.729,20.0,0.0017448058351874352,0.04983724281191826
P150_B35_L00_p0550_d40,d100,1.5,0.35,0.0,5.5,40.0,7.2727272727272725,0.729,40.0,0.0025007857475429773,0.049828991293907166
P150_B35_L00_p0550_d50,d00,1.5,0.35,0.0,5.5,50.0,9.090909090909092,0.729,0.0,0.0019154410110786557,0.049850139766931534
P150_B35_L00_p0550_d50,d00,1.5,0.35,0.0,5.5,50.0,9.090909090909092,0.729,-20.0,0.0015430437633767724,0.049845799803733826
P150_B35_L00_p0550_d50,d00,1.5,0.35,0.0,5.5,50.0,9.090909090909092,0.729,-40.0,0.002371213398873806,0.0500088706612587
P150_B35_L00_p0550_d50,d00,1.5,0.35,0.0,5.5,50.0,9.090909090909092,0.729,20.0,0.0014786372194066644,0.04984814673662186
P150_B35_L00_p0550_d50,d00,1.5,0.35,0.0,5.5,50.0,9.090909090909092,0.729,40.0,0.0023615227546542883,0.049999602138996124
P150_B35_L00_p0550_d50,d76,1.5,0.35,0.0,5.5,50.0,9.090909090909092,0.729,0.0,0.0012049406068399549,0.049844905734062195
P150_B35_L00_p0550_d50,d76,1.5,0.35,0.0,5.5,50.0,9.090909090909092,0.729,-20.0,0.0015031462535262108,0.04983938857913017
P150_B35_L00_p0550_d50,d76,1.5,0.35,0.0,5.5,50.0,9.090909090909092,0.729,-40.0,0.002188457176089287,0.04987141862511635
P150_B35_L00_p0550_d50,d76,1.5,0.35,0.0,5.5,50.0,9.090909090909092,0.729,20.0,0.0014632325619459152,0.049841124564409256
P150_B35_L00_p0550_d50,d76,1.5,0.35,0.0,5.5,50.0,9.090909090909092,0.729,40.0,0.0021305112168192863,0.04987545683979988
P150_B35_L00_p0550_d50,d100,1.5,0.35,0.0,5.5,50.0,9.090909090909092,0.729,0.0,0.0010944856330752373,0.04984322935342789
P150_B35_L00_p0550_d50,d100,1.5,0.35,0.0,5.5,50.0,9.090909090909092,0.729,-20.0,0.0016246032901108265,0.049837373197078705
P150_B35_L00_p0550_d50,d100,1.5,0.35,0.0,5.5,50.0,9.090909090909092,0.729,-40.0,0.00233575445599854,0.04982857406139374
P150_B35_L00_p0550_d50,d100,1.5,0.35,0.0,5.5,50.0,9.090909090909092,0.729,20.0,0.001597222057171166,0.049839191138744354
P150_B35_L00_p0550_d50,d100,1.5,0.35,0.0,5.5,50.0,9.090909090909092,0.729,40.0,0.0022700047120451927,0.049834661185741425
P150_B35_L00_p0750_d20,d00,1.5,0.35,0.0,7.5,20.0,2.6666666666666665,0.729,0.0,0.003266223007813096,0.0499599426984787
P150_B35_L00_p0750_d20,d00,1.5,0.35,0.0,7.5,20.0,2.6666666666666665,0.729,-20.0,0.003914722241461277,0.04995772987604141
P150_B35_L00_p0750_d20,d00,1.5,0.35,0.0,7.5,20.0,2.6666666666666665,0.729,-40.0,0.004230387508869171,0.049999795854091644
P150_B35_L00_p0750_d20,d00,1.5,0.35,0.0,7.5,20.0,2.6666666666666665,0.729,20.0,0.003909288439899683,0.0499577596783638
P150_B35_L00_p0750_d20,d00,1.5,0.35,0.0,7.5,20.0,2.6666666666666665,0.729,40.0,0.004244482610374689,0.04999961704015732
P150_B35_L00_p0750_d20,d76,1.5,0.35,0.0,7.5,20.0,2.6666666666666665,0.729,0.0,0.0029345897492021322,0.0499587319791317
P150_B35_L00_p0750_d20,d76,1.5,0.35,0.0,7.5,20.0,2.6666666666666665,0.729,-20.0,0.0030760345980525017,0.049955904483795166
P150_B35_L00_p0750_d20,d76,1.5,0.35,0.0,7.5,20.0,2.6666666666666665,0.729,-40.0,0.003574060508981347,0.04996725544333458
P150_B35_L00_p0750_d20,d76,1.5,0.35,0.0,7.5,20.0,2.6666666666666665,0.729,20.0,0.0030792246107012033,0.04995623603463173
P150_B35_L00_p0750_d20,d76,1.5,0.35,0.0,7.5,20.0,2.6666666666666665,0.729,40.0,0.0035199804697185755,0.049966853111982346
P150_B35_L00_p0750_d20,d100,1.5,0.35,0.0,7.5,20.0,2.6666666666666665,0.729,0.0,0.003112789010629058,0.049958255141973495
P150_B35_L00_p0750_d20,d100,1.5,0.35,0.0,7.5,20.0,2.6666666666666665,0.729,-20.0,0.0032034150790423155,0.049955103546381
P150_B35_L00_p0750_d20,d100,1.5,0.35,0.0,7.5,20.0,2.6666666666666665,0.729,-40.0,0.0037506886292248964,0.049956824630498886
P150_B35_L00_p0750_d20,d100,1.5,0.35,0.0,7.5,20.0,2.6666666666666665,0.729,20.0,0.0031745200976729393,0.04995568096637726
P150_B35_L00_p0750_d20,d100,1.5,0.35,0.0,7.5,20.0,2.6666666666666665,0.729,40.0,0.0037078559398651123,0.049956146627664566
P150_B35_L00_p0750_d30,d00,1.5,0.35,0.0,7.5,30.0,4.0,0.729,0.0,0.0024915433023124933,0.049919493496418
P150_B35_L00_p0750_d30,d00,1.5,0.35,0.0,7.5,30.0,4.0,0.729,-20.0,0.0023062743712216616,0.04991425946354866
P150_B35_L00_p0750_d30,d00,1.5,0.35,0.0,7.5,30.0,4.0,0.729,-40.0,0.0028058954048901796,0.04999953880906105
P150_B35_L00_p0750_d30,d00,1.5,0.35,0.0,7.5,30.0,4.0,0.729,20.0,0.0023842775262892246,0.04991474002599716
P150_B35_L00_p0750_d30,d00,1.5,0.35,0.0,7.5,30.0,4.0,0.729,40.0,0.002819705056026578,0.04999703913927078
P150_B35_L00_p0750_d30,d76,1.5,0.35,0.0,7.5,30.0,4.0,0.729,0.0,0.0021072914823889732,0.04991655424237251
P150_B35_L00_p0750_d30,d76,1.5,0.35,0.0,7.5,30.0,4.0,0.729,-20.0,0.002218139125034213,0.04991071671247482
P150_B35_L00_p0750_d30,d76,1.5,0.35,0.0,7.5,30.0,4.0,0.729,-40.0,0.0028983254451304674,0.04993215575814247
P150_B35_L00_p0750_d30,d76,1.5,0.35,0.0,7.5,30.0,4.0,0.729,20.0,0.0022979278583079576,0.04991096258163452
P150_B35_L00_p0750_d30,d76,1.5,0.35,0.0,7.5,30.0,4.0,0.729,40.0,0.0029139069374650717,0.04993082955479622
P150_B35_L00_p0750_d30,d100,1.5,0.35,0.0,7.5,30.0,4.0,0.729,0.0,0.0021878161933273077,0.04991554841399193
P150_B35_L00_p0750_d30,d100,1.5,0.35,0.0,7.5,30.0,4.0,0.729,-20.0,0.002397686941549182,0.04990953579545021
P150_B35_L00_p0750_d30,d100,1.5,0.35,0.0,7.5,30.0,4.0,0.729,-40.0,0.0031439284794032574,0.049911126494407654
P150_B35_L00_p0750_d30,d100,1.5,0.35,0.0,7.5,30.0,4.0,0.729,20.0,0.0024890066124498844,0.049909744411706924
P150_B35_L00_p0750_d30,d100,1.5,0.35,0.0,7.5,30.0,4.0,0.729,40.0,0.0031499776523560286,0.049910031259059906
P150_B35_L00_p0750_d40,d00,1.5,0.35,0.0,7.5,40.0,5.333333333333333,0.729,0.0,0.0021439609117805958,0.049920760095119476
P150_B35_L00_p0750_d40,d00,1.5,0.35,0.0,7.5,40.0,5.333333333333333,0.729,-20.0,0.0018459054408594966,0.04991691932082176
P150_B35_L00_p0750_d40,d00,1.5,0.35,0.0,7.5,40.0,5.333333333333333,0.729,-40.0,0.002469154540449381,0.0500032939016819
P150_B35_L00_p0750_d40,d00,1.5,0.35,0.0,7.5,40.0,5.333333333333333,0.729,20.0,0.0018353571649640799,0.04991715028882027
P150_B35_L00_p0750_d40,d00,1.5,0.35,0.0,7.5,40.0,5.333333333333333,0.729,40.0,0.0024966513738036156,0.050001051276922226
P150_B35_L00_p0750_d40,d76,1.5,0.35,0.0,7.5,40.0,5.333333333333333,0.729,0.0,0.0016001632902771235,0.049918100237846375
P150_B35_L00_p0750_d40,d76,1.5,0.35,0.0,7.5,40.0,5.333333333333333,0.729,-20.0,0.001818460295908153,0.049913447350263596
P150_B35_L00_p0750_d40,d76,1.5,0.35,0.0,7.5,40.0,5.333333333333333,0.729,-40.0,0.0025327426847070456,0.04993175342679024
P150_B35_L00_p0750_d40,d76,1.5,0.35,0.0,7.5,40.0,5.333333333333333,0.729,20.0,0.0018129873787984252,0.04991370439529419
P150_B35_L00_p0750_d40,d76,1.5,0.35,0.0,7.5,40.0,5.333333333333333,0.729,40.0,0.002510626567527652,0.049932122230529785
P150_B35_L00_p0750_d40,d100,1.5,0.35,0.0,7.5,40.0,5.333333333333333,0.729,0.0,0.0015935564879328012,0.049917060881853104
P150_B35_L00_p0750_d40,d100,1.5,0.35,0.0,7.5,40.0,5.333333333333333,0.729,-20.0,0.0019933769945055246,0.049912191927433014
P150_B35_L00_p0750_d40,d100,1.5,0.35,0.0,7.5,40.0,5.333333333333333,0.729,-40.0,0.0027333081234246492,0.0499102883040905
P150_B35_L00_p0750_d40,d100,1.5,0.35,0.0,7.5,40.0,5.333333333333333,0.729,20.0,0.0019598319195210934,0.049912773072719574
P150_B35_L00_p0750_d40,d100,1.5,0.35,0.0,7.5,40.0,5.333333333333333,0.729,40.0,0.002659830264747143,0.04991024360060692
P150_B35_L00_p0750_d50,d00,1.5,0.35,0.0,7.5,50.0,6.666666666666667,0.729,0.0,0.0020191241055727005,0.049913421273231506
P150_B35_L00_p0750_d50,d00,1.5,0.35,0.0,7.5,50.0,6.666666666666667,0.729,-20.0,0.0016821224708110094,0.04990344122052193
P150_B35_L00_p0750_d50,d00,1.5,0.35,0.0,7.5,50.0,6.666666666666667,0.729,-40.0,0.0024625735823065042,0.05000114068388939
P150_B35_L00_p0750_d50,d00,1.5,0.35,0.0,7.5,50.0,6.666666666666667,0.729,20.0,0.0016575780464336276,0.049903787672519684
P150_B35_L00_p0750_d50,d00,1.5,0.35,0.0,7.5,50.0,6.666666666666667,0.729,40.0,0.002491299994289875,0.05000196769833565
P150_B35_L00_p0750_d50,d76,1.5,0.35,0.0,7.5,50.0,6.666666666666667,0.729,0.0,0.001433292287401855,0.04991026222705841
P150_B35_L00_p0750_d50,d76,1.5,0.35,0.0,7.5,50.0,6.666666666666667,0.729,-20.0,0.0016571828164160252,0.049898386001586914
P150_B35_L00_p0750_d50,d76,1.5,0.35,0.0,7.5,50.0,6.666666666666667,0.729,-40.0,0.00239888415671885,0.04992646351456642
P150_B35_L00_p0750_d50,d76,1.5,0.35,0.0,7.5,50.0,6.666666666666667,0.729,20.0,0.001660571084357798,0.049899809062480927
P150_B35_L00_p0750_d50,d76,1.5,0.35,0.0,7.5,50.0,6.666666666666667,0.729,40.0,0.0023822886869311333,0.04992539435625076
P150_B35_L00_p0750_d50,d100,1.5,0.35,0.0,7.5,50.0,6.666666666666667,0.729,0.0,0.00137648347299546,0.04990965873003006
P150_B35_L00_p0750_d50,d100,1.5,0.35,0.0,7.5,50.0,6.666666666666667,0.729,-20.0,0.001822781516239047,0.04989706352353096
P150_B35_L00_p0750_d50,d100,1.5,0.35,0.0,7.5,50.0,6.666666666666667,0.729,-40.0,0.0025889764074236155,0.04990227520465851
P150_B35_L00_p0750_d50,d100,1.5,0.35,0.0,7.5,50.0,6.666666666666667,0.729,20.0,0.0017903775442391634,0.04989847168326378
P150_B35_L00_p0750_d50,d100,1.5,0.35,0.0,7.5,50.0,6.666666666666667,0.729,40.0,0.0025220788083970547,0.049900926649570465
P150_B35_L00_p1100_d20,d00,1.5,0.35,0.0,11.0,20.0,1.8181818181818181,0.729,0.0,0.00621853256598115,0.04997323080897331
P150_B35_L00_p1100_d20,d00,1.5,0.35,0.0,11.0,20.0,1.8181818181818181,0.729,-20.0,0.00843964982777834,0.04997199401259422
P150_B35_L00_p1100_d20,d00,1.5,0.35,0.0,11.0,20.0,1.8181818181818181,0.729,-40.0,0.009760570712387562,0.04999908432364464
P150_B35_L00_p1100_d20,d00,1.5,0.35,0.0,11.0,20.0,1.8181818181818181,0.729,20.0,0.008345450274646282,0.049971260130405426
P150_B35_L00_p1100_d20,d00,1.5,0.35,0.0,11.0,20.0,1.8181818181818181,0.729,40.0,0.009743588976562023,0.05000055581331253
P150_B35_L00_p1100_d20,d76,1.5,0.35,0.0,11.0,20.0,1.8181818181818181,0.729,0.0,0.004216938745230436,0.04997242987155914
P150_B35_L00_p1100_d20,d76,1.5,0.35,0.0,11.0,20.0,1.8181818181818181,0.729,-20.0,0.004489881452172995,0.04997086524963379
P150_B35_L00_p1100_d20,d76,1.5,0.35,0.0,11.0,20.0,1.8181818181818181,0.729,-40.0,0.005099767353385687,0.049977052956819534
P150_B35_L00_p1100_d20,d76,1.5,0.35,0.0,11.0,20.0,1.8181818181818181,0.729,20.0,0.004471013322472572,0.04997016116976738
P150_B35_L00_p1100_d20,d76,1.5,0.35,0.0,11.0,20.0,1.8181818181818181,0.729,40.0,0.0051604886539280415,0.04997754842042923
P150_B35_L00_p1100_d20,d100,1.5,0.35,0.0,11.0,20.0,1.8181818181818181,0.729,0.0,0.004274141974747181,0.04997202381491661
P150_B35_L00_p1100_d20,d100,1.5,0.35,0.0,11.0,20.0,1.8181818181818181,0.729,-20.0,0.00418844074010849,0.0499705970287323
P150_B35_L00_p1100_d20,d100,1.5,0.35,0.0,11.0,20.0,1.8181818181818181,0.729,-40.0,0.004480681382119656,0.049970827996730804
P150_B35_L00_p1100_d20,d100,1.5,0.35,0.0,11.0,20.0,1.8181818181818181,0.729,20.0,0.004155443515628576,0.049969933927059174
P150_B35_L00_p1100_d20,d100,1.5,0.35,0.0,11.0,20.0,1.8181818181818181,0.729,40.0,0.004537276457995176,0.04997030273079872
P150_B35_L00_p1100_d30,d00,1.5,0.35,0.0,11.0,30.0,2.727272727272727,0.729,0.0,0.0034102885983884335,0.04995158314704895
P150_B35_L00_p1100_d30,d00,1.5,0.35,0.0,11.0,30.0,2.727272727272727,0.729,-20.0,0.0041161514818668365,0.04995293170213699
P150_B35_L00_p1100_d30,d00,1.5,0.35,0.0,11.0,30.0,2.727272727272727,0.729,-40.0,0.004410664085298777,0.04999834671616554
P150_B35_L00_p1100_d30,d00,1.5,0.35,0.0,11.0,30.0,2.727272727272727,0.729,20.0,0.003763956716284156,0.04995374381542206
P150_B35_L00_p1100_d30,d00,1.5,0.35,0.0,11.0,30.0,2.727272727272727,0.729,40.0,0.004057863261550665,0.04999902844429016
P150_B35_L00_p1100_d30,d76,1.5,0.35,0.0,11.0,30.0,2.727272727272727,0.729,0.0,0.003015552880242467,0.04995017871260643
P150_B35_L00_p1100_d30,d76,1.5,0.35,0.0,11.0,30.0,2.727272727272727,0.729,-20.0,0.00317126652225852,0.04995102435350418
P150_B35_L00_p1100_d30,d76,1.5,0.35,0.0,11.0,30.0,2.727272727272727,0.729,-40.0,0.003617046168074012,0.04995855689048767
P150_B35_L00_p1100_d30,d76,1.5,0.35,0.0,11.0,30.0,2.727272727272727,0.729,20.0,0.002983489539474249,0.04995204880833626
P150_B35_L00_p1100_d30,d76,1.5,0.35,0.0,11.0,30.0,2.727272727272727,0.729,40.0,0.00351324793882668,0.049958448857069016
P150_B35_L00_p1100_d30,d100,1.5,0.35,0.0,11.0,30.0,2.727272727272727,0.729,0.0,0.0031930299010127783,0.049949418753385544
P150_B35_L00_p1100_d30,d100,1.5,0.35,0.0,11.0,30.0,2.727272727272727,0.729,-20.0,0.0032971578184515238,0.0499502569437027
P150_B35_L00_p1100_d30,d100,1.5,0.35,0.0,11.0,30.0,2.727272727272727,0.729,-40.0,0.0038121112156659365,0.049945686012506485
P150_B35_L00_p1100_d30,d100,1.5,0.35,0.0,11.0,30.0,2.727272727272727,0.729,20.0,0.0030713623855262995,0.049951501190662384
P150_B35_L00_p1100_d30,d100,1.5,0.35,0.0,11.0,30.0,2.727272727272727,0.729,40.0,0.003693652804940939,0.04994557797908783
P150_B35_L00_p1100_d40,d00,1.5,0.35,0.0,11.0,40.0,3.6363636363636362,0.729,0.0,0.002820995869114995,0.049958735704422
P150_B35_L00_p1100_d40,d00,1.5,0.35,0.0,11.0,40.0,3.6363636363636362,0.729,-20.0,0.0026576449163258076,0.04995698481798172
P150_B35_L00_p1100_d40,d00,1.5,0.35,0.0,11.0,40.0,3.6363636363636362,0.729,-40.0,0.0030713833402842283,0.04999711364507675
P150_B35_L00_p1100_d40,d00,1.5,0.35,0.0,11.0,40.0,3.6363636363636362,0.729,20.0,0.002749234437942505,0.04995578154921532
P150_B35_L00_p1100_d40,d00,1.5,0.35,0.0,11.0,40.0,3.6363636363636362,0.729,40.0,0.0030709223356097937,0.04999686777591705
P150_B35_L00_p1100_d40,d76,1.5,0.35,0.0,11.0,40.0,3.6363636363636362,0.729,0.0,0.0025042016059160233,0.049957070499658585
P150_B35_L00_p1100_d40,d76,1.5,0.35,0.0,11.0,40.0,3.6363636363636362,0.729,-20.0,0.0024935868568718433,0.04995477944612503
P150_B35_L00_p1100_d40,d76,1.5,0.35,0.0,11.0,40.0,3.6363636363636362,0.729,-40.0,0.003086877753958106,0.04996415600180626
P150_B35_L00_p1100_d40,d76,1.5,0.35,0.0,11.0,40.0,3.6363636363636362,0.729,20.0,0.0025681103579699993,0.0499541275203228
P150_B35_L00_p1100_d40,d76,1.5,0.35,0.0,11.0,40.0,3.6363636363636362,0.729,40.0,0.003139318898320198,0.04996281862258911
P150_B35_L00_p1100_d40,d100,1.5,0.35,0.0,11.0,40.0,3.6363636363636362,0.729,0.0,0.0026127928867936134,0.0499565452337265
P150_B35_L00_p1100_d40,d100,1.5,0.35,0.0,11.0,40.0,3.6363636363636362,0.729,-20.0,0.0026521477848291397,0.04995444044470787
P150_B35_L00_p1100_d40,d100,1.5,0.35,0.0,11.0,40.0,3.6363636363636362,0.729,-40.0,0.0033643946517258883,0.049954067915678024
P150_B35_L00_p1100_d40,d100,1.5,0.35,0.0,11.0,40.0,3.6363636363636362,0.729,20.0,0.0027242908254265785,0.04995374009013176
P150_B35_L00_p1100_d40,d100,1.5,0.35,0.0,11.0,40.0,3.6363636363636362,0.729,40.0,0.0034072899725288153,0.04995276406407356
P150_B35_L00_p1100_d50,d00,1.5,0.35,0.0,11.0,50.0,4.545454545454546,0.729,0.0,0.0023890084121376276,0.04996170848608017
P150_B35_L00_p1100_d50,d00,1.5,0.35,0.0,11.0,50.0,4.545454545454546,0.729,-20.0,0.0020268859807401896,0.049955762922763824
P150_B35_L00_p1100_d50,d00,1.5,0.35,0.0,11.0,50.0,4.545454545454546,0.729,-40.0,0.002440380398184061,0.050000373274087906
P150_B35_L00_p1100_d50,d00,1.5,0.35,0.0,11.0,50.0,4.545454545454546,0.729,20.0,0.001972832949832082,0.04995677247643471
P150_B35_L00_p1100_d50,d00,1.5,0.35,0.0,11.0,50.0,4.545454545454546,0.729,40.0,0.0024808377493172884,0.0500018410384655
P150_B35_L00_p1100_d50,d76,1.5,0.35,0.0,11.0,50.0,4.545454545454546,0.729,0.0,0.0019699535332620144,0.0499601736664772
P150_B35_L00_p1100_d50,d76,1.5,0.35,0.0,11.0,50.0,4.545454545454546,0.729,-20.0,0.002017101738601923,0.049953579902648926
P150_B35_L00_p1100_d50,d76,1.5,0.35,0.0,11.0,50.0,4.545454545454546,0.729,-40.0,0.0026598579715937376,0.049965750426054
P150_B35_L00_p1100_d50,d76,1.5,0.35,0.0,11.0,50.0,4.545454545454546,0.729,20.0,0.001979086548089981,0.04995536431670189
P150_B35_L00_p1100_d50,d76,1.5,0.35,0.0,11.0,50.0,4.545454545454546,0.729,40.0,0.0027219755575060844,0.04996633902192116
P150_B35_L00_p1100_d50,d100,1.5,0.35,0.0,11.0,50.0,4.545454545454546,0.729,0.0,0.0020174209494143724,0.04995984584093094
P150_B35_L00_p1100_d50,d100,1.5,0.35,0.0,11.0,50.0,4.545454545454546,0.729,-20.0,0.0021823267452418804,0.04995303228497505
P150_B35_L00_p1100_d50,d100,1.5,0.35,0.0,11.0,50.0,4.545454545454546,0.729,-40.0,0.002915661782026291,0.04995547607541084
P150_B35_L00_p1100_d50,d100,1.5,0.35,0.0,11.0,50.0,4.545454545454546,0.729,20.0,0.002178114838898182,0.04995489865541458
P150_B35_L00_p1100_d50,d100,1.5,0.35,0.0,11.0,50.0,4.545454545454546,0.729,40.0,0.0029596909880638123,0.04995489865541458
P150_B35_L35_p0375_d20,d00,1.5,0.35,0.35,3.75,20.0,5.333333333333333,0.729,0.0,0.0040153018198907375,0.0497887097299099
P150_B35_L35_p0375_d20,d00,1.5,0.35,0.35,3.75,20.0,5.333333333333333,0.729,-20.0,0.005707223899662495,0.049785345792770386
P150_B35_L35_p0375_d20,d00,1.5,0.35,0.35,3.75,20.0,5.333333333333333,0.729,-40.0,0.006025696638971567,0.049996450543403625
P150_B35_L35_p0375_d20,d00,1.5,0.35,0.35,3.75,20.0,5.333333333333333,0.729,20.0,0.005734515376389027,0.04979229345917702
P150_B35_L35_p0375_d20,d00,1.5,0.35,0.35,3.75,20.0,5.333333333333333,0.729,40.0,0.006022647488862276,0.049994468688964844
P150_B35_L35_p0375_d20,d76,1.5,0.35,0.35,3.75,20.0,5.333333333333333,0.729,0.0,0.003382486756891012,0.049780357629060745
P150_B35_L35_p0375_d20,d76,1.5,0.35,0.35,3.75,20.0,5.333333333333333,0.729,-20.0,0.003659431589767337,0.049778010696172714
P150_B35_L35_p0375_d20,d76,1.5,0.35,0.35,3.75,20.0,5.333333333333333,0.729,-40.0,0.004072532523423433,0.04982839152216911
P150_B35_L35_p0375_d20,d76,1.5,0.35,0.35,3.75,20.0,5.333333333333333,0.729,20.0,0.003682234324514866,0.04978344589471817
P150_B35_L35_p0375_d20,d76,1.5,0.35,0.35,3.75,20.0,5.333333333333333,0.729,40.0,0.004069765098392963,0.049824777990579605
P150_B35_L35_p0375_d20,d100,1.5,0.35,0.35,3.75,20.0,5.333333333333333,0.729,0.0,0.003644427051767707,0.04977855831384659
P150_B35_L35_p0375_d20,d100,1.5,0.35,0.35,3.75,20.0,5.333333333333333,0.729,-20.0,0.003707031486555934,0.049775198101997375
P150_B35_L35_p0375_d20,d100,1.5,0.35,0.35,3.75,20.0,5.333333333333333,0.729,-40.0,0.004124126862734556,0.04977528378367424
P150_B35_L35_p0375_d20,d100,1.5,0.35,0.35,3.75,20.0,5.333333333333333,0.729,20.0,0.0037231624592095613,0.04978000000119209
P150_B35_L35_p0375_d20,d100,1.5,0.35,0.35,3.75,20.0,5.333333333333333,0.729,40.0,0.004124787636101246,0.04976944997906685
P150_B35_L35_p0375_d30,d00,1.5,0.35,0.35,3.75,30.0,8.0,0.729,0.0,0.002644502790644765,0.04965703934431076
P150_B35_L35_p0375_d30,d00,1.5,0.35,0.35,3.75,30.0,8.0,0.729,-20.0,0.002675392897799611,0.04964441806077957
P150_B35_L35_p0375_d30,d00,1.5,0.35,0.35,3.75,30.0,8.0,0.729,-40.0,0.0034806940238922834,0.04999367520213127
P150_B35_L35_p0375_d30,d00,1.5,0.35,0.35,3.75,30.0,8.0,0.729,20.0,0.0027182232588529587,0.04963763803243637
P150_B35_L35_p0375_d30,d00,1.5,0.35,0.35,3.75,30.0,8.0,0.729,40.0,0.0035110285971313715,0.04998914524912834
P150_B35_L35_p0375_d30,d76,1.5,0.35,0.35,3.75,30.0,8.0,0.729,0.0,0.0023923558183014393,0.04964536800980568
P150_B35_L35_p0375_d30,d76,1.5,0.35,0.35,3.75,30.0,8.0,0.729,-20.0,0.0025112724397331476,0.04962984472513199
P150_B35_L35_p0375_d30,d76,1.5,0.35,0.35,3.75,30.0,8.0,0.729,-40.0,0.0031501196790486574,0.049708642065525055
P150_B35_L35_p0375_d30,d76,1.5,0.35,0.35,3.75,30.0,8.0,0.729,20.0,0.0025531745050102472,0.049621712416410446
P150_B35_L35_p0375_d30,d76,1.5,0.35,0.35,3.75,30.0,8.0,0.729,40.0,0.0031450679525732994,0.049713220447301865
P150_B35_L35_p0375_d30,d100,1.5,0.35,0.35,3.75,30.0,8.0,0.729,0.0,0.002548591233789921,0.049641165882349014
P150_B35_L35_p0375_d30,d100,1.5,0.35,0.35,3.75,30.0,8.0,0.729,-20.0,0.0027125601191073656,0.04962548241019249
P150_B35_L35_p0375_d30,d100,1.5,0.35,0.35,3.75,30.0,8.0,0.729,-40.0,0.0033125136978924274,0.049621473997831345
P150_B35_L35_p0375_d30,d100,1.5,0.35,0.35,3.75,30.0,8.0,0.729,20.0,0.0027331740129739046,0.049616239964962006
P150_B35_L35_p0375_d30,d100,1.5,0.35,0.35,3.75,30.0,8.0,0.729,40.0,0.003332676598802209,0.04962560534477234
P150_B35_L35_p0375_d40,d00,1.5,0.35,0.35,3.75,40.0,10.666666666666666,0.729,0.0,0.002303673420101404,0.049661584198474884
P150_B35_L35_p0375_d40,d00,1.5,0.35,0.35,3.75,40.0,10.666666666666666,0.729,-20.0,0.0021008120384067297,0.04964746534824371
P150_B35_L35_p0375_d40,d00,1.5,0.35,0.35,3.75,40.0,10.666666666666666,0.729,-40.0,0.0029899808578193188,0.04998941719532013
P150_B35_L35_p0375_d40,d00,1.5,0.35,0.35,3.75,40.0,10.666666666666666,0.729,20.0,0.0021063017193228006,0.049648672342300415
P150_B35_L35_p0375_d40,d00,1.5,0.35,0.35,3.75,40.0,10.666666666666666,0.729,40.0,0.0029995690565556288,0.049997638911008835
P150_B35_L35_p0375_d40,d76,1.5,0.35,0.35,3.75,40.0,10.666666666666666,0.729,0.0,0.0019023007480427623,0.04964957386255264
P150_B35_L35_p0375_d40,d76,1.5,0.35,0.35,3.75,40.0,10.666666666666666,0.729,-20.0,0.002068127738311887,0.04963279142975807
P150_B35_L35_p0375_d40,d76,1.5,0.35,0.35,3.75,40.0,10.666666666666666,0.729,-40.0,0.002692210953682661,0.049723997712135315
P150_B35_L35_p0375_d40,d76,1.5,0.35,0.35,3.75,40.0,10.666666666666666,0.729,20.0,0.002044456545263529,0.049633294343948364
P150_B35_L35_p0375_d40,d76,1.5,0.35,0.35,3.75,40.0,10.666666666666666,0.729,40.0,0.0027421261183917522,0.049723438918590546
P150_B35_L35_p0375_d40,d100,1.5,0.35,0.35,3.75,40.0,10.666666666666666,0.729,0.0,0.0019372545648366213,0.04964625835418701
P150_B35_L35_p0375_d40,d100,1.5,0.35,0.35,3.75,40.0,10.666666666666666,0.729,-20.0,0.002226680750027299,0.04962792992591858
P150_B35_L35_p0375_d40,d100,1.5,0.35,0.35,3.75,40.0,10.666666666666666,0.729,-40.0,0.0028523802757263184,0.049638908356428146
P150_B35_L35_p0375_d40,d100,1.5,0.35,0.35,3.75,40.0,10.666666666666666,0.729,20.0,0.0022228299640119076,0.04962833598256111
P150_B35_L35_p0375_d40,d100,1.5,0.35,0.35,3.75,40.0,10.666666666666666,0.729,40.0,0.0028401766903698444,0.049638036638498306
P150_B35_L35_p0375_d50,d00,1.5,0.35,0.35,3.75,50.0,13.333333333333334,0.729,0.0,0.0021900248248130083,0.049659084528684616
P150_B35_L35_p0375_d50,d00,1.5,0.35,0.35,3.75,50.0,13.333333333333334,0.729,-20.0,0.0019097429467365146,0.04964108020067215
P150_B35_L35_p0375_d50,d00,1.5,0.35,0.35,3.75,50.0,13.333333333333334,0.729,-40.0,0.0028736386448144913,0.049983661621809006
P150_B35_L35_p0375_d50,d00,1.5,0.35,0.35,3.75,50.0,13.333333333333334,0.729,20.0,0.0017776066670194268,0.049639612436294556
P150_B35_L35_p0375_d50,d00,1.5,0.35,0.35,3.75,50.0,13.333333333333334,0.729,40.0,0.0028746421448886395,0.049981143325567245
P150_B35_L35_p0375_d50,d76,1.5,0.35,0.35,3.75,50.0,13.333333333333334,0.729,0.0,0.0016363682225346565,0.04964696988463402
P150_B35_L35_p0375_d50,d76,1.5,0.35,0.35,3.75,50.0,13.333333333333334,0.729,-20.0,0.001855771173723042,0.04962565749883652
P150_B35_L35_p0375_d50,d76,1.5,0.35,0.35,3.75,50.0,13.333333333333334,0.729,-40.0,0.002544177696108818,0.049713458865880966
P150_B35_L35_p0375_d50,d76,1.5,0.35,0.35,3.75,50.0,13.333333333333334,0.729,20.0,0.001803111401386559,0.04962662234902382
P150_B35_L35_p0375_d50,d76,1.5,0.35,0.35,3.75,50.0,13.333333333333334,0.729,40.0,0.0025719385594129562,0.04970945417881012
P150_B35_L35_p0375_d50,d100,1.5,0.35,0.35,3.75,50.0,13.333333333333334,0.729,0.0,0.0015825285809114575,0.04964382201433182
P150_B35_L35_p0375_d50,d100,1.5,0.35,0.35,3.75,50.0,13.333333333333334,0.729,-20.0,0.001975103747099638,0.04962079972028732
P150_B35_L35_p0375_d50,d100,1.5,0.35,0.35,3.75,50.0,13.333333333333334,0.729,-40.0,0.002638972131535411,0.04962991550564766
P150_B35_L35_p0375_d50,d100,1.5,0.35,0.35,3.75,50.0,13.333333333333334,0.729,20.0,0.0019478050526231527,0.049621500074863434
P150_B35_L35_p0375_d50,d100,1.5,0.35,0.35,3.75,50.0,13.333333333333334,0.729,40.0,0.002603423548862338,0.04962491616606712
P150_B35_L35_p0550_d20,d00,1.5,0.35,0.35,5.5,20.0,3.6363636363636362,0.729,0.0,0.012575492262840271,0.049891386181116104
P150_B35_L35_p0550_d20,d00,1.5,0.35,0.35,5.5,20.0,3.6363636363636362,0.729,-20.0,0.012541119940578938,0.0498824417591095
P150_B35_L35_p0550_d20,d00,1.5,0.35,0.35,5.5,20.0,3.6363636363636362,0.729,-40.0,0.014804198406636715,0.04999833554029465
P150_B35_L35_p0550_d20,d00,1.5,0.35,0.35,5.5,20.0,3.6363636363636362,0.729,20.0,0.012498215772211552,0.04988256096839905
P150_B35_L35_p0550_d20,d00,1.5,0.35,0.35,5.5,20.0,3.6363636363636362,0.729,40.0,0.014753155410289764,0.04999350383877754
P150_B35_L35_p0550_d20,d76,1.5,0.35,0.35,5.5,20.0,3.6363636363636362,0.729,0.0,0.005165389738976955,0.04988699033856392
P150_B35_L35_p0550_d20,d76,1.5,0.35,0.35,5.5,20.0,3.6363636363636362,0.729,-20.0,0.005299639888107777,0.04987775906920433
P150_B35_L35_p0550_d20,d76,1.5,0.35,0.35,5.5,20.0,3.6363636363636362,0.729,-40.0,0.006119912024587393,0.04989928379654884
P150_B35_L35_p0550_d20,d76,1.5,0.35,0.35,5.5,20.0,3.6363636363636362,0.729,20.0,0.005272500216960907,0.04987838491797447
P150_B35_L35_p0550_d20,d76,1.5,0.35,0.35,5.5,20.0,3.6363636363636362,0.729,40.0,0.006028287578374147,0.04989779368042946
P150_B35_L35_p0550_d20,d100,1.5,0.35,0.35,5.5,20.0,3.6363636363636362,0.729,0.0,0.004790579434484243,0.04988621547818184
P150_B35_L35_p0550_d20,d100,1.5,0.35,0.35,5.5,20.0,3.6363636363636362,0.729,-20.0,0.004861489869654179,0.049876682460308075
P150_B35_L35_p0550_d20,d100,1.5,0.35,0.35,5.5,20.0,3.6363636363636362,0.729,-40.0,0.005080729722976685,0.049867719411849976
P150_B35_L35_p0550_d20,d100,1.5,0.35,0.35,5.5,20.0,3.6363636363636362,0.729,20.0,0.004811533261090517,0.049876969307661057
P150_B35_L35_p0550_d20,d100,1.5,0.35,0.35,5.5,20.0,3.6363636363636362,0.729,40.0,0.005016303155571222,0.04986818879842758
P150_B35_L35_p0550_d30,d00,1.5,0.35,0.35,5.5,30.0,5.454545454545454,0.729,0.0,0.003965028561651707,0.04982981085777283
P150_B35_L35_p0550_d30,d00,1.5,0.35,0.35,5.5,30.0,5.454545454545454,0.729,-20.0,0.005813981872051954,0.0498187392950058
P150_B35_L35_p0550_d30,d00,1.5,0.35,0.35,5.5,30.0,5.454545454545454,0.729,-40.0,0.005739267449826002,0.04999678581953049
P150_B35_L35_p0550_d30,d00,1.5,0.35,0.35,5.5,30.0,5.454545454545454,0.729,20.0,0.005643473006784916,0.049821220338344574
P150_B35_L35_p0550_d30,d00,1.5,0.35,0.35,5.5,30.0,5.454545454545454,0.729,40.0,0.005531002301722765,0.04999342933297157
P150_B35_L35_p0550_d30,d76,1.5,0.35,0.35,5.5,30.0,5.454545454545454,0.729,0.0,0.003301966469734907,0.04982448369264603
P150_B35_L35_p0550_d30,d76,1.5,0.35,0.35,5.5,30.0,5.454545454545454,0.729,-20.0,0.0035938771907240152,0.049811407923698425
P150_B35_L35_p0550_d30,d76,1.5,0.35,0.35,5.5,30.0,5.454545454545454,0.729,-40.0,0.003971369005739689,0.049849096685647964
P150_B35_L35_p0550_d30,d76,1.5,0.35,0.35,5.5,30.0,5.454545454545454,0.729,20.0,0.0035604643635451794,0.049813222140073776
P150_B35_L35_p0550_d30,d76,1.5,0.35,0.35,5.5,30.0,5.454545454545454,0.729,40.0,0.003922722768038511,0.04984844848513603
P150_B35_L35_p0550_d30,d100,1.5,0.35,0.35,5.5,30.0,5.454545454545454,0.729,0.0,0.0035266499035060406,0.0498228557407856
P150_B35_L35_p0550_d30,d100,1.5,0.35,0.35,5.5,30.0,5.454545454545454,0.729,-20.0,0.003633416723459959,0.04980836808681488
P150_B35_L35_p0550_d30,d100,1.5,0.35,0.35,5.5,30.0,5.454545454545454,0.729,-40.0,0.004092957824468613,0.04980328679084778
P150_B35_L35_p0550_d30,d100,1.5,0.35,0.35,5.5,30.0,5.454545454545454,0.729,20.0,0.003604984376579523,0.049810778349637985
P150_B35_L35_p0550_d30,d100,1.5,0.35,0.35,5.5,30.0,5.454545454545454,0.729,40.0,0.004078796599060297,0.049804478883743286
P150_B35_L35_p0550_d40,d00,1.5,0.35,0.35,5.5,40.0,7.2727272727272725,0.729,0.0,0.002779584378004074,0.049827512353658676
P150_B35_L35_p0550_d40,d00,1.5,0.35,0.35,5.5,40.0,7.2727272727272725,0.729,-20.0,0.0032196224201470613,0.04981724172830582
P150_B35_L35_p0550_d40,d00,1.5,0.35,0.35,5.5,40.0,7.2727272727272725,0.729,-40.0,0.004005528520792723,0.049992792308330536
P150_B35_L35_p0550_d40,d00,1.5,0.35,0.35,5.5,40.0,7.2727272727272725,0.729,20.0,0.0030560598243027925,0.0498182512819767
P150_B35_L35_p0550_d40,d00,1.5,0.35,0.35,5.5,40.0,7.2727272727272725,0.729,40.0,0.0038978508673608303,0.05000147596001625
P150_B35_L35_p0550_d40,d76,1.5,0.35,0.35,5.5,40.0,7.2727272727272725,0.729,0.0,0.0026280453894287348,0.04982095956802368
P150_B35_L35_p0550_d40,d76,1.5,0.35,0.35,5.5,40.0,7.2727272727272725,0.729,-20.0,0.0027826130390167236,0.04980987682938576
P150_B35_L35_p0550_d40,d76,1.5,0.35,0.35,5.5,40.0,7.2727272727272725,0.729,-40.0,0.003299698233604431,0.04984649643301964
P150_B35_L35_p0550_d40,d76,1.5,0.35,0.35,5.5,40.0,7.2727272727272725,0.729,20.0,0.002707519568502903,0.049810655415058136
P150_B35_L35_p0550_d40,d76,1.5,0.35,0.35,5.5,40.0,7.2727272727272725,0.729,40.0,0.0033091590739786625,0.04984549060463905
P150_B35_L35_p0550_d40,d100,1.5,0.35,0.35,5.5,40.0,7.2727272727272725,0.729,0.0,0.002807117998600006,0.04981895163655281
P150_B35_L35_p0550_d40,d100,1.5,0.35,0.35,5.5,40.0,7.2727272727272725,0.729,-20.0,0.0029810494743287563,0.049807459115982056
P150_B35_L35_p0550_d40,d100,1.5,0.35,0.35,5.5,40.0,7.2727272727272725,0.729,-40.0,0.0034861601889133453,0.04980047047138214
P150_B35_L35_p0550_d40,d100,1.5,0.35,0.35,5.5,40.0,7.2727272727272725,0.729,20.0,0.002888749586418271,0.04980824515223503
P150_B35_L35_p0550_d40,d100,1.5,0.35,0.35,5.5,40.0,7.2727272727272725,0.729,40.0,0.0034951106645166874,0.04979671910405159
P150_B35_L35_p0550_d50,d00,1.5,0.35,0.35,5.5,50.0,9.090909090909092,0.729,0.0,0.0024585947394371033,0.04982709139585495
P150_B35_L35_p0550_d50,d00,1.5,0.35,0.35,5.5,50.0,9.090909090909092,0.729,-20.0,0.002475612796843052,0.04982153698801994
P150_B35_L35_p0550_d50,d00,1.5,0.35,0.35,5.5,50.0,9.090909090909092,0.729,-40.0,0.0029382372740656137,0.05000384896993637
P150_B35_L35_p0550_d50,d00,1.5,0.35,0.35,5.5,50.0,9.090909090909092,0.729,20.0,0.0023858211934566498,0.04982229694724083
P150_B35_L35_p0550_d50,d00,1.5,0.35,0.35,5.5,50.0,9.090909090909092,0.729,40.0,0.002900489140301943,0.049998581409454346
P150_B35_L35_p0550_d50,d76,1.5,0.35,0.35,5.5,50.0,9.090909090909092,0.729,0.0,0.0021718863863497972,0.04982106760144234
P150_B35_L35_p0550_d50,d76,1.5,0.35,0.35,5.5,50.0,9.090909090909092,0.729,-20.0,0.0023276570718735456,0.049813881516456604
P150_B35_L35_p0550_d50,d76,1.5,0.35,0.35,5.5,50.0,9.090909090909092,0.729,-40.0,0.0028890366666018963,0.04984856769442558
P150_B35_L35_p0550_d50,d76,1.5,0.35,0.35,5.5,50.0,9.090909090909092,0.729,20.0,0.0023151354398578405,0.04981407895684242
P150_B35_L35_p0550_d50,d76,1.5,0.35,0.35,5.5,50.0,9.090909090909092,0.729,40.0,0.0028563393279910088,0.049847640097141266
P150_B35_L35_p0550_d50,d100,1.5,0.35,0.35,5.5,50.0,9.090909090909092,0.729,0.0,0.002274228958413005,0.049819424748420715
P150_B35_L35_p0550_d50,d100,1.5,0.35,0.35,5.5,50.0,9.090909090909092,0.729,-20.0,0.002508583478629589,0.04981180652976036
P150_B35_L35_p0550_d50,d100,1.5,0.35,0.35,5.5,50.0,9.090909090909092,0.729,-40.0,0.003132060868665576,0.04979895427823067
P150_B35_L35_p0550_d50,d100,1.5,0.35,0.35,5.5,50.0,9.090909090909092,0.729,20.0,0.0024765064008533955,0.049812186509370804
P150_B35_L35_p0550_d50,d100,1.5,0.35,0.35,5.5,50.0,9.090909090909092,0.729,40.0,0.0030610677786171436,0.04980142042040825
P150_B35_L35_p0750_d20,d00,1.5,0.35,0.35,7.5,20.0,2.6666666666666665,0.729,0.0,0.048486389219760895,0.04994813725352287
P150_B35_L35_p0750_d20,d00,1.5,0.35,0.35,7.5,20.0,2.6666666666666665,0.729,-20.0,0.026119127869606018,0.049944762140512466
P150_B35_L35_p0750_d20,d00,1.5,0.35,0.35,7.5,20.0,2.6666666666666665,0.729,-40.0,0.03174503520131111,0.04999978467822075
P150_B35_L35_p0750_d20,d00,1.5,0.35,0.35,7.5,20.0,2.6666666666666665,0.729,20.0,0.02638821117579937,0.049945227801799774
P150_B35_L35_p0750_d20,d00,1.5,0.35,0.35,7.5,20.0,2.6666666666666665,0.729,40.0,0.0325763113796711,0.049998655915260315
P150_B35_L35_p0750_d20,d76,1.5,0.35,0.35,7.5,20.0,2.6666666666666665,0.729,0.0,0.011318163014948368,0.04994647204875946
P150_B35_L35_p0750_d20,d76,1.5,0.35,0.35,7.5,20.0,2.6666666666666665,0.729,-20.0,0.008340236730873585,0.04994237795472145
P150_B35_L35_p0750_d20,d76,1.5,0.35,0.35,7.5,20.0,2.6666666666666665,0.729,-40.0,0.01021078322082758,0.049957387149333954
P150_B35_L35_p0750_d20,d76,1.5,0.35,0.35,7.5,20.0,2.6666666666666665,0.729,20.0,0.008359395898878574,0.049942497164011
P150_B35_L35_p0750_d20,d76,1.5,0.35,0.35,7.5,20.0,2.6666666666666665,0.729,40.0,0.010343951173126698,0.049958422780036926
P150_B35_L35_p0750_d20,d100,1.5,0.35,0.35,7.5,20.0,2.6666666666666665,0.729,0.0,0.0059652626514434814,0.049945998936891556
P150_B35_L35_p0750_d20,d100,1.5,0.35,0.35,7.5,20.0,2.6666666666666665,0.729,-20.0,0.006035256665199995,0.04994172230362892
P150_B35_L35_p0750_d20,d100,1.5,0.35,0.35,7.5,20.0,2.6666666666666665,0.729,-40.0,0.006091431248933077,0.04994293302297592
P150_B35_L35_p0750_d20,d100,1.5,0.35,0.35,7.5,20.0,2.6666666666666665,0.729,20.0,0.006025138311088085,0.049941807985305786
P150_B35_L35_p0750_d20,d100,1.5,0.35,0.35,7.5,20.0,2.6666666666666665,0.729,40.0,0.0060475971549749374,0.04994485154747963
P150_B35_L35_p0750_d30,d00,1.5,0.35,0.35,7.5,30.0,4.0,0.729,0.0,0.009630061686038971,0.049906641244888306
P150_B35_L35_p0750_d30,d00,1.5,0.35,0.35,7.5,30.0,4.0,0.729,-20.0,0.011677058413624763,0.04989039897918701
P150_B35_L35_p0750_d30,d00,1.5,0.35,0.35,7.5,30.0,4.0,0.729,-40.0,0.014004787430167198,0.04999559372663498
P150_B35_L35_p0750_d30,d00,1.5,0.35,0.35,7.5,30.0,4.0,0.729,20.0,0.01225646585226059,0.0498884879052639
P150_B35_L35_p0750_d30,d00,1.5,0.35,0.35,7.5,30.0,4.0,0.729,40.0,0.014289441518485546,0.04999806731939316
P150_B35_L35_p0750_d30,d76,1.5,0.35,0.35,7.5,30.0,4.0,0.729,0.0,0.004630752839148045,0.04990318417549133
P150_B35_L35_p0750_d30,d76,1.5,0.35,0.35,7.5,30.0,4.0,0.729,-20.0,0.004996448755264282,0.049885574728250504
P150_B35_L35_p0750_d30,d76,1.5,0.35,0.35,7.5,30.0,4.0,0.729,-40.0,0.00583159364759922,0.049915965646505356
P150_B35_L35_p0750_d30,d76,1.5,0.35,0.35,7.5,30.0,4.0,0.729,20.0,0.00523225124925375,0.0498831681907177
P150_B35_L35_p0750_d30,d76,1.5,0.35,0.35,7.5,30.0,4.0,0.729,40.0,0.005911608226597309,0.049918100237846375
P150_B35_L35_p0750_d30,d100,1.5,0.35,0.35,7.5,30.0,4.0,0.729,0.0,0.004543915390968323,0.04990241676568985
P150_B35_L35_p0750_d30,d100,1.5,0.35,0.35,7.5,30.0,4.0,0.729,-20.0,0.004584817681461573,0.04988405480980873
P150_B35_L35_p0750_d30,d100,1.5,0.35,0.35,7.5,30.0,4.0,0.729,-40.0,0.004865642637014389,0.04989061877131462
P150_B35_L35_p0750_d30,d100,1.5,0.35,0.35,7.5,30.0,4.0,0.729,20.0,0.00478841457515955,0.049881864339113235
P150_B35_L35_p0750_d30,d100,1.5,0.35,0.35,7.5,30.0,4.0,0.729,40.0,0.00495554506778717,0.04989166557788849
P150_B35_L35_p0750_d40,d00,1.5,0.35,0.35,7.5,40.0,5.333333333333333,0.729,0.0,0.003972987644374371,0.04990134760737419
P150_B35_L35_p0750_d40,d00,1.5,0.35,0.35,7.5,40.0,5.333333333333333,0.729,-20.0,0.006149482913315296,0.04989700764417648
P150_B35_L35_p0750_d40,d00,1.5,0.35,0.35,7.5,40.0,5.333333333333333,0.729,-40.0,0.005967369303107262,0.05000048130750656
P150_B35_L35_p0750_d40,d00,1.5,0.35,0.35,7.5,40.0,5.333333333333333,0.729,20.0,0.006023184861987829,0.04989225044846535
P150_B35_L35_p0750_d40,d00,1.5,0.35,0.35,7.5,40.0,5.333333333333333,0.729,40.0,0.005744419060647488,0.049999743700027466
P150_B35_L35_p0750_d40,d76,1.5,0.35,0.35,7.5,40.0,5.333333333333333,0.729,0.0,0.003235807176679373,0.0498976930975914
P150_B35_L35_p0750_d40,d76,1.5,0.35,0.35,7.5,40.0,5.333333333333333,0.729,-20.0,0.0036554611288011074,0.04989280924201012
P150_B35_L35_p0750_d40,d76,1.5,0.35,0.35,7.5,40.0,5.333333333333333,0.729,-40.0,0.004011139739304781,0.04991207271814346
P150_B35_L35_p0750_d40,d76,1.5,0.35,0.35,7.5,40.0,5.333333333333333,0.729,20.0,0.0035950017627328634,0.049887269735336304
P150_B35_L35_p0750_d40,d76,1.5,0.35,0.35,7.5,40.0,5.333333333333333,0.729,40.0,0.003931502811610699,0.04991469532251358
P150_B35_L35_p0750_d40,d100,1.5,0.35,0.35,7.5,40.0,5.333333333333333,0.729,0.0,0.003475951962172985,0.0498967207968235
P150_B35_L35_p0750_d40,d100,1.5,0.35,0.35,7.5,40.0,5.333333333333333,0.729,-20.0,0.003663576440885663,0.04989089444279671
P150_B35_L35_p0750_d40,d100,1.5,0.35,0.35,7.5,40.0,5.333333333333333,0.729,-40.0,0.004110625945031643,0.04988447576761246
P150_B35_L35_p0750_d40,d100,1.5,0.35,0.35,7.5,40.0,5.333333333333333,0.729,20.0,0.0035950064193457365,0.049885716289281845
P150_B35_L35_p0750_d40,d100,1.5,0.35,0.35,7.5,40.0,5.333333333333333,0.729,40.0,0.0040603033266961575,0.04988853633403778
P150_B35_L35_p0750_d50,d00,1.5,0.35,0.35,7.5,50.0,6.666666666666667,0.729,0.0,0.0030476399697363377,0.04989480972290039
P150_B35_L35_p0750_d50,d00,1.5,0.35,0.35,7.5,50.0,6.666666666666667,0.729,-20.0,0.0037302658893167973,0.04987934231758118
P150_B35_L35_p0750_d50,d00,1.5,0.35,0.35,7.5,50.0,6.666666666666667,0.729,-40.0,0.004236373584717512,0.05000204220414162
P150_B35_L35_p0750_d50,d00,1.5,0.35,0.35,7.5,50.0,6.666666666666667,0.729,20.0,0.0036321759689599276,0.049880944192409515
P150_B35_L35_p0750_d50,d00,1.5,0.35,0.35,7.5,50.0,6.666666666666667,0.729,40.0,0.004107025917619467,0.050001613795757294
P150_B35_L35_p0750_d50,d76,1.5,0.35,0.35,7.5,50.0,6.666666666666667,0.729,0.0,0.002820611232891679,0.049891360104084015
P150_B35_L35_p0750_d50,d76,1.5,0.35,0.35,7.5,50.0,6.666666666666667,0.729,-20.0,0.0030006044544279575,0.04987309128046036
P150_B35_L35_p0750_d50,d76,1.5,0.35,0.35,7.5,50.0,6.666666666666667,0.729,-40.0,0.0035048306453973055,0.0499095618724823
P150_B35_L35_p0750_d50,d76,1.5,0.35,0.35,7.5,50.0,6.666666666666667,0.729,20.0,0.0029562467243522406,0.04987578094005585
P150_B35_L35_p0750_d50,d76,1.5,0.35,0.35,7.5,50.0,6.666666666666667,0.729,40.0,0.003462099703028798,0.049907613545656204
P150_B35_L35_p0750_d50,d100,1.5,0.35,0.35,7.5,50.0,6.666666666666667,0.729,0.0,0.0030584316700696945,0.049890272319316864
P150_B35_L35_p0750_d50,d100,1.5,0.35,0.35,7.5,50.0,6.666666666666667,0.729,-20.0,0.003171029733493924,0.04987158626317978
P150_B35_L35_p0750_d50,d100,1.5,0.35,0.35,7.5,50.0,6.666666666666667,0.729,-40.0,0.0037160092033445835,0.04987958446145058
P150_B35_L35_p0750_d50,d100,1.5,0.35,0.35,7.5,50.0,6.666666666666667,0.729,20.0,0.0031262561678886414,0.04987448826432228
P150_B35_L35_p0750_d50,d100,1.5,0.35,0.35,7.5,50.0,6.666666666666667,0.729,40.0,0.003674901556223631,0.049878496676683426
P150_B35_L35_p1100_d20,d00,1.5,0.35,0.35,11.0,20.0,1.8181818181818181,0.729,0.0,0.022236434742808342,0.04996778443455696
P150_B35_L35_p1100_d20,d00,1.5,0.35,0.35,11.0,20.0,1.8181818181818181,0.729,-20.0,0.050433382391929626,0.049959346652030945
P150_B35_L35_p1100_d20,d00,1.5,0.35,0.35,11.0,20.0,1.8181818181818181,0.729,-40.0,0.04998326674103737,0.049999866634607315
P150_B35_L35_p1100_d20,d00,1.5,0.35,0.35,11.0,20.0,1.8181818181818181,0.729,20.0,0.050110653042793274,0.04996015876531601
P150_B35_L35_p1100_d20,d00,1.5,0.35,0.35,11.0,20.0,1.8181818181818181,0.729,40.0,0.04670069366693497,0.05000080168247223
P150_B35_L35_p1100_d20,d76,1.5,0.35,0.35,11.0,20.0,1.8181818181818181,0.729,0.0,0.009733661077916622,0.049966584891080856
P150_B35_L35_p1100_d20,d76,1.5,0.35,0.35,11.0,20.0,1.8181818181818181,0.729,-20.0,0.015138572081923485,0.049957796931266785
P150_B35_L35_p1100_d20,d76,1.5,0.35,0.35,11.0,20.0,1.8181818181818181,0.729,-40.0,0.015383201651275158,0.04997014254331589
P150_B35_L35_p1100_d20,d76,1.5,0.35,0.35,11.0,20.0,1.8181818181818181,0.729,20.0,0.014956471510231495,0.04995858296751976
P150_B35_L35_p1100_d20,d76,1.5,0.35,0.35,11.0,20.0,1.8181818181818181,0.729,40.0,0.01475155632942915,0.04996929690241814
P150_B35_L35_p1100_d20,d100,1.5,0.35,0.35,11.0,20.0,1.8181818181818181,0.729,0.0,0.007107487414032221,0.049966100603342056
P150_B35_L35_p1100_d20,d100,1.5,0.35,0.35,11.0,20.0,1.8181818181818181,0.729,-20.0,0.007119492627680302,0.04995717853307724
P150_B35_L35_p1100_d20,d100,1.5,0.35,0.35,11.0,20.0,1.8181818181818181,0.729,-40.0,0.006994795519858599,0.049961090087890625
P150_B35_L35_p1100_d20,d100,1.5,0.35,0.35,11.0,20.0,1.8181818181818181,0.729,20.0,0.0070824576541781425,0.04995787888765335
P150_B35_L35_p1100_d20,d100,1.5,0.35,0.35,11.0,20.0,1.8181818181818181,0.729,40.0,0.0070153591223061085,0.04995948076248169
P150_B35_L35_p1100_d30,d00,1.5,0.35,0.35,11.0,30.0,2.727272727272727,0.729,0.0,0.04692072048783302,0.04993683844804764
P150_B35_L35_p1100_d30,d00,1.5,0.35,0.35,11.0,30.0,2.727272727272727,0.729,-20.0,0.02652726322412491,0.049933698028326035
P150_B35_L35_p1100_d30,d00,1.5,0.35,0.35,11.0,30.0,2.727272727272727,0.729,-40.0,0.03125179931521416,0.049999773502349854
P150_B35_L35_p1100_d30,d00,1.5,0.35,0.35,11.0,30.0,2.727272727272727,0.729,20.0,0.024310000240802765,0.04993348568677902
P150_B35_L35_p1100_d30,d00,1.5,0.35,0.35,11.0,30.0,2.727272727272727,0.729,40.0,0.02676198072731495,0.050001680850982666
P150_B35_L35_p1100_d30,d76,1.5,0.35,0.35,11.0,30.0,2.727272727272727,0.729,0.0,0.011142425239086151,0.04993481934070587
P150_B35_L35_p1100_d30,d76,1.5,0.35,0.35,11.0,30.0,2.727272727272727,0.729,-20.0,0.008442294783890247,0.04993067681789398
P150_B35_L35_p1100_d30,d76,1.5,0.35,0.35,11.0,30.0,2.727272727272727,0.729,-40.0,0.010141204111278057,0.049946319311857224
P150_B35_L35_p1100_d30,d76,1.5,0.35,0.35,11.0,30.0,2.727272727272727,0.729,20.0,0.007822137326002121,0.049930550158023834
P150_B35_L35_p1100_d30,d76,1.5,0.35,0.35,11.0,30.0,2.727272727272727,0.729,40.0,0.009099640883505344,0.04995008930563927
P150_B35_L35_p1100_d30,d100,1.5,0.35,0.35,11.0,30.0,2.727272727272727,0.729,0.0,0.00591606879606843,0.04993386194109917
P150_B35_L35_p1100_d30,d100,1.5,0.35,0.35,11.0,30.0,2.727272727272727,0.729,-20.0,0.006045032292604446,0.049929749220609665
P150_B35_L35_p1100_d30,d100,1.5,0.35,0.35,11.0,30.0,2.727272727272727,0.729,-40.0,0.0060846987180411816,0.0499291867017746
P150_B35_L35_p1100_d30,d100,1.5,0.35,0.35,11.0,30.0,2.727272727272727,0.729,20.0,0.0057161720469594,0.04992970824241638
P150_B35_L35_p1100_d30,d100,1.5,0.35,0.35,11.0,30.0,2.727272727272727,0.729,40.0,0.005825283005833626,0.049933504313230515
P150_B35_L35_p1100_d40,d00,1.5,0.35,0.35,11.0,40.0,3.6363636363636362,0.729,0.0,0.016107283532619476,0.049943707883358
P150_B35_L35_p1100_d40,d00,1.5,0.35,0.35,11.0,40.0,3.6363636363636362,0.729,-20.0,0.014746773056685925,0.04993880167603493
P150_B35_L35_p1100_d40,d00,1.5,0.35,0.35,11.0,40.0,3.6363636363636362,0.729,-40.0,0.017016151919960976,0.04999558627605438
P150_B35_L35_p1100_d40,d00,1.5,0.35,0.35,11.0,40.0,3.6363636363636362,0.729,20.0,0.014967319555580616,0.04993675649166107
P150_B35_L35_p1100_d40,d00,1.5,0.35,0.35,11.0,40.0,3.6363636363636362,0.729,40.0,0.016317566856741905,0.04999890550971031
P150_B35_L35_p1100_d40,d76,1.5,0.35,0.35,11.0,40.0,3.6363636363636362,0.729,0.0,0.005902304779738188,0.049941834062337875
P150_B35_L35_p1100_d40,d76,1.5,0.35,0.35,11.0,40.0,3.6363636363636362,0.729,-20.0,0.00584562961012125,0.04993581399321556
P150_B35_L35_p1100_d40,d76,1.5,0.35,0.35,11.0,40.0,3.6363636363636362,0.729,-40.0,0.006677824538201094,0.04994693025946617
P150_B35_L35_p1100_d40,d76,1.5,0.35,0.35,11.0,40.0,3.6363636363636362,0.729,20.0,0.005895380396395922,0.049934022128582
P150_B35_L35_p1100_d40,d76,1.5,0.35,0.35,11.0,40.0,3.6363636363636362,0.729,40.0,0.006551682949066162,0.0499483123421669
P150_B35_L35_p1100_d40,d100,1.5,0.35,0.35,11.0,40.0,3.6363636363636362,0.729,0.0,0.005265072453767061,0.049941182136535645
P150_B35_L35_p1100_d40,d100,1.5,0.35,0.35,11.0,40.0,3.6363636363636362,0.729,-20.0,0.005238142795860767,0.049935221672058105
P150_B35_L35_p1100_d40,d100,1.5,0.35,0.35,11.0,40.0,3.6363636363636362,0.729,-40.0,0.005464646499603987,0.04993215575814247
P150_B35_L35_p1100_d40,d100,1.5,0.35,0.35,11.0,40.0,3.6363636363636362,0.729,20.0,0.005229713395237923,0.04993343725800514
P150_B35_L35_p1100_d40,d100,1.5,0.35,0.35,11.0,40.0,3.6363636363636362,0.729,40.0,0.005325994919985533,0.04993298649787903
P150_B35_L35_p1100_d50,d00,1.5,0.35,0.35,11.0,50.0,4.545454545454546,0.729,0.0,0.006694497540593147,0.04994665086269379
P150_B35_L35_p1100_d50,d00,1.5,0.35,0.35,11.0,50.0,4.545454545454546,0.729,-20.0,0.009314400143921375,0.04993659630417824
P150_B35_L35_p1100_d50,d00,1.5,0.35,0.35,11.0,50.0,4.545454545454546,0.729,-40.0,0.009868537075817585,0.04999808594584465
P150_B35_L35_p1100_d50,d00,1.5,0.35,0.35,11.0,50.0,4.545454545454546,0.729,20.0,0.00950312614440918,0.04994068667292595
P150_B35_L35_p1100_d50,d00,1.5,0.35,0.35,11.0,50.0,4.545454545454546,0.729,40.0,0.010160614736378193,0.05000020191073418
P150_B35_L35_p1100_d50,d76,1.5,0.35,0.35,11.0,50.0,4.545454545454546,0.729,0.0,0.004188569728285074,0.04994484782218933
P150_B35_L35_p1100_d50,d76,1.5,0.35,0.35,11.0,50.0,4.545454545454546,0.729,-20.0,0.004422777332365513,0.049933865666389465
P150_B35_L35_p1100_d50,d76,1.5,0.35,0.35,11.0,50.0,4.545454545454546,0.729,-40.0,0.004949228838086128,0.049952320754528046
P150_B35_L35_p1100_d50,d76,1.5,0.35,0.35,11.0,50.0,4.545454545454546,0.729,20.0,0.004465305712074041,0.04993853718042374
P150_B35_L35_p1100_d50,d76,1.5,0.35,0.35,11.0,50.0,4.545454545454546,0.729,40.0,0.004989918787032366,0.049953870475292206
P150_B35_L35_p1100_d50,d100,1.5,0.35,0.35,11.0,50.0,4.545454545454546,0.729,0.0,0.004306124988943338,0.049944281578063965
P150_B35_L35_p1100_d50,d100,1.5,0.35,0.35,11.0,50.0,4.545454545454546,0.729,-20.0,0.004229896701872349,0.0499328151345253
P150_B35_L35_p1100_d50,d100,1.5,0.35,0.35,11.0,50.0,4.545454545454546,0.729,-40.0,0.0046205963008105755,0.04993819072842598
P150_B35_L35_p1100_d50,d100,1.5,0.35,0.35,11.0,50.0,4.545454545454546,0.729,20.0,0.004230377729982138,0.049937911331653595
P150_B35_L35_p1100_d50,d100,1.5,0.35,0.35,11.0,50.0,4.545454545454546,0.729,40.0,0.004625516012310982,0.04993829131126404
P200_B00_L00_p0375_d20,d00,2.0,0.0,0.0,3.75,20.0,5.333333333333333,0.84975,0.0,0.001968373777344823,0.0498015321791172
P200_B00_L00_p0375_d20,d00,2.0,0.0,0.0,3.75,20.0,5.333333333333333,0.84975,-20.0,0.0015806526644155383,0.049792733043432236
P200_B00_L00_p0375_d20,d00,2.0,0.0,0.0,3.75,20.0,5.333333333333333,0.84975,-40.0,0.00248465477488935,0.050001248717308044
P200_B00_L00_p0375_d20,d00,2.0,0.0,0.0,3.75,20.0,5.333333333333333,0.84975,20.0,0.0016401069005951285,0.04979556426405907
P200_B00_L00_p0375_d20,d00,2.0,0.0,0.0,3.75,20.0,5.333333333333333,0.84975,40.0,0.0024175376165658236,0.05000420659780502
P200_B00_L00_p0375_d20,d76,2.0,0.0,0.0,3.75,20.0,5.333333333333333,0.84975,0.0,0.001295579015277326,0.04979345574975014
P200_B00_L00_p0375_d20,d76,2.0,0.0,0.0,3.75,20.0,5.333333333333333,0.84975,-20.0,0.0015247840201482177,0.04978346452116966
P200_B00_L00_p0375_d20,d76,2.0,0.0,0.0,3.75,20.0,5.333333333333333,0.84975,-40.0,0.002108201151713729,0.04983866959810257
P200_B00_L00_p0375_d20,d76,2.0,0.0,0.0,3.75,20.0,5.333333333333333,0.84975,20.0,0.0015364158898591995,0.049786053597927094
P200_B00_L00_p0375_d20,d76,2.0,0.0,0.0,3.75,20.0,5.333333333333333,0.84975,40.0,0.002136007184162736,0.04983598738908768
P200_B00_L00_p0375_d20,d100,2.0,0.0,0.0,3.75,20.0,5.333333333333333,0.84975,0.0,0.0012151383562013507,0.04979128763079643
P200_B00_L00_p0375_d20,d100,2.0,0.0,0.0,3.75,20.0,5.333333333333333,0.84975,-20.0,0.0016571281012147665,0.04978029429912567
P200_B00_L00_p0375_d20,d100,2.0,0.0,0.0,3.75,20.0,5.333333333333333,0.84975,-40.0,0.00220095319673419,0.04978719726204872
P200_B00_L00_p0375_d20,d100,2.0,0.0,0.0,3.75,20.0,5.333333333333333,0.84975,20.0,0.00165629293769598,0.04978272691369057
P200_B00_L00_p0375_d20,d100,2.0,0.0,0.0,3.75,20.0,5.333333333333333,0.84975,40.0,0.002207939513027668,0.049782514572143555
P200_B00_L00_p0375_d30,d00,2.0,0.0,0.0,3.75,30.0,8.0,0.84975,0.0,0.0015745514538139105,0.049681056290864944
P200_B00_L00_p0375_d30,d00,2.0,0.0,0.0,3.75,30.0,8.0,0.84975,-20.0,0.0013095494359731674,0.049654364585876465
P200_B00_L00_p0375_d30,d00,2.0,0.0,0.0,3.75,30.0,8.0,0.84975,-40.0,0.002204486634582281,0.05000783130526543
P200_B00_L00_p0375_d30,d00,2.0,0.0,0.0,3.75,30.0,8.0,0.84975,20.0,0.0013429987011477351,0.04965602234005928
P200_B00_L00_p0375_d30,d00,2.0,0.0,0.0,3.75,30.0,8.0,0.84975,40.0,0.0022089045960456133,0.050010282546281815
P200_B00_L00_p0375_d30,d76,2.0,0.0,0.0,3.75,30.0,8.0,0.84975,0.0,0.0008731518755666912,0.049669817090034485
P200_B00_L00_p0375_d30,d76,2.0,0.0,0.0,3.75,30.0,8.0,0.84975,-20.0,0.0012674260651692748,0.04964039847254753
P200_B00_L00_p0375_d30,d76,2.0,0.0,0.0,3.75,30.0,8.0,0.84975,-40.0,0.0018901907606050372,0.04972194507718086
P200_B00_L00_p0375_d30,d76,2.0,0.0,0.0,3.75,30.0,8.0,0.84975,20.0,0.0012961137108504772,0.049641359597444534
P200_B00_L00_p0375_d30,d76,2.0,0.0,0.0,3.75,30.0,8.0,0.84975,40.0,0.0019288166658952832,0.049731213599443436
P200_B00_L00_p0375_d30,d100,2.0,0.0,0.0,3.75,30.0,8.0,0.84975,0.0,0.0007457160972990096,0.04966651275753975
P200_B00_L00_p0375_d30,d100,2.0,0.0,0.0,3.75,30.0,8.0,0.84975,-20.0,0.0013586693676188588,0.04963620752096176
P200_B00_L00_p0375_d30,d100,2.0,0.0,0.0,3.75,30.0,8.0,0.84975,-40.0,0.0019624680280685425,0.049633290618658066
P200_B00_L00_p0375_d30,d100,2.0,0.0,0.0,3.75,30.0,8.0,0.84975,20.0,0.0013701688731089234,0.04963661730289459
P200_B00_L00_p0375_d30,d100,2.0,0.0,0.0,3.75,30.0,8.0,0.84975,40.0,0.0019624480046331882,0.049640484154224396
P200_B00_L00_p0375_d40,d00,2.0,0.0,0.0,3.75,40.0,10.666666666666666,0.84975,0.0,0.0013350629014894366,0.04968637228012085
P200_B00_L00_p0375_d40,d00,2.0,0.0,0.0,3.75,40.0,10.666666666666666,0.84975,-20.0,0.0012088983785361052,0.04966241866350174
P200_B00_L00_p0375_d40,d00,2.0,0.0,0.0,3.75,40.0,10.666666666666666,0.84975,-40.0,0.002081624697893858,0.050001807510852814
P200_B00_L00_p0375_d40,d00,2.0,0.0,0.0,3.75,40.0,10.666666666666666,0.84975,20.0,0.0012107276124879718,0.049661677330732346
P200_B00_L00_p0375_d40,d00,2.0,0.0,0.0,3.75,40.0,10.666666666666666,0.84975,40.0,0.002012287499383092,0.05000048503279686
P200_B00_L00_p0375_d40,d76,2.0,0.0,0.0,3.75,40.0,10.666666666666666,0.84975,0.0,0.0006664490792900324,0.04967445507645607
P200_B00_L00_p0375_d40,d76,2.0,0.0,0.0,3.75,40.0,10.666666666666666,0.84975,-20.0,0.0011354124872013927,0.04964786395430565
P200_B00_L00_p0375_d40,d76,2.0,0.0,0.0,3.75,40.0,10.666666666666666,0.84975,-40.0,0.0018042990704998374,0.04973255470395088
P200_B00_L00_p0375_d40,d76,2.0,0.0,0.0,3.75,40.0,10.666666666666666,0.84975,20.0,0.0011317869648337364,0.04964584857225418
P200_B00_L00_p0375_d40,d76,2.0,0.0,0.0,3.75,40.0,10.666666666666666,0.84975,40.0,0.0017330128466710448,0.04973430186510086
P200_B00_L00_p0375_d40,d100,2.0,0.0,0.0,3.75,40.0,10.666666666666666,0.84975,0.0,0.0005264225183054805,0.04967156797647476
P200_B00_L00_p0375_d40,d100,2.0,0.0,0.0,3.75,40.0,10.666666666666666,0.84975,-20.0,0.0012059271102771163,0.049643080681562424
P200_B00_L00_p0375_d40,d100,2.0,0.0,0.0,3.75,40.0,10.666666666666666,0.84975,-40.0,0.001852308982051909,0.049647293984889984
P200_B00_L00_p0375_d40,d100,2.0,0.0,0.0,3.75,40.0,10.666666666666666,0.84975,20.0,0.0012018410488963127,0.04964100942015648
P200_B00_L00_p0375_d40,d100,2.0,0.0,0.0,3.75,40.0,10.666666666666666,0.84975,40.0,0.0018310319865122437,0.04965004697442055
P200_B00_L00_p0375_d50,d00,2.0,0.0,0.0,3.75,50.0,13.333333333333334,0.84975,0.0,0.0010938491905108094,0.049684204161167145
P200_B00_L00_p0375_d50,d00,2.0,0.0,0.0,3.75,50.0,13.333333333333334,0.84975,-20.0,0.0012006674660369754,0.04965963959693909
P200_B00_L00_p0375_d50,d00,2.0,0.0,0.0,3.75,50.0,13.333333333333334,0.84975,-40.0,0.0020614806562662125,0.04999407008290291
P200_B00_L00_p0375_d50,d00,2.0,0.0,0.0,3.75,50.0,13.333333333333334,0.84975,20.0,0.0011883185943588614,0.04965685307979584
P200_B00_L00_p0375_d50,d00,2.0,0.0,0.0,3.75,50.0,13.333333333333334,0.84975,40.0,0.0020692753605544567,0.05000501871109009
P200_B00_L00_p0375_d50,d76,2.0,0.0,0.0,3.75,50.0,13.333333333333334,0.84975,0.0,0.0005543631850741804,0.04967328533530235
P200_B00_L00_p0375_d50,d76,2.0,0.0,0.0,3.75,50.0,13.333333333333334,0.84975,-20.0,0.001105637988075614,0.04964529722929001
P200_B00_L00_p0375_d50,d76,2.0,0.0,0.0,3.75,50.0,13.333333333333334,0.84975,-40.0,0.0017573080258443952,0.04971949756145477
P200_B00_L00_p0375_d50,d76,2.0,0.0,0.0,3.75,50.0,13.333333333333334,0.84975,20.0,0.0010817443253472447,0.04964281991124153
P200_B00_L00_p0375_d50,d76,2.0,0.0,0.0,3.75,50.0,13.333333333333334,0.84975,40.0,0.0017463151598349214,0.049724262207746506
P200_B00_L00_p0375_d50,d100,2.0,0.0,0.0,3.75,50.0,13.333333333333334,0.84975,0.0,0.0004202222335152328,0.049670323729515076
P200_B00_L00_p0375_d50,d100,2.0,0.0,0.0,3.75,50.0,13.333333333333334,0.84975,-20.0,0.0011508611496537924,0.049640920013189316
P200_B00_L00_p0375_d50,d100,2.0,0.0,0.0,3.75,50.0,13.333333333333334,0.84975,-40.0,0.0017881274688988924,0.04963688552379608
P200_B00_L00_p0375_d50,d100,2.0,0.0,0.0,3.75,50.0,13.333333333333334,0.84975,20.0,0.0011498165549710393,0.04963769391179085
P200_B00_L00_p0375_d50,d100,2.0,0.0,0.0,3.75,50.0,13.333333333333334,0.84975,40.0,0.0018046519253402948,0.049638960510492325
P200_B00_L00_p0550_d20,d00,2.0,0.0,0.0,5.5,20.0,3.6363636363636362,0.84975,0.0,0.00261055794544518,0.049905359745025635
P200_B00_L00_p0550_d20,d00,2.0,0.0,0.0,5.5,20.0,3.6363636363636362,0.84975,-20.0,0.002273637568578124,0.04990342631936073
P200_B00_L00_p0550_d20,d00,2.0,0.0,0.0,5.5,20.0,3.6363636363636362,0.84975,-40.0,0.0025088805705308914,0.05000055581331253
P200_B00_L00_p0550_d20,d00,2.0,0.0,0.0,5.5,20.0,3.6363636363636362,0.84975,20.0,0.0022162951063364744,0.04990450292825699
P200_B00_L00_p0550_d20,d00,2.0,0.0,0.0,5.5,20.0,3.6363636363636362,0.84975,40.0,0.0025510359555482864,0.049999337643384933
P200_B00_L00_p0550_d20,d76,2.0,0.0,0.0,5.5,20.0,3.6363636363636362,0.84975,0.0,0.0020179804414510727,0.04990111291408539
P200_B00_L00_p0550_d20,d76,2.0,0.0,0.0,5.5,20.0,3.6363636363636362,0.84975,-20.0,0.0020769676193594933,0.049899470061063766
P200_B00_L00_p0550_d20,d76,2.0,0.0,0.0,5.5,20.0,3.6363636363636362,0.84975,-40.0,0.0025371210649609566,0.049919236451387405
P200_B00_L00_p0550_d20,d76,2.0,0.0,0.0,5.5,20.0,3.6363636363636362,0.84975,20.0,0.0021022723522037268,0.049900542944669724
P200_B00_L00_p0550_d20,d76,2.0,0.0,0.0,5.5,20.0,3.6363636363636362,0.84975,40.0,0.0025331832002848387,0.049914177507162094
P200_B00_L00_p0550_d20,d100,2.0,0.0,0.0,5.5,20.0,3.6363636363636362,0.84975,0.0,0.002045287983492017,0.04989994689822197
P200_B00_L00_p0550_d20,d100,2.0,0.0,0.0,5.5,20.0,3.6363636363636362,0.84975,-20.0,0.0022540302015841007,0.04989839717745781
P200_B00_L00_p0550_d20,d100,2.0,0.0,0.0,5.5,20.0,3.6363636363636362,0.84975,-40.0,0.0027332203462719917,0.049892961978912354
P200_B00_L00_p0550_d20,d100,2.0,0.0,0.0,5.5,20.0,3.6363636363636362,0.84975,20.0,0.0022360144648700953,0.04989934340119362
P200_B00_L00_p0550_d20,d100,2.0,0.0,0.0,5.5,20.0,3.6363636363636362,0.84975,40.0,0.002722351113334298,0.04988744482398033
P200_B00_L00_p0550_d30,d00,2.0,0.0,0.0,5.5,30.0,5.454545454545454,0.84975,0.0,0.001956686843186617,0.04985285922884941
P200_B00_L00_p0550_d30,d00,2.0,0.0,0.0,5.5,30.0,5.454545454545454,0.84975,-20.0,0.0016158722573891282,0.04984891787171364
P200_B00_L00_p0550_d30,d00,2.0,0.0,0.0,5.5,30.0,5.454545454545454,0.84975,-40.0,0.0022364603355526924,0.0499950535595417
P200_B00_L00_p0550_d30,d00,2.0,0.0,0.0,5.5,30.0,5.454545454545454,0.84975,20.0,0.0016071475110948086,0.049849674105644226
P200_B00_L00_p0550_d30,d00,2.0,0.0,0.0,5.5,30.0,5.454545454545454,0.84975,40.0,0.0022710494231432676,0.04999757930636406
P200_B00_L00_p0550_d30,d76,2.0,0.0,0.0,5.5,30.0,5.454545454545454,0.84975,0.0,0.0013209700118750334,0.04984733462333679
P200_B00_L00_p0550_d30,d76,2.0,0.0,0.0,5.5,30.0,5.454545454545454,0.84975,-20.0,0.00152811489533633,0.0498432032763958
P200_B00_L00_p0550_d30,d76,2.0,0.0,0.0,5.5,30.0,5.454545454545454,0.84975,-40.0,0.0020969014149159193,0.04986882209777832
P200_B00_L00_p0550_d30,d76,2.0,0.0,0.0,5.5,30.0,5.454545454545454,0.84975,20.0,0.0015650332206860185,0.04984353482723236
P200_B00_L00_p0550_d30,d76,2.0,0.0,0.0,5.5,30.0,5.454545454545454,0.84975,40.0,0.0020990364719182253,0.049870651215314865
P200_B00_L00_p0550_d30,d100,2.0,0.0,0.0,5.5,30.0,5.454545454545454,0.84975,0.0,0.001252695918083191,0.049845464527606964
P200_B00_L00_p0550_d30,d100,2.0,0.0,0.0,5.5,30.0,5.454545454545454,0.84975,-20.0,0.001680329442024231,0.0498412624001503
P200_B00_L00_p0550_d30,d100,2.0,0.0,0.0,5.5,30.0,5.454545454545454,0.84975,-40.0,0.0022659595124423504,0.0498291477560997
P200_B00_L00_p0550_d30,d100,2.0,0.0,0.0,5.5,30.0,5.454545454545454,0.84975,20.0,0.001657939748838544,0.04984147846698761
P200_B00_L00_p0550_d30,d100,2.0,0.0,0.0,5.5,30.0,5.454545454545454,0.84975,40.0,0.0022380156442523003,0.04983055219054222
P200_B00_L00_p0550_d40,d00,2.0,0.0,0.0,5.5,40.0,7.2727272727272725,0.84975,0.0,0.0016202052356675267,0.04985496401786804
P200_B00_L00_p0550_d40,d00,2.0,0.0,0.0,5.5,40.0,7.2727272727272725,0.84975,-20.0,0.0013564304681494832,0.049843527376651764
P200_B00_L00_p0550_d40,d00,2.0,0.0,0.0,5.5,40.0,7.2727272727272725,0.84975,-40.0,0.0019580128137022257,0.04999591410160065
P200_B00_L00_p0550_d40,d00,2.0,0.0,0.0,5.5,40.0,7.2727272727272725,0.84975,20.0,0.0013524716487154365,0.049845919013023376
P200_B00_L00_p0550_d40,d00,2.0,0.0,0.0,5.5,40.0,7.2727272727272725,0.84975,40.0,0.0019907092209905386,0.05000437796115875
P200_B00_L00_p0550_d40,d76,2.0,0.0,0.0,5.5,40.0,7.2727272727272725,0.84975,0.0,0.0009964702185243368,0.04984968528151512
P200_B00_L00_p0550_d40,d76,2.0,0.0,0.0,5.5,40.0,7.2727272727272725,0.84975,-20.0,0.0013198868837207556,0.049837175756692886
P200_B00_L00_p0550_d40,d76,2.0,0.0,0.0,5.5,40.0,7.2727272727272725,0.84975,-40.0,0.0018390174955129623,0.04987361282110214
P200_B00_L00_p0550_d40,d76,2.0,0.0,0.0,5.5,40.0,7.2727272727272725,0.84975,20.0,0.0013217204250395298,0.049839768558740616
P200_B00_L00_p0550_d40,d76,2.0,0.0,0.0,5.5,40.0,7.2727272727272725,0.84975,40.0,0.0019035163568332791,0.049871645867824554
P200_B00_L00_p0550_d40,d100,2.0,0.0,0.0,5.5,40.0,7.2727272727272725,0.84975,0.0,0.0008791612926870584,0.0498480461537838
P200_B00_L00_p0550_d40,d100,2.0,0.0,0.0,5.5,40.0,7.2727272727272725,0.84975,-20.0,0.001406979514285922,0.049834467470645905
P200_B00_L00_p0550_d40,d100,2.0,0.0,0.0,5.5,40.0,7.2727272727272725,0.84975,-40.0,0.0019744480960071087,0.04983549937605858
P200_B00_L00_p0550_d40,d100,2.0,0.0,0.0,5.5,40.0,7.2727272727272725,0.84975,20.0,0.0014134276425465941,0.04983724281191826
P200_B00_L00_p0550_d40,d100,2.0,0.0,0.0,5.5,40.0,7.2727272727272725,0.84975,40.0,0.0020290231332182884,0.04982919991016388
P200_B00_L00_p0550_d50,d00,2.0,0.0,0.0,5.5,50.0,9.090909090909092,0.84975,0.0,0.001445357920601964,0.049850139766931534
P200_B00_L00_p0550_d50,d00,2.0,0.0,0.0,5.5,50.0,9.090909090909092,0.84975,-20.0,0.0012961541069671512,0.049845799803733826
P200_B00_L00_p0550_d50,d00,2.0,0.0,0.0,5.5,50.0,9.090909090909092,0.84975,-40.0,0.0019228544551879168,0.050009194761514664
P200_B00_L00_p0550_d50,d00,2.0,0.0,0.0,5.5,50.0,9.090909090909092,0.84975,20.0,0.001253308728337288,0.04984814673662186
P200_B00_L00_p0550_d50,d00,2.0,0.0,0.0,5.5,50.0,9.090909090909092,0.84975,40.0,0.0018746791174635291,0.049999602138996124
P200_B00_L00_p0550_d50,d76,2.0,0.0,0.0,5.5,50.0,9.090909090909092,0.84975,0.0,0.0007858699536882341,0.049844905734062195
P200_B00_L00_p0550_d50,d76,2.0,0.0,0.0,5.5,50.0,9.090909090909092,0.84975,-20.0,0.0012020462891086936,0.04983938857913017
P200_B00_L00_p0550_d50,d76,2.0,0.0,0.0,5.5,50.0,9.090909090909092,0.84975,-40.0,0.0017853945028036833,0.0498715341091156
P200_B00_L00_p0550_d50,d76,2.0,0.0,0.0,5.5,50.0,9.090909090909092,0.84975,20.0,0.0011822296073660254,0.049841124564409256
P200_B00_L00_p0550_d50,d76,2.0,0.0,0.0,5.5,50.0,9.090909090909092,0.84975,40.0,0.001795261399820447,0.04987545683979988
P200_B00_L00_p0550_d50,d100,2.0,0.0,0.0,5.5,50.0,9.090909090909092,0.84975,0.0,0.0006587147945538163,0.04984322935342789
P200_B00_L00_p0550_d50,d100,2.0,0.0,0.0,5.5,50.0,9.090909090909092,0.84975,-20.0,0.0012763204285874963,0.049837373197078705
P200_B00_L00_p0550_d50,d100,2.0,0.0,0.0,5.5,50.0,9.090909090909092,0.84975,-40.0,0.0019082626095041633,0.049828626215457916
P200_B00_L00_p0550_d50,d100,2.0,0.0,0.0,5.5,50.0,9.090909090909092,0.84975,20.0,0.001240390120074153,0.049839191138744354
P200_B00_L00_p0550_d50,d100,2.0,0.0,0.0,5.5,50.0,9.090909090909092,0.84975,40.0,0.0018854159861803055,0.049834661185741425
P200_B00_L00_p0750_d20,d00,2.0,0.0,0.0,7.5,20.0,2.6666666666666665,0.84975,0.0,0.0035454530734568834,0.0499599426984787
P200_B00_L00_p0750_d20,d00,2.0,0.0,0.0,7.5,20.0,2.6666666666666665,0.84975,-20.0,0.0040353406220674515,0.04995772987604141
P200_B00_L00_p0750_d20,d00,2.0,0.0,0.0,7.5,20.0,2.6666666666666665,0.84975,-40.0,0.003572559216991067,0.049999795854091644
P200_B00_L00_p0750_d20,d00,2.0,0.0,0.0,7.5,20.0,2.6666666666666665,0.84975,20.0,0.004035550635308027,0.0499577596783638
P200_B00_L00_p0750_d20,d00,2.0,0.0,0.0,7.5,20.0,2.6666666666666665,0.84975,40.0,0.00361275183968246,0.04999961704015732
P200_B00_L00_p0750_d20,d76,2.0,0.0,0.0,7.5,20.0,2.6666666666666665,0.84975,0.0,0.0027455680537968874,0.0499587319791317
P200_B00_L00_p0750_d20,d76,2.0,0.0,0.0,7.5,20.0,2.6666666666666665,0.84975,-20.0,0.002831960329785943,0.049955904483795166
P200_B00_L00_p0750_d20,d76,2.0,0.0,0.0,7.5,20.0,2.6666666666666665,0.84975,-40.0,0.0031267947051674128,0.04996725544333458
P200_B00_L00_p0750_d20,d76,2.0,0.0,0.0,7.5,20.0,2.6666666666666665,0.84975,20.0,0.002844862872734666,0.04995623603463173
P200_B00_L00_p0750_d20,d76,2.0,0.0,0.0,7.5,20.0,2.6666666666666665,0.84975,40.0,0.0031597805209457874,0.049966853111982346
P200_B00_L00_p0750_d20,d100,2.0,0.0,0.0,7.5,20.0,2.6666666666666665,0.84975,0.0,0.0028963047079741955,0.049958255141973495
P200_B00_L00_p0750_d20,d100,2.0,0.0,0.0,7.5,20.0,2.6666666666666665,0.84975,-20.0,0.003008148865774274,0.049955103546381
P200_B00_L00_p0750_d20,d100,2.0,0.0,0.0,7.5,20.0,2.6666666666666665,0.84975,-40.0,0.0033890127670019865,0.049956824630498886
P200_B00_L00_p0750_d20,d100,2.0,0.0,0.0,7.5,20.0,2.6666666666666665,0.84975,20.0,0.0029982540290802717,0.04995568096637726
P200_B00_L00_p0750_d20,d100,2.0,0.0,0.0,7.5,20.0,2.6666666666666665,0.84975,40.0,0.00342073873616755,0.049956146627664566
P200_B00_L00_p0750_d30,d00,2.0,0.0,0.0,7.5,30.0,4.0,0.84975,0.0,0.0023895669728517532,0.049919493496418
P200_B00_L00_p0750_d30,d00,2.0,0.0,0.0,7.5,30.0,4.0,0.84975,-20.0,0.0020455149933695793,0.049914658069610596
P200_B00_L00_p0750_d30,d00,2.0,0.0,0.0,7.5,30.0,4.0,0.84975,-40.0,0.002451782114803791,0.04999953880906105
P200_B00_L00_p0750_d30,d00,2.0,0.0,0.0,7.5,30.0,4.0,0.84975,20.0,0.0021028367336839437,0.049914948642253876
P200_B00_L00_p0750_d30,d00,2.0,0.0,0.0,7.5,30.0,4.0,0.84975,40.0,0.0023584538139402866,0.04999703913927078
P200_B00_L00_p0750_d30,d76,2.0,0.0,0.0,7.5,30.0,4.0,0.84975,0.0,0.0018402630230411887,0.04991655424237251
P200_B00_L00_p0750_d30,d76,2.0,0.0,0.0,7.5,30.0,4.0,0.84975,-20.0,0.001962129259482026,0.04991113021969795
P200_B00_L00_p0750_d30,d76,2.0,0.0,0.0,7.5,30.0,4.0,0.84975,-40.0,0.002432830398902297,0.04993215575814247
P200_B00_L00_p0750_d30,d76,2.0,0.0,0.0,7.5,30.0,4.0,0.84975,20.0,0.0019683085847646,0.04991116374731064
P200_B00_L00_p0750_d30,d76,2.0,0.0,0.0,7.5,30.0,4.0,0.84975,40.0,0.002436744747683406,0.04993082955479622
P200_B00_L00_p0750_d30,d100,2.0,0.0,0.0,7.5,30.0,4.0,0.84975,0.0,0.0018554587149992585,0.04991554841399193
P200_B00_L00_p0750_d30,d100,2.0,0.0,0.0,7.5,30.0,4.0,0.84975,-20.0,0.002119171665981412,0.04990994930267334
P200_B00_L00_p0750_d30,d100,2.0,0.0,0.0,7.5,30.0,4.0,0.84975,-40.0,0.0026715900748968124,0.049911126494407654
P200_B00_L00_p0750_d30,d100,2.0,0.0,0.0,7.5,30.0,4.0,0.84975,20.0,0.0021196065936237574,0.04990994930267334
P200_B00_L00_p0750_d30,d100,2.0,0.0,0.0,7.5,30.0,4.0,0.84975,40.0,0.0026398675981909037,0.049910031259059906
P200_B00_L00_p0750_d40,d00,2.0,0.0,0.0,7.5,40.0,5.333333333333333,0.84975,0.0,0.0019345063483342528,0.049920760095119476
P200_B00_L00_p0750_d40,d00,2.0,0.0,0.0,7.5,40.0,5.333333333333333,0.84975,-20.0,0.0016480706399306655,0.04991691932082176
P200_B00_L00_p0750_d40,d00,2.0,0.0,0.0,7.5,40.0,5.333333333333333,0.84975,-40.0,0.0021062218584120274,0.05000355467200279
P200_B00_L00_p0750_d40,d00,2.0,0.0,0.0,7.5,40.0,5.333333333333333,0.84975,20.0,0.0016057208413258195,0.04991715028882027
P200_B00_L00_p0750_d40,d00,2.0,0.0,0.0,7.5,40.0,5.333333333333333,0.84975,40.0,0.002068452537059784,0.050001051276922226
P200_B00_L00_p0750_d40,d76,2.0,0.0,0.0,7.5,40.0,5.333333333333333,0.84975,0.0,0.0013414639979600906,0.049918100237846375
P200_B00_L00_p0750_d40,d76,2.0,0.0,0.0,7.5,40.0,5.333333333333333,0.84975,-20.0,0.0015965336933732033,0.049913447350263596
P200_B00_L00_p0750_d40,d76,2.0,0.0,0.0,7.5,40.0,5.333333333333333,0.84975,-40.0,0.00208456558175385,0.04993201047182083
P200_B00_L00_p0750_d40,d76,2.0,0.0,0.0,7.5,40.0,5.333333333333333,0.84975,20.0,0.0015662582591176033,0.04991370439529419
P200_B00_L00_p0750_d40,d76,2.0,0.0,0.0,7.5,40.0,5.333333333333333,0.84975,40.0,0.0020659728907048702,0.049932122230529785
P200_B00_L00_p0750_d40,d100,2.0,0.0,0.0,7.5,40.0,5.333333333333333,0.84975,0.0,0.0012845604214817286,0.049917060881853104
P200_B00_L00_p0750_d40,d100,2.0,0.0,0.0,7.5,40.0,5.333333333333333,0.84975,-20.0,0.0017079983372241259,0.049912191927433014
P200_B00_L00_p0750_d40,d100,2.0,0.0,0.0,7.5,40.0,5.333333333333333,0.84975,-40.0,0.002280646003782749,0.04991054907441139
P200_B00_L00_p0750_d40,d100,2.0,0.0,0.0,7.5,40.0,5.333333333333333,0.84975,20.0,0.0016615098575130105,0.049912773072719574
P200_B00_L00_p0750_d40,d100,2.0,0.0,0.0,7.5,40.0,5.333333333333333,0.84975,40.0,0.002244714880362153,0.04991024360060692
P200_B00_L00_p0750_d50,d00,2.0,0.0,0.0,7.5,50.0,6.666666666666667,0.84975,0.0,0.0017495510401204228,0.049913421273231506
P200_B00_L00_p0750_d50,d00,2.0,0.0,0.0,7.5,50.0,6.666666666666667,0.84975,-20.0,0.001393521437421441,0.04990344122052193
P200_B00_L00_p0750_d50,d00,2.0,0.0,0.0,7.5,50.0,6.666666666666667,0.84975,-40.0,0.001946833566762507,0.05000114068388939
P200_B00_L00_p0750_d50,d00,2.0,0.0,0.0,7.5,50.0,6.666666666666667,0.84975,20.0,0.0014555574161931872,0.049903787672519684
P200_B00_L00_p0750_d50,d00,2.0,0.0,0.0,7.5,50.0,6.666666666666667,0.84975,40.0,0.0018589576939120889,0.05000196769833565
P200_B00_L00_p0750_d50,d76,2.0,0.0,0.0,7.5,50.0,6.666666666666667,0.84975,0.0,0.0010814705165103078,0.04991026222705841
P200_B00_L00_p0750_d50,d76,2.0,0.0,0.0,7.5,50.0,6.666666666666667,0.84975,-20.0,0.001374998944811523,0.049898386001586914
P200_B00_L00_p0750_d50,d76,2.0,0.0,0.0,7.5,50.0,6.666666666666667,0.84975,-40.0,0.0018909511854872108,0.04992646351456642
P200_B00_L00_p0750_d50,d76,2.0,0.0,0.0,7.5,50.0,6.666666666666667,0.84975,20.0,0.0013812452089041471,0.049899809062480927
P200_B00_L00_p0750_d50,d76,2.0,0.0,0.0,7.5,50.0,6.666666666666667,0.84975,40.0,0.001873082248494029,0.04992539435625076
P200_B00_L00_p0750_d50,d100,2.0,0.0,0.0,7.5,50.0,6.666666666666667,0.84975,0.0,0.0009761193650774658,0.04990965873003006
P200_B00_L00_p0750_d50,d100,2.0,0.0,0.0,7.5,50.0,6.666666666666667,0.84975,-20.0,0.0014930283650755882,0.04989706352353096
P200_B00_L00_p0750_d50,d100,2.0,0.0,0.0,7.5,50.0,6.666666666666667,0.84975,-40.0,0.0020545932929962873,0.04990227520465851
P200_B00_L00_p0750_d50,d100,2.0,0.0,0.0,7.5,50.0,6.666666666666667,0.84975,20.0,0.0014734613941982388,0.04989847168326378
P200_B00_L00_p0750_d50,d100,2.0,0.0,0.0,7.5,50.0,6.666666666666667,0.84975,40.0,0.002035314915701747,0.049900926649570465
P200_B00_L00_p1100_d20,d00,2.0,0.0,0.0,11.0,20.0,1.8181818181818181,0.84975,0.0,0.009897571988403797,0.04997323080897331
P200_B00_L00_p1100_d20,d00,2.0,0.0,0.0,11.0,20.0,1.8181818181818181,0.84975,-20.0,0.010779224336147308,0.04997199401259422
P200_B00_L00_p1100_d20,d00,2.0,0.0,0.0,11.0,20.0,1.8181818181818181,0.84975,-40.0,0.01009863056242466,0.04999908432364464
P200_B00_L00_p1100_d20,d00,2.0,0.0,0.0,11.0,20.0,1.8181818181818181,0.84975,20.0,0.01101665198802948,0.049971260130405426
P200_B00_L00_p1100_d20,d00,2.0,0.0,0.0,11.0,20.0,1.8181818181818181,0.84975,40.0,0.009221288375556469,0.05000055581331253
P200_B00_L00_p1100_d20,d76,2.0,0.0,0.0,11.0,20.0,1.8181818181818181,0.84975,0.0,0.004419364966452122,0.04997242987155914
P200_B00_L00_p1100_d20,d76,2.0,0.0,0.0,11.0,20.0,1.8181818181818181,0.84975,-20.0,0.0044650724157691,0.04997086524963379
P200_B00_L00_p1100_d20,d76,2.0,0.0,0.0,11.0,20.0,1.8181818181818181,0.84975,-40.0,0.004664300009608269,0.049977052956819534
P200_B00_L00_p1100_d20,d76,2.0,0.0,0.0,11.0,20.0,1.8181818181818181,0.84975,20.0,0.004551359917968512,0.04997016116976738
P200_B00_L00_p1100_d20,d76,2.0,0.0,0.0,11.0,20.0,1.8181818181818181,0.84975,40.0,0.004640757571905851,0.04997754842042923
P200_B00_L00_p1100_d20,d100,2.0,0.0,0.0,11.0,20.0,1.8181818181818181,0.84975,0.0,0.004442243836820126,0.04997202381491661
P200_B00_L00_p1100_d20,d100,2.0,0.0,0.0,11.0,20.0,1.8181818181818181,0.84975,-20.0,0.0043802582658827305,0.0499705970287323
P200_B00_L00_p1100_d20,d100,2.0,0.0,0.0,11.0,20.0,1.8181818181818181,0.84975,-40.0,0.004579641856253147,0.049970827996730804
P200_B00_L00_p1100_d20,d100,2.0,0.0,0.0,11.0,20.0,1.8181818181818181,0.84975,20.0,0.004396193195134401,0.049969933927059174
P200_B00_L00_p1100_d20,d100,2.0,0.0,0.0,11.0,20.0,1.8181818181818181,0.84975,40.0,0.00459950091317296,0.04997030273079872
P200_B00_L00_p1100_d30,d00,2.0,0.0,0.0,11.0,30.0,2.727272727272727,0.84975,0.0,0.003892255946993828,0.04995158314704895
P200_B00_L00_p1100_d30,d00,2.0,0.0,0.0,11.0,30.0,2.727272727272727,0.84975,-20.0,0.004108276218175888,0.04995293170213699
P200_B00_L00_p1100_d30,d00,2.0,0.0,0.0,11.0,30.0,2.727272727272727,0.84975,-40.0,0.0036739485803991556,0.04999834671616554
P200_B00_L00_p1100_d30,d00,2.0,0.0,0.0,11.0,30.0,2.727272727272727,0.84975,20.0,0.00421476224437356,0.04995374381542206
P200_B00_L00_p1100_d30,d00,2.0,0.0,0.0,11.0,30.0,2.727272727272727,0.84975,40.0,0.003433970035985112,0.04999902844429016
P200_B00_L00_p1100_d30,d76,2.0,0.0,0.0,11.0,30.0,2.727272727272727,0.84975,0.0,0.0028632411267608404,0.04995017871260643
P200_B00_L00_p1100_d30,d76,2.0,0.0,0.0,11.0,30.0,2.727272727272727,0.84975,-20.0,0.0029025287367403507,0.04995102435350418
P200_B00_L00_p1100_d30,d76,2.0,0.0,0.0,11.0,30.0,2.727272727272727,0.84975,-40.0,0.0031905185896903276,0.04995855689048767
P200_B00_L00_p1100_d30,d76,2.0,0.0,0.0,11.0,30.0,2.727272727272727,0.84975,20.0,0.0029230318032205105,0.04995204880833626
P200_B00_L00_p1100_d30,d76,2.0,0.0,0.0,11.0,30.0,2.727272727272727,0.84975,40.0,0.0031311623752117157,0.049958448857069016
P200_B00_L00_p1100_d30,d100,2.0,0.0,0.0,11.0,30.0,2.727272727272727,0.84975,0.0,0.0030127931386232376,0.049949418753385544
P200_B00_L00_p1100_d30,d100,2.0,0.0,0.0,11.0,30.0,2.727272727272727,0.84975,-20.0,0.003076873254030943,0.0499502569437027
P200_B00_L00_p1100_d30,d100,2.0,0.0,0.0,11.0,30.0,2.727272727272727,0.84975,-40.0,0.003458306659013033,0.049945686012506485
P200_B00_L00_p1100_d30,d100,2.0,0.0,0.0,11.0,30.0,2.727272727272727,0.84975,20.0,0.00305954460054636,0.049951501190662384
P200_B00_L00_p1100_d30,d100,2.0,0.0,0.0,11.0,30.0,2.727272727272727,0.84975,40.0,0.003425119910389185,0.04994557797908783
P200_B00_L00_p1100_d40,d00,2.0,0.0,0.0,11.0,40.0,3.6363636363636362,0.84975,0.0,0.002630842151120305,0.049958735704422
P200_B00_L00_p1100_d40,d00,2.0,0.0,0.0,11.0,40.0,3.6363636363636362,0.84975,-20.0,0.0023994718212634325,0.04995698481798172
P200_B00_L00_p1100_d40,d00,2.0,0.0,0.0,11.0,40.0,3.6363636363636362,0.84975,-40.0,0.0025497146416455507,0.04999711364507675
P200_B00_L00_p1100_d40,d00,2.0,0.0,0.0,11.0,40.0,3.6363636363636362,0.84975,20.0,0.0024508696515113115,0.04995578154921532
P200_B00_L00_p1100_d40,d00,2.0,0.0,0.0,11.0,40.0,3.6363636363636362,0.84975,40.0,0.002638263860717416,0.04999686777591705
P200_B00_L00_p1100_d40,d76,2.0,0.0,0.0,11.0,40.0,3.6363636363636362,0.84975,0.0,0.0021700819488614798,0.049957070499658585
P200_B00_L00_p1100_d40,d76,2.0,0.0,0.0,11.0,40.0,3.6363636363636362,0.84975,-20.0,0.0022242653649300337,0.04995477944612503
P200_B00_L00_p1100_d40,d76,2.0,0.0,0.0,11.0,40.0,3.6363636363636362,0.84975,-40.0,0.002592841861769557,0.04996415600180626
P200_B00_L00_p1100_d40,d76,2.0,0.0,0.0,11.0,40.0,3.6363636363636362,0.84975,20.0,0.002244366565719247,0.0499541275203228
P200_B00_L00_p1100_d40,d76,2.0,0.0,0.0,11.0,40.0,3.6363636363636362,0.84975,40.0,0.0026450033765286207,0.04996281862258911
P200_B00_L00_p1100_d40,d100,2.0,0.0,0.0,11.0,40.0,3.6363636363636362,0.84975,0.0,0.0022024314384907484,0.0499565452337265
P200_B00_L00_p1100_d40,d100,2.0,0.0,0.0,11.0,40.0,3.6363636363636362,0.84975,-20.0,0.0023748406674712896,0.04995444044470787
P200_B00_L00_p1100_d40,d100,2.0,0.0,0.0,11.0,40.0,3.6363636363636362,0.84975,-40.0,0.0028611605521291494,0.049954067915678024
P200_B00_L00_p1100_d40,d100,2.0,0.0,0.0,11.0,40.0,3.6363636363636362,0.84975,20.0,0.0024187040980905294,0.04995374009013176
P200_B00_L00_p1100_d40,d100,2.0,0.0,0.0,11.0,40.0,3.6363636363636362,0.84975,40.0,0.0028850517701357603,0.04995276406407356
P200_B00_L00_p1100_d50,d00,2.0,0.0,0.0,11.0,50.0,4.545454545454546,0.84975,0.0,0.0021749287843704224,0.04996170848608017
P200_B00_L00_p1100_d50,d00,2.0,0.0,0.0,11.0,50.0,4.545454545454546,0.84975,-20.0,0.0018462731968611479,0.049955762922763824
P200_B00_L00_p1100_d50,d00,2.0,0.0,0.0,11.0,50.0,4.545454545454546,0.84975,-40.0,0.002181087387725711,0.050000373274087906
P200_B00_L00_p1100_d50,d00,2.0,0.0,0.0,11.0,50.0,4.545454545454546,0.84975,20.0,0.0018423888832330704,0.04995677247643471
P200_B00_L00_p1100_d50,d00,2.0,0.0,0.0,11.0,50.0,4.545454545454546,0.84975,40.0,0.0022935541346669197,0.0500018410384655
P200_B00_L00_p1100_d50,d76,2.0,0.0,0.0,11.0,50.0,4.545454545454546,0.84975,0.0,0.0016751523362472653,0.0499601736664772
P200_B00_L00_p1100_d50,d76,2.0,0.0,0.0,11.0,50.0,4.545454545454546,0.84975,-20.0,0.0017927365843206644,0.049953579902648926
P200_B00_L00_p1100_d50,d76,2.0,0.0,0.0,11.0,50.0,4.545454545454546,0.84975,-40.0,0.0022681469563394785,0.049965750426054
P200_B00_L00_p1100_d50,d76,2.0,0.0,0.0,11.0,50.0,4.545454545454546,0.84975,20.0,0.001814962481148541,0.04995536431670189
P200_B00_L00_p1100_d50,d76,2.0,0.0,0.0,11.0,50.0,4.545454545454546,0.84975,40.0,0.00235286308452487,0.04996633902192116
P200_B00_L00_p1100_d50,d100,2.0,0.0,0.0,11.0,50.0,4.545454545454546,0.84975,0.0,0.0016757386038079858,0.04995984584093094
P200_B00_L00_p1100_d50,d100,2.0,0.0,0.0,11.0,50.0,4.545454545454546,0.84975,-20.0,0.001955933403223753,0.04995303228497505
P200_B00_L00_p1100_d50,d100,2.0,0.0,0.0,11.0,50.0,4.545454545454546,0.84975,-40.0,0.002523845061659813,0.049955472350120544
P200_B00_L00_p1100_d50,d100,2.0,0.0,0.0,11.0,50.0,4.545454545454546,0.84975,20.0,0.001964032417163253,0.04995489865541458
P200_B00_L00_p1100_d50,d100,2.0,0.0,0.0,11.0,50.0,4.545454545454546,0.84975,40.0,0.002572170691564679,0.04995489865541458
P200_B00_L35_p0375_d20,d00,2.0,0.0,0.35,3.75,20.0,5.333333333333333,0.84975,0.0,0.0020166817121207714,0.049788638949394226
P200_B00_L35_p0375_d20,d00,2.0,0.0,0.35,3.75,20.0,5.333333333333333,0.84975,-20.0,0.0022171575110405684,0.04978575557470322
P200_B00_L35_p0375_d20,d00,2.0,0.0,0.35,3.75,20.0,5.333333333333333,0.84975,-40.0,0.00308286608196795,0.049996186047792435
P200_B00_L35_p0375_d20,d00,2.0,0.0,0.35,3.75,20.0,5.333333333333333,0.84975,20.0,0.002218603854998946,0.04979229345917702
P200_B00_L35_p0375_d20,d00,2.0,0.0,0.35,3.75,20.0,5.333333333333333,0.84975,40.0,0.0031823485624045134,0.049994684755802155
P200_B00_L35_p0375_d20,d76,2.0,0.0,0.35,3.75,20.0,5.333333333333333,0.84975,0.0,0.001864820602349937,0.04978053271770477
P200_B00_L35_p0375_d20,d76,2.0,0.0,0.35,3.75,20.0,5.333333333333333,0.84975,-20.0,0.002074682852253318,0.049778424203395844
P200_B00_L35_p0375_d20,d76,2.0,0.0,0.35,3.75,20.0,5.333333333333333,0.84975,-40.0,0.002751807915046811,0.04982813075184822
P200_B00_L35_p0375_d20,d76,2.0,0.0,0.35,3.75,20.0,5.333333333333333,0.84975,20.0,0.0020563886500895023,0.04978344589471817
P200_B00_L35_p0375_d20,d76,2.0,0.0,0.35,3.75,20.0,5.333333333333333,0.84975,40.0,0.002784180222079158,0.049825042486190796
P200_B00_L35_p0375_d20,d100,2.0,0.0,0.35,3.75,20.0,5.333333333333333,0.84975,0.0,0.001980196451768279,0.04977875575423241
P200_B00_L35_p0375_d20,d100,2.0,0.0,0.35,3.75,20.0,5.333333333333333,0.84975,-20.0,0.0022164229303598404,0.049775607883930206
P200_B00_L35_p0375_d20,d100,2.0,0.0,0.35,3.75,20.0,5.333333333333333,0.84975,-40.0,0.0028660676907747984,0.04977502301335335
P200_B00_L35_p0375_d20,d100,2.0,0.0,0.35,3.75,20.0,5.333333333333333,0.84975,20.0,0.0022138708736747503,0.04978000000119209
P200_B00_L35_p0375_d20,d100,2.0,0.0,0.35,3.75,20.0,5.333333333333333,0.84975,40.0,0.0028717732056975365,0.04976970702409744
P200_B00_L35_p0375_d30,d00,2.0,0.0,0.35,3.75,30.0,8.0,0.84975,0.0,0.0017288478557020426,0.04965703934431076
P200_B00_L35_p0375_d30,d00,2.0,0.0,0.35,3.75,30.0,8.0,0.84975,-20.0,0.0016681314446032047,0.049644626677036285
P200_B00_L35_p0375_d30,d00,2.0,0.0,0.35,3.75,30.0,8.0,0.84975,-40.0,0.0027587583754211664,0.049993615597486496
P200_B00_L35_p0375_d30,d00,2.0,0.0,0.35,3.75,30.0,8.0,0.84975,20.0,0.0016751968069002032,0.04963763803243637
P200_B00_L35_p0375_d30,d00,2.0,0.0,0.35,3.75,30.0,8.0,0.84975,40.0,0.0027756120543926954,0.049988891929388046
P200_B00_L35_p0375_d30,d76,2.0,0.0,0.35,3.75,30.0,8.0,0.84975,0.0,0.0013739308342337608,0.04964536800980568
P200_B00_L35_p0375_d30,d76,2.0,0.0,0.35,3.75,30.0,8.0,0.84975,-20.0,0.0016668695025146008,0.049630049616098404
P200_B00_L35_p0375_d30,d76,2.0,0.0,0.35,3.75,30.0,8.0,0.84975,-40.0,0.002477377885952592,0.049708783626556396
P200_B00_L35_p0375_d30,d76,2.0,0.0,0.35,3.75,30.0,8.0,0.84975,20.0,0.0016742865554988384,0.049621712416410446
P200_B00_L35_p0375_d30,d76,2.0,0.0,0.35,3.75,30.0,8.0,0.84975,40.0,0.002518175169825554,0.04971296340227127
P200_B00_L35_p0375_d30,d100,2.0,0.0,0.35,3.75,30.0,8.0,0.84975,0.0,0.001396012376062572,0.049641165882349014
P200_B00_L35_p0375_d30,d100,2.0,0.0,0.35,3.75,30.0,8.0,0.84975,-20.0,0.0018108071526512504,0.049625687301158905
P200_B00_L35_p0375_d30,d100,2.0,0.0,0.35,3.75,30.0,8.0,0.84975,-40.0,0.0025752626825124025,0.04962168261408806
P200_B00_L35_p0375_d30,d100,2.0,0.0,0.35,3.75,30.0,8.0,0.84975,20.0,0.001820831443183124,0.049616239964962006
P200_B00_L35_p0375_d30,d100,2.0,0.0,0.35,3.75,30.0,8.0,0.84975,40.0,0.002575997496023774,0.04962534084916115
P200_B00_L35_p0375_d40,d00,2.0,0.0,0.35,3.75,40.0,10.666666666666666,0.84975,0.0,0.0016025810036808252,0.0496617816388607
P200_B00_L35_p0375_d40,d00,2.0,0.0,0.35,3.75,40.0,10.666666666666666,0.84975,-20.0,0.0014890528982505202,0.04964746534824371
P200_B00_L35_p0375_d40,d00,2.0,0.0,0.35,3.75,40.0,10.666666666666666,0.84975,-40.0,0.0026499691884964705,0.04998941719532013
P200_B00_L35_p0375_d40,d00,2.0,0.0,0.35,3.75,40.0,10.666666666666666,0.84975,20.0,0.0014257142320275307,0.049648672342300415
P200_B00_L35_p0375_d40,d00,2.0,0.0,0.35,3.75,40.0,10.666666666666666,0.84975,40.0,0.002637479454278946,0.049997638911008835
P200_B00_L35_p0375_d40,d76,2.0,0.0,0.35,3.75,40.0,10.666666666666666,0.84975,0.0,0.0011303626233711839,0.04964977130293846
P200_B00_L35_p0375_d40,d76,2.0,0.0,0.35,3.75,40.0,10.666666666666666,0.84975,-20.0,0.0014834299217909575,0.04963279142975807
P200_B00_L35_p0375_d40,d76,2.0,0.0,0.35,3.75,40.0,10.666666666666666,0.84975,-40.0,0.002278305822983384,0.049723997712135315
P200_B00_L35_p0375_d40,d76,2.0,0.0,0.35,3.75,40.0,10.666666666666666,0.84975,20.0,0.0014794442104175687,0.049633294343948364
P200_B00_L35_p0375_d40,d76,2.0,0.0,0.35,3.75,40.0,10.666666666666666,0.84975,40.0,0.002257253974676132,0.049723438918590546
P200_B00_L35_p0375_d40,d100,2.0,0.0,0.35,3.75,40.0,10.666666666666666,0.84975,0.0,0.0010933494195342064,0.04964645951986313
P200_B00_L35_p0375_d40,d100,2.0,0.0,0.35,3.75,40.0,10.666666666666666,0.84975,-20.0,0.0016149530420079827,0.04962792992591858
P200_B00_L35_p0375_d40,d100,2.0,0.0,0.35,3.75,40.0,10.666666666666666,0.84975,-40.0,0.002336168894544244,0.049638908356428146
P200_B00_L35_p0375_d40,d100,2.0,0.0,0.35,3.75,40.0,10.666666666666666,0.84975,20.0,0.001608395716175437,0.04962833598256111
P200_B00_L35_p0375_d40,d100,2.0,0.0,0.35,3.75,40.0,10.666666666666666,0.84975,40.0,0.0023280216846615076,0.049638036638498306
P200_B00_L35_p0375_d50,d00,2.0,0.0,0.35,3.75,50.0,13.333333333333334,0.84975,0.0,0.0015561266336590052,0.049659084528684616
P200_B00_L35_p0375_d50,d00,2.0,0.0,0.35,3.75,50.0,13.333333333333334,0.84975,-20.0,0.0014502194244414568,0.049640871584415436
P200_B00_L35_p0375_d50,d00,2.0,0.0,0.35,3.75,50.0,13.333333333333334,0.84975,-40.0,0.002541084075346589,0.0499839223921299
P200_B00_L35_p0375_d50,d00,2.0,0.0,0.35,3.75,50.0,13.333333333333334,0.84975,20.0,0.0013551752781495452,0.049639612436294556
P200_B00_L35_p0375_d50,d00,2.0,0.0,0.35,3.75,50.0,13.333333333333334,0.84975,40.0,0.002563978312537074,0.04998107627034187
P200_B00_L35_p0375_d50,d76,2.0,0.0,0.35,3.75,50.0,13.333333333333334,0.84975,0.0,0.0010163126280531287,0.04964696988463402
P200_B00_L35_p0375_d50,d76,2.0,0.0,0.35,3.75,50.0,13.333333333333334,0.84975,-20.0,0.001415690639987588,0.0496254526078701
P200_B00_L35_p0375_d50,d76,2.0,0.0,0.35,3.75,50.0,13.333333333333334,0.84975,-40.0,0.00215639709495008,0.04971372336149216
P200_B00_L35_p0375_d50,d76,2.0,0.0,0.35,3.75,50.0,13.333333333333334,0.84975,20.0,0.0014086768496781588,0.04962662234902382
P200_B00_L35_p0375_d50,d76,2.0,0.0,0.35,3.75,50.0,13.333333333333334,0.84975,40.0,0.002176221925765276,0.04970960319042206
P200_B00_L35_p0375_d50,d100,2.0,0.0,0.35,3.75,50.0,13.333333333333334,0.84975,0.0,0.0009278278448618948,0.04964382201433182
P200_B00_L35_p0375_d50,d100,2.0,0.0,0.35,3.75,50.0,13.333333333333334,0.84975,-20.0,0.001525804866105318,0.04962059110403061
P200_B00_L35_p0375_d50,d100,2.0,0.0,0.35,3.75,50.0,13.333333333333334,0.84975,-40.0,0.002225978998467326,0.04963017255067825
P200_B00_L35_p0375_d50,d100,2.0,0.0,0.35,3.75,50.0,13.333333333333334,0.84975,20.0,0.0014982203720137477,0.049621500074863434
P200_B00_L35_p0375_d50,d100,2.0,0.0,0.35,3.75,50.0,13.333333333333334,0.84975,40.0,0.002213953761383891,0.04962517321109772
P200_B00_L35_p0550_d20,d00,2.0,0.0,0.35,5.5,20.0,3.6363636363636362,0.84975,0.0,0.0027880303096026182,0.049891386181116104
P200_B00_L35_p0550_d20,d00,2.0,0.0,0.35,5.5,20.0,3.6363636363636362,0.84975,-20.0,0.003687856253236532,0.049882397055625916
P200_B00_L35_p0550_d20,d00,2.0,0.0,0.35,5.5,20.0,3.6363636363636362,0.84975,-40.0,0.004124920349568129,0.04999833554029465
P200_B00_L35_p0550_d20,d00,2.0,0.0,0.35,5.5,20.0,3.6363636363636362,0.84975,20.0,0.0037277876399457455,0.04988256096839905
P200_B00_L35_p0550_d20,d00,2.0,0.0,0.35,5.5,20.0,3.6363636363636362,0.84975,40.0,0.004154386464506388,0.049993835389614105
P200_B00_L35_p0550_d20,d76,2.0,0.0,0.35,5.5,20.0,3.6363636363636362,0.84975,0.0,0.002440602984279394,0.04988699033856392
P200_B00_L35_p0550_d20,d76,2.0,0.0,0.35,5.5,20.0,3.6363636363636362,0.84975,-20.0,0.0026607767213135958,0.04987771809101105
P200_B00_L35_p0550_d20,d76,2.0,0.0,0.35,5.5,20.0,3.6363636363636362,0.84975,-40.0,0.0030970603693276644,0.04989928379654884
P200_B00_L35_p0550_d20,d76,2.0,0.0,0.35,5.5,20.0,3.6363636363636362,0.84975,20.0,0.00269964593462646,0.04987838491797447
P200_B00_L35_p0550_d20,d76,2.0,0.0,0.35,5.5,20.0,3.6363636363636362,0.84975,40.0,0.003098817076534033,0.04989781603217125
P200_B00_L35_p0550_d20,d100,2.0,0.0,0.35,5.5,20.0,3.6363636363636362,0.84975,0.0,0.0026276421267539263,0.04988621547818184
P200_B00_L35_p0550_d20,d100,2.0,0.0,0.35,5.5,20.0,3.6363636363636362,0.84975,-20.0,0.0027370124589651823,0.04987664148211479
P200_B00_L35_p0550_d20,d100,2.0,0.0,0.35,5.5,20.0,3.6363636363636362,0.84975,-40.0,0.0031898224260658026,0.049867719411849976
P200_B00_L35_p0550_d20,d100,2.0,0.0,0.35,5.5,20.0,3.6363636363636362,0.84975,20.0,0.0027122031897306442,0.049876969307661057
P200_B00_L35_p0550_d20,d100,2.0,0.0,0.35,5.5,20.0,3.6363636363636362,0.84975,40.0,0.00313748000189662,0.04986818879842758
P200_B00_L35_p0550_d30,d00,2.0,0.0,0.35,5.5,30.0,5.454545454545454,0.84975,0.0,0.0019286024617031217,0.04982981085777283
P200_B00_L35_p0550_d30,d00,2.0,0.0,0.35,5.5,30.0,5.454545454545454,0.84975,-20.0,0.002192952437326312,0.04981853440403938
P200_B00_L35_p0550_d30,d00,2.0,0.0,0.35,5.5,30.0,5.454545454545454,0.84975,-40.0,0.002819743473082781,0.04999678581953049
P200_B00_L35_p0550_d30,d00,2.0,0.0,0.35,5.5,30.0,5.454545454545454,0.84975,20.0,0.0021495474502444267,0.049821220338344574
P200_B00_L35_p0550_d30,d00,2.0,0.0,0.35,5.5,30.0,5.454545454545454,0.84975,40.0,0.002761747222393751,0.04999342933297157
P200_B00_L35_p0550_d30,d76,2.0,0.0,0.35,5.5,30.0,5.454545454545454,0.84975,0.0,0.0017897473881021142,0.04982448369264603
P200_B00_L35_p0550_d30,d76,2.0,0.0,0.35,5.5,30.0,5.454545454545454,0.84975,-20.0,0.0020502516999840736,0.04981120675802231
P200_B00_L35_p0550_d30,d76,2.0,0.0,0.35,5.5,30.0,5.454545454545454,0.84975,-40.0,0.0026855345349758863,0.049849096685647964
P200_B00_L35_p0550_d30,d76,2.0,0.0,0.35,5.5,30.0,5.454545454545454,0.84975,20.0,0.001987239345908165,0.049813222140073776
P200_B00_L35_p0550_d30,d76,2.0,0.0,0.35,5.5,30.0,5.454545454545454,0.84975,40.0,0.0026024505496025085,0.04984844848513603
P200_B00_L35_p0550_d30,d100,2.0,0.0,0.35,5.5,30.0,5.454545454545454,0.84975,0.0,0.0018988281954079866,0.0498228557407856
P200_B00_L35_p0550_d30,d100,2.0,0.0,0.35,5.5,30.0,5.454545454545454,0.84975,-20.0,0.0022045993246138096,0.049808163195848465
P200_B00_L35_p0550_d30,d100,2.0,0.0,0.35,5.5,30.0,5.454545454545454,0.84975,-40.0,0.0028441192116588354,0.04980328679084778
P200_B00_L35_p0550_d30,d100,2.0,0.0,0.35,5.5,30.0,5.454545454545454,0.84975,20.0,0.0021373280324041843,0.049810778349637985
P200_B00_L35_p0550_d30,d100,2.0,0.0,0.35,5.5,30.0,5.454545454545454,0.84975,40.0,0.0027853932697325945,0.049804478883743286
P200_B00_L35_p0550_d40,d00,2.0,0.0,0.35,5.5,40.0,7.2727272727272725,0.84975,0.0,0.0016871006228029728,0.049827709794044495
P200_B00_L35_p0550_d40,d00,2.0,0.0,0.35,5.5,40.0,7.2727272727272725,0.84975,-20.0,0.0017499406822025776,0.04981761425733566
P200_B00_L35_p0550_d40,d00,2.0,0.0,0.35,5.5,40.0,7.2727272727272725,0.84975,-40.0,0.0024399312678724527,0.049992792308330536
P200_B00_L35_p0550_d40,d00,2.0,0.0,0.35,5.5,40.0,7.2727272727272725,0.84975,20.0,0.0016714943340048194,0.0498182512819767
P200_B00_L35_p0550_d40,d00,2.0,0.0,0.35,5.5,40.0,7.2727272727272725,0.84975,40.0,0.002429710468277335,0.05000147596001625
P200_B00_L35_p0550_d40,d76,2.0,0.0,0.35,5.5,40.0,7.2727272727272725,0.84975,0.0,0.0014570308849215508,0.0498211570084095
P200_B00_L35_p0550_d40,d76,2.0,0.0,0.35,5.5,40.0,7.2727272727272725,0.84975,-20.0,0.0017605569446459413,0.0498102530837059
P200_B00_L35_p0550_d40,d76,2.0,0.0,0.35,5.5,40.0,7.2727272727272725,0.84975,-40.0,0.0023998324759304523,0.04984649643301964
P200_B00_L35_p0550_d40,d76,2.0,0.0,0.35,5.5,40.0,7.2727272727272725,0.84975,20.0,0.0016719743143767118,0.049810655415058136
P200_B00_L35_p0550_d40,d76,2.0,0.0,0.35,5.5,40.0,7.2727272727272725,0.84975,40.0,0.002402390819042921,0.04984549060463905
P200_B00_L35_p0550_d40,d100,2.0,0.0,0.35,5.5,40.0,7.2727272727272725,0.84975,0.0,0.0015045333420857787,0.04981914907693863
P200_B00_L35_p0550_d40,d100,2.0,0.0,0.35,5.5,40.0,7.2727272727272725,0.84975,-20.0,0.0018977726576849818,0.0498078316450119
P200_B00_L35_p0550_d40,d100,2.0,0.0,0.35,5.5,40.0,7.2727272727272725,0.84975,-40.0,0.0025786845944821835,0.04980047047138214
P200_B00_L35_p0550_d40,d100,2.0,0.0,0.35,5.5,40.0,7.2727272727272725,0.84975,20.0,0.0018220813944935799,0.04980824515223503
P200_B00_L35_p0550_d40,d100,2.0,0.0,0.35,5.5,40.0,7.2727272727272725,0.84975,40.0,0.0025957270991057158,0.04979671910405159
P200_B00_L35_p0550_d50,d00,2.0,0.0,0.35,5.5,50.0,9.090909090909092,0.84975,0.0,0.0016315774992108345,0.04982709139585495
P200_B00_L35_p0550_d50,d00,2.0,0.0,0.35,5.5,50.0,9.090909090909092,0.84975,-20.0,0.0015647516120225191,0.04982153698801994
P200_B00_L35_p0550_d50,d00,2.0,0.0,0.35,5.5,50.0,9.090909090909092,0.84975,-40.0,0.00237007113173604,0.05000384896993637
P200_B00_L35_p0550_d50,d00,2.0,0.0,0.35,5.5,50.0,9.090909090909092,0.84975,20.0,0.0015441029099747539,0.049822501838207245
P200_B00_L35_p0550_d50,d00,2.0,0.0,0.35,5.5,50.0,9.090909090909092,0.84975,40.0,0.002288433723151684,0.049998581409454346
P200_B00_L35_p0550_d50,d76,2.0,0.0,0.35,5.5,50.0,9.090909090909092,0.84975,0.0,0.001258393283933401,0.04982106760144234
P200_B00_L35_p0550_d50,d76,2.0,0.0,0.35,5.5,50.0,9.090909090909092,0.84975,-20.0,0.0015865701716393232,0.049813881516456604
P200_B00_L35_p0550_d50,d76,2.0,0.0,0.35,5.5,50.0,9.090909090909092,0.84975,-40.0,0.002298804698511958,0.04984856769442558
P200_B00_L35_p0550_d50,d76,2.0,0.0,0.35,5.5,50.0,9.090909090909092,0.84975,20.0,0.0015351587207987905,0.049814287573099136
P200_B00_L35_p0550_d50,d76,2.0,0.0,0.35,5.5,50.0,9.090909090909092,0.84975,40.0,0.002220761263743043,0.049847640097141266
P200_B00_L35_p0550_d50,d100,2.0,0.0,0.35,5.5,50.0,9.090909090909092,0.84975,0.0,0.0012529813684523106,0.049819424748420715
P200_B00_L35_p0550_d50,d100,2.0,0.0,0.35,5.5,50.0,9.090909090909092,0.84975,-20.0,0.001706987852230668,0.04981180652976036
P200_B00_L35_p0550_d50,d100,2.0,0.0,0.35,5.5,50.0,9.090909090909092,0.84975,-40.0,0.0024686011020094156,0.04979895427823067
P200_B00_L35_p0550_d50,d100,2.0,0.0,0.35,5.5,50.0,9.090909090909092,0.84975,20.0,0.0016702765133231878,0.04981239140033722
P200_B00_L35_p0550_d50,d100,2.0,0.0,0.35,5.5,50.0,9.090909090909092,0.84975,40.0,0.0023612442892044783,0.04980142042040825
P200_B00_L35_p0750_d20,d00,2.0,0.0,0.35,7.5,20.0,2.6666666666666665,0.84975,0.0,0.005749874748289585,0.04994813725352287
P200_B00_L35_p0750_d20,d00,2.0,0.0,0.35,7.5,20.0,2.6666666666666665,0.84975,-20.0,0.007529833819717169,0.04994496330618858
P200_B00_L35_p0750_d20,d00,2.0,0.0,0.35,7.5,20.0,2.6666666666666665,0.84975,-40.0,0.010448354296386242,0.04999978467822075
P200_B00_L35_p0750_d20,d00,2.0,0.0,0.35,7.5,20.0,2.6666666666666665,0.84975,20.0,0.007406887598335743,0.049945227801799774
P200_B00_L35_p0750_d20,d00,2.0,0.0,0.35,7.5,20.0,2.6666666666666665,0.84975,40.0,0.010167909786105156,0.049998655915260315
P200_B00_L35_p0750_d20,d76,2.0,0.0,0.35,7.5,20.0,2.6666666666666665,0.84975,0.0,0.0034639830701053143,0.04994647204875946
P200_B00_L35_p0750_d20,d76,2.0,0.0,0.35,7.5,20.0,2.6666666666666665,0.84975,-20.0,0.003862303216010332,0.049942582845687866
P200_B00_L35_p0750_d20,d76,2.0,0.0,0.35,7.5,20.0,2.6666666666666665,0.84975,-40.0,0.004735243506729603,0.049957387149333954
P200_B00_L35_p0750_d20,d76,2.0,0.0,0.35,7.5,20.0,2.6666666666666665,0.84975,20.0,0.0038181853014975786,0.049942497164011
P200_B00_L35_p0750_d20,d76,2.0,0.0,0.35,7.5,20.0,2.6666666666666665,0.84975,40.0,0.004675012081861496,0.049958422780036926
P200_B00_L35_p0750_d20,d100,2.0,0.0,0.35,7.5,20.0,2.6666666666666665,0.84975,0.0,0.0034290000330656767,0.049945998936891556
P200_B00_L35_p0750_d20,d100,2.0,0.0,0.35,7.5,20.0,2.6666666666666665,0.84975,-20.0,0.0035649107303470373,0.04994192719459534
P200_B00_L35_p0750_d20,d100,2.0,0.0,0.35,7.5,20.0,2.6666666666666665,0.84975,-40.0,0.003781803185120225,0.04994293302297592
P200_B00_L35_p0750_d20,d100,2.0,0.0,0.35,7.5,20.0,2.6666666666666665,0.84975,20.0,0.0035561739932745695,0.049941807985305786
P200_B00_L35_p0750_d20,d100,2.0,0.0,0.35,7.5,20.0,2.6666666666666665,0.84975,40.0,0.003726538037881255,0.04994485154747963
P200_B00_L35_p0750_d30,d00,2.0,0.0,0.35,7.5,30.0,4.0,0.84975,0.0,0.00248226011171937,0.049906641244888306
P200_B00_L35_p0750_d30,d00,2.0,0.0,0.35,7.5,30.0,4.0,0.84975,-20.0,0.003174801589921117,0.04989039897918701
P200_B00_L35_p0750_d30,d00,2.0,0.0,0.35,7.5,30.0,4.0,0.84975,-40.0,0.003632599487900734,0.04999559372663498
P200_B00_L35_p0750_d30,d00,2.0,0.0,0.35,7.5,30.0,4.0,0.84975,20.0,0.003360796719789505,0.049888692796230316
P200_B00_L35_p0750_d30,d00,2.0,0.0,0.35,7.5,30.0,4.0,0.84975,40.0,0.003722490044310689,0.04999806731939316
P200_B00_L35_p0750_d30,d76,2.0,0.0,0.35,7.5,30.0,4.0,0.84975,0.0,0.002258433261886239,0.04990318417549133
P200_B00_L35_p0750_d30,d76,2.0,0.0,0.35,7.5,30.0,4.0,0.84975,-20.0,0.002500939415767789,0.049885574728250504
P200_B00_L35_p0750_d30,d76,2.0,0.0,0.35,7.5,30.0,4.0,0.84975,-40.0,0.0029179940465837717,0.049915965646505356
P200_B00_L35_p0750_d30,d76,2.0,0.0,0.35,7.5,30.0,4.0,0.84975,20.0,0.002609089482575655,0.04988338053226471
P200_B00_L35_p0750_d30,d76,2.0,0.0,0.35,7.5,30.0,4.0,0.84975,40.0,0.003017128212377429,0.049918100237846375
P200_B00_L35_p0750_d30,d100,2.0,0.0,0.35,7.5,30.0,4.0,0.84975,0.0,0.002433528658002615,0.04990241676568985
P200_B00_L35_p0750_d30,d100,2.0,0.0,0.35,7.5,30.0,4.0,0.84975,-20.0,0.002565423958003521,0.04988405480980873
P200_B00_L35_p0750_d30,d100,2.0,0.0,0.35,7.5,30.0,4.0,0.84975,-40.0,0.0030794176273047924,0.04989061877131462
P200_B00_L35_p0750_d30,d100,2.0,0.0,0.35,7.5,30.0,4.0,0.84975,20.0,0.0026879298966377974,0.04988206923007965
P200_B00_L35_p0750_d30,d100,2.0,0.0,0.35,7.5,30.0,4.0,0.84975,40.0,0.003153818426653743,0.04989166557788849
P200_B00_L35_p0750_d40,d00,2.0,0.0,0.35,7.5,40.0,5.333333333333333,0.84975,0.0,0.0018238772172480822,0.04990154504776001
P200_B00_L35_p0750_d40,d00,2.0,0.0,0.35,7.5,40.0,5.333333333333333,0.84975,-20.0,0.0021007386967539787,0.04989700764417648
P200_B00_L35_p0750_d40,d00,2.0,0.0,0.35,7.5,40.0,5.333333333333333,0.84975,-40.0,0.0026024687103927135,0.05000048130750656
P200_B00_L35_p0750_d40,d00,2.0,0.0,0.35,7.5,40.0,5.333333333333333,0.84975,20.0,0.002042303094640374,0.04989225044846535
P200_B00_L35_p0750_d40,d00,2.0,0.0,0.35,7.5,40.0,5.333333333333333,0.84975,40.0,0.00253288890235126,0.049999743700027466
P200_B00_L35_p0750_d40,d76,2.0,0.0,0.35,7.5,40.0,5.333333333333333,0.84975,0.0,0.0016785531770437956,0.04989789053797722
P200_B00_L35_p0750_d40,d76,2.0,0.0,0.35,7.5,40.0,5.333333333333333,0.84975,-20.0,0.0019412835827097297,0.04989280924201012
P200_B00_L35_p0750_d40,d76,2.0,0.0,0.35,7.5,40.0,5.333333333333333,0.84975,-40.0,0.0025357792619615793,0.04991207271814346
P200_B00_L35_p0750_d40,d76,2.0,0.0,0.35,7.5,40.0,5.333333333333333,0.84975,20.0,0.0019104897510260344,0.049887269735336304
P200_B00_L35_p0750_d40,d76,2.0,0.0,0.35,7.5,40.0,5.333333333333333,0.84975,40.0,0.002459356328472495,0.04991469532251358
P200_B00_L35_p0750_d40,d100,2.0,0.0,0.35,7.5,40.0,5.333333333333333,0.84975,0.0,0.001779627869836986,0.04989692196249962
P200_B00_L35_p0750_d40,d100,2.0,0.0,0.35,7.5,40.0,5.333333333333333,0.84975,-20.0,0.002103871665894985,0.04989089444279671
P200_B00_L35_p0750_d40,d100,2.0,0.0,0.35,7.5,40.0,5.333333333333333,0.84975,-40.0,0.0027148656081408262,0.04988447576761246
P200_B00_L35_p0750_d40,d100,2.0,0.0,0.35,7.5,40.0,5.333333333333333,0.84975,20.0,0.0020508759189397097,0.049885716289281845
P200_B00_L35_p0750_d40,d100,2.0,0.0,0.35,7.5,40.0,5.333333333333333,0.84975,40.0,0.0026359371840953827,0.04988853633403778
P200_B00_L35_p0750_d50,d00,2.0,0.0,0.35,7.5,50.0,6.666666666666667,0.84975,0.0,0.0017193472012877464,0.04989480972290039
P200_B00_L35_p0750_d50,d00,2.0,0.0,0.35,7.5,50.0,6.666666666666667,0.84975,-20.0,0.0017720673931762576,0.04987934231758118
P200_B00_L35_p0750_d50,d00,2.0,0.0,0.35,7.5,50.0,6.666666666666667,0.84975,-40.0,0.002266491996124387,0.05000229552388191
P200_B00_L35_p0750_d50,d00,2.0,0.0,0.35,7.5,50.0,6.666666666666667,0.84975,20.0,0.0017870436422526836,0.049880944192409515
P200_B00_L35_p0750_d50,d00,2.0,0.0,0.35,7.5,50.0,6.666666666666667,0.84975,40.0,0.002236130414530635,0.050001613795757294
P200_B00_L35_p0750_d50,d76,2.0,0.0,0.35,7.5,50.0,6.666666666666667,0.84975,0.0,0.0014997522812336683,0.049891360104084015
P200_B00_L35_p0750_d50,d76,2.0,0.0,0.35,7.5,50.0,6.666666666666667,0.84975,-20.0,0.0017402435187250376,0.04987309128046036
P200_B00_L35_p0750_d50,d76,2.0,0.0,0.35,7.5,50.0,6.666666666666667,0.84975,-40.0,0.0024488577619194984,0.04990982636809349
P200_B00_L35_p0750_d50,d76,2.0,0.0,0.35,7.5,50.0,6.666666666666667,0.84975,20.0,0.0017404543468728662,0.04987578094005585
P200_B00_L35_p0750_d50,d76,2.0,0.0,0.35,7.5,50.0,6.666666666666667,0.84975,40.0,0.0023729249369353056,0.049907613545656204
P200_B00_L35_p0750_d50,d100,2.0,0.0,0.35,7.5,50.0,6.666666666666667,0.84975,0.0,0.0015698177739977837,0.049890272319316864
P200_B00_L35_p0750_d50,d100,2.0,0.0,0.35,7.5,50.0,6.666666666666667,0.84975,-20.0,0.0018954272381961346,0.04987158626317978
P200_B00_L35_p0750_d50,d100,2.0,0.0,0.35,7.5,50.0,6.666666666666667,0.84975,-40.0,0.002676793374121189,0.04987984895706177
P200_B00_L35_p0750_d50,d100,2.0,0.0,0.35,7.5,50.0,6.666666666666667,0.84975,20.0,0.001868510153144598,0.04987448826432228
P200_B00_L35_p0750_d50,d100,2.0,0.0,0.35,7.5,50.0,6.666666666666667,0.84975,40.0,0.002593281911686063,0.049878496676683426
P200_B00_L35_p1100_d20,d00,2.0,0.0,0.35,11.0,20.0,1.8181818181818181,0.84975,0.0,0.02811588905751705,0.04996778443455696
P200_B00_L35_p1100_d20,d00,2.0,0.0,0.35,11.0,20.0,1.8181818181818181,0.84975,-20.0,0.01746857725083828,0.049959346652030945
P200_B00_L35_p1100_d20,d00,2.0,0.0,0.35,11.0,20.0,1.8181818181818181,0.84975,-40.0,0.018516089767217636,0.049999866634607315
P200_B00_L35_p1100_d20,d00,2.0,0.0,0.35,11.0,20.0,1.8181818181818181,0.84975,20.0,0.016661426052451134,0.04996015876531601
P200_B00_L35_p1100_d20,d00,2.0,0.0,0.35,11.0,20.0,1.8181818181818181,0.84975,40.0,0.01728920452296734,0.05000106617808342
P200_B00_L35_p1100_d20,d76,2.0,0.0,0.35,11.0,20.0,1.8181818181818181,0.84975,0.0,0.008046366274356842,0.049966584891080856
P200_B00_L35_p1100_d20,d76,2.0,0.0,0.35,11.0,20.0,1.8181818181818181,0.84975,-20.0,0.0064070383086800575,0.049957796931266785
P200_B00_L35_p1100_d20,d76,2.0,0.0,0.35,11.0,20.0,1.8181818181818181,0.84975,-40.0,0.006927530746906996,0.04997014254331589
P200_B00_L35_p1100_d20,d76,2.0,0.0,0.35,11.0,20.0,1.8181818181818181,0.84975,20.0,0.006214533932507038,0.04995858296751976
P200_B00_L35_p1100_d20,d76,2.0,0.0,0.35,11.0,20.0,1.8181818181818181,0.84975,40.0,0.0067216623574495316,0.04996955767273903
P200_B00_L35_p1100_d20,d100,2.0,0.0,0.35,11.0,20.0,1.8181818181818181,0.84975,0.0,0.004641053732484579,0.049966100603342056
P200_B00_L35_p1100_d20,d100,2.0,0.0,0.35,11.0,20.0,1.8181818181818181,0.84975,-20.0,0.004664809443056583,0.04995717853307724
P200_B00_L35_p1100_d20,d100,2.0,0.0,0.35,11.0,20.0,1.8181818181818181,0.84975,-40.0,0.004497370682656765,0.049961090087890625
P200_B00_L35_p1100_d20,d100,2.0,0.0,0.35,11.0,20.0,1.8181818181818181,0.84975,20.0,0.004615146666765213,0.04995787888765335
P200_B00_L35_p1100_d20,d100,2.0,0.0,0.35,11.0,20.0,1.8181818181818181,0.84975,40.0,0.004553519655019045,0.04995974153280258
P200_B00_L35_p1100_d30,d00,2.0,0.0,0.35,11.0,30.0,2.727272727272727,0.84975,0.0,0.006119590252637863,0.049936842173337936
P200_B00_L35_p1100_d30,d00,2.0,0.0,0.35,11.0,30.0,2.727272727272727,0.84975,-20.0,0.008133589290082455,0.049933698028326035
P200_B00_L35_p1100_d30,d00,2.0,0.0,0.35,11.0,30.0,2.727272727272727,0.84975,-40.0,0.010725277476012707,0.049999773502349854
P200_B00_L35_p1100_d30,d00,2.0,0.0,0.35,11.0,30.0,2.727272727272727,0.84975,20.0,0.007495260797441006,0.049933284521102905
P200_B00_L35_p1100_d30,d00,2.0,0.0,0.35,11.0,30.0,2.727272727272727,0.84975,40.0,0.009431136772036552,0.050001680850982666
P200_B00_L35_p1100_d30,d76,2.0,0.0,0.35,11.0,30.0,2.727272727272727,0.84975,0.0,0.0035804668441414833,0.04993481561541557
P200_B00_L35_p1100_d30,d76,2.0,0.0,0.35,11.0,30.0,2.727272727272727,0.84975,-20.0,0.004011376295238733,0.04993067681789398
P200_B00_L35_p1100_d30,d76,2.0,0.0,0.35,11.0,30.0,2.727272727272727,0.84975,-40.0,0.004848404321819544,0.049946319311857224
P200_B00_L35_p1100_d30,d76,2.0,0.0,0.35,11.0,30.0,2.727272727272727,0.84975,20.0,0.003737801220268011,0.04993034154176712
P200_B00_L35_p1100_d30,d76,2.0,0.0,0.35,11.0,30.0,2.727272727272727,0.84975,40.0,0.0044777123257517815,0.04995008930563927
P200_B00_L35_p1100_d30,d100,2.0,0.0,0.35,11.0,30.0,2.727272727272727,0.84975,0.0,0.003567323787137866,0.04993386194109917
P200_B00_L35_p1100_d30,d100,2.0,0.0,0.35,11.0,30.0,2.727272727272727,0.84975,-20.0,0.0037386869080364704,0.049929749220609665
P200_B00_L35_p1100_d30,d100,2.0,0.0,0.35,11.0,30.0,2.727272727272727,0.84975,-40.0,0.0038912396412342787,0.0499291867017746
P200_B00_L35_p1100_d30,d100,2.0,0.0,0.35,11.0,30.0,2.727272727272727,0.84975,20.0,0.0034635148476809263,0.04992949962615967
P200_B00_L35_p1100_d30,d100,2.0,0.0,0.35,11.0,30.0,2.727272727272727,0.84975,40.0,0.00366718671284616,0.049933504313230515
P200_B00_L35_p1100_d40,d00,2.0,0.0,0.35,11.0,40.0,3.6363636363636362,0.84975,0.0,0.003082644660025835,0.049943707883358
P200_B00_L35_p1100_d40,d00,2.0,0.0,0.35,11.0,40.0,3.6363636363636362,0.84975,-20.0,0.004234028048813343,0.04993880167603493
P200_B00_L35_p1100_d40,d00,2.0,0.0,0.35,11.0,40.0,3.6363636363636362,0.84975,-40.0,0.004833607003092766,0.04999558627605438
P200_B00_L35_p1100_d40,d00,2.0,0.0,0.35,11.0,40.0,3.6363636363636362,0.84975,20.0,0.004541871137917042,0.04993675649166107
P200_B00_L35_p1100_d40,d00,2.0,0.0,0.35,11.0,40.0,3.6363636363636362,0.84975,40.0,0.004890266805887222,0.049998585134744644
P200_B00_L35_p1100_d40,d76,2.0,0.0,0.35,11.0,40.0,3.6363636363636362,0.84975,0.0,0.0027368636801838875,0.049941834062337875
P200_B00_L35_p1100_d40,d76,2.0,0.0,0.35,11.0,40.0,3.6363636363636362,0.84975,-20.0,0.0028604010585695505,0.04993581399321556
P200_B00_L35_p1100_d40,d76,2.0,0.0,0.35,11.0,40.0,3.6363636363636362,0.84975,-40.0,0.003408480901271105,0.04994693025946617
P200_B00_L35_p1100_d40,d76,2.0,0.0,0.35,11.0,40.0,3.6363636363636362,0.84975,20.0,0.0030038682743906975,0.049934022128582
P200_B00_L35_p1100_d40,d76,2.0,0.0,0.35,11.0,40.0,3.6363636363636362,0.84975,40.0,0.0034432816319167614,0.04994819685816765
P200_B00_L35_p1100_d40,d100,2.0,0.0,0.35,11.0,40.0,3.6363636363636362,0.84975,0.0,0.0029357525054365396,0.049941182136535645
P200_B00_L35_p1100_d40,d100,2.0,0.0,0.35,11.0,40.0,3.6363636363636362,0.84975,-20.0,0.002857993822544813,0.049935221672058105
P200_B00_L35_p1100_d40,d100,2.0,0.0,0.35,11.0,40.0,3.6363636363636362,0.84975,-40.0,0.0034924170468002558,0.04993215575814247
P200_B00_L35_p1100_d40,d100,2.0,0.0,0.35,11.0,40.0,3.6363636363636362,0.84975,20.0,0.0030006475280970335,0.04993343725800514
P200_B00_L35_p1100_d40,d100,2.0,0.0,0.35,11.0,40.0,3.6363636363636362,0.84975,40.0,0.0035166232846677303,0.04993293061852455
P200_B00_L35_p1100_d50,d00,2.0,0.0,0.35,11.0,50.0,4.545454545454546,0.84975,0.0,0.002127647865563631,0.04994665086269379
P200_B00_L35_p1100_d50,d00,2.0,0.0,0.35,11.0,50.0,4.545454545454546,0.84975,-20.0,0.002497109118849039,0.04993659630417824
P200_B00_L35_p1100_d50,d00,2.0,0.0,0.35,11.0,50.0,4.545454545454546,0.84975,-40.0,0.0032506624702364206,0.04999808594584465
P200_B00_L35_p1100_d50,d00,2.0,0.0,0.35,11.0,50.0,4.545454545454546,0.84975,20.0,0.0024926473852247,0.04994068667292595
P200_B00_L35_p1100_d50,d00,2.0,0.0,0.35,11.0,50.0,4.545454545454546,0.84975,40.0,0.003214015159755945,0.05000020191073418
P200_B00_L35_p1100_d50,d76,2.0,0.0,0.35,11.0,50.0,4.545454545454546,0.84975,0.0,0.0020689719822257757,0.04994484782218933
P200_B00_L35_p1100_d50,d76,2.0,0.0,0.35,11.0,50.0,4.545454545454546,0.84975,-20.0,0.002132405061274767,0.049933865666389465
P200_B00_L35_p1100_d50,d76,2.0,0.0,0.35,11.0,50.0,4.545454545454546,0.84975,-40.0,0.002795320935547352,0.049952320754528046
P200_B00_L35_p1100_d50,d76,2.0,0.0,0.35,11.0,50.0,4.545454545454546,0.84975,20.0,0.0021359568927437067,0.04993853345513344
P200_B00_L35_p1100_d50,d76,2.0,0.0,0.35,11.0,50.0,4.545454545454546,0.84975,40.0,0.002804008312523365,0.049953870475292206
P200_B00_L35_p1100_d50,d100,2.0,0.0,0.35,11.0,50.0,4.545454545454546,0.84975,0.0,0.00225158897228539,0.049944281578063965
P200_B00_L35_p1100_d50,d100,2.0,0.0,0.35,11.0,50.0,4.545454545454546,0.84975,-20.0,0.0022539375349879265,0.0499328151345253
P200_B00_L35_p1100_d50,d100,2.0,0.0,0.35,11.0,50.0,4.545454545454546,0.84975,-40.0,0.002968780230730772,0.04993819072842598
P200_B00_L35_p1100_d50,d100,2.0,0.0,0.35,11.0,50.0,4.545454545454546,0.84975,20.0,0.0022444594651460648,0.049937911331653595
P200_B00_L35_p1100_d50,d100,2.0,0.0,0.35,11.0,50.0,4.545454545454546,0.84975,40.0,0.0029884411487728357,0.04993829131126404
P200_B35_L00_p0375_d20,d00,2.0,0.35,0.0,3.75,20.0,5.333333333333333,0.808,0.0,0.0021985205821692944,0.0498015321791172
P200_B35_L00_p0375_d20,d00,2.0,0.35,0.0,3.75,20.0,5.333333333333333,0.808,-20.0,0.0018107794458046556,0.04979252070188522
P200_B35_L00_p0375_d20,d00,2.0,0.35,0.0,3.75,20.0,5.333333333333333,0.808,-40.0,0.0028732330538332462,0.050001248717308044
P200_B35_L00_p0375_d20,d00,2.0,0.35,0.0,3.75,20.0,5.333333333333333,0.808,20.0,0.0018190995324403048,0.049795813858509064
P200_B35_L00_p0375_d20,d00,2.0,0.35,0.0,3.75,20.0,5.333333333333333,0.808,40.0,0.0028896743897348642,0.05000420659780502
P200_B35_L00_p0375_d20,d76,2.0,0.35,0.0,3.75,20.0,5.333333333333333,0.808,0.0,0.0015713697066530585,0.04979345574975014
P200_B35_L00_p0375_d20,d76,2.0,0.35,0.0,3.75,20.0,5.333333333333333,0.808,-20.0,0.00178478192538023,0.04978325590491295
P200_B35_L00_p0375_d20,d76,2.0,0.35,0.0,3.75,20.0,5.333333333333333,0.808,-40.0,0.0025423697661608458,0.04983866959810257
P200_B35_L00_p0375_d20,d76,2.0,0.35,0.0,3.75,20.0,5.333333333333333,0.808,20.0,0.001748153823427856,0.04978630319237709
P200_B35_L00_p0375_d20,d76,2.0,0.35,0.0,3.75,20.0,5.333333333333333,0.808,40.0,0.002554899314418435,0.04983598738908768
P200_B35_L00_p0375_d20,d100,2.0,0.35,0.0,3.75,20.0,5.333333333333333,0.808,0.0,0.0015304430853575468,0.04979128763079643
P200_B35_L00_p0375_d20,d100,2.0,0.35,0.0,3.75,20.0,5.333333333333333,0.808,-20.0,0.0019322960870340466,0.049780089408159256
P200_B35_L00_p0375_d20,d100,2.0,0.35,0.0,3.75,20.0,5.333333333333333,0.808,-40.0,0.0026304631028324366,0.04978719726204872
P200_B35_L00_p0375_d20,d100,2.0,0.35,0.0,3.75,20.0,5.333333333333333,0.808,20.0,0.001921823830343783,0.049782976508140564
P200_B35_L00_p0375_d20,d100,2.0,0.35,0.0,3.75,20.0,5.333333333333333,0.808,40.0,0.002644406398758292,0.049782514572143555
P200_B35_L00_p0375_d30,d00,2.0,0.35,0.0,3.75,30.0,8.0,0.808,0.0,0.001965959556400776,0.049681056290864944
P200_B35_L00_p0375_d30,d00,2.0,0.35,0.0,3.75,30.0,8.0,0.808,-20.0,0.0015058739809319377,0.049654364585876465
P200_B35_L00_p0375_d30,d00,2.0,0.35,0.0,3.75,30.0,8.0,0.808,-40.0,0.0026201284490525723,0.05000783130526543
P200_B35_L00_p0375_d30,d00,2.0,0.35,0.0,3.75,30.0,8.0,0.808,20.0,0.0015449142083525658,0.04965602234005928
P200_B35_L00_p0375_d30,d00,2.0,0.35,0.0,3.75,30.0,8.0,0.808,40.0,0.0026567152235656977,0.05001034215092659
P200_B35_L00_p0375_d30,d76,2.0,0.35,0.0,3.75,30.0,8.0,0.808,0.0,0.0012019859859719872,0.049669817090034485
P200_B35_L00_p0375_d30,d76,2.0,0.35,0.0,3.75,30.0,8.0,0.808,-20.0,0.0014985463349148631,0.04964039847254753
P200_B35_L00_p0375_d30,d76,2.0,0.35,0.0,3.75,30.0,8.0,0.808,-40.0,0.0022679963149130344,0.049721941351890564
P200_B35_L00_p0375_d30,d76,2.0,0.35,0.0,3.75,30.0,8.0,0.808,20.0,0.0015255993930622935,0.049641359597444534
P200_B35_L00_p0375_d30,d76,2.0,0.35,0.0,3.75,30.0,8.0,0.808,40.0,0.002294705482199788,0.049731072038412094
P200_B35_L00_p0375_d30,d100,2.0,0.35,0.0,3.75,30.0,8.0,0.808,0.0,0.001077525899745524,0.04966651275753975
P200_B35_L00_p0375_d30,d100,2.0,0.35,0.0,3.75,30.0,8.0,0.808,-20.0,0.0016116610495373607,0.04963620752096176
P200_B35_L00_p0375_d30,d100,2.0,0.35,0.0,3.75,30.0,8.0,0.808,-40.0,0.0023435140028595924,0.049633290618658066
P200_B35_L00_p0375_d30,d100,2.0,0.35,0.0,3.75,30.0,8.0,0.808,20.0,0.0016401400789618492,0.04963661730289459
P200_B35_L00_p0375_d30,d100,2.0,0.35,0.0,3.75,30.0,8.0,0.808,40.0,0.0023651313968002796,0.04964027553796768
P200_B35_L00_p0375_d40,d00,2.0,0.35,0.0,3.75,40.0,10.666666666666666,0.808,0.0,0.0017495694337412715,0.04968637228012085
P200_B35_L00_p0375_d40,d00,2.0,0.35,0.0,3.75,40.0,10.666666666666666,0.808,-20.0,0.0013935810420662165,0.04966262727975845
P200_B35_L00_p0375_d40,d00,2.0,0.35,0.0,3.75,40.0,10.666666666666666,0.808,-40.0,0.002386951120570302,0.05000116676092148
P200_B35_L00_p0375_d40,d00,2.0,0.35,0.0,3.75,40.0,10.666666666666666,0.808,20.0,0.0013865052023902535,0.049661677330732346
P200_B35_L00_p0375_d40,d00,2.0,0.35,0.0,3.75,40.0,10.666666666666666,0.808,40.0,0.002365030813962221,0.050000227987766266
P200_B35_L00_p0375_d40,d76,2.0,0.35,0.0,3.75,40.0,10.666666666666666,0.808,0.0,0.0009817135287448764,0.04967445507645607
P200_B35_L00_p0375_d40,d76,2.0,0.35,0.0,3.75,40.0,10.666666666666666,0.808,-20.0,0.001344076357781887,0.04964807629585266
P200_B35_L00_p0375_d40,d76,2.0,0.35,0.0,3.75,40.0,10.666666666666666,0.808,-40.0,0.0020587192848324776,0.04973232001066208
P200_B35_L00_p0375_d40,d76,2.0,0.35,0.0,3.75,40.0,10.666666666666666,0.808,20.0,0.0013464927906170487,0.04964584857225418
P200_B35_L00_p0375_d40,d76,2.0,0.35,0.0,3.75,40.0,10.666666666666666,0.808,40.0,0.0020814400631934404,0.04973403736948967
P200_B35_L00_p0375_d40,d100,2.0,0.35,0.0,3.75,40.0,10.666666666666666,0.808,0.0,0.0008406371925957501,0.04967156797647476
P200_B35_L00_p0375_d40,d100,2.0,0.35,0.0,3.75,40.0,10.666666666666666,0.808,-20.0,0.0014593953965231776,0.049643293023109436
P200_B35_L00_p0375_d40,d100,2.0,0.35,0.0,3.75,40.0,10.666666666666666,0.808,-40.0,0.002165410900488496,0.04964723810553551
P200_B35_L00_p0375_d40,d100,2.0,0.35,0.0,3.75,40.0,10.666666666666666,0.808,20.0,0.0014552215579897165,0.04964100942015648
P200_B35_L00_p0375_d40,d100,2.0,0.35,0.0,3.75,40.0,10.666666666666666,0.808,40.0,0.002152001019567251,0.04964979365468025
P200_B35_L00_p0375_d50,d00,2.0,0.35,0.0,3.75,50.0,13.333333333333334,0.808,0.0,0.0015957806026563048,0.049684204161167145
P200_B35_L00_p0375_d50,d00,2.0,0.35,0.0,3.75,50.0,13.333333333333334,0.808,-20.0,0.0013885492226108909,0.049659594893455505
P200_B35_L00_p0375_d50,d00,2.0,0.35,0.0,3.75,50.0,13.333333333333334,0.808,-40.0,0.002364029875025153,0.04999407008290291
P200_B35_L00_p0375_d50,d00,2.0,0.35,0.0,3.75,50.0,13.333333333333334,0.808,20.0,0.0012896059779450297,0.04965705797076225
P200_B35_L00_p0375_d50,d00,2.0,0.35,0.0,3.75,50.0,13.333333333333334,0.808,40.0,0.002327463822439313,0.05000469461083412
P200_B35_L00_p0375_d50,d76,2.0,0.35,0.0,3.75,50.0,13.333333333333334,0.808,0.0,0.0008747465908527374,0.04967328533530235
P200_B35_L00_p0375_d50,d76,2.0,0.35,0.0,3.75,50.0,13.333333333333334,0.808,-20.0,0.0013071965659037232,0.049645256251096725
P200_B35_L00_p0375_d50,d76,2.0,0.35,0.0,3.75,50.0,13.333333333333334,0.808,-40.0,0.002039276761934161,0.04971949756145477
P200_B35_L00_p0375_d50,d76,2.0,0.35,0.0,3.75,50.0,13.333333333333334,0.808,20.0,0.0012857912806794047,0.04964302480220795
P200_B35_L00_p0375_d50,d76,2.0,0.35,0.0,3.75,50.0,13.333333333333334,0.808,40.0,0.0020407005213201046,0.04972415044903755
P200_B35_L00_p0375_d50,d100,2.0,0.35,0.0,3.75,50.0,13.333333333333334,0.808,0.0,0.000720389885827899,0.049670323729515076
P200_B35_L00_p0375_d50,d100,2.0,0.35,0.0,3.75,50.0,13.333333333333334,0.808,-20.0,0.0014008437283337116,0.04964088276028633
P200_B35_L00_p0375_d50,d100,2.0,0.35,0.0,3.75,50.0,13.333333333333334,0.808,-40.0,0.002107268664985895,0.04963688552379608
P200_B35_L00_p0375_d50,d100,2.0,0.35,0.0,3.75,50.0,13.333333333333334,0.808,20.0,0.0013732458464801311,0.04963790625333786
P200_B35_L00_p0375_d50,d100,2.0,0.35,0.0,3.75,50.0,13.333333333333334,0.808,40.0,0.002086777938529849,0.049638908356428146
P200_B35_L00_p0550_d20,d00,2.0,0.35,0.0,5.5,20.0,3.6363636363636362,0.808,0.0,0.002468963386490941,0.049905359745025635
P200_B35_L00_p0550_d20,d00,2.0,0.35,0.0,5.5,20.0,3.6363636363636362,0.808,-20.0,0.0021968178916722536,0.04990342631936073
P200_B35_L00_p0550_d20,d00,2.0,0.35,0.0,5.5,20.0,3.6363636363636362,0.808,-40.0,0.0027383053675293922,0.05000029131770134
P200_B35_L00_p0550_d20,d00,2.0,0.35,0.0,5.5,20.0,3.6363636363636362,0.808,20.0,0.0021728361025452614,0.04990450292825699
P200_B35_L00_p0550_d20,d00,2.0,0.35,0.0,5.5,20.0,3.6363636363636362,0.808,40.0,0.002745269797742367,0.049999337643384933
P200_B35_L00_p0550_d20,d76,2.0,0.35,0.0,5.5,20.0,3.6363636363636362,0.808,0.0,0.0020174356177449226,0.04990111291408539
P200_B35_L00_p0550_d20,d76,2.0,0.35,0.0,5.5,20.0,3.6363636363636362,0.808,-20.0,0.002114803995937109,0.049899470061063766
P200_B35_L00_p0550_d20,d76,2.0,0.35,0.0,5.5,20.0,3.6363636363636362,0.808,-40.0,0.002795803127810359,0.04991898313164711
P200_B35_L00_p0550_d20,d76,2.0,0.35,0.0,5.5,20.0,3.6363636363636362,0.808,20.0,0.002121586352586746,0.049900542944669724
P200_B35_L00_p0550_d20,d76,2.0,0.35,0.0,5.5,20.0,3.6363636363636362,0.808,40.0,0.0027568030636757612,0.049914177507162094
P200_B35_L00_p0550_d20,d100,2.0,0.35,0.0,5.5,20.0,3.6363636363636362,0.808,0.0,0.0020897332578897476,0.04989994689822197
P200_B35_L00_p0550_d20,d100,2.0,0.35,0.0,5.5,20.0,3.6363636363636362,0.808,-20.0,0.0022946845274418592,0.04989839717745781
P200_B35_L00_p0550_d20,d100,2.0,0.35,0.0,5.5,20.0,3.6363636363636362,0.808,-40.0,0.003029384184628725,0.04989270493388176
P200_B35_L00_p0550_d20,d100,2.0,0.35,0.0,5.5,20.0,3.6363636363636362,0.808,20.0,0.002266818191856146,0.04989934340119362
P200_B35_L00_p0550_d20,d100,2.0,0.35,0.0,5.5,20.0,3.6363636363636362,0.808,40.0,0.0029584781732410192,0.04988744482398033
P200_B35_L00_p0550_d30,d00,2.0,0.35,0.0,5.5,30.0,5.454545454545454,0.808,0.0,0.0021428652107715607,0.04985285922884941
P200_B35_L00_p0550_d30,d00,2.0,0.35,0.0,5.5,30.0,5.454545454545454,0.808,-20.0,0.001785307889804244,0.04984891787171364
P200_B35_L00_p0550_d30,d00,2.0,0.35,0.0,5.5,30.0,5.454545454545454,0.808,-40.0,0.0025705730076879263,0.04999479651451111
P200_B35_L00_p0550_d30,d00,2.0,0.35,0.0,5.5,30.0,5.454545454545454,0.808,20.0,0.0017332209972664714,0.049849674105644226
P200_B35_L00_p0550_d30,d00,2.0,0.35,0.0,5.5,30.0,5.454545454545454,0.808,40.0,0.0025215137284249067,0.04999757930636406
P200_B35_L00_p0550_d30,d76,2.0,0.35,0.0,5.5,30.0,5.454545454545454,0.808,0.0,0.0015136034926399589,0.04984733462333679
P200_B35_L00_p0550_d30,d76,2.0,0.35,0.0,5.5,30.0,5.454545454545454,0.808,-20.0,0.0017379183555021882,0.0498432032763958
P200_B35_L00_p0550_d30,d76,2.0,0.35,0.0,5.5,30.0,5.454545454545454,0.808,-40.0,0.002494483720511198,0.04986855760216713
P200_B35_L00_p0550_d30,d76,2.0,0.35,0.0,5.5,30.0,5.454545454545454,0.808,20.0,0.0016920972848311067,0.04984353482723236
P200_B35_L00_p0550_d30,d76,2.0,0.35,0.0,5.5,30.0,5.454545454545454,0.808,40.0,0.002422103425487876,0.049870651215314865
P200_B35_L00_p0550_d30,d100,2.0,0.35,0.0,5.5,30.0,5.454545454545454,0.808,0.0,0.0014686321374028921,0.049845464527606964
P200_B35_L00_p0550_d30,d100,2.0,0.35,0.0,5.5,30.0,5.454545454545454,0.808,-20.0,0.0019013193668797612,0.0498412624001503
P200_B35_L00_p0550_d30,d100,2.0,0.35,0.0,5.5,30.0,5.454545454545454,0.808,-40.0,0.002640862250700593,0.04982888326048851
P200_B35_L00_p0550_d30,d100,2.0,0.35,0.0,5.5,30.0,5.454545454545454,0.808,20.0,0.0018598627066239715,0.04984147846698761
P200_B35_L00_p0550_d30,d100,2.0,0.35,0.0,5.5,30.0,5.454545454545454,0.808,40.0,0.002597755054011941,0.04983055219054222
P200_B35_L00_p0550_d40,d00,2.0,0.35,0.0,5.5,40.0,7.2727272727272725,0.808,0.0,0.001919995411299169,0.04985496401786804
P200_B35_L00_p0550_d40,d00,2.0,0.35,0.0,5.5,40.0,7.2727272727272725,0.808,-20.0,0.001571466214954853,0.049843527376651764
P200_B35_L00_p0550_d40,d00,2.0,0.35,0.0,5.5,40.0,7.2727272727272725,0.808,-40.0,0.0024394220672547817,0.04999565705657005
P200_B35_L00_p0550_d40,d00,2.0,0.35,0.0,5.5,40.0,7.2727272727272725,0.808,20.0,0.001490507973358035,0.049845919013023376
P200_B35_L00_p0550_d40,d00,2.0,0.35,0.0,5.5,40.0,7.2727272727272725,0.808,40.0,0.0023780097253620625,0.05000443756580353
P200_B35_L00_p0550_d40,d76,2.0,0.35,0.0,5.5,40.0,7.2727272727272725,0.808,0.0,0.0012571447296068072,0.04984968528151512
P200_B35_L00_p0550_d40,d76,2.0,0.35,0.0,5.5,40.0,7.2727272727272725,0.808,-20.0,0.0015457180561497808,0.049837175756692886
P200_B35_L00_p0550_d40,d76,2.0,0.35,0.0,5.5,40.0,7.2727272727272725,0.808,-40.0,0.002209794009104371,0.04987335577607155
P200_B35_L00_p0550_d40,d76,2.0,0.35,0.0,5.5,40.0,7.2727272727272725,0.808,20.0,0.001490857102908194,0.049839768558740616
P200_B35_L00_p0550_d40,d76,2.0,0.35,0.0,5.5,40.0,7.2727272727272725,0.808,40.0,0.002221772214397788,0.04987150430679321
P200_B35_L00_p0550_d40,d100,2.0,0.35,0.0,5.5,40.0,7.2727272727272725,0.808,0.0,0.0011468854499980807,0.0498480461537838
P200_B35_L00_p0550_d40,d100,2.0,0.35,0.0,5.5,40.0,7.2727272727272725,0.808,-20.0,0.0016680501867085695,0.049834467470645905
P200_B35_L00_p0550_d40,d100,2.0,0.35,0.0,5.5,40.0,7.2727272727272725,0.808,-40.0,0.0023502521216869354,0.049835242331027985
P200_B35_L00_p0550_d40,d100,2.0,0.35,0.0,5.5,40.0,7.2727272727272725,0.808,20.0,0.0016227818559855223,0.04983724281191826
P200_B35_L00_p0550_d40,d100,2.0,0.35,0.0,5.5,40.0,7.2727272727272725,0.808,40.0,0.002371621085330844,0.049828991293907166
P200_B35_L00_p0550_d50,d00,2.0,0.35,0.0,5.5,50.0,9.090909090909092,0.808,0.0,0.0018152706325054169,0.049850139766931534
P200_B35_L00_p0550_d50,d00,2.0,0.35,0.0,5.5,50.0,9.090909090909092,0.808,-20.0,0.0014344120863825083,0.049845799803733826
P200_B35_L00_p0550_d50,d00,2.0,0.35,0.0,5.5,50.0,9.090909090909092,0.808,-40.0,0.002223564777523279,0.050009194761514664
P200_B35_L00_p0550_d50,d00,2.0,0.35,0.0,5.5,50.0,9.090909090909092,0.808,20.0,0.0014540983829647303,0.04984814673662186
P200_B35_L00_p0550_d50,d00,2.0,0.35,0.0,5.5,50.0,9.090909090909092,0.808,40.0,0.002142353216186166,0.049999602138996124
P200_B35_L00_p0550_d50,d76,2.0,0.35,0.0,5.5,50.0,9.090909090909092,0.808,0.0,0.0010765902698040009,0.049844905734062195
P200_B35_L00_p0550_d50,d76,2.0,0.35,0.0,5.5,50.0,9.090909090909092,0.808,-20.0,0.0014090487966313958,0.04983938857913017
P200_B35_L00_p0550_d50,d76,2.0,0.35,0.0,5.5,50.0,9.090909090909092,0.808,-40.0,0.002088924404233694,0.0498715341091156
P200_B35_L00_p0550_d50,d76,2.0,0.35,0.0,5.5,50.0,9.090909090909092,0.808,20.0,0.0013827719958499074,0.049841124564409256
P200_B35_L00_p0550_d50,d76,2.0,0.35,0.0,5.5,50.0,9.090909090909092,0.808,40.0,0.0020184344612061977,0.04987545683979988
P200_B35_L00_p0550_d50,d100,2.0,0.35,0.0,5.5,50.0,9.090909090909092,0.808,0.0,0.0009456604020670056,0.04984322935342789
P200_B35_L00_p0550_d50,d100,2.0,0.35,0.0,5.5,50.0,9.090909090909092,0.808,-20.0,0.0015285831177607179,0.049837373197078705
P200_B35_L00_p0550_d50,d100,2.0,0.35,0.0,5.5,50.0,9.090909090909092,0.808,-40.0,0.002230173908174038,0.049828626215457916
P200_B35_L00_p0550_d50,d100,2.0,0.35,0.0,5.5,50.0,9.090909090909092,0.808,20.0,0.001492893323302269,0.049839191138744354
P200_B35_L00_p0550_d50,d100,2.0,0.35,0.0,5.5,50.0,9.090909090909092,0.808,40.0,0.0021624048240482807,0.049834661185741425
P200_B35_L00_p0750_d20,d00,2.0,0.35,0.0,7.5,20.0,2.6666666666666665,0.808,0.0,0.002919713733717799,0.04995973780751228
P200_B35_L00_p0750_d20,d00,2.0,0.35,0.0,7.5,20.0,2.6666666666666665,0.808,-20.0,0.0030804842244833708,0.04995772987604141
P200_B35_L00_p0750_d20,d00,2.0,0.35,0.0,7.5,20.0,2.6666666666666665,0.808,-40.0,0.0037271990440785885,0.049999795854091644
P200_B35_L00_p0750_d20,d00,2.0,0.35,0.0,7.5,20.0,2.6666666666666665,0.808,20.0,0.003043422708287835,0.0499577596783638
P200_B35_L00_p0750_d20,d00,2.0,0.35,0.0,7.5,20.0,2.6666666666666665,0.808,40.0,0.003583871992304921,0.04999961704015732
P200_B35_L00_p0750_d20,d76,2.0,0.35,0.0,7.5,20.0,2.6666666666666665,0.808,0.0,0.0025990833528339863,0.04995853453874588
P200_B35_L00_p0750_d20,d76,2.0,0.35,0.0,7.5,20.0,2.6666666666666665,0.808,-20.0,0.002688405802473426,0.049955904483795166
P200_B35_L00_p0750_d20,d76,2.0,0.35,0.0,7.5,20.0,2.6666666666666665,0.808,-40.0,0.0032881253864616156,0.04996725544333458
P200_B35_L00_p0750_d20,d76,2.0,0.35,0.0,7.5,20.0,2.6666666666666665,0.808,20.0,0.0026576505042612553,0.04995623603463173
P200_B35_L00_p0750_d20,d76,2.0,0.35,0.0,7.5,20.0,2.6666666666666665,0.808,40.0,0.0032158736139535904,0.049966853111982346
P200_B35_L00_p0750_d20,d100,2.0,0.35,0.0,7.5,20.0,2.6666666666666665,0.808,0.0,0.0027371798641979694,0.04995805397629738
P200_B35_L00_p0750_d20,d100,2.0,0.35,0.0,7.5,20.0,2.6666666666666665,0.808,-20.0,0.002851824974641204,0.049955103546381
P200_B35_L00_p0750_d20,d100,2.0,0.35,0.0,7.5,20.0,2.6666666666666665,0.808,-40.0,0.0034561974462121725,0.049956824630498886
P200_B35_L00_p0750_d20,d100,2.0,0.35,0.0,7.5,20.0,2.6666666666666665,0.808,20.0,0.0028146442491561174,0.04995568096637726
P200_B35_L00_p0750_d20,d100,2.0,0.35,0.0,7.5,20.0,2.6666666666666665,0.808,40.0,0.0034102669451385736,0.049956146627664566
P200_B35_L00_p0750_d30,d00,2.0,0.35,0.0,7.5,30.0,4.0,0.808,0.0,0.0023894000332802534,0.049919493496418
P200_B35_L00_p0750_d30,d00,2.0,0.35,0.0,7.5,30.0,4.0,0.808,-20.0,0.0020352203864604235,0.04991445690393448
P200_B35_L00_p0750_d30,d00,2.0,0.35,0.0,7.5,30.0,4.0,0.808,-40.0,0.0026527622248977423,0.04999953880906105
P200_B35_L00_p0750_d30,d00,2.0,0.35,0.0,7.5,30.0,4.0,0.808,20.0,0.00209473492577672,0.049914948642253876
P200_B35_L00_p0750_d30,d00,2.0,0.35,0.0,7.5,30.0,4.0,0.808,40.0,0.002665633102878928,0.04999703913927078
P200_B35_L00_p0750_d30,d76,2.0,0.35,0.0,7.5,30.0,4.0,0.808,0.0,0.0018771360628306866,0.04991655424237251
P200_B35_L00_p0750_d30,d76,2.0,0.35,0.0,7.5,30.0,4.0,0.808,-20.0,0.0020083633717149496,0.04991092160344124
P200_B35_L00_p0750_d30,d76,2.0,0.35,0.0,7.5,30.0,4.0,0.808,-40.0,0.0026977614033967257,0.04993215575814247
P200_B35_L00_p0750_d30,d76,2.0,0.35,0.0,7.5,30.0,4.0,0.808,20.0,0.0020626906771212816,0.04991116374731064
P200_B35_L00_p0750_d30,d76,2.0,0.35,0.0,7.5,30.0,4.0,0.808,40.0,0.0027204749640077353,0.04993082955479622
P200_B35_L00_p0750_d30,d100,2.0,0.35,0.0,7.5,30.0,4.0,0.808,0.0,0.0018977966392412782,0.04991554841399193
P200_B35_L00_p0750_d30,d100,2.0,0.35,0.0,7.5,30.0,4.0,0.808,-20.0,0.0021734305191785097,0.049909740686416626
P200_B35_L00_p0750_d30,d100,2.0,0.35,0.0,7.5,30.0,4.0,0.808,-40.0,0.0029258299618959427,0.049911126494407654
P200_B35_L00_p0750_d30,d100,2.0,0.35,0.0,7.5,30.0,4.0,0.808,20.0,0.002245175652205944,0.04990994930267334
P200_B35_L00_p0750_d30,d100,2.0,0.35,0.0,7.5,30.0,4.0,0.808,40.0,0.002934406977146864,0.049910031259059906
P200_B35_L00_p0750_d40,d00,2.0,0.35,0.0,7.5,40.0,5.333333333333333,0.808,0.0,0.002073494251817465,0.049920760095119476
P200_B35_L00_p0750_d40,d00,2.0,0.35,0.0,7.5,40.0,5.333333333333333,0.808,-20.0,0.0017156389076262712,0.04991691932082176
P200_B35_L00_p0750_d40,d00,2.0,0.35,0.0,7.5,40.0,5.333333333333333,0.808,-40.0,0.002412205096334219,0.05000355467200279
P200_B35_L00_p0750_d40,d00,2.0,0.35,0.0,7.5,40.0,5.333333333333333,0.808,20.0,0.0016794423572719097,0.04991715028882027
P200_B35_L00_p0750_d40,d00,2.0,0.35,0.0,7.5,40.0,5.333333333333333,0.808,40.0,0.00237847282551229,0.050001051276922226
P200_B35_L00_p0750_d40,d76,2.0,0.35,0.0,7.5,40.0,5.333333333333333,0.808,0.0,0.0014366756659001112,0.049918100237846375
P200_B35_L00_p0750_d40,d76,2.0,0.35,0.0,7.5,40.0,5.333333333333333,0.808,-20.0,0.0016802239697426558,0.049913447350263596
P200_B35_L00_p0750_d40,d76,2.0,0.35,0.0,7.5,40.0,5.333333333333333,0.808,-40.0,0.002402625745162368,0.04993201047182083
P200_B35_L00_p0750_d40,d76,2.0,0.35,0.0,7.5,40.0,5.333333333333333,0.808,20.0,0.0016454844735562801,0.04991370439529419
P200_B35_L00_p0750_d40,d76,2.0,0.35,0.0,7.5,40.0,5.333333333333333,0.808,40.0,0.0023566391319036484,0.049932122230529785
P200_B35_L00_p0750_d40,d100,2.0,0.35,0.0,7.5,40.0,5.333333333333333,0.808,0.0,0.0013808602234348655,0.049917060881853104
P200_B35_L00_p0750_d40,d100,2.0,0.35,0.0,7.5,40.0,5.333333333333333,0.808,-20.0,0.00182175578083843,0.049912191927433014
P200_B35_L00_p0750_d40,d100,2.0,0.35,0.0,7.5,40.0,5.333333333333333,0.808,-40.0,0.002576597733423114,0.04991054907441139
P200_B35_L00_p0750_d40,d100,2.0,0.35,0.0,7.5,40.0,5.333333333333333,0.808,20.0,0.0017801375361159444,0.049912773072719574
P200_B35_L00_p0750_d40,d100,2.0,0.35,0.0,7.5,40.0,5.333333333333333,0.808,40.0,0.0024993433617055416,0.04991024360060692
P200_B35_L00_p0750_d50,d00,2.0,0.35,0.0,7.5,50.0,6.666666666666667,0.808,0.0,0.0019311283249408007,0.049913421273231506
P200_B35_L00_p0750_d50,d00,2.0,0.35,0.0,7.5,50.0,6.666666666666667,0.808,-20.0,0.001551719382405281,0.04990344122052193
P200_B35_L00_p0750_d50,d00,2.0,0.35,0.0,7.5,50.0,6.666666666666667,0.808,-40.0,0.0023885176051408052,0.05000114068388939
P200_B35_L00_p0750_d50,d00,2.0,0.35,0.0,7.5,50.0,6.666666666666667,0.808,20.0,0.0015077388379722834,0.049903787672519684
P200_B35_L00_p0750_d50,d00,2.0,0.35,0.0,7.5,50.0,6.666666666666667,0.808,40.0,0.002393706701695919,0.05000196769833565
P200_B35_L00_p0750_d50,d76,2.0,0.35,0.0,7.5,50.0,6.666666666666667,0.808,0.0,0.0012742154067382216,0.04991026222705841
P200_B35_L00_p0750_d50,d76,2.0,0.35,0.0,7.5,50.0,6.666666666666667,0.808,-20.0,0.0015270676231011748,0.049898386001586914
P200_B35_L00_p0750_d50,d76,2.0,0.35,0.0,7.5,50.0,6.666666666666667,0.808,-40.0,0.0022656030487269163,0.04992646351456642
P200_B35_L00_p0750_d50,d76,2.0,0.35,0.0,7.5,50.0,6.666666666666667,0.808,20.0,0.0015081313904374838,0.049899809062480927
P200_B35_L00_p0750_d50,d76,2.0,0.35,0.0,7.5,50.0,6.666666666666667,0.808,40.0,0.0022417553700506687,0.04992539435625076
P200_B35_L00_p0750_d50,d100,2.0,0.35,0.0,7.5,50.0,6.666666666666667,0.808,0.0,0.0011817771010100842,0.04990965873003006
P200_B35_L00_p0750_d50,d100,2.0,0.35,0.0,7.5,50.0,6.666666666666667,0.808,-20.0,0.0016823485493659973,0.04989706352353096
P200_B35_L00_p0750_d50,d100,2.0,0.35,0.0,7.5,50.0,6.666666666666667,0.808,-40.0,0.002447405131533742,0.04990227520465851
P200_B35_L00_p0750_d50,d100,2.0,0.35,0.0,7.5,50.0,6.666666666666667,0.808,20.0,0.001653269398957491,0.04989847168326378
P200_B35_L00_p0750_d50,d100,2.0,0.35,0.0,7.5,50.0,6.666666666666667,0.808,40.0,0.0023767489474266768,0.049900926649570465
P200_B35_L00_p1100_d20,d00,2.0,0.35,0.0,11.0,20.0,1.8181818181818181,0.808,0.0,0.004537493456155062,0.04997323080897331
P200_B35_L00_p1100_d20,d00,2.0,0.35,0.0,11.0,20.0,1.8181818181818181,0.808,-20.0,0.006538142450153828,0.04997199401259422
P200_B35_L00_p1100_d20,d00,2.0,0.35,0.0,11.0,20.0,1.8181818181818181,0.808,-40.0,0.006436589173972607,0.04999908432364464
P200_B35_L00_p1100_d20,d00,2.0,0.35,0.0,11.0,20.0,1.8181818181818181,0.808,20.0,0.006456139963120222,0.049971260130405426
P200_B35_L00_p1100_d20,d00,2.0,0.35,0.0,11.0,20.0,1.8181818181818181,0.808,40.0,0.006225987337529659,0.05000055581331253
P200_B35_L00_p1100_d20,d76,2.0,0.35,0.0,11.0,20.0,1.8181818181818181,0.808,0.0,0.0036432864144444466,0.04997242987155914
P200_B35_L00_p1100_d20,d76,2.0,0.35,0.0,11.0,20.0,1.8181818181818181,0.808,-20.0,0.0038837059400975704,0.04997086524963379
P200_B35_L00_p1100_d20,d76,2.0,0.35,0.0,11.0,20.0,1.8181818181818181,0.808,-40.0,0.004228312987834215,0.049977052956819534
P200_B35_L00_p1100_d20,d76,2.0,0.35,0.0,11.0,20.0,1.8181818181818181,0.808,20.0,0.00388284120708704,0.04997016116976738
P200_B35_L00_p1100_d20,d76,2.0,0.35,0.0,11.0,20.0,1.8181818181818181,0.808,40.0,0.004211904015392065,0.04997754842042923
P200_B35_L00_p1100_d20,d100,2.0,0.35,0.0,11.0,20.0,1.8181818181818181,0.808,0.0,0.0038581183180212975,0.04997202381491661
P200_B35_L00_p1100_d20,d100,2.0,0.35,0.0,11.0,20.0,1.8181818181818181,0.808,-20.0,0.0037758497055619955,0.0499705970287323
P200_B35_L00_p1100_d20,d100,2.0,0.35,0.0,11.0,20.0,1.8181818181818181,0.808,-40.0,0.0041412231512367725,0.049970827996730804
P200_B35_L00_p1100_d20,d100,2.0,0.35,0.0,11.0,20.0,1.8181818181818181,0.808,20.0,0.0037474604323506355,0.049969933927059174
P200_B35_L00_p1100_d20,d100,2.0,0.35,0.0,11.0,20.0,1.8181818181818181,0.808,40.0,0.004188841674476862,0.04997030273079872
P200_B35_L00_p1100_d30,d00,2.0,0.35,0.0,11.0,30.0,2.727272727272727,0.808,0.0,0.0031198114156723022,0.04995158314704895
P200_B35_L00_p1100_d30,d00,2.0,0.35,0.0,11.0,30.0,2.727272727272727,0.808,-20.0,0.003281875979155302,0.04995293170213699
P200_B35_L00_p1100_d30,d00,2.0,0.35,0.0,11.0,30.0,2.727272727272727,0.808,-40.0,0.003727023722603917,0.04999834671616554
P200_B35_L00_p1100_d30,d00,2.0,0.35,0.0,11.0,30.0,2.727272727272727,0.808,20.0,0.0030850092880427837,0.04995374381542206
P200_B35_L00_p1100_d30,d00,2.0,0.35,0.0,11.0,30.0,2.727272727272727,0.808,40.0,0.003417888656258583,0.04999902844429016
P200_B35_L00_p1100_d30,d76,2.0,0.35,0.0,11.0,30.0,2.727272727272727,0.808,0.0,0.0026733751874417067,0.04995017871260643
P200_B35_L00_p1100_d30,d76,2.0,0.35,0.0,11.0,30.0,2.727272727272727,0.808,-20.0,0.002796070883050561,0.04995102435350418
P200_B35_L00_p1100_d30,d76,2.0,0.35,0.0,11.0,30.0,2.727272727272727,0.808,-40.0,0.003323509357869625,0.04995855689048767
P200_B35_L00_p1100_d30,d76,2.0,0.35,0.0,11.0,30.0,2.727272727272727,0.808,20.0,0.0026434939354658127,0.04995204880833626
P200_B35_L00_p1100_d30,d76,2.0,0.35,0.0,11.0,30.0,2.727272727272727,0.808,40.0,0.0032004262320697308,0.049958448857069016
P200_B35_L00_p1100_d30,d100,2.0,0.35,0.0,11.0,30.0,2.727272727272727,0.808,0.0,0.0028265113942325115,0.049949418753385544
P200_B35_L00_p1100_d30,d100,2.0,0.35,0.0,11.0,30.0,2.727272727272727,0.808,-20.0,0.0029501148965209723,0.0499502569437027
P200_B35_L00_p1100_d30,d100,2.0,0.35,0.0,11.0,30.0,2.727272727272727,0.808,-40.0,0.003521433100104332,0.049945686012506485
P200_B35_L00_p1100_d30,d100,2.0,0.35,0.0,11.0,30.0,2.727272727272727,0.808,20.0,0.002777764108031988,0.049951501190662384
P200_B35_L00_p1100_d30,d100,2.0,0.35,0.0,11.0,30.0,2.727272727272727,0.808,40.0,0.0034212530590593815,0.04994557797908783
P200_B35_L00_p1100_d40,d00,2.0,0.35,0.0,11.0,40.0,3.6363636363636362,0.808,0.0,0.0026240407023578882,0.049958735704422
P200_B35_L00_p1100_d40,d00,2.0,0.35,0.0,11.0,40.0,3.6363636363636362,0.808,-20.0,0.0022432408295571804,0.049956776201725006
P200_B35_L00_p1100_d40,d00,2.0,0.35,0.0,11.0,40.0,3.6363636363636362,0.808,-40.0,0.0027148777153342962,0.04999711364507675
P200_B35_L00_p1100_d40,d00,2.0,0.35,0.0,11.0,40.0,3.6363636363636362,0.808,20.0,0.0023736287839710712,0.04995578154921532
P200_B35_L00_p1100_d40,d00,2.0,0.35,0.0,11.0,40.0,3.6363636363636362,0.808,40.0,0.0027466812171041965,0.04999686777591705
P200_B35_L00_p1100_d40,d76,2.0,0.35,0.0,11.0,40.0,3.6363636363636362,0.808,0.0,0.002217214787378907,0.049957070499658585
P200_B35_L00_p1100_d40,d76,2.0,0.35,0.0,11.0,40.0,3.6363636363636362,0.808,-20.0,0.0022154494654387236,0.049954574555158615
P200_B35_L00_p1100_d40,d76,2.0,0.35,0.0,11.0,40.0,3.6363636363636362,0.808,-40.0,0.0028288434259593487,0.04996415600180626
P200_B35_L00_p1100_d40,d76,2.0,0.35,0.0,11.0,40.0,3.6363636363636362,0.808,20.0,0.002284840913489461,0.0499541275203228
P200_B35_L00_p1100_d40,d76,2.0,0.35,0.0,11.0,40.0,3.6363636363636362,0.808,40.0,0.0029237898997962475,0.04996281862258911
P200_B35_L00_p1100_d40,d100,2.0,0.35,0.0,11.0,40.0,3.6363636363636362,0.808,0.0,0.0022672468330711126,0.0499565452337265
P200_B35_L00_p1100_d40,d100,2.0,0.35,0.0,11.0,40.0,3.6363636363636362,0.808,-20.0,0.002393990056589246,0.049954235553741455
P200_B35_L00_p1100_d40,d100,2.0,0.35,0.0,11.0,40.0,3.6363636363636362,0.808,-40.0,0.0031077670864760876,0.049954067915678024
P200_B35_L00_p1100_d40,d100,2.0,0.35,0.0,11.0,40.0,3.6363636363636362,0.808,20.0,0.0024639738257974386,0.04995374009013176
P200_B35_L00_p1100_d40,d100,2.0,0.35,0.0,11.0,40.0,3.6363636363636362,0.808,40.0,0.0031726735178381205,0.04995276406407356
P200_B35_L00_p1100_d50,d00,2.0,0.35,0.0,11.0,50.0,4.545454545454546,0.808,0.0,0.0022512925788760185,0.04996170848608017
P200_B35_L00_p1100_d50,d00,2.0,0.35,0.0,11.0,50.0,4.545454545454546,0.808,-20.0,0.001825304119847715,0.049955762922763824
P200_B35_L00_p1100_d50,d00,2.0,0.35,0.0,11.0,50.0,4.545454545454546,0.808,-40.0,0.002465312834829092,0.050000373274087906
P200_B35_L00_p1100_d50,d00,2.0,0.35,0.0,11.0,50.0,4.545454545454546,0.808,20.0,0.0018208337714895606,0.04995677247643471
P200_B35_L00_p1100_d50,d00,2.0,0.35,0.0,11.0,50.0,4.545454545454546,0.808,40.0,0.0025495956651866436,0.0500018410384655
P200_B35_L00_p1100_d50,d76,2.0,0.35,0.0,11.0,50.0,4.545454545454546,0.808,0.0,0.0017311566043645144,0.0499601736664772
P200_B35_L00_p1100_d50,d76,2.0,0.35,0.0,11.0,50.0,4.545454545454546,0.808,-20.0,0.001813415321521461,0.049953579902648926
P200_B35_L00_p1100_d50,d76,2.0,0.35,0.0,11.0,50.0,4.545454545454546,0.808,-40.0,0.0025219544768333435,0.049965750426054
P200_B35_L00_p1100_d50,d76,2.0,0.35,0.0,11.0,50.0,4.545454545454546,0.808,20.0,0.0017939917743206024,0.04995536431670189
P200_B35_L00_p1100_d50,d76,2.0,0.35,0.0,11.0,50.0,4.545454545454546,0.808,40.0,0.0025740526616573334,0.04996633902192116
P200_B35_L00_p1100_d50,d100,2.0,0.35,0.0,11.0,50.0,4.545454545454546,0.808,0.0,0.0017447416903451085,0.04995984584093094
P200_B35_L00_p1100_d50,d100,2.0,0.35,0.0,11.0,50.0,4.545454545454546,0.808,-20.0,0.001982151297852397,0.04995303228497505
P200_B35_L00_p1100_d50,d100,2.0,0.35,0.0,11.0,50.0,4.545454545454546,0.808,-40.0,0.002725161612033844,0.04995547607541084
P200_B35_L00_p1100_d50,d100,2.0,0.35,0.0,11.0,50.0,4.545454545454546,0.808,20.0,0.0019788595382124186,0.04995489865541458
P200_B35_L00_p1100_d50,d100,2.0,0.35,0.0,11.0,50.0,4.545454545454546,0.808,40.0,0.0027731636073440313,0.04995489865541458
P200_B35_L35_p0375_d20,d00,2.0,0.35,0.35,3.75,20.0,5.333333333333333,0.808,0.0,0.003517078934237361,0.049788638949394226
P200_B35_L35_p0375_d20,d00,2.0,0.35,0.35,3.75,20.0,5.333333333333333,0.808,-20.0,0.004706117324531078,0.0497855506837368
P200_B35_L35_p0375_d20,d00,2.0,0.35,0.35,3.75,20.0,5.333333333333333,0.808,-40.0,0.0052571604028344154,0.049996472895145416
P200_B35_L35_p0375_d20,d00,2.0,0.35,0.35,3.75,20.0,5.333333333333333,0.808,20.0,0.004733998794108629,0.04979229345917702
P200_B35_L35_p0375_d20,d00,2.0,0.35,0.35,3.75,20.0,5.333333333333333,0.808,40.0,0.005264793056994677,0.049994420260190964
P200_B35_L35_p0375_d20,d76,2.0,0.35,0.35,3.75,20.0,5.333333333333333,0.808,0.0,0.003109126351773739,0.04978053271770477
P200_B35_L35_p0375_d20,d76,2.0,0.35,0.35,3.75,20.0,5.333333333333333,0.808,-20.0,0.0033297683112323284,0.04977821931242943
P200_B35_L35_p0375_d20,d76,2.0,0.35,0.35,3.75,20.0,5.333333333333333,0.808,-40.0,0.0038312796968966722,0.04982839524745941
P200_B35_L35_p0375_d20,d76,2.0,0.35,0.35,3.75,20.0,5.333333333333333,0.808,20.0,0.003379056928679347,0.04978344589471817
P200_B35_L35_p0375_d20,d76,2.0,0.35,0.35,3.75,20.0,5.333333333333333,0.808,40.0,0.003846744541078806,0.049824777990579605
P200_B35_L35_p0375_d20,d100,2.0,0.35,0.35,3.75,20.0,5.333333333333333,0.808,0.0,0.0033644114155322313,0.04977875575423241
P200_B35_L35_p0375_d20,d100,2.0,0.35,0.35,3.75,20.0,5.333333333333333,0.808,-20.0,0.0034463272895663977,0.04977540299296379
P200_B35_L35_p0375_d20,d100,2.0,0.35,0.35,3.75,20.0,5.333333333333333,0.808,-40.0,0.0039317188784480095,0.04977527633309364
P200_B35_L35_p0375_d20,d100,2.0,0.35,0.35,3.75,20.0,5.333333333333333,0.808,20.0,0.003456269856542349,0.04978000000119209
P200_B35_L35_p0375_d20,d100,2.0,0.35,0.35,3.75,20.0,5.333333333333333,0.808,40.0,0.003928723279386759,0.04976945370435715
P200_B35_L35_p0375_d30,d00,2.0,0.35,0.35,3.75,30.0,8.0,0.808,0.0,0.002478616777807474,0.04965703934431076
P200_B35_L35_p0375_d30,d00,2.0,0.35,0.35,3.75,30.0,8.0,0.808,-20.0,0.002455090405419469,0.049644626677036285
P200_B35_L35_p0375_d30,d00,2.0,0.35,0.35,3.75,30.0,8.0,0.808,-40.0,0.0032201234716922045,0.049994196742773056
P200_B35_L35_p0375_d30,d00,2.0,0.35,0.35,3.75,30.0,8.0,0.808,20.0,0.002494047163054347,0.04963763803243637
P200_B35_L35_p0375_d30,d00,2.0,0.35,0.35,3.75,30.0,8.0,0.808,40.0,0.003278489690274,0.04998940974473953
P200_B35_L35_p0375_d30,d76,2.0,0.35,0.35,3.75,30.0,8.0,0.808,0.0,0.0022095213644206524,0.04964536800980568
P200_B35_L35_p0375_d30,d76,2.0,0.35,0.35,3.75,30.0,8.0,0.808,-20.0,0.0023615313693881035,0.049630049616098404
P200_B35_L35_p0375_d30,d76,2.0,0.35,0.35,3.75,30.0,8.0,0.808,-40.0,0.0030319697689265013,0.04970915988087654
P200_B35_L35_p0375_d30,d76,2.0,0.35,0.35,3.75,30.0,8.0,0.808,20.0,0.00240098568610847,0.049621712416410446
P200_B35_L35_p0375_d30,d76,2.0,0.35,0.35,3.75,30.0,8.0,0.808,40.0,0.003048929153010249,0.04971348121762276
P200_B35_L35_p0375_d30,d100,2.0,0.35,0.35,3.75,30.0,8.0,0.808,0.0,0.0023542919661849737,0.049641165882349014
P200_B35_L35_p0375_d30,d100,2.0,0.35,0.35,3.75,30.0,8.0,0.808,-20.0,0.0025504911318421364,0.049625687301158905
P200_B35_L35_p0375_d30,d100,2.0,0.35,0.35,3.75,30.0,8.0,0.808,-40.0,0.0031972818542271852,0.04962199926376343
P200_B35_L35_p0375_d30,d100,2.0,0.35,0.35,3.75,30.0,8.0,0.808,20.0,0.00257849576883018,0.049616239964962006
P200_B35_L35_p0375_d30,d100,2.0,0.35,0.35,3.75,30.0,8.0,0.808,40.0,0.0032190289348363876,0.049625858664512634
P200_B35_L35_p0375_d40,d00,2.0,0.35,0.35,3.75,40.0,10.666666666666666,0.808,0.0,0.002210442442446947,0.049661584198474884
P200_B35_L35_p0375_d40,d00,2.0,0.35,0.35,3.75,40.0,10.666666666666666,0.808,-20.0,0.001984789501875639,0.04964746534824371
P200_B35_L35_p0375_d40,d00,2.0,0.35,0.35,3.75,40.0,10.666666666666666,0.808,-40.0,0.0029989636968821287,0.04998941719532013
P200_B35_L35_p0375_d40,d00,2.0,0.35,0.35,3.75,40.0,10.666666666666666,0.808,20.0,0.001960821682587266,0.049648672342300415
P200_B35_L35_p0375_d40,d00,2.0,0.35,0.35,3.75,40.0,10.666666666666666,0.808,40.0,0.0030148334335535765,0.0499979592859745
P200_B35_L35_p0375_d40,d76,2.0,0.35,0.35,3.75,40.0,10.666666666666666,0.808,0.0,0.001780421705916524,0.04964957386255264
P200_B35_L35_p0375_d40,d76,2.0,0.35,0.35,3.75,40.0,10.666666666666666,0.808,-20.0,0.001960904337465763,0.04963279142975807
P200_B35_L35_p0375_d40,d76,2.0,0.35,0.35,3.75,40.0,10.666666666666666,0.808,-40.0,0.0026637313421815634,0.049723997712135315
P200_B35_L35_p0375_d40,d76,2.0,0.35,0.35,3.75,40.0,10.666666666666666,0.808,20.0,0.0019399671582505107,0.049633294343948364
P200_B35_L35_p0375_d40,d76,2.0,0.35,0.35,3.75,40.0,10.666666666666666,0.808,40.0,0.002669069916009903,0.0497235506772995
P200_B35_L35_p0375_d40,d100,2.0,0.35,0.35,3.75,40.0,10.666666666666666,0.808,0.0,0.0017970644403249025,0.04964625835418701
P200_B35_L35_p0375_d40,d100,2.0,0.35,0.35,3.75,40.0,10.666666666666666,0.808,-20.0,0.0021262101363390684,0.04962792992591858
P200_B35_L35_p0375_d40,d100,2.0,0.35,0.35,3.75,40.0,10.666666666666666,0.808,-40.0,0.0027755694463849068,0.049638908356428146
P200_B35_L35_p0375_d40,d100,2.0,0.35,0.35,3.75,40.0,10.666666666666666,0.808,20.0,0.002122338628396392,0.04962833598256111
P200_B35_L35_p0375_d40,d100,2.0,0.35,0.35,3.75,40.0,10.666666666666666,0.808,40.0,0.0027560486923903227,0.049638085067272186
P200_B35_L35_p0375_d50,d00,2.0,0.35,0.35,3.75,50.0,13.333333333333334,0.808,0.0,0.0021089736837893724,0.049659084528684616
P200_B35_L35_p0375_d50,d00,2.0,0.35,0.35,3.75,50.0,13.333333333333334,0.808,-20.0,0.0018097063293680549,0.049640871584415436
P200_B35_L35_p0375_d50,d00,2.0,0.35,0.35,3.75,50.0,13.333333333333334,0.808,-40.0,0.002806175732985139,0.0499839223921299
P200_B35_L35_p0375_d50,d00,2.0,0.35,0.35,3.75,50.0,13.333333333333334,0.808,20.0,0.0017014725599437952,0.049639612436294556
P200_B35_L35_p0375_d50,d00,2.0,0.35,0.35,3.75,50.0,13.333333333333334,0.808,40.0,0.0027569488156586885,0.04998113587498665
P200_B35_L35_p0375_d50,d76,2.0,0.35,0.35,3.75,50.0,13.333333333333334,0.808,0.0,0.00153981929179281,0.04964696988463402
P200_B35_L35_p0375_d50,d76,2.0,0.35,0.35,3.75,50.0,13.333333333333334,0.808,-20.0,0.0017912498442456126,0.0496254563331604
P200_B35_L35_p0375_d50,d76,2.0,0.35,0.35,3.75,50.0,13.333333333333334,0.808,-40.0,0.0024858342949301004,0.04971372336149216
P200_B35_L35_p0375_d50,d76,2.0,0.35,0.35,3.75,50.0,13.333333333333334,0.808,20.0,0.0017342614009976387,0.04962662234902382
P200_B35_L35_p0375_d50,d76,2.0,0.35,0.35,3.75,50.0,13.333333333333334,0.808,40.0,0.002490825019776821,0.04970945417881012
P200_B35_L35_p0375_d50,d100,2.0,0.35,0.35,3.75,50.0,13.333333333333334,0.808,0.0,0.001474700402468443,0.04964382201433182
P200_B35_L35_p0375_d50,d100,2.0,0.35,0.35,3.75,50.0,13.333333333333334,0.808,-20.0,0.0019068334950134158,0.04962059482932091
P200_B35_L35_p0375_d50,d100,2.0,0.35,0.35,3.75,50.0,13.333333333333334,0.808,-40.0,0.002572789555415511,0.04963017255067825
P200_B35_L35_p0375_d50,d100,2.0,0.35,0.35,3.75,50.0,13.333333333333334,0.808,20.0,0.0018731227610260248,0.049621500074863434
P200_B35_L35_p0375_d50,d100,2.0,0.35,0.35,3.75,50.0,13.333333333333334,0.808,40.0,0.002542757196351886,0.04962491616606712
P200_B35_L35_p0550_d20,d00,2.0,0.35,0.35,5.5,20.0,3.6363636363636362,0.808,0.0,0.009311501868069172,0.04989221319556236
P200_B35_L35_p0550_d20,d00,2.0,0.35,0.35,5.5,20.0,3.6363636363636362,0.808,-20.0,0.010995328426361084,0.0498824417591095
P200_B35_L35_p0550_d20,d00,2.0,0.35,0.35,5.5,20.0,3.6363636363636362,0.808,-40.0,0.012968987226486206,0.04999833554029465
P200_B35_L35_p0550_d20,d00,2.0,0.35,0.35,5.5,20.0,3.6363636363636362,0.808,20.0,0.010853572748601437,0.04988256096839905
P200_B35_L35_p0550_d20,d00,2.0,0.35,0.35,5.5,20.0,3.6363636363636362,0.808,40.0,0.01284044235944748,0.04999350383877754
P200_B35_L35_p0550_d20,d76,2.0,0.35,0.35,5.5,20.0,3.6363636363636362,0.808,0.0,0.004540729336440563,0.04988706111907959
P200_B35_L35_p0550_d20,d76,2.0,0.35,0.35,5.5,20.0,3.6363636363636362,0.808,-20.0,0.004814621061086655,0.04987775906920433
P200_B35_L35_p0550_d20,d76,2.0,0.35,0.35,5.5,20.0,3.6363636363636362,0.808,-40.0,0.005595092661678791,0.04989928379654884
P200_B35_L35_p0550_d20,d76,2.0,0.35,0.35,5.5,20.0,3.6363636363636362,0.808,20.0,0.004798081703484058,0.04987838491797447
P200_B35_L35_p0550_d20,d76,2.0,0.35,0.35,5.5,20.0,3.6363636363636362,0.808,40.0,0.0055228304117918015,0.04989779368042946
P200_B35_L35_p0550_d20,d100,2.0,0.35,0.35,5.5,20.0,3.6363636363636362,0.808,0.0,0.004397671669721603,0.04988601803779602
P200_B35_L35_p0550_d20,d100,2.0,0.35,0.35,5.5,20.0,3.6363636363636362,0.808,-20.0,0.004471956752240658,0.049876682460308075
P200_B35_L35_p0550_d20,d100,2.0,0.35,0.35,5.5,20.0,3.6363636363636362,0.808,-40.0,0.004745605867356062,0.049867719411849976
P200_B35_L35_p0550_d20,d100,2.0,0.35,0.35,5.5,20.0,3.6363636363636362,0.808,20.0,0.004422921687364578,0.049876969307661057
P200_B35_L35_p0550_d20,d100,2.0,0.35,0.35,5.5,20.0,3.6363636363636362,0.808,40.0,0.004678145982325077,0.04986818879842758
P200_B35_L35_p0550_d30,d00,2.0,0.35,0.35,5.5,30.0,5.454545454545454,0.808,0.0,0.003375228028744459,0.04982981085777283
P200_B35_L35_p0550_d30,d00,2.0,0.35,0.35,5.5,30.0,5.454545454545454,0.808,-20.0,0.004729514010250568,0.04981853440403938
P200_B35_L35_p0550_d30,d00,2.0,0.35,0.35,5.5,30.0,5.454545454545454,0.808,-40.0,0.004941150546073914,0.04999711364507675
P200_B35_L35_p0550_d30,d00,2.0,0.35,0.35,5.5,30.0,5.454545454545454,0.808,20.0,0.004625639412552118,0.049821220338344574
P200_B35_L35_p0550_d30,d00,2.0,0.35,0.35,5.5,30.0,5.454545454545454,0.808,40.0,0.004739671945571899,0.04999316856265068
P200_B35_L35_p0550_d30,d76,2.0,0.35,0.35,5.5,30.0,5.454545454545454,0.808,0.0,0.003016824135556817,0.04982448369264603
P200_B35_L35_p0550_d30,d76,2.0,0.35,0.35,5.5,30.0,5.454545454545454,0.808,-20.0,0.0032829702831804752,0.04981120675802231
P200_B35_L35_p0550_d30,d76,2.0,0.35,0.35,5.5,30.0,5.454545454545454,0.808,-40.0,0.003728997427970171,0.04984921216964722
P200_B35_L35_p0550_d30,d76,2.0,0.35,0.35,5.5,30.0,5.454545454545454,0.808,20.0,0.003239869140088558,0.049813222140073776
P200_B35_L35_p0550_d30,d76,2.0,0.35,0.35,5.5,30.0,5.454545454545454,0.808,40.0,0.003674272680655122,0.04984818398952484
P200_B35_L35_p0550_d30,d100,2.0,0.35,0.35,5.5,30.0,5.454545454545454,0.808,0.0,0.0032378786709159613,0.0498228557407856
P200_B35_L35_p0550_d30,d100,2.0,0.35,0.35,5.5,30.0,5.454545454545454,0.808,-20.0,0.003371593076735735,0.049808163195848465
P200_B35_L35_p0550_d30,d100,2.0,0.35,0.35,5.5,30.0,5.454545454545454,0.808,-40.0,0.003886341815814376,0.049803342670202255
P200_B35_L35_p0550_d30,d100,2.0,0.35,0.35,5.5,30.0,5.454545454545454,0.808,20.0,0.0033283524680882692,0.049810778349637985
P200_B35_L35_p0550_d30,d100,2.0,0.35,0.35,5.5,30.0,5.454545454545454,0.808,40.0,0.003878009971231222,0.04980422183871269
P200_B35_L35_p0550_d40,d00,2.0,0.35,0.35,5.5,40.0,7.2727272727272725,0.808,0.0,0.002540453802794218,0.049827709794044495
P200_B35_L35_p0550_d40,d00,2.0,0.35,0.35,5.5,40.0,7.2727272727272725,0.808,-20.0,0.002905430970713496,0.04981765151023865
P200_B35_L35_p0550_d40,d00,2.0,0.35,0.35,5.5,40.0,7.2727272727272725,0.808,-40.0,0.003550096647813916,0.049992792308330536
P200_B35_L35_p0550_d40,d00,2.0,0.35,0.35,5.5,40.0,7.2727272727272725,0.808,20.0,0.002745525911450386,0.04981846362352371
P200_B35_L35_p0550_d40,d00,2.0,0.35,0.35,5.5,40.0,7.2727272727272725,0.808,40.0,0.0034330026246607304,0.05000147596001625
P200_B35_L35_p0550_d40,d76,2.0,0.35,0.35,5.5,40.0,7.2727272727272725,0.808,0.0,0.002412383211776614,0.0498211570084095
P200_B35_L35_p0550_d40,d76,2.0,0.35,0.35,5.5,40.0,7.2727272727272725,0.808,-20.0,0.00260611018165946,0.049810294061899185
P200_B35_L35_p0550_d40,d76,2.0,0.35,0.35,5.5,40.0,7.2727272727272725,0.808,-40.0,0.003155755577608943,0.04984649643301964
P200_B35_L35_p0550_d40,d76,2.0,0.35,0.35,5.5,40.0,7.2727272727272725,0.808,20.0,0.0025214168708771467,0.04981086403131485
P200_B35_L35_p0550_d40,d76,2.0,0.35,0.35,5.5,40.0,7.2727272727272725,0.808,40.0,0.0031373861711472273,0.04984549060463905
P200_B35_L35_p0550_d40,d100,2.0,0.35,0.35,5.5,40.0,7.2727272727272725,0.808,0.0,0.0025753916706889868,0.04981914907693863
P200_B35_L35_p0550_d40,d100,2.0,0.35,0.35,5.5,40.0,7.2727272727272725,0.808,-20.0,0.002792228711768985,0.049807872623205185
P200_B35_L35_p0550_d40,d100,2.0,0.35,0.35,5.5,40.0,7.2727272727272725,0.808,-40.0,0.0033427926246076822,0.04980047047138214
P200_B35_L35_p0550_d40,d100,2.0,0.35,0.35,5.5,40.0,7.2727272727272725,0.808,20.0,0.0026999246329069138,0.049808453768491745
P200_B35_L35_p0550_d40,d100,2.0,0.35,0.35,5.5,40.0,7.2727272727272725,0.808,40.0,0.003351217834278941,0.04979671910405159
P200_B35_L35_p0550_d50,d00,2.0,0.35,0.35,5.5,50.0,9.090909090909092,0.808,0.0,0.0023233818355947733,0.04982689023017883
P200_B35_L35_p0550_d50,d00,2.0,0.35,0.35,5.5,50.0,9.090909090909092,0.808,-20.0,0.002274933038279414,0.04982153698801994
P200_B35_L35_p0550_d50,d00,2.0,0.35,0.35,5.5,50.0,9.090909090909092,0.808,-40.0,0.0028619514778256416,0.05000384896993637
P200_B35_L35_p0550_d50,d00,2.0,0.35,0.35,5.5,50.0,9.090909090909092,0.808,20.0,0.0021895503159612417,0.04982229694724083
P200_B35_L35_p0550_d50,d00,2.0,0.35,0.35,5.5,50.0,9.090909090909092,0.808,40.0,0.0028328909538686275,0.04999883845448494
P200_B35_L35_p0550_d50,d76,2.0,0.35,0.35,5.5,50.0,9.090909090909092,0.808,0.0,0.0020226892083883286,0.04982086643576622
P200_B35_L35_p0550_d50,d76,2.0,0.35,0.35,5.5,50.0,9.090909090909092,0.808,-20.0,0.0021894967649132013,0.049813881516456604
P200_B35_L35_p0550_d50,d76,2.0,0.35,0.35,5.5,50.0,9.090909090909092,0.808,-40.0,0.0028077817987650633,0.04984856769442558
P200_B35_L35_p0550_d50,d76,2.0,0.35,0.35,5.5,50.0,9.090909090909092,0.808,20.0,0.0021689273416996002,0.04981407895684242
P200_B35_L35_p0550_d50,d76,2.0,0.35,0.35,5.5,50.0,9.090909090909092,0.808,40.0,0.0027527213096618652,0.04984789714217186
P200_B35_L35_p0550_d50,d100,2.0,0.35,0.35,5.5,50.0,9.090909090909092,0.808,0.0,0.0020987766329199076,0.0498192273080349
P200_B35_L35_p0550_d50,d100,2.0,0.35,0.35,5.5,50.0,9.090909090909092,0.808,-20.0,0.0023709384258836508,0.04981181025505066
P200_B35_L35_p0550_d50,d100,2.0,0.35,0.35,5.5,50.0,9.090909090909092,0.808,-40.0,0.0030276335310190916,0.04979895427823067
P200_B35_L35_p0550_d50,d100,2.0,0.35,0.35,5.5,50.0,9.090909090909092,0.808,20.0,0.0023425996769219637,0.049812186509370804
P200_B35_L35_p0550_d50,d100,2.0,0.35,0.35,5.5,50.0,9.090909090909092,0.808,40.0,0.0029433451127260923,0.04980168119072914
P200_B35_L35_p0750_d20,d00,2.0,0.35,0.35,7.5,20.0,2.6666666666666665,0.808,0.0,0.03501051664352417,0.04994813725352287
P200_B35_L35_p0750_d20,d00,2.0,0.35,0.35,7.5,20.0,2.6666666666666665,0.808,-20.0,0.02274871990084648,0.04994496330618858
P200_B35_L35_p0750_d20,d00,2.0,0.35,0.35,7.5,20.0,2.6666666666666665,0.808,-40.0,0.025764886289834976,0.04999978467822075
P200_B35_L35_p0750_d20,d00,2.0,0.35,0.35,7.5,20.0,2.6666666666666665,0.808,20.0,0.022926868870854378,0.049945227801799774
P200_B35_L35_p0750_d20,d00,2.0,0.35,0.35,7.5,20.0,2.6666666666666665,0.808,40.0,0.026499805971980095,0.049998655915260315
P200_B35_L35_p0750_d20,d76,2.0,0.35,0.35,7.5,20.0,2.6666666666666665,0.808,0.0,0.00883008074015379,0.04994647204875946
P200_B35_L35_p0750_d20,d76,2.0,0.35,0.35,7.5,20.0,2.6666666666666665,0.808,-20.0,0.007523402106016874,0.049942582845687866
P200_B35_L35_p0750_d20,d76,2.0,0.35,0.35,7.5,20.0,2.6666666666666665,0.808,-40.0,0.008793753571808338,0.049957387149333954
P200_B35_L35_p0750_d20,d76,2.0,0.35,0.35,7.5,20.0,2.6666666666666665,0.808,20.0,0.00753999687731266,0.049942497164011
P200_B35_L35_p0750_d20,d76,2.0,0.35,0.35,7.5,20.0,2.6666666666666665,0.808,40.0,0.008874134160578251,0.049958422780036926
P200_B35_L35_p0750_d20,d100,2.0,0.35,0.35,7.5,20.0,2.6666666666666665,0.808,0.0,0.005516987759619951,0.049945998936891556
P200_B35_L35_p0750_d20,d100,2.0,0.35,0.35,7.5,20.0,2.6666666666666665,0.808,-20.0,0.005597869399935007,0.04994192719459534
P200_B35_L35_p0750_d20,d100,2.0,0.35,0.35,7.5,20.0,2.6666666666666665,0.808,-40.0,0.00567335681989789,0.04994293302297592
P200_B35_L35_p0750_d20,d100,2.0,0.35,0.35,7.5,20.0,2.6666666666666665,0.808,20.0,0.0055865878239274025,0.049941807985305786
P200_B35_L35_p0750_d20,d100,2.0,0.35,0.35,7.5,20.0,2.6666666666666665,0.808,40.0,0.0056088147684931755,0.04994485154747963
P200_B35_L35_p0750_d30,d00,2.0,0.35,0.35,7.5,30.0,4.0,0.808,0.0,0.007285259664058685,0.049906641244888306
P200_B35_L35_p0750_d30,d00,2.0,0.35,0.35,7.5,30.0,4.0,0.808,-20.0,0.009637046605348587,0.049890611320734024
P200_B35_L35_p0750_d30,d00,2.0,0.35,0.35,7.5,30.0,4.0,0.808,-40.0,0.0118235033005476,0.04999559372663498
P200_B35_L35_p0750_d30,d00,2.0,0.35,0.35,7.5,30.0,4.0,0.808,20.0,0.010195204988121986,0.049888692796230316
P200_B35_L35_p0750_d30,d00,2.0,0.35,0.35,7.5,30.0,4.0,0.808,40.0,0.012165531516075134,0.04999806731939316
P200_B35_L35_p0750_d30,d76,2.0,0.35,0.35,7.5,30.0,4.0,0.808,0.0,0.004118739627301693,0.04990318417549133
P200_B35_L35_p0750_d30,d76,2.0,0.35,0.35,7.5,30.0,4.0,0.808,-20.0,0.004475104622542858,0.04988578334450722
P200_B35_L35_p0750_d30,d76,2.0,0.35,0.35,7.5,30.0,4.0,0.808,-40.0,0.0052671791054308414,0.049915965646505356
P200_B35_L35_p0750_d30,d76,2.0,0.35,0.35,7.5,30.0,4.0,0.808,20.0,0.004704328719526529,0.04988338053226471
P200_B35_L35_p0750_d30,d76,2.0,0.35,0.35,7.5,30.0,4.0,0.808,40.0,0.00535676721483469,0.049918100237846375
P200_B35_L35_p0750_d30,d100,2.0,0.35,0.35,7.5,30.0,4.0,0.808,0.0,0.004162541124969721,0.04990241676568985
P200_B35_L35_p0750_d30,d100,2.0,0.35,0.35,7.5,30.0,4.0,0.808,-20.0,0.004214615561068058,0.049884259700775146
P200_B35_L35_p0750_d30,d100,2.0,0.35,0.35,7.5,30.0,4.0,0.808,-40.0,0.004558800254017115,0.04989061877131462
P200_B35_L35_p0750_d30,d100,2.0,0.35,0.35,7.5,30.0,4.0,0.808,20.0,0.00441884808242321,0.04988206923007965
P200_B35_L35_p0750_d30,d100,2.0,0.35,0.35,7.5,30.0,4.0,0.808,40.0,0.004640360828489065,0.04989166557788849
P200_B35_L35_p0750_d40,d00,2.0,0.35,0.35,7.5,40.0,5.333333333333333,0.808,0.0,0.0033250749111175537,0.04990154504776001
P200_B35_L35_p0750_d40,d00,2.0,0.35,0.35,7.5,40.0,5.333333333333333,0.808,-20.0,0.004897915758192539,0.04989700764417648
P200_B35_L35_p0750_d40,d00,2.0,0.35,0.35,7.5,40.0,5.333333333333333,0.808,-40.0,0.00494468305259943,0.05000048130750656
P200_B35_L35_p0750_d40,d00,2.0,0.35,0.35,7.5,40.0,5.333333333333333,0.808,20.0,0.004800137598067522,0.04989225044846535
P200_B35_L35_p0750_d40,d00,2.0,0.35,0.35,7.5,40.0,5.333333333333333,0.808,40.0,0.004817264154553413,0.049999743700027466
P200_B35_L35_p0750_d40,d76,2.0,0.35,0.35,7.5,40.0,5.333333333333333,0.808,0.0,0.002921822713688016,0.04989789053797722
P200_B35_L35_p0750_d40,d76,2.0,0.35,0.35,7.5,40.0,5.333333333333333,0.808,-20.0,0.003287042025476694,0.04989280924201012
P200_B35_L35_p0750_d40,d76,2.0,0.35,0.35,7.5,40.0,5.333333333333333,0.808,-40.0,0.003685279283672571,0.04991207271814346
P200_B35_L35_p0750_d40,d76,2.0,0.35,0.35,7.5,40.0,5.333333333333333,0.808,20.0,0.0031998218037188053,0.049887269735336304
P200_B35_L35_p0750_d40,d76,2.0,0.35,0.35,7.5,40.0,5.333333333333333,0.808,40.0,0.0036406025756150484,0.04991469532251358
P200_B35_L35_p0750_d40,d100,2.0,0.35,0.35,7.5,40.0,5.333333333333333,0.808,0.0,0.0031530011910945177,0.04989692196249962
P200_B35_L35_p0750_d40,d100,2.0,0.35,0.35,7.5,40.0,5.333333333333333,0.808,-20.0,0.003359260968863964,0.04989089444279671
P200_B35_L35_p0750_d40,d100,2.0,0.35,0.35,7.5,40.0,5.333333333333333,0.808,-40.0,0.003874882822856307,0.04988447576761246
P200_B35_L35_p0750_d40,d100,2.0,0.35,0.35,7.5,40.0,5.333333333333333,0.808,20.0,0.003291209228336811,0.049885716289281845
P200_B35_L35_p0750_d40,d100,2.0,0.35,0.35,7.5,40.0,5.333333333333333,0.808,40.0,0.003817149205133319,0.04988853633403778
P200_B35_L35_p0750_d50,d00,2.0,0.35,0.35,7.5,50.0,6.666666666666667,0.808,0.0,0.0027658420149236917,0.04989480972290039
P200_B35_L35_p0750_d50,d00,2.0,0.35,0.35,7.5,50.0,6.666666666666667,0.808,-20.0,0.003268155502155423,0.04987934231758118
P200_B35_L35_p0750_d50,d00,2.0,0.35,0.35,7.5,50.0,6.666666666666667,0.808,-40.0,0.004191672895103693,0.05000204220414162
P200_B35_L35_p0750_d50,d00,2.0,0.35,0.35,7.5,50.0,6.666666666666667,0.808,20.0,0.0031415231060236692,0.049880944192409515
P200_B35_L35_p0750_d50,d00,2.0,0.35,0.35,7.5,50.0,6.666666666666667,0.808,40.0,0.004121824633330107,0.050001613795757294
P200_B35_L35_p0750_d50,d76,2.0,0.35,0.35,7.5,50.0,6.666666666666667,0.808,0.0,0.002594027668237686,0.049891360104084015
P200_B35_L35_p0750_d50,d76,2.0,0.35,0.35,7.5,50.0,6.666666666666667,0.808,-20.0,0.002773262094706297,0.04987309128046036
P200_B35_L35_p0750_d50,d76,2.0,0.35,0.35,7.5,50.0,6.666666666666667,0.808,-40.0,0.003396414453163743,0.0499095618724823
P200_B35_L35_p0750_d50,d76,2.0,0.35,0.35,7.5,50.0,6.666666666666667,0.808,20.0,0.0027227182872593403,0.04987578094005585
P200_B35_L35_p0750_d50,d76,2.0,0.35,0.35,7.5,50.0,6.666666666666667,0.808,40.0,0.003335217945277691,0.049907613545656204
P200_B35_L35_p0750_d50,d100,2.0,0.35,0.35,7.5,50.0,6.666666666666667,0.808,0.0,0.002797769382596016,0.049890272319316864
P200_B35_L35_p0750_d50,d100,2.0,0.35,0.35,7.5,50.0,6.666666666666667,0.808,-20.0,0.00295258779078722,0.04987158626317978
P200_B35_L35_p0750_d50,d100,2.0,0.35,0.35,7.5,50.0,6.666666666666667,0.808,-40.0,0.0035672844387590885,0.04987958446145058
P200_B35_L35_p0750_d50,d100,2.0,0.35,0.35,7.5,50.0,6.666666666666667,0.808,20.0,0.0028949070256203413,0.04987448826432228
P200_B35_L35_p0750_d50,d100,2.0,0.35,0.35,7.5,50.0,6.666666666666667,0.808,40.0,0.0035239330027252436,0.049878496676683426
P200_B35_L35_p1100_d20,d00,2.0,0.35,0.35,11.0,20.0,1.8181818181818181,0.808,0.0,0.02466828003525734,0.04996778443455696
P200_B35_L35_p1100_d20,d00,2.0,0.35,0.35,11.0,20.0,1.8181818181818181,0.808,-20.0,0.046581756323575974,0.049959346652030945
P200_B35_L35_p1100_d20,d00,2.0,0.35,0.35,11.0,20.0,1.8181818181818181,0.808,-40.0,0.04560542479157448,0.049999866634607315
P200_B35_L35_p1100_d20,d00,2.0,0.35,0.35,11.0,20.0,1.8181818181818181,0.808,20.0,0.045426882803440094,0.04996015876531601
P200_B35_L35_p1100_d20,d00,2.0,0.35,0.35,11.0,20.0,1.8181818181818181,0.808,40.0,0.043272580951452255,0.05000106617808342
P200_B35_L35_p1100_d20,d76,2.0,0.35,0.35,11.0,20.0,1.8181818181818181,0.808,0.0,0.009788301773369312,0.049966584891080856
P200_B35_L35_p1100_d20,d76,2.0,0.35,0.35,11.0,20.0,1.8181818181818181,0.808,-20.0,0.013817929662764072,0.049957796931266785
P200_B35_L35_p1100_d20,d76,2.0,0.35,0.35,11.0,20.0,1.8181818181818181,0.808,-40.0,0.014110148884356022,0.04997014254331589
P200_B35_L35_p1100_d20,d76,2.0,0.35,0.35,11.0,20.0,1.8181818181818181,0.808,20.0,0.013418521732091904,0.04995858296751976
P200_B35_L35_p1100_d20,d76,2.0,0.35,0.35,11.0,20.0,1.8181818181818181,0.808,40.0,0.013729343190789223,0.04996955767273903
P200_B35_L35_p1100_d20,d100,2.0,0.35,0.35,11.0,20.0,1.8181818181818181,0.808,0.0,0.006581321358680725,0.049966100603342056
P200_B35_L35_p1100_d20,d100,2.0,0.35,0.35,11.0,20.0,1.8181818181818181,0.808,-20.0,0.006597434636205435,0.04995717853307724
P200_B35_L35_p1100_d20,d100,2.0,0.35,0.35,11.0,20.0,1.8181818181818181,0.808,-40.0,0.006465425249189138,0.049961090087890625
P200_B35_L35_p1100_d20,d100,2.0,0.35,0.35,11.0,20.0,1.8181818181818181,0.808,20.0,0.00655730627477169,0.04995787888765335
P200_B35_L35_p1100_d20,d100,2.0,0.35,0.35,11.0,20.0,1.8181818181818181,0.808,40.0,0.006474018096923828,0.04995974153280258
P200_B35_L35_p1100_d30,d00,2.0,0.35,0.35,11.0,30.0,2.727272727272727,0.808,0.0,0.03401922807097435,0.04993664100766182
P200_B35_L35_p1100_d30,d00,2.0,0.35,0.35,11.0,30.0,2.727272727272727,0.808,-20.0,0.023596206679940224,0.049933698028326035
P200_B35_L35_p1100_d30,d00,2.0,0.35,0.35,11.0,30.0,2.727272727272727,0.808,-40.0,0.025437161326408386,0.049999773502349854
P200_B35_L35_p1100_d30,d00,2.0,0.35,0.35,11.0,30.0,2.727272727272727,0.808,20.0,0.021245190873742104,0.049933284521102905
P200_B35_L35_p1100_d30,d00,2.0,0.35,0.35,11.0,30.0,2.727272727272727,0.808,40.0,0.02203722856938839,0.050001680850982666
P200_B35_L35_p1100_d30,d76,2.0,0.35,0.35,11.0,30.0,2.727272727272727,0.808,0.0,0.008724694140255451,0.04993462190032005
P200_B35_L35_p1100_d30,d76,2.0,0.35,0.35,11.0,30.0,2.727272727272727,0.808,-20.0,0.007684539072215557,0.04993067681789398
P200_B35_L35_p1100_d30,d76,2.0,0.35,0.35,11.0,30.0,2.727272727272727,0.808,-40.0,0.008747488260269165,0.049946319311857224
P200_B35_L35_p1100_d30,d76,2.0,0.35,0.35,11.0,30.0,2.727272727272727,0.808,20.0,0.007046916987746954,0.04993034154176712
P200_B35_L35_p1100_d30,d76,2.0,0.35,0.35,11.0,30.0,2.727272727272727,0.808,40.0,0.007928420789539814,0.04995008930563927
P200_B35_L35_p1100_d30,d100,2.0,0.35,0.35,11.0,30.0,2.727272727272727,0.808,0.0,0.005499646067619324,0.04993365705013275
P200_B35_L35_p1100_d30,d100,2.0,0.35,0.35,11.0,30.0,2.727272727272727,0.808,-20.0,0.005626018159091473,0.049929749220609665
P200_B35_L35_p1100_d30,d100,2.0,0.35,0.35,11.0,30.0,2.727272727272727,0.808,-40.0,0.005685100797563791,0.0499291867017746
P200_B35_L35_p1100_d30,d100,2.0,0.35,0.35,11.0,30.0,2.727272727272727,0.808,20.0,0.005278685595840216,0.04992949962615967
P200_B35_L35_p1100_d30,d100,2.0,0.35,0.35,11.0,30.0,2.727272727272727,0.808,40.0,0.005428913980722427,0.049933504313230515
P200_B35_L35_p1100_d40,d00,2.0,0.35,0.35,11.0,40.0,3.6363636363636362,0.808,0.0,0.012118231505155563,0.049943707883358
P200_B35_L35_p1100_d40,d00,2.0,0.35,0.35,11.0,40.0,3.6363636363636362,0.808,-20.0,0.012188935652375221,0.04993880167603493
P200_B35_L35_p1100_d40,d00,2.0,0.35,0.35,11.0,40.0,3.6363636363636362,0.808,-40.0,0.015166410245001316,0.04999558627605438
P200_B35_L35_p1100_d40,d00,2.0,0.35,0.35,11.0,40.0,3.6363636363636362,0.808,20.0,0.012261583469808102,0.04993675649166107
P200_B35_L35_p1100_d40,d00,2.0,0.35,0.35,11.0,40.0,3.6363636363636362,0.808,40.0,0.014490365982055664,0.04999890550971031
P200_B35_L35_p1100_d40,d76,2.0,0.35,0.35,11.0,40.0,3.6363636363636362,0.808,0.0,0.005196137819439173,0.049941834062337875
P200_B35_L35_p1100_d40,d76,2.0,0.35,0.35,11.0,40.0,3.6363636363636362,0.808,-20.0,0.005267133470624685,0.04993581399321556
P200_B35_L35_p1100_d40,d76,2.0,0.35,0.35,11.0,40.0,3.6363636363636362,0.808,-40.0,0.006202634423971176,0.04994693025946617
P200_B35_L35_p1100_d40,d76,2.0,0.35,0.35,11.0,40.0,3.6363636363636362,0.808,20.0,0.0052833156660199165,0.049934022128582
P200_B35_L35_p1100_d40,d76,2.0,0.35,0.35,11.0,40.0,3.6363636363636362,0.808,40.0,0.006035440601408482,0.0499483123421669
P200_B35_L35_p1100_d40,d100,2.0,0.35,0.35,11.0,40.0,3.6363636363636362,0.808,0.0,0.004883406683802605,0.049941182136535645
P200_B35_L35_p1100_d40,d100,2.0,0.35,0.35,11.0,40.0,3.6363636363636362,0.808,-20.0,0.004856232553720474,0.049935221672058105
P200_B35_L35_p1100_d40,d100,2.0,0.35,0.35,11.0,40.0,3.6363636363636362,0.808,-40.0,0.005175155587494373,0.04993215575814247
P200_B35_L35_p1100_d40,d100,2.0,0.35,0.35,11.0,40.0,3.6363636363636362,0.808,20.0,0.0048425933346152306,0.04993343725800514
P200_B35_L35_p1100_d40,d100,2.0,0.35,0.35,11.0,40.0,3.6363636363636362,0.808,40.0,0.0050161234103143215,0.04993298649787903
P200_B35_L35_p1100_d50,d00,2.0,0.35,0.35,11.0,50.0,4.545454545454546,0.808,0.0,0.005197799298912287,0.04994665086269379
P200_B35_L35_p1100_d50,d00,2.0,0.35,0.35,11.0,50.0,4.545454545454546,0.808,-20.0,0.0075445231050252914,0.04993639141321182
P200_B35_L35_p1100_d50,d00,2.0,0.35,0.35,11.0,50.0,4.545454545454546,0.808,-40.0,0.007813643664121628,0.04999808594584465
P200_B35_L35_p1100_d50,d00,2.0,0.35,0.35,11.0,50.0,4.545454545454546,0.808,20.0,0.007675240281969309,0.04994068667292595
P200_B35_L35_p1100_d50,d00,2.0,0.35,0.35,11.0,50.0,4.545454545454546,0.808,40.0,0.007936008274555206,0.05000020191073418
P200_B35_L35_p1100_d50,d76,2.0,0.35,0.35,11.0,50.0,4.545454545454546,0.808,0.0,0.0037292467895895243,0.04994484782218933
P200_B35_L35_p1100_d50,d76,2.0,0.35,0.35,11.0,50.0,4.545454545454546,0.808,-20.0,0.003977314569056034,0.04993365705013275
P200_B35_L35_p1100_d50,d76,2.0,0.35,0.35,11.0,50.0,4.545454545454546,0.808,-40.0,0.004451533313840628,0.049952320754528046
P200_B35_L35_p1100_d50,d76,2.0,0.35,0.35,11.0,50.0,4.545454545454546,0.808,20.0,0.003981069661676884,0.04993853345513344
P200_B35_L35_p1100_d50,d76,2.0,0.35,0.35,11.0,50.0,4.545454545454546,0.808,40.0,0.004505473654717207,0.049953870475292206
P200_B35_L35_p1100_d50,d100,2.0,0.35,0.35,11.0,50.0,4.545454545454546,0.808,0.0,0.003932655323296785,0.049944281578063965
P200_B35_L35_p1100_d50,d100,2.0,0.35,0.35,11.0,50.0,4.545454545454546,0.808,-20.0,0.0038542365655303,0.049932606518268585
P200_B35_L35_p1100_d50,d100,2.0,0.35,0.35,11.0,50.0,4.545454545454546,0.808,-40.0,0.004341796971857548,0.04993819072842598
P200_B35_L35_p1100_d50,d100,2.0,0.35,0.35,11.0,50.0,4.545454545454546,0.808,20.0,0.0038533806800842285,0.049937911331653595
P200_B35_L35_p1100_d50,d100,2.0,0.35,0.35,11.0,50.0,4.545454545454546,0.808,40.0,0.004346891772001982,0.04993829131126404
