tag,topology,process,feature,seed,diffuse_frac,pitch,depth,aspect,exposed_est,theta,rho,control,params_json
CB_p0317_f040_x10_s23,comb,expanded foil,0.04,23,d00,3.17,50.0,15.772870662460567,0.03364879074658255,0.0,0.0007133428589440882,0.04999997094273567,"{""backing"": 2.0, ""comb_expand"": 1.0, ""depth"": 50.0, ""face_h"": 60.0, ""face_w"": 60.0, ""jitter"": 0.0, ""margin_depths"": 2.0, ""pitch"": 3.17, ""seed"": 23, ""topology"": ""comb"", ""wall_bot"": 0.04, ""wall_top"": 0.04}"
CB_p0317_f040_x10_s23,comb,expanded foil,0.04,23,d00,3.17,50.0,15.772870662460567,0.03364879074658255,-20.0,0.00044691734365187585,0.04999997094273567,"{""backing"": 2.0, ""comb_expand"": 1.0, ""depth"": 50.0, ""face_h"": 60.0, ""face_w"": 60.0, ""jitter"": 0.0, ""margin_depths"": 2.0, ""pitch"": 3.17, ""seed"": 23, ""topology"": ""comb"", ""wall_bot"": 0.04, ""wall_top"": 0.04}"
CB_p0317_f040_x10_s23,comb,expanded foil,0.04,23,d00,3.17,50.0,15.772870662460567,0.03364879074658255,-40.0,0.0004377825534902513,0.04999997094273567,"{""backing"": 2.0, ""comb_expand"": 1.0, ""depth"": 50.0, ""face_h"": 60.0, ""face_w"": 60.0, ""jitter"": 0.0, ""margin_depths"": 2.0, ""pitch"": 3.17, ""seed"": 23, ""topology"": ""comb"", ""wall_bot"": 0.04, ""wall_top"": 0.04}"
CB_p0317_f040_x10_s23,comb,expanded foil,0.04,23,d00,3.17,50.0,15.772870662460567,0.03364879074658255,20.0,0.0004432547139003873,0.04999997094273567,"{""backing"": 2.0, ""comb_expand"": 1.0, ""depth"": 50.0, ""face_h"": 60.0, ""face_w"": 60.0, ""jitter"": 0.0, ""margin_depths"": 2.0, ""pitch"": 3.17, ""seed"": 23, ""topology"": ""comb"", ""wall_bot"": 0.04, ""wall_top"": 0.04}"
CB_p0317_f040_x10_s23,comb,expanded foil,0.04,23,d00,3.17,50.0,15.772870662460567,0.03364879074658255,40.0,0.00043832609662786126,0.04999997094273567,"{""backing"": 2.0, ""comb_expand"": 1.0, ""depth"": 50.0, ""face_h"": 60.0, ""face_w"": 60.0, ""jitter"": 0.0, ""margin_depths"": 2.0, ""pitch"": 3.17, ""seed"": 23, ""topology"": ""comb"", ""wall_bot"": 0.04, ""wall_top"": 0.04}"
CB_p0317_f040_x10_s23,comb,expanded foil,0.04,23,d76,3.17,50.0,15.772870662460567,0.03364879074658255,0.0,0.00041125770076178014,0.04999997094273567,"{""backing"": 2.0, ""comb_expand"": 1.0, ""depth"": 50.0, ""face_h"": 60.0, ""face_w"": 60.0, ""jitter"": 0.0, ""margin_depths"": 2.0, ""pitch"": 3.17, ""seed"": 23, ""topology"": ""comb"", ""wall_bot"": 0.04, ""wall_top"": 0.04}"
CB_p0317_f040_x10_s23,comb,expanded foil,0.04,23,d76,3.17,50.0,15.772870662460567,0.03364879074658255,-20.0,0.0009658804628998041,0.04999997094273567,"{""backing"": 2.0, ""comb_expand"": 1.0, ""depth"": 50.0, ""face_h"": 60.0, ""face_w"": 60.0, ""jitter"": 0.0, ""margin_depths"": 2.0, ""pitch"": 3.17, ""seed"": 23, ""topology"": ""comb"", ""wall_bot"": 0.04, ""wall_top"": 0.04}"
CB_p0317_f040_x10_s23,comb,expanded foil,0.04,23,d76,3.17,50.0,15.772870662460567,0.03364879074658255,-40.0,0.0015876581892371178,0.04999997094273567,"{""backing"": 2.0, ""comb_expand"": 1.0, ""depth"": 50.0, ""face_h"": 60.0, ""face_w"": 60.0, ""jitter"": 0.0, ""margin_depths"": 2.0, ""pitch"": 3.17, ""seed"": 23, ""topology"": ""comb"", ""wall_bot"": 0.04, ""wall_top"": 0.04}"
CB_p0317_f040_x10_s23,comb,expanded foil,0.04,23,d76,3.17,50.0,15.772870662460567,0.03364879074658255,20.0,0.0009573044953867793,0.04999997094273567,"{""backing"": 2.0, ""comb_expand"": 1.0, ""depth"": 50.0, ""face_h"": 60.0, ""face_w"": 60.0, ""jitter"": 0.0, ""margin_depths"": 2.0, ""pitch"": 3.17, ""seed"": 23, ""topology"": ""comb"", ""wall_bot"": 0.04, ""wall_top"": 0.04}"
CB_p0317_f040_x10_s23,comb,expanded foil,0.04,23,d76,3.17,50.0,15.772870662460567,0.03364879074658255,40.0,0.0015507439384236932,0.04999997094273567,"{""backing"": 2.0, ""comb_expand"": 1.0, ""depth"": 50.0, ""face_h"": 60.0, ""face_w"": 60.0, ""jitter"": 0.0, ""margin_depths"": 2.0, ""pitch"": 3.17, ""seed"": 23, ""topology"": ""comb"", ""wall_bot"": 0.04, ""wall_top"": 0.04}"
CB_p0317_f040_x10_s23,comb,expanded foil,0.04,23,d100,3.17,50.0,15.772870662460567,0.03364879074658255,0.0,0.0003323736018501222,0.04999997094273567,"{""backing"": 2.0, ""comb_expand"": 1.0, ""depth"": 50.0, ""face_h"": 60.0, ""face_w"": 60.0, ""jitter"": 0.0, ""margin_depths"": 2.0, ""pitch"": 3.17, ""seed"": 23, ""topology"": ""comb"", ""wall_bot"": 0.04, ""wall_top"": 0.04}"
CB_p0317_f040_x10_s23,comb,expanded foil,0.04,23,d100,3.17,50.0,15.772870662460567,0.03364879074658255,-20.0,0.001143601257354021,0.04999997094273567,"{""backing"": 2.0, ""comb_expand"": 1.0, ""depth"": 50.0, ""face_h"": 60.0, ""face_w"": 60.0, ""jitter"": 0.0, ""margin_depths"": 2.0, ""pitch"": 3.17, ""seed"": 23, ""topology"": ""comb"", ""wall_bot"": 0.04, ""wall_top"": 0.04}"
CB_p0317_f040_x10_s23,comb,expanded foil,0.04,23,d100,3.17,50.0,15.772870662460567,0.03364879074658255,-40.0,0.00196746620349586,0.04999997094273567,"{""backing"": 2.0, ""comb_expand"": 1.0, ""depth"": 50.0, ""face_h"": 60.0, ""face_w"": 60.0, ""jitter"": 0.0, ""margin_depths"": 2.0, ""pitch"": 3.17, ""seed"": 23, ""topology"": ""comb"", ""wall_bot"": 0.04, ""wall_top"": 0.04}"
CB_p0317_f040_x10_s23,comb,expanded foil,0.04,23,d100,3.17,50.0,15.772870662460567,0.03364879074658255,20.0,0.001131588825955987,0.04999997094273567,"{""backing"": 2.0, ""comb_expand"": 1.0, ""depth"": 50.0, ""face_h"": 60.0, ""face_w"": 60.0, ""jitter"": 0.0, ""margin_depths"": 2.0, ""pitch"": 3.17, ""seed"": 23, ""topology"": ""comb"", ""wall_bot"": 0.04, ""wall_top"": 0.04}"
CB_p0317_f040_x10_s23,comb,expanded foil,0.04,23,d100,3.17,50.0,15.772870662460567,0.03364879074658255,40.0,0.001914963941089809,0.04999997094273567,"{""backing"": 2.0, ""comb_expand"": 1.0, ""depth"": 50.0, ""face_h"": 60.0, ""face_w"": 60.0, ""jitter"": 0.0, ""margin_depths"": 2.0, ""pitch"": 3.17, ""seed"": 23, ""topology"": ""comb"", ""wall_bot"": 0.04, ""wall_top"": 0.04}"
CB_p0317_f040_x13_s23,comb,expanded foil,0.04,23,d00,3.17,50.0,15.772870662460567,0.03364879074658255,0.0,0.0007816628785803914,0.049998097121715546,"{""backing"": 2.0, ""comb_expand"": 1.3, ""depth"": 50.0, ""face_h"": 60.0, ""face_w"": 60.0, ""jitter"": 0.0, ""margin_depths"": 2.0, ""pitch"": 3.17, ""seed"": 23, ""topology"": ""comb"", ""wall_bot"": 0.04, ""wall_top"": 0.04}"
CB_p0317_f040_x13_s23,comb,expanded foil,0.04,23,d00,3.17,50.0,15.772870662460567,0.03364879074658255,-20.0,0.00042687717359513044,0.049997370690107346,"{""backing"": 2.0, ""comb_expand"": 1.3, ""depth"": 50.0, ""face_h"": 60.0, ""face_w"": 60.0, ""jitter"": 0.0, ""margin_depths"": 2.0, ""pitch"": 3.17, ""seed"": 23, ""topology"": ""comb"", ""wall_bot"": 0.04, ""wall_top"": 0.04}"
CB_p0317_f040_x13_s23,comb,expanded foil,0.04,23,d00,3.17,50.0,15.772870662460567,0.03364879074658255,-40.0,0.0004001636407338083,0.049998167902231216,"{""backing"": 2.0, ""comb_expand"": 1.3, ""depth"": 50.0, ""face_h"": 60.0, ""face_w"": 60.0, ""jitter"": 0.0, ""margin_depths"": 2.0, ""pitch"": 3.17, ""seed"": 23, ""topology"": ""comb"", ""wall_bot"": 0.04, ""wall_top"": 0.04}"
CB_p0317_f040_x13_s23,comb,expanded foil,0.04,23,d00,3.17,50.0,15.772870662460567,0.03364879074658255,20.0,0.00041497344500385225,0.049997780472040176,"{""backing"": 2.0, ""comb_expand"": 1.3, ""depth"": 50.0, ""face_h"": 60.0, ""face_w"": 60.0, ""jitter"": 0.0, ""margin_depths"": 2.0, ""pitch"": 3.17, ""seed"": 23, ""topology"": ""comb"", ""wall_bot"": 0.04, ""wall_top"": 0.04}"
CB_p0317_f040_x13_s23,comb,expanded foil,0.04,23,d00,3.17,50.0,15.772870662460567,0.03364879074658255,40.0,0.00040024222107604146,0.04999745264649391,"{""backing"": 2.0, ""comb_expand"": 1.3, ""depth"": 50.0, ""face_h"": 60.0, ""face_w"": 60.0, ""jitter"": 0.0, ""margin_depths"": 2.0, ""pitch"": 3.17, ""seed"": 23, ""topology"": ""comb"", ""wall_bot"": 0.04, ""wall_top"": 0.04}"
CB_p0317_f040_x13_s23,comb,expanded foil,0.04,23,d76,3.17,50.0,15.772870662460567,0.03364879074658255,0.0,0.00039358698995783925,0.04999801516532898,"{""backing"": 2.0, ""comb_expand"": 1.3, ""depth"": 50.0, ""face_h"": 60.0, ""face_w"": 60.0, ""jitter"": 0.0, ""margin_depths"": 2.0, ""pitch"": 3.17, ""seed"": 23, ""topology"": ""comb"", ""wall_bot"": 0.04, ""wall_top"": 0.04}"
CB_p0317_f040_x13_s23,comb,expanded foil,0.04,23,d76,3.17,50.0,15.772870662460567,0.03364879074658255,-20.0,0.0011397608323022723,0.04999728128314018,"{""backing"": 2.0, ""comb_expand"": 1.3, ""depth"": 50.0, ""face_h"": 60.0, ""face_w"": 60.0, ""jitter"": 0.0, ""margin_depths"": 2.0, ""pitch"": 3.17, ""seed"": 23, ""topology"": ""comb"", ""wall_bot"": 0.04, ""wall_top"": 0.04}"
CB_p0317_f040_x13_s23,comb,expanded foil,0.04,23,d76,3.17,50.0,15.772870662460567,0.03364879074658255,-40.0,0.0019271166529506445,0.04999806359410286,"{""backing"": 2.0, ""comb_expand"": 1.3, ""depth"": 50.0, ""face_h"": 60.0, ""face_w"": 60.0, ""jitter"": 0.0, ""margin_depths"": 2.0, ""pitch"": 3.17, ""seed"": 23, ""topology"": ""comb"", ""wall_bot"": 0.04, ""wall_top"": 0.04}"
CB_p0317_f040_x13_s23,comb,expanded foil,0.04,23,d76,3.17,50.0,15.772870662460567,0.03364879074658255,20.0,0.0011229870142415166,0.04999769479036331,"{""backing"": 2.0, ""comb_expand"": 1.3, ""depth"": 50.0, ""face_h"": 60.0, ""face_w"": 60.0, ""jitter"": 0.0, ""margin_depths"": 2.0, ""pitch"": 3.17, ""seed"": 23, ""topology"": ""comb"", ""wall_bot"": 0.04, ""wall_top"": 0.04}"
CB_p0317_f040_x13_s23,comb,expanded foil,0.04,23,d76,3.17,50.0,15.772870662460567,0.03364879074658255,40.0,0.0018845814047381282,0.04999738559126854,"{""backing"": 2.0, ""comb_expand"": 1.3, ""depth"": 50.0, ""face_h"": 60.0, ""face_w"": 60.0, ""jitter"": 0.0, ""margin_depths"": 2.0, ""pitch"": 3.17, ""seed"": 23, ""topology"": ""comb"", ""wall_bot"": 0.04, ""wall_top"": 0.04}"
CB_p0317_f040_x13_s23,comb,expanded foil,0.04,23,d100,3.17,50.0,15.772870662460567,0.03364879074658255,0.0,0.00029957349761389196,0.049997977912425995,"{""backing"": 2.0, ""comb_expand"": 1.3, ""depth"": 50.0, ""face_h"": 60.0, ""face_w"": 60.0, ""jitter"": 0.0, ""margin_depths"": 2.0, ""pitch"": 3.17, ""seed"": 23, ""topology"": ""comb"", ""wall_bot"": 0.04, ""wall_top"": 0.04}"
CB_p0317_f040_x13_s23,comb,expanded foil,0.04,23,d100,3.17,50.0,15.772870662460567,0.03364879074658255,-20.0,0.0013817386934533715,0.0499972328543663,"{""backing"": 2.0, ""comb_expand"": 1.3, ""depth"": 50.0, ""face_h"": 60.0, ""face_w"": 60.0, ""jitter"": 0.0, ""margin_depths"": 2.0, ""pitch"": 3.17, ""seed"": 23, ""topology"": ""comb"", ""wall_bot"": 0.04, ""wall_top"": 0.04}"
CB_p0317_f040_x13_s23,comb,expanded foil,0.04,23,d100,3.17,50.0,15.772870662460567,0.03364879074658255,-40.0,0.0024184079375118017,0.04999794438481331,"{""backing"": 2.0, ""comb_expand"": 1.3, ""depth"": 50.0, ""face_h"": 60.0, ""face_w"": 60.0, ""jitter"": 0.0, ""margin_depths"": 2.0, ""pitch"": 3.17, ""seed"": 23, ""topology"": ""comb"", ""wall_bot"": 0.04, ""wall_top"": 0.04}"
CB_p0317_f040_x13_s23,comb,expanded foil,0.04,23,d100,3.17,50.0,15.772870662460567,0.03364879074658255,20.0,0.0013599239755421877,0.04999765008687973,"{""backing"": 2.0, ""comb_expand"": 1.3, ""depth"": 50.0, ""face_h"": 60.0, ""face_w"": 60.0, ""jitter"": 0.0, ""margin_depths"": 2.0, ""pitch"": 3.17, ""seed"": 23, ""topology"": ""comb"", ""wall_bot"": 0.04, ""wall_top"": 0.04}"
CB_p0317_f040_x13_s23,comb,expanded foil,0.04,23,d100,3.17,50.0,15.772870662460567,0.03364879074658255,40.0,0.002354240510612726,0.04999731481075287,"{""backing"": 2.0, ""comb_expand"": 1.3, ""depth"": 50.0, ""face_h"": 60.0, ""face_w"": 60.0, ""jitter"": 0.0, ""margin_depths"": 2.0, ""pitch"": 3.17, ""seed"": 23, ""topology"": ""comb"", ""wall_bot"": 0.04, ""wall_top"": 0.04}"
CB_p0520_f040_x10_s23,comb,expanded foil,0.04,23,d00,5.2,50.0,9.615384615384615,0.02051282051282051,0.0,0.0011545016895979643,0.04992803931236267,"{""backing"": 2.0, ""comb_expand"": 1.0, ""depth"": 50.0, ""face_h"": 60.0, ""face_w"": 60.0, ""jitter"": 0.0, ""margin_depths"": 2.0, ""pitch"": 5.2, ""seed"": 23, ""topology"": ""comb"", ""wall_bot"": 0.04, ""wall_top"": 0.04}"
CB_p0520_f040_x10_s23,comb,expanded foil,0.04,23,d00,5.2,50.0,9.615384615384615,0.02051282051282051,-20.0,0.00036237583844922483,0.04992406442761421,"{""backing"": 2.0, ""comb_expand"": 1.0, ""depth"": 50.0, ""face_h"": 60.0, ""face_w"": 60.0, ""jitter"": 0.0, ""margin_depths"": 2.0, ""pitch"": 5.2, ""seed"": 23, ""topology"": ""comb"", ""wall_bot"": 0.04, ""wall_top"": 0.04}"
CB_p0520_f040_x10_s23,comb,expanded foil,0.04,23,d00,5.2,50.0,9.615384615384615,0.02051282051282051,-40.0,0.00030950873042456806,0.0499170646071434,"{""backing"": 2.0, ""comb_expand"": 1.0, ""depth"": 50.0, ""face_h"": 60.0, ""face_w"": 60.0, ""jitter"": 0.0, ""margin_depths"": 2.0, ""pitch"": 5.2, ""seed"": 23, ""topology"": ""comb"", ""wall_bot"": 0.04, ""wall_top"": 0.04}"
CB_p0520_f040_x10_s23,comb,expanded foil,0.04,23,d00,5.2,50.0,9.615384615384615,0.02051282051282051,20.0,0.00033812152105383575,0.04992184042930603,"{""backing"": 2.0, ""comb_expand"": 1.0, ""depth"": 50.0, ""face_h"": 60.0, ""face_w"": 60.0, ""jitter"": 0.0, ""margin_depths"": 2.0, ""pitch"": 5.2, ""seed"": 23, ""topology"": ""comb"", ""wall_bot"": 0.04, ""wall_top"": 0.04}"
CB_p0520_f040_x10_s23,comb,expanded foil,0.04,23,d00,5.2,50.0,9.615384615384615,0.02051282051282051,40.0,0.00030871233320795,0.04991889372467995,"{""backing"": 2.0, ""comb_expand"": 1.0, ""depth"": 50.0, ""face_h"": 60.0, ""face_w"": 60.0, ""jitter"": 0.0, ""margin_depths"": 2.0, ""pitch"": 5.2, ""seed"": 23, ""topology"": ""comb"", ""wall_bot"": 0.04, ""wall_top"": 0.04}"
CB_p0520_f040_x10_s23,comb,expanded foil,0.04,23,d76,5.2,50.0,9.615384615384615,0.02051282051282051,0.0,0.00041555665666237473,0.049925725907087326,"{""backing"": 2.0, ""comb_expand"": 1.0, ""depth"": 50.0, ""face_h"": 60.0, ""face_w"": 60.0, ""jitter"": 0.0, ""margin_depths"": 2.0, ""pitch"": 5.2, ""seed"": 23, ""topology"": ""comb"", ""wall_bot"": 0.04, ""wall_top"": 0.04}"
CB_p0520_f040_x10_s23,comb,expanded foil,0.04,23,d76,5.2,50.0,9.615384615384615,0.02051282051282051,-20.0,0.0010312610538676381,0.04992112144827843,"{""backing"": 2.0, ""comb_expand"": 1.0, ""depth"": 50.0, ""face_h"": 60.0, ""face_w"": 60.0, ""jitter"": 0.0, ""margin_depths"": 2.0, ""pitch"": 5.2, ""seed"": 23, ""topology"": ""comb"", ""wall_bot"": 0.04, ""wall_top"": 0.04}"
CB_p0520_f040_x10_s23,comb,expanded foil,0.04,23,d76,5.2,50.0,9.615384615384615,0.02051282051282051,-40.0,0.0017420136136934161,0.04991437867283821,"{""backing"": 2.0, ""comb_expand"": 1.0, ""depth"": 50.0, ""face_h"": 60.0, ""face_w"": 60.0, ""jitter"": 0.0, ""margin_depths"": 2.0, ""pitch"": 5.2, ""seed"": 23, ""topology"": ""comb"", ""wall_bot"": 0.04, ""wall_top"": 0.04}"
CB_p0520_f040_x10_s23,comb,expanded foil,0.04,23,d76,5.2,50.0,9.615384615384615,0.02051282051282051,20.0,0.0009569304529577494,0.04991915076971054,"{""backing"": 2.0, ""comb_expand"": 1.0, ""depth"": 50.0, ""face_h"": 60.0, ""face_w"": 60.0, ""jitter"": 0.0, ""margin_depths"": 2.0, ""pitch"": 5.2, ""seed"": 23, ""topology"": ""comb"", ""wall_bot"": 0.04, ""wall_top"": 0.04}"
CB_p0520_f040_x10_s23,comb,expanded foil,0.04,23,d76,5.2,50.0,9.615384615384615,0.02051282051282051,40.0,0.001666055410169065,0.049916062504053116,"{""backing"": 2.0, ""comb_expand"": 1.0, ""depth"": 50.0, ""face_h"": 60.0, ""face_w"": 60.0, ""jitter"": 0.0, ""margin_depths"": 2.0, ""pitch"": 5.2, ""seed"": 23, ""topology"": ""comb"", ""wall_bot"": 0.04, ""wall_top"": 0.04}"
CB_p0520_f040_x10_s23,comb,expanded foil,0.04,23,d100,5.2,50.0,9.615384615384615,0.02051282051282051,0.0,0.0002311789576197043,0.0499248243868351,"{""backing"": 2.0, ""comb_expand"": 1.0, ""depth"": 50.0, ""face_h"": 60.0, ""face_w"": 60.0, ""jitter"": 0.0, ""margin_depths"": 2.0, ""pitch"": 5.2, ""seed"": 23, ""topology"": ""comb"", ""wall_bot"": 0.04, ""wall_top"": 0.04}"
CB_p0520_f040_x10_s23,comb,expanded foil,0.04,23,d100,5.2,50.0,9.615384615384615,0.02051282051282051,-20.0,0.0012466565240174532,0.04992042854428291,"{""backing"": 2.0, ""comb_expand"": 1.0, ""depth"": 50.0, ""face_h"": 60.0, ""face_w"": 60.0, ""jitter"": 0.0, ""margin_depths"": 2.0, ""pitch"": 5.2, ""seed"": 23, ""topology"": ""comb"", ""wall_bot"": 0.04, ""wall_top"": 0.04}"
CB_p0520_f040_x10_s23,comb,expanded foil,0.04,23,d100,5.2,50.0,9.615384615384615,0.02051282051282051,-40.0,0.002201042603701353,0.04991311952471733,"{""backing"": 2.0, ""comb_expand"": 1.0, ""depth"": 50.0, ""face_h"": 60.0, ""face_w"": 60.0, ""jitter"": 0.0, ""margin_depths"": 2.0, ""pitch"": 5.2, ""seed"": 23, ""topology"": ""comb"", ""wall_bot"": 0.04, ""wall_top"": 0.04}"
CB_p0520_f040_x10_s23,comb,expanded foil,0.04,23,d100,5.2,50.0,9.615384615384615,0.02051282051282051,20.0,0.001158866216428578,0.04991815239191055,"{""backing"": 2.0, ""comb_expand"": 1.0, ""depth"": 50.0, ""face_h"": 60.0, ""face_w"": 60.0, ""jitter"": 0.0, ""margin_depths"": 2.0, ""pitch"": 5.2, ""seed"": 23, ""topology"": ""comb"", ""wall_bot"": 0.04, ""wall_top"": 0.04}"
CB_p0520_f040_x10_s23,comb,expanded foil,0.04,23,d100,5.2,50.0,9.615384615384615,0.02051282051282051,40.0,0.0021043492015451193,0.049914874136447906,"{""backing"": 2.0, ""comb_expand"": 1.0, ""depth"": 50.0, ""face_h"": 60.0, ""face_w"": 60.0, ""jitter"": 0.0, ""margin_depths"": 2.0, ""pitch"": 5.2, ""seed"": 23, ""topology"": ""comb"", ""wall_bot"": 0.04, ""wall_top"": 0.04}"
CB_p0520_f040_x13_s23,comb,expanded foil,0.04,23,d00,5.2,50.0,9.615384615384615,0.02051282051282051,0.0,0.0013401154428720474,0.04991259425878525,"{""backing"": 2.0, ""comb_expand"": 1.3, ""depth"": 50.0, ""face_h"": 60.0, ""face_w"": 60.0, ""jitter"": 0.0, ""margin_depths"": 2.0, ""pitch"": 5.2, ""seed"": 23, ""topology"": ""comb"", ""wall_bot"": 0.04, ""wall_top"": 0.04}"
CB_p0520_f040_x13_s23,comb,expanded foil,0.04,23,d00,5.2,50.0,9.615384615384615,0.02051282051282051,-20.0,0.00031800451688468456,0.04990258812904358,"{""backing"": 2.0, ""comb_expand"": 1.3, ""depth"": 50.0, ""face_h"": 60.0, ""face_w"": 60.0, ""jitter"": 0.0, ""margin_depths"": 2.0, ""pitch"": 5.2, ""seed"": 23, ""topology"": ""comb"", ""wall_bot"": 0.04, ""wall_top"": 0.04}"
CB_p0520_f040_x13_s23,comb,expanded foil,0.04,23,d00,5.2,50.0,9.615384615384615,0.02051282051282051,-40.0,0.0002754096349235624,0.0499083548784256,"{""backing"": 2.0, ""comb_expand"": 1.3, ""depth"": 50.0, ""face_h"": 60.0, ""face_w"": 60.0, ""jitter"": 0.0, ""margin_depths"": 2.0, ""pitch"": 5.2, ""seed"": 23, ""topology"": ""comb"", ""wall_bot"": 0.04, ""wall_top"": 0.04}"
CB_p0520_f040_x13_s23,comb,expanded foil,0.04,23,d00,5.2,50.0,9.615384615384615,0.02051282051282051,20.0,0.000303410371998325,0.04991010203957558,"{""backing"": 2.0, ""comb_expand"": 1.3, ""depth"": 50.0, ""face_h"": 60.0, ""face_w"": 60.0, ""jitter"": 0.0, ""margin_depths"": 2.0, ""pitch"": 5.2, ""seed"": 23, ""topology"": ""comb"", ""wall_bot"": 0.04, ""wall_top"": 0.04}"
CB_p0520_f040_x13_s23,comb,expanded foil,0.04,23,d00,5.2,50.0,9.615384615384615,0.02051282051282051,40.0,0.00027267105178907514,0.04990612342953682,"{""backing"": 2.0, ""comb_expand"": 1.3, ""depth"": 50.0, ""face_h"": 60.0, ""face_w"": 60.0, ""jitter"": 0.0, ""margin_depths"": 2.0, ""pitch"": 5.2, ""seed"": 23, ""topology"": ""comb"", ""wall_bot"": 0.04, ""wall_top"": 0.04}"
CB_p0520_f040_x13_s23,comb,expanded foil,0.04,23,d76,5.2,50.0,9.615384615384615,0.02051282051282051,0.0,0.00043966257362626493,0.049909818917512894,"{""backing"": 2.0, ""comb_expand"": 1.3, ""depth"": 50.0, ""face_h"": 60.0, ""face_w"": 60.0, ""jitter"": 0.0, ""margin_depths"": 2.0, ""pitch"": 5.2, ""seed"": 23, ""topology"": ""comb"", ""wall_bot"": 0.04, ""wall_top"": 0.04}"
CB_p0520_f040_x13_s23,comb,expanded foil,0.04,23,d76,5.2,50.0,9.615384615384615,0.02051282051282051,-20.0,0.0010797751601785421,0.04989895224571228,"{""backing"": 2.0, ""comb_expand"": 1.3, ""depth"": 50.0, ""face_h"": 60.0, ""face_w"": 60.0, ""jitter"": 0.0, ""margin_depths"": 2.0, ""pitch"": 5.2, ""seed"": 23, ""topology"": ""comb"", ""wall_bot"": 0.04, ""wall_top"": 0.04}"
CB_p0520_f040_x13_s23,comb,expanded foil,0.04,23,d76,5.2,50.0,9.615384615384615,0.02051282051282051,-40.0,0.0018524650949984789,0.049904752522706985,"{""backing"": 2.0, ""comb_expand"": 1.3, ""depth"": 50.0, ""face_h"": 60.0, ""face_w"": 60.0, ""jitter"": 0.0, ""margin_depths"": 2.0, ""pitch"": 5.2, ""seed"": 23, ""topology"": ""comb"", ""wall_bot"": 0.04, ""wall_top"": 0.04}"
CB_p0520_f040_x13_s23,comb,expanded foil,0.04,23,d76,5.2,50.0,9.615384615384615,0.02051282051282051,20.0,0.0009892708621919155,0.04990622028708458,"{""backing"": 2.0, ""comb_expand"": 1.3, ""depth"": 50.0, ""face_h"": 60.0, ""face_w"": 60.0, ""jitter"": 0.0, ""margin_depths"": 2.0, ""pitch"": 5.2, ""seed"": 23, ""topology"": ""comb"", ""wall_bot"": 0.04, ""wall_top"": 0.04}"
CB_p0520_f040_x13_s23,comb,expanded foil,0.04,23,d76,5.2,50.0,9.615384615384615,0.02051282051282051,40.0,0.0017699026502668858,0.04990315064787865,"{""backing"": 2.0, ""comb_expand"": 1.3, ""depth"": 50.0, ""face_h"": 60.0, ""face_w"": 60.0, ""jitter"": 0.0, ""margin_depths"": 2.0, ""pitch"": 5.2, ""seed"": 23, ""topology"": ""comb"", ""wall_bot"": 0.04, ""wall_top"": 0.04}"
CB_p0520_f040_x13_s23,comb,expanded foil,0.04,23,d100,5.2,50.0,9.615384615384615,0.02051282051282051,0.0,0.00020658349967561662,0.04990890622138977,"{""backing"": 2.0, ""comb_expand"": 1.3, ""depth"": 50.0, ""face_h"": 60.0, ""face_w"": 60.0, ""jitter"": 0.0, ""margin_depths"": 2.0, ""pitch"": 5.2, ""seed"": 23, ""topology"": ""comb"", ""wall_bot"": 0.04, ""wall_top"": 0.04}"
CB_p0520_f040_x13_s23,comb,expanded foil,0.04,23,d100,5.2,50.0,9.615384615384615,0.02051282051282051,-20.0,0.0013360442826524377,0.049897607415914536,"{""backing"": 2.0, ""comb_expand"": 1.3, ""depth"": 50.0, ""face_h"": 60.0, ""face_w"": 60.0, ""jitter"": 0.0, ""margin_depths"": 2.0, ""pitch"": 5.2, ""seed"": 23, ""topology"": ""comb"", ""wall_bot"": 0.04, ""wall_top"": 0.04}"
CB_p0520_f040_x13_s23,comb,expanded foil,0.04,23,d100,5.2,50.0,9.615384615384615,0.02051282051282051,-40.0,0.00236100098118186,0.049903735518455505,"{""backing"": 2.0, ""comb_expand"": 1.3, ""depth"": 50.0, ""face_h"": 60.0, ""face_w"": 60.0, ""jitter"": 0.0, ""margin_depths"": 2.0, ""pitch"": 5.2, ""seed"": 23, ""topology"": ""comb"", ""wall_bot"": 0.04, ""wall_top"": 0.04}"
CB_p0520_f040_x13_s23,comb,expanded foil,0.04,23,d100,5.2,50.0,9.615384615384615,0.02051282051282051,20.0,0.0012330489698797464,0.04990481212735176,"{""backing"": 2.0, ""comb_expand"": 1.3, ""depth"": 50.0, ""face_h"": 60.0, ""face_w"": 60.0, ""jitter"": 0.0, ""margin_depths"": 2.0, ""pitch"": 5.2, ""seed"": 23, ""topology"": ""comb"", ""wall_bot"": 0.04, ""wall_top"": 0.04}"
CB_p0520_f040_x13_s23,comb,expanded foil,0.04,23,d100,5.2,50.0,9.615384615384615,0.02051282051282051,40.0,0.0022549659479409456,0.0499018095433712,"{""backing"": 2.0, ""comb_expand"": 1.3, ""depth"": 50.0, ""face_h"": 60.0, ""face_w"": 60.0, ""jitter"": 0.0, ""margin_depths"": 2.0, ""pitch"": 5.2, ""seed"": 23, ""topology"": ""comb"", ""wall_bot"": 0.04, ""wall_top"": 0.04}"
CB_p0650_f080_x10_s23,comb,expanded foil,0.08,23,d00,6.5,50.0,7.6923076923076925,0.03282051282051282,0.0,0.0016401347238570452,0.049771495163440704,"{""backing"": 2.0, ""comb_expand"": 1.0, ""depth"": 50.0, ""face_h"": 60.0, ""face_w"": 60.0, ""jitter"": 0.0, ""margin_depths"": 2.0, ""pitch"": 6.5, ""seed"": 23, ""topology"": ""comb"", ""wall_bot"": 0.08, ""wall_top"": 0.08}"
CB_p0650_f080_x10_s23,comb,expanded foil,0.08,23,d00,6.5,50.0,7.6923076923076925,0.03282051282051282,-20.0,0.000447880825959146,0.049724020063877106,"{""backing"": 2.0, ""comb_expand"": 1.0, ""depth"": 50.0, ""face_h"": 60.0, ""face_w"": 60.0, ""jitter"": 0.0, ""margin_depths"": 2.0, ""pitch"": 6.5, ""seed"": 23, ""topology"": ""comb"", ""wall_bot"": 0.08, ""wall_top"": 0.08}"
CB_p0650_f080_x10_s23,comb,expanded foil,0.08,23,d00,6.5,50.0,7.6923076923076925,0.03282051282051282,-40.0,0.0004312352684792131,0.049719568341970444,"{""backing"": 2.0, ""comb_expand"": 1.0, ""depth"": 50.0, ""face_h"": 60.0, ""face_w"": 60.0, ""jitter"": 0.0, ""margin_depths"": 2.0, ""pitch"": 6.5, ""seed"": 23, ""topology"": ""comb"", ""wall_bot"": 0.08, ""wall_top"": 0.08}"
CB_p0650_f080_x10_s23,comb,expanded foil,0.08,23,d00,6.5,50.0,7.6923076923076925,0.03282051282051282,20.0,0.00044944818364456296,0.049731478095054626,"{""backing"": 2.0, ""comb_expand"": 1.0, ""depth"": 50.0, ""face_h"": 60.0, ""face_w"": 60.0, ""jitter"": 0.0, ""margin_depths"": 2.0, ""pitch"": 6.5, ""seed"": 23, ""topology"": ""comb"", ""wall_bot"": 0.08, ""wall_top"": 0.08}"
CB_p0650_f080_x10_s23,comb,expanded foil,0.08,23,d00,6.5,50.0,7.6923076923076925,0.03282051282051282,40.0,0.000434096553362906,0.04971833899617195,"{""backing"": 2.0, ""comb_expand"": 1.0, ""depth"": 50.0, ""face_h"": 60.0, ""face_w"": 60.0, ""jitter"": 0.0, ""margin_depths"": 2.0, ""pitch"": 6.5, ""seed"": 23, ""topology"": ""comb"", ""wall_bot"": 0.08, ""wall_top"": 0.08}"
CB_p0650_f080_x10_s23,comb,expanded foil,0.08,23,d76,6.5,50.0,7.6923076923076925,0.03282051282051282,0.0,0.0006162783247418702,0.0497635081410408,"{""backing"": 2.0, ""comb_expand"": 1.0, ""depth"": 50.0, ""face_h"": 60.0, ""face_w"": 60.0, ""jitter"": 0.0, ""margin_depths"": 2.0, ""pitch"": 6.5, ""seed"": 23, ""topology"": ""comb"", ""wall_bot"": 0.08, ""wall_top"": 0.08}"
CB_p0650_f080_x10_s23,comb,expanded foil,0.08,23,d76,6.5,50.0,7.6923076923076925,0.03282051282051282,-20.0,0.001051884377375245,0.049714431166648865,"{""backing"": 2.0, ""comb_expand"": 1.0, ""depth"": 50.0, ""face_h"": 60.0, ""face_w"": 60.0, ""jitter"": 0.0, ""margin_depths"": 2.0, ""pitch"": 6.5, ""seed"": 23, ""topology"": ""comb"", ""wall_bot"": 0.08, ""wall_top"": 0.08}"
CB_p0650_f080_x10_s23,comb,expanded foil,0.08,23,d76,6.5,50.0,7.6923076923076925,0.03282051282051282,-40.0,0.0017908504232764244,0.04971007630228996,"{""backing"": 2.0, ""comb_expand"": 1.0, ""depth"": 50.0, ""face_h"": 60.0, ""face_w"": 60.0, ""jitter"": 0.0, ""margin_depths"": 2.0, ""pitch"": 6.5, ""seed"": 23, ""topology"": ""comb"", ""wall_bot"": 0.08, ""wall_top"": 0.08}"
CB_p0650_f080_x10_s23,comb,expanded foil,0.08,23,d76,6.5,50.0,7.6923076923076925,0.03282051282051282,20.0,0.0010445491643622518,0.049722544848918915,"{""backing"": 2.0, ""comb_expand"": 1.0, ""depth"": 50.0, ""face_h"": 60.0, ""face_w"": 60.0, ""jitter"": 0.0, ""margin_depths"": 2.0, ""pitch"": 6.5, ""seed"": 23, ""topology"": ""comb"", ""wall_bot"": 0.08, ""wall_top"": 0.08}"
CB_p0650_f080_x10_s23,comb,expanded foil,0.08,23,d76,6.5,50.0,7.6923076923076925,0.03282051282051282,40.0,0.001777426339685917,0.049707088619470596,"{""backing"": 2.0, ""comb_expand"": 1.0, ""depth"": 50.0, ""face_h"": 60.0, ""face_w"": 60.0, ""jitter"": 0.0, ""margin_depths"": 2.0, ""pitch"": 6.5, ""seed"": 23, ""topology"": ""comb"", ""wall_bot"": 0.08, ""wall_top"": 0.08}"
CB_p0650_f080_x10_s23,comb,expanded foil,0.08,23,d100,6.5,50.0,7.6923076923076925,0.03282051282051282,0.0,0.00035733694676309824,0.04976140335202217,"{""backing"": 2.0, ""comb_expand"": 1.0, ""depth"": 50.0, ""face_h"": 60.0, ""face_w"": 60.0, ""jitter"": 0.0, ""margin_depths"": 2.0, ""pitch"": 6.5, ""seed"": 23, ""topology"": ""comb"", ""wall_bot"": 0.08, ""wall_top"": 0.08}"
CB_p0650_f080_x10_s23,comb,expanded foil,0.08,23,d100,6.5,50.0,7.6923076923076925,0.03282051282051282,-20.0,0.0012559869792312384,0.049711473286151886,"{""backing"": 2.0, ""comb_expand"": 1.0, ""depth"": 50.0, ""face_h"": 60.0, ""face_w"": 60.0, ""jitter"": 0.0, ""margin_depths"": 2.0, ""pitch"": 6.5, ""seed"": 23, ""topology"": ""comb"", ""wall_bot"": 0.08, ""wall_top"": 0.08}"
CB_p0650_f080_x10_s23,comb,expanded foil,0.08,23,d100,6.5,50.0,7.6923076923076925,0.03282051282051282,-40.0,0.0022275468800216913,0.04970622435212135,"{""backing"": 2.0, ""comb_expand"": 1.0, ""depth"": 50.0, ""face_h"": 60.0, ""face_w"": 60.0, ""jitter"": 0.0, ""margin_depths"": 2.0, ""pitch"": 6.5, ""seed"": 23, ""topology"": ""comb"", ""wall_bot"": 0.08, ""wall_top"": 0.08}"
CB_p0650_f080_x10_s23,comb,expanded foil,0.08,23,d100,6.5,50.0,7.6923076923076925,0.03282051282051282,20.0,0.0012439603451639414,0.04971954971551895,"{""backing"": 2.0, ""comb_expand"": 1.0, ""depth"": 50.0, ""face_h"": 60.0, ""face_w"": 60.0, ""jitter"": 0.0, ""margin_depths"": 2.0, ""pitch"": 6.5, ""seed"": 23, ""topology"": ""comb"", ""wall_bot"": 0.08, ""wall_top"": 0.08}"
CB_p0650_f080_x10_s23,comb,expanded foil,0.08,23,d100,6.5,50.0,7.6923076923076925,0.03282051282051282,40.0,0.002209368161857128,0.049703460186719894,"{""backing"": 2.0, ""comb_expand"": 1.0, ""depth"": 50.0, ""face_h"": 60.0, ""face_w"": 60.0, ""jitter"": 0.0, ""margin_depths"": 2.0, ""pitch"": 6.5, ""seed"": 23, ""topology"": ""comb"", ""wall_bot"": 0.08, ""wall_top"": 0.08}"
CB_p0650_f080_x13_s23,comb,expanded foil,0.08,23,d00,6.5,50.0,7.6923076923076925,0.03282051282051282,0.0,0.001875267131254077,0.04983139783143997,"{""backing"": 2.0, ""comb_expand"": 1.3, ""depth"": 50.0, ""face_h"": 60.0, ""face_w"": 60.0, ""jitter"": 0.0, ""margin_depths"": 2.0, ""pitch"": 6.5, ""seed"": 23, ""topology"": ""comb"", ""wall_bot"": 0.08, ""wall_top"": 0.08}"
CB_p0650_f080_x13_s23,comb,expanded foil,0.08,23,d00,6.5,50.0,7.6923076923076925,0.03282051282051282,-20.0,0.0004088197892997414,0.04980739578604698,"{""backing"": 2.0, ""comb_expand"": 1.3, ""depth"": 50.0, ""face_h"": 60.0, ""face_w"": 60.0, ""jitter"": 0.0, ""margin_depths"": 2.0, ""pitch"": 6.5, ""seed"": 23, ""topology"": ""comb"", ""wall_bot"": 0.08, ""wall_top"": 0.08}"
CB_p0650_f080_x13_s23,comb,expanded foil,0.08,23,d00,6.5,50.0,7.6923076923076925,0.03282051282051282,-40.0,0.00038854213198646903,0.04980877414345741,"{""backing"": 2.0, ""comb_expand"": 1.3, ""depth"": 50.0, ""face_h"": 60.0, ""face_w"": 60.0, ""jitter"": 0.0, ""margin_depths"": 2.0, ""pitch"": 6.5, ""seed"": 23, ""topology"": ""comb"", ""wall_bot"": 0.08, ""wall_top"": 0.08}"
CB_p0650_f080_x13_s23,comb,expanded foil,0.08,23,d00,6.5,50.0,7.6923076923076925,0.03282051282051282,20.0,0.0003981277404818684,0.04980902001261711,"{""backing"": 2.0, ""comb_expand"": 1.3, ""depth"": 50.0, ""face_h"": 60.0, ""face_w"": 60.0, ""jitter"": 0.0, ""margin_depths"": 2.0, ""pitch"": 6.5, ""seed"": 23, ""topology"": ""comb"", ""wall_bot"": 0.08, ""wall_top"": 0.08}"
CB_p0650_f080_x13_s23,comb,expanded foil,0.08,23,d00,6.5,50.0,7.6923076923076925,0.03282051282051282,40.0,0.00038470025174319744,0.04981391876935959,"{""backing"": 2.0, ""comb_expand"": 1.3, ""depth"": 50.0, ""face_h"": 60.0, ""face_w"": 60.0, ""jitter"": 0.0, ""margin_depths"": 2.0, ""pitch"": 6.5, ""seed"": 23, ""topology"": ""comb"", ""wall_bot"": 0.08, ""wall_top"": 0.08}"
CB_p0650_f080_x13_s23,comb,expanded foil,0.08,23,d76,6.5,50.0,7.6923076923076925,0.03282051282051282,0.0,0.0006549970712512732,0.04982549324631691,"{""backing"": 2.0, ""comb_expand"": 1.3, ""depth"": 50.0, ""face_h"": 60.0, ""face_w"": 60.0, ""jitter"": 0.0, ""margin_depths"": 2.0, ""pitch"": 6.5, ""seed"": 23, ""topology"": ""comb"", ""wall_bot"": 0.08, ""wall_top"": 0.08}"
CB_p0650_f080_x13_s23,comb,expanded foil,0.08,23,d76,6.5,50.0,7.6923076923076925,0.03282051282051282,-20.0,0.0011001605307683349,0.049800846725702286,"{""backing"": 2.0, ""comb_expand"": 1.3, ""depth"": 50.0, ""face_h"": 60.0, ""face_w"": 60.0, ""jitter"": 0.0, ""margin_depths"": 2.0, ""pitch"": 6.5, ""seed"": 23, ""topology"": ""comb"", ""wall_bot"": 0.08, ""wall_top"": 0.08}"
CB_p0650_f080_x13_s23,comb,expanded foil,0.08,23,d76,6.5,50.0,7.6923076923076925,0.03282051282051282,-40.0,0.001883793855085969,0.049802135676145554,"{""backing"": 2.0, ""comb_expand"": 1.3, ""depth"": 50.0, ""face_h"": 60.0, ""face_w"": 60.0, ""jitter"": 0.0, ""margin_depths"": 2.0, ""pitch"": 6.5, ""seed"": 23, ""topology"": ""comb"", ""wall_bot"": 0.08, ""wall_top"": 0.08}"
CB_p0650_f080_x13_s23,comb,expanded foil,0.08,23,d76,6.5,50.0,7.6923076923076925,0.03282051282051282,20.0,0.0010815002024173737,0.049802713096141815,"{""backing"": 2.0, ""comb_expand"": 1.3, ""depth"": 50.0, ""face_h"": 60.0, ""face_w"": 60.0, ""jitter"": 0.0, ""margin_depths"": 2.0, ""pitch"": 6.5, ""seed"": 23, ""topology"": ""comb"", ""wall_bot"": 0.08, ""wall_top"": 0.08}"
CB_p0650_f080_x13_s23,comb,expanded foil,0.08,23,d76,6.5,50.0,7.6923076923076925,0.03282051282051282,40.0,0.0018725234549492598,0.04980616271495819,"{""backing"": 2.0, ""comb_expand"": 1.3, ""depth"": 50.0, ""face_h"": 60.0, ""face_w"": 60.0, ""jitter"": 0.0, ""margin_depths"": 2.0, ""pitch"": 6.5, ""seed"": 23, ""topology"": ""comb"", ""wall_bot"": 0.08, ""wall_top"": 0.08}"
CB_p0650_f080_x13_s23,comb,expanded foil,0.08,23,d100,6.5,50.0,7.6923076923076925,0.03282051282051282,0.0,0.0003324777935631573,0.049823734909296036,"{""backing"": 2.0, ""comb_expand"": 1.3, ""depth"": 50.0, ""face_h"": 60.0, ""face_w"": 60.0, ""jitter"": 0.0, ""margin_depths"": 2.0, ""pitch"": 6.5, ""seed"": 23, ""topology"": ""comb"", ""wall_bot"": 0.08, ""wall_top"": 0.08}"
CB_p0650_f080_x13_s23,comb,expanded foil,0.08,23,d100,6.5,50.0,7.6923076923076925,0.03282051282051282,-20.0,0.0013320674188435078,0.049798596650362015,"{""backing"": 2.0, ""comb_expand"": 1.3, ""depth"": 50.0, ""face_h"": 60.0, ""face_w"": 60.0, ""jitter"": 0.0, ""margin_depths"": 2.0, ""pitch"": 6.5, ""seed"": 23, ""topology"": ""comb"", ""wall_bot"": 0.08, ""wall_top"": 0.08}"
CB_p0650_f080_x13_s23,comb,expanded foil,0.08,23,d100,6.5,50.0,7.6923076923076925,0.03282051282051282,-40.0,0.0023658769205212593,0.049800001084804535,"{""backing"": 2.0, ""comb_expand"": 1.3, ""depth"": 50.0, ""face_h"": 60.0, ""face_w"": 60.0, ""jitter"": 0.0, ""margin_depths"": 2.0, ""pitch"": 6.5, ""seed"": 23, ""topology"": ""comb"", ""wall_bot"": 0.08, ""wall_top"": 0.08}"
CB_p0650_f080_x13_s23,comb,expanded foil,0.08,23,d100,6.5,50.0,7.6923076923076925,0.03282051282051282,20.0,0.001313531305640936,0.04980079457163811,"{""backing"": 2.0, ""comb_expand"": 1.3, ""depth"": 50.0, ""face_h"": 60.0, ""face_w"": 60.0, ""jitter"": 0.0, ""margin_depths"": 2.0, ""pitch"": 6.5, ""seed"": 23, ""topology"": ""comb"", ""wall_bot"": 0.08, ""wall_top"": 0.08}"
CB_p0650_f080_x13_s23,comb,expanded foil,0.08,23,d100,6.5,50.0,7.6923076923076925,0.03282051282051282,40.0,0.002354326890781522,0.0498039573431015,"{""backing"": 2.0, ""comb_expand"": 1.3, ""depth"": 50.0, ""face_h"": 60.0, ""face_w"": 60.0, ""jitter"": 0.0, ""margin_depths"": 2.0, ""pitch"": 6.5, ""seed"": 23, ""topology"": ""comb"", ""wall_bot"": 0.08, ""wall_top"": 0.08}"
CB_p0650_f100_x10_s23,comb,expanded foil,0.1,23,d00,6.5,50.0,7.6923076923076925,0.041025641025641026,0.0,0.00169925088994205,0.04967797175049782,"{""backing"": 2.0, ""comb_expand"": 1.0, ""depth"": 50.0, ""face_h"": 60.0, ""face_w"": 60.0, ""jitter"": 0.0, ""margin_depths"": 2.0, ""pitch"": 6.5, ""seed"": 23, ""topology"": ""comb"", ""wall_bot"": 0.1, ""wall_top"": 0.1}"
CB_p0650_f100_x10_s23,comb,expanded foil,0.1,23,d00,6.5,50.0,7.6923076923076925,0.041025641025641026,-20.0,0.0005254339776001871,0.049663856625556946,"{""backing"": 2.0, ""comb_expand"": 1.0, ""depth"": 50.0, ""face_h"": 60.0, ""face_w"": 60.0, ""jitter"": 0.0, ""margin_depths"": 2.0, ""pitch"": 6.5, ""seed"": 23, ""topology"": ""comb"", ""wall_bot"": 0.1, ""wall_top"": 0.1}"
CB_p0650_f100_x10_s23,comb,expanded foil,0.1,23,d00,6.5,50.0,7.6923076923076925,0.041025641025641026,-40.0,0.0005208920338191092,0.04967350512742996,"{""backing"": 2.0, ""comb_expand"": 1.0, ""depth"": 50.0, ""face_h"": 60.0, ""face_w"": 60.0, ""jitter"": 0.0, ""margin_depths"": 2.0, ""pitch"": 6.5, ""seed"": 23, ""topology"": ""comb"", ""wall_bot"": 0.1, ""wall_top"": 0.1}"
CB_p0650_f100_x10_s23,comb,expanded foil,0.1,23,d00,6.5,50.0,7.6923076923076925,0.041025641025641026,20.0,0.0005264965584501624,0.049679212272167206,"{""backing"": 2.0, ""comb_expand"": 1.0, ""depth"": 50.0, ""face_h"": 60.0, ""face_w"": 60.0, ""jitter"": 0.0, ""margin_depths"": 2.0, ""pitch"": 6.5, ""seed"": 23, ""topology"": ""comb"", ""wall_bot"": 0.1, ""wall_top"": 0.1}"
CB_p0650_f100_x10_s23,comb,expanded foil,0.1,23,d00,6.5,50.0,7.6923076923076925,0.041025641025641026,40.0,0.0005237184814177454,0.04967415705323219,"{""backing"": 2.0, ""comb_expand"": 1.0, ""depth"": 50.0, ""face_h"": 60.0, ""face_w"": 60.0, ""jitter"": 0.0, ""margin_depths"": 2.0, ""pitch"": 6.5, ""seed"": 23, ""topology"": ""comb"", ""wall_bot"": 0.1, ""wall_top"": 0.1}"
CB_p0650_f100_x10_s23,comb,expanded foil,0.1,23,d76,6.5,50.0,7.6923076923076925,0.041025641025641026,0.0,0.0006903590983711183,0.04966706782579422,"{""backing"": 2.0, ""comb_expand"": 1.0, ""depth"": 50.0, ""face_h"": 60.0, ""face_w"": 60.0, ""jitter"": 0.0, ""margin_depths"": 2.0, ""pitch"": 6.5, ""seed"": 23, ""topology"": ""comb"", ""wall_bot"": 0.1, ""wall_top"": 0.1}"
CB_p0650_f100_x10_s23,comb,expanded foil,0.1,23,d76,6.5,50.0,7.6923076923076925,0.041025641025641026,-20.0,0.0011228782823309302,0.04965156689286232,"{""backing"": 2.0, ""comb_expand"": 1.0, ""depth"": 50.0, ""face_h"": 60.0, ""face_w"": 60.0, ""jitter"": 0.0, ""margin_depths"": 2.0, ""pitch"": 6.5, ""seed"": 23, ""topology"": ""comb"", ""wall_bot"": 0.1, ""wall_top"": 0.1}"
CB_p0650_f100_x10_s23,comb,expanded foil,0.1,23,d76,6.5,50.0,7.6923076923076925,0.041025641025641026,-40.0,0.001857204013504088,0.04966318607330322,"{""backing"": 2.0, ""comb_expand"": 1.0, ""depth"": 50.0, ""face_h"": 60.0, ""face_w"": 60.0, ""jitter"": 0.0, ""margin_depths"": 2.0, ""pitch"": 6.5, ""seed"": 23, ""topology"": ""comb"", ""wall_bot"": 0.1, ""wall_top"": 0.1}"
CB_p0650_f100_x10_s23,comb,expanded foil,0.1,23,d76,6.5,50.0,7.6923076923076925,0.041025641025641026,20.0,0.001114962506107986,0.04966850206255913,"{""backing"": 2.0, ""comb_expand"": 1.0, ""depth"": 50.0, ""face_h"": 60.0, ""face_w"": 60.0, ""jitter"": 0.0, ""margin_depths"": 2.0, ""pitch"": 6.5, ""seed"": 23, ""topology"": ""comb"", ""wall_bot"": 0.1, ""wall_top"": 0.1}"
CB_p0650_f100_x10_s23,comb,expanded foil,0.1,23,d76,6.5,50.0,7.6923076923076925,0.041025641025641026,40.0,0.0018476257100701332,0.04966307431459427,"{""backing"": 2.0, ""comb_expand"": 1.0, ""depth"": 50.0, ""face_h"": 60.0, ""face_w"": 60.0, ""jitter"": 0.0, ""margin_depths"": 2.0, ""pitch"": 6.5, ""seed"": 23, ""topology"": ""comb"", ""wall_bot"": 0.1, ""wall_top"": 0.1}"
CB_p0650_f100_x10_s23,comb,expanded foil,0.1,23,d100,6.5,50.0,7.6923076923076925,0.041025641025641026,0.0,0.00043520599137991667,0.049663614481687546,"{""backing"": 2.0, ""comb_expand"": 1.0, ""depth"": 50.0, ""face_h"": 60.0, ""face_w"": 60.0, ""jitter"": 0.0, ""margin_depths"": 2.0, ""pitch"": 6.5, ""seed"": 23, ""topology"": ""comb"", ""wall_bot"": 0.1, ""wall_top"": 0.1}"
CB_p0650_f100_x10_s23,comb,expanded foil,0.1,23,d100,6.5,50.0,7.6923076923076925,0.041025641025641026,-20.0,0.0013239393010735512,0.0496482215821743,"{""backing"": 2.0, ""comb_expand"": 1.0, ""depth"": 50.0, ""face_h"": 60.0, ""face_w"": 60.0, ""jitter"": 0.0, ""margin_depths"": 2.0, ""pitch"": 6.5, ""seed"": 23, ""topology"": ""comb"", ""wall_bot"": 0.1, ""wall_top"": 0.1}"
CB_p0650_f100_x10_s23,comb,expanded foil,0.1,23,d100,6.5,50.0,7.6923076923076925,0.041025641025641026,-40.0,0.002287832088768482,0.04965859279036522,"{""backing"": 2.0, ""comb_expand"": 1.0, ""depth"": 50.0, ""face_h"": 60.0, ""face_w"": 60.0, ""jitter"": 0.0, ""margin_depths"": 2.0, ""pitch"": 6.5, ""seed"": 23, ""topology"": ""comb"", ""wall_bot"": 0.1, ""wall_top"": 0.1}"
CB_p0650_f100_x10_s23,comb,expanded foil,0.1,23,d100,6.5,50.0,7.6923076923076925,0.041025641025641026,20.0,0.0013137419009581208,0.04966462403535843,"{""backing"": 2.0, ""comb_expand"": 1.0, ""depth"": 50.0, ""face_h"": 60.0, ""face_w"": 60.0, ""jitter"": 0.0, ""margin_depths"": 2.0, ""pitch"": 6.5, ""seed"": 23, ""topology"": ""comb"", ""wall_bot"": 0.1, ""wall_top"": 0.1}"
CB_p0650_f100_x10_s23,comb,expanded foil,0.1,23,d100,6.5,50.0,7.6923076923076925,0.041025641025641026,40.0,0.002273712307214737,0.049659375101327896,"{""backing"": 2.0, ""comb_expand"": 1.0, ""depth"": 50.0, ""face_h"": 60.0, ""face_w"": 60.0, ""jitter"": 0.0, ""margin_depths"": 2.0, ""pitch"": 6.5, ""seed"": 23, ""topology"": ""comb"", ""wall_bot"": 0.1, ""wall_top"": 0.1}"
CB_p0650_f100_x13_s23,comb,expanded foil,0.1,23,d00,6.5,50.0,7.6923076923076925,0.041025641025641026,0.0,0.0019248488824814558,0.04976808652281761,"{""backing"": 2.0, ""comb_expand"": 1.3, ""depth"": 50.0, ""face_h"": 60.0, ""face_w"": 60.0, ""jitter"": 0.0, ""margin_depths"": 2.0, ""pitch"": 6.5, ""seed"": 23, ""topology"": ""comb"", ""wall_bot"": 0.1, ""wall_top"": 0.1}"
CB_p0650_f100_x13_s23,comb,expanded foil,0.1,23,d00,6.5,50.0,7.6923076923076925,0.041025641025641026,-20.0,0.0004740664444398135,0.04975920543074608,"{""backing"": 2.0, ""comb_expand"": 1.3, ""depth"": 50.0, ""face_h"": 60.0, ""face_w"": 60.0, ""jitter"": 0.0, ""margin_depths"": 2.0, ""pitch"": 6.5, ""seed"": 23, ""topology"": ""comb"", ""wall_bot"": 0.1, ""wall_top"": 0.1}"
CB_p0650_f100_x13_s23,comb,expanded foil,0.1,23,d00,6.5,50.0,7.6923076923076925,0.041025641025641026,-40.0,0.0004688762128353119,0.04976888373494148,"{""backing"": 2.0, ""comb_expand"": 1.3, ""depth"": 50.0, ""face_h"": 60.0, ""face_w"": 60.0, ""jitter"": 0.0, ""margin_depths"": 2.0, ""pitch"": 6.5, ""seed"": 23, ""topology"": ""comb"", ""wall_bot"": 0.1, ""wall_top"": 0.1}"
CB_p0650_f100_x13_s23,comb,expanded foil,0.1,23,d00,6.5,50.0,7.6923076923076925,0.041025641025641026,20.0,0.0004645847366191447,0.04976552352309227,"{""backing"": 2.0, ""comb_expand"": 1.3, ""depth"": 50.0, ""face_h"": 60.0, ""face_w"": 60.0, ""jitter"": 0.0, ""margin_depths"": 2.0, ""pitch"": 6.5, ""seed"": 23, ""topology"": ""comb"", ""wall_bot"": 0.1, ""wall_top"": 0.1}"
CB_p0650_f100_x13_s23,comb,expanded foil,0.1,23,d00,6.5,50.0,7.6923076923076925,0.041025641025641026,40.0,0.0004663362633436918,0.049766406416893005,"{""backing"": 2.0, ""comb_expand"": 1.3, ""depth"": 50.0, ""face_h"": 60.0, ""face_w"": 60.0, ""jitter"": 0.0, ""margin_depths"": 2.0, ""pitch"": 6.5, ""seed"": 23, ""topology"": ""comb"", ""wall_bot"": 0.1, ""wall_top"": 0.1}"
CB_p0650_f100_x13_s23,comb,expanded foil,0.1,23,d76,6.5,50.0,7.6923076923076925,0.041025641025641026,0.0,0.0007185410358943045,0.04976000264286995,"{""backing"": 2.0, ""comb_expand"": 1.3, ""depth"": 50.0, ""face_h"": 60.0, ""face_w"": 60.0, ""jitter"": 0.0, ""margin_depths"": 2.0, ""pitch"": 6.5, ""seed"": 23, ""topology"": ""comb"", ""wall_bot"": 0.1, ""wall_top"": 0.1}"
CB_p0650_f100_x13_s23,comb,expanded foil,0.1,23,d76,6.5,50.0,7.6923076923076925,0.041025641025641026,-20.0,0.0011610070941969752,0.0497506782412529,"{""backing"": 2.0, ""comb_expand"": 1.3, ""depth"": 50.0, ""face_h"": 60.0, ""face_w"": 60.0, ""jitter"": 0.0, ""margin_depths"": 2.0, ""pitch"": 6.5, ""seed"": 23, ""topology"": ""comb"", ""wall_bot"": 0.1, ""wall_top"": 0.1}"
CB_p0650_f100_x13_s23,comb,expanded foil,0.1,23,d76,6.5,50.0,7.6923076923076925,0.041025641025641026,-40.0,0.0019429167732596397,0.04975986108183861,"{""backing"": 2.0, ""comb_expand"": 1.3, ""depth"": 50.0, ""face_h"": 60.0, ""face_w"": 60.0, ""jitter"": 0.0, ""margin_depths"": 2.0, ""pitch"": 6.5, ""seed"": 23, ""topology"": ""comb"", ""wall_bot"": 0.1, ""wall_top"": 0.1}"
CB_p0650_f100_x13_s23,comb,expanded foil,0.1,23,d76,6.5,50.0,7.6923076923076925,0.041025641025641026,20.0,0.0011402522213757038,0.04975693300366402,"{""backing"": 2.0, ""comb_expand"": 1.3, ""depth"": 50.0, ""face_h"": 60.0, ""face_w"": 60.0, ""jitter"": 0.0, ""margin_depths"": 2.0, ""pitch"": 6.5, ""seed"": 23, ""topology"": ""comb"", ""wall_bot"": 0.1, ""wall_top"": 0.1}"
CB_p0650_f100_x13_s23,comb,expanded foil,0.1,23,d76,6.5,50.0,7.6923076923076925,0.041025641025641026,40.0,0.0019329586066305637,0.04975787550210953,"{""backing"": 2.0, ""comb_expand"": 1.3, ""depth"": 50.0, ""face_h"": 60.0, ""face_w"": 60.0, ""jitter"": 0.0, ""margin_depths"": 2.0, ""pitch"": 6.5, ""seed"": 23, ""topology"": ""comb"", ""wall_bot"": 0.1, ""wall_top"": 0.1}"
CB_p0650_f100_x13_s23,comb,expanded foil,0.1,23,d100,6.5,50.0,7.6923076923076925,0.041025641025641026,0.0,0.00040021826862357557,0.049757219851017,"{""backing"": 2.0, ""comb_expand"": 1.3, ""depth"": 50.0, ""face_h"": 60.0, ""face_w"": 60.0, ""jitter"": 0.0, ""margin_depths"": 2.0, ""pitch"": 6.5, ""seed"": 23, ""topology"": ""comb"", ""wall_bot"": 0.1, ""wall_top"": 0.1}"
CB_p0650_f100_x13_s23,comb,expanded foil,0.1,23,d100,6.5,50.0,7.6923076923076925,0.041025641025641026,-20.0,0.0013922970974817872,0.04974784329533577,"{""backing"": 2.0, ""comb_expand"": 1.3, ""depth"": 50.0, ""face_h"": 60.0, ""face_w"": 60.0, ""jitter"": 0.0, ""margin_depths"": 2.0, ""pitch"": 6.5, ""seed"": 23, ""topology"": ""comb"", ""wall_bot"": 0.1, ""wall_top"": 0.1}"
CB_p0650_f100_x13_s23,comb,expanded foil,0.1,23,d100,6.5,50.0,7.6923076923076925,0.041025641025641026,-40.0,0.002419412601739168,0.04975711926817894,"{""backing"": 2.0, ""comb_expand"": 1.3, ""depth"": 50.0, ""face_h"": 60.0, ""face_w"": 60.0, ""jitter"": 0.0, ""margin_depths"": 2.0, ""pitch"": 6.5, ""seed"": 23, ""topology"": ""comb"", ""wall_bot"": 0.1, ""wall_top"": 0.1}"
CB_p0650_f100_x13_s23,comb,expanded foil,0.1,23,d100,6.5,50.0,7.6923076923076925,0.041025641025641026,20.0,0.0013712850632146,0.04975435882806778,"{""backing"": 2.0, ""comb_expand"": 1.3, ""depth"": 50.0, ""face_h"": 60.0, ""face_w"": 60.0, ""jitter"": 0.0, ""margin_depths"": 2.0, ""pitch"": 6.5, ""seed"": 23, ""topology"": ""comb"", ""wall_bot"": 0.1, ""wall_top"": 0.1}"
CB_p0650_f100_x13_s23,comb,expanded foil,0.1,23,d100,6.5,50.0,7.6923076923076925,0.041025641025641026,40.0,0.0024093652609735727,0.04975492134690285,"{""backing"": 2.0, ""comb_expand"": 1.3, ""depth"": 50.0, ""face_h"": 60.0, ""face_w"": 60.0, ""jitter"": 0.0, ""margin_depths"": 2.0, ""pitch"": 6.5, ""seed"": 23, ""topology"": ""comb"", ""wall_bot"": 0.1, ""wall_top"": 0.1}"
CB_p0847_f080_x10_s23,comb,expanded foil,0.08,23,d00,8.47,50.0,5.903187721369539,0.02518693427784337,0.0,0.0021867661271244287,0.04984718933701515,"{""backing"": 2.0, ""comb_expand"": 1.0, ""depth"": 50.0, ""face_h"": 60.0, ""face_w"": 60.0, ""jitter"": 0.0, ""margin_depths"": 2.0, ""pitch"": 8.47, ""seed"": 23, ""topology"": ""comb"", ""wall_bot"": 0.08, ""wall_top"": 0.08}"
CB_p0847_f080_x10_s23,comb,expanded foil,0.08,23,d00,8.47,50.0,5.903187721369539,0.02518693427784337,-20.0,0.00039695759187452495,0.04981302097439766,"{""backing"": 2.0, ""comb_expand"": 1.0, ""depth"": 50.0, ""face_h"": 60.0, ""face_w"": 60.0, ""jitter"": 0.0, ""margin_depths"": 2.0, ""pitch"": 8.47, ""seed"": 23, ""topology"": ""comb"", ""wall_bot"": 0.08, ""wall_top"": 0.08}"
CB_p0847_f080_x10_s23,comb,expanded foil,0.08,23,d00,8.47,50.0,5.903187721369539,0.02518693427784337,-40.0,0.00035860270145349205,0.04980285465717316,"{""backing"": 2.0, ""comb_expand"": 1.0, ""depth"": 50.0, ""face_h"": 60.0, ""face_w"": 60.0, ""jitter"": 0.0, ""margin_depths"": 2.0, ""pitch"": 8.47, ""seed"": 23, ""topology"": ""comb"", ""wall_bot"": 0.08, ""wall_top"": 0.08}"
CB_p0847_f080_x10_s23,comb,expanded foil,0.08,23,d00,8.47,50.0,5.903187721369539,0.02518693427784337,20.0,0.0003744424320757389,0.049813162535429,"{""backing"": 2.0, ""comb_expand"": 1.0, ""depth"": 50.0, ""face_h"": 60.0, ""face_w"": 60.0, ""jitter"": 0.0, ""margin_depths"": 2.0, ""pitch"": 8.47, ""seed"": 23, ""topology"": ""comb"", ""wall_bot"": 0.08, ""wall_top"": 0.08}"
CB_p0847_f080_x10_s23,comb,expanded foil,0.08,23,d00,8.47,50.0,5.903187721369539,0.02518693427784337,40.0,0.00035256947739981115,0.04980837553739548,"{""backing"": 2.0, ""comb_expand"": 1.0, ""depth"": 50.0, ""face_h"": 60.0, ""face_w"": 60.0, ""jitter"": 0.0, ""margin_depths"": 2.0, ""pitch"": 8.47, ""seed"": 23, ""topology"": ""comb"", ""wall_bot"": 0.08, ""wall_top"": 0.08}"
CB_p0847_f080_x10_s23,comb,expanded foil,0.08,23,d76,8.47,50.0,5.903187721369539,0.02518693427784337,0.0,0.0007162531255744398,0.04984233155846596,"{""backing"": 2.0, ""comb_expand"": 1.0, ""depth"": 50.0, ""face_h"": 60.0, ""face_w"": 60.0, ""jitter"": 0.0, ""margin_depths"": 2.0, ""pitch"": 8.47, ""seed"": 23, ""topology"": ""comb"", ""wall_bot"": 0.08, ""wall_top"": 0.08}"
CB_p0847_f080_x10_s23,comb,expanded foil,0.08,23,d76,8.47,50.0,5.903187721369539,0.02518693427784337,-20.0,0.001042946008965373,0.04980634152889252,"{""backing"": 2.0, ""comb_expand"": 1.0, ""depth"": 50.0, ""face_h"": 60.0, ""face_w"": 60.0, ""jitter"": 0.0, ""margin_depths"": 2.0, ""pitch"": 8.47, ""seed"": 23, ""topology"": ""comb"", ""wall_bot"": 0.08, ""wall_top"": 0.08}"
CB_p0847_f080_x10_s23,comb,expanded foil,0.08,23,d76,8.47,50.0,5.903187721369539,0.02518693427784337,-40.0,0.0017666913336142898,0.049796491861343384,"{""backing"": 2.0, ""comb_expand"": 1.0, ""depth"": 50.0, ""face_h"": 60.0, ""face_w"": 60.0, ""jitter"": 0.0, ""margin_depths"": 2.0, ""pitch"": 8.47, ""seed"": 23, ""topology"": ""comb"", ""wall_bot"": 0.08, ""wall_top"": 0.08}"
CB_p0847_f080_x10_s23,comb,expanded foil,0.08,23,d76,8.47,50.0,5.903187721369539,0.02518693427784337,20.0,0.0009640837088227272,0.04980684816837311,"{""backing"": 2.0, ""comb_expand"": 1.0, ""depth"": 50.0, ""face_h"": 60.0, ""face_w"": 60.0, ""jitter"": 0.0, ""margin_depths"": 2.0, ""pitch"": 8.47, ""seed"": 23, ""topology"": ""comb"", ""wall_bot"": 0.08, ""wall_top"": 0.08}"
CB_p0847_f080_x10_s23,comb,expanded foil,0.08,23,d76,8.47,50.0,5.903187721369539,0.02518693427784337,40.0,0.001682709320448339,0.049803026020526886,"{""backing"": 2.0, ""comb_expand"": 1.0, ""depth"": 50.0, ""face_h"": 60.0, ""face_w"": 60.0, ""jitter"": 0.0, ""margin_depths"": 2.0, ""pitch"": 8.47, ""seed"": 23, ""topology"": ""comb"", ""wall_bot"": 0.08, ""wall_top"": 0.08}"
CB_p0847_f080_x10_s23,comb,expanded foil,0.08,23,d100,8.47,50.0,5.903187721369539,0.02518693427784337,0.0,0.00032626991742290556,0.04984060674905777,"{""backing"": 2.0, ""comb_expand"": 1.0, ""depth"": 50.0, ""face_h"": 60.0, ""face_w"": 60.0, ""jitter"": 0.0, ""margin_depths"": 2.0, ""pitch"": 8.47, ""seed"": 23, ""topology"": ""comb"", ""wall_bot"": 0.08, ""wall_top"": 0.08}"
CB_p0847_f080_x10_s23,comb,expanded foil,0.08,23,d100,8.47,50.0,5.903187721369539,0.02518693427784337,-20.0,0.0012514590052887797,0.049803975969552994,"{""backing"": 2.0, ""comb_expand"": 1.0, ""depth"": 50.0, ""face_h"": 60.0, ""face_w"": 60.0, ""jitter"": 0.0, ""margin_depths"": 2.0, ""pitch"": 8.47, ""seed"": 23, ""topology"": ""comb"", ""wall_bot"": 0.08, ""wall_top"": 0.08}"
CB_p0847_f080_x10_s23,comb,expanded foil,0.08,23,d100,8.47,50.0,5.903187721369539,0.02518693427784337,-40.0,0.0022157097700983286,0.04979480057954788,"{""backing"": 2.0, ""comb_expand"": 1.0, ""depth"": 50.0, ""face_h"": 60.0, ""face_w"": 60.0, ""jitter"": 0.0, ""margin_depths"": 2.0, ""pitch"": 8.47, ""seed"": 23, ""topology"": ""comb"", ""wall_bot"": 0.08, ""wall_top"": 0.08}"
CB_p0847_f080_x10_s23,comb,expanded foil,0.08,23,d100,8.47,50.0,5.903187721369539,0.02518693427784337,20.0,0.0011568175395950675,0.04980443790555,"{""backing"": 2.0, ""comb_expand"": 1.0, ""depth"": 50.0, ""face_h"": 60.0, ""face_w"": 60.0, ""jitter"": 0.0, ""margin_depths"": 2.0, ""pitch"": 8.47, ""seed"": 23, ""topology"": ""comb"", ""wall_bot"": 0.08, ""wall_top"": 0.08}"
CB_p0847_f080_x10_s23,comb,expanded foil,0.08,23,d100,8.47,50.0,5.903187721369539,0.02518693427784337,40.0,0.0021153842099010944,0.04980052262544632,"{""backing"": 2.0, ""comb_expand"": 1.0, ""depth"": 50.0, ""face_h"": 60.0, ""face_w"": 60.0, ""jitter"": 0.0, ""margin_depths"": 2.0, ""pitch"": 8.47, ""seed"": 23, ""topology"": ""comb"", ""wall_bot"": 0.08, ""wall_top"": 0.08}"
CB_p0847_f080_x13_s23,comb,expanded foil,0.08,23,d00,8.47,50.0,5.903187721369539,0.02518693427784337,0.0,0.0024708358105272055,0.04974494129419327,"{""backing"": 2.0, ""comb_expand"": 1.3, ""depth"": 50.0, ""face_h"": 60.0, ""face_w"": 60.0, ""jitter"": 0.0, ""margin_depths"": 2.0, ""pitch"": 8.47, ""seed"": 23, ""topology"": ""comb"", ""wall_bot"": 0.08, ""wall_top"": 0.08}"
CB_p0847_f080_x13_s23,comb,expanded foil,0.08,23,d00,8.47,50.0,5.903187721369539,0.02518693427784337,-20.0,0.00034037098521366715,0.049692511558532715,"{""backing"": 2.0, ""comb_expand"": 1.3, ""depth"": 50.0, ""face_h"": 60.0, ""face_w"": 60.0, ""jitter"": 0.0, ""margin_depths"": 2.0, ""pitch"": 8.47, ""seed"": 23, ""topology"": ""comb"", ""wall_bot"": 0.08, ""wall_top"": 0.08}"
CB_p0847_f080_x13_s23,comb,expanded foil,0.08,23,d00,8.47,50.0,5.903187721369539,0.02518693427784337,-40.0,0.0003043753677047789,0.049690403044223785,"{""backing"": 2.0, ""comb_expand"": 1.3, ""depth"": 50.0, ""face_h"": 60.0, ""face_w"": 60.0, ""jitter"": 0.0, ""margin_depths"": 2.0, ""pitch"": 8.47, ""seed"": 23, ""topology"": ""comb"", ""wall_bot"": 0.08, ""wall_top"": 0.08}"
CB_p0847_f080_x13_s23,comb,expanded foil,0.08,23,d00,8.47,50.0,5.903187721369539,0.02518693427784337,20.0,0.00033208163222298026,0.049690939486026764,"{""backing"": 2.0, ""comb_expand"": 1.3, ""depth"": 50.0, ""face_h"": 60.0, ""face_w"": 60.0, ""jitter"": 0.0, ""margin_depths"": 2.0, ""pitch"": 8.47, ""seed"": 23, ""topology"": ""comb"", ""wall_bot"": 0.08, ""wall_top"": 0.08}"
CB_p0847_f080_x13_s23,comb,expanded foil,0.08,23,d00,8.47,50.0,5.903187721369539,0.02518693427784337,40.0,0.00030369532760232687,0.049693573266267776,"{""backing"": 2.0, ""comb_expand"": 1.3, ""depth"": 50.0, ""face_h"": 60.0, ""face_w"": 60.0, ""jitter"": 0.0, ""margin_depths"": 2.0, ""pitch"": 8.47, ""seed"": 23, ""topology"": ""comb"", ""wall_bot"": 0.08, ""wall_top"": 0.08}"
CB_p0847_f080_x13_s23,comb,expanded foil,0.08,23,d76,8.47,50.0,5.903187721369539,0.02518693427784337,0.0,0.0007616837974637747,0.049736388027668,"{""backing"": 2.0, ""comb_expand"": 1.3, ""depth"": 50.0, ""face_h"": 60.0, ""face_w"": 60.0, ""jitter"": 0.0, ""margin_depths"": 2.0, ""pitch"": 8.47, ""seed"": 23, ""topology"": ""comb"", ""wall_bot"": 0.08, ""wall_top"": 0.08}"
CB_p0847_f080_x13_s23,comb,expanded foil,0.08,23,d76,8.47,50.0,5.903187721369539,0.02518693427784337,-20.0,0.001082944800145924,0.04968204349279404,"{""backing"": 2.0, ""comb_expand"": 1.3, ""depth"": 50.0, ""face_h"": 60.0, ""face_w"": 60.0, ""jitter"": 0.0, ""margin_depths"": 2.0, ""pitch"": 8.47, ""seed"": 23, ""topology"": ""comb"", ""wall_bot"": 0.08, ""wall_top"": 0.08}"
CB_p0847_f080_x13_s23,comb,expanded foil,0.08,23,d76,8.47,50.0,5.903187721369539,0.02518693427784337,-40.0,0.0018547638319432735,0.04967867583036423,"{""backing"": 2.0, ""comb_expand"": 1.3, ""depth"": 50.0, ""face_h"": 60.0, ""face_w"": 60.0, ""jitter"": 0.0, ""margin_depths"": 2.0, ""pitch"": 8.47, ""seed"": 23, ""topology"": ""comb"", ""wall_bot"": 0.08, ""wall_top"": 0.08}"
CB_p0847_f080_x13_s23,comb,expanded foil,0.08,23,d76,8.47,50.0,5.903187721369539,0.02518693427784337,20.0,0.0009907424682751298,0.049680158495903015,"{""backing"": 2.0, ""comb_expand"": 1.3, ""depth"": 50.0, ""face_h"": 60.0, ""face_w"": 60.0, ""jitter"": 0.0, ""margin_depths"": 2.0, ""pitch"": 8.47, ""seed"": 23, ""topology"": ""comb"", ""wall_bot"": 0.08, ""wall_top"": 0.08}"
CB_p0847_f080_x13_s23,comb,expanded foil,0.08,23,d76,8.47,50.0,5.903187721369539,0.02518693427784337,40.0,0.0017918068915605545,0.04968229681253433,"{""backing"": 2.0, ""comb_expand"": 1.3, ""depth"": 50.0, ""face_h"": 60.0, ""face_w"": 60.0, ""jitter"": 0.0, ""margin_depths"": 2.0, ""pitch"": 8.47, ""seed"": 23, ""topology"": ""comb"", ""wall_bot"": 0.08, ""wall_top"": 0.08}"
CB_p0847_f080_x13_s23,comb,expanded foil,0.08,23,d100,8.47,50.0,5.903187721369539,0.02518693427784337,0.0,0.0002988498308695853,0.04973307624459267,"{""backing"": 2.0, ""comb_expand"": 1.3, ""depth"": 50.0, ""face_h"": 60.0, ""face_w"": 60.0, ""jitter"": 0.0, ""margin_depths"": 2.0, ""pitch"": 8.47, ""seed"": 23, ""topology"": ""comb"", ""wall_bot"": 0.08, ""wall_top"": 0.08}"
CB_p0847_f080_x13_s23,comb,expanded foil,0.08,23,d100,8.47,50.0,5.903187721369539,0.02518693427784337,-20.0,0.0013286629691720009,0.0496789924800396,"{""backing"": 2.0, ""comb_expand"": 1.3, ""depth"": 50.0, ""face_h"": 60.0, ""face_w"": 60.0, ""jitter"": 0.0, ""margin_depths"": 2.0, ""pitch"": 8.47, ""seed"": 23, ""topology"": ""comb"", ""wall_bot"": 0.08, ""wall_top"": 0.08}"
CB_p0847_f080_x13_s23,comb,expanded foil,0.08,23,d100,8.47,50.0,5.903187721369539,0.02518693427784337,-40.0,0.0023564083967357874,0.049674730747938156,"{""backing"": 2.0, ""comb_expand"": 1.3, ""depth"": 50.0, ""face_h"": 60.0, ""face_w"": 60.0, ""jitter"": 0.0, ""margin_depths"": 2.0, ""pitch"": 8.47, ""seed"": 23, ""topology"": ""comb"", ""wall_bot"": 0.08, ""wall_top"": 0.08}"
CB_p0847_f080_x13_s23,comb,expanded foil,0.08,23,d100,8.47,50.0,5.903187721369539,0.02518693427784337,20.0,0.001218928606249392,0.049676258116960526,"{""backing"": 2.0, ""comb_expand"": 1.3, ""depth"": 50.0, ""face_h"": 60.0, ""face_w"": 60.0, ""jitter"": 0.0, ""margin_depths"": 2.0, ""pitch"": 8.47, ""seed"": 23, ""topology"": ""comb"", ""wall_bot"": 0.08, ""wall_top"": 0.08}"
CB_p0847_f080_x13_s23,comb,expanded foil,0.08,23,d100,8.47,50.0,5.903187721369539,0.02518693427784337,40.0,0.0022702058777213097,0.04967827722430229,"{""backing"": 2.0, ""comb_expand"": 1.3, ""depth"": 50.0, ""face_h"": 60.0, ""face_w"": 60.0, ""jitter"": 0.0, ""margin_depths"": 2.0, ""pitch"": 8.47, ""seed"": 23, ""topology"": ""comb"", ""wall_bot"": 0.08, ""wall_top"": 0.08}"
CB_p0952_f100_x10_s23,comb,expanded foil,0.1,23,d00,9.53,50.0,5.246589716684156,0.027981811822315492,0.0,0.0025056134909391403,0.04963527247309685,"{""backing"": 2.0, ""comb_expand"": 1.0, ""depth"": 50.0, ""face_h"": 60.0, ""face_w"": 60.0, ""jitter"": 0.0, ""margin_depths"": 2.0, ""pitch"": 9.53, ""seed"": 23, ""topology"": ""comb"", ""wall_bot"": 0.1, ""wall_top"": 0.1}"
CB_p0952_f100_x10_s23,comb,expanded foil,0.1,23,d00,9.53,50.0,5.246589716684156,0.027981811822315492,-20.0,0.00042291698628105223,0.04960191249847412,"{""backing"": 2.0, ""comb_expand"": 1.0, ""depth"": 50.0, ""face_h"": 60.0, ""face_w"": 60.0, ""jitter"": 0.0, ""margin_depths"": 2.0, ""pitch"": 9.53, ""seed"": 23, ""topology"": ""comb"", ""wall_bot"": 0.1, ""wall_top"": 0.1}"
CB_p0952_f100_x10_s23,comb,expanded foil,0.1,23,d00,9.53,50.0,5.246589716684156,0.027981811822315492,-40.0,0.00040185890975408256,0.04959458112716675,"{""backing"": 2.0, ""comb_expand"": 1.0, ""depth"": 50.0, ""face_h"": 60.0, ""face_w"": 60.0, ""jitter"": 0.0, ""margin_depths"": 2.0, ""pitch"": 9.53, ""seed"": 23, ""topology"": ""comb"", ""wall_bot"": 0.1, ""wall_top"": 0.1}"
CB_p0952_f100_x10_s23,comb,expanded foil,0.1,23,d00,9.53,50.0,5.246589716684156,0.027981811822315492,20.0,0.0004273948143236339,0.04959971830248833,"{""backing"": 2.0, ""comb_expand"": 1.0, ""depth"": 50.0, ""face_h"": 60.0, ""face_w"": 60.0, ""jitter"": 0.0, ""margin_depths"": 2.0, ""pitch"": 9.53, ""seed"": 23, ""topology"": ""comb"", ""wall_bot"": 0.1, ""wall_top"": 0.1}"
CB_p0952_f100_x10_s23,comb,expanded foil,0.1,23,d00,9.53,50.0,5.246589716684156,0.027981811822315492,40.0,0.00040586042450740933,0.04959815740585327,"{""backing"": 2.0, ""comb_expand"": 1.0, ""depth"": 50.0, ""face_h"": 60.0, ""face_w"": 60.0, ""jitter"": 0.0, ""margin_depths"": 2.0, ""pitch"": 9.53, ""seed"": 23, ""topology"": ""comb"", ""wall_bot"": 0.1, ""wall_top"": 0.1}"
CB_p0952_f100_x10_s23,comb,expanded foil,0.1,23,d76,9.53,50.0,5.246589716684156,0.027981811822315492,0.0,0.000836063118185848,0.0496215894818306,"{""backing"": 2.0, ""comb_expand"": 1.0, ""depth"": 50.0, ""face_h"": 60.0, ""face_w"": 60.0, ""jitter"": 0.0, ""margin_depths"": 2.0, ""pitch"": 9.53, ""seed"": 23, ""topology"": ""comb"", ""wall_bot"": 0.1, ""wall_top"": 0.1}"
CB_p0952_f100_x10_s23,comb,expanded foil,0.1,23,d76,9.53,50.0,5.246589716684156,0.027981811822315492,-20.0,0.001045418088324368,0.049584727734327316,"{""backing"": 2.0, ""comb_expand"": 1.0, ""depth"": 50.0, ""face_h"": 60.0, ""face_w"": 60.0, ""jitter"": 0.0, ""margin_depths"": 2.0, ""pitch"": 9.53, ""seed"": 23, ""topology"": ""comb"", ""wall_bot"": 0.1, ""wall_top"": 0.1}"
CB_p0952_f100_x10_s23,comb,expanded foil,0.1,23,d76,9.53,50.0,5.246589716684156,0.027981811822315492,-40.0,0.0017271110555157065,0.04957721382379532,"{""backing"": 2.0, ""comb_expand"": 1.0, ""depth"": 50.0, ""face_h"": 60.0, ""face_w"": 60.0, ""jitter"": 0.0, ""margin_depths"": 2.0, ""pitch"": 9.53, ""seed"": 23, ""topology"": ""comb"", ""wall_bot"": 0.1, ""wall_top"": 0.1}"
CB_p0952_f100_x10_s23,comb,expanded foil,0.1,23,d76,9.53,50.0,5.246589716684156,0.027981811822315492,20.0,0.0010576285421848297,0.04958274960517883,"{""backing"": 2.0, ""comb_expand"": 1.0, ""depth"": 50.0, ""face_h"": 60.0, ""face_w"": 60.0, ""jitter"": 0.0, ""margin_depths"": 2.0, ""pitch"": 9.53, ""seed"": 23, ""topology"": ""comb"", ""wall_bot"": 0.1, ""wall_top"": 0.1}"
CB_p0952_f100_x10_s23,comb,expanded foil,0.1,23,d76,9.53,50.0,5.246589716684156,0.027981811822315492,40.0,0.0017732401611283422,0.049582719802856445,"{""backing"": 2.0, ""comb_expand"": 1.0, ""depth"": 50.0, ""face_h"": 60.0, ""face_w"": 60.0, ""jitter"": 0.0, ""margin_depths"": 2.0, ""pitch"": 9.53, ""seed"": 23, ""topology"": ""comb"", ""wall_bot"": 0.1, ""wall_top"": 0.1}"
CB_p0952_f100_x10_s23,comb,expanded foil,0.1,23,d100,9.53,50.0,5.246589716684156,0.027981811822315492,0.0,0.00038257287815213203,0.04961755499243736,"{""backing"": 2.0, ""comb_expand"": 1.0, ""depth"": 50.0, ""face_h"": 60.0, ""face_w"": 60.0, ""jitter"": 0.0, ""margin_depths"": 2.0, ""pitch"": 9.53, ""seed"": 23, ""topology"": ""comb"", ""wall_bot"": 0.1, ""wall_top"": 0.1}"
CB_p0952_f100_x10_s23,comb,expanded foil,0.1,23,d100,9.53,50.0,5.246589716684156,0.027981811822315492,-20.0,0.001245040912181139,0.049579448997974396,"{""backing"": 2.0, ""comb_expand"": 1.0, ""depth"": 50.0, ""face_h"": 60.0, ""face_w"": 60.0, ""jitter"": 0.0, ""margin_depths"": 2.0, ""pitch"": 9.53, ""seed"": 23, ""topology"": ""comb"", ""wall_bot"": 0.1, ""wall_top"": 0.1}"
CB_p0952_f100_x10_s23,comb,expanded foil,0.1,23,d100,9.53,50.0,5.246589716684156,0.027981811822315492,-40.0,0.0021567100193351507,0.04957187920808792,"{""backing"": 2.0, ""comb_expand"": 1.0, ""depth"": 50.0, ""face_h"": 60.0, ""face_w"": 60.0, ""jitter"": 0.0, ""margin_depths"": 2.0, ""pitch"": 9.53, ""seed"": 23, ""topology"": ""comb"", ""wall_bot"": 0.1, ""wall_top"": 0.1}"
CB_p0952_f100_x10_s23,comb,expanded foil,0.1,23,d100,9.53,50.0,5.246589716684156,0.027981811822315492,20.0,0.0012634291779249907,0.04957796260714531,"{""backing"": 2.0, ""comb_expand"": 1.0, ""depth"": 50.0, ""face_h"": 60.0, ""face_w"": 60.0, ""jitter"": 0.0, ""margin_depths"": 2.0, ""pitch"": 9.53, ""seed"": 23, ""topology"": ""comb"", ""wall_bot"": 0.1, ""wall_top"": 0.1}"
CB_p0952_f100_x10_s23,comb,expanded foil,0.1,23,d100,9.53,50.0,5.246589716684156,0.027981811822315492,40.0,0.002211502054706216,0.04957832768559456,"{""backing"": 2.0, ""comb_expand"": 1.0, ""depth"": 50.0, ""face_h"": 60.0, ""face_w"": 60.0, ""jitter"": 0.0, ""margin_depths"": 2.0, ""pitch"": 9.53, ""seed"": 23, ""topology"": ""comb"", ""wall_bot"": 0.1, ""wall_top"": 0.1}"
CB_p0952_f100_x13_s23,comb,expanded foil,0.1,23,d00,9.53,50.0,5.246589716684156,0.027981811822315492,0.0,0.00281268497928977,0.04965190961956978,"{""backing"": 2.0, ""comb_expand"": 1.3, ""depth"": 50.0, ""face_h"": 60.0, ""face_w"": 60.0, ""jitter"": 0.0, ""margin_depths"": 2.0, ""pitch"": 9.53, ""seed"": 23, ""topology"": ""comb"", ""wall_bot"": 0.1, ""wall_top"": 0.1}"
CB_p0952_f100_x13_s23,comb,expanded foil,0.1,23,d00,9.53,50.0,5.246589716684156,0.027981811822315492,-20.0,0.0003630409191828221,0.049630820751190186,"{""backing"": 2.0, ""comb_expand"": 1.3, ""depth"": 50.0, ""face_h"": 60.0, ""face_w"": 60.0, ""jitter"": 0.0, ""margin_depths"": 2.0, ""pitch"": 9.53, ""seed"": 23, ""topology"": ""comb"", ""wall_bot"": 0.1, ""wall_top"": 0.1}"
CB_p0952_f100_x13_s23,comb,expanded foil,0.1,23,d00,9.53,50.0,5.246589716684156,0.027981811822315492,-40.0,0.0003258921788074076,0.049629997462034225,"{""backing"": 2.0, ""comb_expand"": 1.3, ""depth"": 50.0, ""face_h"": 60.0, ""face_w"": 60.0, ""jitter"": 0.0, ""margin_depths"": 2.0, ""pitch"": 9.53, ""seed"": 23, ""topology"": ""comb"", ""wall_bot"": 0.1, ""wall_top"": 0.1}"
CB_p0952_f100_x13_s23,comb,expanded foil,0.1,23,d00,9.53,50.0,5.246589716684156,0.027981811822315492,20.0,0.000368747569154948,0.04962802678346634,"{""backing"": 2.0, ""comb_expand"": 1.3, ""depth"": 50.0, ""face_h"": 60.0, ""face_w"": 60.0, ""jitter"": 0.0, ""margin_depths"": 2.0, ""pitch"": 9.53, ""seed"": 23, ""topology"": ""comb"", ""wall_bot"": 0.1, ""wall_top"": 0.1}"
CB_p0952_f100_x13_s23,comb,expanded foil,0.1,23,d00,9.53,50.0,5.246589716684156,0.027981811822315492,40.0,0.0003340529801789671,0.04962606355547905,"{""backing"": 2.0, ""comb_expand"": 1.3, ""depth"": 50.0, ""face_h"": 60.0, ""face_w"": 60.0, ""jitter"": 0.0, ""margin_depths"": 2.0, ""pitch"": 9.53, ""seed"": 23, ""topology"": ""comb"", ""wall_bot"": 0.1, ""wall_top"": 0.1}"
CB_p0952_f100_x13_s23,comb,expanded foil,0.1,23,d76,9.53,50.0,5.246589716684156,0.027981811822315492,0.0,0.0008809586288407445,0.04963893070816994,"{""backing"": 2.0, ""comb_expand"": 1.3, ""depth"": 50.0, ""face_h"": 60.0, ""face_w"": 60.0, ""jitter"": 0.0, ""margin_depths"": 2.0, ""pitch"": 9.53, ""seed"": 23, ""topology"": ""comb"", ""wall_bot"": 0.1, ""wall_top"": 0.1}"
CB_p0952_f100_x13_s23,comb,expanded foil,0.1,23,d76,9.53,50.0,5.246589716684156,0.027981811822315492,-20.0,0.0010572356404736638,0.04961656033992767,"{""backing"": 2.0, ""comb_expand"": 1.3, ""depth"": 50.0, ""face_h"": 60.0, ""face_w"": 60.0, ""jitter"": 0.0, ""margin_depths"": 2.0, ""pitch"": 9.53, ""seed"": 23, ""topology"": ""comb"", ""wall_bot"": 0.1, ""wall_top"": 0.1}"
CB_p0952_f100_x13_s23,comb,expanded foil,0.1,23,d76,9.53,50.0,5.246589716684156,0.027981811822315492,-40.0,0.0018220505444332957,0.04961494728922844,"{""backing"": 2.0, ""comb_expand"": 1.3, ""depth"": 50.0, ""face_h"": 60.0, ""face_w"": 60.0, ""jitter"": 0.0, ""margin_depths"": 2.0, ""pitch"": 9.53, ""seed"": 23, ""topology"": ""comb"", ""wall_bot"": 0.1, ""wall_top"": 0.1}"
CB_p0952_f100_x13_s23,comb,expanded foil,0.1,23,d76,9.53,50.0,5.246589716684156,0.027981811822315492,20.0,0.0010919473133981228,0.04961368069052696,"{""backing"": 2.0, ""comb_expand"": 1.3, ""depth"": 50.0, ""face_h"": 60.0, ""face_w"": 60.0, ""jitter"": 0.0, ""margin_depths"": 2.0, ""pitch"": 9.53, ""seed"": 23, ""topology"": ""comb"", ""wall_bot"": 0.1, ""wall_top"": 0.1}"
CB_p0952_f100_x13_s23,comb,expanded foil,0.1,23,d76,9.53,50.0,5.246589716684156,0.027981811822315492,40.0,0.0018838811665773392,0.04961283877491951,"{""backing"": 2.0, ""comb_expand"": 1.3, ""depth"": 50.0, ""face_h"": 60.0, ""face_w"": 60.0, ""jitter"": 0.0, ""margin_depths"": 2.0, ""pitch"": 9.53, ""seed"": 23, ""topology"": ""comb"", ""wall_bot"": 0.1, ""wall_top"": 0.1}"
CB_p0952_f100_x13_s23,comb,expanded foil,0.1,23,d100,9.53,50.0,5.246589716684156,0.027981811822315492,0.0,0.0003498948353808373,0.049635063856840134,"{""backing"": 2.0, ""comb_expand"": 1.3, ""depth"": 50.0, ""face_h"": 60.0, ""face_w"": 60.0, ""jitter"": 0.0, ""margin_depths"": 2.0, ""pitch"": 9.53, ""seed"": 23, ""topology"": ""comb"", ""wall_bot"": 0.1, ""wall_top"": 0.1}"
CB_p0952_f100_x13_s23,comb,expanded foil,0.1,23,d100,9.53,50.0,5.246589716684156,0.027981811822315492,-20.0,0.001301091630011797,0.04961250722408295,"{""backing"": 2.0, ""comb_expand"": 1.3, ""depth"": 50.0, ""face_h"": 60.0, ""face_w"": 60.0, ""jitter"": 0.0, ""margin_depths"": 2.0, ""pitch"": 9.53, ""seed"": 23, ""topology"": ""comb"", ""wall_bot"": 0.1, ""wall_top"": 0.1}"
CB_p0952_f100_x13_s23,comb,expanded foil,0.1,23,d100,9.53,50.0,5.246589716684156,0.027981811822315492,-40.0,0.0023097151424735785,0.04961106553673744,"{""backing"": 2.0, ""comb_expand"": 1.3, ""depth"": 50.0, ""face_h"": 60.0, ""face_w"": 60.0, ""jitter"": 0.0, ""margin_depths"": 2.0, ""pitch"": 9.53, ""seed"": 23, ""topology"": ""comb"", ""wall_bot"": 0.1, ""wall_top"": 0.1}"
CB_p0952_f100_x13_s23,comb,expanded foil,0.1,23,d100,9.53,50.0,5.246589716684156,0.027981811822315492,20.0,0.0013303523883223534,0.049609482288360596,"{""backing"": 2.0, ""comb_expand"": 1.3, ""depth"": 50.0, ""face_h"": 60.0, ""face_w"": 60.0, ""jitter"": 0.0, ""margin_depths"": 2.0, ""pitch"": 9.53, ""seed"": 23, ""topology"": ""comb"", ""wall_bot"": 0.1, ""wall_top"": 0.1}"
CB_p0952_f100_x13_s23,comb,expanded foil,0.1,23,d100,9.53,50.0,5.246589716684156,0.027981811822315492,40.0,0.0023812386207282543,0.049608565866947174,"{""backing"": 2.0, ""comb_expand"": 1.3, ""depth"": 50.0, ""face_h"": 60.0, ""face_w"": 60.0, ""jitter"": 0.0, ""margin_depths"": 2.0, ""pitch"": 9.53, ""seed"": 23, ""topology"": ""comb"", ""wall_bot"": 0.1, ""wall_top"": 0.1}"
CB_p0317_f040_x10_s101,comb,expanded foil,0.04,101,d00,3.17,50.0,15.772870662460567,0.03364879074658255,0.0,0.0007133428589440882,0.04999997094273567,"{""backing"": 2.0, ""comb_expand"": 1.0, ""depth"": 50.0, ""face_h"": 60.0, ""face_w"": 60.0, ""jitter"": 0.0, ""margin_depths"": 2.0, ""pitch"": 3.17, ""seed"": 101, ""topology"": ""comb"", ""wall_bot"": 0.04, ""wall_top"": 0.04}"
CB_p0317_f040_x10_s101,comb,expanded foil,0.04,101,d00,3.17,50.0,15.772870662460567,0.03364879074658255,-20.0,0.00044691734365187585,0.04999997094273567,"{""backing"": 2.0, ""comb_expand"": 1.0, ""depth"": 50.0, ""face_h"": 60.0, ""face_w"": 60.0, ""jitter"": 0.0, ""margin_depths"": 2.0, ""pitch"": 3.17, ""seed"": 101, ""topology"": ""comb"", ""wall_bot"": 0.04, ""wall_top"": 0.04}"
CB_p0317_f040_x10_s101,comb,expanded foil,0.04,101,d00,3.17,50.0,15.772870662460567,0.03364879074658255,-40.0,0.0004377825534902513,0.04999997094273567,"{""backing"": 2.0, ""comb_expand"": 1.0, ""depth"": 50.0, ""face_h"": 60.0, ""face_w"": 60.0, ""jitter"": 0.0, ""margin_depths"": 2.0, ""pitch"": 3.17, ""seed"": 101, ""topology"": ""comb"", ""wall_bot"": 0.04, ""wall_top"": 0.04}"
CB_p0317_f040_x10_s101,comb,expanded foil,0.04,101,d00,3.17,50.0,15.772870662460567,0.03364879074658255,20.0,0.0004432547139003873,0.04999997094273567,"{""backing"": 2.0, ""comb_expand"": 1.0, ""depth"": 50.0, ""face_h"": 60.0, ""face_w"": 60.0, ""jitter"": 0.0, ""margin_depths"": 2.0, ""pitch"": 3.17, ""seed"": 101, ""topology"": ""comb"", ""wall_bot"": 0.04, ""wall_top"": 0.04}"
CB_p0317_f040_x10_s101,comb,expanded foil,0.04,101,d00,3.17,50.0,15.772870662460567,0.03364879074658255,40.0,0.0004383261257316917,0.04999997094273567,"{""backing"": 2.0, ""comb_expand"": 1.0, ""depth"": 50.0, ""face_h"": 60.0, ""face_w"": 60.0, ""jitter"": 0.0, ""margin_depths"": 2.0, ""pitch"": 3.17, ""seed"": 101, ""topology"": ""comb"", ""wall_bot"": 0.04, ""wall_top"": 0.04}"
CB_p0317_f040_x10_s101,comb,expanded foil,0.04,101,d76,3.17,50.0,15.772870662460567,0.03364879074658255,0.0,0.00041113878251053393,0.04999997094273567,"{""backing"": 2.0, ""comb_expand"": 1.0, ""depth"": 50.0, ""face_h"": 60.0, ""face_w"": 60.0, ""jitter"": 0.0, ""margin_depths"": 2.0, ""pitch"": 3.17, ""seed"": 101, ""topology"": ""comb"", ""wall_bot"": 0.04, ""wall_top"": 0.04}"
CB_p0317_f040_x10_s101,comb,expanded foil,0.04,101,d76,3.17,50.0,15.772870662460567,0.03364879074658255,-20.0,0.0009659217903390527,0.04999997094273567,"{""backing"": 2.0, ""comb_expand"": 1.0, ""depth"": 50.0, ""face_h"": 60.0, ""face_w"": 60.0, ""jitter"": 0.0, ""margin_depths"": 2.0, ""pitch"": 3.17, ""seed"": 101, ""topology"": ""comb"", ""wall_bot"": 0.04, ""wall_top"": 0.04}"
CB_p0317_f040_x10_s101,comb,expanded foil,0.04,101,d76,3.17,50.0,15.772870662460567,0.03364879074658255,-40.0,0.0015876581892371178,0.04999997094273567,"{""backing"": 2.0, ""comb_expand"": 1.0, ""depth"": 50.0, ""face_h"": 60.0, ""face_w"": 60.0, ""jitter"": 0.0, ""margin_depths"": 2.0, ""pitch"": 3.17, ""seed"": 101, ""topology"": ""comb"", ""wall_bot"": 0.04, ""wall_top"": 0.04}"
CB_p0317_f040_x10_s101,comb,expanded foil,0.04,101,d76,3.17,50.0,15.772870662460567,0.03364879074658255,20.0,0.0009573044953867793,0.04999997094273567,"{""backing"": 2.0, ""comb_expand"": 1.0, ""depth"": 50.0, ""face_h"": 60.0, ""face_w"": 60.0, ""jitter"": 0.0, ""margin_depths"": 2.0, ""pitch"": 3.17, ""seed"": 101, ""topology"": ""comb"", ""wall_bot"": 0.04, ""wall_top"": 0.04}"
CB_p0317_f040_x10_s101,comb,expanded foil,0.04,101,d76,3.17,50.0,15.772870662460567,0.03364879074658255,40.0,0.0015506992349401116,0.04999997094273567,"{""backing"": 2.0, ""comb_expand"": 1.0, ""depth"": 50.0, ""face_h"": 60.0, ""face_w"": 60.0, ""jitter"": 0.0, ""margin_depths"": 2.0, ""pitch"": 3.17, ""seed"": 101, ""topology"": ""comb"", ""wall_bot"": 0.04, ""wall_top"": 0.04}"
CB_p0317_f040_x10_s101,comb,expanded foil,0.04,101,d100,3.17,50.0,15.772870662460567,0.03364879074658255,0.0,0.0003324132994748652,0.04999997094273567,"{""backing"": 2.0, ""comb_expand"": 1.0, ""depth"": 50.0, ""face_h"": 60.0, ""face_w"": 60.0, ""jitter"": 0.0, ""margin_depths"": 2.0, ""pitch"": 3.17, ""seed"": 101, ""topology"": ""comb"", ""wall_bot"": 0.04, ""wall_top"": 0.04}"
CB_p0317_f040_x10_s101,comb,expanded foil,0.04,101,d100,3.17,50.0,15.772870662460567,0.03364879074658255,-20.0,0.001143601257354021,0.04999997094273567,"{""backing"": 2.0, ""comb_expand"": 1.0, ""depth"": 50.0, ""face_h"": 60.0, ""face_w"": 60.0, ""jitter"": 0.0, ""margin_depths"": 2.0, ""pitch"": 3.17, ""seed"": 101, ""topology"": ""comb"", ""wall_bot"": 0.04, ""wall_top"": 0.04}"
CB_p0317_f040_x10_s101,comb,expanded foil,0.04,101,d100,3.17,50.0,15.772870662460567,0.03364879074658255,-40.0,0.00196746620349586,0.04999997094273567,"{""backing"": 2.0, ""comb_expand"": 1.0, ""depth"": 50.0, ""face_h"": 60.0, ""face_w"": 60.0, ""jitter"": 0.0, ""margin_depths"": 2.0, ""pitch"": 3.17, ""seed"": 101, ""topology"": ""comb"", ""wall_bot"": 0.04, ""wall_top"": 0.04}"
CB_p0317_f040_x10_s101,comb,expanded foil,0.04,101,d100,3.17,50.0,15.772870662460567,0.03364879074658255,20.0,0.001131588825955987,0.04999997094273567,"{""backing"": 2.0, ""comb_expand"": 1.0, ""depth"": 50.0, ""face_h"": 60.0, ""face_w"": 60.0, ""jitter"": 0.0, ""margin_depths"": 2.0, ""pitch"": 3.17, ""seed"": 101, ""topology"": ""comb"", ""wall_bot"": 0.04, ""wall_top"": 0.04}"
CB_p0317_f040_x10_s101,comb,expanded foil,0.04,101,d100,3.17,50.0,15.772870662460567,0.03364879074658255,40.0,0.001914963941089809,0.04999997094273567,"{""backing"": 2.0, ""comb_expand"": 1.0, ""depth"": 50.0, ""face_h"": 60.0, ""face_w"": 60.0, ""jitter"": 0.0, ""margin_depths"": 2.0, ""pitch"": 3.17, ""seed"": 101, ""topology"": ""comb"", ""wall_bot"": 0.04, ""wall_top"": 0.04}"
CB_p0317_f040_x13_s101,comb,expanded foil,0.04,101,d00,3.17,50.0,15.772870662460567,0.03364879074658255,0.0,0.0007816628785803914,0.049998097121715546,"{""backing"": 2.0, ""comb_expand"": 1.3, ""depth"": 50.0, ""face_h"": 60.0, ""face_w"": 60.0, ""jitter"": 0.0, ""margin_depths"": 2.0, ""pitch"": 3.17, ""seed"": 101, ""topology"": ""comb"", ""wall_bot"": 0.04, ""wall_top"": 0.04}"
CB_p0317_f040_x13_s101,comb,expanded foil,0.04,101,d00,3.17,50.0,15.772870662460567,0.03364879074658255,-20.0,0.00042687717359513044,0.049997370690107346,"{""backing"": 2.0, ""comb_expand"": 1.3, ""depth"": 50.0, ""face_h"": 60.0, ""face_w"": 60.0, ""jitter"": 0.0, ""margin_depths"": 2.0, ""pitch"": 3.17, ""seed"": 101, ""topology"": ""comb"", ""wall_bot"": 0.04, ""wall_top"": 0.04}"
CB_p0317_f040_x13_s101,comb,expanded foil,0.04,101,d00,3.17,50.0,15.772870662460567,0.03364879074658255,-40.0,0.0004001636407338083,0.049998167902231216,"{""backing"": 2.0, ""comb_expand"": 1.3, ""depth"": 50.0, ""face_h"": 60.0, ""face_w"": 60.0, ""jitter"": 0.0, ""margin_depths"": 2.0, ""pitch"": 3.17, ""seed"": 101, ""topology"": ""comb"", ""wall_bot"": 0.04, ""wall_top"": 0.04}"
CB_p0317_f040_x13_s101,comb,expanded foil,0.04,101,d00,3.17,50.0,15.772870662460567,0.03364879074658255,20.0,0.00041497344500385225,0.049997780472040176,"{""backing"": 2.0, ""comb_expand"": 1.3, ""depth"": 50.0, ""face_h"": 60.0, ""face_w"": 60.0, ""jitter"": 0.0, ""margin_depths"": 2.0, ""pitch"": 3.17, ""seed"": 101, ""topology"": ""comb"", ""wall_bot"": 0.04, ""wall_top"": 0.04}"
CB_p0317_f040_x13_s101,comb,expanded foil,0.04,101,d00,3.17,50.0,15.772870662460567,0.03364879074658255,40.0,0.00040024222107604146,0.04999745264649391,"{""backing"": 2.0, ""comb_expand"": 1.3, ""depth"": 50.0, ""face_h"": 60.0, ""face_w"": 60.0, ""jitter"": 0.0, ""margin_depths"": 2.0, ""pitch"": 3.17, ""seed"": 101, ""topology"": ""comb"", ""wall_bot"": 0.04, ""wall_top"": 0.04}"
CB_p0317_f040_x13_s101,comb,expanded foil,0.04,101,d76,3.17,50.0,15.772870662460567,0.03364879074658255,0.0,0.00039358698995783925,0.04999801516532898,"{""backing"": 2.0, ""comb_expand"": 1.3, ""depth"": 50.0, ""face_h"": 60.0, ""face_w"": 60.0, ""jitter"": 0.0, ""margin_depths"": 2.0, ""pitch"": 3.17, ""seed"": 101, ""topology"": ""comb"", ""wall_bot"": 0.04, ""wall_top"": 0.04}"
CB_p0317_f040_x13_s101,comb,expanded foil,0.04,101,d76,3.17,50.0,15.772870662460567,0.03364879074658255,-20.0,0.0011398021597415209,0.04999728128314018,"{""backing"": 2.0, ""comb_expand"": 1.3, ""depth"": 50.0, ""face_h"": 60.0, ""face_w"": 60.0, ""jitter"": 0.0, ""margin_depths"": 2.0, ""pitch"": 3.17, ""seed"": 101, ""topology"": ""comb"", ""wall_bot"": 0.04, ""wall_top"": 0.04}"
CB_p0317_f040_x13_s101,comb,expanded foil,0.04,101,d76,3.17,50.0,15.772870662460567,0.03364879074658255,-40.0,0.0019271166529506445,0.04999806359410286,"{""backing"": 2.0, ""comb_expand"": 1.3, ""depth"": 50.0, ""face_h"": 60.0, ""face_w"": 60.0, ""jitter"": 0.0, ""margin_depths"": 2.0, ""pitch"": 3.17, ""seed"": 101, ""topology"": ""comb"", ""wall_bot"": 0.04, ""wall_top"": 0.04}"
CB_p0317_f040_x13_s101,comb,expanded foil,0.04,101,d76,3.17,50.0,15.772870662460567,0.03364879074658255,20.0,0.0011229870142415166,0.04999769479036331,"{""backing"": 2.0, ""comb_expand"": 1.3, ""depth"": 50.0, ""face_h"": 60.0, ""face_w"": 60.0, ""jitter"": 0.0, ""margin_depths"": 2.0, ""pitch"": 3.17, ""seed"": 101, ""topology"": ""comb"", ""wall_bot"": 0.04, ""wall_top"": 0.04}"
CB_p0317_f040_x13_s101,comb,expanded foil,0.04,101,d76,3.17,50.0,15.772870662460567,0.03364879074658255,40.0,0.0018845814047381282,0.04999738559126854,"{""backing"": 2.0, ""comb_expand"": 1.3, ""depth"": 50.0, ""face_h"": 60.0, ""face_w"": 60.0, ""jitter"": 0.0, ""margin_depths"": 2.0, ""pitch"": 3.17, ""seed"": 101, ""topology"": ""comb"", ""wall_bot"": 0.04, ""wall_top"": 0.04}"
CB_p0317_f040_x13_s101,comb,expanded foil,0.04,101,d100,3.17,50.0,15.772870662460567,0.03364879074658255,0.0,0.00029957349761389196,0.049997977912425995,"{""backing"": 2.0, ""comb_expand"": 1.3, ""depth"": 50.0, ""face_h"": 60.0, ""face_w"": 60.0, ""jitter"": 0.0, ""margin_depths"": 2.0, ""pitch"": 3.17, ""seed"": 101, ""topology"": ""comb"", ""wall_bot"": 0.04, ""wall_top"": 0.04}"
CB_p0317_f040_x13_s101,comb,expanded foil,0.04,101,d100,3.17,50.0,15.772870662460567,0.03364879074658255,-20.0,0.001381697366014123,0.0499972328543663,"{""backing"": 2.0, ""comb_expand"": 1.3, ""depth"": 50.0, ""face_h"": 60.0, ""face_w"": 60.0, ""jitter"": 0.0, ""margin_depths"": 2.0, ""pitch"": 3.17, ""seed"": 101, ""topology"": ""comb"", ""wall_bot"": 0.04, ""wall_top"": 0.04}"
CB_p0317_f040_x13_s101,comb,expanded foil,0.04,101,d100,3.17,50.0,15.772870662460567,0.03364879074658255,-40.0,0.0024184079375118017,0.04999794438481331,"{""backing"": 2.0, ""comb_expand"": 1.3, ""depth"": 50.0, ""face_h"": 60.0, ""face_w"": 60.0, ""jitter"": 0.0, ""margin_depths"": 2.0, ""pitch"": 3.17, ""seed"": 101, ""topology"": ""comb"", ""wall_bot"": 0.04, ""wall_top"": 0.04}"
CB_p0317_f040_x13_s101,comb,expanded foil,0.04,101,d100,3.17,50.0,15.772870662460567,0.03364879074658255,20.0,0.0013599239755421877,0.04999765008687973,"{""backing"": 2.0, ""comb_expand"": 1.3, ""depth"": 50.0, ""face_h"": 60.0, ""face_w"": 60.0, ""jitter"": 0.0, ""margin_depths"": 2.0, ""pitch"": 3.17, ""seed"": 101, ""topology"": ""comb"", ""wall_bot"": 0.04, ""wall_top"": 0.04}"
CB_p0317_f040_x13_s101,comb,expanded foil,0.04,101,d100,3.17,50.0,15.772870662460567,0.03364879074658255,40.0,0.002354240510612726,0.04999731481075287,"{""backing"": 2.0, ""comb_expand"": 1.3, ""depth"": 50.0, ""face_h"": 60.0, ""face_w"": 60.0, ""jitter"": 0.0, ""margin_depths"": 2.0, ""pitch"": 3.17, ""seed"": 101, ""topology"": ""comb"", ""wall_bot"": 0.04, ""wall_top"": 0.04}"
CB_p0520_f040_x10_s101,comb,expanded foil,0.04,101,d00,5.2,50.0,9.615384615384615,0.02051282051282051,0.0,0.0011545016895979643,0.04992803931236267,"{""backing"": 2.0, ""comb_expand"": 1.0, ""depth"": 50.0, ""face_h"": 60.0, ""face_w"": 60.0, ""jitter"": 0.0, ""margin_depths"": 2.0, ""pitch"": 5.2, ""seed"": 101, ""topology"": ""comb"", ""wall_bot"": 0.04, ""wall_top"": 0.04}"
CB_p0520_f040_x10_s101,comb,expanded foil,0.04,101,d00,5.2,50.0,9.615384615384615,0.02051282051282051,-20.0,0.00036237583844922483,0.04992406442761421,"{""backing"": 2.0, ""comb_expand"": 1.0, ""depth"": 50.0, ""face_h"": 60.0, ""face_w"": 60.0, ""jitter"": 0.0, ""margin_depths"": 2.0, ""pitch"": 5.2, ""seed"": 101, ""topology"": ""comb"", ""wall_bot"": 0.04, ""wall_top"": 0.04}"
CB_p0520_f040_x10_s101,comb,expanded foil,0.04,101,d00,5.2,50.0,9.615384615384615,0.02051282051282051,-40.0,0.00030950873042456806,0.0499170646071434,"{""backing"": 2.0, ""comb_expand"": 1.0, ""depth"": 50.0, ""face_h"": 60.0, ""face_w"": 60.0, ""jitter"": 0.0, ""margin_depths"": 2.0, ""pitch"": 5.2, ""seed"": 101, ""topology"": ""comb"", ""wall_bot"": 0.04, ""wall_top"": 0.04}"
CB_p0520_f040_x10_s101,comb,expanded foil,0.04,101,d00,5.2,50.0,9.615384615384615,0.02051282051282051,20.0,0.00033812152105383575,0.04992184042930603,"{""backing"": 2.0, ""comb_expand"": 1.0, ""depth"": 50.0, ""face_h"": 60.0, ""face_w"": 60.0, ""jitter"": 0.0, ""margin_depths"": 2.0, ""pitch"": 5.2, ""seed"": 101, ""topology"": ""comb"", ""wall_bot"": 0.04, ""wall_top"": 0.04}"
CB_p0520_f040_x10_s101,comb,expanded foil,0.04,101,d00,5.2,50.0,9.615384615384615,0.02051282051282051,40.0,0.00030871233320795,0.04991889372467995,"{""backing"": 2.0, ""comb_expand"": 1.0, ""depth"": 50.0, ""face_h"": 60.0, ""face_w"": 60.0, ""jitter"": 0.0, ""margin_depths"": 2.0, ""pitch"": 5.2, ""seed"": 101, ""topology"": ""comb"", ""wall_bot"": 0.04, ""wall_top"": 0.04}"
CB_p0520_f040_x10_s101,comb,expanded foil,0.04,101,d76,5.2,50.0,9.615384615384615,0.02051282051282051,0.0,0.0004155962960794568,0.049925725907087326,"{""backing"": 2.0, ""comb_expand"": 1.0, ""depth"": 50.0, ""face_h"": 60.0, ""face_w"": 60.0, ""jitter"": 0.0, ""margin_depths"": 2.0, ""pitch"": 5.2, ""seed"": 101, ""topology"": ""comb"", ""wall_bot"": 0.04, ""wall_top"": 0.04}"
CB_p0520_f040_x10_s101,comb,expanded foil,0.04,101,d76,5.2,50.0,9.615384615384615,0.02051282051282051,-20.0,0.0010312610538676381,0.04992112144827843,"{""backing"": 2.0, ""comb_expand"": 1.0, ""depth"": 50.0, ""face_h"": 60.0, ""face_w"": 60.0, ""jitter"": 0.0, ""margin_depths"": 2.0, ""pitch"": 5.2, ""seed"": 101, ""topology"": ""comb"", ""wall_bot"": 0.04, ""wall_top"": 0.04}"
CB_p0520_f040_x10_s101,comb,expanded foil,0.04,101,d76,5.2,50.0,9.615384615384615,0.02051282051282051,-40.0,0.0017420136136934161,0.04991437867283821,"{""backing"": 2.0, ""comb_expand"": 1.0, ""depth"": 50.0, ""face_h"": 60.0, ""face_w"": 60.0, ""jitter"": 0.0, ""margin_depths"": 2.0, ""pitch"": 5.2, ""seed"": 101, ""topology"": ""comb"", ""wall_bot"": 0.04, ""wall_top"": 0.04}"
CB_p0520_f040_x10_s101,comb,expanded foil,0.04,101,d76,5.2,50.0,9.615384615384615,0.02051282051282051,20.0,0.0009569304529577494,0.04991915076971054,"{""backing"": 2.0, ""comb_expand"": 1.0, ""depth"": 50.0, ""face_h"": 60.0, ""face_w"": 60.0, ""jitter"": 0.0, ""margin_depths"": 2.0, ""pitch"": 5.2, ""seed"": 101, ""topology"": ""comb"", ""wall_bot"": 0.04, ""wall_top"": 0.04}"
CB_p0520_f040_x10_s101,comb,expanded foil,0.04,101,d76,5.2,50.0,9.615384615384615,0.02051282051282051,40.0,0.001666055410169065,0.049916062504053116,"{""backing"": 2.0, ""comb_expand"": 1.0, ""depth"": 50.0, ""face_h"": 60.0, ""face_w"": 60.0, ""jitter"": 0.0, ""margin_depths"": 2.0, ""pitch"": 5.2, ""seed"": 101, ""topology"": ""comb"", ""wall_bot"": 0.04, ""wall_top"": 0.04}"
CB_p0520_f040_x10_s101,comb,expanded foil,0.04,101,d100,5.2,50.0,9.615384615384615,0.02051282051282051,0.0,0.0002311789576197043,0.0499248243868351,"{""backing"": 2.0, ""comb_expand"": 1.0, ""depth"": 50.0, ""face_h"": 60.0, ""face_w"": 60.0, ""jitter"": 0.0, ""margin_depths"": 2.0, ""pitch"": 5.2, ""seed"": 101, ""topology"": ""comb"", ""wall_bot"": 0.04, ""wall_top"": 0.04}"
CB_p0520_f040_x10_s101,comb,expanded foil,0.04,101,d100,5.2,50.0,9.615384615384615,0.02051282051282051,-20.0,0.0012466565240174532,0.04992042854428291,"{""backing"": 2.0, ""comb_expand"": 1.0, ""depth"": 50.0, ""face_h"": 60.0, ""face_w"": 60.0, ""jitter"": 0.0, ""margin_depths"": 2.0, ""pitch"": 5.2, ""seed"": 101, ""topology"": ""comb"", ""wall_bot"": 0.04, ""wall_top"": 0.04}"
CB_p0520_f040_x10_s101,comb,expanded foil,0.04,101,d100,5.2,50.0,9.615384615384615,0.02051282051282051,-40.0,0.002201042603701353,0.04991311952471733,"{""backing"": 2.0, ""comb_expand"": 1.0, ""depth"": 50.0, ""face_h"": 60.0, ""face_w"": 60.0, ""jitter"": 0.0, ""margin_depths"": 2.0, ""pitch"": 5.2, ""seed"": 101, ""topology"": ""comb"", ""wall_bot"": 0.04, ""wall_top"": 0.04}"
CB_p0520_f040_x10_s101,comb,expanded foil,0.04,101,d100,5.2,50.0,9.615384615384615,0.02051282051282051,20.0,0.001158866216428578,0.04991815239191055,"{""backing"": 2.0, ""comb_expand"": 1.0, ""depth"": 50.0, ""face_h"": 60.0, ""face_w"": 60.0, ""jitter"": 0.0, ""margin_depths"": 2.0, ""pitch"": 5.2, ""seed"": 101, ""topology"": ""comb"", ""wall_bot"": 0.04, ""wall_top"": 0.04}"
CB_p0520_f040_x10_s101,comb,expanded foil,0.04,101,d100,5.2,50.0,9.615384615384615,0.02051282051282051,40.0,0.0021043492015451193,0.049914874136447906,"{""backing"": 2.0, ""comb_expand"": 1.0, ""depth"": 50.0, ""face_h"": 60.0, ""face_w"": 60.0, ""jitter"": 0.0, ""margin_depths"": 2.0, ""pitch"": 5.2, ""seed"": 101, ""topology"": ""comb"", ""wall_bot"": 0.04, ""wall_top"": 0.04}"
CB_p0520_f040_x13_s101,comb,expanded foil,0.04,101,d00,5.2,50.0,9.615384615384615,0.02051282051282051,0.0,0.0013401154428720474,0.04991259425878525,"{""backing"": 2.0, ""comb_expand"": 1.3, ""depth"": 50.0, ""face_h"": 60.0, ""face_w"": 60.0, ""jitter"": 0.0, ""margin_depths"": 2.0, ""pitch"": 5.2, ""seed"": 101, ""topology"": ""comb"", ""wall_bot"": 0.04, ""wall_top"": 0.04}"
CB_p0520_f040_x13_s101,comb,expanded foil,0.04,101,d00,5.2,50.0,9.615384615384615,0.02051282051282051,-20.0,0.00031800451688468456,0.04990258812904358,"{""backing"": 2.0, ""comb_expand"": 1.3, ""depth"": 50.0, ""face_h"": 60.0, ""face_w"": 60.0, ""jitter"": 0.0, ""margin_depths"": 2.0, ""pitch"": 5.2, ""seed"": 101, ""topology"": ""comb"", ""wall_bot"": 0.04, ""wall_top"": 0.04}"
CB_p0520_f040_x13_s101,comb,expanded foil,0.04,101,d00,5.2,50.0,9.615384615384615,0.02051282051282051,-40.0,0.0002754096349235624,0.0499083548784256,"{""backing"": 2.0, ""comb_expand"": 1.3, ""depth"": 50.0, ""face_h"": 60.0, ""face_w"": 60.0, ""jitter"": 0.0, ""margin_depths"": 2.0, ""pitch"": 5.2, ""seed"": 101, ""topology"": ""comb"", ""wall_bot"": 0.04, ""wall_top"": 0.04}"
CB_p0520_f040_x13_s101,comb,expanded foil,0.04,101,d00,5.2,50.0,9.615384615384615,0.02051282051282051,20.0,0.000303410371998325,0.04991010203957558,"{""backing"": 2.0, ""comb_expand"": 1.3, ""depth"": 50.0, ""face_h"": 60.0, ""face_w"": 60.0, ""jitter"": 0.0, ""margin_depths"": 2.0, ""pitch"": 5.2, ""seed"": 101, ""topology"": ""comb"", ""wall_bot"": 0.04, ""wall_top"": 0.04}"
CB_p0520_f040_x13_s101,comb,expanded foil,0.04,101,d00,5.2,50.0,9.615384615384615,0.02051282051282051,40.0,0.00027267105178907514,0.04990612342953682,"{""backing"": 2.0, ""comb_expand"": 1.3, ""depth"": 50.0, ""face_h"": 60.0, ""face_w"": 60.0, ""jitter"": 0.0, ""margin_depths"": 2.0, ""pitch"": 5.2, ""seed"": 101, ""topology"": ""comb"", ""wall_bot"": 0.04, ""wall_top"": 0.04}"
CB_p0520_f040_x13_s101,comb,expanded foil,0.04,101,d76,5.2,50.0,9.615384615384615,0.02051282051282051,0.0,0.00043966257362626493,0.049909818917512894,"{""backing"": 2.0, ""comb_expand"": 1.3, ""depth"": 50.0, ""face_h"": 60.0, ""face_w"": 60.0, ""jitter"": 0.0, ""margin_depths"": 2.0, ""pitch"": 5.2, ""seed"": 101, ""topology"": ""comb"", ""wall_bot"": 0.04, ""wall_top"": 0.04}"
CB_p0520_f040_x13_s101,comb,expanded foil,0.04,101,d76,5.2,50.0,9.615384615384615,0.02051282051282051,-20.0,0.0010797751601785421,0.04989895224571228,"{""backing"": 2.0, ""comb_expand"": 1.3, ""depth"": 50.0, ""face_h"": 60.0, ""face_w"": 60.0, ""jitter"": 0.0, ""margin_depths"": 2.0, ""pitch"": 5.2, ""seed"": 101, ""topology"": ""comb"", ""wall_bot"": 0.04, ""wall_top"": 0.04}"
CB_p0520_f040_x13_s101,comb,expanded foil,0.04,101,d76,5.2,50.0,9.615384615384615,0.02051282051282051,-40.0,0.0018524648621678352,0.049904752522706985,"{""backing"": 2.0, ""comb_expand"": 1.3, ""depth"": 50.0, ""face_h"": 60.0, ""face_w"": 60.0, ""jitter"": 0.0, ""margin_depths"": 2.0, ""pitch"": 5.2, ""seed"": 101, ""topology"": ""comb"", ""wall_bot"": 0.04, ""wall_top"": 0.04}"
CB_p0520_f040_x13_s101,comb,expanded foil,0.04,101,d76,5.2,50.0,9.615384615384615,0.02051282051282051,20.0,0.0009892708621919155,0.04990622028708458,"{""backing"": 2.0, ""comb_expand"": 1.3, ""depth"": 50.0, ""face_h"": 60.0, ""face_w"": 60.0, ""jitter"": 0.0, ""margin_depths"": 2.0, ""pitch"": 5.2, ""seed"": 101, ""topology"": ""comb"", ""wall_bot"": 0.04, ""wall_top"": 0.04}"
CB_p0520_f040_x13_s101,comb,expanded foil,0.04,101,d76,5.2,50.0,9.615384615384615,0.02051282051282051,40.0,0.001769902533851564,0.04990315064787865,"{""backing"": 2.0, ""comb_expand"": 1.3, ""depth"": 50.0, ""face_h"": 60.0, ""face_w"": 60.0, ""jitter"": 0.0, ""margin_depths"": 2.0, ""pitch"": 5.2, ""seed"": 101, ""topology"": ""comb"", ""wall_bot"": 0.04, ""wall_top"": 0.04}"
CB_p0520_f040_x13_s101,comb,expanded foil,0.04,101,d100,5.2,50.0,9.615384615384615,0.02051282051282051,0.0,0.00020658349967561662,0.04990890622138977,"{""backing"": 2.0, ""comb_expand"": 1.3, ""depth"": 50.0, ""face_h"": 60.0, ""face_w"": 60.0, ""jitter"": 0.0, ""margin_depths"": 2.0, ""pitch"": 5.2, ""seed"": 101, ""topology"": ""comb"", ""wall_bot"": 0.04, ""wall_top"": 0.04}"
CB_p0520_f040_x13_s101,comb,expanded foil,0.04,101,d100,5.2,50.0,9.615384615384615,0.02051282051282051,-20.0,0.0013360442826524377,0.049897607415914536,"{""backing"": 2.0, ""comb_expand"": 1.3, ""depth"": 50.0, ""face_h"": 60.0, ""face_w"": 60.0, ""jitter"": 0.0, ""margin_depths"": 2.0, ""pitch"": 5.2, ""seed"": 101, ""topology"": ""comb"", ""wall_bot"": 0.04, ""wall_top"": 0.04}"
CB_p0520_f040_x13_s101,comb,expanded foil,0.04,101,d100,5.2,50.0,9.615384615384615,0.02051282051282051,-40.0,0.00236100098118186,0.049903735518455505,"{""backing"": 2.0, ""comb_expand"": 1.3, ""depth"": 50.0, ""face_h"": 60.0, ""face_w"": 60.0, ""jitter"": 0.0, ""margin_depths"": 2.0, ""pitch"": 5.2, ""seed"": 101, ""topology"": ""comb"", ""wall_bot"": 0.04, ""wall_top"": 0.04}"
CB_p0520_f040_x13_s101,comb,expanded foil,0.04,101,d100,5.2,50.0,9.615384615384615,0.02051282051282051,20.0,0.0012330489698797464,0.04990481212735176,"{""backing"": 2.0, ""comb_expand"": 1.3, ""depth"": 50.0, ""face_h"": 60.0, ""face_w"": 60.0, ""jitter"": 0.0, ""margin_depths"": 2.0, ""pitch"": 5.2, ""seed"": 101, ""topology"": ""comb"", ""wall_bot"": 0.04, ""wall_top"": 0.04}"
CB_p0520_f040_x13_s101,comb,expanded foil,0.04,101,d100,5.2,50.0,9.615384615384615,0.02051282051282051,40.0,0.0022549659479409456,0.0499018095433712,"{""backing"": 2.0, ""comb_expand"": 1.3, ""depth"": 50.0, ""face_h"": 60.0, ""face_w"": 60.0, ""jitter"": 0.0, ""margin_depths"": 2.0, ""pitch"": 5.2, ""seed"": 101, ""topology"": ""comb"", ""wall_bot"": 0.04, ""wall_top"": 0.04}"
CB_p0650_f080_x10_s101,comb,expanded foil,0.08,101,d00,6.5,50.0,7.6923076923076925,0.03282051282051282,0.0,0.0016401347238570452,0.049771495163440704,"{""backing"": 2.0, ""comb_expand"": 1.0, ""depth"": 50.0, ""face_h"": 60.0, ""face_w"": 60.0, ""jitter"": 0.0, ""margin_depths"": 2.0, ""pitch"": 6.5, ""seed"": 101, ""topology"": ""comb"", ""wall_bot"": 0.08, ""wall_top"": 0.08}"
CB_p0650_f080_x10_s101,comb,expanded foil,0.08,101,d00,6.5,50.0,7.6923076923076925,0.03282051282051282,-20.0,0.000447880825959146,0.049724020063877106,"{""backing"": 2.0, ""comb_expand"": 1.0, ""depth"": 50.0, ""face_h"": 60.0, ""face_w"": 60.0, ""jitter"": 0.0, ""margin_depths"": 2.0, ""pitch"": 6.5, ""seed"": 101, ""topology"": ""comb"", ""wall_bot"": 0.08, ""wall_top"": 0.08}"
CB_p0650_f080_x10_s101,comb,expanded foil,0.08,101,d00,6.5,50.0,7.6923076923076925,0.03282051282051282,-40.0,0.0004312352102715522,0.049719568341970444,"{""backing"": 2.0, ""comb_expand"": 1.0, ""depth"": 50.0, ""face_h"": 60.0, ""face_w"": 60.0, ""jitter"": 0.0, ""margin_depths"": 2.0, ""pitch"": 6.5, ""seed"": 101, ""topology"": ""comb"", ""wall_bot"": 0.08, ""wall_top"": 0.08}"
CB_p0650_f080_x10_s101,comb,expanded foil,0.08,101,d00,6.5,50.0,7.6923076923076925,0.03282051282051282,20.0,0.00044944818364456296,0.049731478095054626,"{""backing"": 2.0, ""comb_expand"": 1.0, ""depth"": 50.0, ""face_h"": 60.0, ""face_w"": 60.0, ""jitter"": 0.0, ""margin_depths"": 2.0, ""pitch"": 6.5, ""seed"": 101, ""topology"": ""comb"", ""wall_bot"": 0.08, ""wall_top"": 0.08}"
CB_p0650_f080_x10_s101,comb,expanded foil,0.08,101,d00,6.5,50.0,7.6923076923076925,0.03282051282051282,40.0,0.000434096553362906,0.04971833899617195,"{""backing"": 2.0, ""comb_expand"": 1.0, ""depth"": 50.0, ""face_h"": 60.0, ""face_w"": 60.0, ""jitter"": 0.0, ""margin_depths"": 2.0, ""pitch"": 6.5, ""seed"": 101, ""topology"": ""comb"", ""wall_bot"": 0.08, ""wall_top"": 0.08}"
CB_p0650_f080_x10_s101,comb,expanded foil,0.08,101,d76,6.5,50.0,7.6923076923076925,0.03282051282051282,0.0,0.0006162783247418702,0.0497635081410408,"{""backing"": 2.0, ""comb_expand"": 1.0, ""depth"": 50.0, ""face_h"": 60.0, ""face_w"": 60.0, ""jitter"": 0.0, ""margin_depths"": 2.0, ""pitch"": 6.5, ""seed"": 101, ""topology"": ""comb"", ""wall_bot"": 0.08, ""wall_top"": 0.08}"
CB_p0650_f080_x10_s101,comb,expanded foil,0.08,101,d76,6.5,50.0,7.6923076923076925,0.03282051282051282,-20.0,0.001051884377375245,0.049714431166648865,"{""backing"": 2.0, ""comb_expand"": 1.0, ""depth"": 50.0, ""face_h"": 60.0, ""face_w"": 60.0, ""jitter"": 0.0, ""margin_depths"": 2.0, ""pitch"": 6.5, ""seed"": 101, ""topology"": ""comb"", ""wall_bot"": 0.08, ""wall_top"": 0.08}"
CB_p0650_f080_x10_s101,comb,expanded foil,0.08,101,d76,6.5,50.0,7.6923076923076925,0.03282051282051282,-40.0,0.0017908504232764244,0.04971007630228996,"{""backing"": 2.0, ""comb_expand"": 1.0, ""depth"": 50.0, ""face_h"": 60.0, ""face_w"": 60.0, ""jitter"": 0.0, ""margin_depths"": 2.0, ""pitch"": 6.5, ""seed"": 101, ""topology"": ""comb"", ""wall_bot"": 0.08, ""wall_top"": 0.08}"
CB_p0650_f080_x10_s101,comb,expanded foil,0.08,101,d76,6.5,50.0,7.6923076923076925,0.03282051282051282,20.0,0.0010445491643622518,0.049722544848918915,"{""backing"": 2.0, ""comb_expand"": 1.0, ""depth"": 50.0, ""face_h"": 60.0, ""face_w"": 60.0, ""jitter"": 0.0, ""margin_depths"": 2.0, ""pitch"": 6.5, ""seed"": 101, ""topology"": ""comb"", ""wall_bot"": 0.08, ""wall_top"": 0.08}"
CB_p0650_f080_x10_s101,comb,expanded foil,0.08,101,d76,6.5,50.0,7.6923076923076925,0.03282051282051282,40.0,0.001777426339685917,0.049707088619470596,"{""backing"": 2.0, ""comb_expand"": 1.0, ""depth"": 50.0, ""face_h"": 60.0, ""face_w"": 60.0, ""jitter"": 0.0, ""margin_depths"": 2.0, ""pitch"": 6.5, ""seed"": 101, ""topology"": ""comb"", ""wall_bot"": 0.08, ""wall_top"": 0.08}"
CB_p0650_f080_x10_s101,comb,expanded foil,0.08,101,d100,6.5,50.0,7.6923076923076925,0.03282051282051282,0.0,0.00035733694676309824,0.04976140335202217,"{""backing"": 2.0, ""comb_expand"": 1.0, ""depth"": 50.0, ""face_h"": 60.0, ""face_w"": 60.0, ""jitter"": 0.0, ""margin_depths"": 2.0, ""pitch"": 6.5, ""seed"": 101, ""topology"": ""comb"", ""wall_bot"": 0.08, ""wall_top"": 0.08}"
CB_p0650_f080_x10_s101,comb,expanded foil,0.08,101,d100,6.5,50.0,7.6923076923076925,0.03282051282051282,-20.0,0.0012559869792312384,0.049711473286151886,"{""backing"": 2.0, ""comb_expand"": 1.0, ""depth"": 50.0, ""face_h"": 60.0, ""face_w"": 60.0, ""jitter"": 0.0, ""margin_depths"": 2.0, ""pitch"": 6.5, ""seed"": 101, ""topology"": ""comb"", ""wall_bot"": 0.08, ""wall_top"": 0.08}"
CB_p0650_f080_x10_s101,comb,expanded foil,0.08,101,d100,6.5,50.0,7.6923076923076925,0.03282051282051282,-40.0,0.0022275468800216913,0.04970622435212135,"{""backing"": 2.0, ""comb_expand"": 1.0, ""depth"": 50.0, ""face_h"": 60.0, ""face_w"": 60.0, ""jitter"": 0.0, ""margin_depths"": 2.0, ""pitch"": 6.5, ""seed"": 101, ""topology"": ""comb"", ""wall_bot"": 0.08, ""wall_top"": 0.08}"
CB_p0650_f080_x10_s101,comb,expanded foil,0.08,101,d100,6.5,50.0,7.6923076923076925,0.03282051282051282,20.0,0.0012439603451639414,0.04971954971551895,"{""backing"": 2.0, ""comb_expand"": 1.0, ""depth"": 50.0, ""face_h"": 60.0, ""face_w"": 60.0, ""jitter"": 0.0, ""margin_depths"": 2.0, ""pitch"": 6.5, ""seed"": 101, ""topology"": ""comb"", ""wall_bot"": 0.08, ""wall_top"": 0.08}"
CB_p0650_f080_x10_s101,comb,expanded foil,0.08,101,d100,6.5,50.0,7.6923076923076925,0.03282051282051282,40.0,0.002209368161857128,0.049703460186719894,"{""backing"": 2.0, ""comb_expand"": 1.0, ""depth"": 50.0, ""face_h"": 60.0, ""face_w"": 60.0, ""jitter"": 0.0, ""margin_depths"": 2.0, ""pitch"": 6.5, ""seed"": 101, ""topology"": ""comb"", ""wall_bot"": 0.08, ""wall_top"": 0.08}"
CB_p0650_f080_x13_s101,comb,expanded foil,0.08,101,d00,6.5,50.0,7.6923076923076925,0.03282051282051282,0.0,0.001875267131254077,0.04983139783143997,"{""backing"": 2.0, ""comb_expand"": 1.3, ""depth"": 50.0, ""face_h"": 60.0, ""face_w"": 60.0, ""jitter"": 0.0, ""margin_depths"": 2.0, ""pitch"": 6.5, ""seed"": 101, ""topology"": ""comb"", ""wall_bot"": 0.08, ""wall_top"": 0.08}"
CB_p0650_f080_x13_s101,comb,expanded foil,0.08,101,d00,6.5,50.0,7.6923076923076925,0.03282051282051282,-20.0,0.0004088197892997414,0.04980739578604698,"{""backing"": 2.0, ""comb_expand"": 1.3, ""depth"": 50.0, ""face_h"": 60.0, ""face_w"": 60.0, ""jitter"": 0.0, ""margin_depths"": 2.0, ""pitch"": 6.5, ""seed"": 101, ""topology"": ""comb"", ""wall_bot"": 0.08, ""wall_top"": 0.08}"
CB_p0650_f080_x13_s101,comb,expanded foil,0.08,101,d00,6.5,50.0,7.6923076923076925,0.03282051282051282,-40.0,0.00038854213198646903,0.04980877414345741,"{""backing"": 2.0, ""comb_expand"": 1.3, ""depth"": 50.0, ""face_h"": 60.0, ""face_w"": 60.0, ""jitter"": 0.0, ""margin_depths"": 2.0, ""pitch"": 6.5, ""seed"": 101, ""topology"": ""comb"", ""wall_bot"": 0.08, ""wall_top"": 0.08}"
CB_p0650_f080_x13_s101,comb,expanded foil,0.08,101,d00,6.5,50.0,7.6923076923076925,0.03282051282051282,20.0,0.0003981277404818684,0.04980902001261711,"{""backing"": 2.0, ""comb_expand"": 1.3, ""depth"": 50.0, ""face_h"": 60.0, ""face_w"": 60.0, ""jitter"": 0.0, ""margin_depths"": 2.0, ""pitch"": 6.5, ""seed"": 101, ""topology"": ""comb"", ""wall_bot"": 0.08, ""wall_top"": 0.08}"
CB_p0650_f080_x13_s101,comb,expanded foil,0.08,101,d00,6.5,50.0,7.6923076923076925,0.03282051282051282,40.0,0.00038470025174319744,0.04981391876935959,"{""backing"": 2.0, ""comb_expand"": 1.3, ""depth"": 50.0, ""face_h"": 60.0, ""face_w"": 60.0, ""jitter"": 0.0, ""margin_depths"": 2.0, ""pitch"": 6.5, ""seed"": 101, ""topology"": ""comb"", ""wall_bot"": 0.08, ""wall_top"": 0.08}"
CB_p0650_f080_x13_s101,comb,expanded foil,0.08,101,d76,6.5,50.0,7.6923076923076925,0.03282051282051282,0.0,0.0006549970712512732,0.04982549324631691,"{""backing"": 2.0, ""comb_expand"": 1.3, ""depth"": 50.0, ""face_h"": 60.0, ""face_w"": 60.0, ""jitter"": 0.0, ""margin_depths"": 2.0, ""pitch"": 6.5, ""seed"": 101, ""topology"": ""comb"", ""wall_bot"": 0.08, ""wall_top"": 0.08}"
CB_p0650_f080_x13_s101,comb,expanded foil,0.08,101,d76,6.5,50.0,7.6923076923076925,0.03282051282051282,-20.0,0.0011001605307683349,0.049800846725702286,"{""backing"": 2.0, ""comb_expand"": 1.3, ""depth"": 50.0, ""face_h"": 60.0, ""face_w"": 60.0, ""jitter"": 0.0, ""margin_depths"": 2.0, ""pitch"": 6.5, ""seed"": 101, ""topology"": ""comb"", ""wall_bot"": 0.08, ""wall_top"": 0.08}"
CB_p0650_f080_x13_s101,comb,expanded foil,0.08,101,d76,6.5,50.0,7.6923076923076925,0.03282051282051282,-40.0,0.001883793855085969,0.049802135676145554,"{""backing"": 2.0, ""comb_expand"": 1.3, ""depth"": 50.0, ""face_h"": 60.0, ""face_w"": 60.0, ""jitter"": 0.0, ""margin_depths"": 2.0, ""pitch"": 6.5, ""seed"": 101, ""topology"": ""comb"", ""wall_bot"": 0.08, ""wall_top"": 0.08}"
CB_p0650_f080_x13_s101,comb,expanded foil,0.08,101,d76,6.5,50.0,7.6923076923076925,0.03282051282051282,20.0,0.0010815002024173737,0.049802713096141815,"{""backing"": 2.0, ""comb_expand"": 1.3, ""depth"": 50.0, ""face_h"": 60.0, ""face_w"": 60.0, ""jitter"": 0.0, ""margin_depths"": 2.0, ""pitch"": 6.5, ""seed"": 101, ""topology"": ""comb"", ""wall_bot"": 0.08, ""wall_top"": 0.08}"
CB_p0650_f080_x13_s101,comb,expanded foil,0.08,101,d76,6.5,50.0,7.6923076923076925,0.03282051282051282,40.0,0.0018725234549492598,0.04980616271495819,"{""backing"": 2.0, ""comb_expand"": 1.3, ""depth"": 50.0, ""face_h"": 60.0, ""face_w"": 60.0, ""jitter"": 0.0, ""margin_depths"": 2.0, ""pitch"": 6.5, ""seed"": 101, ""topology"": ""comb"", ""wall_bot"": 0.08, ""wall_top"": 0.08}"
CB_p0650_f080_x13_s101,comb,expanded foil,0.08,101,d100,6.5,50.0,7.6923076923076925,0.03282051282051282,0.0,0.0003324777935631573,0.049823734909296036,"{""backing"": 2.0, ""comb_expand"": 1.3, ""depth"": 50.0, ""face_h"": 60.0, ""face_w"": 60.0, ""jitter"": 0.0, ""margin_depths"": 2.0, ""pitch"": 6.5, ""seed"": 101, ""topology"": ""comb"", ""wall_bot"": 0.08, ""wall_top"": 0.08}"
CB_p0650_f080_x13_s101,comb,expanded foil,0.08,101,d100,6.5,50.0,7.6923076923076925,0.03282051282051282,-20.0,0.0013320674188435078,0.049798596650362015,"{""backing"": 2.0, ""comb_expand"": 1.3, ""depth"": 50.0, ""face_h"": 60.0, ""face_w"": 60.0, ""jitter"": 0.0, ""margin_depths"": 2.0, ""pitch"": 6.5, ""seed"": 101, ""topology"": ""comb"", ""wall_bot"": 0.08, ""wall_top"": 0.08}"
CB_p0650_f080_x13_s101,comb,expanded foil,0.08,101,d100,6.5,50.0,7.6923076923076925,0.03282051282051282,-40.0,0.0023658769205212593,0.049800001084804535,"{""backing"": 2.0, ""comb_expand"": 1.3, ""depth"": 50.0, ""face_h"": 60.0, ""face_w"": 60.0, ""jitter"": 0.0, ""margin_depths"": 2.0, ""pitch"": 6.5, ""seed"": 101, ""topology"": ""comb"", ""wall_bot"": 0.08, ""wall_top"": 0.08}"
CB_p0650_f080_x13_s101,comb,expanded foil,0.08,101,d100,6.5,50.0,7.6923076923076925,0.03282051282051282,20.0,0.001313531305640936,0.04980079457163811,"{""backing"": 2.0, ""comb_expand"": 1.3, ""depth"": 50.0, ""face_h"": 60.0, ""face_w"": 60.0, ""jitter"": 0.0, ""margin_depths"": 2.0, ""pitch"": 6.5, ""seed"": 101, ""topology"": ""comb"", ""wall_bot"": 0.08, ""wall_top"": 0.08}"
CB_p0650_f080_x13_s101,comb,expanded foil,0.08,101,d100,6.5,50.0,7.6923076923076925,0.03282051282051282,40.0,0.002354326890781522,0.0498039573431015,"{""backing"": 2.0, ""comb_expand"": 1.3, ""depth"": 50.0, ""face_h"": 60.0, ""face_w"": 60.0, ""jitter"": 0.0, ""margin_depths"": 2.0, ""pitch"": 6.5, ""seed"": 101, ""topology"": ""comb"", ""wall_bot"": 0.08, ""wall_top"": 0.08}"
CB_p0650_f100_x10_s101,comb,expanded foil,0.1,101,d00,6.5,50.0,7.6923076923076925,0.041025641025641026,0.0,0.00169925088994205,0.04967797175049782,"{""backing"": 2.0, ""comb_expand"": 1.0, ""depth"": 50.0, ""face_h"": 60.0, ""face_w"": 60.0, ""jitter"": 0.0, ""margin_depths"": 2.0, ""pitch"": 6.5, ""seed"": 101, ""topology"": ""comb"", ""wall_bot"": 0.1, ""wall_top"": 0.1}"
CB_p0650_f100_x10_s101,comb,expanded foil,0.1,101,d00,6.5,50.0,7.6923076923076925,0.041025641025641026,-20.0,0.0005254339776001871,0.049663856625556946,"{""backing"": 2.0, ""comb_expand"": 1.0, ""depth"": 50.0, ""face_h"": 60.0, ""face_w"": 60.0, ""jitter"": 0.0, ""margin_depths"": 2.0, ""pitch"": 6.5, ""seed"": 101, ""topology"": ""comb"", ""wall_bot"": 0.1, ""wall_top"": 0.1}"
CB_p0650_f100_x10_s101,comb,expanded foil,0.1,101,d00,6.5,50.0,7.6923076923076925,0.041025641025641026,-40.0,0.0005208920338191092,0.04967350512742996,"{""backing"": 2.0, ""comb_expand"": 1.0, ""depth"": 50.0, ""face_h"": 60.0, ""face_w"": 60.0, ""jitter"": 0.0, ""margin_depths"": 2.0, ""pitch"": 6.5, ""seed"": 101, ""topology"": ""comb"", ""wall_bot"": 0.1, ""wall_top"": 0.1}"
CB_p0650_f100_x10_s101,comb,expanded foil,0.1,101,d00,6.5,50.0,7.6923076923076925,0.041025641025641026,20.0,0.0005264965584501624,0.049679212272167206,"{""backing"": 2.0, ""comb_expand"": 1.0, ""depth"": 50.0, ""face_h"": 60.0, ""face_w"": 60.0, ""jitter"": 0.0, ""margin_depths"": 2.0, ""pitch"": 6.5, ""seed"": 101, ""topology"": ""comb"", ""wall_bot"": 0.1, ""wall_top"": 0.1}"
CB_p0650_f100_x10_s101,comb,expanded foil,0.1,101,d00,6.5,50.0,7.6923076923076925,0.041025641025641026,40.0,0.0005237184814177454,0.04967415705323219,"{""backing"": 2.0, ""comb_expand"": 1.0, ""depth"": 50.0, ""face_h"": 60.0, ""face_w"": 60.0, ""jitter"": 0.0, ""margin_depths"": 2.0, ""pitch"": 6.5, ""seed"": 101, ""topology"": ""comb"", ""wall_bot"": 0.1, ""wall_top"": 0.1}"
CB_p0650_f100_x10_s101,comb,expanded foil,0.1,101,d76,6.5,50.0,7.6923076923076925,0.041025641025641026,0.0,0.0006903591565787792,0.04966706782579422,"{""backing"": 2.0, ""comb_expand"": 1.0, ""depth"": 50.0, ""face_h"": 60.0, ""face_w"": 60.0, ""jitter"": 0.0, ""margin_depths"": 2.0, ""pitch"": 6.5, ""seed"": 101, ""topology"": ""comb"", ""wall_bot"": 0.1, ""wall_top"": 0.1}"
CB_p0650_f100_x10_s101,comb,expanded foil,0.1,101,d76,6.5,50.0,7.6923076923076925,0.041025641025641026,-20.0,0.0011228782823309302,0.04965156689286232,"{""backing"": 2.0, ""comb_expand"": 1.0, ""depth"": 50.0, ""face_h"": 60.0, ""face_w"": 60.0, ""jitter"": 0.0, ""margin_depths"": 2.0, ""pitch"": 6.5, ""seed"": 101, ""topology"": ""comb"", ""wall_bot"": 0.1, ""wall_top"": 0.1}"
CB_p0650_f100_x10_s101,comb,expanded foil,0.1,101,d76,6.5,50.0,7.6923076923076925,0.041025641025641026,-40.0,0.001857204013504088,0.04966318607330322,"{""backing"": 2.0, ""comb_expand"": 1.0, ""depth"": 50.0, ""face_h"": 60.0, ""face_w"": 60.0, ""jitter"": 0.0, ""margin_depths"": 2.0, ""pitch"": 6.5, ""seed"": 101, ""topology"": ""comb"", ""wall_bot"": 0.1, ""wall_top"": 0.1}"
CB_p0650_f100_x10_s101,comb,expanded foil,0.1,101,d76,6.5,50.0,7.6923076923076925,0.041025641025641026,20.0,0.001114962506107986,0.04966850206255913,"{""backing"": 2.0, ""comb_expand"": 1.0, ""depth"": 50.0, ""face_h"": 60.0, ""face_w"": 60.0, ""jitter"": 0.0, ""margin_depths"": 2.0, ""pitch"": 6.5, ""seed"": 101, ""topology"": ""comb"", ""wall_bot"": 0.1, ""wall_top"": 0.1}"
CB_p0650_f100_x10_s101,comb,expanded foil,0.1,101,d76,6.5,50.0,7.6923076923076925,0.041025641025641026,40.0,0.0018476257100701332,0.04966307431459427,"{""backing"": 2.0, ""comb_expand"": 1.0, ""depth"": 50.0, ""face_h"": 60.0, ""face_w"": 60.0, ""jitter"": 0.0, ""margin_depths"": 2.0, ""pitch"": 6.5, ""seed"": 101, ""topology"": ""comb"", ""wall_bot"": 0.1, ""wall_top"": 0.1}"
CB_p0650_f100_x10_s101,comb,expanded foil,0.1,101,d100,6.5,50.0,7.6923076923076925,0.041025641025641026,0.0,0.00043520599137991667,0.049663614481687546,"{""backing"": 2.0, ""comb_expand"": 1.0, ""depth"": 50.0, ""face_h"": 60.0, ""face_w"": 60.0, ""jitter"": 0.0, ""margin_depths"": 2.0, ""pitch"": 6.5, ""seed"": 101, ""topology"": ""comb"", ""wall_bot"": 0.1, ""wall_top"": 0.1}"
CB_p0650_f100_x10_s101,comb,expanded foil,0.1,101,d100,6.5,50.0,7.6923076923076925,0.041025641025641026,-20.0,0.0013239393010735512,0.0496482215821743,"{""backing"": 2.0, ""comb_expand"": 1.0, ""depth"": 50.0, ""face_h"": 60.0, ""face_w"": 60.0, ""jitter"": 0.0, ""margin_depths"": 2.0, ""pitch"": 6.5, ""seed"": 101, ""topology"": ""comb"", ""wall_bot"": 0.1, ""wall_top"": 0.1}"
CB_p0650_f100_x10_s101,comb,expanded foil,0.1,101,d100,6.5,50.0,7.6923076923076925,0.041025641025641026,-40.0,0.002287832088768482,0.04965859279036522,"{""backing"": 2.0, ""comb_expand"": 1.0, ""depth"": 50.0, ""face_h"": 60.0, ""face_w"": 60.0, ""jitter"": 0.0, ""margin_depths"": 2.0, ""pitch"": 6.5, ""seed"": 101, ""topology"": ""comb"", ""wall_bot"": 0.1, ""wall_top"": 0.1}"
CB_p0650_f100_x10_s101,comb,expanded foil,0.1,101,d100,6.5,50.0,7.6923076923076925,0.041025641025641026,20.0,0.0013137419009581208,0.04966462403535843,"{""backing"": 2.0, ""comb_expand"": 1.0, ""depth"": 50.0, ""face_h"": 60.0, ""face_w"": 60.0, ""jitter"": 0.0, ""margin_depths"": 2.0, ""pitch"": 6.5, ""seed"": 101, ""topology"": ""comb"", ""wall_bot"": 0.1, ""wall_top"": 0.1}"
CB_p0650_f100_x10_s101,comb,expanded foil,0.1,101,d100,6.5,50.0,7.6923076923076925,0.041025641025641026,40.0,0.002273712307214737,0.049659375101327896,"{""backing"": 2.0, ""comb_expand"": 1.0, ""depth"": 50.0, ""face_h"": 60.0, ""face_w"": 60.0, ""jitter"": 0.0, ""margin_depths"": 2.0, ""pitch"": 6.5, ""seed"": 101, ""topology"": ""comb"", ""wall_bot"": 0.1, ""wall_top"": 0.1}"
CB_p0650_f100_x13_s101,comb,expanded foil,0.1,101,d00,6.5,50.0,7.6923076923076925,0.041025641025641026,0.0,0.001924848766066134,0.04976808652281761,"{""backing"": 2.0, ""comb_expand"": 1.3, ""depth"": 50.0, ""face_h"": 60.0, ""face_w"": 60.0, ""jitter"": 0.0, ""margin_depths"": 2.0, ""pitch"": 6.5, ""seed"": 101, ""topology"": ""comb"", ""wall_bot"": 0.1, ""wall_top"": 0.1}"
CB_p0650_f100_x13_s101,comb,expanded foil,0.1,101,d00,6.5,50.0,7.6923076923076925,0.041025641025641026,-20.0,0.0004740664444398135,0.04975920543074608,"{""backing"": 2.0, ""comb_expand"": 1.3, ""depth"": 50.0, ""face_h"": 60.0, ""face_w"": 60.0, ""jitter"": 0.0, ""margin_depths"": 2.0, ""pitch"": 6.5, ""seed"": 101, ""topology"": ""comb"", ""wall_bot"": 0.1, ""wall_top"": 0.1}"
CB_p0650_f100_x13_s101,comb,expanded foil,0.1,101,d00,6.5,50.0,7.6923076923076925,0.041025641025641026,-40.0,0.0004688762128353119,0.04976888373494148,"{""backing"": 2.0, ""comb_expand"": 1.3, ""depth"": 50.0, ""face_h"": 60.0, ""face_w"": 60.0, ""jitter"": 0.0, ""margin_depths"": 2.0, ""pitch"": 6.5, ""seed"": 101, ""topology"": ""comb"", ""wall_bot"": 0.1, ""wall_top"": 0.1}"
CB_p0650_f100_x13_s101,comb,expanded foil,0.1,101,d00,6.5,50.0,7.6923076923076925,0.041025641025641026,20.0,0.0004645847366191447,0.04976552352309227,"{""backing"": 2.0, ""comb_expand"": 1.3, ""depth"": 50.0, ""face_h"": 60.0, ""face_w"": 60.0, ""jitter"": 0.0, ""margin_depths"": 2.0, ""pitch"": 6.5, ""seed"": 101, ""topology"": ""comb"", ""wall_bot"": 0.1, ""wall_top"": 0.1}"
CB_p0650_f100_x13_s101,comb,expanded foil,0.1,101,d00,6.5,50.0,7.6923076923076925,0.041025641025641026,40.0,0.0004663362633436918,0.049766406416893005,"{""backing"": 2.0, ""comb_expand"": 1.3, ""depth"": 50.0, ""face_h"": 60.0, ""face_w"": 60.0, ""jitter"": 0.0, ""margin_depths"": 2.0, ""pitch"": 6.5, ""seed"": 101, ""topology"": ""comb"", ""wall_bot"": 0.1, ""wall_top"": 0.1}"
CB_p0650_f100_x13_s101,comb,expanded foil,0.1,101,d76,6.5,50.0,7.6923076923076925,0.041025641025641026,0.0,0.0007185410358943045,0.04976000264286995,"{""backing"": 2.0, ""comb_expand"": 1.3, ""depth"": 50.0, ""face_h"": 60.0, ""face_w"": 60.0, ""jitter"": 0.0, ""margin_depths"": 2.0, ""pitch"": 6.5, ""seed"": 101, ""topology"": ""comb"", ""wall_bot"": 0.1, ""wall_top"": 0.1}"
CB_p0650_f100_x13_s101,comb,expanded foil,0.1,101,d76,6.5,50.0,7.6923076923076925,0.041025641025641026,-20.0,0.0011610070941969752,0.0497506782412529,"{""backing"": 2.0, ""comb_expand"": 1.3, ""depth"": 50.0, ""face_h"": 60.0, ""face_w"": 60.0, ""jitter"": 0.0, ""margin_depths"": 2.0, ""pitch"": 6.5, ""seed"": 101, ""topology"": ""comb"", ""wall_bot"": 0.1, ""wall_top"": 0.1}"
CB_p0650_f100_x13_s101,comb,expanded foil,0.1,101,d76,6.5,50.0,7.6923076923076925,0.041025641025641026,-40.0,0.0019429167732596397,0.04975986108183861,"{""backing"": 2.0, ""comb_expand"": 1.3, ""depth"": 50.0, ""face_h"": 60.0, ""face_w"": 60.0, ""jitter"": 0.0, ""margin_depths"": 2.0, ""pitch"": 6.5, ""seed"": 101, ""topology"": ""comb"", ""wall_bot"": 0.1, ""wall_top"": 0.1}"
CB_p0650_f100_x13_s101,comb,expanded foil,0.1,101,d76,6.5,50.0,7.6923076923076925,0.041025641025641026,20.0,0.0011402522213757038,0.04975693300366402,"{""backing"": 2.0, ""comb_expand"": 1.3, ""depth"": 50.0, ""face_h"": 60.0, ""face_w"": 60.0, ""jitter"": 0.0, ""margin_depths"": 2.0, ""pitch"": 6.5, ""seed"": 101, ""topology"": ""comb"", ""wall_bot"": 0.1, ""wall_top"": 0.1}"
CB_p0650_f100_x13_s101,comb,expanded foil,0.1,101,d76,6.5,50.0,7.6923076923076925,0.041025641025641026,40.0,0.0019329586066305637,0.04975787550210953,"{""backing"": 2.0, ""comb_expand"": 1.3, ""depth"": 50.0, ""face_h"": 60.0, ""face_w"": 60.0, ""jitter"": 0.0, ""margin_depths"": 2.0, ""pitch"": 6.5, ""seed"": 101, ""topology"": ""comb"", ""wall_bot"": 0.1, ""wall_top"": 0.1}"
CB_p0650_f100_x13_s101,comb,expanded foil,0.1,101,d100,6.5,50.0,7.6923076923076925,0.041025641025641026,0.0,0.00040021826862357557,0.049757219851017,"{""backing"": 2.0, ""comb_expand"": 1.3, ""depth"": 50.0, ""face_h"": 60.0, ""face_w"": 60.0, ""jitter"": 0.0, ""margin_depths"": 2.0, ""pitch"": 6.5, ""seed"": 101, ""topology"": ""comb"", ""wall_bot"": 0.1, ""wall_top"": 0.1}"
CB_p0650_f100_x13_s101,comb,expanded foil,0.1,101,d100,6.5,50.0,7.6923076923076925,0.041025641025641026,-20.0,0.0013922970974817872,0.04974784329533577,"{""backing"": 2.0, ""comb_expand"": 1.3, ""depth"": 50.0, ""face_h"": 60.0, ""face_w"": 60.0, ""jitter"": 0.0, ""margin_depths"": 2.0, ""pitch"": 6.5, ""seed"": 101, ""topology"": ""comb"", ""wall_bot"": 0.1, ""wall_top"": 0.1}"
CB_p0650_f100_x13_s101,comb,expanded foil,0.1,101,d100,6.5,50.0,7.6923076923076925,0.041025641025641026,-40.0,0.002419412601739168,0.04975711926817894,"{""backing"": 2.0, ""comb_expand"": 1.3, ""depth"": 50.0, ""face_h"": 60.0, ""face_w"": 60.0, ""jitter"": 0.0, ""margin_depths"": 2.0, ""pitch"": 6.5, ""seed"": 101, ""topology"": ""comb"", ""wall_bot"": 0.1, ""wall_top"": 0.1}"
CB_p0650_f100_x13_s101,comb,expanded foil,0.1,101,d100,6.5,50.0,7.6923076923076925,0.041025641025641026,20.0,0.0013712850632146,0.04975435882806778,"{""backing"": 2.0, ""comb_expand"": 1.3, ""depth"": 50.0, ""face_h"": 60.0, ""face_w"": 60.0, ""jitter"": 0.0, ""margin_depths"": 2.0, ""pitch"": 6.5, ""seed"": 101, ""topology"": ""comb"", ""wall_bot"": 0.1, ""wall_top"": 0.1}"
CB_p0650_f100_x13_s101,comb,expanded foil,0.1,101,d100,6.5,50.0,7.6923076923076925,0.041025641025641026,40.0,0.0024093652609735727,0.04975492134690285,"{""backing"": 2.0, ""comb_expand"": 1.3, ""depth"": 50.0, ""face_h"": 60.0, ""face_w"": 60.0, ""jitter"": 0.0, ""margin_depths"": 2.0, ""pitch"": 6.5, ""seed"": 101, ""topology"": ""comb"", ""wall_bot"": 0.1, ""wall_top"": 0.1}"
CB_p0847_f080_x10_s101,comb,expanded foil,0.08,101,d00,8.47,50.0,5.903187721369539,0.02518693427784337,0.0,0.0021867661271244287,0.04984718933701515,"{""backing"": 2.0, ""comb_expand"": 1.0, ""depth"": 50.0, ""face_h"": 60.0, ""face_w"": 60.0, ""jitter"": 0.0, ""margin_depths"": 2.0, ""pitch"": 8.47, ""seed"": 101, ""topology"": ""comb"", ""wall_bot"": 0.08, ""wall_top"": 0.08}"
CB_p0847_f080_x10_s101,comb,expanded foil,0.08,101,d00,8.47,50.0,5.903187721369539,0.02518693427784337,-20.0,0.00039695759187452495,0.04981302097439766,"{""backing"": 2.0, ""comb_expand"": 1.0, ""depth"": 50.0, ""face_h"": 60.0, ""face_w"": 60.0, ""jitter"": 0.0, ""margin_depths"": 2.0, ""pitch"": 8.47, ""seed"": 101, ""topology"": ""comb"", ""wall_bot"": 0.08, ""wall_top"": 0.08}"
CB_p0847_f080_x10_s101,comb,expanded foil,0.08,101,d00,8.47,50.0,5.903187721369539,0.02518693427784337,-40.0,0.00035860270145349205,0.04980285465717316,"{""backing"": 2.0, ""comb_expand"": 1.0, ""depth"": 50.0, ""face_h"": 60.0, ""face_w"": 60.0, ""jitter"": 0.0, ""margin_depths"": 2.0, ""pitch"": 8.47, ""seed"": 101, ""topology"": ""comb"", ""wall_bot"": 0.08, ""wall_top"": 0.08}"
CB_p0847_f080_x10_s101,comb,expanded foil,0.08,101,d00,8.47,50.0,5.903187721369539,0.02518693427784337,20.0,0.0003744424320757389,0.049813162535429,"{""backing"": 2.0, ""comb_expand"": 1.0, ""depth"": 50.0, ""face_h"": 60.0, ""face_w"": 60.0, ""jitter"": 0.0, ""margin_depths"": 2.0, ""pitch"": 8.47, ""seed"": 101, ""topology"": ""comb"", ""wall_bot"": 0.08, ""wall_top"": 0.08}"
CB_p0847_f080_x10_s101,comb,expanded foil,0.08,101,d00,8.47,50.0,5.903187721369539,0.02518693427784337,40.0,0.00035256947739981115,0.04980837553739548,"{""backing"": 2.0, ""comb_expand"": 1.0, ""depth"": 50.0, ""face_h"": 60.0, ""face_w"": 60.0, ""jitter"": 0.0, ""margin_depths"": 2.0, ""pitch"": 8.47, ""seed"": 101, ""topology"": ""comb"", ""wall_bot"": 0.08, ""wall_top"": 0.08}"
CB_p0847_f080_x10_s101,comb,expanded foil,0.08,101,d76,8.47,50.0,5.903187721369539,0.02518693427784337,0.0,0.0007162531255744398,0.04984233155846596,"{""backing"": 2.0, ""comb_expand"": 1.0, ""depth"": 50.0, ""face_h"": 60.0, ""face_w"": 60.0, ""jitter"": 0.0, ""margin_depths"": 2.0, ""pitch"": 8.47, ""seed"": 101, ""topology"": ""comb"", ""wall_bot"": 0.08, ""wall_top"": 0.08}"
CB_p0847_f080_x10_s101,comb,expanded foil,0.08,101,d76,8.47,50.0,5.903187721369539,0.02518693427784337,-20.0,0.001042946008965373,0.04980634152889252,"{""backing"": 2.0, ""comb_expand"": 1.0, ""depth"": 50.0, ""face_h"": 60.0, ""face_w"": 60.0, ""jitter"": 0.0, ""margin_depths"": 2.0, ""pitch"": 8.47, ""seed"": 101, ""topology"": ""comb"", ""wall_bot"": 0.08, ""wall_top"": 0.08}"
CB_p0847_f080_x10_s101,comb,expanded foil,0.08,101,d76,8.47,50.0,5.903187721369539,0.02518693427784337,-40.0,0.0017666913336142898,0.049796491861343384,"{""backing"": 2.0, ""comb_expand"": 1.0, ""depth"": 50.0, ""face_h"": 60.0, ""face_w"": 60.0, ""jitter"": 0.0, ""margin_depths"": 2.0, ""pitch"": 8.47, ""seed"": 101, ""topology"": ""comb"", ""wall_bot"": 0.08, ""wall_top"": 0.08}"
CB_p0847_f080_x10_s101,comb,expanded foil,0.08,101,d76,8.47,50.0,5.903187721369539,0.02518693427784337,20.0,0.0009640837088227272,0.04980684816837311,"{""backing"": 2.0, ""comb_expand"": 1.0, ""depth"": 50.0, ""face_h"": 60.0, ""face_w"": 60.0, ""jitter"": 0.0, ""margin_depths"": 2.0, ""pitch"": 8.47, ""seed"": 101, ""topology"": ""comb"", ""wall_bot"": 0.08, ""wall_top"": 0.08}"
CB_p0847_f080_x10_s101,comb,expanded foil,0.08,101,d76,8.47,50.0,5.903187721369539,0.02518693427784337,40.0,0.0016827094368636608,0.049803026020526886,"{""backing"": 2.0, ""comb_expand"": 1.0, ""depth"": 50.0, ""face_h"": 60.0, ""face_w"": 60.0, ""jitter"": 0.0, ""margin_depths"": 2.0, ""pitch"": 8.47, ""seed"": 101, ""topology"": ""comb"", ""wall_bot"": 0.08, ""wall_top"": 0.08}"
CB_p0847_f080_x10_s101,comb,expanded foil,0.08,101,d100,8.47,50.0,5.903187721369539,0.02518693427784337,0.0,0.00032626991742290556,0.04984060674905777,"{""backing"": 2.0, ""comb_expand"": 1.0, ""depth"": 50.0, ""face_h"": 60.0, ""face_w"": 60.0, ""jitter"": 0.0, ""margin_depths"": 2.0, ""pitch"": 8.47, ""seed"": 101, ""topology"": ""comb"", ""wall_bot"": 0.08, ""wall_top"": 0.08}"
CB_p0847_f080_x10_s101,comb,expanded foil,0.08,101,d100,8.47,50.0,5.903187721369539,0.02518693427784337,-20.0,0.0012514590052887797,0.049803975969552994,"{""backing"": 2.0, ""comb_expand"": 1.0, ""depth"": 50.0, ""face_h"": 60.0, ""face_w"": 60.0, ""jitter"": 0.0, ""margin_depths"": 2.0, ""pitch"": 8.47, ""seed"": 101, ""topology"": ""comb"", ""wall_bot"": 0.08, ""wall_top"": 0.08}"
CB_p0847_f080_x10_s101,comb,expanded foil,0.08,101,d100,8.47,50.0,5.903187721369539,0.02518693427784337,-40.0,0.0022157097700983286,0.04979480057954788,"{""backing"": 2.0, ""comb_expand"": 1.0, ""depth"": 50.0, ""face_h"": 60.0, ""face_w"": 60.0, ""jitter"": 0.0, ""margin_depths"": 2.0, ""pitch"": 8.47, ""seed"": 101, ""topology"": ""comb"", ""wall_bot"": 0.08, ""wall_top"": 0.08}"
CB_p0847_f080_x10_s101,comb,expanded foil,0.08,101,d100,8.47,50.0,5.903187721369539,0.02518693427784337,20.0,0.0011568175395950675,0.04980443790555,"{""backing"": 2.0, ""comb_expand"": 1.0, ""depth"": 50.0, ""face_h"": 60.0, ""face_w"": 60.0, ""jitter"": 0.0, ""margin_depths"": 2.0, ""pitch"": 8.47, ""seed"": 101, ""topology"": ""comb"", ""wall_bot"": 0.08, ""wall_top"": 0.08}"
CB_p0847_f080_x10_s101,comb,expanded foil,0.08,101,d100,8.47,50.0,5.903187721369539,0.02518693427784337,40.0,0.0021153842099010944,0.04980052262544632,"{""backing"": 2.0, ""comb_expand"": 1.0, ""depth"": 50.0, ""face_h"": 60.0, ""face_w"": 60.0, ""jitter"": 0.0, ""margin_depths"": 2.0, ""pitch"": 8.47, ""seed"": 101, ""topology"": ""comb"", ""wall_bot"": 0.08, ""wall_top"": 0.08}"
CB_p0847_f080_x13_s101,comb,expanded foil,0.08,101,d00,8.47,50.0,5.903187721369539,0.02518693427784337,0.0,0.0024708358105272055,0.04974494129419327,"{""backing"": 2.0, ""comb_expand"": 1.3, ""depth"": 50.0, ""face_h"": 60.0, ""face_w"": 60.0, ""jitter"": 0.0, ""margin_depths"": 2.0, ""pitch"": 8.47, ""seed"": 101, ""topology"": ""comb"", ""wall_bot"": 0.08, ""wall_top"": 0.08}"
CB_p0847_f080_x13_s101,comb,expanded foil,0.08,101,d00,8.47,50.0,5.903187721369539,0.02518693427784337,-20.0,0.00034037098521366715,0.049692511558532715,"{""backing"": 2.0, ""comb_expand"": 1.3, ""depth"": 50.0, ""face_h"": 60.0, ""face_w"": 60.0, ""jitter"": 0.0, ""margin_depths"": 2.0, ""pitch"": 8.47, ""seed"": 101, ""topology"": ""comb"", ""wall_bot"": 0.08, ""wall_top"": 0.08}"
CB_p0847_f080_x13_s101,comb,expanded foil,0.08,101,d00,8.47,50.0,5.903187721369539,0.02518693427784337,-40.0,0.0003043753677047789,0.049690403044223785,"{""backing"": 2.0, ""comb_expand"": 1.3, ""depth"": 50.0, ""face_h"": 60.0, ""face_w"": 60.0, ""jitter"": 0.0, ""margin_depths"": 2.0, ""pitch"": 8.47, ""seed"": 101, ""topology"": ""comb"", ""wall_bot"": 0.08, ""wall_top"": 0.08}"
CB_p0847_f080_x13_s101,comb,expanded foil,0.08,101,d00,8.47,50.0,5.903187721369539,0.02518693427784337,20.0,0.00033208163222298026,0.049690939486026764,"{""backing"": 2.0, ""comb_expand"": 1.3, ""depth"": 50.0, ""face_h"": 60.0, ""face_w"": 60.0, ""jitter"": 0.0, ""margin_depths"": 2.0, ""pitch"": 8.47, ""seed"": 101, ""topology"": ""comb"", ""wall_bot"": 0.08, ""wall_top"": 0.08}"
CB_p0847_f080_x13_s101,comb,expanded foil,0.08,101,d00,8.47,50.0,5.903187721369539,0.02518693427784337,40.0,0.00030369532760232687,0.049693573266267776,"{""backing"": 2.0, ""comb_expand"": 1.3, ""depth"": 50.0, ""face_h"": 60.0, ""face_w"": 60.0, ""jitter"": 0.0, ""margin_depths"": 2.0, ""pitch"": 8.47, ""seed"": 101, ""topology"": ""comb"", ""wall_bot"": 0.08, ""wall_top"": 0.08}"
CB_p0847_f080_x13_s101,comb,expanded foil,0.08,101,d76,8.47,50.0,5.903187721369539,0.02518693427784337,0.0,0.0007616837392561138,0.049736388027668,"{""backing"": 2.0, ""comb_expand"": 1.3, ""depth"": 50.0, ""face_h"": 60.0, ""face_w"": 60.0, ""jitter"": 0.0, ""margin_depths"": 2.0, ""pitch"": 8.47, ""seed"": 101, ""topology"": ""comb"", ""wall_bot"": 0.08, ""wall_top"": 0.08}"
CB_p0847_f080_x13_s101,comb,expanded foil,0.08,101,d76,8.47,50.0,5.903187721369539,0.02518693427784337,-20.0,0.001082944800145924,0.04968204349279404,"{""backing"": 2.0, ""comb_expand"": 1.3, ""depth"": 50.0, ""face_h"": 60.0, ""face_w"": 60.0, ""jitter"": 0.0, ""margin_depths"": 2.0, ""pitch"": 8.47, ""seed"": 101, ""topology"": ""comb"", ""wall_bot"": 0.08, ""wall_top"": 0.08}"
CB_p0847_f080_x13_s101,comb,expanded foil,0.08,101,d76,8.47,50.0,5.903187721369539,0.02518693427784337,-40.0,0.0018547638319432735,0.04967867583036423,"{""backing"": 2.0, ""comb_expand"": 1.3, ""depth"": 50.0, ""face_h"": 60.0, ""face_w"": 60.0, ""jitter"": 0.0, ""margin_depths"": 2.0, ""pitch"": 8.47, ""seed"": 101, ""topology"": ""comb"", ""wall_bot"": 0.08, ""wall_top"": 0.08}"
CB_p0847_f080_x13_s101,comb,expanded foil,0.08,101,d76,8.47,50.0,5.903187721369539,0.02518693427784337,20.0,0.0009907424682751298,0.049680158495903015,"{""backing"": 2.0, ""comb_expand"": 1.3, ""depth"": 50.0, ""face_h"": 60.0, ""face_w"": 60.0, ""jitter"": 0.0, ""margin_depths"": 2.0, ""pitch"": 8.47, ""seed"": 101, ""topology"": ""comb"", ""wall_bot"": 0.08, ""wall_top"": 0.08}"
CB_p0847_f080_x13_s101,comb,expanded foil,0.08,101,d76,8.47,50.0,5.903187721369539,0.02518693427784337,40.0,0.0017918068915605545,0.04968229681253433,"{""backing"": 2.0, ""comb_expand"": 1.3, ""depth"": 50.0, ""face_h"": 60.0, ""face_w"": 60.0, ""jitter"": 0.0, ""margin_depths"": 2.0, ""pitch"": 8.47, ""seed"": 101, ""topology"": ""comb"", ""wall_bot"": 0.08, ""wall_top"": 0.08}"
CB_p0847_f080_x13_s101,comb,expanded foil,0.08,101,d100,8.47,50.0,5.903187721369539,0.02518693427784337,0.0,0.0002988498308695853,0.04973307624459267,"{""backing"": 2.0, ""comb_expand"": 1.3, ""depth"": 50.0, ""face_h"": 60.0, ""face_w"": 60.0, ""jitter"": 0.0, ""margin_depths"": 2.0, ""pitch"": 8.47, ""seed"": 101, ""topology"": ""comb"", ""wall_bot"": 0.08, ""wall_top"": 0.08}"
CB_p0847_f080_x13_s101,comb,expanded foil,0.08,101,d100,8.47,50.0,5.903187721369539,0.02518693427784337,-20.0,0.0013286629691720009,0.0496789924800396,"{""backing"": 2.0, ""comb_expand"": 1.3, ""depth"": 50.0, ""face_h"": 60.0, ""face_w"": 60.0, ""jitter"": 0.0, ""margin_depths"": 2.0, ""pitch"": 8.47, ""seed"": 101, ""topology"": ""comb"", ""wall_bot"": 0.08, ""wall_top"": 0.08}"
CB_p0847_f080_x13_s101,comb,expanded foil,0.08,101,d100,8.47,50.0,5.903187721369539,0.02518693427784337,-40.0,0.002356408629566431,0.049674730747938156,"{""backing"": 2.0, ""comb_expand"": 1.3, ""depth"": 50.0, ""face_h"": 60.0, ""face_w"": 60.0, ""jitter"": 0.0, ""margin_depths"": 2.0, ""pitch"": 8.47, ""seed"": 101, ""topology"": ""comb"", ""wall_bot"": 0.08, ""wall_top"": 0.08}"
CB_p0847_f080_x13_s101,comb,expanded foil,0.08,101,d100,8.47,50.0,5.903187721369539,0.02518693427784337,20.0,0.001218928606249392,0.049676258116960526,"{""backing"": 2.0, ""comb_expand"": 1.3, ""depth"": 50.0, ""face_h"": 60.0, ""face_w"": 60.0, ""jitter"": 0.0, ""margin_depths"": 2.0, ""pitch"": 8.47, ""seed"": 101, ""topology"": ""comb"", ""wall_bot"": 0.08, ""wall_top"": 0.08}"
CB_p0847_f080_x13_s101,comb,expanded foil,0.08,101,d100,8.47,50.0,5.903187721369539,0.02518693427784337,40.0,0.0022702058777213097,0.04967827722430229,"{""backing"": 2.0, ""comb_expand"": 1.3, ""depth"": 50.0, ""face_h"": 60.0, ""face_w"": 60.0, ""jitter"": 0.0, ""margin_depths"": 2.0, ""pitch"": 8.47, ""seed"": 101, ""topology"": ""comb"", ""wall_bot"": 0.08, ""wall_top"": 0.08}"
CB_p0952_f100_x10_s101,comb,expanded foil,0.1,101,d00,9.53,50.0,5.246589716684156,0.027981811822315492,0.0,0.0025056134909391403,0.04963527247309685,"{""backing"": 2.0, ""comb_expand"": 1.0, ""depth"": 50.0, ""face_h"": 60.0, ""face_w"": 60.0, ""jitter"": 0.0, ""margin_depths"": 2.0, ""pitch"": 9.53, ""seed"": 101, ""topology"": ""comb"", ""wall_bot"": 0.1, ""wall_top"": 0.1}"
CB_p0952_f100_x10_s101,comb,expanded foil,0.1,101,d00,9.53,50.0,5.246589716684156,0.027981811822315492,-20.0,0.00042291698628105223,0.04960191249847412,"{""backing"": 2.0, ""comb_expand"": 1.0, ""depth"": 50.0, ""face_h"": 60.0, ""face_w"": 60.0, ""jitter"": 0.0, ""margin_depths"": 2.0, ""pitch"": 9.53, ""seed"": 101, ""topology"": ""comb"", ""wall_bot"": 0.1, ""wall_top"": 0.1}"
CB_p0952_f100_x10_s101,comb,expanded foil,0.1,101,d00,9.53,50.0,5.246589716684156,0.027981811822315492,-40.0,0.00040185890975408256,0.04959458112716675,"{""backing"": 2.0, ""comb_expand"": 1.0, ""depth"": 50.0, ""face_h"": 60.0, ""face_w"": 60.0, ""jitter"": 0.0, ""margin_depths"": 2.0, ""pitch"": 9.53, ""seed"": 101, ""topology"": ""comb"", ""wall_bot"": 0.1, ""wall_top"": 0.1}"
CB_p0952_f100_x10_s101,comb,expanded foil,0.1,101,d00,9.53,50.0,5.246589716684156,0.027981811822315492,20.0,0.00042739484342746437,0.04959971830248833,"{""backing"": 2.0, ""comb_expand"": 1.0, ""depth"": 50.0, ""face_h"": 60.0, ""face_w"": 60.0, ""jitter"": 0.0, ""margin_depths"": 2.0, ""pitch"": 9.53, ""seed"": 101, ""topology"": ""comb"", ""wall_bot"": 0.1, ""wall_top"": 0.1}"
CB_p0952_f100_x10_s101,comb,expanded foil,0.1,101,d00,9.53,50.0,5.246589716684156,0.027981811822315492,40.0,0.00040586042450740933,0.04959815740585327,"{""backing"": 2.0, ""comb_expand"": 1.0, ""depth"": 50.0, ""face_h"": 60.0, ""face_w"": 60.0, ""jitter"": 0.0, ""margin_depths"": 2.0, ""pitch"": 9.53, ""seed"": 101, ""topology"": ""comb"", ""wall_bot"": 0.1, ""wall_top"": 0.1}"
CB_p0952_f100_x10_s101,comb,expanded foil,0.1,101,d76,9.53,50.0,5.246589716684156,0.027981811822315492,0.0,0.000836063118185848,0.0496215894818306,"{""backing"": 2.0, ""comb_expand"": 1.0, ""depth"": 50.0, ""face_h"": 60.0, ""face_w"": 60.0, ""jitter"": 0.0, ""margin_depths"": 2.0, ""pitch"": 9.53, ""seed"": 101, ""topology"": ""comb"", ""wall_bot"": 0.1, ""wall_top"": 0.1}"
CB_p0952_f100_x10_s101,comb,expanded foil,0.1,101,d76,9.53,50.0,5.246589716684156,0.027981811822315492,-20.0,0.001045418088324368,0.049584727734327316,"{""backing"": 2.0, ""comb_expand"": 1.0, ""depth"": 50.0, ""face_h"": 60.0, ""face_w"": 60.0, ""jitter"": 0.0, ""margin_depths"": 2.0, ""pitch"": 9.53, ""seed"": 101, ""topology"": ""comb"", ""wall_bot"": 0.1, ""wall_top"": 0.1}"
CB_p0952_f100_x10_s101,comb,expanded foil,0.1,101,d76,9.53,50.0,5.246589716684156,0.027981811822315492,-40.0,0.0017271108226850629,0.04957721382379532,"{""backing"": 2.0, ""comb_expand"": 1.0, ""depth"": 50.0, ""face_h"": 60.0, ""face_w"": 60.0, ""jitter"": 0.0, ""margin_depths"": 2.0, ""pitch"": 9.53, ""seed"": 101, ""topology"": ""comb"", ""wall_bot"": 0.1, ""wall_top"": 0.1}"
CB_p0952_f100_x10_s101,comb,expanded foil,0.1,101,d76,9.53,50.0,5.246589716684156,0.027981811822315492,20.0,0.0010576285421848297,0.04958274960517883,"{""backing"": 2.0, ""comb_expand"": 1.0, ""depth"": 50.0, ""face_h"": 60.0, ""face_w"": 60.0, ""jitter"": 0.0, ""margin_depths"": 2.0, ""pitch"": 9.53, ""seed"": 101, ""topology"": ""comb"", ""wall_bot"": 0.1, ""wall_top"": 0.1}"
CB_p0952_f100_x10_s101,comb,expanded foil,0.1,101,d76,9.53,50.0,5.246589716684156,0.027981811822315492,40.0,0.0017732401611283422,0.049582719802856445,"{""backing"": 2.0, ""comb_expand"": 1.0, ""depth"": 50.0, ""face_h"": 60.0, ""face_w"": 60.0, ""jitter"": 0.0, ""margin_depths"": 2.0, ""pitch"": 9.53, ""seed"": 101, ""topology"": ""comb"", ""wall_bot"": 0.1, ""wall_top"": 0.1}"
CB_p0952_f100_x10_s101,comb,expanded foil,0.1,101,d100,9.53,50.0,5.246589716684156,0.027981811822315492,0.0,0.00038257287815213203,0.04961755499243736,"{""backing"": 2.0, ""comb_expand"": 1.0, ""depth"": 50.0, ""face_h"": 60.0, ""face_w"": 60.0, ""jitter"": 0.0, ""margin_depths"": 2.0, ""pitch"": 9.53, ""seed"": 101, ""topology"": ""comb"", ""wall_bot"": 0.1, ""wall_top"": 0.1}"
CB_p0952_f100_x10_s101,comb,expanded foil,0.1,101,d100,9.53,50.0,5.246589716684156,0.027981811822315492,-20.0,0.001245040912181139,0.049579448997974396,"{""backing"": 2.0, ""comb_expand"": 1.0, ""depth"": 50.0, ""face_h"": 60.0, ""face_w"": 60.0, ""jitter"": 0.0, ""margin_depths"": 2.0, ""pitch"": 9.53, ""seed"": 101, ""topology"": ""comb"", ""wall_bot"": 0.1, ""wall_top"": 0.1}"
CB_p0952_f100_x10_s101,comb,expanded foil,0.1,101,d100,9.53,50.0,5.246589716684156,0.027981811822315492,-40.0,0.0021567100193351507,0.04957187920808792,"{""backing"": 2.0, ""comb_expand"": 1.0, ""depth"": 50.0, ""face_h"": 60.0, ""face_w"": 60.0, ""jitter"": 0.0, ""margin_depths"": 2.0, ""pitch"": 9.53, ""seed"": 101, ""topology"": ""comb"", ""wall_bot"": 0.1, ""wall_top"": 0.1}"
CB_p0952_f100_x10_s101,comb,expanded foil,0.1,101,d100,9.53,50.0,5.246589716684156,0.027981811822315492,20.0,0.0012634291779249907,0.04957796260714531,"{""backing"": 2.0, ""comb_expand"": 1.0, ""depth"": 50.0, ""face_h"": 60.0, ""face_w"": 60.0, ""jitter"": 0.0, ""margin_depths"": 2.0, ""pitch"": 9.53, ""seed"": 101, ""topology"": ""comb"", ""wall_bot"": 0.1, ""wall_top"": 0.1}"
CB_p0952_f100_x10_s101,comb,expanded foil,0.1,101,d100,9.53,50.0,5.246589716684156,0.027981811822315492,40.0,0.002211502054706216,0.04957832768559456,"{""backing"": 2.0, ""comb_expand"": 1.0, ""depth"": 50.0, ""face_h"": 60.0, ""face_w"": 60.0, ""jitter"": 0.0, ""margin_depths"": 2.0, ""pitch"": 9.53, ""seed"": 101, ""topology"": ""comb"", ""wall_bot"": 0.1, ""wall_top"": 0.1}"
CB_p0952_f100_x13_s101,comb,expanded foil,0.1,101,d00,9.53,50.0,5.246589716684156,0.027981811822315492,0.0,0.00281268497928977,0.04965190961956978,"{""backing"": 2.0, ""comb_expand"": 1.3, ""depth"": 50.0, ""face_h"": 60.0, ""face_w"": 60.0, ""jitter"": 0.0, ""margin_depths"": 2.0, ""pitch"": 9.53, ""seed"": 101, ""topology"": ""comb"", ""wall_bot"": 0.1, ""wall_top"": 0.1}"
CB_p0952_f100_x13_s101,comb,expanded foil,0.1,101,d00,9.53,50.0,5.246589716684156,0.027981811822315492,-20.0,0.0003630409191828221,0.049630820751190186,"{""backing"": 2.0, ""comb_expand"": 1.3, ""depth"": 50.0, ""face_h"": 60.0, ""face_w"": 60.0, ""jitter"": 0.0, ""margin_depths"": 2.0, ""pitch"": 9.53, ""seed"": 101, ""topology"": ""comb"", ""wall_bot"": 0.1, ""wall_top"": 0.1}"
CB_p0952_f100_x13_s101,comb,expanded foil,0.1,101,d00,9.53,50.0,5.246589716684156,0.027981811822315492,-40.0,0.0003258921788074076,0.049629997462034225,"{""backing"": 2.0, ""comb_expand"": 1.3, ""depth"": 50.0, ""face_h"": 60.0, ""face_w"": 60.0, ""jitter"": 0.0, ""margin_depths"": 2.0, ""pitch"": 9.53, ""seed"": 101, ""topology"": ""comb"", ""wall_bot"": 0.1, ""wall_top"": 0.1}"
CB_p0952_f100_x13_s101,comb,expanded foil,0.1,101,d00,9.53,50.0,5.246589716684156,0.027981811822315492,20.0,0.000368747569154948,0.04962802678346634,"{""backing"": 2.0, ""comb_expand"": 1.3, ""depth"": 50.0, ""face_h"": 60.0, ""face_w"": 60.0, ""jitter"": 0.0, ""margin_depths"": 2.0, ""pitch"": 9.53, ""seed"": 101, ""topology"": ""comb"", ""wall_bot"": 0.1, ""wall_top"": 0.1}"
CB_p0952_f100_x13_s101,comb,expanded foil,0.1,101,d00,9.53,50.0,5.246589716684156,0.027981811822315492,40.0,0.0003340529801789671,0.04962606355547905,"{""backing"": 2.0, ""comb_expand"": 1.3, ""depth"": 50.0, ""face_h"": 60.0, ""face_w"": 60.0, ""jitter"": 0.0, ""margin_depths"": 2.0, ""pitch"": 9.53, ""seed"": 101, ""topology"": ""comb"", ""wall_bot"": 0.1, ""wall_top"": 0.1}"
CB_p0952_f100_x13_s101,comb,expanded foil,0.1,101,d76,9.53,50.0,5.246589716684156,0.027981811822315492,0.0,0.0008809586288407445,0.04963893070816994,"{""backing"": 2.0, ""comb_expand"": 1.3, ""depth"": 50.0, ""face_h"": 60.0, ""face_w"": 60.0, ""jitter"": 0.0, ""margin_depths"": 2.0, ""pitch"": 9.53, ""seed"": 101, ""topology"": ""comb"", ""wall_bot"": 0.1, ""wall_top"": 0.1}"
CB_p0952_f100_x13_s101,comb,expanded foil,0.1,101,d76,9.53,50.0,5.246589716684156,0.027981811822315492,-20.0,0.0010572356404736638,0.04961656033992767,"{""backing"": 2.0, ""comb_expand"": 1.3, ""depth"": 50.0, ""face_h"": 60.0, ""face_w"": 60.0, ""jitter"": 0.0, ""margin_depths"": 2.0, ""pitch"": 9.53, ""seed"": 101, ""topology"": ""comb"", ""wall_bot"": 0.1, ""wall_top"": 0.1}"
CB_p0952_f100_x13_s101,comb,expanded foil,0.1,101,d76,9.53,50.0,5.246589716684156,0.027981811822315492,-40.0,0.0018220505444332957,0.04961494728922844,"{""backing"": 2.0, ""comb_expand"": 1.3, ""depth"": 50.0, ""face_h"": 60.0, ""face_w"": 60.0, ""jitter"": 0.0, ""margin_depths"": 2.0, ""pitch"": 9.53, ""seed"": 101, ""topology"": ""comb"", ""wall_bot"": 0.1, ""wall_top"": 0.1}"
CB_p0952_f100_x13_s101,comb,expanded foil,0.1,101,d76,9.53,50.0,5.246589716684156,0.027981811822315492,20.0,0.0010919473133981228,0.04961368069052696,"{""backing"": 2.0, ""comb_expand"": 1.3, ""depth"": 50.0, ""face_h"": 60.0, ""face_w"": 60.0, ""jitter"": 0.0, ""margin_depths"": 2.0, ""pitch"": 9.53, ""seed"": 101, ""topology"": ""comb"", ""wall_bot"": 0.1, ""wall_top"": 0.1}"
CB_p0952_f100_x13_s101,comb,expanded foil,0.1,101,d76,9.53,50.0,5.246589716684156,0.027981811822315492,40.0,0.0018838811665773392,0.04961283877491951,"{""backing"": 2.0, ""comb_expand"": 1.3, ""depth"": 50.0, ""face_h"": 60.0, ""face_w"": 60.0, ""jitter"": 0.0, ""margin_depths"": 2.0, ""pitch"": 9.53, ""seed"": 101, ""topology"": ""comb"", ""wall_bot"": 0.1, ""wall_top"": 0.1}"
CB_p0952_f100_x13_s101,comb,expanded foil,0.1,101,d100,9.53,50.0,5.246589716684156,0.027981811822315492,0.0,0.0003498948353808373,0.049635063856840134,"{""backing"": 2.0, ""comb_expand"": 1.3, ""depth"": 50.0, ""face_h"": 60.0, ""face_w"": 60.0, ""jitter"": 0.0, ""margin_depths"": 2.0, ""pitch"": 9.53, ""seed"": 101, ""topology"": ""comb"", ""wall_bot"": 0.1, ""wall_top"": 0.1}"
CB_p0952_f100_x13_s101,comb,expanded foil,0.1,101,d100,9.53,50.0,5.246589716684156,0.027981811822315492,-20.0,0.001301091630011797,0.04961250722408295,"{""backing"": 2.0, ""comb_expand"": 1.3, ""depth"": 50.0, ""face_h"": 60.0, ""face_w"": 60.0, ""jitter"": 0.0, ""margin_depths"": 2.0, ""pitch"": 9.53, ""seed"": 101, ""topology"": ""comb"", ""wall_bot"": 0.1, ""wall_top"": 0.1}"
CB_p0952_f100_x13_s101,comb,expanded foil,0.1,101,d100,9.53,50.0,5.246589716684156,0.027981811822315492,-40.0,0.0023097151424735785,0.04961106553673744,"{""backing"": 2.0, ""comb_expand"": 1.3, ""depth"": 50.0, ""face_h"": 60.0, ""face_w"": 60.0, ""jitter"": 0.0, ""margin_depths"": 2.0, ""pitch"": 9.53, ""seed"": 101, ""topology"": ""comb"", ""wall_bot"": 0.1, ""wall_top"": 0.1}"
CB_p0952_f100_x13_s101,comb,expanded foil,0.1,101,d100,9.53,50.0,5.246589716684156,0.027981811822315492,20.0,0.0013303523883223534,0.049609482288360596,"{""backing"": 2.0, ""comb_expand"": 1.3, ""depth"": 50.0, ""face_h"": 60.0, ""face_w"": 60.0, ""jitter"": 0.0, ""margin_depths"": 2.0, ""pitch"": 9.53, ""seed"": 101, ""topology"": ""comb"", ""wall_bot"": 0.1, ""wall_top"": 0.1}"
CB_p0952_f100_x13_s101,comb,expanded foil,0.1,101,d100,9.53,50.0,5.246589716684156,0.027981811822315492,40.0,0.0023812386207282543,0.049608565866947174,"{""backing"": 2.0, ""comb_expand"": 1.3, ""depth"": 50.0, ""face_h"": 60.0, ""face_w"": 60.0, ""jitter"": 0.0, ""margin_depths"": 2.0, ""pitch"": 9.53, ""seed"": 101, ""topology"": ""comb"", ""wall_bot"": 0.1, ""wall_top"": 0.1}"
CB_p0317_f040_x10_s102,comb,expanded foil,0.04,102,d00,3.17,50.0,15.772870662460567,0.03364879074658255,0.0,0.0007133428589440882,0.04999997094273567,"{""backing"": 2.0, ""comb_expand"": 1.0, ""depth"": 50.0, ""face_h"": 60.0, ""face_w"": 60.0, ""jitter"": 0.0, ""margin_depths"": 2.0, ""pitch"": 3.17, ""seed"": 102, ""topology"": ""comb"", ""wall_bot"": 0.04, ""wall_top"": 0.04}"
CB_p0317_f040_x10_s102,comb,expanded foil,0.04,102,d00,3.17,50.0,15.772870662460567,0.03364879074658255,-20.0,0.00044691734365187585,0.04999997094273567,"{""backing"": 2.0, ""comb_expand"": 1.0, ""depth"": 50.0, ""face_h"": 60.0, ""face_w"": 60.0, ""jitter"": 0.0, ""margin_depths"": 2.0, ""pitch"": 3.17, ""seed"": 102, ""topology"": ""comb"", ""wall_bot"": 0.04, ""wall_top"": 0.04}"
CB_p0317_f040_x10_s102,comb,expanded foil,0.04,102,d00,3.17,50.0,15.772870662460567,0.03364879074658255,-40.0,0.0004377825534902513,0.04999997094273567,"{""backing"": 2.0, ""comb_expand"": 1.0, ""depth"": 50.0, ""face_h"": 60.0, ""face_w"": 60.0, ""jitter"": 0.0, ""margin_depths"": 2.0, ""pitch"": 3.17, ""seed"": 102, ""topology"": ""comb"", ""wall_bot"": 0.04, ""wall_top"": 0.04}"
CB_p0317_f040_x10_s102,comb,expanded foil,0.04,102,d00,3.17,50.0,15.772870662460567,0.03364879074658255,20.0,0.0004432547139003873,0.04999997094273567,"{""backing"": 2.0, ""comb_expand"": 1.0, ""depth"": 50.0, ""face_h"": 60.0, ""face_w"": 60.0, ""jitter"": 0.0, ""margin_depths"": 2.0, ""pitch"": 3.17, ""seed"": 102, ""topology"": ""comb"", ""wall_bot"": 0.04, ""wall_top"": 0.04}"
CB_p0317_f040_x10_s102,comb,expanded foil,0.04,102,d00,3.17,50.0,15.772870662460567,0.03364879074658255,40.0,0.00043832609662786126,0.04999997094273567,"{""backing"": 2.0, ""comb_expand"": 1.0, ""depth"": 50.0, ""face_h"": 60.0, ""face_w"": 60.0, ""jitter"": 0.0, ""margin_depths"": 2.0, ""pitch"": 3.17, ""seed"": 102, ""topology"": ""comb"", ""wall_bot"": 0.04, ""wall_top"": 0.04}"
CB_p0317_f040_x10_s102,comb,expanded foil,0.04,102,d76,3.17,50.0,15.772870662460567,0.03364879074658255,0.0,0.00041113878251053393,0.04999997094273567,"{""backing"": 2.0, ""comb_expand"": 1.0, ""depth"": 50.0, ""face_h"": 60.0, ""face_w"": 60.0, ""jitter"": 0.0, ""margin_depths"": 2.0, ""pitch"": 3.17, ""seed"": 102, ""topology"": ""comb"", ""wall_bot"": 0.04, ""wall_top"": 0.04}"
CB_p0317_f040_x10_s102,comb,expanded foil,0.04,102,d76,3.17,50.0,15.772870662460567,0.03364879074658255,-20.0,0.0009658804628998041,0.04999997094273567,"{""backing"": 2.0, ""comb_expand"": 1.0, ""depth"": 50.0, ""face_h"": 60.0, ""face_w"": 60.0, ""jitter"": 0.0, ""margin_depths"": 2.0, ""pitch"": 3.17, ""seed"": 102, ""topology"": ""comb"", ""wall_bot"": 0.04, ""wall_top"": 0.04}"
CB_p0317_f040_x10_s102,comb,expanded foil,0.04,102,d76,3.17,50.0,15.772870662460567,0.03364879074658255,-40.0,0.0015876581892371178,0.04999997094273567,"{""backing"": 2.0, ""comb_expand"": 1.0, ""depth"": 50.0, ""face_h"": 60.0, ""face_w"": 60.0, ""jitter"": 0.0, ""margin_depths"": 2.0, ""pitch"": 3.17, ""seed"": 102, ""topology"": ""comb"", ""wall_bot"": 0.04, ""wall_top"": 0.04}"
CB_p0317_f040_x10_s102,comb,expanded foil,0.04,102,d76,3.17,50.0,15.772870662460567,0.03364879074658255,20.0,0.0009572631679475307,0.04999997094273567,"{""backing"": 2.0, ""comb_expand"": 1.0, ""depth"": 50.0, ""face_h"": 60.0, ""face_w"": 60.0, ""jitter"": 0.0, ""margin_depths"": 2.0, ""pitch"": 3.17, ""seed"": 102, ""topology"": ""comb"", ""wall_bot"": 0.04, ""wall_top"": 0.04}"
CB_p0317_f040_x10_s102,comb,expanded foil,0.04,102,d76,3.17,50.0,15.772870662460567,0.03364879074658255,40.0,0.0015507979551330209,0.04999997094273567,"{""backing"": 2.0, ""comb_expand"": 1.0, ""depth"": 50.0, ""face_h"": 60.0, ""face_w"": 60.0, ""jitter"": 0.0, ""margin_depths"": 2.0, ""pitch"": 3.17, ""seed"": 102, ""topology"": ""comb"", ""wall_bot"": 0.04, ""wall_top"": 0.04}"
CB_p0317_f040_x10_s102,comb,expanded foil,0.04,102,d100,3.17,50.0,15.772870662460567,0.03364879074658255,0.0,0.0003323736018501222,0.04999997094273567,"{""backing"": 2.0, ""comb_expand"": 1.0, ""depth"": 50.0, ""face_h"": 60.0, ""face_w"": 60.0, ""jitter"": 0.0, ""margin_depths"": 2.0, ""pitch"": 3.17, ""seed"": 102, ""topology"": ""comb"", ""wall_bot"": 0.04, ""wall_top"": 0.04}"
CB_p0317_f040_x10_s102,comb,expanded foil,0.04,102,d100,3.17,50.0,15.772870662460567,0.03364879074658255,-20.0,0.001143601257354021,0.04999997094273567,"{""backing"": 2.0, ""comb_expand"": 1.0, ""depth"": 50.0, ""face_h"": 60.0, ""face_w"": 60.0, ""jitter"": 0.0, ""margin_depths"": 2.0, ""pitch"": 3.17, ""seed"": 102, ""topology"": ""comb"", ""wall_bot"": 0.04, ""wall_top"": 0.04}"
CB_p0317_f040_x10_s102,comb,expanded foil,0.04,102,d100,3.17,50.0,15.772870662460567,0.03364879074658255,-40.0,0.00196746620349586,0.04999997094273567,"{""backing"": 2.0, ""comb_expand"": 1.0, ""depth"": 50.0, ""face_h"": 60.0, ""face_w"": 60.0, ""jitter"": 0.0, ""margin_depths"": 2.0, ""pitch"": 3.17, ""seed"": 102, ""topology"": ""comb"", ""wall_bot"": 0.04, ""wall_top"": 0.04}"
CB_p0317_f040_x10_s102,comb,expanded foil,0.04,102,d100,3.17,50.0,15.772870662460567,0.03364879074658255,20.0,0.001131588825955987,0.04999997094273567,"{""backing"": 2.0, ""comb_expand"": 1.0, ""depth"": 50.0, ""face_h"": 60.0, ""face_w"": 60.0, ""jitter"": 0.0, ""margin_depths"": 2.0, ""pitch"": 3.17, ""seed"": 102, ""topology"": ""comb"", ""wall_bot"": 0.04, ""wall_top"": 0.04}"
CB_p0317_f040_x10_s102,comb,expanded foil,0.04,102,d100,3.17,50.0,15.772870662460567,0.03364879074658255,40.0,0.001914963941089809,0.04999997094273567,"{""backing"": 2.0, ""comb_expand"": 1.0, ""depth"": 50.0, ""face_h"": 60.0, ""face_w"": 60.0, ""jitter"": 0.0, ""margin_depths"": 2.0, ""pitch"": 3.17, ""seed"": 102, ""topology"": ""comb"", ""wall_bot"": 0.04, ""wall_top"": 0.04}"
CB_p0317_f040_x13_s102,comb,expanded foil,0.04,102,d00,3.17,50.0,15.772870662460567,0.03364879074658255,0.0,0.0007816628785803914,0.049998097121715546,"{""backing"": 2.0, ""comb_expand"": 1.3, ""depth"": 50.0, ""face_h"": 60.0, ""face_w"": 60.0, ""jitter"": 0.0, ""margin_depths"": 2.0, ""pitch"": 3.17, ""seed"": 102, ""topology"": ""comb"", ""wall_bot"": 0.04, ""wall_top"": 0.04}"
CB_p0317_f040_x13_s102,comb,expanded foil,0.04,102,d00,3.17,50.0,15.772870662460567,0.03364879074658255,-20.0,0.00042687717359513044,0.049997370690107346,"{""backing"": 2.0, ""comb_expand"": 1.3, ""depth"": 50.0, ""face_h"": 60.0, ""face_w"": 60.0, ""jitter"": 0.0, ""margin_depths"": 2.0, ""pitch"": 3.17, ""seed"": 102, ""topology"": ""comb"", ""wall_bot"": 0.04, ""wall_top"": 0.04}"
CB_p0317_f040_x13_s102,comb,expanded foil,0.04,102,d00,3.17,50.0,15.772870662460567,0.03364879074658255,-40.0,0.0004001636407338083,0.049998167902231216,"{""backing"": 2.0, ""comb_expand"": 1.3, ""depth"": 50.0, ""face_h"": 60.0, ""face_w"": 60.0, ""jitter"": 0.0, ""margin_depths"": 2.0, ""pitch"": 3.17, ""seed"": 102, ""topology"": ""comb"", ""wall_bot"": 0.04, ""wall_top"": 0.04}"
CB_p0317_f040_x13_s102,comb,expanded foil,0.04,102,d00,3.17,50.0,15.772870662460567,0.03364879074658255,20.0,0.00041497344500385225,0.049997780472040176,"{""backing"": 2.0, ""comb_expand"": 1.3, ""depth"": 50.0, ""face_h"": 60.0, ""face_w"": 60.0, ""jitter"": 0.0, ""margin_depths"": 2.0, ""pitch"": 3.17, ""seed"": 102, ""topology"": ""comb"", ""wall_bot"": 0.04, ""wall_top"": 0.04}"
CB_p0317_f040_x13_s102,comb,expanded foil,0.04,102,d00,3.17,50.0,15.772870662460567,0.03364879074658255,40.0,0.00040024222107604146,0.04999745264649391,"{""backing"": 2.0, ""comb_expand"": 1.3, ""depth"": 50.0, ""face_h"": 60.0, ""face_w"": 60.0, ""jitter"": 0.0, ""margin_depths"": 2.0, ""pitch"": 3.17, ""seed"": 102, ""topology"": ""comb"", ""wall_bot"": 0.04, ""wall_top"": 0.04}"
CB_p0317_f040_x13_s102,comb,expanded foil,0.04,102,d76,3.17,50.0,15.772870662460567,0.03364879074658255,0.0,0.00039358698995783925,0.04999801516532898,"{""backing"": 2.0, ""comb_expand"": 1.3, ""depth"": 50.0, ""face_h"": 60.0, ""face_w"": 60.0, ""jitter"": 0.0, ""margin_depths"": 2.0, ""pitch"": 3.17, ""seed"": 102, ""topology"": ""comb"", ""wall_bot"": 0.04, ""wall_top"": 0.04}"
CB_p0317_f040_x13_s102,comb,expanded foil,0.04,102,d76,3.17,50.0,15.772870662460567,0.03364879074658255,-20.0,0.0011397608323022723,0.04999728128314018,"{""backing"": 2.0, ""comb_expand"": 1.3, ""depth"": 50.0, ""face_h"": 60.0, ""face_w"": 60.0, ""jitter"": 0.0, ""margin_depths"": 2.0, ""pitch"": 3.17, ""seed"": 102, ""topology"": ""comb"", ""wall_bot"": 0.04, ""wall_top"": 0.04}"
CB_p0317_f040_x13_s102,comb,expanded foil,0.04,102,d76,3.17,50.0,15.772870662460567,0.03364879074658255,-40.0,0.0019271166529506445,0.04999806359410286,"{""backing"": 2.0, ""comb_expand"": 1.3, ""depth"": 50.0, ""face_h"": 60.0, ""face_w"": 60.0, ""jitter"": 0.0, ""margin_depths"": 2.0, ""pitch"": 3.17, ""seed"": 102, ""topology"": ""comb"", ""wall_bot"": 0.04, ""wall_top"": 0.04}"
CB_p0317_f040_x13_s102,comb,expanded foil,0.04,102,d76,3.17,50.0,15.772870662460567,0.03364879074658255,20.0,0.0011229870142415166,0.04999769479036331,"{""backing"": 2.0, ""comb_expand"": 1.3, ""depth"": 50.0, ""face_h"": 60.0, ""face_w"": 60.0, ""jitter"": 0.0, ""margin_depths"": 2.0, ""pitch"": 3.17, ""seed"": 102, ""topology"": ""comb"", ""wall_bot"": 0.04, ""wall_top"": 0.04}"
CB_p0317_f040_x13_s102,comb,expanded foil,0.04,102,d76,3.17,50.0,15.772870662460567,0.03364879074658255,40.0,0.0018845816375687718,0.04999738559126854,"{""backing"": 2.0, ""comb_expand"": 1.3, ""depth"": 50.0, ""face_h"": 60.0, ""face_w"": 60.0, ""jitter"": 0.0, ""margin_depths"": 2.0, ""pitch"": 3.17, ""seed"": 102, ""topology"": ""comb"", ""wall_bot"": 0.04, ""wall_top"": 0.04}"
CB_p0317_f040_x13_s102,comb,expanded foil,0.04,102,d100,3.17,50.0,15.772870662460567,0.03364879074658255,0.0,0.00029957349761389196,0.049997977912425995,"{""backing"": 2.0, ""comb_expand"": 1.3, ""depth"": 50.0, ""face_h"": 60.0, ""face_w"": 60.0, ""jitter"": 0.0, ""margin_depths"": 2.0, ""pitch"": 3.17, ""seed"": 102, ""topology"": ""comb"", ""wall_bot"": 0.04, ""wall_top"": 0.04}"
CB_p0317_f040_x13_s102,comb,expanded foil,0.04,102,d100,3.17,50.0,15.772870662460567,0.03364879074658255,-20.0,0.001381697366014123,0.0499972328543663,"{""backing"": 2.0, ""comb_expand"": 1.3, ""depth"": 50.0, ""face_h"": 60.0, ""face_w"": 60.0, ""jitter"": 0.0, ""margin_depths"": 2.0, ""pitch"": 3.17, ""seed"": 102, ""topology"": ""comb"", ""wall_bot"": 0.04, ""wall_top"": 0.04}"
CB_p0317_f040_x13_s102,comb,expanded foil,0.04,102,d100,3.17,50.0,15.772870662460567,0.03364879074658255,-40.0,0.0024184079375118017,0.04999794438481331,"{""backing"": 2.0, ""comb_expand"": 1.3, ""depth"": 50.0, ""face_h"": 60.0, ""face_w"": 60.0, ""jitter"": 0.0, ""margin_depths"": 2.0, ""pitch"": 3.17, ""seed"": 102, ""topology"": ""comb"", ""wall_bot"": 0.04, ""wall_top"": 0.04}"
CB_p0317_f040_x13_s102,comb,expanded foil,0.04,102,d100,3.17,50.0,15.772870662460567,0.03364879074658255,20.0,0.0013599239755421877,0.04999765008687973,"{""backing"": 2.0, ""comb_expand"": 1.3, ""depth"": 50.0, ""face_h"": 60.0, ""face_w"": 60.0, ""jitter"": 0.0, ""margin_depths"": 2.0, ""pitch"": 3.17, ""seed"": 102, ""topology"": ""comb"", ""wall_bot"": 0.04, ""wall_top"": 0.04}"
CB_p0317_f040_x13_s102,comb,expanded foil,0.04,102,d100,3.17,50.0,15.772870662460567,0.03364879074658255,40.0,0.002354240510612726,0.04999731481075287,"{""backing"": 2.0, ""comb_expand"": 1.3, ""depth"": 50.0, ""face_h"": 60.0, ""face_w"": 60.0, ""jitter"": 0.0, ""margin_depths"": 2.0, ""pitch"": 3.17, ""seed"": 102, ""topology"": ""comb"", ""wall_bot"": 0.04, ""wall_top"": 0.04}"
CB_p0520_f040_x10_s102,comb,expanded foil,0.04,102,d00,5.2,50.0,9.615384615384615,0.02051282051282051,0.0,0.0011545016895979643,0.04992803931236267,"{""backing"": 2.0, ""comb_expand"": 1.0, ""depth"": 50.0, ""face_h"": 60.0, ""face_w"": 60.0, ""jitter"": 0.0, ""margin_depths"": 2.0, ""pitch"": 5.2, ""seed"": 102, ""topology"": ""comb"", ""wall_bot"": 0.04, ""wall_top"": 0.04}"
CB_p0520_f040_x10_s102,comb,expanded foil,0.04,102,d00,5.2,50.0,9.615384615384615,0.02051282051282051,-20.0,0.00036237583844922483,0.04992406442761421,"{""backing"": 2.0, ""comb_expand"": 1.0, ""depth"": 50.0, ""face_h"": 60.0, ""face_w"": 60.0, ""jitter"": 0.0, ""margin_depths"": 2.0, ""pitch"": 5.2, ""seed"": 102, ""topology"": ""comb"", ""wall_bot"": 0.04, ""wall_top"": 0.04}"
CB_p0520_f040_x10_s102,comb,expanded foil,0.04,102,d00,5.2,50.0,9.615384615384615,0.02051282051282051,-40.0,0.00030950873042456806,0.0499170646071434,"{""backing"": 2.0, ""comb_expand"": 1.0, ""depth"": 50.0, ""face_h"": 60.0, ""face_w"": 60.0, ""jitter"": 0.0, ""margin_depths"": 2.0, ""pitch"": 5.2, ""seed"": 102, ""topology"": ""comb"", ""wall_bot"": 0.04, ""wall_top"": 0.04}"
CB_p0520_f040_x10_s102,comb,expanded foil,0.04,102,d00,5.2,50.0,9.615384615384615,0.02051282051282051,20.0,0.00033812152105383575,0.04992184042930603,"{""backing"": 2.0, ""comb_expand"": 1.0, ""depth"": 50.0, ""face_h"": 60.0, ""face_w"": 60.0, ""jitter"": 0.0, ""margin_depths"": 2.0, ""pitch"": 5.2, ""seed"": 102, ""topology"": ""comb"", ""wall_bot"": 0.04, ""wall_top"": 0.04}"
CB_p0520_f040_x10_s102,comb,expanded foil,0.04,102,d00,5.2,50.0,9.615384615384615,0.02051282051282051,40.0,0.00030871233320795,0.04991889372467995,"{""backing"": 2.0, ""comb_expand"": 1.0, ""depth"": 50.0, ""face_h"": 60.0, ""face_w"": 60.0, ""jitter"": 0.0, ""margin_depths"": 2.0, ""pitch"": 5.2, ""seed"": 102, ""topology"": ""comb"", ""wall_bot"": 0.04, ""wall_top"": 0.04}"
CB_p0520_f040_x10_s102,comb,expanded foil,0.04,102,d76,5.2,50.0,9.615384615384615,0.02051282051282051,0.0,0.0004155566857662052,0.049925725907087326,"{""backing"": 2.0, ""comb_expand"": 1.0, ""depth"": 50.0, ""face_h"": 60.0, ""face_w"": 60.0, ""jitter"": 0.0, ""margin_depths"": 2.0, ""pitch"": 5.2, ""seed"": 102, ""topology"": ""comb"", ""wall_bot"": 0.04, ""wall_top"": 0.04}"
CB_p0520_f040_x10_s102,comb,expanded foil,0.04,102,d76,5.2,50.0,9.615384615384615,0.02051282051282051,-20.0,0.0010312610538676381,0.04992112144827843,"{""backing"": 2.0, ""comb_expand"": 1.0, ""depth"": 50.0, ""face_h"": 60.0, ""face_w"": 60.0, ""jitter"": 0.0, ""margin_depths"": 2.0, ""pitch"": 5.2, ""seed"": 102, ""topology"": ""comb"", ""wall_bot"": 0.04, ""wall_top"": 0.04}"
CB_p0520_f040_x10_s102,comb,expanded foil,0.04,102,d76,5.2,50.0,9.615384615384615,0.02051282051282051,-40.0,0.0017420136136934161,0.04991437867283821,"{""backing"": 2.0, ""comb_expand"": 1.0, ""depth"": 50.0, ""face_h"": 60.0, ""face_w"": 60.0, ""jitter"": 0.0, ""margin_depths"": 2.0, ""pitch"": 5.2, ""seed"": 102, ""topology"": ""comb"", ""wall_bot"": 0.04, ""wall_top"": 0.04}"
CB_p0520_f040_x10_s102,comb,expanded foil,0.04,102,d76,5.2,50.0,9.615384615384615,0.02051282051282051,20.0,0.0009569304529577494,0.04991915076971054,"{""backing"": 2.0, ""comb_expand"": 1.0, ""depth"": 50.0, ""face_h"": 60.0, ""face_w"": 60.0, ""jitter"": 0.0, ""margin_depths"": 2.0, ""pitch"": 5.2, ""seed"": 102, ""topology"": ""comb"", ""wall_bot"": 0.04, ""wall_top"": 0.04}"
CB_p0520_f040_x10_s102,comb,expanded foil,0.04,102,d76,5.2,50.0,9.615384615384615,0.02051282051282051,40.0,0.001666055410169065,0.049916062504053116,"{""backing"": 2.0, ""comb_expand"": 1.0, ""depth"": 50.0, ""face_h"": 60.0, ""face_w"": 60.0, ""jitter"": 0.0, ""margin_depths"": 2.0, ""pitch"": 5.2, ""seed"": 102, ""topology"": ""comb"", ""wall_bot"": 0.04, ""wall_top"": 0.04}"
CB_p0520_f040_x10_s102,comb,expanded foil,0.04,102,d100,5.2,50.0,9.615384615384615,0.02051282051282051,0.0,0.0002311789576197043,0.0499248243868351,"{""backing"": 2.0, ""comb_expand"": 1.0, ""depth"": 50.0, ""face_h"": 60.0, ""face_w"": 60.0, ""jitter"": 0.0, ""margin_depths"": 2.0, ""pitch"": 5.2, ""seed"": 102, ""topology"": ""comb"", ""wall_bot"": 0.04, ""wall_top"": 0.04}"
CB_p0520_f040_x10_s102,comb,expanded foil,0.04,102,d100,5.2,50.0,9.615384615384615,0.02051282051282051,-20.0,0.0012466565240174532,0.04992042854428291,"{""backing"": 2.0, ""comb_expand"": 1.0, ""depth"": 50.0, ""face_h"": 60.0, ""face_w"": 60.0, ""jitter"": 0.0, ""margin_depths"": 2.0, ""pitch"": 5.2, ""seed"": 102, ""topology"": ""comb"", ""wall_bot"": 0.04, ""wall_top"": 0.04}"
CB_p0520_f040_x10_s102,comb,expanded foil,0.04,102,d100,5.2,50.0,9.615384615384615,0.02051282051282051,-40.0,0.002201042603701353,0.04991311952471733,"{""backing"": 2.0, ""comb_expand"": 1.0, ""depth"": 50.0, ""face_h"": 60.0, ""face_w"": 60.0, ""jitter"": 0.0, ""margin_depths"": 2.0, ""pitch"": 5.2, ""seed"": 102, ""topology"": ""comb"", ""wall_bot"": 0.04, ""wall_top"": 0.04}"
CB_p0520_f040_x10_s102,comb,expanded foil,0.04,102,d100,5.2,50.0,9.615384615384615,0.02051282051282051,20.0,0.001158866216428578,0.04991815239191055,"{""backing"": 2.0, ""comb_expand"": 1.0, ""depth"": 50.0, ""face_h"": 60.0, ""face_w"": 60.0, ""jitter"": 0.0, ""margin_depths"": 2.0, ""pitch"": 5.2, ""seed"": 102, ""topology"": ""comb"", ""wall_bot"": 0.04, ""wall_top"": 0.04}"
CB_p0520_f040_x10_s102,comb,expanded foil,0.04,102,d100,5.2,50.0,9.615384615384615,0.02051282051282051,40.0,0.0021043492015451193,0.049914874136447906,"{""backing"": 2.0, ""comb_expand"": 1.0, ""depth"": 50.0, ""face_h"": 60.0, ""face_w"": 60.0, ""jitter"": 0.0, ""margin_depths"": 2.0, ""pitch"": 5.2, ""seed"": 102, ""topology"": ""comb"", ""wall_bot"": 0.04, ""wall_top"": 0.04}"
CB_p0520_f040_x13_s102,comb,expanded foil,0.04,102,d00,5.2,50.0,9.615384615384615,0.02051282051282051,0.0,0.0013401153264567256,0.04991259425878525,"{""backing"": 2.0, ""comb_expand"": 1.3, ""depth"": 50.0, ""face_h"": 60.0, ""face_w"": 60.0, ""jitter"": 0.0, ""margin_depths"": 2.0, ""pitch"": 5.2, ""seed"": 102, ""topology"": ""comb"", ""wall_bot"": 0.04, ""wall_top"": 0.04}"
CB_p0520_f040_x13_s102,comb,expanded foil,0.04,102,d00,5.2,50.0,9.615384615384615,0.02051282051282051,-20.0,0.00031800451688468456,0.04990258812904358,"{""backing"": 2.0, ""comb_expand"": 1.3, ""depth"": 50.0, ""face_h"": 60.0, ""face_w"": 60.0, ""jitter"": 0.0, ""margin_depths"": 2.0, ""pitch"": 5.2, ""seed"": 102, ""topology"": ""comb"", ""wall_bot"": 0.04, ""wall_top"": 0.04}"
CB_p0520_f040_x13_s102,comb,expanded foil,0.04,102,d00,5.2,50.0,9.615384615384615,0.02051282051282051,-40.0,0.0002754096349235624,0.0499083548784256,"{""backing"": 2.0, ""comb_expand"": 1.3, ""depth"": 50.0, ""face_h"": 60.0, ""face_w"": 60.0, ""jitter"": 0.0, ""margin_depths"": 2.0, ""pitch"": 5.2, ""seed"": 102, ""topology"": ""comb"", ""wall_bot"": 0.04, ""wall_top"": 0.04}"
CB_p0520_f040_x13_s102,comb,expanded foil,0.04,102,d00,5.2,50.0,9.615384615384615,0.02051282051282051,20.0,0.000303410371998325,0.04991010203957558,"{""backing"": 2.0, ""comb_expand"": 1.3, ""depth"": 50.0, ""face_h"": 60.0, ""face_w"": 60.0, ""jitter"": 0.0, ""margin_depths"": 2.0, ""pitch"": 5.2, ""seed"": 102, ""topology"": ""comb"", ""wall_bot"": 0.04, ""wall_top"": 0.04}"
CB_p0520_f040_x13_s102,comb,expanded foil,0.04,102,d00,5.2,50.0,9.615384615384615,0.02051282051282051,40.0,0.00027267105178907514,0.04990612342953682,"{""backing"": 2.0, ""comb_expand"": 1.3, ""depth"": 50.0, ""face_h"": 60.0, ""face_w"": 60.0, ""jitter"": 0.0, ""margin_depths"": 2.0, ""pitch"": 5.2, ""seed"": 102, ""topology"": ""comb"", ""wall_bot"": 0.04, ""wall_top"": 0.04}"
CB_p0520_f040_x13_s102,comb,expanded foil,0.04,102,d76,5.2,50.0,9.615384615384615,0.02051282051282051,0.0,0.00043966257362626493,0.049909818917512894,"{""backing"": 2.0, ""comb_expand"": 1.3, ""depth"": 50.0, ""face_h"": 60.0, ""face_w"": 60.0, ""jitter"": 0.0, ""margin_depths"": 2.0, ""pitch"": 5.2, ""seed"": 102, ""topology"": ""comb"", ""wall_bot"": 0.04, ""wall_top"": 0.04}"
CB_p0520_f040_x13_s102,comb,expanded foil,0.04,102,d76,5.2,50.0,9.615384615384615,0.02051282051282051,-20.0,0.0010797751601785421,0.04989895224571228,"{""backing"": 2.0, ""comb_expand"": 1.3, ""depth"": 50.0, ""face_h"": 60.0, ""face_w"": 60.0, ""jitter"": 0.0, ""margin_depths"": 2.0, ""pitch"": 5.2, ""seed"": 102, ""topology"": ""comb"", ""wall_bot"": 0.04, ""wall_top"": 0.04}"
CB_p0520_f040_x13_s102,comb,expanded foil,0.04,102,d76,5.2,50.0,9.615384615384615,0.02051282051282051,-40.0,0.0018524648621678352,0.049904752522706985,"{""backing"": 2.0, ""comb_expand"": 1.3, ""depth"": 50.0, ""face_h"": 60.0, ""face_w"": 60.0, ""jitter"": 0.0, ""margin_depths"": 2.0, ""pitch"": 5.2, ""seed"": 102, ""topology"": ""comb"", ""wall_bot"": 0.04, ""wall_top"": 0.04}"
CB_p0520_f040_x13_s102,comb,expanded foil,0.04,102,d76,5.2,50.0,9.615384615384615,0.02051282051282051,20.0,0.0009892708621919155,0.04990622028708458,"{""backing"": 2.0, ""comb_expand"": 1.3, ""depth"": 50.0, ""face_h"": 60.0, ""face_w"": 60.0, ""jitter"": 0.0, ""margin_depths"": 2.0, ""pitch"": 5.2, ""seed"": 102, ""topology"": ""comb"", ""wall_bot"": 0.04, ""wall_top"": 0.04}"
CB_p0520_f040_x13_s102,comb,expanded foil,0.04,102,d76,5.2,50.0,9.615384615384615,0.02051282051282051,40.0,0.001769902533851564,0.04990315064787865,"{""backing"": 2.0, ""comb_expand"": 1.3, ""depth"": 50.0, ""face_h"": 60.0, ""face_w"": 60.0, ""jitter"": 0.0, ""margin_depths"": 2.0, ""pitch"": 5.2, ""seed"": 102, ""topology"": ""comb"", ""wall_bot"": 0.04, ""wall_top"": 0.04}"
CB_p0520_f040_x13_s102,comb,expanded foil,0.04,102,d100,5.2,50.0,9.615384615384615,0.02051282051282051,0.0,0.00020658349967561662,0.04990890622138977,"{""backing"": 2.0, ""comb_expand"": 1.3, ""depth"": 50.0, ""face_h"": 60.0, ""face_w"": 60.0, ""jitter"": 0.0, ""margin_depths"": 2.0, ""pitch"": 5.2, ""seed"": 102, ""topology"": ""comb"", ""wall_bot"": 0.04, ""wall_top"": 0.04}"
CB_p0520_f040_x13_s102,comb,expanded foil,0.04,102,d100,5.2,50.0,9.615384615384615,0.02051282051282051,-20.0,0.0013360442826524377,0.049897607415914536,"{""backing"": 2.0, ""comb_expand"": 1.3, ""depth"": 50.0, ""face_h"": 60.0, ""face_w"": 60.0, ""jitter"": 0.0, ""margin_depths"": 2.0, ""pitch"": 5.2, ""seed"": 102, ""topology"": ""comb"", ""wall_bot"": 0.04, ""wall_top"": 0.04}"
CB_p0520_f040_x13_s102,comb,expanded foil,0.04,102,d100,5.2,50.0,9.615384615384615,0.02051282051282051,-40.0,0.00236100098118186,0.049903735518455505,"{""backing"": 2.0, ""comb_expand"": 1.3, ""depth"": 50.0, ""face_h"": 60.0, ""face_w"": 60.0, ""jitter"": 0.0, ""margin_depths"": 2.0, ""pitch"": 5.2, ""seed"": 102, ""topology"": ""comb"", ""wall_bot"": 0.04, ""wall_top"": 0.04}"
CB_p0520_f040_x13_s102,comb,expanded foil,0.04,102,d100,5.2,50.0,9.615384615384615,0.02051282051282051,20.0,0.0012330489698797464,0.04990481212735176,"{""backing"": 2.0, ""comb_expand"": 1.3, ""depth"": 50.0, ""face_h"": 60.0, ""face_w"": 60.0, ""jitter"": 0.0, ""margin_depths"": 2.0, ""pitch"": 5.2, ""seed"": 102, ""topology"": ""comb"", ""wall_bot"": 0.04, ""wall_top"": 0.04}"
CB_p0520_f040_x13_s102,comb,expanded foil,0.04,102,d100,5.2,50.0,9.615384615384615,0.02051282051282051,40.0,0.0022549659479409456,0.0499018095433712,"{""backing"": 2.0, ""comb_expand"": 1.3, ""depth"": 50.0, ""face_h"": 60.0, ""face_w"": 60.0, ""jitter"": 0.0, ""margin_depths"": 2.0, ""pitch"": 5.2, ""seed"": 102, ""topology"": ""comb"", ""wall_bot"": 0.04, ""wall_top"": 0.04}"
CB_p0650_f080_x10_s102,comb,expanded foil,0.08,102,d00,6.5,50.0,7.6923076923076925,0.03282051282051282,0.0,0.0016401347238570452,0.049771495163440704,"{""backing"": 2.0, ""comb_expand"": 1.0, ""depth"": 50.0, ""face_h"": 60.0, ""face_w"": 60.0, ""jitter"": 0.0, ""margin_depths"": 2.0, ""pitch"": 6.5, ""seed"": 102, ""topology"": ""comb"", ""wall_bot"": 0.08, ""wall_top"": 0.08}"
CB_p0650_f080_x10_s102,comb,expanded foil,0.08,102,d00,6.5,50.0,7.6923076923076925,0.03282051282051282,-20.0,0.000447880825959146,0.049724020063877106,"{""backing"": 2.0, ""comb_expand"": 1.0, ""depth"": 50.0, ""face_h"": 60.0, ""face_w"": 60.0, ""jitter"": 0.0, ""margin_depths"": 2.0, ""pitch"": 6.5, ""seed"": 102, ""topology"": ""comb"", ""wall_bot"": 0.08, ""wall_top"": 0.08}"
CB_p0650_f080_x10_s102,comb,expanded foil,0.08,102,d00,6.5,50.0,7.6923076923076925,0.03282051282051282,-40.0,0.0004312352102715522,0.049719568341970444,"{""backing"": 2.0, ""comb_expand"": 1.0, ""depth"": 50.0, ""face_h"": 60.0, ""face_w"": 60.0, ""jitter"": 0.0, ""margin_depths"": 2.0, ""pitch"": 6.5, ""seed"": 102, ""topology"": ""comb"", ""wall_bot"": 0.08, ""wall_top"": 0.08}"
CB_p0650_f080_x10_s102,comb,expanded foil,0.08,102,d00,6.5,50.0,7.6923076923076925,0.03282051282051282,20.0,0.00044944818364456296,0.049731478095054626,"{""backing"": 2.0, ""comb_expand"": 1.0, ""depth"": 50.0, ""face_h"": 60.0, ""face_w"": 60.0, ""jitter"": 0.0, ""margin_depths"": 2.0, ""pitch"": 6.5, ""seed"": 102, ""topology"": ""comb"", ""wall_bot"": 0.08, ""wall_top"": 0.08}"
CB_p0650_f080_x10_s102,comb,expanded foil,0.08,102,d00,6.5,50.0,7.6923076923076925,0.03282051282051282,40.0,0.000434096553362906,0.04971833899617195,"{""backing"": 2.0, ""comb_expand"": 1.0, ""depth"": 50.0, ""face_h"": 60.0, ""face_w"": 60.0, ""jitter"": 0.0, ""margin_depths"": 2.0, ""pitch"": 6.5, ""seed"": 102, ""topology"": ""comb"", ""wall_bot"": 0.08, ""wall_top"": 0.08}"
CB_p0650_f080_x10_s102,comb,expanded foil,0.08,102,d76,6.5,50.0,7.6923076923076925,0.03282051282051282,0.0,0.0006162783247418702,0.0497635081410408,"{""backing"": 2.0, ""comb_expand"": 1.0, ""depth"": 50.0, ""face_h"": 60.0, ""face_w"": 60.0, ""jitter"": 0.0, ""margin_depths"": 2.0, ""pitch"": 6.5, ""seed"": 102, ""topology"": ""comb"", ""wall_bot"": 0.08, ""wall_top"": 0.08}"
CB_p0650_f080_x10_s102,comb,expanded foil,0.08,102,d76,6.5,50.0,7.6923076923076925,0.03282051282051282,-20.0,0.001051884377375245,0.049714431166648865,"{""backing"": 2.0, ""comb_expand"": 1.0, ""depth"": 50.0, ""face_h"": 60.0, ""face_w"": 60.0, ""jitter"": 0.0, ""margin_depths"": 2.0, ""pitch"": 6.5, ""seed"": 102, ""topology"": ""comb"", ""wall_bot"": 0.08, ""wall_top"": 0.08}"
CB_p0650_f080_x10_s102,comb,expanded foil,0.08,102,d76,6.5,50.0,7.6923076923076925,0.03282051282051282,-40.0,0.001790850656107068,0.04971007630228996,"{""backing"": 2.0, ""comb_expand"": 1.0, ""depth"": 50.0, ""face_h"": 60.0, ""face_w"": 60.0, ""jitter"": 0.0, ""margin_depths"": 2.0, ""pitch"": 6.5, ""seed"": 102, ""topology"": ""comb"", ""wall_bot"": 0.08, ""wall_top"": 0.08}"
CB_p0650_f080_x10_s102,comb,expanded foil,0.08,102,d76,6.5,50.0,7.6923076923076925,0.03282051282051282,20.0,0.0010445491643622518,0.049722544848918915,"{""backing"": 2.0, ""comb_expand"": 1.0, ""depth"": 50.0, ""face_h"": 60.0, ""face_w"": 60.0, ""jitter"": 0.0, ""margin_depths"": 2.0, ""pitch"": 6.5, ""seed"": 102, ""topology"": ""comb"", ""wall_bot"": 0.08, ""wall_top"": 0.08}"
CB_p0650_f080_x10_s102,comb,expanded foil,0.08,102,d76,6.5,50.0,7.6923076923076925,0.03282051282051282,40.0,0.0017774264561012387,0.049707088619470596,"{""backing"": 2.0, ""comb_expand"": 1.0, ""depth"": 50.0, ""face_h"": 60.0, ""face_w"": 60.0, ""jitter"": 0.0, ""margin_depths"": 2.0, ""pitch"": 6.5, ""seed"": 102, ""topology"": ""comb"", ""wall_bot"": 0.08, ""wall_top"": 0.08}"
CB_p0650_f080_x10_s102,comb,expanded foil,0.08,102,d100,6.5,50.0,7.6923076923076925,0.03282051282051282,0.0,0.00035733694676309824,0.04976140335202217,"{""backing"": 2.0, ""comb_expand"": 1.0, ""depth"": 50.0, ""face_h"": 60.0, ""face_w"": 60.0, ""jitter"": 0.0, ""margin_depths"": 2.0, ""pitch"": 6.5, ""seed"": 102, ""topology"": ""comb"", ""wall_bot"": 0.08, ""wall_top"": 0.08}"
CB_p0650_f080_x10_s102,comb,expanded foil,0.08,102,d100,6.5,50.0,7.6923076923076925,0.03282051282051282,-20.0,0.0012559869792312384,0.049711473286151886,"{""backing"": 2.0, ""comb_expand"": 1.0, ""depth"": 50.0, ""face_h"": 60.0, ""face_w"": 60.0, ""jitter"": 0.0, ""margin_depths"": 2.0, ""pitch"": 6.5, ""seed"": 102, ""topology"": ""comb"", ""wall_bot"": 0.08, ""wall_top"": 0.08}"
CB_p0650_f080_x10_s102,comb,expanded foil,0.08,102,d100,6.5,50.0,7.6923076923076925,0.03282051282051282,-40.0,0.0022275468800216913,0.04970622435212135,"{""backing"": 2.0, ""comb_expand"": 1.0, ""depth"": 50.0, ""face_h"": 60.0, ""face_w"": 60.0, ""jitter"": 0.0, ""margin_depths"": 2.0, ""pitch"": 6.5, ""seed"": 102, ""topology"": ""comb"", ""wall_bot"": 0.08, ""wall_top"": 0.08}"
CB_p0650_f080_x10_s102,comb,expanded foil,0.08,102,d100,6.5,50.0,7.6923076923076925,0.03282051282051282,20.0,0.0012439603451639414,0.04971954971551895,"{""backing"": 2.0, ""comb_expand"": 1.0, ""depth"": 50.0, ""face_h"": 60.0, ""face_w"": 60.0, ""jitter"": 0.0, ""margin_depths"": 2.0, ""pitch"": 6.5, ""seed"": 102, ""topology"": ""comb"", ""wall_bot"": 0.08, ""wall_top"": 0.08}"
CB_p0650_f080_x10_s102,comb,expanded foil,0.08,102,d100,6.5,50.0,7.6923076923076925,0.03282051282051282,40.0,0.002209368161857128,0.049703460186719894,"{""backing"": 2.0, ""comb_expand"": 1.0, ""depth"": 50.0, ""face_h"": 60.0, ""face_w"": 60.0, ""jitter"": 0.0, ""margin_depths"": 2.0, ""pitch"": 6.5, ""seed"": 102, ""topology"": ""comb"", ""wall_bot"": 0.08, ""wall_top"": 0.08}"
CB_p0650_f080_x13_s102,comb,expanded foil,0.08,102,d00,6.5,50.0,7.6923076923076925,0.03282051282051282,0.0,0.001875267131254077,0.04983139783143997,"{""backing"": 2.0, ""comb_expand"": 1.3, ""depth"": 50.0, ""face_h"": 60.0, ""face_w"": 60.0, ""jitter"": 0.0, ""margin_depths"": 2.0, ""pitch"": 6.5, ""seed"": 102, ""topology"": ""comb"", ""wall_bot"": 0.08, ""wall_top"": 0.08}"
CB_p0650_f080_x13_s102,comb,expanded foil,0.08,102,d00,6.5,50.0,7.6923076923076925,0.03282051282051282,-20.0,0.0004088197892997414,0.04980739578604698,"{""backing"": 2.0, ""comb_expand"": 1.3, ""depth"": 50.0, ""face_h"": 60.0, ""face_w"": 60.0, ""jitter"": 0.0, ""margin_depths"": 2.0, ""pitch"": 6.5, ""seed"": 102, ""topology"": ""comb"", ""wall_bot"": 0.08, ""wall_top"": 0.08}"
CB_p0650_f080_x13_s102,comb,expanded foil,0.08,102,d00,6.5,50.0,7.6923076923076925,0.03282051282051282,-40.0,0.00038854219019412994,0.04980877414345741,"{""backing"": 2.0, ""comb_expand"": 1.3, ""depth"": 50.0, ""face_h"": 60.0, ""face_w"": 60.0, ""jitter"": 0.0, ""margin_depths"": 2.0, ""pitch"": 6.5, ""seed"": 102, ""topology"": ""comb"", ""wall_bot"": 0.08, ""wall_top"": 0.08}"
CB_p0650_f080_x13_s102,comb,expanded foil,0.08,102,d00,6.5,50.0,7.6923076923076925,0.03282051282051282,20.0,0.0003981277404818684,0.04980902001261711,"{""backing"": 2.0, ""comb_expand"": 1.3, ""depth"": 50.0, ""face_h"": 60.0, ""face_w"": 60.0, ""jitter"": 0.0, ""margin_depths"": 2.0, ""pitch"": 6.5, ""seed"": 102, ""topology"": ""comb"", ""wall_bot"": 0.08, ""wall_top"": 0.08}"
CB_p0650_f080_x13_s102,comb,expanded foil,0.08,102,d00,6.5,50.0,7.6923076923076925,0.03282051282051282,40.0,0.00038470025174319744,0.04981391876935959,"{""backing"": 2.0, ""comb_expand"": 1.3, ""depth"": 50.0, ""face_h"": 60.0, ""face_w"": 60.0, ""jitter"": 0.0, ""margin_depths"": 2.0, ""pitch"": 6.5, ""seed"": 102, ""topology"": ""comb"", ""wall_bot"": 0.08, ""wall_top"": 0.08}"
CB_p0650_f080_x13_s102,comb,expanded foil,0.08,102,d76,6.5,50.0,7.6923076923076925,0.03282051282051282,0.0,0.0006549970712512732,0.04982549324631691,"{""backing"": 2.0, ""comb_expand"": 1.3, ""depth"": 50.0, ""face_h"": 60.0, ""face_w"": 60.0, ""jitter"": 0.0, ""margin_depths"": 2.0, ""pitch"": 6.5, ""seed"": 102, ""topology"": ""comb"", ""wall_bot"": 0.08, ""wall_top"": 0.08}"
CB_p0650_f080_x13_s102,comb,expanded foil,0.08,102,d76,6.5,50.0,7.6923076923076925,0.03282051282051282,-20.0,0.0011001605307683349,0.049800846725702286,"{""backing"": 2.0, ""comb_expand"": 1.3, ""depth"": 50.0, ""face_h"": 60.0, ""face_w"": 60.0, ""jitter"": 0.0, ""margin_depths"": 2.0, ""pitch"": 6.5, ""seed"": 102, ""topology"": ""comb"", ""wall_bot"": 0.08, ""wall_top"": 0.08}"
CB_p0650_f080_x13_s102,comb,expanded foil,0.08,102,d76,6.5,50.0,7.6923076923076925,0.03282051282051282,-40.0,0.001883793855085969,0.049802135676145554,"{""backing"": 2.0, ""comb_expand"": 1.3, ""depth"": 50.0, ""face_h"": 60.0, ""face_w"": 60.0, ""jitter"": 0.0, ""margin_depths"": 2.0, ""pitch"": 6.5, ""seed"": 102, ""topology"": ""comb"", ""wall_bot"": 0.08, ""wall_top"": 0.08}"
CB_p0650_f080_x13_s102,comb,expanded foil,0.08,102,d76,6.5,50.0,7.6923076923076925,0.03282051282051282,20.0,0.0010815002024173737,0.049802713096141815,"{""backing"": 2.0, ""comb_expand"": 1.3, ""depth"": 50.0, ""face_h"": 60.0, ""face_w"": 60.0, ""jitter"": 0.0, ""margin_depths"": 2.0, ""pitch"": 6.5, ""seed"": 102, ""topology"": ""comb"", ""wall_bot"": 0.08, ""wall_top"": 0.08}"
CB_p0650_f080_x13_s102,comb,expanded foil,0.08,102,d76,6.5,50.0,7.6923076923076925,0.03282051282051282,40.0,0.0018725234549492598,0.04980616271495819,"{""backing"": 2.0, ""comb_expand"": 1.3, ""depth"": 50.0, ""face_h"": 60.0, ""face_w"": 60.0, ""jitter"": 0.0, ""margin_depths"": 2.0, ""pitch"": 6.5, ""seed"": 102, ""topology"": ""comb"", ""wall_bot"": 0.08, ""wall_top"": 0.08}"
CB_p0650_f080_x13_s102,comb,expanded foil,0.08,102,d100,6.5,50.0,7.6923076923076925,0.03282051282051282,0.0,0.0003324777935631573,0.049823734909296036,"{""backing"": 2.0, ""comb_expand"": 1.3, ""depth"": 50.0, ""face_h"": 60.0, ""face_w"": 60.0, ""jitter"": 0.0, ""margin_depths"": 2.0, ""pitch"": 6.5, ""seed"": 102, ""topology"": ""comb"", ""wall_bot"": 0.08, ""wall_top"": 0.08}"
CB_p0650_f080_x13_s102,comb,expanded foil,0.08,102,d100,6.5,50.0,7.6923076923076925,0.03282051282051282,-20.0,0.0013320674188435078,0.049798596650362015,"{""backing"": 2.0, ""comb_expand"": 1.3, ""depth"": 50.0, ""face_h"": 60.0, ""face_w"": 60.0, ""jitter"": 0.0, ""margin_depths"": 2.0, ""pitch"": 6.5, ""seed"": 102, ""topology"": ""comb"", ""wall_bot"": 0.08, ""wall_top"": 0.08}"
CB_p0650_f080_x13_s102,comb,expanded foil,0.08,102,d100,6.5,50.0,7.6923076923076925,0.03282051282051282,-40.0,0.0023658769205212593,0.049800001084804535,"{""backing"": 2.0, ""comb_expand"": 1.3, ""depth"": 50.0, ""face_h"": 60.0, ""face_w"": 60.0, ""jitter"": 0.0, ""margin_depths"": 2.0, ""pitch"": 6.5, ""seed"": 102, ""topology"": ""comb"", ""wall_bot"": 0.08, ""wall_top"": 0.08}"
CB_p0650_f080_x13_s102,comb,expanded foil,0.08,102,d100,6.5,50.0,7.6923076923076925,0.03282051282051282,20.0,0.001313531305640936,0.04980079457163811,"{""backing"": 2.0, ""comb_expand"": 1.3, ""depth"": 50.0, ""face_h"": 60.0, ""face_w"": 60.0, ""jitter"": 0.0, ""margin_depths"": 2.0, ""pitch"": 6.5, ""seed"": 102, ""topology"": ""comb"", ""wall_bot"": 0.08, ""wall_top"": 0.08}"
CB_p0650_f080_x13_s102,comb,expanded foil,0.08,102,d100,6.5,50.0,7.6923076923076925,0.03282051282051282,40.0,0.002354326890781522,0.0498039573431015,"{""backing"": 2.0, ""comb_expand"": 1.3, ""depth"": 50.0, ""face_h"": 60.0, ""face_w"": 60.0, ""jitter"": 0.0, ""margin_depths"": 2.0, ""pitch"": 6.5, ""seed"": 102, ""topology"": ""comb"", ""wall_bot"": 0.08, ""wall_top"": 0.08}"
CB_p0650_f100_x10_s102,comb,expanded foil,0.1,102,d00,6.5,50.0,7.6923076923076925,0.041025641025641026,0.0,0.00169925088994205,0.04967797175049782,"{""backing"": 2.0, ""comb_expand"": 1.0, ""depth"": 50.0, ""face_h"": 60.0, ""face_w"": 60.0, ""jitter"": 0.0, ""margin_depths"": 2.0, ""pitch"": 6.5, ""seed"": 102, ""topology"": ""comb"", ""wall_bot"": 0.1, ""wall_top"": 0.1}"
CB_p0650_f100_x10_s102,comb,expanded foil,0.1,102,d00,6.5,50.0,7.6923076923076925,0.041025641025641026,-20.0,0.0005254339776001871,0.049663856625556946,"{""backing"": 2.0, ""comb_expand"": 1.0, ""depth"": 50.0, ""face_h"": 60.0, ""face_w"": 60.0, ""jitter"": 0.0, ""margin_depths"": 2.0, ""pitch"": 6.5, ""seed"": 102, ""topology"": ""comb"", ""wall_bot"": 0.1, ""wall_top"": 0.1}"
CB_p0650_f100_x10_s102,comb,expanded foil,0.1,102,d00,6.5,50.0,7.6923076923076925,0.041025641025641026,-40.0,0.0005208920338191092,0.04967350512742996,"{""backing"": 2.0, ""comb_expand"": 1.0, ""depth"": 50.0, ""face_h"": 60.0, ""face_w"": 60.0, ""jitter"": 0.0, ""margin_depths"": 2.0, ""pitch"": 6.5, ""seed"": 102, ""topology"": ""comb"", ""wall_bot"": 0.1, ""wall_top"": 0.1}"
CB_p0650_f100_x10_s102,comb,expanded foil,0.1,102,d00,6.5,50.0,7.6923076923076925,0.041025641025641026,20.0,0.0005264965584501624,0.049679212272167206,"{""backing"": 2.0, ""comb_expand"": 1.0, ""depth"": 50.0, ""face_h"": 60.0, ""face_w"": 60.0, ""jitter"": 0.0, ""margin_depths"": 2.0, ""pitch"": 6.5, ""seed"": 102, ""topology"": ""comb"", ""wall_bot"": 0.1, ""wall_top"": 0.1}"
CB_p0650_f100_x10_s102,comb,expanded foil,0.1,102,d00,6.5,50.0,7.6923076923076925,0.041025641025641026,40.0,0.0005237184814177454,0.04967415705323219,"{""backing"": 2.0, ""comb_expand"": 1.0, ""depth"": 50.0, ""face_h"": 60.0, ""face_w"": 60.0, ""jitter"": 0.0, ""margin_depths"": 2.0, ""pitch"": 6.5, ""seed"": 102, ""topology"": ""comb"", ""wall_bot"": 0.1, ""wall_top"": 0.1}"
CB_p0650_f100_x10_s102,comb,expanded foil,0.1,102,d76,6.5,50.0,7.6923076923076925,0.041025641025641026,0.0,0.0006903591565787792,0.04966706782579422,"{""backing"": 2.0, ""comb_expand"": 1.0, ""depth"": 50.0, ""face_h"": 60.0, ""face_w"": 60.0, ""jitter"": 0.0, ""margin_depths"": 2.0, ""pitch"": 6.5, ""seed"": 102, ""topology"": ""comb"", ""wall_bot"": 0.1, ""wall_top"": 0.1}"
CB_p0650_f100_x10_s102,comb,expanded foil,0.1,102,d76,6.5,50.0,7.6923076923076925,0.041025641025641026,-20.0,0.0011228782823309302,0.04965156689286232,"{""backing"": 2.0, ""comb_expand"": 1.0, ""depth"": 50.0, ""face_h"": 60.0, ""face_w"": 60.0, ""jitter"": 0.0, ""margin_depths"": 2.0, ""pitch"": 6.5, ""seed"": 102, ""topology"": ""comb"", ""wall_bot"": 0.1, ""wall_top"": 0.1}"
CB_p0650_f100_x10_s102,comb,expanded foil,0.1,102,d76,6.5,50.0,7.6923076923076925,0.041025641025641026,-40.0,0.001857204013504088,0.04966318607330322,"{""backing"": 2.0, ""comb_expand"": 1.0, ""depth"": 50.0, ""face_h"": 60.0, ""face_w"": 60.0, ""jitter"": 0.0, ""margin_depths"": 2.0, ""pitch"": 6.5, ""seed"": 102, ""topology"": ""comb"", ""wall_bot"": 0.1, ""wall_top"": 0.1}"
CB_p0650_f100_x10_s102,comb,expanded foil,0.1,102,d76,6.5,50.0,7.6923076923076925,0.041025641025641026,20.0,0.001114962506107986,0.04966850206255913,"{""backing"": 2.0, ""comb_expand"": 1.0, ""depth"": 50.0, ""face_h"": 60.0, ""face_w"": 60.0, ""jitter"": 0.0, ""margin_depths"": 2.0, ""pitch"": 6.5, ""seed"": 102, ""topology"": ""comb"", ""wall_bot"": 0.1, ""wall_top"": 0.1}"
CB_p0650_f100_x10_s102,comb,expanded foil,0.1,102,d76,6.5,50.0,7.6923076923076925,0.041025641025641026,40.0,0.0018476257100701332,0.04966307431459427,"{""backing"": 2.0, ""comb_expand"": 1.0, ""depth"": 50.0, ""face_h"": 60.0, ""face_w"": 60.0, ""jitter"": 0.0, ""margin_depths"": 2.0, ""pitch"": 6.5, ""seed"": 102, ""topology"": ""comb"", ""wall_bot"": 0.1, ""wall_top"": 0.1}"
CB_p0650_f100_x10_s102,comb,expanded foil,0.1,102,d100,6.5,50.0,7.6923076923076925,0.041025641025641026,0.0,0.00043520599137991667,0.049663614481687546,"{""backing"": 2.0, ""comb_expand"": 1.0, ""depth"": 50.0, ""face_h"": 60.0, ""face_w"": 60.0, ""jitter"": 0.0, ""margin_depths"": 2.0, ""pitch"": 6.5, ""seed"": 102, ""topology"": ""comb"", ""wall_bot"": 0.1, ""wall_top"": 0.1}"
CB_p0650_f100_x10_s102,comb,expanded foil,0.1,102,d100,6.5,50.0,7.6923076923076925,0.041025641025641026,-20.0,0.0013239393010735512,0.0496482215821743,"{""backing"": 2.0, ""comb_expand"": 1.0, ""depth"": 50.0, ""face_h"": 60.0, ""face_w"": 60.0, ""jitter"": 0.0, ""margin_depths"": 2.0, ""pitch"": 6.5, ""seed"": 102, ""topology"": ""comb"", ""wall_bot"": 0.1, ""wall_top"": 0.1}"
CB_p0650_f100_x10_s102,comb,expanded foil,0.1,102,d100,6.5,50.0,7.6923076923076925,0.041025641025641026,-40.0,0.002287832088768482,0.04965859279036522,"{""backing"": 2.0, ""comb_expand"": 1.0, ""depth"": 50.0, ""face_h"": 60.0, ""face_w"": 60.0, ""jitter"": 0.0, ""margin_depths"": 2.0, ""pitch"": 6.5, ""seed"": 102, ""topology"": ""comb"", ""wall_bot"": 0.1, ""wall_top"": 0.1}"
CB_p0650_f100_x10_s102,comb,expanded foil,0.1,102,d100,6.5,50.0,7.6923076923076925,0.041025641025641026,20.0,0.0013137419009581208,0.04966462403535843,"{""backing"": 2.0, ""comb_expand"": 1.0, ""depth"": 50.0, ""face_h"": 60.0, ""face_w"": 60.0, ""jitter"": 0.0, ""margin_depths"": 2.0, ""pitch"": 6.5, ""seed"": 102, ""topology"": ""comb"", ""wall_bot"": 0.1, ""wall_top"": 0.1}"
CB_p0650_f100_x10_s102,comb,expanded foil,0.1,102,d100,6.5,50.0,7.6923076923076925,0.041025641025641026,40.0,0.002273712307214737,0.049659375101327896,"{""backing"": 2.0, ""comb_expand"": 1.0, ""depth"": 50.0, ""face_h"": 60.0, ""face_w"": 60.0, ""jitter"": 0.0, ""margin_depths"": 2.0, ""pitch"": 6.5, ""seed"": 102, ""topology"": ""comb"", ""wall_bot"": 0.1, ""wall_top"": 0.1}"
CB_p0650_f100_x13_s102,comb,expanded foil,0.1,102,d00,6.5,50.0,7.6923076923076925,0.041025641025641026,0.0,0.0019248488824814558,0.04976808652281761,"{""backing"": 2.0, ""comb_expand"": 1.3, ""depth"": 50.0, ""face_h"": 60.0, ""face_w"": 60.0, ""jitter"": 0.0, ""margin_depths"": 2.0, ""pitch"": 6.5, ""seed"": 102, ""topology"": ""comb"", ""wall_bot"": 0.1, ""wall_top"": 0.1}"
CB_p0650_f100_x13_s102,comb,expanded foil,0.1,102,d00,6.5,50.0,7.6923076923076925,0.041025641025641026,-20.0,0.0004740664444398135,0.04975920543074608,"{""backing"": 2.0, ""comb_expand"": 1.3, ""depth"": 50.0, ""face_h"": 60.0, ""face_w"": 60.0, ""jitter"": 0.0, ""margin_depths"": 2.0, ""pitch"": 6.5, ""seed"": 102, ""topology"": ""comb"", ""wall_bot"": 0.1, ""wall_top"": 0.1}"
CB_p0650_f100_x13_s102,comb,expanded foil,0.1,102,d00,6.5,50.0,7.6923076923076925,0.041025641025641026,-40.0,0.0004688762128353119,0.04976888373494148,"{""backing"": 2.0, ""comb_expand"": 1.3, ""depth"": 50.0, ""face_h"": 60.0, ""face_w"": 60.0, ""jitter"": 0.0, ""margin_depths"": 2.0, ""pitch"": 6.5, ""seed"": 102, ""topology"": ""comb"", ""wall_bot"": 0.1, ""wall_top"": 0.1}"
CB_p0650_f100_x13_s102,comb,expanded foil,0.1,102,d00,6.5,50.0,7.6923076923076925,0.041025641025641026,20.0,0.0004645847075153142,0.04976552352309227,"{""backing"": 2.0, ""comb_expand"": 1.3, ""depth"": 50.0, ""face_h"": 60.0, ""face_w"": 60.0, ""jitter"": 0.0, ""margin_depths"": 2.0, ""pitch"": 6.5, ""seed"": 102, ""topology"": ""comb"", ""wall_bot"": 0.1, ""wall_top"": 0.1}"
CB_p0650_f100_x13_s102,comb,expanded foil,0.1,102,d00,6.5,50.0,7.6923076923076925,0.041025641025641026,40.0,0.0004663362633436918,0.049766406416893005,"{""backing"": 2.0, ""comb_expand"": 1.3, ""depth"": 50.0, ""face_h"": 60.0, ""face_w"": 60.0, ""jitter"": 0.0, ""margin_depths"": 2.0, ""pitch"": 6.5, ""seed"": 102, ""topology"": ""comb"", ""wall_bot"": 0.1, ""wall_top"": 0.1}"
CB_p0650_f100_x13_s102,comb,expanded foil,0.1,102,d76,6.5,50.0,7.6923076923076925,0.041025641025641026,0.0,0.0007185410358943045,0.04976000264286995,"{""backing"": 2.0, ""comb_expand"": 1.3, ""depth"": 50.0, ""face_h"": 60.0, ""face_w"": 60.0, ""jitter"": 0.0, ""margin_depths"": 2.0, ""pitch"": 6.5, ""seed"": 102, ""topology"": ""comb"", ""wall_bot"": 0.1, ""wall_top"": 0.1}"
CB_p0650_f100_x13_s102,comb,expanded foil,0.1,102,d76,6.5,50.0,7.6923076923076925,0.041025641025641026,-20.0,0.0011610070941969752,0.0497506782412529,"{""backing"": 2.0, ""comb_expand"": 1.3, ""depth"": 50.0, ""face_h"": 60.0, ""face_w"": 60.0, ""jitter"": 0.0, ""margin_depths"": 2.0, ""pitch"": 6.5, ""seed"": 102, ""topology"": ""comb"", ""wall_bot"": 0.1, ""wall_top"": 0.1}"
CB_p0650_f100_x13_s102,comb,expanded foil,0.1,102,d76,6.5,50.0,7.6923076923076925,0.041025641025641026,-40.0,0.0019429167732596397,0.04975986108183861,"{""backing"": 2.0, ""comb_expand"": 1.3, ""depth"": 50.0, ""face_h"": 60.0, ""face_w"": 60.0, ""jitter"": 0.0, ""margin_depths"": 2.0, ""pitch"": 6.5, ""seed"": 102, ""topology"": ""comb"", ""wall_bot"": 0.1, ""wall_top"": 0.1}"
CB_p0650_f100_x13_s102,comb,expanded foil,0.1,102,d76,6.5,50.0,7.6923076923076925,0.041025641025641026,20.0,0.0011402522213757038,0.04975693300366402,"{""backing"": 2.0, ""comb_expand"": 1.3, ""depth"": 50.0, ""face_h"": 60.0, ""face_w"": 60.0, ""jitter"": 0.0, ""margin_depths"": 2.0, ""pitch"": 6.5, ""seed"": 102, ""topology"": ""comb"", ""wall_bot"": 0.1, ""wall_top"": 0.1}"
CB_p0650_f100_x13_s102,comb,expanded foil,0.1,102,d76,6.5,50.0,7.6923076923076925,0.041025641025641026,40.0,0.0019329586066305637,0.04975787550210953,"{""backing"": 2.0, ""comb_expand"": 1.3, ""depth"": 50.0, ""face_h"": 60.0, ""face_w"": 60.0, ""jitter"": 0.0, ""margin_depths"": 2.0, ""pitch"": 6.5, ""seed"": 102, ""topology"": ""comb"", ""wall_bot"": 0.1, ""wall_top"": 0.1}"
CB_p0650_f100_x13_s102,comb,expanded foil,0.1,102,d100,6.5,50.0,7.6923076923076925,0.041025641025641026,0.0,0.00040021826862357557,0.049757219851017,"{""backing"": 2.0, ""comb_expand"": 1.3, ""depth"": 50.0, ""face_h"": 60.0, ""face_w"": 60.0, ""jitter"": 0.0, ""margin_depths"": 2.0, ""pitch"": 6.5, ""seed"": 102, ""topology"": ""comb"", ""wall_bot"": 0.1, ""wall_top"": 0.1}"
CB_p0650_f100_x13_s102,comb,expanded foil,0.1,102,d100,6.5,50.0,7.6923076923076925,0.041025641025641026,-20.0,0.0013922970974817872,0.04974784329533577,"{""backing"": 2.0, ""comb_expand"": 1.3, ""depth"": 50.0, ""face_h"": 60.0, ""face_w"": 60.0, ""jitter"": 0.0, ""margin_depths"": 2.0, ""pitch"": 6.5, ""seed"": 102, ""topology"": ""comb"", ""wall_bot"": 0.1, ""wall_top"": 0.1}"
CB_p0650_f100_x13_s102,comb,expanded foil,0.1,102,d100,6.5,50.0,7.6923076923076925,0.041025641025641026,-40.0,0.002419412601739168,0.04975711926817894,"{""backing"": 2.0, ""comb_expand"": 1.3, ""depth"": 50.0, ""face_h"": 60.0, ""face_w"": 60.0, ""jitter"": 0.0, ""margin_depths"": 2.0, ""pitch"": 6.5, ""seed"": 102, ""topology"": ""comb"", ""wall_bot"": 0.1, ""wall_top"": 0.1}"
CB_p0650_f100_x13_s102,comb,expanded foil,0.1,102,d100,6.5,50.0,7.6923076923076925,0.041025641025641026,20.0,0.0013712850632146,0.04975435882806778,"{""backing"": 2.0, ""comb_expand"": 1.3, ""depth"": 50.0, ""face_h"": 60.0, ""face_w"": 60.0, ""jitter"": 0.0, ""margin_depths"": 2.0, ""pitch"": 6.5, ""seed"": 102, ""topology"": ""comb"", ""wall_bot"": 0.1, ""wall_top"": 0.1}"
CB_p0650_f100_x13_s102,comb,expanded foil,0.1,102,d100,6.5,50.0,7.6923076923076925,0.041025641025641026,40.0,0.0024093652609735727,0.04975492134690285,"{""backing"": 2.0, ""comb_expand"": 1.3, ""depth"": 50.0, ""face_h"": 60.0, ""face_w"": 60.0, ""jitter"": 0.0, ""margin_depths"": 2.0, ""pitch"": 6.5, ""seed"": 102, ""topology"": ""comb"", ""wall_bot"": 0.1, ""wall_top"": 0.1}"
CB_p0847_f080_x10_s102,comb,expanded foil,0.08,102,d00,8.47,50.0,5.903187721369539,0.02518693427784337,0.0,0.0021867661271244287,0.04984718933701515,"{""backing"": 2.0, ""comb_expand"": 1.0, ""depth"": 50.0, ""face_h"": 60.0, ""face_w"": 60.0, ""jitter"": 0.0, ""margin_depths"": 2.0, ""pitch"": 8.47, ""seed"": 102, ""topology"": ""comb"", ""wall_bot"": 0.08, ""wall_top"": 0.08}"
CB_p0847_f080_x10_s102,comb,expanded foil,0.08,102,d00,8.47,50.0,5.903187721369539,0.02518693427784337,-20.0,0.00039695759187452495,0.04981302097439766,"{""backing"": 2.0, ""comb_expand"": 1.0, ""depth"": 50.0, ""face_h"": 60.0, ""face_w"": 60.0, ""jitter"": 0.0, ""margin_depths"": 2.0, ""pitch"": 8.47, ""seed"": 102, ""topology"": ""comb"", ""wall_bot"": 0.08, ""wall_top"": 0.08}"
CB_p0847_f080_x10_s102,comb,expanded foil,0.08,102,d00,8.47,50.0,5.903187721369539,0.02518693427784337,-40.0,0.00035860270145349205,0.04980285465717316,"{""backing"": 2.0, ""comb_expand"": 1.0, ""depth"": 50.0, ""face_h"": 60.0, ""face_w"": 60.0, ""jitter"": 0.0, ""margin_depths"": 2.0, ""pitch"": 8.47, ""seed"": 102, ""topology"": ""comb"", ""wall_bot"": 0.08, ""wall_top"": 0.08}"
CB_p0847_f080_x10_s102,comb,expanded foil,0.08,102,d00,8.47,50.0,5.903187721369539,0.02518693427784337,20.0,0.0003744424320757389,0.049813162535429,"{""backing"": 2.0, ""comb_expand"": 1.0, ""depth"": 50.0, ""face_h"": 60.0, ""face_w"": 60.0, ""jitter"": 0.0, ""margin_depths"": 2.0, ""pitch"": 8.47, ""seed"": 102, ""topology"": ""comb"", ""wall_bot"": 0.08, ""wall_top"": 0.08}"
CB_p0847_f080_x10_s102,comb,expanded foil,0.08,102,d00,8.47,50.0,5.903187721369539,0.02518693427784337,40.0,0.00035256947739981115,0.04980837553739548,"{""backing"": 2.0, ""comb_expand"": 1.0, ""depth"": 50.0, ""face_h"": 60.0, ""face_w"": 60.0, ""jitter"": 0.0, ""margin_depths"": 2.0, ""pitch"": 8.47, ""seed"": 102, ""topology"": ""comb"", ""wall_bot"": 0.08, ""wall_top"": 0.08}"
CB_p0847_f080_x10_s102,comb,expanded foil,0.08,102,d76,8.47,50.0,5.903187721369539,0.02518693427784337,0.0,0.0007162531255744398,0.04984233155846596,"{""backing"": 2.0, ""comb_expand"": 1.0, ""depth"": 50.0, ""face_h"": 60.0, ""face_w"": 60.0, ""jitter"": 0.0, ""margin_depths"": 2.0, ""pitch"": 8.47, ""seed"": 102, ""topology"": ""comb"", ""wall_bot"": 0.08, ""wall_top"": 0.08}"
CB_p0847_f080_x10_s102,comb,expanded foil,0.08,102,d76,8.47,50.0,5.903187721369539,0.02518693427784337,-20.0,0.001042946008965373,0.04980634152889252,"{""backing"": 2.0, ""comb_expand"": 1.0, ""depth"": 50.0, ""face_h"": 60.0, ""face_w"": 60.0, ""jitter"": 0.0, ""margin_depths"": 2.0, ""pitch"": 8.47, ""seed"": 102, ""topology"": ""comb"", ""wall_bot"": 0.08, ""wall_top"": 0.08}"
CB_p0847_f080_x10_s102,comb,expanded foil,0.08,102,d76,8.47,50.0,5.903187721369539,0.02518693427784337,-40.0,0.0017666913336142898,0.049796491861343384,"{""backing"": 2.0, ""comb_expand"": 1.0, ""depth"": 50.0, ""face_h"": 60.0, ""face_w"": 60.0, ""jitter"": 0.0, ""margin_depths"": 2.0, ""pitch"": 8.47, ""seed"": 102, ""topology"": ""comb"", ""wall_bot"": 0.08, ""wall_top"": 0.08}"
CB_p0847_f080_x10_s102,comb,expanded foil,0.08,102,d76,8.47,50.0,5.903187721369539,0.02518693427784337,20.0,0.0009640837088227272,0.04980684816837311,"{""backing"": 2.0, ""comb_expand"": 1.0, ""depth"": 50.0, ""face_h"": 60.0, ""face_w"": 60.0, ""jitter"": 0.0, ""margin_depths"": 2.0, ""pitch"": 8.47, ""seed"": 102, ""topology"": ""comb"", ""wall_bot"": 0.08, ""wall_top"": 0.08}"
CB_p0847_f080_x10_s102,comb,expanded foil,0.08,102,d76,8.47,50.0,5.903187721369539,0.02518693427784337,40.0,0.001682709320448339,0.049803026020526886,"{""backing"": 2.0, ""comb_expand"": 1.0, ""depth"": 50.0, ""face_h"": 60.0, ""face_w"": 60.0, ""jitter"": 0.0, ""margin_depths"": 2.0, ""pitch"": 8.47, ""seed"": 102, ""topology"": ""comb"", ""wall_bot"": 0.08, ""wall_top"": 0.08}"
CB_p0847_f080_x10_s102,comb,expanded foil,0.08,102,d100,8.47,50.0,5.903187721369539,0.02518693427784337,0.0,0.00032626991742290556,0.04984060674905777,"{""backing"": 2.0, ""comb_expand"": 1.0, ""depth"": 50.0, ""face_h"": 60.0, ""face_w"": 60.0, ""jitter"": 0.0, ""margin_depths"": 2.0, ""pitch"": 8.47, ""seed"": 102, ""topology"": ""comb"", ""wall_bot"": 0.08, ""wall_top"": 0.08}"
CB_p0847_f080_x10_s102,comb,expanded foil,0.08,102,d100,8.47,50.0,5.903187721369539,0.02518693427784337,-20.0,0.0012514590052887797,0.049803975969552994,"{""backing"": 2.0, ""comb_expand"": 1.0, ""depth"": 50.0, ""face_h"": 60.0, ""face_w"": 60.0, ""jitter"": 0.0, ""margin_depths"": 2.0, ""pitch"": 8.47, ""seed"": 102, ""topology"": ""comb"", ""wall_bot"": 0.08, ""wall_top"": 0.08}"
CB_p0847_f080_x10_s102,comb,expanded foil,0.08,102,d100,8.47,50.0,5.903187721369539,0.02518693427784337,-40.0,0.0022157097700983286,0.04979480057954788,"{""backing"": 2.0, ""comb_expand"": 1.0, ""depth"": 50.0, ""face_h"": 60.0, ""face_w"": 60.0, ""jitter"": 0.0, ""margin_depths"": 2.0, ""pitch"": 8.47, ""seed"": 102, ""topology"": ""comb"", ""wall_bot"": 0.08, ""wall_top"": 0.08}"
CB_p0847_f080_x10_s102,comb,expanded foil,0.08,102,d100,8.47,50.0,5.903187721369539,0.02518693427784337,20.0,0.0011568175395950675,0.04980443790555,"{""backing"": 2.0, ""comb_expand"": 1.0, ""depth"": 50.0, ""face_h"": 60.0, ""face_w"": 60.0, ""jitter"": 0.0, ""margin_depths"": 2.0, ""pitch"": 8.47, ""seed"": 102, ""topology"": ""comb"", ""wall_bot"": 0.08, ""wall_top"": 0.08}"
CB_p0847_f080_x10_s102,comb,expanded foil,0.08,102,d100,8.47,50.0,5.903187721369539,0.02518693427784337,40.0,0.0021153842099010944,0.04980052262544632,"{""backing"": 2.0, ""comb_expand"": 1.0, ""depth"": 50.0, ""face_h"": 60.0, ""face_w"": 60.0, ""jitter"": 0.0, ""margin_depths"": 2.0, ""pitch"": 8.47, ""seed"": 102, ""topology"": ""comb"", ""wall_bot"": 0.08, ""wall_top"": 0.08}"
CB_p0847_f080_x13_s102,comb,expanded foil,0.08,102,d00,8.47,50.0,5.903187721369539,0.02518693427784337,0.0,0.0024708358105272055,0.04974494129419327,"{""backing"": 2.0, ""comb_expand"": 1.3, ""depth"": 50.0, ""face_h"": 60.0, ""face_w"": 60.0, ""jitter"": 0.0, ""margin_depths"": 2.0, ""pitch"": 8.47, ""seed"": 102, ""topology"": ""comb"", ""wall_bot"": 0.08, ""wall_top"": 0.08}"
CB_p0847_f080_x13_s102,comb,expanded foil,0.08,102,d00,8.47,50.0,5.903187721369539,0.02518693427784337,-20.0,0.00034037098521366715,0.049692511558532715,"{""backing"": 2.0, ""comb_expand"": 1.3, ""depth"": 50.0, ""face_h"": 60.0, ""face_w"": 60.0, ""jitter"": 0.0, ""margin_depths"": 2.0, ""pitch"": 8.47, ""seed"": 102, ""topology"": ""comb"", ""wall_bot"": 0.08, ""wall_top"": 0.08}"
CB_p0847_f080_x13_s102,comb,expanded foil,0.08,102,d00,8.47,50.0,5.903187721369539,0.02518693427784337,-40.0,0.0003043753677047789,0.049690403044223785,"{""backing"": 2.0, ""comb_expand"": 1.3, ""depth"": 50.0, ""face_h"": 60.0, ""face_w"": 60.0, ""jitter"": 0.0, ""margin_depths"": 2.0, ""pitch"": 8.47, ""seed"": 102, ""topology"": ""comb"", ""wall_bot"": 0.08, ""wall_top"": 0.08}"
CB_p0847_f080_x13_s102,comb,expanded foil,0.08,102,d00,8.47,50.0,5.903187721369539,0.02518693427784337,20.0,0.00033208163222298026,0.049690939486026764,"{""backing"": 2.0, ""comb_expand"": 1.3, ""depth"": 50.0, ""face_h"": 60.0, ""face_w"": 60.0, ""jitter"": 0.0, ""margin_depths"": 2.0, ""pitch"": 8.47, ""seed"": 102, ""topology"": ""comb"", ""wall_bot"": 0.08, ""wall_top"": 0.08}"
CB_p0847_f080_x13_s102,comb,expanded foil,0.08,102,d00,8.47,50.0,5.903187721369539,0.02518693427784337,40.0,0.00030369532760232687,0.049693573266267776,"{""backing"": 2.0, ""comb_expand"": 1.3, ""depth"": 50.0, ""face_h"": 60.0, ""face_w"": 60.0, ""jitter"": 0.0, ""margin_depths"": 2.0, ""pitch"": 8.47, ""seed"": 102, ""topology"": ""comb"", ""wall_bot"": 0.08, ""wall_top"": 0.08}"
CB_p0847_f080_x13_s102,comb,expanded foil,0.08,102,d76,8.47,50.0,5.903187721369539,0.02518693427784337,0.0,0.0007616837974637747,0.049736388027668,"{""backing"": 2.0, ""comb_expand"": 1.3, ""depth"": 50.0, ""face_h"": 60.0, ""face_w"": 60.0, ""jitter"": 0.0, ""margin_depths"": 2.0, ""pitch"": 8.47, ""seed"": 102, ""topology"": ""comb"", ""wall_bot"": 0.08, ""wall_top"": 0.08}"
CB_p0847_f080_x13_s102,comb,expanded foil,0.08,102,d76,8.47,50.0,5.903187721369539,0.02518693427784337,-20.0,0.001082944800145924,0.04968204349279404,"{""backing"": 2.0, ""comb_expand"": 1.3, ""depth"": 50.0, ""face_h"": 60.0, ""face_w"": 60.0, ""jitter"": 0.0, ""margin_depths"": 2.0, ""pitch"": 8.47, ""seed"": 102, ""topology"": ""comb"", ""wall_bot"": 0.08, ""wall_top"": 0.08}"
CB_p0847_f080_x13_s102,comb,expanded foil,0.08,102,d76,8.47,50.0,5.903187721369539,0.02518693427784337,-40.0,0.0018547638319432735,0.04967867583036423,"{""backing"": 2.0, ""comb_expand"": 1.3, ""depth"": 50.0, ""face_h"": 60.0, ""face_w"": 60.0, ""jitter"": 0.0, ""margin_depths"": 2.0, ""pitch"": 8.47, ""seed"": 102, ""topology"": ""comb"", ""wall_bot"": 0.08, ""wall_top"": 0.08}"
CB_p0847_f080_x13_s102,comb,expanded foil,0.08,102,d76,8.47,50.0,5.903187721369539,0.02518693427784337,20.0,0.0009907424682751298,0.049680158495903015,"{""backing"": 2.0, ""comb_expand"": 1.3, ""depth"": 50.0, ""face_h"": 60.0, ""face_w"": 60.0, ""jitter"": 0.0, ""margin_depths"": 2.0, ""pitch"": 8.47, ""seed"": 102, ""topology"": ""comb"", ""wall_bot"": 0.08, ""wall_top"": 0.08}"
CB_p0847_f080_x13_s102,comb,expanded foil,0.08,102,d76,8.47,50.0,5.903187721369539,0.02518693427784337,40.0,0.0017918068915605545,0.04968229681253433,"{""backing"": 2.0, ""comb_expand"": 1.3, ""depth"": 50.0, ""face_h"": 60.0, ""face_w"": 60.0, ""jitter"": 0.0, ""margin_depths"": 2.0, ""pitch"": 8.47, ""seed"": 102, ""topology"": ""comb"", ""wall_bot"": 0.08, ""wall_top"": 0.08}"
CB_p0847_f080_x13_s102,comb,expanded foil,0.08,102,d100,8.47,50.0,5.903187721369539,0.02518693427784337,0.0,0.0002988498308695853,0.04973307624459267,"{""backing"": 2.0, ""comb_expand"": 1.3, ""depth"": 50.0, ""face_h"": 60.0, ""face_w"": 60.0, ""jitter"": 0.0, ""margin_depths"": 2.0, ""pitch"": 8.47, ""seed"": 102, ""topology"": ""comb"", ""wall_bot"": 0.08, ""wall_top"": 0.08}"
CB_p0847_f080_x13_s102,comb,expanded foil,0.08,102,d100,8.47,50.0,5.903187721369539,0.02518693427784337,-20.0,0.0013286629691720009,0.0496789924800396,"{""backing"": 2.0, ""comb_expand"": 1.3, ""depth"": 50.0, ""face_h"": 60.0, ""face_w"": 60.0, ""jitter"": 0.0, ""margin_depths"": 2.0, ""pitch"": 8.47, ""seed"": 102, ""topology"": ""comb"", ""wall_bot"": 0.08, ""wall_top"": 0.08}"
CB_p0847_f080_x13_s102,comb,expanded foil,0.08,102,d100,8.47,50.0,5.903187721369539,0.02518693427784337,-40.0,0.002356408629566431,0.049674730747938156,"{""backing"": 2.0, ""comb_expand"": 1.3, ""depth"": 50.0, ""face_h"": 60.0, ""face_w"": 60.0, ""jitter"": 0.0, ""margin_depths"": 2.0, ""pitch"": 8.47, ""seed"": 102, ""topology"": ""comb"", ""wall_bot"": 0.08, ""wall_top"": 0.08}"
CB_p0847_f080_x13_s102,comb,expanded foil,0.08,102,d100,8.47,50.0,5.903187721369539,0.02518693427784337,20.0,0.001218928606249392,0.049676258116960526,"{""backing"": 2.0, ""comb_expand"": 1.3, ""depth"": 50.0, ""face_h"": 60.0, ""face_w"": 60.0, ""jitter"": 0.0, ""margin_depths"": 2.0, ""pitch"": 8.47, ""seed"": 102, ""topology"": ""comb"", ""wall_bot"": 0.08, ""wall_top"": 0.08}"
CB_p0847_f080_x13_s102,comb,expanded foil,0.08,102,d100,8.47,50.0,5.903187721369539,0.02518693427784337,40.0,0.0022702058777213097,0.04967827722430229,"{""backing"": 2.0, ""comb_expand"": 1.3, ""depth"": 50.0, ""face_h"": 60.0, ""face_w"": 60.0, ""jitter"": 0.0, ""margin_depths"": 2.0, ""pitch"": 8.47, ""seed"": 102, ""topology"": ""comb"", ""wall_bot"": 0.08, ""wall_top"": 0.08}"
CB_p0952_f100_x10_s102,comb,expanded foil,0.1,102,d00,9.53,50.0,5.246589716684156,0.027981811822315492,0.0,0.0025056134909391403,0.04963527247309685,"{""backing"": 2.0, ""comb_expand"": 1.0, ""depth"": 50.0, ""face_h"": 60.0, ""face_w"": 60.0, ""jitter"": 0.0, ""margin_depths"": 2.0, ""pitch"": 9.53, ""seed"": 102, ""topology"": ""comb"", ""wall_bot"": 0.1, ""wall_top"": 0.1}"
CB_p0952_f100_x10_s102,comb,expanded foil,0.1,102,d00,9.53,50.0,5.246589716684156,0.027981811822315492,-20.0,0.00042291698628105223,0.04960191249847412,"{""backing"": 2.0, ""comb_expand"": 1.0, ""depth"": 50.0, ""face_h"": 60.0, ""face_w"": 60.0, ""jitter"": 0.0, ""margin_depths"": 2.0, ""pitch"": 9.53, ""seed"": 102, ""topology"": ""comb"", ""wall_bot"": 0.1, ""wall_top"": 0.1}"
CB_p0952_f100_x10_s102,comb,expanded foil,0.1,102,d00,9.53,50.0,5.246589716684156,0.027981811822315492,-40.0,0.00040185890975408256,0.04959458112716675,"{""backing"": 2.0, ""comb_expand"": 1.0, ""depth"": 50.0, ""face_h"": 60.0, ""face_w"": 60.0, ""jitter"": 0.0, ""margin_depths"": 2.0, ""pitch"": 9.53, ""seed"": 102, ""topology"": ""comb"", ""wall_bot"": 0.1, ""wall_top"": 0.1}"
CB_p0952_f100_x10_s102,comb,expanded foil,0.1,102,d00,9.53,50.0,5.246589716684156,0.027981811822315492,20.0,0.0004273948143236339,0.04959971830248833,"{""backing"": 2.0, ""comb_expand"": 1.0, ""depth"": 50.0, ""face_h"": 60.0, ""face_w"": 60.0, ""jitter"": 0.0, ""margin_depths"": 2.0, ""pitch"": 9.53, ""seed"": 102, ""topology"": ""comb"", ""wall_bot"": 0.1, ""wall_top"": 0.1}"
CB_p0952_f100_x10_s102,comb,expanded foil,0.1,102,d00,9.53,50.0,5.246589716684156,0.027981811822315492,40.0,0.00040586042450740933,0.04959815740585327,"{""backing"": 2.0, ""comb_expand"": 1.0, ""depth"": 50.0, ""face_h"": 60.0, ""face_w"": 60.0, ""jitter"": 0.0, ""margin_depths"": 2.0, ""pitch"": 9.53, ""seed"": 102, ""topology"": ""comb"", ""wall_bot"": 0.1, ""wall_top"": 0.1}"
CB_p0952_f100_x10_s102,comb,expanded foil,0.1,102,d76,9.53,50.0,5.246589716684156,0.027981811822315492,0.0,0.000836063118185848,0.0496215894818306,"{""backing"": 2.0, ""comb_expand"": 1.0, ""depth"": 50.0, ""face_h"": 60.0, ""face_w"": 60.0, ""jitter"": 0.0, ""margin_depths"": 2.0, ""pitch"": 9.53, ""seed"": 102, ""topology"": ""comb"", ""wall_bot"": 0.1, ""wall_top"": 0.1}"
CB_p0952_f100_x10_s102,comb,expanded foil,0.1,102,d76,9.53,50.0,5.246589716684156,0.027981811822315492,-20.0,0.001045418088324368,0.049584727734327316,"{""backing"": 2.0, ""comb_expand"": 1.0, ""depth"": 50.0, ""face_h"": 60.0, ""face_w"": 60.0, ""jitter"": 0.0, ""margin_depths"": 2.0, ""pitch"": 9.53, ""seed"": 102, ""topology"": ""comb"", ""wall_bot"": 0.1, ""wall_top"": 0.1}"
CB_p0952_f100_x10_s102,comb,expanded foil,0.1,102,d76,9.53,50.0,5.246589716684156,0.027981811822315492,-40.0,0.0017271110555157065,0.04957721382379532,"{""backing"": 2.0, ""comb_expand"": 1.0, ""depth"": 50.0, ""face_h"": 60.0, ""face_w"": 60.0, ""jitter"": 0.0, ""margin_depths"": 2.0, ""pitch"": 9.53, ""seed"": 102, ""topology"": ""comb"", ""wall_bot"": 0.1, ""wall_top"": 0.1}"
CB_p0952_f100_x10_s102,comb,expanded foil,0.1,102,d76,9.53,50.0,5.246589716684156,0.027981811822315492,20.0,0.0010576284257695079,0.04958274960517883,"{""backing"": 2.0, ""comb_expand"": 1.0, ""depth"": 50.0, ""face_h"": 60.0, ""face_w"": 60.0, ""jitter"": 0.0, ""margin_depths"": 2.0, ""pitch"": 9.53, ""seed"": 102, ""topology"": ""comb"", ""wall_bot"": 0.1, ""wall_top"": 0.1}"
CB_p0952_f100_x10_s102,comb,expanded foil,0.1,102,d76,9.53,50.0,5.246589716684156,0.027981811822315492,40.0,0.0017732401611283422,0.049582719802856445,"{""backing"": 2.0, ""comb_expand"": 1.0, ""depth"": 50.0, ""face_h"": 60.0, ""face_w"": 60.0, ""jitter"": 0.0, ""margin_depths"": 2.0, ""pitch"": 9.53, ""seed"": 102, ""topology"": ""comb"", ""wall_bot"": 0.1, ""wall_top"": 0.1}"
CB_p0952_f100_x10_s102,comb,expanded foil,0.1,102,d100,9.53,50.0,5.246589716684156,0.027981811822315492,0.0,0.00038257287815213203,0.04961755499243736,"{""backing"": 2.0, ""comb_expand"": 1.0, ""depth"": 50.0, ""face_h"": 60.0, ""face_w"": 60.0, ""jitter"": 0.0, ""margin_depths"": 2.0, ""pitch"": 9.53, ""seed"": 102, ""topology"": ""comb"", ""wall_bot"": 0.1, ""wall_top"": 0.1}"
CB_p0952_f100_x10_s102,comb,expanded foil,0.1,102,d100,9.53,50.0,5.246589716684156,0.027981811822315492,-20.0,0.001245040912181139,0.049579448997974396,"{""backing"": 2.0, ""comb_expand"": 1.0, ""depth"": 50.0, ""face_h"": 60.0, ""face_w"": 60.0, ""jitter"": 0.0, ""margin_depths"": 2.0, ""pitch"": 9.53, ""seed"": 102, ""topology"": ""comb"", ""wall_bot"": 0.1, ""wall_top"": 0.1}"
CB_p0952_f100_x10_s102,comb,expanded foil,0.1,102,d100,9.53,50.0,5.246589716684156,0.027981811822315492,-40.0,0.0021567100193351507,0.04957187920808792,"{""backing"": 2.0, ""comb_expand"": 1.0, ""depth"": 50.0, ""face_h"": 60.0, ""face_w"": 60.0, ""jitter"": 0.0, ""margin_depths"": 2.0, ""pitch"": 9.53, ""seed"": 102, ""topology"": ""comb"", ""wall_bot"": 0.1, ""wall_top"": 0.1}"
CB_p0952_f100_x10_s102,comb,expanded foil,0.1,102,d100,9.53,50.0,5.246589716684156,0.027981811822315492,20.0,0.0012634291779249907,0.04957796260714531,"{""backing"": 2.0, ""comb_expand"": 1.0, ""depth"": 50.0, ""face_h"": 60.0, ""face_w"": 60.0, ""jitter"": 0.0, ""margin_depths"": 2.0, ""pitch"": 9.53, ""seed"": 102, ""topology"": ""comb"", ""wall_bot"": 0.1, ""wall_top"": 0.1}"
CB_p0952_f100_x10_s102,comb,expanded foil,0.1,102,d100,9.53,50.0,5.246589716684156,0.027981811822315492,40.0,0.002211502054706216,0.04957832768559456,"{""backing"": 2.0, ""comb_expand"": 1.0, ""depth"": 50.0, ""face_h"": 60.0, ""face_w"": 60.0, ""jitter"": 0.0, ""margin_depths"": 2.0, ""pitch"": 9.53, ""seed"": 102, ""topology"": ""comb"", ""wall_bot"": 0.1, ""wall_top"": 0.1}"
CB_p0952_f100_x13_s102,comb,expanded foil,0.1,102,d00,9.53,50.0,5.246589716684156,0.027981811822315492,0.0,0.00281268497928977,0.04965190961956978,"{""backing"": 2.0, ""comb_expand"": 1.3, ""depth"": 50.0, ""face_h"": 60.0, ""face_w"": 60.0, ""jitter"": 0.0, ""margin_depths"": 2.0, ""pitch"": 9.53, ""seed"": 102, ""topology"": ""comb"", ""wall_bot"": 0.1, ""wall_top"": 0.1}"
CB_p0952_f100_x13_s102,comb,expanded foil,0.1,102,d00,9.53,50.0,5.246589716684156,0.027981811822315492,-20.0,0.0003630409191828221,0.049630820751190186,"{""backing"": 2.0, ""comb_expand"": 1.3, ""depth"": 50.0, ""face_h"": 60.0, ""face_w"": 60.0, ""jitter"": 0.0, ""margin_depths"": 2.0, ""pitch"": 9.53, ""seed"": 102, ""topology"": ""comb"", ""wall_bot"": 0.1, ""wall_top"": 0.1}"
CB_p0952_f100_x13_s102,comb,expanded foil,0.1,102,d00,9.53,50.0,5.246589716684156,0.027981811822315492,-40.0,0.0003258921788074076,0.049629997462034225,"{""backing"": 2.0, ""comb_expand"": 1.3, ""depth"": 50.0, ""face_h"": 60.0, ""face_w"": 60.0, ""jitter"": 0.0, ""margin_depths"": 2.0, ""pitch"": 9.53, ""seed"": 102, ""topology"": ""comb"", ""wall_bot"": 0.1, ""wall_top"": 0.1}"
CB_p0952_f100_x13_s102,comb,expanded foil,0.1,102,d00,9.53,50.0,5.246589716684156,0.027981811822315492,20.0,0.000368747569154948,0.04962802678346634,"{""backing"": 2.0, ""comb_expand"": 1.3, ""depth"": 50.0, ""face_h"": 60.0, ""face_w"": 60.0, ""jitter"": 0.0, ""margin_depths"": 2.0, ""pitch"": 9.53, ""seed"": 102, ""topology"": ""comb"", ""wall_bot"": 0.1, ""wall_top"": 0.1}"
CB_p0952_f100_x13_s102,comb,expanded foil,0.1,102,d00,9.53,50.0,5.246589716684156,0.027981811822315492,40.0,0.0003340529801789671,0.04962606355547905,"{""backing"": 2.0, ""comb_expand"": 1.3, ""depth"": 50.0, ""face_h"": 60.0, ""face_w"": 60.0, ""jitter"": 0.0, ""margin_depths"": 2.0, ""pitch"": 9.53, ""seed"": 102, ""topology"": ""comb"", ""wall_bot"": 0.1, ""wall_top"": 0.1}"
CB_p0952_f100_x13_s102,comb,expanded foil,0.1,102,d76,9.53,50.0,5.246589716684156,0.027981811822315492,0.0,0.0008809586288407445,0.04963893070816994,"{""backing"": 2.0, ""comb_expand"": 1.3, ""depth"": 50.0, ""face_h"": 60.0, ""face_w"": 60.0, ""jitter"": 0.0, ""margin_depths"": 2.0, ""pitch"": 9.53, ""seed"": 102, ""topology"": ""comb"", ""wall_bot"": 0.1, ""wall_top"": 0.1}"
CB_p0952_f100_x13_s102,comb,expanded foil,0.1,102,d76,9.53,50.0,5.246589716684156,0.027981811822315492,-20.0,0.0010572356404736638,0.04961656033992767,"{""backing"": 2.0, ""comb_expand"": 1.3, ""depth"": 50.0, ""face_h"": 60.0, ""face_w"": 60.0, ""jitter"": 0.0, ""margin_depths"": 2.0, ""pitch"": 9.53, ""seed"": 102, ""topology"": ""comb"", ""wall_bot"": 0.1, ""wall_top"": 0.1}"
CB_p0952_f100_x13_s102,comb,expanded foil,0.1,102,d76,9.53,50.0,5.246589716684156,0.027981811822315492,-40.0,0.0018220505444332957,0.04961494728922844,"{""backing"": 2.0, ""comb_expand"": 1.3, ""depth"": 50.0, ""face_h"": 60.0, ""face_w"": 60.0, ""jitter"": 0.0, ""margin_depths"": 2.0, ""pitch"": 9.53, ""seed"": 102, ""topology"": ""comb"", ""wall_bot"": 0.1, ""wall_top"": 0.1}"
CB_p0952_f100_x13_s102,comb,expanded foil,0.1,102,d76,9.53,50.0,5.246589716684156,0.027981811822315492,20.0,0.0010919473133981228,0.04961368069052696,"{""backing"": 2.0, ""comb_expand"": 1.3, ""depth"": 50.0, ""face_h"": 60.0, ""face_w"": 60.0, ""jitter"": 0.0, ""margin_depths"": 2.0, ""pitch"": 9.53, ""seed"": 102, ""topology"": ""comb"", ""wall_bot"": 0.1, ""wall_top"": 0.1}"
CB_p0952_f100_x13_s102,comb,expanded foil,0.1,102,d76,9.53,50.0,5.246589716684156,0.027981811822315492,40.0,0.0018838813994079828,0.04961283877491951,"{""backing"": 2.0, ""comb_expand"": 1.3, ""depth"": 50.0, ""face_h"": 60.0, ""face_w"": 60.0, ""jitter"": 0.0, ""margin_depths"": 2.0, ""pitch"": 9.53, ""seed"": 102, ""topology"": ""comb"", ""wall_bot"": 0.1, ""wall_top"": 0.1}"
CB_p0952_f100_x13_s102,comb,expanded foil,0.1,102,d100,9.53,50.0,5.246589716684156,0.027981811822315492,0.0,0.0003498948353808373,0.049635063856840134,"{""backing"": 2.0, ""comb_expand"": 1.3, ""depth"": 50.0, ""face_h"": 60.0, ""face_w"": 60.0, ""jitter"": 0.0, ""margin_depths"": 2.0, ""pitch"": 9.53, ""seed"": 102, ""topology"": ""comb"", ""wall_bot"": 0.1, ""wall_top"": 0.1}"
CB_p0952_f100_x13_s102,comb,expanded foil,0.1,102,d100,9.53,50.0,5.246589716684156,0.027981811822315492,-20.0,0.001301091630011797,0.04961250722408295,"{""backing"": 2.0, ""comb_expand"": 1.3, ""depth"": 50.0, ""face_h"": 60.0, ""face_w"": 60.0, ""jitter"": 0.0, ""margin_depths"": 2.0, ""pitch"": 9.53, ""seed"": 102, ""topology"": ""comb"", ""wall_bot"": 0.1, ""wall_top"": 0.1}"
CB_p0952_f100_x13_s102,comb,expanded foil,0.1,102,d100,9.53,50.0,5.246589716684156,0.027981811822315492,-40.0,0.0023097151424735785,0.04961106553673744,"{""backing"": 2.0, ""comb_expand"": 1.3, ""depth"": 50.0, ""face_h"": 60.0, ""face_w"": 60.0, ""jitter"": 0.0, ""margin_depths"": 2.0, ""pitch"": 9.53, ""seed"": 102, ""topology"": ""comb"", ""wall_bot"": 0.1, ""wall_top"": 0.1}"
CB_p0952_f100_x13_s102,comb,expanded foil,0.1,102,d100,9.53,50.0,5.246589716684156,0.027981811822315492,20.0,0.0013303523883223534,0.049609482288360596,"{""backing"": 2.0, ""comb_expand"": 1.3, ""depth"": 50.0, ""face_h"": 60.0, ""face_w"": 60.0, ""jitter"": 0.0, ""margin_depths"": 2.0, ""pitch"": 9.53, ""seed"": 102, ""topology"": ""comb"", ""wall_bot"": 0.1, ""wall_top"": 0.1}"
CB_p0952_f100_x13_s102,comb,expanded foil,0.1,102,d100,9.53,50.0,5.246589716684156,0.027981811822315492,40.0,0.0023812386207282543,0.049608565866947174,"{""backing"": 2.0, ""comb_expand"": 1.3, ""depth"": 50.0, ""face_h"": 60.0, ""face_w"": 60.0, ""jitter"": 0.0, ""margin_depths"": 2.0, ""pitch"": 9.53, ""seed"": 102, ""topology"": ""comb"", ""wall_bot"": 0.1, ""wall_top"": 0.1}"
