tag,profile,thickness,pitch,tilt_deg,azimuth_mode,seed,diffuse_frac,theta,rho,control,params_json
BL_FLAT_t050_p0550_a02_rand_s23,flat,0.05,5.5,2.0,random,23,d00,0.0,0.002184397540986538,0.04999997094273567,"{""azimuth_jitter"": 180.0, ""azimuth_mode"": ""random"", ""backing"": 2.0, ""depth"": 50.0, ""face_h"": 60.0, ""face_w"": 60.0, ""jitter"": 0.3, ""margin_depths"": 2.0, ""pitch"": 5.5, ""plate_over"": 1.15, ""plate_t_bot"": 0.05, ""plate_t_top"": 0.05, ""seed"": 23, ""tilt_deg"": 2.0, ""tilt_jitter"": 0.0, ""topology"": ""shingle""}"
BL_FLAT_t050_p0550_a02_rand_s23,flat,0.05,5.5,2.0,random,23,d00,-20.0,0.0004397473530843854,0.04999997094273567,"{""azimuth_jitter"": 180.0, ""azimuth_mode"": ""random"", ""backing"": 2.0, ""depth"": 50.0, ""face_h"": 60.0, ""face_w"": 60.0, ""jitter"": 0.3, ""margin_depths"": 2.0, ""pitch"": 5.5, ""plate_over"": 1.15, ""plate_t_bot"": 0.05, ""plate_t_top"": 0.05, ""seed"": 23, ""tilt_deg"": 2.0, ""tilt_jitter"": 0.0, ""topology"": ""shingle""}"
BL_FLAT_t050_p0550_a02_rand_s23,flat,0.05,5.5,2.0,random,23,d00,-40.0,0.0003018948482349515,0.04999997094273567,"{""azimuth_jitter"": 180.0, ""azimuth_mode"": ""random"", ""backing"": 2.0, ""depth"": 50.0, ""face_h"": 60.0, ""face_w"": 60.0, ""jitter"": 0.3, ""margin_depths"": 2.0, ""pitch"": 5.5, ""plate_over"": 1.15, ""plate_t_bot"": 0.05, ""plate_t_top"": 0.05, ""seed"": 23, ""tilt_deg"": 2.0, ""tilt_jitter"": 0.0, ""topology"": ""shingle""}"
BL_FLAT_t050_p0550_a02_rand_s23,flat,0.05,5.5,2.0,random,23,d00,20.0,0.00039454433135688305,0.04999997094273567,"{""azimuth_jitter"": 180.0, ""azimuth_mode"": ""random"", ""backing"": 2.0, ""depth"": 50.0, ""face_h"": 60.0, ""face_w"": 60.0, ""jitter"": 0.3, ""margin_depths"": 2.0, ""pitch"": 5.5, ""plate_over"": 1.15, ""plate_t_bot"": 0.05, ""plate_t_top"": 0.05, ""seed"": 23, ""tilt_deg"": 2.0, ""tilt_jitter"": 0.0, ""topology"": ""shingle""}"
BL_FLAT_t050_p0550_a02_rand_s23,flat,0.05,5.5,2.0,random,23,d00,40.0,0.00029725366039201617,0.04999997094273567,"{""azimuth_jitter"": 180.0, ""azimuth_mode"": ""random"", ""backing"": 2.0, ""depth"": 50.0, ""face_h"": 60.0, ""face_w"": 60.0, ""jitter"": 0.3, ""margin_depths"": 2.0, ""pitch"": 5.5, ""plate_over"": 1.15, ""plate_t_bot"": 0.05, ""plate_t_top"": 0.05, ""seed"": 23, ""tilt_deg"": 2.0, ""tilt_jitter"": 0.0, ""topology"": ""shingle""}"
BL_FLAT_t050_p0550_a02_rand_s23,flat,0.05,5.5,2.0,random,23,d76,0.0,0.0007974165491759777,0.04999997094273567,"{""azimuth_jitter"": 180.0, ""azimuth_mode"": ""random"", ""backing"": 2.0, ""depth"": 50.0, ""face_h"": 60.0, ""face_w"": 60.0, ""jitter"": 0.3, ""margin_depths"": 2.0, ""pitch"": 5.5, ""plate_over"": 1.15, ""plate_t_bot"": 0.05, ""plate_t_top"": 0.05, ""seed"": 23, ""tilt_deg"": 2.0, ""tilt_jitter"": 0.0, ""topology"": ""shingle""}"
BL_FLAT_t050_p0550_a02_rand_s23,flat,0.05,5.5,2.0,random,23,d76,-20.0,0.0009573187562637031,0.04999997094273567,"{""azimuth_jitter"": 180.0, ""azimuth_mode"": ""random"", ""backing"": 2.0, ""depth"": 50.0, ""face_h"": 60.0, ""face_w"": 60.0, ""jitter"": 0.3, ""margin_depths"": 2.0, ""pitch"": 5.5, ""plate_over"": 1.15, ""plate_t_bot"": 0.05, ""plate_t_top"": 0.05, ""seed"": 23, ""tilt_deg"": 2.0, ""tilt_jitter"": 0.0, ""topology"": ""shingle""}"
BL_FLAT_t050_p0550_a02_rand_s23,flat,0.05,5.5,2.0,random,23,d76,-40.0,0.0015602835919708014,0.04999997094273567,"{""azimuth_jitter"": 180.0, ""azimuth_mode"": ""random"", ""backing"": 2.0, ""depth"": 50.0, ""face_h"": 60.0, ""face_w"": 60.0, ""jitter"": 0.3, ""margin_depths"": 2.0, ""pitch"": 5.5, ""plate_over"": 1.15, ""plate_t_bot"": 0.05, ""plate_t_top"": 0.05, ""seed"": 23, ""tilt_deg"": 2.0, ""tilt_jitter"": 0.0, ""topology"": ""shingle""}"
BL_FLAT_t050_p0550_a02_rand_s23,flat,0.05,5.5,2.0,random,23,d76,20.0,0.0009481255547143519,0.04999997094273567,"{""azimuth_jitter"": 180.0, ""azimuth_mode"": ""random"", ""backing"": 2.0, ""depth"": 50.0, ""face_h"": 60.0, ""face_w"": 60.0, ""jitter"": 0.3, ""margin_depths"": 2.0, ""pitch"": 5.5, ""plate_over"": 1.15, ""plate_t_bot"": 0.05, ""plate_t_top"": 0.05, ""seed"": 23, ""tilt_deg"": 2.0, ""tilt_jitter"": 0.0, ""topology"": ""shingle""}"
BL_FLAT_t050_p0550_a02_rand_s23,flat,0.05,5.5,2.0,random,23,d76,40.0,0.0015725374687463045,0.04999997094273567,"{""azimuth_jitter"": 180.0, ""azimuth_mode"": ""random"", ""backing"": 2.0, ""depth"": 50.0, ""face_h"": 60.0, ""face_w"": 60.0, ""jitter"": 0.3, ""margin_depths"": 2.0, ""pitch"": 5.5, ""plate_over"": 1.15, ""plate_t_bot"": 0.05, ""plate_t_top"": 0.05, ""seed"": 23, ""tilt_deg"": 2.0, ""tilt_jitter"": 0.0, ""topology"": ""shingle""}"
BL_FLAT_t050_p0550_a02_rand_s23,flat,0.05,5.5,2.0,random,23,d100,0.0,0.00040773191722109914,0.04999997094273567,"{""azimuth_jitter"": 180.0, ""azimuth_mode"": ""random"", ""backing"": 2.0, ""depth"": 50.0, ""face_h"": 60.0, ""face_w"": 60.0, ""jitter"": 0.3, ""margin_depths"": 2.0, ""pitch"": 5.5, ""plate_over"": 1.15, ""plate_t_bot"": 0.05, ""plate_t_top"": 0.05, ""seed"": 23, ""tilt_deg"": 2.0, ""tilt_jitter"": 0.0, ""topology"": ""shingle""}"
BL_FLAT_t050_p0550_a02_rand_s23,flat,0.05,5.5,2.0,random,23,d100,-20.0,0.0011334086302667856,0.04999997094273567,"{""azimuth_jitter"": 180.0, ""azimuth_mode"": ""random"", ""backing"": 2.0, ""depth"": 50.0, ""face_h"": 60.0, ""face_w"": 60.0, ""jitter"": 0.3, ""margin_depths"": 2.0, ""pitch"": 5.5, ""plate_over"": 1.15, ""plate_t_bot"": 0.05, ""plate_t_top"": 0.05, ""seed"": 23, ""tilt_deg"": 2.0, ""tilt_jitter"": 0.0, ""topology"": ""shingle""}"
BL_FLAT_t050_p0550_a02_rand_s23,flat,0.05,5.5,2.0,random,23,d100,-40.0,0.0019788348581641912,0.04999997094273567,"{""azimuth_jitter"": 180.0, ""azimuth_mode"": ""random"", ""backing"": 2.0, ""depth"": 50.0, ""face_h"": 60.0, ""face_w"": 60.0, ""jitter"": 0.3, ""margin_depths"": 2.0, ""pitch"": 5.5, ""plate_over"": 1.15, ""plate_t_bot"": 0.05, ""plate_t_top"": 0.05, ""seed"": 23, ""tilt_deg"": 2.0, ""tilt_jitter"": 0.0, ""topology"": ""shingle""}"
BL_FLAT_t050_p0550_a02_rand_s23,flat,0.05,5.5,2.0,random,23,d100,20.0,0.0011554795783013105,0.04999997094273567,"{""azimuth_jitter"": 180.0, ""azimuth_mode"": ""random"", ""backing"": 2.0, ""depth"": 50.0, ""face_h"": 60.0, ""face_w"": 60.0, ""jitter"": 0.3, ""margin_depths"": 2.0, ""pitch"": 5.5, ""plate_over"": 1.15, ""plate_t_bot"": 0.05, ""plate_t_top"": 0.05, ""seed"": 23, ""tilt_deg"": 2.0, ""tilt_jitter"": 0.0, ""topology"": ""shingle""}"
BL_FLAT_t050_p0550_a02_rand_s23,flat,0.05,5.5,2.0,random,23,d100,40.0,0.00198325770907104,0.04999997094273567,"{""azimuth_jitter"": 180.0, ""azimuth_mode"": ""random"", ""backing"": 2.0, ""depth"": 50.0, ""face_h"": 60.0, ""face_w"": 60.0, ""jitter"": 0.3, ""margin_depths"": 2.0, ""pitch"": 5.5, ""plate_over"": 1.15, ""plate_t_bot"": 0.05, ""plate_t_top"": 0.05, ""seed"": 23, ""tilt_deg"": 2.0, ""tilt_jitter"": 0.0, ""topology"": ""shingle""}"
BL_FLAT_t050_p0550_a02_grid_s23,flat,0.05,5.5,2.0,grid,23,d00,0.0,0.002079399535432458,0.04999997094273567,"{""azimuth_jitter"": 180.0, ""azimuth_mode"": ""grid"", ""backing"": 2.0, ""depth"": 50.0, ""face_h"": 60.0, ""face_w"": 60.0, ""jitter"": 0.3, ""margin_depths"": 2.0, ""pitch"": 5.5, ""plate_over"": 1.15, ""plate_t_bot"": 0.05, ""plate_t_top"": 0.05, ""seed"": 23, ""tilt_deg"": 2.0, ""tilt_jitter"": 0.0, ""topology"": ""shingle""}"
BL_FLAT_t050_p0550_a02_grid_s23,flat,0.05,5.5,2.0,grid,23,d00,-20.0,0.0004356894933152944,0.04999997094273567,"{""azimuth_jitter"": 180.0, ""azimuth_mode"": ""grid"", ""backing"": 2.0, ""depth"": 50.0, ""face_h"": 60.0, ""face_w"": 60.0, ""jitter"": 0.3, ""margin_depths"": 2.0, ""pitch"": 5.5, ""plate_over"": 1.15, ""plate_t_bot"": 0.05, ""plate_t_top"": 0.05, ""seed"": 23, ""tilt_deg"": 2.0, ""tilt_jitter"": 0.0, ""topology"": ""shingle""}"
BL_FLAT_t050_p0550_a02_grid_s23,flat,0.05,5.5,2.0,grid,23,d00,-40.0,0.0003549843095242977,0.04999997094273567,"{""azimuth_jitter"": 180.0, ""azimuth_mode"": ""grid"", ""backing"": 2.0, ""depth"": 50.0, ""face_h"": 60.0, ""face_w"": 60.0, ""jitter"": 0.3, ""margin_depths"": 2.0, ""pitch"": 5.5, ""plate_over"": 1.15, ""plate_t_bot"": 0.05, ""plate_t_top"": 0.05, ""seed"": 23, ""tilt_deg"": 2.0, ""tilt_jitter"": 0.0, ""topology"": ""shingle""}"
BL_FLAT_t050_p0550_a02_grid_s23,flat,0.05,5.5,2.0,grid,23,d00,20.0,0.00040207599522545934,0.04999997094273567,"{""azimuth_jitter"": 180.0, ""azimuth_mode"": ""grid"", ""backing"": 2.0, ""depth"": 50.0, ""face_h"": 60.0, ""face_w"": 60.0, ""jitter"": 0.3, ""margin_depths"": 2.0, ""pitch"": 5.5, ""plate_over"": 1.15, ""plate_t_bot"": 0.05, ""plate_t_top"": 0.05, ""seed"": 23, ""tilt_deg"": 2.0, ""tilt_jitter"": 0.0, ""topology"": ""shingle""}"
BL_FLAT_t050_p0550_a02_grid_s23,flat,0.05,5.5,2.0,grid,23,d00,40.0,0.0003516119031701237,0.04999997094273567,"{""azimuth_jitter"": 180.0, ""azimuth_mode"": ""grid"", ""backing"": 2.0, ""depth"": 50.0, ""face_h"": 60.0, ""face_w"": 60.0, ""jitter"": 0.3, ""margin_depths"": 2.0, ""pitch"": 5.5, ""plate_over"": 1.15, ""plate_t_bot"": 0.05, ""plate_t_top"": 0.05, ""seed"": 23, ""tilt_deg"": 2.0, ""tilt_jitter"": 0.0, ""topology"": ""shingle""}"
BL_FLAT_t050_p0550_a02_grid_s23,flat,0.05,5.5,2.0,grid,23,d76,0.0,0.0007408706587739289,0.04999997094273567,"{""azimuth_jitter"": 180.0, ""azimuth_mode"": ""grid"", ""backing"": 2.0, ""depth"": 50.0, ""face_h"": 60.0, ""face_w"": 60.0, ""jitter"": 0.3, ""margin_depths"": 2.0, ""pitch"": 5.5, ""plate_over"": 1.15, ""plate_t_bot"": 0.05, ""plate_t_top"": 0.05, ""seed"": 23, ""tilt_deg"": 2.0, ""tilt_jitter"": 0.0, ""topology"": ""shingle""}"
BL_FLAT_t050_p0550_a02_grid_s23,flat,0.05,5.5,2.0,grid,23,d76,-20.0,0.0007791711250320077,0.04999997094273567,"{""azimuth_jitter"": 180.0, ""azimuth_mode"": ""grid"", ""backing"": 2.0, ""depth"": 50.0, ""face_h"": 60.0, ""face_w"": 60.0, ""jitter"": 0.3, ""margin_depths"": 2.0, ""pitch"": 5.5, ""plate_over"": 1.15, ""plate_t_bot"": 0.05, ""plate_t_top"": 0.05, ""seed"": 23, ""tilt_deg"": 2.0, ""tilt_jitter"": 0.0, ""topology"": ""shingle""}"
BL_FLAT_t050_p0550_a02_grid_s23,flat,0.05,5.5,2.0,grid,23,d76,-40.0,0.0013283153530210257,0.04999997094273567,"{""azimuth_jitter"": 180.0, ""azimuth_mode"": ""grid"", ""backing"": 2.0, ""depth"": 50.0, ""face_h"": 60.0, ""face_w"": 60.0, ""jitter"": 0.3, ""margin_depths"": 2.0, ""pitch"": 5.5, ""plate_over"": 1.15, ""plate_t_bot"": 0.05, ""plate_t_top"": 0.05, ""seed"": 23, ""tilt_deg"": 2.0, ""tilt_jitter"": 0.0, ""topology"": ""shingle""}"
BL_FLAT_t050_p0550_a02_grid_s23,flat,0.05,5.5,2.0,grid,23,d76,20.0,0.0009141283226199448,0.04999997094273567,"{""azimuth_jitter"": 180.0, ""azimuth_mode"": ""grid"", ""backing"": 2.0, ""depth"": 50.0, ""face_h"": 60.0, ""face_w"": 60.0, ""jitter"": 0.3, ""margin_depths"": 2.0, ""pitch"": 5.5, ""plate_over"": 1.15, ""plate_t_bot"": 0.05, ""plate_t_top"": 0.05, ""seed"": 23, ""tilt_deg"": 2.0, ""tilt_jitter"": 0.0, ""topology"": ""shingle""}"
BL_FLAT_t050_p0550_a02_grid_s23,flat,0.05,5.5,2.0,grid,23,d76,40.0,0.0014876507921144366,0.04999997094273567,"{""azimuth_jitter"": 180.0, ""azimuth_mode"": ""grid"", ""backing"": 2.0, ""depth"": 50.0, ""face_h"": 60.0, ""face_w"": 60.0, ""jitter"": 0.3, ""margin_depths"": 2.0, ""pitch"": 5.5, ""plate_over"": 1.15, ""plate_t_bot"": 0.05, ""plate_t_top"": 0.05, ""seed"": 23, ""tilt_deg"": 2.0, ""tilt_jitter"": 0.0, ""topology"": ""shingle""}"
BL_FLAT_t050_p0550_a02_grid_s23,flat,0.05,5.5,2.0,grid,23,d100,0.0,0.00038242089794948697,0.04999997094273567,"{""azimuth_jitter"": 180.0, ""azimuth_mode"": ""grid"", ""backing"": 2.0, ""depth"": 50.0, ""face_h"": 60.0, ""face_w"": 60.0, ""jitter"": 0.3, ""margin_depths"": 2.0, ""pitch"": 5.5, ""plate_over"": 1.15, ""plate_t_bot"": 0.05, ""plate_t_top"": 0.05, ""seed"": 23, ""tilt_deg"": 2.0, ""tilt_jitter"": 0.0, ""topology"": ""shingle""}"
BL_FLAT_t050_p0550_a02_grid_s23,flat,0.05,5.5,2.0,grid,23,d100,-20.0,0.0009090953390114009,0.04999997094273567,"{""azimuth_jitter"": 180.0, ""azimuth_mode"": ""grid"", ""backing"": 2.0, ""depth"": 50.0, ""face_h"": 60.0, ""face_w"": 60.0, ""jitter"": 0.3, ""margin_depths"": 2.0, ""pitch"": 5.5, ""plate_over"": 1.15, ""plate_t_bot"": 0.05, ""plate_t_top"": 0.05, ""seed"": 23, ""tilt_deg"": 2.0, ""tilt_jitter"": 0.0, ""topology"": ""shingle""}"
BL_FLAT_t050_p0550_a02_grid_s23,flat,0.05,5.5,2.0,grid,23,d100,-40.0,0.001644139876589179,0.04999997094273567,"{""azimuth_jitter"": 180.0, ""azimuth_mode"": ""grid"", ""backing"": 2.0, ""depth"": 50.0, ""face_h"": 60.0, ""face_w"": 60.0, ""jitter"": 0.3, ""margin_depths"": 2.0, ""pitch"": 5.5, ""plate_over"": 1.15, ""plate_t_bot"": 0.05, ""plate_t_top"": 0.05, ""seed"": 23, ""tilt_deg"": 2.0, ""tilt_jitter"": 0.0, ""topology"": ""shingle""}"
BL_FLAT_t050_p0550_a02_grid_s23,flat,0.05,5.5,2.0,grid,23,d100,20.0,0.0010925126262009144,0.04999997094273567,"{""azimuth_jitter"": 180.0, ""azimuth_mode"": ""grid"", ""backing"": 2.0, ""depth"": 50.0, ""face_h"": 60.0, ""face_w"": 60.0, ""jitter"": 0.3, ""margin_depths"": 2.0, ""pitch"": 5.5, ""plate_over"": 1.15, ""plate_t_bot"": 0.05, ""plate_t_top"": 0.05, ""seed"": 23, ""tilt_deg"": 2.0, ""tilt_jitter"": 0.0, ""topology"": ""shingle""}"
BL_FLAT_t050_p0550_a02_grid_s23,flat,0.05,5.5,2.0,grid,23,d100,40.0,0.001857689581811428,0.04999997094273567,"{""azimuth_jitter"": 180.0, ""azimuth_mode"": ""grid"", ""backing"": 2.0, ""depth"": 50.0, ""face_h"": 60.0, ""face_w"": 60.0, ""jitter"": 0.3, ""margin_depths"": 2.0, ""pitch"": 5.5, ""plate_over"": 1.15, ""plate_t_bot"": 0.05, ""plate_t_top"": 0.05, ""seed"": 23, ""tilt_deg"": 2.0, ""tilt_jitter"": 0.0, ""topology"": ""shingle""}"
BL_FLAT_t050_p0550_a06_rand_s23,flat,0.05,5.5,6.0,random,23,d00,0.0,0.0012267788406461477,0.04999997094273567,"{""azimuth_jitter"": 180.0, ""azimuth_mode"": ""random"", ""backing"": 2.0, ""depth"": 50.0, ""face_h"": 60.0, ""face_w"": 60.0, ""jitter"": 0.3, ""margin_depths"": 2.0, ""pitch"": 5.5, ""plate_over"": 1.15, ""plate_t_bot"": 0.05, ""plate_t_top"": 0.05, ""seed"": 23, ""tilt_deg"": 6.0, ""tilt_jitter"": 0.0, ""topology"": ""shingle""}"
BL_FLAT_t050_p0550_a06_rand_s23,flat,0.05,5.5,6.0,random,23,d00,-20.0,0.00043069777893833816,0.04999997094273567,"{""azimuth_jitter"": 180.0, ""azimuth_mode"": ""random"", ""backing"": 2.0, ""depth"": 50.0, ""face_h"": 60.0, ""face_w"": 60.0, ""jitter"": 0.3, ""margin_depths"": 2.0, ""pitch"": 5.5, ""plate_over"": 1.15, ""plate_t_bot"": 0.05, ""plate_t_top"": 0.05, ""seed"": 23, ""tilt_deg"": 6.0, ""tilt_jitter"": 0.0, ""topology"": ""shingle""}"
BL_FLAT_t050_p0550_a06_rand_s23,flat,0.05,5.5,6.0,random,23,d00,-40.0,0.00034256192157045007,0.04999997094273567,"{""azimuth_jitter"": 180.0, ""azimuth_mode"": ""random"", ""backing"": 2.0, ""depth"": 50.0, ""face_h"": 60.0, ""face_w"": 60.0, ""jitter"": 0.3, ""margin_depths"": 2.0, ""pitch"": 5.5, ""plate_over"": 1.15, ""plate_t_bot"": 0.05, ""plate_t_top"": 0.05, ""seed"": 23, ""tilt_deg"": 6.0, ""tilt_jitter"": 0.0, ""topology"": ""shingle""}"
BL_FLAT_t050_p0550_a06_rand_s23,flat,0.05,5.5,6.0,random,23,d00,20.0,0.00040426349733024836,0.04999997094273567,"{""azimuth_jitter"": 180.0, ""azimuth_mode"": ""random"", ""backing"": 2.0, ""depth"": 50.0, ""face_h"": 60.0, ""face_w"": 60.0, ""jitter"": 0.3, ""margin_depths"": 2.0, ""pitch"": 5.5, ""plate_over"": 1.15, ""plate_t_bot"": 0.05, ""plate_t_top"": 0.05, ""seed"": 23, ""tilt_deg"": 6.0, ""tilt_jitter"": 0.0, ""topology"": ""shingle""}"
BL_FLAT_t050_p0550_a06_rand_s23,flat,0.05,5.5,6.0,random,23,d00,40.0,0.00030518672429025173,0.04999997094273567,"{""azimuth_jitter"": 180.0, ""azimuth_mode"": ""random"", ""backing"": 2.0, ""depth"": 50.0, ""face_h"": 60.0, ""face_w"": 60.0, ""jitter"": 0.3, ""margin_depths"": 2.0, ""pitch"": 5.5, ""plate_over"": 1.15, ""plate_t_bot"": 0.05, ""plate_t_top"": 0.05, ""seed"": 23, ""tilt_deg"": 6.0, ""tilt_jitter"": 0.0, ""topology"": ""shingle""}"
BL_FLAT_t050_p0550_a06_rand_s23,flat,0.05,5.5,6.0,random,23,d76,0.0,0.0008191834203898907,0.04999997094273567,"{""azimuth_jitter"": 180.0, ""azimuth_mode"": ""random"", ""backing"": 2.0, ""depth"": 50.0, ""face_h"": 60.0, ""face_w"": 60.0, ""jitter"": 0.3, ""margin_depths"": 2.0, ""pitch"": 5.5, ""plate_over"": 1.15, ""plate_t_bot"": 0.05, ""plate_t_top"": 0.05, ""seed"": 23, ""tilt_deg"": 6.0, ""tilt_jitter"": 0.0, ""topology"": ""shingle""}"
BL_FLAT_t050_p0550_a06_rand_s23,flat,0.05,5.5,6.0,random,23,d76,-20.0,0.0009736970532685518,0.04999997094273567,"{""azimuth_jitter"": 180.0, ""azimuth_mode"": ""random"", ""backing"": 2.0, ""depth"": 50.0, ""face_h"": 60.0, ""face_w"": 60.0, ""jitter"": 0.3, ""margin_depths"": 2.0, ""pitch"": 5.5, ""plate_over"": 1.15, ""plate_t_bot"": 0.05, ""plate_t_top"": 0.05, ""seed"": 23, ""tilt_deg"": 6.0, ""tilt_jitter"": 0.0, ""topology"": ""shingle""}"
BL_FLAT_t050_p0550_a06_rand_s23,flat,0.05,5.5,6.0,random,23,d76,-40.0,0.001580638810992241,0.04999997094273567,"{""azimuth_jitter"": 180.0, ""azimuth_mode"": ""random"", ""backing"": 2.0, ""depth"": 50.0, ""face_h"": 60.0, ""face_w"": 60.0, ""jitter"": 0.3, ""margin_depths"": 2.0, ""pitch"": 5.5, ""plate_over"": 1.15, ""plate_t_bot"": 0.05, ""plate_t_top"": 0.05, ""seed"": 23, ""tilt_deg"": 6.0, ""tilt_jitter"": 0.0, ""topology"": ""shingle""}"
BL_FLAT_t050_p0550_a06_rand_s23,flat,0.05,5.5,6.0,random,23,d76,20.0,0.0010494057787582278,0.04999997094273567,"{""azimuth_jitter"": 180.0, ""azimuth_mode"": ""random"", ""backing"": 2.0, ""depth"": 50.0, ""face_h"": 60.0, ""face_w"": 60.0, ""jitter"": 0.3, ""margin_depths"": 2.0, ""pitch"": 5.5, ""plate_over"": 1.15, ""plate_t_bot"": 0.05, ""plate_t_top"": 0.05, ""seed"": 23, ""tilt_deg"": 6.0, ""tilt_jitter"": 0.0, ""topology"": ""shingle""}"
BL_FLAT_t050_p0550_a06_rand_s23,flat,0.05,5.5,6.0,random,23,d76,40.0,0.0016265828162431717,0.04999997094273567,"{""azimuth_jitter"": 180.0, ""azimuth_mode"": ""random"", ""backing"": 2.0, ""depth"": 50.0, ""face_h"": 60.0, ""face_w"": 60.0, ""jitter"": 0.3, ""margin_depths"": 2.0, ""pitch"": 5.5, ""plate_over"": 1.15, ""plate_t_bot"": 0.05, ""plate_t_top"": 0.05, ""seed"": 23, ""tilt_deg"": 6.0, ""tilt_jitter"": 0.0, ""topology"": ""shingle""}"
BL_FLAT_t050_p0550_a06_rand_s23,flat,0.05,5.5,6.0,random,23,d100,0.0,0.0007162839756347239,0.04999997094273567,"{""azimuth_jitter"": 180.0, ""azimuth_mode"": ""random"", ""backing"": 2.0, ""depth"": 50.0, ""face_h"": 60.0, ""face_w"": 60.0, ""jitter"": 0.3, ""margin_depths"": 2.0, ""pitch"": 5.5, ""plate_over"": 1.15, ""plate_t_bot"": 0.05, ""plate_t_top"": 0.05, ""seed"": 23, ""tilt_deg"": 6.0, ""tilt_jitter"": 0.0, ""topology"": ""shingle""}"
BL_FLAT_t050_p0550_a06_rand_s23,flat,0.05,5.5,6.0,random,23,d100,-20.0,0.0011601391015574336,0.04999997094273567,"{""azimuth_jitter"": 180.0, ""azimuth_mode"": ""random"", ""backing"": 2.0, ""depth"": 50.0, ""face_h"": 60.0, ""face_w"": 60.0, ""jitter"": 0.3, ""margin_depths"": 2.0, ""pitch"": 5.5, ""plate_over"": 1.15, ""plate_t_bot"": 0.05, ""plate_t_top"": 0.05, ""seed"": 23, ""tilt_deg"": 6.0, ""tilt_jitter"": 0.0, ""topology"": ""shingle""}"
BL_FLAT_t050_p0550_a06_rand_s23,flat,0.05,5.5,6.0,random,23,d100,-40.0,0.001992925303056836,0.04999997094273567,"{""azimuth_jitter"": 180.0, ""azimuth_mode"": ""random"", ""backing"": 2.0, ""depth"": 50.0, ""face_h"": 60.0, ""face_w"": 60.0, ""jitter"": 0.3, ""margin_depths"": 2.0, ""pitch"": 5.5, ""plate_over"": 1.15, ""plate_t_bot"": 0.05, ""plate_t_top"": 0.05, ""seed"": 23, ""tilt_deg"": 6.0, ""tilt_jitter"": 0.0, ""topology"": ""shingle""}"
BL_FLAT_t050_p0550_a06_rand_s23,flat,0.05,5.5,6.0,random,23,d100,20.0,0.001271687913686037,0.04999997094273567,"{""azimuth_jitter"": 180.0, ""azimuth_mode"": ""random"", ""backing"": 2.0, ""depth"": 50.0, ""face_h"": 60.0, ""face_w"": 60.0, ""jitter"": 0.3, ""margin_depths"": 2.0, ""pitch"": 5.5, ""plate_over"": 1.15, ""plate_t_bot"": 0.05, ""plate_t_top"": 0.05, ""seed"": 23, ""tilt_deg"": 6.0, ""tilt_jitter"": 0.0, ""topology"": ""shingle""}"
BL_FLAT_t050_p0550_a06_rand_s23,flat,0.05,5.5,6.0,random,23,d100,40.0,0.0020637765992432833,0.04999997094273567,"{""azimuth_jitter"": 180.0, ""azimuth_mode"": ""random"", ""backing"": 2.0, ""depth"": 50.0, ""face_h"": 60.0, ""face_w"": 60.0, ""jitter"": 0.3, ""margin_depths"": 2.0, ""pitch"": 5.5, ""plate_over"": 1.15, ""plate_t_bot"": 0.05, ""plate_t_top"": 0.05, ""seed"": 23, ""tilt_deg"": 6.0, ""tilt_jitter"": 0.0, ""topology"": ""shingle""}"
BL_FLAT_t050_p0550_a06_grid_s23,flat,0.05,5.5,6.0,grid,23,d00,0.0,0.0009616552852094173,0.04999997094273567,"{""azimuth_jitter"": 180.0, ""azimuth_mode"": ""grid"", ""backing"": 2.0, ""depth"": 50.0, ""face_h"": 60.0, ""face_w"": 60.0, ""jitter"": 0.3, ""margin_depths"": 2.0, ""pitch"": 5.5, ""plate_over"": 1.15, ""plate_t_bot"": 0.05, ""plate_t_top"": 0.05, ""seed"": 23, ""tilt_deg"": 6.0, ""tilt_jitter"": 0.0, ""topology"": ""shingle""}"
BL_FLAT_t050_p0550_a06_grid_s23,flat,0.05,5.5,6.0,grid,23,d00,-20.0,0.0005108219338580966,0.04999997094273567,"{""azimuth_jitter"": 180.0, ""azimuth_mode"": ""grid"", ""backing"": 2.0, ""depth"": 50.0, ""face_h"": 60.0, ""face_w"": 60.0, ""jitter"": 0.3, ""margin_depths"": 2.0, ""pitch"": 5.5, ""plate_over"": 1.15, ""plate_t_bot"": 0.05, ""plate_t_top"": 0.05, ""seed"": 23, ""tilt_deg"": 6.0, ""tilt_jitter"": 0.0, ""topology"": ""shingle""}"
BL_FLAT_t050_p0550_a06_grid_s23,flat,0.05,5.5,6.0,grid,23,d00,-40.0,0.00045142584713175893,0.04999997094273567,"{""azimuth_jitter"": 180.0, ""azimuth_mode"": ""grid"", ""backing"": 2.0, ""depth"": 50.0, ""face_h"": 60.0, ""face_w"": 60.0, ""jitter"": 0.3, ""margin_depths"": 2.0, ""pitch"": 5.5, ""plate_over"": 1.15, ""plate_t_bot"": 0.05, ""plate_t_top"": 0.05, ""seed"": 23, ""tilt_deg"": 6.0, ""tilt_jitter"": 0.0, ""topology"": ""shingle""}"
BL_FLAT_t050_p0550_a06_grid_s23,flat,0.05,5.5,6.0,grid,23,d00,20.0,0.0004378824378363788,0.04999997094273567,"{""azimuth_jitter"": 180.0, ""azimuth_mode"": ""grid"", ""backing"": 2.0, ""depth"": 50.0, ""face_h"": 60.0, ""face_w"": 60.0, ""jitter"": 0.3, ""margin_depths"": 2.0, ""pitch"": 5.5, ""plate_over"": 1.15, ""plate_t_bot"": 0.05, ""plate_t_top"": 0.05, ""seed"": 23, ""tilt_deg"": 6.0, ""tilt_jitter"": 0.0, ""topology"": ""shingle""}"
BL_FLAT_t050_p0550_a06_grid_s23,flat,0.05,5.5,6.0,grid,23,d00,40.0,0.00046420362195931375,0.04999997094273567,"{""azimuth_jitter"": 180.0, ""azimuth_mode"": ""grid"", ""backing"": 2.0, ""depth"": 50.0, ""face_h"": 60.0, ""face_w"": 60.0, ""jitter"": 0.3, ""margin_depths"": 2.0, ""pitch"": 5.5, ""plate_over"": 1.15, ""plate_t_bot"": 0.05, ""plate_t_top"": 0.05, ""seed"": 23, ""tilt_deg"": 6.0, ""tilt_jitter"": 0.0, ""topology"": ""shingle""}"
BL_FLAT_t050_p0550_a06_grid_s23,flat,0.05,5.5,6.0,grid,23,d76,0.0,0.0007205771398730576,0.04999997094273567,"{""azimuth_jitter"": 180.0, ""azimuth_mode"": ""grid"", ""backing"": 2.0, ""depth"": 50.0, ""face_h"": 60.0, ""face_w"": 60.0, ""jitter"": 0.3, ""margin_depths"": 2.0, ""pitch"": 5.5, ""plate_over"": 1.15, ""plate_t_bot"": 0.05, ""plate_t_top"": 0.05, ""seed"": 23, ""tilt_deg"": 6.0, ""tilt_jitter"": 0.0, ""topology"": ""shingle""}"
BL_FLAT_t050_p0550_a06_grid_s23,flat,0.05,5.5,6.0,grid,23,d76,-20.0,0.0007811621180735528,0.04999997094273567,"{""azimuth_jitter"": 180.0, ""azimuth_mode"": ""grid"", ""backing"": 2.0, ""depth"": 50.0, ""face_h"": 60.0, ""face_w"": 60.0, ""jitter"": 0.3, ""margin_depths"": 2.0, ""pitch"": 5.5, ""plate_over"": 1.15, ""plate_t_bot"": 0.05, ""plate_t_top"": 0.05, ""seed"": 23, ""tilt_deg"": 6.0, ""tilt_jitter"": 0.0, ""topology"": ""shingle""}"
BL_FLAT_t050_p0550_a06_grid_s23,flat,0.05,5.5,6.0,grid,23,d76,-40.0,0.0012880595168098807,0.04999997094273567,"{""azimuth_jitter"": 180.0, ""azimuth_mode"": ""grid"", ""backing"": 2.0, ""depth"": 50.0, ""face_h"": 60.0, ""face_w"": 60.0, ""jitter"": 0.3, ""margin_depths"": 2.0, ""pitch"": 5.5, ""plate_over"": 1.15, ""plate_t_bot"": 0.05, ""plate_t_top"": 0.05, ""seed"": 23, ""tilt_deg"": 6.0, ""tilt_jitter"": 0.0, ""topology"": ""shingle""}"
BL_FLAT_t050_p0550_a06_grid_s23,flat,0.05,5.5,6.0,grid,23,d76,20.0,0.001187406131066382,0.04999997094273567,"{""azimuth_jitter"": 180.0, ""azimuth_mode"": ""grid"", ""backing"": 2.0, ""depth"": 50.0, ""face_h"": 60.0, ""face_w"": 60.0, ""jitter"": 0.3, ""margin_depths"": 2.0, ""pitch"": 5.5, ""plate_over"": 1.15, ""plate_t_bot"": 0.05, ""plate_t_top"": 0.05, ""seed"": 23, ""tilt_deg"": 6.0, ""tilt_jitter"": 0.0, ""topology"": ""shingle""}"
BL_FLAT_t050_p0550_a06_grid_s23,flat,0.05,5.5,6.0,grid,23,d76,40.0,0.0017581736901775002,0.04999997094273567,"{""azimuth_jitter"": 180.0, ""azimuth_mode"": ""grid"", ""backing"": 2.0, ""depth"": 50.0, ""face_h"": 60.0, ""face_w"": 60.0, ""jitter"": 0.3, ""margin_depths"": 2.0, ""pitch"": 5.5, ""plate_over"": 1.15, ""plate_t_bot"": 0.05, ""plate_t_top"": 0.05, ""seed"": 23, ""tilt_deg"": 6.0, ""tilt_jitter"": 0.0, ""topology"": ""shingle""}"
BL_FLAT_t050_p0550_a06_grid_s23,flat,0.05,5.5,6.0,grid,23,d100,0.0,0.0006889801588840783,0.04999997094273567,"{""azimuth_jitter"": 180.0, ""azimuth_mode"": ""grid"", ""backing"": 2.0, ""depth"": 50.0, ""face_h"": 60.0, ""face_w"": 60.0, ""jitter"": 0.3, ""margin_depths"": 2.0, ""pitch"": 5.5, ""plate_over"": 1.15, ""plate_t_bot"": 0.05, ""plate_t_top"": 0.05, ""seed"": 23, ""tilt_deg"": 6.0, ""tilt_jitter"": 0.0, ""topology"": ""shingle""}"
BL_FLAT_t050_p0550_a06_grid_s23,flat,0.05,5.5,6.0,grid,23,d100,-20.0,0.0008983168518170714,0.04999997094273567,"{""azimuth_jitter"": 180.0, ""azimuth_mode"": ""grid"", ""backing"": 2.0, ""depth"": 50.0, ""face_h"": 60.0, ""face_w"": 60.0, ""jitter"": 0.3, ""margin_depths"": 2.0, ""pitch"": 5.5, ""plate_over"": 1.15, ""plate_t_bot"": 0.05, ""plate_t_top"": 0.05, ""seed"": 23, ""tilt_deg"": 6.0, ""tilt_jitter"": 0.0, ""topology"": ""shingle""}"
BL_FLAT_t050_p0550_a06_grid_s23,flat,0.05,5.5,6.0,grid,23,d100,-40.0,0.001562581048347056,0.04999997094273567,"{""azimuth_jitter"": 180.0, ""azimuth_mode"": ""grid"", ""backing"": 2.0, ""depth"": 50.0, ""face_h"": 60.0, ""face_w"": 60.0, ""jitter"": 0.3, ""margin_depths"": 2.0, ""pitch"": 5.5, ""plate_over"": 1.15, ""plate_t_bot"": 0.05, ""plate_t_top"": 0.05, ""seed"": 23, ""tilt_deg"": 6.0, ""tilt_jitter"": 0.0, ""topology"": ""shingle""}"
BL_FLAT_t050_p0550_a06_grid_s23,flat,0.05,5.5,6.0,grid,23,d100,20.0,0.001446047332137823,0.04999997094273567,"{""azimuth_jitter"": 180.0, ""azimuth_mode"": ""grid"", ""backing"": 2.0, ""depth"": 50.0, ""face_h"": 60.0, ""face_w"": 60.0, ""jitter"": 0.3, ""margin_depths"": 2.0, ""pitch"": 5.5, ""plate_over"": 1.15, ""plate_t_bot"": 0.05, ""plate_t_top"": 0.05, ""seed"": 23, ""tilt_deg"": 6.0, ""tilt_jitter"": 0.0, ""topology"": ""shingle""}"
BL_FLAT_t050_p0550_a06_grid_s23,flat,0.05,5.5,6.0,grid,23,d100,40.0,0.0021805677097290754,0.04999997094273567,"{""azimuth_jitter"": 180.0, ""azimuth_mode"": ""grid"", ""backing"": 2.0, ""depth"": 50.0, ""face_h"": 60.0, ""face_w"": 60.0, ""jitter"": 0.3, ""margin_depths"": 2.0, ""pitch"": 5.5, ""plate_over"": 1.15, ""plate_t_bot"": 0.05, ""plate_t_top"": 0.05, ""seed"": 23, ""tilt_deg"": 6.0, ""tilt_jitter"": 0.0, ""topology"": ""shingle""}"
BL_FLAT_t050_p0750_a02_rand_s23,flat,0.05,7.5,2.0,random,23,d00,0.0,0.0028435648418962955,0.04999997094273567,"{""azimuth_jitter"": 180.0, ""azimuth_mode"": ""random"", ""backing"": 2.0, ""depth"": 50.0, ""face_h"": 60.0, ""face_w"": 60.0, ""jitter"": 0.3, ""margin_depths"": 2.0, ""pitch"": 7.5, ""plate_over"": 1.15, ""plate_t_bot"": 0.05, ""plate_t_top"": 0.05, ""seed"": 23, ""tilt_deg"": 2.0, ""tilt_jitter"": 0.0, ""topology"": ""shingle""}"
BL_FLAT_t050_p0750_a02_rand_s23,flat,0.05,7.5,2.0,random,23,d00,-20.0,0.0003469154762569815,0.04999997094273567,"{""azimuth_jitter"": 180.0, ""azimuth_mode"": ""random"", ""backing"": 2.0, ""depth"": 50.0, ""face_h"": 60.0, ""face_w"": 60.0, ""jitter"": 0.3, ""margin_depths"": 2.0, ""pitch"": 7.5, ""plate_over"": 1.15, ""plate_t_bot"": 0.05, ""plate_t_top"": 0.05, ""seed"": 23, ""tilt_deg"": 2.0, ""tilt_jitter"": 0.0, ""topology"": ""shingle""}"
BL_FLAT_t050_p0750_a02_rand_s23,flat,0.05,7.5,2.0,random,23,d00,-40.0,0.0002661032776813954,0.04999997094273567,"{""azimuth_jitter"": 180.0, ""azimuth_mode"": ""random"", ""backing"": 2.0, ""depth"": 50.0, ""face_h"": 60.0, ""face_w"": 60.0, ""jitter"": 0.3, ""margin_depths"": 2.0, ""pitch"": 7.5, ""plate_over"": 1.15, ""plate_t_bot"": 0.05, ""plate_t_top"": 0.05, ""seed"": 23, ""tilt_deg"": 2.0, ""tilt_jitter"": 0.0, ""topology"": ""shingle""}"
BL_FLAT_t050_p0750_a02_rand_s23,flat,0.05,7.5,2.0,random,23,d00,20.0,0.0003818273835349828,0.04999997094273567,"{""azimuth_jitter"": 180.0, ""azimuth_mode"": ""random"", ""backing"": 2.0, ""depth"": 50.0, ""face_h"": 60.0, ""face_w"": 60.0, ""jitter"": 0.3, ""margin_depths"": 2.0, ""pitch"": 7.5, ""plate_over"": 1.15, ""plate_t_bot"": 0.05, ""plate_t_top"": 0.05, ""seed"": 23, ""tilt_deg"": 2.0, ""tilt_jitter"": 0.0, ""topology"": ""shingle""}"
BL_FLAT_t050_p0750_a02_rand_s23,flat,0.05,7.5,2.0,random,23,d00,40.0,0.0002669441164471209,0.04999997094273567,"{""azimuth_jitter"": 180.0, ""azimuth_mode"": ""random"", ""backing"": 2.0, ""depth"": 50.0, ""face_h"": 60.0, ""face_w"": 60.0, ""jitter"": 0.3, ""margin_depths"": 2.0, ""pitch"": 7.5, ""plate_over"": 1.15, ""plate_t_bot"": 0.05, ""plate_t_top"": 0.05, ""seed"": 23, ""tilt_deg"": 2.0, ""tilt_jitter"": 0.0, ""topology"": ""shingle""}"
BL_FLAT_t050_p0750_a02_rand_s23,flat,0.05,7.5,2.0,random,23,d76,0.0,0.000965141982305795,0.04999997094273567,"{""azimuth_jitter"": 180.0, ""azimuth_mode"": ""random"", ""backing"": 2.0, ""depth"": 50.0, ""face_h"": 60.0, ""face_w"": 60.0, ""jitter"": 0.3, ""margin_depths"": 2.0, ""pitch"": 7.5, ""plate_over"": 1.15, ""plate_t_bot"": 0.05, ""plate_t_top"": 0.05, ""seed"": 23, ""tilt_deg"": 2.0, ""tilt_jitter"": 0.0, ""topology"": ""shingle""}"
BL_FLAT_t050_p0750_a02_rand_s23,flat,0.05,7.5,2.0,random,23,d76,-20.0,0.0009596108575351536,0.04999997094273567,"{""azimuth_jitter"": 180.0, ""azimuth_mode"": ""random"", ""backing"": 2.0, ""depth"": 50.0, ""face_h"": 60.0, ""face_w"": 60.0, ""jitter"": 0.3, ""margin_depths"": 2.0, ""pitch"": 7.5, ""plate_over"": 1.15, ""plate_t_bot"": 0.05, ""plate_t_top"": 0.05, ""seed"": 23, ""tilt_deg"": 2.0, ""tilt_jitter"": 0.0, ""topology"": ""shingle""}"
BL_FLAT_t050_p0750_a02_rand_s23,flat,0.05,7.5,2.0,random,23,d76,-40.0,0.0016156603815034032,0.04999997094273567,"{""azimuth_jitter"": 180.0, ""azimuth_mode"": ""random"", ""backing"": 2.0, ""depth"": 50.0, ""face_h"": 60.0, ""face_w"": 60.0, ""jitter"": 0.3, ""margin_depths"": 2.0, ""pitch"": 7.5, ""plate_over"": 1.15, ""plate_t_bot"": 0.05, ""plate_t_top"": 0.05, ""seed"": 23, ""tilt_deg"": 2.0, ""tilt_jitter"": 0.0, ""topology"": ""shingle""}"
BL_FLAT_t050_p0750_a02_rand_s23,flat,0.05,7.5,2.0,random,23,d76,20.0,0.0009343217825517058,0.04999997094273567,"{""azimuth_jitter"": 180.0, ""azimuth_mode"": ""random"", ""backing"": 2.0, ""depth"": 50.0, ""face_h"": 60.0, ""face_w"": 60.0, ""jitter"": 0.3, ""margin_depths"": 2.0, ""pitch"": 7.5, ""plate_over"": 1.15, ""plate_t_bot"": 0.05, ""plate_t_top"": 0.05, ""seed"": 23, ""tilt_deg"": 2.0, ""tilt_jitter"": 0.0, ""topology"": ""shingle""}"
BL_FLAT_t050_p0750_a02_rand_s23,flat,0.05,7.5,2.0,random,23,d76,40.0,0.0015907750930637121,0.04999997094273567,"{""azimuth_jitter"": 180.0, ""azimuth_mode"": ""random"", ""backing"": 2.0, ""depth"": 50.0, ""face_h"": 60.0, ""face_w"": 60.0, ""jitter"": 0.3, ""margin_depths"": 2.0, ""pitch"": 7.5, ""plate_over"": 1.15, ""plate_t_bot"": 0.05, ""plate_t_top"": 0.05, ""seed"": 23, ""tilt_deg"": 2.0, ""tilt_jitter"": 0.0, ""topology"": ""shingle""}"
BL_FLAT_t050_p0750_a02_rand_s23,flat,0.05,7.5,2.0,random,23,d100,0.0,0.0004334204422775656,0.04999997094273567,"{""azimuth_jitter"": 180.0, ""azimuth_mode"": ""random"", ""backing"": 2.0, ""depth"": 50.0, ""face_h"": 60.0, ""face_w"": 60.0, ""jitter"": 0.3, ""margin_depths"": 2.0, ""pitch"": 7.5, ""plate_over"": 1.15, ""plate_t_bot"": 0.05, ""plate_t_top"": 0.05, ""seed"": 23, ""tilt_deg"": 2.0, ""tilt_jitter"": 0.0, ""topology"": ""shingle""}"
BL_FLAT_t050_p0750_a02_rand_s23,flat,0.05,7.5,2.0,random,23,d100,-20.0,0.0011721691116690636,0.04999997094273567,"{""azimuth_jitter"": 180.0, ""azimuth_mode"": ""random"", ""backing"": 2.0, ""depth"": 50.0, ""face_h"": 60.0, ""face_w"": 60.0, ""jitter"": 0.3, ""margin_depths"": 2.0, ""pitch"": 7.5, ""plate_over"": 1.15, ""plate_t_bot"": 0.05, ""plate_t_top"": 0.05, ""seed"": 23, ""tilt_deg"": 2.0, ""tilt_jitter"": 0.0, ""topology"": ""shingle""}"
BL_FLAT_t050_p0750_a02_rand_s23,flat,0.05,7.5,2.0,random,23,d100,-40.0,0.0020489266607910395,0.04999997094273567,"{""azimuth_jitter"": 180.0, ""azimuth_mode"": ""random"", ""backing"": 2.0, ""depth"": 50.0, ""face_h"": 60.0, ""face_w"": 60.0, ""jitter"": 0.3, ""margin_depths"": 2.0, ""pitch"": 7.5, ""plate_over"": 1.15, ""plate_t_bot"": 0.05, ""plate_t_top"": 0.05, ""seed"": 23, ""tilt_deg"": 2.0, ""tilt_jitter"": 0.0, ""topology"": ""shingle""}"
BL_FLAT_t050_p0750_a02_rand_s23,flat,0.05,7.5,2.0,random,23,d100,20.0,0.0011233292752876878,0.04999997094273567,"{""azimuth_jitter"": 180.0, ""azimuth_mode"": ""random"", ""backing"": 2.0, ""depth"": 50.0, ""face_h"": 60.0, ""face_w"": 60.0, ""jitter"": 0.3, ""margin_depths"": 2.0, ""pitch"": 7.5, ""plate_over"": 1.15, ""plate_t_bot"": 0.05, ""plate_t_top"": 0.05, ""seed"": 23, ""tilt_deg"": 2.0, ""tilt_jitter"": 0.0, ""topology"": ""shingle""}"
BL_FLAT_t050_p0750_a02_rand_s23,flat,0.05,7.5,2.0,random,23,d100,40.0,0.0020306615624576807,0.04999997094273567,"{""azimuth_jitter"": 180.0, ""azimuth_mode"": ""random"", ""backing"": 2.0, ""depth"": 50.0, ""face_h"": 60.0, ""face_w"": 60.0, ""jitter"": 0.3, ""margin_depths"": 2.0, ""pitch"": 7.5, ""plate_over"": 1.15, ""plate_t_bot"": 0.05, ""plate_t_top"": 0.05, ""seed"": 23, ""tilt_deg"": 2.0, ""tilt_jitter"": 0.0, ""topology"": ""shingle""}"
BL_FLAT_t050_p0750_a02_grid_s23,flat,0.05,7.5,2.0,grid,23,d00,0.0,0.0030213440768420696,0.04999997094273567,"{""azimuth_jitter"": 180.0, ""azimuth_mode"": ""grid"", ""backing"": 2.0, ""depth"": 50.0, ""face_h"": 60.0, ""face_w"": 60.0, ""jitter"": 0.3, ""margin_depths"": 2.0, ""pitch"": 7.5, ""plate_over"": 1.15, ""plate_t_bot"": 0.05, ""plate_t_top"": 0.05, ""seed"": 23, ""tilt_deg"": 2.0, ""tilt_jitter"": 0.0, ""topology"": ""shingle""}"
BL_FLAT_t050_p0750_a02_grid_s23,flat,0.05,7.5,2.0,grid,23,d00,-20.0,0.000520777131896466,0.04999997094273567,"{""azimuth_jitter"": 180.0, ""azimuth_mode"": ""grid"", ""backing"": 2.0, ""depth"": 50.0, ""face_h"": 60.0, ""face_w"": 60.0, ""jitter"": 0.3, ""margin_depths"": 2.0, ""pitch"": 7.5, ""plate_over"": 1.15, ""plate_t_bot"": 0.05, ""plate_t_top"": 0.05, ""seed"": 23, ""tilt_deg"": 2.0, ""tilt_jitter"": 0.0, ""topology"": ""shingle""}"
BL_FLAT_t050_p0750_a02_grid_s23,flat,0.05,7.5,2.0,grid,23,d00,-40.0,0.00025314741651527584,0.04999997094273567,"{""azimuth_jitter"": 180.0, ""azimuth_mode"": ""grid"", ""backing"": 2.0, ""depth"": 50.0, ""face_h"": 60.0, ""face_w"": 60.0, ""jitter"": 0.3, ""margin_depths"": 2.0, ""pitch"": 7.5, ""plate_over"": 1.15, ""plate_t_bot"": 0.05, ""plate_t_top"": 0.05, ""seed"": 23, ""tilt_deg"": 2.0, ""tilt_jitter"": 0.0, ""topology"": ""shingle""}"
BL_FLAT_t050_p0750_a02_grid_s23,flat,0.05,7.5,2.0,grid,23,d00,20.0,0.0003527760854922235,0.04999997094273567,"{""azimuth_jitter"": 180.0, ""azimuth_mode"": ""grid"", ""backing"": 2.0, ""depth"": 50.0, ""face_h"": 60.0, ""face_w"": 60.0, ""jitter"": 0.3, ""margin_depths"": 2.0, ""pitch"": 7.5, ""plate_over"": 1.15, ""plate_t_bot"": 0.05, ""plate_t_top"": 0.05, ""seed"": 23, ""tilt_deg"": 2.0, ""tilt_jitter"": 0.0, ""topology"": ""shingle""}"
BL_FLAT_t050_p0750_a02_grid_s23,flat,0.05,7.5,2.0,grid,23,d00,40.0,0.0002471895713824779,0.04999997094273567,"{""azimuth_jitter"": 180.0, ""azimuth_mode"": ""grid"", ""backing"": 2.0, ""depth"": 50.0, ""face_h"": 60.0, ""face_w"": 60.0, ""jitter"": 0.3, ""margin_depths"": 2.0, ""pitch"": 7.5, ""plate_over"": 1.15, ""plate_t_bot"": 0.05, ""plate_t_top"": 0.05, ""seed"": 23, ""tilt_deg"": 2.0, ""tilt_jitter"": 0.0, ""topology"": ""shingle""}"
BL_FLAT_t050_p0750_a02_grid_s23,flat,0.05,7.5,2.0,grid,23,d76,0.0,0.0010514967143535614,0.04999997094273567,"{""azimuth_jitter"": 180.0, ""azimuth_mode"": ""grid"", ""backing"": 2.0, ""depth"": 50.0, ""face_h"": 60.0, ""face_w"": 60.0, ""jitter"": 0.3, ""margin_depths"": 2.0, ""pitch"": 7.5, ""plate_over"": 1.15, ""plate_t_bot"": 0.05, ""plate_t_top"": 0.05, ""seed"": 23, ""tilt_deg"": 2.0, ""tilt_jitter"": 0.0, ""topology"": ""shingle""}"
BL_FLAT_t050_p0750_a02_grid_s23,flat,0.05,7.5,2.0,grid,23,d76,-20.0,0.001042835763655603,0.04999997094273567,"{""azimuth_jitter"": 180.0, ""azimuth_mode"": ""grid"", ""backing"": 2.0, ""depth"": 50.0, ""face_h"": 60.0, ""face_w"": 60.0, ""jitter"": 0.3, ""margin_depths"": 2.0, ""pitch"": 7.5, ""plate_over"": 1.15, ""plate_t_bot"": 0.05, ""plate_t_top"": 0.05, ""seed"": 23, ""tilt_deg"": 2.0, ""tilt_jitter"": 0.0, ""topology"": ""shingle""}"
BL_FLAT_t050_p0750_a02_grid_s23,flat,0.05,7.5,2.0,grid,23,d76,-40.0,0.0016828385414555669,0.04999997094273567,"{""azimuth_jitter"": 180.0, ""azimuth_mode"": ""grid"", ""backing"": 2.0, ""depth"": 50.0, ""face_h"": 60.0, ""face_w"": 60.0, ""jitter"": 0.3, ""margin_depths"": 2.0, ""pitch"": 7.5, ""plate_over"": 1.15, ""plate_t_bot"": 0.05, ""plate_t_top"": 0.05, ""seed"": 23, ""tilt_deg"": 2.0, ""tilt_jitter"": 0.0, ""topology"": ""shingle""}"
BL_FLAT_t050_p0750_a02_grid_s23,flat,0.05,7.5,2.0,grid,23,d76,20.0,0.0010563962860032916,0.04999997094273567,"{""azimuth_jitter"": 180.0, ""azimuth_mode"": ""grid"", ""backing"": 2.0, ""depth"": 50.0, ""face_h"": 60.0, ""face_w"": 60.0, ""jitter"": 0.3, ""margin_depths"": 2.0, ""pitch"": 7.5, ""plate_over"": 1.15, ""plate_t_bot"": 0.05, ""plate_t_top"": 0.05, ""seed"": 23, ""tilt_deg"": 2.0, ""tilt_jitter"": 0.0, ""topology"": ""shingle""}"
BL_FLAT_t050_p0750_a02_grid_s23,flat,0.05,7.5,2.0,grid,23,d76,40.0,0.0017064863350242376,0.04999997094273567,"{""azimuth_jitter"": 180.0, ""azimuth_mode"": ""grid"", ""backing"": 2.0, ""depth"": 50.0, ""face_h"": 60.0, ""face_w"": 60.0, ""jitter"": 0.3, ""margin_depths"": 2.0, ""pitch"": 7.5, ""plate_over"": 1.15, ""plate_t_bot"": 0.05, ""plate_t_top"": 0.05, ""seed"": 23, ""tilt_deg"": 2.0, ""tilt_jitter"": 0.0, ""topology"": ""shingle""}"
BL_FLAT_t050_p0750_a02_grid_s23,flat,0.05,7.5,2.0,grid,23,d100,0.0,0.0004937705234624445,0.04999997094273567,"{""azimuth_jitter"": 180.0, ""azimuth_mode"": ""grid"", ""backing"": 2.0, ""depth"": 50.0, ""face_h"": 60.0, ""face_w"": 60.0, ""jitter"": 0.3, ""margin_depths"": 2.0, ""pitch"": 7.5, ""plate_over"": 1.15, ""plate_t_bot"": 0.05, ""plate_t_top"": 0.05, ""seed"": 23, ""tilt_deg"": 2.0, ""tilt_jitter"": 0.0, ""topology"": ""shingle""}"
BL_FLAT_t050_p0750_a02_grid_s23,flat,0.05,7.5,2.0,grid,23,d100,-20.0,0.0012213339796289802,0.04999997094273567,"{""azimuth_jitter"": 180.0, ""azimuth_mode"": ""grid"", ""backing"": 2.0, ""depth"": 50.0, ""face_h"": 60.0, ""face_w"": 60.0, ""jitter"": 0.3, ""margin_depths"": 2.0, ""pitch"": 7.5, ""plate_over"": 1.15, ""plate_t_bot"": 0.05, ""plate_t_top"": 0.05, ""seed"": 23, ""tilt_deg"": 2.0, ""tilt_jitter"": 0.0, ""topology"": ""shingle""}"
BL_FLAT_t050_p0750_a02_grid_s23,flat,0.05,7.5,2.0,grid,23,d100,-40.0,0.0021496315021067858,0.04999997094273567,"{""azimuth_jitter"": 180.0, ""azimuth_mode"": ""grid"", ""backing"": 2.0, ""depth"": 50.0, ""face_h"": 60.0, ""face_w"": 60.0, ""jitter"": 0.3, ""margin_depths"": 2.0, ""pitch"": 7.5, ""plate_over"": 1.15, ""plate_t_bot"": 0.05, ""plate_t_top"": 0.05, ""seed"": 23, ""tilt_deg"": 2.0, ""tilt_jitter"": 0.0, ""topology"": ""shingle""}"
BL_FLAT_t050_p0750_a02_grid_s23,flat,0.05,7.5,2.0,grid,23,d100,20.0,0.0012957791332155466,0.04999997094273567,"{""azimuth_jitter"": 180.0, ""azimuth_mode"": ""grid"", ""backing"": 2.0, ""depth"": 50.0, ""face_h"": 60.0, ""face_w"": 60.0, ""jitter"": 0.3, ""margin_depths"": 2.0, ""pitch"": 7.5, ""plate_over"": 1.15, ""plate_t_bot"": 0.05, ""plate_t_top"": 0.05, ""seed"": 23, ""tilt_deg"": 2.0, ""tilt_jitter"": 0.0, ""topology"": ""shingle""}"
BL_FLAT_t050_p0750_a02_grid_s23,flat,0.05,7.5,2.0,grid,23,d100,40.0,0.00217833393253386,0.04999997094273567,"{""azimuth_jitter"": 180.0, ""azimuth_mode"": ""grid"", ""backing"": 2.0, ""depth"": 50.0, ""face_h"": 60.0, ""face_w"": 60.0, ""jitter"": 0.3, ""margin_depths"": 2.0, ""pitch"": 7.5, ""plate_over"": 1.15, ""plate_t_bot"": 0.05, ""plate_t_top"": 0.05, ""seed"": 23, ""tilt_deg"": 2.0, ""tilt_jitter"": 0.0, ""topology"": ""shingle""}"
BL_FLAT_t050_p0750_a06_rand_s23,flat,0.05,7.5,6.0,random,23,d00,0.0,0.0017063713166862726,0.04999997094273567,"{""azimuth_jitter"": 180.0, ""azimuth_mode"": ""random"", ""backing"": 2.0, ""depth"": 50.0, ""face_h"": 60.0, ""face_w"": 60.0, ""jitter"": 0.3, ""margin_depths"": 2.0, ""pitch"": 7.5, ""plate_over"": 1.15, ""plate_t_bot"": 0.05, ""plate_t_top"": 0.05, ""seed"": 23, ""tilt_deg"": 6.0, ""tilt_jitter"": 0.0, ""topology"": ""shingle""}"
BL_FLAT_t050_p0750_a06_rand_s23,flat,0.05,7.5,6.0,random,23,d00,-20.0,0.00037799126585014164,0.04999997094273567,"{""azimuth_jitter"": 180.0, ""azimuth_mode"": ""random"", ""backing"": 2.0, ""depth"": 50.0, ""face_h"": 60.0, ""face_w"": 60.0, ""jitter"": 0.3, ""margin_depths"": 2.0, ""pitch"": 7.5, ""plate_over"": 1.15, ""plate_t_bot"": 0.05, ""plate_t_top"": 0.05, ""seed"": 23, ""tilt_deg"": 6.0, ""tilt_jitter"": 0.0, ""topology"": ""shingle""}"
BL_FLAT_t050_p0750_a06_rand_s23,flat,0.05,7.5,6.0,random,23,d00,-40.0,0.00027906065224669874,0.04999997094273567,"{""azimuth_jitter"": 180.0, ""azimuth_mode"": ""random"", ""backing"": 2.0, ""depth"": 50.0, ""face_h"": 60.0, ""face_w"": 60.0, ""jitter"": 0.3, ""margin_depths"": 2.0, ""pitch"": 7.5, ""plate_over"": 1.15, ""plate_t_bot"": 0.05, ""plate_t_top"": 0.05, ""seed"": 23, ""tilt_deg"": 6.0, ""tilt_jitter"": 0.0, ""topology"": ""shingle""}"
BL_FLAT_t050_p0750_a06_rand_s23,flat,0.05,7.5,6.0,random,23,d00,20.0,0.0004046894027851522,0.04999997094273567,"{""azimuth_jitter"": 180.0, ""azimuth_mode"": ""random"", ""backing"": 2.0, ""depth"": 50.0, ""face_h"": 60.0, ""face_w"": 60.0, ""jitter"": 0.3, ""margin_depths"": 2.0, ""pitch"": 7.5, ""plate_over"": 1.15, ""plate_t_bot"": 0.05, ""plate_t_top"": 0.05, ""seed"": 23, ""tilt_deg"": 6.0, ""tilt_jitter"": 0.0, ""topology"": ""shingle""}"
BL_FLAT_t050_p0750_a06_rand_s23,flat,0.05,7.5,6.0,random,23,d00,40.0,0.00028313216171227396,0.04999997094273567,"{""azimuth_jitter"": 180.0, ""azimuth_mode"": ""random"", ""backing"": 2.0, ""depth"": 50.0, ""face_h"": 60.0, ""face_w"": 60.0, ""jitter"": 0.3, ""margin_depths"": 2.0, ""pitch"": 7.5, ""plate_over"": 1.15, ""plate_t_bot"": 0.05, ""plate_t_top"": 0.05, ""seed"": 23, ""tilt_deg"": 6.0, ""tilt_jitter"": 0.0, ""topology"": ""shingle""}"
BL_FLAT_t050_p0750_a06_rand_s23,flat,0.05,7.5,6.0,random,23,d76,0.0,0.0009335579234175384,0.04999997094273567,"{""azimuth_jitter"": 180.0, ""azimuth_mode"": ""random"", ""backing"": 2.0, ""depth"": 50.0, ""face_h"": 60.0, ""face_w"": 60.0, ""jitter"": 0.3, ""margin_depths"": 2.0, ""pitch"": 7.5, ""plate_over"": 1.15, ""plate_t_bot"": 0.05, ""plate_t_top"": 0.05, ""seed"": 23, ""tilt_deg"": 6.0, ""tilt_jitter"": 0.0, ""topology"": ""shingle""}"
BL_FLAT_t050_p0750_a06_rand_s23,flat,0.05,7.5,6.0,random,23,d76,-20.0,0.0010684991721063852,0.04999997094273567,"{""azimuth_jitter"": 180.0, ""azimuth_mode"": ""random"", ""backing"": 2.0, ""depth"": 50.0, ""face_h"": 60.0, ""face_w"": 60.0, ""jitter"": 0.3, ""margin_depths"": 2.0, ""pitch"": 7.5, ""plate_over"": 1.15, ""plate_t_bot"": 0.05, ""plate_t_top"": 0.05, ""seed"": 23, ""tilt_deg"": 6.0, ""tilt_jitter"": 0.0, ""topology"": ""shingle""}"
BL_FLAT_t050_p0750_a06_rand_s23,flat,0.05,7.5,6.0,random,23,d76,-40.0,0.0017051142640411854,0.04999997094273567,"{""azimuth_jitter"": 180.0, ""azimuth_mode"": ""random"", ""backing"": 2.0, ""depth"": 50.0, ""face_h"": 60.0, ""face_w"": 60.0, ""jitter"": 0.3, ""margin_depths"": 2.0, ""pitch"": 7.5, ""plate_over"": 1.15, ""plate_t_bot"": 0.05, ""plate_t_top"": 0.05, ""seed"": 23, ""tilt_deg"": 6.0, ""tilt_jitter"": 0.0, ""topology"": ""shingle""}"
BL_FLAT_t050_p0750_a06_rand_s23,flat,0.05,7.5,6.0,random,23,d76,20.0,0.0009658438502810895,0.04999997094273567,"{""azimuth_jitter"": 180.0, ""azimuth_mode"": ""random"", ""backing"": 2.0, ""depth"": 50.0, ""face_h"": 60.0, ""face_w"": 60.0, ""jitter"": 0.3, ""margin_depths"": 2.0, ""pitch"": 7.5, ""plate_over"": 1.15, ""plate_t_bot"": 0.05, ""plate_t_top"": 0.05, ""seed"": 23, ""tilt_deg"": 6.0, ""tilt_jitter"": 0.0, ""topology"": ""shingle""}"
BL_FLAT_t050_p0750_a06_rand_s23,flat,0.05,7.5,6.0,random,23,d76,40.0,0.0015925780171528459,0.04999997094273567,"{""azimuth_jitter"": 180.0, ""azimuth_mode"": ""random"", ""backing"": 2.0, ""depth"": 50.0, ""face_h"": 60.0, ""face_w"": 60.0, ""jitter"": 0.3, ""margin_depths"": 2.0, ""pitch"": 7.5, ""plate_over"": 1.15, ""plate_t_bot"": 0.05, ""plate_t_top"": 0.05, ""seed"": 23, ""tilt_deg"": 6.0, ""tilt_jitter"": 0.0, ""topology"": ""shingle""}"
BL_FLAT_t050_p0750_a06_rand_s23,flat,0.05,7.5,6.0,random,23,d100,0.0,0.0007343931938521564,0.04999997094273567,"{""azimuth_jitter"": 180.0, ""azimuth_mode"": ""random"", ""backing"": 2.0, ""depth"": 50.0, ""face_h"": 60.0, ""face_w"": 60.0, ""jitter"": 0.3, ""margin_depths"": 2.0, ""pitch"": 7.5, ""plate_over"": 1.15, ""plate_t_bot"": 0.05, ""plate_t_top"": 0.05, ""seed"": 23, ""tilt_deg"": 6.0, ""tilt_jitter"": 0.0, ""topology"": ""shingle""}"
BL_FLAT_t050_p0750_a06_rand_s23,flat,0.05,7.5,6.0,random,23,d100,-20.0,0.0013073800364509225,0.04999997094273567,"{""azimuth_jitter"": 180.0, ""azimuth_mode"": ""random"", ""backing"": 2.0, ""depth"": 50.0, ""face_h"": 60.0, ""face_w"": 60.0, ""jitter"": 0.3, ""margin_depths"": 2.0, ""pitch"": 7.5, ""plate_over"": 1.15, ""plate_t_bot"": 0.05, ""plate_t_top"": 0.05, ""seed"": 23, ""tilt_deg"": 6.0, ""tilt_jitter"": 0.0, ""topology"": ""shingle""}"
BL_FLAT_t050_p0750_a06_rand_s23,flat,0.05,7.5,6.0,random,23,d100,-40.0,0.0021530610974878073,0.04999997094273567,"{""azimuth_jitter"": 180.0, ""azimuth_mode"": ""random"", ""backing"": 2.0, ""depth"": 50.0, ""face_h"": 60.0, ""face_w"": 60.0, ""jitter"": 0.3, ""margin_depths"": 2.0, ""pitch"": 7.5, ""plate_over"": 1.15, ""plate_t_bot"": 0.05, ""plate_t_top"": 0.05, ""seed"": 23, ""tilt_deg"": 6.0, ""tilt_jitter"": 0.0, ""topology"": ""shingle""}"
BL_FLAT_t050_p0750_a06_rand_s23,flat,0.05,7.5,6.0,random,23,d100,20.0,0.0011607506312429905,0.04999997094273567,"{""azimuth_jitter"": 180.0, ""azimuth_mode"": ""random"", ""backing"": 2.0, ""depth"": 50.0, ""face_h"": 60.0, ""face_w"": 60.0, ""jitter"": 0.3, ""margin_depths"": 2.0, ""pitch"": 7.5, ""plate_over"": 1.15, ""plate_t_bot"": 0.05, ""plate_t_top"": 0.05, ""seed"": 23, ""tilt_deg"": 6.0, ""tilt_jitter"": 0.0, ""topology"": ""shingle""}"
BL_FLAT_t050_p0750_a06_rand_s23,flat,0.05,7.5,6.0,random,23,d100,40.0,0.0020183930173516273,0.04999997094273567,"{""azimuth_jitter"": 180.0, ""azimuth_mode"": ""random"", ""backing"": 2.0, ""depth"": 50.0, ""face_h"": 60.0, ""face_w"": 60.0, ""jitter"": 0.3, ""margin_depths"": 2.0, ""pitch"": 7.5, ""plate_over"": 1.15, ""plate_t_bot"": 0.05, ""plate_t_top"": 0.05, ""seed"": 23, ""tilt_deg"": 6.0, ""tilt_jitter"": 0.0, ""topology"": ""shingle""}"
BL_FLAT_t050_p0750_a06_grid_s23,flat,0.05,7.5,6.0,grid,23,d00,0.0,0.0016139827203005552,0.04999997094273567,"{""azimuth_jitter"": 180.0, ""azimuth_mode"": ""grid"", ""backing"": 2.0, ""depth"": 50.0, ""face_h"": 60.0, ""face_w"": 60.0, ""jitter"": 0.3, ""margin_depths"": 2.0, ""pitch"": 7.5, ""plate_over"": 1.15, ""plate_t_bot"": 0.05, ""plate_t_top"": 0.05, ""seed"": 23, ""tilt_deg"": 6.0, ""tilt_jitter"": 0.0, ""topology"": ""shingle""}"
BL_FLAT_t050_p0750_a06_grid_s23,flat,0.05,7.5,6.0,grid,23,d00,-20.0,0.0005083844880573452,0.04999997094273567,"{""azimuth_jitter"": 180.0, ""azimuth_mode"": ""grid"", ""backing"": 2.0, ""depth"": 50.0, ""face_h"": 60.0, ""face_w"": 60.0, ""jitter"": 0.3, ""margin_depths"": 2.0, ""pitch"": 7.5, ""plate_over"": 1.15, ""plate_t_bot"": 0.05, ""plate_t_top"": 0.05, ""seed"": 23, ""tilt_deg"": 6.0, ""tilt_jitter"": 0.0, ""topology"": ""shingle""}"
BL_FLAT_t050_p0750_a06_grid_s23,flat,0.05,7.5,6.0,grid,23,d00,-40.0,0.0002856880601029843,0.04999997094273567,"{""azimuth_jitter"": 180.0, ""azimuth_mode"": ""grid"", ""backing"": 2.0, ""depth"": 50.0, ""face_h"": 60.0, ""face_w"": 60.0, ""jitter"": 0.3, ""margin_depths"": 2.0, ""pitch"": 7.5, ""plate_over"": 1.15, ""plate_t_bot"": 0.05, ""plate_t_top"": 0.05, ""seed"": 23, ""tilt_deg"": 6.0, ""tilt_jitter"": 0.0, ""topology"": ""shingle""}"
BL_FLAT_t050_p0750_a06_grid_s23,flat,0.05,7.5,6.0,grid,23,d00,20.0,0.00032831981661729515,0.04999997094273567,"{""azimuth_jitter"": 180.0, ""azimuth_mode"": ""grid"", ""backing"": 2.0, ""depth"": 50.0, ""face_h"": 60.0, ""face_w"": 60.0, ""jitter"": 0.3, ""margin_depths"": 2.0, ""pitch"": 7.5, ""plate_over"": 1.15, ""plate_t_bot"": 0.05, ""plate_t_top"": 0.05, ""seed"": 23, ""tilt_deg"": 6.0, ""tilt_jitter"": 0.0, ""topology"": ""shingle""}"
BL_FLAT_t050_p0750_a06_grid_s23,flat,0.05,7.5,6.0,grid,23,d00,40.0,0.0003181520733051002,0.04999997094273567,"{""azimuth_jitter"": 180.0, ""azimuth_mode"": ""grid"", ""backing"": 2.0, ""depth"": 50.0, ""face_h"": 60.0, ""face_w"": 60.0, ""jitter"": 0.3, ""margin_depths"": 2.0, ""pitch"": 7.5, ""plate_over"": 1.15, ""plate_t_bot"": 0.05, ""plate_t_top"": 0.05, ""seed"": 23, ""tilt_deg"": 6.0, ""tilt_jitter"": 0.0, ""topology"": ""shingle""}"
BL_FLAT_t050_p0750_a06_grid_s23,flat,0.05,7.5,6.0,grid,23,d76,0.0,0.0008972681825980544,0.04999997094273567,"{""azimuth_jitter"": 180.0, ""azimuth_mode"": ""grid"", ""backing"": 2.0, ""depth"": 50.0, ""face_h"": 60.0, ""face_w"": 60.0, ""jitter"": 0.3, ""margin_depths"": 2.0, ""pitch"": 7.5, ""plate_over"": 1.15, ""plate_t_bot"": 0.05, ""plate_t_top"": 0.05, ""seed"": 23, ""tilt_deg"": 6.0, ""tilt_jitter"": 0.0, ""topology"": ""shingle""}"
BL_FLAT_t050_p0750_a06_grid_s23,flat,0.05,7.5,6.0,grid,23,d76,-20.0,0.0008793408633209765,0.04999997094273567,"{""azimuth_jitter"": 180.0, ""azimuth_mode"": ""grid"", ""backing"": 2.0, ""depth"": 50.0, ""face_h"": 60.0, ""face_w"": 60.0, ""jitter"": 0.3, ""margin_depths"": 2.0, ""pitch"": 7.5, ""plate_over"": 1.15, ""plate_t_bot"": 0.05, ""plate_t_top"": 0.05, ""seed"": 23, ""tilt_deg"": 6.0, ""tilt_jitter"": 0.0, ""topology"": ""shingle""}"
BL_FLAT_t050_p0750_a06_grid_s23,flat,0.05,7.5,6.0,grid,23,d76,-40.0,0.0015225432580336928,0.04999997094273567,"{""azimuth_jitter"": 180.0, ""azimuth_mode"": ""grid"", ""backing"": 2.0, ""depth"": 50.0, ""face_h"": 60.0, ""face_w"": 60.0, ""jitter"": 0.3, ""margin_depths"": 2.0, ""pitch"": 7.5, ""plate_over"": 1.15, ""plate_t_bot"": 0.05, ""plate_t_top"": 0.05, ""seed"": 23, ""tilt_deg"": 6.0, ""tilt_jitter"": 0.0, ""topology"": ""shingle""}"
BL_FLAT_t050_p0750_a06_grid_s23,flat,0.05,7.5,6.0,grid,23,d76,20.0,0.0013023451901972294,0.04999997094273567,"{""azimuth_jitter"": 180.0, ""azimuth_mode"": ""grid"", ""backing"": 2.0, ""depth"": 50.0, ""face_h"": 60.0, ""face_w"": 60.0, ""jitter"": 0.3, ""margin_depths"": 2.0, ""pitch"": 7.5, ""plate_over"": 1.15, ""plate_t_bot"": 0.05, ""plate_t_top"": 0.05, ""seed"": 23, ""tilt_deg"": 6.0, ""tilt_jitter"": 0.0, ""topology"": ""shingle""}"
BL_FLAT_t050_p0750_a06_grid_s23,flat,0.05,7.5,6.0,grid,23,d76,40.0,0.001973341219127178,0.04999997094273567,"{""azimuth_jitter"": 180.0, ""azimuth_mode"": ""grid"", ""backing"": 2.0, ""depth"": 50.0, ""face_h"": 60.0, ""face_w"": 60.0, ""jitter"": 0.3, ""margin_depths"": 2.0, ""pitch"": 7.5, ""plate_over"": 1.15, ""plate_t_bot"": 0.05, ""plate_t_top"": 0.05, ""seed"": 23, ""tilt_deg"": 6.0, ""tilt_jitter"": 0.0, ""topology"": ""shingle""}"
BL_FLAT_t050_p0750_a06_grid_s23,flat,0.05,7.5,6.0,grid,23,d100,0.0,0.0007158343214541674,0.04999997094273567,"{""azimuth_jitter"": 180.0, ""azimuth_mode"": ""grid"", ""backing"": 2.0, ""depth"": 50.0, ""face_h"": 60.0, ""face_w"": 60.0, ""jitter"": 0.3, ""margin_depths"": 2.0, ""pitch"": 7.5, ""plate_over"": 1.15, ""plate_t_bot"": 0.05, ""plate_t_top"": 0.05, ""seed"": 23, ""tilt_deg"": 6.0, ""tilt_jitter"": 0.0, ""topology"": ""shingle""}"
BL_FLAT_t050_p0750_a06_grid_s23,flat,0.05,7.5,6.0,grid,23,d100,-20.0,0.001030239276587963,0.04999997094273567,"{""azimuth_jitter"": 180.0, ""azimuth_mode"": ""grid"", ""backing"": 2.0, ""depth"": 50.0, ""face_h"": 60.0, ""face_w"": 60.0, ""jitter"": 0.3, ""margin_depths"": 2.0, ""pitch"": 7.5, ""plate_over"": 1.15, ""plate_t_bot"": 0.05, ""plate_t_top"": 0.05, ""seed"": 23, ""tilt_deg"": 6.0, ""tilt_jitter"": 0.0, ""topology"": ""shingle""}"
BL_FLAT_t050_p0750_a06_grid_s23,flat,0.05,7.5,6.0,grid,23,d100,-40.0,0.001923670177347958,0.04999997094273567,"{""azimuth_jitter"": 180.0, ""azimuth_mode"": ""grid"", ""backing"": 2.0, ""depth"": 50.0, ""face_h"": 60.0, ""face_w"": 60.0, ""jitter"": 0.3, ""margin_depths"": 2.0, ""pitch"": 7.5, ""plate_over"": 1.15, ""plate_t_bot"": 0.05, ""plate_t_top"": 0.05, ""seed"": 23, ""tilt_deg"": 6.0, ""tilt_jitter"": 0.0, ""topology"": ""shingle""}"
BL_FLAT_t050_p0750_a06_grid_s23,flat,0.05,7.5,6.0,grid,23,d100,20.0,0.0016261092387139797,0.04999997094273567,"{""azimuth_jitter"": 180.0, ""azimuth_mode"": ""grid"", ""backing"": 2.0, ""depth"": 50.0, ""face_h"": 60.0, ""face_w"": 60.0, ""jitter"": 0.3, ""margin_depths"": 2.0, ""pitch"": 7.5, ""plate_over"": 1.15, ""plate_t_bot"": 0.05, ""plate_t_top"": 0.05, ""seed"": 23, ""tilt_deg"": 6.0, ""tilt_jitter"": 0.0, ""topology"": ""shingle""}"
BL_FLAT_t050_p0750_a06_grid_s23,flat,0.05,7.5,6.0,grid,23,d100,40.0,0.0025031897239387035,0.04999997094273567,"{""azimuth_jitter"": 180.0, ""azimuth_mode"": ""grid"", ""backing"": 2.0, ""depth"": 50.0, ""face_h"": 60.0, ""face_w"": 60.0, ""jitter"": 0.3, ""margin_depths"": 2.0, ""pitch"": 7.5, ""plate_over"": 1.15, ""plate_t_bot"": 0.05, ""plate_t_top"": 0.05, ""seed"": 23, ""tilt_deg"": 6.0, ""tilt_jitter"": 0.0, ""topology"": ""shingle""}"
BL_FLAT_t100_p0550_a02_rand_s23,flat,0.1,5.5,2.0,random,23,d00,0.0,0.002245018258690834,0.04999997094273567,"{""azimuth_jitter"": 180.0, ""azimuth_mode"": ""random"", ""backing"": 2.0, ""depth"": 50.0, ""face_h"": 60.0, ""face_w"": 60.0, ""jitter"": 0.3, ""margin_depths"": 2.0, ""pitch"": 5.5, ""plate_over"": 1.15, ""plate_t_bot"": 0.1, ""plate_t_top"": 0.1, ""seed"": 23, ""tilt_deg"": 2.0, ""tilt_jitter"": 0.0, ""topology"": ""shingle""}"
BL_FLAT_t100_p0550_a02_rand_s23,flat,0.1,5.5,2.0,random,23,d00,-20.0,0.0005511249764822423,0.04999997094273567,"{""azimuth_jitter"": 180.0, ""azimuth_mode"": ""random"", ""backing"": 2.0, ""depth"": 50.0, ""face_h"": 60.0, ""face_w"": 60.0, ""jitter"": 0.3, ""margin_depths"": 2.0, ""pitch"": 5.5, ""plate_over"": 1.15, ""plate_t_bot"": 0.1, ""plate_t_top"": 0.1, ""seed"": 23, ""tilt_deg"": 2.0, ""tilt_jitter"": 0.0, ""topology"": ""shingle""}"
BL_FLAT_t100_p0550_a02_rand_s23,flat,0.1,5.5,2.0,random,23,d00,-40.0,0.00044119739322923124,0.04999997094273567,"{""azimuth_jitter"": 180.0, ""azimuth_mode"": ""random"", ""backing"": 2.0, ""depth"": 50.0, ""face_h"": 60.0, ""face_w"": 60.0, ""jitter"": 0.3, ""margin_depths"": 2.0, ""pitch"": 5.5, ""plate_over"": 1.15, ""plate_t_bot"": 0.1, ""plate_t_top"": 0.1, ""seed"": 23, ""tilt_deg"": 2.0, ""tilt_jitter"": 0.0, ""topology"": ""shingle""}"
BL_FLAT_t100_p0550_a02_rand_s23,flat,0.1,5.5,2.0,random,23,d00,20.0,0.0005123249720782042,0.04999997094273567,"{""azimuth_jitter"": 180.0, ""azimuth_mode"": ""random"", ""backing"": 2.0, ""depth"": 50.0, ""face_h"": 60.0, ""face_w"": 60.0, ""jitter"": 0.3, ""margin_depths"": 2.0, ""pitch"": 5.5, ""plate_over"": 1.15, ""plate_t_bot"": 0.1, ""plate_t_top"": 0.1, ""seed"": 23, ""tilt_deg"": 2.0, ""tilt_jitter"": 0.0, ""topology"": ""shingle""}"
BL_FLAT_t100_p0550_a02_rand_s23,flat,0.1,5.5,2.0,random,23,d00,40.0,0.0004457321483641863,0.04999997094273567,"{""azimuth_jitter"": 180.0, ""azimuth_mode"": ""random"", ""backing"": 2.0, ""depth"": 50.0, ""face_h"": 60.0, ""face_w"": 60.0, ""jitter"": 0.3, ""margin_depths"": 2.0, ""pitch"": 5.5, ""plate_over"": 1.15, ""plate_t_bot"": 0.1, ""plate_t_top"": 0.1, ""seed"": 23, ""tilt_deg"": 2.0, ""tilt_jitter"": 0.0, ""topology"": ""shingle""}"
BL_FLAT_t100_p0550_a02_rand_s23,flat,0.1,5.5,2.0,random,23,d76,0.0,0.0008974226657301188,0.04999997094273567,"{""azimuth_jitter"": 180.0, ""azimuth_mode"": ""random"", ""backing"": 2.0, ""depth"": 50.0, ""face_h"": 60.0, ""face_w"": 60.0, ""jitter"": 0.3, ""margin_depths"": 2.0, ""pitch"": 5.5, ""plate_over"": 1.15, ""plate_t_bot"": 0.1, ""plate_t_top"": 0.1, ""seed"": 23, ""tilt_deg"": 2.0, ""tilt_jitter"": 0.0, ""topology"": ""shingle""}"
BL_FLAT_t100_p0550_a02_rand_s23,flat,0.1,5.5,2.0,random,23,d76,-20.0,0.0010617774678394198,0.04999997094273567,"{""azimuth_jitter"": 180.0, ""azimuth_mode"": ""random"", ""backing"": 2.0, ""depth"": 50.0, ""face_h"": 60.0, ""face_w"": 60.0, ""jitter"": 0.3, ""margin_depths"": 2.0, ""pitch"": 5.5, ""plate_over"": 1.15, ""plate_t_bot"": 0.1, ""plate_t_top"": 0.1, ""seed"": 23, ""tilt_deg"": 2.0, ""tilt_jitter"": 0.0, ""topology"": ""shingle""}"
BL_FLAT_t100_p0550_a02_rand_s23,flat,0.1,5.5,2.0,random,23,d76,-40.0,0.00167070422321558,0.04999997094273567,"{""azimuth_jitter"": 180.0, ""azimuth_mode"": ""random"", ""backing"": 2.0, ""depth"": 50.0, ""face_h"": 60.0, ""face_w"": 60.0, ""jitter"": 0.3, ""margin_depths"": 2.0, ""pitch"": 5.5, ""plate_over"": 1.15, ""plate_t_bot"": 0.1, ""plate_t_top"": 0.1, ""seed"": 23, ""tilt_deg"": 2.0, ""tilt_jitter"": 0.0, ""topology"": ""shingle""}"
BL_FLAT_t100_p0550_a02_rand_s23,flat,0.1,5.5,2.0,random,23,d76,20.0,0.0010558958165347576,0.04999997094273567,"{""azimuth_jitter"": 180.0, ""azimuth_mode"": ""random"", ""backing"": 2.0, ""depth"": 50.0, ""face_h"": 60.0, ""face_w"": 60.0, ""jitter"": 0.3, ""margin_depths"": 2.0, ""pitch"": 5.5, ""plate_over"": 1.15, ""plate_t_bot"": 0.1, ""plate_t_top"": 0.1, ""seed"": 23, ""tilt_deg"": 2.0, ""tilt_jitter"": 0.0, ""topology"": ""shingle""}"
BL_FLAT_t100_p0550_a02_rand_s23,flat,0.1,5.5,2.0,random,23,d76,40.0,0.0016826317878440022,0.04999997094273567,"{""azimuth_jitter"": 180.0, ""azimuth_mode"": ""random"", ""backing"": 2.0, ""depth"": 50.0, ""face_h"": 60.0, ""face_w"": 60.0, ""jitter"": 0.3, ""margin_depths"": 2.0, ""pitch"": 5.5, ""plate_over"": 1.15, ""plate_t_bot"": 0.1, ""plate_t_top"": 0.1, ""seed"": 23, ""tilt_deg"": 2.0, ""tilt_jitter"": 0.0, ""topology"": ""shingle""}"
BL_FLAT_t100_p0550_a02_rand_s23,flat,0.1,5.5,2.0,random,23,d100,0.0,0.0005186731577850878,0.04999997094273567,"{""azimuth_jitter"": 180.0, ""azimuth_mode"": ""random"", ""backing"": 2.0, ""depth"": 50.0, ""face_h"": 60.0, ""face_w"": 60.0, ""jitter"": 0.3, ""margin_depths"": 2.0, ""pitch"": 5.5, ""plate_over"": 1.15, ""plate_t_bot"": 0.1, ""plate_t_top"": 0.1, ""seed"": 23, ""tilt_deg"": 2.0, ""tilt_jitter"": 0.0, ""topology"": ""shingle""}"
BL_FLAT_t100_p0550_a02_rand_s23,flat,0.1,5.5,2.0,random,23,d100,-20.0,0.001235914183780551,0.04999997094273567,"{""azimuth_jitter"": 180.0, ""azimuth_mode"": ""random"", ""backing"": 2.0, ""depth"": 50.0, ""face_h"": 60.0, ""face_w"": 60.0, ""jitter"": 0.3, ""margin_depths"": 2.0, ""pitch"": 5.5, ""plate_over"": 1.15, ""plate_t_bot"": 0.1, ""plate_t_top"": 0.1, ""seed"": 23, ""tilt_deg"": 2.0, ""tilt_jitter"": 0.0, ""topology"": ""shingle""}"
BL_FLAT_t100_p0550_a02_rand_s23,flat,0.1,5.5,2.0,random,23,d100,-40.0,0.0020741198677569628,0.04999997094273567,"{""azimuth_jitter"": 180.0, ""azimuth_mode"": ""random"", ""backing"": 2.0, ""depth"": 50.0, ""face_h"": 60.0, ""face_w"": 60.0, ""jitter"": 0.3, ""margin_depths"": 2.0, ""pitch"": 5.5, ""plate_over"": 1.15, ""plate_t_bot"": 0.1, ""plate_t_top"": 0.1, ""seed"": 23, ""tilt_deg"": 2.0, ""tilt_jitter"": 0.0, ""topology"": ""shingle""}"
BL_FLAT_t100_p0550_a02_rand_s23,flat,0.1,5.5,2.0,random,23,d100,20.0,0.0012585204094648361,0.04999997094273567,"{""azimuth_jitter"": 180.0, ""azimuth_mode"": ""random"", ""backing"": 2.0, ""depth"": 50.0, ""face_h"": 60.0, ""face_w"": 60.0, ""jitter"": 0.3, ""margin_depths"": 2.0, ""pitch"": 5.5, ""plate_over"": 1.15, ""plate_t_bot"": 0.1, ""plate_t_top"": 0.1, ""seed"": 23, ""tilt_deg"": 2.0, ""tilt_jitter"": 0.0, ""topology"": ""shingle""}"
BL_FLAT_t100_p0550_a02_rand_s23,flat,0.1,5.5,2.0,random,23,d100,40.0,0.002080394886434078,0.04999997094273567,"{""azimuth_jitter"": 180.0, ""azimuth_mode"": ""random"", ""backing"": 2.0, ""depth"": 50.0, ""face_h"": 60.0, ""face_w"": 60.0, ""jitter"": 0.3, ""margin_depths"": 2.0, ""pitch"": 5.5, ""plate_over"": 1.15, ""plate_t_bot"": 0.1, ""plate_t_top"": 0.1, ""seed"": 23, ""tilt_deg"": 2.0, ""tilt_jitter"": 0.0, ""topology"": ""shingle""}"
BL_FLAT_t100_p0550_a02_grid_s23,flat,0.1,5.5,2.0,grid,23,d00,0.0,0.0021429364569485188,0.04999997094273567,"{""azimuth_jitter"": 180.0, ""azimuth_mode"": ""grid"", ""backing"": 2.0, ""depth"": 50.0, ""face_h"": 60.0, ""face_w"": 60.0, ""jitter"": 0.3, ""margin_depths"": 2.0, ""pitch"": 5.5, ""plate_over"": 1.15, ""plate_t_bot"": 0.1, ""plate_t_top"": 0.1, ""seed"": 23, ""tilt_deg"": 2.0, ""tilt_jitter"": 0.0, ""topology"": ""shingle""}"
BL_FLAT_t100_p0550_a02_grid_s23,flat,0.1,5.5,2.0,grid,23,d00,-20.0,0.0005651413812302053,0.04999997094273567,"{""azimuth_jitter"": 180.0, ""azimuth_mode"": ""grid"", ""backing"": 2.0, ""depth"": 50.0, ""face_h"": 60.0, ""face_w"": 60.0, ""jitter"": 0.3, ""margin_depths"": 2.0, ""pitch"": 5.5, ""plate_over"": 1.15, ""plate_t_bot"": 0.1, ""plate_t_top"": 0.1, ""seed"": 23, ""tilt_deg"": 2.0, ""tilt_jitter"": 0.0, ""topology"": ""shingle""}"
BL_FLAT_t100_p0550_a02_grid_s23,flat,0.1,5.5,2.0,grid,23,d00,-40.0,0.0005056731170043349,0.04999997094273567,"{""azimuth_jitter"": 180.0, ""azimuth_mode"": ""grid"", ""backing"": 2.0, ""depth"": 50.0, ""face_h"": 60.0, ""face_w"": 60.0, ""jitter"": 0.3, ""margin_depths"": 2.0, ""pitch"": 5.5, ""plate_over"": 1.15, ""plate_t_bot"": 0.1, ""plate_t_top"": 0.1, ""seed"": 23, ""tilt_deg"": 2.0, ""tilt_jitter"": 0.0, ""topology"": ""shingle""}"
BL_FLAT_t100_p0550_a02_grid_s23,flat,0.1,5.5,2.0,grid,23,d00,20.0,0.0005173926474526525,0.04999997094273567,"{""azimuth_jitter"": 180.0, ""azimuth_mode"": ""grid"", ""backing"": 2.0, ""depth"": 50.0, ""face_h"": 60.0, ""face_w"": 60.0, ""jitter"": 0.3, ""margin_depths"": 2.0, ""pitch"": 5.5, ""plate_over"": 1.15, ""plate_t_bot"": 0.1, ""plate_t_top"": 0.1, ""seed"": 23, ""tilt_deg"": 2.0, ""tilt_jitter"": 0.0, ""topology"": ""shingle""}"
BL_FLAT_t100_p0550_a02_grid_s23,flat,0.1,5.5,2.0,grid,23,d00,40.0,0.0004862230271100998,0.04999997094273567,"{""azimuth_jitter"": 180.0, ""azimuth_mode"": ""grid"", ""backing"": 2.0, ""depth"": 50.0, ""face_h"": 60.0, ""face_w"": 60.0, ""jitter"": 0.3, ""margin_depths"": 2.0, ""pitch"": 5.5, ""plate_over"": 1.15, ""plate_t_bot"": 0.1, ""plate_t_top"": 0.1, ""seed"": 23, ""tilt_deg"": 2.0, ""tilt_jitter"": 0.0, ""topology"": ""shingle""}"
BL_FLAT_t100_p0550_a02_grid_s23,flat,0.1,5.5,2.0,grid,23,d76,0.0,0.0008499803370796144,0.04999997094273567,"{""azimuth_jitter"": 180.0, ""azimuth_mode"": ""grid"", ""backing"": 2.0, ""depth"": 50.0, ""face_h"": 60.0, ""face_w"": 60.0, ""jitter"": 0.3, ""margin_depths"": 2.0, ""pitch"": 5.5, ""plate_over"": 1.15, ""plate_t_bot"": 0.1, ""plate_t_top"": 0.1, ""seed"": 23, ""tilt_deg"": 2.0, ""tilt_jitter"": 0.0, ""topology"": ""shingle""}"
BL_FLAT_t100_p0550_a02_grid_s23,flat,0.1,5.5,2.0,grid,23,d76,-20.0,0.0008935828227549791,0.04999997094273567,"{""azimuth_jitter"": 180.0, ""azimuth_mode"": ""grid"", ""backing"": 2.0, ""depth"": 50.0, ""face_h"": 60.0, ""face_w"": 60.0, ""jitter"": 0.3, ""margin_depths"": 2.0, ""pitch"": 5.5, ""plate_over"": 1.15, ""plate_t_bot"": 0.1, ""plate_t_top"": 0.1, ""seed"": 23, ""tilt_deg"": 2.0, ""tilt_jitter"": 0.0, ""topology"": ""shingle""}"
BL_FLAT_t100_p0550_a02_grid_s23,flat,0.1,5.5,2.0,grid,23,d76,-40.0,0.001443452318198979,0.04999997094273567,"{""azimuth_jitter"": 180.0, ""azimuth_mode"": ""grid"", ""backing"": 2.0, ""depth"": 50.0, ""face_h"": 60.0, ""face_w"": 60.0, ""jitter"": 0.3, ""margin_depths"": 2.0, ""pitch"": 5.5, ""plate_over"": 1.15, ""plate_t_bot"": 0.1, ""plate_t_top"": 0.1, ""seed"": 23, ""tilt_deg"": 2.0, ""tilt_jitter"": 0.0, ""topology"": ""shingle""}"
BL_FLAT_t100_p0550_a02_grid_s23,flat,0.1,5.5,2.0,grid,23,d76,20.0,0.001027637510560453,0.04999997094273567,"{""azimuth_jitter"": 180.0, ""azimuth_mode"": ""grid"", ""backing"": 2.0, ""depth"": 50.0, ""face_h"": 60.0, ""face_w"": 60.0, ""jitter"": 0.3, ""margin_depths"": 2.0, ""pitch"": 5.5, ""plate_over"": 1.15, ""plate_t_bot"": 0.1, ""plate_t_top"": 0.1, ""seed"": 23, ""tilt_deg"": 2.0, ""tilt_jitter"": 0.0, ""topology"": ""shingle""}"
BL_FLAT_t100_p0550_a02_grid_s23,flat,0.1,5.5,2.0,grid,23,d76,40.0,0.0015886867186054587,0.04999997094273567,"{""azimuth_jitter"": 180.0, ""azimuth_mode"": ""grid"", ""backing"": 2.0, ""depth"": 50.0, ""face_h"": 60.0, ""face_w"": 60.0, ""jitter"": 0.3, ""margin_depths"": 2.0, ""pitch"": 5.5, ""plate_over"": 1.15, ""plate_t_bot"": 0.1, ""plate_t_top"": 0.1, ""seed"": 23, ""tilt_deg"": 2.0, ""tilt_jitter"": 0.0, ""topology"": ""shingle""}"
BL_FLAT_t100_p0550_a02_grid_s23,flat,0.1,5.5,2.0,grid,23,d100,0.0,0.0004994610790163279,0.04999997094273567,"{""azimuth_jitter"": 180.0, ""azimuth_mode"": ""grid"", ""backing"": 2.0, ""depth"": 50.0, ""face_h"": 60.0, ""face_w"": 60.0, ""jitter"": 0.3, ""margin_depths"": 2.0, ""pitch"": 5.5, ""plate_over"": 1.15, ""plate_t_bot"": 0.1, ""plate_t_top"": 0.1, ""seed"": 23, ""tilt_deg"": 2.0, ""tilt_jitter"": 0.0, ""topology"": ""shingle""}"
BL_FLAT_t100_p0550_a02_grid_s23,flat,0.1,5.5,2.0,grid,23,d100,-20.0,0.0010159537196159363,0.04999997094273567,"{""azimuth_jitter"": 180.0, ""azimuth_mode"": ""grid"", ""backing"": 2.0, ""depth"": 50.0, ""face_h"": 60.0, ""face_w"": 60.0, ""jitter"": 0.3, ""margin_depths"": 2.0, ""pitch"": 5.5, ""plate_over"": 1.15, ""plate_t_bot"": 0.1, ""plate_t_top"": 0.1, ""seed"": 23, ""tilt_deg"": 2.0, ""tilt_jitter"": 0.0, ""topology"": ""shingle""}"
BL_FLAT_t100_p0550_a02_grid_s23,flat,0.1,5.5,2.0,grid,23,d100,-40.0,0.0017447143327444792,0.04999997094273567,"{""azimuth_jitter"": 180.0, ""azimuth_mode"": ""grid"", ""backing"": 2.0, ""depth"": 50.0, ""face_h"": 60.0, ""face_w"": 60.0, ""jitter"": 0.3, ""margin_depths"": 2.0, ""pitch"": 5.5, ""plate_over"": 1.15, ""plate_t_bot"": 0.1, ""plate_t_top"": 0.1, ""seed"": 23, ""tilt_deg"": 2.0, ""tilt_jitter"": 0.0, ""topology"": ""shingle""}"
BL_FLAT_t100_p0550_a02_grid_s23,flat,0.1,5.5,2.0,grid,23,d100,20.0,0.0012025051983073354,0.04999997094273567,"{""azimuth_jitter"": 180.0, ""azimuth_mode"": ""grid"", ""backing"": 2.0, ""depth"": 50.0, ""face_h"": 60.0, ""face_w"": 60.0, ""jitter"": 0.3, ""margin_depths"": 2.0, ""pitch"": 5.5, ""plate_over"": 1.15, ""plate_t_bot"": 0.1, ""plate_t_top"": 0.1, ""seed"": 23, ""tilt_deg"": 2.0, ""tilt_jitter"": 0.0, ""topology"": ""shingle""}"
BL_FLAT_t100_p0550_a02_grid_s23,flat,0.1,5.5,2.0,grid,23,d100,40.0,0.0019525536336004734,0.04999997094273567,"{""azimuth_jitter"": 180.0, ""azimuth_mode"": ""grid"", ""backing"": 2.0, ""depth"": 50.0, ""face_h"": 60.0, ""face_w"": 60.0, ""jitter"": 0.3, ""margin_depths"": 2.0, ""pitch"": 5.5, ""plate_over"": 1.15, ""plate_t_bot"": 0.1, ""plate_t_top"": 0.1, ""seed"": 23, ""tilt_deg"": 2.0, ""tilt_jitter"": 0.0, ""topology"": ""shingle""}"
BL_FLAT_t100_p0550_a06_rand_s23,flat,0.1,5.5,6.0,random,23,d00,0.0,0.0013145350385457277,0.04999997094273567,"{""azimuth_jitter"": 180.0, ""azimuth_mode"": ""random"", ""backing"": 2.0, ""depth"": 50.0, ""face_h"": 60.0, ""face_w"": 60.0, ""jitter"": 0.3, ""margin_depths"": 2.0, ""pitch"": 5.5, ""plate_over"": 1.15, ""plate_t_bot"": 0.1, ""plate_t_top"": 0.1, ""seed"": 23, ""tilt_deg"": 6.0, ""tilt_jitter"": 0.0, ""topology"": ""shingle""}"
BL_FLAT_t100_p0550_a06_rand_s23,flat,0.1,5.5,6.0,random,23,d00,-20.0,0.0005441284738481045,0.04999997094273567,"{""azimuth_jitter"": 180.0, ""azimuth_mode"": ""random"", ""backing"": 2.0, ""depth"": 50.0, ""face_h"": 60.0, ""face_w"": 60.0, ""jitter"": 0.3, ""margin_depths"": 2.0, ""pitch"": 5.5, ""plate_over"": 1.15, ""plate_t_bot"": 0.1, ""plate_t_top"": 0.1, ""seed"": 23, ""tilt_deg"": 6.0, ""tilt_jitter"": 0.0, ""topology"": ""shingle""}"
BL_FLAT_t100_p0550_a06_rand_s23,flat,0.1,5.5,6.0,random,23,d00,-40.0,0.00047910312423482537,0.04999997094273567,"{""azimuth_jitter"": 180.0, ""azimuth_mode"": ""random"", ""backing"": 2.0, ""depth"": 50.0, ""face_h"": 60.0, ""face_w"": 60.0, ""jitter"": 0.3, ""margin_depths"": 2.0, ""pitch"": 5.5, ""plate_over"": 1.15, ""plate_t_bot"": 0.1, ""plate_t_top"": 0.1, ""seed"": 23, ""tilt_deg"": 6.0, ""tilt_jitter"": 0.0, ""topology"": ""shingle""}"
BL_FLAT_t100_p0550_a06_rand_s23,flat,0.1,5.5,6.0,random,23,d00,20.0,0.000515907013323158,0.04999997094273567,"{""azimuth_jitter"": 180.0, ""azimuth_mode"": ""random"", ""backing"": 2.0, ""depth"": 50.0, ""face_h"": 60.0, ""face_w"": 60.0, ""jitter"": 0.3, ""margin_depths"": 2.0, ""pitch"": 5.5, ""plate_over"": 1.15, ""plate_t_bot"": 0.1, ""plate_t_top"": 0.1, ""seed"": 23, ""tilt_deg"": 6.0, ""tilt_jitter"": 0.0, ""topology"": ""shingle""}"
BL_FLAT_t100_p0550_a06_rand_s23,flat,0.1,5.5,6.0,random,23,d00,40.0,0.0004511451115831733,0.04999997094273567,"{""azimuth_jitter"": 180.0, ""azimuth_mode"": ""random"", ""backing"": 2.0, ""depth"": 50.0, ""face_h"": 60.0, ""face_w"": 60.0, ""jitter"": 0.3, ""margin_depths"": 2.0, ""pitch"": 5.5, ""plate_over"": 1.15, ""plate_t_bot"": 0.1, ""plate_t_top"": 0.1, ""seed"": 23, ""tilt_deg"": 6.0, ""tilt_jitter"": 0.0, ""topology"": ""shingle""}"
BL_FLAT_t100_p0550_a06_rand_s23,flat,0.1,5.5,6.0,random,23,d76,0.0,0.0009158930624835193,0.04999997094273567,"{""azimuth_jitter"": 180.0, ""azimuth_mode"": ""random"", ""backing"": 2.0, ""depth"": 50.0, ""face_h"": 60.0, ""face_w"": 60.0, ""jitter"": 0.3, ""margin_depths"": 2.0, ""pitch"": 5.5, ""plate_over"": 1.15, ""plate_t_bot"": 0.1, ""plate_t_top"": 0.1, ""seed"": 23, ""tilt_deg"": 6.0, ""tilt_jitter"": 0.0, ""topology"": ""shingle""}"
BL_FLAT_t100_p0550_a06_rand_s23,flat,0.1,5.5,6.0,random,23,d76,-20.0,0.001078838249668479,0.04999997094273567,"{""azimuth_jitter"": 180.0, ""azimuth_mode"": ""random"", ""backing"": 2.0, ""depth"": 50.0, ""face_h"": 60.0, ""face_w"": 60.0, ""jitter"": 0.3, ""margin_depths"": 2.0, ""pitch"": 5.5, ""plate_over"": 1.15, ""plate_t_bot"": 0.1, ""plate_t_top"": 0.1, ""seed"": 23, ""tilt_deg"": 6.0, ""tilt_jitter"": 0.0, ""topology"": ""shingle""}"
BL_FLAT_t100_p0550_a06_rand_s23,flat,0.1,5.5,6.0,random,23,d76,-40.0,0.0016917417524382472,0.04999997094273567,"{""azimuth_jitter"": 180.0, ""azimuth_mode"": ""random"", ""backing"": 2.0, ""depth"": 50.0, ""face_h"": 60.0, ""face_w"": 60.0, ""jitter"": 0.3, ""margin_depths"": 2.0, ""pitch"": 5.5, ""plate_over"": 1.15, ""plate_t_bot"": 0.1, ""plate_t_top"": 0.1, ""seed"": 23, ""tilt_deg"": 6.0, ""tilt_jitter"": 0.0, ""topology"": ""shingle""}"
BL_FLAT_t100_p0550_a06_rand_s23,flat,0.1,5.5,6.0,random,23,d76,20.0,0.0011535434750840068,0.04999997094273567,"{""azimuth_jitter"": 180.0, ""azimuth_mode"": ""random"", ""backing"": 2.0, ""depth"": 50.0, ""face_h"": 60.0, ""face_w"": 60.0, ""jitter"": 0.3, ""margin_depths"": 2.0, ""pitch"": 5.5, ""plate_over"": 1.15, ""plate_t_bot"": 0.1, ""plate_t_top"": 0.1, ""seed"": 23, ""tilt_deg"": 6.0, ""tilt_jitter"": 0.0, ""topology"": ""shingle""}"
BL_FLAT_t100_p0550_a06_rand_s23,flat,0.1,5.5,6.0,random,23,d76,40.0,0.0017365488456562161,0.04999997094273567,"{""azimuth_jitter"": 180.0, ""azimuth_mode"": ""random"", ""backing"": 2.0, ""depth"": 50.0, ""face_h"": 60.0, ""face_w"": 60.0, ""jitter"": 0.3, ""margin_depths"": 2.0, ""pitch"": 5.5, ""plate_over"": 1.15, ""plate_t_bot"": 0.1, ""plate_t_top"": 0.1, ""seed"": 23, ""tilt_deg"": 6.0, ""tilt_jitter"": 0.0, ""topology"": ""shingle""}"
BL_FLAT_t100_p0550_a06_rand_s23,flat,0.1,5.5,6.0,random,23,d100,0.0,0.0008200077572837472,0.04999997094273567,"{""azimuth_jitter"": 180.0, ""azimuth_mode"": ""random"", ""backing"": 2.0, ""depth"": 50.0, ""face_h"": 60.0, ""face_w"": 60.0, ""jitter"": 0.3, ""margin_depths"": 2.0, ""pitch"": 5.5, ""plate_over"": 1.15, ""plate_t_bot"": 0.1, ""plate_t_top"": 0.1, ""seed"": 23, ""tilt_deg"": 6.0, ""tilt_jitter"": 0.0, ""topology"": ""shingle""}"
BL_FLAT_t100_p0550_a06_rand_s23,flat,0.1,5.5,6.0,random,23,d100,-20.0,0.001263133715838194,0.04999997094273567,"{""azimuth_jitter"": 180.0, ""azimuth_mode"": ""random"", ""backing"": 2.0, ""depth"": 50.0, ""face_h"": 60.0, ""face_w"": 60.0, ""jitter"": 0.3, ""margin_depths"": 2.0, ""pitch"": 5.5, ""plate_over"": 1.15, ""plate_t_bot"": 0.1, ""plate_t_top"": 0.1, ""seed"": 23, ""tilt_deg"": 6.0, ""tilt_jitter"": 0.0, ""topology"": ""shingle""}"
BL_FLAT_t100_p0550_a06_rand_s23,flat,0.1,5.5,6.0,random,23,d100,-40.0,0.0020928329322487116,0.04999997094273567,"{""azimuth_jitter"": 180.0, ""azimuth_mode"": ""random"", ""backing"": 2.0, ""depth"": 50.0, ""face_h"": 60.0, ""face_w"": 60.0, ""jitter"": 0.3, ""margin_depths"": 2.0, ""pitch"": 5.5, ""plate_over"": 1.15, ""plate_t_bot"": 0.1, ""plate_t_top"": 0.1, ""seed"": 23, ""tilt_deg"": 6.0, ""tilt_jitter"": 0.0, ""topology"": ""shingle""}"
BL_FLAT_t100_p0550_a06_rand_s23,flat,0.1,5.5,6.0,random,23,d100,20.0,0.001374127808958292,0.04999997094273567,"{""azimuth_jitter"": 180.0, ""azimuth_mode"": ""random"", ""backing"": 2.0, ""depth"": 50.0, ""face_h"": 60.0, ""face_w"": 60.0, ""jitter"": 0.3, ""margin_depths"": 2.0, ""pitch"": 5.5, ""plate_over"": 1.15, ""plate_t_bot"": 0.1, ""plate_t_top"": 0.1, ""seed"": 23, ""tilt_deg"": 6.0, ""tilt_jitter"": 0.0, ""topology"": ""shingle""}"
BL_FLAT_t100_p0550_a06_rand_s23,flat,0.1,5.5,6.0,random,23,d100,40.0,0.002158891875296831,0.04999997094273567,"{""azimuth_jitter"": 180.0, ""azimuth_mode"": ""random"", ""backing"": 2.0, ""depth"": 50.0, ""face_h"": 60.0, ""face_w"": 60.0, ""jitter"": 0.3, ""margin_depths"": 2.0, ""pitch"": 5.5, ""plate_over"": 1.15, ""plate_t_bot"": 0.1, ""plate_t_top"": 0.1, ""seed"": 23, ""tilt_deg"": 6.0, ""tilt_jitter"": 0.0, ""topology"": ""shingle""}"
BL_FLAT_t100_p0550_a06_grid_s23,flat,0.1,5.5,6.0,grid,23,d00,0.0,0.0010674174409359694,0.04999997094273567,"{""azimuth_jitter"": 180.0, ""azimuth_mode"": ""grid"", ""backing"": 2.0, ""depth"": 50.0, ""face_h"": 60.0, ""face_w"": 60.0, ""jitter"": 0.3, ""margin_depths"": 2.0, ""pitch"": 5.5, ""plate_over"": 1.15, ""plate_t_bot"": 0.1, ""plate_t_top"": 0.1, ""seed"": 23, ""tilt_deg"": 6.0, ""tilt_jitter"": 0.0, ""topology"": ""shingle""}"
BL_FLAT_t100_p0550_a06_grid_s23,flat,0.1,5.5,6.0,grid,23,d00,-20.0,0.0006291917525231838,0.04999997094273567,"{""azimuth_jitter"": 180.0, ""azimuth_mode"": ""grid"", ""backing"": 2.0, ""depth"": 50.0, ""face_h"": 60.0, ""face_w"": 60.0, ""jitter"": 0.3, ""margin_depths"": 2.0, ""pitch"": 5.5, ""plate_over"": 1.15, ""plate_t_bot"": 0.1, ""plate_t_top"": 0.1, ""seed"": 23, ""tilt_deg"": 6.0, ""tilt_jitter"": 0.0, ""topology"": ""shingle""}"
BL_FLAT_t100_p0550_a06_grid_s23,flat,0.1,5.5,6.0,grid,23,d00,-40.0,0.0006001556175760925,0.04999997094273567,"{""azimuth_jitter"": 180.0, ""azimuth_mode"": ""grid"", ""backing"": 2.0, ""depth"": 50.0, ""face_h"": 60.0, ""face_w"": 60.0, ""jitter"": 0.3, ""margin_depths"": 2.0, ""pitch"": 5.5, ""plate_over"": 1.15, ""plate_t_bot"": 0.1, ""plate_t_top"": 0.1, ""seed"": 23, ""tilt_deg"": 6.0, ""tilt_jitter"": 0.0, ""topology"": ""shingle""}"
BL_FLAT_t100_p0550_a06_grid_s23,flat,0.1,5.5,6.0,grid,23,d00,20.0,0.0005616898997686803,0.04999997094273567,"{""azimuth_jitter"": 180.0, ""azimuth_mode"": ""grid"", ""backing"": 2.0, ""depth"": 50.0, ""face_h"": 60.0, ""face_w"": 60.0, ""jitter"": 0.3, ""margin_depths"": 2.0, ""pitch"": 5.5, ""plate_over"": 1.15, ""plate_t_bot"": 0.1, ""plate_t_top"": 0.1, ""seed"": 23, ""tilt_deg"": 6.0, ""tilt_jitter"": 0.0, ""topology"": ""shingle""}"
BL_FLAT_t100_p0550_a06_grid_s23,flat,0.1,5.5,6.0,grid,23,d00,40.0,0.0005998856504447758,0.04999997094273567,"{""azimuth_jitter"": 180.0, ""azimuth_mode"": ""grid"", ""backing"": 2.0, ""depth"": 50.0, ""face_h"": 60.0, ""face_w"": 60.0, ""jitter"": 0.3, ""margin_depths"": 2.0, ""pitch"": 5.5, ""plate_over"": 1.15, ""plate_t_bot"": 0.1, ""plate_t_top"": 0.1, ""seed"": 23, ""tilt_deg"": 6.0, ""tilt_jitter"": 0.0, ""topology"": ""shingle""}"
BL_FLAT_t100_p0550_a06_grid_s23,flat,0.1,5.5,6.0,grid,23,d76,0.0,0.0008349542040377855,0.04999997094273567,"{""azimuth_jitter"": 180.0, ""azimuth_mode"": ""grid"", ""backing"": 2.0, ""depth"": 50.0, ""face_h"": 60.0, ""face_w"": 60.0, ""jitter"": 0.3, ""margin_depths"": 2.0, ""pitch"": 5.5, ""plate_over"": 1.15, ""plate_t_bot"": 0.1, ""plate_t_top"": 0.1, ""seed"": 23, ""tilt_deg"": 6.0, ""tilt_jitter"": 0.0, ""topology"": ""shingle""}"
BL_FLAT_t100_p0550_a06_grid_s23,flat,0.1,5.5,6.0,grid,23,d76,-20.0,0.0009020913275890052,0.04999997094273567,"{""azimuth_jitter"": 180.0, ""azimuth_mode"": ""grid"", ""backing"": 2.0, ""depth"": 50.0, ""face_h"": 60.0, ""face_w"": 60.0, ""jitter"": 0.3, ""margin_depths"": 2.0, ""pitch"": 5.5, ""plate_over"": 1.15, ""plate_t_bot"": 0.1, ""plate_t_top"": 0.1, ""seed"": 23, ""tilt_deg"": 6.0, ""tilt_jitter"": 0.0, ""topology"": ""shingle""}"
BL_FLAT_t100_p0550_a06_grid_s23,flat,0.1,5.5,6.0,grid,23,d76,-40.0,0.001408176845870912,0.04999997094273567,"{""azimuth_jitter"": 180.0, ""azimuth_mode"": ""grid"", ""backing"": 2.0, ""depth"": 50.0, ""face_h"": 60.0, ""face_w"": 60.0, ""jitter"": 0.3, ""margin_depths"": 2.0, ""pitch"": 5.5, ""plate_over"": 1.15, ""plate_t_bot"": 0.1, ""plate_t_top"": 0.1, ""seed"": 23, ""tilt_deg"": 6.0, ""tilt_jitter"": 0.0, ""topology"": ""shingle""}"
BL_FLAT_t100_p0550_a06_grid_s23,flat,0.1,5.5,6.0,grid,23,d76,20.0,0.0012974073179066181,0.04999997094273567,"{""azimuth_jitter"": 180.0, ""azimuth_mode"": ""grid"", ""backing"": 2.0, ""depth"": 50.0, ""face_h"": 60.0, ""face_w"": 60.0, ""jitter"": 0.3, ""margin_depths"": 2.0, ""pitch"": 5.5, ""plate_over"": 1.15, ""plate_t_bot"": 0.1, ""plate_t_top"": 0.1, ""seed"": 23, ""tilt_deg"": 6.0, ""tilt_jitter"": 0.0, ""topology"": ""shingle""}"
BL_FLAT_t100_p0550_a06_grid_s23,flat,0.1,5.5,6.0,grid,23,d76,40.0,0.0018569988897070289,0.04999997094273567,"{""azimuth_jitter"": 180.0, ""azimuth_mode"": ""grid"", ""backing"": 2.0, ""depth"": 50.0, ""face_h"": 60.0, ""face_w"": 60.0, ""jitter"": 0.3, ""margin_depths"": 2.0, ""pitch"": 5.5, ""plate_over"": 1.15, ""plate_t_bot"": 0.1, ""plate_t_top"": 0.1, ""seed"": 23, ""tilt_deg"": 6.0, ""tilt_jitter"": 0.0, ""topology"": ""shingle""}"
BL_FLAT_t100_p0550_a06_grid_s23,flat,0.1,5.5,6.0,grid,23,d100,0.0,0.0008036882500164211,0.04999997094273567,"{""azimuth_jitter"": 180.0, ""azimuth_mode"": ""grid"", ""backing"": 2.0, ""depth"": 50.0, ""face_h"": 60.0, ""face_w"": 60.0, ""jitter"": 0.3, ""margin_depths"": 2.0, ""pitch"": 5.5, ""plate_over"": 1.15, ""plate_t_bot"": 0.1, ""plate_t_top"": 0.1, ""seed"": 23, ""tilt_deg"": 6.0, ""tilt_jitter"": 0.0, ""topology"": ""shingle""}"
BL_FLAT_t100_p0550_a06_grid_s23,flat,0.1,5.5,6.0,grid,23,d100,-20.0,0.0010108096757903695,0.04999997094273567,"{""azimuth_jitter"": 180.0, ""azimuth_mode"": ""grid"", ""backing"": 2.0, ""depth"": 50.0, ""face_h"": 60.0, ""face_w"": 60.0, ""jitter"": 0.3, ""margin_depths"": 2.0, ""pitch"": 5.5, ""plate_over"": 1.15, ""plate_t_bot"": 0.1, ""plate_t_top"": 0.1, ""seed"": 23, ""tilt_deg"": 6.0, ""tilt_jitter"": 0.0, ""topology"": ""shingle""}"
BL_FLAT_t100_p0550_a06_grid_s23,flat,0.1,5.5,6.0,grid,23,d100,-40.0,0.0016716435784474015,0.04999997094273567,"{""azimuth_jitter"": 180.0, ""azimuth_mode"": ""grid"", ""backing"": 2.0, ""depth"": 50.0, ""face_h"": 60.0, ""face_w"": 60.0, ""jitter"": 0.3, ""margin_depths"": 2.0, ""pitch"": 5.5, ""plate_over"": 1.15, ""plate_t_bot"": 0.1, ""plate_t_top"": 0.1, ""seed"": 23, ""tilt_deg"": 6.0, ""tilt_jitter"": 0.0, ""topology"": ""shingle""}"
BL_FLAT_t100_p0550_a06_grid_s23,flat,0.1,5.5,6.0,grid,23,d100,20.0,0.0015486055053770542,0.04999997094273567,"{""azimuth_jitter"": 180.0, ""azimuth_mode"": ""grid"", ""backing"": 2.0, ""depth"": 50.0, ""face_h"": 60.0, ""face_w"": 60.0, ""jitter"": 0.3, ""margin_depths"": 2.0, ""pitch"": 5.5, ""plate_over"": 1.15, ""plate_t_bot"": 0.1, ""plate_t_top"": 0.1, ""seed"": 23, ""tilt_deg"": 6.0, ""tilt_jitter"": 0.0, ""topology"": ""shingle""}"
BL_FLAT_t100_p0550_a06_grid_s23,flat,0.1,5.5,6.0,grid,23,d100,40.0,0.002269499935209751,0.04999997094273567,"{""azimuth_jitter"": 180.0, ""azimuth_mode"": ""grid"", ""backing"": 2.0, ""depth"": 50.0, ""face_h"": 60.0, ""face_w"": 60.0, ""jitter"": 0.3, ""margin_depths"": 2.0, ""pitch"": 5.5, ""plate_over"": 1.15, ""plate_t_bot"": 0.1, ""plate_t_top"": 0.1, ""seed"": 23, ""tilt_deg"": 6.0, ""tilt_jitter"": 0.0, ""topology"": ""shingle""}"
BL_FLAT_t100_p0750_a02_rand_s23,flat,0.1,7.5,2.0,random,23,d00,0.0,0.0028930034022778273,0.04999997094273567,"{""azimuth_jitter"": 180.0, ""azimuth_mode"": ""random"", ""backing"": 2.0, ""depth"": 50.0, ""face_h"": 60.0, ""face_w"": 60.0, ""jitter"": 0.3, ""margin_depths"": 2.0, ""pitch"": 7.5, ""plate_over"": 1.15, ""plate_t_bot"": 0.1, ""plate_t_top"": 0.1, ""seed"": 23, ""tilt_deg"": 2.0, ""tilt_jitter"": 0.0, ""topology"": ""shingle""}"
BL_FLAT_t100_p0750_a02_rand_s23,flat,0.1,7.5,2.0,random,23,d00,-20.0,0.0004371677350718528,0.04999997094273567,"{""azimuth_jitter"": 180.0, ""azimuth_mode"": ""random"", ""backing"": 2.0, ""depth"": 50.0, ""face_h"": 60.0, ""face_w"": 60.0, ""jitter"": 0.3, ""margin_depths"": 2.0, ""pitch"": 7.5, ""plate_over"": 1.15, ""plate_t_bot"": 0.1, ""plate_t_top"": 0.1, ""seed"": 23, ""tilt_deg"": 2.0, ""tilt_jitter"": 0.0, ""topology"": ""shingle""}"
BL_FLAT_t100_p0750_a02_rand_s23,flat,0.1,7.5,2.0,random,23,d00,-40.0,0.00037491245893761516,0.04999997094273567,"{""azimuth_jitter"": 180.0, ""azimuth_mode"": ""random"", ""backing"": 2.0, ""depth"": 50.0, ""face_h"": 60.0, ""face_w"": 60.0, ""jitter"": 0.3, ""margin_depths"": 2.0, ""pitch"": 7.5, ""plate_over"": 1.15, ""plate_t_bot"": 0.1, ""plate_t_top"": 0.1, ""seed"": 23, ""tilt_deg"": 2.0, ""tilt_jitter"": 0.0, ""topology"": ""shingle""}"
BL_FLAT_t100_p0750_a02_rand_s23,flat,0.1,7.5,2.0,random,23,d00,20.0,0.00047259038547053933,0.04999997094273567,"{""azimuth_jitter"": 180.0, ""azimuth_mode"": ""random"", ""backing"": 2.0, ""depth"": 50.0, ""face_h"": 60.0, ""face_w"": 60.0, ""jitter"": 0.3, ""margin_depths"": 2.0, ""pitch"": 7.5, ""plate_over"": 1.15, ""plate_t_bot"": 0.1, ""plate_t_top"": 0.1, ""seed"": 23, ""tilt_deg"": 2.0, ""tilt_jitter"": 0.0, ""topology"": ""shingle""}"
BL_FLAT_t100_p0750_a02_rand_s23,flat,0.1,7.5,2.0,random,23,d00,40.0,0.00037086225347593427,0.04999997094273567,"{""azimuth_jitter"": 180.0, ""azimuth_mode"": ""random"", ""backing"": 2.0, ""depth"": 50.0, ""face_h"": 60.0, ""face_w"": 60.0, ""jitter"": 0.3, ""margin_depths"": 2.0, ""pitch"": 7.5, ""plate_over"": 1.15, ""plate_t_bot"": 0.1, ""plate_t_top"": 0.1, ""seed"": 23, ""tilt_deg"": 2.0, ""tilt_jitter"": 0.0, ""topology"": ""shingle""}"
BL_FLAT_t100_p0750_a02_rand_s23,flat,0.1,7.5,2.0,random,23,d76,0.0,0.0010442615021020174,0.04999997094273567,"{""azimuth_jitter"": 180.0, ""azimuth_mode"": ""random"", ""backing"": 2.0, ""depth"": 50.0, ""face_h"": 60.0, ""face_w"": 60.0, ""jitter"": 0.3, ""margin_depths"": 2.0, ""pitch"": 7.5, ""plate_over"": 1.15, ""plate_t_bot"": 0.1, ""plate_t_top"": 0.1, ""seed"": 23, ""tilt_deg"": 2.0, ""tilt_jitter"": 0.0, ""topology"": ""shingle""}"
BL_FLAT_t100_p0750_a02_rand_s23,flat,0.1,7.5,2.0,random,23,d76,-20.0,0.0010442405473440886,0.04999997094273567,"{""azimuth_jitter"": 180.0, ""azimuth_mode"": ""random"", ""backing"": 2.0, ""depth"": 50.0, ""face_h"": 60.0, ""face_w"": 60.0, ""jitter"": 0.3, ""margin_depths"": 2.0, ""pitch"": 7.5, ""plate_over"": 1.15, ""plate_t_bot"": 0.1, ""plate_t_top"": 0.1, ""seed"": 23, ""tilt_deg"": 2.0, ""tilt_jitter"": 0.0, ""topology"": ""shingle""}"
BL_FLAT_t100_p0750_a02_rand_s23,flat,0.1,7.5,2.0,random,23,d76,-40.0,0.0016993164317682385,0.04999997094273567,"{""azimuth_jitter"": 180.0, ""azimuth_mode"": ""random"", ""backing"": 2.0, ""depth"": 50.0, ""face_h"": 60.0, ""face_w"": 60.0, ""jitter"": 0.3, ""margin_depths"": 2.0, ""pitch"": 7.5, ""plate_over"": 1.15, ""plate_t_bot"": 0.1, ""plate_t_top"": 0.1, ""seed"": 23, ""tilt_deg"": 2.0, ""tilt_jitter"": 0.0, ""topology"": ""shingle""}"
BL_FLAT_t100_p0750_a02_rand_s23,flat,0.1,7.5,2.0,random,23,d76,20.0,0.0010218035895377398,0.04999997094273567,"{""azimuth_jitter"": 180.0, ""azimuth_mode"": ""random"", ""backing"": 2.0, ""depth"": 50.0, ""face_h"": 60.0, ""face_w"": 60.0, ""jitter"": 0.3, ""margin_depths"": 2.0, ""pitch"": 7.5, ""plate_over"": 1.15, ""plate_t_bot"": 0.1, ""plate_t_top"": 0.1, ""seed"": 23, ""tilt_deg"": 2.0, ""tilt_jitter"": 0.0, ""topology"": ""shingle""}"
BL_FLAT_t100_p0750_a02_rand_s23,flat,0.1,7.5,2.0,random,23,d76,40.0,0.0016701158601790667,0.04999997094273567,"{""azimuth_jitter"": 180.0, ""azimuth_mode"": ""random"", ""backing"": 2.0, ""depth"": 50.0, ""face_h"": 60.0, ""face_w"": 60.0, ""jitter"": 0.3, ""margin_depths"": 2.0, ""pitch"": 7.5, ""plate_over"": 1.15, ""plate_t_bot"": 0.1, ""plate_t_top"": 0.1, ""seed"": 23, ""tilt_deg"": 2.0, ""tilt_jitter"": 0.0, ""topology"": ""shingle""}"
BL_FLAT_t100_p0750_a02_rand_s23,flat,0.1,7.5,2.0,random,23,d100,0.0,0.000518202141392976,0.04999997094273567,"{""azimuth_jitter"": 180.0, ""azimuth_mode"": ""random"", ""backing"": 2.0, ""depth"": 50.0, ""face_h"": 60.0, ""face_w"": 60.0, ""jitter"": 0.3, ""margin_depths"": 2.0, ""pitch"": 7.5, ""plate_over"": 1.15, ""plate_t_bot"": 0.1, ""plate_t_top"": 0.1, ""seed"": 23, ""tilt_deg"": 2.0, ""tilt_jitter"": 0.0, ""topology"": ""shingle""}"
BL_FLAT_t100_p0750_a02_rand_s23,flat,0.1,7.5,2.0,random,23,d100,-20.0,0.0012524147750809789,0.04999997094273567,"{""azimuth_jitter"": 180.0, ""azimuth_mode"": ""random"", ""backing"": 2.0, ""depth"": 50.0, ""face_h"": 60.0, ""face_w"": 60.0, ""jitter"": 0.3, ""margin_depths"": 2.0, ""pitch"": 7.5, ""plate_over"": 1.15, ""plate_t_bot"": 0.1, ""plate_t_top"": 0.1, ""seed"": 23, ""tilt_deg"": 2.0, ""tilt_jitter"": 0.0, ""topology"": ""shingle""}"
BL_FLAT_t100_p0750_a02_rand_s23,flat,0.1,7.5,2.0,random,23,d100,-40.0,0.002123106038197875,0.04999997094273567,"{""azimuth_jitter"": 180.0, ""azimuth_mode"": ""random"", ""backing"": 2.0, ""depth"": 50.0, ""face_h"": 60.0, ""face_w"": 60.0, ""jitter"": 0.3, ""margin_depths"": 2.0, ""pitch"": 7.5, ""plate_over"": 1.15, ""plate_t_bot"": 0.1, ""plate_t_top"": 0.1, ""seed"": 23, ""tilt_deg"": 2.0, ""tilt_jitter"": 0.0, ""topology"": ""shingle""}"
BL_FLAT_t100_p0750_a02_rand_s23,flat,0.1,7.5,2.0,random,23,d100,20.0,0.0012047539930790663,0.04999997094273567,"{""azimuth_jitter"": 180.0, ""azimuth_mode"": ""random"", ""backing"": 2.0, ""depth"": 50.0, ""face_h"": 60.0, ""face_w"": 60.0, ""jitter"": 0.3, ""margin_depths"": 2.0, ""pitch"": 7.5, ""plate_over"": 1.15, ""plate_t_bot"": 0.1, ""plate_t_top"": 0.1, ""seed"": 23, ""tilt_deg"": 2.0, ""tilt_jitter"": 0.0, ""topology"": ""shingle""}"
BL_FLAT_t100_p0750_a02_rand_s23,flat,0.1,7.5,2.0,random,23,d100,40.0,0.0021027622278779745,0.04999997094273567,"{""azimuth_jitter"": 180.0, ""azimuth_mode"": ""random"", ""backing"": 2.0, ""depth"": 50.0, ""face_h"": 60.0, ""face_w"": 60.0, ""jitter"": 0.3, ""margin_depths"": 2.0, ""pitch"": 7.5, ""plate_over"": 1.15, ""plate_t_bot"": 0.1, ""plate_t_top"": 0.1, ""seed"": 23, ""tilt_deg"": 2.0, ""tilt_jitter"": 0.0, ""topology"": ""shingle""}"
BL_FLAT_t100_p0750_a02_grid_s23,flat,0.1,7.5,2.0,grid,23,d00,0.0,0.003062271047383547,0.04999997094273567,"{""azimuth_jitter"": 180.0, ""azimuth_mode"": ""grid"", ""backing"": 2.0, ""depth"": 50.0, ""face_h"": 60.0, ""face_w"": 60.0, ""jitter"": 0.3, ""margin_depths"": 2.0, ""pitch"": 7.5, ""plate_over"": 1.15, ""plate_t_bot"": 0.1, ""plate_t_top"": 0.1, ""seed"": 23, ""tilt_deg"": 2.0, ""tilt_jitter"": 0.0, ""topology"": ""shingle""}"
BL_FLAT_t100_p0750_a02_grid_s23,flat,0.1,7.5,2.0,grid,23,d00,-20.0,0.0006000677822157741,0.04999997094273567,"{""azimuth_jitter"": 180.0, ""azimuth_mode"": ""grid"", ""backing"": 2.0, ""depth"": 50.0, ""face_h"": 60.0, ""face_w"": 60.0, ""jitter"": 0.3, ""margin_depths"": 2.0, ""pitch"": 7.5, ""plate_over"": 1.15, ""plate_t_bot"": 0.1, ""plate_t_top"": 0.1, ""seed"": 23, ""tilt_deg"": 2.0, ""tilt_jitter"": 0.0, ""topology"": ""shingle""}"
BL_FLAT_t100_p0750_a02_grid_s23,flat,0.1,7.5,2.0,grid,23,d00,-40.0,0.00035283443867228925,0.04999997094273567,"{""azimuth_jitter"": 180.0, ""azimuth_mode"": ""grid"", ""backing"": 2.0, ""depth"": 50.0, ""face_h"": 60.0, ""face_w"": 60.0, ""jitter"": 0.3, ""margin_depths"": 2.0, ""pitch"": 7.5, ""plate_over"": 1.15, ""plate_t_bot"": 0.1, ""plate_t_top"": 0.1, ""seed"": 23, ""tilt_deg"": 2.0, ""tilt_jitter"": 0.0, ""topology"": ""shingle""}"
BL_FLAT_t100_p0750_a02_grid_s23,flat,0.1,7.5,2.0,grid,23,d00,20.0,0.00043194397585466504,0.04999997094273567,"{""azimuth_jitter"": 180.0, ""azimuth_mode"": ""grid"", ""backing"": 2.0, ""depth"": 50.0, ""face_h"": 60.0, ""face_w"": 60.0, ""jitter"": 0.3, ""margin_depths"": 2.0, ""pitch"": 7.5, ""plate_over"": 1.15, ""plate_t_bot"": 0.1, ""plate_t_top"": 0.1, ""seed"": 23, ""tilt_deg"": 2.0, ""tilt_jitter"": 0.0, ""topology"": ""shingle""}"
BL_FLAT_t100_p0750_a02_grid_s23,flat,0.1,7.5,2.0,grid,23,d00,40.0,0.0003474054974503815,0.04999997094273567,"{""azimuth_jitter"": 180.0, ""azimuth_mode"": ""grid"", ""backing"": 2.0, ""depth"": 50.0, ""face_h"": 60.0, ""face_w"": 60.0, ""jitter"": 0.3, ""margin_depths"": 2.0, ""pitch"": 7.5, ""plate_over"": 1.15, ""plate_t_bot"": 0.1, ""plate_t_top"": 0.1, ""seed"": 23, ""tilt_deg"": 2.0, ""tilt_jitter"": 0.0, ""topology"": ""shingle""}"
BL_FLAT_t100_p0750_a02_grid_s23,flat,0.1,7.5,2.0,grid,23,d76,0.0,0.0011204410111531615,0.04999997094273567,"{""azimuth_jitter"": 180.0, ""azimuth_mode"": ""grid"", ""backing"": 2.0, ""depth"": 50.0, ""face_h"": 60.0, ""face_w"": 60.0, ""jitter"": 0.3, ""margin_depths"": 2.0, ""pitch"": 7.5, ""plate_over"": 1.15, ""plate_t_bot"": 0.1, ""plate_t_top"": 0.1, ""seed"": 23, ""tilt_deg"": 2.0, ""tilt_jitter"": 0.0, ""topology"": ""shingle""}"
BL_FLAT_t100_p0750_a02_grid_s23,flat,0.1,7.5,2.0,grid,23,d76,-20.0,0.0011184653267264366,0.04999997094273567,"{""azimuth_jitter"": 180.0, ""azimuth_mode"": ""grid"", ""backing"": 2.0, ""depth"": 50.0, ""face_h"": 60.0, ""face_w"": 60.0, ""jitter"": 0.3, ""margin_depths"": 2.0, ""pitch"": 7.5, ""plate_over"": 1.15, ""plate_t_bot"": 0.1, ""plate_t_top"": 0.1, ""seed"": 23, ""tilt_deg"": 2.0, ""tilt_jitter"": 0.0, ""topology"": ""shingle""}"
BL_FLAT_t100_p0750_a02_grid_s23,flat,0.1,7.5,2.0,grid,23,d76,-40.0,0.0017558230319991708,0.04999997094273567,"{""azimuth_jitter"": 180.0, ""azimuth_mode"": ""grid"", ""backing"": 2.0, ""depth"": 50.0, ""face_h"": 60.0, ""face_w"": 60.0, ""jitter"": 0.3, ""margin_depths"": 2.0, ""pitch"": 7.5, ""plate_over"": 1.15, ""plate_t_bot"": 0.1, ""plate_t_top"": 0.1, ""seed"": 23, ""tilt_deg"": 2.0, ""tilt_jitter"": 0.0, ""topology"": ""shingle""}"
BL_FLAT_t100_p0750_a02_grid_s23,flat,0.1,7.5,2.0,grid,23,d76,20.0,0.0011264646891504526,0.04999997094273567,"{""azimuth_jitter"": 180.0, ""azimuth_mode"": ""grid"", ""backing"": 2.0, ""depth"": 50.0, ""face_h"": 60.0, ""face_w"": 60.0, ""jitter"": 0.3, ""margin_depths"": 2.0, ""pitch"": 7.5, ""plate_over"": 1.15, ""plate_t_bot"": 0.1, ""plate_t_top"": 0.1, ""seed"": 23, ""tilt_deg"": 2.0, ""tilt_jitter"": 0.0, ""topology"": ""shingle""}"
BL_FLAT_t100_p0750_a02_grid_s23,flat,0.1,7.5,2.0,grid,23,d76,40.0,0.0017806963296607137,0.04999997094273567,"{""azimuth_jitter"": 180.0, ""azimuth_mode"": ""grid"", ""backing"": 2.0, ""depth"": 50.0, ""face_h"": 60.0, ""face_w"": 60.0, ""jitter"": 0.3, ""margin_depths"": 2.0, ""pitch"": 7.5, ""plate_over"": 1.15, ""plate_t_bot"": 0.1, ""plate_t_top"": 0.1, ""seed"": 23, ""tilt_deg"": 2.0, ""tilt_jitter"": 0.0, ""topology"": ""shingle""}"
BL_FLAT_t100_p0750_a02_grid_s23,flat,0.1,7.5,2.0,grid,23,d100,0.0,0.0005727360839955509,0.04999997094273567,"{""azimuth_jitter"": 180.0, ""azimuth_mode"": ""grid"", ""backing"": 2.0, ""depth"": 50.0, ""face_h"": 60.0, ""face_w"": 60.0, ""jitter"": 0.3, ""margin_depths"": 2.0, ""pitch"": 7.5, ""plate_over"": 1.15, ""plate_t_bot"": 0.1, ""plate_t_top"": 0.1, ""seed"": 23, ""tilt_deg"": 2.0, ""tilt_jitter"": 0.0, ""topology"": ""shingle""}"
BL_FLAT_t100_p0750_a02_grid_s23,flat,0.1,7.5,2.0,grid,23,d100,-20.0,0.0012989374808967113,0.04999997094273567,"{""azimuth_jitter"": 180.0, ""azimuth_mode"": ""grid"", ""backing"": 2.0, ""depth"": 50.0, ""face_h"": 60.0, ""face_w"": 60.0, ""jitter"": 0.3, ""margin_depths"": 2.0, ""pitch"": 7.5, ""plate_over"": 1.15, ""plate_t_bot"": 0.1, ""plate_t_top"": 0.1, ""seed"": 23, ""tilt_deg"": 2.0, ""tilt_jitter"": 0.0, ""topology"": ""shingle""}"
BL_FLAT_t100_p0750_a02_grid_s23,flat,0.1,7.5,2.0,grid,23,d100,-40.0,0.002216493943706155,0.04999997094273567,"{""azimuth_jitter"": 180.0, ""azimuth_mode"": ""grid"", ""backing"": 2.0, ""depth"": 50.0, ""face_h"": 60.0, ""face_w"": 60.0, ""jitter"": 0.3, ""margin_depths"": 2.0, ""pitch"": 7.5, ""plate_over"": 1.15, ""plate_t_bot"": 0.1, ""plate_t_top"": 0.1, ""seed"": 23, ""tilt_deg"": 2.0, ""tilt_jitter"": 0.0, ""topology"": ""shingle""}"
BL_FLAT_t100_p0750_a02_grid_s23,flat,0.1,7.5,2.0,grid,23,d100,20.0,0.001369799836538732,0.04999997094273567,"{""azimuth_jitter"": 180.0, ""azimuth_mode"": ""grid"", ""backing"": 2.0, ""depth"": 50.0, ""face_h"": 60.0, ""face_w"": 60.0, ""jitter"": 0.3, ""margin_depths"": 2.0, ""pitch"": 7.5, ""plate_over"": 1.15, ""plate_t_bot"": 0.1, ""plate_t_top"": 0.1, ""seed"": 23, ""tilt_deg"": 2.0, ""tilt_jitter"": 0.0, ""topology"": ""shingle""}"
BL_FLAT_t100_p0750_a02_grid_s23,flat,0.1,7.5,2.0,grid,23,d100,40.0,0.00224295980297029,0.04999997094273567,"{""azimuth_jitter"": 180.0, ""azimuth_mode"": ""grid"", ""backing"": 2.0, ""depth"": 50.0, ""face_h"": 60.0, ""face_w"": 60.0, ""jitter"": 0.3, ""margin_depths"": 2.0, ""pitch"": 7.5, ""plate_over"": 1.15, ""plate_t_bot"": 0.1, ""plate_t_top"": 0.1, ""seed"": 23, ""tilt_deg"": 2.0, ""tilt_jitter"": 0.0, ""topology"": ""shingle""}"
BL_FLAT_t100_p0750_a06_rand_s23,flat,0.1,7.5,6.0,random,23,d00,0.0,0.001778304809704423,0.04999997094273567,"{""azimuth_jitter"": 180.0, ""azimuth_mode"": ""random"", ""backing"": 2.0, ""depth"": 50.0, ""face_h"": 60.0, ""face_w"": 60.0, ""jitter"": 0.3, ""margin_depths"": 2.0, ""pitch"": 7.5, ""plate_over"": 1.15, ""plate_t_bot"": 0.1, ""plate_t_top"": 0.1, ""seed"": 23, ""tilt_deg"": 6.0, ""tilt_jitter"": 0.0, ""topology"": ""shingle""}"
BL_FLAT_t100_p0750_a06_rand_s23,flat,0.1,7.5,6.0,random,23,d00,-20.0,0.00046742273843847215,0.04999997094273567,"{""azimuth_jitter"": 180.0, ""azimuth_mode"": ""random"", ""backing"": 2.0, ""depth"": 50.0, ""face_h"": 60.0, ""face_w"": 60.0, ""jitter"": 0.3, ""margin_depths"": 2.0, ""pitch"": 7.5, ""plate_over"": 1.15, ""plate_t_bot"": 0.1, ""plate_t_top"": 0.1, ""seed"": 23, ""tilt_deg"": 6.0, ""tilt_jitter"": 0.0, ""topology"": ""shingle""}"
BL_FLAT_t100_p0750_a06_rand_s23,flat,0.1,7.5,6.0,random,23,d00,-40.0,0.00038767082151025534,0.04999997094273567,"{""azimuth_jitter"": 180.0, ""azimuth_mode"": ""random"", ""backing"": 2.0, ""depth"": 50.0, ""face_h"": 60.0, ""face_w"": 60.0, ""jitter"": 0.3, ""margin_depths"": 2.0, ""pitch"": 7.5, ""plate_over"": 1.15, ""plate_t_bot"": 0.1, ""plate_t_top"": 0.1, ""seed"": 23, ""tilt_deg"": 6.0, ""tilt_jitter"": 0.0, ""topology"": ""shingle""}"
BL_FLAT_t100_p0750_a06_rand_s23,flat,0.1,7.5,6.0,random,23,d00,20.0,0.0004927658010274172,0.04999997094273567,"{""azimuth_jitter"": 180.0, ""azimuth_mode"": ""random"", ""backing"": 2.0, ""depth"": 50.0, ""face_h"": 60.0, ""face_w"": 60.0, ""jitter"": 0.3, ""margin_depths"": 2.0, ""pitch"": 7.5, ""plate_over"": 1.15, ""plate_t_bot"": 0.1, ""plate_t_top"": 0.1, ""seed"": 23, ""tilt_deg"": 6.0, ""tilt_jitter"": 0.0, ""topology"": ""shingle""}"
BL_FLAT_t100_p0750_a06_rand_s23,flat,0.1,7.5,6.0,random,23,d00,40.0,0.0003864800382871181,0.04999997094273567,"{""azimuth_jitter"": 180.0, ""azimuth_mode"": ""random"", ""backing"": 2.0, ""depth"": 50.0, ""face_h"": 60.0, ""face_w"": 60.0, ""jitter"": 0.3, ""margin_depths"": 2.0, ""pitch"": 7.5, ""plate_over"": 1.15, ""plate_t_bot"": 0.1, ""plate_t_top"": 0.1, ""seed"": 23, ""tilt_deg"": 6.0, ""tilt_jitter"": 0.0, ""topology"": ""shingle""}"
BL_FLAT_t100_p0750_a06_rand_s23,flat,0.1,7.5,6.0,random,23,d76,0.0,0.0010131467133760452,0.04999997094273567,"{""azimuth_jitter"": 180.0, ""azimuth_mode"": ""random"", ""backing"": 2.0, ""depth"": 50.0, ""face_h"": 60.0, ""face_w"": 60.0, ""jitter"": 0.3, ""margin_depths"": 2.0, ""pitch"": 7.5, ""plate_over"": 1.15, ""plate_t_bot"": 0.1, ""plate_t_top"": 0.1, ""seed"": 23, ""tilt_deg"": 6.0, ""tilt_jitter"": 0.0, ""topology"": ""shingle""}"
BL_FLAT_t100_p0750_a06_rand_s23,flat,0.1,7.5,6.0,random,23,d76,-20.0,0.00114935461897403,0.04999997094273567,"{""azimuth_jitter"": 180.0, ""azimuth_mode"": ""random"", ""backing"": 2.0, ""depth"": 50.0, ""face_h"": 60.0, ""face_w"": 60.0, ""jitter"": 0.3, ""margin_depths"": 2.0, ""pitch"": 7.5, ""plate_over"": 1.15, ""plate_t_bot"": 0.1, ""plate_t_top"": 0.1, ""seed"": 23, ""tilt_deg"": 6.0, ""tilt_jitter"": 0.0, ""topology"": ""shingle""}"
BL_FLAT_t100_p0750_a06_rand_s23,flat,0.1,7.5,6.0,random,23,d76,-40.0,0.0017850385047495365,0.04999997094273567,"{""azimuth_jitter"": 180.0, ""azimuth_mode"": ""random"", ""backing"": 2.0, ""depth"": 50.0, ""face_h"": 60.0, ""face_w"": 60.0, ""jitter"": 0.3, ""margin_depths"": 2.0, ""pitch"": 7.5, ""plate_over"": 1.15, ""plate_t_bot"": 0.1, ""plate_t_top"": 0.1, ""seed"": 23, ""tilt_deg"": 6.0, ""tilt_jitter"": 0.0, ""topology"": ""shingle""}"
BL_FLAT_t100_p0750_a06_rand_s23,flat,0.1,7.5,6.0,random,23,d76,20.0,0.001051519182510674,0.04999997094273567,"{""azimuth_jitter"": 180.0, ""azimuth_mode"": ""random"", ""backing"": 2.0, ""depth"": 50.0, ""face_h"": 60.0, ""face_w"": 60.0, ""jitter"": 0.3, ""margin_depths"": 2.0, ""pitch"": 7.5, ""plate_over"": 1.15, ""plate_t_bot"": 0.1, ""plate_t_top"": 0.1, ""seed"": 23, ""tilt_deg"": 6.0, ""tilt_jitter"": 0.0, ""topology"": ""shingle""}"
BL_FLAT_t100_p0750_a06_rand_s23,flat,0.1,7.5,6.0,random,23,d76,40.0,0.0016699713887646794,0.04999997094273567,"{""azimuth_jitter"": 180.0, ""azimuth_mode"": ""random"", ""backing"": 2.0, ""depth"": 50.0, ""face_h"": 60.0, ""face_w"": 60.0, ""jitter"": 0.3, ""margin_depths"": 2.0, ""pitch"": 7.5, ""plate_over"": 1.15, ""plate_t_bot"": 0.1, ""plate_t_top"": 0.1, ""seed"": 23, ""tilt_deg"": 6.0, ""tilt_jitter"": 0.0, ""topology"": ""shingle""}"
BL_FLAT_t100_p0750_a06_rand_s23,flat,0.1,7.5,6.0,random,23,d100,0.0,0.0008158243144862354,0.04999997094273567,"{""azimuth_jitter"": 180.0, ""azimuth_mode"": ""random"", ""backing"": 2.0, ""depth"": 50.0, ""face_h"": 60.0, ""face_w"": 60.0, ""jitter"": 0.3, ""margin_depths"": 2.0, ""pitch"": 7.5, ""plate_over"": 1.15, ""plate_t_bot"": 0.1, ""plate_t_top"": 0.1, ""seed"": 23, ""tilt_deg"": 6.0, ""tilt_jitter"": 0.0, ""topology"": ""shingle""}"
BL_FLAT_t100_p0750_a06_rand_s23,flat,0.1,7.5,6.0,random,23,d100,-20.0,0.0013846360379830003,0.04999997094273567,"{""azimuth_jitter"": 180.0, ""azimuth_mode"": ""random"", ""backing"": 2.0, ""depth"": 50.0, ""face_h"": 60.0, ""face_w"": 60.0, ""jitter"": 0.3, ""margin_depths"": 2.0, ""pitch"": 7.5, ""plate_over"": 1.15, ""plate_t_bot"": 0.1, ""plate_t_top"": 0.1, ""seed"": 23, ""tilt_deg"": 6.0, ""tilt_jitter"": 0.0, ""topology"": ""shingle""}"
BL_FLAT_t100_p0750_a06_rand_s23,flat,0.1,7.5,6.0,random,23,d100,-40.0,0.0022238229867070913,0.04999997094273567,"{""azimuth_jitter"": 180.0, ""azimuth_mode"": ""random"", ""backing"": 2.0, ""depth"": 50.0, ""face_h"": 60.0, ""face_w"": 60.0, ""jitter"": 0.3, ""margin_depths"": 2.0, ""pitch"": 7.5, ""plate_over"": 1.15, ""plate_t_bot"": 0.1, ""plate_t_top"": 0.1, ""seed"": 23, ""tilt_deg"": 6.0, ""tilt_jitter"": 0.0, ""topology"": ""shingle""}"
BL_FLAT_t100_p0750_a06_rand_s23,flat,0.1,7.5,6.0,random,23,d100,20.0,0.0012445775792002678,0.04999997094273567,"{""azimuth_jitter"": 180.0, ""azimuth_mode"": ""random"", ""backing"": 2.0, ""depth"": 50.0, ""face_h"": 60.0, ""face_w"": 60.0, ""jitter"": 0.3, ""margin_depths"": 2.0, ""pitch"": 7.5, ""plate_over"": 1.15, ""plate_t_bot"": 0.1, ""plate_t_top"": 0.1, ""seed"": 23, ""tilt_deg"": 6.0, ""tilt_jitter"": 0.0, ""topology"": ""shingle""}"
BL_FLAT_t100_p0750_a06_rand_s23,flat,0.1,7.5,6.0,random,23,d100,40.0,0.0020899521186947823,0.04999997094273567,"{""azimuth_jitter"": 180.0, ""azimuth_mode"": ""random"", ""backing"": 2.0, ""depth"": 50.0, ""face_h"": 60.0, ""face_w"": 60.0, ""jitter"": 0.3, ""margin_depths"": 2.0, ""pitch"": 7.5, ""plate_over"": 1.15, ""plate_t_bot"": 0.1, ""plate_t_top"": 0.1, ""seed"": 23, ""tilt_deg"": 6.0, ""tilt_jitter"": 0.0, ""topology"": ""shingle""}"
BL_FLAT_t100_p0750_a06_grid_s23,flat,0.1,7.5,6.0,grid,23,d00,0.0,0.0016757717821747065,0.04999997094273567,"{""azimuth_jitter"": 180.0, ""azimuth_mode"": ""grid"", ""backing"": 2.0, ""depth"": 50.0, ""face_h"": 60.0, ""face_w"": 60.0, ""jitter"": 0.3, ""margin_depths"": 2.0, ""pitch"": 7.5, ""plate_over"": 1.15, ""plate_t_bot"": 0.1, ""plate_t_top"": 0.1, ""seed"": 23, ""tilt_deg"": 6.0, ""tilt_jitter"": 0.0, ""topology"": ""shingle""}"
BL_FLAT_t100_p0750_a06_grid_s23,flat,0.1,7.5,6.0,grid,23,d00,-20.0,0.000589034054428339,0.04999997094273567,"{""azimuth_jitter"": 180.0, ""azimuth_mode"": ""grid"", ""backing"": 2.0, ""depth"": 50.0, ""face_h"": 60.0, ""face_w"": 60.0, ""jitter"": 0.3, ""margin_depths"": 2.0, ""pitch"": 7.5, ""plate_over"": 1.15, ""plate_t_bot"": 0.1, ""plate_t_top"": 0.1, ""seed"": 23, ""tilt_deg"": 6.0, ""tilt_jitter"": 0.0, ""topology"": ""shingle""}"
BL_FLAT_t100_p0750_a06_grid_s23,flat,0.1,7.5,6.0,grid,23,d00,-40.0,0.00038197776302695274,0.04999997094273567,"{""azimuth_jitter"": 180.0, ""azimuth_mode"": ""grid"", ""backing"": 2.0, ""depth"": 50.0, ""face_h"": 60.0, ""face_w"": 60.0, ""jitter"": 0.3, ""margin_depths"": 2.0, ""pitch"": 7.5, ""plate_over"": 1.15, ""plate_t_bot"": 0.1, ""plate_t_top"": 0.1, ""seed"": 23, ""tilt_deg"": 6.0, ""tilt_jitter"": 0.0, ""topology"": ""shingle""}"
BL_FLAT_t100_p0750_a06_grid_s23,flat,0.1,7.5,6.0,grid,23,d00,20.0,0.0004138308868277818,0.04999997094273567,"{""azimuth_jitter"": 180.0, ""azimuth_mode"": ""grid"", ""backing"": 2.0, ""depth"": 50.0, ""face_h"": 60.0, ""face_w"": 60.0, ""jitter"": 0.3, ""margin_depths"": 2.0, ""pitch"": 7.5, ""plate_over"": 1.15, ""plate_t_bot"": 0.1, ""plate_t_top"": 0.1, ""seed"": 23, ""tilt_deg"": 6.0, ""tilt_jitter"": 0.0, ""topology"": ""shingle""}"
BL_FLAT_t100_p0750_a06_grid_s23,flat,0.1,7.5,6.0,grid,23,d00,40.0,0.0004232926876284182,0.04999997094273567,"{""azimuth_jitter"": 180.0, ""azimuth_mode"": ""grid"", ""backing"": 2.0, ""depth"": 50.0, ""face_h"": 60.0, ""face_w"": 60.0, ""jitter"": 0.3, ""margin_depths"": 2.0, ""pitch"": 7.5, ""plate_over"": 1.15, ""plate_t_bot"": 0.1, ""plate_t_top"": 0.1, ""seed"": 23, ""tilt_deg"": 6.0, ""tilt_jitter"": 0.0, ""topology"": ""shingle""}"
BL_FLAT_t100_p0750_a06_grid_s23,flat,0.1,7.5,6.0,grid,23,d76,0.0,0.0009689813014119864,0.04999997094273567,"{""azimuth_jitter"": 180.0, ""azimuth_mode"": ""grid"", ""backing"": 2.0, ""depth"": 50.0, ""face_h"": 60.0, ""face_w"": 60.0, ""jitter"": 0.3, ""margin_depths"": 2.0, ""pitch"": 7.5, ""plate_over"": 1.15, ""plate_t_bot"": 0.1, ""plate_t_top"": 0.1, ""seed"": 23, ""tilt_deg"": 6.0, ""tilt_jitter"": 0.0, ""topology"": ""shingle""}"
BL_FLAT_t100_p0750_a06_grid_s23,flat,0.1,7.5,6.0,grid,23,d76,-20.0,0.0009576515294611454,0.04999997094273567,"{""azimuth_jitter"": 180.0, ""azimuth_mode"": ""grid"", ""backing"": 2.0, ""depth"": 50.0, ""face_h"": 60.0, ""face_w"": 60.0, ""jitter"": 0.3, ""margin_depths"": 2.0, ""pitch"": 7.5, ""plate_over"": 1.15, ""plate_t_bot"": 0.1, ""plate_t_top"": 0.1, ""seed"": 23, ""tilt_deg"": 6.0, ""tilt_jitter"": 0.0, ""topology"": ""shingle""}"
BL_FLAT_t100_p0750_a06_grid_s23,flat,0.1,7.5,6.0,grid,23,d76,-40.0,0.0015960389282554388,0.04999997094273567,"{""azimuth_jitter"": 180.0, ""azimuth_mode"": ""grid"", ""backing"": 2.0, ""depth"": 50.0, ""face_h"": 60.0, ""face_w"": 60.0, ""jitter"": 0.3, ""margin_depths"": 2.0, ""pitch"": 7.5, ""plate_over"": 1.15, ""plate_t_bot"": 0.1, ""plate_t_top"": 0.1, ""seed"": 23, ""tilt_deg"": 6.0, ""tilt_jitter"": 0.0, ""topology"": ""shingle""}"
BL_FLAT_t100_p0750_a06_grid_s23,flat,0.1,7.5,6.0,grid,23,d76,20.0,0.0013706129975616932,0.04999997094273567,"{""azimuth_jitter"": 180.0, ""azimuth_mode"": ""grid"", ""backing"": 2.0, ""depth"": 50.0, ""face_h"": 60.0, ""face_w"": 60.0, ""jitter"": 0.3, ""margin_depths"": 2.0, ""pitch"": 7.5, ""plate_over"": 1.15, ""plate_t_bot"": 0.1, ""plate_t_top"": 0.1, ""seed"": 23, ""tilt_deg"": 6.0, ""tilt_jitter"": 0.0, ""topology"": ""shingle""}"
BL_FLAT_t100_p0750_a06_grid_s23,flat,0.1,7.5,6.0,grid,23,d76,40.0,0.00204317644238472,0.04999997094273567,"{""azimuth_jitter"": 180.0, ""azimuth_mode"": ""grid"", ""backing"": 2.0, ""depth"": 50.0, ""face_h"": 60.0, ""face_w"": 60.0, ""jitter"": 0.3, ""margin_depths"": 2.0, ""pitch"": 7.5, ""plate_over"": 1.15, ""plate_t_bot"": 0.1, ""plate_t_top"": 0.1, ""seed"": 23, ""tilt_deg"": 6.0, ""tilt_jitter"": 0.0, ""topology"": ""shingle""}"
BL_FLAT_t100_p0750_a06_grid_s23,flat,0.1,7.5,6.0,grid,23,d100,0.0,0.0007943912642076612,0.04999997094273567,"{""azimuth_jitter"": 180.0, ""azimuth_mode"": ""grid"", ""backing"": 2.0, ""depth"": 50.0, ""face_h"": 60.0, ""face_w"": 60.0, ""jitter"": 0.3, ""margin_depths"": 2.0, ""pitch"": 7.5, ""plate_over"": 1.15, ""plate_t_bot"": 0.1, ""plate_t_top"": 0.1, ""seed"": 23, ""tilt_deg"": 6.0, ""tilt_jitter"": 0.0, ""topology"": ""shingle""}"
BL_FLAT_t100_p0750_a06_grid_s23,flat,0.1,7.5,6.0,grid,23,d100,-20.0,0.001110755023546517,0.04999997094273567,"{""azimuth_jitter"": 180.0, ""azimuth_mode"": ""grid"", ""backing"": 2.0, ""depth"": 50.0, ""face_h"": 60.0, ""face_w"": 60.0, ""jitter"": 0.3, ""margin_depths"": 2.0, ""pitch"": 7.5, ""plate_over"": 1.15, ""plate_t_bot"": 0.1, ""plate_t_top"": 0.1, ""seed"": 23, ""tilt_deg"": 6.0, ""tilt_jitter"": 0.0, ""topology"": ""shingle""}"
BL_FLAT_t100_p0750_a06_grid_s23,flat,0.1,7.5,6.0,grid,23,d100,-40.0,0.001995962578803301,0.04999997094273567,"{""azimuth_jitter"": 180.0, ""azimuth_mode"": ""grid"", ""backing"": 2.0, ""depth"": 50.0, ""face_h"": 60.0, ""face_w"": 60.0, ""jitter"": 0.3, ""margin_depths"": 2.0, ""pitch"": 7.5, ""plate_over"": 1.15, ""plate_t_bot"": 0.1, ""plate_t_top"": 0.1, ""seed"": 23, ""tilt_deg"": 6.0, ""tilt_jitter"": 0.0, ""topology"": ""shingle""}"
BL_FLAT_t100_p0750_a06_grid_s23,flat,0.1,7.5,6.0,grid,23,d100,20.0,0.001693478785455227,0.04999997094273567,"{""azimuth_jitter"": 180.0, ""azimuth_mode"": ""grid"", ""backing"": 2.0, ""depth"": 50.0, ""face_h"": 60.0, ""face_w"": 60.0, ""jitter"": 0.3, ""margin_depths"": 2.0, ""pitch"": 7.5, ""plate_over"": 1.15, ""plate_t_bot"": 0.1, ""plate_t_top"": 0.1, ""seed"": 23, ""tilt_deg"": 6.0, ""tilt_jitter"": 0.0, ""topology"": ""shingle""}"
BL_FLAT_t100_p0750_a06_grid_s23,flat,0.1,7.5,6.0,grid,23,d100,40.0,0.002563012531027198,0.04999997094273567,"{""azimuth_jitter"": 180.0, ""azimuth_mode"": ""grid"", ""backing"": 2.0, ""depth"": 50.0, ""face_h"": 60.0, ""face_w"": 60.0, ""jitter"": 0.3, ""margin_depths"": 2.0, ""pitch"": 7.5, ""plate_over"": 1.15, ""plate_t_bot"": 0.1, ""plate_t_top"": 0.1, ""seed"": 23, ""tilt_deg"": 6.0, ""tilt_jitter"": 0.0, ""topology"": ""shingle""}"
BL_FLAT_t200_p0550_a02_rand_s23,flat,0.2,5.5,2.0,random,23,d00,0.0,0.0023970745969563723,0.04999997094273567,"{""azimuth_jitter"": 180.0, ""azimuth_mode"": ""random"", ""backing"": 2.0, ""depth"": 50.0, ""face_h"": 60.0, ""face_w"": 60.0, ""jitter"": 0.3, ""margin_depths"": 2.0, ""pitch"": 5.5, ""plate_over"": 1.15, ""plate_t_bot"": 0.2, ""plate_t_top"": 0.2, ""seed"": 23, ""tilt_deg"": 2.0, ""tilt_jitter"": 0.0, ""topology"": ""shingle""}"
BL_FLAT_t200_p0550_a02_rand_s23,flat,0.2,5.5,2.0,random,23,d00,-20.0,0.0007766335038468242,0.04999997094273567,"{""azimuth_jitter"": 180.0, ""azimuth_mode"": ""random"", ""backing"": 2.0, ""depth"": 50.0, ""face_h"": 60.0, ""face_w"": 60.0, ""jitter"": 0.3, ""margin_depths"": 2.0, ""pitch"": 5.5, ""plate_over"": 1.15, ""plate_t_bot"": 0.2, ""plate_t_top"": 0.2, ""seed"": 23, ""tilt_deg"": 2.0, ""tilt_jitter"": 0.0, ""topology"": ""shingle""}"
BL_FLAT_t200_p0550_a02_rand_s23,flat,0.2,5.5,2.0,random,23,d00,-40.0,0.0007178118685260415,0.04999997094273567,"{""azimuth_jitter"": 180.0, ""azimuth_mode"": ""random"", ""backing"": 2.0, ""depth"": 50.0, ""face_h"": 60.0, ""face_w"": 60.0, ""jitter"": 0.3, ""margin_depths"": 2.0, ""pitch"": 5.5, ""plate_over"": 1.15, ""plate_t_bot"": 0.2, ""plate_t_top"": 0.2, ""seed"": 23, ""tilt_deg"": 2.0, ""tilt_jitter"": 0.0, ""topology"": ""shingle""}"
BL_FLAT_t200_p0550_a02_rand_s23,flat,0.2,5.5,2.0,random,23,d00,20.0,0.0007393136038444936,0.04999997094273567,"{""azimuth_jitter"": 180.0, ""azimuth_mode"": ""random"", ""backing"": 2.0, ""depth"": 50.0, ""face_h"": 60.0, ""face_w"": 60.0, ""jitter"": 0.3, ""margin_depths"": 2.0, ""pitch"": 5.5, ""plate_over"": 1.15, ""plate_t_bot"": 0.2, ""plate_t_top"": 0.2, ""seed"": 23, ""tilt_deg"": 2.0, ""tilt_jitter"": 0.0, ""topology"": ""shingle""}"
BL_FLAT_t200_p0550_a02_rand_s23,flat,0.2,5.5,2.0,random,23,d00,40.0,0.0007280729478225112,0.04999997094273567,"{""azimuth_jitter"": 180.0, ""azimuth_mode"": ""random"", ""backing"": 2.0, ""depth"": 50.0, ""face_h"": 60.0, ""face_w"": 60.0, ""jitter"": 0.3, ""margin_depths"": 2.0, ""pitch"": 5.5, ""plate_over"": 1.15, ""plate_t_bot"": 0.2, ""plate_t_top"": 0.2, ""seed"": 23, ""tilt_deg"": 2.0, ""tilt_jitter"": 0.0, ""topology"": ""shingle""}"
BL_FLAT_t200_p0550_a02_rand_s23,flat,0.2,5.5,2.0,random,23,d76,0.0,0.0011140891583636403,0.04999997094273567,"{""azimuth_jitter"": 180.0, ""azimuth_mode"": ""random"", ""backing"": 2.0, ""depth"": 50.0, ""face_h"": 60.0, ""face_w"": 60.0, ""jitter"": 0.3, ""margin_depths"": 2.0, ""pitch"": 5.5, ""plate_over"": 1.15, ""plate_t_bot"": 0.2, ""plate_t_top"": 0.2, ""seed"": 23, ""tilt_deg"": 2.0, ""tilt_jitter"": 0.0, ""topology"": ""shingle""}"
BL_FLAT_t200_p0550_a02_rand_s23,flat,0.2,5.5,2.0,random,23,d76,-20.0,0.0012772975023835897,0.04999997094273567,"{""azimuth_jitter"": 180.0, ""azimuth_mode"": ""random"", ""backing"": 2.0, ""depth"": 50.0, ""face_h"": 60.0, ""face_w"": 60.0, ""jitter"": 0.3, ""margin_depths"": 2.0, ""pitch"": 5.5, ""plate_over"": 1.15, ""plate_t_bot"": 0.2, ""plate_t_top"": 0.2, ""seed"": 23, ""tilt_deg"": 2.0, ""tilt_jitter"": 0.0, ""topology"": ""shingle""}"
BL_FLAT_t200_p0550_a02_rand_s23,flat,0.2,5.5,2.0,random,23,d76,-40.0,0.0018828611355274916,0.04999997094273567,"{""azimuth_jitter"": 180.0, ""azimuth_mode"": ""random"", ""backing"": 2.0, ""depth"": 50.0, ""face_h"": 60.0, ""face_w"": 60.0, ""jitter"": 0.3, ""margin_depths"": 2.0, ""pitch"": 5.5, ""plate_over"": 1.15, ""plate_t_bot"": 0.2, ""plate_t_top"": 0.2, ""seed"": 23, ""tilt_deg"": 2.0, ""tilt_jitter"": 0.0, ""topology"": ""shingle""}"
BL_FLAT_t200_p0550_a02_rand_s23,flat,0.2,5.5,2.0,random,23,d76,20.0,0.0012704416876658797,0.04999997094273567,"{""azimuth_jitter"": 180.0, ""azimuth_mode"": ""random"", ""backing"": 2.0, ""depth"": 50.0, ""face_h"": 60.0, ""face_w"": 60.0, ""jitter"": 0.3, ""margin_depths"": 2.0, ""pitch"": 5.5, ""plate_over"": 1.15, ""plate_t_bot"": 0.2, ""plate_t_top"": 0.2, ""seed"": 23, ""tilt_deg"": 2.0, ""tilt_jitter"": 0.0, ""topology"": ""shingle""}"
BL_FLAT_t200_p0550_a02_rand_s23,flat,0.2,5.5,2.0,random,23,d76,40.0,0.001897776615805924,0.04999997094273567,"{""azimuth_jitter"": 180.0, ""azimuth_mode"": ""random"", ""backing"": 2.0, ""depth"": 50.0, ""face_h"": 60.0, ""face_w"": 60.0, ""jitter"": 0.3, ""margin_depths"": 2.0, ""pitch"": 5.5, ""plate_over"": 1.15, ""plate_t_bot"": 0.2, ""plate_t_top"": 0.2, ""seed"": 23, ""tilt_deg"": 2.0, ""tilt_jitter"": 0.0, ""topology"": ""shingle""}"
BL_FLAT_t200_p0550_a02_rand_s23,flat,0.2,5.5,2.0,random,23,d100,0.0,0.0007460009073838592,0.04999997094273567,"{""azimuth_jitter"": 180.0, ""azimuth_mode"": ""random"", ""backing"": 2.0, ""depth"": 50.0, ""face_h"": 60.0, ""face_w"": 60.0, ""jitter"": 0.3, ""margin_depths"": 2.0, ""pitch"": 5.5, ""plate_over"": 1.15, ""plate_t_bot"": 0.2, ""plate_t_top"": 0.2, ""seed"": 23, ""tilt_deg"": 2.0, ""tilt_jitter"": 0.0, ""topology"": ""shingle""}"
BL_FLAT_t200_p0550_a02_rand_s23,flat,0.2,5.5,2.0,random,23,d100,-20.0,0.0014488251181319356,0.04999997094273567,"{""azimuth_jitter"": 180.0, ""azimuth_mode"": ""random"", ""backing"": 2.0, ""depth"": 50.0, ""face_h"": 60.0, ""face_w"": 60.0, ""jitter"": 0.3, ""margin_depths"": 2.0, ""pitch"": 5.5, ""plate_over"": 1.15, ""plate_t_bot"": 0.2, ""plate_t_top"": 0.2, ""seed"": 23, ""tilt_deg"": 2.0, ""tilt_jitter"": 0.0, ""topology"": ""shingle""}"
BL_FLAT_t200_p0550_a02_rand_s23,flat,0.2,5.5,2.0,random,23,d100,-40.0,0.0022668021265417337,0.04999997094273567,"{""azimuth_jitter"": 180.0, ""azimuth_mode"": ""random"", ""backing"": 2.0, ""depth"": 50.0, ""face_h"": 60.0, ""face_w"": 60.0, ""jitter"": 0.3, ""margin_depths"": 2.0, ""pitch"": 5.5, ""plate_over"": 1.15, ""plate_t_bot"": 0.2, ""plate_t_top"": 0.2, ""seed"": 23, ""tilt_deg"": 2.0, ""tilt_jitter"": 0.0, ""topology"": ""shingle""}"
BL_FLAT_t200_p0550_a02_rand_s23,flat,0.2,5.5,2.0,random,23,d100,20.0,0.0014670304954051971,0.04999997094273567,"{""azimuth_jitter"": 180.0, ""azimuth_mode"": ""random"", ""backing"": 2.0, ""depth"": 50.0, ""face_h"": 60.0, ""face_w"": 60.0, ""jitter"": 0.3, ""margin_depths"": 2.0, ""pitch"": 5.5, ""plate_over"": 1.15, ""plate_t_bot"": 0.2, ""plate_t_top"": 0.2, ""seed"": 23, ""tilt_deg"": 2.0, ""tilt_jitter"": 0.0, ""topology"": ""shingle""}"
BL_FLAT_t200_p0550_a02_rand_s23,flat,0.2,5.5,2.0,random,23,d100,40.0,0.0022768278140574694,0.04999997094273567,"{""azimuth_jitter"": 180.0, ""azimuth_mode"": ""random"", ""backing"": 2.0, ""depth"": 50.0, ""face_h"": 60.0, ""face_w"": 60.0, ""jitter"": 0.3, ""margin_depths"": 2.0, ""pitch"": 5.5, ""plate_over"": 1.15, ""plate_t_bot"": 0.2, ""plate_t_top"": 0.2, ""seed"": 23, ""tilt_deg"": 2.0, ""tilt_jitter"": 0.0, ""topology"": ""shingle""}"
BL_FLAT_t200_p0550_a02_grid_s23,flat,0.2,5.5,2.0,grid,23,d00,0.0,0.002280608518049121,0.04999997094273567,"{""azimuth_jitter"": 180.0, ""azimuth_mode"": ""grid"", ""backing"": 2.0, ""depth"": 50.0, ""face_h"": 60.0, ""face_w"": 60.0, ""jitter"": 0.3, ""margin_depths"": 2.0, ""pitch"": 5.5, ""plate_over"": 1.15, ""plate_t_bot"": 0.2, ""plate_t_top"": 0.2, ""seed"": 23, ""tilt_deg"": 2.0, ""tilt_jitter"": 0.0, ""topology"": ""shingle""}"
BL_FLAT_t200_p0550_a02_grid_s23,flat,0.2,5.5,2.0,grid,23,d00,-20.0,0.0007929297862574458,0.04999997094273567,"{""azimuth_jitter"": 180.0, ""azimuth_mode"": ""grid"", ""backing"": 2.0, ""depth"": 50.0, ""face_h"": 60.0, ""face_w"": 60.0, ""jitter"": 0.3, ""margin_depths"": 2.0, ""pitch"": 5.5, ""plate_over"": 1.15, ""plate_t_bot"": 0.2, ""plate_t_top"": 0.2, ""seed"": 23, ""tilt_deg"": 2.0, ""tilt_jitter"": 0.0, ""topology"": ""shingle""}"
BL_FLAT_t200_p0550_a02_grid_s23,flat,0.2,5.5,2.0,grid,23,d00,-40.0,0.0007615272770635784,0.04999997094273567,"{""azimuth_jitter"": 180.0, ""azimuth_mode"": ""grid"", ""backing"": 2.0, ""depth"": 50.0, ""face_h"": 60.0, ""face_w"": 60.0, ""jitter"": 0.3, ""margin_depths"": 2.0, ""pitch"": 5.5, ""plate_over"": 1.15, ""plate_t_bot"": 0.2, ""plate_t_top"": 0.2, ""seed"": 23, ""tilt_deg"": 2.0, ""tilt_jitter"": 0.0, ""topology"": ""shingle""}"
BL_FLAT_t200_p0550_a02_grid_s23,flat,0.2,5.5,2.0,grid,23,d00,20.0,0.0007552009774371982,0.04999997094273567,"{""azimuth_jitter"": 180.0, ""azimuth_mode"": ""grid"", ""backing"": 2.0, ""depth"": 50.0, ""face_h"": 60.0, ""face_w"": 60.0, ""jitter"": 0.3, ""margin_depths"": 2.0, ""pitch"": 5.5, ""plate_over"": 1.15, ""plate_t_bot"": 0.2, ""plate_t_top"": 0.2, ""seed"": 23, ""tilt_deg"": 2.0, ""tilt_jitter"": 0.0, ""topology"": ""shingle""}"
BL_FLAT_t200_p0550_a02_grid_s23,flat,0.2,5.5,2.0,grid,23,d00,40.0,0.0007437437889166176,0.04999997094273567,"{""azimuth_jitter"": 180.0, ""azimuth_mode"": ""grid"", ""backing"": 2.0, ""depth"": 50.0, ""face_h"": 60.0, ""face_w"": 60.0, ""jitter"": 0.3, ""margin_depths"": 2.0, ""pitch"": 5.5, ""plate_over"": 1.15, ""plate_t_bot"": 0.2, ""plate_t_top"": 0.2, ""seed"": 23, ""tilt_deg"": 2.0, ""tilt_jitter"": 0.0, ""topology"": ""shingle""}"
BL_FLAT_t200_p0550_a02_grid_s23,flat,0.2,5.5,2.0,grid,23,d76,0.0,0.0010587365832179785,0.04999997094273567,"{""azimuth_jitter"": 180.0, ""azimuth_mode"": ""grid"", ""backing"": 2.0, ""depth"": 50.0, ""face_h"": 60.0, ""face_w"": 60.0, ""jitter"": 0.3, ""margin_depths"": 2.0, ""pitch"": 5.5, ""plate_over"": 1.15, ""plate_t_bot"": 0.2, ""plate_t_top"": 0.2, ""seed"": 23, ""tilt_deg"": 2.0, ""tilt_jitter"": 0.0, ""topology"": ""shingle""}"
BL_FLAT_t200_p0550_a02_grid_s23,flat,0.2,5.5,2.0,grid,23,d76,-20.0,0.0011141566792503,0.04999997094273567,"{""azimuth_jitter"": 180.0, ""azimuth_mode"": ""grid"", ""backing"": 2.0, ""depth"": 50.0, ""face_h"": 60.0, ""face_w"": 60.0, ""jitter"": 0.3, ""margin_depths"": 2.0, ""pitch"": 5.5, ""plate_over"": 1.15, ""plate_t_bot"": 0.2, ""plate_t_top"": 0.2, ""seed"": 23, ""tilt_deg"": 2.0, ""tilt_jitter"": 0.0, ""topology"": ""shingle""}"
BL_FLAT_t200_p0550_a02_grid_s23,flat,0.2,5.5,2.0,grid,23,d76,-40.0,0.001656580832786858,0.04999997094273567,"{""azimuth_jitter"": 180.0, ""azimuth_mode"": ""grid"", ""backing"": 2.0, ""depth"": 50.0, ""face_h"": 60.0, ""face_w"": 60.0, ""jitter"": 0.3, ""margin_depths"": 2.0, ""pitch"": 5.5, ""plate_over"": 1.15, ""plate_t_bot"": 0.2, ""plate_t_top"": 0.2, ""seed"": 23, ""tilt_deg"": 2.0, ""tilt_jitter"": 0.0, ""topology"": ""shingle""}"
BL_FLAT_t200_p0550_a02_grid_s23,flat,0.2,5.5,2.0,grid,23,d76,20.0,0.0012422868749126792,0.04999997094273567,"{""azimuth_jitter"": 180.0, ""azimuth_mode"": ""grid"", ""backing"": 2.0, ""depth"": 50.0, ""face_h"": 60.0, ""face_w"": 60.0, ""jitter"": 0.3, ""margin_depths"": 2.0, ""pitch"": 5.5, ""plate_over"": 1.15, ""plate_t_bot"": 0.2, ""plate_t_top"": 0.2, ""seed"": 23, ""tilt_deg"": 2.0, ""tilt_jitter"": 0.0, ""topology"": ""shingle""}"
BL_FLAT_t200_p0550_a02_grid_s23,flat,0.2,5.5,2.0,grid,23,d76,40.0,0.0017905827844515443,0.04999997094273567,"{""azimuth_jitter"": 180.0, ""azimuth_mode"": ""grid"", ""backing"": 2.0, ""depth"": 50.0, ""face_h"": 60.0, ""face_w"": 60.0, ""jitter"": 0.3, ""margin_depths"": 2.0, ""pitch"": 5.5, ""plate_over"": 1.15, ""plate_t_bot"": 0.2, ""plate_t_top"": 0.2, ""seed"": 23, ""tilt_deg"": 2.0, ""tilt_jitter"": 0.0, ""topology"": ""shingle""}"
BL_FLAT_t200_p0550_a02_grid_s23,flat,0.2,5.5,2.0,grid,23,d100,0.0,0.0007279728888534009,0.04999997094273567,"{""azimuth_jitter"": 180.0, ""azimuth_mode"": ""grid"", ""backing"": 2.0, ""depth"": 50.0, ""face_h"": 60.0, ""face_w"": 60.0, ""jitter"": 0.3, ""margin_depths"": 2.0, ""pitch"": 5.5, ""plate_over"": 1.15, ""plate_t_bot"": 0.2, ""plate_t_top"": 0.2, ""seed"": 23, ""tilt_deg"": 2.0, ""tilt_jitter"": 0.0, ""topology"": ""shingle""}"
BL_FLAT_t200_p0550_a02_grid_s23,flat,0.2,5.5,2.0,grid,23,d100,-20.0,0.0012311605969443917,0.04999997094273567,"{""azimuth_jitter"": 180.0, ""azimuth_mode"": ""grid"", ""backing"": 2.0, ""depth"": 50.0, ""face_h"": 60.0, ""face_w"": 60.0, ""jitter"": 0.3, ""margin_depths"": 2.0, ""pitch"": 5.5, ""plate_over"": 1.15, ""plate_t_bot"": 0.2, ""plate_t_top"": 0.2, ""seed"": 23, ""tilt_deg"": 2.0, ""tilt_jitter"": 0.0, ""topology"": ""shingle""}"
BL_FLAT_t200_p0550_a02_grid_s23,flat,0.2,5.5,2.0,grid,23,d100,-40.0,0.0019441803451627493,0.04999997094273567,"{""azimuth_jitter"": 180.0, ""azimuth_mode"": ""grid"", ""backing"": 2.0, ""depth"": 50.0, ""face_h"": 60.0, ""face_w"": 60.0, ""jitter"": 0.3, ""margin_depths"": 2.0, ""pitch"": 5.5, ""plate_over"": 1.15, ""plate_t_bot"": 0.2, ""plate_t_top"": 0.2, ""seed"": 23, ""tilt_deg"": 2.0, ""tilt_jitter"": 0.0, ""topology"": ""shingle""}"
BL_FLAT_t200_p0550_a02_grid_s23,flat,0.2,5.5,2.0,grid,23,d100,20.0,0.0014094299403950572,0.04999997094273567,"{""azimuth_jitter"": 180.0, ""azimuth_mode"": ""grid"", ""backing"": 2.0, ""depth"": 50.0, ""face_h"": 60.0, ""face_w"": 60.0, ""jitter"": 0.3, ""margin_depths"": 2.0, ""pitch"": 5.5, ""plate_over"": 1.15, ""plate_t_bot"": 0.2, ""plate_t_top"": 0.2, ""seed"": 23, ""tilt_deg"": 2.0, ""tilt_jitter"": 0.0, ""topology"": ""shingle""}"
BL_FLAT_t200_p0550_a02_grid_s23,flat,0.2,5.5,2.0,grid,23,d100,40.0,0.002139180665835738,0.04999997094273567,"{""azimuth_jitter"": 180.0, ""azimuth_mode"": ""grid"", ""backing"": 2.0, ""depth"": 50.0, ""face_h"": 60.0, ""face_w"": 60.0, ""jitter"": 0.3, ""margin_depths"": 2.0, ""pitch"": 5.5, ""plate_over"": 1.15, ""plate_t_bot"": 0.2, ""plate_t_top"": 0.2, ""seed"": 23, ""tilt_deg"": 2.0, ""tilt_jitter"": 0.0, ""topology"": ""shingle""}"
BL_FLAT_t200_p0550_a06_rand_s23,flat,0.2,5.5,6.0,random,23,d00,0.0,0.0015105986967682838,0.04999997094273567,"{""azimuth_jitter"": 180.0, ""azimuth_mode"": ""random"", ""backing"": 2.0, ""depth"": 50.0, ""face_h"": 60.0, ""face_w"": 60.0, ""jitter"": 0.3, ""margin_depths"": 2.0, ""pitch"": 5.5, ""plate_over"": 1.15, ""plate_t_bot"": 0.2, ""plate_t_top"": 0.2, ""seed"": 23, ""tilt_deg"": 6.0, ""tilt_jitter"": 0.0, ""topology"": ""shingle""}"
BL_FLAT_t200_p0550_a06_rand_s23,flat,0.2,5.5,6.0,random,23,d00,-20.0,0.0007665134035050869,0.04999997094273567,"{""azimuth_jitter"": 180.0, ""azimuth_mode"": ""random"", ""backing"": 2.0, ""depth"": 50.0, ""face_h"": 60.0, ""face_w"": 60.0, ""jitter"": 0.3, ""margin_depths"": 2.0, ""pitch"": 5.5, ""plate_over"": 1.15, ""plate_t_bot"": 0.2, ""plate_t_top"": 0.2, ""seed"": 23, ""tilt_deg"": 6.0, ""tilt_jitter"": 0.0, ""topology"": ""shingle""}"
BL_FLAT_t200_p0550_a06_rand_s23,flat,0.2,5.5,6.0,random,23,d00,-40.0,0.0007441831985488534,0.04999997094273567,"{""azimuth_jitter"": 180.0, ""azimuth_mode"": ""random"", ""backing"": 2.0, ""depth"": 50.0, ""face_h"": 60.0, ""face_w"": 60.0, ""jitter"": 0.3, ""margin_depths"": 2.0, ""pitch"": 5.5, ""plate_over"": 1.15, ""plate_t_bot"": 0.2, ""plate_t_top"": 0.2, ""seed"": 23, ""tilt_deg"": 6.0, ""tilt_jitter"": 0.0, ""topology"": ""shingle""}"
BL_FLAT_t200_p0550_a06_rand_s23,flat,0.2,5.5,6.0,random,23,d00,20.0,0.0007479775813408196,0.04999997094273567,"{""azimuth_jitter"": 180.0, ""azimuth_mode"": ""random"", ""backing"": 2.0, ""depth"": 50.0, ""face_h"": 60.0, ""face_w"": 60.0, ""jitter"": 0.3, ""margin_depths"": 2.0, ""pitch"": 5.5, ""plate_over"": 1.15, ""plate_t_bot"": 0.2, ""plate_t_top"": 0.2, ""seed"": 23, ""tilt_deg"": 6.0, ""tilt_jitter"": 0.0, ""topology"": ""shingle""}"
BL_FLAT_t200_p0550_a06_rand_s23,flat,0.2,5.5,6.0,random,23,d00,40.0,0.0007311623776331544,0.04999997094273567,"{""azimuth_jitter"": 180.0, ""azimuth_mode"": ""random"", ""backing"": 2.0, ""depth"": 50.0, ""face_h"": 60.0, ""face_w"": 60.0, ""jitter"": 0.3, ""margin_depths"": 2.0, ""pitch"": 5.5, ""plate_over"": 1.15, ""plate_t_bot"": 0.2, ""plate_t_top"": 0.2, ""seed"": 23, ""tilt_deg"": 6.0, ""tilt_jitter"": 0.0, ""topology"": ""shingle""}"
BL_FLAT_t200_p0550_a06_rand_s23,flat,0.2,5.5,6.0,random,23,d76,0.0,0.0011332066496834159,0.04999997094273567,"{""azimuth_jitter"": 180.0, ""azimuth_mode"": ""random"", ""backing"": 2.0, ""depth"": 50.0, ""face_h"": 60.0, ""face_w"": 60.0, ""jitter"": 0.3, ""margin_depths"": 2.0, ""pitch"": 5.5, ""plate_over"": 1.15, ""plate_t_bot"": 0.2, ""plate_t_top"": 0.2, ""seed"": 23, ""tilt_deg"": 6.0, ""tilt_jitter"": 0.0, ""topology"": ""shingle""}"
BL_FLAT_t200_p0550_a06_rand_s23,flat,0.2,5.5,6.0,random,23,d76,-20.0,0.0012936467537656426,0.04999997094273567,"{""azimuth_jitter"": 180.0, ""azimuth_mode"": ""random"", ""backing"": 2.0, ""depth"": 50.0, ""face_h"": 60.0, ""face_w"": 60.0, ""jitter"": 0.3, ""margin_depths"": 2.0, ""pitch"": 5.5, ""plate_over"": 1.15, ""plate_t_bot"": 0.2, ""plate_t_top"": 0.2, ""seed"": 23, ""tilt_deg"": 6.0, ""tilt_jitter"": 0.0, ""topology"": ""shingle""}"
BL_FLAT_t200_p0550_a06_rand_s23,flat,0.2,5.5,6.0,random,23,d76,-40.0,0.0018985775532200933,0.04999997094273567,"{""azimuth_jitter"": 180.0, ""azimuth_mode"": ""random"", ""backing"": 2.0, ""depth"": 50.0, ""face_h"": 60.0, ""face_w"": 60.0, ""jitter"": 0.3, ""margin_depths"": 2.0, ""pitch"": 5.5, ""plate_over"": 1.15, ""plate_t_bot"": 0.2, ""plate_t_top"": 0.2, ""seed"": 23, ""tilt_deg"": 6.0, ""tilt_jitter"": 0.0, ""topology"": ""shingle""}"
BL_FLAT_t200_p0550_a06_rand_s23,flat,0.2,5.5,6.0,random,23,d76,20.0,0.0013671021442860365,0.04999997094273567,"{""azimuth_jitter"": 180.0, ""azimuth_mode"": ""random"", ""backing"": 2.0, ""depth"": 50.0, ""face_h"": 60.0, ""face_w"": 60.0, ""jitter"": 0.3, ""margin_depths"": 2.0, ""pitch"": 5.5, ""plate_over"": 1.15, ""plate_t_bot"": 0.2, ""plate_t_top"": 0.2, ""seed"": 23, ""tilt_deg"": 6.0, ""tilt_jitter"": 0.0, ""topology"": ""shingle""}"
BL_FLAT_t200_p0550_a06_rand_s23,flat,0.2,5.5,6.0,random,23,d76,40.0,0.0019481733907014132,0.04999997094273567,"{""azimuth_jitter"": 180.0, ""azimuth_mode"": ""random"", ""backing"": 2.0, ""depth"": 50.0, ""face_h"": 60.0, ""face_w"": 60.0, ""jitter"": 0.3, ""margin_depths"": 2.0, ""pitch"": 5.5, ""plate_over"": 1.15, ""plate_t_bot"": 0.2, ""plate_t_top"": 0.2, ""seed"": 23, ""tilt_deg"": 6.0, ""tilt_jitter"": 0.0, ""topology"": ""shingle""}"
BL_FLAT_t200_p0550_a06_rand_s23,flat,0.2,5.5,6.0,random,23,d100,0.0,0.0010404614731669426,0.04999997094273567,"{""azimuth_jitter"": 180.0, ""azimuth_mode"": ""random"", ""backing"": 2.0, ""depth"": 50.0, ""face_h"": 60.0, ""face_w"": 60.0, ""jitter"": 0.3, ""margin_depths"": 2.0, ""pitch"": 5.5, ""plate_over"": 1.15, ""plate_t_bot"": 0.2, ""plate_t_top"": 0.2, ""seed"": 23, ""tilt_deg"": 6.0, ""tilt_jitter"": 0.0, ""topology"": ""shingle""}"
BL_FLAT_t200_p0550_a06_rand_s23,flat,0.2,5.5,6.0,random,23,d100,-20.0,0.0014746463857591152,0.04999997094273567,"{""azimuth_jitter"": 180.0, ""azimuth_mode"": ""random"", ""backing"": 2.0, ""depth"": 50.0, ""face_h"": 60.0, ""face_w"": 60.0, ""jitter"": 0.3, ""margin_depths"": 2.0, ""pitch"": 5.5, ""plate_over"": 1.15, ""plate_t_bot"": 0.2, ""plate_t_top"": 0.2, ""seed"": 23, ""tilt_deg"": 6.0, ""tilt_jitter"": 0.0, ""topology"": ""shingle""}"
BL_FLAT_t200_p0550_a06_rand_s23,flat,0.2,5.5,6.0,random,23,d100,-40.0,0.0022807279601693153,0.04999997094273567,"{""azimuth_jitter"": 180.0, ""azimuth_mode"": ""random"", ""backing"": 2.0, ""depth"": 50.0, ""face_h"": 60.0, ""face_w"": 60.0, ""jitter"": 0.3, ""margin_depths"": 2.0, ""pitch"": 5.5, ""plate_over"": 1.15, ""plate_t_bot"": 0.2, ""plate_t_top"": 0.2, ""seed"": 23, ""tilt_deg"": 6.0, ""tilt_jitter"": 0.0, ""topology"": ""shingle""}"
BL_FLAT_t200_p0550_a06_rand_s23,flat,0.2,5.5,6.0,random,23,d100,20.0,0.0015751039609313011,0.04999997094273567,"{""azimuth_jitter"": 180.0, ""azimuth_mode"": ""random"", ""backing"": 2.0, ""depth"": 50.0, ""face_h"": 60.0, ""face_w"": 60.0, ""jitter"": 0.3, ""margin_depths"": 2.0, ""pitch"": 5.5, ""plate_over"": 1.15, ""plate_t_bot"": 0.2, ""plate_t_top"": 0.2, ""seed"": 23, ""tilt_deg"": 6.0, ""tilt_jitter"": 0.0, ""topology"": ""shingle""}"
BL_FLAT_t200_p0550_a06_rand_s23,flat,0.2,5.5,6.0,random,23,d100,40.0,0.0023484460543841124,0.04999997094273567,"{""azimuth_jitter"": 180.0, ""azimuth_mode"": ""random"", ""backing"": 2.0, ""depth"": 50.0, ""face_h"": 60.0, ""face_w"": 60.0, ""jitter"": 0.3, ""margin_depths"": 2.0, ""pitch"": 5.5, ""plate_over"": 1.15, ""plate_t_bot"": 0.2, ""plate_t_top"": 0.2, ""seed"": 23, ""tilt_deg"": 6.0, ""tilt_jitter"": 0.0, ""topology"": ""shingle""}"
BL_FLAT_t200_p0550_a06_grid_s23,flat,0.2,5.5,6.0,grid,23,d00,0.0,0.0012655124301090837,0.04999997094273567,"{""azimuth_jitter"": 180.0, ""azimuth_mode"": ""grid"", ""backing"": 2.0, ""depth"": 50.0, ""face_h"": 60.0, ""face_w"": 60.0, ""jitter"": 0.3, ""margin_depths"": 2.0, ""pitch"": 5.5, ""plate_over"": 1.15, ""plate_t_bot"": 0.2, ""plate_t_top"": 0.2, ""seed"": 23, ""tilt_deg"": 6.0, ""tilt_jitter"": 0.0, ""topology"": ""shingle""}"
BL_FLAT_t200_p0550_a06_grid_s23,flat,0.2,5.5,6.0,grid,23,d00,-20.0,0.0008620701264590025,0.04999997094273567,"{""azimuth_jitter"": 180.0, ""azimuth_mode"": ""grid"", ""backing"": 2.0, ""depth"": 50.0, ""face_h"": 60.0, ""face_w"": 60.0, ""jitter"": 0.3, ""margin_depths"": 2.0, ""pitch"": 5.5, ""plate_over"": 1.15, ""plate_t_bot"": 0.2, ""plate_t_top"": 0.2, ""seed"": 23, ""tilt_deg"": 6.0, ""tilt_jitter"": 0.0, ""topology"": ""shingle""}"
BL_FLAT_t200_p0550_a06_grid_s23,flat,0.2,5.5,6.0,grid,23,d00,-40.0,0.0008539243135601282,0.04999997094273567,"{""azimuth_jitter"": 180.0, ""azimuth_mode"": ""grid"", ""backing"": 2.0, ""depth"": 50.0, ""face_h"": 60.0, ""face_w"": 60.0, ""jitter"": 0.3, ""margin_depths"": 2.0, ""pitch"": 5.5, ""plate_over"": 1.15, ""plate_t_bot"": 0.2, ""plate_t_top"": 0.2, ""seed"": 23, ""tilt_deg"": 6.0, ""tilt_jitter"": 0.0, ""topology"": ""shingle""}"
BL_FLAT_t200_p0550_a06_grid_s23,flat,0.2,5.5,6.0,grid,23,d00,20.0,0.0007861050544306636,0.04999997094273567,"{""azimuth_jitter"": 180.0, ""azimuth_mode"": ""grid"", ""backing"": 2.0, ""depth"": 50.0, ""face_h"": 60.0, ""face_w"": 60.0, ""jitter"": 0.3, ""margin_depths"": 2.0, ""pitch"": 5.5, ""plate_over"": 1.15, ""plate_t_bot"": 0.2, ""plate_t_top"": 0.2, ""seed"": 23, ""tilt_deg"": 6.0, ""tilt_jitter"": 0.0, ""topology"": ""shingle""}"
BL_FLAT_t200_p0550_a06_grid_s23,flat,0.2,5.5,6.0,grid,23,d00,40.0,0.0008652049582451582,0.04999997094273567,"{""azimuth_jitter"": 180.0, ""azimuth_mode"": ""grid"", ""backing"": 2.0, ""depth"": 50.0, ""face_h"": 60.0, ""face_w"": 60.0, ""jitter"": 0.3, ""margin_depths"": 2.0, ""pitch"": 5.5, ""plate_over"": 1.15, ""plate_t_bot"": 0.2, ""plate_t_top"": 0.2, ""seed"": 23, ""tilt_deg"": 6.0, ""tilt_jitter"": 0.0, ""topology"": ""shingle""}"
BL_FLAT_t200_p0550_a06_grid_s23,flat,0.2,5.5,6.0,grid,23,d76,0.0,0.0010484438389539719,0.04999997094273567,"{""azimuth_jitter"": 180.0, ""azimuth_mode"": ""grid"", ""backing"": 2.0, ""depth"": 50.0, ""face_h"": 60.0, ""face_w"": 60.0, ""jitter"": 0.3, ""margin_depths"": 2.0, ""pitch"": 5.5, ""plate_over"": 1.15, ""plate_t_bot"": 0.2, ""plate_t_top"": 0.2, ""seed"": 23, ""tilt_deg"": 6.0, ""tilt_jitter"": 0.0, ""topology"": ""shingle""}"
BL_FLAT_t200_p0550_a06_grid_s23,flat,0.2,5.5,6.0,grid,23,d76,-20.0,0.0011266368674114347,0.04999997094273567,"{""azimuth_jitter"": 180.0, ""azimuth_mode"": ""grid"", ""backing"": 2.0, ""depth"": 50.0, ""face_h"": 60.0, ""face_w"": 60.0, ""jitter"": 0.3, ""margin_depths"": 2.0, ""pitch"": 5.5, ""plate_over"": 1.15, ""plate_t_bot"": 0.2, ""plate_t_top"": 0.2, ""seed"": 23, ""tilt_deg"": 6.0, ""tilt_jitter"": 0.0, ""topology"": ""shingle""}"
BL_FLAT_t200_p0550_a06_grid_s23,flat,0.2,5.5,6.0,grid,23,d76,-40.0,0.001631625578738749,0.04999997094273567,"{""azimuth_jitter"": 180.0, ""azimuth_mode"": ""grid"", ""backing"": 2.0, ""depth"": 50.0, ""face_h"": 60.0, ""face_w"": 60.0, ""jitter"": 0.3, ""margin_depths"": 2.0, ""pitch"": 5.5, ""plate_over"": 1.15, ""plate_t_bot"": 0.2, ""plate_t_top"": 0.2, ""seed"": 23, ""tilt_deg"": 6.0, ""tilt_jitter"": 0.0, ""topology"": ""shingle""}"
BL_FLAT_t200_p0550_a06_grid_s23,flat,0.2,5.5,6.0,grid,23,d76,20.0,0.0014973989455029368,0.04999997094273567,"{""azimuth_jitter"": 180.0, ""azimuth_mode"": ""grid"", ""backing"": 2.0, ""depth"": 50.0, ""face_h"": 60.0, ""face_w"": 60.0, ""jitter"": 0.3, ""margin_depths"": 2.0, ""pitch"": 5.5, ""plate_over"": 1.15, ""plate_t_bot"": 0.2, ""plate_t_top"": 0.2, ""seed"": 23, ""tilt_deg"": 6.0, ""tilt_jitter"": 0.0, ""topology"": ""shingle""}"
BL_FLAT_t200_p0550_a06_grid_s23,flat,0.2,5.5,6.0,grid,23,d76,40.0,0.002055223099887371,0.04999997094273567,"{""azimuth_jitter"": 180.0, ""azimuth_mode"": ""grid"", ""backing"": 2.0, ""depth"": 50.0, ""face_h"": 60.0, ""face_w"": 60.0, ""jitter"": 0.3, ""margin_depths"": 2.0, ""pitch"": 5.5, ""plate_over"": 1.15, ""plate_t_bot"": 0.2, ""plate_t_top"": 0.2, ""seed"": 23, ""tilt_deg"": 6.0, ""tilt_jitter"": 0.0, ""topology"": ""shingle""}"
BL_FLAT_t200_p0550_a06_grid_s23,flat,0.2,5.5,6.0,grid,23,d100,0.0,0.001021563308313489,0.04999997094273567,"{""azimuth_jitter"": 180.0, ""azimuth_mode"": ""grid"", ""backing"": 2.0, ""depth"": 50.0, ""face_h"": 60.0, ""face_w"": 60.0, ""jitter"": 0.3, ""margin_depths"": 2.0, ""pitch"": 5.5, ""plate_over"": 1.15, ""plate_t_bot"": 0.2, ""plate_t_top"": 0.2, ""seed"": 23, ""tilt_deg"": 6.0, ""tilt_jitter"": 0.0, ""topology"": ""shingle""}"
BL_FLAT_t200_p0550_a06_grid_s23,flat,0.2,5.5,6.0,grid,23,d100,-20.0,0.0012281436938792467,0.04999997094273567,"{""azimuth_jitter"": 180.0, ""azimuth_mode"": ""grid"", ""backing"": 2.0, ""depth"": 50.0, ""face_h"": 60.0, ""face_w"": 60.0, ""jitter"": 0.3, ""margin_depths"": 2.0, ""pitch"": 5.5, ""plate_over"": 1.15, ""plate_t_bot"": 0.2, ""plate_t_top"": 0.2, ""seed"": 23, ""tilt_deg"": 6.0, ""tilt_jitter"": 0.0, ""topology"": ""shingle""}"
BL_FLAT_t200_p0550_a06_grid_s23,flat,0.2,5.5,6.0,grid,23,d100,-40.0,0.0018788146553561091,0.04999997094273567,"{""azimuth_jitter"": 180.0, ""azimuth_mode"": ""grid"", ""backing"": 2.0, ""depth"": 50.0, ""face_h"": 60.0, ""face_w"": 60.0, ""jitter"": 0.3, ""margin_depths"": 2.0, ""pitch"": 5.5, ""plate_over"": 1.15, ""plate_t_bot"": 0.2, ""plate_t_top"": 0.2, ""seed"": 23, ""tilt_deg"": 6.0, ""tilt_jitter"": 0.0, ""topology"": ""shingle""}"
BL_FLAT_t200_p0550_a06_grid_s23,flat,0.2,5.5,6.0,grid,23,d100,20.0,0.0017400422366335988,0.04999997094273567,"{""azimuth_jitter"": 180.0, ""azimuth_mode"": ""grid"", ""backing"": 2.0, ""depth"": 50.0, ""face_h"": 60.0, ""face_w"": 60.0, ""jitter"": 0.3, ""margin_depths"": 2.0, ""pitch"": 5.5, ""plate_over"": 1.15, ""plate_t_bot"": 0.2, ""plate_t_top"": 0.2, ""seed"": 23, ""tilt_deg"": 6.0, ""tilt_jitter"": 0.0, ""topology"": ""shingle""}"
BL_FLAT_t200_p0550_a06_grid_s23,flat,0.2,5.5,6.0,grid,23,d100,40.0,0.002439595991745591,0.04999997094273567,"{""azimuth_jitter"": 180.0, ""azimuth_mode"": ""grid"", ""backing"": 2.0, ""depth"": 50.0, ""face_h"": 60.0, ""face_w"": 60.0, ""jitter"": 0.3, ""margin_depths"": 2.0, ""pitch"": 5.5, ""plate_over"": 1.15, ""plate_t_bot"": 0.2, ""plate_t_top"": 0.2, ""seed"": 23, ""tilt_deg"": 6.0, ""tilt_jitter"": 0.0, ""topology"": ""shingle""}"
BL_FLAT_t200_p0750_a02_rand_s23,flat,0.2,7.5,2.0,random,23,d00,0.0,0.0029792061541229486,0.04999997094273567,"{""azimuth_jitter"": 180.0, ""azimuth_mode"": ""random"", ""backing"": 2.0, ""depth"": 50.0, ""face_h"": 60.0, ""face_w"": 60.0, ""jitter"": 0.3, ""margin_depths"": 2.0, ""pitch"": 7.5, ""plate_over"": 1.15, ""plate_t_bot"": 0.2, ""plate_t_top"": 0.2, ""seed"": 23, ""tilt_deg"": 2.0, ""tilt_jitter"": 0.0, ""topology"": ""shingle""}"
BL_FLAT_t200_p0750_a02_rand_s23,flat,0.2,7.5,2.0,random,23,d00,-20.0,0.0006205982062965631,0.04999997094273567,"{""azimuth_jitter"": 180.0, ""azimuth_mode"": ""random"", ""backing"": 2.0, ""depth"": 50.0, ""face_h"": 60.0, ""face_w"": 60.0, ""jitter"": 0.3, ""margin_depths"": 2.0, ""pitch"": 7.5, ""plate_over"": 1.15, ""plate_t_bot"": 0.2, ""plate_t_top"": 0.2, ""seed"": 23, ""tilt_deg"": 2.0, ""tilt_jitter"": 0.0, ""topology"": ""shingle""}"
BL_FLAT_t200_p0750_a02_rand_s23,flat,0.2,7.5,2.0,random,23,d00,-40.0,0.0005789713468402624,0.04999997094273567,"{""azimuth_jitter"": 180.0, ""azimuth_mode"": ""random"", ""backing"": 2.0, ""depth"": 50.0, ""face_h"": 60.0, ""face_w"": 60.0, ""jitter"": 0.3, ""margin_depths"": 2.0, ""pitch"": 7.5, ""plate_over"": 1.15, ""plate_t_bot"": 0.2, ""plate_t_top"": 0.2, ""seed"": 23, ""tilt_deg"": 2.0, ""tilt_jitter"": 0.0, ""topology"": ""shingle""}"
BL_FLAT_t200_p0750_a02_rand_s23,flat,0.2,7.5,2.0,random,23,d00,20.0,0.0006480900337919593,0.04999997094273567,"{""azimuth_jitter"": 180.0, ""azimuth_mode"": ""random"", ""backing"": 2.0, ""depth"": 50.0, ""face_h"": 60.0, ""face_w"": 60.0, ""jitter"": 0.3, ""margin_depths"": 2.0, ""pitch"": 7.5, ""plate_over"": 1.15, ""plate_t_bot"": 0.2, ""plate_t_top"": 0.2, ""seed"": 23, ""tilt_deg"": 2.0, ""tilt_jitter"": 0.0, ""topology"": ""shingle""}"
BL_FLAT_t200_p0750_a02_rand_s23,flat,0.2,7.5,2.0,random,23,d00,40.0,0.0005782539956271648,0.04999997094273567,"{""azimuth_jitter"": 180.0, ""azimuth_mode"": ""random"", ""backing"": 2.0, ""depth"": 50.0, ""face_h"": 60.0, ""face_w"": 60.0, ""jitter"": 0.3, ""margin_depths"": 2.0, ""pitch"": 7.5, ""plate_over"": 1.15, ""plate_t_bot"": 0.2, ""plate_t_top"": 0.2, ""seed"": 23, ""tilt_deg"": 2.0, ""tilt_jitter"": 0.0, ""topology"": ""shingle""}"
BL_FLAT_t200_p0750_a02_rand_s23,flat,0.2,7.5,2.0,random,23,d76,0.0,0.0011974511435255408,0.04999997094273567,"{""azimuth_jitter"": 180.0, ""azimuth_mode"": ""random"", ""backing"": 2.0, ""depth"": 50.0, ""face_h"": 60.0, ""face_w"": 60.0, ""jitter"": 0.3, ""margin_depths"": 2.0, ""pitch"": 7.5, ""plate_over"": 1.15, ""plate_t_bot"": 0.2, ""plate_t_top"": 0.2, ""seed"": 23, ""tilt_deg"": 2.0, ""tilt_jitter"": 0.0, ""topology"": ""shingle""}"
BL_FLAT_t200_p0750_a02_rand_s23,flat,0.2,7.5,2.0,random,23,d76,-20.0,0.001207162393257022,0.04999997094273567,"{""azimuth_jitter"": 180.0, ""azimuth_mode"": ""random"", ""backing"": 2.0, ""depth"": 50.0, ""face_h"": 60.0, ""face_w"": 60.0, ""jitter"": 0.3, ""margin_depths"": 2.0, ""pitch"": 7.5, ""plate_over"": 1.15, ""plate_t_bot"": 0.2, ""plate_t_top"": 0.2, ""seed"": 23, ""tilt_deg"": 2.0, ""tilt_jitter"": 0.0, ""topology"": ""shingle""}"
BL_FLAT_t200_p0750_a02_rand_s23,flat,0.2,7.5,2.0,random,23,d76,-40.0,0.0018586759688332677,0.04999997094273567,"{""azimuth_jitter"": 180.0, ""azimuth_mode"": ""random"", ""backing"": 2.0, ""depth"": 50.0, ""face_h"": 60.0, ""face_w"": 60.0, ""jitter"": 0.3, ""margin_depths"": 2.0, ""pitch"": 7.5, ""plate_over"": 1.15, ""plate_t_bot"": 0.2, ""plate_t_top"": 0.2, ""seed"": 23, ""tilt_deg"": 2.0, ""tilt_jitter"": 0.0, ""topology"": ""shingle""}"
BL_FLAT_t200_p0750_a02_rand_s23,flat,0.2,7.5,2.0,random,23,d76,20.0,0.0011837051715701818,0.04999997094273567,"{""azimuth_jitter"": 180.0, ""azimuth_mode"": ""random"", ""backing"": 2.0, ""depth"": 50.0, ""face_h"": 60.0, ""face_w"": 60.0, ""jitter"": 0.3, ""margin_depths"": 2.0, ""pitch"": 7.5, ""plate_over"": 1.15, ""plate_t_bot"": 0.2, ""plate_t_top"": 0.2, ""seed"": 23, ""tilt_deg"": 2.0, ""tilt_jitter"": 0.0, ""topology"": ""shingle""}"
BL_FLAT_t200_p0750_a02_rand_s23,flat,0.2,7.5,2.0,random,23,d76,40.0,0.0018368829041719437,0.04999997094273567,"{""azimuth_jitter"": 180.0, ""azimuth_mode"": ""random"", ""backing"": 2.0, ""depth"": 50.0, ""face_h"": 60.0, ""face_w"": 60.0, ""jitter"": 0.3, ""margin_depths"": 2.0, ""pitch"": 7.5, ""plate_over"": 1.15, ""plate_t_bot"": 0.2, ""plate_t_top"": 0.2, ""seed"": 23, ""tilt_deg"": 2.0, ""tilt_jitter"": 0.0, ""topology"": ""shingle""}"
BL_FLAT_t200_p0750_a02_rand_s23,flat,0.2,7.5,2.0,random,23,d100,0.0,0.0006882400484755635,0.04999997094273567,"{""azimuth_jitter"": 180.0, ""azimuth_mode"": ""random"", ""backing"": 2.0, ""depth"": 50.0, ""face_h"": 60.0, ""face_w"": 60.0, ""jitter"": 0.3, ""margin_depths"": 2.0, ""pitch"": 7.5, ""plate_over"": 1.15, ""plate_t_bot"": 0.2, ""plate_t_top"": 0.2, ""seed"": 23, ""tilt_deg"": 2.0, ""tilt_jitter"": 0.0, ""topology"": ""shingle""}"
BL_FLAT_t200_p0750_a02_rand_s23,flat,0.2,7.5,2.0,random,23,d100,-20.0,0.0014109557960182428,0.04999997094273567,"{""azimuth_jitter"": 180.0, ""azimuth_mode"": ""random"", ""backing"": 2.0, ""depth"": 50.0, ""face_h"": 60.0, ""face_w"": 60.0, ""jitter"": 0.3, ""margin_depths"": 2.0, ""pitch"": 7.5, ""plate_over"": 1.15, ""plate_t_bot"": 0.2, ""plate_t_top"": 0.2, ""seed"": 23, ""tilt_deg"": 2.0, ""tilt_jitter"": 0.0, ""topology"": ""shingle""}"
BL_FLAT_t200_p0750_a02_rand_s23,flat,0.2,7.5,2.0,random,23,d100,-40.0,0.0022700417321175337,0.04999997094273567,"{""azimuth_jitter"": 180.0, ""azimuth_mode"": ""random"", ""backing"": 2.0, ""depth"": 50.0, ""face_h"": 60.0, ""face_w"": 60.0, ""jitter"": 0.3, ""margin_depths"": 2.0, ""pitch"": 7.5, ""plate_over"": 1.15, ""plate_t_bot"": 0.2, ""plate_t_top"": 0.2, ""seed"": 23, ""tilt_deg"": 2.0, ""tilt_jitter"": 0.0, ""topology"": ""shingle""}"
BL_FLAT_t200_p0750_a02_rand_s23,flat,0.2,7.5,2.0,random,23,d100,20.0,0.0013632022310048342,0.04999997094273567,"{""azimuth_jitter"": 180.0, ""azimuth_mode"": ""random"", ""backing"": 2.0, ""depth"": 50.0, ""face_h"": 60.0, ""face_w"": 60.0, ""jitter"": 0.3, ""margin_depths"": 2.0, ""pitch"": 7.5, ""plate_over"": 1.15, ""plate_t_bot"": 0.2, ""plate_t_top"": 0.2, ""seed"": 23, ""tilt_deg"": 2.0, ""tilt_jitter"": 0.0, ""topology"": ""shingle""}"
BL_FLAT_t200_p0750_a02_rand_s23,flat,0.2,7.5,2.0,random,23,d100,40.0,0.002248556585982442,0.04999997094273567,"{""azimuth_jitter"": 180.0, ""azimuth_mode"": ""random"", ""backing"": 2.0, ""depth"": 50.0, ""face_h"": 60.0, ""face_w"": 60.0, ""jitter"": 0.3, ""margin_depths"": 2.0, ""pitch"": 7.5, ""plate_over"": 1.15, ""plate_t_bot"": 0.2, ""plate_t_top"": 0.2, ""seed"": 23, ""tilt_deg"": 2.0, ""tilt_jitter"": 0.0, ""topology"": ""shingle""}"
BL_FLAT_t200_p0750_a02_grid_s23,flat,0.2,7.5,2.0,grid,23,d00,0.0,0.0031230340246111155,0.04999997094273567,"{""azimuth_jitter"": 180.0, ""azimuth_mode"": ""grid"", ""backing"": 2.0, ""depth"": 50.0, ""face_h"": 60.0, ""face_w"": 60.0, ""jitter"": 0.3, ""margin_depths"": 2.0, ""pitch"": 7.5, ""plate_over"": 1.15, ""plate_t_bot"": 0.2, ""plate_t_top"": 0.2, ""seed"": 23, ""tilt_deg"": 2.0, ""tilt_jitter"": 0.0, ""topology"": ""shingle""}"
BL_FLAT_t200_p0750_a02_grid_s23,flat,0.2,7.5,2.0,grid,23,d00,-20.0,0.0007524617831222713,0.04999997094273567,"{""azimuth_jitter"": 180.0, ""azimuth_mode"": ""grid"", ""backing"": 2.0, ""depth"": 50.0, ""face_h"": 60.0, ""face_w"": 60.0, ""jitter"": 0.3, ""margin_depths"": 2.0, ""pitch"": 7.5, ""plate_over"": 1.15, ""plate_t_bot"": 0.2, ""plate_t_top"": 0.2, ""seed"": 23, ""tilt_deg"": 2.0, ""tilt_jitter"": 0.0, ""topology"": ""shingle""}"
BL_FLAT_t200_p0750_a02_grid_s23,flat,0.2,7.5,2.0,grid,23,d00,-40.0,0.0005571683286689222,0.04999997094273567,"{""azimuth_jitter"": 180.0, ""azimuth_mode"": ""grid"", ""backing"": 2.0, ""depth"": 50.0, ""face_h"": 60.0, ""face_w"": 60.0, ""jitter"": 0.3, ""margin_depths"": 2.0, ""pitch"": 7.5, ""plate_over"": 1.15, ""plate_t_bot"": 0.2, ""plate_t_top"": 0.2, ""seed"": 23, ""tilt_deg"": 2.0, ""tilt_jitter"": 0.0, ""topology"": ""shingle""}"
BL_FLAT_t200_p0750_a02_grid_s23,flat,0.2,7.5,2.0,grid,23,d00,20.0,0.0006023087771609426,0.04999997094273567,"{""azimuth_jitter"": 180.0, ""azimuth_mode"": ""grid"", ""backing"": 2.0, ""depth"": 50.0, ""face_h"": 60.0, ""face_w"": 60.0, ""jitter"": 0.3, ""margin_depths"": 2.0, ""pitch"": 7.5, ""plate_over"": 1.15, ""plate_t_bot"": 0.2, ""plate_t_top"": 0.2, ""seed"": 23, ""tilt_deg"": 2.0, ""tilt_jitter"": 0.0, ""topology"": ""shingle""}"
BL_FLAT_t200_p0750_a02_grid_s23,flat,0.2,7.5,2.0,grid,23,d00,40.0,0.0005541665595956147,0.04999997094273567,"{""azimuth_jitter"": 180.0, ""azimuth_mode"": ""grid"", ""backing"": 2.0, ""depth"": 50.0, ""face_h"": 60.0, ""face_w"": 60.0, ""jitter"": 0.3, ""margin_depths"": 2.0, ""pitch"": 7.5, ""plate_over"": 1.15, ""plate_t_bot"": 0.2, ""plate_t_top"": 0.2, ""seed"": 23, ""tilt_deg"": 2.0, ""tilt_jitter"": 0.0, ""topology"": ""shingle""}"
BL_FLAT_t200_p0750_a02_grid_s23,flat,0.2,7.5,2.0,grid,23,d76,0.0,0.0012605058727785945,0.04999997094273567,"{""azimuth_jitter"": 180.0, ""azimuth_mode"": ""grid"", ""backing"": 2.0, ""depth"": 50.0, ""face_h"": 60.0, ""face_w"": 60.0, ""jitter"": 0.3, ""margin_depths"": 2.0, ""pitch"": 7.5, ""plate_over"": 1.15, ""plate_t_bot"": 0.2, ""plate_t_top"": 0.2, ""seed"": 23, ""tilt_deg"": 2.0, ""tilt_jitter"": 0.0, ""topology"": ""shingle""}"
BL_FLAT_t200_p0750_a02_grid_s23,flat,0.2,7.5,2.0,grid,23,d76,-20.0,0.0012684393441304564,0.04999997094273567,"{""azimuth_jitter"": 180.0, ""azimuth_mode"": ""grid"", ""backing"": 2.0, ""depth"": 50.0, ""face_h"": 60.0, ""face_w"": 60.0, ""jitter"": 0.3, ""margin_depths"": 2.0, ""pitch"": 7.5, ""plate_over"": 1.15, ""plate_t_bot"": 0.2, ""plate_t_top"": 0.2, ""seed"": 23, ""tilt_deg"": 2.0, ""tilt_jitter"": 0.0, ""topology"": ""shingle""}"
BL_FLAT_t200_p0750_a02_grid_s23,flat,0.2,7.5,2.0,grid,23,d76,-40.0,0.0019107077969238162,0.04999997094273567,"{""azimuth_jitter"": 180.0, ""azimuth_mode"": ""grid"", ""backing"": 2.0, ""depth"": 50.0, ""face_h"": 60.0, ""face_w"": 60.0, ""jitter"": 0.3, ""margin_depths"": 2.0, ""pitch"": 7.5, ""plate_over"": 1.15, ""plate_t_bot"": 0.2, ""plate_t_top"": 0.2, ""seed"": 23, ""tilt_deg"": 2.0, ""tilt_jitter"": 0.0, ""topology"": ""shingle""}"
BL_FLAT_t200_p0750_a02_grid_s23,flat,0.2,7.5,2.0,grid,23,d76,20.0,0.0012785721337422729,0.04999997094273567,"{""azimuth_jitter"": 180.0, ""azimuth_mode"": ""grid"", ""backing"": 2.0, ""depth"": 50.0, ""face_h"": 60.0, ""face_w"": 60.0, ""jitter"": 0.3, ""margin_depths"": 2.0, ""pitch"": 7.5, ""plate_over"": 1.15, ""plate_t_bot"": 0.2, ""plate_t_top"": 0.2, ""seed"": 23, ""tilt_deg"": 2.0, ""tilt_jitter"": 0.0, ""topology"": ""shingle""}"
BL_FLAT_t200_p0750_a02_grid_s23,flat,0.2,7.5,2.0,grid,23,d76,40.0,0.0019271423807367682,0.04999997094273567,"{""azimuth_jitter"": 180.0, ""azimuth_mode"": ""grid"", ""backing"": 2.0, ""depth"": 50.0, ""face_h"": 60.0, ""face_w"": 60.0, ""jitter"": 0.3, ""margin_depths"": 2.0, ""pitch"": 7.5, ""plate_over"": 1.15, ""plate_t_bot"": 0.2, ""plate_t_top"": 0.2, ""seed"": 23, ""tilt_deg"": 2.0, ""tilt_jitter"": 0.0, ""topology"": ""shingle""}"
BL_FLAT_t200_p0750_a02_grid_s23,flat,0.2,7.5,2.0,grid,23,d100,0.0,0.0007334701367653906,0.04999997094273567,"{""azimuth_jitter"": 180.0, ""azimuth_mode"": ""grid"", ""backing"": 2.0, ""depth"": 50.0, ""face_h"": 60.0, ""face_w"": 60.0, ""jitter"": 0.3, ""margin_depths"": 2.0, ""pitch"": 7.5, ""plate_over"": 1.15, ""plate_t_bot"": 0.2, ""plate_t_top"": 0.2, ""seed"": 23, ""tilt_deg"": 2.0, ""tilt_jitter"": 0.0, ""topology"": ""shingle""}"
BL_FLAT_t200_p0750_a02_grid_s23,flat,0.2,7.5,2.0,grid,23,d100,-20.0,0.001447885180823505,0.04999997094273567,"{""azimuth_jitter"": 180.0, ""azimuth_mode"": ""grid"", ""backing"": 2.0, ""depth"": 50.0, ""face_h"": 60.0, ""face_w"": 60.0, ""jitter"": 0.3, ""margin_depths"": 2.0, ""pitch"": 7.5, ""plate_over"": 1.15, ""plate_t_bot"": 0.2, ""plate_t_top"": 0.2, ""seed"": 23, ""tilt_deg"": 2.0, ""tilt_jitter"": 0.0, ""topology"": ""shingle""}"
BL_FLAT_t200_p0750_a02_grid_s23,flat,0.2,7.5,2.0,grid,23,d100,-40.0,0.002357067307457328,0.04999997094273567,"{""azimuth_jitter"": 180.0, ""azimuth_mode"": ""grid"", ""backing"": 2.0, ""depth"": 50.0, ""face_h"": 60.0, ""face_w"": 60.0, ""jitter"": 0.3, ""margin_depths"": 2.0, ""pitch"": 7.5, ""plate_over"": 1.15, ""plate_t_bot"": 0.2, ""plate_t_top"": 0.2, ""seed"": 23, ""tilt_deg"": 2.0, ""tilt_jitter"": 0.0, ""topology"": ""shingle""}"
BL_FLAT_t200_p0750_a02_grid_s23,flat,0.2,7.5,2.0,grid,23,d100,20.0,0.0015143711352720857,0.04999997094273567,"{""azimuth_jitter"": 180.0, ""azimuth_mode"": ""grid"", ""backing"": 2.0, ""depth"": 50.0, ""face_h"": 60.0, ""face_w"": 60.0, ""jitter"": 0.3, ""margin_depths"": 2.0, ""pitch"": 7.5, ""plate_over"": 1.15, ""plate_t_bot"": 0.2, ""plate_t_top"": 0.2, ""seed"": 23, ""tilt_deg"": 2.0, ""tilt_jitter"": 0.0, ""topology"": ""shingle""}"
BL_FLAT_t200_p0750_a02_grid_s23,flat,0.2,7.5,2.0,grid,23,d100,40.0,0.0023723659105598927,0.04999997094273567,"{""azimuth_jitter"": 180.0, ""azimuth_mode"": ""grid"", ""backing"": 2.0, ""depth"": 50.0, ""face_h"": 60.0, ""face_w"": 60.0, ""jitter"": 0.3, ""margin_depths"": 2.0, ""pitch"": 7.5, ""plate_over"": 1.15, ""plate_t_bot"": 0.2, ""plate_t_top"": 0.2, ""seed"": 23, ""tilt_deg"": 2.0, ""tilt_jitter"": 0.0, ""topology"": ""shingle""}"
BL_FLAT_t200_p0750_a06_rand_s23,flat,0.2,7.5,6.0,random,23,d00,0.0,0.0019160911906510592,0.04999997094273567,"{""azimuth_jitter"": 180.0, ""azimuth_mode"": ""random"", ""backing"": 2.0, ""depth"": 50.0, ""face_h"": 60.0, ""face_w"": 60.0, ""jitter"": 0.3, ""margin_depths"": 2.0, ""pitch"": 7.5, ""plate_over"": 1.15, ""plate_t_bot"": 0.2, ""plate_t_top"": 0.2, ""seed"": 23, ""tilt_deg"": 6.0, ""tilt_jitter"": 0.0, ""topology"": ""shingle""}"
BL_FLAT_t200_p0750_a06_rand_s23,flat,0.2,7.5,6.0,random,23,d00,-20.0,0.0006434733513742685,0.04999997094273567,"{""azimuth_jitter"": 180.0, ""azimuth_mode"": ""random"", ""backing"": 2.0, ""depth"": 50.0, ""face_h"": 60.0, ""face_w"": 60.0, ""jitter"": 0.3, ""margin_depths"": 2.0, ""pitch"": 7.5, ""plate_over"": 1.15, ""plate_t_bot"": 0.2, ""plate_t_top"": 0.2, ""seed"": 23, ""tilt_deg"": 6.0, ""tilt_jitter"": 0.0, ""topology"": ""shingle""}"
BL_FLAT_t200_p0750_a06_rand_s23,flat,0.2,7.5,6.0,random,23,d00,-40.0,0.000594362267293036,0.04999997094273567,"{""azimuth_jitter"": 180.0, ""azimuth_mode"": ""random"", ""backing"": 2.0, ""depth"": 50.0, ""face_h"": 60.0, ""face_w"": 60.0, ""jitter"": 0.3, ""margin_depths"": 2.0, ""pitch"": 7.5, ""plate_over"": 1.15, ""plate_t_bot"": 0.2, ""plate_t_top"": 0.2, ""seed"": 23, ""tilt_deg"": 6.0, ""tilt_jitter"": 0.0, ""topology"": ""shingle""}"
BL_FLAT_t200_p0750_a06_rand_s23,flat,0.2,7.5,6.0,random,23,d00,20.0,0.0006693463074043393,0.04999997094273567,"{""azimuth_jitter"": 180.0, ""azimuth_mode"": ""random"", ""backing"": 2.0, ""depth"": 50.0, ""face_h"": 60.0, ""face_w"": 60.0, ""jitter"": 0.3, ""margin_depths"": 2.0, ""pitch"": 7.5, ""plate_over"": 1.15, ""plate_t_bot"": 0.2, ""plate_t_top"": 0.2, ""seed"": 23, ""tilt_deg"": 6.0, ""tilt_jitter"": 0.0, ""topology"": ""shingle""}"
BL_FLAT_t200_p0750_a06_rand_s23,flat,0.2,7.5,6.0,random,23,d00,40.0,0.0005923000862821937,0.04999997094273567,"{""azimuth_jitter"": 180.0, ""azimuth_mode"": ""random"", ""backing"": 2.0, ""depth"": 50.0, ""face_h"": 60.0, ""face_w"": 60.0, ""jitter"": 0.3, ""margin_depths"": 2.0, ""pitch"": 7.5, ""plate_over"": 1.15, ""plate_t_bot"": 0.2, ""plate_t_top"": 0.2, ""seed"": 23, ""tilt_deg"": 6.0, ""tilt_jitter"": 0.0, ""topology"": ""shingle""}"
BL_FLAT_t200_p0750_a06_rand_s23,flat,0.2,7.5,6.0,random,23,d76,0.0,0.001168187242001295,0.04999997094273567,"{""azimuth_jitter"": 180.0, ""azimuth_mode"": ""random"", ""backing"": 2.0, ""depth"": 50.0, ""face_h"": 60.0, ""face_w"": 60.0, ""jitter"": 0.3, ""margin_depths"": 2.0, ""pitch"": 7.5, ""plate_over"": 1.15, ""plate_t_bot"": 0.2, ""plate_t_top"": 0.2, ""seed"": 23, ""tilt_deg"": 6.0, ""tilt_jitter"": 0.0, ""topology"": ""shingle""}"
BL_FLAT_t200_p0750_a06_rand_s23,flat,0.2,7.5,6.0,random,23,d76,-20.0,0.0013044183142483234,0.04999997094273567,"{""azimuth_jitter"": 180.0, ""azimuth_mode"": ""random"", ""backing"": 2.0, ""depth"": 50.0, ""face_h"": 60.0, ""face_w"": 60.0, ""jitter"": 0.3, ""margin_depths"": 2.0, ""pitch"": 7.5, ""plate_over"": 1.15, ""plate_t_bot"": 0.2, ""plate_t_top"": 0.2, ""seed"": 23, ""tilt_deg"": 6.0, ""tilt_jitter"": 0.0, ""topology"": ""shingle""}"
BL_FLAT_t200_p0750_a06_rand_s23,flat,0.2,7.5,6.0,random,23,d76,-40.0,0.0019423336489126086,0.04999997094273567,"{""azimuth_jitter"": 180.0, ""azimuth_mode"": ""random"", ""backing"": 2.0, ""depth"": 50.0, ""face_h"": 60.0, ""face_w"": 60.0, ""jitter"": 0.3, ""margin_depths"": 2.0, ""pitch"": 7.5, ""plate_over"": 1.15, ""plate_t_bot"": 0.2, ""plate_t_top"": 0.2, ""seed"": 23, ""tilt_deg"": 6.0, ""tilt_jitter"": 0.0, ""topology"": ""shingle""}"
BL_FLAT_t200_p0750_a06_rand_s23,flat,0.2,7.5,6.0,random,23,d76,20.0,0.0012125305365771055,0.04999997094273567,"{""azimuth_jitter"": 180.0, ""azimuth_mode"": ""random"", ""backing"": 2.0, ""depth"": 50.0, ""face_h"": 60.0, ""face_w"": 60.0, ""jitter"": 0.3, ""margin_depths"": 2.0, ""pitch"": 7.5, ""plate_over"": 1.15, ""plate_t_bot"": 0.2, ""plate_t_top"": 0.2, ""seed"": 23, ""tilt_deg"": 6.0, ""tilt_jitter"": 0.0, ""topology"": ""shingle""}"
BL_FLAT_t200_p0750_a06_rand_s23,flat,0.2,7.5,6.0,random,23,d76,40.0,0.0018295798217877746,0.04999997094273567,"{""azimuth_jitter"": 180.0, ""azimuth_mode"": ""random"", ""backing"": 2.0, ""depth"": 50.0, ""face_h"": 60.0, ""face_w"": 60.0, ""jitter"": 0.3, ""margin_depths"": 2.0, ""pitch"": 7.5, ""plate_over"": 1.15, ""plate_t_bot"": 0.2, ""plate_t_top"": 0.2, ""seed"": 23, ""tilt_deg"": 6.0, ""tilt_jitter"": 0.0, ""topology"": ""shingle""}"
BL_FLAT_t200_p0750_a06_rand_s23,flat,0.2,7.5,6.0,random,23,d100,0.0,0.000975665869191289,0.04999997094273567,"{""azimuth_jitter"": 180.0, ""azimuth_mode"": ""random"", ""backing"": 2.0, ""depth"": 50.0, ""face_h"": 60.0, ""face_w"": 60.0, ""jitter"": 0.3, ""margin_depths"": 2.0, ""pitch"": 7.5, ""plate_over"": 1.15, ""plate_t_bot"": 0.2, ""plate_t_top"": 0.2, ""seed"": 23, ""tilt_deg"": 6.0, ""tilt_jitter"": 0.0, ""topology"": ""shingle""}"
BL_FLAT_t200_p0750_a06_rand_s23,flat,0.2,7.5,6.0,random,23,d100,-20.0,0.0015344411367550492,0.04999997094273567,"{""azimuth_jitter"": 180.0, ""azimuth_mode"": ""random"", ""backing"": 2.0, ""depth"": 50.0, ""face_h"": 60.0, ""face_w"": 60.0, ""jitter"": 0.3, ""margin_depths"": 2.0, ""pitch"": 7.5, ""plate_over"": 1.15, ""plate_t_bot"": 0.2, ""plate_t_top"": 0.2, ""seed"": 23, ""tilt_deg"": 6.0, ""tilt_jitter"": 0.0, ""topology"": ""shingle""}"
BL_FLAT_t200_p0750_a06_rand_s23,flat,0.2,7.5,6.0,random,23,d100,-40.0,0.0023627588525414467,0.04999997094273567,"{""azimuth_jitter"": 180.0, ""azimuth_mode"": ""random"", ""backing"": 2.0, ""depth"": 50.0, ""face_h"": 60.0, ""face_w"": 60.0, ""jitter"": 0.3, ""margin_depths"": 2.0, ""pitch"": 7.5, ""plate_over"": 1.15, ""plate_t_bot"": 0.2, ""plate_t_top"": 0.2, ""seed"": 23, ""tilt_deg"": 6.0, ""tilt_jitter"": 0.0, ""topology"": ""shingle""}"
BL_FLAT_t200_p0750_a06_rand_s23,flat,0.2,7.5,6.0,random,23,d100,20.0,0.001401389017701149,0.04999997094273567,"{""azimuth_jitter"": 180.0, ""azimuth_mode"": ""random"", ""backing"": 2.0, ""depth"": 50.0, ""face_h"": 60.0, ""face_w"": 60.0, ""jitter"": 0.3, ""margin_depths"": 2.0, ""pitch"": 7.5, ""plate_over"": 1.15, ""plate_t_bot"": 0.2, ""plate_t_top"": 0.2, ""seed"": 23, ""tilt_deg"": 6.0, ""tilt_jitter"": 0.0, ""topology"": ""shingle""}"
BL_FLAT_t200_p0750_a06_rand_s23,flat,0.2,7.5,6.0,random,23,d100,40.0,0.002233541803434491,0.04999997094273567,"{""azimuth_jitter"": 180.0, ""azimuth_mode"": ""random"", ""backing"": 2.0, ""depth"": 50.0, ""face_h"": 60.0, ""face_w"": 60.0, ""jitter"": 0.3, ""margin_depths"": 2.0, ""pitch"": 7.5, ""plate_over"": 1.15, ""plate_t_bot"": 0.2, ""plate_t_top"": 0.2, ""seed"": 23, ""tilt_deg"": 6.0, ""tilt_jitter"": 0.0, ""topology"": ""shingle""}"
BL_FLAT_t200_p0750_a06_grid_s23,flat,0.2,7.5,6.0,grid,23,d00,0.0,0.0017758668400347233,0.04999997094273567,"{""azimuth_jitter"": 180.0, ""azimuth_mode"": ""grid"", ""backing"": 2.0, ""depth"": 50.0, ""face_h"": 60.0, ""face_w"": 60.0, ""jitter"": 0.3, ""margin_depths"": 2.0, ""pitch"": 7.5, ""plate_over"": 1.15, ""plate_t_bot"": 0.2, ""plate_t_top"": 0.2, ""seed"": 23, ""tilt_deg"": 6.0, ""tilt_jitter"": 0.0, ""topology"": ""shingle""}"
BL_FLAT_t200_p0750_a06_grid_s23,flat,0.2,7.5,6.0,grid,23,d00,-20.0,0.0007500403444282711,0.04999997094273567,"{""azimuth_jitter"": 180.0, ""azimuth_mode"": ""grid"", ""backing"": 2.0, ""depth"": 50.0, ""face_h"": 60.0, ""face_w"": 60.0, ""jitter"": 0.3, ""margin_depths"": 2.0, ""pitch"": 7.5, ""plate_over"": 1.15, ""plate_t_bot"": 0.2, ""plate_t_top"": 0.2, ""seed"": 23, ""tilt_deg"": 6.0, ""tilt_jitter"": 0.0, ""topology"": ""shingle""}"
BL_FLAT_t200_p0750_a06_grid_s23,flat,0.2,7.5,6.0,grid,23,d00,-40.0,0.000577684142626822,0.04999997094273567,"{""azimuth_jitter"": 180.0, ""azimuth_mode"": ""grid"", ""backing"": 2.0, ""depth"": 50.0, ""face_h"": 60.0, ""face_w"": 60.0, ""jitter"": 0.3, ""margin_depths"": 2.0, ""pitch"": 7.5, ""plate_over"": 1.15, ""plate_t_bot"": 0.2, ""plate_t_top"": 0.2, ""seed"": 23, ""tilt_deg"": 6.0, ""tilt_jitter"": 0.0, ""topology"": ""shingle""}"
BL_FLAT_t200_p0750_a06_grid_s23,flat,0.2,7.5,6.0,grid,23,d00,20.0,0.000575233600102365,0.04999997094273567,"{""azimuth_jitter"": 180.0, ""azimuth_mode"": ""grid"", ""backing"": 2.0, ""depth"": 50.0, ""face_h"": 60.0, ""face_w"": 60.0, ""jitter"": 0.3, ""margin_depths"": 2.0, ""pitch"": 7.5, ""plate_over"": 1.15, ""plate_t_bot"": 0.2, ""plate_t_top"": 0.2, ""seed"": 23, ""tilt_deg"": 6.0, ""tilt_jitter"": 0.0, ""topology"": ""shingle""}"
BL_FLAT_t200_p0750_a06_grid_s23,flat,0.2,7.5,6.0,grid,23,d00,40.0,0.0006210896535776556,0.04999997094273567,"{""azimuth_jitter"": 180.0, ""azimuth_mode"": ""grid"", ""backing"": 2.0, ""depth"": 50.0, ""face_h"": 60.0, ""face_w"": 60.0, ""jitter"": 0.3, ""margin_depths"": 2.0, ""pitch"": 7.5, ""plate_over"": 1.15, ""plate_t_bot"": 0.2, ""plate_t_top"": 0.2, ""seed"": 23, ""tilt_deg"": 6.0, ""tilt_jitter"": 0.0, ""topology"": ""shingle""}"
BL_FLAT_t200_p0750_a06_grid_s23,flat,0.2,7.5,6.0,grid,23,d76,0.0,0.001115151564590633,0.04999997094273567,"{""azimuth_jitter"": 180.0, ""azimuth_mode"": ""grid"", ""backing"": 2.0, ""depth"": 50.0, ""face_h"": 60.0, ""face_w"": 60.0, ""jitter"": 0.3, ""margin_depths"": 2.0, ""pitch"": 7.5, ""plate_over"": 1.15, ""plate_t_bot"": 0.2, ""plate_t_top"": 0.2, ""seed"": 23, ""tilt_deg"": 6.0, ""tilt_jitter"": 0.0, ""topology"": ""shingle""}"
BL_FLAT_t200_p0750_a06_grid_s23,flat,0.2,7.5,6.0,grid,23,d76,-20.0,0.0011182246962562203,0.04999997094273567,"{""azimuth_jitter"": 180.0, ""azimuth_mode"": ""grid"", ""backing"": 2.0, ""depth"": 50.0, ""face_h"": 60.0, ""face_w"": 60.0, ""jitter"": 0.3, ""margin_depths"": 2.0, ""pitch"": 7.5, ""plate_over"": 1.15, ""plate_t_bot"": 0.2, ""plate_t_top"": 0.2, ""seed"": 23, ""tilt_deg"": 6.0, ""tilt_jitter"": 0.0, ""topology"": ""shingle""}"
BL_FLAT_t200_p0750_a06_grid_s23,flat,0.2,7.5,6.0,grid,23,d76,-40.0,0.0017561493441462517,0.04999997094273567,"{""azimuth_jitter"": 180.0, ""azimuth_mode"": ""grid"", ""backing"": 2.0, ""depth"": 50.0, ""face_h"": 60.0, ""face_w"": 60.0, ""jitter"": 0.3, ""margin_depths"": 2.0, ""pitch"": 7.5, ""plate_over"": 1.15, ""plate_t_bot"": 0.2, ""plate_t_top"": 0.2, ""seed"": 23, ""tilt_deg"": 6.0, ""tilt_jitter"": 0.0, ""topology"": ""shingle""}"
BL_FLAT_t200_p0750_a06_grid_s23,flat,0.2,7.5,6.0,grid,23,d76,20.0,0.001516795950010419,0.04999997094273567,"{""azimuth_jitter"": 180.0, ""azimuth_mode"": ""grid"", ""backing"": 2.0, ""depth"": 50.0, ""face_h"": 60.0, ""face_w"": 60.0, ""jitter"": 0.3, ""margin_depths"": 2.0, ""pitch"": 7.5, ""plate_over"": 1.15, ""plate_t_bot"": 0.2, ""plate_t_top"": 0.2, ""seed"": 23, ""tilt_deg"": 6.0, ""tilt_jitter"": 0.0, ""topology"": ""shingle""}"
BL_FLAT_t200_p0750_a06_grid_s23,flat,0.2,7.5,6.0,grid,23,d76,40.0,0.0021820564288645983,0.04999997094273567,"{""azimuth_jitter"": 180.0, ""azimuth_mode"": ""grid"", ""backing"": 2.0, ""depth"": 50.0, ""face_h"": 60.0, ""face_w"": 60.0, ""jitter"": 0.3, ""margin_depths"": 2.0, ""pitch"": 7.5, ""plate_over"": 1.15, ""plate_t_bot"": 0.2, ""plate_t_top"": 0.2, ""seed"": 23, ""tilt_deg"": 6.0, ""tilt_jitter"": 0.0, ""topology"": ""shingle""}"
BL_FLAT_t200_p0750_a06_grid_s23,flat,0.2,7.5,6.0,grid,23,d100,0.0,0.0009510187665000558,0.04999997094273567,"{""azimuth_jitter"": 180.0, ""azimuth_mode"": ""grid"", ""backing"": 2.0, ""depth"": 50.0, ""face_h"": 60.0, ""face_w"": 60.0, ""jitter"": 0.3, ""margin_depths"": 2.0, ""pitch"": 7.5, ""plate_over"": 1.15, ""plate_t_bot"": 0.2, ""plate_t_top"": 0.2, ""seed"": 23, ""tilt_deg"": 6.0, ""tilt_jitter"": 0.0, ""topology"": ""shingle""}"
BL_FLAT_t200_p0750_a06_grid_s23,flat,0.2,7.5,6.0,grid,23,d100,-20.0,0.0012660877546295524,0.04999997094273567,"{""azimuth_jitter"": 180.0, ""azimuth_mode"": ""grid"", ""backing"": 2.0, ""depth"": 50.0, ""face_h"": 60.0, ""face_w"": 60.0, ""jitter"": 0.3, ""margin_depths"": 2.0, ""pitch"": 7.5, ""plate_over"": 1.15, ""plate_t_bot"": 0.2, ""plate_t_top"": 0.2, ""seed"": 23, ""tilt_deg"": 6.0, ""tilt_jitter"": 0.0, ""topology"": ""shingle""}"
BL_FLAT_t200_p0750_a06_grid_s23,flat,0.2,7.5,6.0,grid,23,d100,-40.0,0.0021428519394248724,0.04999997094273567,"{""azimuth_jitter"": 180.0, ""azimuth_mode"": ""grid"", ""backing"": 2.0, ""depth"": 50.0, ""face_h"": 60.0, ""face_w"": 60.0, ""jitter"": 0.3, ""margin_depths"": 2.0, ""pitch"": 7.5, ""plate_over"": 1.15, ""plate_t_bot"": 0.2, ""plate_t_top"": 0.2, ""seed"": 23, ""tilt_deg"": 6.0, ""tilt_jitter"": 0.0, ""topology"": ""shingle""}"
BL_FLAT_t200_p0750_a06_grid_s23,flat,0.2,7.5,6.0,grid,23,d100,20.0,0.001830349676311016,0.04999997094273567,"{""azimuth_jitter"": 180.0, ""azimuth_mode"": ""grid"", ""backing"": 2.0, ""depth"": 50.0, ""face_h"": 60.0, ""face_w"": 60.0, ""jitter"": 0.3, ""margin_depths"": 2.0, ""pitch"": 7.5, ""plate_over"": 1.15, ""plate_t_bot"": 0.2, ""plate_t_top"": 0.2, ""seed"": 23, ""tilt_deg"": 6.0, ""tilt_jitter"": 0.0, ""topology"": ""shingle""}"
BL_FLAT_t200_p0750_a06_grid_s23,flat,0.2,7.5,6.0,grid,23,d100,40.0,0.002683746861293912,0.04999997094273567,"{""azimuth_jitter"": 180.0, ""azimuth_mode"": ""grid"", ""backing"": 2.0, ""depth"": 50.0, ""face_h"": 60.0, ""face_w"": 60.0, ""jitter"": 0.3, ""margin_depths"": 2.0, ""pitch"": 7.5, ""plate_over"": 1.15, ""plate_t_bot"": 0.2, ""plate_t_top"": 0.2, ""seed"": 23, ""tilt_deg"": 6.0, ""tilt_jitter"": 0.0, ""topology"": ""shingle""}"
BL_WEDG_t100_p0550_a02_rand_s23,wedge,0.1,5.5,2.0,random,23,d00,0.0,0.0020294294226914644,0.04999997094273567,"{""azimuth_jitter"": 180.0, ""azimuth_mode"": ""random"", ""backing"": 2.0, ""depth"": 50.0, ""face_h"": 60.0, ""face_w"": 60.0, ""jitter"": 0.3, ""margin_depths"": 2.0, ""pitch"": 5.5, ""plate_over"": 1.15, ""plate_t_bot"": 0.9, ""plate_t_top"": 0.1, ""seed"": 23, ""tilt_deg"": 2.0, ""tilt_jitter"": 0.0, ""topology"": ""shingle""}"
BL_WEDG_t100_p0550_a02_rand_s23,wedge,0.1,5.5,2.0,random,23,d00,-20.0,0.0005410954472608864,0.04999997094273567,"{""azimuth_jitter"": 180.0, ""azimuth_mode"": ""random"", ""backing"": 2.0, ""depth"": 50.0, ""face_h"": 60.0, ""face_w"": 60.0, ""jitter"": 0.3, ""margin_depths"": 2.0, ""pitch"": 5.5, ""plate_over"": 1.15, ""plate_t_bot"": 0.9, ""plate_t_top"": 0.1, ""seed"": 23, ""tilt_deg"": 2.0, ""tilt_jitter"": 0.0, ""topology"": ""shingle""}"
BL_WEDG_t100_p0550_a02_rand_s23,wedge,0.1,5.5,2.0,random,23,d00,-40.0,0.00045263723586685956,0.04999997094273567,"{""azimuth_jitter"": 180.0, ""azimuth_mode"": ""random"", ""backing"": 2.0, ""depth"": 50.0, ""face_h"": 60.0, ""face_w"": 60.0, ""jitter"": 0.3, ""margin_depths"": 2.0, ""pitch"": 5.5, ""plate_over"": 1.15, ""plate_t_bot"": 0.9, ""plate_t_top"": 0.1, ""seed"": 23, ""tilt_deg"": 2.0, ""tilt_jitter"": 0.0, ""topology"": ""shingle""}"
BL_WEDG_t100_p0550_a02_rand_s23,wedge,0.1,5.5,2.0,random,23,d00,20.0,0.0005018722731620073,0.04999997094273567,"{""azimuth_jitter"": 180.0, ""azimuth_mode"": ""random"", ""backing"": 2.0, ""depth"": 50.0, ""face_h"": 60.0, ""face_w"": 60.0, ""jitter"": 0.3, ""margin_depths"": 2.0, ""pitch"": 5.5, ""plate_over"": 1.15, ""plate_t_bot"": 0.9, ""plate_t_top"": 0.1, ""seed"": 23, ""tilt_deg"": 2.0, ""tilt_jitter"": 0.0, ""topology"": ""shingle""}"
BL_WEDG_t100_p0550_a02_rand_s23,wedge,0.1,5.5,2.0,random,23,d00,40.0,0.0004533975152298808,0.04999997094273567,"{""azimuth_jitter"": 180.0, ""azimuth_mode"": ""random"", ""backing"": 2.0, ""depth"": 50.0, ""face_h"": 60.0, ""face_w"": 60.0, ""jitter"": 0.3, ""margin_depths"": 2.0, ""pitch"": 5.5, ""plate_over"": 1.15, ""plate_t_bot"": 0.9, ""plate_t_top"": 0.1, ""seed"": 23, ""tilt_deg"": 2.0, ""tilt_jitter"": 0.0, ""topology"": ""shingle""}"
BL_WEDG_t100_p0550_a02_rand_s23,wedge,0.1,5.5,2.0,random,23,d76,0.0,0.0008654467528685927,0.04999997094273567,"{""azimuth_jitter"": 180.0, ""azimuth_mode"": ""random"", ""backing"": 2.0, ""depth"": 50.0, ""face_h"": 60.0, ""face_w"": 60.0, ""jitter"": 0.3, ""margin_depths"": 2.0, ""pitch"": 5.5, ""plate_over"": 1.15, ""plate_t_bot"": 0.9, ""plate_t_top"": 0.1, ""seed"": 23, ""tilt_deg"": 2.0, ""tilt_jitter"": 0.0, ""topology"": ""shingle""}"
BL_WEDG_t100_p0550_a02_rand_s23,wedge,0.1,5.5,2.0,random,23,d76,-20.0,0.0010879230685532093,0.04999997094273567,"{""azimuth_jitter"": 180.0, ""azimuth_mode"": ""random"", ""backing"": 2.0, ""depth"": 50.0, ""face_h"": 60.0, ""face_w"": 60.0, ""jitter"": 0.3, ""margin_depths"": 2.0, ""pitch"": 5.5, ""plate_over"": 1.15, ""plate_t_bot"": 0.9, ""plate_t_top"": 0.1, ""seed"": 23, ""tilt_deg"": 2.0, ""tilt_jitter"": 0.0, ""topology"": ""shingle""}"
BL_WEDG_t100_p0550_a02_rand_s23,wedge,0.1,5.5,2.0,random,23,d76,-40.0,0.001703930669464171,0.04999997094273567,"{""azimuth_jitter"": 180.0, ""azimuth_mode"": ""random"", ""backing"": 2.0, ""depth"": 50.0, ""face_h"": 60.0, ""face_w"": 60.0, ""jitter"": 0.3, ""margin_depths"": 2.0, ""pitch"": 5.5, ""plate_over"": 1.15, ""plate_t_bot"": 0.9, ""plate_t_top"": 0.1, ""seed"": 23, ""tilt_deg"": 2.0, ""tilt_jitter"": 0.0, ""topology"": ""shingle""}"
BL_WEDG_t100_p0550_a02_rand_s23,wedge,0.1,5.5,2.0,random,23,d76,20.0,0.001086620264686644,0.04999997094273567,"{""azimuth_jitter"": 180.0, ""azimuth_mode"": ""random"", ""backing"": 2.0, ""depth"": 50.0, ""face_h"": 60.0, ""face_w"": 60.0, ""jitter"": 0.3, ""margin_depths"": 2.0, ""pitch"": 5.5, ""plate_over"": 1.15, ""plate_t_bot"": 0.9, ""plate_t_top"": 0.1, ""seed"": 23, ""tilt_deg"": 2.0, ""tilt_jitter"": 0.0, ""topology"": ""shingle""}"
BL_WEDG_t100_p0550_a02_rand_s23,wedge,0.1,5.5,2.0,random,23,d76,40.0,0.0017121993005275726,0.04999997094273567,"{""azimuth_jitter"": 180.0, ""azimuth_mode"": ""random"", ""backing"": 2.0, ""depth"": 50.0, ""face_h"": 60.0, ""face_w"": 60.0, ""jitter"": 0.3, ""margin_depths"": 2.0, ""pitch"": 5.5, ""plate_over"": 1.15, ""plate_t_bot"": 0.9, ""plate_t_top"": 0.1, ""seed"": 23, ""tilt_deg"": 2.0, ""tilt_jitter"": 0.0, ""topology"": ""shingle""}"
BL_WEDG_t100_p0550_a02_rand_s23,wedge,0.1,5.5,2.0,random,23,d100,0.0,0.0005359382485039532,0.04999997094273567,"{""azimuth_jitter"": 180.0, ""azimuth_mode"": ""random"", ""backing"": 2.0, ""depth"": 50.0, ""face_h"": 60.0, ""face_w"": 60.0, ""jitter"": 0.3, ""margin_depths"": 2.0, ""pitch"": 5.5, ""plate_over"": 1.15, ""plate_t_bot"": 0.9, ""plate_t_top"": 0.1, ""seed"": 23, ""tilt_deg"": 2.0, ""tilt_jitter"": 0.0, ""topology"": ""shingle""}"
BL_WEDG_t100_p0550_a02_rand_s23,wedge,0.1,5.5,2.0,random,23,d100,-20.0,0.0012703195679932833,0.04999997094273567,"{""azimuth_jitter"": 180.0, ""azimuth_mode"": ""random"", ""backing"": 2.0, ""depth"": 50.0, ""face_h"": 60.0, ""face_w"": 60.0, ""jitter"": 0.3, ""margin_depths"": 2.0, ""pitch"": 5.5, ""plate_over"": 1.15, ""plate_t_bot"": 0.9, ""plate_t_top"": 0.1, ""seed"": 23, ""tilt_deg"": 2.0, ""tilt_jitter"": 0.0, ""topology"": ""shingle""}"
BL_WEDG_t100_p0550_a02_rand_s23,wedge,0.1,5.5,2.0,random,23,d100,-40.0,0.002112211659550667,0.04999997094273567,"{""azimuth_jitter"": 180.0, ""azimuth_mode"": ""random"", ""backing"": 2.0, ""depth"": 50.0, ""face_h"": 60.0, ""face_w"": 60.0, ""jitter"": 0.3, ""margin_depths"": 2.0, ""pitch"": 5.5, ""plate_over"": 1.15, ""plate_t_bot"": 0.9, ""plate_t_top"": 0.1, ""seed"": 23, ""tilt_deg"": 2.0, ""tilt_jitter"": 0.0, ""topology"": ""shingle""}"
BL_WEDG_t100_p0550_a02_rand_s23,wedge,0.1,5.5,2.0,random,23,d100,20.0,0.001296713948249817,0.04999997094273567,"{""azimuth_jitter"": 180.0, ""azimuth_mode"": ""random"", ""backing"": 2.0, ""depth"": 50.0, ""face_h"": 60.0, ""face_w"": 60.0, ""jitter"": 0.3, ""margin_depths"": 2.0, ""pitch"": 5.5, ""plate_over"": 1.15, ""plate_t_bot"": 0.9, ""plate_t_top"": 0.1, ""seed"": 23, ""tilt_deg"": 2.0, ""tilt_jitter"": 0.0, ""topology"": ""shingle""}"
BL_WEDG_t100_p0550_a02_rand_s23,wedge,0.1,5.5,2.0,random,23,d100,40.0,0.002120325341820717,0.04999997094273567,"{""azimuth_jitter"": 180.0, ""azimuth_mode"": ""random"", ""backing"": 2.0, ""depth"": 50.0, ""face_h"": 60.0, ""face_w"": 60.0, ""jitter"": 0.3, ""margin_depths"": 2.0, ""pitch"": 5.5, ""plate_over"": 1.15, ""plate_t_bot"": 0.9, ""plate_t_top"": 0.1, ""seed"": 23, ""tilt_deg"": 2.0, ""tilt_jitter"": 0.0, ""topology"": ""shingle""}"
BL_WEDG_t100_p0550_a06_rand_s23,wedge,0.1,5.5,6.0,random,23,d00,0.0,0.0012414375087246299,0.04999997094273567,"{""azimuth_jitter"": 180.0, ""azimuth_mode"": ""random"", ""backing"": 2.0, ""depth"": 50.0, ""face_h"": 60.0, ""face_w"": 60.0, ""jitter"": 0.3, ""margin_depths"": 2.0, ""pitch"": 5.5, ""plate_over"": 1.15, ""plate_t_bot"": 0.9, ""plate_t_top"": 0.1, ""seed"": 23, ""tilt_deg"": 6.0, ""tilt_jitter"": 0.0, ""topology"": ""shingle""}"
BL_WEDG_t100_p0550_a06_rand_s23,wedge,0.1,5.5,6.0,random,23,d00,-20.0,0.0005279318429529667,0.04999997094273567,"{""azimuth_jitter"": 180.0, ""azimuth_mode"": ""random"", ""backing"": 2.0, ""depth"": 50.0, ""face_h"": 60.0, ""face_w"": 60.0, ""jitter"": 0.3, ""margin_depths"": 2.0, ""pitch"": 5.5, ""plate_over"": 1.15, ""plate_t_bot"": 0.9, ""plate_t_top"": 0.1, ""seed"": 23, ""tilt_deg"": 6.0, ""tilt_jitter"": 0.0, ""topology"": ""shingle""}"
BL_WEDG_t100_p0550_a06_rand_s23,wedge,0.1,5.5,6.0,random,23,d00,-40.0,0.0004772157990373671,0.04999997094273567,"{""azimuth_jitter"": 180.0, ""azimuth_mode"": ""random"", ""backing"": 2.0, ""depth"": 50.0, ""face_h"": 60.0, ""face_w"": 60.0, ""jitter"": 0.3, ""margin_depths"": 2.0, ""pitch"": 5.5, ""plate_over"": 1.15, ""plate_t_bot"": 0.9, ""plate_t_top"": 0.1, ""seed"": 23, ""tilt_deg"": 6.0, ""tilt_jitter"": 0.0, ""topology"": ""shingle""}"
BL_WEDG_t100_p0550_a06_rand_s23,wedge,0.1,5.5,6.0,random,23,d00,20.0,0.0005063193384557962,0.04999997094273567,"{""azimuth_jitter"": 180.0, ""azimuth_mode"": ""random"", ""backing"": 2.0, ""depth"": 50.0, ""face_h"": 60.0, ""face_w"": 60.0, ""jitter"": 0.3, ""margin_depths"": 2.0, ""pitch"": 5.5, ""plate_over"": 1.15, ""plate_t_bot"": 0.9, ""plate_t_top"": 0.1, ""seed"": 23, ""tilt_deg"": 6.0, ""tilt_jitter"": 0.0, ""topology"": ""shingle""}"
BL_WEDG_t100_p0550_a06_rand_s23,wedge,0.1,5.5,6.0,random,23,d00,40.0,0.0004584369307849556,0.04999997094273567,"{""azimuth_jitter"": 180.0, ""azimuth_mode"": ""random"", ""backing"": 2.0, ""depth"": 50.0, ""face_h"": 60.0, ""face_w"": 60.0, ""jitter"": 0.3, ""margin_depths"": 2.0, ""pitch"": 5.5, ""plate_over"": 1.15, ""plate_t_bot"": 0.9, ""plate_t_top"": 0.1, ""seed"": 23, ""tilt_deg"": 6.0, ""tilt_jitter"": 0.0, ""topology"": ""shingle""}"
BL_WEDG_t100_p0550_a06_rand_s23,wedge,0.1,5.5,6.0,random,23,d76,0.0,0.0009274839540012181,0.04999997094273567,"{""azimuth_jitter"": 180.0, ""azimuth_mode"": ""random"", ""backing"": 2.0, ""depth"": 50.0, ""face_h"": 60.0, ""face_w"": 60.0, ""jitter"": 0.3, ""margin_depths"": 2.0, ""pitch"": 5.5, ""plate_over"": 1.15, ""plate_t_bot"": 0.9, ""plate_t_top"": 0.1, ""seed"": 23, ""tilt_deg"": 6.0, ""tilt_jitter"": 0.0, ""topology"": ""shingle""}"
BL_WEDG_t100_p0550_a06_rand_s23,wedge,0.1,5.5,6.0,random,23,d76,-20.0,0.0010981260566040874,0.04999997094273567,"{""azimuth_jitter"": 180.0, ""azimuth_mode"": ""random"", ""backing"": 2.0, ""depth"": 50.0, ""face_h"": 60.0, ""face_w"": 60.0, ""jitter"": 0.3, ""margin_depths"": 2.0, ""pitch"": 5.5, ""plate_over"": 1.15, ""plate_t_bot"": 0.9, ""plate_t_top"": 0.1, ""seed"": 23, ""tilt_deg"": 6.0, ""tilt_jitter"": 0.0, ""topology"": ""shingle""}"
BL_WEDG_t100_p0550_a06_rand_s23,wedge,0.1,5.5,6.0,random,23,d76,-40.0,0.001716930535621941,0.04999997094273567,"{""azimuth_jitter"": 180.0, ""azimuth_mode"": ""random"", ""backing"": 2.0, ""depth"": 50.0, ""face_h"": 60.0, ""face_w"": 60.0, ""jitter"": 0.3, ""margin_depths"": 2.0, ""pitch"": 5.5, ""plate_over"": 1.15, ""plate_t_bot"": 0.9, ""plate_t_top"": 0.1, ""seed"": 23, ""tilt_deg"": 6.0, ""tilt_jitter"": 0.0, ""topology"": ""shingle""}"
BL_WEDG_t100_p0550_a06_rand_s23,wedge,0.1,5.5,6.0,random,23,d76,20.0,0.0011776412138715386,0.04999997094273567,"{""azimuth_jitter"": 180.0, ""azimuth_mode"": ""random"", ""backing"": 2.0, ""depth"": 50.0, ""face_h"": 60.0, ""face_w"": 60.0, ""jitter"": 0.3, ""margin_depths"": 2.0, ""pitch"": 5.5, ""plate_over"": 1.15, ""plate_t_bot"": 0.9, ""plate_t_top"": 0.1, ""seed"": 23, ""tilt_deg"": 6.0, ""tilt_jitter"": 0.0, ""topology"": ""shingle""}"
BL_WEDG_t100_p0550_a06_rand_s23,wedge,0.1,5.5,6.0,random,23,d76,40.0,0.0017714878777042031,0.04999997094273567,"{""azimuth_jitter"": 180.0, ""azimuth_mode"": ""random"", ""backing"": 2.0, ""depth"": 50.0, ""face_h"": 60.0, ""face_w"": 60.0, ""jitter"": 0.3, ""margin_depths"": 2.0, ""pitch"": 5.5, ""plate_over"": 1.15, ""plate_t_bot"": 0.9, ""plate_t_top"": 0.1, ""seed"": 23, ""tilt_deg"": 6.0, ""tilt_jitter"": 0.0, ""topology"": ""shingle""}"
BL_WEDG_t100_p0550_a06_rand_s23,wedge,0.1,5.5,6.0,random,23,d100,0.0,0.0008542611030861735,0.04999997094273567,"{""azimuth_jitter"": 180.0, ""azimuth_mode"": ""random"", ""backing"": 2.0, ""depth"": 50.0, ""face_h"": 60.0, ""face_w"": 60.0, ""jitter"": 0.3, ""margin_depths"": 2.0, ""pitch"": 5.5, ""plate_over"": 1.15, ""plate_t_bot"": 0.9, ""plate_t_top"": 0.1, ""seed"": 23, ""tilt_deg"": 6.0, ""tilt_jitter"": 0.0, ""topology"": ""shingle""}"
BL_WEDG_t100_p0550_a06_rand_s23,wedge,0.1,5.5,6.0,random,23,d100,-20.0,0.001296409871429205,0.04999997094273567,"{""azimuth_jitter"": 180.0, ""azimuth_mode"": ""random"", ""backing"": 2.0, ""depth"": 50.0, ""face_h"": 60.0, ""face_w"": 60.0, ""jitter"": 0.3, ""margin_depths"": 2.0, ""pitch"": 5.5, ""plate_over"": 1.15, ""plate_t_bot"": 0.9, ""plate_t_top"": 0.1, ""seed"": 23, ""tilt_deg"": 6.0, ""tilt_jitter"": 0.0, ""topology"": ""shingle""}"
BL_WEDG_t100_p0550_a06_rand_s23,wedge,0.1,5.5,6.0,random,23,d100,-40.0,0.0021292478777468204,0.04999997094273567,"{""azimuth_jitter"": 180.0, ""azimuth_mode"": ""random"", ""backing"": 2.0, ""depth"": 50.0, ""face_h"": 60.0, ""face_w"": 60.0, ""jitter"": 0.3, ""margin_depths"": 2.0, ""pitch"": 5.5, ""plate_over"": 1.15, ""plate_t_bot"": 0.9, ""plate_t_top"": 0.1, ""seed"": 23, ""tilt_deg"": 6.0, ""tilt_jitter"": 0.0, ""topology"": ""shingle""}"
BL_WEDG_t100_p0550_a06_rand_s23,wedge,0.1,5.5,6.0,random,23,d100,20.0,0.0014081447152420878,0.04999997094273567,"{""azimuth_jitter"": 180.0, ""azimuth_mode"": ""random"", ""backing"": 2.0, ""depth"": 50.0, ""face_h"": 60.0, ""face_w"": 60.0, ""jitter"": 0.3, ""margin_depths"": 2.0, ""pitch"": 5.5, ""plate_over"": 1.15, ""plate_t_bot"": 0.9, ""plate_t_top"": 0.1, ""seed"": 23, ""tilt_deg"": 6.0, ""tilt_jitter"": 0.0, ""topology"": ""shingle""}"
BL_WEDG_t100_p0550_a06_rand_s23,wedge,0.1,5.5,6.0,random,23,d100,40.0,0.0021976297721266747,0.04999997094273567,"{""azimuth_jitter"": 180.0, ""azimuth_mode"": ""random"", ""backing"": 2.0, ""depth"": 50.0, ""face_h"": 60.0, ""face_w"": 60.0, ""jitter"": 0.3, ""margin_depths"": 2.0, ""pitch"": 5.5, ""plate_over"": 1.15, ""plate_t_bot"": 0.9, ""plate_t_top"": 0.1, ""seed"": 23, ""tilt_deg"": 6.0, ""tilt_jitter"": 0.0, ""topology"": ""shingle""}"
BL_WEDG_t100_p0750_a02_rand_s23,wedge,0.1,7.5,2.0,random,23,d00,0.0,0.002679123543202877,0.04999997094273567,"{""azimuth_jitter"": 180.0, ""azimuth_mode"": ""random"", ""backing"": 2.0, ""depth"": 50.0, ""face_h"": 60.0, ""face_w"": 60.0, ""jitter"": 0.3, ""margin_depths"": 2.0, ""pitch"": 7.5, ""plate_over"": 1.15, ""plate_t_bot"": 0.9, ""plate_t_top"": 0.1, ""seed"": 23, ""tilt_deg"": 2.0, ""tilt_jitter"": 0.0, ""topology"": ""shingle""}"
BL_WEDG_t100_p0750_a02_rand_s23,wedge,0.1,7.5,2.0,random,23,d00,-20.0,0.0004437364113982767,0.04999997094273567,"{""azimuth_jitter"": 180.0, ""azimuth_mode"": ""random"", ""backing"": 2.0, ""depth"": 50.0, ""face_h"": 60.0, ""face_w"": 60.0, ""jitter"": 0.3, ""margin_depths"": 2.0, ""pitch"": 7.5, ""plate_over"": 1.15, ""plate_t_bot"": 0.9, ""plate_t_top"": 0.1, ""seed"": 23, ""tilt_deg"": 2.0, ""tilt_jitter"": 0.0, ""topology"": ""shingle""}"
BL_WEDG_t100_p0750_a02_rand_s23,wedge,0.1,7.5,2.0,random,23,d00,-40.0,0.0003870082146022469,0.04999997094273567,"{""azimuth_jitter"": 180.0, ""azimuth_mode"": ""random"", ""backing"": 2.0, ""depth"": 50.0, ""face_h"": 60.0, ""face_w"": 60.0, ""jitter"": 0.3, ""margin_depths"": 2.0, ""pitch"": 7.5, ""plate_over"": 1.15, ""plate_t_bot"": 0.9, ""plate_t_top"": 0.1, ""seed"": 23, ""tilt_deg"": 2.0, ""tilt_jitter"": 0.0, ""topology"": ""shingle""}"
BL_WEDG_t100_p0750_a02_rand_s23,wedge,0.1,7.5,2.0,random,23,d00,20.0,0.0004576758947223425,0.04999997094273567,"{""azimuth_jitter"": 180.0, ""azimuth_mode"": ""random"", ""backing"": 2.0, ""depth"": 50.0, ""face_h"": 60.0, ""face_w"": 60.0, ""jitter"": 0.3, ""margin_depths"": 2.0, ""pitch"": 7.5, ""plate_over"": 1.15, ""plate_t_bot"": 0.9, ""plate_t_top"": 0.1, ""seed"": 23, ""tilt_deg"": 2.0, ""tilt_jitter"": 0.0, ""topology"": ""shingle""}"
BL_WEDG_t100_p0750_a02_rand_s23,wedge,0.1,7.5,2.0,random,23,d00,40.0,0.0003779380931518972,0.04999997094273567,"{""azimuth_jitter"": 180.0, ""azimuth_mode"": ""random"", ""backing"": 2.0, ""depth"": 50.0, ""face_h"": 60.0, ""face_w"": 60.0, ""jitter"": 0.3, ""margin_depths"": 2.0, ""pitch"": 7.5, ""plate_over"": 1.15, ""plate_t_bot"": 0.9, ""plate_t_top"": 0.1, ""seed"": 23, ""tilt_deg"": 2.0, ""tilt_jitter"": 0.0, ""topology"": ""shingle""}"
BL_WEDG_t100_p0750_a02_rand_s23,wedge,0.1,7.5,2.0,random,23,d76,0.0,0.0010048393160104752,0.04999997094273567,"{""azimuth_jitter"": 180.0, ""azimuth_mode"": ""random"", ""backing"": 2.0, ""depth"": 50.0, ""face_h"": 60.0, ""face_w"": 60.0, ""jitter"": 0.3, ""margin_depths"": 2.0, ""pitch"": 7.5, ""plate_over"": 1.15, ""plate_t_bot"": 0.9, ""plate_t_top"": 0.1, ""seed"": 23, ""tilt_deg"": 2.0, ""tilt_jitter"": 0.0, ""topology"": ""shingle""}"
BL_WEDG_t100_p0750_a02_rand_s23,wedge,0.1,7.5,2.0,random,23,d76,-20.0,0.0010751476511359215,0.04999997094273567,"{""azimuth_jitter"": 180.0, ""azimuth_mode"": ""random"", ""backing"": 2.0, ""depth"": 50.0, ""face_h"": 60.0, ""face_w"": 60.0, ""jitter"": 0.3, ""margin_depths"": 2.0, ""pitch"": 7.5, ""plate_over"": 1.15, ""plate_t_bot"": 0.9, ""plate_t_top"": 0.1, ""seed"": 23, ""tilt_deg"": 2.0, ""tilt_jitter"": 0.0, ""topology"": ""shingle""}"
BL_WEDG_t100_p0750_a02_rand_s23,wedge,0.1,7.5,2.0,random,23,d76,-40.0,0.0017330910777673125,0.04999997094273567,"{""azimuth_jitter"": 180.0, ""azimuth_mode"": ""random"", ""backing"": 2.0, ""depth"": 50.0, ""face_h"": 60.0, ""face_w"": 60.0, ""jitter"": 0.3, ""margin_depths"": 2.0, ""pitch"": 7.5, ""plate_over"": 1.15, ""plate_t_bot"": 0.9, ""plate_t_top"": 0.1, ""seed"": 23, ""tilt_deg"": 2.0, ""tilt_jitter"": 0.0, ""topology"": ""shingle""}"
BL_WEDG_t100_p0750_a02_rand_s23,wedge,0.1,7.5,2.0,random,23,d76,20.0,0.001042317133396864,0.04999997094273567,"{""azimuth_jitter"": 180.0, ""azimuth_mode"": ""random"", ""backing"": 2.0, ""depth"": 50.0, ""face_h"": 60.0, ""face_w"": 60.0, ""jitter"": 0.3, ""margin_depths"": 2.0, ""pitch"": 7.5, ""plate_over"": 1.15, ""plate_t_bot"": 0.9, ""plate_t_top"": 0.1, ""seed"": 23, ""tilt_deg"": 2.0, ""tilt_jitter"": 0.0, ""topology"": ""shingle""}"
BL_WEDG_t100_p0750_a02_rand_s23,wedge,0.1,7.5,2.0,random,23,d76,40.0,0.0017006725538522005,0.04999997094273567,"{""azimuth_jitter"": 180.0, ""azimuth_mode"": ""random"", ""backing"": 2.0, ""depth"": 50.0, ""face_h"": 60.0, ""face_w"": 60.0, ""jitter"": 0.3, ""margin_depths"": 2.0, ""pitch"": 7.5, ""plate_over"": 1.15, ""plate_t_bot"": 0.9, ""plate_t_top"": 0.1, ""seed"": 23, ""tilt_deg"": 2.0, ""tilt_jitter"": 0.0, ""topology"": ""shingle""}"
BL_WEDG_t100_p0750_a02_rand_s23,wedge,0.1,7.5,2.0,random,23,d100,0.0,0.0005303872749209404,0.04999997094273567,"{""azimuth_jitter"": 180.0, ""azimuth_mode"": ""random"", ""backing"": 2.0, ""depth"": 50.0, ""face_h"": 60.0, ""face_w"": 60.0, ""jitter"": 0.3, ""margin_depths"": 2.0, ""pitch"": 7.5, ""plate_over"": 1.15, ""plate_t_bot"": 0.9, ""plate_t_top"": 0.1, ""seed"": 23, ""tilt_deg"": 2.0, ""tilt_jitter"": 0.0, ""topology"": ""shingle""}"
BL_WEDG_t100_p0750_a02_rand_s23,wedge,0.1,7.5,2.0,random,23,d100,-20.0,0.0012889812933281064,0.04999997094273567,"{""azimuth_jitter"": 180.0, ""azimuth_mode"": ""random"", ""backing"": 2.0, ""depth"": 50.0, ""face_h"": 60.0, ""face_w"": 60.0, ""jitter"": 0.3, ""margin_depths"": 2.0, ""pitch"": 7.5, ""plate_over"": 1.15, ""plate_t_bot"": 0.9, ""plate_t_top"": 0.1, ""seed"": 23, ""tilt_deg"": 2.0, ""tilt_jitter"": 0.0, ""topology"": ""shingle""}"
BL_WEDG_t100_p0750_a02_rand_s23,wedge,0.1,7.5,2.0,random,23,d100,-40.0,0.0021635317243635654,0.04999997094273567,"{""azimuth_jitter"": 180.0, ""azimuth_mode"": ""random"", ""backing"": 2.0, ""depth"": 50.0, ""face_h"": 60.0, ""face_w"": 60.0, ""jitter"": 0.3, ""margin_depths"": 2.0, ""pitch"": 7.5, ""plate_over"": 1.15, ""plate_t_bot"": 0.9, ""plate_t_top"": 0.1, ""seed"": 23, ""tilt_deg"": 2.0, ""tilt_jitter"": 0.0, ""topology"": ""shingle""}"
BL_WEDG_t100_p0750_a02_rand_s23,wedge,0.1,7.5,2.0,random,23,d100,20.0,0.0012358229141682386,0.04999997094273567,"{""azimuth_jitter"": 180.0, ""azimuth_mode"": ""random"", ""backing"": 2.0, ""depth"": 50.0, ""face_h"": 60.0, ""face_w"": 60.0, ""jitter"": 0.3, ""margin_depths"": 2.0, ""pitch"": 7.5, ""plate_over"": 1.15, ""plate_t_bot"": 0.9, ""plate_t_top"": 0.1, ""seed"": 23, ""tilt_deg"": 2.0, ""tilt_jitter"": 0.0, ""topology"": ""shingle""}"
BL_WEDG_t100_p0750_a02_rand_s23,wedge,0.1,7.5,2.0,random,23,d100,40.0,0.002140764379873872,0.04999997094273567,"{""azimuth_jitter"": 180.0, ""azimuth_mode"": ""random"", ""backing"": 2.0, ""depth"": 50.0, ""face_h"": 60.0, ""face_w"": 60.0, ""jitter"": 0.3, ""margin_depths"": 2.0, ""pitch"": 7.5, ""plate_over"": 1.15, ""plate_t_bot"": 0.9, ""plate_t_top"": 0.1, ""seed"": 23, ""tilt_deg"": 2.0, ""tilt_jitter"": 0.0, ""topology"": ""shingle""}"
BL_WEDG_t100_p0750_a06_rand_s23,wedge,0.1,7.5,6.0,random,23,d00,0.0,0.0016731462674215436,0.04999997094273567,"{""azimuth_jitter"": 180.0, ""azimuth_mode"": ""random"", ""backing"": 2.0, ""depth"": 50.0, ""face_h"": 60.0, ""face_w"": 60.0, ""jitter"": 0.3, ""margin_depths"": 2.0, ""pitch"": 7.5, ""plate_over"": 1.15, ""plate_t_bot"": 0.9, ""plate_t_top"": 0.1, ""seed"": 23, ""tilt_deg"": 6.0, ""tilt_jitter"": 0.0, ""topology"": ""shingle""}"
BL_WEDG_t100_p0750_a06_rand_s23,wedge,0.1,7.5,6.0,random,23,d00,-20.0,0.0004560378147289157,0.04999997094273567,"{""azimuth_jitter"": 180.0, ""azimuth_mode"": ""random"", ""backing"": 2.0, ""depth"": 50.0, ""face_h"": 60.0, ""face_w"": 60.0, ""jitter"": 0.3, ""margin_depths"": 2.0, ""pitch"": 7.5, ""plate_over"": 1.15, ""plate_t_bot"": 0.9, ""plate_t_top"": 0.1, ""seed"": 23, ""tilt_deg"": 6.0, ""tilt_jitter"": 0.0, ""topology"": ""shingle""}"
BL_WEDG_t100_p0750_a06_rand_s23,wedge,0.1,7.5,6.0,random,23,d00,-40.0,0.00038821808993816376,0.04999997094273567,"{""azimuth_jitter"": 180.0, ""azimuth_mode"": ""random"", ""backing"": 2.0, ""depth"": 50.0, ""face_h"": 60.0, ""face_w"": 60.0, ""jitter"": 0.3, ""margin_depths"": 2.0, ""pitch"": 7.5, ""plate_over"": 1.15, ""plate_t_bot"": 0.9, ""plate_t_top"": 0.1, ""seed"": 23, ""tilt_deg"": 6.0, ""tilt_jitter"": 0.0, ""topology"": ""shingle""}"
BL_WEDG_t100_p0750_a06_rand_s23,wedge,0.1,7.5,6.0,random,23,d00,20.0,0.00047970583545975387,0.04999997094273567,"{""azimuth_jitter"": 180.0, ""azimuth_mode"": ""random"", ""backing"": 2.0, ""depth"": 50.0, ""face_h"": 60.0, ""face_w"": 60.0, ""jitter"": 0.3, ""margin_depths"": 2.0, ""pitch"": 7.5, ""plate_over"": 1.15, ""plate_t_bot"": 0.9, ""plate_t_top"": 0.1, ""seed"": 23, ""tilt_deg"": 6.0, ""tilt_jitter"": 0.0, ""topology"": ""shingle""}"
BL_WEDG_t100_p0750_a06_rand_s23,wedge,0.1,7.5,6.0,random,23,d00,40.0,0.0003884609031956643,0.04999997094273567,"{""azimuth_jitter"": 180.0, ""azimuth_mode"": ""random"", ""backing"": 2.0, ""depth"": 50.0, ""face_h"": 60.0, ""face_w"": 60.0, ""jitter"": 0.3, ""margin_depths"": 2.0, ""pitch"": 7.5, ""plate_over"": 1.15, ""plate_t_bot"": 0.9, ""plate_t_top"": 0.1, ""seed"": 23, ""tilt_deg"": 6.0, ""tilt_jitter"": 0.0, ""topology"": ""shingle""}"
BL_WEDG_t100_p0750_a06_rand_s23,wedge,0.1,7.5,6.0,random,23,d76,0.0,0.0010109273716807365,0.04999997094273567,"{""azimuth_jitter"": 180.0, ""azimuth_mode"": ""random"", ""backing"": 2.0, ""depth"": 50.0, ""face_h"": 60.0, ""face_w"": 60.0, ""jitter"": 0.3, ""margin_depths"": 2.0, ""pitch"": 7.5, ""plate_over"": 1.15, ""plate_t_bot"": 0.9, ""plate_t_top"": 0.1, ""seed"": 23, ""tilt_deg"": 6.0, ""tilt_jitter"": 0.0, ""topology"": ""shingle""}"
BL_WEDG_t100_p0750_a06_rand_s23,wedge,0.1,7.5,6.0,random,23,d76,-20.0,0.0011731693521142006,0.04999997094273567,"{""azimuth_jitter"": 180.0, ""azimuth_mode"": ""random"", ""backing"": 2.0, ""depth"": 50.0, ""face_h"": 60.0, ""face_w"": 60.0, ""jitter"": 0.3, ""margin_depths"": 2.0, ""pitch"": 7.5, ""plate_over"": 1.15, ""plate_t_bot"": 0.9, ""plate_t_top"": 0.1, ""seed"": 23, ""tilt_deg"": 6.0, ""tilt_jitter"": 0.0, ""topology"": ""shingle""}"
BL_WEDG_t100_p0750_a06_rand_s23,wedge,0.1,7.5,6.0,random,23,d76,-40.0,0.00181289529427886,0.04999997094273567,"{""azimuth_jitter"": 180.0, ""azimuth_mode"": ""random"", ""backing"": 2.0, ""depth"": 50.0, ""face_h"": 60.0, ""face_w"": 60.0, ""jitter"": 0.3, ""margin_depths"": 2.0, ""pitch"": 7.5, ""plate_over"": 1.15, ""plate_t_bot"": 0.9, ""plate_t_top"": 0.1, ""seed"": 23, ""tilt_deg"": 6.0, ""tilt_jitter"": 0.0, ""topology"": ""shingle""}"
BL_WEDG_t100_p0750_a06_rand_s23,wedge,0.1,7.5,6.0,random,23,d76,20.0,0.001071079052053392,0.04999997094273567,"{""azimuth_jitter"": 180.0, ""azimuth_mode"": ""random"", ""backing"": 2.0, ""depth"": 50.0, ""face_h"": 60.0, ""face_w"": 60.0, ""jitter"": 0.3, ""margin_depths"": 2.0, ""pitch"": 7.5, ""plate_over"": 1.15, ""plate_t_bot"": 0.9, ""plate_t_top"": 0.1, ""seed"": 23, ""tilt_deg"": 6.0, ""tilt_jitter"": 0.0, ""topology"": ""shingle""}"
BL_WEDG_t100_p0750_a06_rand_s23,wedge,0.1,7.5,6.0,random,23,d76,40.0,0.0016954857856035233,0.04999997094273567,"{""azimuth_jitter"": 180.0, ""azimuth_mode"": ""random"", ""backing"": 2.0, ""depth"": 50.0, ""face_h"": 60.0, ""face_w"": 60.0, ""jitter"": 0.3, ""margin_depths"": 2.0, ""pitch"": 7.5, ""plate_over"": 1.15, ""plate_t_bot"": 0.9, ""plate_t_top"": 0.1, ""seed"": 23, ""tilt_deg"": 6.0, ""tilt_jitter"": 0.0, ""topology"": ""shingle""}"
BL_WEDG_t100_p0750_a06_rand_s23,wedge,0.1,7.5,6.0,random,23,d100,0.0,0.0008417623466812074,0.04999997094273567,"{""azimuth_jitter"": 180.0, ""azimuth_mode"": ""random"", ""backing"": 2.0, ""depth"": 50.0, ""face_h"": 60.0, ""face_w"": 60.0, ""jitter"": 0.3, ""margin_depths"": 2.0, ""pitch"": 7.5, ""plate_over"": 1.15, ""plate_t_bot"": 0.9, ""plate_t_top"": 0.1, ""seed"": 23, ""tilt_deg"": 6.0, ""tilt_jitter"": 0.0, ""topology"": ""shingle""}"
BL_WEDG_t100_p0750_a06_rand_s23,wedge,0.1,7.5,6.0,random,23,d100,-20.0,0.0014196042902767658,0.04999997094273567,"{""azimuth_jitter"": 180.0, ""azimuth_mode"": ""random"", ""backing"": 2.0, ""depth"": 50.0, ""face_h"": 60.0, ""face_w"": 60.0, ""jitter"": 0.3, ""margin_depths"": 2.0, ""pitch"": 7.5, ""plate_over"": 1.15, ""plate_t_bot"": 0.9, ""plate_t_top"": 0.1, ""seed"": 23, ""tilt_deg"": 6.0, ""tilt_jitter"": 0.0, ""topology"": ""shingle""}"
BL_WEDG_t100_p0750_a06_rand_s23,wedge,0.1,7.5,6.0,random,23,d100,-40.0,0.0022592132445424795,0.04999997094273567,"{""azimuth_jitter"": 180.0, ""azimuth_mode"": ""random"", ""backing"": 2.0, ""depth"": 50.0, ""face_h"": 60.0, ""face_w"": 60.0, ""jitter"": 0.3, ""margin_depths"": 2.0, ""pitch"": 7.5, ""plate_over"": 1.15, ""plate_t_bot"": 0.9, ""plate_t_top"": 0.1, ""seed"": 23, ""tilt_deg"": 6.0, ""tilt_jitter"": 0.0, ""topology"": ""shingle""}"
BL_WEDG_t100_p0750_a06_rand_s23,wedge,0.1,7.5,6.0,random,23,d100,20.0,0.0012767903972417116,0.04999997094273567,"{""azimuth_jitter"": 180.0, ""azimuth_mode"": ""random"", ""backing"": 2.0, ""depth"": 50.0, ""face_h"": 60.0, ""face_w"": 60.0, ""jitter"": 0.3, ""margin_depths"": 2.0, ""pitch"": 7.5, ""plate_over"": 1.15, ""plate_t_bot"": 0.9, ""plate_t_top"": 0.1, ""seed"": 23, ""tilt_deg"": 6.0, ""tilt_jitter"": 0.0, ""topology"": ""shingle""}"
BL_WEDG_t100_p0750_a06_rand_s23,wedge,0.1,7.5,6.0,random,23,d100,40.0,0.002125313738361001,0.04999997094273567,"{""azimuth_jitter"": 180.0, ""azimuth_mode"": ""random"", ""backing"": 2.0, ""depth"": 50.0, ""face_h"": 60.0, ""face_w"": 60.0, ""jitter"": 0.3, ""margin_depths"": 2.0, ""pitch"": 7.5, ""plate_over"": 1.15, ""plate_t_bot"": 0.9, ""plate_t_top"": 0.1, ""seed"": 23, ""tilt_deg"": 6.0, ""tilt_jitter"": 0.0, ""topology"": ""shingle""}"
BL_FLAT_t100_p0550_a02_para_s23,flat,0.1,5.5,2.0,parallel,23,d00,0.0,0.0025017987936735153,0.04999997094273567,"{""azimuth_jitter"": 180.0, ""azimuth_mode"": ""parallel"", ""backing"": 2.0, ""depth"": 50.0, ""face_h"": 60.0, ""face_w"": 60.0, ""jitter"": 0.3, ""margin_depths"": 2.0, ""pitch"": 5.5, ""plate_over"": 1.15, ""plate_t_bot"": 0.1, ""plate_t_top"": 0.1, ""seed"": 23, ""tilt_deg"": 2.0, ""tilt_jitter"": 0.0, ""topology"": ""shingle""}"
BL_FLAT_t100_p0550_a02_para_s23,flat,0.1,5.5,2.0,parallel,23,d00,-20.0,0.00040907622314989567,0.04999997094273567,"{""azimuth_jitter"": 180.0, ""azimuth_mode"": ""parallel"", ""backing"": 2.0, ""depth"": 50.0, ""face_h"": 60.0, ""face_w"": 60.0, ""jitter"": 0.3, ""margin_depths"": 2.0, ""pitch"": 5.5, ""plate_over"": 1.15, ""plate_t_bot"": 0.1, ""plate_t_top"": 0.1, ""seed"": 23, ""tilt_deg"": 2.0, ""tilt_jitter"": 0.0, ""topology"": ""shingle""}"
BL_FLAT_t100_p0550_a02_para_s23,flat,0.1,5.5,2.0,parallel,23,d00,-40.0,0.00034466656506992877,0.04999997094273567,"{""azimuth_jitter"": 180.0, ""azimuth_mode"": ""parallel"", ""backing"": 2.0, ""depth"": 50.0, ""face_h"": 60.0, ""face_w"": 60.0, ""jitter"": 0.3, ""margin_depths"": 2.0, ""pitch"": 5.5, ""plate_over"": 1.15, ""plate_t_bot"": 0.1, ""plate_t_top"": 0.1, ""seed"": 23, ""tilt_deg"": 2.0, ""tilt_jitter"": 0.0, ""topology"": ""shingle""}"
BL_FLAT_t100_p0550_a02_para_s23,flat,0.1,5.5,2.0,parallel,23,d00,20.0,0.00037251118919812143,0.04999997094273567,"{""azimuth_jitter"": 180.0, ""azimuth_mode"": ""parallel"", ""backing"": 2.0, ""depth"": 50.0, ""face_h"": 60.0, ""face_w"": 60.0, ""jitter"": 0.3, ""margin_depths"": 2.0, ""pitch"": 5.5, ""plate_over"": 1.15, ""plate_t_bot"": 0.1, ""plate_t_top"": 0.1, ""seed"": 23, ""tilt_deg"": 2.0, ""tilt_jitter"": 0.0, ""topology"": ""shingle""}"
BL_FLAT_t100_p0550_a02_para_s23,flat,0.1,5.5,2.0,parallel,23,d00,40.0,0.00034705764846876264,0.04999997094273567,"{""azimuth_jitter"": 180.0, ""azimuth_mode"": ""parallel"", ""backing"": 2.0, ""depth"": 50.0, ""face_h"": 60.0, ""face_w"": 60.0, ""jitter"": 0.3, ""margin_depths"": 2.0, ""pitch"": 5.5, ""plate_over"": 1.15, ""plate_t_bot"": 0.1, ""plate_t_top"": 0.1, ""seed"": 23, ""tilt_deg"": 2.0, ""tilt_jitter"": 0.0, ""topology"": ""shingle""}"
BL_FLAT_t100_p0550_a02_para_s23,flat,0.1,5.5,2.0,parallel,23,d76,0.0,0.0011315983720123768,0.04999997094273567,"{""azimuth_jitter"": 180.0, ""azimuth_mode"": ""parallel"", ""backing"": 2.0, ""depth"": 50.0, ""face_h"": 60.0, ""face_w"": 60.0, ""jitter"": 0.3, ""margin_depths"": 2.0, ""pitch"": 5.5, ""plate_over"": 1.15, ""plate_t_bot"": 0.1, ""plate_t_top"": 0.1, ""seed"": 23, ""tilt_deg"": 2.0, ""tilt_jitter"": 0.0, ""topology"": ""shingle""}"
BL_FLAT_t100_p0550_a02_para_s23,flat,0.1,5.5,2.0,parallel,23,d76,-20.0,0.0011675748974084854,0.04999997094273567,"{""azimuth_jitter"": 180.0, ""azimuth_mode"": ""parallel"", ""backing"": 2.0, ""depth"": 50.0, ""face_h"": 60.0, ""face_w"": 60.0, ""jitter"": 0.3, ""margin_depths"": 2.0, ""pitch"": 5.5, ""plate_over"": 1.15, ""plate_t_bot"": 0.1, ""plate_t_top"": 0.1, ""seed"": 23, ""tilt_deg"": 2.0, ""tilt_jitter"": 0.0, ""topology"": ""shingle""}"
BL_FLAT_t100_p0550_a02_para_s23,flat,0.1,5.5,2.0,parallel,23,d76,-40.0,0.0019756776746362448,0.04999997094273567,"{""azimuth_jitter"": 180.0, ""azimuth_mode"": ""parallel"", ""backing"": 2.0, ""depth"": 50.0, ""face_h"": 60.0, ""face_w"": 60.0, ""jitter"": 0.3, ""margin_depths"": 2.0, ""pitch"": 5.5, ""plate_over"": 1.15, ""plate_t_bot"": 0.1, ""plate_t_top"": 0.1, ""seed"": 23, ""tilt_deg"": 2.0, ""tilt_jitter"": 0.0, ""topology"": ""shingle""}"
BL_FLAT_t100_p0550_a02_para_s23,flat,0.1,5.5,2.0,parallel,23,d76,20.0,0.001398594817146659,0.04999997094273567,"{""azimuth_jitter"": 180.0, ""azimuth_mode"": ""parallel"", ""backing"": 2.0, ""depth"": 50.0, ""face_h"": 60.0, ""face_w"": 60.0, ""jitter"": 0.3, ""margin_depths"": 2.0, ""pitch"": 5.5, ""plate_over"": 1.15, ""plate_t_bot"": 0.1, ""plate_t_top"": 0.1, ""seed"": 23, ""tilt_deg"": 2.0, ""tilt_jitter"": 0.0, ""topology"": ""shingle""}"
BL_FLAT_t100_p0550_a02_para_s23,flat,0.1,5.5,2.0,parallel,23,d76,40.0,0.002201566705480218,0.04999997094273567,"{""azimuth_jitter"": 180.0, ""azimuth_mode"": ""parallel"", ""backing"": 2.0, ""depth"": 50.0, ""face_h"": 60.0, ""face_w"": 60.0, ""jitter"": 0.3, ""margin_depths"": 2.0, ""pitch"": 5.5, ""plate_over"": 1.15, ""plate_t_bot"": 0.1, ""plate_t_top"": 0.1, ""seed"": 23, ""tilt_deg"": 2.0, ""tilt_jitter"": 0.0, ""topology"": ""shingle""}"
BL_FLAT_t100_p0550_a02_para_s23,flat,0.1,5.5,2.0,parallel,23,d100,0.0,0.0007418954628519714,0.04999997094273567,"{""azimuth_jitter"": 180.0, ""azimuth_mode"": ""parallel"", ""backing"": 2.0, ""depth"": 50.0, ""face_h"": 60.0, ""face_w"": 60.0, ""jitter"": 0.3, ""margin_depths"": 2.0, ""pitch"": 5.5, ""plate_over"": 1.15, ""plate_t_bot"": 0.1, ""plate_t_top"": 0.1, ""seed"": 23, ""tilt_deg"": 2.0, ""tilt_jitter"": 0.0, ""topology"": ""shingle""}"
BL_FLAT_t100_p0550_a02_para_s23,flat,0.1,5.5,2.0,parallel,23,d100,-20.0,0.0014256051508709788,0.04999997094273567,"{""azimuth_jitter"": 180.0, ""azimuth_mode"": ""parallel"", ""backing"": 2.0, ""depth"": 50.0, ""face_h"": 60.0, ""face_w"": 60.0, ""jitter"": 0.3, ""margin_depths"": 2.0, ""pitch"": 5.5, ""plate_over"": 1.15, ""plate_t_bot"": 0.1, ""plate_t_top"": 0.1, ""seed"": 23, ""tilt_deg"": 2.0, ""tilt_jitter"": 0.0, ""topology"": ""shingle""}"
BL_FLAT_t100_p0550_a02_para_s23,flat,0.1,5.5,2.0,parallel,23,d100,-40.0,0.002497923094779253,0.04999997094273567,"{""azimuth_jitter"": 180.0, ""azimuth_mode"": ""parallel"", ""backing"": 2.0, ""depth"": 50.0, ""face_h"": 60.0, ""face_w"": 60.0, ""jitter"": 0.3, ""margin_depths"": 2.0, ""pitch"": 5.5, ""plate_over"": 1.15, ""plate_t_bot"": 0.1, ""plate_t_top"": 0.1, ""seed"": 23, ""tilt_deg"": 2.0, ""tilt_jitter"": 0.0, ""topology"": ""shingle""}"
BL_FLAT_t100_p0550_a02_para_s23,flat,0.1,5.5,2.0,parallel,23,d100,20.0,0.0017382767982780933,0.04999997094273567,"{""azimuth_jitter"": 180.0, ""azimuth_mode"": ""parallel"", ""backing"": 2.0, ""depth"": 50.0, ""face_h"": 60.0, ""face_w"": 60.0, ""jitter"": 0.3, ""margin_depths"": 2.0, ""pitch"": 5.5, ""plate_over"": 1.15, ""plate_t_bot"": 0.1, ""plate_t_top"": 0.1, ""seed"": 23, ""tilt_deg"": 2.0, ""tilt_jitter"": 0.0, ""topology"": ""shingle""}"
BL_FLAT_t100_p0550_a02_para_s23,flat,0.1,5.5,2.0,parallel,23,d100,40.0,0.00280173821374774,0.04999997094273567,"{""azimuth_jitter"": 180.0, ""azimuth_mode"": ""parallel"", ""backing"": 2.0, ""depth"": 50.0, ""face_h"": 60.0, ""face_w"": 60.0, ""jitter"": 0.3, ""margin_depths"": 2.0, ""pitch"": 5.5, ""plate_over"": 1.15, ""plate_t_bot"": 0.1, ""plate_t_top"": 0.1, ""seed"": 23, ""tilt_deg"": 2.0, ""tilt_jitter"": 0.0, ""topology"": ""shingle""}"
BL_FLAT_t050_p0550_a02_rand_s101,flat,0.05,5.5,2.0,random,101,d00,0.0,0.002091524191200733,0.04999997094273567,"{""azimuth_jitter"": 180.0, ""azimuth_mode"": ""random"", ""backing"": 2.0, ""depth"": 50.0, ""face_h"": 60.0, ""face_w"": 60.0, ""jitter"": 0.3, ""margin_depths"": 2.0, ""pitch"": 5.5, ""plate_over"": 1.15, ""plate_t_bot"": 0.05, ""plate_t_top"": 0.05, ""seed"": 101, ""tilt_deg"": 2.0, ""tilt_jitter"": 0.0, ""topology"": ""shingle""}"
BL_FLAT_t050_p0550_a02_rand_s101,flat,0.05,5.5,2.0,random,101,d00,-20.0,0.0003781805280596018,0.04999997094273567,"{""azimuth_jitter"": 180.0, ""azimuth_mode"": ""random"", ""backing"": 2.0, ""depth"": 50.0, ""face_h"": 60.0, ""face_w"": 60.0, ""jitter"": 0.3, ""margin_depths"": 2.0, ""pitch"": 5.5, ""plate_over"": 1.15, ""plate_t_bot"": 0.05, ""plate_t_top"": 0.05, ""seed"": 101, ""tilt_deg"": 2.0, ""tilt_jitter"": 0.0, ""topology"": ""shingle""}"
BL_FLAT_t050_p0550_a02_rand_s101,flat,0.05,5.5,2.0,random,101,d00,-40.0,0.0003085133503191173,0.04999997094273567,"{""azimuth_jitter"": 180.0, ""azimuth_mode"": ""random"", ""backing"": 2.0, ""depth"": 50.0, ""face_h"": 60.0, ""face_w"": 60.0, ""jitter"": 0.3, ""margin_depths"": 2.0, ""pitch"": 5.5, ""plate_over"": 1.15, ""plate_t_bot"": 0.05, ""plate_t_top"": 0.05, ""seed"": 101, ""tilt_deg"": 2.0, ""tilt_jitter"": 0.0, ""topology"": ""shingle""}"
BL_FLAT_t050_p0550_a02_rand_s101,flat,0.05,5.5,2.0,random,101,d00,20.0,0.0004092737508472055,0.04999997094273567,"{""azimuth_jitter"": 180.0, ""azimuth_mode"": ""random"", ""backing"": 2.0, ""depth"": 50.0, ""face_h"": 60.0, ""face_w"": 60.0, ""jitter"": 0.3, ""margin_depths"": 2.0, ""pitch"": 5.5, ""plate_over"": 1.15, ""plate_t_bot"": 0.05, ""plate_t_top"": 0.05, ""seed"": 101, ""tilt_deg"": 2.0, ""tilt_jitter"": 0.0, ""topology"": ""shingle""}"
BL_FLAT_t050_p0550_a02_rand_s101,flat,0.05,5.5,2.0,random,101,d00,40.0,0.0003268783912062645,0.04999997094273567,"{""azimuth_jitter"": 180.0, ""azimuth_mode"": ""random"", ""backing"": 2.0, ""depth"": 50.0, ""face_h"": 60.0, ""face_w"": 60.0, ""jitter"": 0.3, ""margin_depths"": 2.0, ""pitch"": 5.5, ""plate_over"": 1.15, ""plate_t_bot"": 0.05, ""plate_t_top"": 0.05, ""seed"": 101, ""tilt_deg"": 2.0, ""tilt_jitter"": 0.0, ""topology"": ""shingle""}"
BL_FLAT_t050_p0550_a02_rand_s101,flat,0.05,5.5,2.0,random,101,d76,0.0,0.0007628229795955122,0.04999997094273567,"{""azimuth_jitter"": 180.0, ""azimuth_mode"": ""random"", ""backing"": 2.0, ""depth"": 50.0, ""face_h"": 60.0, ""face_w"": 60.0, ""jitter"": 0.3, ""margin_depths"": 2.0, ""pitch"": 5.5, ""plate_over"": 1.15, ""plate_t_bot"": 0.05, ""plate_t_top"": 0.05, ""seed"": 101, ""tilt_deg"": 2.0, ""tilt_jitter"": 0.0, ""topology"": ""shingle""}"
BL_FLAT_t050_p0550_a02_rand_s101,flat,0.05,5.5,2.0,random,101,d76,-20.0,0.0008823929238133132,0.04999997094273567,"{""azimuth_jitter"": 180.0, ""azimuth_mode"": ""random"", ""backing"": 2.0, ""depth"": 50.0, ""face_h"": 60.0, ""face_w"": 60.0, ""jitter"": 0.3, ""margin_depths"": 2.0, ""pitch"": 5.5, ""plate_over"": 1.15, ""plate_t_bot"": 0.05, ""plate_t_top"": 0.05, ""seed"": 101, ""tilt_deg"": 2.0, ""tilt_jitter"": 0.0, ""topology"": ""shingle""}"
BL_FLAT_t050_p0550_a02_rand_s101,flat,0.05,5.5,2.0,random,101,d76,-40.0,0.0015404060250148177,0.04999997094273567,"{""azimuth_jitter"": 180.0, ""azimuth_mode"": ""random"", ""backing"": 2.0, ""depth"": 50.0, ""face_h"": 60.0, ""face_w"": 60.0, ""jitter"": 0.3, ""margin_depths"": 2.0, ""pitch"": 5.5, ""plate_over"": 1.15, ""plate_t_bot"": 0.05, ""plate_t_top"": 0.05, ""seed"": 101, ""tilt_deg"": 2.0, ""tilt_jitter"": 0.0, ""topology"": ""shingle""}"
BL_FLAT_t050_p0550_a02_rand_s101,flat,0.05,5.5,2.0,random,101,d76,20.0,0.0009573071147315204,0.04999997094273567,"{""azimuth_jitter"": 180.0, ""azimuth_mode"": ""random"", ""backing"": 2.0, ""depth"": 50.0, ""face_h"": 60.0, ""face_w"": 60.0, ""jitter"": 0.3, ""margin_depths"": 2.0, ""pitch"": 5.5, ""plate_over"": 1.15, ""plate_t_bot"": 0.05, ""plate_t_top"": 0.05, ""seed"": 101, ""tilt_deg"": 2.0, ""tilt_jitter"": 0.0, ""topology"": ""shingle""}"
BL_FLAT_t050_p0550_a02_rand_s101,flat,0.05,5.5,2.0,random,101,d76,40.0,0.0015804000431671739,0.04999997094273567,"{""azimuth_jitter"": 180.0, ""azimuth_mode"": ""random"", ""backing"": 2.0, ""depth"": 50.0, ""face_h"": 60.0, ""face_w"": 60.0, ""jitter"": 0.3, ""margin_depths"": 2.0, ""pitch"": 5.5, ""plate_over"": 1.15, ""plate_t_bot"": 0.05, ""plate_t_top"": 0.05, ""seed"": 101, ""tilt_deg"": 2.0, ""tilt_jitter"": 0.0, ""topology"": ""shingle""}"
BL_FLAT_t050_p0550_a02_rand_s101,flat,0.05,5.5,2.0,random,101,d100,0.0,0.00040503035415895283,0.04999997094273567,"{""azimuth_jitter"": 180.0, ""azimuth_mode"": ""random"", ""backing"": 2.0, ""depth"": 50.0, ""face_h"": 60.0, ""face_w"": 60.0, ""jitter"": 0.3, ""margin_depths"": 2.0, ""pitch"": 5.5, ""plate_over"": 1.15, ""plate_t_bot"": 0.05, ""plate_t_top"": 0.05, ""seed"": 101, ""tilt_deg"": 2.0, ""tilt_jitter"": 0.0, ""topology"": ""shingle""}"
BL_FLAT_t050_p0550_a02_rand_s101,flat,0.05,5.5,2.0,random,101,d100,-20.0,0.0010648653842508793,0.04999997094273567,"{""azimuth_jitter"": 180.0, ""azimuth_mode"": ""random"", ""backing"": 2.0, ""depth"": 50.0, ""face_h"": 60.0, ""face_w"": 60.0, ""jitter"": 0.3, ""margin_depths"": 2.0, ""pitch"": 5.5, ""plate_over"": 1.15, ""plate_t_bot"": 0.05, ""plate_t_top"": 0.05, ""seed"": 101, ""tilt_deg"": 2.0, ""tilt_jitter"": 0.0, ""topology"": ""shingle""}"
BL_FLAT_t050_p0550_a02_rand_s101,flat,0.05,5.5,2.0,random,101,d100,-40.0,0.0019495440647006035,0.04999997094273567,"{""azimuth_jitter"": 180.0, ""azimuth_mode"": ""random"", ""backing"": 2.0, ""depth"": 50.0, ""face_h"": 60.0, ""face_w"": 60.0, ""jitter"": 0.3, ""margin_depths"": 2.0, ""pitch"": 5.5, ""plate_over"": 1.15, ""plate_t_bot"": 0.05, ""plate_t_top"": 0.05, ""seed"": 101, ""tilt_deg"": 2.0, ""tilt_jitter"": 0.0, ""topology"": ""shingle""}"
BL_FLAT_t050_p0550_a02_rand_s101,flat,0.05,5.5,2.0,random,101,d100,20.0,0.0011405214900150895,0.04999997094273567,"{""azimuth_jitter"": 180.0, ""azimuth_mode"": ""random"", ""backing"": 2.0, ""depth"": 50.0, ""face_h"": 60.0, ""face_w"": 60.0, ""jitter"": 0.3, ""margin_depths"": 2.0, ""pitch"": 5.5, ""plate_over"": 1.15, ""plate_t_bot"": 0.05, ""plate_t_top"": 0.05, ""seed"": 101, ""tilt_deg"": 2.0, ""tilt_jitter"": 0.0, ""topology"": ""shingle""}"
BL_FLAT_t050_p0550_a02_rand_s101,flat,0.05,5.5,2.0,random,101,d100,40.0,0.001978311687707901,0.04999997094273567,"{""azimuth_jitter"": 180.0, ""azimuth_mode"": ""random"", ""backing"": 2.0, ""depth"": 50.0, ""face_h"": 60.0, ""face_w"": 60.0, ""jitter"": 0.3, ""margin_depths"": 2.0, ""pitch"": 5.5, ""plate_over"": 1.15, ""plate_t_bot"": 0.05, ""plate_t_top"": 0.05, ""seed"": 101, ""tilt_deg"": 2.0, ""tilt_jitter"": 0.0, ""topology"": ""shingle""}"
BL_FLAT_t050_p0550_a02_grid_s101,flat,0.05,5.5,2.0,grid,101,d00,0.0,0.0021076255943626165,0.04999997094273567,"{""azimuth_jitter"": 180.0, ""azimuth_mode"": ""grid"", ""backing"": 2.0, ""depth"": 50.0, ""face_h"": 60.0, ""face_w"": 60.0, ""jitter"": 0.3, ""margin_depths"": 2.0, ""pitch"": 5.5, ""plate_over"": 1.15, ""plate_t_bot"": 0.05, ""plate_t_top"": 0.05, ""seed"": 101, ""tilt_deg"": 2.0, ""tilt_jitter"": 0.0, ""topology"": ""shingle""}"
BL_FLAT_t050_p0550_a02_grid_s101,flat,0.05,5.5,2.0,grid,101,d00,-20.0,0.0003893807588610798,0.04999997094273567,"{""azimuth_jitter"": 180.0, ""azimuth_mode"": ""grid"", ""backing"": 2.0, ""depth"": 50.0, ""face_h"": 60.0, ""face_w"": 60.0, ""jitter"": 0.3, ""margin_depths"": 2.0, ""pitch"": 5.5, ""plate_over"": 1.15, ""plate_t_bot"": 0.05, ""plate_t_top"": 0.05, ""seed"": 101, ""tilt_deg"": 2.0, ""tilt_jitter"": 0.0, ""topology"": ""shingle""}"
BL_FLAT_t050_p0550_a02_grid_s101,flat,0.05,5.5,2.0,grid,101,d00,-40.0,0.00031871121609583497,0.04999997094273567,"{""azimuth_jitter"": 180.0, ""azimuth_mode"": ""grid"", ""backing"": 2.0, ""depth"": 50.0, ""face_h"": 60.0, ""face_w"": 60.0, ""jitter"": 0.3, ""margin_depths"": 2.0, ""pitch"": 5.5, ""plate_over"": 1.15, ""plate_t_bot"": 0.05, ""plate_t_top"": 0.05, ""seed"": 101, ""tilt_deg"": 2.0, ""tilt_jitter"": 0.0, ""topology"": ""shingle""}"
BL_FLAT_t050_p0550_a02_grid_s101,flat,0.05,5.5,2.0,grid,101,d00,20.0,0.000366255990229547,0.04999997094273567,"{""azimuth_jitter"": 180.0, ""azimuth_mode"": ""grid"", ""backing"": 2.0, ""depth"": 50.0, ""face_h"": 60.0, ""face_w"": 60.0, ""jitter"": 0.3, ""margin_depths"": 2.0, ""pitch"": 5.5, ""plate_over"": 1.15, ""plate_t_bot"": 0.05, ""plate_t_top"": 0.05, ""seed"": 101, ""tilt_deg"": 2.0, ""tilt_jitter"": 0.0, ""topology"": ""shingle""}"
BL_FLAT_t050_p0550_a02_grid_s101,flat,0.05,5.5,2.0,grid,101,d00,40.0,0.0003276810748502612,0.04999997094273567,"{""azimuth_jitter"": 180.0, ""azimuth_mode"": ""grid"", ""backing"": 2.0, ""depth"": 50.0, ""face_h"": 60.0, ""face_w"": 60.0, ""jitter"": 0.3, ""margin_depths"": 2.0, ""pitch"": 5.5, ""plate_over"": 1.15, ""plate_t_bot"": 0.05, ""plate_t_top"": 0.05, ""seed"": 101, ""tilt_deg"": 2.0, ""tilt_jitter"": 0.0, ""topology"": ""shingle""}"
BL_FLAT_t050_p0550_a02_grid_s101,flat,0.05,5.5,2.0,grid,101,d76,0.0,0.0007668614271096885,0.04999997094273567,"{""azimuth_jitter"": 180.0, ""azimuth_mode"": ""grid"", ""backing"": 2.0, ""depth"": 50.0, ""face_h"": 60.0, ""face_w"": 60.0, ""jitter"": 0.3, ""margin_depths"": 2.0, ""pitch"": 5.5, ""plate_over"": 1.15, ""plate_t_bot"": 0.05, ""plate_t_top"": 0.05, ""seed"": 101, ""tilt_deg"": 2.0, ""tilt_jitter"": 0.0, ""topology"": ""shingle""}"
BL_FLAT_t050_p0550_a02_grid_s101,flat,0.05,5.5,2.0,grid,101,d76,-20.0,0.0007856253068894148,0.04999997094273567,"{""azimuth_jitter"": 180.0, ""azimuth_mode"": ""grid"", ""backing"": 2.0, ""depth"": 50.0, ""face_h"": 60.0, ""face_w"": 60.0, ""jitter"": 0.3, ""margin_depths"": 2.0, ""pitch"": 5.5, ""plate_over"": 1.15, ""plate_t_bot"": 0.05, ""plate_t_top"": 0.05, ""seed"": 101, ""tilt_deg"": 2.0, ""tilt_jitter"": 0.0, ""topology"": ""shingle""}"
BL_FLAT_t050_p0550_a02_grid_s101,flat,0.05,5.5,2.0,grid,101,d76,-40.0,0.0013952915323898196,0.04999997094273567,"{""azimuth_jitter"": 180.0, ""azimuth_mode"": ""grid"", ""backing"": 2.0, ""depth"": 50.0, ""face_h"": 60.0, ""face_w"": 60.0, ""jitter"": 0.3, ""margin_depths"": 2.0, ""pitch"": 5.5, ""plate_over"": 1.15, ""plate_t_bot"": 0.05, ""plate_t_top"": 0.05, ""seed"": 101, ""tilt_deg"": 2.0, ""tilt_jitter"": 0.0, ""topology"": ""shingle""}"
BL_FLAT_t050_p0550_a02_grid_s101,flat,0.05,5.5,2.0,grid,101,d76,20.0,0.0010388463269919157,0.04999997094273567,"{""azimuth_jitter"": 180.0, ""azimuth_mode"": ""grid"", ""backing"": 2.0, ""depth"": 50.0, ""face_h"": 60.0, ""face_w"": 60.0, ""jitter"": 0.3, ""margin_depths"": 2.0, ""pitch"": 5.5, ""plate_over"": 1.15, ""plate_t_bot"": 0.05, ""plate_t_top"": 0.05, ""seed"": 101, ""tilt_deg"": 2.0, ""tilt_jitter"": 0.0, ""topology"": ""shingle""}"
BL_FLAT_t050_p0550_a02_grid_s101,flat,0.05,5.5,2.0,grid,101,d76,40.0,0.0016924819210544229,0.04999997094273567,"{""azimuth_jitter"": 180.0, ""azimuth_mode"": ""grid"", ""backing"": 2.0, ""depth"": 50.0, ""face_h"": 60.0, ""face_w"": 60.0, ""jitter"": 0.3, ""margin_depths"": 2.0, ""pitch"": 5.5, ""plate_over"": 1.15, ""plate_t_bot"": 0.05, ""plate_t_top"": 0.05, ""seed"": 101, ""tilt_deg"": 2.0, ""tilt_jitter"": 0.0, ""topology"": ""shingle""}"
BL_FLAT_t050_p0550_a02_grid_s101,flat,0.05,5.5,2.0,grid,101,d100,0.0,0.0003931304963771254,0.04999997094273567,"{""azimuth_jitter"": 180.0, ""azimuth_mode"": ""grid"", ""backing"": 2.0, ""depth"": 50.0, ""face_h"": 60.0, ""face_w"": 60.0, ""jitter"": 0.3, ""margin_depths"": 2.0, ""pitch"": 5.5, ""plate_over"": 1.15, ""plate_t_bot"": 0.05, ""plate_t_top"": 0.05, ""seed"": 101, ""tilt_deg"": 2.0, ""tilt_jitter"": 0.0, ""topology"": ""shingle""}"
BL_FLAT_t050_p0550_a02_grid_s101,flat,0.05,5.5,2.0,grid,101,d100,-20.0,0.000926040462218225,0.04999997094273567,"{""azimuth_jitter"": 180.0, ""azimuth_mode"": ""grid"", ""backing"": 2.0, ""depth"": 50.0, ""face_h"": 60.0, ""face_w"": 60.0, ""jitter"": 0.3, ""margin_depths"": 2.0, ""pitch"": 5.5, ""plate_over"": 1.15, ""plate_t_bot"": 0.05, ""plate_t_top"": 0.05, ""seed"": 101, ""tilt_deg"": 2.0, ""tilt_jitter"": 0.0, ""topology"": ""shingle""}"
BL_FLAT_t050_p0550_a02_grid_s101,flat,0.05,5.5,2.0,grid,101,d100,-40.0,0.001734897610731423,0.04999997094273567,"{""azimuth_jitter"": 180.0, ""azimuth_mode"": ""grid"", ""backing"": 2.0, ""depth"": 50.0, ""face_h"": 60.0, ""face_w"": 60.0, ""jitter"": 0.3, ""margin_depths"": 2.0, ""pitch"": 5.5, ""plate_over"": 1.15, ""plate_t_bot"": 0.05, ""plate_t_top"": 0.05, ""seed"": 101, ""tilt_deg"": 2.0, ""tilt_jitter"": 0.0, ""topology"": ""shingle""}"
BL_FLAT_t050_p0550_a02_grid_s101,flat,0.05,5.5,2.0,grid,101,d100,20.0,0.0012704964028671384,0.04999997094273567,"{""azimuth_jitter"": 180.0, ""azimuth_mode"": ""grid"", ""backing"": 2.0, ""depth"": 50.0, ""face_h"": 60.0, ""face_w"": 60.0, ""jitter"": 0.3, ""margin_depths"": 2.0, ""pitch"": 5.5, ""plate_over"": 1.15, ""plate_t_bot"": 0.05, ""plate_t_top"": 0.05, ""seed"": 101, ""tilt_deg"": 2.0, ""tilt_jitter"": 0.0, ""topology"": ""shingle""}"
BL_FLAT_t050_p0550_a02_grid_s101,flat,0.05,5.5,2.0,grid,101,d100,40.0,0.002134262351319194,0.04999997094273567,"{""azimuth_jitter"": 180.0, ""azimuth_mode"": ""grid"", ""backing"": 2.0, ""depth"": 50.0, ""face_h"": 60.0, ""face_w"": 60.0, ""jitter"": 0.3, ""margin_depths"": 2.0, ""pitch"": 5.5, ""plate_over"": 1.15, ""plate_t_bot"": 0.05, ""plate_t_top"": 0.05, ""seed"": 101, ""tilt_deg"": 2.0, ""tilt_jitter"": 0.0, ""topology"": ""shingle""}"
BL_FLAT_t050_p0550_a06_rand_s101,flat,0.05,5.5,6.0,random,101,d00,0.0,0.001244499464519322,0.04999997094273567,"{""azimuth_jitter"": 180.0, ""azimuth_mode"": ""random"", ""backing"": 2.0, ""depth"": 50.0, ""face_h"": 60.0, ""face_w"": 60.0, ""jitter"": 0.3, ""margin_depths"": 2.0, ""pitch"": 5.5, ""plate_over"": 1.15, ""plate_t_bot"": 0.05, ""plate_t_top"": 0.05, ""seed"": 101, ""tilt_deg"": 6.0, ""tilt_jitter"": 0.0, ""topology"": ""shingle""}"
BL_FLAT_t050_p0550_a06_rand_s101,flat,0.05,5.5,6.0,random,101,d00,-20.0,0.00043788758921436965,0.04999997094273567,"{""azimuth_jitter"": 180.0, ""azimuth_mode"": ""random"", ""backing"": 2.0, ""depth"": 50.0, ""face_h"": 60.0, ""face_w"": 60.0, ""jitter"": 0.3, ""margin_depths"": 2.0, ""pitch"": 5.5, ""plate_over"": 1.15, ""plate_t_bot"": 0.05, ""plate_t_top"": 0.05, ""seed"": 101, ""tilt_deg"": 6.0, ""tilt_jitter"": 0.0, ""topology"": ""shingle""}"
BL_FLAT_t050_p0550_a06_rand_s101,flat,0.05,5.5,6.0,random,101,d00,-40.0,0.0003071678802371025,0.04999997094273567,"{""azimuth_jitter"": 180.0, ""azimuth_mode"": ""random"", ""backing"": 2.0, ""depth"": 50.0, ""face_h"": 60.0, ""face_w"": 60.0, ""jitter"": 0.3, ""margin_depths"": 2.0, ""pitch"": 5.5, ""plate_over"": 1.15, ""plate_t_bot"": 0.05, ""plate_t_top"": 0.05, ""seed"": 101, ""tilt_deg"": 6.0, ""tilt_jitter"": 0.0, ""topology"": ""shingle""}"
BL_FLAT_t050_p0550_a06_rand_s101,flat,0.05,5.5,6.0,random,101,d00,20.0,0.0003832881338894367,0.04999997094273567,"{""azimuth_jitter"": 180.0, ""azimuth_mode"": ""random"", ""backing"": 2.0, ""depth"": 50.0, ""face_h"": 60.0, ""face_w"": 60.0, ""jitter"": 0.3, ""margin_depths"": 2.0, ""pitch"": 5.5, ""plate_over"": 1.15, ""plate_t_bot"": 0.05, ""plate_t_top"": 0.05, ""seed"": 101, ""tilt_deg"": 6.0, ""tilt_jitter"": 0.0, ""topology"": ""shingle""}"
BL_FLAT_t050_p0550_a06_rand_s101,flat,0.05,5.5,6.0,random,101,d00,40.0,0.0003388329059816897,0.04999997094273567,"{""azimuth_jitter"": 180.0, ""azimuth_mode"": ""random"", ""backing"": 2.0, ""depth"": 50.0, ""face_h"": 60.0, ""face_w"": 60.0, ""jitter"": 0.3, ""margin_depths"": 2.0, ""pitch"": 5.5, ""plate_over"": 1.15, ""plate_t_bot"": 0.05, ""plate_t_top"": 0.05, ""seed"": 101, ""tilt_deg"": 6.0, ""tilt_jitter"": 0.0, ""topology"": ""shingle""}"
BL_FLAT_t050_p0550_a06_rand_s101,flat,0.05,5.5,6.0,random,101,d76,0.0,0.0008223234908655286,0.04999997094273567,"{""azimuth_jitter"": 180.0, ""azimuth_mode"": ""random"", ""backing"": 2.0, ""depth"": 50.0, ""face_h"": 60.0, ""face_w"": 60.0, ""jitter"": 0.3, ""margin_depths"": 2.0, ""pitch"": 5.5, ""plate_over"": 1.15, ""plate_t_bot"": 0.05, ""plate_t_top"": 0.05, ""seed"": 101, ""tilt_deg"": 6.0, ""tilt_jitter"": 0.0, ""topology"": ""shingle""}"
BL_FLAT_t050_p0550_a06_rand_s101,flat,0.05,5.5,6.0,random,101,d76,-20.0,0.0009462087182328105,0.04999997094273567,"{""azimuth_jitter"": 180.0, ""azimuth_mode"": ""random"", ""backing"": 2.0, ""depth"": 50.0, ""face_h"": 60.0, ""face_w"": 60.0, ""jitter"": 0.3, ""margin_depths"": 2.0, ""pitch"": 5.5, ""plate_over"": 1.15, ""plate_t_bot"": 0.05, ""plate_t_top"": 0.05, ""seed"": 101, ""tilt_deg"": 6.0, ""tilt_jitter"": 0.0, ""topology"": ""shingle""}"
BL_FLAT_t050_p0550_a06_rand_s101,flat,0.05,5.5,6.0,random,101,d76,-40.0,0.0015549716772511601,0.04999997094273567,"{""azimuth_jitter"": 180.0, ""azimuth_mode"": ""random"", ""backing"": 2.0, ""depth"": 50.0, ""face_h"": 60.0, ""face_w"": 60.0, ""jitter"": 0.3, ""margin_depths"": 2.0, ""pitch"": 5.5, ""plate_over"": 1.15, ""plate_t_bot"": 0.05, ""plate_t_top"": 0.05, ""seed"": 101, ""tilt_deg"": 6.0, ""tilt_jitter"": 0.0, ""topology"": ""shingle""}"
BL_FLAT_t050_p0550_a06_rand_s101,flat,0.05,5.5,6.0,random,101,d76,20.0,0.0010465640807524323,0.04999997094273567,"{""azimuth_jitter"": 180.0, ""azimuth_mode"": ""random"", ""backing"": 2.0, ""depth"": 50.0, ""face_h"": 60.0, ""face_w"": 60.0, ""jitter"": 0.3, ""margin_depths"": 2.0, ""pitch"": 5.5, ""plate_over"": 1.15, ""plate_t_bot"": 0.05, ""plate_t_top"": 0.05, ""seed"": 101, ""tilt_deg"": 6.0, ""tilt_jitter"": 0.0, ""topology"": ""shingle""}"
BL_FLAT_t050_p0550_a06_rand_s101,flat,0.05,5.5,6.0,random,101,d76,40.0,0.0016459309263154864,0.04999997094273567,"{""azimuth_jitter"": 180.0, ""azimuth_mode"": ""random"", ""backing"": 2.0, ""depth"": 50.0, ""face_h"": 60.0, ""face_w"": 60.0, ""jitter"": 0.3, ""margin_depths"": 2.0, ""pitch"": 5.5, ""plate_over"": 1.15, ""plate_t_bot"": 0.05, ""plate_t_top"": 0.05, ""seed"": 101, ""tilt_deg"": 6.0, ""tilt_jitter"": 0.0, ""topology"": ""shingle""}"
BL_FLAT_t050_p0550_a06_rand_s101,flat,0.05,5.5,6.0,random,101,d100,0.0,0.0007357659051194787,0.04999997094273567,"{""azimuth_jitter"": 180.0, ""azimuth_mode"": ""random"", ""backing"": 2.0, ""depth"": 50.0, ""face_h"": 60.0, ""face_w"": 60.0, ""jitter"": 0.3, ""margin_depths"": 2.0, ""pitch"": 5.5, ""plate_over"": 1.15, ""plate_t_bot"": 0.05, ""plate_t_top"": 0.05, ""seed"": 101, ""tilt_deg"": 6.0, ""tilt_jitter"": 0.0, ""topology"": ""shingle""}"
BL_FLAT_t050_p0550_a06_rand_s101,flat,0.05,5.5,6.0,random,101,d100,-20.0,0.001131169032305479,0.04999997094273567,"{""azimuth_jitter"": 180.0, ""azimuth_mode"": ""random"", ""backing"": 2.0, ""depth"": 50.0, ""face_h"": 60.0, ""face_w"": 60.0, ""jitter"": 0.3, ""margin_depths"": 2.0, ""pitch"": 5.5, ""plate_over"": 1.15, ""plate_t_bot"": 0.05, ""plate_t_top"": 0.05, ""seed"": 101, ""tilt_deg"": 6.0, ""tilt_jitter"": 0.0, ""topology"": ""shingle""}"
BL_FLAT_t050_p0550_a06_rand_s101,flat,0.05,5.5,6.0,random,101,d100,-40.0,0.0019693695940077305,0.04999997094273567,"{""azimuth_jitter"": 180.0, ""azimuth_mode"": ""random"", ""backing"": 2.0, ""depth"": 50.0, ""face_h"": 60.0, ""face_w"": 60.0, ""jitter"": 0.3, ""margin_depths"": 2.0, ""pitch"": 5.5, ""plate_over"": 1.15, ""plate_t_bot"": 0.05, ""plate_t_top"": 0.05, ""seed"": 101, ""tilt_deg"": 6.0, ""tilt_jitter"": 0.0, ""topology"": ""shingle""}"
BL_FLAT_t050_p0550_a06_rand_s101,flat,0.05,5.5,6.0,random,101,d100,20.0,0.0012650933349505067,0.04999997094273567,"{""azimuth_jitter"": 180.0, ""azimuth_mode"": ""random"", ""backing"": 2.0, ""depth"": 50.0, ""face_h"": 60.0, ""face_w"": 60.0, ""jitter"": 0.3, ""margin_depths"": 2.0, ""pitch"": 5.5, ""plate_over"": 1.15, ""plate_t_bot"": 0.05, ""plate_t_top"": 0.05, ""seed"": 101, ""tilt_deg"": 6.0, ""tilt_jitter"": 0.0, ""topology"": ""shingle""}"
BL_FLAT_t050_p0550_a06_rand_s101,flat,0.05,5.5,6.0,random,101,d100,40.0,0.00205984921194613,0.04999997094273567,"{""azimuth_jitter"": 180.0, ""azimuth_mode"": ""random"", ""backing"": 2.0, ""depth"": 50.0, ""face_h"": 60.0, ""face_w"": 60.0, ""jitter"": 0.3, ""margin_depths"": 2.0, ""pitch"": 5.5, ""plate_over"": 1.15, ""plate_t_bot"": 0.05, ""plate_t_top"": 0.05, ""seed"": 101, ""tilt_deg"": 6.0, ""tilt_jitter"": 0.0, ""topology"": ""shingle""}"
BL_FLAT_t050_p0550_a06_grid_s101,flat,0.05,5.5,6.0,grid,101,d00,0.0,0.0009907102212309837,0.04999997094273567,"{""azimuth_jitter"": 180.0, ""azimuth_mode"": ""grid"", ""backing"": 2.0, ""depth"": 50.0, ""face_h"": 60.0, ""face_w"": 60.0, ""jitter"": 0.3, ""margin_depths"": 2.0, ""pitch"": 5.5, ""plate_over"": 1.15, ""plate_t_bot"": 0.05, ""plate_t_top"": 0.05, ""seed"": 101, ""tilt_deg"": 6.0, ""tilt_jitter"": 0.0, ""topology"": ""shingle""}"
BL_FLAT_t050_p0550_a06_grid_s101,flat,0.05,5.5,6.0,grid,101,d00,-20.0,0.00048326366231776774,0.04999997094273567,"{""azimuth_jitter"": 180.0, ""azimuth_mode"": ""grid"", ""backing"": 2.0, ""depth"": 50.0, ""face_h"": 60.0, ""face_w"": 60.0, ""jitter"": 0.3, ""margin_depths"": 2.0, ""pitch"": 5.5, ""plate_over"": 1.15, ""plate_t_bot"": 0.05, ""plate_t_top"": 0.05, ""seed"": 101, ""tilt_deg"": 6.0, ""tilt_jitter"": 0.0, ""topology"": ""shingle""}"
BL_FLAT_t050_p0550_a06_grid_s101,flat,0.05,5.5,6.0,grid,101,d00,-40.0,0.00037877107388339937,0.04999997094273567,"{""azimuth_jitter"": 180.0, ""azimuth_mode"": ""grid"", ""backing"": 2.0, ""depth"": 50.0, ""face_h"": 60.0, ""face_w"": 60.0, ""jitter"": 0.3, ""margin_depths"": 2.0, ""pitch"": 5.5, ""plate_over"": 1.15, ""plate_t_bot"": 0.05, ""plate_t_top"": 0.05, ""seed"": 101, ""tilt_deg"": 6.0, ""tilt_jitter"": 0.0, ""topology"": ""shingle""}"
BL_FLAT_t050_p0550_a06_grid_s101,flat,0.05,5.5,6.0,grid,101,d00,20.0,0.00038127010338939726,0.04999997094273567,"{""azimuth_jitter"": 180.0, ""azimuth_mode"": ""grid"", ""backing"": 2.0, ""depth"": 50.0, ""face_h"": 60.0, ""face_w"": 60.0, ""jitter"": 0.3, ""margin_depths"": 2.0, ""pitch"": 5.5, ""plate_over"": 1.15, ""plate_t_bot"": 0.05, ""plate_t_top"": 0.05, ""seed"": 101, ""tilt_deg"": 6.0, ""tilt_jitter"": 0.0, ""topology"": ""shingle""}"
BL_FLAT_t050_p0550_a06_grid_s101,flat,0.05,5.5,6.0,grid,101,d00,40.0,0.00040529275429435074,0.04999997094273567,"{""azimuth_jitter"": 180.0, ""azimuth_mode"": ""grid"", ""backing"": 2.0, ""depth"": 50.0, ""face_h"": 60.0, ""face_w"": 60.0, ""jitter"": 0.3, ""margin_depths"": 2.0, ""pitch"": 5.5, ""plate_over"": 1.15, ""plate_t_bot"": 0.05, ""plate_t_top"": 0.05, ""seed"": 101, ""tilt_deg"": 6.0, ""tilt_jitter"": 0.0, ""topology"": ""shingle""}"
BL_FLAT_t050_p0550_a06_grid_s101,flat,0.05,5.5,6.0,grid,101,d76,0.0,0.0007460669730789959,0.04999997094273567,"{""azimuth_jitter"": 180.0, ""azimuth_mode"": ""grid"", ""backing"": 2.0, ""depth"": 50.0, ""face_h"": 60.0, ""face_w"": 60.0, ""jitter"": 0.3, ""margin_depths"": 2.0, ""pitch"": 5.5, ""plate_over"": 1.15, ""plate_t_bot"": 0.05, ""plate_t_top"": 0.05, ""seed"": 101, ""tilt_deg"": 6.0, ""tilt_jitter"": 0.0, ""topology"": ""shingle""}"
BL_FLAT_t050_p0550_a06_grid_s101,flat,0.05,5.5,6.0,grid,101,d76,-20.0,0.0007535418844781816,0.04999997094273567,"{""azimuth_jitter"": 180.0, ""azimuth_mode"": ""grid"", ""backing"": 2.0, ""depth"": 50.0, ""face_h"": 60.0, ""face_w"": 60.0, ""jitter"": 0.3, ""margin_depths"": 2.0, ""pitch"": 5.5, ""plate_over"": 1.15, ""plate_t_bot"": 0.05, ""plate_t_top"": 0.05, ""seed"": 101, ""tilt_deg"": 6.0, ""tilt_jitter"": 0.0, ""topology"": ""shingle""}"
BL_FLAT_t050_p0550_a06_grid_s101,flat,0.05,5.5,6.0,grid,101,d76,-40.0,0.0013028098037466407,0.04999997094273567,"{""azimuth_jitter"": 180.0, ""azimuth_mode"": ""grid"", ""backing"": 2.0, ""depth"": 50.0, ""face_h"": 60.0, ""face_w"": 60.0, ""jitter"": 0.3, ""margin_depths"": 2.0, ""pitch"": 5.5, ""plate_over"": 1.15, ""plate_t_bot"": 0.05, ""plate_t_top"": 0.05, ""seed"": 101, ""tilt_deg"": 6.0, ""tilt_jitter"": 0.0, ""topology"": ""shingle""}"
BL_FLAT_t050_p0550_a06_grid_s101,flat,0.05,5.5,6.0,grid,101,d76,20.0,0.0013114985777065158,0.04999997094273567,"{""azimuth_jitter"": 180.0, ""azimuth_mode"": ""grid"", ""backing"": 2.0, ""depth"": 50.0, ""face_h"": 60.0, ""face_w"": 60.0, ""jitter"": 0.3, ""margin_depths"": 2.0, ""pitch"": 5.5, ""plate_over"": 1.15, ""plate_t_bot"": 0.05, ""plate_t_top"": 0.05, ""seed"": 101, ""tilt_deg"": 6.0, ""tilt_jitter"": 0.0, ""topology"": ""shingle""}"
BL_FLAT_t050_p0550_a06_grid_s101,flat,0.05,5.5,6.0,grid,101,d76,40.0,0.001962053356692195,0.04999997094273567,"{""azimuth_jitter"": 180.0, ""azimuth_mode"": ""grid"", ""backing"": 2.0, ""depth"": 50.0, ""face_h"": 60.0, ""face_w"": 60.0, ""jitter"": 0.3, ""margin_depths"": 2.0, ""pitch"": 5.5, ""plate_over"": 1.15, ""plate_t_bot"": 0.05, ""plate_t_top"": 0.05, ""seed"": 101, ""tilt_deg"": 6.0, ""tilt_jitter"": 0.0, ""topology"": ""shingle""}"
BL_FLAT_t050_p0550_a06_grid_s101,flat,0.05,5.5,6.0,grid,101,d100,0.0,0.0007023827056400478,0.04999997094273567,"{""azimuth_jitter"": 180.0, ""azimuth_mode"": ""grid"", ""backing"": 2.0, ""depth"": 50.0, ""face_h"": 60.0, ""face_w"": 60.0, ""jitter"": 0.3, ""margin_depths"": 2.0, ""pitch"": 5.5, ""plate_over"": 1.15, ""plate_t_bot"": 0.05, ""plate_t_top"": 0.05, ""seed"": 101, ""tilt_deg"": 6.0, ""tilt_jitter"": 0.0, ""topology"": ""shingle""}"
BL_FLAT_t050_p0550_a06_grid_s101,flat,0.05,5.5,6.0,grid,101,d100,-20.0,0.0008663171902298927,0.04999997094273567,"{""azimuth_jitter"": 180.0, ""azimuth_mode"": ""grid"", ""backing"": 2.0, ""depth"": 50.0, ""face_h"": 60.0, ""face_w"": 60.0, ""jitter"": 0.3, ""margin_depths"": 2.0, ""pitch"": 5.5, ""plate_over"": 1.15, ""plate_t_bot"": 0.05, ""plate_t_top"": 0.05, ""seed"": 101, ""tilt_deg"": 6.0, ""tilt_jitter"": 0.0, ""topology"": ""shingle""}"
BL_FLAT_t050_p0550_a06_grid_s101,flat,0.05,5.5,6.0,grid,101,d100,-40.0,0.001602016156539321,0.04999997094273567,"{""azimuth_jitter"": 180.0, ""azimuth_mode"": ""grid"", ""backing"": 2.0, ""depth"": 50.0, ""face_h"": 60.0, ""face_w"": 60.0, ""jitter"": 0.3, ""margin_depths"": 2.0, ""pitch"": 5.5, ""plate_over"": 1.15, ""plate_t_bot"": 0.05, ""plate_t_top"": 0.05, ""seed"": 101, ""tilt_deg"": 6.0, ""tilt_jitter"": 0.0, ""topology"": ""shingle""}"
BL_FLAT_t050_p0550_a06_grid_s101,flat,0.05,5.5,6.0,grid,101,d100,20.0,0.0016233859350904822,0.04999997094273567,"{""azimuth_jitter"": 180.0, ""azimuth_mode"": ""grid"", ""backing"": 2.0, ""depth"": 50.0, ""face_h"": 60.0, ""face_w"": 60.0, ""jitter"": 0.3, ""margin_depths"": 2.0, ""pitch"": 5.5, ""plate_over"": 1.15, ""plate_t_bot"": 0.05, ""plate_t_top"": 0.05, ""seed"": 101, ""tilt_deg"": 6.0, ""tilt_jitter"": 0.0, ""topology"": ""shingle""}"
BL_FLAT_t050_p0550_a06_grid_s101,flat,0.05,5.5,6.0,grid,101,d100,40.0,0.0024668057449162006,0.04999997094273567,"{""azimuth_jitter"": 180.0, ""azimuth_mode"": ""grid"", ""backing"": 2.0, ""depth"": 50.0, ""face_h"": 60.0, ""face_w"": 60.0, ""jitter"": 0.3, ""margin_depths"": 2.0, ""pitch"": 5.5, ""plate_over"": 1.15, ""plate_t_bot"": 0.05, ""plate_t_top"": 0.05, ""seed"": 101, ""tilt_deg"": 6.0, ""tilt_jitter"": 0.0, ""topology"": ""shingle""}"
BL_FLAT_t050_p0750_a02_rand_s101,flat,0.05,7.5,2.0,random,101,d00,0.0,0.002944783540442586,0.04999997094273567,"{""azimuth_jitter"": 180.0, ""azimuth_mode"": ""random"", ""backing"": 2.0, ""depth"": 50.0, ""face_h"": 60.0, ""face_w"": 60.0, ""jitter"": 0.3, ""margin_depths"": 2.0, ""pitch"": 7.5, ""plate_over"": 1.15, ""plate_t_bot"": 0.05, ""plate_t_top"": 0.05, ""seed"": 101, ""tilt_deg"": 2.0, ""tilt_jitter"": 0.0, ""topology"": ""shingle""}"
BL_FLAT_t050_p0750_a02_rand_s101,flat,0.05,7.5,2.0,random,101,d00,-20.0,0.0004068641865160316,0.04999997094273567,"{""azimuth_jitter"": 180.0, ""azimuth_mode"": ""random"", ""backing"": 2.0, ""depth"": 50.0, ""face_h"": 60.0, ""face_w"": 60.0, ""jitter"": 0.3, ""margin_depths"": 2.0, ""pitch"": 7.5, ""plate_over"": 1.15, ""plate_t_bot"": 0.05, ""plate_t_top"": 0.05, ""seed"": 101, ""tilt_deg"": 2.0, ""tilt_jitter"": 0.0, ""topology"": ""shingle""}"
BL_FLAT_t050_p0750_a02_rand_s101,flat,0.05,7.5,2.0,random,101,d00,-40.0,0.0002826704003382474,0.04999997094273567,"{""azimuth_jitter"": 180.0, ""azimuth_mode"": ""random"", ""backing"": 2.0, ""depth"": 50.0, ""face_h"": 60.0, ""face_w"": 60.0, ""jitter"": 0.3, ""margin_depths"": 2.0, ""pitch"": 7.5, ""plate_over"": 1.15, ""plate_t_bot"": 0.05, ""plate_t_top"": 0.05, ""seed"": 101, ""tilt_deg"": 2.0, ""tilt_jitter"": 0.0, ""topology"": ""shingle""}"
BL_FLAT_t050_p0750_a02_rand_s101,flat,0.05,7.5,2.0,random,101,d00,20.0,0.0003663637035060674,0.04999997094273567,"{""azimuth_jitter"": 180.0, ""azimuth_mode"": ""random"", ""backing"": 2.0, ""depth"": 50.0, ""face_h"": 60.0, ""face_w"": 60.0, ""jitter"": 0.3, ""margin_depths"": 2.0, ""pitch"": 7.5, ""plate_over"": 1.15, ""plate_t_bot"": 0.05, ""plate_t_top"": 0.05, ""seed"": 101, ""tilt_deg"": 2.0, ""tilt_jitter"": 0.0, ""topology"": ""shingle""}"
BL_FLAT_t050_p0750_a02_rand_s101,flat,0.05,7.5,2.0,random,101,d00,40.0,0.0002457947994116694,0.04999997094273567,"{""azimuth_jitter"": 180.0, ""azimuth_mode"": ""random"", ""backing"": 2.0, ""depth"": 50.0, ""face_h"": 60.0, ""face_w"": 60.0, ""jitter"": 0.3, ""margin_depths"": 2.0, ""pitch"": 7.5, ""plate_over"": 1.15, ""plate_t_bot"": 0.05, ""plate_t_top"": 0.05, ""seed"": 101, ""tilt_deg"": 2.0, ""tilt_jitter"": 0.0, ""topology"": ""shingle""}"
BL_FLAT_t050_p0750_a02_rand_s101,flat,0.05,7.5,2.0,random,101,d76,0.0,0.000976697774603963,0.04999997094273567,"{""azimuth_jitter"": 180.0, ""azimuth_mode"": ""random"", ""backing"": 2.0, ""depth"": 50.0, ""face_h"": 60.0, ""face_w"": 60.0, ""jitter"": 0.3, ""margin_depths"": 2.0, ""pitch"": 7.5, ""plate_over"": 1.15, ""plate_t_bot"": 0.05, ""plate_t_top"": 0.05, ""seed"": 101, ""tilt_deg"": 2.0, ""tilt_jitter"": 0.0, ""topology"": ""shingle""}"
BL_FLAT_t050_p0750_a02_rand_s101,flat,0.05,7.5,2.0,random,101,d76,-20.0,0.00092715909704566,0.04999997094273567,"{""azimuth_jitter"": 180.0, ""azimuth_mode"": ""random"", ""backing"": 2.0, ""depth"": 50.0, ""face_h"": 60.0, ""face_w"": 60.0, ""jitter"": 0.3, ""margin_depths"": 2.0, ""pitch"": 7.5, ""plate_over"": 1.15, ""plate_t_bot"": 0.05, ""plate_t_top"": 0.05, ""seed"": 101, ""tilt_deg"": 2.0, ""tilt_jitter"": 0.0, ""topology"": ""shingle""}"
BL_FLAT_t050_p0750_a02_rand_s101,flat,0.05,7.5,2.0,random,101,d76,-40.0,0.0015856764512136579,0.04999997094273567,"{""azimuth_jitter"": 180.0, ""azimuth_mode"": ""random"", ""backing"": 2.0, ""depth"": 50.0, ""face_h"": 60.0, ""face_w"": 60.0, ""jitter"": 0.3, ""margin_depths"": 2.0, ""pitch"": 7.5, ""plate_over"": 1.15, ""plate_t_bot"": 0.05, ""plate_t_top"": 0.05, ""seed"": 101, ""tilt_deg"": 2.0, ""tilt_jitter"": 0.0, ""topology"": ""shingle""}"
BL_FLAT_t050_p0750_a02_rand_s101,flat,0.05,7.5,2.0,random,101,d76,20.0,0.0009646189282648265,0.04999997094273567,"{""azimuth_jitter"": 180.0, ""azimuth_mode"": ""random"", ""backing"": 2.0, ""depth"": 50.0, ""face_h"": 60.0, ""face_w"": 60.0, ""jitter"": 0.3, ""margin_depths"": 2.0, ""pitch"": 7.5, ""plate_over"": 1.15, ""plate_t_bot"": 0.05, ""plate_t_top"": 0.05, ""seed"": 101, ""tilt_deg"": 2.0, ""tilt_jitter"": 0.0, ""topology"": ""shingle""}"
BL_FLAT_t050_p0750_a02_rand_s101,flat,0.05,7.5,2.0,random,101,d76,40.0,0.0015984877245500684,0.04999997094273567,"{""azimuth_jitter"": 180.0, ""azimuth_mode"": ""random"", ""backing"": 2.0, ""depth"": 50.0, ""face_h"": 60.0, ""face_w"": 60.0, ""jitter"": 0.3, ""margin_depths"": 2.0, ""pitch"": 7.5, ""plate_over"": 1.15, ""plate_t_bot"": 0.05, ""plate_t_top"": 0.05, ""seed"": 101, ""tilt_deg"": 2.0, ""tilt_jitter"": 0.0, ""topology"": ""shingle""}"
BL_FLAT_t050_p0750_a02_rand_s101,flat,0.05,7.5,2.0,random,101,d100,0.0,0.00043815671233460307,0.04999997094273567,"{""azimuth_jitter"": 180.0, ""azimuth_mode"": ""random"", ""backing"": 2.0, ""depth"": 50.0, ""face_h"": 60.0, ""face_w"": 60.0, ""jitter"": 0.3, ""margin_depths"": 2.0, ""pitch"": 7.5, ""plate_over"": 1.15, ""plate_t_bot"": 0.05, ""plate_t_top"": 0.05, ""seed"": 101, ""tilt_deg"": 2.0, ""tilt_jitter"": 0.0, ""topology"": ""shingle""}"
BL_FLAT_t050_p0750_a02_rand_s101,flat,0.05,7.5,2.0,random,101,d100,-20.0,0.0011061293771490455,0.04999997094273567,"{""azimuth_jitter"": 180.0, ""azimuth_mode"": ""random"", ""backing"": 2.0, ""depth"": 50.0, ""face_h"": 60.0, ""face_w"": 60.0, ""jitter"": 0.3, ""margin_depths"": 2.0, ""pitch"": 7.5, ""plate_over"": 1.15, ""plate_t_bot"": 0.05, ""plate_t_top"": 0.05, ""seed"": 101, ""tilt_deg"": 2.0, ""tilt_jitter"": 0.0, ""topology"": ""shingle""}"
BL_FLAT_t050_p0750_a02_rand_s101,flat,0.05,7.5,2.0,random,101,d100,-40.0,0.0020092492923140526,0.04999997094273567,"{""azimuth_jitter"": 180.0, ""azimuth_mode"": ""random"", ""backing"": 2.0, ""depth"": 50.0, ""face_h"": 60.0, ""face_w"": 60.0, ""jitter"": 0.3, ""margin_depths"": 2.0, ""pitch"": 7.5, ""plate_over"": 1.15, ""plate_t_bot"": 0.05, ""plate_t_top"": 0.05, ""seed"": 101, ""tilt_deg"": 2.0, ""tilt_jitter"": 0.0, ""topology"": ""shingle""}"
BL_FLAT_t050_p0750_a02_rand_s101,flat,0.05,7.5,2.0,random,101,d100,20.0,0.001173606957308948,0.04999997094273567,"{""azimuth_jitter"": 180.0, ""azimuth_mode"": ""random"", ""backing"": 2.0, ""depth"": 50.0, ""face_h"": 60.0, ""face_w"": 60.0, ""jitter"": 0.3, ""margin_depths"": 2.0, ""pitch"": 7.5, ""plate_over"": 1.15, ""plate_t_bot"": 0.05, ""plate_t_top"": 0.05, ""seed"": 101, ""tilt_deg"": 2.0, ""tilt_jitter"": 0.0, ""topology"": ""shingle""}"
BL_FLAT_t050_p0750_a02_rand_s101,flat,0.05,7.5,2.0,random,101,d100,40.0,0.0020349144469946623,0.04999997094273567,"{""azimuth_jitter"": 180.0, ""azimuth_mode"": ""random"", ""backing"": 2.0, ""depth"": 50.0, ""face_h"": 60.0, ""face_w"": 60.0, ""jitter"": 0.3, ""margin_depths"": 2.0, ""pitch"": 7.5, ""plate_over"": 1.15, ""plate_t_bot"": 0.05, ""plate_t_top"": 0.05, ""seed"": 101, ""tilt_deg"": 2.0, ""tilt_jitter"": 0.0, ""topology"": ""shingle""}"
BL_FLAT_t050_p0750_a02_grid_s101,flat,0.05,7.5,2.0,grid,101,d00,0.0,0.0030049278866499662,0.04999997094273567,"{""azimuth_jitter"": 180.0, ""azimuth_mode"": ""grid"", ""backing"": 2.0, ""depth"": 50.0, ""face_h"": 60.0, ""face_w"": 60.0, ""jitter"": 0.3, ""margin_depths"": 2.0, ""pitch"": 7.5, ""plate_over"": 1.15, ""plate_t_bot"": 0.05, ""plate_t_top"": 0.05, ""seed"": 101, ""tilt_deg"": 2.0, ""tilt_jitter"": 0.0, ""topology"": ""shingle""}"
BL_FLAT_t050_p0750_a02_grid_s101,flat,0.05,7.5,2.0,grid,101,d00,-20.0,0.0006526819779537618,0.04999997094273567,"{""azimuth_jitter"": 180.0, ""azimuth_mode"": ""grid"", ""backing"": 2.0, ""depth"": 50.0, ""face_h"": 60.0, ""face_w"": 60.0, ""jitter"": 0.3, ""margin_depths"": 2.0, ""pitch"": 7.5, ""plate_over"": 1.15, ""plate_t_bot"": 0.05, ""plate_t_top"": 0.05, ""seed"": 101, ""tilt_deg"": 2.0, ""tilt_jitter"": 0.0, ""topology"": ""shingle""}"
BL_FLAT_t050_p0750_a02_grid_s101,flat,0.05,7.5,2.0,grid,101,d00,-40.0,0.0003583353536669165,0.04999997094273567,"{""azimuth_jitter"": 180.0, ""azimuth_mode"": ""grid"", ""backing"": 2.0, ""depth"": 50.0, ""face_h"": 60.0, ""face_w"": 60.0, ""jitter"": 0.3, ""margin_depths"": 2.0, ""pitch"": 7.5, ""plate_over"": 1.15, ""plate_t_bot"": 0.05, ""plate_t_top"": 0.05, ""seed"": 101, ""tilt_deg"": 2.0, ""tilt_jitter"": 0.0, ""topology"": ""shingle""}"
BL_FLAT_t050_p0750_a02_grid_s101,flat,0.05,7.5,2.0,grid,101,d00,20.0,0.00038875991594977677,0.04999997094273567,"{""azimuth_jitter"": 180.0, ""azimuth_mode"": ""grid"", ""backing"": 2.0, ""depth"": 50.0, ""face_h"": 60.0, ""face_w"": 60.0, ""jitter"": 0.3, ""margin_depths"": 2.0, ""pitch"": 7.5, ""plate_over"": 1.15, ""plate_t_bot"": 0.05, ""plate_t_top"": 0.05, ""seed"": 101, ""tilt_deg"": 2.0, ""tilt_jitter"": 0.0, ""topology"": ""shingle""}"
BL_FLAT_t050_p0750_a02_grid_s101,flat,0.05,7.5,2.0,grid,101,d00,40.0,0.0003260122030042112,0.04999997094273567,"{""azimuth_jitter"": 180.0, ""azimuth_mode"": ""grid"", ""backing"": 2.0, ""depth"": 50.0, ""face_h"": 60.0, ""face_w"": 60.0, ""jitter"": 0.3, ""margin_depths"": 2.0, ""pitch"": 7.5, ""plate_over"": 1.15, ""plate_t_bot"": 0.05, ""plate_t_top"": 0.05, ""seed"": 101, ""tilt_deg"": 2.0, ""tilt_jitter"": 0.0, ""topology"": ""shingle""}"
BL_FLAT_t050_p0750_a02_grid_s101,flat,0.05,7.5,2.0,grid,101,d76,0.0,0.0009905333863571286,0.04999997094273567,"{""azimuth_jitter"": 180.0, ""azimuth_mode"": ""grid"", ""backing"": 2.0, ""depth"": 50.0, ""face_h"": 60.0, ""face_w"": 60.0, ""jitter"": 0.3, ""margin_depths"": 2.0, ""pitch"": 7.5, ""plate_over"": 1.15, ""plate_t_bot"": 0.05, ""plate_t_top"": 0.05, ""seed"": 101, ""tilt_deg"": 2.0, ""tilt_jitter"": 0.0, ""topology"": ""shingle""}"
BL_FLAT_t050_p0750_a02_grid_s101,flat,0.05,7.5,2.0,grid,101,d76,-20.0,0.0007705115713179111,0.04999997094273567,"{""azimuth_jitter"": 180.0, ""azimuth_mode"": ""grid"", ""backing"": 2.0, ""depth"": 50.0, ""face_h"": 60.0, ""face_w"": 60.0, ""jitter"": 0.3, ""margin_depths"": 2.0, ""pitch"": 7.5, ""plate_over"": 1.15, ""plate_t_bot"": 0.05, ""plate_t_top"": 0.05, ""seed"": 101, ""tilt_deg"": 2.0, ""tilt_jitter"": 0.0, ""topology"": ""shingle""}"
BL_FLAT_t050_p0750_a02_grid_s101,flat,0.05,7.5,2.0,grid,101,d76,-40.0,0.0011945978039875627,0.04999997094273567,"{""azimuth_jitter"": 180.0, ""azimuth_mode"": ""grid"", ""backing"": 2.0, ""depth"": 50.0, ""face_h"": 60.0, ""face_w"": 60.0, ""jitter"": 0.3, ""margin_depths"": 2.0, ""pitch"": 7.5, ""plate_over"": 1.15, ""plate_t_bot"": 0.05, ""plate_t_top"": 0.05, ""seed"": 101, ""tilt_deg"": 2.0, ""tilt_jitter"": 0.0, ""topology"": ""shingle""}"
BL_FLAT_t050_p0750_a02_grid_s101,flat,0.05,7.5,2.0,grid,101,d76,20.0,0.0008033754420466721,0.04999997094273567,"{""azimuth_jitter"": 180.0, ""azimuth_mode"": ""grid"", ""backing"": 2.0, ""depth"": 50.0, ""face_h"": 60.0, ""face_w"": 60.0, ""jitter"": 0.3, ""margin_depths"": 2.0, ""pitch"": 7.5, ""plate_over"": 1.15, ""plate_t_bot"": 0.05, ""plate_t_top"": 0.05, ""seed"": 101, ""tilt_deg"": 2.0, ""tilt_jitter"": 0.0, ""topology"": ""shingle""}"
BL_FLAT_t050_p0750_a02_grid_s101,flat,0.05,7.5,2.0,grid,101,d76,40.0,0.0013362002791836858,0.04999997094273567,"{""azimuth_jitter"": 180.0, ""azimuth_mode"": ""grid"", ""backing"": 2.0, ""depth"": 50.0, ""face_h"": 60.0, ""face_w"": 60.0, ""jitter"": 0.3, ""margin_depths"": 2.0, ""pitch"": 7.5, ""plate_over"": 1.15, ""plate_t_bot"": 0.05, ""plate_t_top"": 0.05, ""seed"": 101, ""tilt_deg"": 2.0, ""tilt_jitter"": 0.0, ""topology"": ""shingle""}"
BL_FLAT_t050_p0750_a02_grid_s101,flat,0.05,7.5,2.0,grid,101,d100,0.0,0.00043825889588333666,0.04999997094273567,"{""azimuth_jitter"": 180.0, ""azimuth_mode"": ""grid"", ""backing"": 2.0, ""depth"": 50.0, ""face_h"": 60.0, ""face_w"": 60.0, ""jitter"": 0.3, ""margin_depths"": 2.0, ""pitch"": 7.5, ""plate_over"": 1.15, ""plate_t_bot"": 0.05, ""plate_t_top"": 0.05, ""seed"": 101, ""tilt_deg"": 2.0, ""tilt_jitter"": 0.0, ""topology"": ""shingle""}"
BL_FLAT_t050_p0750_a02_grid_s101,flat,0.05,7.5,2.0,grid,101,d100,-20.0,0.0008370634168386459,0.04999997094273567,"{""azimuth_jitter"": 180.0, ""azimuth_mode"": ""grid"", ""backing"": 2.0, ""depth"": 50.0, ""face_h"": 60.0, ""face_w"": 60.0, ""jitter"": 0.3, ""margin_depths"": 2.0, ""pitch"": 7.5, ""plate_over"": 1.15, ""plate_t_bot"": 0.05, ""plate_t_top"": 0.05, ""seed"": 101, ""tilt_deg"": 2.0, ""tilt_jitter"": 0.0, ""topology"": ""shingle""}"
BL_FLAT_t050_p0750_a02_grid_s101,flat,0.05,7.5,2.0,grid,101,d100,-40.0,0.0014756695600226521,0.04999997094273567,"{""azimuth_jitter"": 180.0, ""azimuth_mode"": ""grid"", ""backing"": 2.0, ""depth"": 50.0, ""face_h"": 60.0, ""face_w"": 60.0, ""jitter"": 0.3, ""margin_depths"": 2.0, ""pitch"": 7.5, ""plate_over"": 1.15, ""plate_t_bot"": 0.05, ""plate_t_top"": 0.05, ""seed"": 101, ""tilt_deg"": 2.0, ""tilt_jitter"": 0.0, ""topology"": ""shingle""}"
BL_FLAT_t050_p0750_a02_grid_s101,flat,0.05,7.5,2.0,grid,101,d100,20.0,0.0009585187654010952,0.04999997094273567,"{""azimuth_jitter"": 180.0, ""azimuth_mode"": ""grid"", ""backing"": 2.0, ""depth"": 50.0, ""face_h"": 60.0, ""face_w"": 60.0, ""jitter"": 0.3, ""margin_depths"": 2.0, ""pitch"": 7.5, ""plate_over"": 1.15, ""plate_t_bot"": 0.05, ""plate_t_top"": 0.05, ""seed"": 101, ""tilt_deg"": 2.0, ""tilt_jitter"": 0.0, ""topology"": ""shingle""}"
BL_FLAT_t050_p0750_a02_grid_s101,flat,0.05,7.5,2.0,grid,101,d100,40.0,0.0016676405211910605,0.04999997094273567,"{""azimuth_jitter"": 180.0, ""azimuth_mode"": ""grid"", ""backing"": 2.0, ""depth"": 50.0, ""face_h"": 60.0, ""face_w"": 60.0, ""jitter"": 0.3, ""margin_depths"": 2.0, ""pitch"": 7.5, ""plate_over"": 1.15, ""plate_t_bot"": 0.05, ""plate_t_top"": 0.05, ""seed"": 101, ""tilt_deg"": 2.0, ""tilt_jitter"": 0.0, ""topology"": ""shingle""}"
BL_FLAT_t050_p0750_a06_rand_s101,flat,0.05,7.5,6.0,random,101,d00,0.0,0.0015209303237497807,0.04999997094273567,"{""azimuth_jitter"": 180.0, ""azimuth_mode"": ""random"", ""backing"": 2.0, ""depth"": 50.0, ""face_h"": 60.0, ""face_w"": 60.0, ""jitter"": 0.3, ""margin_depths"": 2.0, ""pitch"": 7.5, ""plate_over"": 1.15, ""plate_t_bot"": 0.05, ""plate_t_top"": 0.05, ""seed"": 101, ""tilt_deg"": 6.0, ""tilt_jitter"": 0.0, ""topology"": ""shingle""}"
BL_FLAT_t050_p0750_a06_rand_s101,flat,0.05,7.5,6.0,random,101,d00,-20.0,0.0003621968789957464,0.04999997094273567,"{""azimuth_jitter"": 180.0, ""azimuth_mode"": ""random"", ""backing"": 2.0, ""depth"": 50.0, ""face_h"": 60.0, ""face_w"": 60.0, ""jitter"": 0.3, ""margin_depths"": 2.0, ""pitch"": 7.5, ""plate_over"": 1.15, ""plate_t_bot"": 0.05, ""plate_t_top"": 0.05, ""seed"": 101, ""tilt_deg"": 6.0, ""tilt_jitter"": 0.0, ""topology"": ""shingle""}"
BL_FLAT_t050_p0750_a06_rand_s101,flat,0.05,7.5,6.0,random,101,d00,-40.0,0.00028831191593781114,0.04999997094273567,"{""azimuth_jitter"": 180.0, ""azimuth_mode"": ""random"", ""backing"": 2.0, ""depth"": 50.0, ""face_h"": 60.0, ""face_w"": 60.0, ""jitter"": 0.3, ""margin_depths"": 2.0, ""pitch"": 7.5, ""plate_over"": 1.15, ""plate_t_bot"": 0.05, ""plate_t_top"": 0.05, ""seed"": 101, ""tilt_deg"": 6.0, ""tilt_jitter"": 0.0, ""topology"": ""shingle""}"
BL_FLAT_t050_p0750_a06_rand_s101,flat,0.05,7.5,6.0,random,101,d00,20.0,0.0003391719365026802,0.04999997094273567,"{""azimuth_jitter"": 180.0, ""azimuth_mode"": ""random"", ""backing"": 2.0, ""depth"": 50.0, ""face_h"": 60.0, ""face_w"": 60.0, ""jitter"": 0.3, ""margin_depths"": 2.0, ""pitch"": 7.5, ""plate_over"": 1.15, ""plate_t_bot"": 0.05, ""plate_t_top"": 0.05, ""seed"": 101, ""tilt_deg"": 6.0, ""tilt_jitter"": 0.0, ""topology"": ""shingle""}"
BL_FLAT_t050_p0750_a06_rand_s101,flat,0.05,7.5,6.0,random,101,d00,40.0,0.00024584069615229964,0.04999997094273567,"{""azimuth_jitter"": 180.0, ""azimuth_mode"": ""random"", ""backing"": 2.0, ""depth"": 50.0, ""face_h"": 60.0, ""face_w"": 60.0, ""jitter"": 0.3, ""margin_depths"": 2.0, ""pitch"": 7.5, ""plate_over"": 1.15, ""plate_t_bot"": 0.05, ""plate_t_top"": 0.05, ""seed"": 101, ""tilt_deg"": 6.0, ""tilt_jitter"": 0.0, ""topology"": ""shingle""}"
BL_FLAT_t050_p0750_a06_rand_s101,flat,0.05,7.5,6.0,random,101,d76,0.0,0.0008521176059730351,0.04999997094273567,"{""azimuth_jitter"": 180.0, ""azimuth_mode"": ""random"", ""backing"": 2.0, ""depth"": 50.0, ""face_h"": 60.0, ""face_w"": 60.0, ""jitter"": 0.3, ""margin_depths"": 2.0, ""pitch"": 7.5, ""plate_over"": 1.15, ""plate_t_bot"": 0.05, ""plate_t_top"": 0.05, ""seed"": 101, ""tilt_deg"": 6.0, ""tilt_jitter"": 0.0, ""topology"": ""shingle""}"
BL_FLAT_t050_p0750_a06_rand_s101,flat,0.05,7.5,6.0,random,101,d76,-20.0,0.0009219290805049241,0.04999997094273567,"{""azimuth_jitter"": 180.0, ""azimuth_mode"": ""random"", ""backing"": 2.0, ""depth"": 50.0, ""face_h"": 60.0, ""face_w"": 60.0, ""jitter"": 0.3, ""margin_depths"": 2.0, ""pitch"": 7.5, ""plate_over"": 1.15, ""plate_t_bot"": 0.05, ""plate_t_top"": 0.05, ""seed"": 101, ""tilt_deg"": 6.0, ""tilt_jitter"": 0.0, ""topology"": ""shingle""}"
BL_FLAT_t050_p0750_a06_rand_s101,flat,0.05,7.5,6.0,random,101,d76,-40.0,0.0015733990585431457,0.04999997094273567,"{""azimuth_jitter"": 180.0, ""azimuth_mode"": ""random"", ""backing"": 2.0, ""depth"": 50.0, ""face_h"": 60.0, ""face_w"": 60.0, ""jitter"": 0.3, ""margin_depths"": 2.0, ""pitch"": 7.5, ""plate_over"": 1.15, ""plate_t_bot"": 0.05, ""plate_t_top"": 0.05, ""seed"": 101, ""tilt_deg"": 6.0, ""tilt_jitter"": 0.0, ""topology"": ""shingle""}"
BL_FLAT_t050_p0750_a06_rand_s101,flat,0.05,7.5,6.0,random,101,d76,20.0,0.0010643178829923272,0.04999997094273567,"{""azimuth_jitter"": 180.0, ""azimuth_mode"": ""random"", ""backing"": 2.0, ""depth"": 50.0, ""face_h"": 60.0, ""face_w"": 60.0, ""jitter"": 0.3, ""margin_depths"": 2.0, ""pitch"": 7.5, ""plate_over"": 1.15, ""plate_t_bot"": 0.05, ""plate_t_top"": 0.05, ""seed"": 101, ""tilt_deg"": 6.0, ""tilt_jitter"": 0.0, ""topology"": ""shingle""}"
BL_FLAT_t050_p0750_a06_rand_s101,flat,0.05,7.5,6.0,random,101,d76,40.0,0.0016716913087293506,0.04999997094273567,"{""azimuth_jitter"": 180.0, ""azimuth_mode"": ""random"", ""backing"": 2.0, ""depth"": 50.0, ""face_h"": 60.0, ""face_w"": 60.0, ""jitter"": 0.3, ""margin_depths"": 2.0, ""pitch"": 7.5, ""plate_over"": 1.15, ""plate_t_bot"": 0.05, ""plate_t_top"": 0.05, ""seed"": 101, ""tilt_deg"": 6.0, ""tilt_jitter"": 0.0, ""topology"": ""shingle""}"
BL_FLAT_t050_p0750_a06_rand_s101,flat,0.05,7.5,6.0,random,101,d100,0.0,0.0006967477384023368,0.04999997094273567,"{""azimuth_jitter"": 180.0, ""azimuth_mode"": ""random"", ""backing"": 2.0, ""depth"": 50.0, ""face_h"": 60.0, ""face_w"": 60.0, ""jitter"": 0.3, ""margin_depths"": 2.0, ""pitch"": 7.5, ""plate_over"": 1.15, ""plate_t_bot"": 0.05, ""plate_t_top"": 0.05, ""seed"": 101, ""tilt_deg"": 6.0, ""tilt_jitter"": 0.0, ""topology"": ""shingle""}"
BL_FLAT_t050_p0750_a06_rand_s101,flat,0.05,7.5,6.0,random,101,d100,-20.0,0.0011059775715693831,0.04999997094273567,"{""azimuth_jitter"": 180.0, ""azimuth_mode"": ""random"", ""backing"": 2.0, ""depth"": 50.0, ""face_h"": 60.0, ""face_w"": 60.0, ""jitter"": 0.3, ""margin_depths"": 2.0, ""pitch"": 7.5, ""plate_over"": 1.15, ""plate_t_bot"": 0.05, ""plate_t_top"": 0.05, ""seed"": 101, ""tilt_deg"": 6.0, ""tilt_jitter"": 0.0, ""topology"": ""shingle""}"
BL_FLAT_t050_p0750_a06_rand_s101,flat,0.05,7.5,6.0,random,101,d100,-40.0,0.0019902728963643312,0.04999997094273567,"{""azimuth_jitter"": 180.0, ""azimuth_mode"": ""random"", ""backing"": 2.0, ""depth"": 50.0, ""face_h"": 60.0, ""face_w"": 60.0, ""jitter"": 0.3, ""margin_depths"": 2.0, ""pitch"": 7.5, ""plate_over"": 1.15, ""plate_t_bot"": 0.05, ""plate_t_top"": 0.05, ""seed"": 101, ""tilt_deg"": 6.0, ""tilt_jitter"": 0.0, ""topology"": ""shingle""}"
BL_FLAT_t050_p0750_a06_rand_s101,flat,0.05,7.5,6.0,random,101,d100,20.0,0.0013009965186938643,0.04999997094273567,"{""azimuth_jitter"": 180.0, ""azimuth_mode"": ""random"", ""backing"": 2.0, ""depth"": 50.0, ""face_h"": 60.0, ""face_w"": 60.0, ""jitter"": 0.3, ""margin_depths"": 2.0, ""pitch"": 7.5, ""plate_over"": 1.15, ""plate_t_bot"": 0.05, ""plate_t_top"": 0.05, ""seed"": 101, ""tilt_deg"": 6.0, ""tilt_jitter"": 0.0, ""topology"": ""shingle""}"
BL_FLAT_t050_p0750_a06_rand_s101,flat,0.05,7.5,6.0,random,101,d100,40.0,0.002128821099177003,0.04999997094273567,"{""azimuth_jitter"": 180.0, ""azimuth_mode"": ""random"", ""backing"": 2.0, ""depth"": 50.0, ""face_h"": 60.0, ""face_w"": 60.0, ""jitter"": 0.3, ""margin_depths"": 2.0, ""pitch"": 7.5, ""plate_over"": 1.15, ""plate_t_bot"": 0.05, ""plate_t_top"": 0.05, ""seed"": 101, ""tilt_deg"": 6.0, ""tilt_jitter"": 0.0, ""topology"": ""shingle""}"
BL_FLAT_t050_p0750_a06_grid_s101,flat,0.05,7.5,6.0,grid,101,d00,0.0,0.0017149000195786357,0.04999997094273567,"{""azimuth_jitter"": 180.0, ""azimuth_mode"": ""grid"", ""backing"": 2.0, ""depth"": 50.0, ""face_h"": 60.0, ""face_w"": 60.0, ""jitter"": 0.3, ""margin_depths"": 2.0, ""pitch"": 7.5, ""plate_over"": 1.15, ""plate_t_bot"": 0.05, ""plate_t_top"": 0.05, ""seed"": 101, ""tilt_deg"": 6.0, ""tilt_jitter"": 0.0, ""topology"": ""shingle""}"
BL_FLAT_t050_p0750_a06_grid_s101,flat,0.05,7.5,6.0,grid,101,d00,-20.0,0.0005904501886107028,0.04999997094273567,"{""azimuth_jitter"": 180.0, ""azimuth_mode"": ""grid"", ""backing"": 2.0, ""depth"": 50.0, ""face_h"": 60.0, ""face_w"": 60.0, ""jitter"": 0.3, ""margin_depths"": 2.0, ""pitch"": 7.5, ""plate_over"": 1.15, ""plate_t_bot"": 0.05, ""plate_t_top"": 0.05, ""seed"": 101, ""tilt_deg"": 6.0, ""tilt_jitter"": 0.0, ""topology"": ""shingle""}"
BL_FLAT_t050_p0750_a06_grid_s101,flat,0.05,7.5,6.0,grid,101,d00,-40.0,0.00042571197263896465,0.04999997094273567,"{""azimuth_jitter"": 180.0, ""azimuth_mode"": ""grid"", ""backing"": 2.0, ""depth"": 50.0, ""face_h"": 60.0, ""face_w"": 60.0, ""jitter"": 0.3, ""margin_depths"": 2.0, ""pitch"": 7.5, ""plate_over"": 1.15, ""plate_t_bot"": 0.05, ""plate_t_top"": 0.05, ""seed"": 101, ""tilt_deg"": 6.0, ""tilt_jitter"": 0.0, ""topology"": ""shingle""}"
BL_FLAT_t050_p0750_a06_grid_s101,flat,0.05,7.5,6.0,grid,101,d00,20.0,0.0004056934267282486,0.04999997094273567,"{""azimuth_jitter"": 180.0, ""azimuth_mode"": ""grid"", ""backing"": 2.0, ""depth"": 50.0, ""face_h"": 60.0, ""face_w"": 60.0, ""jitter"": 0.3, ""margin_depths"": 2.0, ""pitch"": 7.5, ""plate_over"": 1.15, ""plate_t_bot"": 0.05, ""plate_t_top"": 0.05, ""seed"": 101, ""tilt_deg"": 6.0, ""tilt_jitter"": 0.0, ""topology"": ""shingle""}"
BL_FLAT_t050_p0750_a06_grid_s101,flat,0.05,7.5,6.0,grid,101,d00,40.0,0.00041429209522902966,0.04999997094273567,"{""azimuth_jitter"": 180.0, ""azimuth_mode"": ""grid"", ""backing"": 2.0, ""depth"": 50.0, ""face_h"": 60.0, ""face_w"": 60.0, ""jitter"": 0.3, ""margin_depths"": 2.0, ""pitch"": 7.5, ""plate_over"": 1.15, ""plate_t_bot"": 0.05, ""plate_t_top"": 0.05, ""seed"": 101, ""tilt_deg"": 6.0, ""tilt_jitter"": 0.0, ""topology"": ""shingle""}"
BL_FLAT_t050_p0750_a06_grid_s101,flat,0.05,7.5,6.0,grid,101,d76,0.0,0.0008925292640924454,0.04999997094273567,"{""azimuth_jitter"": 180.0, ""azimuth_mode"": ""grid"", ""backing"": 2.0, ""depth"": 50.0, ""face_h"": 60.0, ""face_w"": 60.0, ""jitter"": 0.3, ""margin_depths"": 2.0, ""pitch"": 7.5, ""plate_over"": 1.15, ""plate_t_bot"": 0.05, ""plate_t_top"": 0.05, ""seed"": 101, ""tilt_deg"": 6.0, ""tilt_jitter"": 0.0, ""topology"": ""shingle""}"
BL_FLAT_t050_p0750_a06_grid_s101,flat,0.05,7.5,6.0,grid,101,d76,-20.0,0.0007361196912825108,0.04999997094273567,"{""azimuth_jitter"": 180.0, ""azimuth_mode"": ""grid"", ""backing"": 2.0, ""depth"": 50.0, ""face_h"": 60.0, ""face_w"": 60.0, ""jitter"": 0.3, ""margin_depths"": 2.0, ""pitch"": 7.5, ""plate_over"": 1.15, ""plate_t_bot"": 0.05, ""plate_t_top"": 0.05, ""seed"": 101, ""tilt_deg"": 6.0, ""tilt_jitter"": 0.0, ""topology"": ""shingle""}"
BL_FLAT_t050_p0750_a06_grid_s101,flat,0.05,7.5,6.0,grid,101,d76,-40.0,0.0011539338156580925,0.04999997094273567,"{""azimuth_jitter"": 180.0, ""azimuth_mode"": ""grid"", ""backing"": 2.0, ""depth"": 50.0, ""face_h"": 60.0, ""face_w"": 60.0, ""jitter"": 0.3, ""margin_depths"": 2.0, ""pitch"": 7.5, ""plate_over"": 1.15, ""plate_t_bot"": 0.05, ""plate_t_top"": 0.05, ""seed"": 101, ""tilt_deg"": 6.0, ""tilt_jitter"": 0.0, ""topology"": ""shingle""}"
BL_FLAT_t050_p0750_a06_grid_s101,flat,0.05,7.5,6.0,grid,101,d76,20.0,0.001059060450643301,0.04999997094273567,"{""azimuth_jitter"": 180.0, ""azimuth_mode"": ""grid"", ""backing"": 2.0, ""depth"": 50.0, ""face_h"": 60.0, ""face_w"": 60.0, ""jitter"": 0.3, ""margin_depths"": 2.0, ""pitch"": 7.5, ""plate_over"": 1.15, ""plate_t_bot"": 0.05, ""plate_t_top"": 0.05, ""seed"": 101, ""tilt_deg"": 6.0, ""tilt_jitter"": 0.0, ""topology"": ""shingle""}"
BL_FLAT_t050_p0750_a06_grid_s101,flat,0.05,7.5,6.0,grid,101,d76,40.0,0.001602119766175747,0.04999997094273567,"{""azimuth_jitter"": 180.0, ""azimuth_mode"": ""grid"", ""backing"": 2.0, ""depth"": 50.0, ""face_h"": 60.0, ""face_w"": 60.0, ""jitter"": 0.3, ""margin_depths"": 2.0, ""pitch"": 7.5, ""plate_over"": 1.15, ""plate_t_bot"": 0.05, ""plate_t_top"": 0.05, ""seed"": 101, ""tilt_deg"": 6.0, ""tilt_jitter"": 0.0, ""topology"": ""shingle""}"
BL_FLAT_t050_p0750_a06_grid_s101,flat,0.05,7.5,6.0,grid,101,d100,0.0,0.0006901921587996185,0.04999997094273567,"{""azimuth_jitter"": 180.0, ""azimuth_mode"": ""grid"", ""backing"": 2.0, ""depth"": 50.0, ""face_h"": 60.0, ""face_w"": 60.0, ""jitter"": 0.3, ""margin_depths"": 2.0, ""pitch"": 7.5, ""plate_over"": 1.15, ""plate_t_bot"": 0.05, ""plate_t_top"": 0.05, ""seed"": 101, ""tilt_deg"": 6.0, ""tilt_jitter"": 0.0, ""topology"": ""shingle""}"
BL_FLAT_t050_p0750_a06_grid_s101,flat,0.05,7.5,6.0,grid,101,d100,-20.0,0.0008231204119510949,0.04999997094273567,"{""azimuth_jitter"": 180.0, ""azimuth_mode"": ""grid"", ""backing"": 2.0, ""depth"": 50.0, ""face_h"": 60.0, ""face_w"": 60.0, ""jitter"": 0.3, ""margin_depths"": 2.0, ""pitch"": 7.5, ""plate_over"": 1.15, ""plate_t_bot"": 0.05, ""plate_t_top"": 0.05, ""seed"": 101, ""tilt_deg"": 6.0, ""tilt_jitter"": 0.0, ""topology"": ""shingle""}"
BL_FLAT_t050_p0750_a06_grid_s101,flat,0.05,7.5,6.0,grid,101,d100,-40.0,0.0014055375941097736,0.04999997094273567,"{""azimuth_jitter"": 180.0, ""azimuth_mode"": ""grid"", ""backing"": 2.0, ""depth"": 50.0, ""face_h"": 60.0, ""face_w"": 60.0, ""jitter"": 0.3, ""margin_depths"": 2.0, ""pitch"": 7.5, ""plate_over"": 1.15, ""plate_t_bot"": 0.05, ""plate_t_top"": 0.05, ""seed"": 101, ""tilt_deg"": 6.0, ""tilt_jitter"": 0.0, ""topology"": ""shingle""}"
BL_FLAT_t050_p0750_a06_grid_s101,flat,0.05,7.5,6.0,grid,101,d100,20.0,0.0012821273412555456,0.04999997094273567,"{""azimuth_jitter"": 180.0, ""azimuth_mode"": ""grid"", ""backing"": 2.0, ""depth"": 50.0, ""face_h"": 60.0, ""face_w"": 60.0, ""jitter"": 0.3, ""margin_depths"": 2.0, ""pitch"": 7.5, ""plate_over"": 1.15, ""plate_t_bot"": 0.05, ""plate_t_top"": 0.05, ""seed"": 101, ""tilt_deg"": 6.0, ""tilt_jitter"": 0.0, ""topology"": ""shingle""}"
BL_FLAT_t050_p0750_a06_grid_s101,flat,0.05,7.5,6.0,grid,101,d100,40.0,0.001992922741919756,0.04999997094273567,"{""azimuth_jitter"": 180.0, ""azimuth_mode"": ""grid"", ""backing"": 2.0, ""depth"": 50.0, ""face_h"": 60.0, ""face_w"": 60.0, ""jitter"": 0.3, ""margin_depths"": 2.0, ""pitch"": 7.5, ""plate_over"": 1.15, ""plate_t_bot"": 0.05, ""plate_t_top"": 0.05, ""seed"": 101, ""tilt_deg"": 6.0, ""tilt_jitter"": 0.0, ""topology"": ""shingle""}"
BL_FLAT_t100_p0550_a02_rand_s101,flat,0.1,5.5,2.0,random,101,d00,0.0,0.0021739064250141382,0.04999997094273567,"{""azimuth_jitter"": 180.0, ""azimuth_mode"": ""random"", ""backing"": 2.0, ""depth"": 50.0, ""face_h"": 60.0, ""face_w"": 60.0, ""jitter"": 0.3, ""margin_depths"": 2.0, ""pitch"": 5.5, ""plate_over"": 1.15, ""plate_t_bot"": 0.1, ""plate_t_top"": 0.1, ""seed"": 101, ""tilt_deg"": 2.0, ""tilt_jitter"": 0.0, ""topology"": ""shingle""}"
BL_FLAT_t100_p0550_a02_rand_s101,flat,0.1,5.5,2.0,random,101,d00,-20.0,0.0004884707741439342,0.04999997094273567,"{""azimuth_jitter"": 180.0, ""azimuth_mode"": ""random"", ""backing"": 2.0, ""depth"": 50.0, ""face_h"": 60.0, ""face_w"": 60.0, ""jitter"": 0.3, ""margin_depths"": 2.0, ""pitch"": 5.5, ""plate_over"": 1.15, ""plate_t_bot"": 0.1, ""plate_t_top"": 0.1, ""seed"": 101, ""tilt_deg"": 2.0, ""tilt_jitter"": 0.0, ""topology"": ""shingle""}"
BL_FLAT_t100_p0550_a02_rand_s101,flat,0.1,5.5,2.0,random,101,d00,-40.0,0.00043583003571256995,0.04999997094273567,"{""azimuth_jitter"": 180.0, ""azimuth_mode"": ""random"", ""backing"": 2.0, ""depth"": 50.0, ""face_h"": 60.0, ""face_w"": 60.0, ""jitter"": 0.3, ""margin_depths"": 2.0, ""pitch"": 5.5, ""plate_over"": 1.15, ""plate_t_bot"": 0.1, ""plate_t_top"": 0.1, ""seed"": 101, ""tilt_deg"": 2.0, ""tilt_jitter"": 0.0, ""topology"": ""shingle""}"
BL_FLAT_t100_p0550_a02_rand_s101,flat,0.1,5.5,2.0,random,101,d00,20.0,0.0005194730474613607,0.04999997094273567,"{""azimuth_jitter"": 180.0, ""azimuth_mode"": ""random"", ""backing"": 2.0, ""depth"": 50.0, ""face_h"": 60.0, ""face_w"": 60.0, ""jitter"": 0.3, ""margin_depths"": 2.0, ""pitch"": 5.5, ""plate_over"": 1.15, ""plate_t_bot"": 0.1, ""plate_t_top"": 0.1, ""seed"": 101, ""tilt_deg"": 2.0, ""tilt_jitter"": 0.0, ""topology"": ""shingle""}"
BL_FLAT_t100_p0550_a02_rand_s101,flat,0.1,5.5,2.0,random,101,d00,40.0,0.00046430970542132854,0.04999997094273567,"{""azimuth_jitter"": 180.0, ""azimuth_mode"": ""random"", ""backing"": 2.0, ""depth"": 50.0, ""face_h"": 60.0, ""face_w"": 60.0, ""jitter"": 0.3, ""margin_depths"": 2.0, ""pitch"": 5.5, ""plate_over"": 1.15, ""plate_t_bot"": 0.1, ""plate_t_top"": 0.1, ""seed"": 101, ""tilt_deg"": 2.0, ""tilt_jitter"": 0.0, ""topology"": ""shingle""}"
BL_FLAT_t100_p0550_a02_rand_s101,flat,0.1,5.5,2.0,random,101,d76,0.0,0.0008735879091545939,0.04999997094273567,"{""azimuth_jitter"": 180.0, ""azimuth_mode"": ""random"", ""backing"": 2.0, ""depth"": 50.0, ""face_h"": 60.0, ""face_w"": 60.0, ""jitter"": 0.3, ""margin_depths"": 2.0, ""pitch"": 5.5, ""plate_over"": 1.15, ""plate_t_bot"": 0.1, ""plate_t_top"": 0.1, ""seed"": 101, ""tilt_deg"": 2.0, ""tilt_jitter"": 0.0, ""topology"": ""shingle""}"
BL_FLAT_t100_p0550_a02_rand_s101,flat,0.1,5.5,2.0,random,101,d76,-20.0,0.0009887964697554708,0.04999997094273567,"{""azimuth_jitter"": 180.0, ""azimuth_mode"": ""random"", ""backing"": 2.0, ""depth"": 50.0, ""face_h"": 60.0, ""face_w"": 60.0, ""jitter"": 0.3, ""margin_depths"": 2.0, ""pitch"": 5.5, ""plate_over"": 1.15, ""plate_t_bot"": 0.1, ""plate_t_top"": 0.1, ""seed"": 101, ""tilt_deg"": 2.0, ""tilt_jitter"": 0.0, ""topology"": ""shingle""}"
BL_FLAT_t100_p0550_a02_rand_s101,flat,0.1,5.5,2.0,random,101,d76,-40.0,0.0016419305466115475,0.04999997094273567,"{""azimuth_jitter"": 180.0, ""azimuth_mode"": ""random"", ""backing"": 2.0, ""depth"": 50.0, ""face_h"": 60.0, ""face_w"": 60.0, ""jitter"": 0.3, ""margin_depths"": 2.0, ""pitch"": 5.5, ""plate_over"": 1.15, ""plate_t_bot"": 0.1, ""plate_t_top"": 0.1, ""seed"": 101, ""tilt_deg"": 2.0, ""tilt_jitter"": 0.0, ""topology"": ""shingle""}"
BL_FLAT_t100_p0550_a02_rand_s101,flat,0.1,5.5,2.0,random,101,d76,20.0,0.0010643296409398317,0.04999997094273567,"{""azimuth_jitter"": 180.0, ""azimuth_mode"": ""random"", ""backing"": 2.0, ""depth"": 50.0, ""face_h"": 60.0, ""face_w"": 60.0, ""jitter"": 0.3, ""margin_depths"": 2.0, ""pitch"": 5.5, ""plate_over"": 1.15, ""plate_t_bot"": 0.1, ""plate_t_top"": 0.1, ""seed"": 101, ""tilt_deg"": 2.0, ""tilt_jitter"": 0.0, ""topology"": ""shingle""}"
BL_FLAT_t100_p0550_a02_rand_s101,flat,0.1,5.5,2.0,random,101,d76,40.0,0.0016819438897073269,0.04999997094273567,"{""azimuth_jitter"": 180.0, ""azimuth_mode"": ""random"", ""backing"": 2.0, ""depth"": 50.0, ""face_h"": 60.0, ""face_w"": 60.0, ""jitter"": 0.3, ""margin_depths"": 2.0, ""pitch"": 5.5, ""plate_over"": 1.15, ""plate_t_bot"": 0.1, ""plate_t_top"": 0.1, ""seed"": 101, ""tilt_deg"": 2.0, ""tilt_jitter"": 0.0, ""topology"": ""shingle""}"
BL_FLAT_t100_p0550_a02_rand_s101,flat,0.1,5.5,2.0,random,101,d100,0.0,0.0005219315644353628,0.04999997094273567,"{""azimuth_jitter"": 180.0, ""azimuth_mode"": ""random"", ""backing"": 2.0, ""depth"": 50.0, ""face_h"": 60.0, ""face_w"": 60.0, ""jitter"": 0.3, ""margin_depths"": 2.0, ""pitch"": 5.5, ""plate_over"": 1.15, ""plate_t_bot"": 0.1, ""plate_t_top"": 0.1, ""seed"": 101, ""tilt_deg"": 2.0, ""tilt_jitter"": 0.0, ""topology"": ""shingle""}"
BL_FLAT_t100_p0550_a02_rand_s101,flat,0.1,5.5,2.0,random,101,d100,-20.0,0.001170288771390915,0.04999997094273567,"{""azimuth_jitter"": 180.0, ""azimuth_mode"": ""random"", ""backing"": 2.0, ""depth"": 50.0, ""face_h"": 60.0, ""face_w"": 60.0, ""jitter"": 0.3, ""margin_depths"": 2.0, ""pitch"": 5.5, ""plate_over"": 1.15, ""plate_t_bot"": 0.1, ""plate_t_top"": 0.1, ""seed"": 101, ""tilt_deg"": 2.0, ""tilt_jitter"": 0.0, ""topology"": ""shingle""}"
BL_FLAT_t100_p0550_a02_rand_s101,flat,0.1,5.5,2.0,random,101,d100,-40.0,0.002044783439487219,0.04999997094273567,"{""azimuth_jitter"": 180.0, ""azimuth_mode"": ""random"", ""backing"": 2.0, ""depth"": 50.0, ""face_h"": 60.0, ""face_w"": 60.0, ""jitter"": 0.3, ""margin_depths"": 2.0, ""pitch"": 5.5, ""plate_over"": 1.15, ""plate_t_bot"": 0.1, ""plate_t_top"": 0.1, ""seed"": 101, ""tilt_deg"": 2.0, ""tilt_jitter"": 0.0, ""topology"": ""shingle""}"
BL_FLAT_t100_p0550_a02_rand_s101,flat,0.1,5.5,2.0,random,101,d100,20.0,0.001246263855136931,0.04999997094273567,"{""azimuth_jitter"": 180.0, ""azimuth_mode"": ""random"", ""backing"": 2.0, ""depth"": 50.0, ""face_h"": 60.0, ""face_w"": 60.0, ""jitter"": 0.3, ""margin_depths"": 2.0, ""pitch"": 5.5, ""plate_over"": 1.15, ""plate_t_bot"": 0.1, ""plate_t_top"": 0.1, ""seed"": 101, ""tilt_deg"": 2.0, ""tilt_jitter"": 0.0, ""topology"": ""shingle""}"
BL_FLAT_t100_p0550_a02_rand_s101,flat,0.1,5.5,2.0,random,101,d100,40.0,0.002069665351882577,0.04999997094273567,"{""azimuth_jitter"": 180.0, ""azimuth_mode"": ""random"", ""backing"": 2.0, ""depth"": 50.0, ""face_h"": 60.0, ""face_w"": 60.0, ""jitter"": 0.3, ""margin_depths"": 2.0, ""pitch"": 5.5, ""plate_over"": 1.15, ""plate_t_bot"": 0.1, ""plate_t_top"": 0.1, ""seed"": 101, ""tilt_deg"": 2.0, ""tilt_jitter"": 0.0, ""topology"": ""shingle""}"
BL_FLAT_t100_p0550_a02_grid_s101,flat,0.1,5.5,2.0,grid,101,d00,0.0,0.0021781541872769594,0.04999997094273567,"{""azimuth_jitter"": 180.0, ""azimuth_mode"": ""grid"", ""backing"": 2.0, ""depth"": 50.0, ""face_h"": 60.0, ""face_w"": 60.0, ""jitter"": 0.3, ""margin_depths"": 2.0, ""pitch"": 5.5, ""plate_over"": 1.15, ""plate_t_bot"": 0.1, ""plate_t_top"": 0.1, ""seed"": 101, ""tilt_deg"": 2.0, ""tilt_jitter"": 0.0, ""topology"": ""shingle""}"
BL_FLAT_t100_p0550_a02_grid_s101,flat,0.1,5.5,2.0,grid,101,d00,-20.0,0.00049953832058236,0.04999997094273567,"{""azimuth_jitter"": 180.0, ""azimuth_mode"": ""grid"", ""backing"": 2.0, ""depth"": 50.0, ""face_h"": 60.0, ""face_w"": 60.0, ""jitter"": 0.3, ""margin_depths"": 2.0, ""pitch"": 5.5, ""plate_over"": 1.15, ""plate_t_bot"": 0.1, ""plate_t_top"": 0.1, ""seed"": 101, ""tilt_deg"": 2.0, ""tilt_jitter"": 0.0, ""topology"": ""shingle""}"
BL_FLAT_t100_p0550_a02_grid_s101,flat,0.1,5.5,2.0,grid,101,d00,-40.0,0.0004574981867335737,0.04999997094273567,"{""azimuth_jitter"": 180.0, ""azimuth_mode"": ""grid"", ""backing"": 2.0, ""depth"": 50.0, ""face_h"": 60.0, ""face_w"": 60.0, ""jitter"": 0.3, ""margin_depths"": 2.0, ""pitch"": 5.5, ""plate_over"": 1.15, ""plate_t_bot"": 0.1, ""plate_t_top"": 0.1, ""seed"": 101, ""tilt_deg"": 2.0, ""tilt_jitter"": 0.0, ""topology"": ""shingle""}"
BL_FLAT_t100_p0550_a02_grid_s101,flat,0.1,5.5,2.0,grid,101,d00,20.0,0.00048269727267324924,0.04999997094273567,"{""azimuth_jitter"": 180.0, ""azimuth_mode"": ""grid"", ""backing"": 2.0, ""depth"": 50.0, ""face_h"": 60.0, ""face_w"": 60.0, ""jitter"": 0.3, ""margin_depths"": 2.0, ""pitch"": 5.5, ""plate_over"": 1.15, ""plate_t_bot"": 0.1, ""plate_t_top"": 0.1, ""seed"": 101, ""tilt_deg"": 2.0, ""tilt_jitter"": 0.0, ""topology"": ""shingle""}"
BL_FLAT_t100_p0550_a02_grid_s101,flat,0.1,5.5,2.0,grid,101,d00,40.0,0.0004586423165164888,0.04999997094273567,"{""azimuth_jitter"": 180.0, ""azimuth_mode"": ""grid"", ""backing"": 2.0, ""depth"": 50.0, ""face_h"": 60.0, ""face_w"": 60.0, ""jitter"": 0.3, ""margin_depths"": 2.0, ""pitch"": 5.5, ""plate_over"": 1.15, ""plate_t_bot"": 0.1, ""plate_t_top"": 0.1, ""seed"": 101, ""tilt_deg"": 2.0, ""tilt_jitter"": 0.0, ""topology"": ""shingle""}"
BL_FLAT_t100_p0550_a02_grid_s101,flat,0.1,5.5,2.0,grid,101,d76,0.0,0.0008681851904839277,0.04999997094273567,"{""azimuth_jitter"": 180.0, ""azimuth_mode"": ""grid"", ""backing"": 2.0, ""depth"": 50.0, ""face_h"": 60.0, ""face_w"": 60.0, ""jitter"": 0.3, ""margin_depths"": 2.0, ""pitch"": 5.5, ""plate_over"": 1.15, ""plate_t_bot"": 0.1, ""plate_t_top"": 0.1, ""seed"": 101, ""tilt_deg"": 2.0, ""tilt_jitter"": 0.0, ""topology"": ""shingle""}"
BL_FLAT_t100_p0550_a02_grid_s101,flat,0.1,5.5,2.0,grid,101,d76,-20.0,0.0008874906343407929,0.04999997094273567,"{""azimuth_jitter"": 180.0, ""azimuth_mode"": ""grid"", ""backing"": 2.0, ""depth"": 50.0, ""face_h"": 60.0, ""face_w"": 60.0, ""jitter"": 0.3, ""margin_depths"": 2.0, ""pitch"": 5.5, ""plate_over"": 1.15, ""plate_t_bot"": 0.1, ""plate_t_top"": 0.1, ""seed"": 101, ""tilt_deg"": 2.0, ""tilt_jitter"": 0.0, ""topology"": ""shingle""}"
BL_FLAT_t100_p0550_a02_grid_s101,flat,0.1,5.5,2.0,grid,101,d76,-40.0,0.001500650541856885,0.04999997094273567,"{""azimuth_jitter"": 180.0, ""azimuth_mode"": ""grid"", ""backing"": 2.0, ""depth"": 50.0, ""face_h"": 60.0, ""face_w"": 60.0, ""jitter"": 0.3, ""margin_depths"": 2.0, ""pitch"": 5.5, ""plate_over"": 1.15, ""plate_t_bot"": 0.1, ""plate_t_top"": 0.1, ""seed"": 101, ""tilt_deg"": 2.0, ""tilt_jitter"": 0.0, ""topology"": ""shingle""}"
BL_FLAT_t100_p0550_a02_grid_s101,flat,0.1,5.5,2.0,grid,101,d76,20.0,0.0011424170807003975,0.04999997094273567,"{""azimuth_jitter"": 180.0, ""azimuth_mode"": ""grid"", ""backing"": 2.0, ""depth"": 50.0, ""face_h"": 60.0, ""face_w"": 60.0, ""jitter"": 0.3, ""margin_depths"": 2.0, ""pitch"": 5.5, ""plate_over"": 1.15, ""plate_t_bot"": 0.1, ""plate_t_top"": 0.1, ""seed"": 101, ""tilt_deg"": 2.0, ""tilt_jitter"": 0.0, ""topology"": ""shingle""}"
BL_FLAT_t100_p0550_a02_grid_s101,flat,0.1,5.5,2.0,grid,101,d76,40.0,0.0017905288841575384,0.04999997094273567,"{""azimuth_jitter"": 180.0, ""azimuth_mode"": ""grid"", ""backing"": 2.0, ""depth"": 50.0, ""face_h"": 60.0, ""face_w"": 60.0, ""jitter"": 0.3, ""margin_depths"": 2.0, ""pitch"": 5.5, ""plate_over"": 1.15, ""plate_t_bot"": 0.1, ""plate_t_top"": 0.1, ""seed"": 101, ""tilt_deg"": 2.0, ""tilt_jitter"": 0.0, ""topology"": ""shingle""}"
BL_FLAT_t100_p0550_a02_grid_s101,flat,0.1,5.5,2.0,grid,101,d100,0.0,0.0005034042405895889,0.04999997094273567,"{""azimuth_jitter"": 180.0, ""azimuth_mode"": ""grid"", ""backing"": 2.0, ""depth"": 50.0, ""face_h"": 60.0, ""face_w"": 60.0, ""jitter"": 0.3, ""margin_depths"": 2.0, ""pitch"": 5.5, ""plate_over"": 1.15, ""plate_t_bot"": 0.1, ""plate_t_top"": 0.1, ""seed"": 101, ""tilt_deg"": 2.0, ""tilt_jitter"": 0.0, ""topology"": ""shingle""}"
BL_FLAT_t100_p0550_a02_grid_s101,flat,0.1,5.5,2.0,grid,101,d100,-20.0,0.0010299033019691706,0.04999997094273567,"{""azimuth_jitter"": 180.0, ""azimuth_mode"": ""grid"", ""backing"": 2.0, ""depth"": 50.0, ""face_h"": 60.0, ""face_w"": 60.0, ""jitter"": 0.3, ""margin_depths"": 2.0, ""pitch"": 5.5, ""plate_over"": 1.15, ""plate_t_bot"": 0.1, ""plate_t_top"": 0.1, ""seed"": 101, ""tilt_deg"": 2.0, ""tilt_jitter"": 0.0, ""topology"": ""shingle""}"
BL_FLAT_t100_p0550_a02_grid_s101,flat,0.1,5.5,2.0,grid,101,d100,-40.0,0.001829492743127048,0.04999997094273567,"{""azimuth_jitter"": 180.0, ""azimuth_mode"": ""grid"", ""backing"": 2.0, ""depth"": 50.0, ""face_h"": 60.0, ""face_w"": 60.0, ""jitter"": 0.3, ""margin_depths"": 2.0, ""pitch"": 5.5, ""plate_over"": 1.15, ""plate_t_bot"": 0.1, ""plate_t_top"": 0.1, ""seed"": 101, ""tilt_deg"": 2.0, ""tilt_jitter"": 0.0, ""topology"": ""shingle""}"
BL_FLAT_t100_p0550_a02_grid_s101,flat,0.1,5.5,2.0,grid,101,d100,20.0,0.0013693617656826973,0.04999997094273567,"{""azimuth_jitter"": 180.0, ""azimuth_mode"": ""grid"", ""backing"": 2.0, ""depth"": 50.0, ""face_h"": 60.0, ""face_w"": 60.0, ""jitter"": 0.3, ""margin_depths"": 2.0, ""pitch"": 5.5, ""plate_over"": 1.15, ""plate_t_bot"": 0.1, ""plate_t_top"": 0.1, ""seed"": 101, ""tilt_deg"": 2.0, ""tilt_jitter"": 0.0, ""topology"": ""shingle""}"
BL_FLAT_t100_p0550_a02_grid_s101,flat,0.1,5.5,2.0,grid,101,d100,40.0,0.0022211845498532057,0.04999997094273567,"{""azimuth_jitter"": 180.0, ""azimuth_mode"": ""grid"", ""backing"": 2.0, ""depth"": 50.0, ""face_h"": 60.0, ""face_w"": 60.0, ""jitter"": 0.3, ""margin_depths"": 2.0, ""pitch"": 5.5, ""plate_over"": 1.15, ""plate_t_bot"": 0.1, ""plate_t_top"": 0.1, ""seed"": 101, ""tilt_deg"": 2.0, ""tilt_jitter"": 0.0, ""topology"": ""shingle""}"
BL_FLAT_t100_p0550_a06_rand_s101,flat,0.1,5.5,6.0,random,101,d00,0.0,0.001347941579297185,0.04999997094273567,"{""azimuth_jitter"": 180.0, ""azimuth_mode"": ""random"", ""backing"": 2.0, ""depth"": 50.0, ""face_h"": 60.0, ""face_w"": 60.0, ""jitter"": 0.3, ""margin_depths"": 2.0, ""pitch"": 5.5, ""plate_over"": 1.15, ""plate_t_bot"": 0.1, ""plate_t_top"": 0.1, ""seed"": 101, ""tilt_deg"": 6.0, ""tilt_jitter"": 0.0, ""topology"": ""shingle""}"
BL_FLAT_t100_p0550_a06_rand_s101,flat,0.1,5.5,6.0,random,101,d00,-20.0,0.0005502112326212227,0.04999997094273567,"{""azimuth_jitter"": 180.0, ""azimuth_mode"": ""random"", ""backing"": 2.0, ""depth"": 50.0, ""face_h"": 60.0, ""face_w"": 60.0, ""jitter"": 0.3, ""margin_depths"": 2.0, ""pitch"": 5.5, ""plate_over"": 1.15, ""plate_t_bot"": 0.1, ""plate_t_top"": 0.1, ""seed"": 101, ""tilt_deg"": 6.0, ""tilt_jitter"": 0.0, ""topology"": ""shingle""}"
BL_FLAT_t100_p0550_a06_rand_s101,flat,0.1,5.5,6.0,random,101,d00,-40.0,0.0004399907193146646,0.04999997094273567,"{""azimuth_jitter"": 180.0, ""azimuth_mode"": ""random"", ""backing"": 2.0, ""depth"": 50.0, ""face_h"": 60.0, ""face_w"": 60.0, ""jitter"": 0.3, ""margin_depths"": 2.0, ""pitch"": 5.5, ""plate_over"": 1.15, ""plate_t_bot"": 0.1, ""plate_t_top"": 0.1, ""seed"": 101, ""tilt_deg"": 6.0, ""tilt_jitter"": 0.0, ""topology"": ""shingle""}"
BL_FLAT_t100_p0550_a06_rand_s101,flat,0.1,5.5,6.0,random,101,d00,20.0,0.0005071391351521015,0.04999997094273567,"{""azimuth_jitter"": 180.0, ""azimuth_mode"": ""random"", ""backing"": 2.0, ""depth"": 50.0, ""face_h"": 60.0, ""face_w"": 60.0, ""jitter"": 0.3, ""margin_depths"": 2.0, ""pitch"": 5.5, ""plate_over"": 1.15, ""plate_t_bot"": 0.1, ""plate_t_top"": 0.1, ""seed"": 101, ""tilt_deg"": 6.0, ""tilt_jitter"": 0.0, ""topology"": ""shingle""}"
BL_FLAT_t100_p0550_a06_rand_s101,flat,0.1,5.5,6.0,random,101,d00,40.0,0.00047198630636557937,0.04999997094273567,"{""azimuth_jitter"": 180.0, ""azimuth_mode"": ""random"", ""backing"": 2.0, ""depth"": 50.0, ""face_h"": 60.0, ""face_w"": 60.0, ""jitter"": 0.3, ""margin_depths"": 2.0, ""pitch"": 5.5, ""plate_over"": 1.15, ""plate_t_bot"": 0.1, ""plate_t_top"": 0.1, ""seed"": 101, ""tilt_deg"": 6.0, ""tilt_jitter"": 0.0, ""topology"": ""shingle""}"
BL_FLAT_t100_p0550_a06_rand_s101,flat,0.1,5.5,6.0,random,101,d76,0.0,0.0009320153039880097,0.04999997094273567,"{""azimuth_jitter"": 180.0, ""azimuth_mode"": ""random"", ""backing"": 2.0, ""depth"": 50.0, ""face_h"": 60.0, ""face_w"": 60.0, ""jitter"": 0.3, ""margin_depths"": 2.0, ""pitch"": 5.5, ""plate_over"": 1.15, ""plate_t_bot"": 0.1, ""plate_t_top"": 0.1, ""seed"": 101, ""tilt_deg"": 6.0, ""tilt_jitter"": 0.0, ""topology"": ""shingle""}"
BL_FLAT_t100_p0550_a06_rand_s101,flat,0.1,5.5,6.0,random,101,d76,-20.0,0.0010507948463782668,0.04999997094273567,"{""azimuth_jitter"": 180.0, ""azimuth_mode"": ""random"", ""backing"": 2.0, ""depth"": 50.0, ""face_h"": 60.0, ""face_w"": 60.0, ""jitter"": 0.3, ""margin_depths"": 2.0, ""pitch"": 5.5, ""plate_over"": 1.15, ""plate_t_bot"": 0.1, ""plate_t_top"": 0.1, ""seed"": 101, ""tilt_deg"": 6.0, ""tilt_jitter"": 0.0, ""topology"": ""shingle""}"
BL_FLAT_t100_p0550_a06_rand_s101,flat,0.1,5.5,6.0,random,101,d76,-40.0,0.0016595147317275405,0.04999997094273567,"{""azimuth_jitter"": 180.0, ""azimuth_mode"": ""random"", ""backing"": 2.0, ""depth"": 50.0, ""face_h"": 60.0, ""face_w"": 60.0, ""jitter"": 0.3, ""margin_depths"": 2.0, ""pitch"": 5.5, ""plate_over"": 1.15, ""plate_t_bot"": 0.1, ""plate_t_top"": 0.1, ""seed"": 101, ""tilt_deg"": 6.0, ""tilt_jitter"": 0.0, ""topology"": ""shingle""}"
BL_FLAT_t100_p0550_a06_rand_s101,flat,0.1,5.5,6.0,random,101,d76,20.0,0.001152419368736446,0.04999997094273567,"{""azimuth_jitter"": 180.0, ""azimuth_mode"": ""random"", ""backing"": 2.0, ""depth"": 50.0, ""face_h"": 60.0, ""face_w"": 60.0, ""jitter"": 0.3, ""margin_depths"": 2.0, ""pitch"": 5.5, ""plate_over"": 1.15, ""plate_t_bot"": 0.1, ""plate_t_top"": 0.1, ""seed"": 101, ""tilt_deg"": 6.0, ""tilt_jitter"": 0.0, ""topology"": ""shingle""}"
BL_FLAT_t100_p0550_a06_rand_s101,flat,0.1,5.5,6.0,random,101,d76,40.0,0.001748470589518547,0.04999997094273567,"{""azimuth_jitter"": 180.0, ""azimuth_mode"": ""random"", ""backing"": 2.0, ""depth"": 50.0, ""face_h"": 60.0, ""face_w"": 60.0, ""jitter"": 0.3, ""margin_depths"": 2.0, ""pitch"": 5.5, ""plate_over"": 1.15, ""plate_t_bot"": 0.1, ""plate_t_top"": 0.1, ""seed"": 101, ""tilt_deg"": 6.0, ""tilt_jitter"": 0.0, ""topology"": ""shingle""}"
BL_FLAT_t100_p0550_a06_rand_s101,flat,0.1,5.5,6.0,random,101,d100,0.0,0.000847717747092247,0.04999997094273567,"{""azimuth_jitter"": 180.0, ""azimuth_mode"": ""random"", ""backing"": 2.0, ""depth"": 50.0, ""face_h"": 60.0, ""face_w"": 60.0, ""jitter"": 0.3, ""margin_depths"": 2.0, ""pitch"": 5.5, ""plate_over"": 1.15, ""plate_t_bot"": 0.1, ""plate_t_top"": 0.1, ""seed"": 101, ""tilt_deg"": 6.0, ""tilt_jitter"": 0.0, ""topology"": ""shingle""}"
BL_FLAT_t100_p0550_a06_rand_s101,flat,0.1,5.5,6.0,random,101,d100,-20.0,0.0012349903117865324,0.04999997094273567,"{""azimuth_jitter"": 180.0, ""azimuth_mode"": ""random"", ""backing"": 2.0, ""depth"": 50.0, ""face_h"": 60.0, ""face_w"": 60.0, ""jitter"": 0.3, ""margin_depths"": 2.0, ""pitch"": 5.5, ""plate_over"": 1.15, ""plate_t_bot"": 0.1, ""plate_t_top"": 0.1, ""seed"": 101, ""tilt_deg"": 6.0, ""tilt_jitter"": 0.0, ""topology"": ""shingle""}"
BL_FLAT_t100_p0550_a06_rand_s101,flat,0.1,5.5,6.0,random,101,d100,-40.0,0.002062725368887186,0.04999997094273567,"{""azimuth_jitter"": 180.0, ""azimuth_mode"": ""random"", ""backing"": 2.0, ""depth"": 50.0, ""face_h"": 60.0, ""face_w"": 60.0, ""jitter"": 0.3, ""margin_depths"": 2.0, ""pitch"": 5.5, ""plate_over"": 1.15, ""plate_t_bot"": 0.1, ""plate_t_top"": 0.1, ""seed"": 101, ""tilt_deg"": 6.0, ""tilt_jitter"": 0.0, ""topology"": ""shingle""}"
BL_FLAT_t100_p0550_a06_rand_s101,flat,0.1,5.5,6.0,random,101,d100,20.0,0.0013676162343472242,0.04999997094273567,"{""azimuth_jitter"": 180.0, ""azimuth_mode"": ""random"", ""backing"": 2.0, ""depth"": 50.0, ""face_h"": 60.0, ""face_w"": 60.0, ""jitter"": 0.3, ""margin_depths"": 2.0, ""pitch"": 5.5, ""plate_over"": 1.15, ""plate_t_bot"": 0.1, ""plate_t_top"": 0.1, ""seed"": 101, ""tilt_deg"": 6.0, ""tilt_jitter"": 0.0, ""topology"": ""shingle""}"
BL_FLAT_t100_p0550_a06_rand_s101,flat,0.1,5.5,6.0,random,101,d100,40.0,0.002152864122763276,0.04999997094273567,"{""azimuth_jitter"": 180.0, ""azimuth_mode"": ""random"", ""backing"": 2.0, ""depth"": 50.0, ""face_h"": 60.0, ""face_w"": 60.0, ""jitter"": 0.3, ""margin_depths"": 2.0, ""pitch"": 5.5, ""plate_over"": 1.15, ""plate_t_bot"": 0.1, ""plate_t_top"": 0.1, ""seed"": 101, ""tilt_deg"": 6.0, ""tilt_jitter"": 0.0, ""topology"": ""shingle""}"
BL_FLAT_t100_p0550_a06_grid_s101,flat,0.1,5.5,6.0,grid,101,d00,0.0,0.0010924055241048336,0.04999997094273567,"{""azimuth_jitter"": 180.0, ""azimuth_mode"": ""grid"", ""backing"": 2.0, ""depth"": 50.0, ""face_h"": 60.0, ""face_w"": 60.0, ""jitter"": 0.3, ""margin_depths"": 2.0, ""pitch"": 5.5, ""plate_over"": 1.15, ""plate_t_bot"": 0.1, ""plate_t_top"": 0.1, ""seed"": 101, ""tilt_deg"": 6.0, ""tilt_jitter"": 0.0, ""topology"": ""shingle""}"
BL_FLAT_t100_p0550_a06_grid_s101,flat,0.1,5.5,6.0,grid,101,d00,-20.0,0.0005922246491536498,0.04999997094273567,"{""azimuth_jitter"": 180.0, ""azimuth_mode"": ""grid"", ""backing"": 2.0, ""depth"": 50.0, ""face_h"": 60.0, ""face_w"": 60.0, ""jitter"": 0.3, ""margin_depths"": 2.0, ""pitch"": 5.5, ""plate_over"": 1.15, ""plate_t_bot"": 0.1, ""plate_t_top"": 0.1, ""seed"": 101, ""tilt_deg"": 6.0, ""tilt_jitter"": 0.0, ""topology"": ""shingle""}"
BL_FLAT_t100_p0550_a06_grid_s101,flat,0.1,5.5,6.0,grid,101,d00,-40.0,0.000514943094458431,0.04999997094273567,"{""azimuth_jitter"": 180.0, ""azimuth_mode"": ""grid"", ""backing"": 2.0, ""depth"": 50.0, ""face_h"": 60.0, ""face_w"": 60.0, ""jitter"": 0.3, ""margin_depths"": 2.0, ""pitch"": 5.5, ""plate_over"": 1.15, ""plate_t_bot"": 0.1, ""plate_t_top"": 0.1, ""seed"": 101, ""tilt_deg"": 6.0, ""tilt_jitter"": 0.0, ""topology"": ""shingle""}"
BL_FLAT_t100_p0550_a06_grid_s101,flat,0.1,5.5,6.0,grid,101,d00,20.0,0.0004860420594923198,0.04999997094273567,"{""azimuth_jitter"": 180.0, ""azimuth_mode"": ""grid"", ""backing"": 2.0, ""depth"": 50.0, ""face_h"": 60.0, ""face_w"": 60.0, ""jitter"": 0.3, ""margin_depths"": 2.0, ""pitch"": 5.5, ""plate_over"": 1.15, ""plate_t_bot"": 0.1, ""plate_t_top"": 0.1, ""seed"": 101, ""tilt_deg"": 6.0, ""tilt_jitter"": 0.0, ""topology"": ""shingle""}"
BL_FLAT_t100_p0550_a06_grid_s101,flat,0.1,5.5,6.0,grid,101,d00,40.0,0.0005339570925571024,0.04999997094273567,"{""azimuth_jitter"": 180.0, ""azimuth_mode"": ""grid"", ""backing"": 2.0, ""depth"": 50.0, ""face_h"": 60.0, ""face_w"": 60.0, ""jitter"": 0.3, ""margin_depths"": 2.0, ""pitch"": 5.5, ""plate_over"": 1.15, ""plate_t_bot"": 0.1, ""plate_t_top"": 0.1, ""seed"": 101, ""tilt_deg"": 6.0, ""tilt_jitter"": 0.0, ""topology"": ""shingle""}"
BL_FLAT_t100_p0550_a06_grid_s101,flat,0.1,5.5,6.0,grid,101,d76,0.0,0.000854215060826391,0.04999997094273567,"{""azimuth_jitter"": 180.0, ""azimuth_mode"": ""grid"", ""backing"": 2.0, ""depth"": 50.0, ""face_h"": 60.0, ""face_w"": 60.0, ""jitter"": 0.3, ""margin_depths"": 2.0, ""pitch"": 5.5, ""plate_over"": 1.15, ""plate_t_bot"": 0.1, ""plate_t_top"": 0.1, ""seed"": 101, ""tilt_deg"": 6.0, ""tilt_jitter"": 0.0, ""topology"": ""shingle""}"
BL_FLAT_t100_p0550_a06_grid_s101,flat,0.1,5.5,6.0,grid,101,d76,-20.0,0.0008616582490503788,0.04999997094273567,"{""azimuth_jitter"": 180.0, ""azimuth_mode"": ""grid"", ""backing"": 2.0, ""depth"": 50.0, ""face_h"": 60.0, ""face_w"": 60.0, ""jitter"": 0.3, ""margin_depths"": 2.0, ""pitch"": 5.5, ""plate_over"": 1.15, ""plate_t_bot"": 0.1, ""plate_t_top"": 0.1, ""seed"": 101, ""tilt_deg"": 6.0, ""tilt_jitter"": 0.0, ""topology"": ""shingle""}"
BL_FLAT_t100_p0550_a06_grid_s101,flat,0.1,5.5,6.0,grid,101,d76,-40.0,0.0014080590335652232,0.04999997094273567,"{""azimuth_jitter"": 180.0, ""azimuth_mode"": ""grid"", ""backing"": 2.0, ""depth"": 50.0, ""face_h"": 60.0, ""face_w"": 60.0, ""jitter"": 0.3, ""margin_depths"": 2.0, ""pitch"": 5.5, ""plate_over"": 1.15, ""plate_t_bot"": 0.1, ""plate_t_top"": 0.1, ""seed"": 101, ""tilt_deg"": 6.0, ""tilt_jitter"": 0.0, ""topology"": ""shingle""}"
BL_FLAT_t100_p0550_a06_grid_s101,flat,0.1,5.5,6.0,grid,101,d76,20.0,0.0014089683536440134,0.04999997094273567,"{""azimuth_jitter"": 180.0, ""azimuth_mode"": ""grid"", ""backing"": 2.0, ""depth"": 50.0, ""face_h"": 60.0, ""face_w"": 60.0, ""jitter"": 0.3, ""margin_depths"": 2.0, ""pitch"": 5.5, ""plate_over"": 1.15, ""plate_t_bot"": 0.1, ""plate_t_top"": 0.1, ""seed"": 101, ""tilt_deg"": 6.0, ""tilt_jitter"": 0.0, ""topology"": ""shingle""}"
BL_FLAT_t100_p0550_a06_grid_s101,flat,0.1,5.5,6.0,grid,101,d76,40.0,0.0020519387908279896,0.04999997094273567,"{""azimuth_jitter"": 180.0, ""azimuth_mode"": ""grid"", ""backing"": 2.0, ""depth"": 50.0, ""face_h"": 60.0, ""face_w"": 60.0, ""jitter"": 0.3, ""margin_depths"": 2.0, ""pitch"": 5.5, ""plate_over"": 1.15, ""plate_t_bot"": 0.1, ""plate_t_top"": 0.1, ""seed"": 101, ""tilt_deg"": 6.0, ""tilt_jitter"": 0.0, ""topology"": ""shingle""}"
BL_FLAT_t100_p0550_a06_grid_s101,flat,0.1,5.5,6.0,grid,101,d100,0.0,0.0008095119264908135,0.04999997094273567,"{""azimuth_jitter"": 180.0, ""azimuth_mode"": ""grid"", ""backing"": 2.0, ""depth"": 50.0, ""face_h"": 60.0, ""face_w"": 60.0, ""jitter"": 0.3, ""margin_depths"": 2.0, ""pitch"": 5.5, ""plate_over"": 1.15, ""plate_t_bot"": 0.1, ""plate_t_top"": 0.1, ""seed"": 101, ""tilt_deg"": 6.0, ""tilt_jitter"": 0.0, ""topology"": ""shingle""}"
BL_FLAT_t100_p0550_a06_grid_s101,flat,0.1,5.5,6.0,grid,101,d100,-20.0,0.0009725808631628752,0.04999997094273567,"{""azimuth_jitter"": 180.0, ""azimuth_mode"": ""grid"", ""backing"": 2.0, ""depth"": 50.0, ""face_h"": 60.0, ""face_w"": 60.0, ""jitter"": 0.3, ""margin_depths"": 2.0, ""pitch"": 5.5, ""plate_over"": 1.15, ""plate_t_bot"": 0.1, ""plate_t_top"": 0.1, ""seed"": 101, ""tilt_deg"": 6.0, ""tilt_jitter"": 0.0, ""topology"": ""shingle""}"
BL_FLAT_t100_p0550_a06_grid_s101,flat,0.1,5.5,6.0,grid,101,d100,-40.0,0.0016993769677355886,0.04999997094273567,"{""azimuth_jitter"": 180.0, ""azimuth_mode"": ""grid"", ""backing"": 2.0, ""depth"": 50.0, ""face_h"": 60.0, ""face_w"": 60.0, ""jitter"": 0.3, ""margin_depths"": 2.0, ""pitch"": 5.5, ""plate_over"": 1.15, ""plate_t_bot"": 0.1, ""plate_t_top"": 0.1, ""seed"": 101, ""tilt_deg"": 6.0, ""tilt_jitter"": 0.0, ""topology"": ""shingle""}"
BL_FLAT_t100_p0550_a06_grid_s101,flat,0.1,5.5,6.0,grid,101,d100,20.0,0.0017144321464002132,0.04999997094273567,"{""azimuth_jitter"": 180.0, ""azimuth_mode"": ""grid"", ""backing"": 2.0, ""depth"": 50.0, ""face_h"": 60.0, ""face_w"": 60.0, ""jitter"": 0.3, ""margin_depths"": 2.0, ""pitch"": 5.5, ""plate_over"": 1.15, ""plate_t_bot"": 0.1, ""plate_t_top"": 0.1, ""seed"": 101, ""tilt_deg"": 6.0, ""tilt_jitter"": 0.0, ""topology"": ""shingle""}"
BL_FLAT_t100_p0550_a06_grid_s101,flat,0.1,5.5,6.0,grid,101,d100,40.0,0.0025461663026362658,0.04999997094273567,"{""azimuth_jitter"": 180.0, ""azimuth_mode"": ""grid"", ""backing"": 2.0, ""depth"": 50.0, ""face_h"": 60.0, ""face_w"": 60.0, ""jitter"": 0.3, ""margin_depths"": 2.0, ""pitch"": 5.5, ""plate_over"": 1.15, ""plate_t_bot"": 0.1, ""plate_t_top"": 0.1, ""seed"": 101, ""tilt_deg"": 6.0, ""tilt_jitter"": 0.0, ""topology"": ""shingle""}"
BL_FLAT_t100_p0750_a02_rand_s101,flat,0.1,7.5,2.0,random,101,d00,0.0,0.0029703197069466114,0.04999997094273567,"{""azimuth_jitter"": 180.0, ""azimuth_mode"": ""random"", ""backing"": 2.0, ""depth"": 50.0, ""face_h"": 60.0, ""face_w"": 60.0, ""jitter"": 0.3, ""margin_depths"": 2.0, ""pitch"": 7.5, ""plate_over"": 1.15, ""plate_t_bot"": 0.1, ""plate_t_top"": 0.1, ""seed"": 101, ""tilt_deg"": 2.0, ""tilt_jitter"": 0.0, ""topology"": ""shingle""}"
BL_FLAT_t100_p0750_a02_rand_s101,flat,0.1,7.5,2.0,random,101,d00,-20.0,0.00048332734149880707,0.04999997094273567,"{""azimuth_jitter"": 180.0, ""azimuth_mode"": ""random"", ""backing"": 2.0, ""depth"": 50.0, ""face_h"": 60.0, ""face_w"": 60.0, ""jitter"": 0.3, ""margin_depths"": 2.0, ""pitch"": 7.5, ""plate_over"": 1.15, ""plate_t_bot"": 0.1, ""plate_t_top"": 0.1, ""seed"": 101, ""tilt_deg"": 2.0, ""tilt_jitter"": 0.0, ""topology"": ""shingle""}"
BL_FLAT_t100_p0750_a02_rand_s101,flat,0.1,7.5,2.0,random,101,d00,-40.0,0.00038068328285589814,0.04999997094273567,"{""azimuth_jitter"": 180.0, ""azimuth_mode"": ""random"", ""backing"": 2.0, ""depth"": 50.0, ""face_h"": 60.0, ""face_w"": 60.0, ""jitter"": 0.3, ""margin_depths"": 2.0, ""pitch"": 7.5, ""plate_over"": 1.15, ""plate_t_bot"": 0.1, ""plate_t_top"": 0.1, ""seed"": 101, ""tilt_deg"": 2.0, ""tilt_jitter"": 0.0, ""topology"": ""shingle""}"
BL_FLAT_t100_p0750_a02_rand_s101,flat,0.1,7.5,2.0,random,101,d00,20.0,0.0004420516488607973,0.04999997094273567,"{""azimuth_jitter"": 180.0, ""azimuth_mode"": ""random"", ""backing"": 2.0, ""depth"": 50.0, ""face_h"": 60.0, ""face_w"": 60.0, ""jitter"": 0.3, ""margin_depths"": 2.0, ""pitch"": 7.5, ""plate_over"": 1.15, ""plate_t_bot"": 0.1, ""plate_t_top"": 0.1, ""seed"": 101, ""tilt_deg"": 2.0, ""tilt_jitter"": 0.0, ""topology"": ""shingle""}"
BL_FLAT_t100_p0750_a02_rand_s101,flat,0.1,7.5,2.0,random,101,d00,40.0,0.0003443681343924254,0.04999997094273567,"{""azimuth_jitter"": 180.0, ""azimuth_mode"": ""random"", ""backing"": 2.0, ""depth"": 50.0, ""face_h"": 60.0, ""face_w"": 60.0, ""jitter"": 0.3, ""margin_depths"": 2.0, ""pitch"": 7.5, ""plate_over"": 1.15, ""plate_t_bot"": 0.1, ""plate_t_top"": 0.1, ""seed"": 101, ""tilt_deg"": 2.0, ""tilt_jitter"": 0.0, ""topology"": ""shingle""}"
BL_FLAT_t100_p0750_a02_rand_s101,flat,0.1,7.5,2.0,random,101,d76,0.0,0.0010403350461274385,0.04999997094273567,"{""azimuth_jitter"": 180.0, ""azimuth_mode"": ""random"", ""backing"": 2.0, ""depth"": 50.0, ""face_h"": 60.0, ""face_w"": 60.0, ""jitter"": 0.3, ""margin_depths"": 2.0, ""pitch"": 7.5, ""plate_over"": 1.15, ""plate_t_bot"": 0.1, ""plate_t_top"": 0.1, ""seed"": 101, ""tilt_deg"": 2.0, ""tilt_jitter"": 0.0, ""topology"": ""shingle""}"
BL_FLAT_t100_p0750_a02_rand_s101,flat,0.1,7.5,2.0,random,101,d76,-20.0,0.000998705974780023,0.04999997094273567,"{""azimuth_jitter"": 180.0, ""azimuth_mode"": ""random"", ""backing"": 2.0, ""depth"": 50.0, ""face_h"": 60.0, ""face_w"": 60.0, ""jitter"": 0.3, ""margin_depths"": 2.0, ""pitch"": 7.5, ""plate_over"": 1.15, ""plate_t_bot"": 0.1, ""plate_t_top"": 0.1, ""seed"": 101, ""tilt_deg"": 2.0, ""tilt_jitter"": 0.0, ""topology"": ""shingle""}"
BL_FLAT_t100_p0750_a02_rand_s101,flat,0.1,7.5,2.0,random,101,d76,-40.0,0.0016621338436380029,0.04999997094273567,"{""azimuth_jitter"": 180.0, ""azimuth_mode"": ""random"", ""backing"": 2.0, ""depth"": 50.0, ""face_h"": 60.0, ""face_w"": 60.0, ""jitter"": 0.3, ""margin_depths"": 2.0, ""pitch"": 7.5, ""plate_over"": 1.15, ""plate_t_bot"": 0.1, ""plate_t_top"": 0.1, ""seed"": 101, ""tilt_deg"": 2.0, ""tilt_jitter"": 0.0, ""topology"": ""shingle""}"
BL_FLAT_t100_p0750_a02_rand_s101,flat,0.1,7.5,2.0,random,101,d76,20.0,0.0010361822787672281,0.04999997094273567,"{""azimuth_jitter"": 180.0, ""azimuth_mode"": ""random"", ""backing"": 2.0, ""depth"": 50.0, ""face_h"": 60.0, ""face_w"": 60.0, ""jitter"": 0.3, ""margin_depths"": 2.0, ""pitch"": 7.5, ""plate_over"": 1.15, ""plate_t_bot"": 0.1, ""plate_t_top"": 0.1, ""seed"": 101, ""tilt_deg"": 2.0, ""tilt_jitter"": 0.0, ""topology"": ""shingle""}"
BL_FLAT_t100_p0750_a02_rand_s101,flat,0.1,7.5,2.0,random,101,d76,40.0,0.0016741192666813731,0.04999997094273567,"{""azimuth_jitter"": 180.0, ""azimuth_mode"": ""random"", ""backing"": 2.0, ""depth"": 50.0, ""face_h"": 60.0, ""face_w"": 60.0, ""jitter"": 0.3, ""margin_depths"": 2.0, ""pitch"": 7.5, ""plate_over"": 1.15, ""plate_t_bot"": 0.1, ""plate_t_top"": 0.1, ""seed"": 101, ""tilt_deg"": 2.0, ""tilt_jitter"": 0.0, ""topology"": ""shingle""}"
BL_FLAT_t100_p0750_a02_rand_s101,flat,0.1,7.5,2.0,random,101,d100,0.0,0.000515480583999306,0.04999997094273567,"{""azimuth_jitter"": 180.0, ""azimuth_mode"": ""random"", ""backing"": 2.0, ""depth"": 50.0, ""face_h"": 60.0, ""face_w"": 60.0, ""jitter"": 0.3, ""margin_depths"": 2.0, ""pitch"": 7.5, ""plate_over"": 1.15, ""plate_t_bot"": 0.1, ""plate_t_top"": 0.1, ""seed"": 101, ""tilt_deg"": 2.0, ""tilt_jitter"": 0.0, ""topology"": ""shingle""}"
BL_FLAT_t100_p0750_a02_rand_s101,flat,0.1,7.5,2.0,random,101,d100,-20.0,0.0011760939378291368,0.04999997094273567,"{""azimuth_jitter"": 180.0, ""azimuth_mode"": ""random"", ""backing"": 2.0, ""depth"": 50.0, ""face_h"": 60.0, ""face_w"": 60.0, ""jitter"": 0.3, ""margin_depths"": 2.0, ""pitch"": 7.5, ""plate_over"": 1.15, ""plate_t_bot"": 0.1, ""plate_t_top"": 0.1, ""seed"": 101, ""tilt_deg"": 2.0, ""tilt_jitter"": 0.0, ""topology"": ""shingle""}"
BL_FLAT_t100_p0750_a02_rand_s101,flat,0.1,7.5,2.0,random,101,d100,-40.0,0.002079548081383109,0.04999997094273567,"{""azimuth_jitter"": 180.0, ""azimuth_mode"": ""random"", ""backing"": 2.0, ""depth"": 50.0, ""face_h"": 60.0, ""face_w"": 60.0, ""jitter"": 0.3, ""margin_depths"": 2.0, ""pitch"": 7.5, ""plate_over"": 1.15, ""plate_t_bot"": 0.1, ""plate_t_top"": 0.1, ""seed"": 101, ""tilt_deg"": 2.0, ""tilt_jitter"": 0.0, ""topology"": ""shingle""}"
BL_FLAT_t100_p0750_a02_rand_s101,flat,0.1,7.5,2.0,random,101,d100,20.0,0.001243891310878098,0.04999997094273567,"{""azimuth_jitter"": 180.0, ""azimuth_mode"": ""random"", ""backing"": 2.0, ""depth"": 50.0, ""face_h"": 60.0, ""face_w"": 60.0, ""jitter"": 0.3, ""margin_depths"": 2.0, ""pitch"": 7.5, ""plate_over"": 1.15, ""plate_t_bot"": 0.1, ""plate_t_top"": 0.1, ""seed"": 101, ""tilt_deg"": 2.0, ""tilt_jitter"": 0.0, ""topology"": ""shingle""}"
BL_FLAT_t100_p0750_a02_rand_s101,flat,0.1,7.5,2.0,random,101,d100,40.0,0.002102208323776722,0.04999997094273567,"{""azimuth_jitter"": 180.0, ""azimuth_mode"": ""random"", ""backing"": 2.0, ""depth"": 50.0, ""face_h"": 60.0, ""face_w"": 60.0, ""jitter"": 0.3, ""margin_depths"": 2.0, ""pitch"": 7.5, ""plate_over"": 1.15, ""plate_t_bot"": 0.1, ""plate_t_top"": 0.1, ""seed"": 101, ""tilt_deg"": 2.0, ""tilt_jitter"": 0.0, ""topology"": ""shingle""}"
BL_FLAT_t100_p0750_a02_grid_s101,flat,0.1,7.5,2.0,grid,101,d00,0.0,0.0030406827572733164,0.04999997094273567,"{""azimuth_jitter"": 180.0, ""azimuth_mode"": ""grid"", ""backing"": 2.0, ""depth"": 50.0, ""face_h"": 60.0, ""face_w"": 60.0, ""jitter"": 0.3, ""margin_depths"": 2.0, ""pitch"": 7.5, ""plate_over"": 1.15, ""plate_t_bot"": 0.1, ""plate_t_top"": 0.1, ""seed"": 101, ""tilt_deg"": 2.0, ""tilt_jitter"": 0.0, ""topology"": ""shingle""}"
BL_FLAT_t100_p0750_a02_grid_s101,flat,0.1,7.5,2.0,grid,101,d00,-20.0,0.0007118561770766973,0.04999997094273567,"{""azimuth_jitter"": 180.0, ""azimuth_mode"": ""grid"", ""backing"": 2.0, ""depth"": 50.0, ""face_h"": 60.0, ""face_w"": 60.0, ""jitter"": 0.3, ""margin_depths"": 2.0, ""pitch"": 7.5, ""plate_over"": 1.15, ""plate_t_bot"": 0.1, ""plate_t_top"": 0.1, ""seed"": 101, ""tilt_deg"": 2.0, ""tilt_jitter"": 0.0, ""topology"": ""shingle""}"
BL_FLAT_t100_p0750_a02_grid_s101,flat,0.1,7.5,2.0,grid,101,d00,-40.0,0.0004448859253898263,0.04999997094273567,"{""azimuth_jitter"": 180.0, ""azimuth_mode"": ""grid"", ""backing"": 2.0, ""depth"": 50.0, ""face_h"": 60.0, ""face_w"": 60.0, ""jitter"": 0.3, ""margin_depths"": 2.0, ""pitch"": 7.5, ""plate_over"": 1.15, ""plate_t_bot"": 0.1, ""plate_t_top"": 0.1, ""seed"": 101, ""tilt_deg"": 2.0, ""tilt_jitter"": 0.0, ""topology"": ""shingle""}"
BL_FLAT_t100_p0750_a02_grid_s101,flat,0.1,7.5,2.0,grid,101,d00,20.0,0.00046642697998322546,0.04999997094273567,"{""azimuth_jitter"": 180.0, ""azimuth_mode"": ""grid"", ""backing"": 2.0, ""depth"": 50.0, ""face_h"": 60.0, ""face_w"": 60.0, ""jitter"": 0.3, ""margin_depths"": 2.0, ""pitch"": 7.5, ""plate_over"": 1.15, ""plate_t_bot"": 0.1, ""plate_t_top"": 0.1, ""seed"": 101, ""tilt_deg"": 2.0, ""tilt_jitter"": 0.0, ""topology"": ""shingle""}"
BL_FLAT_t100_p0750_a02_grid_s101,flat,0.1,7.5,2.0,grid,101,d00,40.0,0.0004187221056781709,0.04999997094273567,"{""azimuth_jitter"": 180.0, ""azimuth_mode"": ""grid"", ""backing"": 2.0, ""depth"": 50.0, ""face_h"": 60.0, ""face_w"": 60.0, ""jitter"": 0.3, ""margin_depths"": 2.0, ""pitch"": 7.5, ""plate_over"": 1.15, ""plate_t_bot"": 0.1, ""plate_t_top"": 0.1, ""seed"": 101, ""tilt_deg"": 2.0, ""tilt_jitter"": 0.0, ""topology"": ""shingle""}"
BL_FLAT_t100_p0750_a02_grid_s101,flat,0.1,7.5,2.0,grid,101,d76,0.0,0.001058771857060492,0.04999997094273567,"{""azimuth_jitter"": 180.0, ""azimuth_mode"": ""grid"", ""backing"": 2.0, ""depth"": 50.0, ""face_h"": 60.0, ""face_w"": 60.0, ""jitter"": 0.3, ""margin_depths"": 2.0, ""pitch"": 7.5, ""plate_over"": 1.15, ""plate_t_bot"": 0.1, ""plate_t_top"": 0.1, ""seed"": 101, ""tilt_deg"": 2.0, ""tilt_jitter"": 0.0, ""topology"": ""shingle""}"
BL_FLAT_t100_p0750_a02_grid_s101,flat,0.1,7.5,2.0,grid,101,d76,-20.0,0.0008391034789383411,0.04999997094273567,"{""azimuth_jitter"": 180.0, ""azimuth_mode"": ""grid"", ""backing"": 2.0, ""depth"": 50.0, ""face_h"": 60.0, ""face_w"": 60.0, ""jitter"": 0.3, ""margin_depths"": 2.0, ""pitch"": 7.5, ""plate_over"": 1.15, ""plate_t_bot"": 0.1, ""plate_t_top"": 0.1, ""seed"": 101, ""tilt_deg"": 2.0, ""tilt_jitter"": 0.0, ""topology"": ""shingle""}"
BL_FLAT_t100_p0750_a02_grid_s101,flat,0.1,7.5,2.0,grid,101,d76,-40.0,0.0012694505276158452,0.04999997094273567,"{""azimuth_jitter"": 180.0, ""azimuth_mode"": ""grid"", ""backing"": 2.0, ""depth"": 50.0, ""face_h"": 60.0, ""face_w"": 60.0, ""jitter"": 0.3, ""margin_depths"": 2.0, ""pitch"": 7.5, ""plate_over"": 1.15, ""plate_t_bot"": 0.1, ""plate_t_top"": 0.1, ""seed"": 101, ""tilt_deg"": 2.0, ""tilt_jitter"": 0.0, ""topology"": ""shingle""}"
BL_FLAT_t100_p0750_a02_grid_s101,flat,0.1,7.5,2.0,grid,101,d76,20.0,0.0008765740785747766,0.04999997094273567,"{""azimuth_jitter"": 180.0, ""azimuth_mode"": ""grid"", ""backing"": 2.0, ""depth"": 50.0, ""face_h"": 60.0, ""face_w"": 60.0, ""jitter"": 0.3, ""margin_depths"": 2.0, ""pitch"": 7.5, ""plate_over"": 1.15, ""plate_t_bot"": 0.1, ""plate_t_top"": 0.1, ""seed"": 101, ""tilt_deg"": 2.0, ""tilt_jitter"": 0.0, ""topology"": ""shingle""}"
BL_FLAT_t100_p0750_a02_grid_s101,flat,0.1,7.5,2.0,grid,101,d76,40.0,0.0014049408491700888,0.04999997094273567,"{""azimuth_jitter"": 180.0, ""azimuth_mode"": ""grid"", ""backing"": 2.0, ""depth"": 50.0, ""face_h"": 60.0, ""face_w"": 60.0, ""jitter"": 0.3, ""margin_depths"": 2.0, ""pitch"": 7.5, ""plate_over"": 1.15, ""plate_t_bot"": 0.1, ""plate_t_top"": 0.1, ""seed"": 101, ""tilt_deg"": 2.0, ""tilt_jitter"": 0.0, ""topology"": ""shingle""}"
BL_FLAT_t100_p0750_a02_grid_s101,flat,0.1,7.5,2.0,grid,101,d100,0.0,0.0005111969076097012,0.04999997094273567,"{""azimuth_jitter"": 180.0, ""azimuth_mode"": ""grid"", ""backing"": 2.0, ""depth"": 50.0, ""face_h"": 60.0, ""face_w"": 60.0, ""jitter"": 0.3, ""margin_depths"": 2.0, ""pitch"": 7.5, ""plate_over"": 1.15, ""plate_t_bot"": 0.1, ""plate_t_top"": 0.1, ""seed"": 101, ""tilt_deg"": 2.0, ""tilt_jitter"": 0.0, ""topology"": ""shingle""}"
BL_FLAT_t100_p0750_a02_grid_s101,flat,0.1,7.5,2.0,grid,101,d100,-20.0,0.0009084575576707721,0.04999997094273567,"{""azimuth_jitter"": 180.0, ""azimuth_mode"": ""grid"", ""backing"": 2.0, ""depth"": 50.0, ""face_h"": 60.0, ""face_w"": 60.0, ""jitter"": 0.3, ""margin_depths"": 2.0, ""pitch"": 7.5, ""plate_over"": 1.15, ""plate_t_bot"": 0.1, ""plate_t_top"": 0.1, ""seed"": 101, ""tilt_deg"": 2.0, ""tilt_jitter"": 0.0, ""topology"": ""shingle""}"
BL_FLAT_t100_p0750_a02_grid_s101,flat,0.1,7.5,2.0,grid,101,d100,-40.0,0.0015454934909939766,0.04999997094273567,"{""azimuth_jitter"": 180.0, ""azimuth_mode"": ""grid"", ""backing"": 2.0, ""depth"": 50.0, ""face_h"": 60.0, ""face_w"": 60.0, ""jitter"": 0.3, ""margin_depths"": 2.0, ""pitch"": 7.5, ""plate_over"": 1.15, ""plate_t_bot"": 0.1, ""plate_t_top"": 0.1, ""seed"": 101, ""tilt_deg"": 2.0, ""tilt_jitter"": 0.0, ""topology"": ""shingle""}"
BL_FLAT_t100_p0750_a02_grid_s101,flat,0.1,7.5,2.0,grid,101,d100,20.0,0.0010274536907672882,0.04999997094273567,"{""azimuth_jitter"": 180.0, ""azimuth_mode"": ""grid"", ""backing"": 2.0, ""depth"": 50.0, ""face_h"": 60.0, ""face_w"": 60.0, ""jitter"": 0.3, ""margin_depths"": 2.0, ""pitch"": 7.5, ""plate_over"": 1.15, ""plate_t_bot"": 0.1, ""plate_t_top"": 0.1, ""seed"": 101, ""tilt_deg"": 2.0, ""tilt_jitter"": 0.0, ""topology"": ""shingle""}"
BL_FLAT_t100_p0750_a02_grid_s101,flat,0.1,7.5,2.0,grid,101,d100,40.0,0.001733158715069294,0.04999997094273567,"{""azimuth_jitter"": 180.0, ""azimuth_mode"": ""grid"", ""backing"": 2.0, ""depth"": 50.0, ""face_h"": 60.0, ""face_w"": 60.0, ""jitter"": 0.3, ""margin_depths"": 2.0, ""pitch"": 7.5, ""plate_over"": 1.15, ""plate_t_bot"": 0.1, ""plate_t_top"": 0.1, ""seed"": 101, ""tilt_deg"": 2.0, ""tilt_jitter"": 0.0, ""topology"": ""shingle""}"
BL_FLAT_t100_p0750_a06_rand_s101,flat,0.1,7.5,6.0,random,101,d00,0.0,0.001578643685206771,0.04999997094273567,"{""azimuth_jitter"": 180.0, ""azimuth_mode"": ""random"", ""backing"": 2.0, ""depth"": 50.0, ""face_h"": 60.0, ""face_w"": 60.0, ""jitter"": 0.3, ""margin_depths"": 2.0, ""pitch"": 7.5, ""plate_over"": 1.15, ""plate_t_bot"": 0.1, ""plate_t_top"": 0.1, ""seed"": 101, ""tilt_deg"": 6.0, ""tilt_jitter"": 0.0, ""topology"": ""shingle""}"
BL_FLAT_t100_p0750_a06_rand_s101,flat,0.1,7.5,6.0,random,101,d00,-20.0,0.0004403828061185777,0.04999997094273567,"{""azimuth_jitter"": 180.0, ""azimuth_mode"": ""random"", ""backing"": 2.0, ""depth"": 50.0, ""face_h"": 60.0, ""face_w"": 60.0, ""jitter"": 0.3, ""margin_depths"": 2.0, ""pitch"": 7.5, ""plate_over"": 1.15, ""plate_t_bot"": 0.1, ""plate_t_top"": 0.1, ""seed"": 101, ""tilt_deg"": 6.0, ""tilt_jitter"": 0.0, ""topology"": ""shingle""}"
BL_FLAT_t100_p0750_a06_rand_s101,flat,0.1,7.5,6.0,random,101,d00,-40.0,0.0003860558208543807,0.04999997094273567,"{""azimuth_jitter"": 180.0, ""azimuth_mode"": ""random"", ""backing"": 2.0, ""depth"": 50.0, ""face_h"": 60.0, ""face_w"": 60.0, ""jitter"": 0.3, ""margin_depths"": 2.0, ""pitch"": 7.5, ""plate_over"": 1.15, ""plate_t_bot"": 0.1, ""plate_t_top"": 0.1, ""seed"": 101, ""tilt_deg"": 6.0, ""tilt_jitter"": 0.0, ""topology"": ""shingle""}"
BL_FLAT_t100_p0750_a06_rand_s101,flat,0.1,7.5,6.0,random,101,d00,20.0,0.0004208120226394385,0.04999997094273567,"{""azimuth_jitter"": 180.0, ""azimuth_mode"": ""random"", ""backing"": 2.0, ""depth"": 50.0, ""face_h"": 60.0, ""face_w"": 60.0, ""jitter"": 0.3, ""margin_depths"": 2.0, ""pitch"": 7.5, ""plate_over"": 1.15, ""plate_t_bot"": 0.1, ""plate_t_top"": 0.1, ""seed"": 101, ""tilt_deg"": 6.0, ""tilt_jitter"": 0.0, ""topology"": ""shingle""}"
BL_FLAT_t100_p0750_a06_rand_s101,flat,0.1,7.5,6.0,random,101,d00,40.0,0.00033872437779791653,0.04999997094273567,"{""azimuth_jitter"": 180.0, ""azimuth_mode"": ""random"", ""backing"": 2.0, ""depth"": 50.0, ""face_h"": 60.0, ""face_w"": 60.0, ""jitter"": 0.3, ""margin_depths"": 2.0, ""pitch"": 7.5, ""plate_over"": 1.15, ""plate_t_bot"": 0.1, ""plate_t_top"": 0.1, ""seed"": 101, ""tilt_deg"": 6.0, ""tilt_jitter"": 0.0, ""topology"": ""shingle""}"
BL_FLAT_t100_p0750_a06_rand_s101,flat,0.1,7.5,6.0,random,101,d76,0.0,0.0009240828221663833,0.04999997094273567,"{""azimuth_jitter"": 180.0, ""azimuth_mode"": ""random"", ""backing"": 2.0, ""depth"": 50.0, ""face_h"": 60.0, ""face_w"": 60.0, ""jitter"": 0.3, ""margin_depths"": 2.0, ""pitch"": 7.5, ""plate_over"": 1.15, ""plate_t_bot"": 0.1, ""plate_t_top"": 0.1, ""seed"": 101, ""tilt_deg"": 6.0, ""tilt_jitter"": 0.0, ""topology"": ""shingle""}"
BL_FLAT_t100_p0750_a06_rand_s101,flat,0.1,7.5,6.0,random,101,d76,-20.0,0.0009936512215062976,0.04999997094273567,"{""azimuth_jitter"": 180.0, ""azimuth_mode"": ""random"", ""backing"": 2.0, ""depth"": 50.0, ""face_h"": 60.0, ""face_w"": 60.0, ""jitter"": 0.3, ""margin_depths"": 2.0, ""pitch"": 7.5, ""plate_over"": 1.15, ""plate_t_bot"": 0.1, ""plate_t_top"": 0.1, ""seed"": 101, ""tilt_deg"": 6.0, ""tilt_jitter"": 0.0, ""topology"": ""shingle""}"
BL_FLAT_t100_p0750_a06_rand_s101,flat,0.1,7.5,6.0,random,101,d76,-40.0,0.0016495005693286657,0.04999997094273567,"{""azimuth_jitter"": 180.0, ""azimuth_mode"": ""random"", ""backing"": 2.0, ""depth"": 50.0, ""face_h"": 60.0, ""face_w"": 60.0, ""jitter"": 0.3, ""margin_depths"": 2.0, ""pitch"": 7.5, ""plate_over"": 1.15, ""plate_t_bot"": 0.1, ""plate_t_top"": 0.1, ""seed"": 101, ""tilt_deg"": 6.0, ""tilt_jitter"": 0.0, ""topology"": ""shingle""}"
BL_FLAT_t100_p0750_a06_rand_s101,flat,0.1,7.5,6.0,random,101,d76,20.0,0.0011331976857036352,0.04999997094273567,"{""azimuth_jitter"": 180.0, ""azimuth_mode"": ""random"", ""backing"": 2.0, ""depth"": 50.0, ""face_h"": 60.0, ""face_w"": 60.0, ""jitter"": 0.3, ""margin_depths"": 2.0, ""pitch"": 7.5, ""plate_over"": 1.15, ""plate_t_bot"": 0.1, ""plate_t_top"": 0.1, ""seed"": 101, ""tilt_deg"": 6.0, ""tilt_jitter"": 0.0, ""topology"": ""shingle""}"
BL_FLAT_t100_p0750_a06_rand_s101,flat,0.1,7.5,6.0,random,101,d76,40.0,0.0017408246640115976,0.04999997094273567,"{""azimuth_jitter"": 180.0, ""azimuth_mode"": ""random"", ""backing"": 2.0, ""depth"": 50.0, ""face_h"": 60.0, ""face_w"": 60.0, ""jitter"": 0.3, ""margin_depths"": 2.0, ""pitch"": 7.5, ""plate_over"": 1.15, ""plate_t_bot"": 0.1, ""plate_t_top"": 0.1, ""seed"": 101, ""tilt_deg"": 6.0, ""tilt_jitter"": 0.0, ""topology"": ""shingle""}"
BL_FLAT_t100_p0750_a06_rand_s101,flat,0.1,7.5,6.0,random,101,d100,0.0,0.0007729689823463559,0.04999997094273567,"{""azimuth_jitter"": 180.0, ""azimuth_mode"": ""random"", ""backing"": 2.0, ""depth"": 50.0, ""face_h"": 60.0, ""face_w"": 60.0, ""jitter"": 0.3, ""margin_depths"": 2.0, ""pitch"": 7.5, ""plate_over"": 1.15, ""plate_t_bot"": 0.1, ""plate_t_top"": 0.1, ""seed"": 101, ""tilt_deg"": 6.0, ""tilt_jitter"": 0.0, ""topology"": ""shingle""}"
BL_FLAT_t100_p0750_a06_rand_s101,flat,0.1,7.5,6.0,random,101,d100,-20.0,0.0011786279501393437,0.04999997094273567,"{""azimuth_jitter"": 180.0, ""azimuth_mode"": ""random"", ""backing"": 2.0, ""depth"": 50.0, ""face_h"": 60.0, ""face_w"": 60.0, ""jitter"": 0.3, ""margin_depths"": 2.0, ""pitch"": 7.5, ""plate_over"": 1.15, ""plate_t_bot"": 0.1, ""plate_t_top"": 0.1, ""seed"": 101, ""tilt_deg"": 6.0, ""tilt_jitter"": 0.0, ""topology"": ""shingle""}"
BL_FLAT_t100_p0750_a06_rand_s101,flat,0.1,7.5,6.0,random,101,d100,-40.0,0.0020601453725248575,0.04999997094273567,"{""azimuth_jitter"": 180.0, ""azimuth_mode"": ""random"", ""backing"": 2.0, ""depth"": 50.0, ""face_h"": 60.0, ""face_w"": 60.0, ""jitter"": 0.3, ""margin_depths"": 2.0, ""pitch"": 7.5, ""plate_over"": 1.15, ""plate_t_bot"": 0.1, ""plate_t_top"": 0.1, ""seed"": 101, ""tilt_deg"": 6.0, ""tilt_jitter"": 0.0, ""topology"": ""shingle""}"
BL_FLAT_t100_p0750_a06_rand_s101,flat,0.1,7.5,6.0,random,101,d100,20.0,0.0013688955223187804,0.04999997094273567,"{""azimuth_jitter"": 180.0, ""azimuth_mode"": ""random"", ""backing"": 2.0, ""depth"": 50.0, ""face_h"": 60.0, ""face_w"": 60.0, ""jitter"": 0.3, ""margin_depths"": 2.0, ""pitch"": 7.5, ""plate_over"": 1.15, ""plate_t_bot"": 0.1, ""plate_t_top"": 0.1, ""seed"": 101, ""tilt_deg"": 6.0, ""tilt_jitter"": 0.0, ""topology"": ""shingle""}"
BL_FLAT_t100_p0750_a06_rand_s101,flat,0.1,7.5,6.0,random,101,d100,40.0,0.0021902904845774174,0.04999997094273567,"{""azimuth_jitter"": 180.0, ""azimuth_mode"": ""random"", ""backing"": 2.0, ""depth"": 50.0, ""face_h"": 60.0, ""face_w"": 60.0, ""jitter"": 0.3, ""margin_depths"": 2.0, ""pitch"": 7.5, ""plate_over"": 1.15, ""plate_t_bot"": 0.1, ""plate_t_top"": 0.1, ""seed"": 101, ""tilt_deg"": 6.0, ""tilt_jitter"": 0.0, ""topology"": ""shingle""}"
BL_FLAT_t100_p0750_a06_grid_s101,flat,0.1,7.5,6.0,grid,101,d00,0.0,0.0017683234764263034,0.04999997094273567,"{""azimuth_jitter"": 180.0, ""azimuth_mode"": ""grid"", ""backing"": 2.0, ""depth"": 50.0, ""face_h"": 60.0, ""face_w"": 60.0, ""jitter"": 0.3, ""margin_depths"": 2.0, ""pitch"": 7.5, ""plate_over"": 1.15, ""plate_t_bot"": 0.1, ""plate_t_top"": 0.1, ""seed"": 101, ""tilt_deg"": 6.0, ""tilt_jitter"": 0.0, ""topology"": ""shingle""}"
BL_FLAT_t100_p0750_a06_grid_s101,flat,0.1,7.5,6.0,grid,101,d00,-20.0,0.0006540857721120119,0.04999997094273567,"{""azimuth_jitter"": 180.0, ""azimuth_mode"": ""grid"", ""backing"": 2.0, ""depth"": 50.0, ""face_h"": 60.0, ""face_w"": 60.0, ""jitter"": 0.3, ""margin_depths"": 2.0, ""pitch"": 7.5, ""plate_over"": 1.15, ""plate_t_bot"": 0.1, ""plate_t_top"": 0.1, ""seed"": 101, ""tilt_deg"": 6.0, ""tilt_jitter"": 0.0, ""topology"": ""shingle""}"
BL_FLAT_t100_p0750_a06_grid_s101,flat,0.1,7.5,6.0,grid,101,d00,-40.0,0.000518439628649503,0.04999997094273567,"{""azimuth_jitter"": 180.0, ""azimuth_mode"": ""grid"", ""backing"": 2.0, ""depth"": 50.0, ""face_h"": 60.0, ""face_w"": 60.0, ""jitter"": 0.3, ""margin_depths"": 2.0, ""pitch"": 7.5, ""plate_over"": 1.15, ""plate_t_bot"": 0.1, ""plate_t_top"": 0.1, ""seed"": 101, ""tilt_deg"": 6.0, ""tilt_jitter"": 0.0, ""topology"": ""shingle""}"
BL_FLAT_t100_p0750_a06_grid_s101,flat,0.1,7.5,6.0,grid,101,d00,20.0,0.00048394393525086343,0.04999997094273567,"{""azimuth_jitter"": 180.0, ""azimuth_mode"": ""grid"", ""backing"": 2.0, ""depth"": 50.0, ""face_h"": 60.0, ""face_w"": 60.0, ""jitter"": 0.3, ""margin_depths"": 2.0, ""pitch"": 7.5, ""plate_over"": 1.15, ""plate_t_bot"": 0.1, ""plate_t_top"": 0.1, ""seed"": 101, ""tilt_deg"": 6.0, ""tilt_jitter"": 0.0, ""topology"": ""shingle""}"
BL_FLAT_t100_p0750_a06_grid_s101,flat,0.1,7.5,6.0,grid,101,d00,40.0,0.0004935276228934526,0.04999997094273567,"{""azimuth_jitter"": 180.0, ""azimuth_mode"": ""grid"", ""backing"": 2.0, ""depth"": 50.0, ""face_h"": 60.0, ""face_w"": 60.0, ""jitter"": 0.3, ""margin_depths"": 2.0, ""pitch"": 7.5, ""plate_over"": 1.15, ""plate_t_bot"": 0.1, ""plate_t_top"": 0.1, ""seed"": 101, ""tilt_deg"": 6.0, ""tilt_jitter"": 0.0, ""topology"": ""shingle""}"
BL_FLAT_t100_p0750_a06_grid_s101,flat,0.1,7.5,6.0,grid,101,d76,0.0,0.0009646132821217179,0.04999997094273567,"{""azimuth_jitter"": 180.0, ""azimuth_mode"": ""grid"", ""backing"": 2.0, ""depth"": 50.0, ""face_h"": 60.0, ""face_w"": 60.0, ""jitter"": 0.3, ""margin_depths"": 2.0, ""pitch"": 7.5, ""plate_over"": 1.15, ""plate_t_bot"": 0.1, ""plate_t_top"": 0.1, ""seed"": 101, ""tilt_deg"": 6.0, ""tilt_jitter"": 0.0, ""topology"": ""shingle""}"
BL_FLAT_t100_p0750_a06_grid_s101,flat,0.1,7.5,6.0,grid,101,d76,-20.0,0.0008092825300991535,0.04999997094273567,"{""azimuth_jitter"": 180.0, ""azimuth_mode"": ""grid"", ""backing"": 2.0, ""depth"": 50.0, ""face_h"": 60.0, ""face_w"": 60.0, ""jitter"": 0.3, ""margin_depths"": 2.0, ""pitch"": 7.5, ""plate_over"": 1.15, ""plate_t_bot"": 0.1, ""plate_t_top"": 0.1, ""seed"": 101, ""tilt_deg"": 6.0, ""tilt_jitter"": 0.0, ""topology"": ""shingle""}"
BL_FLAT_t100_p0750_a06_grid_s101,flat,0.1,7.5,6.0,grid,101,d76,-40.0,0.0012330092722550035,0.04999997094273567,"{""azimuth_jitter"": 180.0, ""azimuth_mode"": ""grid"", ""backing"": 2.0, ""depth"": 50.0, ""face_h"": 60.0, ""face_w"": 60.0, ""jitter"": 0.3, ""margin_depths"": 2.0, ""pitch"": 7.5, ""plate_over"": 1.15, ""plate_t_bot"": 0.1, ""plate_t_top"": 0.1, ""seed"": 101, ""tilt_deg"": 6.0, ""tilt_jitter"": 0.0, ""topology"": ""shingle""}"
BL_FLAT_t100_p0750_a06_grid_s101,flat,0.1,7.5,6.0,grid,101,d76,20.0,0.0011307467939332128,0.04999997094273567,"{""azimuth_jitter"": 180.0, ""azimuth_mode"": ""grid"", ""backing"": 2.0, ""depth"": 50.0, ""face_h"": 60.0, ""face_w"": 60.0, ""jitter"": 0.3, ""margin_depths"": 2.0, ""pitch"": 7.5, ""plate_over"": 1.15, ""plate_t_bot"": 0.1, ""plate_t_top"": 0.1, ""seed"": 101, ""tilt_deg"": 6.0, ""tilt_jitter"": 0.0, ""topology"": ""shingle""}"
BL_FLAT_t100_p0750_a06_grid_s101,flat,0.1,7.5,6.0,grid,101,d76,40.0,0.0016654812498018146,0.04999997094273567,"{""azimuth_jitter"": 180.0, ""azimuth_mode"": ""grid"", ""backing"": 2.0, ""depth"": 50.0, ""face_h"": 60.0, ""face_w"": 60.0, ""jitter"": 0.3, ""margin_depths"": 2.0, ""pitch"": 7.5, ""plate_over"": 1.15, ""plate_t_bot"": 0.1, ""plate_t_top"": 0.1, ""seed"": 101, ""tilt_deg"": 6.0, ""tilt_jitter"": 0.0, ""topology"": ""shingle""}"
BL_FLAT_t100_p0750_a06_grid_s101,flat,0.1,7.5,6.0,grid,101,d100,0.0,0.0007623654673807323,0.04999997094273567,"{""azimuth_jitter"": 180.0, ""azimuth_mode"": ""grid"", ""backing"": 2.0, ""depth"": 50.0, ""face_h"": 60.0, ""face_w"": 60.0, ""jitter"": 0.3, ""margin_depths"": 2.0, ""pitch"": 7.5, ""plate_over"": 1.15, ""plate_t_bot"": 0.1, ""plate_t_top"": 0.1, ""seed"": 101, ""tilt_deg"": 6.0, ""tilt_jitter"": 0.0, ""topology"": ""shingle""}"
BL_FLAT_t100_p0750_a06_grid_s101,flat,0.1,7.5,6.0,grid,101,d100,-20.0,0.000896086567081511,0.04999997094273567,"{""azimuth_jitter"": 180.0, ""azimuth_mode"": ""grid"", ""backing"": 2.0, ""depth"": 50.0, ""face_h"": 60.0, ""face_w"": 60.0, ""jitter"": 0.3, ""margin_depths"": 2.0, ""pitch"": 7.5, ""plate_over"": 1.15, ""plate_t_bot"": 0.1, ""plate_t_top"": 0.1, ""seed"": 101, ""tilt_deg"": 6.0, ""tilt_jitter"": 0.0, ""topology"": ""shingle""}"
BL_FLAT_t100_p0750_a06_grid_s101,flat,0.1,7.5,6.0,grid,101,d100,-40.0,0.0014754136791452765,0.04999997094273567,"{""azimuth_jitter"": 180.0, ""azimuth_mode"": ""grid"", ""backing"": 2.0, ""depth"": 50.0, ""face_h"": 60.0, ""face_w"": 60.0, ""jitter"": 0.3, ""margin_depths"": 2.0, ""pitch"": 7.5, ""plate_over"": 1.15, ""plate_t_bot"": 0.1, ""plate_t_top"": 0.1, ""seed"": 101, ""tilt_deg"": 6.0, ""tilt_jitter"": 0.0, ""topology"": ""shingle""}"
BL_FLAT_t100_p0750_a06_grid_s101,flat,0.1,7.5,6.0,grid,101,d100,20.0,0.0013502584770321846,0.04999997094273567,"{""azimuth_jitter"": 180.0, ""azimuth_mode"": ""grid"", ""backing"": 2.0, ""depth"": 50.0, ""face_h"": 60.0, ""face_w"": 60.0, ""jitter"": 0.3, ""margin_depths"": 2.0, ""pitch"": 7.5, ""plate_over"": 1.15, ""plate_t_bot"": 0.1, ""plate_t_top"": 0.1, ""seed"": 101, ""tilt_deg"": 6.0, ""tilt_jitter"": 0.0, ""topology"": ""shingle""}"
BL_FLAT_t100_p0750_a06_grid_s101,flat,0.1,7.5,6.0,grid,101,d100,40.0,0.002048562979325652,0.04999997094273567,"{""azimuth_jitter"": 180.0, ""azimuth_mode"": ""grid"", ""backing"": 2.0, ""depth"": 50.0, ""face_h"": 60.0, ""face_w"": 60.0, ""jitter"": 0.3, ""margin_depths"": 2.0, ""pitch"": 7.5, ""plate_over"": 1.15, ""plate_t_bot"": 0.1, ""plate_t_top"": 0.1, ""seed"": 101, ""tilt_deg"": 6.0, ""tilt_jitter"": 0.0, ""topology"": ""shingle""}"
BL_FLAT_t200_p0550_a02_rand_s101,flat,0.2,5.5,2.0,random,101,d00,0.0,0.002316495170816779,0.04999997094273567,"{""azimuth_jitter"": 180.0, ""azimuth_mode"": ""random"", ""backing"": 2.0, ""depth"": 50.0, ""face_h"": 60.0, ""face_w"": 60.0, ""jitter"": 0.3, ""margin_depths"": 2.0, ""pitch"": 5.5, ""plate_over"": 1.15, ""plate_t_bot"": 0.2, ""plate_t_top"": 0.2, ""seed"": 101, ""tilt_deg"": 2.0, ""tilt_jitter"": 0.0, ""topology"": ""shingle""}"
BL_FLAT_t200_p0550_a02_rand_s101,flat,0.2,5.5,2.0,random,101,d00,-20.0,0.0007236585952341557,0.04999997094273567,"{""azimuth_jitter"": 180.0, ""azimuth_mode"": ""random"", ""backing"": 2.0, ""depth"": 50.0, ""face_h"": 60.0, ""face_w"": 60.0, ""jitter"": 0.3, ""margin_depths"": 2.0, ""pitch"": 5.5, ""plate_over"": 1.15, ""plate_t_bot"": 0.2, ""plate_t_top"": 0.2, ""seed"": 101, ""tilt_deg"": 2.0, ""tilt_jitter"": 0.0, ""topology"": ""shingle""}"
BL_FLAT_t200_p0550_a02_rand_s101,flat,0.2,5.5,2.0,random,101,d00,-40.0,0.0007037019822746515,0.04999997094273567,"{""azimuth_jitter"": 180.0, ""azimuth_mode"": ""random"", ""backing"": 2.0, ""depth"": 50.0, ""face_h"": 60.0, ""face_w"": 60.0, ""jitter"": 0.3, ""margin_depths"": 2.0, ""pitch"": 5.5, ""plate_over"": 1.15, ""plate_t_bot"": 0.2, ""plate_t_top"": 0.2, ""seed"": 101, ""tilt_deg"": 2.0, ""tilt_jitter"": 0.0, ""topology"": ""shingle""}"
BL_FLAT_t200_p0550_a02_rand_s101,flat,0.2,5.5,2.0,random,101,d00,20.0,0.0007491244468837976,0.04999997094273567,"{""azimuth_jitter"": 180.0, ""azimuth_mode"": ""random"", ""backing"": 2.0, ""depth"": 50.0, ""face_h"": 60.0, ""face_w"": 60.0, ""jitter"": 0.3, ""margin_depths"": 2.0, ""pitch"": 5.5, ""plate_over"": 1.15, ""plate_t_bot"": 0.2, ""plate_t_top"": 0.2, ""seed"": 101, ""tilt_deg"": 2.0, ""tilt_jitter"": 0.0, ""topology"": ""shingle""}"
BL_FLAT_t200_p0550_a02_rand_s101,flat,0.2,5.5,2.0,random,101,d00,40.0,0.000731881067622453,0.04999997094273567,"{""azimuth_jitter"": 180.0, ""azimuth_mode"": ""random"", ""backing"": 2.0, ""depth"": 50.0, ""face_h"": 60.0, ""face_w"": 60.0, ""jitter"": 0.3, ""margin_depths"": 2.0, ""pitch"": 5.5, ""plate_over"": 1.15, ""plate_t_bot"": 0.2, ""plate_t_top"": 0.2, ""seed"": 101, ""tilt_deg"": 2.0, ""tilt_jitter"": 0.0, ""topology"": ""shingle""}"
BL_FLAT_t200_p0550_a02_rand_s101,flat,0.2,5.5,2.0,random,101,d76,0.0,0.001078674104064703,0.04999997094273567,"{""azimuth_jitter"": 180.0, ""azimuth_mode"": ""random"", ""backing"": 2.0, ""depth"": 50.0, ""face_h"": 60.0, ""face_w"": 60.0, ""jitter"": 0.3, ""margin_depths"": 2.0, ""pitch"": 5.5, ""plate_over"": 1.15, ""plate_t_bot"": 0.2, ""plate_t_top"": 0.2, ""seed"": 101, ""tilt_deg"": 2.0, ""tilt_jitter"": 0.0, ""topology"": ""shingle""}"
BL_FLAT_t200_p0550_a02_rand_s101,flat,0.2,5.5,2.0,random,101,d76,-20.0,0.001209332374855876,0.04999997094273567,"{""azimuth_jitter"": 180.0, ""azimuth_mode"": ""random"", ""backing"": 2.0, ""depth"": 50.0, ""face_h"": 60.0, ""face_w"": 60.0, ""jitter"": 0.3, ""margin_depths"": 2.0, ""pitch"": 5.5, ""plate_over"": 1.15, ""plate_t_bot"": 0.2, ""plate_t_top"": 0.2, ""seed"": 101, ""tilt_deg"": 2.0, ""tilt_jitter"": 0.0, ""topology"": ""shingle""}"
BL_FLAT_t200_p0550_a02_rand_s101,flat,0.2,5.5,2.0,random,101,d76,-40.0,0.0018564059864729643,0.04999997094273567,"{""azimuth_jitter"": 180.0, ""azimuth_mode"": ""random"", ""backing"": 2.0, ""depth"": 50.0, ""face_h"": 60.0, ""face_w"": 60.0, ""jitter"": 0.3, ""margin_depths"": 2.0, ""pitch"": 5.5, ""plate_over"": 1.15, ""plate_t_bot"": 0.2, ""plate_t_top"": 0.2, ""seed"": 101, ""tilt_deg"": 2.0, ""tilt_jitter"": 0.0, ""topology"": ""shingle""}"
BL_FLAT_t200_p0550_a02_rand_s101,flat,0.2,5.5,2.0,random,101,d76,20.0,0.0012770929606631398,0.04999997094273567,"{""azimuth_jitter"": 180.0, ""azimuth_mode"": ""random"", ""backing"": 2.0, ""depth"": 50.0, ""face_h"": 60.0, ""face_w"": 60.0, ""jitter"": 0.3, ""margin_depths"": 2.0, ""pitch"": 5.5, ""plate_over"": 1.15, ""plate_t_bot"": 0.2, ""plate_t_top"": 0.2, ""seed"": 101, ""tilt_deg"": 2.0, ""tilt_jitter"": 0.0, ""topology"": ""shingle""}"
BL_FLAT_t200_p0550_a02_rand_s101,flat,0.2,5.5,2.0,random,101,d76,40.0,0.0018841774435713887,0.04999997094273567,"{""azimuth_jitter"": 180.0, ""azimuth_mode"": ""random"", ""backing"": 2.0, ""depth"": 50.0, ""face_h"": 60.0, ""face_w"": 60.0, ""jitter"": 0.3, ""margin_depths"": 2.0, ""pitch"": 5.5, ""plate_over"": 1.15, ""plate_t_bot"": 0.2, ""plate_t_top"": 0.2, ""seed"": 101, ""tilt_deg"": 2.0, ""tilt_jitter"": 0.0, ""topology"": ""shingle""}"
BL_FLAT_t200_p0550_a02_rand_s101,flat,0.2,5.5,2.0,random,101,d100,0.0,0.0007401661714538932,0.04999997094273567,"{""azimuth_jitter"": 180.0, ""azimuth_mode"": ""random"", ""backing"": 2.0, ""depth"": 50.0, ""face_h"": 60.0, ""face_w"": 60.0, ""jitter"": 0.3, ""margin_depths"": 2.0, ""pitch"": 5.5, ""plate_over"": 1.15, ""plate_t_bot"": 0.2, ""plate_t_top"": 0.2, ""seed"": 101, ""tilt_deg"": 2.0, ""tilt_jitter"": 0.0, ""topology"": ""shingle""}"
BL_FLAT_t200_p0550_a02_rand_s101,flat,0.2,5.5,2.0,random,101,d100,-20.0,0.0013802314642816782,0.04999997094273567,"{""azimuth_jitter"": 180.0, ""azimuth_mode"": ""random"", ""backing"": 2.0, ""depth"": 50.0, ""face_h"": 60.0, ""face_w"": 60.0, ""jitter"": 0.3, ""margin_depths"": 2.0, ""pitch"": 5.5, ""plate_over"": 1.15, ""plate_t_bot"": 0.2, ""plate_t_top"": 0.2, ""seed"": 101, ""tilt_deg"": 2.0, ""tilt_jitter"": 0.0, ""topology"": ""shingle""}"
BL_FLAT_t200_p0550_a02_rand_s101,flat,0.2,5.5,2.0,random,101,d100,-40.0,0.002234512474387884,0.04999997094273567,"{""azimuth_jitter"": 180.0, ""azimuth_mode"": ""random"", ""backing"": 2.0, ""depth"": 50.0, ""face_h"": 60.0, ""face_w"": 60.0, ""jitter"": 0.3, ""margin_depths"": 2.0, ""pitch"": 5.5, ""plate_over"": 1.15, ""plate_t_bot"": 0.2, ""plate_t_top"": 0.2, ""seed"": 101, ""tilt_deg"": 2.0, ""tilt_jitter"": 0.0, ""topology"": ""shingle""}"
BL_FLAT_t200_p0550_a02_rand_s101,flat,0.2,5.5,2.0,random,101,d100,20.0,0.0014546277234330773,0.04999997094273567,"{""azimuth_jitter"": 180.0, ""azimuth_mode"": ""random"", ""backing"": 2.0, ""depth"": 50.0, ""face_h"": 60.0, ""face_w"": 60.0, ""jitter"": 0.3, ""margin_depths"": 2.0, ""pitch"": 5.5, ""plate_over"": 1.15, ""plate_t_bot"": 0.2, ""plate_t_top"": 0.2, ""seed"": 101, ""tilt_deg"": 2.0, ""tilt_jitter"": 0.0, ""topology"": ""shingle""}"
BL_FLAT_t200_p0550_a02_rand_s101,flat,0.2,5.5,2.0,random,101,d100,40.0,0.002257232554256916,0.04999997094273567,"{""azimuth_jitter"": 180.0, ""azimuth_mode"": ""random"", ""backing"": 2.0, ""depth"": 50.0, ""face_h"": 60.0, ""face_w"": 60.0, ""jitter"": 0.3, ""margin_depths"": 2.0, ""pitch"": 5.5, ""plate_over"": 1.15, ""plate_t_bot"": 0.2, ""plate_t_top"": 0.2, ""seed"": 101, ""tilt_deg"": 2.0, ""tilt_jitter"": 0.0, ""topology"": ""shingle""}"
BL_FLAT_t200_p0550_a02_grid_s101,flat,0.2,5.5,2.0,grid,101,d00,0.0,0.0022934458684176207,0.04999997094273567,"{""azimuth_jitter"": 180.0, ""azimuth_mode"": ""grid"", ""backing"": 2.0, ""depth"": 50.0, ""face_h"": 60.0, ""face_w"": 60.0, ""jitter"": 0.3, ""margin_depths"": 2.0, ""pitch"": 5.5, ""plate_over"": 1.15, ""plate_t_bot"": 0.2, ""plate_t_top"": 0.2, ""seed"": 101, ""tilt_deg"": 2.0, ""tilt_jitter"": 0.0, ""topology"": ""shingle""}"
BL_FLAT_t200_p0550_a02_grid_s101,flat,0.2,5.5,2.0,grid,101,d00,-20.0,0.0007272155489772558,0.04999997094273567,"{""azimuth_jitter"": 180.0, ""azimuth_mode"": ""grid"", ""backing"": 2.0, ""depth"": 50.0, ""face_h"": 60.0, ""face_w"": 60.0, ""jitter"": 0.3, ""margin_depths"": 2.0, ""pitch"": 5.5, ""plate_over"": 1.15, ""plate_t_bot"": 0.2, ""plate_t_top"": 0.2, ""seed"": 101, ""tilt_deg"": 2.0, ""tilt_jitter"": 0.0, ""topology"": ""shingle""}"
BL_FLAT_t200_p0550_a02_grid_s101,flat,0.2,5.5,2.0,grid,101,d00,-40.0,0.0007093799067661166,0.04999997094273567,"{""azimuth_jitter"": 180.0, ""azimuth_mode"": ""grid"", ""backing"": 2.0, ""depth"": 50.0, ""face_h"": 60.0, ""face_w"": 60.0, ""jitter"": 0.3, ""margin_depths"": 2.0, ""pitch"": 5.5, ""plate_over"": 1.15, ""plate_t_bot"": 0.2, ""plate_t_top"": 0.2, ""seed"": 101, ""tilt_deg"": 2.0, ""tilt_jitter"": 0.0, ""topology"": ""shingle""}"
BL_FLAT_t200_p0550_a02_grid_s101,flat,0.2,5.5,2.0,grid,101,d00,20.0,0.0006945747300051153,0.04999997094273567,"{""azimuth_jitter"": 180.0, ""azimuth_mode"": ""grid"", ""backing"": 2.0, ""depth"": 50.0, ""face_h"": 60.0, ""face_w"": 60.0, ""jitter"": 0.3, ""margin_depths"": 2.0, ""pitch"": 5.5, ""plate_over"": 1.15, ""plate_t_bot"": 0.2, ""plate_t_top"": 0.2, ""seed"": 101, ""tilt_deg"": 2.0, ""tilt_jitter"": 0.0, ""topology"": ""shingle""}"
BL_FLAT_t200_p0550_a02_grid_s101,flat,0.2,5.5,2.0,grid,101,d00,40.0,0.0007120831869542599,0.04999997094273567,"{""azimuth_jitter"": 180.0, ""azimuth_mode"": ""grid"", ""backing"": 2.0, ""depth"": 50.0, ""face_h"": 60.0, ""face_w"": 60.0, ""jitter"": 0.3, ""margin_depths"": 2.0, ""pitch"": 5.5, ""plate_over"": 1.15, ""plate_t_bot"": 0.2, ""plate_t_top"": 0.2, ""seed"": 101, ""tilt_deg"": 2.0, ""tilt_jitter"": 0.0, ""topology"": ""shingle""}"
BL_FLAT_t200_p0550_a02_grid_s101,flat,0.2,5.5,2.0,grid,101,d76,0.0,0.001064759329892695,0.04999997094273567,"{""azimuth_jitter"": 180.0, ""azimuth_mode"": ""grid"", ""backing"": 2.0, ""depth"": 50.0, ""face_h"": 60.0, ""face_w"": 60.0, ""jitter"": 0.3, ""margin_depths"": 2.0, ""pitch"": 5.5, ""plate_over"": 1.15, ""plate_t_bot"": 0.2, ""plate_t_top"": 0.2, ""seed"": 101, ""tilt_deg"": 2.0, ""tilt_jitter"": 0.0, ""topology"": ""shingle""}"
BL_FLAT_t200_p0550_a02_grid_s101,flat,0.2,5.5,2.0,grid,101,d76,-20.0,0.0011076123919337988,0.04999997094273567,"{""azimuth_jitter"": 180.0, ""azimuth_mode"": ""grid"", ""backing"": 2.0, ""depth"": 50.0, ""face_h"": 60.0, ""face_w"": 60.0, ""jitter"": 0.3, ""margin_depths"": 2.0, ""pitch"": 5.5, ""plate_over"": 1.15, ""plate_t_bot"": 0.2, ""plate_t_top"": 0.2, ""seed"": 101, ""tilt_deg"": 2.0, ""tilt_jitter"": 0.0, ""topology"": ""shingle""}"
BL_FLAT_t200_p0550_a02_grid_s101,flat,0.2,5.5,2.0,grid,101,d76,-40.0,0.0017013241304084659,0.04999997094273567,"{""azimuth_jitter"": 180.0, ""azimuth_mode"": ""grid"", ""backing"": 2.0, ""depth"": 50.0, ""face_h"": 60.0, ""face_w"": 60.0, ""jitter"": 0.3, ""margin_depths"": 2.0, ""pitch"": 5.5, ""plate_over"": 1.15, ""plate_t_bot"": 0.2, ""plate_t_top"": 0.2, ""seed"": 101, ""tilt_deg"": 2.0, ""tilt_jitter"": 0.0, ""topology"": ""shingle""}"
BL_FLAT_t200_p0550_a02_grid_s101,flat,0.2,5.5,2.0,grid,101,d76,20.0,0.0013482681242749095,0.04999997094273567,"{""azimuth_jitter"": 180.0, ""azimuth_mode"": ""grid"", ""backing"": 2.0, ""depth"": 50.0, ""face_h"": 60.0, ""face_w"": 60.0, ""jitter"": 0.3, ""margin_depths"": 2.0, ""pitch"": 5.5, ""plate_over"": 1.15, ""plate_t_bot"": 0.2, ""plate_t_top"": 0.2, ""seed"": 101, ""tilt_deg"": 2.0, ""tilt_jitter"": 0.0, ""topology"": ""shingle""}"
BL_FLAT_t200_p0550_a02_grid_s101,flat,0.2,5.5,2.0,grid,101,d76,40.0,0.001982729649171233,0.04999997094273567,"{""azimuth_jitter"": 180.0, ""azimuth_mode"": ""grid"", ""backing"": 2.0, ""depth"": 50.0, ""face_h"": 60.0, ""face_w"": 60.0, ""jitter"": 0.3, ""margin_depths"": 2.0, ""pitch"": 5.5, ""plate_over"": 1.15, ""plate_t_bot"": 0.2, ""plate_t_top"": 0.2, ""seed"": 101, ""tilt_deg"": 2.0, ""tilt_jitter"": 0.0, ""topology"": ""shingle""}"
BL_FLAT_t200_p0550_a02_grid_s101,flat,0.2,5.5,2.0,grid,101,d100,0.0,0.0007264547748491168,0.04999997094273567,"{""azimuth_jitter"": 180.0, ""azimuth_mode"": ""grid"", ""backing"": 2.0, ""depth"": 50.0, ""face_h"": 60.0, ""face_w"": 60.0, ""jitter"": 0.3, ""margin_depths"": 2.0, ""pitch"": 5.5, ""plate_over"": 1.15, ""plate_t_bot"": 0.2, ""plate_t_top"": 0.2, ""seed"": 101, ""tilt_deg"": 2.0, ""tilt_jitter"": 0.0, ""topology"": ""shingle""}"
BL_FLAT_t200_p0550_a02_grid_s101,flat,0.2,5.5,2.0,grid,101,d100,-20.0,0.0012427704641595483,0.04999997094273567,"{""azimuth_jitter"": 180.0, ""azimuth_mode"": ""grid"", ""backing"": 2.0, ""depth"": 50.0, ""face_h"": 60.0, ""face_w"": 60.0, ""jitter"": 0.3, ""margin_depths"": 2.0, ""pitch"": 5.5, ""plate_over"": 1.15, ""plate_t_bot"": 0.2, ""plate_t_top"": 0.2, ""seed"": 101, ""tilt_deg"": 2.0, ""tilt_jitter"": 0.0, ""topology"": ""shingle""}"
BL_FLAT_t200_p0550_a02_grid_s101,flat,0.2,5.5,2.0,grid,101,d100,-40.0,0.002019205829128623,0.04999997094273567,"{""azimuth_jitter"": 180.0, ""azimuth_mode"": ""grid"", ""backing"": 2.0, ""depth"": 50.0, ""face_h"": 60.0, ""face_w"": 60.0, ""jitter"": 0.3, ""margin_depths"": 2.0, ""pitch"": 5.5, ""plate_over"": 1.15, ""plate_t_bot"": 0.2, ""plate_t_top"": 0.2, ""seed"": 101, ""tilt_deg"": 2.0, ""tilt_jitter"": 0.0, ""topology"": ""shingle""}"
BL_FLAT_t200_p0550_a02_grid_s101,flat,0.2,5.5,2.0,grid,101,d100,20.0,0.0015721172094345093,0.04999997094273567,"{""azimuth_jitter"": 180.0, ""azimuth_mode"": ""grid"", ""backing"": 2.0, ""depth"": 50.0, ""face_h"": 60.0, ""face_w"": 60.0, ""jitter"": 0.3, ""margin_depths"": 2.0, ""pitch"": 5.5, ""plate_over"": 1.15, ""plate_t_bot"": 0.2, ""plate_t_top"": 0.2, ""seed"": 101, ""tilt_deg"": 2.0, ""tilt_jitter"": 0.0, ""topology"": ""shingle""}"
BL_FLAT_t200_p0550_a02_grid_s101,flat,0.2,5.5,2.0,grid,101,d100,40.0,0.002395110670477152,0.04999997094273567,"{""azimuth_jitter"": 180.0, ""azimuth_mode"": ""grid"", ""backing"": 2.0, ""depth"": 50.0, ""face_h"": 60.0, ""face_w"": 60.0, ""jitter"": 0.3, ""margin_depths"": 2.0, ""pitch"": 5.5, ""plate_over"": 1.15, ""plate_t_bot"": 0.2, ""plate_t_top"": 0.2, ""seed"": 101, ""tilt_deg"": 2.0, ""tilt_jitter"": 0.0, ""topology"": ""shingle""}"
BL_FLAT_t200_p0550_a06_rand_s101,flat,0.2,5.5,6.0,random,101,d00,0.0,0.001531955786049366,0.04999997094273567,"{""azimuth_jitter"": 180.0, ""azimuth_mode"": ""random"", ""backing"": 2.0, ""depth"": 50.0, ""face_h"": 60.0, ""face_w"": 60.0, ""jitter"": 0.3, ""margin_depths"": 2.0, ""pitch"": 5.5, ""plate_over"": 1.15, ""plate_t_bot"": 0.2, ""plate_t_top"": 0.2, ""seed"": 101, ""tilt_deg"": 6.0, ""tilt_jitter"": 0.0, ""topology"": ""shingle""}"
BL_FLAT_t200_p0550_a06_rand_s101,flat,0.2,5.5,6.0,random,101,d00,-20.0,0.0007686195312999189,0.04999997094273567,"{""azimuth_jitter"": 180.0, ""azimuth_mode"": ""random"", ""backing"": 2.0, ""depth"": 50.0, ""face_h"": 60.0, ""face_w"": 60.0, ""jitter"": 0.3, ""margin_depths"": 2.0, ""pitch"": 5.5, ""plate_over"": 1.15, ""plate_t_bot"": 0.2, ""plate_t_top"": 0.2, ""seed"": 101, ""tilt_deg"": 6.0, ""tilt_jitter"": 0.0, ""topology"": ""shingle""}"
BL_FLAT_t200_p0550_a06_rand_s101,flat,0.2,5.5,6.0,random,101,d00,-40.0,0.000714264577254653,0.04999997094273567,"{""azimuth_jitter"": 180.0, ""azimuth_mode"": ""random"", ""backing"": 2.0, ""depth"": 50.0, ""face_h"": 60.0, ""face_w"": 60.0, ""jitter"": 0.3, ""margin_depths"": 2.0, ""pitch"": 5.5, ""plate_over"": 1.15, ""plate_t_bot"": 0.2, ""plate_t_top"": 0.2, ""seed"": 101, ""tilt_deg"": 6.0, ""tilt_jitter"": 0.0, ""topology"": ""shingle""}"
BL_FLAT_t200_p0550_a06_rand_s101,flat,0.2,5.5,6.0,random,101,d00,20.0,0.0007243555737659335,0.04999997094273567,"{""azimuth_jitter"": 180.0, ""azimuth_mode"": ""random"", ""backing"": 2.0, ""depth"": 50.0, ""face_h"": 60.0, ""face_w"": 60.0, ""jitter"": 0.3, ""margin_depths"": 2.0, ""pitch"": 5.5, ""plate_over"": 1.15, ""plate_t_bot"": 0.2, ""plate_t_top"": 0.2, ""seed"": 101, ""tilt_deg"": 6.0, ""tilt_jitter"": 0.0, ""topology"": ""shingle""}"
BL_FLAT_t200_p0550_a06_rand_s101,flat,0.2,5.5,6.0,random,101,d00,40.0,0.0007494584424421191,0.04999997094273567,"{""azimuth_jitter"": 180.0, ""azimuth_mode"": ""random"", ""backing"": 2.0, ""depth"": 50.0, ""face_h"": 60.0, ""face_w"": 60.0, ""jitter"": 0.3, ""margin_depths"": 2.0, ""pitch"": 5.5, ""plate_over"": 1.15, ""plate_t_bot"": 0.2, ""plate_t_top"": 0.2, ""seed"": 101, ""tilt_deg"": 6.0, ""tilt_jitter"": 0.0, ""topology"": ""shingle""}"
BL_FLAT_t200_p0550_a06_rand_s101,flat,0.2,5.5,6.0,random,101,d76,0.0,0.0011377758346498013,0.04999997094273567,"{""azimuth_jitter"": 180.0, ""azimuth_mode"": ""random"", ""backing"": 2.0, ""depth"": 50.0, ""face_h"": 60.0, ""face_w"": 60.0, ""jitter"": 0.3, ""margin_depths"": 2.0, ""pitch"": 5.5, ""plate_over"": 1.15, ""plate_t_bot"": 0.2, ""plate_t_top"": 0.2, ""seed"": 101, ""tilt_deg"": 6.0, ""tilt_jitter"": 0.0, ""topology"": ""shingle""}"
BL_FLAT_t200_p0550_a06_rand_s101,flat,0.2,5.5,6.0,random,101,d76,-20.0,0.0012576350709423423,0.04999997094273567,"{""azimuth_jitter"": 180.0, ""azimuth_mode"": ""random"", ""backing"": 2.0, ""depth"": 50.0, ""face_h"": 60.0, ""face_w"": 60.0, ""jitter"": 0.3, ""margin_depths"": 2.0, ""pitch"": 5.5, ""plate_over"": 1.15, ""plate_t_bot"": 0.2, ""plate_t_top"": 0.2, ""seed"": 101, ""tilt_deg"": 6.0, ""tilt_jitter"": 0.0, ""topology"": ""shingle""}"
BL_FLAT_t200_p0550_a06_rand_s101,flat,0.2,5.5,6.0,random,101,d76,-40.0,0.0018734285840764642,0.04999997094273567,"{""azimuth_jitter"": 180.0, ""azimuth_mode"": ""random"", ""backing"": 2.0, ""depth"": 50.0, ""face_h"": 60.0, ""face_w"": 60.0, ""jitter"": 0.3, ""margin_depths"": 2.0, ""pitch"": 5.5, ""plate_over"": 1.15, ""plate_t_bot"": 0.2, ""plate_t_top"": 0.2, ""seed"": 101, ""tilt_deg"": 6.0, ""tilt_jitter"": 0.0, ""topology"": ""shingle""}"
BL_FLAT_t200_p0550_a06_rand_s101,flat,0.2,5.5,6.0,random,101,d76,20.0,0.0013592165196314454,0.04999997094273567,"{""azimuth_jitter"": 180.0, ""azimuth_mode"": ""random"", ""backing"": 2.0, ""depth"": 50.0, ""face_h"": 60.0, ""face_w"": 60.0, ""jitter"": 0.3, ""margin_depths"": 2.0, ""pitch"": 5.5, ""plate_over"": 1.15, ""plate_t_bot"": 0.2, ""plate_t_top"": 0.2, ""seed"": 101, ""tilt_deg"": 6.0, ""tilt_jitter"": 0.0, ""topology"": ""shingle""}"
BL_FLAT_t200_p0550_a06_rand_s101,flat,0.2,5.5,6.0,random,101,d76,40.0,0.001954738050699234,0.04999997094273567,"{""azimuth_jitter"": 180.0, ""azimuth_mode"": ""random"", ""backing"": 2.0, ""depth"": 50.0, ""face_h"": 60.0, ""face_w"": 60.0, ""jitter"": 0.3, ""margin_depths"": 2.0, ""pitch"": 5.5, ""plate_over"": 1.15, ""plate_t_bot"": 0.2, ""plate_t_top"": 0.2, ""seed"": 101, ""tilt_deg"": 6.0, ""tilt_jitter"": 0.0, ""topology"": ""shingle""}"
BL_FLAT_t200_p0550_a06_rand_s101,flat,0.2,5.5,6.0,random,101,d100,0.0,0.0010571288876235485,0.04999997094273567,"{""azimuth_jitter"": 180.0, ""azimuth_mode"": ""random"", ""backing"": 2.0, ""depth"": 50.0, ""face_h"": 60.0, ""face_w"": 60.0, ""jitter"": 0.3, ""margin_depths"": 2.0, ""pitch"": 5.5, ""plate_over"": 1.15, ""plate_t_bot"": 0.2, ""plate_t_top"": 0.2, ""seed"": 101, ""tilt_deg"": 6.0, ""tilt_jitter"": 0.0, ""topology"": ""shingle""}"
BL_FLAT_t200_p0550_a06_rand_s101,flat,0.2,5.5,6.0,random,101,d100,-20.0,0.0014409514842554927,0.04999997094273567,"{""azimuth_jitter"": 180.0, ""azimuth_mode"": ""random"", ""backing"": 2.0, ""depth"": 50.0, ""face_h"": 60.0, ""face_w"": 60.0, ""jitter"": 0.3, ""margin_depths"": 2.0, ""pitch"": 5.5, ""plate_over"": 1.15, ""plate_t_bot"": 0.2, ""plate_t_top"": 0.2, ""seed"": 101, ""tilt_deg"": 6.0, ""tilt_jitter"": 0.0, ""topology"": ""shingle""}"
BL_FLAT_t200_p0550_a06_rand_s101,flat,0.2,5.5,6.0,random,101,d100,-40.0,0.0022533482406288385,0.04999997094273567,"{""azimuth_jitter"": 180.0, ""azimuth_mode"": ""random"", ""backing"": 2.0, ""depth"": 50.0, ""face_h"": 60.0, ""face_w"": 60.0, ""jitter"": 0.3, ""margin_depths"": 2.0, ""pitch"": 5.5, ""plate_over"": 1.15, ""plate_t_bot"": 0.2, ""plate_t_top"": 0.2, ""seed"": 101, ""tilt_deg"": 6.0, ""tilt_jitter"": 0.0, ""topology"": ""shingle""}"
BL_FLAT_t200_p0550_a06_rand_s101,flat,0.2,5.5,6.0,random,101,d100,20.0,0.0015706955455243587,0.04999997094273567,"{""azimuth_jitter"": 180.0, ""azimuth_mode"": ""random"", ""backing"": 2.0, ""depth"": 50.0, ""face_h"": 60.0, ""face_w"": 60.0, ""jitter"": 0.3, ""margin_depths"": 2.0, ""pitch"": 5.5, ""plate_over"": 1.15, ""plate_t_bot"": 0.2, ""plate_t_top"": 0.2, ""seed"": 101, ""tilt_deg"": 6.0, ""tilt_jitter"": 0.0, ""topology"": ""shingle""}"
BL_FLAT_t200_p0550_a06_rand_s101,flat,0.2,5.5,6.0,random,101,d100,40.0,0.0023406886029988527,0.04999997094273567,"{""azimuth_jitter"": 180.0, ""azimuth_mode"": ""random"", ""backing"": 2.0, ""depth"": 50.0, ""face_h"": 60.0, ""face_w"": 60.0, ""jitter"": 0.3, ""margin_depths"": 2.0, ""pitch"": 5.5, ""plate_over"": 1.15, ""plate_t_bot"": 0.2, ""plate_t_top"": 0.2, ""seed"": 101, ""tilt_deg"": 6.0, ""tilt_jitter"": 0.0, ""topology"": ""shingle""}"
BL_FLAT_t200_p0550_a06_grid_s101,flat,0.2,5.5,6.0,grid,101,d00,0.0,0.0012891306541860104,0.04999997094273567,"{""azimuth_jitter"": 180.0, ""azimuth_mode"": ""grid"", ""backing"": 2.0, ""depth"": 50.0, ""face_h"": 60.0, ""face_w"": 60.0, ""jitter"": 0.3, ""margin_depths"": 2.0, ""pitch"": 5.5, ""plate_over"": 1.15, ""plate_t_bot"": 0.2, ""plate_t_top"": 0.2, ""seed"": 101, ""tilt_deg"": 6.0, ""tilt_jitter"": 0.0, ""topology"": ""shingle""}"
BL_FLAT_t200_p0550_a06_grid_s101,flat,0.2,5.5,6.0,grid,101,d00,-20.0,0.0008079481776803732,0.04999997094273567,"{""azimuth_jitter"": 180.0, ""azimuth_mode"": ""grid"", ""backing"": 2.0, ""depth"": 50.0, ""face_h"": 60.0, ""face_w"": 60.0, ""jitter"": 0.3, ""margin_depths"": 2.0, ""pitch"": 5.5, ""plate_over"": 1.15, ""plate_t_bot"": 0.2, ""plate_t_top"": 0.2, ""seed"": 101, ""tilt_deg"": 6.0, ""tilt_jitter"": 0.0, ""topology"": ""shingle""}"
BL_FLAT_t200_p0550_a06_grid_s101,flat,0.2,5.5,6.0,grid,101,d00,-40.0,0.0007733356906101108,0.04999997094273567,"{""azimuth_jitter"": 180.0, ""azimuth_mode"": ""grid"", ""backing"": 2.0, ""depth"": 50.0, ""face_h"": 60.0, ""face_w"": 60.0, ""jitter"": 0.3, ""margin_depths"": 2.0, ""pitch"": 5.5, ""plate_over"": 1.15, ""plate_t_bot"": 0.2, ""plate_t_top"": 0.2, ""seed"": 101, ""tilt_deg"": 6.0, ""tilt_jitter"": 0.0, ""topology"": ""shingle""}"
BL_FLAT_t200_p0550_a06_grid_s101,flat,0.2,5.5,6.0,grid,101,d00,20.0,0.0007029768312349916,0.04999997094273567,"{""azimuth_jitter"": 180.0, ""azimuth_mode"": ""grid"", ""backing"": 2.0, ""depth"": 50.0, ""face_h"": 60.0, ""face_w"": 60.0, ""jitter"": 0.3, ""margin_depths"": 2.0, ""pitch"": 5.5, ""plate_over"": 1.15, ""plate_t_bot"": 0.2, ""plate_t_top"": 0.2, ""seed"": 101, ""tilt_deg"": 6.0, ""tilt_jitter"": 0.0, ""topology"": ""shingle""}"
BL_FLAT_t200_p0550_a06_grid_s101,flat,0.2,5.5,6.0,grid,101,d00,40.0,0.0007871065172366798,0.04999997094273567,"{""azimuth_jitter"": 180.0, ""azimuth_mode"": ""grid"", ""backing"": 2.0, ""depth"": 50.0, ""face_h"": 60.0, ""face_w"": 60.0, ""jitter"": 0.3, ""margin_depths"": 2.0, ""pitch"": 5.5, ""plate_over"": 1.15, ""plate_t_bot"": 0.2, ""plate_t_top"": 0.2, ""seed"": 101, ""tilt_deg"": 6.0, ""tilt_jitter"": 0.0, ""topology"": ""shingle""}"
BL_FLAT_t200_p0550_a06_grid_s101,flat,0.2,5.5,6.0,grid,101,d76,0.0,0.001065178425051272,0.04999997094273567,"{""azimuth_jitter"": 180.0, ""azimuth_mode"": ""grid"", ""backing"": 2.0, ""depth"": 50.0, ""face_h"": 60.0, ""face_w"": 60.0, ""jitter"": 0.3, ""margin_depths"": 2.0, ""pitch"": 5.5, ""plate_over"": 1.15, ""plate_t_bot"": 0.2, ""plate_t_top"": 0.2, ""seed"": 101, ""tilt_deg"": 6.0, ""tilt_jitter"": 0.0, ""topology"": ""shingle""}"
BL_FLAT_t200_p0550_a06_grid_s101,flat,0.2,5.5,6.0,grid,101,d76,-20.0,0.0010783278848975897,0.04999997094273567,"{""azimuth_jitter"": 180.0, ""azimuth_mode"": ""grid"", ""backing"": 2.0, ""depth"": 50.0, ""face_h"": 60.0, ""face_w"": 60.0, ""jitter"": 0.3, ""margin_depths"": 2.0, ""pitch"": 5.5, ""plate_over"": 1.15, ""plate_t_bot"": 0.2, ""plate_t_top"": 0.2, ""seed"": 101, ""tilt_deg"": 6.0, ""tilt_jitter"": 0.0, ""topology"": ""shingle""}"
BL_FLAT_t200_p0550_a06_grid_s101,flat,0.2,5.5,6.0,grid,101,d76,-40.0,0.0016195120988413692,0.04999997094273567,"{""azimuth_jitter"": 180.0, ""azimuth_mode"": ""grid"", ""backing"": 2.0, ""depth"": 50.0, ""face_h"": 60.0, ""face_w"": 60.0, ""jitter"": 0.3, ""margin_depths"": 2.0, ""pitch"": 5.5, ""plate_over"": 1.15, ""plate_t_bot"": 0.2, ""plate_t_top"": 0.2, ""seed"": 101, ""tilt_deg"": 6.0, ""tilt_jitter"": 0.0, ""topology"": ""shingle""}"
BL_FLAT_t200_p0550_a06_grid_s101,flat,0.2,5.5,6.0,grid,101,d76,20.0,0.0016040782211348414,0.04999997094273567,"{""azimuth_jitter"": 180.0, ""azimuth_mode"": ""grid"", ""backing"": 2.0, ""depth"": 50.0, ""face_h"": 60.0, ""face_w"": 60.0, ""jitter"": 0.3, ""margin_depths"": 2.0, ""pitch"": 5.5, ""plate_over"": 1.15, ""plate_t_bot"": 0.2, ""plate_t_top"": 0.2, ""seed"": 101, ""tilt_deg"": 6.0, ""tilt_jitter"": 0.0, ""topology"": ""shingle""}"
BL_FLAT_t200_p0550_a06_grid_s101,flat,0.2,5.5,6.0,grid,101,d76,40.0,0.002231039572507143,0.04999997094273567,"{""azimuth_jitter"": 180.0, ""azimuth_mode"": ""grid"", ""backing"": 2.0, ""depth"": 50.0, ""face_h"": 60.0, ""face_w"": 60.0, ""jitter"": 0.3, ""margin_depths"": 2.0, ""pitch"": 5.5, ""plate_over"": 1.15, ""plate_t_bot"": 0.2, ""plate_t_top"": 0.2, ""seed"": 101, ""tilt_deg"": 6.0, ""tilt_jitter"": 0.0, ""topology"": ""shingle""}"
BL_FLAT_t200_p0550_a06_grid_s101,flat,0.2,5.5,6.0,grid,101,d100,0.0,0.0010234224610030651,0.04999997094273567,"{""azimuth_jitter"": 180.0, ""azimuth_mode"": ""grid"", ""backing"": 2.0, ""depth"": 50.0, ""face_h"": 60.0, ""face_w"": 60.0, ""jitter"": 0.3, ""margin_depths"": 2.0, ""pitch"": 5.5, ""plate_over"": 1.15, ""plate_t_bot"": 0.2, ""plate_t_top"": 0.2, ""seed"": 101, ""tilt_deg"": 6.0, ""tilt_jitter"": 0.0, ""topology"": ""shingle""}"
BL_FLAT_t200_p0550_a06_grid_s101,flat,0.2,5.5,6.0,grid,101,d100,-20.0,0.0011899727396667004,0.04999997094273567,"{""azimuth_jitter"": 180.0, ""azimuth_mode"": ""grid"", ""backing"": 2.0, ""depth"": 50.0, ""face_h"": 60.0, ""face_w"": 60.0, ""jitter"": 0.3, ""margin_depths"": 2.0, ""pitch"": 5.5, ""plate_over"": 1.15, ""plate_t_bot"": 0.2, ""plate_t_top"": 0.2, ""seed"": 101, ""tilt_deg"": 6.0, ""tilt_jitter"": 0.0, ""topology"": ""shingle""}"
BL_FLAT_t200_p0550_a06_grid_s101,flat,0.2,5.5,6.0,grid,101,d100,-40.0,0.0018974612466990948,0.04999997094273567,"{""azimuth_jitter"": 180.0, ""azimuth_mode"": ""grid"", ""backing"": 2.0, ""depth"": 50.0, ""face_h"": 60.0, ""face_w"": 60.0, ""jitter"": 0.3, ""margin_depths"": 2.0, ""pitch"": 5.5, ""plate_over"": 1.15, ""plate_t_bot"": 0.2, ""plate_t_top"": 0.2, ""seed"": 101, ""tilt_deg"": 6.0, ""tilt_jitter"": 0.0, ""topology"": ""shingle""}"
BL_FLAT_t200_p0550_a06_grid_s101,flat,0.2,5.5,6.0,grid,101,d100,20.0,0.0019025926012545824,0.04999997094273567,"{""azimuth_jitter"": 180.0, ""azimuth_mode"": ""grid"", ""backing"": 2.0, ""depth"": 50.0, ""face_h"": 60.0, ""face_w"": 60.0, ""jitter"": 0.3, ""margin_depths"": 2.0, ""pitch"": 5.5, ""plate_over"": 1.15, ""plate_t_bot"": 0.2, ""plate_t_top"": 0.2, ""seed"": 101, ""tilt_deg"": 6.0, ""tilt_jitter"": 0.0, ""topology"": ""shingle""}"
BL_FLAT_t200_p0550_a06_grid_s101,flat,0.2,5.5,6.0,grid,101,d100,40.0,0.0027022918220609426,0.04999997094273567,"{""azimuth_jitter"": 180.0, ""azimuth_mode"": ""grid"", ""backing"": 2.0, ""depth"": 50.0, ""face_h"": 60.0, ""face_w"": 60.0, ""jitter"": 0.3, ""margin_depths"": 2.0, ""pitch"": 5.5, ""plate_over"": 1.15, ""plate_t_bot"": 0.2, ""plate_t_top"": 0.2, ""seed"": 101, ""tilt_deg"": 6.0, ""tilt_jitter"": 0.0, ""topology"": ""shingle""}"
BL_FLAT_t200_p0750_a02_rand_s101,flat,0.2,7.5,2.0,random,101,d00,0.0,0.003026889404281974,0.04999997094273567,"{""azimuth_jitter"": 180.0, ""azimuth_mode"": ""random"", ""backing"": 2.0, ""depth"": 50.0, ""face_h"": 60.0, ""face_w"": 60.0, ""jitter"": 0.3, ""margin_depths"": 2.0, ""pitch"": 7.5, ""plate_over"": 1.15, ""plate_t_bot"": 0.2, ""plate_t_top"": 0.2, ""seed"": 101, ""tilt_deg"": 2.0, ""tilt_jitter"": 0.0, ""topology"": ""shingle""}"
BL_FLAT_t200_p0750_a02_rand_s101,flat,0.2,7.5,2.0,random,101,d00,-20.0,0.0006494260742329061,0.04999997094273567,"{""azimuth_jitter"": 180.0, ""azimuth_mode"": ""random"", ""backing"": 2.0, ""depth"": 50.0, ""face_h"": 60.0, ""face_w"": 60.0, ""jitter"": 0.3, ""margin_depths"": 2.0, ""pitch"": 7.5, ""plate_over"": 1.15, ""plate_t_bot"": 0.2, ""plate_t_top"": 0.2, ""seed"": 101, ""tilt_deg"": 2.0, ""tilt_jitter"": 0.0, ""topology"": ""shingle""}"
BL_FLAT_t200_p0750_a02_rand_s101,flat,0.2,7.5,2.0,random,101,d00,-40.0,0.0005647240323014557,0.04999997094273567,"{""azimuth_jitter"": 180.0, ""azimuth_mode"": ""random"", ""backing"": 2.0, ""depth"": 50.0, ""face_h"": 60.0, ""face_w"": 60.0, ""jitter"": 0.3, ""margin_depths"": 2.0, ""pitch"": 7.5, ""plate_over"": 1.15, ""plate_t_bot"": 0.2, ""plate_t_top"": 0.2, ""seed"": 101, ""tilt_deg"": 2.0, ""tilt_jitter"": 0.0, ""topology"": ""shingle""}"
BL_FLAT_t200_p0750_a02_rand_s101,flat,0.2,7.5,2.0,random,101,d00,20.0,0.0006051143282093108,0.04999997094273567,"{""azimuth_jitter"": 180.0, ""azimuth_mode"": ""random"", ""backing"": 2.0, ""depth"": 50.0, ""face_h"": 60.0, ""face_w"": 60.0, ""jitter"": 0.3, ""margin_depths"": 2.0, ""pitch"": 7.5, ""plate_over"": 1.15, ""plate_t_bot"": 0.2, ""plate_t_top"": 0.2, ""seed"": 101, ""tilt_deg"": 2.0, ""tilt_jitter"": 0.0, ""topology"": ""shingle""}"
BL_FLAT_t200_p0750_a02_rand_s101,flat,0.2,7.5,2.0,random,101,d00,40.0,0.0005335130263119936,0.04999997094273567,"{""azimuth_jitter"": 180.0, ""azimuth_mode"": ""random"", ""backing"": 2.0, ""depth"": 50.0, ""face_h"": 60.0, ""face_w"": 60.0, ""jitter"": 0.3, ""margin_depths"": 2.0, ""pitch"": 7.5, ""plate_over"": 1.15, ""plate_t_bot"": 0.2, ""plate_t_top"": 0.2, ""seed"": 101, ""tilt_deg"": 2.0, ""tilt_jitter"": 0.0, ""topology"": ""shingle""}"
BL_FLAT_t200_p0750_a02_rand_s101,flat,0.2,7.5,2.0,random,101,d76,0.0,0.0011755144223570824,0.04999997094273567,"{""azimuth_jitter"": 180.0, ""azimuth_mode"": ""random"", ""backing"": 2.0, ""depth"": 50.0, ""face_h"": 60.0, ""face_w"": 60.0, ""jitter"": 0.3, ""margin_depths"": 2.0, ""pitch"": 7.5, ""plate_over"": 1.15, ""plate_t_bot"": 0.2, ""plate_t_top"": 0.2, ""seed"": 101, ""tilt_deg"": 2.0, ""tilt_jitter"": 0.0, ""topology"": ""shingle""}"
BL_FLAT_t200_p0750_a02_rand_s101,flat,0.2,7.5,2.0,random,101,d76,-20.0,0.0011464538984000683,0.04999997094273567,"{""azimuth_jitter"": 180.0, ""azimuth_mode"": ""random"", ""backing"": 2.0, ""depth"": 50.0, ""face_h"": 60.0, ""face_w"": 60.0, ""jitter"": 0.3, ""margin_depths"": 2.0, ""pitch"": 7.5, ""plate_over"": 1.15, ""plate_t_bot"": 0.2, ""plate_t_top"": 0.2, ""seed"": 101, ""tilt_deg"": 2.0, ""tilt_jitter"": 0.0, ""topology"": ""shingle""}"
BL_FLAT_t200_p0750_a02_rand_s101,flat,0.2,7.5,2.0,random,101,d76,-40.0,0.0018022176809608936,0.04999997094273567,"{""azimuth_jitter"": 180.0, ""azimuth_mode"": ""random"", ""backing"": 2.0, ""depth"": 50.0, ""face_h"": 60.0, ""face_w"": 60.0, ""jitter"": 0.3, ""margin_depths"": 2.0, ""pitch"": 7.5, ""plate_over"": 1.15, ""plate_t_bot"": 0.2, ""plate_t_top"": 0.2, ""seed"": 101, ""tilt_deg"": 2.0, ""tilt_jitter"": 0.0, ""topology"": ""shingle""}"
BL_FLAT_t200_p0750_a02_rand_s101,flat,0.2,7.5,2.0,random,101,d76,20.0,0.0011884963605552912,0.04999997094273567,"{""azimuth_jitter"": 180.0, ""azimuth_mode"": ""random"", ""backing"": 2.0, ""depth"": 50.0, ""face_h"": 60.0, ""face_w"": 60.0, ""jitter"": 0.3, ""margin_depths"": 2.0, ""pitch"": 7.5, ""plate_over"": 1.15, ""plate_t_bot"": 0.2, ""plate_t_top"": 0.2, ""seed"": 101, ""tilt_deg"": 2.0, ""tilt_jitter"": 0.0, ""topology"": ""shingle""}"
BL_FLAT_t200_p0750_a02_rand_s101,flat,0.2,7.5,2.0,random,101,d76,40.0,0.001822372549213469,0.04999997094273567,"{""azimuth_jitter"": 180.0, ""azimuth_mode"": ""random"", ""backing"": 2.0, ""depth"": 50.0, ""face_h"": 60.0, ""face_w"": 60.0, ""jitter"": 0.3, ""margin_depths"": 2.0, ""pitch"": 7.5, ""plate_over"": 1.15, ""plate_t_bot"": 0.2, ""plate_t_top"": 0.2, ""seed"": 101, ""tilt_deg"": 2.0, ""tilt_jitter"": 0.0, ""topology"": ""shingle""}"
BL_FLAT_t200_p0750_a02_rand_s101,flat,0.2,7.5,2.0,random,101,d100,0.0,0.0006676835473626852,0.04999997094273567,"{""azimuth_jitter"": 180.0, ""azimuth_mode"": ""random"", ""backing"": 2.0, ""depth"": 50.0, ""face_h"": 60.0, ""face_w"": 60.0, ""jitter"": 0.3, ""margin_depths"": 2.0, ""pitch"": 7.5, ""plate_over"": 1.15, ""plate_t_bot"": 0.2, ""plate_t_top"": 0.2, ""seed"": 101, ""tilt_deg"": 2.0, ""tilt_jitter"": 0.0, ""topology"": ""shingle""}"
BL_FLAT_t200_p0750_a02_rand_s101,flat,0.2,7.5,2.0,random,101,d100,-20.0,0.0013203417183831334,0.04999997094273567,"{""azimuth_jitter"": 180.0, ""azimuth_mode"": ""random"", ""backing"": 2.0, ""depth"": 50.0, ""face_h"": 60.0, ""face_w"": 60.0, ""jitter"": 0.3, ""margin_depths"": 2.0, ""pitch"": 7.5, ""plate_over"": 1.15, ""plate_t_bot"": 0.2, ""plate_t_top"": 0.2, ""seed"": 101, ""tilt_deg"": 2.0, ""tilt_jitter"": 0.0, ""topology"": ""shingle""}"
BL_FLAT_t200_p0750_a02_rand_s101,flat,0.2,7.5,2.0,random,101,d100,-40.0,0.0022079735063016415,0.04999997094273567,"{""azimuth_jitter"": 180.0, ""azimuth_mode"": ""random"", ""backing"": 2.0, ""depth"": 50.0, ""face_h"": 60.0, ""face_w"": 60.0, ""jitter"": 0.3, ""margin_depths"": 2.0, ""pitch"": 7.5, ""plate_over"": 1.15, ""plate_t_bot"": 0.2, ""plate_t_top"": 0.2, ""seed"": 101, ""tilt_deg"": 2.0, ""tilt_jitter"": 0.0, ""topology"": ""shingle""}"
BL_FLAT_t200_p0750_a02_rand_s101,flat,0.2,7.5,2.0,random,101,d100,20.0,0.0013863942585885525,0.04999997094273567,"{""azimuth_jitter"": 180.0, ""azimuth_mode"": ""random"", ""backing"": 2.0, ""depth"": 50.0, ""face_h"": 60.0, ""face_w"": 60.0, ""jitter"": 0.3, ""margin_depths"": 2.0, ""pitch"": 7.5, ""plate_over"": 1.15, ""plate_t_bot"": 0.2, ""plate_t_top"": 0.2, ""seed"": 101, ""tilt_deg"": 2.0, ""tilt_jitter"": 0.0, ""topology"": ""shingle""}"
BL_FLAT_t200_p0750_a02_rand_s101,flat,0.2,7.5,2.0,random,101,d100,40.0,0.0022332107182592154,0.04999997094273567,"{""azimuth_jitter"": 180.0, ""azimuth_mode"": ""random"", ""backing"": 2.0, ""depth"": 50.0, ""face_h"": 60.0, ""face_w"": 60.0, ""jitter"": 0.3, ""margin_depths"": 2.0, ""pitch"": 7.5, ""plate_over"": 1.15, ""plate_t_bot"": 0.2, ""plate_t_top"": 0.2, ""seed"": 101, ""tilt_deg"": 2.0, ""tilt_jitter"": 0.0, ""topology"": ""shingle""}"
BL_FLAT_t200_p0750_a02_grid_s101,flat,0.2,7.5,2.0,grid,101,d00,0.0,0.003096473403275013,0.04999997094273567,"{""azimuth_jitter"": 180.0, ""azimuth_mode"": ""grid"", ""backing"": 2.0, ""depth"": 50.0, ""face_h"": 60.0, ""face_w"": 60.0, ""jitter"": 0.3, ""margin_depths"": 2.0, ""pitch"": 7.5, ""plate_over"": 1.15, ""plate_t_bot"": 0.2, ""plate_t_top"": 0.2, ""seed"": 101, ""tilt_deg"": 2.0, ""tilt_jitter"": 0.0, ""topology"": ""shingle""}"
BL_FLAT_t200_p0750_a02_grid_s101,flat,0.2,7.5,2.0,grid,101,d00,-20.0,0.0008405178086832166,0.04999997094273567,"{""azimuth_jitter"": 180.0, ""azimuth_mode"": ""grid"", ""backing"": 2.0, ""depth"": 50.0, ""face_h"": 60.0, ""face_w"": 60.0, ""jitter"": 0.3, ""margin_depths"": 2.0, ""pitch"": 7.5, ""plate_over"": 1.15, ""plate_t_bot"": 0.2, ""plate_t_top"": 0.2, ""seed"": 101, ""tilt_deg"": 2.0, ""tilt_jitter"": 0.0, ""topology"": ""shingle""}"
BL_FLAT_t200_p0750_a02_grid_s101,flat,0.2,7.5,2.0,grid,101,d00,-40.0,0.0006177211180329323,0.04999997094273567,"{""azimuth_jitter"": 180.0, ""azimuth_mode"": ""grid"", ""backing"": 2.0, ""depth"": 50.0, ""face_h"": 60.0, ""face_w"": 60.0, ""jitter"": 0.3, ""margin_depths"": 2.0, ""pitch"": 7.5, ""plate_over"": 1.15, ""plate_t_bot"": 0.2, ""plate_t_top"": 0.2, ""seed"": 101, ""tilt_deg"": 2.0, ""tilt_jitter"": 0.0, ""topology"": ""shingle""}"
BL_FLAT_t200_p0750_a02_grid_s101,flat,0.2,7.5,2.0,grid,101,d00,20.0,0.0006138015887700021,0.04999997094273567,"{""azimuth_jitter"": 180.0, ""azimuth_mode"": ""grid"", ""backing"": 2.0, ""depth"": 50.0, ""face_h"": 60.0, ""face_w"": 60.0, ""jitter"": 0.3, ""margin_depths"": 2.0, ""pitch"": 7.5, ""plate_over"": 1.15, ""plate_t_bot"": 0.2, ""plate_t_top"": 0.2, ""seed"": 101, ""tilt_deg"": 2.0, ""tilt_jitter"": 0.0, ""topology"": ""shingle""}"
BL_FLAT_t200_p0750_a02_grid_s101,flat,0.2,7.5,2.0,grid,101,d00,40.0,0.0005881370161660016,0.04999997094273567,"{""azimuth_jitter"": 180.0, ""azimuth_mode"": ""grid"", ""backing"": 2.0, ""depth"": 50.0, ""face_h"": 60.0, ""face_w"": 60.0, ""jitter"": 0.3, ""margin_depths"": 2.0, ""pitch"": 7.5, ""plate_over"": 1.15, ""plate_t_bot"": 0.2, ""plate_t_top"": 0.2, ""seed"": 101, ""tilt_deg"": 2.0, ""tilt_jitter"": 0.0, ""topology"": ""shingle""}"
BL_FLAT_t200_p0750_a02_grid_s101,flat,0.2,7.5,2.0,grid,101,d76,0.0,0.0011867489665746689,0.04999997094273567,"{""azimuth_jitter"": 180.0, ""azimuth_mode"": ""grid"", ""backing"": 2.0, ""depth"": 50.0, ""face_h"": 60.0, ""face_w"": 60.0, ""jitter"": 0.3, ""margin_depths"": 2.0, ""pitch"": 7.5, ""plate_over"": 1.15, ""plate_t_bot"": 0.2, ""plate_t_top"": 0.2, ""seed"": 101, ""tilt_deg"": 2.0, ""tilt_jitter"": 0.0, ""topology"": ""shingle""}"
BL_FLAT_t200_p0750_a02_grid_s101,flat,0.2,7.5,2.0,grid,101,d76,-20.0,0.0009780869586393237,0.04999997094273567,"{""azimuth_jitter"": 180.0, ""azimuth_mode"": ""grid"", ""backing"": 2.0, ""depth"": 50.0, ""face_h"": 60.0, ""face_w"": 60.0, ""jitter"": 0.3, ""margin_depths"": 2.0, ""pitch"": 7.5, ""plate_over"": 1.15, ""plate_t_bot"": 0.2, ""plate_t_top"": 0.2, ""seed"": 101, ""tilt_deg"": 2.0, ""tilt_jitter"": 0.0, ""topology"": ""shingle""}"
BL_FLAT_t200_p0750_a02_grid_s101,flat,0.2,7.5,2.0,grid,101,d76,-40.0,0.0014157001860439777,0.04999997094273567,"{""azimuth_jitter"": 180.0, ""azimuth_mode"": ""grid"", ""backing"": 2.0, ""depth"": 50.0, ""face_h"": 60.0, ""face_w"": 60.0, ""jitter"": 0.3, ""margin_depths"": 2.0, ""pitch"": 7.5, ""plate_over"": 1.15, ""plate_t_bot"": 0.2, ""plate_t_top"": 0.2, ""seed"": 101, ""tilt_deg"": 2.0, ""tilt_jitter"": 0.0, ""topology"": ""shingle""}"
BL_FLAT_t200_p0750_a02_grid_s101,flat,0.2,7.5,2.0,grid,101,d76,20.0,0.0010201982222497463,0.04999997094273567,"{""azimuth_jitter"": 180.0, ""azimuth_mode"": ""grid"", ""backing"": 2.0, ""depth"": 50.0, ""face_h"": 60.0, ""face_w"": 60.0, ""jitter"": 0.3, ""margin_depths"": 2.0, ""pitch"": 7.5, ""plate_over"": 1.15, ""plate_t_bot"": 0.2, ""plate_t_top"": 0.2, ""seed"": 101, ""tilt_deg"": 2.0, ""tilt_jitter"": 0.0, ""topology"": ""shingle""}"
BL_FLAT_t200_p0750_a02_grid_s101,flat,0.2,7.5,2.0,grid,101,d76,40.0,0.0015411849599331617,0.04999997094273567,"{""azimuth_jitter"": 180.0, ""azimuth_mode"": ""grid"", ""backing"": 2.0, ""depth"": 50.0, ""face_h"": 60.0, ""face_w"": 60.0, ""jitter"": 0.3, ""margin_depths"": 2.0, ""pitch"": 7.5, ""plate_over"": 1.15, ""plate_t_bot"": 0.2, ""plate_t_top"": 0.2, ""seed"": 101, ""tilt_deg"": 2.0, ""tilt_jitter"": 0.0, ""topology"": ""shingle""}"
BL_FLAT_t200_p0750_a02_grid_s101,flat,0.2,7.5,2.0,grid,101,d100,0.0,0.000660785473883152,0.04999997094273567,"{""azimuth_jitter"": 180.0, ""azimuth_mode"": ""grid"", ""backing"": 2.0, ""depth"": 50.0, ""face_h"": 60.0, ""face_w"": 60.0, ""jitter"": 0.3, ""margin_depths"": 2.0, ""pitch"": 7.5, ""plate_over"": 1.15, ""plate_t_bot"": 0.2, ""plate_t_top"": 0.2, ""seed"": 101, ""tilt_deg"": 2.0, ""tilt_jitter"": 0.0, ""topology"": ""shingle""}"
BL_FLAT_t200_p0750_a02_grid_s101,flat,0.2,7.5,2.0,grid,101,d100,-20.0,0.0010507996194064617,0.04999997094273567,"{""azimuth_jitter"": 180.0, ""azimuth_mode"": ""grid"", ""backing"": 2.0, ""depth"": 50.0, ""face_h"": 60.0, ""face_w"": 60.0, ""jitter"": 0.3, ""margin_depths"": 2.0, ""pitch"": 7.5, ""plate_over"": 1.15, ""plate_t_bot"": 0.2, ""plate_t_top"": 0.2, ""seed"": 101, ""tilt_deg"": 2.0, ""tilt_jitter"": 0.0, ""topology"": ""shingle""}"
BL_FLAT_t200_p0750_a02_grid_s101,flat,0.2,7.5,2.0,grid,101,d100,-40.0,0.001683843438513577,0.04999997094273567,"{""azimuth_jitter"": 180.0, ""azimuth_mode"": ""grid"", ""backing"": 2.0, ""depth"": 50.0, ""face_h"": 60.0, ""face_w"": 60.0, ""jitter"": 0.3, ""margin_depths"": 2.0, ""pitch"": 7.5, ""plate_over"": 1.15, ""plate_t_bot"": 0.2, ""plate_t_top"": 0.2, ""seed"": 101, ""tilt_deg"": 2.0, ""tilt_jitter"": 0.0, ""topology"": ""shingle""}"
BL_FLAT_t200_p0750_a02_grid_s101,flat,0.2,7.5,2.0,grid,101,d100,20.0,0.0011696633882820606,0.04999997094273567,"{""azimuth_jitter"": 180.0, ""azimuth_mode"": ""grid"", ""backing"": 2.0, ""depth"": 50.0, ""face_h"": 60.0, ""face_w"": 60.0, ""jitter"": 0.3, ""margin_depths"": 2.0, ""pitch"": 7.5, ""plate_over"": 1.15, ""plate_t_bot"": 0.2, ""plate_t_top"": 0.2, ""seed"": 101, ""tilt_deg"": 2.0, ""tilt_jitter"": 0.0, ""topology"": ""shingle""}"
BL_FLAT_t200_p0750_a02_grid_s101,flat,0.2,7.5,2.0,grid,101,d100,40.0,0.0018588840030133724,0.04999997094273567,"{""azimuth_jitter"": 180.0, ""azimuth_mode"": ""grid"", ""backing"": 2.0, ""depth"": 50.0, ""face_h"": 60.0, ""face_w"": 60.0, ""jitter"": 0.3, ""margin_depths"": 2.0, ""pitch"": 7.5, ""plate_over"": 1.15, ""plate_t_bot"": 0.2, ""plate_t_top"": 0.2, ""seed"": 101, ""tilt_deg"": 2.0, ""tilt_jitter"": 0.0, ""topology"": ""shingle""}"
BL_FLAT_t200_p0750_a06_rand_s101,flat,0.2,7.5,6.0,random,101,d00,0.0,0.0016934024170041084,0.04999997094273567,"{""azimuth_jitter"": 180.0, ""azimuth_mode"": ""random"", ""backing"": 2.0, ""depth"": 50.0, ""face_h"": 60.0, ""face_w"": 60.0, ""jitter"": 0.3, ""margin_depths"": 2.0, ""pitch"": 7.5, ""plate_over"": 1.15, ""plate_t_bot"": 0.2, ""plate_t_top"": 0.2, ""seed"": 101, ""tilt_deg"": 6.0, ""tilt_jitter"": 0.0, ""topology"": ""shingle""}"
BL_FLAT_t200_p0750_a06_rand_s101,flat,0.2,7.5,6.0,random,101,d00,-20.0,0.0006087409565225244,0.04999997094273567,"{""azimuth_jitter"": 180.0, ""azimuth_mode"": ""random"", ""backing"": 2.0, ""depth"": 50.0, ""face_h"": 60.0, ""face_w"": 60.0, ""jitter"": 0.3, ""margin_depths"": 2.0, ""pitch"": 7.5, ""plate_over"": 1.15, ""plate_t_bot"": 0.2, ""plate_t_top"": 0.2, ""seed"": 101, ""tilt_deg"": 6.0, ""tilt_jitter"": 0.0, ""topology"": ""shingle""}"
BL_FLAT_t200_p0750_a06_rand_s101,flat,0.2,7.5,6.0,random,101,d00,-40.0,0.0005705392686650157,0.04999997094273567,"{""azimuth_jitter"": 180.0, ""azimuth_mode"": ""random"", ""backing"": 2.0, ""depth"": 50.0, ""face_h"": 60.0, ""face_w"": 60.0, ""jitter"": 0.3, ""margin_depths"": 2.0, ""pitch"": 7.5, ""plate_over"": 1.15, ""plate_t_bot"": 0.2, ""plate_t_top"": 0.2, ""seed"": 101, ""tilt_deg"": 6.0, ""tilt_jitter"": 0.0, ""topology"": ""shingle""}"
BL_FLAT_t200_p0750_a06_rand_s101,flat,0.2,7.5,6.0,random,101,d00,20.0,0.0005758671322837472,0.04999997094273567,"{""azimuth_jitter"": 180.0, ""azimuth_mode"": ""random"", ""backing"": 2.0, ""depth"": 50.0, ""face_h"": 60.0, ""face_w"": 60.0, ""jitter"": 0.3, ""margin_depths"": 2.0, ""pitch"": 7.5, ""plate_over"": 1.15, ""plate_t_bot"": 0.2, ""plate_t_top"": 0.2, ""seed"": 101, ""tilt_deg"": 6.0, ""tilt_jitter"": 0.0, ""topology"": ""shingle""}"
BL_FLAT_t200_p0750_a06_rand_s101,flat,0.2,7.5,6.0,random,101,d00,40.0,0.0005274008144624531,0.04999997094273567,"{""azimuth_jitter"": 180.0, ""azimuth_mode"": ""random"", ""backing"": 2.0, ""depth"": 50.0, ""face_h"": 60.0, ""face_w"": 60.0, ""jitter"": 0.3, ""margin_depths"": 2.0, ""pitch"": 7.5, ""plate_over"": 1.15, ""plate_t_bot"": 0.2, ""plate_t_top"": 0.2, ""seed"": 101, ""tilt_deg"": 6.0, ""tilt_jitter"": 0.0, ""topology"": ""shingle""}"
BL_FLAT_t200_p0750_a06_rand_s101,flat,0.2,7.5,6.0,random,101,d76,0.0,0.0010683245491236448,0.04999997094273567,"{""azimuth_jitter"": 180.0, ""azimuth_mode"": ""random"", ""backing"": 2.0, ""depth"": 50.0, ""face_h"": 60.0, ""face_w"": 60.0, ""jitter"": 0.3, ""margin_depths"": 2.0, ""pitch"": 7.5, ""plate_over"": 1.15, ""plate_t_bot"": 0.2, ""plate_t_top"": 0.2, ""seed"": 101, ""tilt_deg"": 6.0, ""tilt_jitter"": 0.0, ""topology"": ""shingle""}"
BL_FLAT_t200_p0750_a06_rand_s101,flat,0.2,7.5,6.0,random,101,d76,-20.0,0.0011436659842729568,0.04999997094273567,"{""azimuth_jitter"": 180.0, ""azimuth_mode"": ""random"", ""backing"": 2.0, ""depth"": 50.0, ""face_h"": 60.0, ""face_w"": 60.0, ""jitter"": 0.3, ""margin_depths"": 2.0, ""pitch"": 7.5, ""plate_over"": 1.15, ""plate_t_bot"": 0.2, ""plate_t_top"": 0.2, ""seed"": 101, ""tilt_deg"": 6.0, ""tilt_jitter"": 0.0, ""topology"": ""shingle""}"
BL_FLAT_t200_p0750_a06_rand_s101,flat,0.2,7.5,6.0,random,101,d76,-40.0,0.0017958058742806315,0.04999997094273567,"{""azimuth_jitter"": 180.0, ""azimuth_mode"": ""random"", ""backing"": 2.0, ""depth"": 50.0, ""face_h"": 60.0, ""face_w"": 60.0, ""jitter"": 0.3, ""margin_depths"": 2.0, ""pitch"": 7.5, ""plate_over"": 1.15, ""plate_t_bot"": 0.2, ""plate_t_top"": 0.2, ""seed"": 101, ""tilt_deg"": 6.0, ""tilt_jitter"": 0.0, ""topology"": ""shingle""}"
BL_FLAT_t200_p0750_a06_rand_s101,flat,0.2,7.5,6.0,random,101,d76,20.0,0.001271474058739841,0.04999997094273567,"{""azimuth_jitter"": 180.0, ""azimuth_mode"": ""random"", ""backing"": 2.0, ""depth"": 50.0, ""face_h"": 60.0, ""face_w"": 60.0, ""jitter"": 0.3, ""margin_depths"": 2.0, ""pitch"": 7.5, ""plate_over"": 1.15, ""plate_t_bot"": 0.2, ""plate_t_top"": 0.2, ""seed"": 101, ""tilt_deg"": 6.0, ""tilt_jitter"": 0.0, ""topology"": ""shingle""}"
BL_FLAT_t200_p0750_a06_rand_s101,flat,0.2,7.5,6.0,random,101,d76,40.0,0.0018799471436068416,0.04999997094273567,"{""azimuth_jitter"": 180.0, ""azimuth_mode"": ""random"", ""backing"": 2.0, ""depth"": 50.0, ""face_h"": 60.0, ""face_w"": 60.0, ""jitter"": 0.3, ""margin_depths"": 2.0, ""pitch"": 7.5, ""plate_over"": 1.15, ""plate_t_bot"": 0.2, ""plate_t_top"": 0.2, ""seed"": 101, ""tilt_deg"": 6.0, ""tilt_jitter"": 0.0, ""topology"": ""shingle""}"
BL_FLAT_t200_p0750_a06_rand_s101,flat,0.2,7.5,6.0,random,101,d100,0.0,0.0009189297561533749,0.04999997094273567,"{""azimuth_jitter"": 180.0, ""azimuth_mode"": ""random"", ""backing"": 2.0, ""depth"": 50.0, ""face_h"": 60.0, ""face_w"": 60.0, ""jitter"": 0.3, ""margin_depths"": 2.0, ""pitch"": 7.5, ""plate_over"": 1.15, ""plate_t_bot"": 0.2, ""plate_t_top"": 0.2, ""seed"": 101, ""tilt_deg"": 6.0, ""tilt_jitter"": 0.0, ""topology"": ""shingle""}"
BL_FLAT_t200_p0750_a06_rand_s101,flat,0.2,7.5,6.0,random,101,d100,-20.0,0.0013234892394393682,0.04999997094273567,"{""azimuth_jitter"": 180.0, ""azimuth_mode"": ""random"", ""backing"": 2.0, ""depth"": 50.0, ""face_h"": 60.0, ""face_w"": 60.0, ""jitter"": 0.3, ""margin_depths"": 2.0, ""pitch"": 7.5, ""plate_over"": 1.15, ""plate_t_bot"": 0.2, ""plate_t_top"": 0.2, ""seed"": 101, ""tilt_deg"": 6.0, ""tilt_jitter"": 0.0, ""topology"": ""shingle""}"
BL_FLAT_t200_p0750_a06_rand_s101,flat,0.2,7.5,6.0,random,101,d100,-40.0,0.0021917426493018866,0.04999997094273567,"{""azimuth_jitter"": 180.0, ""azimuth_mode"": ""random"", ""backing"": 2.0, ""depth"": 50.0, ""face_h"": 60.0, ""face_w"": 60.0, ""jitter"": 0.3, ""margin_depths"": 2.0, ""pitch"": 7.5, ""plate_over"": 1.15, ""plate_t_bot"": 0.2, ""plate_t_top"": 0.2, ""seed"": 101, ""tilt_deg"": 6.0, ""tilt_jitter"": 0.0, ""topology"": ""shingle""}"
BL_FLAT_t200_p0750_a06_rand_s101,flat,0.2,7.5,6.0,random,101,d100,20.0,0.0015073113609105349,0.04999997094273567,"{""azimuth_jitter"": 180.0, ""azimuth_mode"": ""random"", ""backing"": 2.0, ""depth"": 50.0, ""face_h"": 60.0, ""face_w"": 60.0, ""jitter"": 0.3, ""margin_depths"": 2.0, ""pitch"": 7.5, ""plate_over"": 1.15, ""plate_t_bot"": 0.2, ""plate_t_top"": 0.2, ""seed"": 101, ""tilt_deg"": 6.0, ""tilt_jitter"": 0.0, ""topology"": ""shingle""}"
BL_FLAT_t200_p0750_a06_rand_s101,flat,0.2,7.5,6.0,random,101,d100,40.0,0.002313201082870364,0.04999997094273567,"{""azimuth_jitter"": 180.0, ""azimuth_mode"": ""random"", ""backing"": 2.0, ""depth"": 50.0, ""face_h"": 60.0, ""face_w"": 60.0, ""jitter"": 0.3, ""margin_depths"": 2.0, ""pitch"": 7.5, ""plate_over"": 1.15, ""plate_t_bot"": 0.2, ""plate_t_top"": 0.2, ""seed"": 101, ""tilt_deg"": 6.0, ""tilt_jitter"": 0.0, ""topology"": ""shingle""}"
BL_FLAT_t200_p0750_a06_grid_s101,flat,0.2,7.5,6.0,grid,101,d00,0.0,0.0018632170977070928,0.04999997094273567,"{""azimuth_jitter"": 180.0, ""azimuth_mode"": ""grid"", ""backing"": 2.0, ""depth"": 50.0, ""face_h"": 60.0, ""face_w"": 60.0, ""jitter"": 0.3, ""margin_depths"": 2.0, ""pitch"": 7.5, ""plate_over"": 1.15, ""plate_t_bot"": 0.2, ""plate_t_top"": 0.2, ""seed"": 101, ""tilt_deg"": 6.0, ""tilt_jitter"": 0.0, ""topology"": ""shingle""}"
BL_FLAT_t200_p0750_a06_grid_s101,flat,0.2,7.5,6.0,grid,101,d00,-20.0,0.000791441067121923,0.04999997094273567,"{""azimuth_jitter"": 180.0, ""azimuth_mode"": ""grid"", ""backing"": 2.0, ""depth"": 50.0, ""face_h"": 60.0, ""face_w"": 60.0, ""jitter"": 0.3, ""margin_depths"": 2.0, ""pitch"": 7.5, ""plate_over"": 1.15, ""plate_t_bot"": 0.2, ""plate_t_top"": 0.2, ""seed"": 101, ""tilt_deg"": 6.0, ""tilt_jitter"": 0.0, ""topology"": ""shingle""}"
BL_FLAT_t200_p0750_a06_grid_s101,flat,0.2,7.5,6.0,grid,101,d00,-40.0,0.000691730179823935,0.04999997094273567,"{""azimuth_jitter"": 180.0, ""azimuth_mode"": ""grid"", ""backing"": 2.0, ""depth"": 50.0, ""face_h"": 60.0, ""face_w"": 60.0, ""jitter"": 0.3, ""margin_depths"": 2.0, ""pitch"": 7.5, ""plate_over"": 1.15, ""plate_t_bot"": 0.2, ""plate_t_top"": 0.2, ""seed"": 101, ""tilt_deg"": 6.0, ""tilt_jitter"": 0.0, ""topology"": ""shingle""}"
BL_FLAT_t200_p0750_a06_grid_s101,flat,0.2,7.5,6.0,grid,101,d00,20.0,0.0006408909684978426,0.04999997094273567,"{""azimuth_jitter"": 180.0, ""azimuth_mode"": ""grid"", ""backing"": 2.0, ""depth"": 50.0, ""face_h"": 60.0, ""face_w"": 60.0, ""jitter"": 0.3, ""margin_depths"": 2.0, ""pitch"": 7.5, ""plate_over"": 1.15, ""plate_t_bot"": 0.2, ""plate_t_top"": 0.2, ""seed"": 101, ""tilt_deg"": 6.0, ""tilt_jitter"": 0.0, ""topology"": ""shingle""}"
BL_FLAT_t200_p0750_a06_grid_s101,flat,0.2,7.5,6.0,grid,101,d00,40.0,0.000665923987980932,0.04999997094273567,"{""azimuth_jitter"": 180.0, ""azimuth_mode"": ""grid"", ""backing"": 2.0, ""depth"": 50.0, ""face_h"": 60.0, ""face_w"": 60.0, ""jitter"": 0.3, ""margin_depths"": 2.0, ""pitch"": 7.5, ""plate_over"": 1.15, ""plate_t_bot"": 0.2, ""plate_t_top"": 0.2, ""seed"": 101, ""tilt_deg"": 6.0, ""tilt_jitter"": 0.0, ""topology"": ""shingle""}"
BL_FLAT_t200_p0750_a06_grid_s101,flat,0.2,7.5,6.0,grid,101,d76,0.0,0.0010919058695435524,0.04999997094273567,"{""azimuth_jitter"": 180.0, ""azimuth_mode"": ""grid"", ""backing"": 2.0, ""depth"": 50.0, ""face_h"": 60.0, ""face_w"": 60.0, ""jitter"": 0.3, ""margin_depths"": 2.0, ""pitch"": 7.5, ""plate_over"": 1.15, ""plate_t_bot"": 0.2, ""plate_t_top"": 0.2, ""seed"": 101, ""tilt_deg"": 6.0, ""tilt_jitter"": 0.0, ""topology"": ""shingle""}"
BL_FLAT_t200_p0750_a06_grid_s101,flat,0.2,7.5,6.0,grid,101,d76,-20.0,0.0009506277856417,0.04999997094273567,"{""azimuth_jitter"": 180.0, ""azimuth_mode"": ""grid"", ""backing"": 2.0, ""depth"": 50.0, ""face_h"": 60.0, ""face_w"": 60.0, ""jitter"": 0.3, ""margin_depths"": 2.0, ""pitch"": 7.5, ""plate_over"": 1.15, ""plate_t_bot"": 0.2, ""plate_t_top"": 0.2, ""seed"": 101, ""tilt_deg"": 6.0, ""tilt_jitter"": 0.0, ""topology"": ""shingle""}"
BL_FLAT_t200_p0750_a06_grid_s101,flat,0.2,7.5,6.0,grid,101,d76,-40.0,0.0013786179479211569,0.04999997094273567,"{""azimuth_jitter"": 180.0, ""azimuth_mode"": ""grid"", ""backing"": 2.0, ""depth"": 50.0, ""face_h"": 60.0, ""face_w"": 60.0, ""jitter"": 0.3, ""margin_depths"": 2.0, ""pitch"": 7.5, ""plate_over"": 1.15, ""plate_t_bot"": 0.2, ""plate_t_top"": 0.2, ""seed"": 101, ""tilt_deg"": 6.0, ""tilt_jitter"": 0.0, ""topology"": ""shingle""}"
BL_FLAT_t200_p0750_a06_grid_s101,flat,0.2,7.5,6.0,grid,101,d76,20.0,0.0012648797128349543,0.04999997094273567,"{""azimuth_jitter"": 180.0, ""azimuth_mode"": ""grid"", ""backing"": 2.0, ""depth"": 50.0, ""face_h"": 60.0, ""face_w"": 60.0, ""jitter"": 0.3, ""margin_depths"": 2.0, ""pitch"": 7.5, ""plate_over"": 1.15, ""plate_t_bot"": 0.2, ""plate_t_top"": 0.2, ""seed"": 101, ""tilt_deg"": 6.0, ""tilt_jitter"": 0.0, ""topology"": ""shingle""}"
BL_FLAT_t200_p0750_a06_grid_s101,flat,0.2,7.5,6.0,grid,101,d76,40.0,0.0017930172616615891,0.04999997094273567,"{""azimuth_jitter"": 180.0, ""azimuth_mode"": ""grid"", ""backing"": 2.0, ""depth"": 50.0, ""face_h"": 60.0, ""face_w"": 60.0, ""jitter"": 0.3, ""margin_depths"": 2.0, ""pitch"": 7.5, ""plate_over"": 1.15, ""plate_t_bot"": 0.2, ""plate_t_top"": 0.2, ""seed"": 101, ""tilt_deg"": 6.0, ""tilt_jitter"": 0.0, ""topology"": ""shingle""}"
BL_FLAT_t200_p0750_a06_grid_s101,flat,0.2,7.5,6.0,grid,101,d100,0.0,0.0009039359865710139,0.04999997094273567,"{""azimuth_jitter"": 180.0, ""azimuth_mode"": ""grid"", ""backing"": 2.0, ""depth"": 50.0, ""face_h"": 60.0, ""face_w"": 60.0, ""jitter"": 0.3, ""margin_depths"": 2.0, ""pitch"": 7.5, ""plate_over"": 1.15, ""plate_t_bot"": 0.2, ""plate_t_top"": 0.2, ""seed"": 101, ""tilt_deg"": 6.0, ""tilt_jitter"": 0.0, ""topology"": ""shingle""}"
BL_FLAT_t200_p0750_a06_grid_s101,flat,0.2,7.5,6.0,grid,101,d100,-20.0,0.0010413462296128273,0.04999997094273567,"{""azimuth_jitter"": 180.0, ""azimuth_mode"": ""grid"", ""backing"": 2.0, ""depth"": 50.0, ""face_h"": 60.0, ""face_w"": 60.0, ""jitter"": 0.3, ""margin_depths"": 2.0, ""pitch"": 7.5, ""plate_over"": 1.15, ""plate_t_bot"": 0.2, ""plate_t_top"": 0.2, ""seed"": 101, ""tilt_deg"": 6.0, ""tilt_jitter"": 0.0, ""topology"": ""shingle""}"
BL_FLAT_t200_p0750_a06_grid_s101,flat,0.2,7.5,6.0,grid,101,d100,-40.0,0.0016171071911230683,0.04999997094273567,"{""azimuth_jitter"": 180.0, ""azimuth_mode"": ""grid"", ""backing"": 2.0, ""depth"": 50.0, ""face_h"": 60.0, ""face_w"": 60.0, ""jitter"": 0.3, ""margin_depths"": 2.0, ""pitch"": 7.5, ""plate_over"": 1.15, ""plate_t_bot"": 0.2, ""plate_t_top"": 0.2, ""seed"": 101, ""tilt_deg"": 6.0, ""tilt_jitter"": 0.0, ""topology"": ""shingle""}"
BL_FLAT_t200_p0750_a06_grid_s101,flat,0.2,7.5,6.0,grid,101,d100,20.0,0.0014831895241513848,0.04999997094273567,"{""azimuth_jitter"": 180.0, ""azimuth_mode"": ""grid"", ""backing"": 2.0, ""depth"": 50.0, ""face_h"": 60.0, ""face_w"": 60.0, ""jitter"": 0.3, ""margin_depths"": 2.0, ""pitch"": 7.5, ""plate_over"": 1.15, ""plate_t_bot"": 0.2, ""plate_t_top"": 0.2, ""seed"": 101, ""tilt_deg"": 6.0, ""tilt_jitter"": 0.0, ""topology"": ""shingle""}"
BL_FLAT_t200_p0750_a06_grid_s101,flat,0.2,7.5,6.0,grid,101,d100,40.0,0.002166394842788577,0.04999997094273567,"{""azimuth_jitter"": 180.0, ""azimuth_mode"": ""grid"", ""backing"": 2.0, ""depth"": 50.0, ""face_h"": 60.0, ""face_w"": 60.0, ""jitter"": 0.3, ""margin_depths"": 2.0, ""pitch"": 7.5, ""plate_over"": 1.15, ""plate_t_bot"": 0.2, ""plate_t_top"": 0.2, ""seed"": 101, ""tilt_deg"": 6.0, ""tilt_jitter"": 0.0, ""topology"": ""shingle""}"
BL_WEDG_t100_p0550_a02_rand_s101,wedge,0.1,5.5,2.0,random,101,d00,0.0,0.0019419512245804071,0.04999997094273567,"{""azimuth_jitter"": 180.0, ""azimuth_mode"": ""random"", ""backing"": 2.0, ""depth"": 50.0, ""face_h"": 60.0, ""face_w"": 60.0, ""jitter"": 0.3, ""margin_depths"": 2.0, ""pitch"": 5.5, ""plate_over"": 1.15, ""plate_t_bot"": 0.9, ""plate_t_top"": 0.1, ""seed"": 101, ""tilt_deg"": 2.0, ""tilt_jitter"": 0.0, ""topology"": ""shingle""}"
BL_WEDG_t100_p0550_a02_rand_s101,wedge,0.1,5.5,2.0,random,101,d00,-20.0,0.000491004902869463,0.04999997094273567,"{""azimuth_jitter"": 180.0, ""azimuth_mode"": ""random"", ""backing"": 2.0, ""depth"": 50.0, ""face_h"": 60.0, ""face_w"": 60.0, ""jitter"": 0.3, ""margin_depths"": 2.0, ""pitch"": 5.5, ""plate_over"": 1.15, ""plate_t_bot"": 0.9, ""plate_t_top"": 0.1, ""seed"": 101, ""tilt_deg"": 2.0, ""tilt_jitter"": 0.0, ""topology"": ""shingle""}"
BL_WEDG_t100_p0550_a02_rand_s101,wedge,0.1,5.5,2.0,random,101,d00,-40.0,0.00043548582470975816,0.04999997094273567,"{""azimuth_jitter"": 180.0, ""azimuth_mode"": ""random"", ""backing"": 2.0, ""depth"": 50.0, ""face_h"": 60.0, ""face_w"": 60.0, ""jitter"": 0.3, ""margin_depths"": 2.0, ""pitch"": 5.5, ""plate_over"": 1.15, ""plate_t_bot"": 0.9, ""plate_t_top"": 0.1, ""seed"": 101, ""tilt_deg"": 2.0, ""tilt_jitter"": 0.0, ""topology"": ""shingle""}"
BL_WEDG_t100_p0550_a02_rand_s101,wedge,0.1,5.5,2.0,random,101,d00,20.0,0.0005035251961089671,0.04999997094273567,"{""azimuth_jitter"": 180.0, ""azimuth_mode"": ""random"", ""backing"": 2.0, ""depth"": 50.0, ""face_h"": 60.0, ""face_w"": 60.0, ""jitter"": 0.3, ""margin_depths"": 2.0, ""pitch"": 5.5, ""plate_over"": 1.15, ""plate_t_bot"": 0.9, ""plate_t_top"": 0.1, ""seed"": 101, ""tilt_deg"": 2.0, ""tilt_jitter"": 0.0, ""topology"": ""shingle""}"
BL_WEDG_t100_p0550_a02_rand_s101,wedge,0.1,5.5,2.0,random,101,d00,40.0,0.00046115959412418306,0.04999997094273567,"{""azimuth_jitter"": 180.0, ""azimuth_mode"": ""random"", ""backing"": 2.0, ""depth"": 50.0, ""face_h"": 60.0, ""face_w"": 60.0, ""jitter"": 0.3, ""margin_depths"": 2.0, ""pitch"": 5.5, ""plate_over"": 1.15, ""plate_t_bot"": 0.9, ""plate_t_top"": 0.1, ""seed"": 101, ""tilt_deg"": 2.0, ""tilt_jitter"": 0.0, ""topology"": ""shingle""}"
BL_WEDG_t100_p0550_a02_rand_s101,wedge,0.1,5.5,2.0,random,101,d76,0.0,0.0008386981789954007,0.04999997094273567,"{""azimuth_jitter"": 180.0, ""azimuth_mode"": ""random"", ""backing"": 2.0, ""depth"": 50.0, ""face_h"": 60.0, ""face_w"": 60.0, ""jitter"": 0.3, ""margin_depths"": 2.0, ""pitch"": 5.5, ""plate_over"": 1.15, ""plate_t_bot"": 0.9, ""plate_t_top"": 0.1, ""seed"": 101, ""tilt_deg"": 2.0, ""tilt_jitter"": 0.0, ""topology"": ""shingle""}"
BL_WEDG_t100_p0550_a02_rand_s101,wedge,0.1,5.5,2.0,random,101,d76,-20.0,0.001014860114082694,0.04999997094273567,"{""azimuth_jitter"": 180.0, ""azimuth_mode"": ""random"", ""backing"": 2.0, ""depth"": 50.0, ""face_h"": 60.0, ""face_w"": 60.0, ""jitter"": 0.3, ""margin_depths"": 2.0, ""pitch"": 5.5, ""plate_over"": 1.15, ""plate_t_bot"": 0.9, ""plate_t_top"": 0.1, ""seed"": 101, ""tilt_deg"": 2.0, ""tilt_jitter"": 0.0, ""topology"": ""shingle""}"
BL_WEDG_t100_p0550_a02_rand_s101,wedge,0.1,5.5,2.0,random,101,d76,-40.0,0.0016720169223845005,0.04999997094273567,"{""azimuth_jitter"": 180.0, ""azimuth_mode"": ""random"", ""backing"": 2.0, ""depth"": 50.0, ""face_h"": 60.0, ""face_w"": 60.0, ""jitter"": 0.3, ""margin_depths"": 2.0, ""pitch"": 5.5, ""plate_over"": 1.15, ""plate_t_bot"": 0.9, ""plate_t_top"": 0.1, ""seed"": 101, ""tilt_deg"": 2.0, ""tilt_jitter"": 0.0, ""topology"": ""shingle""}"
BL_WEDG_t100_p0550_a02_rand_s101,wedge,0.1,5.5,2.0,random,101,d76,20.0,0.0010901606874540448,0.04999997094273567,"{""azimuth_jitter"": 180.0, ""azimuth_mode"": ""random"", ""backing"": 2.0, ""depth"": 50.0, ""face_h"": 60.0, ""face_w"": 60.0, ""jitter"": 0.3, ""margin_depths"": 2.0, ""pitch"": 5.5, ""plate_over"": 1.15, ""plate_t_bot"": 0.9, ""plate_t_top"": 0.1, ""seed"": 101, ""tilt_deg"": 2.0, ""tilt_jitter"": 0.0, ""topology"": ""shingle""}"
BL_WEDG_t100_p0550_a02_rand_s101,wedge,0.1,5.5,2.0,random,101,d76,40.0,0.0017099062679335475,0.04999997094273567,"{""azimuth_jitter"": 180.0, ""azimuth_mode"": ""random"", ""backing"": 2.0, ""depth"": 50.0, ""face_h"": 60.0, ""face_w"": 60.0, ""jitter"": 0.3, ""margin_depths"": 2.0, ""pitch"": 5.5, ""plate_over"": 1.15, ""plate_t_bot"": 0.9, ""plate_t_top"": 0.1, ""seed"": 101, ""tilt_deg"": 2.0, ""tilt_jitter"": 0.0, ""topology"": ""shingle""}"
BL_WEDG_t100_p0550_a02_rand_s101,wedge,0.1,5.5,2.0,random,101,d100,0.0,0.000542228517588228,0.04999997094273567,"{""azimuth_jitter"": 180.0, ""azimuth_mode"": ""random"", ""backing"": 2.0, ""depth"": 50.0, ""face_h"": 60.0, ""face_w"": 60.0, ""jitter"": 0.3, ""margin_depths"": 2.0, ""pitch"": 5.5, ""plate_over"": 1.15, ""plate_t_bot"": 0.9, ""plate_t_top"": 0.1, ""seed"": 101, ""tilt_deg"": 2.0, ""tilt_jitter"": 0.0, ""topology"": ""shingle""}"
BL_WEDG_t100_p0550_a02_rand_s101,wedge,0.1,5.5,2.0,random,101,d100,-20.0,0.0012041369918733835,0.04999997094273567,"{""azimuth_jitter"": 180.0, ""azimuth_mode"": ""random"", ""backing"": 2.0, ""depth"": 50.0, ""face_h"": 60.0, ""face_w"": 60.0, ""jitter"": 0.3, ""margin_depths"": 2.0, ""pitch"": 5.5, ""plate_over"": 1.15, ""plate_t_bot"": 0.9, ""plate_t_top"": 0.1, ""seed"": 101, ""tilt_deg"": 2.0, ""tilt_jitter"": 0.0, ""topology"": ""shingle""}"
BL_WEDG_t100_p0550_a02_rand_s101,wedge,0.1,5.5,2.0,random,101,d100,-40.0,0.0020801625214517117,0.04999997094273567,"{""azimuth_jitter"": 180.0, ""azimuth_mode"": ""random"", ""backing"": 2.0, ""depth"": 50.0, ""face_h"": 60.0, ""face_w"": 60.0, ""jitter"": 0.3, ""margin_depths"": 2.0, ""pitch"": 5.5, ""plate_over"": 1.15, ""plate_t_bot"": 0.9, ""plate_t_top"": 0.1, ""seed"": 101, ""tilt_deg"": 2.0, ""tilt_jitter"": 0.0, ""topology"": ""shingle""}"
BL_WEDG_t100_p0550_a02_rand_s101,wedge,0.1,5.5,2.0,random,101,d100,20.0,0.0012820509728044271,0.04999997094273567,"{""azimuth_jitter"": 180.0, ""azimuth_mode"": ""random"", ""backing"": 2.0, ""depth"": 50.0, ""face_h"": 60.0, ""face_w"": 60.0, ""jitter"": 0.3, ""margin_depths"": 2.0, ""pitch"": 5.5, ""plate_over"": 1.15, ""plate_t_bot"": 0.9, ""plate_t_top"": 0.1, ""seed"": 101, ""tilt_deg"": 2.0, ""tilt_jitter"": 0.0, ""topology"": ""shingle""}"
BL_WEDG_t100_p0550_a02_rand_s101,wedge,0.1,5.5,2.0,random,101,d100,40.0,0.0021068460773676634,0.04999997094273567,"{""azimuth_jitter"": 180.0, ""azimuth_mode"": ""random"", ""backing"": 2.0, ""depth"": 50.0, ""face_h"": 60.0, ""face_w"": 60.0, ""jitter"": 0.3, ""margin_depths"": 2.0, ""pitch"": 5.5, ""plate_over"": 1.15, ""plate_t_bot"": 0.9, ""plate_t_top"": 0.1, ""seed"": 101, ""tilt_deg"": 2.0, ""tilt_jitter"": 0.0, ""topology"": ""shingle""}"
BL_WEDG_t100_p0550_a06_rand_s101,wedge,0.1,5.5,6.0,random,101,d00,0.0,0.0012617905158549547,0.04999997094273567,"{""azimuth_jitter"": 180.0, ""azimuth_mode"": ""random"", ""backing"": 2.0, ""depth"": 50.0, ""face_h"": 60.0, ""face_w"": 60.0, ""jitter"": 0.3, ""margin_depths"": 2.0, ""pitch"": 5.5, ""plate_over"": 1.15, ""plate_t_bot"": 0.9, ""plate_t_top"": 0.1, ""seed"": 101, ""tilt_deg"": 6.0, ""tilt_jitter"": 0.0, ""topology"": ""shingle""}"
BL_WEDG_t100_p0550_a06_rand_s101,wedge,0.1,5.5,6.0,random,101,d00,-20.0,0.0005319828051142395,0.04999997094273567,"{""azimuth_jitter"": 180.0, ""azimuth_mode"": ""random"", ""backing"": 2.0, ""depth"": 50.0, ""face_h"": 60.0, ""face_w"": 60.0, ""jitter"": 0.3, ""margin_depths"": 2.0, ""pitch"": 5.5, ""plate_over"": 1.15, ""plate_t_bot"": 0.9, ""plate_t_top"": 0.1, ""seed"": 101, ""tilt_deg"": 6.0, ""tilt_jitter"": 0.0, ""topology"": ""shingle""}"
BL_WEDG_t100_p0550_a06_rand_s101,wedge,0.1,5.5,6.0,random,101,d00,-40.0,0.0004452854045666754,0.04999997094273567,"{""azimuth_jitter"": 180.0, ""azimuth_mode"": ""random"", ""backing"": 2.0, ""depth"": 50.0, ""face_h"": 60.0, ""face_w"": 60.0, ""jitter"": 0.3, ""margin_depths"": 2.0, ""pitch"": 5.5, ""plate_over"": 1.15, ""plate_t_bot"": 0.9, ""plate_t_top"": 0.1, ""seed"": 101, ""tilt_deg"": 6.0, ""tilt_jitter"": 0.0, ""topology"": ""shingle""}"
BL_WEDG_t100_p0550_a06_rand_s101,wedge,0.1,5.5,6.0,random,101,d00,20.0,0.0004943649400956929,0.04999997094273567,"{""azimuth_jitter"": 180.0, ""azimuth_mode"": ""random"", ""backing"": 2.0, ""depth"": 50.0, ""face_h"": 60.0, ""face_w"": 60.0, ""jitter"": 0.3, ""margin_depths"": 2.0, ""pitch"": 5.5, ""plate_over"": 1.15, ""plate_t_bot"": 0.9, ""plate_t_top"": 0.1, ""seed"": 101, ""tilt_deg"": 6.0, ""tilt_jitter"": 0.0, ""topology"": ""shingle""}"
BL_WEDG_t100_p0550_a06_rand_s101,wedge,0.1,5.5,6.0,random,101,d00,40.0,0.0004737201670650393,0.04999997094273567,"{""azimuth_jitter"": 180.0, ""azimuth_mode"": ""random"", ""backing"": 2.0, ""depth"": 50.0, ""face_h"": 60.0, ""face_w"": 60.0, ""jitter"": 0.3, ""margin_depths"": 2.0, ""pitch"": 5.5, ""plate_over"": 1.15, ""plate_t_bot"": 0.9, ""plate_t_top"": 0.1, ""seed"": 101, ""tilt_deg"": 6.0, ""tilt_jitter"": 0.0, ""topology"": ""shingle""}"
BL_WEDG_t100_p0550_a06_rand_s101,wedge,0.1,5.5,6.0,random,101,d76,0.0,0.0009403862641192973,0.04999997094273567,"{""azimuth_jitter"": 180.0, ""azimuth_mode"": ""random"", ""backing"": 2.0, ""depth"": 50.0, ""face_h"": 60.0, ""face_w"": 60.0, ""jitter"": 0.3, ""margin_depths"": 2.0, ""pitch"": 5.5, ""plate_over"": 1.15, ""plate_t_bot"": 0.9, ""plate_t_top"": 0.1, ""seed"": 101, ""tilt_deg"": 6.0, ""tilt_jitter"": 0.0, ""topology"": ""shingle""}"
BL_WEDG_t100_p0550_a06_rand_s101,wedge,0.1,5.5,6.0,random,101,d76,-20.0,0.0010745235485956073,0.04999997094273567,"{""azimuth_jitter"": 180.0, ""azimuth_mode"": ""random"", ""backing"": 2.0, ""depth"": 50.0, ""face_h"": 60.0, ""face_w"": 60.0, ""jitter"": 0.3, ""margin_depths"": 2.0, ""pitch"": 5.5, ""plate_over"": 1.15, ""plate_t_bot"": 0.9, ""plate_t_top"": 0.1, ""seed"": 101, ""tilt_deg"": 6.0, ""tilt_jitter"": 0.0, ""topology"": ""shingle""}"
BL_WEDG_t100_p0550_a06_rand_s101,wedge,0.1,5.5,6.0,random,101,d76,-40.0,0.0016896439483389258,0.04999997094273567,"{""azimuth_jitter"": 180.0, ""azimuth_mode"": ""random"", ""backing"": 2.0, ""depth"": 50.0, ""face_h"": 60.0, ""face_w"": 60.0, ""jitter"": 0.3, ""margin_depths"": 2.0, ""pitch"": 5.5, ""plate_over"": 1.15, ""plate_t_bot"": 0.9, ""plate_t_top"": 0.1, ""seed"": 101, ""tilt_deg"": 6.0, ""tilt_jitter"": 0.0, ""topology"": ""shingle""}"
BL_WEDG_t100_p0550_a06_rand_s101,wedge,0.1,5.5,6.0,random,101,d76,20.0,0.0011823733802884817,0.04999997094273567,"{""azimuth_jitter"": 180.0, ""azimuth_mode"": ""random"", ""backing"": 2.0, ""depth"": 50.0, ""face_h"": 60.0, ""face_w"": 60.0, ""jitter"": 0.3, ""margin_depths"": 2.0, ""pitch"": 5.5, ""plate_over"": 1.15, ""plate_t_bot"": 0.9, ""plate_t_top"": 0.1, ""seed"": 101, ""tilt_deg"": 6.0, ""tilt_jitter"": 0.0, ""topology"": ""shingle""}"
BL_WEDG_t100_p0550_a06_rand_s101,wedge,0.1,5.5,6.0,random,101,d76,40.0,0.001778293284587562,0.04999997094273567,"{""azimuth_jitter"": 180.0, ""azimuth_mode"": ""random"", ""backing"": 2.0, ""depth"": 50.0, ""face_h"": 60.0, ""face_w"": 60.0, ""jitter"": 0.3, ""margin_depths"": 2.0, ""pitch"": 5.5, ""plate_over"": 1.15, ""plate_t_bot"": 0.9, ""plate_t_top"": 0.1, ""seed"": 101, ""tilt_deg"": 6.0, ""tilt_jitter"": 0.0, ""topology"": ""shingle""}"
BL_WEDG_t100_p0550_a06_rand_s101,wedge,0.1,5.5,6.0,random,101,d100,0.0,0.0008823369280435145,0.04999997094273567,"{""azimuth_jitter"": 180.0, ""azimuth_mode"": ""random"", ""backing"": 2.0, ""depth"": 50.0, ""face_h"": 60.0, ""face_w"": 60.0, ""jitter"": 0.3, ""margin_depths"": 2.0, ""pitch"": 5.5, ""plate_over"": 1.15, ""plate_t_bot"": 0.9, ""plate_t_top"": 0.1, ""seed"": 101, ""tilt_deg"": 6.0, ""tilt_jitter"": 0.0, ""topology"": ""shingle""}"
BL_WEDG_t100_p0550_a06_rand_s101,wedge,0.1,5.5,6.0,random,101,d100,-20.0,0.001270448206923902,0.04999997094273567,"{""azimuth_jitter"": 180.0, ""azimuth_mode"": ""random"", ""backing"": 2.0, ""depth"": 50.0, ""face_h"": 60.0, ""face_w"": 60.0, ""jitter"": 0.3, ""margin_depths"": 2.0, ""pitch"": 5.5, ""plate_over"": 1.15, ""plate_t_bot"": 0.9, ""plate_t_top"": 0.1, ""seed"": 101, ""tilt_deg"": 6.0, ""tilt_jitter"": 0.0, ""topology"": ""shingle""}"
BL_WEDG_t100_p0550_a06_rand_s101,wedge,0.1,5.5,6.0,random,101,d100,-40.0,0.002100646262988448,0.04999997094273567,"{""azimuth_jitter"": 180.0, ""azimuth_mode"": ""random"", ""backing"": 2.0, ""depth"": 50.0, ""face_h"": 60.0, ""face_w"": 60.0, ""jitter"": 0.3, ""margin_depths"": 2.0, ""pitch"": 5.5, ""plate_over"": 1.15, ""plate_t_bot"": 0.9, ""plate_t_top"": 0.1, ""seed"": 101, ""tilt_deg"": 6.0, ""tilt_jitter"": 0.0, ""topology"": ""shingle""}"
BL_WEDG_t100_p0550_a06_rand_s101,wedge,0.1,5.5,6.0,random,101,d100,20.0,0.0014024543343111873,0.04999997094273567,"{""azimuth_jitter"": 180.0, ""azimuth_mode"": ""random"", ""backing"": 2.0, ""depth"": 50.0, ""face_h"": 60.0, ""face_w"": 60.0, ""jitter"": 0.3, ""margin_depths"": 2.0, ""pitch"": 5.5, ""plate_over"": 1.15, ""plate_t_bot"": 0.9, ""plate_t_top"": 0.1, ""seed"": 101, ""tilt_deg"": 6.0, ""tilt_jitter"": 0.0, ""topology"": ""shingle""}"
BL_WEDG_t100_p0550_a06_rand_s101,wedge,0.1,5.5,6.0,random,101,d100,40.0,0.0021897938568145037,0.04999997094273567,"{""azimuth_jitter"": 180.0, ""azimuth_mode"": ""random"", ""backing"": 2.0, ""depth"": 50.0, ""face_h"": 60.0, ""face_w"": 60.0, ""jitter"": 0.3, ""margin_depths"": 2.0, ""pitch"": 5.5, ""plate_over"": 1.15, ""plate_t_bot"": 0.9, ""plate_t_top"": 0.1, ""seed"": 101, ""tilt_deg"": 6.0, ""tilt_jitter"": 0.0, ""topology"": ""shingle""}"
BL_WEDG_t100_p0750_a02_rand_s101,wedge,0.1,7.5,2.0,random,101,d00,0.0,0.0027504684403538704,0.04999997094273567,"{""azimuth_jitter"": 180.0, ""azimuth_mode"": ""random"", ""backing"": 2.0, ""depth"": 50.0, ""face_h"": 60.0, ""face_w"": 60.0, ""jitter"": 0.3, ""margin_depths"": 2.0, ""pitch"": 7.5, ""plate_over"": 1.15, ""plate_t_bot"": 0.9, ""plate_t_top"": 0.1, ""seed"": 101, ""tilt_deg"": 2.0, ""tilt_jitter"": 0.0, ""topology"": ""shingle""}"
BL_WEDG_t100_p0750_a02_rand_s101,wedge,0.1,7.5,2.0,random,101,d00,-20.0,0.0004681280115619302,0.04999997094273567,"{""azimuth_jitter"": 180.0, ""azimuth_mode"": ""random"", ""backing"": 2.0, ""depth"": 50.0, ""face_h"": 60.0, ""face_w"": 60.0, ""jitter"": 0.3, ""margin_depths"": 2.0, ""pitch"": 7.5, ""plate_over"": 1.15, ""plate_t_bot"": 0.9, ""plate_t_top"": 0.1, ""seed"": 101, ""tilt_deg"": 2.0, ""tilt_jitter"": 0.0, ""topology"": ""shingle""}"
BL_WEDG_t100_p0750_a02_rand_s101,wedge,0.1,7.5,2.0,random,101,d00,-40.0,0.00037831556983292103,0.04999997094273567,"{""azimuth_jitter"": 180.0, ""azimuth_mode"": ""random"", ""backing"": 2.0, ""depth"": 50.0, ""face_h"": 60.0, ""face_w"": 60.0, ""jitter"": 0.3, ""margin_depths"": 2.0, ""pitch"": 7.5, ""plate_over"": 1.15, ""plate_t_bot"": 0.9, ""plate_t_top"": 0.1, ""seed"": 101, ""tilt_deg"": 2.0, ""tilt_jitter"": 0.0, ""topology"": ""shingle""}"
BL_WEDG_t100_p0750_a02_rand_s101,wedge,0.1,7.5,2.0,random,101,d00,20.0,0.000427600258262828,0.04999997094273567,"{""azimuth_jitter"": 180.0, ""azimuth_mode"": ""random"", ""backing"": 2.0, ""depth"": 50.0, ""face_h"": 60.0, ""face_w"": 60.0, ""jitter"": 0.3, ""margin_depths"": 2.0, ""pitch"": 7.5, ""plate_over"": 1.15, ""plate_t_bot"": 0.9, ""plate_t_top"": 0.1, ""seed"": 101, ""tilt_deg"": 2.0, ""tilt_jitter"": 0.0, ""topology"": ""shingle""}"
BL_WEDG_t100_p0750_a02_rand_s101,wedge,0.1,7.5,2.0,random,101,d00,40.0,0.0003434889658819884,0.04999997094273567,"{""azimuth_jitter"": 180.0, ""azimuth_mode"": ""random"", ""backing"": 2.0, ""depth"": 50.0, ""face_h"": 60.0, ""face_w"": 60.0, ""jitter"": 0.3, ""margin_depths"": 2.0, ""pitch"": 7.5, ""plate_over"": 1.15, ""plate_t_bot"": 0.9, ""plate_t_top"": 0.1, ""seed"": 101, ""tilt_deg"": 2.0, ""tilt_jitter"": 0.0, ""topology"": ""shingle""}"
BL_WEDG_t100_p0750_a02_rand_s101,wedge,0.1,7.5,2.0,random,101,d76,0.0,0.0010008314857259393,0.04999997094273567,"{""azimuth_jitter"": 180.0, ""azimuth_mode"": ""random"", ""backing"": 2.0, ""depth"": 50.0, ""face_h"": 60.0, ""face_w"": 60.0, ""jitter"": 0.3, ""margin_depths"": 2.0, ""pitch"": 7.5, ""plate_over"": 1.15, ""plate_t_bot"": 0.9, ""plate_t_top"": 0.1, ""seed"": 101, ""tilt_deg"": 2.0, ""tilt_jitter"": 0.0, ""topology"": ""shingle""}"
BL_WEDG_t100_p0750_a02_rand_s101,wedge,0.1,7.5,2.0,random,101,d76,-20.0,0.0010239151306450367,0.04999997094273567,"{""azimuth_jitter"": 180.0, ""azimuth_mode"": ""random"", ""backing"": 2.0, ""depth"": 50.0, ""face_h"": 60.0, ""face_w"": 60.0, ""jitter"": 0.3, ""margin_depths"": 2.0, ""pitch"": 7.5, ""plate_over"": 1.15, ""plate_t_bot"": 0.9, ""plate_t_top"": 0.1, ""seed"": 101, ""tilt_deg"": 2.0, ""tilt_jitter"": 0.0, ""topology"": ""shingle""}"
BL_WEDG_t100_p0750_a02_rand_s101,wedge,0.1,7.5,2.0,random,101,d76,-40.0,0.001689849072135985,0.04999997094273567,"{""azimuth_jitter"": 180.0, ""azimuth_mode"": ""random"", ""backing"": 2.0, ""depth"": 50.0, ""face_h"": 60.0, ""face_w"": 60.0, ""jitter"": 0.3, ""margin_depths"": 2.0, ""pitch"": 7.5, ""plate_over"": 1.15, ""plate_t_bot"": 0.9, ""plate_t_top"": 0.1, ""seed"": 101, ""tilt_deg"": 2.0, ""tilt_jitter"": 0.0, ""topology"": ""shingle""}"
BL_WEDG_t100_p0750_a02_rand_s101,wedge,0.1,7.5,2.0,random,101,d76,20.0,0.0010616920189931989,0.04999997094273567,"{""azimuth_jitter"": 180.0, ""azimuth_mode"": ""random"", ""backing"": 2.0, ""depth"": 50.0, ""face_h"": 60.0, ""face_w"": 60.0, ""jitter"": 0.3, ""margin_depths"": 2.0, ""pitch"": 7.5, ""plate_over"": 1.15, ""plate_t_bot"": 0.9, ""plate_t_top"": 0.1, ""seed"": 101, ""tilt_deg"": 2.0, ""tilt_jitter"": 0.0, ""topology"": ""shingle""}"
BL_WEDG_t100_p0750_a02_rand_s101,wedge,0.1,7.5,2.0,random,101,d76,40.0,0.0017060480313375592,0.04999997094273567,"{""azimuth_jitter"": 180.0, ""azimuth_mode"": ""random"", ""backing"": 2.0, ""depth"": 50.0, ""face_h"": 60.0, ""face_w"": 60.0, ""jitter"": 0.3, ""margin_depths"": 2.0, ""pitch"": 7.5, ""plate_over"": 1.15, ""plate_t_bot"": 0.9, ""plate_t_top"": 0.1, ""seed"": 101, ""tilt_deg"": 2.0, ""tilt_jitter"": 0.0, ""topology"": ""shingle""}"
BL_WEDG_t100_p0750_a02_rand_s101,wedge,0.1,7.5,2.0,random,101,d100,0.0,0.0005247611552476883,0.04999997094273567,"{""azimuth_jitter"": 180.0, ""azimuth_mode"": ""random"", ""backing"": 2.0, ""depth"": 50.0, ""face_h"": 60.0, ""face_w"": 60.0, ""jitter"": 0.3, ""margin_depths"": 2.0, ""pitch"": 7.5, ""plate_over"": 1.15, ""plate_t_bot"": 0.9, ""plate_t_top"": 0.1, ""seed"": 101, ""tilt_deg"": 2.0, ""tilt_jitter"": 0.0, ""topology"": ""shingle""}"
BL_WEDG_t100_p0750_a02_rand_s101,wedge,0.1,7.5,2.0,random,101,d100,-20.0,0.0012116973521187901,0.04999997094273567,"{""azimuth_jitter"": 180.0, ""azimuth_mode"": ""random"", ""backing"": 2.0, ""depth"": 50.0, ""face_h"": 60.0, ""face_w"": 60.0, ""jitter"": 0.3, ""margin_depths"": 2.0, ""pitch"": 7.5, ""plate_over"": 1.15, ""plate_t_bot"": 0.9, ""plate_t_top"": 0.1, ""seed"": 101, ""tilt_deg"": 2.0, ""tilt_jitter"": 0.0, ""topology"": ""shingle""}"
BL_WEDG_t100_p0750_a02_rand_s101,wedge,0.1,7.5,2.0,random,101,d100,-40.0,0.002116149989888072,0.04999997094273567,"{""azimuth_jitter"": 180.0, ""azimuth_mode"": ""random"", ""backing"": 2.0, ""depth"": 50.0, ""face_h"": 60.0, ""face_w"": 60.0, ""jitter"": 0.3, ""margin_depths"": 2.0, ""pitch"": 7.5, ""plate_over"": 1.15, ""plate_t_bot"": 0.9, ""plate_t_top"": 0.1, ""seed"": 101, ""tilt_deg"": 2.0, ""tilt_jitter"": 0.0, ""topology"": ""shingle""}"
BL_WEDG_t100_p0750_a02_rand_s101,wedge,0.1,7.5,2.0,random,101,d100,20.0,0.0012797374511137605,0.04999997094273567,"{""azimuth_jitter"": 180.0, ""azimuth_mode"": ""random"", ""backing"": 2.0, ""depth"": 50.0, ""face_h"": 60.0, ""face_w"": 60.0, ""jitter"": 0.3, ""margin_depths"": 2.0, ""pitch"": 7.5, ""plate_over"": 1.15, ""plate_t_bot"": 0.9, ""plate_t_top"": 0.1, ""seed"": 101, ""tilt_deg"": 2.0, ""tilt_jitter"": 0.0, ""topology"": ""shingle""}"
BL_WEDG_t100_p0750_a02_rand_s101,wedge,0.1,7.5,2.0,random,101,d100,40.0,0.0021388500463217497,0.04999997094273567,"{""azimuth_jitter"": 180.0, ""azimuth_mode"": ""random"", ""backing"": 2.0, ""depth"": 50.0, ""face_h"": 60.0, ""face_w"": 60.0, ""jitter"": 0.3, ""margin_depths"": 2.0, ""pitch"": 7.5, ""plate_over"": 1.15, ""plate_t_bot"": 0.9, ""plate_t_top"": 0.1, ""seed"": 101, ""tilt_deg"": 2.0, ""tilt_jitter"": 0.0, ""topology"": ""shingle""}"
BL_WEDG_t100_p0750_a06_rand_s101,wedge,0.1,7.5,6.0,random,101,d00,0.0,0.0014355476014316082,0.04999997094273567,"{""azimuth_jitter"": 180.0, ""azimuth_mode"": ""random"", ""backing"": 2.0, ""depth"": 50.0, ""face_h"": 60.0, ""face_w"": 60.0, ""jitter"": 0.3, ""margin_depths"": 2.0, ""pitch"": 7.5, ""plate_over"": 1.15, ""plate_t_bot"": 0.9, ""plate_t_top"": 0.1, ""seed"": 101, ""tilt_deg"": 6.0, ""tilt_jitter"": 0.0, ""topology"": ""shingle""}"
BL_WEDG_t100_p0750_a06_rand_s101,wedge,0.1,7.5,6.0,random,101,d00,-20.0,0.00044697397970594466,0.04999997094273567,"{""azimuth_jitter"": 180.0, ""azimuth_mode"": ""random"", ""backing"": 2.0, ""depth"": 50.0, ""face_h"": 60.0, ""face_w"": 60.0, ""jitter"": 0.3, ""margin_depths"": 2.0, ""pitch"": 7.5, ""plate_over"": 1.15, ""plate_t_bot"": 0.9, ""plate_t_top"": 0.1, ""seed"": 101, ""tilt_deg"": 6.0, ""tilt_jitter"": 0.0, ""topology"": ""shingle""}"
BL_WEDG_t100_p0750_a06_rand_s101,wedge,0.1,7.5,6.0,random,101,d00,-40.0,0.00038613961078226566,0.04999997094273567,"{""azimuth_jitter"": 180.0, ""azimuth_mode"": ""random"", ""backing"": 2.0, ""depth"": 50.0, ""face_h"": 60.0, ""face_w"": 60.0, ""jitter"": 0.3, ""margin_depths"": 2.0, ""pitch"": 7.5, ""plate_over"": 1.15, ""plate_t_bot"": 0.9, ""plate_t_top"": 0.1, ""seed"": 101, ""tilt_deg"": 6.0, ""tilt_jitter"": 0.0, ""topology"": ""shingle""}"
BL_WEDG_t100_p0750_a06_rand_s101,wedge,0.1,7.5,6.0,random,101,d00,20.0,0.0004107432614546269,0.04999997094273567,"{""azimuth_jitter"": 180.0, ""azimuth_mode"": ""random"", ""backing"": 2.0, ""depth"": 50.0, ""face_h"": 60.0, ""face_w"": 60.0, ""jitter"": 0.3, ""margin_depths"": 2.0, ""pitch"": 7.5, ""plate_over"": 1.15, ""plate_t_bot"": 0.9, ""plate_t_top"": 0.1, ""seed"": 101, ""tilt_deg"": 6.0, ""tilt_jitter"": 0.0, ""topology"": ""shingle""}"
BL_WEDG_t100_p0750_a06_rand_s101,wedge,0.1,7.5,6.0,random,101,d00,40.0,0.0003401979338377714,0.04999997094273567,"{""azimuth_jitter"": 180.0, ""azimuth_mode"": ""random"", ""backing"": 2.0, ""depth"": 50.0, ""face_h"": 60.0, ""face_w"": 60.0, ""jitter"": 0.3, ""margin_depths"": 2.0, ""pitch"": 7.5, ""plate_over"": 1.15, ""plate_t_bot"": 0.9, ""plate_t_top"": 0.1, ""seed"": 101, ""tilt_deg"": 6.0, ""tilt_jitter"": 0.0, ""topology"": ""shingle""}"
BL_WEDG_t100_p0750_a06_rand_s101,wedge,0.1,7.5,6.0,random,101,d76,0.0,0.0009195375023409724,0.04999997094273567,"{""azimuth_jitter"": 180.0, ""azimuth_mode"": ""random"", ""backing"": 2.0, ""depth"": 50.0, ""face_h"": 60.0, ""face_w"": 60.0, ""jitter"": 0.3, ""margin_depths"": 2.0, ""pitch"": 7.5, ""plate_over"": 1.15, ""plate_t_bot"": 0.9, ""plate_t_top"": 0.1, ""seed"": 101, ""tilt_deg"": 6.0, ""tilt_jitter"": 0.0, ""topology"": ""shingle""}"
BL_WEDG_t100_p0750_a06_rand_s101,wedge,0.1,7.5,6.0,random,101,d76,-20.0,0.001022816519252956,0.04999997094273567,"{""azimuth_jitter"": 180.0, ""azimuth_mode"": ""random"", ""backing"": 2.0, ""depth"": 50.0, ""face_h"": 60.0, ""face_w"": 60.0, ""jitter"": 0.3, ""margin_depths"": 2.0, ""pitch"": 7.5, ""plate_over"": 1.15, ""plate_t_bot"": 0.9, ""plate_t_top"": 0.1, ""seed"": 101, ""tilt_deg"": 6.0, ""tilt_jitter"": 0.0, ""topology"": ""shingle""}"
BL_WEDG_t100_p0750_a06_rand_s101,wedge,0.1,7.5,6.0,random,101,d76,-40.0,0.0016847309889271855,0.04999997094273567,"{""azimuth_jitter"": 180.0, ""azimuth_mode"": ""random"", ""backing"": 2.0, ""depth"": 50.0, ""face_h"": 60.0, ""face_w"": 60.0, ""jitter"": 0.3, ""margin_depths"": 2.0, ""pitch"": 7.5, ""plate_over"": 1.15, ""plate_t_bot"": 0.9, ""plate_t_top"": 0.1, ""seed"": 101, ""tilt_deg"": 6.0, ""tilt_jitter"": 0.0, ""topology"": ""shingle""}"
BL_WEDG_t100_p0750_a06_rand_s101,wedge,0.1,7.5,6.0,random,101,d76,20.0,0.0011526575544849038,0.04999997094273567,"{""azimuth_jitter"": 180.0, ""azimuth_mode"": ""random"", ""backing"": 2.0, ""depth"": 50.0, ""face_h"": 60.0, ""face_w"": 60.0, ""jitter"": 0.3, ""margin_depths"": 2.0, ""pitch"": 7.5, ""plate_over"": 1.15, ""plate_t_bot"": 0.9, ""plate_t_top"": 0.1, ""seed"": 101, ""tilt_deg"": 6.0, ""tilt_jitter"": 0.0, ""topology"": ""shingle""}"
BL_WEDG_t100_p0750_a06_rand_s101,wedge,0.1,7.5,6.0,random,101,d76,40.0,0.0017638395074754953,0.04999997094273567,"{""azimuth_jitter"": 180.0, ""azimuth_mode"": ""random"", ""backing"": 2.0, ""depth"": 50.0, ""face_h"": 60.0, ""face_w"": 60.0, ""jitter"": 0.3, ""margin_depths"": 2.0, ""pitch"": 7.5, ""plate_over"": 1.15, ""plate_t_bot"": 0.9, ""plate_t_top"": 0.1, ""seed"": 101, ""tilt_deg"": 6.0, ""tilt_jitter"": 0.0, ""topology"": ""shingle""}"
BL_WEDG_t100_p0750_a06_rand_s101,wedge,0.1,7.5,6.0,random,101,d100,0.0,0.0008006434654816985,0.04999997094273567,"{""azimuth_jitter"": 180.0, ""azimuth_mode"": ""random"", ""backing"": 2.0, ""depth"": 50.0, ""face_h"": 60.0, ""face_w"": 60.0, ""jitter"": 0.3, ""margin_depths"": 2.0, ""pitch"": 7.5, ""plate_over"": 1.15, ""plate_t_bot"": 0.9, ""plate_t_top"": 0.1, ""seed"": 101, ""tilt_deg"": 6.0, ""tilt_jitter"": 0.0, ""topology"": ""shingle""}"
BL_WEDG_t100_p0750_a06_rand_s101,wedge,0.1,7.5,6.0,random,101,d100,-20.0,0.001212956616654992,0.04999997094273567,"{""azimuth_jitter"": 180.0, ""azimuth_mode"": ""random"", ""backing"": 2.0, ""depth"": 50.0, ""face_h"": 60.0, ""face_w"": 60.0, ""jitter"": 0.3, ""margin_depths"": 2.0, ""pitch"": 7.5, ""plate_over"": 1.15, ""plate_t_bot"": 0.9, ""plate_t_top"": 0.1, ""seed"": 101, ""tilt_deg"": 6.0, ""tilt_jitter"": 0.0, ""topology"": ""shingle""}"
BL_WEDG_t100_p0750_a06_rand_s101,wedge,0.1,7.5,6.0,random,101,d100,-40.0,0.002096019685268402,0.04999997094273567,"{""azimuth_jitter"": 180.0, ""azimuth_mode"": ""random"", ""backing"": 2.0, ""depth"": 50.0, ""face_h"": 60.0, ""face_w"": 60.0, ""jitter"": 0.3, ""margin_depths"": 2.0, ""pitch"": 7.5, ""plate_over"": 1.15, ""plate_t_bot"": 0.9, ""plate_t_top"": 0.1, ""seed"": 101, ""tilt_deg"": 6.0, ""tilt_jitter"": 0.0, ""topology"": ""shingle""}"
BL_WEDG_t100_p0750_a06_rand_s101,wedge,0.1,7.5,6.0,random,101,d100,20.0,0.0013998412759974599,0.04999997094273567,"{""azimuth_jitter"": 180.0, ""azimuth_mode"": ""random"", ""backing"": 2.0, ""depth"": 50.0, ""face_h"": 60.0, ""face_w"": 60.0, ""jitter"": 0.3, ""margin_depths"": 2.0, ""pitch"": 7.5, ""plate_over"": 1.15, ""plate_t_bot"": 0.9, ""plate_t_top"": 0.1, ""seed"": 101, ""tilt_deg"": 6.0, ""tilt_jitter"": 0.0, ""topology"": ""shingle""}"
BL_WEDG_t100_p0750_a06_rand_s101,wedge,0.1,7.5,6.0,random,101,d100,40.0,0.0022241149563342333,0.04999997094273567,"{""azimuth_jitter"": 180.0, ""azimuth_mode"": ""random"", ""backing"": 2.0, ""depth"": 50.0, ""face_h"": 60.0, ""face_w"": 60.0, ""jitter"": 0.3, ""margin_depths"": 2.0, ""pitch"": 7.5, ""plate_over"": 1.15, ""plate_t_bot"": 0.9, ""plate_t_top"": 0.1, ""seed"": 101, ""tilt_deg"": 6.0, ""tilt_jitter"": 0.0, ""topology"": ""shingle""}"
BL_FLAT_t100_p0550_a02_para_s101,flat,0.1,5.5,2.0,parallel,101,d00,0.0,0.002528392942622304,0.04999997094273567,"{""azimuth_jitter"": 180.0, ""azimuth_mode"": ""parallel"", ""backing"": 2.0, ""depth"": 50.0, ""face_h"": 60.0, ""face_w"": 60.0, ""jitter"": 0.3, ""margin_depths"": 2.0, ""pitch"": 5.5, ""plate_over"": 1.15, ""plate_t_bot"": 0.1, ""plate_t_top"": 0.1, ""seed"": 101, ""tilt_deg"": 2.0, ""tilt_jitter"": 0.0, ""topology"": ""shingle""}"
BL_FLAT_t100_p0550_a02_para_s101,flat,0.1,5.5,2.0,parallel,101,d00,-20.0,0.0004135868512094021,0.04999997094273567,"{""azimuth_jitter"": 180.0, ""azimuth_mode"": ""parallel"", ""backing"": 2.0, ""depth"": 50.0, ""face_h"": 60.0, ""face_w"": 60.0, ""jitter"": 0.3, ""margin_depths"": 2.0, ""pitch"": 5.5, ""plate_over"": 1.15, ""plate_t_bot"": 0.1, ""plate_t_top"": 0.1, ""seed"": 101, ""tilt_deg"": 2.0, ""tilt_jitter"": 0.0, ""topology"": ""shingle""}"
BL_FLAT_t100_p0550_a02_para_s101,flat,0.1,5.5,2.0,parallel,101,d00,-40.0,0.0003424828464630991,0.04999997094273567,"{""azimuth_jitter"": 180.0, ""azimuth_mode"": ""parallel"", ""backing"": 2.0, ""depth"": 50.0, ""face_h"": 60.0, ""face_w"": 60.0, ""jitter"": 0.3, ""margin_depths"": 2.0, ""pitch"": 5.5, ""plate_over"": 1.15, ""plate_t_bot"": 0.1, ""plate_t_top"": 0.1, ""seed"": 101, ""tilt_deg"": 2.0, ""tilt_jitter"": 0.0, ""topology"": ""shingle""}"
BL_FLAT_t100_p0550_a02_para_s101,flat,0.1,5.5,2.0,parallel,101,d00,20.0,0.00037978930049575865,0.04999997094273567,"{""azimuth_jitter"": 180.0, ""azimuth_mode"": ""parallel"", ""backing"": 2.0, ""depth"": 50.0, ""face_h"": 60.0, ""face_w"": 60.0, ""jitter"": 0.3, ""margin_depths"": 2.0, ""pitch"": 5.5, ""plate_over"": 1.15, ""plate_t_bot"": 0.1, ""plate_t_top"": 0.1, ""seed"": 101, ""tilt_deg"": 2.0, ""tilt_jitter"": 0.0, ""topology"": ""shingle""}"
BL_FLAT_t100_p0550_a02_para_s101,flat,0.1,5.5,2.0,parallel,101,d00,40.0,0.0003560094628483057,0.04999997094273567,"{""azimuth_jitter"": 180.0, ""azimuth_mode"": ""parallel"", ""backing"": 2.0, ""depth"": 50.0, ""face_h"": 60.0, ""face_w"": 60.0, ""jitter"": 0.3, ""margin_depths"": 2.0, ""pitch"": 5.5, ""plate_over"": 1.15, ""plate_t_bot"": 0.1, ""plate_t_top"": 0.1, ""seed"": 101, ""tilt_deg"": 2.0, ""tilt_jitter"": 0.0, ""topology"": ""shingle""}"
BL_FLAT_t100_p0550_a02_para_s101,flat,0.1,5.5,2.0,parallel,101,d76,0.0,0.0011527420720085502,0.04999997094273567,"{""azimuth_jitter"": 180.0, ""azimuth_mode"": ""parallel"", ""backing"": 2.0, ""depth"": 50.0, ""face_h"": 60.0, ""face_w"": 60.0, ""jitter"": 0.3, ""margin_depths"": 2.0, ""pitch"": 5.5, ""plate_over"": 1.15, ""plate_t_bot"": 0.1, ""plate_t_top"": 0.1, ""seed"": 101, ""tilt_deg"": 2.0, ""tilt_jitter"": 0.0, ""topology"": ""shingle""}"
BL_FLAT_t100_p0550_a02_para_s101,flat,0.1,5.5,2.0,parallel,101,d76,-20.0,0.0011590251233428717,0.04999997094273567,"{""azimuth_jitter"": 180.0, ""azimuth_mode"": ""parallel"", ""backing"": 2.0, ""depth"": 50.0, ""face_h"": 60.0, ""face_w"": 60.0, ""jitter"": 0.3, ""margin_depths"": 2.0, ""pitch"": 5.5, ""plate_over"": 1.15, ""plate_t_bot"": 0.1, ""plate_t_top"": 0.1, ""seed"": 101, ""tilt_deg"": 2.0, ""tilt_jitter"": 0.0, ""topology"": ""shingle""}"
BL_FLAT_t100_p0550_a02_para_s101,flat,0.1,5.5,2.0,parallel,101,d76,-40.0,0.0019625083077698946,0.04999997094273567,"{""azimuth_jitter"": 180.0, ""azimuth_mode"": ""parallel"", ""backing"": 2.0, ""depth"": 50.0, ""face_h"": 60.0, ""face_w"": 60.0, ""jitter"": 0.3, ""margin_depths"": 2.0, ""pitch"": 5.5, ""plate_over"": 1.15, ""plate_t_bot"": 0.1, ""plate_t_top"": 0.1, ""seed"": 101, ""tilt_deg"": 2.0, ""tilt_jitter"": 0.0, ""topology"": ""shingle""}"
BL_FLAT_t100_p0550_a02_para_s101,flat,0.1,5.5,2.0,parallel,101,d76,20.0,0.001443900866433978,0.04999997094273567,"{""azimuth_jitter"": 180.0, ""azimuth_mode"": ""parallel"", ""backing"": 2.0, ""depth"": 50.0, ""face_h"": 60.0, ""face_w"": 60.0, ""jitter"": 0.3, ""margin_depths"": 2.0, ""pitch"": 5.5, ""plate_over"": 1.15, ""plate_t_bot"": 0.1, ""plate_t_top"": 0.1, ""seed"": 101, ""tilt_deg"": 2.0, ""tilt_jitter"": 0.0, ""topology"": ""shingle""}"
BL_FLAT_t100_p0550_a02_para_s101,flat,0.1,5.5,2.0,parallel,101,d76,40.0,0.002256980864331126,0.04999997094273567,"{""azimuth_jitter"": 180.0, ""azimuth_mode"": ""parallel"", ""backing"": 2.0, ""depth"": 50.0, ""face_h"": 60.0, ""face_w"": 60.0, ""jitter"": 0.3, ""margin_depths"": 2.0, ""pitch"": 5.5, ""plate_over"": 1.15, ""plate_t_bot"": 0.1, ""plate_t_top"": 0.1, ""seed"": 101, ""tilt_deg"": 2.0, ""tilt_jitter"": 0.0, ""topology"": ""shingle""}"
BL_FLAT_t100_p0550_a02_para_s101,flat,0.1,5.5,2.0,parallel,101,d100,0.0,0.0007504203822463751,0.04999997094273567,"{""azimuth_jitter"": 180.0, ""azimuth_mode"": ""parallel"", ""backing"": 2.0, ""depth"": 50.0, ""face_h"": 60.0, ""face_w"": 60.0, ""jitter"": 0.3, ""margin_depths"": 2.0, ""pitch"": 5.5, ""plate_over"": 1.15, ""plate_t_bot"": 0.1, ""plate_t_top"": 0.1, ""seed"": 101, ""tilt_deg"": 2.0, ""tilt_jitter"": 0.0, ""topology"": ""shingle""}"
BL_FLAT_t100_p0550_a02_para_s101,flat,0.1,5.5,2.0,parallel,101,d100,-20.0,0.0014062330592423677,0.04999997094273567,"{""azimuth_jitter"": 180.0, ""azimuth_mode"": ""parallel"", ""backing"": 2.0, ""depth"": 50.0, ""face_h"": 60.0, ""face_w"": 60.0, ""jitter"": 0.3, ""margin_depths"": 2.0, ""pitch"": 5.5, ""plate_over"": 1.15, ""plate_t_bot"": 0.1, ""plate_t_top"": 0.1, ""seed"": 101, ""tilt_deg"": 2.0, ""tilt_jitter"": 0.0, ""topology"": ""shingle""}"
BL_FLAT_t100_p0550_a02_para_s101,flat,0.1,5.5,2.0,parallel,101,d100,-40.0,0.0024842144921422005,0.04999997094273567,"{""azimuth_jitter"": 180.0, ""azimuth_mode"": ""parallel"", ""backing"": 2.0, ""depth"": 50.0, ""face_h"": 60.0, ""face_w"": 60.0, ""jitter"": 0.3, ""margin_depths"": 2.0, ""pitch"": 5.5, ""plate_over"": 1.15, ""plate_t_bot"": 0.1, ""plate_t_top"": 0.1, ""seed"": 101, ""tilt_deg"": 2.0, ""tilt_jitter"": 0.0, ""topology"": ""shingle""}"
BL_FLAT_t100_p0550_a02_para_s101,flat,0.1,5.5,2.0,parallel,101,d100,20.0,0.0017971686320379376,0.04999997094273567,"{""azimuth_jitter"": 180.0, ""azimuth_mode"": ""parallel"", ""backing"": 2.0, ""depth"": 50.0, ""face_h"": 60.0, ""face_w"": 60.0, ""jitter"": 0.3, ""margin_depths"": 2.0, ""pitch"": 5.5, ""plate_over"": 1.15, ""plate_t_bot"": 0.1, ""plate_t_top"": 0.1, ""seed"": 101, ""tilt_deg"": 2.0, ""tilt_jitter"": 0.0, ""topology"": ""shingle""}"
BL_FLAT_t100_p0550_a02_para_s101,flat,0.1,5.5,2.0,parallel,101,d100,40.0,0.0028711624909192324,0.04999997094273567,"{""azimuth_jitter"": 180.0, ""azimuth_mode"": ""parallel"", ""backing"": 2.0, ""depth"": 50.0, ""face_h"": 60.0, ""face_w"": 60.0, ""jitter"": 0.3, ""margin_depths"": 2.0, ""pitch"": 5.5, ""plate_over"": 1.15, ""plate_t_bot"": 0.1, ""plate_t_top"": 0.1, ""seed"": 101, ""tilt_deg"": 2.0, ""tilt_jitter"": 0.0, ""topology"": ""shingle""}"
BL_FLAT_t050_p0550_a02_rand_s102,flat,0.05,5.5,2.0,random,102,d00,0.0,0.0020557139068841934,0.04999997094273567,"{""azimuth_jitter"": 180.0, ""azimuth_mode"": ""random"", ""backing"": 2.0, ""depth"": 50.0, ""face_h"": 60.0, ""face_w"": 60.0, ""jitter"": 0.3, ""margin_depths"": 2.0, ""pitch"": 5.5, ""plate_over"": 1.15, ""plate_t_bot"": 0.05, ""plate_t_top"": 0.05, ""seed"": 102, ""tilt_deg"": 2.0, ""tilt_jitter"": 0.0, ""topology"": ""shingle""}"
BL_FLAT_t050_p0550_a02_rand_s102,flat,0.05,5.5,2.0,random,102,d00,-20.0,0.0003886371850967407,0.04999997094273567,"{""azimuth_jitter"": 180.0, ""azimuth_mode"": ""random"", ""backing"": 2.0, ""depth"": 50.0, ""face_h"": 60.0, ""face_w"": 60.0, ""jitter"": 0.3, ""margin_depths"": 2.0, ""pitch"": 5.5, ""plate_over"": 1.15, ""plate_t_bot"": 0.05, ""plate_t_top"": 0.05, ""seed"": 102, ""tilt_deg"": 2.0, ""tilt_jitter"": 0.0, ""topology"": ""shingle""}"
BL_FLAT_t050_p0550_a02_rand_s102,flat,0.05,5.5,2.0,random,102,d00,-40.0,0.0003121424524579197,0.04999997094273567,"{""azimuth_jitter"": 180.0, ""azimuth_mode"": ""random"", ""backing"": 2.0, ""depth"": 50.0, ""face_h"": 60.0, ""face_w"": 60.0, ""jitter"": 0.3, ""margin_depths"": 2.0, ""pitch"": 5.5, ""plate_over"": 1.15, ""plate_t_bot"": 0.05, ""plate_t_top"": 0.05, ""seed"": 102, ""tilt_deg"": 2.0, ""tilt_jitter"": 0.0, ""topology"": ""shingle""}"
BL_FLAT_t050_p0550_a02_rand_s102,flat,0.05,5.5,2.0,random,102,d00,20.0,0.000380114623112604,0.04999997094273567,"{""azimuth_jitter"": 180.0, ""azimuth_mode"": ""random"", ""backing"": 2.0, ""depth"": 50.0, ""face_h"": 60.0, ""face_w"": 60.0, ""jitter"": 0.3, ""margin_depths"": 2.0, ""pitch"": 5.5, ""plate_over"": 1.15, ""plate_t_bot"": 0.05, ""plate_t_top"": 0.05, ""seed"": 102, ""tilt_deg"": 2.0, ""tilt_jitter"": 0.0, ""topology"": ""shingle""}"
BL_FLAT_t050_p0550_a02_rand_s102,flat,0.05,5.5,2.0,random,102,d00,40.0,0.00032893422758206725,0.04999997094273567,"{""azimuth_jitter"": 180.0, ""azimuth_mode"": ""random"", ""backing"": 2.0, ""depth"": 50.0, ""face_h"": 60.0, ""face_w"": 60.0, ""jitter"": 0.3, ""margin_depths"": 2.0, ""pitch"": 5.5, ""plate_over"": 1.15, ""plate_t_bot"": 0.05, ""plate_t_top"": 0.05, ""seed"": 102, ""tilt_deg"": 2.0, ""tilt_jitter"": 0.0, ""topology"": ""shingle""}"
BL_FLAT_t050_p0550_a02_rand_s102,flat,0.05,5.5,2.0,random,102,d76,0.0,0.0007337762508541346,0.04999997094273567,"{""azimuth_jitter"": 180.0, ""azimuth_mode"": ""random"", ""backing"": 2.0, ""depth"": 50.0, ""face_h"": 60.0, ""face_w"": 60.0, ""jitter"": 0.3, ""margin_depths"": 2.0, ""pitch"": 5.5, ""plate_over"": 1.15, ""plate_t_bot"": 0.05, ""plate_t_top"": 0.05, ""seed"": 102, ""tilt_deg"": 2.0, ""tilt_jitter"": 0.0, ""topology"": ""shingle""}"
BL_FLAT_t050_p0550_a02_rand_s102,flat,0.05,5.5,2.0,random,102,d76,-20.0,0.0009535906719975173,0.04999997094273567,"{""azimuth_jitter"": 180.0, ""azimuth_mode"": ""random"", ""backing"": 2.0, ""depth"": 50.0, ""face_h"": 60.0, ""face_w"": 60.0, ""jitter"": 0.3, ""margin_depths"": 2.0, ""pitch"": 5.5, ""plate_over"": 1.15, ""plate_t_bot"": 0.05, ""plate_t_top"": 0.05, ""seed"": 102, ""tilt_deg"": 2.0, ""tilt_jitter"": 0.0, ""topology"": ""shingle""}"
BL_FLAT_t050_p0550_a02_rand_s102,flat,0.05,5.5,2.0,random,102,d76,-40.0,0.0016253555659204721,0.04999997094273567,"{""azimuth_jitter"": 180.0, ""azimuth_mode"": ""random"", ""backing"": 2.0, ""depth"": 50.0, ""face_h"": 60.0, ""face_w"": 60.0, ""jitter"": 0.3, ""margin_depths"": 2.0, ""pitch"": 5.5, ""plate_over"": 1.15, ""plate_t_bot"": 0.05, ""plate_t_top"": 0.05, ""seed"": 102, ""tilt_deg"": 2.0, ""tilt_jitter"": 0.0, ""topology"": ""shingle""}"
BL_FLAT_t050_p0550_a02_rand_s102,flat,0.05,5.5,2.0,random,102,d76,20.0,0.00086736906087026,0.04999997094273567,"{""azimuth_jitter"": 180.0, ""azimuth_mode"": ""random"", ""backing"": 2.0, ""depth"": 50.0, ""face_h"": 60.0, ""face_w"": 60.0, ""jitter"": 0.3, ""margin_depths"": 2.0, ""pitch"": 5.5, ""plate_over"": 1.15, ""plate_t_bot"": 0.05, ""plate_t_top"": 0.05, ""seed"": 102, ""tilt_deg"": 2.0, ""tilt_jitter"": 0.0, ""topology"": ""shingle""}"
BL_FLAT_t050_p0550_a02_rand_s102,flat,0.05,5.5,2.0,random,102,d76,40.0,0.0014759982004761696,0.04999997094273567,"{""azimuth_jitter"": 180.0, ""azimuth_mode"": ""random"", ""backing"": 2.0, ""depth"": 50.0, ""face_h"": 60.0, ""face_w"": 60.0, ""jitter"": 0.3, ""margin_depths"": 2.0, ""pitch"": 5.5, ""plate_over"": 1.15, ""plate_t_bot"": 0.05, ""plate_t_top"": 0.05, ""seed"": 102, ""tilt_deg"": 2.0, ""tilt_jitter"": 0.0, ""topology"": ""shingle""}"
BL_FLAT_t050_p0550_a02_rand_s102,flat,0.05,5.5,2.0,random,102,d100,0.0,0.00036644283682107925,0.04999997094273567,"{""azimuth_jitter"": 180.0, ""azimuth_mode"": ""random"", ""backing"": 2.0, ""depth"": 50.0, ""face_h"": 60.0, ""face_w"": 60.0, ""jitter"": 0.3, ""margin_depths"": 2.0, ""pitch"": 5.5, ""plate_over"": 1.15, ""plate_t_bot"": 0.05, ""plate_t_top"": 0.05, ""seed"": 102, ""tilt_deg"": 2.0, ""tilt_jitter"": 0.0, ""topology"": ""shingle""}"
BL_FLAT_t050_p0550_a02_rand_s102,flat,0.05,5.5,2.0,random,102,d100,-20.0,0.0011434649350121617,0.04999997094273567,"{""azimuth_jitter"": 180.0, ""azimuth_mode"": ""random"", ""backing"": 2.0, ""depth"": 50.0, ""face_h"": 60.0, ""face_w"": 60.0, ""jitter"": 0.3, ""margin_depths"": 2.0, ""pitch"": 5.5, ""plate_over"": 1.15, ""plate_t_bot"": 0.05, ""plate_t_top"": 0.05, ""seed"": 102, ""tilt_deg"": 2.0, ""tilt_jitter"": 0.0, ""topology"": ""shingle""}"
BL_FLAT_t050_p0550_a02_rand_s102,flat,0.05,5.5,2.0,random,102,d100,-40.0,0.0020533723291009665,0.04999997094273567,"{""azimuth_jitter"": 180.0, ""azimuth_mode"": ""random"", ""backing"": 2.0, ""depth"": 50.0, ""face_h"": 60.0, ""face_w"": 60.0, ""jitter"": 0.3, ""margin_depths"": 2.0, ""pitch"": 5.5, ""plate_over"": 1.15, ""plate_t_bot"": 0.05, ""plate_t_top"": 0.05, ""seed"": 102, ""tilt_deg"": 2.0, ""tilt_jitter"": 0.0, ""topology"": ""shingle""}"
BL_FLAT_t050_p0550_a02_rand_s102,flat,0.05,5.5,2.0,random,102,d100,20.0,0.001043023425154388,0.04999997094273567,"{""azimuth_jitter"": 180.0, ""azimuth_mode"": ""random"", ""backing"": 2.0, ""depth"": 50.0, ""face_h"": 60.0, ""face_w"": 60.0, ""jitter"": 0.3, ""margin_depths"": 2.0, ""pitch"": 5.5, ""plate_over"": 1.15, ""plate_t_bot"": 0.05, ""plate_t_top"": 0.05, ""seed"": 102, ""tilt_deg"": 2.0, ""tilt_jitter"": 0.0, ""topology"": ""shingle""}"
BL_FLAT_t050_p0550_a02_rand_s102,flat,0.05,5.5,2.0,random,102,d100,40.0,0.00185883860103786,0.04999997094273567,"{""azimuth_jitter"": 180.0, ""azimuth_mode"": ""random"", ""backing"": 2.0, ""depth"": 50.0, ""face_h"": 60.0, ""face_w"": 60.0, ""jitter"": 0.3, ""margin_depths"": 2.0, ""pitch"": 5.5, ""plate_over"": 1.15, ""plate_t_bot"": 0.05, ""plate_t_top"": 0.05, ""seed"": 102, ""tilt_deg"": 2.0, ""tilt_jitter"": 0.0, ""topology"": ""shingle""}"
BL_FLAT_t050_p0550_a02_grid_s102,flat,0.05,5.5,2.0,grid,102,d00,0.0,0.0019826991483569145,0.04999997094273567,"{""azimuth_jitter"": 180.0, ""azimuth_mode"": ""grid"", ""backing"": 2.0, ""depth"": 50.0, ""face_h"": 60.0, ""face_w"": 60.0, ""jitter"": 0.3, ""margin_depths"": 2.0, ""pitch"": 5.5, ""plate_over"": 1.15, ""plate_t_bot"": 0.05, ""plate_t_top"": 0.05, ""seed"": 102, ""tilt_deg"": 2.0, ""tilt_jitter"": 0.0, ""topology"": ""shingle""}"
BL_FLAT_t050_p0550_a02_grid_s102,flat,0.05,5.5,2.0,grid,102,d00,-20.0,0.0004189092433080077,0.04999997094273567,"{""azimuth_jitter"": 180.0, ""azimuth_mode"": ""grid"", ""backing"": 2.0, ""depth"": 50.0, ""face_h"": 60.0, ""face_w"": 60.0, ""jitter"": 0.3, ""margin_depths"": 2.0, ""pitch"": 5.5, ""plate_over"": 1.15, ""plate_t_bot"": 0.05, ""plate_t_top"": 0.05, ""seed"": 102, ""tilt_deg"": 2.0, ""tilt_jitter"": 0.0, ""topology"": ""shingle""}"
BL_FLAT_t050_p0550_a02_grid_s102,flat,0.05,5.5,2.0,grid,102,d00,-40.0,0.0003538768505677581,0.04999997094273567,"{""azimuth_jitter"": 180.0, ""azimuth_mode"": ""grid"", ""backing"": 2.0, ""depth"": 50.0, ""face_h"": 60.0, ""face_w"": 60.0, ""jitter"": 0.3, ""margin_depths"": 2.0, ""pitch"": 5.5, ""plate_over"": 1.15, ""plate_t_bot"": 0.05, ""plate_t_top"": 0.05, ""seed"": 102, ""tilt_deg"": 2.0, ""tilt_jitter"": 0.0, ""topology"": ""shingle""}"
BL_FLAT_t050_p0550_a02_grid_s102,flat,0.05,5.5,2.0,grid,102,d00,20.0,0.00039388443110510707,0.04999997094273567,"{""azimuth_jitter"": 180.0, ""azimuth_mode"": ""grid"", ""backing"": 2.0, ""depth"": 50.0, ""face_h"": 60.0, ""face_w"": 60.0, ""jitter"": 0.3, ""margin_depths"": 2.0, ""pitch"": 5.5, ""plate_over"": 1.15, ""plate_t_bot"": 0.05, ""plate_t_top"": 0.05, ""seed"": 102, ""tilt_deg"": 2.0, ""tilt_jitter"": 0.0, ""topology"": ""shingle""}"
BL_FLAT_t050_p0550_a02_grid_s102,flat,0.05,5.5,2.0,grid,102,d00,40.0,0.0003477477002888918,0.04999997094273567,"{""azimuth_jitter"": 180.0, ""azimuth_mode"": ""grid"", ""backing"": 2.0, ""depth"": 50.0, ""face_h"": 60.0, ""face_w"": 60.0, ""jitter"": 0.3, ""margin_depths"": 2.0, ""pitch"": 5.5, ""plate_over"": 1.15, ""plate_t_bot"": 0.05, ""plate_t_top"": 0.05, ""seed"": 102, ""tilt_deg"": 2.0, ""tilt_jitter"": 0.0, ""topology"": ""shingle""}"
BL_FLAT_t050_p0550_a02_grid_s102,flat,0.05,5.5,2.0,grid,102,d76,0.0,0.0007228401955217123,0.04999997094273567,"{""azimuth_jitter"": 180.0, ""azimuth_mode"": ""grid"", ""backing"": 2.0, ""depth"": 50.0, ""face_h"": 60.0, ""face_w"": 60.0, ""jitter"": 0.3, ""margin_depths"": 2.0, ""pitch"": 5.5, ""plate_over"": 1.15, ""plate_t_bot"": 0.05, ""plate_t_top"": 0.05, ""seed"": 102, ""tilt_deg"": 2.0, ""tilt_jitter"": 0.0, ""topology"": ""shingle""}"
BL_FLAT_t050_p0550_a02_grid_s102,flat,0.05,5.5,2.0,grid,102,d76,-20.0,0.000800813315436244,0.04999997094273567,"{""azimuth_jitter"": 180.0, ""azimuth_mode"": ""grid"", ""backing"": 2.0, ""depth"": 50.0, ""face_h"": 60.0, ""face_w"": 60.0, ""jitter"": 0.3, ""margin_depths"": 2.0, ""pitch"": 5.5, ""plate_over"": 1.15, ""plate_t_bot"": 0.05, ""plate_t_top"": 0.05, ""seed"": 102, ""tilt_deg"": 2.0, ""tilt_jitter"": 0.0, ""topology"": ""shingle""}"
BL_FLAT_t050_p0550_a02_grid_s102,flat,0.05,5.5,2.0,grid,102,d76,-40.0,0.001424521440640092,0.04999997094273567,"{""azimuth_jitter"": 180.0, ""azimuth_mode"": ""grid"", ""backing"": 2.0, ""depth"": 50.0, ""face_h"": 60.0, ""face_w"": 60.0, ""jitter"": 0.3, ""margin_depths"": 2.0, ""pitch"": 5.5, ""plate_over"": 1.15, ""plate_t_bot"": 0.05, ""plate_t_top"": 0.05, ""seed"": 102, ""tilt_deg"": 2.0, ""tilt_jitter"": 0.0, ""topology"": ""shingle""}"
BL_FLAT_t050_p0550_a02_grid_s102,flat,0.05,5.5,2.0,grid,102,d76,20.0,0.0009109754464589059,0.04999997094273567,"{""azimuth_jitter"": 180.0, ""azimuth_mode"": ""grid"", ""backing"": 2.0, ""depth"": 50.0, ""face_h"": 60.0, ""face_w"": 60.0, ""jitter"": 0.3, ""margin_depths"": 2.0, ""pitch"": 5.5, ""plate_over"": 1.15, ""plate_t_bot"": 0.05, ""plate_t_top"": 0.05, ""seed"": 102, ""tilt_deg"": 2.0, ""tilt_jitter"": 0.0, ""topology"": ""shingle""}"
BL_FLAT_t050_p0550_a02_grid_s102,flat,0.05,5.5,2.0,grid,102,d76,40.0,0.001498340512625873,0.04999997094273567,"{""azimuth_jitter"": 180.0, ""azimuth_mode"": ""grid"", ""backing"": 2.0, ""depth"": 50.0, ""face_h"": 60.0, ""face_w"": 60.0, ""jitter"": 0.3, ""margin_depths"": 2.0, ""pitch"": 5.5, ""plate_over"": 1.15, ""plate_t_bot"": 0.05, ""plate_t_top"": 0.05, ""seed"": 102, ""tilt_deg"": 2.0, ""tilt_jitter"": 0.0, ""topology"": ""shingle""}"
BL_FLAT_t050_p0550_a02_grid_s102,flat,0.05,5.5,2.0,grid,102,d100,0.0,0.0003730097087100148,0.04999997094273567,"{""azimuth_jitter"": 180.0, ""azimuth_mode"": ""grid"", ""backing"": 2.0, ""depth"": 50.0, ""face_h"": 60.0, ""face_w"": 60.0, ""jitter"": 0.3, ""margin_depths"": 2.0, ""pitch"": 5.5, ""plate_over"": 1.15, ""plate_t_bot"": 0.05, ""plate_t_top"": 0.05, ""seed"": 102, ""tilt_deg"": 2.0, ""tilt_jitter"": 0.0, ""topology"": ""shingle""}"
BL_FLAT_t050_p0550_a02_grid_s102,flat,0.05,5.5,2.0,grid,102,d100,-20.0,0.0009404816664755344,0.04999997094273567,"{""azimuth_jitter"": 180.0, ""azimuth_mode"": ""grid"", ""backing"": 2.0, ""depth"": 50.0, ""face_h"": 60.0, ""face_w"": 60.0, ""jitter"": 0.3, ""margin_depths"": 2.0, ""pitch"": 5.5, ""plate_over"": 1.15, ""plate_t_bot"": 0.05, ""plate_t_top"": 0.05, ""seed"": 102, ""tilt_deg"": 2.0, ""tilt_jitter"": 0.0, ""topology"": ""shingle""}"
BL_FLAT_t050_p0550_a02_grid_s102,flat,0.05,5.5,2.0,grid,102,d100,-40.0,0.0017585275927558541,0.04999997094273567,"{""azimuth_jitter"": 180.0, ""azimuth_mode"": ""grid"", ""backing"": 2.0, ""depth"": 50.0, ""face_h"": 60.0, ""face_w"": 60.0, ""jitter"": 0.3, ""margin_depths"": 2.0, ""pitch"": 5.5, ""plate_over"": 1.15, ""plate_t_bot"": 0.05, ""plate_t_top"": 0.05, ""seed"": 102, ""tilt_deg"": 2.0, ""tilt_jitter"": 0.0, ""topology"": ""shingle""}"
BL_FLAT_t050_p0550_a02_grid_s102,flat,0.05,5.5,2.0,grid,102,d100,20.0,0.0010894454317167401,0.04999997094273567,"{""azimuth_jitter"": 180.0, ""azimuth_mode"": ""grid"", ""backing"": 2.0, ""depth"": 50.0, ""face_h"": 60.0, ""face_w"": 60.0, ""jitter"": 0.3, ""margin_depths"": 2.0, ""pitch"": 5.5, ""plate_over"": 1.15, ""plate_t_bot"": 0.05, ""plate_t_top"": 0.05, ""seed"": 102, ""tilt_deg"": 2.0, ""tilt_jitter"": 0.0, ""topology"": ""shingle""}"
BL_FLAT_t050_p0550_a02_grid_s102,flat,0.05,5.5,2.0,grid,102,d100,40.0,0.001871125539764762,0.04999997094273567,"{""azimuth_jitter"": 180.0, ""azimuth_mode"": ""grid"", ""backing"": 2.0, ""depth"": 50.0, ""face_h"": 60.0, ""face_w"": 60.0, ""jitter"": 0.3, ""margin_depths"": 2.0, ""pitch"": 5.5, ""plate_over"": 1.15, ""plate_t_bot"": 0.05, ""plate_t_top"": 0.05, ""seed"": 102, ""tilt_deg"": 2.0, ""tilt_jitter"": 0.0, ""topology"": ""shingle""}"
BL_FLAT_t050_p0550_a06_rand_s102,flat,0.05,5.5,6.0,random,102,d00,0.0,0.0010846557561308146,0.04999997094273567,"{""azimuth_jitter"": 180.0, ""azimuth_mode"": ""random"", ""backing"": 2.0, ""depth"": 50.0, ""face_h"": 60.0, ""face_w"": 60.0, ""jitter"": 0.3, ""margin_depths"": 2.0, ""pitch"": 5.5, ""plate_over"": 1.15, ""plate_t_bot"": 0.05, ""plate_t_top"": 0.05, ""seed"": 102, ""tilt_deg"": 6.0, ""tilt_jitter"": 0.0, ""topology"": ""shingle""}"
BL_FLAT_t050_p0550_a06_rand_s102,flat,0.05,5.5,6.0,random,102,d00,-20.0,0.0003638595517259091,0.04999997094273567,"{""azimuth_jitter"": 180.0, ""azimuth_mode"": ""random"", ""backing"": 2.0, ""depth"": 50.0, ""face_h"": 60.0, ""face_w"": 60.0, ""jitter"": 0.3, ""margin_depths"": 2.0, ""pitch"": 5.5, ""plate_over"": 1.15, ""plate_t_bot"": 0.05, ""plate_t_top"": 0.05, ""seed"": 102, ""tilt_deg"": 6.0, ""tilt_jitter"": 0.0, ""topology"": ""shingle""}"
BL_FLAT_t050_p0550_a06_rand_s102,flat,0.05,5.5,6.0,random,102,d00,-40.0,0.00030334314214996994,0.04999997094273567,"{""azimuth_jitter"": 180.0, ""azimuth_mode"": ""random"", ""backing"": 2.0, ""depth"": 50.0, ""face_h"": 60.0, ""face_w"": 60.0, ""jitter"": 0.3, ""margin_depths"": 2.0, ""pitch"": 5.5, ""plate_over"": 1.15, ""plate_t_bot"": 0.05, ""plate_t_top"": 0.05, ""seed"": 102, ""tilt_deg"": 6.0, ""tilt_jitter"": 0.0, ""topology"": ""shingle""}"
BL_FLAT_t050_p0550_a06_rand_s102,flat,0.05,5.5,6.0,random,102,d00,20.0,0.00038972459151409566,0.04999997094273567,"{""azimuth_jitter"": 180.0, ""azimuth_mode"": ""random"", ""backing"": 2.0, ""depth"": 50.0, ""face_h"": 60.0, ""face_w"": 60.0, ""jitter"": 0.3, ""margin_depths"": 2.0, ""pitch"": 5.5, ""plate_over"": 1.15, ""plate_t_bot"": 0.05, ""plate_t_top"": 0.05, ""seed"": 102, ""tilt_deg"": 6.0, ""tilt_jitter"": 0.0, ""topology"": ""shingle""}"
BL_FLAT_t050_p0550_a06_rand_s102,flat,0.05,5.5,6.0,random,102,d00,40.0,0.000313737487886101,0.04999997094273567,"{""azimuth_jitter"": 180.0, ""azimuth_mode"": ""random"", ""backing"": 2.0, ""depth"": 50.0, ""face_h"": 60.0, ""face_w"": 60.0, ""jitter"": 0.3, ""margin_depths"": 2.0, ""pitch"": 5.5, ""plate_over"": 1.15, ""plate_t_bot"": 0.05, ""plate_t_top"": 0.05, ""seed"": 102, ""tilt_deg"": 6.0, ""tilt_jitter"": 0.0, ""topology"": ""shingle""}"
BL_FLAT_t050_p0550_a06_rand_s102,flat,0.05,5.5,6.0,random,102,d76,0.0,0.000745011551771313,0.04999997094273567,"{""azimuth_jitter"": 180.0, ""azimuth_mode"": ""random"", ""backing"": 2.0, ""depth"": 50.0, ""face_h"": 60.0, ""face_w"": 60.0, ""jitter"": 0.3, ""margin_depths"": 2.0, ""pitch"": 5.5, ""plate_over"": 1.15, ""plate_t_bot"": 0.05, ""plate_t_top"": 0.05, ""seed"": 102, ""tilt_deg"": 6.0, ""tilt_jitter"": 0.0, ""topology"": ""shingle""}"
BL_FLAT_t050_p0550_a06_rand_s102,flat,0.05,5.5,6.0,random,102,d76,-20.0,0.000996764749288559,0.04999997094273567,"{""azimuth_jitter"": 180.0, ""azimuth_mode"": ""random"", ""backing"": 2.0, ""depth"": 50.0, ""face_h"": 60.0, ""face_w"": 60.0, ""jitter"": 0.3, ""margin_depths"": 2.0, ""pitch"": 5.5, ""plate_over"": 1.15, ""plate_t_bot"": 0.05, ""plate_t_top"": 0.05, ""seed"": 102, ""tilt_deg"": 6.0, ""tilt_jitter"": 0.0, ""topology"": ""shingle""}"
BL_FLAT_t050_p0550_a06_rand_s102,flat,0.05,5.5,6.0,random,102,d76,-40.0,0.0016458481550216675,0.04999997094273567,"{""azimuth_jitter"": 180.0, ""azimuth_mode"": ""random"", ""backing"": 2.0, ""depth"": 50.0, ""face_h"": 60.0, ""face_w"": 60.0, ""jitter"": 0.3, ""margin_depths"": 2.0, ""pitch"": 5.5, ""plate_over"": 1.15, ""plate_t_bot"": 0.05, ""plate_t_top"": 0.05, ""seed"": 102, ""tilt_deg"": 6.0, ""tilt_jitter"": 0.0, ""topology"": ""shingle""}"
BL_FLAT_t050_p0550_a06_rand_s102,flat,0.05,5.5,6.0,random,102,d76,20.0,0.000910930975805968,0.04999997094273567,"{""azimuth_jitter"": 180.0, ""azimuth_mode"": ""random"", ""backing"": 2.0, ""depth"": 50.0, ""face_h"": 60.0, ""face_w"": 60.0, ""jitter"": 0.3, ""margin_depths"": 2.0, ""pitch"": 5.5, ""plate_over"": 1.15, ""plate_t_bot"": 0.05, ""plate_t_top"": 0.05, ""seed"": 102, ""tilt_deg"": 6.0, ""tilt_jitter"": 0.0, ""topology"": ""shingle""}"
BL_FLAT_t050_p0550_a06_rand_s102,flat,0.05,5.5,6.0,random,102,d76,40.0,0.0014725899090990424,0.04999997094273567,"{""azimuth_jitter"": 180.0, ""azimuth_mode"": ""random"", ""backing"": 2.0, ""depth"": 50.0, ""face_h"": 60.0, ""face_w"": 60.0, ""jitter"": 0.3, ""margin_depths"": 2.0, ""pitch"": 5.5, ""plate_over"": 1.15, ""plate_t_bot"": 0.05, ""plate_t_top"": 0.05, ""seed"": 102, ""tilt_deg"": 6.0, ""tilt_jitter"": 0.0, ""topology"": ""shingle""}"
BL_FLAT_t050_p0550_a06_rand_s102,flat,0.05,5.5,6.0,random,102,d100,0.0,0.000666364561766386,0.04999997094273567,"{""azimuth_jitter"": 180.0, ""azimuth_mode"": ""random"", ""backing"": 2.0, ""depth"": 50.0, ""face_h"": 60.0, ""face_w"": 60.0, ""jitter"": 0.3, ""margin_depths"": 2.0, ""pitch"": 5.5, ""plate_over"": 1.15, ""plate_t_bot"": 0.05, ""plate_t_top"": 0.05, ""seed"": 102, ""tilt_deg"": 6.0, ""tilt_jitter"": 0.0, ""topology"": ""shingle""}"
BL_FLAT_t050_p0550_a06_rand_s102,flat,0.05,5.5,6.0,random,102,d100,-20.0,0.0012074088444933295,0.04999997094273567,"{""azimuth_jitter"": 180.0, ""azimuth_mode"": ""random"", ""backing"": 2.0, ""depth"": 50.0, ""face_h"": 60.0, ""face_w"": 60.0, ""jitter"": 0.3, ""margin_depths"": 2.0, ""pitch"": 5.5, ""plate_over"": 1.15, ""plate_t_bot"": 0.05, ""plate_t_top"": 0.05, ""seed"": 102, ""tilt_deg"": 6.0, ""tilt_jitter"": 0.0, ""topology"": ""shingle""}"
BL_FLAT_t050_p0550_a06_rand_s102,flat,0.05,5.5,6.0,random,102,d100,-40.0,0.0020774388685822487,0.04999997094273567,"{""azimuth_jitter"": 180.0, ""azimuth_mode"": ""random"", ""backing"": 2.0, ""depth"": 50.0, ""face_h"": 60.0, ""face_w"": 60.0, ""jitter"": 0.3, ""margin_depths"": 2.0, ""pitch"": 5.5, ""plate_over"": 1.15, ""plate_t_bot"": 0.05, ""plate_t_top"": 0.05, ""seed"": 102, ""tilt_deg"": 6.0, ""tilt_jitter"": 0.0, ""topology"": ""shingle""}"
BL_FLAT_t050_p0550_a06_rand_s102,flat,0.05,5.5,6.0,random,102,d100,20.0,0.0010870319092646241,0.04999997094273567,"{""azimuth_jitter"": 180.0, ""azimuth_mode"": ""random"", ""backing"": 2.0, ""depth"": 50.0, ""face_h"": 60.0, ""face_w"": 60.0, ""jitter"": 0.3, ""margin_depths"": 2.0, ""pitch"": 5.5, ""plate_over"": 1.15, ""plate_t_bot"": 0.05, ""plate_t_top"": 0.05, ""seed"": 102, ""tilt_deg"": 6.0, ""tilt_jitter"": 0.0, ""topology"": ""shingle""}"
BL_FLAT_t050_p0550_a06_rand_s102,flat,0.05,5.5,6.0,random,102,d100,40.0,0.0018462963635101914,0.04999997094273567,"{""azimuth_jitter"": 180.0, ""azimuth_mode"": ""random"", ""backing"": 2.0, ""depth"": 50.0, ""face_h"": 60.0, ""face_w"": 60.0, ""jitter"": 0.3, ""margin_depths"": 2.0, ""pitch"": 5.5, ""plate_over"": 1.15, ""plate_t_bot"": 0.05, ""plate_t_top"": 0.05, ""seed"": 102, ""tilt_deg"": 6.0, ""tilt_jitter"": 0.0, ""topology"": ""shingle""}"
BL_FLAT_t050_p0550_a06_grid_s102,flat,0.05,5.5,6.0,grid,102,d00,0.0,0.0009827126050367951,0.04999997094273567,"{""azimuth_jitter"": 180.0, ""azimuth_mode"": ""grid"", ""backing"": 2.0, ""depth"": 50.0, ""face_h"": 60.0, ""face_w"": 60.0, ""jitter"": 0.3, ""margin_depths"": 2.0, ""pitch"": 5.5, ""plate_over"": 1.15, ""plate_t_bot"": 0.05, ""plate_t_top"": 0.05, ""seed"": 102, ""tilt_deg"": 6.0, ""tilt_jitter"": 0.0, ""topology"": ""shingle""}"
BL_FLAT_t050_p0550_a06_grid_s102,flat,0.05,5.5,6.0,grid,102,d00,-20.0,0.0005022038822062314,0.04999997094273567,"{""azimuth_jitter"": 180.0, ""azimuth_mode"": ""grid"", ""backing"": 2.0, ""depth"": 50.0, ""face_h"": 60.0, ""face_w"": 60.0, ""jitter"": 0.3, ""margin_depths"": 2.0, ""pitch"": 5.5, ""plate_over"": 1.15, ""plate_t_bot"": 0.05, ""plate_t_top"": 0.05, ""seed"": 102, ""tilt_deg"": 6.0, ""tilt_jitter"": 0.0, ""topology"": ""shingle""}"
BL_FLAT_t050_p0550_a06_grid_s102,flat,0.05,5.5,6.0,grid,102,d00,-40.0,0.00041661292198114097,0.04999997094273567,"{""azimuth_jitter"": 180.0, ""azimuth_mode"": ""grid"", ""backing"": 2.0, ""depth"": 50.0, ""face_h"": 60.0, ""face_w"": 60.0, ""jitter"": 0.3, ""margin_depths"": 2.0, ""pitch"": 5.5, ""plate_over"": 1.15, ""plate_t_bot"": 0.05, ""plate_t_top"": 0.05, ""seed"": 102, ""tilt_deg"": 6.0, ""tilt_jitter"": 0.0, ""topology"": ""shingle""}"
BL_FLAT_t050_p0550_a06_grid_s102,flat,0.05,5.5,6.0,grid,102,d00,20.0,0.0004255041712895036,0.04999997094273567,"{""azimuth_jitter"": 180.0, ""azimuth_mode"": ""grid"", ""backing"": 2.0, ""depth"": 50.0, ""face_h"": 60.0, ""face_w"": 60.0, ""jitter"": 0.3, ""margin_depths"": 2.0, ""pitch"": 5.5, ""plate_over"": 1.15, ""plate_t_bot"": 0.05, ""plate_t_top"": 0.05, ""seed"": 102, ""tilt_deg"": 6.0, ""tilt_jitter"": 0.0, ""topology"": ""shingle""}"
BL_FLAT_t050_p0550_a06_grid_s102,flat,0.05,5.5,6.0,grid,102,d00,40.0,0.00043720664689317346,0.04999997094273567,"{""azimuth_jitter"": 180.0, ""azimuth_mode"": ""grid"", ""backing"": 2.0, ""depth"": 50.0, ""face_h"": 60.0, ""face_w"": 60.0, ""jitter"": 0.3, ""margin_depths"": 2.0, ""pitch"": 5.5, ""plate_over"": 1.15, ""plate_t_bot"": 0.05, ""plate_t_top"": 0.05, ""seed"": 102, ""tilt_deg"": 6.0, ""tilt_jitter"": 0.0, ""topology"": ""shingle""}"
BL_FLAT_t050_p0550_a06_grid_s102,flat,0.05,5.5,6.0,grid,102,d76,0.0,0.0007250621565617621,0.04999997094273567,"{""azimuth_jitter"": 180.0, ""azimuth_mode"": ""grid"", ""backing"": 2.0, ""depth"": 50.0, ""face_h"": 60.0, ""face_w"": 60.0, ""jitter"": 0.3, ""margin_depths"": 2.0, ""pitch"": 5.5, ""plate_over"": 1.15, ""plate_t_bot"": 0.05, ""plate_t_top"": 0.05, ""seed"": 102, ""tilt_deg"": 6.0, ""tilt_jitter"": 0.0, ""topology"": ""shingle""}"
BL_FLAT_t050_p0550_a06_grid_s102,flat,0.05,5.5,6.0,grid,102,d76,-20.0,0.0007862232159823179,0.04999997094273567,"{""azimuth_jitter"": 180.0, ""azimuth_mode"": ""grid"", ""backing"": 2.0, ""depth"": 50.0, ""face_h"": 60.0, ""face_w"": 60.0, ""jitter"": 0.3, ""margin_depths"": 2.0, ""pitch"": 5.5, ""plate_over"": 1.15, ""plate_t_bot"": 0.05, ""plate_t_top"": 0.05, ""seed"": 102, ""tilt_deg"": 6.0, ""tilt_jitter"": 0.0, ""topology"": ""shingle""}"
BL_FLAT_t050_p0550_a06_grid_s102,flat,0.05,5.5,6.0,grid,102,d76,-40.0,0.0013341582380235195,0.04999997094273567,"{""azimuth_jitter"": 180.0, ""azimuth_mode"": ""grid"", ""backing"": 2.0, ""depth"": 50.0, ""face_h"": 60.0, ""face_w"": 60.0, ""jitter"": 0.3, ""margin_depths"": 2.0, ""pitch"": 5.5, ""plate_over"": 1.15, ""plate_t_bot"": 0.05, ""plate_t_top"": 0.05, ""seed"": 102, ""tilt_deg"": 6.0, ""tilt_jitter"": 0.0, ""topology"": ""shingle""}"
BL_FLAT_t050_p0550_a06_grid_s102,flat,0.05,5.5,6.0,grid,102,d76,20.0,0.0011880716774612665,0.04999997094273567,"{""azimuth_jitter"": 180.0, ""azimuth_mode"": ""grid"", ""backing"": 2.0, ""depth"": 50.0, ""face_h"": 60.0, ""face_w"": 60.0, ""jitter"": 0.3, ""margin_depths"": 2.0, ""pitch"": 5.5, ""plate_over"": 1.15, ""plate_t_bot"": 0.05, ""plate_t_top"": 0.05, ""seed"": 102, ""tilt_deg"": 6.0, ""tilt_jitter"": 0.0, ""topology"": ""shingle""}"
BL_FLAT_t050_p0550_a06_grid_s102,flat,0.05,5.5,6.0,grid,102,d76,40.0,0.0017824606038630009,0.04999997094273567,"{""azimuth_jitter"": 180.0, ""azimuth_mode"": ""grid"", ""backing"": 2.0, ""depth"": 50.0, ""face_h"": 60.0, ""face_w"": 60.0, ""jitter"": 0.3, ""margin_depths"": 2.0, ""pitch"": 5.5, ""plate_over"": 1.15, ""plate_t_bot"": 0.05, ""plate_t_top"": 0.05, ""seed"": 102, ""tilt_deg"": 6.0, ""tilt_jitter"": 0.0, ""topology"": ""shingle""}"
BL_FLAT_t050_p0550_a06_grid_s102,flat,0.05,5.5,6.0,grid,102,d100,0.0,0.0006763733108527958,0.04999997094273567,"{""azimuth_jitter"": 180.0, ""azimuth_mode"": ""grid"", ""backing"": 2.0, ""depth"": 50.0, ""face_h"": 60.0, ""face_w"": 60.0, ""jitter"": 0.3, ""margin_depths"": 2.0, ""pitch"": 5.5, ""plate_over"": 1.15, ""plate_t_bot"": 0.05, ""plate_t_top"": 0.05, ""seed"": 102, ""tilt_deg"": 6.0, ""tilt_jitter"": 0.0, ""topology"": ""shingle""}"
BL_FLAT_t050_p0550_a06_grid_s102,flat,0.05,5.5,6.0,grid,102,d100,-20.0,0.0009059463627636433,0.04999997094273567,"{""azimuth_jitter"": 180.0, ""azimuth_mode"": ""grid"", ""backing"": 2.0, ""depth"": 50.0, ""face_h"": 60.0, ""face_w"": 60.0, ""jitter"": 0.3, ""margin_depths"": 2.0, ""pitch"": 5.5, ""plate_over"": 1.15, ""plate_t_bot"": 0.05, ""plate_t_top"": 0.05, ""seed"": 102, ""tilt_deg"": 6.0, ""tilt_jitter"": 0.0, ""topology"": ""shingle""}"
BL_FLAT_t050_p0550_a06_grid_s102,flat,0.05,5.5,6.0,grid,102,d100,-40.0,0.0016338289715349674,0.04999997094273567,"{""azimuth_jitter"": 180.0, ""azimuth_mode"": ""grid"", ""backing"": 2.0, ""depth"": 50.0, ""face_h"": 60.0, ""face_w"": 60.0, ""jitter"": 0.3, ""margin_depths"": 2.0, ""pitch"": 5.5, ""plate_over"": 1.15, ""plate_t_bot"": 0.05, ""plate_t_top"": 0.05, ""seed"": 102, ""tilt_deg"": 6.0, ""tilt_jitter"": 0.0, ""topology"": ""shingle""}"
BL_FLAT_t050_p0550_a06_grid_s102,flat,0.05,5.5,6.0,grid,102,d100,20.0,0.0014492538757622242,0.04999997094273567,"{""azimuth_jitter"": 180.0, ""azimuth_mode"": ""grid"", ""backing"": 2.0, ""depth"": 50.0, ""face_h"": 60.0, ""face_w"": 60.0, ""jitter"": 0.3, ""margin_depths"": 2.0, ""pitch"": 5.5, ""plate_over"": 1.15, ""plate_t_bot"": 0.05, ""plate_t_top"": 0.05, ""seed"": 102, ""tilt_deg"": 6.0, ""tilt_jitter"": 0.0, ""topology"": ""shingle""}"
BL_FLAT_t050_p0550_a06_grid_s102,flat,0.05,5.5,6.0,grid,102,d100,40.0,0.002207159996032715,0.04999997094273567,"{""azimuth_jitter"": 180.0, ""azimuth_mode"": ""grid"", ""backing"": 2.0, ""depth"": 50.0, ""face_h"": 60.0, ""face_w"": 60.0, ""jitter"": 0.3, ""margin_depths"": 2.0, ""pitch"": 5.5, ""plate_over"": 1.15, ""plate_t_bot"": 0.05, ""plate_t_top"": 0.05, ""seed"": 102, ""tilt_deg"": 6.0, ""tilt_jitter"": 0.0, ""topology"": ""shingle""}"
BL_FLAT_t050_p0750_a02_rand_s102,flat,0.05,7.5,2.0,random,102,d00,0.0,0.0029991259798407555,0.04999997094273567,"{""azimuth_jitter"": 180.0, ""azimuth_mode"": ""random"", ""backing"": 2.0, ""depth"": 50.0, ""face_h"": 60.0, ""face_w"": 60.0, ""jitter"": 0.3, ""margin_depths"": 2.0, ""pitch"": 7.5, ""plate_over"": 1.15, ""plate_t_bot"": 0.05, ""plate_t_top"": 0.05, ""seed"": 102, ""tilt_deg"": 2.0, ""tilt_jitter"": 0.0, ""topology"": ""shingle""}"
BL_FLAT_t050_p0750_a02_rand_s102,flat,0.05,7.5,2.0,random,102,d00,-20.0,0.00035878768539987504,0.04999997094273567,"{""azimuth_jitter"": 180.0, ""azimuth_mode"": ""random"", ""backing"": 2.0, ""depth"": 50.0, ""face_h"": 60.0, ""face_w"": 60.0, ""jitter"": 0.3, ""margin_depths"": 2.0, ""pitch"": 7.5, ""plate_over"": 1.15, ""plate_t_bot"": 0.05, ""plate_t_top"": 0.05, ""seed"": 102, ""tilt_deg"": 2.0, ""tilt_jitter"": 0.0, ""topology"": ""shingle""}"
BL_FLAT_t050_p0750_a02_rand_s102,flat,0.05,7.5,2.0,random,102,d00,-40.0,0.00023561579291708767,0.04999997094273567,"{""azimuth_jitter"": 180.0, ""azimuth_mode"": ""random"", ""backing"": 2.0, ""depth"": 50.0, ""face_h"": 60.0, ""face_w"": 60.0, ""jitter"": 0.3, ""margin_depths"": 2.0, ""pitch"": 7.5, ""plate_over"": 1.15, ""plate_t_bot"": 0.05, ""plate_t_top"": 0.05, ""seed"": 102, ""tilt_deg"": 2.0, ""tilt_jitter"": 0.0, ""topology"": ""shingle""}"
BL_FLAT_t050_p0750_a02_rand_s102,flat,0.05,7.5,2.0,random,102,d00,20.0,0.00033644246286712587,0.04999997094273567,"{""azimuth_jitter"": 180.0, ""azimuth_mode"": ""random"", ""backing"": 2.0, ""depth"": 50.0, ""face_h"": 60.0, ""face_w"": 60.0, ""jitter"": 0.3, ""margin_depths"": 2.0, ""pitch"": 7.5, ""plate_over"": 1.15, ""plate_t_bot"": 0.05, ""plate_t_top"": 0.05, ""seed"": 102, ""tilt_deg"": 2.0, ""tilt_jitter"": 0.0, ""topology"": ""shingle""}"
BL_FLAT_t050_p0750_a02_rand_s102,flat,0.05,7.5,2.0,random,102,d00,40.0,0.00022668168821837753,0.04999997094273567,"{""azimuth_jitter"": 180.0, ""azimuth_mode"": ""random"", ""backing"": 2.0, ""depth"": 50.0, ""face_h"": 60.0, ""face_w"": 60.0, ""jitter"": 0.3, ""margin_depths"": 2.0, ""pitch"": 7.5, ""plate_over"": 1.15, ""plate_t_bot"": 0.05, ""plate_t_top"": 0.05, ""seed"": 102, ""tilt_deg"": 2.0, ""tilt_jitter"": 0.0, ""topology"": ""shingle""}"
BL_FLAT_t050_p0750_a02_rand_s102,flat,0.05,7.5,2.0,random,102,d76,0.0,0.0010017802705988288,0.04999997094273567,"{""azimuth_jitter"": 180.0, ""azimuth_mode"": ""random"", ""backing"": 2.0, ""depth"": 50.0, ""face_h"": 60.0, ""face_w"": 60.0, ""jitter"": 0.3, ""margin_depths"": 2.0, ""pitch"": 7.5, ""plate_over"": 1.15, ""plate_t_bot"": 0.05, ""plate_t_top"": 0.05, ""seed"": 102, ""tilt_deg"": 2.0, ""tilt_jitter"": 0.0, ""topology"": ""shingle""}"
BL_FLAT_t050_p0750_a02_rand_s102,flat,0.05,7.5,2.0,random,102,d76,-20.0,0.0009289741865359247,0.04999997094273567,"{""azimuth_jitter"": 180.0, ""azimuth_mode"": ""random"", ""backing"": 2.0, ""depth"": 50.0, ""face_h"": 60.0, ""face_w"": 60.0, ""jitter"": 0.3, ""margin_depths"": 2.0, ""pitch"": 7.5, ""plate_over"": 1.15, ""plate_t_bot"": 0.05, ""plate_t_top"": 0.05, ""seed"": 102, ""tilt_deg"": 2.0, ""tilt_jitter"": 0.0, ""topology"": ""shingle""}"
BL_FLAT_t050_p0750_a02_rand_s102,flat,0.05,7.5,2.0,random,102,d76,-40.0,0.0016084449598565698,0.04999997094273567,"{""azimuth_jitter"": 180.0, ""azimuth_mode"": ""random"", ""backing"": 2.0, ""depth"": 50.0, ""face_h"": 60.0, ""face_w"": 60.0, ""jitter"": 0.3, ""margin_depths"": 2.0, ""pitch"": 7.5, ""plate_over"": 1.15, ""plate_t_bot"": 0.05, ""plate_t_top"": 0.05, ""seed"": 102, ""tilt_deg"": 2.0, ""tilt_jitter"": 0.0, ""topology"": ""shingle""}"
BL_FLAT_t050_p0750_a02_rand_s102,flat,0.05,7.5,2.0,random,102,d76,20.0,0.0009840404381975532,0.04999997094273567,"{""azimuth_jitter"": 180.0, ""azimuth_mode"": ""random"", ""backing"": 2.0, ""depth"": 50.0, ""face_h"": 60.0, ""face_w"": 60.0, ""jitter"": 0.3, ""margin_depths"": 2.0, ""pitch"": 7.5, ""plate_over"": 1.15, ""plate_t_bot"": 0.05, ""plate_t_top"": 0.05, ""seed"": 102, ""tilt_deg"": 2.0, ""tilt_jitter"": 0.0, ""topology"": ""shingle""}"
BL_FLAT_t050_p0750_a02_rand_s102,flat,0.05,7.5,2.0,random,102,d76,40.0,0.0016934865852817893,0.04999997094273567,"{""azimuth_jitter"": 180.0, ""azimuth_mode"": ""random"", ""backing"": 2.0, ""depth"": 50.0, ""face_h"": 60.0, ""face_w"": 60.0, ""jitter"": 0.3, ""margin_depths"": 2.0, ""pitch"": 7.5, ""plate_over"": 1.15, ""plate_t_bot"": 0.05, ""plate_t_top"": 0.05, ""seed"": 102, ""tilt_deg"": 2.0, ""tilt_jitter"": 0.0, ""topology"": ""shingle""}"
BL_FLAT_t050_p0750_a02_rand_s102,flat,0.05,7.5,2.0,random,102,d100,0.0,0.00044341484317556024,0.04999997094273567,"{""azimuth_jitter"": 180.0, ""azimuth_mode"": ""random"", ""backing"": 2.0, ""depth"": 50.0, ""face_h"": 60.0, ""face_w"": 60.0, ""jitter"": 0.3, ""margin_depths"": 2.0, ""pitch"": 7.5, ""plate_over"": 1.15, ""plate_t_bot"": 0.05, ""plate_t_top"": 0.05, ""seed"": 102, ""tilt_deg"": 2.0, ""tilt_jitter"": 0.0, ""topology"": ""shingle""}"
BL_FLAT_t050_p0750_a02_rand_s102,flat,0.05,7.5,2.0,random,102,d100,-20.0,0.0011276515433564782,0.04999997094273567,"{""azimuth_jitter"": 180.0, ""azimuth_mode"": ""random"", ""backing"": 2.0, ""depth"": 50.0, ""face_h"": 60.0, ""face_w"": 60.0, ""jitter"": 0.3, ""margin_depths"": 2.0, ""pitch"": 7.5, ""plate_over"": 1.15, ""plate_t_bot"": 0.05, ""plate_t_top"": 0.05, ""seed"": 102, ""tilt_deg"": 2.0, ""tilt_jitter"": 0.0, ""topology"": ""shingle""}"
BL_FLAT_t050_p0750_a02_rand_s102,flat,0.05,7.5,2.0,random,102,d100,-40.0,0.002062762388959527,0.04999997094273567,"{""azimuth_jitter"": 180.0, ""azimuth_mode"": ""random"", ""backing"": 2.0, ""depth"": 50.0, ""face_h"": 60.0, ""face_w"": 60.0, ""jitter"": 0.3, ""margin_depths"": 2.0, ""pitch"": 7.5, ""plate_over"": 1.15, ""plate_t_bot"": 0.05, ""plate_t_top"": 0.05, ""seed"": 102, ""tilt_deg"": 2.0, ""tilt_jitter"": 0.0, ""topology"": ""shingle""}"
BL_FLAT_t050_p0750_a02_rand_s102,flat,0.05,7.5,2.0,random,102,d100,20.0,0.0012108477531000972,0.04999997094273567,"{""azimuth_jitter"": 180.0, ""azimuth_mode"": ""random"", ""backing"": 2.0, ""depth"": 50.0, ""face_h"": 60.0, ""face_w"": 60.0, ""jitter"": 0.3, ""margin_depths"": 2.0, ""pitch"": 7.5, ""plate_over"": 1.15, ""plate_t_bot"": 0.05, ""plate_t_top"": 0.05, ""seed"": 102, ""tilt_deg"": 2.0, ""tilt_jitter"": 0.0, ""topology"": ""shingle""}"
BL_FLAT_t050_p0750_a02_rand_s102,flat,0.05,7.5,2.0,random,102,d100,40.0,0.0021645184606313705,0.04999997094273567,"{""azimuth_jitter"": 180.0, ""azimuth_mode"": ""random"", ""backing"": 2.0, ""depth"": 50.0, ""face_h"": 60.0, ""face_w"": 60.0, ""jitter"": 0.3, ""margin_depths"": 2.0, ""pitch"": 7.5, ""plate_over"": 1.15, ""plate_t_bot"": 0.05, ""plate_t_top"": 0.05, ""seed"": 102, ""tilt_deg"": 2.0, ""tilt_jitter"": 0.0, ""topology"": ""shingle""}"
BL_FLAT_t050_p0750_a02_grid_s102,flat,0.05,7.5,2.0,grid,102,d00,0.0,0.0029303005430847406,0.04999997094273567,"{""azimuth_jitter"": 180.0, ""azimuth_mode"": ""grid"", ""backing"": 2.0, ""depth"": 50.0, ""face_h"": 60.0, ""face_w"": 60.0, ""jitter"": 0.3, ""margin_depths"": 2.0, ""pitch"": 7.5, ""plate_over"": 1.15, ""plate_t_bot"": 0.05, ""plate_t_top"": 0.05, ""seed"": 102, ""tilt_deg"": 2.0, ""tilt_jitter"": 0.0, ""topology"": ""shingle""}"
BL_FLAT_t050_p0750_a02_grid_s102,flat,0.05,7.5,2.0,grid,102,d00,-20.0,0.0005269409739412367,0.04999997094273567,"{""azimuth_jitter"": 180.0, ""azimuth_mode"": ""grid"", ""backing"": 2.0, ""depth"": 50.0, ""face_h"": 60.0, ""face_w"": 60.0, ""jitter"": 0.3, ""margin_depths"": 2.0, ""pitch"": 7.5, ""plate_over"": 1.15, ""plate_t_bot"": 0.05, ""plate_t_top"": 0.05, ""seed"": 102, ""tilt_deg"": 2.0, ""tilt_jitter"": 0.0, ""topology"": ""shingle""}"
BL_FLAT_t050_p0750_a02_grid_s102,flat,0.05,7.5,2.0,grid,102,d00,-40.0,0.0003434954269323498,0.04999997094273567,"{""azimuth_jitter"": 180.0, ""azimuth_mode"": ""grid"", ""backing"": 2.0, ""depth"": 50.0, ""face_h"": 60.0, ""face_w"": 60.0, ""jitter"": 0.3, ""margin_depths"": 2.0, ""pitch"": 7.5, ""plate_over"": 1.15, ""plate_t_bot"": 0.05, ""plate_t_top"": 0.05, ""seed"": 102, ""tilt_deg"": 2.0, ""tilt_jitter"": 0.0, ""topology"": ""shingle""}"
BL_FLAT_t050_p0750_a02_grid_s102,flat,0.05,7.5,2.0,grid,102,d00,20.0,0.0004708406049758196,0.04999997094273567,"{""azimuth_jitter"": 180.0, ""azimuth_mode"": ""grid"", ""backing"": 2.0, ""depth"": 50.0, ""face_h"": 60.0, ""face_w"": 60.0, ""jitter"": 0.3, ""margin_depths"": 2.0, ""pitch"": 7.5, ""plate_over"": 1.15, ""plate_t_bot"": 0.05, ""plate_t_top"": 0.05, ""seed"": 102, ""tilt_deg"": 2.0, ""tilt_jitter"": 0.0, ""topology"": ""shingle""}"
BL_FLAT_t050_p0750_a02_grid_s102,flat,0.05,7.5,2.0,grid,102,d00,40.0,0.00034815885010175407,0.04999997094273567,"{""azimuth_jitter"": 180.0, ""azimuth_mode"": ""grid"", ""backing"": 2.0, ""depth"": 50.0, ""face_h"": 60.0, ""face_w"": 60.0, ""jitter"": 0.3, ""margin_depths"": 2.0, ""pitch"": 7.5, ""plate_over"": 1.15, ""plate_t_bot"": 0.05, ""plate_t_top"": 0.05, ""seed"": 102, ""tilt_deg"": 2.0, ""tilt_jitter"": 0.0, ""topology"": ""shingle""}"
BL_FLAT_t050_p0750_a02_grid_s102,flat,0.05,7.5,2.0,grid,102,d76,0.0,0.0009986269287765026,0.04999997094273567,"{""azimuth_jitter"": 180.0, ""azimuth_mode"": ""grid"", ""backing"": 2.0, ""depth"": 50.0, ""face_h"": 60.0, ""face_w"": 60.0, ""jitter"": 0.3, ""margin_depths"": 2.0, ""pitch"": 7.5, ""plate_over"": 1.15, ""plate_t_bot"": 0.05, ""plate_t_top"": 0.05, ""seed"": 102, ""tilt_deg"": 2.0, ""tilt_jitter"": 0.0, ""topology"": ""shingle""}"
BL_FLAT_t050_p0750_a02_grid_s102,flat,0.05,7.5,2.0,grid,102,d76,-20.0,0.0007313310052268207,0.04999997094273567,"{""azimuth_jitter"": 180.0, ""azimuth_mode"": ""grid"", ""backing"": 2.0, ""depth"": 50.0, ""face_h"": 60.0, ""face_w"": 60.0, ""jitter"": 0.3, ""margin_depths"": 2.0, ""pitch"": 7.5, ""plate_over"": 1.15, ""plate_t_bot"": 0.05, ""plate_t_top"": 0.05, ""seed"": 102, ""tilt_deg"": 2.0, ""tilt_jitter"": 0.0, ""topology"": ""shingle""}"
BL_FLAT_t050_p0750_a02_grid_s102,flat,0.05,7.5,2.0,grid,102,d76,-40.0,0.0011632801033556461,0.04999997094273567,"{""azimuth_jitter"": 180.0, ""azimuth_mode"": ""grid"", ""backing"": 2.0, ""depth"": 50.0, ""face_h"": 60.0, ""face_w"": 60.0, ""jitter"": 0.3, ""margin_depths"": 2.0, ""pitch"": 7.5, ""plate_over"": 1.15, ""plate_t_bot"": 0.05, ""plate_t_top"": 0.05, ""seed"": 102, ""tilt_deg"": 2.0, ""tilt_jitter"": 0.0, ""topology"": ""shingle""}"
BL_FLAT_t050_p0750_a02_grid_s102,flat,0.05,7.5,2.0,grid,102,d76,20.0,0.0008916766964830458,0.04999997094273567,"{""azimuth_jitter"": 180.0, ""azimuth_mode"": ""grid"", ""backing"": 2.0, ""depth"": 50.0, ""face_h"": 60.0, ""face_w"": 60.0, ""jitter"": 0.3, ""margin_depths"": 2.0, ""pitch"": 7.5, ""plate_over"": 1.15, ""plate_t_bot"": 0.05, ""plate_t_top"": 0.05, ""seed"": 102, ""tilt_deg"": 2.0, ""tilt_jitter"": 0.0, ""topology"": ""shingle""}"
BL_FLAT_t050_p0750_a02_grid_s102,flat,0.05,7.5,2.0,grid,102,d76,40.0,0.0014428946888074279,0.04999997094273567,"{""azimuth_jitter"": 180.0, ""azimuth_mode"": ""grid"", ""backing"": 2.0, ""depth"": 50.0, ""face_h"": 60.0, ""face_w"": 60.0, ""jitter"": 0.3, ""margin_depths"": 2.0, ""pitch"": 7.5, ""plate_over"": 1.15, ""plate_t_bot"": 0.05, ""plate_t_top"": 0.05, ""seed"": 102, ""tilt_deg"": 2.0, ""tilt_jitter"": 0.0, ""topology"": ""shingle""}"
BL_FLAT_t050_p0750_a02_grid_s102,flat,0.05,7.5,2.0,grid,102,d100,0.0,0.000461043615359813,0.04999997094273567,"{""azimuth_jitter"": 180.0, ""azimuth_mode"": ""grid"", ""backing"": 2.0, ""depth"": 50.0, ""face_h"": 60.0, ""face_w"": 60.0, ""jitter"": 0.3, ""margin_depths"": 2.0, ""pitch"": 7.5, ""plate_over"": 1.15, ""plate_t_bot"": 0.05, ""plate_t_top"": 0.05, ""seed"": 102, ""tilt_deg"": 2.0, ""tilt_jitter"": 0.0, ""topology"": ""shingle""}"
BL_FLAT_t050_p0750_a02_grid_s102,flat,0.05,7.5,2.0,grid,102,d100,-20.0,0.000818489643279463,0.04999997094273567,"{""azimuth_jitter"": 180.0, ""azimuth_mode"": ""grid"", ""backing"": 2.0, ""depth"": 50.0, ""face_h"": 60.0, ""face_w"": 60.0, ""jitter"": 0.3, ""margin_depths"": 2.0, ""pitch"": 7.5, ""plate_over"": 1.15, ""plate_t_bot"": 0.05, ""plate_t_top"": 0.05, ""seed"": 102, ""tilt_deg"": 2.0, ""tilt_jitter"": 0.0, ""topology"": ""shingle""}"
BL_FLAT_t050_p0750_a02_grid_s102,flat,0.05,7.5,2.0,grid,102,d100,-40.0,0.0014316607266664505,0.04999997094273567,"{""azimuth_jitter"": 180.0, ""azimuth_mode"": ""grid"", ""backing"": 2.0, ""depth"": 50.0, ""face_h"": 60.0, ""face_w"": 60.0, ""jitter"": 0.3, ""margin_depths"": 2.0, ""pitch"": 7.5, ""plate_over"": 1.15, ""plate_t_bot"": 0.05, ""plate_t_top"": 0.05, ""seed"": 102, ""tilt_deg"": 2.0, ""tilt_jitter"": 0.0, ""topology"": ""shingle""}"
BL_FLAT_t050_p0750_a02_grid_s102,flat,0.05,7.5,2.0,grid,102,d100,20.0,0.0010372631950303912,0.04999997094273567,"{""azimuth_jitter"": 180.0, ""azimuth_mode"": ""grid"", ""backing"": 2.0, ""depth"": 50.0, ""face_h"": 60.0, ""face_w"": 60.0, ""jitter"": 0.3, ""margin_depths"": 2.0, ""pitch"": 7.5, ""plate_over"": 1.15, ""plate_t_bot"": 0.05, ""plate_t_top"": 0.05, ""seed"": 102, ""tilt_deg"": 2.0, ""tilt_jitter"": 0.0, ""topology"": ""shingle""}"
BL_FLAT_t050_p0750_a02_grid_s102,flat,0.05,7.5,2.0,grid,102,d100,40.0,0.0017982044955715537,0.04999997094273567,"{""azimuth_jitter"": 180.0, ""azimuth_mode"": ""grid"", ""backing"": 2.0, ""depth"": 50.0, ""face_h"": 60.0, ""face_w"": 60.0, ""jitter"": 0.3, ""margin_depths"": 2.0, ""pitch"": 7.5, ""plate_over"": 1.15, ""plate_t_bot"": 0.05, ""plate_t_top"": 0.05, ""seed"": 102, ""tilt_deg"": 2.0, ""tilt_jitter"": 0.0, ""topology"": ""shingle""}"
BL_FLAT_t050_p0750_a06_rand_s102,flat,0.05,7.5,6.0,random,102,d00,0.0,0.001480473903939128,0.04999997094273567,"{""azimuth_jitter"": 180.0, ""azimuth_mode"": ""random"", ""backing"": 2.0, ""depth"": 50.0, ""face_h"": 60.0, ""face_w"": 60.0, ""jitter"": 0.3, ""margin_depths"": 2.0, ""pitch"": 7.5, ""plate_over"": 1.15, ""plate_t_bot"": 0.05, ""plate_t_top"": 0.05, ""seed"": 102, ""tilt_deg"": 6.0, ""tilt_jitter"": 0.0, ""topology"": ""shingle""}"
BL_FLAT_t050_p0750_a06_rand_s102,flat,0.05,7.5,6.0,random,102,d00,-20.0,0.00036649449612013996,0.04999997094273567,"{""azimuth_jitter"": 180.0, ""azimuth_mode"": ""random"", ""backing"": 2.0, ""depth"": 50.0, ""face_h"": 60.0, ""face_w"": 60.0, ""jitter"": 0.3, ""margin_depths"": 2.0, ""pitch"": 7.5, ""plate_over"": 1.15, ""plate_t_bot"": 0.05, ""plate_t_top"": 0.05, ""seed"": 102, ""tilt_deg"": 6.0, ""tilt_jitter"": 0.0, ""topology"": ""shingle""}"
BL_FLAT_t050_p0750_a06_rand_s102,flat,0.05,7.5,6.0,random,102,d00,-40.0,0.0002814728650264442,0.04999997094273567,"{""azimuth_jitter"": 180.0, ""azimuth_mode"": ""random"", ""backing"": 2.0, ""depth"": 50.0, ""face_h"": 60.0, ""face_w"": 60.0, ""jitter"": 0.3, ""margin_depths"": 2.0, ""pitch"": 7.5, ""plate_over"": 1.15, ""plate_t_bot"": 0.05, ""plate_t_top"": 0.05, ""seed"": 102, ""tilt_deg"": 6.0, ""tilt_jitter"": 0.0, ""topology"": ""shingle""}"
BL_FLAT_t050_p0750_a06_rand_s102,flat,0.05,7.5,6.0,random,102,d00,20.0,0.00038385612424463034,0.04999997094273567,"{""azimuth_jitter"": 180.0, ""azimuth_mode"": ""random"", ""backing"": 2.0, ""depth"": 50.0, ""face_h"": 60.0, ""face_w"": 60.0, ""jitter"": 0.3, ""margin_depths"": 2.0, ""pitch"": 7.5, ""plate_over"": 1.15, ""plate_t_bot"": 0.05, ""plate_t_top"": 0.05, ""seed"": 102, ""tilt_deg"": 6.0, ""tilt_jitter"": 0.0, ""topology"": ""shingle""}"
BL_FLAT_t050_p0750_a06_rand_s102,flat,0.05,7.5,6.0,random,102,d00,40.0,0.0002445186546538025,0.04999997094273567,"{""azimuth_jitter"": 180.0, ""azimuth_mode"": ""random"", ""backing"": 2.0, ""depth"": 50.0, ""face_h"": 60.0, ""face_w"": 60.0, ""jitter"": 0.3, ""margin_depths"": 2.0, ""pitch"": 7.5, ""plate_over"": 1.15, ""plate_t_bot"": 0.05, ""plate_t_top"": 0.05, ""seed"": 102, ""tilt_deg"": 6.0, ""tilt_jitter"": 0.0, ""topology"": ""shingle""}"
BL_FLAT_t050_p0750_a06_rand_s102,flat,0.05,7.5,6.0,random,102,d76,0.0,0.0008430617745034397,0.04999997094273567,"{""azimuth_jitter"": 180.0, ""azimuth_mode"": ""random"", ""backing"": 2.0, ""depth"": 50.0, ""face_h"": 60.0, ""face_w"": 60.0, ""jitter"": 0.3, ""margin_depths"": 2.0, ""pitch"": 7.5, ""plate_over"": 1.15, ""plate_t_bot"": 0.05, ""plate_t_top"": 0.05, ""seed"": 102, ""tilt_deg"": 6.0, ""tilt_jitter"": 0.0, ""topology"": ""shingle""}"
BL_FLAT_t050_p0750_a06_rand_s102,flat,0.05,7.5,6.0,random,102,d76,-20.0,0.0009314163471572101,0.04999997094273567,"{""azimuth_jitter"": 180.0, ""azimuth_mode"": ""random"", ""backing"": 2.0, ""depth"": 50.0, ""face_h"": 60.0, ""face_w"": 60.0, ""jitter"": 0.3, ""margin_depths"": 2.0, ""pitch"": 7.5, ""plate_over"": 1.15, ""plate_t_bot"": 0.05, ""plate_t_top"": 0.05, ""seed"": 102, ""tilt_deg"": 6.0, ""tilt_jitter"": 0.0, ""topology"": ""shingle""}"
BL_FLAT_t050_p0750_a06_rand_s102,flat,0.05,7.5,6.0,random,102,d76,-40.0,0.001612870953977108,0.04999997094273567,"{""azimuth_jitter"": 180.0, ""azimuth_mode"": ""random"", ""backing"": 2.0, ""depth"": 50.0, ""face_h"": 60.0, ""face_w"": 60.0, ""jitter"": 0.3, ""margin_depths"": 2.0, ""pitch"": 7.5, ""plate_over"": 1.15, ""plate_t_bot"": 0.05, ""plate_t_top"": 0.05, ""seed"": 102, ""tilt_deg"": 6.0, ""tilt_jitter"": 0.0, ""topology"": ""shingle""}"
BL_FLAT_t050_p0750_a06_rand_s102,flat,0.05,7.5,6.0,random,102,d76,20.0,0.0011378100607544184,0.04999997094273567,"{""azimuth_jitter"": 180.0, ""azimuth_mode"": ""random"", ""backing"": 2.0, ""depth"": 50.0, ""face_h"": 60.0, ""face_w"": 60.0, ""jitter"": 0.3, ""margin_depths"": 2.0, ""pitch"": 7.5, ""plate_over"": 1.15, ""plate_t_bot"": 0.05, ""plate_t_top"": 0.05, ""seed"": 102, ""tilt_deg"": 6.0, ""tilt_jitter"": 0.0, ""topology"": ""shingle""}"
BL_FLAT_t050_p0750_a06_rand_s102,flat,0.05,7.5,6.0,random,102,d76,40.0,0.0018231073627248406,0.04999997094273567,"{""azimuth_jitter"": 180.0, ""azimuth_mode"": ""random"", ""backing"": 2.0, ""depth"": 50.0, ""face_h"": 60.0, ""face_w"": 60.0, ""jitter"": 0.3, ""margin_depths"": 2.0, ""pitch"": 7.5, ""plate_over"": 1.15, ""plate_t_bot"": 0.05, ""plate_t_top"": 0.05, ""seed"": 102, ""tilt_deg"": 6.0, ""tilt_jitter"": 0.0, ""topology"": ""shingle""}"
BL_FLAT_t050_p0750_a06_rand_s102,flat,0.05,7.5,6.0,random,102,d100,0.0,0.0006905408226884902,0.04999997094273567,"{""azimuth_jitter"": 180.0, ""azimuth_mode"": ""random"", ""backing"": 2.0, ""depth"": 50.0, ""face_h"": 60.0, ""face_w"": 60.0, ""jitter"": 0.3, ""margin_depths"": 2.0, ""pitch"": 7.5, ""plate_over"": 1.15, ""plate_t_bot"": 0.05, ""plate_t_top"": 0.05, ""seed"": 102, ""tilt_deg"": 6.0, ""tilt_jitter"": 0.0, ""topology"": ""shingle""}"
BL_FLAT_t050_p0750_a06_rand_s102,flat,0.05,7.5,6.0,random,102,d100,-20.0,0.0011276260484009981,0.04999997094273567,"{""azimuth_jitter"": 180.0, ""azimuth_mode"": ""random"", ""backing"": 2.0, ""depth"": 50.0, ""face_h"": 60.0, ""face_w"": 60.0, ""jitter"": 0.3, ""margin_depths"": 2.0, ""pitch"": 7.5, ""plate_over"": 1.15, ""plate_t_bot"": 0.05, ""plate_t_top"": 0.05, ""seed"": 102, ""tilt_deg"": 6.0, ""tilt_jitter"": 0.0, ""topology"": ""shingle""}"
BL_FLAT_t050_p0750_a06_rand_s102,flat,0.05,7.5,6.0,random,102,d100,-40.0,0.002043585292994976,0.04999997094273567,"{""azimuth_jitter"": 180.0, ""azimuth_mode"": ""random"", ""backing"": 2.0, ""depth"": 50.0, ""face_h"": 60.0, ""face_w"": 60.0, ""jitter"": 0.3, ""margin_depths"": 2.0, ""pitch"": 7.5, ""plate_over"": 1.15, ""plate_t_bot"": 0.05, ""plate_t_top"": 0.05, ""seed"": 102, ""tilt_deg"": 6.0, ""tilt_jitter"": 0.0, ""topology"": ""shingle""}"
BL_FLAT_t050_p0750_a06_rand_s102,flat,0.05,7.5,6.0,random,102,d100,20.0,0.0013998462818562984,0.04999997094273567,"{""azimuth_jitter"": 180.0, ""azimuth_mode"": ""random"", ""backing"": 2.0, ""depth"": 50.0, ""face_h"": 60.0, ""face_w"": 60.0, ""jitter"": 0.3, ""margin_depths"": 2.0, ""pitch"": 7.5, ""plate_over"": 1.15, ""plate_t_bot"": 0.05, ""plate_t_top"": 0.05, ""seed"": 102, ""tilt_deg"": 6.0, ""tilt_jitter"": 0.0, ""topology"": ""shingle""}"
BL_FLAT_t050_p0750_a06_rand_s102,flat,0.05,7.5,6.0,random,102,d100,40.0,0.0023365882225334644,0.04999997094273567,"{""azimuth_jitter"": 180.0, ""azimuth_mode"": ""random"", ""backing"": 2.0, ""depth"": 50.0, ""face_h"": 60.0, ""face_w"": 60.0, ""jitter"": 0.3, ""margin_depths"": 2.0, ""pitch"": 7.5, ""plate_over"": 1.15, ""plate_t_bot"": 0.05, ""plate_t_top"": 0.05, ""seed"": 102, ""tilt_deg"": 6.0, ""tilt_jitter"": 0.0, ""topology"": ""shingle""}"
BL_FLAT_t050_p0750_a06_grid_s102,flat,0.05,7.5,6.0,grid,102,d00,0.0,0.0014426049310714006,0.04999997094273567,"{""azimuth_jitter"": 180.0, ""azimuth_mode"": ""grid"", ""backing"": 2.0, ""depth"": 50.0, ""face_h"": 60.0, ""face_w"": 60.0, ""jitter"": 0.3, ""margin_depths"": 2.0, ""pitch"": 7.5, ""plate_over"": 1.15, ""plate_t_bot"": 0.05, ""plate_t_top"": 0.05, ""seed"": 102, ""tilt_deg"": 6.0, ""tilt_jitter"": 0.0, ""topology"": ""shingle""}"
BL_FLAT_t050_p0750_a06_grid_s102,flat,0.05,7.5,6.0,grid,102,d00,-20.0,0.0006009860662743449,0.04999997094273567,"{""azimuth_jitter"": 180.0, ""azimuth_mode"": ""grid"", ""backing"": 2.0, ""depth"": 50.0, ""face_h"": 60.0, ""face_w"": 60.0, ""jitter"": 0.3, ""margin_depths"": 2.0, ""pitch"": 7.5, ""plate_over"": 1.15, ""plate_t_bot"": 0.05, ""plate_t_top"": 0.05, ""seed"": 102, ""tilt_deg"": 6.0, ""tilt_jitter"": 0.0, ""topology"": ""shingle""}"
BL_FLAT_t050_p0750_a06_grid_s102,flat,0.05,7.5,6.0,grid,102,d00,-40.0,0.00046803997247479856,0.04999997094273567,"{""azimuth_jitter"": 180.0, ""azimuth_mode"": ""grid"", ""backing"": 2.0, ""depth"": 50.0, ""face_h"": 60.0, ""face_w"": 60.0, ""jitter"": 0.3, ""margin_depths"": 2.0, ""pitch"": 7.5, ""plate_over"": 1.15, ""plate_t_bot"": 0.05, ""plate_t_top"": 0.05, ""seed"": 102, ""tilt_deg"": 6.0, ""tilt_jitter"": 0.0, ""topology"": ""shingle""}"
BL_FLAT_t050_p0750_a06_grid_s102,flat,0.05,7.5,6.0,grid,102,d00,20.0,0.00047895789612084627,0.04999997094273567,"{""azimuth_jitter"": 180.0, ""azimuth_mode"": ""grid"", ""backing"": 2.0, ""depth"": 50.0, ""face_h"": 60.0, ""face_w"": 60.0, ""jitter"": 0.3, ""margin_depths"": 2.0, ""pitch"": 7.5, ""plate_over"": 1.15, ""plate_t_bot"": 0.05, ""plate_t_top"": 0.05, ""seed"": 102, ""tilt_deg"": 6.0, ""tilt_jitter"": 0.0, ""topology"": ""shingle""}"
BL_FLAT_t050_p0750_a06_grid_s102,flat,0.05,7.5,6.0,grid,102,d00,40.0,0.0004114601179026067,0.04999997094273567,"{""azimuth_jitter"": 180.0, ""azimuth_mode"": ""grid"", ""backing"": 2.0, ""depth"": 50.0, ""face_h"": 60.0, ""face_w"": 60.0, ""jitter"": 0.3, ""margin_depths"": 2.0, ""pitch"": 7.5, ""plate_over"": 1.15, ""plate_t_bot"": 0.05, ""plate_t_top"": 0.05, ""seed"": 102, ""tilt_deg"": 6.0, ""tilt_jitter"": 0.0, ""topology"": ""shingle""}"
BL_FLAT_t050_p0750_a06_grid_s102,flat,0.05,7.5,6.0,grid,102,d76,0.0,0.0008365489193238318,0.04999997094273567,"{""azimuth_jitter"": 180.0, ""azimuth_mode"": ""grid"", ""backing"": 2.0, ""depth"": 50.0, ""face_h"": 60.0, ""face_w"": 60.0, ""jitter"": 0.3, ""margin_depths"": 2.0, ""pitch"": 7.5, ""plate_over"": 1.15, ""plate_t_bot"": 0.05, ""plate_t_top"": 0.05, ""seed"": 102, ""tilt_deg"": 6.0, ""tilt_jitter"": 0.0, ""topology"": ""shingle""}"
BL_FLAT_t050_p0750_a06_grid_s102,flat,0.05,7.5,6.0,grid,102,d76,-20.0,0.0007757238927297294,0.04999997094273567,"{""azimuth_jitter"": 180.0, ""azimuth_mode"": ""grid"", ""backing"": 2.0, ""depth"": 50.0, ""face_h"": 60.0, ""face_w"": 60.0, ""jitter"": 0.3, ""margin_depths"": 2.0, ""pitch"": 7.5, ""plate_over"": 1.15, ""plate_t_bot"": 0.05, ""plate_t_top"": 0.05, ""seed"": 102, ""tilt_deg"": 6.0, ""tilt_jitter"": 0.0, ""topology"": ""shingle""}"
BL_FLAT_t050_p0750_a06_grid_s102,flat,0.05,7.5,6.0,grid,102,d76,-40.0,0.0011567729525268078,0.04999997094273567,"{""azimuth_jitter"": 180.0, ""azimuth_mode"": ""grid"", ""backing"": 2.0, ""depth"": 50.0, ""face_h"": 60.0, ""face_w"": 60.0, ""jitter"": 0.3, ""margin_depths"": 2.0, ""pitch"": 7.5, ""plate_over"": 1.15, ""plate_t_bot"": 0.05, ""plate_t_top"": 0.05, ""seed"": 102, ""tilt_deg"": 6.0, ""tilt_jitter"": 0.0, ""topology"": ""shingle""}"
BL_FLAT_t050_p0750_a06_grid_s102,flat,0.05,7.5,6.0,grid,102,d76,20.0,0.0011455650674179196,0.04999997094273567,"{""azimuth_jitter"": 180.0, ""azimuth_mode"": ""grid"", ""backing"": 2.0, ""depth"": 50.0, ""face_h"": 60.0, ""face_w"": 60.0, ""jitter"": 0.3, ""margin_depths"": 2.0, ""pitch"": 7.5, ""plate_over"": 1.15, ""plate_t_bot"": 0.05, ""plate_t_top"": 0.05, ""seed"": 102, ""tilt_deg"": 6.0, ""tilt_jitter"": 0.0, ""topology"": ""shingle""}"
BL_FLAT_t050_p0750_a06_grid_s102,flat,0.05,7.5,6.0,grid,102,d76,40.0,0.001704005291685462,0.04999997094273567,"{""azimuth_jitter"": 180.0, ""azimuth_mode"": ""grid"", ""backing"": 2.0, ""depth"": 50.0, ""face_h"": 60.0, ""face_w"": 60.0, ""jitter"": 0.3, ""margin_depths"": 2.0, ""pitch"": 7.5, ""plate_over"": 1.15, ""plate_t_bot"": 0.05, ""plate_t_top"": 0.05, ""seed"": 102, ""tilt_deg"": 6.0, ""tilt_jitter"": 0.0, ""topology"": ""shingle""}"
BL_FLAT_t050_p0750_a06_grid_s102,flat,0.05,7.5,6.0,grid,102,d100,0.0,0.0007036200840957463,0.04999997094273567,"{""azimuth_jitter"": 180.0, ""azimuth_mode"": ""grid"", ""backing"": 2.0, ""depth"": 50.0, ""face_h"": 60.0, ""face_w"": 60.0, ""jitter"": 0.3, ""margin_depths"": 2.0, ""pitch"": 7.5, ""plate_over"": 1.15, ""plate_t_bot"": 0.05, ""plate_t_top"": 0.05, ""seed"": 102, ""tilt_deg"": 6.0, ""tilt_jitter"": 0.0, ""topology"": ""shingle""}"
BL_FLAT_t050_p0750_a06_grid_s102,flat,0.05,7.5,6.0,grid,102,d100,-20.0,0.0008593998500145972,0.04999997094273567,"{""azimuth_jitter"": 180.0, ""azimuth_mode"": ""grid"", ""backing"": 2.0, ""depth"": 50.0, ""face_h"": 60.0, ""face_w"": 60.0, ""jitter"": 0.3, ""margin_depths"": 2.0, ""pitch"": 7.5, ""plate_over"": 1.15, ""plate_t_bot"": 0.05, ""plate_t_top"": 0.05, ""seed"": 102, ""tilt_deg"": 6.0, ""tilt_jitter"": 0.0, ""topology"": ""shingle""}"
BL_FLAT_t050_p0750_a06_grid_s102,flat,0.05,7.5,6.0,grid,102,d100,-40.0,0.001394396647810936,0.04999997094273567,"{""azimuth_jitter"": 180.0, ""azimuth_mode"": ""grid"", ""backing"": 2.0, ""depth"": 50.0, ""face_h"": 60.0, ""face_w"": 60.0, ""jitter"": 0.3, ""margin_depths"": 2.0, ""pitch"": 7.5, ""plate_over"": 1.15, ""plate_t_bot"": 0.05, ""plate_t_top"": 0.05, ""seed"": 102, ""tilt_deg"": 6.0, ""tilt_jitter"": 0.0, ""topology"": ""shingle""}"
BL_FLAT_t050_p0750_a06_grid_s102,flat,0.05,7.5,6.0,grid,102,d100,20.0,0.0013745564501732588,0.04999997094273567,"{""azimuth_jitter"": 180.0, ""azimuth_mode"": ""grid"", ""backing"": 2.0, ""depth"": 50.0, ""face_h"": 60.0, ""face_w"": 60.0, ""jitter"": 0.3, ""margin_depths"": 2.0, ""pitch"": 7.5, ""plate_over"": 1.15, ""plate_t_bot"": 0.05, ""plate_t_top"": 0.05, ""seed"": 102, ""tilt_deg"": 6.0, ""tilt_jitter"": 0.0, ""topology"": ""shingle""}"
BL_FLAT_t050_p0750_a06_grid_s102,flat,0.05,7.5,6.0,grid,102,d100,40.0,0.0021307109855115414,0.04999997094273567,"{""azimuth_jitter"": 180.0, ""azimuth_mode"": ""grid"", ""backing"": 2.0, ""depth"": 50.0, ""face_h"": 60.0, ""face_w"": 60.0, ""jitter"": 0.3, ""margin_depths"": 2.0, ""pitch"": 7.5, ""plate_over"": 1.15, ""plate_t_bot"": 0.05, ""plate_t_top"": 0.05, ""seed"": 102, ""tilt_deg"": 6.0, ""tilt_jitter"": 0.0, ""topology"": ""shingle""}"
BL_FLAT_t100_p0550_a02_rand_s102,flat,0.1,5.5,2.0,random,102,d00,0.0,0.0021451222710311413,0.04999997094273567,"{""azimuth_jitter"": 180.0, ""azimuth_mode"": ""random"", ""backing"": 2.0, ""depth"": 50.0, ""face_h"": 60.0, ""face_w"": 60.0, ""jitter"": 0.3, ""margin_depths"": 2.0, ""pitch"": 5.5, ""plate_over"": 1.15, ""plate_t_bot"": 0.1, ""plate_t_top"": 0.1, ""seed"": 102, ""tilt_deg"": 2.0, ""tilt_jitter"": 0.0, ""topology"": ""shingle""}"
BL_FLAT_t100_p0550_a02_rand_s102,flat,0.1,5.5,2.0,random,102,d00,-20.0,0.0004955028998665512,0.04999997094273567,"{""azimuth_jitter"": 180.0, ""azimuth_mode"": ""random"", ""backing"": 2.0, ""depth"": 50.0, ""face_h"": 60.0, ""face_w"": 60.0, ""jitter"": 0.3, ""margin_depths"": 2.0, ""pitch"": 5.5, ""plate_over"": 1.15, ""plate_t_bot"": 0.1, ""plate_t_top"": 0.1, ""seed"": 102, ""tilt_deg"": 2.0, ""tilt_jitter"": 0.0, ""topology"": ""shingle""}"
BL_FLAT_t100_p0550_a02_rand_s102,flat,0.1,5.5,2.0,random,102,d00,-40.0,0.0004484753590077162,0.04999997094273567,"{""azimuth_jitter"": 180.0, ""azimuth_mode"": ""random"", ""backing"": 2.0, ""depth"": 50.0, ""face_h"": 60.0, ""face_w"": 60.0, ""jitter"": 0.3, ""margin_depths"": 2.0, ""pitch"": 5.5, ""plate_over"": 1.15, ""plate_t_bot"": 0.1, ""plate_t_top"": 0.1, ""seed"": 102, ""tilt_deg"": 2.0, ""tilt_jitter"": 0.0, ""topology"": ""shingle""}"
BL_FLAT_t100_p0550_a02_rand_s102,flat,0.1,5.5,2.0,random,102,d00,20.0,0.0004875723097939044,0.04999997094273567,"{""azimuth_jitter"": 180.0, ""azimuth_mode"": ""random"", ""backing"": 2.0, ""depth"": 50.0, ""face_h"": 60.0, ""face_w"": 60.0, ""jitter"": 0.3, ""margin_depths"": 2.0, ""pitch"": 5.5, ""plate_over"": 1.15, ""plate_t_bot"": 0.1, ""plate_t_top"": 0.1, ""seed"": 102, ""tilt_deg"": 2.0, ""tilt_jitter"": 0.0, ""topology"": ""shingle""}"
BL_FLAT_t100_p0550_a02_rand_s102,flat,0.1,5.5,2.0,random,102,d00,40.0,0.0004530858132056892,0.04999997094273567,"{""azimuth_jitter"": 180.0, ""azimuth_mode"": ""random"", ""backing"": 2.0, ""depth"": 50.0, ""face_h"": 60.0, ""face_w"": 60.0, ""jitter"": 0.3, ""margin_depths"": 2.0, ""pitch"": 5.5, ""plate_over"": 1.15, ""plate_t_bot"": 0.1, ""plate_t_top"": 0.1, ""seed"": 102, ""tilt_deg"": 2.0, ""tilt_jitter"": 0.0, ""topology"": ""shingle""}"
BL_FLAT_t100_p0550_a02_rand_s102,flat,0.1,5.5,2.0,random,102,d76,0.0,0.0008373757009394467,0.04999997094273567,"{""azimuth_jitter"": 180.0, ""azimuth_mode"": ""random"", ""backing"": 2.0, ""depth"": 50.0, ""face_h"": 60.0, ""face_w"": 60.0, ""jitter"": 0.3, ""margin_depths"": 2.0, ""pitch"": 5.5, ""plate_over"": 1.15, ""plate_t_bot"": 0.1, ""plate_t_top"": 0.1, ""seed"": 102, ""tilt_deg"": 2.0, ""tilt_jitter"": 0.0, ""topology"": ""shingle""}"
BL_FLAT_t100_p0550_a02_rand_s102,flat,0.1,5.5,2.0,random,102,d76,-20.0,0.0010573676554486156,0.04999997094273567,"{""azimuth_jitter"": 180.0, ""azimuth_mode"": ""random"", ""backing"": 2.0, ""depth"": 50.0, ""face_h"": 60.0, ""face_w"": 60.0, ""jitter"": 0.3, ""margin_depths"": 2.0, ""pitch"": 5.5, ""plate_over"": 1.15, ""plate_t_bot"": 0.1, ""plate_t_top"": 0.1, ""seed"": 102, ""tilt_deg"": 2.0, ""tilt_jitter"": 0.0, ""topology"": ""shingle""}"
BL_FLAT_t100_p0550_a02_rand_s102,flat,0.1,5.5,2.0,random,102,d76,-40.0,0.0017234316328540444,0.04999997094273567,"{""azimuth_jitter"": 180.0, ""azimuth_mode"": ""random"", ""backing"": 2.0, ""depth"": 50.0, ""face_h"": 60.0, ""face_w"": 60.0, ""jitter"": 0.3, ""margin_depths"": 2.0, ""pitch"": 5.5, ""plate_over"": 1.15, ""plate_t_bot"": 0.1, ""plate_t_top"": 0.1, ""seed"": 102, ""tilt_deg"": 2.0, ""tilt_jitter"": 0.0, ""topology"": ""shingle""}"
BL_FLAT_t100_p0550_a02_rand_s102,flat,0.1,5.5,2.0,random,102,d76,20.0,0.0009732986218295991,0.04999997094273567,"{""azimuth_jitter"": 180.0, ""azimuth_mode"": ""random"", ""backing"": 2.0, ""depth"": 50.0, ""face_h"": 60.0, ""face_w"": 60.0, ""jitter"": 0.3, ""margin_depths"": 2.0, ""pitch"": 5.5, ""plate_over"": 1.15, ""plate_t_bot"": 0.1, ""plate_t_top"": 0.1, ""seed"": 102, ""tilt_deg"": 2.0, ""tilt_jitter"": 0.0, ""topology"": ""shingle""}"
BL_FLAT_t100_p0550_a02_rand_s102,flat,0.1,5.5,2.0,random,102,d76,40.0,0.001579886651597917,0.04999997094273567,"{""azimuth_jitter"": 180.0, ""azimuth_mode"": ""random"", ""backing"": 2.0, ""depth"": 50.0, ""face_h"": 60.0, ""face_w"": 60.0, ""jitter"": 0.3, ""margin_depths"": 2.0, ""pitch"": 5.5, ""plate_over"": 1.15, ""plate_t_bot"": 0.1, ""plate_t_top"": 0.1, ""seed"": 102, ""tilt_deg"": 2.0, ""tilt_jitter"": 0.0, ""topology"": ""shingle""}"
BL_FLAT_t100_p0550_a02_rand_s102,flat,0.1,5.5,2.0,random,102,d100,0.0,0.0004807014192920178,0.04999997094273567,"{""azimuth_jitter"": 180.0, ""azimuth_mode"": ""random"", ""backing"": 2.0, ""depth"": 50.0, ""face_h"": 60.0, ""face_w"": 60.0, ""jitter"": 0.3, ""margin_depths"": 2.0, ""pitch"": 5.5, ""plate_over"": 1.15, ""plate_t_bot"": 0.1, ""plate_t_top"": 0.1, ""seed"": 102, ""tilt_deg"": 2.0, ""tilt_jitter"": 0.0, ""topology"": ""shingle""}"
BL_FLAT_t100_p0550_a02_rand_s102,flat,0.1,5.5,2.0,random,102,d100,-20.0,0.0012438921257853508,0.04999997094273567,"{""azimuth_jitter"": 180.0, ""azimuth_mode"": ""random"", ""backing"": 2.0, ""depth"": 50.0, ""face_h"": 60.0, ""face_w"": 60.0, ""jitter"": 0.3, ""margin_depths"": 2.0, ""pitch"": 5.5, ""plate_over"": 1.15, ""plate_t_bot"": 0.1, ""plate_t_top"": 0.1, ""seed"": 102, ""tilt_deg"": 2.0, ""tilt_jitter"": 0.0, ""topology"": ""shingle""}"
BL_FLAT_t100_p0550_a02_rand_s102,flat,0.1,5.5,2.0,random,102,d100,-40.0,0.0021403743885457516,0.04999997094273567,"{""azimuth_jitter"": 180.0, ""azimuth_mode"": ""random"", ""backing"": 2.0, ""depth"": 50.0, ""face_h"": 60.0, ""face_w"": 60.0, ""jitter"": 0.3, ""margin_depths"": 2.0, ""pitch"": 5.5, ""plate_over"": 1.15, ""plate_t_bot"": 0.1, ""plate_t_top"": 0.1, ""seed"": 102, ""tilt_deg"": 2.0, ""tilt_jitter"": 0.0, ""topology"": ""shingle""}"
BL_FLAT_t100_p0550_a02_rand_s102,flat,0.1,5.5,2.0,random,102,d100,20.0,0.0011508130701258779,0.04999997094273567,"{""azimuth_jitter"": 180.0, ""azimuth_mode"": ""random"", ""backing"": 2.0, ""depth"": 50.0, ""face_h"": 60.0, ""face_w"": 60.0, ""jitter"": 0.3, ""margin_depths"": 2.0, ""pitch"": 5.5, ""plate_over"": 1.15, ""plate_t_bot"": 0.1, ""plate_t_top"": 0.1, ""seed"": 102, ""tilt_deg"": 2.0, ""tilt_jitter"": 0.0, ""topology"": ""shingle""}"
BL_FLAT_t100_p0550_a02_rand_s102,flat,0.1,5.5,2.0,random,102,d100,40.0,0.0019547457341104746,0.04999997094273567,"{""azimuth_jitter"": 180.0, ""azimuth_mode"": ""random"", ""backing"": 2.0, ""depth"": 50.0, ""face_h"": 60.0, ""face_w"": 60.0, ""jitter"": 0.3, ""margin_depths"": 2.0, ""pitch"": 5.5, ""plate_over"": 1.15, ""plate_t_bot"": 0.1, ""plate_t_top"": 0.1, ""seed"": 102, ""tilt_deg"": 2.0, ""tilt_jitter"": 0.0, ""topology"": ""shingle""}"
BL_FLAT_t100_p0550_a02_grid_s102,flat,0.1,5.5,2.0,grid,102,d00,0.0,0.0020455403719097376,0.04999997094273567,"{""azimuth_jitter"": 180.0, ""azimuth_mode"": ""grid"", ""backing"": 2.0, ""depth"": 50.0, ""face_h"": 60.0, ""face_w"": 60.0, ""jitter"": 0.3, ""margin_depths"": 2.0, ""pitch"": 5.5, ""plate_over"": 1.15, ""plate_t_bot"": 0.1, ""plate_t_top"": 0.1, ""seed"": 102, ""tilt_deg"": 2.0, ""tilt_jitter"": 0.0, ""topology"": ""shingle""}"
BL_FLAT_t100_p0550_a02_grid_s102,flat,0.1,5.5,2.0,grid,102,d00,-20.0,0.0005205927300266922,0.04999997094273567,"{""azimuth_jitter"": 180.0, ""azimuth_mode"": ""grid"", ""backing"": 2.0, ""depth"": 50.0, ""face_h"": 60.0, ""face_w"": 60.0, ""jitter"": 0.3, ""margin_depths"": 2.0, ""pitch"": 5.5, ""plate_over"": 1.15, ""plate_t_bot"": 0.1, ""plate_t_top"": 0.1, ""seed"": 102, ""tilt_deg"": 2.0, ""tilt_jitter"": 0.0, ""topology"": ""shingle""}"
BL_FLAT_t100_p0550_a02_grid_s102,flat,0.1,5.5,2.0,grid,102,d00,-40.0,0.000474139756988734,0.04999997094273567,"{""azimuth_jitter"": 180.0, ""azimuth_mode"": ""grid"", ""backing"": 2.0, ""depth"": 50.0, ""face_h"": 60.0, ""face_w"": 60.0, ""jitter"": 0.3, ""margin_depths"": 2.0, ""pitch"": 5.5, ""plate_over"": 1.15, ""plate_t_bot"": 0.1, ""plate_t_top"": 0.1, ""seed"": 102, ""tilt_deg"": 2.0, ""tilt_jitter"": 0.0, ""topology"": ""shingle""}"
BL_FLAT_t100_p0550_a02_grid_s102,flat,0.1,5.5,2.0,grid,102,d00,20.0,0.0005013035261072218,0.04999997094273567,"{""azimuth_jitter"": 180.0, ""azimuth_mode"": ""grid"", ""backing"": 2.0, ""depth"": 50.0, ""face_h"": 60.0, ""face_w"": 60.0, ""jitter"": 0.3, ""margin_depths"": 2.0, ""pitch"": 5.5, ""plate_over"": 1.15, ""plate_t_bot"": 0.1, ""plate_t_top"": 0.1, ""seed"": 102, ""tilt_deg"": 2.0, ""tilt_jitter"": 0.0, ""topology"": ""shingle""}"
BL_FLAT_t100_p0550_a02_grid_s102,flat,0.1,5.5,2.0,grid,102,d00,40.0,0.0004733253736048937,0.04999997094273567,"{""azimuth_jitter"": 180.0, ""azimuth_mode"": ""grid"", ""backing"": 2.0, ""depth"": 50.0, ""face_h"": 60.0, ""face_w"": 60.0, ""jitter"": 0.3, ""margin_depths"": 2.0, ""pitch"": 5.5, ""plate_over"": 1.15, ""plate_t_bot"": 0.1, ""plate_t_top"": 0.1, ""seed"": 102, ""tilt_deg"": 2.0, ""tilt_jitter"": 0.0, ""topology"": ""shingle""}"
BL_FLAT_t100_p0550_a02_grid_s102,flat,0.1,5.5,2.0,grid,102,d76,0.0,0.00082341895904392,0.04999997094273567,"{""azimuth_jitter"": 180.0, ""azimuth_mode"": ""grid"", ""backing"": 2.0, ""depth"": 50.0, ""face_h"": 60.0, ""face_w"": 60.0, ""jitter"": 0.3, ""margin_depths"": 2.0, ""pitch"": 5.5, ""plate_over"": 1.15, ""plate_t_bot"": 0.1, ""plate_t_top"": 0.1, ""seed"": 102, ""tilt_deg"": 2.0, ""tilt_jitter"": 0.0, ""topology"": ""shingle""}"
BL_FLAT_t100_p0550_a02_grid_s102,flat,0.1,5.5,2.0,grid,102,d76,-20.0,0.0009058510768227279,0.04999997094273567,"{""azimuth_jitter"": 180.0, ""azimuth_mode"": ""grid"", ""backing"": 2.0, ""depth"": 50.0, ""face_h"": 60.0, ""face_w"": 60.0, ""jitter"": 0.3, ""margin_depths"": 2.0, ""pitch"": 5.5, ""plate_over"": 1.15, ""plate_t_bot"": 0.1, ""plate_t_top"": 0.1, ""seed"": 102, ""tilt_deg"": 2.0, ""tilt_jitter"": 0.0, ""topology"": ""shingle""}"
BL_FLAT_t100_p0550_a02_grid_s102,flat,0.1,5.5,2.0,grid,102,d76,-40.0,0.0015229388372972608,0.04999997094273567,"{""azimuth_jitter"": 180.0, ""azimuth_mode"": ""grid"", ""backing"": 2.0, ""depth"": 50.0, ""face_h"": 60.0, ""face_w"": 60.0, ""jitter"": 0.3, ""margin_depths"": 2.0, ""pitch"": 5.5, ""plate_over"": 1.15, ""plate_t_bot"": 0.1, ""plate_t_top"": 0.1, ""seed"": 102, ""tilt_deg"": 2.0, ""tilt_jitter"": 0.0, ""topology"": ""shingle""}"
BL_FLAT_t100_p0550_a02_grid_s102,flat,0.1,5.5,2.0,grid,102,d76,20.0,0.0010145438136532903,0.04999997094273567,"{""azimuth_jitter"": 180.0, ""azimuth_mode"": ""grid"", ""backing"": 2.0, ""depth"": 50.0, ""face_h"": 60.0, ""face_w"": 60.0, ""jitter"": 0.3, ""margin_depths"": 2.0, ""pitch"": 5.5, ""plate_over"": 1.15, ""plate_t_bot"": 0.1, ""plate_t_top"": 0.1, ""seed"": 102, ""tilt_deg"": 2.0, ""tilt_jitter"": 0.0, ""topology"": ""shingle""}"
BL_FLAT_t100_p0550_a02_grid_s102,flat,0.1,5.5,2.0,grid,102,d76,40.0,0.001597357215359807,0.04999997094273567,"{""azimuth_jitter"": 180.0, ""azimuth_mode"": ""grid"", ""backing"": 2.0, ""depth"": 50.0, ""face_h"": 60.0, ""face_w"": 60.0, ""jitter"": 0.3, ""margin_depths"": 2.0, ""pitch"": 5.5, ""plate_over"": 1.15, ""plate_t_bot"": 0.1, ""plate_t_top"": 0.1, ""seed"": 102, ""tilt_deg"": 2.0, ""tilt_jitter"": 0.0, ""topology"": ""shingle""}"
BL_FLAT_t100_p0550_a02_grid_s102,flat,0.1,5.5,2.0,grid,102,d100,0.0,0.00047994827036745846,0.04999997094273567,"{""azimuth_jitter"": 180.0, ""azimuth_mode"": ""grid"", ""backing"": 2.0, ""depth"": 50.0, ""face_h"": 60.0, ""face_w"": 60.0, ""jitter"": 0.3, ""margin_depths"": 2.0, ""pitch"": 5.5, ""plate_over"": 1.15, ""plate_t_bot"": 0.1, ""plate_t_top"": 0.1, ""seed"": 102, ""tilt_deg"": 2.0, ""tilt_jitter"": 0.0, ""topology"": ""shingle""}"
BL_FLAT_t100_p0550_a02_grid_s102,flat,0.1,5.5,2.0,grid,102,d100,-20.0,0.0010423868661746383,0.04999997094273567,"{""azimuth_jitter"": 180.0, ""azimuth_mode"": ""grid"", ""backing"": 2.0, ""depth"": 50.0, ""face_h"": 60.0, ""face_w"": 60.0, ""jitter"": 0.3, ""margin_depths"": 2.0, ""pitch"": 5.5, ""plate_over"": 1.15, ""plate_t_bot"": 0.1, ""plate_t_top"": 0.1, ""seed"": 102, ""tilt_deg"": 2.0, ""tilt_jitter"": 0.0, ""topology"": ""shingle""}"
BL_FLAT_t100_p0550_a02_grid_s102,flat,0.1,5.5,2.0,grid,102,d100,-40.0,0.001848386018536985,0.04999997094273567,"{""azimuth_jitter"": 180.0, ""azimuth_mode"": ""grid"", ""backing"": 2.0, ""depth"": 50.0, ""face_h"": 60.0, ""face_w"": 60.0, ""jitter"": 0.3, ""margin_depths"": 2.0, ""pitch"": 5.5, ""plate_over"": 1.15, ""plate_t_bot"": 0.1, ""plate_t_top"": 0.1, ""seed"": 102, ""tilt_deg"": 2.0, ""tilt_jitter"": 0.0, ""topology"": ""shingle""}"
BL_FLAT_t100_p0550_a02_grid_s102,flat,0.1,5.5,2.0,grid,102,d100,20.0,0.0011872067116200924,0.04999997094273567,"{""azimuth_jitter"": 180.0, ""azimuth_mode"": ""grid"", ""backing"": 2.0, ""depth"": 50.0, ""face_h"": 60.0, ""face_w"": 60.0, ""jitter"": 0.3, ""margin_depths"": 2.0, ""pitch"": 5.5, ""plate_over"": 1.15, ""plate_t_bot"": 0.1, ""plate_t_top"": 0.1, ""seed"": 102, ""tilt_deg"": 2.0, ""tilt_jitter"": 0.0, ""topology"": ""shingle""}"
BL_FLAT_t100_p0550_a02_grid_s102,flat,0.1,5.5,2.0,grid,102,d100,40.0,0.0019598035141825676,0.04999997094273567,"{""azimuth_jitter"": 180.0, ""azimuth_mode"": ""grid"", ""backing"": 2.0, ""depth"": 50.0, ""face_h"": 60.0, ""face_w"": 60.0, ""jitter"": 0.3, ""margin_depths"": 2.0, ""pitch"": 5.5, ""plate_over"": 1.15, ""plate_t_bot"": 0.1, ""plate_t_top"": 0.1, ""seed"": 102, ""tilt_deg"": 2.0, ""tilt_jitter"": 0.0, ""topology"": ""shingle""}"
BL_FLAT_t100_p0550_a06_rand_s102,flat,0.1,5.5,6.0,random,102,d00,0.0,0.00118057185318321,0.04999997094273567,"{""azimuth_jitter"": 180.0, ""azimuth_mode"": ""random"", ""backing"": 2.0, ""depth"": 50.0, ""face_h"": 60.0, ""face_w"": 60.0, ""jitter"": 0.3, ""margin_depths"": 2.0, ""pitch"": 5.5, ""plate_over"": 1.15, ""plate_t_bot"": 0.1, ""plate_t_top"": 0.1, ""seed"": 102, ""tilt_deg"": 6.0, ""tilt_jitter"": 0.0, ""topology"": ""shingle""}"
BL_FLAT_t100_p0550_a06_rand_s102,flat,0.1,5.5,6.0,random,102,d00,-20.0,0.0004782254691235721,0.04999997094273567,"{""azimuth_jitter"": 180.0, ""azimuth_mode"": ""random"", ""backing"": 2.0, ""depth"": 50.0, ""face_h"": 60.0, ""face_w"": 60.0, ""jitter"": 0.3, ""margin_depths"": 2.0, ""pitch"": 5.5, ""plate_over"": 1.15, ""plate_t_bot"": 0.1, ""plate_t_top"": 0.1, ""seed"": 102, ""tilt_deg"": 6.0, ""tilt_jitter"": 0.0, ""topology"": ""shingle""}"
BL_FLAT_t100_p0550_a06_rand_s102,flat,0.1,5.5,6.0,random,102,d00,-40.0,0.0004363064654171467,0.04999997094273567,"{""azimuth_jitter"": 180.0, ""azimuth_mode"": ""random"", ""backing"": 2.0, ""depth"": 50.0, ""face_h"": 60.0, ""face_w"": 60.0, ""jitter"": 0.3, ""margin_depths"": 2.0, ""pitch"": 5.5, ""plate_over"": 1.15, ""plate_t_bot"": 0.1, ""plate_t_top"": 0.1, ""seed"": 102, ""tilt_deg"": 6.0, ""tilt_jitter"": 0.0, ""topology"": ""shingle""}"
BL_FLAT_t100_p0550_a06_rand_s102,flat,0.1,5.5,6.0,random,102,d00,20.0,0.0005022285040467978,0.04999997094273567,"{""azimuth_jitter"": 180.0, ""azimuth_mode"": ""random"", ""backing"": 2.0, ""depth"": 50.0, ""face_h"": 60.0, ""face_w"": 60.0, ""jitter"": 0.3, ""margin_depths"": 2.0, ""pitch"": 5.5, ""plate_over"": 1.15, ""plate_t_bot"": 0.1, ""plate_t_top"": 0.1, ""seed"": 102, ""tilt_deg"": 6.0, ""tilt_jitter"": 0.0, ""topology"": ""shingle""}"
BL_FLAT_t100_p0550_a06_rand_s102,flat,0.1,5.5,6.0,random,102,d00,40.0,0.000449355662567541,0.04999997094273567,"{""azimuth_jitter"": 180.0, ""azimuth_mode"": ""random"", ""backing"": 2.0, ""depth"": 50.0, ""face_h"": 60.0, ""face_w"": 60.0, ""jitter"": 0.3, ""margin_depths"": 2.0, ""pitch"": 5.5, ""plate_over"": 1.15, ""plate_t_bot"": 0.1, ""plate_t_top"": 0.1, ""seed"": 102, ""tilt_deg"": 6.0, ""tilt_jitter"": 0.0, ""topology"": ""shingle""}"
BL_FLAT_t100_p0550_a06_rand_s102,flat,0.1,5.5,6.0,random,102,d76,0.0,0.0008482533157803118,0.04999997094273567,"{""azimuth_jitter"": 180.0, ""azimuth_mode"": ""random"", ""backing"": 2.0, ""depth"": 50.0, ""face_h"": 60.0, ""face_w"": 60.0, ""jitter"": 0.3, ""margin_depths"": 2.0, ""pitch"": 5.5, ""plate_over"": 1.15, ""plate_t_bot"": 0.1, ""plate_t_top"": 0.1, ""seed"": 102, ""tilt_deg"": 6.0, ""tilt_jitter"": 0.0, ""topology"": ""shingle""}"
BL_FLAT_t100_p0550_a06_rand_s102,flat,0.1,5.5,6.0,random,102,d76,-20.0,0.0010996736818924546,0.04999997094273567,"{""azimuth_jitter"": 180.0, ""azimuth_mode"": ""random"", ""backing"": 2.0, ""depth"": 50.0, ""face_h"": 60.0, ""face_w"": 60.0, ""jitter"": 0.3, ""margin_depths"": 2.0, ""pitch"": 5.5, ""plate_over"": 1.15, ""plate_t_bot"": 0.1, ""plate_t_top"": 0.1, ""seed"": 102, ""tilt_deg"": 6.0, ""tilt_jitter"": 0.0, ""topology"": ""shingle""}"
BL_FLAT_t100_p0550_a06_rand_s102,flat,0.1,5.5,6.0,random,102,d76,-40.0,0.0017489022575318813,0.04999997094273567,"{""azimuth_jitter"": 180.0, ""azimuth_mode"": ""random"", ""backing"": 2.0, ""depth"": 50.0, ""face_h"": 60.0, ""face_w"": 60.0, ""jitter"": 0.3, ""margin_depths"": 2.0, ""pitch"": 5.5, ""plate_over"": 1.15, ""plate_t_bot"": 0.1, ""plate_t_top"": 0.1, ""seed"": 102, ""tilt_deg"": 6.0, ""tilt_jitter"": 0.0, ""topology"": ""shingle""}"
BL_FLAT_t100_p0550_a06_rand_s102,flat,0.1,5.5,6.0,random,102,d76,20.0,0.0010198128875344992,0.04999997094273567,"{""azimuth_jitter"": 180.0, ""azimuth_mode"": ""random"", ""backing"": 2.0, ""depth"": 50.0, ""face_h"": 60.0, ""face_w"": 60.0, ""jitter"": 0.3, ""margin_depths"": 2.0, ""pitch"": 5.5, ""plate_over"": 1.15, ""plate_t_bot"": 0.1, ""plate_t_top"": 0.1, ""seed"": 102, ""tilt_deg"": 6.0, ""tilt_jitter"": 0.0, ""topology"": ""shingle""}"
BL_FLAT_t100_p0550_a06_rand_s102,flat,0.1,5.5,6.0,random,102,d76,40.0,0.001576129929162562,0.04999997094273567,"{""azimuth_jitter"": 180.0, ""azimuth_mode"": ""random"", ""backing"": 2.0, ""depth"": 50.0, ""face_h"": 60.0, ""face_w"": 60.0, ""jitter"": 0.3, ""margin_depths"": 2.0, ""pitch"": 5.5, ""plate_over"": 1.15, ""plate_t_bot"": 0.1, ""plate_t_top"": 0.1, ""seed"": 102, ""tilt_deg"": 6.0, ""tilt_jitter"": 0.0, ""topology"": ""shingle""}"
BL_FLAT_t100_p0550_a06_rand_s102,flat,0.1,5.5,6.0,random,102,d100,0.0,0.0007752146921120584,0.04999997094273567,"{""azimuth_jitter"": 180.0, ""azimuth_mode"": ""random"", ""backing"": 2.0, ""depth"": 50.0, ""face_h"": 60.0, ""face_w"": 60.0, ""jitter"": 0.3, ""margin_depths"": 2.0, ""pitch"": 5.5, ""plate_over"": 1.15, ""plate_t_bot"": 0.1, ""plate_t_top"": 0.1, ""seed"": 102, ""tilt_deg"": 6.0, ""tilt_jitter"": 0.0, ""topology"": ""shingle""}"
BL_FLAT_t100_p0550_a06_rand_s102,flat,0.1,5.5,6.0,random,102,d100,-20.0,0.001304598175920546,0.04999997094273567,"{""azimuth_jitter"": 180.0, ""azimuth_mode"": ""random"", ""backing"": 2.0, ""depth"": 50.0, ""face_h"": 60.0, ""face_w"": 60.0, ""jitter"": 0.3, ""margin_depths"": 2.0, ""pitch"": 5.5, ""plate_over"": 1.15, ""plate_t_bot"": 0.1, ""plate_t_top"": 0.1, ""seed"": 102, ""tilt_deg"": 6.0, ""tilt_jitter"": 0.0, ""topology"": ""shingle""}"
BL_FLAT_t100_p0550_a06_rand_s102,flat,0.1,5.5,6.0,random,102,d100,-40.0,0.002169952727854252,0.04999997094273567,"{""azimuth_jitter"": 180.0, ""azimuth_mode"": ""random"", ""backing"": 2.0, ""depth"": 50.0, ""face_h"": 60.0, ""face_w"": 60.0, ""jitter"": 0.3, ""margin_depths"": 2.0, ""pitch"": 5.5, ""plate_over"": 1.15, ""plate_t_bot"": 0.1, ""plate_t_top"": 0.1, ""seed"": 102, ""tilt_deg"": 6.0, ""tilt_jitter"": 0.0, ""topology"": ""shingle""}"
BL_FLAT_t100_p0550_a06_rand_s102,flat,0.1,5.5,6.0,random,102,d100,20.0,0.0011963623110204935,0.04999997094273567,"{""azimuth_jitter"": 180.0, ""azimuth_mode"": ""random"", ""backing"": 2.0, ""depth"": 50.0, ""face_h"": 60.0, ""face_w"": 60.0, ""jitter"": 0.3, ""margin_depths"": 2.0, ""pitch"": 5.5, ""plate_over"": 1.15, ""plate_t_bot"": 0.1, ""plate_t_top"": 0.1, ""seed"": 102, ""tilt_deg"": 6.0, ""tilt_jitter"": 0.0, ""topology"": ""shingle""}"
BL_FLAT_t100_p0550_a06_rand_s102,flat,0.1,5.5,6.0,random,102,d100,40.0,0.0019410911481827497,0.04999997094273567,"{""azimuth_jitter"": 180.0, ""azimuth_mode"": ""random"", ""backing"": 2.0, ""depth"": 50.0, ""face_h"": 60.0, ""face_w"": 60.0, ""jitter"": 0.3, ""margin_depths"": 2.0, ""pitch"": 5.5, ""plate_over"": 1.15, ""plate_t_bot"": 0.1, ""plate_t_top"": 0.1, ""seed"": 102, ""tilt_deg"": 6.0, ""tilt_jitter"": 0.0, ""topology"": ""shingle""}"
BL_FLAT_t100_p0550_a06_grid_s102,flat,0.1,5.5,6.0,grid,102,d00,0.0,0.0010891682468354702,0.04999997094273567,"{""azimuth_jitter"": 180.0, ""azimuth_mode"": ""grid"", ""backing"": 2.0, ""depth"": 50.0, ""face_h"": 60.0, ""face_w"": 60.0, ""jitter"": 0.3, ""margin_depths"": 2.0, ""pitch"": 5.5, ""plate_over"": 1.15, ""plate_t_bot"": 0.1, ""plate_t_top"": 0.1, ""seed"": 102, ""tilt_deg"": 6.0, ""tilt_jitter"": 0.0, ""topology"": ""shingle""}"
BL_FLAT_t100_p0550_a06_grid_s102,flat,0.1,5.5,6.0,grid,102,d00,-20.0,0.0006107418448664248,0.04999997094273567,"{""azimuth_jitter"": 180.0, ""azimuth_mode"": ""grid"", ""backing"": 2.0, ""depth"": 50.0, ""face_h"": 60.0, ""face_w"": 60.0, ""jitter"": 0.3, ""margin_depths"": 2.0, ""pitch"": 5.5, ""plate_over"": 1.15, ""plate_t_bot"": 0.1, ""plate_t_top"": 0.1, ""seed"": 102, ""tilt_deg"": 6.0, ""tilt_jitter"": 0.0, ""topology"": ""shingle""}"
BL_FLAT_t100_p0550_a06_grid_s102,flat,0.1,5.5,6.0,grid,102,d00,-40.0,0.0005524767911992967,0.04999997094273567,"{""azimuth_jitter"": 180.0, ""azimuth_mode"": ""grid"", ""backing"": 2.0, ""depth"": 50.0, ""face_h"": 60.0, ""face_w"": 60.0, ""jitter"": 0.3, ""margin_depths"": 2.0, ""pitch"": 5.5, ""plate_over"": 1.15, ""plate_t_bot"": 0.1, ""plate_t_top"": 0.1, ""seed"": 102, ""tilt_deg"": 6.0, ""tilt_jitter"": 0.0, ""topology"": ""shingle""}"
BL_FLAT_t100_p0550_a06_grid_s102,flat,0.1,5.5,6.0,grid,102,d00,20.0,0.0005350384744815528,0.04999997094273567,"{""azimuth_jitter"": 180.0, ""azimuth_mode"": ""grid"", ""backing"": 2.0, ""depth"": 50.0, ""face_h"": 60.0, ""face_w"": 60.0, ""jitter"": 0.3, ""margin_depths"": 2.0, ""pitch"": 5.5, ""plate_over"": 1.15, ""plate_t_bot"": 0.1, ""plate_t_top"": 0.1, ""seed"": 102, ""tilt_deg"": 6.0, ""tilt_jitter"": 0.0, ""topology"": ""shingle""}"
BL_FLAT_t100_p0550_a06_grid_s102,flat,0.1,5.5,6.0,grid,102,d00,40.0,0.0005732533754780889,0.04999997094273567,"{""azimuth_jitter"": 180.0, ""azimuth_mode"": ""grid"", ""backing"": 2.0, ""depth"": 50.0, ""face_h"": 60.0, ""face_w"": 60.0, ""jitter"": 0.3, ""margin_depths"": 2.0, ""pitch"": 5.5, ""plate_over"": 1.15, ""plate_t_bot"": 0.1, ""plate_t_top"": 0.1, ""seed"": 102, ""tilt_deg"": 6.0, ""tilt_jitter"": 0.0, ""topology"": ""shingle""}"
BL_FLAT_t100_p0550_a06_grid_s102,flat,0.1,5.5,6.0,grid,102,d76,0.0,0.0008289249963127077,0.04999997094273567,"{""azimuth_jitter"": 180.0, ""azimuth_mode"": ""grid"", ""backing"": 2.0, ""depth"": 50.0, ""face_h"": 60.0, ""face_w"": 60.0, ""jitter"": 0.3, ""margin_depths"": 2.0, ""pitch"": 5.5, ""plate_over"": 1.15, ""plate_t_bot"": 0.1, ""plate_t_top"": 0.1, ""seed"": 102, ""tilt_deg"": 6.0, ""tilt_jitter"": 0.0, ""topology"": ""shingle""}"
BL_FLAT_t100_p0550_a06_grid_s102,flat,0.1,5.5,6.0,grid,102,d76,-20.0,0.0008945697918534279,0.04999997094273567,"{""azimuth_jitter"": 180.0, ""azimuth_mode"": ""grid"", ""backing"": 2.0, ""depth"": 50.0, ""face_h"": 60.0, ""face_w"": 60.0, ""jitter"": 0.3, ""margin_depths"": 2.0, ""pitch"": 5.5, ""plate_over"": 1.15, ""plate_t_bot"": 0.1, ""plate_t_top"": 0.1, ""seed"": 102, ""tilt_deg"": 6.0, ""tilt_jitter"": 0.0, ""topology"": ""shingle""}"
BL_FLAT_t100_p0550_a06_grid_s102,flat,0.1,5.5,6.0,grid,102,d76,-40.0,0.0014392556622624397,0.04999997094273567,"{""azimuth_jitter"": 180.0, ""azimuth_mode"": ""grid"", ""backing"": 2.0, ""depth"": 50.0, ""face_h"": 60.0, ""face_w"": 60.0, ""jitter"": 0.3, ""margin_depths"": 2.0, ""pitch"": 5.5, ""plate_over"": 1.15, ""plate_t_bot"": 0.1, ""plate_t_top"": 0.1, ""seed"": 102, ""tilt_deg"": 6.0, ""tilt_jitter"": 0.0, ""topology"": ""shingle""}"
BL_FLAT_t100_p0550_a06_grid_s102,flat,0.1,5.5,6.0,grid,102,d76,20.0,0.0012881832662969828,0.04999997094273567,"{""azimuth_jitter"": 180.0, ""azimuth_mode"": ""grid"", ""backing"": 2.0, ""depth"": 50.0, ""face_h"": 60.0, ""face_w"": 60.0, ""jitter"": 0.3, ""margin_depths"": 2.0, ""pitch"": 5.5, ""plate_over"": 1.15, ""plate_t_bot"": 0.1, ""plate_t_top"": 0.1, ""seed"": 102, ""tilt_deg"": 6.0, ""tilt_jitter"": 0.0, ""topology"": ""shingle""}"
BL_FLAT_t100_p0550_a06_grid_s102,flat,0.1,5.5,6.0,grid,102,d76,40.0,0.0018706837436184287,0.04999997094273567,"{""azimuth_jitter"": 180.0, ""azimuth_mode"": ""grid"", ""backing"": 2.0, ""depth"": 50.0, ""face_h"": 60.0, ""face_w"": 60.0, ""jitter"": 0.3, ""margin_depths"": 2.0, ""pitch"": 5.5, ""plate_over"": 1.15, ""plate_t_bot"": 0.1, ""plate_t_top"": 0.1, ""seed"": 102, ""tilt_deg"": 6.0, ""tilt_jitter"": 0.0, ""topology"": ""shingle""}"
BL_FLAT_t100_p0550_a06_grid_s102,flat,0.1,5.5,6.0,grid,102,d100,0.0,0.0007803019252605736,0.04999997094273567,"{""azimuth_jitter"": 180.0, ""azimuth_mode"": ""grid"", ""backing"": 2.0, ""depth"": 50.0, ""face_h"": 60.0, ""face_w"": 60.0, ""jitter"": 0.3, ""margin_depths"": 2.0, ""pitch"": 5.5, ""plate_over"": 1.15, ""plate_t_bot"": 0.1, ""plate_t_top"": 0.1, ""seed"": 102, ""tilt_deg"": 6.0, ""tilt_jitter"": 0.0, ""topology"": ""shingle""}"
BL_FLAT_t100_p0550_a06_grid_s102,flat,0.1,5.5,6.0,grid,102,d100,-20.0,0.0010102435480803251,0.04999997094273567,"{""azimuth_jitter"": 180.0, ""azimuth_mode"": ""grid"", ""backing"": 2.0, ""depth"": 50.0, ""face_h"": 60.0, ""face_w"": 60.0, ""jitter"": 0.3, ""margin_depths"": 2.0, ""pitch"": 5.5, ""plate_over"": 1.15, ""plate_t_bot"": 0.1, ""plate_t_top"": 0.1, ""seed"": 102, ""tilt_deg"": 6.0, ""tilt_jitter"": 0.0, ""topology"": ""shingle""}"
BL_FLAT_t100_p0550_a06_grid_s102,flat,0.1,5.5,6.0,grid,102,d100,-40.0,0.001730455900542438,0.04999997094273567,"{""azimuth_jitter"": 180.0, ""azimuth_mode"": ""grid"", ""backing"": 2.0, ""depth"": 50.0, ""face_h"": 60.0, ""face_w"": 60.0, ""jitter"": 0.3, ""margin_depths"": 2.0, ""pitch"": 5.5, ""plate_over"": 1.15, ""plate_t_bot"": 0.1, ""plate_t_top"": 0.1, ""seed"": 102, ""tilt_deg"": 6.0, ""tilt_jitter"": 0.0, ""topology"": ""shingle""}"
BL_FLAT_t100_p0550_a06_grid_s102,flat,0.1,5.5,6.0,grid,102,d100,20.0,0.001541664358228445,0.04999997094273567,"{""azimuth_jitter"": 180.0, ""azimuth_mode"": ""grid"", ""backing"": 2.0, ""depth"": 50.0, ""face_h"": 60.0, ""face_w"": 60.0, ""jitter"": 0.3, ""margin_depths"": 2.0, ""pitch"": 5.5, ""plate_over"": 1.15, ""plate_t_bot"": 0.1, ""plate_t_top"": 0.1, ""seed"": 102, ""tilt_deg"": 6.0, ""tilt_jitter"": 0.0, ""topology"": ""shingle""}"
BL_FLAT_t100_p0550_a06_grid_s102,flat,0.1,5.5,6.0,grid,102,d100,40.0,0.002287080278620124,0.04999997094273567,"{""azimuth_jitter"": 180.0, ""azimuth_mode"": ""grid"", ""backing"": 2.0, ""depth"": 50.0, ""face_h"": 60.0, ""face_w"": 60.0, ""jitter"": 0.3, ""margin_depths"": 2.0, ""pitch"": 5.5, ""plate_over"": 1.15, ""plate_t_bot"": 0.1, ""plate_t_top"": 0.1, ""seed"": 102, ""tilt_deg"": 6.0, ""tilt_jitter"": 0.0, ""topology"": ""shingle""}"
BL_FLAT_t100_p0750_a02_rand_s102,flat,0.1,7.5,2.0,random,102,d00,0.0,0.0030327585991472006,0.04999997094273567,"{""azimuth_jitter"": 180.0, ""azimuth_mode"": ""random"", ""backing"": 2.0, ""depth"": 50.0, ""face_h"": 60.0, ""face_w"": 60.0, ""jitter"": 0.3, ""margin_depths"": 2.0, ""pitch"": 7.5, ""plate_over"": 1.15, ""plate_t_bot"": 0.1, ""plate_t_top"": 0.1, ""seed"": 102, ""tilt_deg"": 2.0, ""tilt_jitter"": 0.0, ""topology"": ""shingle""}"
BL_FLAT_t100_p0750_a02_rand_s102,flat,0.1,7.5,2.0,random,102,d00,-20.0,0.0004354278789833188,0.04999997094273567,"{""azimuth_jitter"": 180.0, ""azimuth_mode"": ""random"", ""backing"": 2.0, ""depth"": 50.0, ""face_h"": 60.0, ""face_w"": 60.0, ""jitter"": 0.3, ""margin_depths"": 2.0, ""pitch"": 7.5, ""plate_over"": 1.15, ""plate_t_bot"": 0.1, ""plate_t_top"": 0.1, ""seed"": 102, ""tilt_deg"": 2.0, ""tilt_jitter"": 0.0, ""topology"": ""shingle""}"
BL_FLAT_t100_p0750_a02_rand_s102,flat,0.1,7.5,2.0,random,102,d00,-40.0,0.0003262870595790446,0.04999997094273567,"{""azimuth_jitter"": 180.0, ""azimuth_mode"": ""random"", ""backing"": 2.0, ""depth"": 50.0, ""face_h"": 60.0, ""face_w"": 60.0, ""jitter"": 0.3, ""margin_depths"": 2.0, ""pitch"": 7.5, ""plate_over"": 1.15, ""plate_t_bot"": 0.1, ""plate_t_top"": 0.1, ""seed"": 102, ""tilt_deg"": 2.0, ""tilt_jitter"": 0.0, ""topology"": ""shingle""}"
BL_FLAT_t100_p0750_a02_rand_s102,flat,0.1,7.5,2.0,random,102,d00,20.0,0.00040939098107628524,0.04999997094273567,"{""azimuth_jitter"": 180.0, ""azimuth_mode"": ""random"", ""backing"": 2.0, ""depth"": 50.0, ""face_h"": 60.0, ""face_w"": 60.0, ""jitter"": 0.3, ""margin_depths"": 2.0, ""pitch"": 7.5, ""plate_over"": 1.15, ""plate_t_bot"": 0.1, ""plate_t_top"": 0.1, ""seed"": 102, ""tilt_deg"": 2.0, ""tilt_jitter"": 0.0, ""topology"": ""shingle""}"
BL_FLAT_t100_p0750_a02_rand_s102,flat,0.1,7.5,2.0,random,102,d00,40.0,0.00031670083990320563,0.04999997094273567,"{""azimuth_jitter"": 180.0, ""azimuth_mode"": ""random"", ""backing"": 2.0, ""depth"": 50.0, ""face_h"": 60.0, ""face_w"": 60.0, ""jitter"": 0.3, ""margin_depths"": 2.0, ""pitch"": 7.5, ""plate_over"": 1.15, ""plate_t_bot"": 0.1, ""plate_t_top"": 0.1, ""seed"": 102, ""tilt_deg"": 2.0, ""tilt_jitter"": 0.0, ""topology"": ""shingle""}"
BL_FLAT_t100_p0750_a02_rand_s102,flat,0.1,7.5,2.0,random,102,d76,0.0,0.0010643302230164409,0.04999997094273567,"{""azimuth_jitter"": 180.0, ""azimuth_mode"": ""random"", ""backing"": 2.0, ""depth"": 50.0, ""face_h"": 60.0, ""face_w"": 60.0, ""jitter"": 0.3, ""margin_depths"": 2.0, ""pitch"": 7.5, ""plate_over"": 1.15, ""plate_t_bot"": 0.1, ""plate_t_top"": 0.1, ""seed"": 102, ""tilt_deg"": 2.0, ""tilt_jitter"": 0.0, ""topology"": ""shingle""}"
BL_FLAT_t100_p0750_a02_rand_s102,flat,0.1,7.5,2.0,random,102,d76,-20.0,0.0010036863386631012,0.04999997094273567,"{""azimuth_jitter"": 180.0, ""azimuth_mode"": ""random"", ""backing"": 2.0, ""depth"": 50.0, ""face_h"": 60.0, ""face_w"": 60.0, ""jitter"": 0.3, ""margin_depths"": 2.0, ""pitch"": 7.5, ""plate_over"": 1.15, ""plate_t_bot"": 0.1, ""plate_t_top"": 0.1, ""seed"": 102, ""tilt_deg"": 2.0, ""tilt_jitter"": 0.0, ""topology"": ""shingle""}"
BL_FLAT_t100_p0750_a02_rand_s102,flat,0.1,7.5,2.0,random,102,d76,-40.0,0.0016777846030890942,0.04999997094273567,"{""azimuth_jitter"": 180.0, ""azimuth_mode"": ""random"", ""backing"": 2.0, ""depth"": 50.0, ""face_h"": 60.0, ""face_w"": 60.0, ""jitter"": 0.3, ""margin_depths"": 2.0, ""pitch"": 7.5, ""plate_over"": 1.15, ""plate_t_bot"": 0.1, ""plate_t_top"": 0.1, ""seed"": 102, ""tilt_deg"": 2.0, ""tilt_jitter"": 0.0, ""topology"": ""shingle""}"
BL_FLAT_t100_p0750_a02_rand_s102,flat,0.1,7.5,2.0,random,102,d76,20.0,0.001060542999766767,0.04999997094273567,"{""azimuth_jitter"": 180.0, ""azimuth_mode"": ""random"", ""backing"": 2.0, ""depth"": 50.0, ""face_h"": 60.0, ""face_w"": 60.0, ""jitter"": 0.3, ""margin_depths"": 2.0, ""pitch"": 7.5, ""plate_over"": 1.15, ""plate_t_bot"": 0.1, ""plate_t_top"": 0.1, ""seed"": 102, ""tilt_deg"": 2.0, ""tilt_jitter"": 0.0, ""topology"": ""shingle""}"
BL_FLAT_t100_p0750_a02_rand_s102,flat,0.1,7.5,2.0,random,102,d76,40.0,0.001764711574651301,0.04999997094273567,"{""azimuth_jitter"": 180.0, ""azimuth_mode"": ""random"", ""backing"": 2.0, ""depth"": 50.0, ""face_h"": 60.0, ""face_w"": 60.0, ""jitter"": 0.3, ""margin_depths"": 2.0, ""pitch"": 7.5, ""plate_over"": 1.15, ""plate_t_bot"": 0.1, ""plate_t_top"": 0.1, ""seed"": 102, ""tilt_deg"": 2.0, ""tilt_jitter"": 0.0, ""topology"": ""shingle""}"
BL_FLAT_t100_p0750_a02_rand_s102,flat,0.1,7.5,2.0,random,102,d100,0.0,0.000515759689733386,0.04999997094273567,"{""azimuth_jitter"": 180.0, ""azimuth_mode"": ""random"", ""backing"": 2.0, ""depth"": 50.0, ""face_h"": 60.0, ""face_w"": 60.0, ""jitter"": 0.3, ""margin_depths"": 2.0, ""pitch"": 7.5, ""plate_over"": 1.15, ""plate_t_bot"": 0.1, ""plate_t_top"": 0.1, ""seed"": 102, ""tilt_deg"": 2.0, ""tilt_jitter"": 0.0, ""topology"": ""shingle""}"
BL_FLAT_t100_p0750_a02_rand_s102,flat,0.1,7.5,2.0,random,102,d100,-20.0,0.0012006198521703482,0.04999997094273567,"{""azimuth_jitter"": 180.0, ""azimuth_mode"": ""random"", ""backing"": 2.0, ""depth"": 50.0, ""face_h"": 60.0, ""face_w"": 60.0, ""jitter"": 0.3, ""margin_depths"": 2.0, ""pitch"": 7.5, ""plate_over"": 1.15, ""plate_t_bot"": 0.1, ""plate_t_top"": 0.1, ""seed"": 102, ""tilt_deg"": 2.0, ""tilt_jitter"": 0.0, ""topology"": ""shingle""}"
BL_FLAT_t100_p0750_a02_rand_s102,flat,0.1,7.5,2.0,random,102,d100,-40.0,0.0021283423993736506,0.04999997094273567,"{""azimuth_jitter"": 180.0, ""azimuth_mode"": ""random"", ""backing"": 2.0, ""depth"": 50.0, ""face_h"": 60.0, ""face_w"": 60.0, ""jitter"": 0.3, ""margin_depths"": 2.0, ""pitch"": 7.5, ""plate_over"": 1.15, ""plate_t_bot"": 0.1, ""plate_t_top"": 0.1, ""seed"": 102, ""tilt_deg"": 2.0, ""tilt_jitter"": 0.0, ""topology"": ""shingle""}"
BL_FLAT_t100_p0750_a02_rand_s102,flat,0.1,7.5,2.0,random,102,d100,20.0,0.0012857101392000914,0.04999997094273567,"{""azimuth_jitter"": 180.0, ""azimuth_mode"": ""random"", ""backing"": 2.0, ""depth"": 50.0, ""face_h"": 60.0, ""face_w"": 60.0, ""jitter"": 0.3, ""margin_depths"": 2.0, ""pitch"": 7.5, ""plate_over"": 1.15, ""plate_t_bot"": 0.1, ""plate_t_top"": 0.1, ""seed"": 102, ""tilt_deg"": 2.0, ""tilt_jitter"": 0.0, ""topology"": ""shingle""}"
BL_FLAT_t100_p0750_a02_rand_s102,flat,0.1,7.5,2.0,random,102,d100,40.0,0.002230848651379347,0.04999997094273567,"{""azimuth_jitter"": 180.0, ""azimuth_mode"": ""random"", ""backing"": 2.0, ""depth"": 50.0, ""face_h"": 60.0, ""face_w"": 60.0, ""jitter"": 0.3, ""margin_depths"": 2.0, ""pitch"": 7.5, ""plate_over"": 1.15, ""plate_t_bot"": 0.1, ""plate_t_top"": 0.1, ""seed"": 102, ""tilt_deg"": 2.0, ""tilt_jitter"": 0.0, ""topology"": ""shingle""}"
BL_FLAT_t100_p0750_a02_grid_s102,flat,0.1,7.5,2.0,grid,102,d00,0.0,0.0029663119930773973,0.04999997094273567,"{""azimuth_jitter"": 180.0, ""azimuth_mode"": ""grid"", ""backing"": 2.0, ""depth"": 50.0, ""face_h"": 60.0, ""face_w"": 60.0, ""jitter"": 0.3, ""margin_depths"": 2.0, ""pitch"": 7.5, ""plate_over"": 1.15, ""plate_t_bot"": 0.1, ""plate_t_top"": 0.1, ""seed"": 102, ""tilt_deg"": 2.0, ""tilt_jitter"": 0.0, ""topology"": ""shingle""}"
BL_FLAT_t100_p0750_a02_grid_s102,flat,0.1,7.5,2.0,grid,102,d00,-20.0,0.0006019140710122883,0.04999997094273567,"{""azimuth_jitter"": 180.0, ""azimuth_mode"": ""grid"", ""backing"": 2.0, ""depth"": 50.0, ""face_h"": 60.0, ""face_w"": 60.0, ""jitter"": 0.3, ""margin_depths"": 2.0, ""pitch"": 7.5, ""plate_over"": 1.15, ""plate_t_bot"": 0.1, ""plate_t_top"": 0.1, ""seed"": 102, ""tilt_deg"": 2.0, ""tilt_jitter"": 0.0, ""topology"": ""shingle""}"
BL_FLAT_t100_p0750_a02_grid_s102,flat,0.1,7.5,2.0,grid,102,d00,-40.0,0.0004382666083984077,0.04999997094273567,"{""azimuth_jitter"": 180.0, ""azimuth_mode"": ""grid"", ""backing"": 2.0, ""depth"": 50.0, ""face_h"": 60.0, ""face_w"": 60.0, ""jitter"": 0.3, ""margin_depths"": 2.0, ""pitch"": 7.5, ""plate_over"": 1.15, ""plate_t_bot"": 0.1, ""plate_t_top"": 0.1, ""seed"": 102, ""tilt_deg"": 2.0, ""tilt_jitter"": 0.0, ""topology"": ""shingle""}"
BL_FLAT_t100_p0750_a02_grid_s102,flat,0.1,7.5,2.0,grid,102,d00,20.0,0.0005428563454188406,0.04999997094273567,"{""azimuth_jitter"": 180.0, ""azimuth_mode"": ""grid"", ""backing"": 2.0, ""depth"": 50.0, ""face_h"": 60.0, ""face_w"": 60.0, ""jitter"": 0.3, ""margin_depths"": 2.0, ""pitch"": 7.5, ""plate_over"": 1.15, ""plate_t_bot"": 0.1, ""plate_t_top"": 0.1, ""seed"": 102, ""tilt_deg"": 2.0, ""tilt_jitter"": 0.0, ""topology"": ""shingle""}"
BL_FLAT_t100_p0750_a02_grid_s102,flat,0.1,7.5,2.0,grid,102,d00,40.0,0.0004511722654569894,0.04999997094273567,"{""azimuth_jitter"": 180.0, ""azimuth_mode"": ""grid"", ""backing"": 2.0, ""depth"": 50.0, ""face_h"": 60.0, ""face_w"": 60.0, ""jitter"": 0.3, ""margin_depths"": 2.0, ""pitch"": 7.5, ""plate_over"": 1.15, ""plate_t_bot"": 0.1, ""plate_t_top"": 0.1, ""seed"": 102, ""tilt_deg"": 2.0, ""tilt_jitter"": 0.0, ""topology"": ""shingle""}"
BL_FLAT_t100_p0750_a02_grid_s102,flat,0.1,7.5,2.0,grid,102,d76,0.0,0.0010717788245528936,0.04999997094273567,"{""azimuth_jitter"": 180.0, ""azimuth_mode"": ""grid"", ""backing"": 2.0, ""depth"": 50.0, ""face_h"": 60.0, ""face_w"": 60.0, ""jitter"": 0.3, ""margin_depths"": 2.0, ""pitch"": 7.5, ""plate_over"": 1.15, ""plate_t_bot"": 0.1, ""plate_t_top"": 0.1, ""seed"": 102, ""tilt_deg"": 2.0, ""tilt_jitter"": 0.0, ""topology"": ""shingle""}"
BL_FLAT_t100_p0750_a02_grid_s102,flat,0.1,7.5,2.0,grid,102,d76,-20.0,0.0008076888625510037,0.04999997094273567,"{""azimuth_jitter"": 180.0, ""azimuth_mode"": ""grid"", ""backing"": 2.0, ""depth"": 50.0, ""face_h"": 60.0, ""face_w"": 60.0, ""jitter"": 0.3, ""margin_depths"": 2.0, ""pitch"": 7.5, ""plate_over"": 1.15, ""plate_t_bot"": 0.1, ""plate_t_top"": 0.1, ""seed"": 102, ""tilt_deg"": 2.0, ""tilt_jitter"": 0.0, ""topology"": ""shingle""}"
BL_FLAT_t100_p0750_a02_grid_s102,flat,0.1,7.5,2.0,grid,102,d76,-40.0,0.0012400327250361443,0.04999997094273567,"{""azimuth_jitter"": 180.0, ""azimuth_mode"": ""grid"", ""backing"": 2.0, ""depth"": 50.0, ""face_h"": 60.0, ""face_w"": 60.0, ""jitter"": 0.3, ""margin_depths"": 2.0, ""pitch"": 7.5, ""plate_over"": 1.15, ""plate_t_bot"": 0.1, ""plate_t_top"": 0.1, ""seed"": 102, ""tilt_deg"": 2.0, ""tilt_jitter"": 0.0, ""topology"": ""shingle""}"
BL_FLAT_t100_p0750_a02_grid_s102,flat,0.1,7.5,2.0,grid,102,d76,20.0,0.0009643500670790672,0.04999997094273567,"{""azimuth_jitter"": 180.0, ""azimuth_mode"": ""grid"", ""backing"": 2.0, ""depth"": 50.0, ""face_h"": 60.0, ""face_w"": 60.0, ""jitter"": 0.3, ""margin_depths"": 2.0, ""pitch"": 7.5, ""plate_over"": 1.15, ""plate_t_bot"": 0.1, ""plate_t_top"": 0.1, ""seed"": 102, ""tilt_deg"": 2.0, ""tilt_jitter"": 0.0, ""topology"": ""shingle""}"
BL_FLAT_t100_p0750_a02_grid_s102,flat,0.1,7.5,2.0,grid,102,d76,40.0,0.0015166130615398288,0.04999997094273567,"{""azimuth_jitter"": 180.0, ""azimuth_mode"": ""grid"", ""backing"": 2.0, ""depth"": 50.0, ""face_h"": 60.0, ""face_w"": 60.0, ""jitter"": 0.3, ""margin_depths"": 2.0, ""pitch"": 7.5, ""plate_over"": 1.15, ""plate_t_bot"": 0.1, ""plate_t_top"": 0.1, ""seed"": 102, ""tilt_deg"": 2.0, ""tilt_jitter"": 0.0, ""topology"": ""shingle""}"
BL_FLAT_t100_p0750_a02_grid_s102,flat,0.1,7.5,2.0,grid,102,d100,0.0,0.0005434804479591548,0.04999997094273567,"{""azimuth_jitter"": 180.0, ""azimuth_mode"": ""grid"", ""backing"": 2.0, ""depth"": 50.0, ""face_h"": 60.0, ""face_w"": 60.0, ""jitter"": 0.3, ""margin_depths"": 2.0, ""pitch"": 7.5, ""plate_over"": 1.15, ""plate_t_bot"": 0.1, ""plate_t_top"": 0.1, ""seed"": 102, ""tilt_deg"": 2.0, ""tilt_jitter"": 0.0, ""topology"": ""shingle""}"
BL_FLAT_t100_p0750_a02_grid_s102,flat,0.1,7.5,2.0,grid,102,d100,-20.0,0.0008973896619863808,0.04999997094273567,"{""azimuth_jitter"": 180.0, ""azimuth_mode"": ""grid"", ""backing"": 2.0, ""depth"": 50.0, ""face_h"": 60.0, ""face_w"": 60.0, ""jitter"": 0.3, ""margin_depths"": 2.0, ""pitch"": 7.5, ""plate_over"": 1.15, ""plate_t_bot"": 0.1, ""plate_t_top"": 0.1, ""seed"": 102, ""tilt_deg"": 2.0, ""tilt_jitter"": 0.0, ""topology"": ""shingle""}"
BL_FLAT_t100_p0750_a02_grid_s102,flat,0.1,7.5,2.0,grid,102,d100,-40.0,0.0015050949295982718,0.04999997094273567,"{""azimuth_jitter"": 180.0, ""azimuth_mode"": ""grid"", ""backing"": 2.0, ""depth"": 50.0, ""face_h"": 60.0, ""face_w"": 60.0, ""jitter"": 0.3, ""margin_depths"": 2.0, ""pitch"": 7.5, ""plate_over"": 1.15, ""plate_t_bot"": 0.1, ""plate_t_top"": 0.1, ""seed"": 102, ""tilt_deg"": 2.0, ""tilt_jitter"": 0.0, ""topology"": ""shingle""}"
BL_FLAT_t100_p0750_a02_grid_s102,flat,0.1,7.5,2.0,grid,102,d100,20.0,0.001112665398977697,0.04999997094273567,"{""azimuth_jitter"": 180.0, ""azimuth_mode"": ""grid"", ""backing"": 2.0, ""depth"": 50.0, ""face_h"": 60.0, ""face_w"": 60.0, ""jitter"": 0.3, ""margin_depths"": 2.0, ""pitch"": 7.5, ""plate_over"": 1.15, ""plate_t_bot"": 0.1, ""plate_t_top"": 0.1, ""seed"": 102, ""tilt_deg"": 2.0, ""tilt_jitter"": 0.0, ""topology"": ""shingle""}"
BL_FLAT_t100_p0750_a02_grid_s102,flat,0.1,7.5,2.0,grid,102,d100,40.0,0.001866963692009449,0.04999997094273567,"{""azimuth_jitter"": 180.0, ""azimuth_mode"": ""grid"", ""backing"": 2.0, ""depth"": 50.0, ""face_h"": 60.0, ""face_w"": 60.0, ""jitter"": 0.3, ""margin_depths"": 2.0, ""pitch"": 7.5, ""plate_over"": 1.15, ""plate_t_bot"": 0.1, ""plate_t_top"": 0.1, ""seed"": 102, ""tilt_deg"": 2.0, ""tilt_jitter"": 0.0, ""topology"": ""shingle""}"
BL_FLAT_t100_p0750_a06_rand_s102,flat,0.1,7.5,6.0,random,102,d00,0.0,0.0015350786270573735,0.04999997094273567,"{""azimuth_jitter"": 180.0, ""azimuth_mode"": ""random"", ""backing"": 2.0, ""depth"": 50.0, ""face_h"": 60.0, ""face_w"": 60.0, ""jitter"": 0.3, ""margin_depths"": 2.0, ""pitch"": 7.5, ""plate_over"": 1.15, ""plate_t_bot"": 0.1, ""plate_t_top"": 0.1, ""seed"": 102, ""tilt_deg"": 6.0, ""tilt_jitter"": 0.0, ""topology"": ""shingle""}"
BL_FLAT_t100_p0750_a06_rand_s102,flat,0.1,7.5,6.0,random,102,d00,-20.0,0.00044478088966570795,0.04999997094273567,"{""azimuth_jitter"": 180.0, ""azimuth_mode"": ""random"", ""backing"": 2.0, ""depth"": 50.0, ""face_h"": 60.0, ""face_w"": 60.0, ""jitter"": 0.3, ""margin_depths"": 2.0, ""pitch"": 7.5, ""plate_over"": 1.15, ""plate_t_bot"": 0.1, ""plate_t_top"": 0.1, ""seed"": 102, ""tilt_deg"": 6.0, ""tilt_jitter"": 0.0, ""topology"": ""shingle""}"
BL_FLAT_t100_p0750_a06_rand_s102,flat,0.1,7.5,6.0,random,102,d00,-40.0,0.00037022860487923026,0.04999997094273567,"{""azimuth_jitter"": 180.0, ""azimuth_mode"": ""random"", ""backing"": 2.0, ""depth"": 50.0, ""face_h"": 60.0, ""face_w"": 60.0, ""jitter"": 0.3, ""margin_depths"": 2.0, ""pitch"": 7.5, ""plate_over"": 1.15, ""plate_t_bot"": 0.1, ""plate_t_top"": 0.1, ""seed"": 102, ""tilt_deg"": 6.0, ""tilt_jitter"": 0.0, ""topology"": ""shingle""}"
BL_FLAT_t100_p0750_a06_rand_s102,flat,0.1,7.5,6.0,random,102,d00,20.0,0.0004595585342030972,0.04999997094273567,"{""azimuth_jitter"": 180.0, ""azimuth_mode"": ""random"", ""backing"": 2.0, ""depth"": 50.0, ""face_h"": 60.0, ""face_w"": 60.0, ""jitter"": 0.3, ""margin_depths"": 2.0, ""pitch"": 7.5, ""plate_over"": 1.15, ""plate_t_bot"": 0.1, ""plate_t_top"": 0.1, ""seed"": 102, ""tilt_deg"": 6.0, ""tilt_jitter"": 0.0, ""topology"": ""shingle""}"
BL_FLAT_t100_p0750_a06_rand_s102,flat,0.1,7.5,6.0,random,102,d00,40.0,0.00033978212741203606,0.04999997094273567,"{""azimuth_jitter"": 180.0, ""azimuth_mode"": ""random"", ""backing"": 2.0, ""depth"": 50.0, ""face_h"": 60.0, ""face_w"": 60.0, ""jitter"": 0.3, ""margin_depths"": 2.0, ""pitch"": 7.5, ""plate_over"": 1.15, ""plate_t_bot"": 0.1, ""plate_t_top"": 0.1, ""seed"": 102, ""tilt_deg"": 6.0, ""tilt_jitter"": 0.0, ""topology"": ""shingle""}"
BL_FLAT_t100_p0750_a06_rand_s102,flat,0.1,7.5,6.0,random,102,d76,0.0,0.0009100407478399575,0.04999997094273567,"{""azimuth_jitter"": 180.0, ""azimuth_mode"": ""random"", ""backing"": 2.0, ""depth"": 50.0, ""face_h"": 60.0, ""face_w"": 60.0, ""jitter"": 0.3, ""margin_depths"": 2.0, ""pitch"": 7.5, ""plate_over"": 1.15, ""plate_t_bot"": 0.1, ""plate_t_top"": 0.1, ""seed"": 102, ""tilt_deg"": 6.0, ""tilt_jitter"": 0.0, ""topology"": ""shingle""}"
BL_FLAT_t100_p0750_a06_rand_s102,flat,0.1,7.5,6.0,random,102,d76,-20.0,0.0010060573695227504,0.04999997094273567,"{""azimuth_jitter"": 180.0, ""azimuth_mode"": ""random"", ""backing"": 2.0, ""depth"": 50.0, ""face_h"": 60.0, ""face_w"": 60.0, ""jitter"": 0.3, ""margin_depths"": 2.0, ""pitch"": 7.5, ""plate_over"": 1.15, ""plate_t_bot"": 0.1, ""plate_t_top"": 0.1, ""seed"": 102, ""tilt_deg"": 6.0, ""tilt_jitter"": 0.0, ""topology"": ""shingle""}"
BL_FLAT_t100_p0750_a06_rand_s102,flat,0.1,7.5,6.0,random,102,d76,-40.0,0.0016850006068125367,0.04999997094273567,"{""azimuth_jitter"": 180.0, ""azimuth_mode"": ""random"", ""backing"": 2.0, ""depth"": 50.0, ""face_h"": 60.0, ""face_w"": 60.0, ""jitter"": 0.3, ""margin_depths"": 2.0, ""pitch"": 7.5, ""plate_over"": 1.15, ""plate_t_bot"": 0.1, ""plate_t_top"": 0.1, ""seed"": 102, ""tilt_deg"": 6.0, ""tilt_jitter"": 0.0, ""topology"": ""shingle""}"
BL_FLAT_t100_p0750_a06_rand_s102,flat,0.1,7.5,6.0,random,102,d76,20.0,0.0012088724179193377,0.04999997094273567,"{""azimuth_jitter"": 180.0, ""azimuth_mode"": ""random"", ""backing"": 2.0, ""depth"": 50.0, ""face_h"": 60.0, ""face_w"": 60.0, ""jitter"": 0.3, ""margin_depths"": 2.0, ""pitch"": 7.5, ""plate_over"": 1.15, ""plate_t_bot"": 0.1, ""plate_t_top"": 0.1, ""seed"": 102, ""tilt_deg"": 6.0, ""tilt_jitter"": 0.0, ""topology"": ""shingle""}"
BL_FLAT_t100_p0750_a06_rand_s102,flat,0.1,7.5,6.0,random,102,d76,40.0,0.001893696142360568,0.04999997094273567,"{""azimuth_jitter"": 180.0, ""azimuth_mode"": ""random"", ""backing"": 2.0, ""depth"": 50.0, ""face_h"": 60.0, ""face_w"": 60.0, ""jitter"": 0.3, ""margin_depths"": 2.0, ""pitch"": 7.5, ""plate_over"": 1.15, ""plate_t_bot"": 0.1, ""plate_t_top"": 0.1, ""seed"": 102, ""tilt_deg"": 6.0, ""tilt_jitter"": 0.0, ""topology"": ""shingle""}"
BL_FLAT_t100_p0750_a06_rand_s102,flat,0.1,7.5,6.0,random,102,d100,0.0,0.0007615447393618524,0.04999997094273567,"{""azimuth_jitter"": 180.0, ""azimuth_mode"": ""random"", ""backing"": 2.0, ""depth"": 50.0, ""face_h"": 60.0, ""face_w"": 60.0, ""jitter"": 0.3, ""margin_depths"": 2.0, ""pitch"": 7.5, ""plate_over"": 1.15, ""plate_t_bot"": 0.1, ""plate_t_top"": 0.1, ""seed"": 102, ""tilt_deg"": 6.0, ""tilt_jitter"": 0.0, ""topology"": ""shingle""}"
BL_FLAT_t100_p0750_a06_rand_s102,flat,0.1,7.5,6.0,random,102,d100,-20.0,0.0012038673739880323,0.04999997094273567,"{""azimuth_jitter"": 180.0, ""azimuth_mode"": ""random"", ""backing"": 2.0, ""depth"": 50.0, ""face_h"": 60.0, ""face_w"": 60.0, ""jitter"": 0.3, ""margin_depths"": 2.0, ""pitch"": 7.5, ""plate_over"": 1.15, ""plate_t_bot"": 0.1, ""plate_t_top"": 0.1, ""seed"": 102, ""tilt_deg"": 6.0, ""tilt_jitter"": 0.0, ""topology"": ""shingle""}"
BL_FLAT_t100_p0750_a06_rand_s102,flat,0.1,7.5,6.0,random,102,d100,-40.0,0.0021099387668073177,0.04999997094273567,"{""azimuth_jitter"": 180.0, ""azimuth_mode"": ""random"", ""backing"": 2.0, ""depth"": 50.0, ""face_h"": 60.0, ""face_w"": 60.0, ""jitter"": 0.3, ""margin_depths"": 2.0, ""pitch"": 7.5, ""plate_over"": 1.15, ""plate_t_bot"": 0.1, ""plate_t_top"": 0.1, ""seed"": 102, ""tilt_deg"": 6.0, ""tilt_jitter"": 0.0, ""topology"": ""shingle""}"
BL_FLAT_t100_p0750_a06_rand_s102,flat,0.1,7.5,6.0,random,102,d100,20.0,0.0014684689231216908,0.04999997094273567,"{""azimuth_jitter"": 180.0, ""azimuth_mode"": ""random"", ""backing"": 2.0, ""depth"": 50.0, ""face_h"": 60.0, ""face_w"": 60.0, ""jitter"": 0.3, ""margin_depths"": 2.0, ""pitch"": 7.5, ""plate_over"": 1.15, ""plate_t_bot"": 0.1, ""plate_t_top"": 0.1, ""seed"": 102, ""tilt_deg"": 6.0, ""tilt_jitter"": 0.0, ""topology"": ""shingle""}"
BL_FLAT_t100_p0750_a06_rand_s102,flat,0.1,7.5,6.0,random,102,d100,40.0,0.0023989637847989798,0.04999997094273567,"{""azimuth_jitter"": 180.0, ""azimuth_mode"": ""random"", ""backing"": 2.0, ""depth"": 50.0, ""face_h"": 60.0, ""face_w"": 60.0, ""jitter"": 0.3, ""margin_depths"": 2.0, ""pitch"": 7.5, ""plate_over"": 1.15, ""plate_t_bot"": 0.1, ""plate_t_top"": 0.1, ""seed"": 102, ""tilt_deg"": 6.0, ""tilt_jitter"": 0.0, ""topology"": ""shingle""}"
BL_FLAT_t100_p0750_a06_grid_s102,flat,0.1,7.5,6.0,grid,102,d00,0.0,0.0015045719919726253,0.04999997094273567,"{""azimuth_jitter"": 180.0, ""azimuth_mode"": ""grid"", ""backing"": 2.0, ""depth"": 50.0, ""face_h"": 60.0, ""face_w"": 60.0, ""jitter"": 0.3, ""margin_depths"": 2.0, ""pitch"": 7.5, ""plate_over"": 1.15, ""plate_t_bot"": 0.1, ""plate_t_top"": 0.1, ""seed"": 102, ""tilt_deg"": 6.0, ""tilt_jitter"": 0.0, ""topology"": ""shingle""}"
BL_FLAT_t100_p0750_a06_grid_s102,flat,0.1,7.5,6.0,grid,102,d00,-20.0,0.0006806781748309731,0.04999997094273567,"{""azimuth_jitter"": 180.0, ""azimuth_mode"": ""grid"", ""backing"": 2.0, ""depth"": 50.0, ""face_h"": 60.0, ""face_w"": 60.0, ""jitter"": 0.3, ""margin_depths"": 2.0, ""pitch"": 7.5, ""plate_over"": 1.15, ""plate_t_bot"": 0.1, ""plate_t_top"": 0.1, ""seed"": 102, ""tilt_deg"": 6.0, ""tilt_jitter"": 0.0, ""topology"": ""shingle""}"
BL_FLAT_t100_p0750_a06_grid_s102,flat,0.1,7.5,6.0,grid,102,d00,-40.0,0.000569779600482434,0.04999997094273567,"{""azimuth_jitter"": 180.0, ""azimuth_mode"": ""grid"", ""backing"": 2.0, ""depth"": 50.0, ""face_h"": 60.0, ""face_w"": 60.0, ""jitter"": 0.3, ""margin_depths"": 2.0, ""pitch"": 7.5, ""plate_over"": 1.15, ""plate_t_bot"": 0.1, ""plate_t_top"": 0.1, ""seed"": 102, ""tilt_deg"": 6.0, ""tilt_jitter"": 0.0, ""topology"": ""shingle""}"
BL_FLAT_t100_p0750_a06_grid_s102,flat,0.1,7.5,6.0,grid,102,d00,20.0,0.0005575304967351258,0.04999997094273567,"{""azimuth_jitter"": 180.0, ""azimuth_mode"": ""grid"", ""backing"": 2.0, ""depth"": 50.0, ""face_h"": 60.0, ""face_w"": 60.0, ""jitter"": 0.3, ""margin_depths"": 2.0, ""pitch"": 7.5, ""plate_over"": 1.15, ""plate_t_bot"": 0.1, ""plate_t_top"": 0.1, ""seed"": 102, ""tilt_deg"": 6.0, ""tilt_jitter"": 0.0, ""topology"": ""shingle""}"
BL_FLAT_t100_p0750_a06_grid_s102,flat,0.1,7.5,6.0,grid,102,d00,40.0,0.0005101747228763998,0.04999997094273567,"{""azimuth_jitter"": 180.0, ""azimuth_mode"": ""grid"", ""backing"": 2.0, ""depth"": 50.0, ""face_h"": 60.0, ""face_w"": 60.0, ""jitter"": 0.3, ""margin_depths"": 2.0, ""pitch"": 7.5, ""plate_over"": 1.15, ""plate_t_bot"": 0.1, ""plate_t_top"": 0.1, ""seed"": 102, ""tilt_deg"": 6.0, ""tilt_jitter"": 0.0, ""topology"": ""shingle""}"
BL_FLAT_t100_p0750_a06_grid_s102,flat,0.1,7.5,6.0,grid,102,d76,0.0,0.0009133898420259356,0.04999997094273567,"{""azimuth_jitter"": 180.0, ""azimuth_mode"": ""grid"", ""backing"": 2.0, ""depth"": 50.0, ""face_h"": 60.0, ""face_w"": 60.0, ""jitter"": 0.3, ""margin_depths"": 2.0, ""pitch"": 7.5, ""plate_over"": 1.15, ""plate_t_bot"": 0.1, ""plate_t_top"": 0.1, ""seed"": 102, ""tilt_deg"": 6.0, ""tilt_jitter"": 0.0, ""topology"": ""shingle""}"
BL_FLAT_t100_p0750_a06_grid_s102,flat,0.1,7.5,6.0,grid,102,d76,-20.0,0.0008529670303687453,0.04999997094273567,"{""azimuth_jitter"": 180.0, ""azimuth_mode"": ""grid"", ""backing"": 2.0, ""depth"": 50.0, ""face_h"": 60.0, ""face_w"": 60.0, ""jitter"": 0.3, ""margin_depths"": 2.0, ""pitch"": 7.5, ""plate_over"": 1.15, ""plate_t_bot"": 0.1, ""plate_t_top"": 0.1, ""seed"": 102, ""tilt_deg"": 6.0, ""tilt_jitter"": 0.0, ""topology"": ""shingle""}"
BL_FLAT_t100_p0750_a06_grid_s102,flat,0.1,7.5,6.0,grid,102,d76,-40.0,0.001243557664565742,0.04999997094273567,"{""azimuth_jitter"": 180.0, ""azimuth_mode"": ""grid"", ""backing"": 2.0, ""depth"": 50.0, ""face_h"": 60.0, ""face_w"": 60.0, ""jitter"": 0.3, ""margin_depths"": 2.0, ""pitch"": 7.5, ""plate_over"": 1.15, ""plate_t_bot"": 0.1, ""plate_t_top"": 0.1, ""seed"": 102, ""tilt_deg"": 6.0, ""tilt_jitter"": 0.0, ""topology"": ""shingle""}"
BL_FLAT_t100_p0750_a06_grid_s102,flat,0.1,7.5,6.0,grid,102,d76,20.0,0.001216990640386939,0.04999997094273567,"{""azimuth_jitter"": 180.0, ""azimuth_mode"": ""grid"", ""backing"": 2.0, ""depth"": 50.0, ""face_h"": 60.0, ""face_w"": 60.0, ""jitter"": 0.3, ""margin_depths"": 2.0, ""pitch"": 7.5, ""plate_over"": 1.15, ""plate_t_bot"": 0.1, ""plate_t_top"": 0.1, ""seed"": 102, ""tilt_deg"": 6.0, ""tilt_jitter"": 0.0, ""topology"": ""shingle""}"
BL_FLAT_t100_p0750_a06_grid_s102,flat,0.1,7.5,6.0,grid,102,d76,40.0,0.001779128797352314,0.04999997094273567,"{""azimuth_jitter"": 180.0, ""azimuth_mode"": ""grid"", ""backing"": 2.0, ""depth"": 50.0, ""face_h"": 60.0, ""face_w"": 60.0, ""jitter"": 0.3, ""margin_depths"": 2.0, ""pitch"": 7.5, ""plate_over"": 1.15, ""plate_t_bot"": 0.1, ""plate_t_top"": 0.1, ""seed"": 102, ""tilt_deg"": 6.0, ""tilt_jitter"": 0.0, ""topology"": ""shingle""}"
BL_FLAT_t100_p0750_a06_grid_s102,flat,0.1,7.5,6.0,grid,102,d100,0.0,0.0007835478754714131,0.04999997094273567,"{""azimuth_jitter"": 180.0, ""azimuth_mode"": ""grid"", ""backing"": 2.0, ""depth"": 50.0, ""face_h"": 60.0, ""face_w"": 60.0, ""jitter"": 0.3, ""margin_depths"": 2.0, ""pitch"": 7.5, ""plate_over"": 1.15, ""plate_t_bot"": 0.1, ""plate_t_top"": 0.1, ""seed"": 102, ""tilt_deg"": 6.0, ""tilt_jitter"": 0.0, ""topology"": ""shingle""}"
BL_FLAT_t100_p0750_a06_grid_s102,flat,0.1,7.5,6.0,grid,102,d100,-20.0,0.0009390825289301574,0.04999997094273567,"{""azimuth_jitter"": 180.0, ""azimuth_mode"": ""grid"", ""backing"": 2.0, ""depth"": 50.0, ""face_h"": 60.0, ""face_w"": 60.0, ""jitter"": 0.3, ""margin_depths"": 2.0, ""pitch"": 7.5, ""plate_over"": 1.15, ""plate_t_bot"": 0.1, ""plate_t_top"": 0.1, ""seed"": 102, ""tilt_deg"": 6.0, ""tilt_jitter"": 0.0, ""topology"": ""shingle""}"
BL_FLAT_t100_p0750_a06_grid_s102,flat,0.1,7.5,6.0,grid,102,d100,-40.0,0.0014762760838493705,0.04999997094273567,"{""azimuth_jitter"": 180.0, ""azimuth_mode"": ""grid"", ""backing"": 2.0, ""depth"": 50.0, ""face_h"": 60.0, ""face_w"": 60.0, ""jitter"": 0.3, ""margin_depths"": 2.0, ""pitch"": 7.5, ""plate_over"": 1.15, ""plate_t_bot"": 0.1, ""plate_t_top"": 0.1, ""seed"": 102, ""tilt_deg"": 6.0, ""tilt_jitter"": 0.0, ""topology"": ""shingle""}"
BL_FLAT_t100_p0750_a06_grid_s102,flat,0.1,7.5,6.0,grid,102,d100,20.0,0.0014449405716732144,0.04999997094273567,"{""azimuth_jitter"": 180.0, ""azimuth_mode"": ""grid"", ""backing"": 2.0, ""depth"": 50.0, ""face_h"": 60.0, ""face_w"": 60.0, ""jitter"": 0.3, ""margin_depths"": 2.0, ""pitch"": 7.5, ""plate_over"": 1.15, ""plate_t_bot"": 0.1, ""plate_t_top"": 0.1, ""seed"": 102, ""tilt_deg"": 6.0, ""tilt_jitter"": 0.0, ""topology"": ""shingle""}"
BL_FLAT_t100_p0750_a06_grid_s102,flat,0.1,7.5,6.0,grid,102,d100,40.0,0.002193272113800049,0.04999997094273567,"{""azimuth_jitter"": 180.0, ""azimuth_mode"": ""grid"", ""backing"": 2.0, ""depth"": 50.0, ""face_h"": 60.0, ""face_w"": 60.0, ""jitter"": 0.3, ""margin_depths"": 2.0, ""pitch"": 7.5, ""plate_over"": 1.15, ""plate_t_bot"": 0.1, ""plate_t_top"": 0.1, ""seed"": 102, ""tilt_deg"": 6.0, ""tilt_jitter"": 0.0, ""topology"": ""shingle""}"
BL_FLAT_t200_p0550_a02_rand_s102,flat,0.2,5.5,2.0,random,102,d00,0.0,0.0022794257383793592,0.04999997094273567,"{""azimuth_jitter"": 180.0, ""azimuth_mode"": ""random"", ""backing"": 2.0, ""depth"": 50.0, ""face_h"": 60.0, ""face_w"": 60.0, ""jitter"": 0.3, ""margin_depths"": 2.0, ""pitch"": 5.5, ""plate_over"": 1.15, ""plate_t_bot"": 0.2, ""plate_t_top"": 0.2, ""seed"": 102, ""tilt_deg"": 2.0, ""tilt_jitter"": 0.0, ""topology"": ""shingle""}"
BL_FLAT_t200_p0550_a02_rand_s102,flat,0.2,5.5,2.0,random,102,d00,-20.0,0.0007331393426284194,0.04999997094273567,"{""azimuth_jitter"": 180.0, ""azimuth_mode"": ""random"", ""backing"": 2.0, ""depth"": 50.0, ""face_h"": 60.0, ""face_w"": 60.0, ""jitter"": 0.3, ""margin_depths"": 2.0, ""pitch"": 5.5, ""plate_over"": 1.15, ""plate_t_bot"": 0.2, ""plate_t_top"": 0.2, ""seed"": 102, ""tilt_deg"": 2.0, ""tilt_jitter"": 0.0, ""topology"": ""shingle""}"
BL_FLAT_t200_p0550_a02_rand_s102,flat,0.2,5.5,2.0,random,102,d00,-40.0,0.0007097433554008603,0.04999997094273567,"{""azimuth_jitter"": 180.0, ""azimuth_mode"": ""random"", ""backing"": 2.0, ""depth"": 50.0, ""face_h"": 60.0, ""face_w"": 60.0, ""jitter"": 0.3, ""margin_depths"": 2.0, ""pitch"": 5.5, ""plate_over"": 1.15, ""plate_t_bot"": 0.2, ""plate_t_top"": 0.2, ""seed"": 102, ""tilt_deg"": 2.0, ""tilt_jitter"": 0.0, ""topology"": ""shingle""}"
BL_FLAT_t200_p0550_a02_rand_s102,flat,0.2,5.5,2.0,random,102,d00,20.0,0.0007236936944536865,0.04999997094273567,"{""azimuth_jitter"": 180.0, ""azimuth_mode"": ""random"", ""backing"": 2.0, ""depth"": 50.0, ""face_h"": 60.0, ""face_w"": 60.0, ""jitter"": 0.3, ""margin_depths"": 2.0, ""pitch"": 5.5, ""plate_over"": 1.15, ""plate_t_bot"": 0.2, ""plate_t_top"": 0.2, ""seed"": 102, ""tilt_deg"": 2.0, ""tilt_jitter"": 0.0, ""topology"": ""shingle""}"
BL_FLAT_t200_p0550_a02_rand_s102,flat,0.2,5.5,2.0,random,102,d00,40.0,0.0007193178171291947,0.04999997094273567,"{""azimuth_jitter"": 180.0, ""azimuth_mode"": ""random"", ""backing"": 2.0, ""depth"": 50.0, ""face_h"": 60.0, ""face_w"": 60.0, ""jitter"": 0.3, ""margin_depths"": 2.0, ""pitch"": 5.5, ""plate_over"": 1.15, ""plate_t_bot"": 0.2, ""plate_t_top"": 0.2, ""seed"": 102, ""tilt_deg"": 2.0, ""tilt_jitter"": 0.0, ""topology"": ""shingle""}"
BL_FLAT_t200_p0550_a02_rand_s102,flat,0.2,5.5,2.0,random,102,d76,0.0,0.0010374963749200106,0.04999997094273567,"{""azimuth_jitter"": 180.0, ""azimuth_mode"": ""random"", ""backing"": 2.0, ""depth"": 50.0, ""face_h"": 60.0, ""face_w"": 60.0, ""jitter"": 0.3, ""margin_depths"": 2.0, ""pitch"": 5.5, ""plate_over"": 1.15, ""plate_t_bot"": 0.2, ""plate_t_top"": 0.2, ""seed"": 102, ""tilt_deg"": 2.0, ""tilt_jitter"": 0.0, ""topology"": ""shingle""}"
BL_FLAT_t200_p0550_a02_rand_s102,flat,0.2,5.5,2.0,random,102,d76,-20.0,0.001272140652872622,0.04999997094273567,"{""azimuth_jitter"": 180.0, ""azimuth_mode"": ""random"", ""backing"": 2.0, ""depth"": 50.0, ""face_h"": 60.0, ""face_w"": 60.0, ""jitter"": 0.3, ""margin_depths"": 2.0, ""pitch"": 5.5, ""plate_over"": 1.15, ""plate_t_bot"": 0.2, ""plate_t_top"": 0.2, ""seed"": 102, ""tilt_deg"": 2.0, ""tilt_jitter"": 0.0, ""topology"": ""shingle""}"
BL_FLAT_t200_p0550_a02_rand_s102,flat,0.2,5.5,2.0,random,102,d76,-40.0,0.0019230761099606752,0.04999997094273567,"{""azimuth_jitter"": 180.0, ""azimuth_mode"": ""random"", ""backing"": 2.0, ""depth"": 50.0, ""face_h"": 60.0, ""face_w"": 60.0, ""jitter"": 0.3, ""margin_depths"": 2.0, ""pitch"": 5.5, ""plate_over"": 1.15, ""plate_t_bot"": 0.2, ""plate_t_top"": 0.2, ""seed"": 102, ""tilt_deg"": 2.0, ""tilt_jitter"": 0.0, ""topology"": ""shingle""}"
BL_FLAT_t200_p0550_a02_rand_s102,flat,0.2,5.5,2.0,random,102,d76,20.0,0.0011909606400877237,0.04999997094273567,"{""azimuth_jitter"": 180.0, ""azimuth_mode"": ""random"", ""backing"": 2.0, ""depth"": 50.0, ""face_h"": 60.0, ""face_w"": 60.0, ""jitter"": 0.3, ""margin_depths"": 2.0, ""pitch"": 5.5, ""plate_over"": 1.15, ""plate_t_bot"": 0.2, ""plate_t_top"": 0.2, ""seed"": 102, ""tilt_deg"": 2.0, ""tilt_jitter"": 0.0, ""topology"": ""shingle""}"
BL_FLAT_t200_p0550_a02_rand_s102,flat,0.2,5.5,2.0,random,102,d76,40.0,0.0017960249679163098,0.04999997094273567,"{""azimuth_jitter"": 180.0, ""azimuth_mode"": ""random"", ""backing"": 2.0, ""depth"": 50.0, ""face_h"": 60.0, ""face_w"": 60.0, ""jitter"": 0.3, ""margin_depths"": 2.0, ""pitch"": 5.5, ""plate_over"": 1.15, ""plate_t_bot"": 0.2, ""plate_t_top"": 0.2, ""seed"": 102, ""tilt_deg"": 2.0, ""tilt_jitter"": 0.0, ""topology"": ""shingle""}"
BL_FLAT_t200_p0550_a02_rand_s102,flat,0.2,5.5,2.0,random,102,d100,0.0,0.0007072850712575018,0.04999997094273567,"{""azimuth_jitter"": 180.0, ""azimuth_mode"": ""random"", ""backing"": 2.0, ""depth"": 50.0, ""face_h"": 60.0, ""face_w"": 60.0, ""jitter"": 0.3, ""margin_depths"": 2.0, ""pitch"": 5.5, ""plate_over"": 1.15, ""plate_t_bot"": 0.2, ""plate_t_top"": 0.2, ""seed"": 102, ""tilt_deg"": 2.0, ""tilt_jitter"": 0.0, ""topology"": ""shingle""}"
BL_FLAT_t200_p0550_a02_rand_s102,flat,0.2,5.5,2.0,random,102,d100,-20.0,0.0014517392264679074,0.04999997094273567,"{""azimuth_jitter"": 180.0, ""azimuth_mode"": ""random"", ""backing"": 2.0, ""depth"": 50.0, ""face_h"": 60.0, ""face_w"": 60.0, ""jitter"": 0.3, ""margin_depths"": 2.0, ""pitch"": 5.5, ""plate_over"": 1.15, ""plate_t_bot"": 0.2, ""plate_t_top"": 0.2, ""seed"": 102, ""tilt_deg"": 2.0, ""tilt_jitter"": 0.0, ""topology"": ""shingle""}"
BL_FLAT_t200_p0550_a02_rand_s102,flat,0.2,5.5,2.0,random,102,d100,-40.0,0.002321777166798711,0.04999997094273567,"{""azimuth_jitter"": 180.0, ""azimuth_mode"": ""random"", ""backing"": 2.0, ""depth"": 50.0, ""face_h"": 60.0, ""face_w"": 60.0, ""jitter"": 0.3, ""margin_depths"": 2.0, ""pitch"": 5.5, ""plate_over"": 1.15, ""plate_t_bot"": 0.2, ""plate_t_top"": 0.2, ""seed"": 102, ""tilt_deg"": 2.0, ""tilt_jitter"": 0.0, ""topology"": ""shingle""}"
BL_FLAT_t200_p0550_a02_rand_s102,flat,0.2,5.5,2.0,random,102,d100,20.0,0.0013604514533653855,0.04999997094273567,"{""azimuth_jitter"": 180.0, ""azimuth_mode"": ""random"", ""backing"": 2.0, ""depth"": 50.0, ""face_h"": 60.0, ""face_w"": 60.0, ""jitter"": 0.3, ""margin_depths"": 2.0, ""pitch"": 5.5, ""plate_over"": 1.15, ""plate_t_bot"": 0.2, ""plate_t_top"": 0.2, ""seed"": 102, ""tilt_deg"": 2.0, ""tilt_jitter"": 0.0, ""topology"": ""shingle""}"
BL_FLAT_t200_p0550_a02_rand_s102,flat,0.2,5.5,2.0,random,102,d100,40.0,0.0021497858688235283,0.04999997094273567,"{""azimuth_jitter"": 180.0, ""azimuth_mode"": ""random"", ""backing"": 2.0, ""depth"": 50.0, ""face_h"": 60.0, ""face_w"": 60.0, ""jitter"": 0.3, ""margin_depths"": 2.0, ""pitch"": 5.5, ""plate_over"": 1.15, ""plate_t_bot"": 0.2, ""plate_t_top"": 0.2, ""seed"": 102, ""tilt_deg"": 2.0, ""tilt_jitter"": 0.0, ""topology"": ""shingle""}"
BL_FLAT_t200_p0550_a02_grid_s102,flat,0.2,5.5,2.0,grid,102,d00,0.0,0.0021928607020527124,0.04999997094273567,"{""azimuth_jitter"": 180.0, ""azimuth_mode"": ""grid"", ""backing"": 2.0, ""depth"": 50.0, ""face_h"": 60.0, ""face_w"": 60.0, ""jitter"": 0.3, ""margin_depths"": 2.0, ""pitch"": 5.5, ""plate_over"": 1.15, ""plate_t_bot"": 0.2, ""plate_t_top"": 0.2, ""seed"": 102, ""tilt_deg"": 2.0, ""tilt_jitter"": 0.0, ""topology"": ""shingle""}"
BL_FLAT_t200_p0550_a02_grid_s102,flat,0.2,5.5,2.0,grid,102,d00,-20.0,0.0007464868249371648,0.04999997094273567,"{""azimuth_jitter"": 180.0, ""azimuth_mode"": ""grid"", ""backing"": 2.0, ""depth"": 50.0, ""face_h"": 60.0, ""face_w"": 60.0, ""jitter"": 0.3, ""margin_depths"": 2.0, ""pitch"": 5.5, ""plate_over"": 1.15, ""plate_t_bot"": 0.2, ""plate_t_top"": 0.2, ""seed"": 102, ""tilt_deg"": 2.0, ""tilt_jitter"": 0.0, ""topology"": ""shingle""}"
BL_FLAT_t200_p0550_a02_grid_s102,flat,0.2,5.5,2.0,grid,102,d00,-40.0,0.0007382442126981914,0.04999997094273567,"{""azimuth_jitter"": 180.0, ""azimuth_mode"": ""grid"", ""backing"": 2.0, ""depth"": 50.0, ""face_h"": 60.0, ""face_w"": 60.0, ""jitter"": 0.3, ""margin_depths"": 2.0, ""pitch"": 5.5, ""plate_over"": 1.15, ""plate_t_bot"": 0.2, ""plate_t_top"": 0.2, ""seed"": 102, ""tilt_deg"": 2.0, ""tilt_jitter"": 0.0, ""topology"": ""shingle""}"
BL_FLAT_t200_p0550_a02_grid_s102,flat,0.2,5.5,2.0,grid,102,d00,20.0,0.0007315182592719793,0.04999997094273567,"{""azimuth_jitter"": 180.0, ""azimuth_mode"": ""grid"", ""backing"": 2.0, ""depth"": 50.0, ""face_h"": 60.0, ""face_w"": 60.0, ""jitter"": 0.3, ""margin_depths"": 2.0, ""pitch"": 5.5, ""plate_over"": 1.15, ""plate_t_bot"": 0.2, ""plate_t_top"": 0.2, ""seed"": 102, ""tilt_deg"": 2.0, ""tilt_jitter"": 0.0, ""topology"": ""shingle""}"
BL_FLAT_t200_p0550_a02_grid_s102,flat,0.2,5.5,2.0,grid,102,d00,40.0,0.0007373662665486336,0.04999997094273567,"{""azimuth_jitter"": 180.0, ""azimuth_mode"": ""grid"", ""backing"": 2.0, ""depth"": 50.0, ""face_h"": 60.0, ""face_w"": 60.0, ""jitter"": 0.3, ""margin_depths"": 2.0, ""pitch"": 5.5, ""plate_over"": 1.15, ""plate_t_bot"": 0.2, ""plate_t_top"": 0.2, ""seed"": 102, ""tilt_deg"": 2.0, ""tilt_jitter"": 0.0, ""topology"": ""shingle""}"
BL_FLAT_t200_p0550_a02_grid_s102,flat,0.2,5.5,2.0,grid,102,d76,0.0,0.0010291128419339657,0.04999997094273567,"{""azimuth_jitter"": 180.0, ""azimuth_mode"": ""grid"", ""backing"": 2.0, ""depth"": 50.0, ""face_h"": 60.0, ""face_w"": 60.0, ""jitter"": 0.3, ""margin_depths"": 2.0, ""pitch"": 5.5, ""plate_over"": 1.15, ""plate_t_bot"": 0.2, ""plate_t_top"": 0.2, ""seed"": 102, ""tilt_deg"": 2.0, ""tilt_jitter"": 0.0, ""topology"": ""shingle""}"
BL_FLAT_t200_p0550_a02_grid_s102,flat,0.2,5.5,2.0,grid,102,d76,-20.0,0.0011159852147102356,0.04999997094273567,"{""azimuth_jitter"": 180.0, ""azimuth_mode"": ""grid"", ""backing"": 2.0, ""depth"": 50.0, ""face_h"": 60.0, ""face_w"": 60.0, ""jitter"": 0.3, ""margin_depths"": 2.0, ""pitch"": 5.5, ""plate_over"": 1.15, ""plate_t_bot"": 0.2, ""plate_t_top"": 0.2, ""seed"": 102, ""tilt_deg"": 2.0, ""tilt_jitter"": 0.0, ""topology"": ""shingle""}"
BL_FLAT_t200_p0550_a02_grid_s102,flat,0.2,5.5,2.0,grid,102,d76,-40.0,0.0017237636493518949,0.04999997094273567,"{""azimuth_jitter"": 180.0, ""azimuth_mode"": ""grid"", ""backing"": 2.0, ""depth"": 50.0, ""face_h"": 60.0, ""face_w"": 60.0, ""jitter"": 0.3, ""margin_depths"": 2.0, ""pitch"": 5.5, ""plate_over"": 1.15, ""plate_t_bot"": 0.2, ""plate_t_top"": 0.2, ""seed"": 102, ""tilt_deg"": 2.0, ""tilt_jitter"": 0.0, ""topology"": ""shingle""}"
BL_FLAT_t200_p0550_a02_grid_s102,flat,0.2,5.5,2.0,grid,102,d76,20.0,0.0012221414363011718,0.04999997094273567,"{""azimuth_jitter"": 180.0, ""azimuth_mode"": ""grid"", ""backing"": 2.0, ""depth"": 50.0, ""face_h"": 60.0, ""face_w"": 60.0, ""jitter"": 0.3, ""margin_depths"": 2.0, ""pitch"": 5.5, ""plate_over"": 1.15, ""plate_t_bot"": 0.2, ""plate_t_top"": 0.2, ""seed"": 102, ""tilt_deg"": 2.0, ""tilt_jitter"": 0.0, ""topology"": ""shingle""}"
BL_FLAT_t200_p0550_a02_grid_s102,flat,0.2,5.5,2.0,grid,102,d76,40.0,0.0017918827943503857,0.04999997094273567,"{""azimuth_jitter"": 180.0, ""azimuth_mode"": ""grid"", ""backing"": 2.0, ""depth"": 50.0, ""face_h"": 60.0, ""face_w"": 60.0, ""jitter"": 0.3, ""margin_depths"": 2.0, ""pitch"": 5.5, ""plate_over"": 1.15, ""plate_t_bot"": 0.2, ""plate_t_top"": 0.2, ""seed"": 102, ""tilt_deg"": 2.0, ""tilt_jitter"": 0.0, ""topology"": ""shingle""}"
BL_FLAT_t200_p0550_a02_grid_s102,flat,0.2,5.5,2.0,grid,102,d100,0.0,0.0007026844541542232,0.04999997094273567,"{""azimuth_jitter"": 180.0, ""azimuth_mode"": ""grid"", ""backing"": 2.0, ""depth"": 50.0, ""face_h"": 60.0, ""face_w"": 60.0, ""jitter"": 0.3, ""margin_depths"": 2.0, ""pitch"": 5.5, ""plate_over"": 1.15, ""plate_t_bot"": 0.2, ""plate_t_top"": 0.2, ""seed"": 102, ""tilt_deg"": 2.0, ""tilt_jitter"": 0.0, ""topology"": ""shingle""}"
BL_FLAT_t200_p0550_a02_grid_s102,flat,0.2,5.5,2.0,grid,102,d100,-20.0,0.0012482820311561227,0.04999997094273567,"{""azimuth_jitter"": 180.0, ""azimuth_mode"": ""grid"", ""backing"": 2.0, ""depth"": 50.0, ""face_h"": 60.0, ""face_w"": 60.0, ""jitter"": 0.3, ""margin_depths"": 2.0, ""pitch"": 5.5, ""plate_over"": 1.15, ""plate_t_bot"": 0.2, ""plate_t_top"": 0.2, ""seed"": 102, ""tilt_deg"": 2.0, ""tilt_jitter"": 0.0, ""topology"": ""shingle""}"
BL_FLAT_t200_p0550_a02_grid_s102,flat,0.2,5.5,2.0,grid,102,d100,-40.0,0.0020336632151156664,0.04999997094273567,"{""azimuth_jitter"": 180.0, ""azimuth_mode"": ""grid"", ""backing"": 2.0, ""depth"": 50.0, ""face_h"": 60.0, ""face_w"": 60.0, ""jitter"": 0.3, ""margin_depths"": 2.0, ""pitch"": 5.5, ""plate_over"": 1.15, ""plate_t_bot"": 0.2, ""plate_t_top"": 0.2, ""seed"": 102, ""tilt_deg"": 2.0, ""tilt_jitter"": 0.0, ""topology"": ""shingle""}"
BL_FLAT_t200_p0550_a02_grid_s102,flat,0.2,5.5,2.0,grid,102,d100,20.0,0.0013897762401029468,0.04999997094273567,"{""azimuth_jitter"": 180.0, ""azimuth_mode"": ""grid"", ""backing"": 2.0, ""depth"": 50.0, ""face_h"": 60.0, ""face_w"": 60.0, ""jitter"": 0.3, ""margin_depths"": 2.0, ""pitch"": 5.5, ""plate_over"": 1.15, ""plate_t_bot"": 0.2, ""plate_t_top"": 0.2, ""seed"": 102, ""tilt_deg"": 2.0, ""tilt_jitter"": 0.0, ""topology"": ""shingle""}"
BL_FLAT_t200_p0550_a02_grid_s102,flat,0.2,5.5,2.0,grid,102,d100,40.0,0.002134864218533039,0.04999997094273567,"{""azimuth_jitter"": 180.0, ""azimuth_mode"": ""grid"", ""backing"": 2.0, ""depth"": 50.0, ""face_h"": 60.0, ""face_w"": 60.0, ""jitter"": 0.3, ""margin_depths"": 2.0, ""pitch"": 5.5, ""plate_over"": 1.15, ""plate_t_bot"": 0.2, ""plate_t_top"": 0.2, ""seed"": 102, ""tilt_deg"": 2.0, ""tilt_jitter"": 0.0, ""topology"": ""shingle""}"
BL_FLAT_t200_p0550_a06_rand_s102,flat,0.2,5.5,6.0,random,102,d00,0.0,0.0013650581240653992,0.04999997094273567,"{""azimuth_jitter"": 180.0, ""azimuth_mode"": ""random"", ""backing"": 2.0, ""depth"": 50.0, ""face_h"": 60.0, ""face_w"": 60.0, ""jitter"": 0.3, ""margin_depths"": 2.0, ""pitch"": 5.5, ""plate_over"": 1.15, ""plate_t_bot"": 0.2, ""plate_t_top"": 0.2, ""seed"": 102, ""tilt_deg"": 6.0, ""tilt_jitter"": 0.0, ""topology"": ""shingle""}"
BL_FLAT_t200_p0550_a06_rand_s102,flat,0.2,5.5,6.0,random,102,d00,-20.0,0.0007290642824955285,0.04999997094273567,"{""azimuth_jitter"": 180.0, ""azimuth_mode"": ""random"", ""backing"": 2.0, ""depth"": 50.0, ""face_h"": 60.0, ""face_w"": 60.0, ""jitter"": 0.3, ""margin_depths"": 2.0, ""pitch"": 5.5, ""plate_over"": 1.15, ""plate_t_bot"": 0.2, ""plate_t_top"": 0.2, ""seed"": 102, ""tilt_deg"": 6.0, ""tilt_jitter"": 0.0, ""topology"": ""shingle""}"
BL_FLAT_t200_p0550_a06_rand_s102,flat,0.2,5.5,6.0,random,102,d00,-40.0,0.0007051409920677543,0.04999997094273567,"{""azimuth_jitter"": 180.0, ""azimuth_mode"": ""random"", ""backing"": 2.0, ""depth"": 50.0, ""face_h"": 60.0, ""face_w"": 60.0, ""jitter"": 0.3, ""margin_depths"": 2.0, ""pitch"": 5.5, ""plate_over"": 1.15, ""plate_t_bot"": 0.2, ""plate_t_top"": 0.2, ""seed"": 102, ""tilt_deg"": 6.0, ""tilt_jitter"": 0.0, ""topology"": ""shingle""}"
BL_FLAT_t200_p0550_a06_rand_s102,flat,0.2,5.5,6.0,random,102,d00,20.0,0.0007244719890877604,0.04999997094273567,"{""azimuth_jitter"": 180.0, ""azimuth_mode"": ""random"", ""backing"": 2.0, ""depth"": 50.0, ""face_h"": 60.0, ""face_w"": 60.0, ""jitter"": 0.3, ""margin_depths"": 2.0, ""pitch"": 5.5, ""plate_over"": 1.15, ""plate_t_bot"": 0.2, ""plate_t_top"": 0.2, ""seed"": 102, ""tilt_deg"": 6.0, ""tilt_jitter"": 0.0, ""topology"": ""shingle""}"
BL_FLAT_t200_p0550_a06_rand_s102,flat,0.2,5.5,6.0,random,102,d00,40.0,0.0007142777903936803,0.04999997094273567,"{""azimuth_jitter"": 180.0, ""azimuth_mode"": ""random"", ""backing"": 2.0, ""depth"": 50.0, ""face_h"": 60.0, ""face_w"": 60.0, ""jitter"": 0.3, ""margin_depths"": 2.0, ""pitch"": 5.5, ""plate_over"": 1.15, ""plate_t_bot"": 0.2, ""plate_t_top"": 0.2, ""seed"": 102, ""tilt_deg"": 6.0, ""tilt_jitter"": 0.0, ""topology"": ""shingle""}"
BL_FLAT_t200_p0550_a06_rand_s102,flat,0.2,5.5,6.0,random,102,d76,0.0,0.0010519922943785787,0.04999997094273567,"{""azimuth_jitter"": 180.0, ""azimuth_mode"": ""random"", ""backing"": 2.0, ""depth"": 50.0, ""face_h"": 60.0, ""face_w"": 60.0, ""jitter"": 0.3, ""margin_depths"": 2.0, ""pitch"": 5.5, ""plate_over"": 1.15, ""plate_t_bot"": 0.2, ""plate_t_top"": 0.2, ""seed"": 102, ""tilt_deg"": 6.0, ""tilt_jitter"": 0.0, ""topology"": ""shingle""}"
BL_FLAT_t200_p0550_a06_rand_s102,flat,0.2,5.5,6.0,random,102,d76,-20.0,0.0013176805805414915,0.04999997094273567,"{""azimuth_jitter"": 180.0, ""azimuth_mode"": ""random"", ""backing"": 2.0, ""depth"": 50.0, ""face_h"": 60.0, ""face_w"": 60.0, ""jitter"": 0.3, ""margin_depths"": 2.0, ""pitch"": 5.5, ""plate_over"": 1.15, ""plate_t_bot"": 0.2, ""plate_t_top"": 0.2, ""seed"": 102, ""tilt_deg"": 6.0, ""tilt_jitter"": 0.0, ""topology"": ""shingle""}"
BL_FLAT_t200_p0550_a06_rand_s102,flat,0.2,5.5,6.0,random,102,d76,-40.0,0.0019481645431369543,0.04999997094273567,"{""azimuth_jitter"": 180.0, ""azimuth_mode"": ""random"", ""backing"": 2.0, ""depth"": 50.0, ""face_h"": 60.0, ""face_w"": 60.0, ""jitter"": 0.3, ""margin_depths"": 2.0, ""pitch"": 5.5, ""plate_over"": 1.15, ""plate_t_bot"": 0.2, ""plate_t_top"": 0.2, ""seed"": 102, ""tilt_deg"": 6.0, ""tilt_jitter"": 0.0, ""topology"": ""shingle""}"
BL_FLAT_t200_p0550_a06_rand_s102,flat,0.2,5.5,6.0,random,102,d76,20.0,0.001232317415997386,0.04999997094273567,"{""azimuth_jitter"": 180.0, ""azimuth_mode"": ""random"", ""backing"": 2.0, ""depth"": 50.0, ""face_h"": 60.0, ""face_w"": 60.0, ""jitter"": 0.3, ""margin_depths"": 2.0, ""pitch"": 5.5, ""plate_over"": 1.15, ""plate_t_bot"": 0.2, ""plate_t_top"": 0.2, ""seed"": 102, ""tilt_deg"": 6.0, ""tilt_jitter"": 0.0, ""topology"": ""shingle""}"
BL_FLAT_t200_p0550_a06_rand_s102,flat,0.2,5.5,6.0,random,102,d76,40.0,0.001790665672160685,0.04999997094273567,"{""azimuth_jitter"": 180.0, ""azimuth_mode"": ""random"", ""backing"": 2.0, ""depth"": 50.0, ""face_h"": 60.0, ""face_w"": 60.0, ""jitter"": 0.3, ""margin_depths"": 2.0, ""pitch"": 5.5, ""plate_over"": 1.15, ""plate_t_bot"": 0.2, ""plate_t_top"": 0.2, ""seed"": 102, ""tilt_deg"": 6.0, ""tilt_jitter"": 0.0, ""topology"": ""shingle""}"
BL_FLAT_t200_p0550_a06_rand_s102,flat,0.2,5.5,6.0,random,102,d100,0.0,0.000987146981060505,0.04999997094273567,"{""azimuth_jitter"": 180.0, ""azimuth_mode"": ""random"", ""backing"": 2.0, ""depth"": 50.0, ""face_h"": 60.0, ""face_w"": 60.0, ""jitter"": 0.3, ""margin_depths"": 2.0, ""pitch"": 5.5, ""plate_over"": 1.15, ""plate_t_bot"": 0.2, ""plate_t_top"": 0.2, ""seed"": 102, ""tilt_deg"": 6.0, ""tilt_jitter"": 0.0, ""topology"": ""shingle""}"
BL_FLAT_t200_p0550_a06_rand_s102,flat,0.2,5.5,6.0,random,102,d100,-20.0,0.001513781724497676,0.04999997094273567,"{""azimuth_jitter"": 180.0, ""azimuth_mode"": ""random"", ""backing"": 2.0, ""depth"": 50.0, ""face_h"": 60.0, ""face_w"": 60.0, ""jitter"": 0.3, ""margin_depths"": 2.0, ""pitch"": 5.5, ""plate_over"": 1.15, ""plate_t_bot"": 0.2, ""plate_t_top"": 0.2, ""seed"": 102, ""tilt_deg"": 6.0, ""tilt_jitter"": 0.0, ""topology"": ""shingle""}"
BL_FLAT_t200_p0550_a06_rand_s102,flat,0.2,5.5,6.0,random,102,d100,-40.0,0.002348184585571289,0.04999997094273567,"{""azimuth_jitter"": 180.0, ""azimuth_mode"": ""random"", ""backing"": 2.0, ""depth"": 50.0, ""face_h"": 60.0, ""face_w"": 60.0, ""jitter"": 0.3, ""margin_depths"": 2.0, ""pitch"": 5.5, ""plate_over"": 1.15, ""plate_t_bot"": 0.2, ""plate_t_top"": 0.2, ""seed"": 102, ""tilt_deg"": 6.0, ""tilt_jitter"": 0.0, ""topology"": ""shingle""}"
BL_FLAT_t200_p0550_a06_rand_s102,flat,0.2,5.5,6.0,random,102,d100,20.0,0.0014043713454157114,0.04999997094273567,"{""azimuth_jitter"": 180.0, ""azimuth_mode"": ""random"", ""backing"": 2.0, ""depth"": 50.0, ""face_h"": 60.0, ""face_w"": 60.0, ""jitter"": 0.3, ""margin_depths"": 2.0, ""pitch"": 5.5, ""plate_over"": 1.15, ""plate_t_bot"": 0.2, ""plate_t_top"": 0.2, ""seed"": 102, ""tilt_deg"": 6.0, ""tilt_jitter"": 0.0, ""topology"": ""shingle""}"
BL_FLAT_t200_p0550_a06_rand_s102,flat,0.2,5.5,6.0,random,102,d100,40.0,0.0021361676044762135,0.04999997094273567,"{""azimuth_jitter"": 180.0, ""azimuth_mode"": ""random"", ""backing"": 2.0, ""depth"": 50.0, ""face_h"": 60.0, ""face_w"": 60.0, ""jitter"": 0.3, ""margin_depths"": 2.0, ""pitch"": 5.5, ""plate_over"": 1.15, ""plate_t_bot"": 0.2, ""plate_t_top"": 0.2, ""seed"": 102, ""tilt_deg"": 6.0, ""tilt_jitter"": 0.0, ""topology"": ""shingle""}"
BL_FLAT_t200_p0550_a06_grid_s102,flat,0.2,5.5,6.0,grid,102,d00,0.0,0.0012795518850907683,0.04999997094273567,"{""azimuth_jitter"": 180.0, ""azimuth_mode"": ""grid"", ""backing"": 2.0, ""depth"": 50.0, ""face_h"": 60.0, ""face_w"": 60.0, ""jitter"": 0.3, ""margin_depths"": 2.0, ""pitch"": 5.5, ""plate_over"": 1.15, ""plate_t_bot"": 0.2, ""plate_t_top"": 0.2, ""seed"": 102, ""tilt_deg"": 6.0, ""tilt_jitter"": 0.0, ""topology"": ""shingle""}"
BL_FLAT_t200_p0550_a06_grid_s102,flat,0.2,5.5,6.0,grid,102,d00,-20.0,0.0008336893515661359,0.04999997094273567,"{""azimuth_jitter"": 180.0, ""azimuth_mode"": ""grid"", ""backing"": 2.0, ""depth"": 50.0, ""face_h"": 60.0, ""face_w"": 60.0, ""jitter"": 0.3, ""margin_depths"": 2.0, ""pitch"": 5.5, ""plate_over"": 1.15, ""plate_t_bot"": 0.2, ""plate_t_top"": 0.2, ""seed"": 102, ""tilt_deg"": 6.0, ""tilt_jitter"": 0.0, ""topology"": ""shingle""}"
BL_FLAT_t200_p0550_a06_grid_s102,flat,0.2,5.5,6.0,grid,102,d00,-40.0,0.0008156748372130096,0.04999997094273567,"{""azimuth_jitter"": 180.0, ""azimuth_mode"": ""grid"", ""backing"": 2.0, ""depth"": 50.0, ""face_h"": 60.0, ""face_w"": 60.0, ""jitter"": 0.3, ""margin_depths"": 2.0, ""pitch"": 5.5, ""plate_over"": 1.15, ""plate_t_bot"": 0.2, ""plate_t_top"": 0.2, ""seed"": 102, ""tilt_deg"": 6.0, ""tilt_jitter"": 0.0, ""topology"": ""shingle""}"
BL_FLAT_t200_p0550_a06_grid_s102,flat,0.2,5.5,6.0,grid,102,d00,20.0,0.000747029553167522,0.04999997094273567,"{""azimuth_jitter"": 180.0, ""azimuth_mode"": ""grid"", ""backing"": 2.0, ""depth"": 50.0, ""face_h"": 60.0, ""face_w"": 60.0, ""jitter"": 0.3, ""margin_depths"": 2.0, ""pitch"": 5.5, ""plate_over"": 1.15, ""plate_t_bot"": 0.2, ""plate_t_top"": 0.2, ""seed"": 102, ""tilt_deg"": 6.0, ""tilt_jitter"": 0.0, ""topology"": ""shingle""}"
BL_FLAT_t200_p0550_a06_grid_s102,flat,0.2,5.5,6.0,grid,102,d00,40.0,0.000823288515675813,0.04999997094273567,"{""azimuth_jitter"": 180.0, ""azimuth_mode"": ""grid"", ""backing"": 2.0, ""depth"": 50.0, ""face_h"": 60.0, ""face_w"": 60.0, ""jitter"": 0.3, ""margin_depths"": 2.0, ""pitch"": 5.5, ""plate_over"": 1.15, ""plate_t_bot"": 0.2, ""plate_t_top"": 0.2, ""seed"": 102, ""tilt_deg"": 6.0, ""tilt_jitter"": 0.0, ""topology"": ""shingle""}"
BL_FLAT_t200_p0550_a06_grid_s102,flat,0.2,5.5,6.0,grid,102,d76,0.0,0.00103802140802145,0.04999997094273567,"{""azimuth_jitter"": 180.0, ""azimuth_mode"": ""grid"", ""backing"": 2.0, ""depth"": 50.0, ""face_h"": 60.0, ""face_w"": 60.0, ""jitter"": 0.3, ""margin_depths"": 2.0, ""pitch"": 5.5, ""plate_over"": 1.15, ""plate_t_bot"": 0.2, ""plate_t_top"": 0.2, ""seed"": 102, ""tilt_deg"": 6.0, ""tilt_jitter"": 0.0, ""topology"": ""shingle""}"
BL_FLAT_t200_p0550_a06_grid_s102,flat,0.2,5.5,6.0,grid,102,d76,-20.0,0.0011075856164097786,0.04999997094273567,"{""azimuth_jitter"": 180.0, ""azimuth_mode"": ""grid"", ""backing"": 2.0, ""depth"": 50.0, ""face_h"": 60.0, ""face_w"": 60.0, ""jitter"": 0.3, ""margin_depths"": 2.0, ""pitch"": 5.5, ""plate_over"": 1.15, ""plate_t_bot"": 0.2, ""plate_t_top"": 0.2, ""seed"": 102, ""tilt_deg"": 6.0, ""tilt_jitter"": 0.0, ""topology"": ""shingle""}"
BL_FLAT_t200_p0550_a06_grid_s102,flat,0.2,5.5,6.0,grid,102,d76,-40.0,0.0016480631893500686,0.04999997094273567,"{""azimuth_jitter"": 180.0, ""azimuth_mode"": ""grid"", ""backing"": 2.0, ""depth"": 50.0, ""face_h"": 60.0, ""face_w"": 60.0, ""jitter"": 0.3, ""margin_depths"": 2.0, ""pitch"": 5.5, ""plate_over"": 1.15, ""plate_t_bot"": 0.2, ""plate_t_top"": 0.2, ""seed"": 102, ""tilt_deg"": 6.0, ""tilt_jitter"": 0.0, ""topology"": ""shingle""}"
BL_FLAT_t200_p0550_a06_grid_s102,flat,0.2,5.5,6.0,grid,102,d76,20.0,0.0014760307967662811,0.04999997094273567,"{""azimuth_jitter"": 180.0, ""azimuth_mode"": ""grid"", ""backing"": 2.0, ""depth"": 50.0, ""face_h"": 60.0, ""face_w"": 60.0, ""jitter"": 0.3, ""margin_depths"": 2.0, ""pitch"": 5.5, ""plate_over"": 1.15, ""plate_t_bot"": 0.2, ""plate_t_top"": 0.2, ""seed"": 102, ""tilt_deg"": 6.0, ""tilt_jitter"": 0.0, ""topology"": ""shingle""}"
BL_FLAT_t200_p0550_a06_grid_s102,flat,0.2,5.5,6.0,grid,102,d76,40.0,0.0020516179502010345,0.04999997094273567,"{""azimuth_jitter"": 180.0, ""azimuth_mode"": ""grid"", ""backing"": 2.0, ""depth"": 50.0, ""face_h"": 60.0, ""face_w"": 60.0, ""jitter"": 0.3, ""margin_depths"": 2.0, ""pitch"": 5.5, ""plate_over"": 1.15, ""plate_t_bot"": 0.2, ""plate_t_top"": 0.2, ""seed"": 102, ""tilt_deg"": 6.0, ""tilt_jitter"": 0.0, ""topology"": ""shingle""}"
BL_FLAT_t200_p0550_a06_grid_s102,flat,0.2,5.5,6.0,grid,102,d100,0.0,0.0009970278479158878,0.04999997094273567,"{""azimuth_jitter"": 180.0, ""azimuth_mode"": ""grid"", ""backing"": 2.0, ""depth"": 50.0, ""face_h"": 60.0, ""face_w"": 60.0, ""jitter"": 0.3, ""margin_depths"": 2.0, ""pitch"": 5.5, ""plate_over"": 1.15, ""plate_t_bot"": 0.2, ""plate_t_top"": 0.2, ""seed"": 102, ""tilt_deg"": 6.0, ""tilt_jitter"": 0.0, ""topology"": ""shingle""}"
BL_FLAT_t200_p0550_a06_grid_s102,flat,0.2,5.5,6.0,grid,102,d100,-20.0,0.0012186308158561587,0.04999997094273567,"{""azimuth_jitter"": 180.0, ""azimuth_mode"": ""grid"", ""backing"": 2.0, ""depth"": 50.0, ""face_h"": 60.0, ""face_w"": 60.0, ""jitter"": 0.3, ""margin_depths"": 2.0, ""pitch"": 5.5, ""plate_over"": 1.15, ""plate_t_bot"": 0.2, ""plate_t_top"": 0.2, ""seed"": 102, ""tilt_deg"": 6.0, ""tilt_jitter"": 0.0, ""topology"": ""shingle""}"
BL_FLAT_t200_p0550_a06_grid_s102,flat,0.2,5.5,6.0,grid,102,d100,-40.0,0.0019254829967394471,0.04999997094273567,"{""azimuth_jitter"": 180.0, ""azimuth_mode"": ""grid"", ""backing"": 2.0, ""depth"": 50.0, ""face_h"": 60.0, ""face_w"": 60.0, ""jitter"": 0.3, ""margin_depths"": 2.0, ""pitch"": 5.5, ""plate_over"": 1.15, ""plate_t_bot"": 0.2, ""plate_t_top"": 0.2, ""seed"": 102, ""tilt_deg"": 6.0, ""tilt_jitter"": 0.0, ""topology"": ""shingle""}"
BL_FLAT_t200_p0550_a06_grid_s102,flat,0.2,5.5,6.0,grid,102,d100,20.0,0.0017296555452048779,0.04999997094273567,"{""azimuth_jitter"": 180.0, ""azimuth_mode"": ""grid"", ""backing"": 2.0, ""depth"": 50.0, ""face_h"": 60.0, ""face_w"": 60.0, ""jitter"": 0.3, ""margin_depths"": 2.0, ""pitch"": 5.5, ""plate_over"": 1.15, ""plate_t_bot"": 0.2, ""plate_t_top"": 0.2, ""seed"": 102, ""tilt_deg"": 6.0, ""tilt_jitter"": 0.0, ""topology"": ""shingle""}"
BL_FLAT_t200_p0550_a06_grid_s102,flat,0.2,5.5,6.0,grid,102,d100,40.0,0.002451180247589946,0.04999997094273567,"{""azimuth_jitter"": 180.0, ""azimuth_mode"": ""grid"", ""backing"": 2.0, ""depth"": 50.0, ""face_h"": 60.0, ""face_w"": 60.0, ""jitter"": 0.3, ""margin_depths"": 2.0, ""pitch"": 5.5, ""plate_over"": 1.15, ""plate_t_bot"": 0.2, ""plate_t_top"": 0.2, ""seed"": 102, ""tilt_deg"": 6.0, ""tilt_jitter"": 0.0, ""topology"": ""shingle""}"
BL_FLAT_t200_p0750_a02_rand_s102,flat,0.2,7.5,2.0,random,102,d00,0.0,0.0031046089716255665,0.04999997094273567,"{""azimuth_jitter"": 180.0, ""azimuth_mode"": ""random"", ""backing"": 2.0, ""depth"": 50.0, ""face_h"": 60.0, ""face_w"": 60.0, ""jitter"": 0.3, ""margin_depths"": 2.0, ""pitch"": 7.5, ""plate_over"": 1.15, ""plate_t_bot"": 0.2, ""plate_t_top"": 0.2, ""seed"": 102, ""tilt_deg"": 2.0, ""tilt_jitter"": 0.0, ""topology"": ""shingle""}"
BL_FLAT_t200_p0750_a02_rand_s102,flat,0.2,7.5,2.0,random,102,d00,-20.0,0.0005950641934759915,0.04999997094273567,"{""azimuth_jitter"": 180.0, ""azimuth_mode"": ""random"", ""backing"": 2.0, ""depth"": 50.0, ""face_h"": 60.0, ""face_w"": 60.0, ""jitter"": 0.3, ""margin_depths"": 2.0, ""pitch"": 7.5, ""plate_over"": 1.15, ""plate_t_bot"": 0.2, ""plate_t_top"": 0.2, ""seed"": 102, ""tilt_deg"": 2.0, ""tilt_jitter"": 0.0, ""topology"": ""shingle""}"
BL_FLAT_t200_p0750_a02_rand_s102,flat,0.2,7.5,2.0,random,102,d00,-40.0,0.0005133881350047886,0.04999997094273567,"{""azimuth_jitter"": 180.0, ""azimuth_mode"": ""random"", ""backing"": 2.0, ""depth"": 50.0, ""face_h"": 60.0, ""face_w"": 60.0, ""jitter"": 0.3, ""margin_depths"": 2.0, ""pitch"": 7.5, ""plate_over"": 1.15, ""plate_t_bot"": 0.2, ""plate_t_top"": 0.2, ""seed"": 102, ""tilt_deg"": 2.0, ""tilt_jitter"": 0.0, ""topology"": ""shingle""}"
BL_FLAT_t200_p0750_a02_rand_s102,flat,0.2,7.5,2.0,random,102,d00,20.0,0.0005678008310496807,0.04999997094273567,"{""azimuth_jitter"": 180.0, ""azimuth_mode"": ""random"", ""backing"": 2.0, ""depth"": 50.0, ""face_h"": 60.0, ""face_w"": 60.0, ""jitter"": 0.3, ""margin_depths"": 2.0, ""pitch"": 7.5, ""plate_over"": 1.15, ""plate_t_bot"": 0.2, ""plate_t_top"": 0.2, ""seed"": 102, ""tilt_deg"": 2.0, ""tilt_jitter"": 0.0, ""topology"": ""shingle""}"
BL_FLAT_t200_p0750_a02_rand_s102,flat,0.2,7.5,2.0,random,102,d00,40.0,0.0005009928718209267,0.04999997094273567,"{""azimuth_jitter"": 180.0, ""azimuth_mode"": ""random"", ""backing"": 2.0, ""depth"": 50.0, ""face_h"": 60.0, ""face_w"": 60.0, ""jitter"": 0.3, ""margin_depths"": 2.0, ""pitch"": 7.5, ""plate_over"": 1.15, ""plate_t_bot"": 0.2, ""plate_t_top"": 0.2, ""seed"": 102, ""tilt_deg"": 2.0, ""tilt_jitter"": 0.0, ""topology"": ""shingle""}"
BL_FLAT_t200_p0750_a02_rand_s102,flat,0.2,7.5,2.0,random,102,d76,0.0,0.0011985203018411994,0.04999997094273567,"{""azimuth_jitter"": 180.0, ""azimuth_mode"": ""random"", ""backing"": 2.0, ""depth"": 50.0, ""face_h"": 60.0, ""face_w"": 60.0, ""jitter"": 0.3, ""margin_depths"": 2.0, ""pitch"": 7.5, ""plate_over"": 1.15, ""plate_t_bot"": 0.2, ""plate_t_top"": 0.2, ""seed"": 102, ""tilt_deg"": 2.0, ""tilt_jitter"": 0.0, ""topology"": ""shingle""}"
BL_FLAT_t200_p0750_a02_rand_s102,flat,0.2,7.5,2.0,random,102,d76,-20.0,0.0011541653657332063,0.04999997094273567,"{""azimuth_jitter"": 180.0, ""azimuth_mode"": ""random"", ""backing"": 2.0, ""depth"": 50.0, ""face_h"": 60.0, ""face_w"": 60.0, ""jitter"": 0.3, ""margin_depths"": 2.0, ""pitch"": 7.5, ""plate_over"": 1.15, ""plate_t_bot"": 0.2, ""plate_t_top"": 0.2, ""seed"": 102, ""tilt_deg"": 2.0, ""tilt_jitter"": 0.0, ""topology"": ""shingle""}"
BL_FLAT_t200_p0750_a02_rand_s102,flat,0.2,7.5,2.0,random,102,d76,-40.0,0.0018206741660833359,0.04999997094273567,"{""azimuth_jitter"": 180.0, ""azimuth_mode"": ""random"", ""backing"": 2.0, ""depth"": 50.0, ""face_h"": 60.0, ""face_w"": 60.0, ""jitter"": 0.3, ""margin_depths"": 2.0, ""pitch"": 7.5, ""plate_over"": 1.15, ""plate_t_bot"": 0.2, ""plate_t_top"": 0.2, ""seed"": 102, ""tilt_deg"": 2.0, ""tilt_jitter"": 0.0, ""topology"": ""shingle""}"
BL_FLAT_t200_p0750_a02_rand_s102,flat,0.2,7.5,2.0,random,102,d76,20.0,0.0012045103358104825,0.04999997094273567,"{""azimuth_jitter"": 180.0, ""azimuth_mode"": ""random"", ""backing"": 2.0, ""depth"": 50.0, ""face_h"": 60.0, ""face_w"": 60.0, ""jitter"": 0.3, ""margin_depths"": 2.0, ""pitch"": 7.5, ""plate_over"": 1.15, ""plate_t_bot"": 0.2, ""plate_t_top"": 0.2, ""seed"": 102, ""tilt_deg"": 2.0, ""tilt_jitter"": 0.0, ""topology"": ""shingle""}"
BL_FLAT_t200_p0750_a02_rand_s102,flat,0.2,7.5,2.0,random,102,d76,40.0,0.0019070112612098455,0.04999997094273567,"{""azimuth_jitter"": 180.0, ""azimuth_mode"": ""random"", ""backing"": 2.0, ""depth"": 50.0, ""face_h"": 60.0, ""face_w"": 60.0, ""jitter"": 0.3, ""margin_depths"": 2.0, ""pitch"": 7.5, ""plate_over"": 1.15, ""plate_t_bot"": 0.2, ""plate_t_top"": 0.2, ""seed"": 102, ""tilt_deg"": 2.0, ""tilt_jitter"": 0.0, ""topology"": ""shingle""}"
BL_FLAT_t200_p0750_a02_rand_s102,flat,0.2,7.5,2.0,random,102,d100,0.0,0.0006694509647786617,0.04999997094273567,"{""azimuth_jitter"": 180.0, ""azimuth_mode"": ""random"", ""backing"": 2.0, ""depth"": 50.0, ""face_h"": 60.0, ""face_w"": 60.0, ""jitter"": 0.3, ""margin_depths"": 2.0, ""pitch"": 7.5, ""plate_over"": 1.15, ""plate_t_bot"": 0.2, ""plate_t_top"": 0.2, ""seed"": 102, ""tilt_deg"": 2.0, ""tilt_jitter"": 0.0, ""topology"": ""shingle""}"
BL_FLAT_t200_p0750_a02_rand_s102,flat,0.2,7.5,2.0,random,102,d100,-20.0,0.0013458423782140017,0.04999997094273567,"{""azimuth_jitter"": 180.0, ""azimuth_mode"": ""random"", ""backing"": 2.0, ""depth"": 50.0, ""face_h"": 60.0, ""face_w"": 60.0, ""jitter"": 0.3, ""margin_depths"": 2.0, ""pitch"": 7.5, ""plate_over"": 1.15, ""plate_t_bot"": 0.2, ""plate_t_top"": 0.2, ""seed"": 102, ""tilt_deg"": 2.0, ""tilt_jitter"": 0.0, ""topology"": ""shingle""}"
BL_FLAT_t200_p0750_a02_rand_s102,flat,0.2,7.5,2.0,random,102,d100,-40.0,0.00225514336489141,0.04999997094273567,"{""azimuth_jitter"": 180.0, ""azimuth_mode"": ""random"", ""backing"": 2.0, ""depth"": 50.0, ""face_h"": 60.0, ""face_w"": 60.0, ""jitter"": 0.3, ""margin_depths"": 2.0, ""pitch"": 7.5, ""plate_over"": 1.15, ""plate_t_bot"": 0.2, ""plate_t_top"": 0.2, ""seed"": 102, ""tilt_deg"": 2.0, ""tilt_jitter"": 0.0, ""topology"": ""shingle""}"
BL_FLAT_t200_p0750_a02_rand_s102,flat,0.2,7.5,2.0,random,102,d100,20.0,0.0014280455652624369,0.04999997094273567,"{""azimuth_jitter"": 180.0, ""azimuth_mode"": ""random"", ""backing"": 2.0, ""depth"": 50.0, ""face_h"": 60.0, ""face_w"": 60.0, ""jitter"": 0.3, ""margin_depths"": 2.0, ""pitch"": 7.5, ""plate_over"": 1.15, ""plate_t_bot"": 0.2, ""plate_t_top"": 0.2, ""seed"": 102, ""tilt_deg"": 2.0, ""tilt_jitter"": 0.0, ""topology"": ""shingle""}"
BL_FLAT_t200_p0750_a02_rand_s102,flat,0.2,7.5,2.0,random,102,d100,40.0,0.002357084769755602,0.04999997094273567,"{""azimuth_jitter"": 180.0, ""azimuth_mode"": ""random"", ""backing"": 2.0, ""depth"": 50.0, ""face_h"": 60.0, ""face_w"": 60.0, ""jitter"": 0.3, ""margin_depths"": 2.0, ""pitch"": 7.5, ""plate_over"": 1.15, ""plate_t_bot"": 0.2, ""plate_t_top"": 0.2, ""seed"": 102, ""tilt_deg"": 2.0, ""tilt_jitter"": 0.0, ""topology"": ""shingle""}"
BL_FLAT_t200_p0750_a02_grid_s102,flat,0.2,7.5,2.0,grid,102,d00,0.0,0.00303084054030478,0.04999997094273567,"{""azimuth_jitter"": 180.0, ""azimuth_mode"": ""grid"", ""backing"": 2.0, ""depth"": 50.0, ""face_h"": 60.0, ""face_w"": 60.0, ""jitter"": 0.3, ""margin_depths"": 2.0, ""pitch"": 7.5, ""plate_over"": 1.15, ""plate_t_bot"": 0.2, ""plate_t_top"": 0.2, ""seed"": 102, ""tilt_deg"": 2.0, ""tilt_jitter"": 0.0, ""topology"": ""shingle""}"
BL_FLAT_t200_p0750_a02_grid_s102,flat,0.2,7.5,2.0,grid,102,d00,-20.0,0.0007782361353747547,0.04999997094273567,"{""azimuth_jitter"": 180.0, ""azimuth_mode"": ""grid"", ""backing"": 2.0, ""depth"": 50.0, ""face_h"": 60.0, ""face_w"": 60.0, ""jitter"": 0.3, ""margin_depths"": 2.0, ""pitch"": 7.5, ""plate_over"": 1.15, ""plate_t_bot"": 0.2, ""plate_t_top"": 0.2, ""seed"": 102, ""tilt_deg"": 2.0, ""tilt_jitter"": 0.0, ""topology"": ""shingle""}"
BL_FLAT_t200_p0750_a02_grid_s102,flat,0.2,7.5,2.0,grid,102,d00,-40.0,0.0006696353084407747,0.04999997094273567,"{""azimuth_jitter"": 180.0, ""azimuth_mode"": ""grid"", ""backing"": 2.0, ""depth"": 50.0, ""face_h"": 60.0, ""face_w"": 60.0, ""jitter"": 0.3, ""margin_depths"": 2.0, ""pitch"": 7.5, ""plate_over"": 1.15, ""plate_t_bot"": 0.2, ""plate_t_top"": 0.2, ""seed"": 102, ""tilt_deg"": 2.0, ""tilt_jitter"": 0.0, ""topology"": ""shingle""}"
BL_FLAT_t200_p0750_a02_grid_s102,flat,0.2,7.5,2.0,grid,102,d00,20.0,0.0007160675013437867,0.04999997094273567,"{""azimuth_jitter"": 180.0, ""azimuth_mode"": ""grid"", ""backing"": 2.0, ""depth"": 50.0, ""face_h"": 60.0, ""face_w"": 60.0, ""jitter"": 0.3, ""margin_depths"": 2.0, ""pitch"": 7.5, ""plate_over"": 1.15, ""plate_t_bot"": 0.2, ""plate_t_top"": 0.2, ""seed"": 102, ""tilt_deg"": 2.0, ""tilt_jitter"": 0.0, ""topology"": ""shingle""}"
BL_FLAT_t200_p0750_a02_grid_s102,flat,0.2,7.5,2.0,grid,102,d00,40.0,0.0006335956277325749,0.04999997094273567,"{""azimuth_jitter"": 180.0, ""azimuth_mode"": ""grid"", ""backing"": 2.0, ""depth"": 50.0, ""face_h"": 60.0, ""face_w"": 60.0, ""jitter"": 0.3, ""margin_depths"": 2.0, ""pitch"": 7.5, ""plate_over"": 1.15, ""plate_t_bot"": 0.2, ""plate_t_top"": 0.2, ""seed"": 102, ""tilt_deg"": 2.0, ""tilt_jitter"": 0.0, ""topology"": ""shingle""}"
BL_FLAT_t200_p0750_a02_grid_s102,flat,0.2,7.5,2.0,grid,102,d76,0.0,0.001206190325319767,0.04999997094273567,"{""azimuth_jitter"": 180.0, ""azimuth_mode"": ""grid"", ""backing"": 2.0, ""depth"": 50.0, ""face_h"": 60.0, ""face_w"": 60.0, ""jitter"": 0.3, ""margin_depths"": 2.0, ""pitch"": 7.5, ""plate_over"": 1.15, ""plate_t_bot"": 0.2, ""plate_t_top"": 0.2, ""seed"": 102, ""tilt_deg"": 2.0, ""tilt_jitter"": 0.0, ""topology"": ""shingle""}"
BL_FLAT_t200_p0750_a02_grid_s102,flat,0.2,7.5,2.0,grid,102,d76,-20.0,0.0009708295110613108,0.04999997094273567,"{""azimuth_jitter"": 180.0, ""azimuth_mode"": ""grid"", ""backing"": 2.0, ""depth"": 50.0, ""face_h"": 60.0, ""face_w"": 60.0, ""jitter"": 0.3, ""margin_depths"": 2.0, ""pitch"": 7.5, ""plate_over"": 1.15, ""plate_t_bot"": 0.2, ""plate_t_top"": 0.2, ""seed"": 102, ""tilt_deg"": 2.0, ""tilt_jitter"": 0.0, ""topology"": ""shingle""}"
BL_FLAT_t200_p0750_a02_grid_s102,flat,0.2,7.5,2.0,grid,102,d76,-40.0,0.0014036499196663499,0.04999997094273567,"{""azimuth_jitter"": 180.0, ""azimuth_mode"": ""grid"", ""backing"": 2.0, ""depth"": 50.0, ""face_h"": 60.0, ""face_w"": 60.0, ""jitter"": 0.3, ""margin_depths"": 2.0, ""pitch"": 7.5, ""plate_over"": 1.15, ""plate_t_bot"": 0.2, ""plate_t_top"": 0.2, ""seed"": 102, ""tilt_deg"": 2.0, ""tilt_jitter"": 0.0, ""topology"": ""shingle""}"
BL_FLAT_t200_p0750_a02_grid_s102,flat,0.2,7.5,2.0,grid,102,d76,20.0,0.0011215473059564829,0.04999997094273567,"{""azimuth_jitter"": 180.0, ""azimuth_mode"": ""grid"", ""backing"": 2.0, ""depth"": 50.0, ""face_h"": 60.0, ""face_w"": 60.0, ""jitter"": 0.3, ""margin_depths"": 2.0, ""pitch"": 7.5, ""plate_over"": 1.15, ""plate_t_bot"": 0.2, ""plate_t_top"": 0.2, ""seed"": 102, ""tilt_deg"": 2.0, ""tilt_jitter"": 0.0, ""topology"": ""shingle""}"
BL_FLAT_t200_p0750_a02_grid_s102,flat,0.2,7.5,2.0,grid,102,d76,40.0,0.0016614298801869154,0.04999997094273567,"{""azimuth_jitter"": 180.0, ""azimuth_mode"": ""grid"", ""backing"": 2.0, ""depth"": 50.0, ""face_h"": 60.0, ""face_w"": 60.0, ""jitter"": 0.3, ""margin_depths"": 2.0, ""pitch"": 7.5, ""plate_over"": 1.15, ""plate_t_bot"": 0.2, ""plate_t_top"": 0.2, ""seed"": 102, ""tilt_deg"": 2.0, ""tilt_jitter"": 0.0, ""topology"": ""shingle""}"
BL_FLAT_t200_p0750_a02_grid_s102,flat,0.2,7.5,2.0,grid,102,d100,0.0,0.0007073738379403949,0.04999997094273567,"{""azimuth_jitter"": 180.0, ""azimuth_mode"": ""grid"", ""backing"": 2.0, ""depth"": 50.0, ""face_h"": 60.0, ""face_w"": 60.0, ""jitter"": 0.3, ""margin_depths"": 2.0, ""pitch"": 7.5, ""plate_over"": 1.15, ""plate_t_bot"": 0.2, ""plate_t_top"": 0.2, ""seed"": 102, ""tilt_deg"": 2.0, ""tilt_jitter"": 0.0, ""topology"": ""shingle""}"
BL_FLAT_t200_p0750_a02_grid_s102,flat,0.2,7.5,2.0,grid,102,d100,-20.0,0.0010566877899691463,0.04999997094273567,"{""azimuth_jitter"": 180.0, ""azimuth_mode"": ""grid"", ""backing"": 2.0, ""depth"": 50.0, ""face_h"": 60.0, ""face_w"": 60.0, ""jitter"": 0.3, ""margin_depths"": 2.0, ""pitch"": 7.5, ""plate_over"": 1.15, ""plate_t_bot"": 0.2, ""plate_t_top"": 0.2, ""seed"": 102, ""tilt_deg"": 2.0, ""tilt_jitter"": 0.0, ""topology"": ""shingle""}"
BL_FLAT_t200_p0750_a02_grid_s102,flat,0.2,7.5,2.0,grid,102,d100,-40.0,0.0016486216336488724,0.04999997094273567,"{""azimuth_jitter"": 180.0, ""azimuth_mode"": ""grid"", ""backing"": 2.0, ""depth"": 50.0, ""face_h"": 60.0, ""face_w"": 60.0, ""jitter"": 0.3, ""margin_depths"": 2.0, ""pitch"": 7.5, ""plate_over"": 1.15, ""plate_t_bot"": 0.2, ""plate_t_top"": 0.2, ""seed"": 102, ""tilt_deg"": 2.0, ""tilt_jitter"": 0.0, ""topology"": ""shingle""}"
BL_FLAT_t200_p0750_a02_grid_s102,flat,0.2,7.5,2.0,grid,102,d100,20.0,0.0012632593279704452,0.04999997094273567,"{""azimuth_jitter"": 180.0, ""azimuth_mode"": ""grid"", ""backing"": 2.0, ""depth"": 50.0, ""face_h"": 60.0, ""face_w"": 60.0, ""jitter"": 0.3, ""margin_depths"": 2.0, ""pitch"": 7.5, ""plate_over"": 1.15, ""plate_t_bot"": 0.2, ""plate_t_top"": 0.2, ""seed"": 102, ""tilt_deg"": 2.0, ""tilt_jitter"": 0.0, ""topology"": ""shingle""}"
BL_FLAT_t200_p0750_a02_grid_s102,flat,0.2,7.5,2.0,grid,102,d100,40.0,0.002003680681809783,0.04999997094273567,"{""azimuth_jitter"": 180.0, ""azimuth_mode"": ""grid"", ""backing"": 2.0, ""depth"": 50.0, ""face_h"": 60.0, ""face_w"": 60.0, ""jitter"": 0.3, ""margin_depths"": 2.0, ""pitch"": 7.5, ""plate_over"": 1.15, ""plate_t_bot"": 0.2, ""plate_t_top"": 0.2, ""seed"": 102, ""tilt_deg"": 2.0, ""tilt_jitter"": 0.0, ""topology"": ""shingle""}"
BL_FLAT_t200_p0750_a06_rand_s102,flat,0.2,7.5,6.0,random,102,d00,0.0,0.0016327702905982733,0.04999997094273567,"{""azimuth_jitter"": 180.0, ""azimuth_mode"": ""random"", ""backing"": 2.0, ""depth"": 50.0, ""face_h"": 60.0, ""face_w"": 60.0, ""jitter"": 0.3, ""margin_depths"": 2.0, ""pitch"": 7.5, ""plate_over"": 1.15, ""plate_t_bot"": 0.2, ""plate_t_top"": 0.2, ""seed"": 102, ""tilt_deg"": 6.0, ""tilt_jitter"": 0.0, ""topology"": ""shingle""}"
BL_FLAT_t200_p0750_a06_rand_s102,flat,0.2,7.5,6.0,random,102,d00,-20.0,0.0006153132999315858,0.04999997094273567,"{""azimuth_jitter"": 180.0, ""azimuth_mode"": ""random"", ""backing"": 2.0, ""depth"": 50.0, ""face_h"": 60.0, ""face_w"": 60.0, ""jitter"": 0.3, ""margin_depths"": 2.0, ""pitch"": 7.5, ""plate_over"": 1.15, ""plate_t_bot"": 0.2, ""plate_t_top"": 0.2, ""seed"": 102, ""tilt_deg"": 6.0, ""tilt_jitter"": 0.0, ""topology"": ""shingle""}"
BL_FLAT_t200_p0750_a06_rand_s102,flat,0.2,7.5,6.0,random,102,d00,-40.0,0.0005514812655746937,0.04999997094273567,"{""azimuth_jitter"": 180.0, ""azimuth_mode"": ""random"", ""backing"": 2.0, ""depth"": 50.0, ""face_h"": 60.0, ""face_w"": 60.0, ""jitter"": 0.3, ""margin_depths"": 2.0, ""pitch"": 7.5, ""plate_over"": 1.15, ""plate_t_bot"": 0.2, ""plate_t_top"": 0.2, ""seed"": 102, ""tilt_deg"": 6.0, ""tilt_jitter"": 0.0, ""topology"": ""shingle""}"
BL_FLAT_t200_p0750_a06_rand_s102,flat,0.2,7.5,6.0,random,102,d00,20.0,0.0006140490877442062,0.04999997094273567,"{""azimuth_jitter"": 180.0, ""azimuth_mode"": ""random"", ""backing"": 2.0, ""depth"": 50.0, ""face_h"": 60.0, ""face_w"": 60.0, ""jitter"": 0.3, ""margin_depths"": 2.0, ""pitch"": 7.5, ""plate_over"": 1.15, ""plate_t_bot"": 0.2, ""plate_t_top"": 0.2, ""seed"": 102, ""tilt_deg"": 6.0, ""tilt_jitter"": 0.0, ""topology"": ""shingle""}"
BL_FLAT_t200_p0750_a06_rand_s102,flat,0.2,7.5,6.0,random,102,d00,40.0,0.0005266136722639203,0.04999997094273567,"{""azimuth_jitter"": 180.0, ""azimuth_mode"": ""random"", ""backing"": 2.0, ""depth"": 50.0, ""face_h"": 60.0, ""face_w"": 60.0, ""jitter"": 0.3, ""margin_depths"": 2.0, ""pitch"": 7.5, ""plate_over"": 1.15, ""plate_t_bot"": 0.2, ""plate_t_top"": 0.2, ""seed"": 102, ""tilt_deg"": 6.0, ""tilt_jitter"": 0.0, ""topology"": ""shingle""}"
BL_FLAT_t200_p0750_a06_rand_s102,flat,0.2,7.5,6.0,random,102,d76,0.0,0.001045403303578496,0.04999997094273567,"{""azimuth_jitter"": 180.0, ""azimuth_mode"": ""random"", ""backing"": 2.0, ""depth"": 50.0, ""face_h"": 60.0, ""face_w"": 60.0, ""jitter"": 0.3, ""margin_depths"": 2.0, ""pitch"": 7.5, ""plate_over"": 1.15, ""plate_t_bot"": 0.2, ""plate_t_top"": 0.2, ""seed"": 102, ""tilt_deg"": 6.0, ""tilt_jitter"": 0.0, ""topology"": ""shingle""}"
BL_FLAT_t200_p0750_a06_rand_s102,flat,0.2,7.5,6.0,random,102,d76,-20.0,0.0011564628221094608,0.04999997094273567,"{""azimuth_jitter"": 180.0, ""azimuth_mode"": ""random"", ""backing"": 2.0, ""depth"": 50.0, ""face_h"": 60.0, ""face_w"": 60.0, ""jitter"": 0.3, ""margin_depths"": 2.0, ""pitch"": 7.5, ""plate_over"": 1.15, ""plate_t_bot"": 0.2, ""plate_t_top"": 0.2, ""seed"": 102, ""tilt_deg"": 6.0, ""tilt_jitter"": 0.0, ""topology"": ""shingle""}"
BL_FLAT_t200_p0750_a06_rand_s102,flat,0.2,7.5,6.0,random,102,d76,-40.0,0.00182787561789155,0.04999997094273567,"{""azimuth_jitter"": 180.0, ""azimuth_mode"": ""random"", ""backing"": 2.0, ""depth"": 50.0, ""face_h"": 60.0, ""face_w"": 60.0, ""jitter"": 0.3, ""margin_depths"": 2.0, ""pitch"": 7.5, ""plate_over"": 1.15, ""plate_t_bot"": 0.2, ""plate_t_top"": 0.2, ""seed"": 102, ""tilt_deg"": 6.0, ""tilt_jitter"": 0.0, ""topology"": ""shingle""}"
BL_FLAT_t200_p0750_a06_rand_s102,flat,0.2,7.5,6.0,random,102,d76,20.0,0.0013481368077918887,0.04999997094273567,"{""azimuth_jitter"": 180.0, ""azimuth_mode"": ""random"", ""backing"": 2.0, ""depth"": 50.0, ""face_h"": 60.0, ""face_w"": 60.0, ""jitter"": 0.3, ""margin_depths"": 2.0, ""pitch"": 7.5, ""plate_over"": 1.15, ""plate_t_bot"": 0.2, ""plate_t_top"": 0.2, ""seed"": 102, ""tilt_deg"": 6.0, ""tilt_jitter"": 0.0, ""topology"": ""shingle""}"
BL_FLAT_t200_p0750_a06_rand_s102,flat,0.2,7.5,6.0,random,102,d76,40.0,0.0020292855333536863,0.04999997094273567,"{""azimuth_jitter"": 180.0, ""azimuth_mode"": ""random"", ""backing"": 2.0, ""depth"": 50.0, ""face_h"": 60.0, ""face_w"": 60.0, ""jitter"": 0.3, ""margin_depths"": 2.0, ""pitch"": 7.5, ""plate_over"": 1.15, ""plate_t_bot"": 0.2, ""plate_t_top"": 0.2, ""seed"": 102, ""tilt_deg"": 6.0, ""tilt_jitter"": 0.0, ""topology"": ""shingle""}"
BL_FLAT_t200_p0750_a06_rand_s102,flat,0.2,7.5,6.0,random,102,d100,0.0,0.0009077624417841434,0.04999997094273567,"{""azimuth_jitter"": 180.0, ""azimuth_mode"": ""random"", ""backing"": 2.0, ""depth"": 50.0, ""face_h"": 60.0, ""face_w"": 60.0, ""jitter"": 0.3, ""margin_depths"": 2.0, ""pitch"": 7.5, ""plate_over"": 1.15, ""plate_t_bot"": 0.2, ""plate_t_top"": 0.2, ""seed"": 102, ""tilt_deg"": 6.0, ""tilt_jitter"": 0.0, ""topology"": ""shingle""}"
BL_FLAT_t200_p0750_a06_rand_s102,flat,0.2,7.5,6.0,random,102,d100,-20.0,0.0013482685899361968,0.04999997094273567,"{""azimuth_jitter"": 180.0, ""azimuth_mode"": ""random"", ""backing"": 2.0, ""depth"": 50.0, ""face_h"": 60.0, ""face_w"": 60.0, ""jitter"": 0.3, ""margin_depths"": 2.0, ""pitch"": 7.5, ""plate_over"": 1.15, ""plate_t_bot"": 0.2, ""plate_t_top"": 0.2, ""seed"": 102, ""tilt_deg"": 6.0, ""tilt_jitter"": 0.0, ""topology"": ""shingle""}"
BL_FLAT_t200_p0750_a06_rand_s102,flat,0.2,7.5,6.0,random,102,d100,-40.0,0.002240577479824424,0.04999997094273567,"{""azimuth_jitter"": 180.0, ""azimuth_mode"": ""random"", ""backing"": 2.0, ""depth"": 50.0, ""face_h"": 60.0, ""face_w"": 60.0, ""jitter"": 0.3, ""margin_depths"": 2.0, ""pitch"": 7.5, ""plate_over"": 1.15, ""plate_t_bot"": 0.2, ""plate_t_top"": 0.2, ""seed"": 102, ""tilt_deg"": 6.0, ""tilt_jitter"": 0.0, ""topology"": ""shingle""}"
BL_FLAT_t200_p0750_a06_rand_s102,flat,0.2,7.5,6.0,random,102,d100,20.0,0.0016035138396546245,0.04999997094273567,"{""azimuth_jitter"": 180.0, ""azimuth_mode"": ""random"", ""backing"": 2.0, ""depth"": 50.0, ""face_h"": 60.0, ""face_w"": 60.0, ""jitter"": 0.3, ""margin_depths"": 2.0, ""pitch"": 7.5, ""plate_over"": 1.15, ""plate_t_bot"": 0.2, ""plate_t_top"": 0.2, ""seed"": 102, ""tilt_deg"": 6.0, ""tilt_jitter"": 0.0, ""topology"": ""shingle""}"
BL_FLAT_t200_p0750_a06_rand_s102,flat,0.2,7.5,6.0,random,102,d100,40.0,0.002520057139918208,0.04999997094273567,"{""azimuth_jitter"": 180.0, ""azimuth_mode"": ""random"", ""backing"": 2.0, ""depth"": 50.0, ""face_h"": 60.0, ""face_w"": 60.0, ""jitter"": 0.3, ""margin_depths"": 2.0, ""pitch"": 7.5, ""plate_over"": 1.15, ""plate_t_bot"": 0.2, ""plate_t_top"": 0.2, ""seed"": 102, ""tilt_deg"": 6.0, ""tilt_jitter"": 0.0, ""topology"": ""shingle""}"
BL_FLAT_t200_p0750_a06_grid_s102,flat,0.2,7.5,6.0,grid,102,d00,0.0,0.0016175252385437489,0.04999997094273567,"{""azimuth_jitter"": 180.0, ""azimuth_mode"": ""grid"", ""backing"": 2.0, ""depth"": 50.0, ""face_h"": 60.0, ""face_w"": 60.0, ""jitter"": 0.3, ""margin_depths"": 2.0, ""pitch"": 7.5, ""plate_over"": 1.15, ""plate_t_bot"": 0.2, ""plate_t_top"": 0.2, ""seed"": 102, ""tilt_deg"": 6.0, ""tilt_jitter"": 0.0, ""topology"": ""shingle""}"
BL_FLAT_t200_p0750_a06_grid_s102,flat,0.2,7.5,6.0,grid,102,d00,-20.0,0.0008446684223599732,0.04999997094273567,"{""azimuth_jitter"": 180.0, ""azimuth_mode"": ""grid"", ""backing"": 2.0, ""depth"": 50.0, ""face_h"": 60.0, ""face_w"": 60.0, ""jitter"": 0.3, ""margin_depths"": 2.0, ""pitch"": 7.5, ""plate_over"": 1.15, ""plate_t_bot"": 0.2, ""plate_t_top"": 0.2, ""seed"": 102, ""tilt_deg"": 6.0, ""tilt_jitter"": 0.0, ""topology"": ""shingle""}"
BL_FLAT_t200_p0750_a06_grid_s102,flat,0.2,7.5,6.0,grid,102,d00,-40.0,0.0007830183603800833,0.04999997094273567,"{""azimuth_jitter"": 180.0, ""azimuth_mode"": ""grid"", ""backing"": 2.0, ""depth"": 50.0, ""face_h"": 60.0, ""face_w"": 60.0, ""jitter"": 0.3, ""margin_depths"": 2.0, ""pitch"": 7.5, ""plate_over"": 1.15, ""plate_t_bot"": 0.2, ""plate_t_top"": 0.2, ""seed"": 102, ""tilt_deg"": 6.0, ""tilt_jitter"": 0.0, ""topology"": ""shingle""}"
BL_FLAT_t200_p0750_a06_grid_s102,flat,0.2,7.5,6.0,grid,102,d00,20.0,0.0007152393227443099,0.04999997094273567,"{""azimuth_jitter"": 180.0, ""azimuth_mode"": ""grid"", ""backing"": 2.0, ""depth"": 50.0, ""face_h"": 60.0, ""face_w"": 60.0, ""jitter"": 0.3, ""margin_depths"": 2.0, ""pitch"": 7.5, ""plate_over"": 1.15, ""plate_t_bot"": 0.2, ""plate_t_top"": 0.2, ""seed"": 102, ""tilt_deg"": 6.0, ""tilt_jitter"": 0.0, ""topology"": ""shingle""}"
BL_FLAT_t200_p0750_a06_grid_s102,flat,0.2,7.5,6.0,grid,102,d00,40.0,0.000709575426299125,0.04999997094273567,"{""azimuth_jitter"": 180.0, ""azimuth_mode"": ""grid"", ""backing"": 2.0, ""depth"": 50.0, ""face_h"": 60.0, ""face_w"": 60.0, ""jitter"": 0.3, ""margin_depths"": 2.0, ""pitch"": 7.5, ""plate_over"": 1.15, ""plate_t_bot"": 0.2, ""plate_t_top"": 0.2, ""seed"": 102, ""tilt_deg"": 6.0, ""tilt_jitter"": 0.0, ""topology"": ""shingle""}"
BL_FLAT_t200_p0750_a06_grid_s102,flat,0.2,7.5,6.0,grid,102,d76,0.0,0.0010617050575092435,0.04999997094273567,"{""azimuth_jitter"": 180.0, ""azimuth_mode"": ""grid"", ""backing"": 2.0, ""depth"": 50.0, ""face_h"": 60.0, ""face_w"": 60.0, ""jitter"": 0.3, ""margin_depths"": 2.0, ""pitch"": 7.5, ""plate_over"": 1.15, ""plate_t_bot"": 0.2, ""plate_t_top"": 0.2, ""seed"": 102, ""tilt_deg"": 6.0, ""tilt_jitter"": 0.0, ""topology"": ""shingle""}"
BL_FLAT_t200_p0750_a06_grid_s102,flat,0.2,7.5,6.0,grid,102,d76,-20.0,0.0010113498428836465,0.04999997094273567,"{""azimuth_jitter"": 180.0, ""azimuth_mode"": ""grid"", ""backing"": 2.0, ""depth"": 50.0, ""face_h"": 60.0, ""face_w"": 60.0, ""jitter"": 0.3, ""margin_depths"": 2.0, ""pitch"": 7.5, ""plate_over"": 1.15, ""plate_t_bot"": 0.2, ""plate_t_top"": 0.2, ""seed"": 102, ""tilt_deg"": 6.0, ""tilt_jitter"": 0.0, ""topology"": ""shingle""}"
BL_FLAT_t200_p0750_a06_grid_s102,flat,0.2,7.5,6.0,grid,102,d76,-40.0,0.0014043627306818962,0.04999997094273567,"{""azimuth_jitter"": 180.0, ""azimuth_mode"": ""grid"", ""backing"": 2.0, ""depth"": 50.0, ""face_h"": 60.0, ""face_w"": 60.0, ""jitter"": 0.3, ""margin_depths"": 2.0, ""pitch"": 7.5, ""plate_over"": 1.15, ""plate_t_bot"": 0.2, ""plate_t_top"": 0.2, ""seed"": 102, ""tilt_deg"": 6.0, ""tilt_jitter"": 0.0, ""topology"": ""shingle""}"
BL_FLAT_t200_p0750_a06_grid_s102,flat,0.2,7.5,6.0,grid,102,d76,20.0,0.001360843307338655,0.04999997094273567,"{""azimuth_jitter"": 180.0, ""azimuth_mode"": ""grid"", ""backing"": 2.0, ""depth"": 50.0, ""face_h"": 60.0, ""face_w"": 60.0, ""jitter"": 0.3, ""margin_depths"": 2.0, ""pitch"": 7.5, ""plate_over"": 1.15, ""plate_t_bot"": 0.2, ""plate_t_top"": 0.2, ""seed"": 102, ""tilt_deg"": 6.0, ""tilt_jitter"": 0.0, ""topology"": ""shingle""}"
BL_FLAT_t200_p0750_a06_grid_s102,flat,0.2,7.5,6.0,grid,102,d76,40.0,0.0019185558194294572,0.04999997094273567,"{""azimuth_jitter"": 180.0, ""azimuth_mode"": ""grid"", ""backing"": 2.0, ""depth"": 50.0, ""face_h"": 60.0, ""face_w"": 60.0, ""jitter"": 0.3, ""margin_depths"": 2.0, ""pitch"": 7.5, ""plate_over"": 1.15, ""plate_t_bot"": 0.2, ""plate_t_top"": 0.2, ""seed"": 102, ""tilt_deg"": 6.0, ""tilt_jitter"": 0.0, ""topology"": ""shingle""}"
BL_FLAT_t200_p0750_a06_grid_s102,flat,0.2,7.5,6.0,grid,102,d100,0.0,0.0009414363303221762,0.04999997094273567,"{""azimuth_jitter"": 180.0, ""azimuth_mode"": ""grid"", ""backing"": 2.0, ""depth"": 50.0, ""face_h"": 60.0, ""face_w"": 60.0, ""jitter"": 0.3, ""margin_depths"": 2.0, ""pitch"": 7.5, ""plate_over"": 1.15, ""plate_t_bot"": 0.2, ""plate_t_top"": 0.2, ""seed"": 102, ""tilt_deg"": 6.0, ""tilt_jitter"": 0.0, ""topology"": ""shingle""}"
BL_FLAT_t200_p0750_a06_grid_s102,flat,0.2,7.5,6.0,grid,102,d100,-20.0,0.00109660136513412,0.04999997094273567,"{""azimuth_jitter"": 180.0, ""azimuth_mode"": ""grid"", ""backing"": 2.0, ""depth"": 50.0, ""face_h"": 60.0, ""face_w"": 60.0, ""jitter"": 0.3, ""margin_depths"": 2.0, ""pitch"": 7.5, ""plate_over"": 1.15, ""plate_t_bot"": 0.2, ""plate_t_top"": 0.2, ""seed"": 102, ""tilt_deg"": 6.0, ""tilt_jitter"": 0.0, ""topology"": ""shingle""}"
BL_FLAT_t200_p0750_a06_grid_s102,flat,0.2,7.5,6.0,grid,102,d100,-40.0,0.0016249119071289897,0.04999997094273567,"{""azimuth_jitter"": 180.0, ""azimuth_mode"": ""grid"", ""backing"": 2.0, ""depth"": 50.0, ""face_h"": 60.0, ""face_w"": 60.0, ""jitter"": 0.3, ""margin_depths"": 2.0, ""pitch"": 7.5, ""plate_over"": 1.15, ""plate_t_bot"": 0.2, ""plate_t_top"": 0.2, ""seed"": 102, ""tilt_deg"": 6.0, ""tilt_jitter"": 0.0, ""topology"": ""shingle""}"
BL_FLAT_t200_p0750_a06_grid_s102,flat,0.2,7.5,6.0,grid,102,d100,20.0,0.0015850614290684462,0.04999997094273567,"{""azimuth_jitter"": 180.0, ""azimuth_mode"": ""grid"", ""backing"": 2.0, ""depth"": 50.0, ""face_h"": 60.0, ""face_w"": 60.0, ""jitter"": 0.3, ""margin_depths"": 2.0, ""pitch"": 7.5, ""plate_over"": 1.15, ""plate_t_bot"": 0.2, ""plate_t_top"": 0.2, ""seed"": 102, ""tilt_deg"": 6.0, ""tilt_jitter"": 0.0, ""topology"": ""shingle""}"
BL_FLAT_t200_p0750_a06_grid_s102,flat,0.2,7.5,6.0,grid,102,d100,40.0,0.002316009718924761,0.04999997094273567,"{""azimuth_jitter"": 180.0, ""azimuth_mode"": ""grid"", ""backing"": 2.0, ""depth"": 50.0, ""face_h"": 60.0, ""face_w"": 60.0, ""jitter"": 0.3, ""margin_depths"": 2.0, ""pitch"": 7.5, ""plate_over"": 1.15, ""plate_t_bot"": 0.2, ""plate_t_top"": 0.2, ""seed"": 102, ""tilt_deg"": 6.0, ""tilt_jitter"": 0.0, ""topology"": ""shingle""}"
BL_WEDG_t100_p0550_a02_rand_s102,wedge,0.1,5.5,2.0,random,102,d00,0.0,0.0019403351470828056,0.04999997094273567,"{""azimuth_jitter"": 180.0, ""azimuth_mode"": ""random"", ""backing"": 2.0, ""depth"": 50.0, ""face_h"": 60.0, ""face_w"": 60.0, ""jitter"": 0.3, ""margin_depths"": 2.0, ""pitch"": 5.5, ""plate_over"": 1.15, ""plate_t_bot"": 0.9, ""plate_t_top"": 0.1, ""seed"": 102, ""tilt_deg"": 2.0, ""tilt_jitter"": 0.0, ""topology"": ""shingle""}"
BL_WEDG_t100_p0550_a02_rand_s102,wedge,0.1,5.5,2.0,random,102,d00,-20.0,0.0004967180429957807,0.04999997094273567,"{""azimuth_jitter"": 180.0, ""azimuth_mode"": ""random"", ""backing"": 2.0, ""depth"": 50.0, ""face_h"": 60.0, ""face_w"": 60.0, ""jitter"": 0.3, ""margin_depths"": 2.0, ""pitch"": 5.5, ""plate_over"": 1.15, ""plate_t_bot"": 0.9, ""plate_t_top"": 0.1, ""seed"": 102, ""tilt_deg"": 2.0, ""tilt_jitter"": 0.0, ""topology"": ""shingle""}"
BL_WEDG_t100_p0550_a02_rand_s102,wedge,0.1,5.5,2.0,random,102,d00,-40.0,0.00044798231101594865,0.04999997094273567,"{""azimuth_jitter"": 180.0, ""azimuth_mode"": ""random"", ""backing"": 2.0, ""depth"": 50.0, ""face_h"": 60.0, ""face_w"": 60.0, ""jitter"": 0.3, ""margin_depths"": 2.0, ""pitch"": 5.5, ""plate_over"": 1.15, ""plate_t_bot"": 0.9, ""plate_t_top"": 0.1, ""seed"": 102, ""tilt_deg"": 2.0, ""tilt_jitter"": 0.0, ""topology"": ""shingle""}"
BL_WEDG_t100_p0550_a02_rand_s102,wedge,0.1,5.5,2.0,random,102,d00,20.0,0.00048137293197214603,0.04999997094273567,"{""azimuth_jitter"": 180.0, ""azimuth_mode"": ""random"", ""backing"": 2.0, ""depth"": 50.0, ""face_h"": 60.0, ""face_w"": 60.0, ""jitter"": 0.3, ""margin_depths"": 2.0, ""pitch"": 5.5, ""plate_over"": 1.15, ""plate_t_bot"": 0.9, ""plate_t_top"": 0.1, ""seed"": 102, ""tilt_deg"": 2.0, ""tilt_jitter"": 0.0, ""topology"": ""shingle""}"
BL_WEDG_t100_p0550_a02_rand_s102,wedge,0.1,5.5,2.0,random,102,d00,40.0,0.00045460666297003627,0.04999997094273567,"{""azimuth_jitter"": 180.0, ""azimuth_mode"": ""random"", ""backing"": 2.0, ""depth"": 50.0, ""face_h"": 60.0, ""face_w"": 60.0, ""jitter"": 0.3, ""margin_depths"": 2.0, ""pitch"": 5.5, ""plate_over"": 1.15, ""plate_t_bot"": 0.9, ""plate_t_top"": 0.1, ""seed"": 102, ""tilt_deg"": 2.0, ""tilt_jitter"": 0.0, ""topology"": ""shingle""}"
BL_WEDG_t100_p0550_a02_rand_s102,wedge,0.1,5.5,2.0,random,102,d76,0.0,0.0008030332392081618,0.04999997094273567,"{""azimuth_jitter"": 180.0, ""azimuth_mode"": ""random"", ""backing"": 2.0, ""depth"": 50.0, ""face_h"": 60.0, ""face_w"": 60.0, ""jitter"": 0.3, ""margin_depths"": 2.0, ""pitch"": 5.5, ""plate_over"": 1.15, ""plate_t_bot"": 0.9, ""plate_t_top"": 0.1, ""seed"": 102, ""tilt_deg"": 2.0, ""tilt_jitter"": 0.0, ""topology"": ""shingle""}"
BL_WEDG_t100_p0550_a02_rand_s102,wedge,0.1,5.5,2.0,random,102,d76,-20.0,0.0010864768410101533,0.04999997094273567,"{""azimuth_jitter"": 180.0, ""azimuth_mode"": ""random"", ""backing"": 2.0, ""depth"": 50.0, ""face_h"": 60.0, ""face_w"": 60.0, ""jitter"": 0.3, ""margin_depths"": 2.0, ""pitch"": 5.5, ""plate_over"": 1.15, ""plate_t_bot"": 0.9, ""plate_t_top"": 0.1, ""seed"": 102, ""tilt_deg"": 2.0, ""tilt_jitter"": 0.0, ""topology"": ""shingle""}"
BL_WEDG_t100_p0550_a02_rand_s102,wedge,0.1,5.5,2.0,random,102,d76,-40.0,0.0017484009731560946,0.04999997094273567,"{""azimuth_jitter"": 180.0, ""azimuth_mode"": ""random"", ""backing"": 2.0, ""depth"": 50.0, ""face_h"": 60.0, ""face_w"": 60.0, ""jitter"": 0.3, ""margin_depths"": 2.0, ""pitch"": 5.5, ""plate_over"": 1.15, ""plate_t_bot"": 0.9, ""plate_t_top"": 0.1, ""seed"": 102, ""tilt_deg"": 2.0, ""tilt_jitter"": 0.0, ""topology"": ""shingle""}"
BL_WEDG_t100_p0550_a02_rand_s102,wedge,0.1,5.5,2.0,random,102,d76,20.0,0.0009997498709708452,0.04999997094273567,"{""azimuth_jitter"": 180.0, ""azimuth_mode"": ""random"", ""backing"": 2.0, ""depth"": 50.0, ""face_h"": 60.0, ""face_w"": 60.0, ""jitter"": 0.3, ""margin_depths"": 2.0, ""pitch"": 5.5, ""plate_over"": 1.15, ""plate_t_bot"": 0.9, ""plate_t_top"": 0.1, ""seed"": 102, ""tilt_deg"": 2.0, ""tilt_jitter"": 0.0, ""topology"": ""shingle""}"
BL_WEDG_t100_p0550_a02_rand_s102,wedge,0.1,5.5,2.0,random,102,d76,40.0,0.0016062086215242743,0.04999997094273567,"{""azimuth_jitter"": 180.0, ""azimuth_mode"": ""random"", ""backing"": 2.0, ""depth"": 50.0, ""face_h"": 60.0, ""face_w"": 60.0, ""jitter"": 0.3, ""margin_depths"": 2.0, ""pitch"": 5.5, ""plate_over"": 1.15, ""plate_t_bot"": 0.9, ""plate_t_top"": 0.1, ""seed"": 102, ""tilt_deg"": 2.0, ""tilt_jitter"": 0.0, ""topology"": ""shingle""}"
BL_WEDG_t100_p0550_a02_rand_s102,wedge,0.1,5.5,2.0,random,102,d100,0.0,0.0005024295533075929,0.04999997094273567,"{""azimuth_jitter"": 180.0, ""azimuth_mode"": ""random"", ""backing"": 2.0, ""depth"": 50.0, ""face_h"": 60.0, ""face_w"": 60.0, ""jitter"": 0.3, ""margin_depths"": 2.0, ""pitch"": 5.5, ""plate_over"": 1.15, ""plate_t_bot"": 0.9, ""plate_t_top"": 0.1, ""seed"": 102, ""tilt_deg"": 2.0, ""tilt_jitter"": 0.0, ""topology"": ""shingle""}"
BL_WEDG_t100_p0550_a02_rand_s102,wedge,0.1,5.5,2.0,random,102,d100,-20.0,0.001280584721826017,0.04999997094273567,"{""azimuth_jitter"": 180.0, ""azimuth_mode"": ""random"", ""backing"": 2.0, ""depth"": 50.0, ""face_h"": 60.0, ""face_w"": 60.0, ""jitter"": 0.3, ""margin_depths"": 2.0, ""pitch"": 5.5, ""plate_over"": 1.15, ""plate_t_bot"": 0.9, ""plate_t_top"": 0.1, ""seed"": 102, ""tilt_deg"": 2.0, ""tilt_jitter"": 0.0, ""topology"": ""shingle""}"
BL_WEDG_t100_p0550_a02_rand_s102,wedge,0.1,5.5,2.0,random,102,d100,-40.0,0.0021751956082880497,0.04999997094273567,"{""azimuth_jitter"": 180.0, ""azimuth_mode"": ""random"", ""backing"": 2.0, ""depth"": 50.0, ""face_h"": 60.0, ""face_w"": 60.0, ""jitter"": 0.3, ""margin_depths"": 2.0, ""pitch"": 5.5, ""plate_over"": 1.15, ""plate_t_bot"": 0.9, ""plate_t_top"": 0.1, ""seed"": 102, ""tilt_deg"": 2.0, ""tilt_jitter"": 0.0, ""topology"": ""shingle""}"
BL_WEDG_t100_p0550_a02_rand_s102,wedge,0.1,5.5,2.0,random,102,d100,20.0,0.0011866657296195626,0.04999997094273567,"{""azimuth_jitter"": 180.0, ""azimuth_mode"": ""random"", ""backing"": 2.0, ""depth"": 50.0, ""face_h"": 60.0, ""face_w"": 60.0, ""jitter"": 0.3, ""margin_depths"": 2.0, ""pitch"": 5.5, ""plate_over"": 1.15, ""plate_t_bot"": 0.9, ""plate_t_top"": 0.1, ""seed"": 102, ""tilt_deg"": 2.0, ""tilt_jitter"": 0.0, ""topology"": ""shingle""}"
BL_WEDG_t100_p0550_a02_rand_s102,wedge,0.1,5.5,2.0,random,102,d100,40.0,0.001989374402910471,0.04999997094273567,"{""azimuth_jitter"": 180.0, ""azimuth_mode"": ""random"", ""backing"": 2.0, ""depth"": 50.0, ""face_h"": 60.0, ""face_w"": 60.0, ""jitter"": 0.3, ""margin_depths"": 2.0, ""pitch"": 5.5, ""plate_over"": 1.15, ""plate_t_bot"": 0.9, ""plate_t_top"": 0.1, ""seed"": 102, ""tilt_deg"": 2.0, ""tilt_jitter"": 0.0, ""topology"": ""shingle""}"
BL_WEDG_t100_p0550_a06_rand_s102,wedge,0.1,5.5,6.0,random,102,d00,0.0,0.0010713738156482577,0.04999997094273567,"{""azimuth_jitter"": 180.0, ""azimuth_mode"": ""random"", ""backing"": 2.0, ""depth"": 50.0, ""face_h"": 60.0, ""face_w"": 60.0, ""jitter"": 0.3, ""margin_depths"": 2.0, ""pitch"": 5.5, ""plate_over"": 1.15, ""plate_t_bot"": 0.9, ""plate_t_top"": 0.1, ""seed"": 102, ""tilt_deg"": 6.0, ""tilt_jitter"": 0.0, ""topology"": ""shingle""}"
BL_WEDG_t100_p0550_a06_rand_s102,wedge,0.1,5.5,6.0,random,102,d00,-20.0,0.0004776965652126819,0.04999997094273567,"{""azimuth_jitter"": 180.0, ""azimuth_mode"": ""random"", ""backing"": 2.0, ""depth"": 50.0, ""face_h"": 60.0, ""face_w"": 60.0, ""jitter"": 0.3, ""margin_depths"": 2.0, ""pitch"": 5.5, ""plate_over"": 1.15, ""plate_t_bot"": 0.9, ""plate_t_top"": 0.1, ""seed"": 102, ""tilt_deg"": 6.0, ""tilt_jitter"": 0.0, ""topology"": ""shingle""}"
BL_WEDG_t100_p0550_a06_rand_s102,wedge,0.1,5.5,6.0,random,102,d00,-40.0,0.0004430313711054623,0.04999997094273567,"{""azimuth_jitter"": 180.0, ""azimuth_mode"": ""random"", ""backing"": 2.0, ""depth"": 50.0, ""face_h"": 60.0, ""face_w"": 60.0, ""jitter"": 0.3, ""margin_depths"": 2.0, ""pitch"": 5.5, ""plate_over"": 1.15, ""plate_t_bot"": 0.9, ""plate_t_top"": 0.1, ""seed"": 102, ""tilt_deg"": 6.0, ""tilt_jitter"": 0.0, ""topology"": ""shingle""}"
BL_WEDG_t100_p0550_a06_rand_s102,wedge,0.1,5.5,6.0,random,102,d00,20.0,0.0005048250313848257,0.04999997094273567,"{""azimuth_jitter"": 180.0, ""azimuth_mode"": ""random"", ""backing"": 2.0, ""depth"": 50.0, ""face_h"": 60.0, ""face_w"": 60.0, ""jitter"": 0.3, ""margin_depths"": 2.0, ""pitch"": 5.5, ""plate_over"": 1.15, ""plate_t_bot"": 0.9, ""plate_t_top"": 0.1, ""seed"": 102, ""tilt_deg"": 6.0, ""tilt_jitter"": 0.0, ""topology"": ""shingle""}"
BL_WEDG_t100_p0550_a06_rand_s102,wedge,0.1,5.5,6.0,random,102,d00,40.0,0.0004513196472544223,0.04999997094273567,"{""azimuth_jitter"": 180.0, ""azimuth_mode"": ""random"", ""backing"": 2.0, ""depth"": 50.0, ""face_h"": 60.0, ""face_w"": 60.0, ""jitter"": 0.3, ""margin_depths"": 2.0, ""pitch"": 5.5, ""plate_over"": 1.15, ""plate_t_bot"": 0.9, ""plate_t_top"": 0.1, ""seed"": 102, ""tilt_deg"": 6.0, ""tilt_jitter"": 0.0, ""topology"": ""shingle""}"
BL_WEDG_t100_p0550_a06_rand_s102,wedge,0.1,5.5,6.0,random,102,d76,0.0,0.000845607602968812,0.04999997094273567,"{""azimuth_jitter"": 180.0, ""azimuth_mode"": ""random"", ""backing"": 2.0, ""depth"": 50.0, ""face_h"": 60.0, ""face_w"": 60.0, ""jitter"": 0.3, ""margin_depths"": 2.0, ""pitch"": 5.5, ""plate_over"": 1.15, ""plate_t_bot"": 0.9, ""plate_t_top"": 0.1, ""seed"": 102, ""tilt_deg"": 6.0, ""tilt_jitter"": 0.0, ""topology"": ""shingle""}"
BL_WEDG_t100_p0550_a06_rand_s102,wedge,0.1,5.5,6.0,random,102,d76,-20.0,0.001125885872170329,0.04999997094273567,"{""azimuth_jitter"": 180.0, ""azimuth_mode"": ""random"", ""backing"": 2.0, ""depth"": 50.0, ""face_h"": 60.0, ""face_w"": 60.0, ""jitter"": 0.3, ""margin_depths"": 2.0, ""pitch"": 5.5, ""plate_over"": 1.15, ""plate_t_bot"": 0.9, ""plate_t_top"": 0.1, ""seed"": 102, ""tilt_deg"": 6.0, ""tilt_jitter"": 0.0, ""topology"": ""shingle""}"
BL_WEDG_t100_p0550_a06_rand_s102,wedge,0.1,5.5,6.0,random,102,d76,-40.0,0.0017751067643985152,0.04999997094273567,"{""azimuth_jitter"": 180.0, ""azimuth_mode"": ""random"", ""backing"": 2.0, ""depth"": 50.0, ""face_h"": 60.0, ""face_w"": 60.0, ""jitter"": 0.3, ""margin_depths"": 2.0, ""pitch"": 5.5, ""plate_over"": 1.15, ""plate_t_bot"": 0.9, ""plate_t_top"": 0.1, ""seed"": 102, ""tilt_deg"": 6.0, ""tilt_jitter"": 0.0, ""topology"": ""shingle""}"
BL_WEDG_t100_p0550_a06_rand_s102,wedge,0.1,5.5,6.0,random,102,d76,20.0,0.0010447889799252152,0.04999997094273567,"{""azimuth_jitter"": 180.0, ""azimuth_mode"": ""random"", ""backing"": 2.0, ""depth"": 50.0, ""face_h"": 60.0, ""face_w"": 60.0, ""jitter"": 0.3, ""margin_depths"": 2.0, ""pitch"": 5.5, ""plate_over"": 1.15, ""plate_t_bot"": 0.9, ""plate_t_top"": 0.1, ""seed"": 102, ""tilt_deg"": 6.0, ""tilt_jitter"": 0.0, ""topology"": ""shingle""}"
BL_WEDG_t100_p0550_a06_rand_s102,wedge,0.1,5.5,6.0,random,102,d76,40.0,0.001603906275704503,0.04999997094273567,"{""azimuth_jitter"": 180.0, ""azimuth_mode"": ""random"", ""backing"": 2.0, ""depth"": 50.0, ""face_h"": 60.0, ""face_w"": 60.0, ""jitter"": 0.3, ""margin_depths"": 2.0, ""pitch"": 5.5, ""plate_over"": 1.15, ""plate_t_bot"": 0.9, ""plate_t_top"": 0.1, ""seed"": 102, ""tilt_deg"": 6.0, ""tilt_jitter"": 0.0, ""topology"": ""shingle""}"
BL_WEDG_t100_p0550_a06_rand_s102,wedge,0.1,5.5,6.0,random,102,d100,0.0,0.000806194671895355,0.04999997094273567,"{""azimuth_jitter"": 180.0, ""azimuth_mode"": ""random"", ""backing"": 2.0, ""depth"": 50.0, ""face_h"": 60.0, ""face_w"": 60.0, ""jitter"": 0.3, ""margin_depths"": 2.0, ""pitch"": 5.5, ""plate_over"": 1.15, ""plate_t_bot"": 0.9, ""plate_t_top"": 0.1, ""seed"": 102, ""tilt_deg"": 6.0, ""tilt_jitter"": 0.0, ""topology"": ""shingle""}"
BL_WEDG_t100_p0550_a06_rand_s102,wedge,0.1,5.5,6.0,random,102,d100,-20.0,0.0013408438535407186,0.04999997094273567,"{""azimuth_jitter"": 180.0, ""azimuth_mode"": ""random"", ""backing"": 2.0, ""depth"": 50.0, ""face_h"": 60.0, ""face_w"": 60.0, ""jitter"": 0.3, ""margin_depths"": 2.0, ""pitch"": 5.5, ""plate_over"": 1.15, ""plate_t_bot"": 0.9, ""plate_t_top"": 0.1, ""seed"": 102, ""tilt_deg"": 6.0, ""tilt_jitter"": 0.0, ""topology"": ""shingle""}"
BL_WEDG_t100_p0550_a06_rand_s102,wedge,0.1,5.5,6.0,random,102,d100,-40.0,0.0022051071282476187,0.04999997094273567,"{""azimuth_jitter"": 180.0, ""azimuth_mode"": ""random"", ""backing"": 2.0, ""depth"": 50.0, ""face_h"": 60.0, ""face_w"": 60.0, ""jitter"": 0.3, ""margin_depths"": 2.0, ""pitch"": 5.5, ""plate_over"": 1.15, ""plate_t_bot"": 0.9, ""plate_t_top"": 0.1, ""seed"": 102, ""tilt_deg"": 6.0, ""tilt_jitter"": 0.0, ""topology"": ""shingle""}"
BL_WEDG_t100_p0550_a06_rand_s102,wedge,0.1,5.5,6.0,random,102,d100,20.0,0.001232243375852704,0.04999997094273567,"{""azimuth_jitter"": 180.0, ""azimuth_mode"": ""random"", ""backing"": 2.0, ""depth"": 50.0, ""face_h"": 60.0, ""face_w"": 60.0, ""jitter"": 0.3, ""margin_depths"": 2.0, ""pitch"": 5.5, ""plate_over"": 1.15, ""plate_t_bot"": 0.9, ""plate_t_top"": 0.1, ""seed"": 102, ""tilt_deg"": 6.0, ""tilt_jitter"": 0.0, ""topology"": ""shingle""}"
BL_WEDG_t100_p0550_a06_rand_s102,wedge,0.1,5.5,6.0,random,102,d100,40.0,0.00197816314175725,0.04999997094273567,"{""azimuth_jitter"": 180.0, ""azimuth_mode"": ""random"", ""backing"": 2.0, ""depth"": 50.0, ""face_h"": 60.0, ""face_w"": 60.0, ""jitter"": 0.3, ""margin_depths"": 2.0, ""pitch"": 5.5, ""plate_over"": 1.15, ""plate_t_bot"": 0.9, ""plate_t_top"": 0.1, ""seed"": 102, ""tilt_deg"": 6.0, ""tilt_jitter"": 0.0, ""topology"": ""shingle""}"
BL_WEDG_t100_p0750_a02_rand_s102,wedge,0.1,7.5,2.0,random,102,d00,0.0,0.002836755244061351,0.04999997094273567,"{""azimuth_jitter"": 180.0, ""azimuth_mode"": ""random"", ""backing"": 2.0, ""depth"": 50.0, ""face_h"": 60.0, ""face_w"": 60.0, ""jitter"": 0.3, ""margin_depths"": 2.0, ""pitch"": 7.5, ""plate_over"": 1.15, ""plate_t_bot"": 0.9, ""plate_t_top"": 0.1, ""seed"": 102, ""tilt_deg"": 2.0, ""tilt_jitter"": 0.0, ""topology"": ""shingle""}"
BL_WEDG_t100_p0750_a02_rand_s102,wedge,0.1,7.5,2.0,random,102,d00,-20.0,0.00042671896517276764,0.04999997094273567,"{""azimuth_jitter"": 180.0, ""azimuth_mode"": ""random"", ""backing"": 2.0, ""depth"": 50.0, ""face_h"": 60.0, ""face_w"": 60.0, ""jitter"": 0.3, ""margin_depths"": 2.0, ""pitch"": 7.5, ""plate_over"": 1.15, ""plate_t_bot"": 0.9, ""plate_t_top"": 0.1, ""seed"": 102, ""tilt_deg"": 2.0, ""tilt_jitter"": 0.0, ""topology"": ""shingle""}"
BL_WEDG_t100_p0750_a02_rand_s102,wedge,0.1,7.5,2.0,random,102,d00,-40.0,0.00033019165857695043,0.04999997094273567,"{""azimuth_jitter"": 180.0, ""azimuth_mode"": ""random"", ""backing"": 2.0, ""depth"": 50.0, ""face_h"": 60.0, ""face_w"": 60.0, ""jitter"": 0.3, ""margin_depths"": 2.0, ""pitch"": 7.5, ""plate_over"": 1.15, ""plate_t_bot"": 0.9, ""plate_t_top"": 0.1, ""seed"": 102, ""tilt_deg"": 2.0, ""tilt_jitter"": 0.0, ""topology"": ""shingle""}"
BL_WEDG_t100_p0750_a02_rand_s102,wedge,0.1,7.5,2.0,random,102,d00,20.0,0.0003928065416403115,0.04999997094273567,"{""azimuth_jitter"": 180.0, ""azimuth_mode"": ""random"", ""backing"": 2.0, ""depth"": 50.0, ""face_h"": 60.0, ""face_w"": 60.0, ""jitter"": 0.3, ""margin_depths"": 2.0, ""pitch"": 7.5, ""plate_over"": 1.15, ""plate_t_bot"": 0.9, ""plate_t_top"": 0.1, ""seed"": 102, ""tilt_deg"": 2.0, ""tilt_jitter"": 0.0, ""topology"": ""shingle""}"
BL_WEDG_t100_p0750_a02_rand_s102,wedge,0.1,7.5,2.0,random,102,d00,40.0,0.0003251276211813092,0.04999997094273567,"{""azimuth_jitter"": 180.0, ""azimuth_mode"": ""random"", ""backing"": 2.0, ""depth"": 50.0, ""face_h"": 60.0, ""face_w"": 60.0, ""jitter"": 0.3, ""margin_depths"": 2.0, ""pitch"": 7.5, ""plate_over"": 1.15, ""plate_t_bot"": 0.9, ""plate_t_top"": 0.1, ""seed"": 102, ""tilt_deg"": 2.0, ""tilt_jitter"": 0.0, ""topology"": ""shingle""}"
BL_WEDG_t100_p0750_a02_rand_s102,wedge,0.1,7.5,2.0,random,102,d76,0.0,0.0010328018106520176,0.04999997094273567,"{""azimuth_jitter"": 180.0, ""azimuth_mode"": ""random"", ""backing"": 2.0, ""depth"": 50.0, ""face_h"": 60.0, ""face_w"": 60.0, ""jitter"": 0.3, ""margin_depths"": 2.0, ""pitch"": 7.5, ""plate_over"": 1.15, ""plate_t_bot"": 0.9, ""plate_t_top"": 0.1, ""seed"": 102, ""tilt_deg"": 2.0, ""tilt_jitter"": 0.0, ""topology"": ""shingle""}"
BL_WEDG_t100_p0750_a02_rand_s102,wedge,0.1,7.5,2.0,random,102,d76,-20.0,0.0010310037760064006,0.04999997094273567,"{""azimuth_jitter"": 180.0, ""azimuth_mode"": ""random"", ""backing"": 2.0, ""depth"": 50.0, ""face_h"": 60.0, ""face_w"": 60.0, ""jitter"": 0.3, ""margin_depths"": 2.0, ""pitch"": 7.5, ""plate_over"": 1.15, ""plate_t_bot"": 0.9, ""plate_t_top"": 0.1, ""seed"": 102, ""tilt_deg"": 2.0, ""tilt_jitter"": 0.0, ""topology"": ""shingle""}"
BL_WEDG_t100_p0750_a02_rand_s102,wedge,0.1,7.5,2.0,random,102,d76,-40.0,0.0017117128008976579,0.04999997094273567,"{""azimuth_jitter"": 180.0, ""azimuth_mode"": ""random"", ""backing"": 2.0, ""depth"": 50.0, ""face_h"": 60.0, ""face_w"": 60.0, ""jitter"": 0.3, ""margin_depths"": 2.0, ""pitch"": 7.5, ""plate_over"": 1.15, ""plate_t_bot"": 0.9, ""plate_t_top"": 0.1, ""seed"": 102, ""tilt_deg"": 2.0, ""tilt_jitter"": 0.0, ""topology"": ""shingle""}"
BL_WEDG_t100_p0750_a02_rand_s102,wedge,0.1,7.5,2.0,random,102,d76,20.0,0.0010825874051079154,0.04999997094273567,"{""azimuth_jitter"": 180.0, ""azimuth_mode"": ""random"", ""backing"": 2.0, ""depth"": 50.0, ""face_h"": 60.0, ""face_w"": 60.0, ""jitter"": 0.3, ""margin_depths"": 2.0, ""pitch"": 7.5, ""plate_over"": 1.15, ""plate_t_bot"": 0.9, ""plate_t_top"": 0.1, ""seed"": 102, ""tilt_deg"": 2.0, ""tilt_jitter"": 0.0, ""topology"": ""shingle""}"
BL_WEDG_t100_p0750_a02_rand_s102,wedge,0.1,7.5,2.0,random,102,d76,40.0,0.00179329386446625,0.04999997094273567,"{""azimuth_jitter"": 180.0, ""azimuth_mode"": ""random"", ""backing"": 2.0, ""depth"": 50.0, ""face_h"": 60.0, ""face_w"": 60.0, ""jitter"": 0.3, ""margin_depths"": 2.0, ""pitch"": 7.5, ""plate_over"": 1.15, ""plate_t_bot"": 0.9, ""plate_t_top"": 0.1, ""seed"": 102, ""tilt_deg"": 2.0, ""tilt_jitter"": 0.0, ""topology"": ""shingle""}"
BL_WEDG_t100_p0750_a02_rand_s102,wedge,0.1,7.5,2.0,random,102,d100,0.0,0.0005272238049656153,0.04999997094273567,"{""azimuth_jitter"": 180.0, ""azimuth_mode"": ""random"", ""backing"": 2.0, ""depth"": 50.0, ""face_h"": 60.0, ""face_w"": 60.0, ""jitter"": 0.3, ""margin_depths"": 2.0, ""pitch"": 7.5, ""plate_over"": 1.15, ""plate_t_bot"": 0.9, ""plate_t_top"": 0.1, ""seed"": 102, ""tilt_deg"": 2.0, ""tilt_jitter"": 0.0, ""topology"": ""shingle""}"
BL_WEDG_t100_p0750_a02_rand_s102,wedge,0.1,7.5,2.0,random,102,d100,-20.0,0.0012384720612317324,0.04999997094273567,"{""azimuth_jitter"": 180.0, ""azimuth_mode"": ""random"", ""backing"": 2.0, ""depth"": 50.0, ""face_h"": 60.0, ""face_w"": 60.0, ""jitter"": 0.3, ""margin_depths"": 2.0, ""pitch"": 7.5, ""plate_over"": 1.15, ""plate_t_bot"": 0.9, ""plate_t_top"": 0.1, ""seed"": 102, ""tilt_deg"": 2.0, ""tilt_jitter"": 0.0, ""topology"": ""shingle""}"
BL_WEDG_t100_p0750_a02_rand_s102,wedge,0.1,7.5,2.0,random,102,d100,-40.0,0.002168118953704834,0.04999997094273567,"{""azimuth_jitter"": 180.0, ""azimuth_mode"": ""random"", ""backing"": 2.0, ""depth"": 50.0, ""face_h"": 60.0, ""face_w"": 60.0, ""jitter"": 0.3, ""margin_depths"": 2.0, ""pitch"": 7.5, ""plate_over"": 1.15, ""plate_t_bot"": 0.9, ""plate_t_top"": 0.1, ""seed"": 102, ""tilt_deg"": 2.0, ""tilt_jitter"": 0.0, ""topology"": ""shingle""}"
BL_WEDG_t100_p0750_a02_rand_s102,wedge,0.1,7.5,2.0,random,102,d100,20.0,0.001320684445090592,0.04999997094273567,"{""azimuth_jitter"": 180.0, ""azimuth_mode"": ""random"", ""backing"": 2.0, ""depth"": 50.0, ""face_h"": 60.0, ""face_w"": 60.0, ""jitter"": 0.3, ""margin_depths"": 2.0, ""pitch"": 7.5, ""plate_over"": 1.15, ""plate_t_bot"": 0.9, ""plate_t_top"": 0.1, ""seed"": 102, ""tilt_deg"": 2.0, ""tilt_jitter"": 0.0, ""topology"": ""shingle""}"
BL_WEDG_t100_p0750_a02_rand_s102,wedge,0.1,7.5,2.0,random,102,d100,40.0,0.0022663467098027468,0.04999997094273567,"{""azimuth_jitter"": 180.0, ""azimuth_mode"": ""random"", ""backing"": 2.0, ""depth"": 50.0, ""face_h"": 60.0, ""face_w"": 60.0, ""jitter"": 0.3, ""margin_depths"": 2.0, ""pitch"": 7.5, ""plate_over"": 1.15, ""plate_t_bot"": 0.9, ""plate_t_top"": 0.1, ""seed"": 102, ""tilt_deg"": 2.0, ""tilt_jitter"": 0.0, ""topology"": ""shingle""}"
BL_WEDG_t100_p0750_a06_rand_s102,wedge,0.1,7.5,6.0,random,102,d00,0.0,0.0014090458862483501,0.04999997094273567,"{""azimuth_jitter"": 180.0, ""azimuth_mode"": ""random"", ""backing"": 2.0, ""depth"": 50.0, ""face_h"": 60.0, ""face_w"": 60.0, ""jitter"": 0.3, ""margin_depths"": 2.0, ""pitch"": 7.5, ""plate_over"": 1.15, ""plate_t_bot"": 0.9, ""plate_t_top"": 0.1, ""seed"": 102, ""tilt_deg"": 6.0, ""tilt_jitter"": 0.0, ""topology"": ""shingle""}"
BL_WEDG_t100_p0750_a06_rand_s102,wedge,0.1,7.5,6.0,random,102,d00,-20.0,0.00043939516763202846,0.04999997094273567,"{""azimuth_jitter"": 180.0, ""azimuth_mode"": ""random"", ""backing"": 2.0, ""depth"": 50.0, ""face_h"": 60.0, ""face_w"": 60.0, ""jitter"": 0.3, ""margin_depths"": 2.0, ""pitch"": 7.5, ""plate_over"": 1.15, ""plate_t_bot"": 0.9, ""plate_t_top"": 0.1, ""seed"": 102, ""tilt_deg"": 6.0, ""tilt_jitter"": 0.0, ""topology"": ""shingle""}"
BL_WEDG_t100_p0750_a06_rand_s102,wedge,0.1,7.5,6.0,random,102,d00,-40.0,0.0003702935064211488,0.04999997094273567,"{""azimuth_jitter"": 180.0, ""azimuth_mode"": ""random"", ""backing"": 2.0, ""depth"": 50.0, ""face_h"": 60.0, ""face_w"": 60.0, ""jitter"": 0.3, ""margin_depths"": 2.0, ""pitch"": 7.5, ""plate_over"": 1.15, ""plate_t_bot"": 0.9, ""plate_t_top"": 0.1, ""seed"": 102, ""tilt_deg"": 6.0, ""tilt_jitter"": 0.0, ""topology"": ""shingle""}"
BL_WEDG_t100_p0750_a06_rand_s102,wedge,0.1,7.5,6.0,random,102,d00,20.0,0.00044609044562093914,0.04999997094273567,"{""azimuth_jitter"": 180.0, ""azimuth_mode"": ""random"", ""backing"": 2.0, ""depth"": 50.0, ""face_h"": 60.0, ""face_w"": 60.0, ""jitter"": 0.3, ""margin_depths"": 2.0, ""pitch"": 7.5, ""plate_over"": 1.15, ""plate_t_bot"": 0.9, ""plate_t_top"": 0.1, ""seed"": 102, ""tilt_deg"": 6.0, ""tilt_jitter"": 0.0, ""topology"": ""shingle""}"
BL_WEDG_t100_p0750_a06_rand_s102,wedge,0.1,7.5,6.0,random,102,d00,40.0,0.0003422782465349883,0.04999997094273567,"{""azimuth_jitter"": 180.0, ""azimuth_mode"": ""random"", ""backing"": 2.0, ""depth"": 50.0, ""face_h"": 60.0, ""face_w"": 60.0, ""jitter"": 0.3, ""margin_depths"": 2.0, ""pitch"": 7.5, ""plate_over"": 1.15, ""plate_t_bot"": 0.9, ""plate_t_top"": 0.1, ""seed"": 102, ""tilt_deg"": 6.0, ""tilt_jitter"": 0.0, ""topology"": ""shingle""}"
BL_WEDG_t100_p0750_a06_rand_s102,wedge,0.1,7.5,6.0,random,102,d76,0.0,0.0009052171371877193,0.04999997094273567,"{""azimuth_jitter"": 180.0, ""azimuth_mode"": ""random"", ""backing"": 2.0, ""depth"": 50.0, ""face_h"": 60.0, ""face_w"": 60.0, ""jitter"": 0.3, ""margin_depths"": 2.0, ""pitch"": 7.5, ""plate_over"": 1.15, ""plate_t_bot"": 0.9, ""plate_t_top"": 0.1, ""seed"": 102, ""tilt_deg"": 6.0, ""tilt_jitter"": 0.0, ""topology"": ""shingle""}"
BL_WEDG_t100_p0750_a06_rand_s102,wedge,0.1,7.5,6.0,random,102,d76,-20.0,0.0010328328935429454,0.04999997094273567,"{""azimuth_jitter"": 180.0, ""azimuth_mode"": ""random"", ""backing"": 2.0, ""depth"": 50.0, ""face_h"": 60.0, ""face_w"": 60.0, ""jitter"": 0.3, ""margin_depths"": 2.0, ""pitch"": 7.5, ""plate_over"": 1.15, ""plate_t_bot"": 0.9, ""plate_t_top"": 0.1, ""seed"": 102, ""tilt_deg"": 6.0, ""tilt_jitter"": 0.0, ""topology"": ""shingle""}"
BL_WEDG_t100_p0750_a06_rand_s102,wedge,0.1,7.5,6.0,random,102,d76,-40.0,0.0017094513168558478,0.04999997094273567,"{""azimuth_jitter"": 180.0, ""azimuth_mode"": ""random"", ""backing"": 2.0, ""depth"": 50.0, ""face_h"": 60.0, ""face_w"": 60.0, ""jitter"": 0.3, ""margin_depths"": 2.0, ""pitch"": 7.5, ""plate_over"": 1.15, ""plate_t_bot"": 0.9, ""plate_t_top"": 0.1, ""seed"": 102, ""tilt_deg"": 6.0, ""tilt_jitter"": 0.0, ""topology"": ""shingle""}"
BL_WEDG_t100_p0750_a06_rand_s102,wedge,0.1,7.5,6.0,random,102,d76,20.0,0.0012341695837676525,0.04999997094273567,"{""azimuth_jitter"": 180.0, ""azimuth_mode"": ""random"", ""backing"": 2.0, ""depth"": 50.0, ""face_h"": 60.0, ""face_w"": 60.0, ""jitter"": 0.3, ""margin_depths"": 2.0, ""pitch"": 7.5, ""plate_over"": 1.15, ""plate_t_bot"": 0.9, ""plate_t_top"": 0.1, ""seed"": 102, ""tilt_deg"": 6.0, ""tilt_jitter"": 0.0, ""topology"": ""shingle""}"
BL_WEDG_t100_p0750_a06_rand_s102,wedge,0.1,7.5,6.0,random,102,d76,40.0,0.0019220035756006837,0.04999997094273567,"{""azimuth_jitter"": 180.0, ""azimuth_mode"": ""random"", ""backing"": 2.0, ""depth"": 50.0, ""face_h"": 60.0, ""face_w"": 60.0, ""jitter"": 0.3, ""margin_depths"": 2.0, ""pitch"": 7.5, ""plate_over"": 1.15, ""plate_t_bot"": 0.9, ""plate_t_top"": 0.1, ""seed"": 102, ""tilt_deg"": 6.0, ""tilt_jitter"": 0.0, ""topology"": ""shingle""}"
BL_WEDG_t100_p0750_a06_rand_s102,wedge,0.1,7.5,6.0,random,102,d100,0.0,0.0007857589516788721,0.04999997094273567,"{""azimuth_jitter"": 180.0, ""azimuth_mode"": ""random"", ""backing"": 2.0, ""depth"": 50.0, ""face_h"": 60.0, ""face_w"": 60.0, ""jitter"": 0.3, ""margin_depths"": 2.0, ""pitch"": 7.5, ""plate_over"": 1.15, ""plate_t_bot"": 0.9, ""plate_t_top"": 0.1, ""seed"": 102, ""tilt_deg"": 6.0, ""tilt_jitter"": 0.0, ""topology"": ""shingle""}"
BL_WEDG_t100_p0750_a06_rand_s102,wedge,0.1,7.5,6.0,random,102,d100,-20.0,0.0012395347002893686,0.04999997094273567,"{""azimuth_jitter"": 180.0, ""azimuth_mode"": ""random"", ""backing"": 2.0, ""depth"": 50.0, ""face_h"": 60.0, ""face_w"": 60.0, ""jitter"": 0.3, ""margin_depths"": 2.0, ""pitch"": 7.5, ""plate_over"": 1.15, ""plate_t_bot"": 0.9, ""plate_t_top"": 0.1, ""seed"": 102, ""tilt_deg"": 6.0, ""tilt_jitter"": 0.0, ""topology"": ""shingle""}"
BL_WEDG_t100_p0750_a06_rand_s102,wedge,0.1,7.5,6.0,random,102,d100,-40.0,0.002145451959222555,0.04999997094273567,"{""azimuth_jitter"": 180.0, ""azimuth_mode"": ""random"", ""backing"": 2.0, ""depth"": 50.0, ""face_h"": 60.0, ""face_w"": 60.0, ""jitter"": 0.3, ""margin_depths"": 2.0, ""pitch"": 7.5, ""plate_over"": 1.15, ""plate_t_bot"": 0.9, ""plate_t_top"": 0.1, ""seed"": 102, ""tilt_deg"": 6.0, ""tilt_jitter"": 0.0, ""topology"": ""shingle""}"
BL_WEDG_t100_p0750_a06_rand_s102,wedge,0.1,7.5,6.0,random,102,d100,20.0,0.0015034866519272327,0.04999997094273567,"{""azimuth_jitter"": 180.0, ""azimuth_mode"": ""random"", ""backing"": 2.0, ""depth"": 50.0, ""face_h"": 60.0, ""face_w"": 60.0, ""jitter"": 0.3, ""margin_depths"": 2.0, ""pitch"": 7.5, ""plate_over"": 1.15, ""plate_t_bot"": 0.9, ""plate_t_top"": 0.1, ""seed"": 102, ""tilt_deg"": 6.0, ""tilt_jitter"": 0.0, ""topology"": ""shingle""}"
BL_WEDG_t100_p0750_a06_rand_s102,wedge,0.1,7.5,6.0,random,102,d100,40.0,0.0024344639386981726,0.04999997094273567,"{""azimuth_jitter"": 180.0, ""azimuth_mode"": ""random"", ""backing"": 2.0, ""depth"": 50.0, ""face_h"": 60.0, ""face_w"": 60.0, ""jitter"": 0.3, ""margin_depths"": 2.0, ""pitch"": 7.5, ""plate_over"": 1.15, ""plate_t_bot"": 0.9, ""plate_t_top"": 0.1, ""seed"": 102, ""tilt_deg"": 6.0, ""tilt_jitter"": 0.0, ""topology"": ""shingle""}"
BL_FLAT_t100_p0550_a02_para_s102,flat,0.1,5.5,2.0,parallel,102,d00,0.0,0.0024434812366962433,0.04999997094273567,"{""azimuth_jitter"": 180.0, ""azimuth_mode"": ""parallel"", ""backing"": 2.0, ""depth"": 50.0, ""face_h"": 60.0, ""face_w"": 60.0, ""jitter"": 0.3, ""margin_depths"": 2.0, ""pitch"": 5.5, ""plate_over"": 1.15, ""plate_t_bot"": 0.1, ""plate_t_top"": 0.1, ""seed"": 102, ""tilt_deg"": 2.0, ""tilt_jitter"": 0.0, ""topology"": ""shingle""}"
BL_FLAT_t100_p0550_a02_para_s102,flat,0.1,5.5,2.0,parallel,102,d00,-20.0,0.0004049892886541784,0.04999997094273567,"{""azimuth_jitter"": 180.0, ""azimuth_mode"": ""parallel"", ""backing"": 2.0, ""depth"": 50.0, ""face_h"": 60.0, ""face_w"": 60.0, ""jitter"": 0.3, ""margin_depths"": 2.0, ""pitch"": 5.5, ""plate_over"": 1.15, ""plate_t_bot"": 0.1, ""plate_t_top"": 0.1, ""seed"": 102, ""tilt_deg"": 2.0, ""tilt_jitter"": 0.0, ""topology"": ""shingle""}"
BL_FLAT_t100_p0550_a02_para_s102,flat,0.1,5.5,2.0,parallel,102,d00,-40.0,0.0003377351094968617,0.04999997094273567,"{""azimuth_jitter"": 180.0, ""azimuth_mode"": ""parallel"", ""backing"": 2.0, ""depth"": 50.0, ""face_h"": 60.0, ""face_w"": 60.0, ""jitter"": 0.3, ""margin_depths"": 2.0, ""pitch"": 5.5, ""plate_over"": 1.15, ""plate_t_bot"": 0.1, ""plate_t_top"": 0.1, ""seed"": 102, ""tilt_deg"": 2.0, ""tilt_jitter"": 0.0, ""topology"": ""shingle""}"
BL_FLAT_t100_p0550_a02_para_s102,flat,0.1,5.5,2.0,parallel,102,d00,20.0,0.0003680359513964504,0.04999997094273567,"{""azimuth_jitter"": 180.0, ""azimuth_mode"": ""parallel"", ""backing"": 2.0, ""depth"": 50.0, ""face_h"": 60.0, ""face_w"": 60.0, ""jitter"": 0.3, ""margin_depths"": 2.0, ""pitch"": 5.5, ""plate_over"": 1.15, ""plate_t_bot"": 0.1, ""plate_t_top"": 0.1, ""seed"": 102, ""tilt_deg"": 2.0, ""tilt_jitter"": 0.0, ""topology"": ""shingle""}"
BL_FLAT_t100_p0550_a02_para_s102,flat,0.1,5.5,2.0,parallel,102,d00,40.0,0.000348354660673067,0.04999997094273567,"{""azimuth_jitter"": 180.0, ""azimuth_mode"": ""parallel"", ""backing"": 2.0, ""depth"": 50.0, ""face_h"": 60.0, ""face_w"": 60.0, ""jitter"": 0.3, ""margin_depths"": 2.0, ""pitch"": 5.5, ""plate_over"": 1.15, ""plate_t_bot"": 0.1, ""plate_t_top"": 0.1, ""seed"": 102, ""tilt_deg"": 2.0, ""tilt_jitter"": 0.0, ""topology"": ""shingle""}"
BL_FLAT_t100_p0550_a02_para_s102,flat,0.1,5.5,2.0,parallel,102,d76,0.0,0.001116541214287281,0.04999997094273567,"{""azimuth_jitter"": 180.0, ""azimuth_mode"": ""parallel"", ""backing"": 2.0, ""depth"": 50.0, ""face_h"": 60.0, ""face_w"": 60.0, ""jitter"": 0.3, ""margin_depths"": 2.0, ""pitch"": 5.5, ""plate_over"": 1.15, ""plate_t_bot"": 0.1, ""plate_t_top"": 0.1, ""seed"": 102, ""tilt_deg"": 2.0, ""tilt_jitter"": 0.0, ""topology"": ""shingle""}"
BL_FLAT_t100_p0550_a02_para_s102,flat,0.1,5.5,2.0,parallel,102,d76,-20.0,0.0011677142465487123,0.04999997094273567,"{""azimuth_jitter"": 180.0, ""azimuth_mode"": ""parallel"", ""backing"": 2.0, ""depth"": 50.0, ""face_h"": 60.0, ""face_w"": 60.0, ""jitter"": 0.3, ""margin_depths"": 2.0, ""pitch"": 5.5, ""plate_over"": 1.15, ""plate_t_bot"": 0.1, ""plate_t_top"": 0.1, ""seed"": 102, ""tilt_deg"": 2.0, ""tilt_jitter"": 0.0, ""topology"": ""shingle""}"
BL_FLAT_t100_p0550_a02_para_s102,flat,0.1,5.5,2.0,parallel,102,d76,-40.0,0.0019775759428739548,0.04999997094273567,"{""azimuth_jitter"": 180.0, ""azimuth_mode"": ""parallel"", ""backing"": 2.0, ""depth"": 50.0, ""face_h"": 60.0, ""face_w"": 60.0, ""jitter"": 0.3, ""margin_depths"": 2.0, ""pitch"": 5.5, ""plate_over"": 1.15, ""plate_t_bot"": 0.1, ""plate_t_top"": 0.1, ""seed"": 102, ""tilt_deg"": 2.0, ""tilt_jitter"": 0.0, ""topology"": ""shingle""}"
BL_FLAT_t100_p0550_a02_para_s102,flat,0.1,5.5,2.0,parallel,102,d76,20.0,0.0013781551970168948,0.04999997094273567,"{""azimuth_jitter"": 180.0, ""azimuth_mode"": ""parallel"", ""backing"": 2.0, ""depth"": 50.0, ""face_h"": 60.0, ""face_w"": 60.0, ""jitter"": 0.3, ""margin_depths"": 2.0, ""pitch"": 5.5, ""plate_over"": 1.15, ""plate_t_bot"": 0.1, ""plate_t_top"": 0.1, ""seed"": 102, ""tilt_deg"": 2.0, ""tilt_jitter"": 0.0, ""topology"": ""shingle""}"
BL_FLAT_t100_p0550_a02_para_s102,flat,0.1,5.5,2.0,parallel,102,d76,40.0,0.002183691831305623,0.04999997094273567,"{""azimuth_jitter"": 180.0, ""azimuth_mode"": ""parallel"", ""backing"": 2.0, ""depth"": 50.0, ""face_h"": 60.0, ""face_w"": 60.0, ""jitter"": 0.3, ""margin_depths"": 2.0, ""pitch"": 5.5, ""plate_over"": 1.15, ""plate_t_bot"": 0.1, ""plate_t_top"": 0.1, ""seed"": 102, ""tilt_deg"": 2.0, ""tilt_jitter"": 0.0, ""topology"": ""shingle""}"
BL_FLAT_t100_p0550_a02_para_s102,flat,0.1,5.5,2.0,parallel,102,d100,0.0,0.000735310954041779,0.04999997094273567,"{""azimuth_jitter"": 180.0, ""azimuth_mode"": ""parallel"", ""backing"": 2.0, ""depth"": 50.0, ""face_h"": 60.0, ""face_w"": 60.0, ""jitter"": 0.3, ""margin_depths"": 2.0, ""pitch"": 5.5, ""plate_over"": 1.15, ""plate_t_bot"": 0.1, ""plate_t_top"": 0.1, ""seed"": 102, ""tilt_deg"": 2.0, ""tilt_jitter"": 0.0, ""topology"": ""shingle""}"
BL_FLAT_t100_p0550_a02_para_s102,flat,0.1,5.5,2.0,parallel,102,d100,-20.0,0.0014243604382500052,0.04999997094273567,"{""azimuth_jitter"": 180.0, ""azimuth_mode"": ""parallel"", ""backing"": 2.0, ""depth"": 50.0, ""face_h"": 60.0, ""face_w"": 60.0, ""jitter"": 0.3, ""margin_depths"": 2.0, ""pitch"": 5.5, ""plate_over"": 1.15, ""plate_t_bot"": 0.1, ""plate_t_top"": 0.1, ""seed"": 102, ""tilt_deg"": 2.0, ""tilt_jitter"": 0.0, ""topology"": ""shingle""}"
BL_FLAT_t100_p0550_a02_para_s102,flat,0.1,5.5,2.0,parallel,102,d100,-40.0,0.002499088179320097,0.04999997094273567,"{""azimuth_jitter"": 180.0, ""azimuth_mode"": ""parallel"", ""backing"": 2.0, ""depth"": 50.0, ""face_h"": 60.0, ""face_w"": 60.0, ""jitter"": 0.3, ""margin_depths"": 2.0, ""pitch"": 5.5, ""plate_over"": 1.15, ""plate_t_bot"": 0.1, ""plate_t_top"": 0.1, ""seed"": 102, ""tilt_deg"": 2.0, ""tilt_jitter"": 0.0, ""topology"": ""shingle""}"
BL_FLAT_t100_p0550_a02_para_s102,flat,0.1,5.5,2.0,parallel,102,d100,20.0,0.0017182998126372695,0.04999997094273567,"{""azimuth_jitter"": 180.0, ""azimuth_mode"": ""parallel"", ""backing"": 2.0, ""depth"": 50.0, ""face_h"": 60.0, ""face_w"": 60.0, ""jitter"": 0.3, ""margin_depths"": 2.0, ""pitch"": 5.5, ""plate_over"": 1.15, ""plate_t_bot"": 0.1, ""plate_t_top"": 0.1, ""seed"": 102, ""tilt_deg"": 2.0, ""tilt_jitter"": 0.0, ""topology"": ""shingle""}"
BL_FLAT_t100_p0550_a02_para_s102,flat,0.1,5.5,2.0,parallel,102,d100,40.0,0.0027843008283525705,0.04999997094273567,"{""azimuth_jitter"": 180.0, ""azimuth_mode"": ""parallel"", ""backing"": 2.0, ""depth"": 50.0, ""face_h"": 60.0, ""face_w"": 60.0, ""jitter"": 0.3, ""margin_depths"": 2.0, ""pitch"": 5.5, ""plate_over"": 1.15, ""plate_t_bot"": 0.1, ""plate_t_top"": 0.1, ""seed"": 102, ""tilt_deg"": 2.0, ""tilt_jitter"": 0.0, ""topology"": ""shingle""}"
