tag,mode,theta,ratio_vs_flat,panel_mean,control_mean,panel_p99,panel_max,rho_slat,spec_roughness,depth_mm,pitch_mm,tip_width_mm,tip_fraction,half_angle_deg,est_bounces,predicted_return,png
N_d050_plain,hemi_view,-80.0,0.07868705096272698,0.0039343517273664474,0.049999989569187164,0.004491888452321291,0.004569272510707378,0.005,0.3,50.0,20.0,0.2,0.01,11.309932474020215,3.9788035961636785,0.0063,/Users/hojunsong/Desktop/SpillSinkSimulator/project/renders/ridge_micro/N_d050_plain__hemi_view_th-80.0.png
N_d050_plain,hemi_view,-70.0,0.02974046992169735,0.001487022964283824,0.04999998211860657,0.0034881525207310915,0.00364723801612854,0.005,0.3,50.0,20.0,0.2,0.01,11.309932474020215,3.9788035961636785,0.0063,/Users/hojunsong/Desktop/SpillSinkSimulator/project/renders/ridge_micro/N_d050_plain__hemi_view_th-70.0.png
N_d050_plain,hemi_view,-60.0,0.00836299748576305,0.0004181496624369174,0.04999997466802597,0.001464344677515328,0.0017525259172543883,0.005,0.3,50.0,20.0,0.2,0.01,11.309932474020215,3.9788035961636785,0.0063,/Users/hojunsong/Desktop/SpillSinkSimulator/project/renders/ridge_micro/N_d050_plain__hemi_view_th-60.0.png
N_d050_plain,hemi_view,-50.0,0.003482714350097964,0.00017413566820323467,0.049999985843896866,0.0007936793845146894,0.000940570083912462,0.005,0.3,50.0,20.0,0.2,0.01,11.309932474020215,3.9788035961636785,0.0063,/Users/hojunsong/Desktop/SpillSinkSimulator/project/renders/ridge_micro/N_d050_plain__hemi_view_th-50.0.png
N_d050_plain,hemi_view,-40.0,0.0020862730346888725,0.00010431361442897469,0.04999998211860657,0.000663583108689636,0.0007805193308740854,0.005,0.3,50.0,20.0,0.2,0.01,11.309932474020215,3.9788035961636785,0.0063,/Users/hojunsong/Desktop/SpillSinkSimulator/project/renders/ridge_micro/N_d050_plain__hemi_view_th-40.0.png
N_d050_plain,hemi_view,-30.0,0.0015447541962892522,7.723768794676289e-05,0.049999985843896866,0.0006639902712777257,0.000767608406022191,0.005,0.3,50.0,20.0,0.2,0.01,11.309932474020215,3.9788035961636785,0.0063,/Users/hojunsong/Desktop/SpillSinkSimulator/project/renders/ridge_micro/N_d050_plain__hemi_view_th-30.0.png
N_d050_plain,hemi_view,-20.0,0.0012827448012065177,6.413721712306142e-05,0.04999998211860657,0.0006583977956324816,0.0007416428416036069,0.005,0.3,50.0,20.0,0.2,0.01,11.309932474020215,3.9788035961636785,0.0063,/Users/hojunsong/Desktop/SpillSinkSimulator/project/renders/ridge_micro/N_d050_plain__hemi_view_th-20.0.png
N_d050_plain,hemi_view,-10.0,0.0016785129241924704,8.392560994252563e-05,0.04999997839331627,0.0007547523127868772,0.00102953240275383,0.005,0.3,50.0,20.0,0.2,0.01,11.309932474020215,3.9788035961636785,0.0063,/Users/hojunsong/Desktop/SpillSinkSimulator/project/renders/ridge_micro/N_d050_plain__hemi_view_th-10.0.png
N_d050_plain,hemi_view,0.0,0.0017940177825971051,8.970085036708042e-05,0.04999997839331627,0.0006704142433591187,0.0007667794707231224,0.005,0.3,50.0,20.0,0.2,0.01,11.309932474020215,3.9788035961636785,0.0063,/Users/hojunsong/Desktop/SpillSinkSimulator/project/renders/ridge_micro/N_d050_plain__hemi_view_th+00.0.png
N_d050_plain,hemi_view,10.0,0.0016888108824922232,8.444050763500854e-05,0.04999997839331627,0.0007555897464044392,0.001042132149450481,0.005,0.3,50.0,20.0,0.2,0.01,11.309932474020215,3.9788035961636785,0.0063,/Users/hojunsong/Desktop/SpillSinkSimulator/project/renders/ridge_micro/N_d050_plain__hemi_view_th+10.0.png
N_d050_plain,hemi_view,20.0,0.0012747023913410663,6.373509677359834e-05,0.04999998211860657,0.0006503689801320434,0.00075528520392254,0.005,0.3,50.0,20.0,0.2,0.01,11.309932474020215,3.9788035961636785,0.0063,/Users/hojunsong/Desktop/SpillSinkSimulator/project/renders/ridge_micro/N_d050_plain__hemi_view_th+20.0.png
N_d050_plain,hemi_view,30.0,0.0015274702996024593,7.637349335709587e-05,0.049999985843896866,0.0006255371263250709,0.000753491825889796,0.005,0.3,50.0,20.0,0.2,0.01,11.309932474020215,3.9788035961636785,0.0063,/Users/hojunsong/Desktop/SpillSinkSimulator/project/renders/ridge_micro/N_d050_plain__hemi_view_th+30.0.png
N_d050_plain,hemi_view,40.0,0.002053826472181236,0.0001026912868837826,0.04999998211860657,0.0006570845725946128,0.0007721304427832365,0.005,0.3,50.0,20.0,0.2,0.01,11.309932474020215,3.9788035961636785,0.0063,/Users/hojunsong/Desktop/SpillSinkSimulator/project/renders/ridge_micro/N_d050_plain__hemi_view_th+40.0.png
N_d050_plain,hemi_view,50.0,0.0034080225495052106,0.00017040107923094183,0.049999985843896866,0.0007602344849146903,0.0009546602959744632,0.005,0.3,50.0,20.0,0.2,0.01,11.309932474020215,3.9788035961636785,0.0063,/Users/hojunsong/Desktop/SpillSinkSimulator/project/renders/ridge_micro/N_d050_plain__hemi_view_th+50.0.png
N_d050_plain,hemi_view,60.0,0.008098980207783386,0.00040494880522601306,0.04999997466802597,0.0014406569534912705,0.0017482292605563998,0.005,0.3,50.0,20.0,0.2,0.01,11.309932474020215,3.9788035961636785,0.0063,/Users/hojunsong/Desktop/SpillSinkSimulator/project/renders/ridge_micro/N_d050_plain__hemi_view_th+60.0.png
N_d050_plain,hemi_view,70.0,0.028906121011777287,0.0014453055337071419,0.04999998211860657,0.0033350037410855293,0.0034671183675527573,0.005,0.3,50.0,20.0,0.2,0.01,11.309932474020215,3.9788035961636785,0.0063,/Users/hojunsong/Desktop/SpillSinkSimulator/project/renders/ridge_micro/N_d050_plain__hemi_view_th+70.0.png
N_d050_plain,hemi_view,80.0,0.07885922460301435,0.003942960407584906,0.049999989569187164,0.004504150245338678,0.004577434156090021,0.005,0.3,50.0,20.0,0.2,0.01,11.309932474020215,3.9788035961636785,0.0063,/Users/hojunsong/Desktop/SpillSinkSimulator/project/renders/ridge_micro/N_d050_plain__hemi_view_th+80.0.png
N_d050_plain,angle,-60.0,0.004409665133889741,3.509100861265324e-05,0.00795774906873703,0.0005297080497257411,0.0006492575048469007,0.005,0.3,50.0,20.0,0.2,0.01,11.309932474020215,3.9788035961636785,0.0063,/Users/hojunsong/Desktop/SpillSinkSimulator/project/renders/ridge_micro/N_d050_plain__angle_th-60.0.png
N_d050_plain,angle,-55.0,0.004618047037882563,4.215701119392179e-05,0.00912875309586525,0.000670259294565767,0.0009198362822644413,0.005,0.3,50.0,20.0,0.2,0.01,11.309932474020215,3.9788035961636785,0.0063,/Users/hojunsong/Desktop/SpillSinkSimulator/project/renders/ridge_micro/N_d050_plain__angle_th-55.0.png
N_d050_plain,angle,-50.0,0.0041329530821050476,4.228128454997204e-05,0.010230284184217453,0.0006665575783699751,0.0009196370956487954,0.005,0.3,50.0,20.0,0.2,0.01,11.309932474020215,3.9788035961636785,0.0063,/Users/hojunsong/Desktop/SpillSinkSimulator/project/renders/ridge_micro/N_d050_plain__angle_th-50.0.png
N_d050_plain,angle,-45.0,0.0031527772096983375,3.54812182195019e-05,0.011253956705331802,0.0005346682155504823,0.0006556603475473821,0.005,0.3,50.0,20.0,0.2,0.01,11.309932474020215,3.9788035961636785,0.0063,/Users/hojunsong/Desktop/SpillSinkSimulator/project/renders/ridge_micro/N_d050_plain__angle_th-45.0.png
N_d050_plain,angle,-40.0,0.0035070911600954395,4.275837272871286e-05,0.01219197642058134,0.0006484444602392614,0.0008684468339197338,0.005,0.3,50.0,20.0,0.2,0.01,11.309932474020215,3.9788035961636785,0.0063,/Users/hojunsong/Desktop/SpillSinkSimulator/project/renders/ridge_micro/N_d050_plain__angle_th-40.0.png
N_d050_plain,angle,-35.0,0.0033010660260274654,4.3036689021391794e-05,0.013037209399044514,0.0006447474006563425,0.0008801457588560879,0.005,0.3,50.0,20.0,0.2,0.01,11.309932474020215,3.9788035961636785,0.0063,/Users/hojunsong/Desktop/SpillSinkSimulator/project/renders/ridge_micro/N_d050_plain__angle_th-35.0.png
N_d050_plain,angle,-30.0,0.00263795254277761,3.635948814917356e-05,0.013783222995698452,0.0005150801152922213,0.0006356415688060224,0.005,0.3,50.0,20.0,0.2,0.01,11.309932474020215,3.9788035961636785,0.0063,/Users/hojunsong/Desktop/SpillSinkSimulator/project/renders/ridge_micro/N_d050_plain__angle_th-30.0.png
N_d050_plain,angle,-25.0,0.0030435349320632674,4.3900970922550187e-05,0.014424336142838001,0.0006326717557385564,0.0008413185714744031,0.005,0.3,50.0,20.0,0.2,0.01,11.309932474020215,3.9788035961636785,0.0063,/Users/hojunsong/Desktop/SpillSinkSimulator/project/renders/ridge_micro/N_d050_plain__angle_th-25.0.png
N_d050_plain,angle,-20.0,0.002977223063796102,4.4526386773213744e-05,0.014955677092075348,0.0006343580898828804,0.0008437760989181697,0.005,0.3,50.0,20.0,0.2,0.01,11.309932474020215,3.9788035961636785,0.0063,/Users/hojunsong/Desktop/SpillSinkSimulator/project/renders/ridge_micro/N_d050_plain__angle_th-20.0.png
N_d050_plain,angle,-15.0,0.002491988953955867,3.8309819501591846e-05,0.015373189933598042,0.0005047452868893743,0.0006139827892184258,0.005,0.3,50.0,20.0,0.2,0.01,11.309932474020215,3.9788035961636785,0.0063,/Users/hojunsong/Desktop/SpillSinkSimulator/project/renders/ridge_micro/N_d050_plain__angle_th-15.0.png
N_d050_plain,angle,-10.0,0.011213581794587982,0.0001757583668222651,0.01567370444536209,0.0025872159749269485,0.003261249279603362,0.005,0.3,50.0,20.0,0.2,0.01,11.309932474020215,3.9788035961636785,0.0063,/Users/hojunsong/Desktop/SpillSinkSimulator/project/renders/ridge_micro/N_d050_plain__angle_th-10.0.png
N_d050_plain,angle,-5.0,0.01286136703582168,0.00020391610451042652,0.015854932367801666,0.0030161563772708178,0.0033100817818194628,0.005,0.3,50.0,20.0,0.2,0.01,11.309932474020215,3.9788035961636785,0.0063,/Users/hojunsong/Desktop/SpillSinkSimulator/project/renders/ridge_micro/N_d050_plain__angle_th-05.0.png
N_d050_plain,angle,0.0,0.012440312423342896,0.0001979932130780071,0.01591545343399048,0.00303049199283123,0.0032601363491266966,0.005,0.3,50.0,20.0,0.2,0.01,11.309932474020215,3.9788035961636785,0.0063,/Users/hojunsong/Desktop/SpillSinkSimulator/project/renders/ridge_micro/N_d050_plain__angle_th+00.0.png
N_d050_plain,angle,5.0,0.012798481016974521,0.0002029190509347245,0.015854932367801666,0.0029756827279925346,0.0031749724876135588,0.005,0.3,50.0,20.0,0.2,0.01,11.309932474020215,3.9788035961636785,0.0063,/Users/hojunsong/Desktop/SpillSinkSimulator/project/renders/ridge_micro/N_d050_plain__angle_th+05.0.png
N_d050_plain,angle,10.0,0.011171074620286079,0.00017509212193544954,0.01567370444536209,0.0027135915588587523,0.003113481914624572,0.005,0.3,50.0,20.0,0.2,0.01,11.309932474020215,3.9788035961636785,0.0063,/Users/hojunsong/Desktop/SpillSinkSimulator/project/renders/ridge_micro/N_d050_plain__angle_th+10.0.png
N_d050_plain,angle,15.0,0.002479580247263043,3.811905116890557e-05,0.015373187139630318,0.0005076024681329727,0.0006454670801758766,0.005,0.3,50.0,20.0,0.2,0.01,11.309932474020215,3.9788035961636785,0.0063,/Users/hojunsong/Desktop/SpillSinkSimulator/project/renders/ridge_micro/N_d050_plain__angle_th+15.0.png
N_d050_plain,angle,20.0,0.00295435501307685,4.4184365833643824e-05,0.014955672435462475,0.0006335044745355844,0.0008537826943211257,0.005,0.3,50.0,20.0,0.2,0.01,11.309932474020215,3.9788035961636785,0.0063,/Users/hojunsong/Desktop/SpillSinkSimulator/project/renders/ridge_micro/N_d050_plain__angle_th+20.0.png
N_d050_plain,angle,25.0,0.0030172006689527355,4.3521122279344127e-05,0.01442433800548315,0.0006328109302558005,0.0008561972063034773,0.005,0.3,50.0,20.0,0.2,0.01,11.309932474020215,3.9788035961636785,0.0063,/Users/hojunsong/Desktop/SpillSinkSimulator/project/renders/ridge_micro/N_d050_plain__angle_th+25.0.png
N_d050_plain,angle,30.0,0.0026131731771530144,3.601795106078498e-05,0.013783223927021027,0.0005138581618666649,0.0006338237435556948,0.005,0.3,50.0,20.0,0.2,0.01,11.309932474020215,3.9788035961636785,0.0063,/Users/hojunsong/Desktop/SpillSinkSimulator/project/renders/ridge_micro/N_d050_plain__angle_th+30.0.png
N_d050_plain,angle,35.0,0.0032701296110245904,4.263336450094357e-05,0.013037209399044514,0.0006432789959944785,0.0008801402873359621,0.005,0.3,50.0,20.0,0.2,0.01,11.309932474020215,3.9788035961636785,0.0063,/Users/hojunsong/Desktop/SpillSinkSimulator/project/renders/ridge_micro/N_d050_plain__angle_th+35.0.png
N_d050_plain,angle,40.0,0.003478416359936399,4.240877024130896e-05,0.01219197642058134,0.0006491236272267997,0.0008581331931054592,0.005,0.3,50.0,20.0,0.2,0.01,11.309932474020215,3.9788035961636785,0.0063,/Users/hojunsong/Desktop/SpillSinkSimulator/project/renders/ridge_micro/N_d050_plain__angle_th+40.0.png
N_d050_plain,angle,45.0,0.0031411402903770173,3.5350250982446596e-05,0.011253954842686653,0.0005355856264941394,0.0006614713347516954,0.005,0.3,50.0,20.0,0.2,0.01,11.309932474020215,3.9788035961636785,0.0063,/Users/hojunsong/Desktop/SpillSinkSimulator/project/renders/ridge_micro/N_d050_plain__angle_th+45.0.png
N_d050_plain,angle,50.0,0.004140784298505992,4.2361400119261816e-05,0.010230284184217453,0.0006682732491753995,0.0009250107104890049,0.005,0.3,50.0,20.0,0.2,0.01,11.309932474020215,3.9788035961636785,0.0063,/Users/hojunsong/Desktop/SpillSinkSimulator/project/renders/ridge_micro/N_d050_plain__angle_th+50.0.png
N_d050_plain,angle,55.0,0.004627419002126521,4.2242565541528165e-05,0.00912875309586525,0.0006696911295875907,0.0009196913451887667,0.005,0.3,50.0,20.0,0.2,0.01,11.309932474020215,3.9788035961636785,0.0063,/Users/hojunsong/Desktop/SpillSinkSimulator/project/renders/ridge_micro/N_d050_plain__angle_th+55.0.png
N_d050_plain,angle,60.0,0.0043953285973999615,3.497691795928404e-05,0.007957748137414455,0.0005268689710646868,0.0007105632103048265,0.005,0.3,50.0,20.0,0.2,0.01,11.309932474020215,3.9788035961636785,0.0063,/Users/hojunsong/Desktop/SpillSinkSimulator/project/renders/ridge_micro/N_d050_plain__angle_th+60.0.png
N_d150_plain,hemi_view,-80.0,0.024740351868643255,0.001237017335370183,0.049999989569187164,0.001917548361234367,0.0020986523013561964,0.005,0.3,150.0,20.0,0.2,0.01,3.8140748342903543,11.79840510611604,0.0063,/Users/hojunsong/Desktop/SpillSinkSimulator/project/renders/ridge_micro/N_d150_plain__hemi_view_th-80.0.png
N_d150_plain,hemi_view,-70.0,0.00688319282433581,0.00034415951813571155,0.04999998211860657,0.000885403947904706,0.0010013924911618233,0.005,0.3,150.0,20.0,0.2,0.01,3.8140748342903543,11.79840510611604,0.0063,/Users/hojunsong/Desktop/SpillSinkSimulator/project/renders/ridge_micro/N_d150_plain__hemi_view_th-70.0.png
N_d150_plain,hemi_view,-60.0,0.003193649044116102,0.00015968237130437046,0.04999997466802597,0.0006368443137034774,0.0007544141262769699,0.005,0.3,150.0,20.0,0.2,0.01,3.8140748342903543,11.79840510611604,0.0063,/Users/hojunsong/Desktop/SpillSinkSimulator/project/renders/ridge_micro/N_d150_plain__hemi_view_th-60.0.png
N_d150_plain,hemi_view,-50.0,0.0020366255139318817,0.00010183124686591327,0.049999985843896866,0.0006498580914922059,0.0007417455199174583,0.005,0.3,150.0,20.0,0.2,0.01,3.8140748342903543,11.79840510611604,0.0063,/Users/hojunsong/Desktop/SpillSinkSimulator/project/renders/ridge_micro/N_d150_plain__hemi_view_th-50.0.png
N_d150_plain,hemi_view,-40.0,0.0015264613832451134,7.632304186699912e-05,0.04999998211860657,0.0006221440271474421,0.0007279019919224083,0.005,0.3,150.0,20.0,0.2,0.01,3.8140748342903543,11.79840510611604,0.0063,/Users/hojunsong/Desktop/SpillSinkSimulator/project/renders/ridge_micro/N_d150_plain__hemi_view_th-40.0.png
N_d150_plain,hemi_view,-30.0,0.0012782622779176874,6.391309580067173e-05,0.049999985843896866,0.0006376689998432994,0.0007382325711660087,0.005,0.3,150.0,20.0,0.2,0.01,3.8140748342903543,11.79840510611604,0.0063,/Users/hojunsong/Desktop/SpillSinkSimulator/project/renders/ridge_micro/N_d150_plain__hemi_view_th-30.0.png
N_d150_plain,hemi_view,-20.0,0.0011424969572982114,5.712482743547298e-05,0.04999998211860657,0.0006491328240372241,0.0007284837774932384,0.005,0.3,150.0,20.0,0.2,0.01,3.8140748342903543,11.79840510611604,0.0063,/Users/hojunsong/Desktop/SpillSinkSimulator/project/renders/ridge_micro/N_d150_plain__hemi_view_th-20.0.png
N_d150_plain,hemi_view,-10.0,0.0010974389819537174,5.4871925385668874e-05,0.04999997839331627,0.0006506431382149458,0.0007531435112468898,0.005,0.3,150.0,20.0,0.2,0.01,3.8140748342903543,11.79840510611604,0.0063,/Users/hojunsong/Desktop/SpillSinkSimulator/project/renders/ridge_micro/N_d150_plain__hemi_view_th-10.0.png
N_d150_plain,hemi_view,0.0,0.0013874680910121596,6.937337457202375e-05,0.04999997839331627,0.0007004962535575032,0.0008103660657070577,0.005,0.3,150.0,20.0,0.2,0.01,3.8140748342903543,11.79840510611604,0.0063,/Users/hojunsong/Desktop/SpillSinkSimulator/project/renders/ridge_micro/N_d150_plain__hemi_view_th+00.0.png
N_d150_plain,hemi_view,10.0,0.0010939730780464673,5.469863026519306e-05,0.04999997839331627,0.0006533665000461042,0.0007538189529441297,0.005,0.3,150.0,20.0,0.2,0.01,3.8140748342903543,11.79840510611604,0.0063,/Users/hojunsong/Desktop/SpillSinkSimulator/project/renders/ridge_micro/N_d150_plain__hemi_view_th+10.0.png
N_d150_plain,hemi_view,20.0,0.0011383827655939217,5.691911792382598e-05,0.04999998211860657,0.0006375650409609079,0.000749395287130028,0.005,0.3,150.0,20.0,0.2,0.01,3.8140748342903543,11.79840510611604,0.0063,/Users/hojunsong/Desktop/SpillSinkSimulator/project/renders/ridge_micro/N_d150_plain__hemi_view_th+20.0.png
N_d150_plain,hemi_view,30.0,0.0012695974830609139,6.347985618049279e-05,0.049999985843896866,0.0006116271251812577,0.0007285001338459551,0.005,0.3,150.0,20.0,0.2,0.01,3.8140748342903543,11.79840510611604,0.0063,/Users/hojunsong/Desktop/SpillSinkSimulator/project/renders/ridge_micro/N_d150_plain__hemi_view_th+30.0.png
N_d150_plain,hemi_view,40.0,0.0015165828120594844,7.582911348436028e-05,0.04999998211860657,0.0006243496318347752,0.0007263834122568369,0.005,0.3,150.0,20.0,0.2,0.01,3.8140748342903543,11.79840510611604,0.0063,/Users/hojunsong/Desktop/SpillSinkSimulator/project/renders/ridge_micro/N_d150_plain__hemi_view_th+40.0.png
N_d150_plain,hemi_view,50.0,0.0020203916837452647,0.0001010195555863902,0.049999985843896866,0.0006235779728740454,0.0007203283603303134,0.005,0.3,150.0,20.0,0.2,0.01,3.8140748342903543,11.79840510611604,0.0063,/Users/hojunsong/Desktop/SpillSinkSimulator/project/renders/ridge_micro/N_d150_plain__hemi_view_th+50.0.png
N_d150_plain,hemi_view,60.0,0.0031696095590177924,0.0001584803976584226,0.04999997466802597,0.0006246057455427945,0.0007395210559479892,0.005,0.3,150.0,20.0,0.2,0.01,3.8140748342903543,11.79840510611604,0.0063,/Users/hojunsong/Desktop/SpillSinkSimulator/project/renders/ridge_micro/N_d150_plain__hemi_view_th+60.0.png
N_d150_plain,hemi_view,70.0,0.006797661292647883,0.0003398829430807382,0.04999998211860657,0.0008480414398945868,0.00095519726164639,0.005,0.3,150.0,20.0,0.2,0.01,3.8140748342903543,11.79840510611604,0.0063,/Users/hojunsong/Desktop/SpillSinkSimulator/project/renders/ridge_micro/N_d150_plain__hemi_view_th+70.0.png
N_d150_plain,hemi_view,80.0,0.024561437779815926,0.0012280716327950358,0.049999989569187164,0.001853844616562128,0.0019589499570429325,0.005,0.3,150.0,20.0,0.2,0.01,3.8140748342903543,11.79840510611604,0.0063,/Users/hojunsong/Desktop/SpillSinkSimulator/project/renders/ridge_micro/N_d150_plain__hemi_view_th+80.0.png
N_d150_plain,angle,-60.0,0.004110099813559913,3.270714296377264e-05,0.00795774906873703,0.0005399143556132913,0.0006620059139095247,0.005,0.3,150.0,20.0,0.2,0.01,3.8140748342903543,11.79840510611604,0.0063,/Users/hojunsong/Desktop/SpillSinkSimulator/project/renders/ridge_micro/N_d150_plain__angle_th-60.0.png
N_d150_plain,angle,-55.0,0.004367860538236111,3.987312447861768e-05,0.009128754027187824,0.0006796685629524291,0.0009280191152356565,0.005,0.3,150.0,20.0,0.2,0.01,3.8140748342903543,11.79840510611604,0.0063,/Users/hojunsong/Desktop/SpillSinkSimulator/project/renders/ridge_micro/N_d150_plain__angle_th-55.0.png
N_d150_plain,angle,-50.0,0.003920029128739616,4.0103011997416615e-05,0.010230284184217453,0.0006766340811736882,0.0009307840373367071,0.005,0.3,150.0,20.0,0.2,0.01,3.8140748342903543,11.79840510611604,0.0063,/Users/hojunsong/Desktop/SpillSinkSimulator/project/renders/ridge_micro/N_d150_plain__angle_th-50.0.png
N_d150_plain,angle,-45.0,0.002968949633804442,3.3412430639145896e-05,0.011253956705331802,0.000547883624676615,0.0006681921076960862,0.005,0.3,150.0,20.0,0.2,0.01,3.8140748342903543,11.79840510611604,0.0063,/Users/hojunsong/Desktop/SpillSinkSimulator/project/renders/ridge_micro/N_d150_plain__angle_th-45.0.png
N_d150_plain,angle,-40.0,0.003347754720596958,4.081574661540799e-05,0.01219197642058134,0.0006598454783670604,0.0008815915789455175,0.005,0.3,150.0,20.0,0.2,0.01,3.8140748342903543,11.79840510611604,0.0063,/Users/hojunsong/Desktop/SpillSinkSimulator/project/renders/ridge_micro/N_d150_plain__angle_th-40.0.png
N_d150_plain,angle,-35.0,0.003163071728277484,4.1237628465751186e-05,0.013037209399044514,0.0006557838642038405,0.0008934827637858689,0.005,0.3,150.0,20.0,0.2,0.01,3.8140748342903543,11.79840510611604,0.0063,/Users/hojunsong/Desktop/SpillSinkSimulator/project/renders/ridge_micro/N_d150_plain__angle_th-35.0.png
N_d150_plain,angle,-30.0,0.0025190606840120185,3.4720775147434324e-05,0.013783222995698452,0.0005277539603412151,0.0006486442289315164,0.005,0.3,150.0,20.0,0.2,0.01,3.8140748342903543,11.79840510611604,0.0063,/Users/hojunsong/Desktop/SpillSinkSimulator/project/renders/ridge_micro/N_d150_plain__angle_th-30.0.png
N_d150_plain,angle,-25.0,0.002943915300012984,4.2464023863431066e-05,0.014424336142838001,0.0006424342864193022,0.0008470985922031105,0.005,0.3,150.0,20.0,0.2,0.01,3.8140748342903543,11.79840510611604,0.0063,/Users/hojunsong/Desktop/SpillSinkSimulator/project/renders/ridge_micro/N_d150_plain__angle_th-25.0.png
N_d150_plain,angle,-20.0,0.0029018652155619914,4.339935912867077e-05,0.014955677092075348,0.0006442571175284684,0.0008494366775266826,0.005,0.3,150.0,20.0,0.2,0.01,3.8140748342903543,11.79840510611604,0.0063,/Users/hojunsong/Desktop/SpillSinkSimulator/project/renders/ridge_micro/N_d150_plain__angle_th-20.0.png
N_d150_plain,angle,-15.0,0.0024529416867537976,3.7709538446506485e-05,0.015373189933598042,0.0005162678426131606,0.0006195782334543765,0.005,0.3,150.0,20.0,0.2,0.01,3.8140748342903543,11.79840510611604,0.0063,/Users/hojunsong/Desktop/SpillSinkSimulator/project/renders/ridge_micro/N_d150_plain__angle_th-15.0.png
N_d150_plain,angle,-10.0,0.0030045513388920605,4.709244967671111e-05,0.01567370444536209,0.0006381512503139675,0.0008512190543115139,0.005,0.3,150.0,20.0,0.2,0.01,3.8140748342903543,11.79840510611604,0.0063,/Users/hojunsong/Desktop/SpillSinkSimulator/project/renders/ridge_micro/N_d150_plain__angle_th-10.0.png
N_d150_plain,angle,-5.0,0.0032835600610023295,5.2060622692806646e-05,0.015854932367801666,0.0006379034603014588,0.0008512031636200845,0.005,0.3,150.0,20.0,0.2,0.01,3.8140748342903543,11.79840510611604,0.0063,/Users/hojunsong/Desktop/SpillSinkSimulator/project/renders/ridge_micro/N_d150_plain__angle_th-05.0.png
N_d150_plain,angle,0.0,0.010647809840700686,0.00016946472169365734,0.01591545343399048,0.002119812648743391,0.002427245257422328,0.005,0.3,150.0,20.0,0.2,0.01,3.8140748342903543,11.79840510611604,0.0063,/Users/hojunsong/Desktop/SpillSinkSimulator/project/renders/ridge_micro/N_d150_plain__angle_th+00.0.png
N_d150_plain,angle,5.0,0.003272346411006418,5.188283103052527e-05,0.015854932367801666,0.0006422240985557437,0.0008478289819322526,0.005,0.3,150.0,20.0,0.2,0.01,3.8140748342903543,11.79840510611604,0.0063,/Users/hojunsong/Desktop/SpillSinkSimulator/project/renders/ridge_micro/N_d150_plain__angle_th+05.0.png
N_d150_plain,angle,10.0,0.0029958547483432676,4.6956141886767e-05,0.01567370444536209,0.0006447967607527971,0.0008497440139763057,0.005,0.3,150.0,20.0,0.2,0.01,3.8140748342903543,11.79840510611604,0.0063,/Users/hojunsong/Desktop/SpillSinkSimulator/project/renders/ridge_micro/N_d150_plain__angle_th+10.0.png
N_d150_plain,angle,15.0,0.002438784644060151,3.7491892726393417e-05,0.015373187139630318,0.0005187198985368013,0.0006506778881885111,0.005,0.3,150.0,20.0,0.2,0.01,3.8140748342903543,11.79840510611604,0.0063,/Users/hojunsong/Desktop/SpillSinkSimulator/project/renders/ridge_micro/N_d150_plain__angle_th+15.0.png
N_d150_plain,angle,20.0,0.0028785254781399368,4.3050284148193896e-05,0.014955672435462475,0.0006440559518523514,0.0008651886018924415,0.005,0.3,150.0,20.0,0.2,0.01,3.8140748342903543,11.79840510611604,0.0063,/Users/hojunsong/Desktop/SpillSinkSimulator/project/renders/ridge_micro/N_d150_plain__angle_th+20.0.png
N_d150_plain,angle,25.0,0.002918251679201628,4.209384860587306e-05,0.01442433800548315,0.0006442277226597071,0.0008678911253809929,0.005,0.3,150.0,20.0,0.2,0.01,3.8140748342903543,11.79840510611604,0.0063,/Users/hojunsong/Desktop/SpillSinkSimulator/project/renders/ridge_micro/N_d150_plain__angle_th+25.0.png
N_d150_plain,angle,30.0,0.0024955002129614916,3.4396038245176896e-05,0.013783223927021027,0.0005260149482637644,0.0006459376309067011,0.005,0.3,150.0,20.0,0.2,0.01,3.8140748342903543,11.79840510611604,0.0063,/Users/hojunsong/Desktop/SpillSinkSimulator/project/renders/ridge_micro/N_d150_plain__angle_th+30.0.png
N_d150_plain,angle,35.0,0.003134602915474315,4.0866474591894075e-05,0.013037209399044514,0.0006556051084771752,0.0008936289814300835,0.005,0.3,150.0,20.0,0.2,0.01,3.8140748342903543,11.79840510611604,0.0063,/Users/hojunsong/Desktop/SpillSinkSimulator/project/renders/ridge_micro/N_d150_plain__angle_th+35.0.png
N_d150_plain,angle,40.0,0.0033224556203921233,4.050730058224872e-05,0.01219197642058134,0.0006619829800911248,0.0008721117046661675,0.005,0.3,150.0,20.0,0.2,0.01,3.8140748342903543,11.79840510611604,0.0063,/Users/hojunsong/Desktop/SpillSinkSimulator/project/renders/ridge_micro/N_d150_plain__angle_th+40.0.png
N_d150_plain,angle,45.0,0.0029616993528424154,3.333083077450283e-05,0.011253954842686653,0.0005488047027029097,0.0006745529244653881,0.005,0.3,150.0,20.0,0.2,0.01,3.8140748342903543,11.79840510611604,0.0063,/Users/hojunsong/Desktop/SpillSinkSimulator/project/renders/ridge_micro/N_d150_plain__angle_th+45.0.png
N_d150_plain,angle,50.0,0.00393335770116373,4.023936708108522e-05,0.010230284184217453,0.0006810462800785899,0.0009384788572788239,0.005,0.3,150.0,20.0,0.2,0.01,3.8140748342903543,11.79840510611604,0.0063,/Users/hojunsong/Desktop/SpillSinkSimulator/project/renders/ridge_micro/N_d150_plain__angle_th+50.0.png
N_d150_plain,angle,55.0,0.004383665039894209,4.001739580417052e-05,0.00912875309586525,0.0006814246880821884,0.0009327718871645629,0.005,0.3,150.0,20.0,0.2,0.01,3.8140748342903543,11.79840510611604,0.0063,/Users/hojunsong/Desktop/SpillSinkSimulator/project/renders/ridge_micro/N_d150_plain__angle_th+55.0.png
N_d150_plain,angle,60.0,0.004104648639597536,3.266376006649807e-05,0.007957748137414455,0.0005351831787265837,0.0007217733073048294,0.005,0.3,150.0,20.0,0.2,0.01,3.8140748342903543,11.79840510611604,0.0063,/Users/hojunsong/Desktop/SpillSinkSimulator/project/renders/ridge_micro/N_d150_plain__angle_th+60.0.png
N_d050_t005,hemi_view,-80.0,0.07546830168450212,0.003773414297029376,0.049999989569187164,0.004451059270650148,0.004529924131929874,0.005,0.3,50.0,20.0,0.2,0.01,11.309932474020215,3.9788035961636785,0.0063,/Users/hojunsong/Desktop/SpillSinkSimulator/project/renders/ridge_micro/N_d050_t005__hemi_view_th-80.0.png
N_d050_t005,hemi_view,-70.0,0.03362901081660777,0.0016814499394968152,0.04999998211860657,0.003438435960561037,0.0036213891580700874,0.005,0.3,50.0,20.0,0.2,0.01,11.309932474020215,3.9788035961636785,0.0063,/Users/hojunsong/Desktop/SpillSinkSimulator/project/renders/ridge_micro/N_d050_t005__hemi_view_th-70.0.png
N_d050_t005,hemi_view,-60.0,0.009675860301282261,0.00048379276995547116,0.04999997466802597,0.001425401889719069,0.0016979631036520004,0.005,0.3,50.0,20.0,0.2,0.01,11.309932474020215,3.9788035961636785,0.0063,/Users/hojunsong/Desktop/SpillSinkSimulator/project/renders/ridge_micro/N_d050_t005__hemi_view_th-60.0.png
N_d050_t005,hemi_view,-50.0,0.003824357036598529,0.0001912177976919338,0.049999985843896866,0.0007861044723540545,0.000929193280171603,0.005,0.3,50.0,20.0,0.2,0.01,11.309932474020215,3.9788035961636785,0.0063,/Users/hojunsong/Desktop/SpillSinkSimulator/project/renders/ridge_micro/N_d050_t005__hemi_view_th-50.0.png
N_d050_t005,hemi_view,-40.0,0.0021927632608181725,0.00010963812383124605,0.04999998211860657,0.0006584025686606765,0.0007689850754104555,0.005,0.3,50.0,20.0,0.2,0.01,11.309932474020215,3.9788035961636785,0.0063,/Users/hojunsong/Desktop/SpillSinkSimulator/project/renders/ridge_micro/N_d050_t005__hemi_view_th-40.0.png
N_d050_t005,hemi_view,-30.0,0.0015858409584925057,7.929202547529712e-05,0.049999985843896866,0.0006640242063440382,0.0007665821467526257,0.005,0.3,50.0,20.0,0.2,0.01,11.309932474020215,3.9788035961636785,0.0063,/Users/hojunsong/Desktop/SpillSinkSimulator/project/renders/ridge_micro/N_d050_t005__hemi_view_th-30.0.png
N_d050_t005,hemi_view,-20.0,0.0012980906744178562,6.490451050922275e-05,0.04999998211860657,0.0006528168451040983,0.0007417665328830481,0.005,0.3,50.0,20.0,0.2,0.01,11.309932474020215,3.9788035961636785,0.0063,/Users/hojunsong/Desktop/SpillSinkSimulator/project/renders/ridge_micro/N_d050_t005__hemi_view_th-20.0.png
N_d050_t005,hemi_view,-10.0,0.0016293674472500528,8.146833715727553e-05,0.04999997839331627,0.0007286803447641432,0.0010285091120749712,0.005,0.3,50.0,20.0,0.2,0.01,11.309932474020215,3.9788035961636785,0.0063,/Users/hojunsong/Desktop/SpillSinkSimulator/project/renders/ridge_micro/N_d050_t005__hemi_view_th-10.0.png
N_d050_t005,hemi_view,0.0,0.0017778056323545178,8.889024320524186e-05,0.04999997839331627,0.000671112968120724,0.0007667681202292442,0.005,0.3,50.0,20.0,0.2,0.01,11.309932474020215,3.9788035961636785,0.0063,/Users/hojunsong/Desktop/SpillSinkSimulator/project/renders/ridge_micro/N_d050_t005__hemi_view_th+00.0.png
N_d050_t005,hemi_view,10.0,0.0016337062481694847,8.168527710950002e-05,0.04999997839331627,0.000741629337426275,0.0010292183142155409,0.005,0.3,50.0,20.0,0.2,0.01,11.309932474020215,3.9788035961636785,0.0063,/Users/hojunsong/Desktop/SpillSinkSimulator/project/renders/ridge_micro/N_d050_t005__hemi_view_th+10.0.png
N_d050_t005,hemi_view,20.0,0.001293944541248217,6.469720392487943e-05,0.04999998211860657,0.0006509242812171578,0.0007554094772785902,0.005,0.3,50.0,20.0,0.2,0.01,11.309932474020215,3.9788035961636785,0.0063,/Users/hojunsong/Desktop/SpillSinkSimulator/project/renders/ridge_micro/N_d050_t005__hemi_view_th+20.0.png
N_d050_t005,hemi_view,30.0,0.0015790551074619896,7.895273301983252e-05,0.049999985843896866,0.000638019060716033,0.0007666771416552365,0.005,0.3,50.0,20.0,0.2,0.01,11.309932474020215,3.9788035961636785,0.0063,/Users/hojunsong/Desktop/SpillSinkSimulator/project/renders/ridge_micro/N_d050_t005__hemi_view_th+30.0.png
N_d050_t005,hemi_view,40.0,0.0021946465703605515,0.00010973228927468881,0.04999998211860657,0.0006715752533636987,0.0007985252887010574,0.005,0.3,50.0,20.0,0.2,0.01,11.309932474020215,3.9788035961636785,0.0063,/Users/hojunsong/Desktop/SpillSinkSimulator/project/renders/ridge_micro/N_d050_t005__hemi_view_th+40.0.png
N_d050_t005,hemi_view,50.0,0.0038834814849108192,0.00019417401927057654,0.049999985843896866,0.0008580359863117337,0.0011501321569085121,0.005,0.3,50.0,20.0,0.2,0.01,11.309932474020215,3.9788035961636785,0.0063,/Users/hojunsong/Desktop/SpillSinkSimulator/project/renders/ridge_micro/N_d050_t005__hemi_view_th+50.0.png
N_d050_t005,hemi_view,60.0,0.010122181155222048,0.0005061088013462722,0.04999997466802597,0.0018706443952396512,0.002207311801612377,0.005,0.3,50.0,20.0,0.2,0.01,11.309932474020215,3.9788035961636785,0.0063,/Users/hojunsong/Desktop/SpillSinkSimulator/project/renders/ridge_micro/N_d050_t005__hemi_view_th+60.0.png
N_d050_t005,hemi_view,70.0,0.034608196736823346,0.0017304092179983854,0.04999998211860657,0.0034664012491703033,0.003668378107249737,0.005,0.3,50.0,20.0,0.2,0.01,11.309932474020215,3.9788035961636785,0.0063,/Users/hojunsong/Desktop/SpillSinkSimulator/project/renders/ridge_micro/N_d050_t005__hemi_view_th+70.0.png
N_d050_t005,hemi_view,80.0,0.07638250208430036,0.0038191243074834347,0.049999989569187164,0.0045158215798437595,0.004595169797539711,0.005,0.3,50.0,20.0,0.2,0.01,11.309932474020215,3.9788035961636785,0.0063,/Users/hojunsong/Desktop/SpillSinkSimulator/project/renders/ridge_micro/N_d050_t005__hemi_view_th+80.0.png
N_d050_t005,angle,-60.0,0.0044374180546635006,3.531185939209536e-05,0.00795774906873703,0.000530310207977891,0.0006497558206319809,0.005,0.3,50.0,20.0,0.2,0.01,11.309932474020215,3.9788035961636785,0.0063,/Users/hojunsong/Desktop/SpillSinkSimulator/project/renders/ridge_micro/N_d050_t005__angle_th-60.0.png
N_d050_t005,angle,-55.0,0.0046425926015902595,4.238108158460818e-05,0.00912875309586525,0.0006708186701871455,0.0009203583467751741,0.005,0.3,50.0,20.0,0.2,0.01,11.309932474020215,3.9788035961636785,0.0063,/Users/hojunsong/Desktop/SpillSinkSimulator/project/renders/ridge_micro/N_d050_t005__angle_th-55.0.png
N_d050_t005,angle,-50.0,0.004154468479703194,4.250139318173751e-05,0.010230284184217453,0.0006669307476840913,0.0009200724889524281,0.005,0.3,50.0,20.0,0.2,0.01,11.309932474020215,3.9788035961636785,0.0063,/Users/hojunsong/Desktop/SpillSinkSimulator/project/renders/ridge_micro/N_d050_t005__angle_th-50.0.png
N_d050_t005,angle,-45.0,0.003170402757909652,3.5679575375979766e-05,0.011253956705331802,0.0005349324201233685,0.0006559187895618379,0.005,0.3,50.0,20.0,0.2,0.01,11.309932474020215,3.9788035961636785,0.0063,/Users/hojunsong/Desktop/SpillSinkSimulator/project/renders/ridge_micro/N_d050_t005__angle_th-45.0.png
N_d050_t005,angle,-40.0,0.0035202815442972996,4.2919189581880346e-05,0.01219197642058134,0.0006486584898084402,0.0008686682558618486,0.005,0.3,50.0,20.0,0.2,0.01,11.309932474020215,3.9788035961636785,0.0063,/Users/hojunsong/Desktop/SpillSinkSimulator/project/renders/ridge_micro/N_d050_t005__angle_th-40.0.png
N_d050_t005,angle,-35.0,0.0033123534295079714,4.3183845264138654e-05,0.013037209399044514,0.0006449203938245773,0.0008803544915281236,0.005,0.3,50.0,20.0,0.2,0.01,11.309932474020215,3.9788035961636785,0.0063,/Users/hojunsong/Desktop/SpillSinkSimulator/project/renders/ridge_micro/N_d050_t005__angle_th-35.0.png
N_d050_t005,angle,-30.0,0.0026469719870566974,3.6483805160969496e-05,0.013783222995698452,0.0005152474041096866,0.0006358159007504582,0.005,0.3,50.0,20.0,0.2,0.01,11.309932474020215,3.9788035961636785,0.0063,/Users/hojunsong/Desktop/SpillSinkSimulator/project/renders/ridge_micro/N_d050_t005__angle_th-30.0.png
N_d050_t005,angle,-25.0,0.0030506732650276056,4.40039366367273e-05,0.014424336142838001,0.0006328006274998188,0.0008414319599978626,0.005,0.3,50.0,20.0,0.2,0.01,11.309932474020215,3.9788035961636785,0.0063,/Users/hojunsong/Desktop/SpillSinkSimulator/project/renders/ridge_micro/N_d050_t005__angle_th-25.0.png
N_d050_t005,angle,-20.0,0.0029826404999652523,4.4607408199226484e-05,0.014955677092075348,0.0006344752036966383,0.000843841873575002,0.005,0.3,50.0,20.0,0.2,0.01,11.309932474020215,3.9788035961636785,0.0063,/Users/hojunsong/Desktop/SpillSinkSimulator/project/renders/ridge_micro/N_d050_t005__angle_th-20.0.png
N_d050_t005,angle,-15.0,0.0024955461920869518,3.836450559902005e-05,0.015373189933598042,0.0005048696184530854,0.0006140361074358225,0.005,0.3,50.0,20.0,0.2,0.01,11.309932474020215,3.9788035961636785,0.0063,/Users/hojunsong/Desktop/SpillSinkSimulator/project/renders/ridge_micro/N_d050_t005__angle_th-15.0.png
N_d050_t005,angle,-10.0,0.011088632947289262,0.00017379995551891625,0.01567370444536209,0.00258714915253222,0.003260193392634392,0.005,0.3,50.0,20.0,0.2,0.01,11.309932474020215,3.9788035961636785,0.0063,/Users/hojunsong/Desktop/SpillSinkSimulator/project/renders/ridge_micro/N_d050_t005__angle_th-10.0.png
N_d050_t005,angle,-5.0,0.01276757263554076,0.00020242900063749403,0.015854932367801666,0.0030151556711643934,0.003310059430077672,0.005,0.3,50.0,20.0,0.2,0.01,11.309932474020215,3.9788035961636785,0.0063,/Users/hojunsong/Desktop/SpillSinkSimulator/project/renders/ridge_micro/N_d050_t005__angle_th-05.0.png
N_d050_t005,angle,0.0,0.012417468898866926,0.00019762964802794158,0.01591545343399048,0.003029167652130127,0.0032612632494419813,0.005,0.3,50.0,20.0,0.2,0.01,11.309932474020215,3.9788035961636785,0.0063,/Users/hojunsong/Desktop/SpillSinkSimulator/project/renders/ridge_micro/N_d050_t005__angle_th+00.0.png
N_d050_t005,angle,5.0,0.012711353634235317,0.00020153765217401087,0.015854932367801666,0.0029763872735202312,0.003175069810822606,0.005,0.3,50.0,20.0,0.2,0.01,11.309932474020215,3.9788035961636785,0.0063,/Users/hojunsong/Desktop/SpillSinkSimulator/project/renders/ridge_micro/N_d050_t005__angle_th+05.0.png
N_d050_t005,angle,10.0,0.011077267124560712,0.00017362181097269058,0.01567370444536209,0.002713566878810525,0.00311355572193861,0.005,0.3,50.0,20.0,0.2,0.01,11.309932474020215,3.9788035961636785,0.0063,/Users/hojunsong/Desktop/SpillSinkSimulator/project/renders/ridge_micro/N_d050_t005__angle_th+10.0.png
N_d050_t005,angle,15.0,0.0024818792477103724,3.815439413301647e-05,0.015373187139630318,0.0005075198132544756,0.0006453528767451644,0.005,0.3,50.0,20.0,0.2,0.01,11.309932474020215,3.9788035961636785,0.0063,/Users/hojunsong/Desktop/SpillSinkSimulator/project/renders/ridge_micro/N_d050_t005__angle_th+15.0.png
N_d050_t005,angle,20.0,0.002958717229100844,4.42496057075914e-05,0.014955672435462475,0.0006334521458484232,0.0008536986424587667,0.005,0.3,50.0,20.0,0.2,0.01,11.309932474020215,3.9788035961636785,0.0063,/Users/hojunsong/Desktop/SpillSinkSimulator/project/renders/ridge_micro/N_d050_t005__angle_th+20.0.png
N_d050_t005,angle,25.0,0.0030235034254712436,4.361203536973335e-05,0.01442433800548315,0.0006327932351268828,0.0008561268332414329,0.005,0.3,50.0,20.0,0.2,0.01,11.309932474020215,3.9788035961636785,0.0063,/Users/hojunsong/Desktop/SpillSinkSimulator/project/renders/ridge_micro/N_d050_t005__angle_th+25.0.png
N_d050_t005,angle,30.0,0.002621538571267081,3.6133253161096945e-05,0.013783223927021027,0.0005138539127074182,0.0006336799124255776,0.005,0.3,50.0,20.0,0.2,0.01,11.309932474020215,3.9788035961636785,0.0063,/Users/hojunsong/Desktop/SpillSinkSimulator/project/renders/ridge_micro/N_d050_t005__angle_th+30.0.png
N_d050_t005,angle,35.0,0.0032809479384791206,4.277440530131571e-05,0.013037209399044514,0.0006432632799260318,0.000880227133166045,0.005,0.3,50.0,20.0,0.2,0.01,11.309932474020215,3.9788035961636785,0.0063,/Users/hojunsong/Desktop/SpillSinkSimulator/project/renders/ridge_micro/N_d050_t005__angle_th+35.0.png
N_d050_t005,angle,40.0,0.0034916643336451243,4.2570289224386215e-05,0.01219197642058134,0.0006492319516837597,0.0008582626469433308,0.005,0.3,50.0,20.0,0.2,0.01,11.309932474020215,3.9788035961636785,0.0063,/Users/hojunsong/Desktop/SpillSinkSimulator/project/renders/ridge_micro/N_d050_t005__angle_th+40.0.png
N_d050_t005,angle,45.0,0.0031578994986652424,3.553885835572146e-05,0.011253954842686653,0.000535700295586139,0.0006616129539906979,0.005,0.3,50.0,20.0,0.2,0.01,11.309932474020215,3.9788035961636785,0.0063,/Users/hojunsong/Desktop/SpillSinkSimulator/project/renders/ridge_micro/N_d050_t005__angle_th+45.0.png
N_d050_t005,angle,50.0,0.004163575620381979,4.259456181898713e-05,0.010230284184217453,0.0006684582913294435,0.0009252654272131622,0.005,0.3,50.0,20.0,0.2,0.01,11.309932474020215,3.9788035961636785,0.0063,/Users/hojunsong/Desktop/SpillSinkSimulator/project/renders/ridge_micro/N_d050_t005__angle_th+50.0.png
N_d050_t005,angle,55.0,0.00465516188135615,4.2495823436183855e-05,0.00912875309586525,0.0006699343794025481,0.0009200161439366639,0.005,0.3,50.0,20.0,0.2,0.01,11.309932474020215,3.9788035961636785,0.0063,/Users/hojunsong/Desktop/SpillSinkSimulator/project/renders/ridge_micro/N_d050_t005__angle_th+55.0.png
N_d050_t005,angle,60.0,0.004428618665667903,3.524183193803765e-05,0.007957748137414455,0.0005273218266665936,0.0007108682184480131,0.005,0.3,50.0,20.0,0.2,0.01,11.309932474020215,3.9788035961636785,0.0063,/Users/hojunsong/Desktop/SpillSinkSimulator/project/renders/ridge_micro/N_d050_t005__angle_th+60.0.png
N_d050_t010,hemi_view,-80.0,0.07064614056119276,0.0035323062911629677,0.049999989569187164,0.004355542827397585,0.00449088541790843,0.005,0.3,50.0,20.0,0.2,0.01,11.309932474020215,3.9788035961636785,0.0063,/Users/hojunsong/Desktop/SpillSinkSimulator/project/renders/ridge_micro/N_d050_t010__hemi_view_th-80.0.png
N_d050_t010,hemi_view,-70.0,0.0424811349369174,0.002124055987223983,0.04999998211860657,0.0034227704163640738,0.0036472741048783064,0.005,0.3,50.0,20.0,0.2,0.01,11.309932474020215,3.9788035961636785,0.0063,/Users/hojunsong/Desktop/SpillSinkSimulator/project/renders/ridge_micro/N_d050_t010__hemi_view_th-70.0.png
N_d050_t010,hemi_view,-60.0,0.016586507226396287,0.0008293249411508441,0.04999997466802597,0.001759975915774703,0.0019573664758354425,0.005,0.3,50.0,20.0,0.2,0.01,11.309932474020215,3.9788035961636785,0.0063,/Users/hojunsong/Desktop/SpillSinkSimulator/project/renders/ridge_micro/N_d050_t010__hemi_view_th-60.0.png
N_d050_t010,hemi_view,-50.0,0.005502991655757151,0.0002751495048869401,0.049999985843896866,0.0007910208078101277,0.0009296449716202915,0.005,0.3,50.0,20.0,0.2,0.01,11.309932474020215,3.9788035961636785,0.0063,/Users/hojunsong/Desktop/SpillSinkSimulator/project/renders/ridge_micro/N_d050_t010__hemi_view_th-50.0.png
N_d050_t010,hemi_view,-40.0,0.002704888851081318,0.00013524439418688416,0.04999998211860657,0.0006598256877623498,0.000768795667681843,0.005,0.3,50.0,20.0,0.2,0.01,11.309932474020215,3.9788035961636785,0.0063,/Users/hojunsong/Desktop/SpillSinkSimulator/project/renders/ridge_micro/N_d050_t010__hemi_view_th-40.0.png
N_d050_t010,hemi_view,-30.0,0.0017817511203720613,8.908753079595044e-05,0.049999985843896866,0.000664444116409868,0.0007562399259768426,0.005,0.3,50.0,20.0,0.2,0.01,11.309932474020215,3.9788035961636785,0.0063,/Users/hojunsong/Desktop/SpillSinkSimulator/project/renders/ridge_micro/N_d050_t010__hemi_view_th-30.0.png
N_d050_t010,hemi_view,-20.0,0.0013825687925856712,6.912841490702704e-05,0.04999998211860657,0.0006587039679288864,0.0007418386521749198,0.005,0.3,50.0,20.0,0.2,0.01,11.309932474020215,3.9788035961636785,0.0063,/Users/hojunsong/Desktop/SpillSinkSimulator/project/renders/ridge_micro/N_d050_t010__hemi_view_th-20.0.png
N_d050_t010,hemi_view,-10.0,0.0016488339892206444,8.244166383519769e-05,0.04999997839331627,0.0007167324074544013,0.001015053247101605,0.005,0.3,50.0,20.0,0.2,0.01,11.309932474020215,3.9788035961636785,0.0063,/Users/hojunsong/Desktop/SpillSinkSimulator/project/renders/ridge_micro/N_d050_t010__hemi_view_th-10.0.png
N_d050_t010,hemi_view,0.0,0.0017061480417872698,8.530736522516236e-05,0.04999997839331627,0.0006709062727168202,0.0007670740014873445,0.005,0.3,50.0,20.0,0.2,0.01,11.309932474020215,3.9788035961636785,0.0063,/Users/hojunsong/Desktop/SpillSinkSimulator/project/renders/ridge_micro/N_d050_t010__hemi_view_th+00.0.png
N_d050_t010,hemi_view,10.0,0.0016501793143648671,8.250893006334081e-05,0.04999997839331627,0.0007296054973267019,0.0010291575454175472,0.005,0.3,50.0,20.0,0.2,0.01,11.309932474020215,3.9788035961636785,0.0063,/Users/hojunsong/Desktop/SpillSinkSimulator/project/renders/ridge_micro/N_d050_t010__hemi_view_th+10.0.png
N_d050_t010,hemi_view,20.0,0.0013762484569842066,6.881239823997021e-05,0.04999998211860657,0.0006510212551802397,0.0007562373648397624,0.005,0.3,50.0,20.0,0.2,0.01,11.309932474020215,3.9788035961636785,0.0063,/Users/hojunsong/Desktop/SpillSinkSimulator/project/renders/ridge_micro/N_d050_t010__hemi_view_th+20.0.png
N_d050_t010,hemi_view,30.0,0.001771903836549042,8.859516674419865e-05,0.049999985843896866,0.0006383421714417636,0.0007672306965105236,0.005,0.3,50.0,20.0,0.2,0.01,11.309932474020215,3.9788035961636785,0.0063,/Users/hojunsong/Desktop/SpillSinkSimulator/project/renders/ridge_micro/N_d050_t010__hemi_view_th+30.0.png
N_d050_t010,hemi_view,40.0,0.0026963634629767106,0.00013481812493409961,0.04999998211860657,0.0006709416047669947,0.0007992113824002445,0.005,0.3,50.0,20.0,0.2,0.01,11.309932474020215,3.9788035961636785,0.0063,/Users/hojunsong/Desktop/SpillSinkSimulator/project/renders/ridge_micro/N_d050_t010__hemi_view_th+40.0.png
N_d050_t010,hemi_view,50.0,0.005538074004998894,0.0002769036218523979,0.049999985843896866,0.0008532778592780232,0.0011203042231500149,0.005,0.3,50.0,20.0,0.2,0.01,11.309932474020215,3.9788035961636785,0.0063,/Users/hojunsong/Desktop/SpillSinkSimulator/project/renders/ridge_micro/N_d050_t010__hemi_view_th+50.0.png
N_d050_t010,hemi_view,60.0,0.017333423653042378,0.0008666707435622811,0.04999997466802597,0.001909060636535287,0.0021810729522258043,0.005,0.3,50.0,20.0,0.2,0.01,11.309932474020215,3.9788035961636785,0.0063,/Users/hojunsong/Desktop/SpillSinkSimulator/project/renders/ridge_micro/N_d050_t010__hemi_view_th+60.0.png
N_d050_t010,hemi_view,70.0,0.04404139883061606,0.002202069154009223,0.04999998211860657,0.0036857356317341328,0.003932817839086056,0.005,0.3,50.0,20.0,0.2,0.01,11.309932474020215,3.9788035961636785,0.0063,/Users/hojunsong/Desktop/SpillSinkSimulator/project/renders/ridge_micro/N_d050_t010__hemi_view_th+70.0.png
N_d050_t010,hemi_view,80.0,0.07149173506921963,0.003574586007744074,0.049999989569187164,0.00446499465033412,0.004589793272316456,0.005,0.3,50.0,20.0,0.2,0.01,11.309932474020215,3.9788035961636785,0.0063,/Users/hojunsong/Desktop/SpillSinkSimulator/project/renders/ridge_micro/N_d050_t010__hemi_view_th+80.0.png
N_d050_t010,angle,-60.0,0.004513559722241078,3.59177756763529e-05,0.00795774906873703,0.00053139723604545,0.0006515898858197033,0.005,0.3,50.0,20.0,0.2,0.01,11.309932474020215,3.9788035961636785,0.0063,/Users/hojunsong/Desktop/SpillSinkSimulator/project/renders/ridge_micro/N_d050_t010__angle_th-60.0.png
N_d050_t010,angle,-55.0,0.004696787956502213,4.28758175985422e-05,0.00912875309586525,0.0006713595939800143,0.0009205180103890598,0.005,0.3,50.0,20.0,0.2,0.01,11.309932474020215,3.9788035961636785,0.0063,/Users/hojunsong/Desktop/SpillSinkSimulator/project/renders/ridge_micro/N_d050_t010__angle_th-55.0.png
N_d050_t010,angle,-50.0,0.004190186180480932,4.286679541110061e-05,0.010230284184217453,0.000667136802803725,0.0009199960040859878,0.005,0.3,50.0,20.0,0.2,0.01,11.309932474020215,3.9788035961636785,0.0063,/Users/hojunsong/Desktop/SpillSinkSimulator/project/renders/ridge_micro/N_d050_t010__angle_th-50.0.png
N_d050_t010,angle,-45.0,0.003188787002505163,3.588647086871788e-05,0.011253956705331802,0.0005352494772523642,0.000655456620734185,0.005,0.3,50.0,20.0,0.2,0.01,11.309932474020215,3.9788035961636785,0.0063,/Users/hojunsong/Desktop/SpillSinkSimulator/project/renders/ridge_micro/N_d050_t010__angle_th-45.0.png
N_d050_t010,angle,-40.0,0.0035215198678905067,4.2934287193929777e-05,0.01219197642058134,0.0006487604696303606,0.000868230068590492,0.005,0.3,50.0,20.0,0.2,0.01,11.309932474020215,3.9788035961636785,0.0063,/Users/hojunsong/Desktop/SpillSinkSimulator/project/renders/ridge_micro/N_d050_t010__angle_th-40.0.png
N_d050_t010,angle,-35.0,0.003302140631486141,4.3050698877777904e-05,0.013037209399044514,0.0006446989718824625,0.0008799221250228584,0.005,0.3,50.0,20.0,0.2,0.01,11.309932474020215,3.9788035961636785,0.0063,/Users/hojunsong/Desktop/SpillSinkSimulator/project/renders/ridge_micro/N_d050_t010__angle_th-35.0.png
N_d050_t010,angle,-30.0,0.0026238500931746707,3.616511094151065e-05,0.013783222995698452,0.0005152093362994492,0.0006353310309350491,0.005,0.3,50.0,20.0,0.2,0.01,11.309932474020215,3.9788035961636785,0.0063,/Users/hojunsong/Desktop/SpillSinkSimulator/project/renders/ridge_micro/N_d050_t010__angle_th-30.0.png
N_d050_t010,angle,-25.0,0.003014701393587415,4.348506627138704e-05,0.014424336142838001,0.0006324012065306306,0.0008416547789238393,0.005,0.3,50.0,20.0,0.2,0.01,11.309932474020215,3.9788035961636785,0.0063,/Users/hojunsong/Desktop/SpillSinkSimulator/project/renders/ridge_micro/N_d050_t010__angle_th-25.0.png
N_d050_t010,angle,-20.0,0.0029323965829606137,4.3855976400664076e-05,0.014955677092075348,0.0006345487199723721,0.0008439497905783355,0.005,0.3,50.0,20.0,0.2,0.01,11.309932474020215,3.9788035961636785,0.0063,/Users/hojunsong/Desktop/SpillSinkSimulator/project/renders/ridge_micro/N_d050_t010__angle_th-20.0.png
N_d050_t010,angle,-15.0,0.002428138044026848,3.7328227335819975e-05,0.015373189933598042,0.0005046839360147715,0.0006141774938441813,0.005,0.3,50.0,20.0,0.2,0.01,11.309932474020215,3.9788035961636785,0.0063,/Users/hojunsong/Desktop/SpillSinkSimulator/project/renders/ridge_micro/N_d050_t010__angle_th-15.0.png
N_d050_t010,angle,-10.0,0.01098303997911526,0.0001721449225442484,0.01567370444536209,0.0025865943171083927,0.003259427146986127,0.005,0.3,50.0,20.0,0.2,0.01,11.309932474020215,3.9788035961636785,0.0063,/Users/hojunsong/Desktop/SpillSinkSimulator/project/renders/ridge_micro/N_d050_t010__angle_th-10.0.png
N_d050_t010,angle,-5.0,0.012593324294776395,0.00019966630497947335,0.015854932367801666,0.003014064161106944,0.0033089732751250267,0.005,0.3,50.0,20.0,0.2,0.01,11.309932474020215,3.9788035961636785,0.0063,/Users/hojunsong/Desktop/SpillSinkSimulator/project/renders/ridge_micro/N_d050_t010__angle_th-05.0.png
N_d050_t010,angle,0.0,0.01223441623245196,0.0001947162818396464,0.01591545343399048,0.003027935978025198,0.0032616639509797096,0.005,0.3,50.0,20.0,0.2,0.01,11.309932474020215,3.9788035961636785,0.0063,/Users/hojunsong/Desktop/SpillSinkSimulator/project/renders/ridge_micro/N_d050_t010__angle_th+00.0.png
N_d050_t010,angle,5.0,0.012518491061262314,0.0001984798291232437,0.015854932367801666,0.002974587259814143,0.003176289377734065,0.005,0.3,50.0,20.0,0.2,0.01,11.309932474020215,3.9788035961636785,0.0063,/Users/hojunsong/Desktop/SpillSinkSimulator/project/renders/ridge_micro/N_d050_t010__angle_th+05.0.png
N_d050_t010,angle,10.0,0.010955630910450641,0.00017171532090287656,0.01567370444536209,0.0027125105261802673,0.0031121436040848494,0.005,0.3,50.0,20.0,0.2,0.01,11.309932474020215,3.9788035961636785,0.0063,/Users/hojunsong/Desktop/SpillSinkSimulator/project/renders/ridge_micro/N_d050_t010__angle_th+10.0.png
N_d050_t010,angle,15.0,0.0024013046656917976,3.6915706004947424e-05,0.015373187139630318,0.0005073506035842001,0.0006453377427533269,0.005,0.3,50.0,20.0,0.2,0.01,11.309932474020215,3.9788035961636785,0.0063,/Users/hojunsong/Desktop/SpillSinkSimulator/project/renders/ridge_micro/N_d050_t010__angle_th+15.0.png
N_d050_t010,angle,20.0,0.002896946129054395,4.332577736931853e-05,0.014955672435462475,0.0006331201875582337,0.0008532868814654648,0.005,0.3,50.0,20.0,0.2,0.01,11.309932474020215,3.9788035961636785,0.0063,/Users/hojunsong/Desktop/SpillSinkSimulator/project/renders/ridge_micro/N_d050_t010__angle_th+20.0.png
N_d050_t010,angle,25.0,0.002977507426710266,4.2948573536705226e-05,0.01442433800548315,0.0006324304267764091,0.0008557378896512091,0.005,0.3,50.0,20.0,0.2,0.01,11.309932474020215,3.9788035961636785,0.0063,/Users/hojunsong/Desktop/SpillSinkSimulator/project/renders/ridge_micro/N_d050_t010__angle_th+25.0.png
N_d050_t010,angle,30.0,0.0025895204964328823,3.569194086594507e-05,0.013783223927021027,0.0005140113644301891,0.0006332033080980182,0.005,0.3,50.0,20.0,0.2,0.01,11.309932474020215,3.9788035961636785,0.0063,/Users/hojunsong/Desktop/SpillSinkSimulator/project/renders/ridge_micro/N_d050_t010__angle_th+30.0.png
N_d050_t010,angle,35.0,0.003262045932620962,4.252797589288093e-05,0.013037209399044514,0.0006431631627492607,0.0008803620003163815,0.005,0.3,50.0,20.0,0.2,0.01,11.309932474020215,3.9788035961636785,0.0063,/Users/hojunsong/Desktop/SpillSinkSimulator/project/renders/ridge_micro/N_d050_t010__angle_th+35.0.png
N_d050_t010,angle,40.0,0.003485204163574538,4.249152698321268e-05,0.01219197642058134,0.0006494568660855293,0.0008585844188928604,0.005,0.3,50.0,20.0,0.2,0.01,11.309932474020215,3.9788035961636785,0.0063,/Users/hojunsong/Desktop/SpillSinkSimulator/project/renders/ridge_micro/N_d050_t010__angle_th+40.0.png
N_d050_t010,angle,45.0,0.003165907027955182,3.562897472875193e-05,0.011253954842686653,0.0005357915651984513,0.0006622408982366323,0.005,0.3,50.0,20.0,0.2,0.01,11.309932474020215,3.9788035961636785,0.0063,/Users/hojunsong/Desktop/SpillSinkSimulator/project/renders/ridge_micro/N_d050_t010__angle_th+45.0.png
N_d050_t010,angle,50.0,0.00419204921484314,4.2885854782070965e-05,0.010230284184217453,0.0006689064321108162,0.0009260496590286493,0.005,0.3,50.0,20.0,0.2,0.01,11.309932474020215,3.9788035961636785,0.0063,/Users/hojunsong/Desktop/SpillSinkSimulator/project/renders/ridge_micro/N_d050_t010__angle_th+50.0.png
N_d050_t010,angle,55.0,0.004703650448498683,4.293846359360032e-05,0.00912875309586525,0.000670843874104321,0.0009212681907229125,0.005,0.3,50.0,20.0,0.2,0.01,11.309932474020215,3.9788035961636785,0.0063,/Users/hojunsong/Desktop/SpillSinkSimulator/project/renders/ridge_micro/N_d050_t010__angle_th+55.0.png
N_d050_t010,angle,60.0,0.004500176837515582,3.581127384677529e-05,0.007957748137414455,0.0005283766658976674,0.0007124381954781711,0.005,0.3,50.0,20.0,0.2,0.01,11.309932474020215,3.9788035961636785,0.0063,/Users/hojunsong/Desktop/SpillSinkSimulator/project/renders/ridge_micro/N_d050_t010__angle_th+60.0.png
N_d050_t030,hemi_view,-80.0,0.05932083659606743,0.002966041211038828,0.049999989569187164,0.004100380465388298,0.004245767369866371,0.005,0.3,50.0,20.0,0.2,0.01,11.309932474020215,3.9788035961636785,0.0063,/Users/hojunsong/Desktop/SpillSinkSimulator/project/renders/ridge_micro/N_d050_t030__hemi_view_th-80.0.png
N_d050_t030,hemi_view,-70.0,0.050558801195192765,0.0025279391556978226,0.04999998211860657,0.0032556899823248386,0.0035037535708397627,0.005,0.3,50.0,20.0,0.2,0.01,11.309932474020215,3.9788035961636785,0.0063,/Users/hojunsong/Desktop/SpillSinkSimulator/project/renders/ridge_micro/N_d050_t030__hemi_view_th-70.0.png
N_d050_t030,hemi_view,-60.0,0.04950015519567246,0.0024750065058469772,0.04999997466802597,0.0029415935277938843,0.003060032380744815,0.005,0.3,50.0,20.0,0.2,0.01,11.309932474020215,3.9788035961636785,0.0063,/Users/hojunsong/Desktop/SpillSinkSimulator/project/renders/ridge_micro/N_d050_t030__hemi_view_th-60.0.png
N_d050_t030,hemi_view,-50.0,0.04884202950445653,0.0024421007838100195,0.049999985843896866,0.003151450539007783,0.003268164349719882,0.005,0.3,50.0,20.0,0.2,0.01,11.309932474020215,3.9788035961636785,0.0063,/Users/hojunsong/Desktop/SpillSinkSimulator/project/renders/ridge_micro/N_d050_t030__hemi_view_th-50.0.png
N_d050_t030,hemi_view,-40.0,0.03234310300997603,0.001617154572159052,0.04999998211860657,0.0033855310175567865,0.003507656743749976,0.005,0.3,50.0,20.0,0.2,0.01,11.309932474020215,3.9788035961636785,0.0063,/Users/hojunsong/Desktop/SpillSinkSimulator/project/renders/ridge_micro/N_d050_t030__hemi_view_th-40.0.png
N_d050_t030,hemi_view,-30.0,0.015609488818128221,0.0007804742199368775,0.049999985843896866,0.003373985644429922,0.0035682215820997953,0.005,0.3,50.0,20.0,0.2,0.01,11.309932474020215,3.9788035961636785,0.0063,/Users/hojunsong/Desktop/SpillSinkSimulator/project/renders/ridge_micro/N_d050_t030__hemi_view_th-30.0.png
N_d050_t030,hemi_view,-20.0,0.00599663278805743,0.00029983153217472136,0.04999998211860657,0.002090313471853733,0.0025572716258466244,0.005,0.3,50.0,20.0,0.2,0.01,11.309932474020215,3.9788035961636785,0.0063,/Users/hojunsong/Desktop/SpillSinkSimulator/project/renders/ridge_micro/N_d050_t030__hemi_view_th-20.0.png
N_d050_t030,hemi_view,-10.0,0.0028767318206872465,0.0001438365288777277,0.04999997839331627,0.0007384472410194576,0.001017239992506802,0.005,0.3,50.0,20.0,0.2,0.01,11.309932474020215,3.9788035961636785,0.0063,/Users/hojunsong/Desktop/SpillSinkSimulator/project/renders/ridge_micro/N_d050_t030__hemi_view_th-10.0.png
N_d050_t030,hemi_view,0.0,0.002287012436356182,0.00011435057240305468,0.04999997839331627,0.0006801373092457652,0.0007700803107582033,0.005,0.3,50.0,20.0,0.2,0.01,11.309932474020215,3.9788035961636785,0.0063,/Users/hojunsong/Desktop/SpillSinkSimulator/project/renders/ridge_micro/N_d050_t030__hemi_view_th+00.0.png
N_d050_t030,hemi_view,10.0,0.0028426951672980167,0.0001421346969436854,0.04999997839331627,0.0007587176514789462,0.001044723205268383,0.005,0.3,50.0,20.0,0.2,0.01,11.309932474020215,3.9788035961636785,0.0063,/Users/hojunsong/Desktop/SpillSinkSimulator/project/renders/ridge_micro/N_d050_t030__hemi_view_th+10.0.png
N_d050_t030,hemi_view,20.0,0.005867446077148703,0.0002933721989393234,0.04999998211860657,0.0020639486610889435,0.0025501984637230635,0.005,0.3,50.0,20.0,0.2,0.01,11.309932474020215,3.9788035961636785,0.0063,/Users/hojunsong/Desktop/SpillSinkSimulator/project/renders/ridge_micro/N_d050_t030__hemi_view_th+20.0.png
N_d050_t030,hemi_view,30.0,0.015419310366241588,0.0007709653000347316,0.049999985843896866,0.003359153401106596,0.0035965899005532265,0.005,0.3,50.0,20.0,0.2,0.01,11.309932474020215,3.9788035961636785,0.0063,/Users/hojunsong/Desktop/SpillSinkSimulator/project/renders/ridge_micro/N_d050_t030__hemi_view_th+30.0.png
N_d050_t030,hemi_view,40.0,0.03307674564558112,0.0016538366908207536,0.04999998211860657,0.00337215606123209,0.0034767871256917715,0.005,0.3,50.0,20.0,0.2,0.01,11.309932474020215,3.9788035961636785,0.0063,/Users/hojunsong/Desktop/SpillSinkSimulator/project/renders/ridge_micro/N_d050_t030__hemi_view_th+40.0.png
N_d050_t030,hemi_view,50.0,0.049558384405215136,0.002477918518707156,0.049999985843896866,0.003175906604155898,0.003242158330976963,0.005,0.3,50.0,20.0,0.2,0.01,11.309932474020215,3.9788035961636785,0.0063,/Users/hojunsong/Desktop/SpillSinkSimulator/project/renders/ridge_micro/N_d050_t030__hemi_view_th+50.0.png
N_d050_t030,hemi_view,60.0,0.05029478330198873,0.002514737891033292,0.04999997466802597,0.0029431262519210577,0.003137321909889579,0.005,0.3,50.0,20.0,0.2,0.01,11.309932474020215,3.9788035961636785,0.0063,/Users/hojunsong/Desktop/SpillSinkSimulator/project/renders/ridge_micro/N_d050_t030__hemi_view_th+60.0.png
N_d050_t030,hemi_view,70.0,0.05200769749559075,0.002600383944809437,0.04999998211860657,0.003769191214814782,0.004008379299193621,0.005,0.3,50.0,20.0,0.2,0.01,11.309932474020215,3.9788035961636785,0.0063,/Users/hojunsong/Desktop/SpillSinkSimulator/project/renders/ridge_micro/N_d050_t030__hemi_view_th+70.0.png
N_d050_t030,hemi_view,80.0,0.06056274619517396,0.0030281366780400276,0.049999989569187164,0.003893956309184432,0.004062281921505928,0.005,0.3,50.0,20.0,0.2,0.01,11.309932474020215,3.9788035961636785,0.0063,/Users/hojunsong/Desktop/SpillSinkSimulator/project/renders/ridge_micro/N_d050_t030__hemi_view_th+80.0.png
N_d050_t030,angle,-60.0,0.007632709239952213,6.0739184846170247e-05,0.00795774906873703,0.0005951458006165922,0.0006744954735040665,0.005,0.3,50.0,20.0,0.2,0.01,11.309932474020215,3.9788035961636785,0.0063,/Users/hojunsong/Desktop/SpillSinkSimulator/project/renders/ridge_micro/N_d050_t030__angle_th-60.0.png
N_d050_t030,angle,-55.0,0.006916398026805758,6.313808989943936e-05,0.00912875309586525,0.0006800704286433756,0.0009309683809988201,0.005,0.3,50.0,20.0,0.2,0.01,11.309932474020215,3.9788035961636785,0.0063,/Users/hojunsong/Desktop/SpillSinkSimulator/project/renders/ridge_micro/N_d050_t030__angle_th-55.0.png
N_d050_t030,angle,-50.0,0.005815882980225011,5.94981356698554e-05,0.010230284184217453,0.0006736526847817004,0.0009266557754017413,0.005,0.3,50.0,20.0,0.2,0.01,11.309932474020215,3.9788035961636785,0.0063,/Users/hojunsong/Desktop/SpillSinkSimulator/project/renders/ridge_micro/N_d050_t030__angle_th-50.0.png
N_d050_t030,angle,-45.0,0.004451952799539616,5.010208406019956e-05,0.011253956705331802,0.0005445829592645168,0.0006652982556261122,0.005,0.3,50.0,20.0,0.2,0.01,11.309932474020215,3.9788035961636785,0.0063,/Users/hojunsong/Desktop/SpillSinkSimulator/project/renders/ridge_micro/N_d050_t030__angle_th-45.0.png
N_d050_t030,angle,-40.0,0.0045261237580718405,5.518239413504489e-05,0.01219197642058134,0.0006579394685104489,0.0008753116708248854,0.005,0.3,50.0,20.0,0.2,0.01,11.309932474020215,3.9788035961636785,0.0063,/Users/hojunsong/Desktop/SpillSinkSimulator/project/renders/ridge_micro/N_d050_t030__angle_th-40.0.png
N_d050_t030,angle,-35.0,0.004142350111496888,5.4004685807740316e-05,0.013037209399044514,0.0006528127705678344,0.0008849939331412315,0.005,0.3,50.0,20.0,0.2,0.01,11.309932474020215,3.9788035961636785,0.0063,/Users/hojunsong/Desktop/SpillSinkSimulator/project/renders/ridge_micro/N_d050_t030__angle_th-35.0.png
N_d050_t030,angle,-30.0,0.0034017386266359624,4.6886922064004466e-05,0.013783222995698452,0.0005197195569053292,0.0006376669043675065,0.005,0.3,50.0,20.0,0.2,0.01,11.309932474020215,3.9788035961636785,0.0063,/Users/hojunsong/Desktop/SpillSinkSimulator/project/renders/ridge_micro/N_d050_t030__angle_th-30.0.png
N_d050_t030,angle,-25.0,0.0038606502190597337,5.568731648963876e-05,0.014424336142838001,0.0006347969174385071,0.000845954695250839,0.005,0.3,50.0,20.0,0.2,0.01,11.309932474020215,3.9788035961636785,0.0063,/Users/hojunsong/Desktop/SpillSinkSimulator/project/renders/ridge_micro/N_d050_t030__angle_th-25.0.png
N_d050_t030,angle,-20.0,0.003988875449169214,5.9656333178281784e-05,0.014955677092075348,0.0006363403517752886,0.0008470450411550701,0.005,0.3,50.0,20.0,0.2,0.01,11.309932474020215,3.9788035961636785,0.0063,/Users/hojunsong/Desktop/SpillSinkSimulator/project/renders/ridge_micro/N_d050_t030__angle_th-20.0.png
N_d050_t030,angle,-15.0,0.0036806171682830574,5.658282680087723e-05,0.015373189933598042,0.0005048105958849192,0.0006171319400891662,0.005,0.3,50.0,20.0,0.2,0.01,11.309932474020215,3.9788035961636785,0.0063,/Users/hojunsong/Desktop/SpillSinkSimulator/project/renders/ridge_micro/N_d050_t030__angle_th-15.0.png
N_d050_t030,angle,-10.0,0.01207023635028752,0.00018918531714007258,0.01567370444536209,0.0025853528641164303,0.0032605144660919905,0.005,0.3,50.0,20.0,0.2,0.01,11.309932474020215,3.9788035961636785,0.0063,/Users/hojunsong/Desktop/SpillSinkSimulator/project/renders/ridge_micro/N_d050_t030__angle_th-10.0.png
N_d050_t030,angle,-5.0,0.013508108121284973,0.00021417014067992568,0.015854932367801666,0.003009243868291378,0.0033028002362698317,0.005,0.3,50.0,20.0,0.2,0.01,11.309932474020215,3.9788035961636785,0.0063,/Users/hojunsong/Desktop/SpillSinkSimulator/project/renders/ridge_micro/N_d050_t030__angle_th-05.0.png
N_d050_t030,angle,0.0,0.013139892617441024,0.0002091273490805179,0.01591545343399048,0.0030215997248888016,0.003256676485762,0.005,0.3,50.0,20.0,0.2,0.01,11.309932474020215,3.9788035961636785,0.0063,/Users/hojunsong/Desktop/SpillSinkSimulator/project/renders/ridge_micro/N_d050_t030__angle_th+00.0.png
N_d050_t030,angle,5.0,0.013486027296943206,0.00021382005070336163,0.015854932367801666,0.0029694463592022657,0.003177921986207366,0.005,0.3,50.0,20.0,0.2,0.01,11.309932474020215,3.9788035961636785,0.0063,/Users/hojunsong/Desktop/SpillSinkSimulator/project/renders/ridge_micro/N_d050_t030__angle_th+05.0.png
N_d050_t030,angle,10.0,0.012077653566247197,0.000189301572390832,0.01567370444536209,0.002710735658183694,0.0031103771179914474,0.005,0.3,50.0,20.0,0.2,0.01,11.309932474020215,3.9788035961636785,0.0063,/Users/hojunsong/Desktop/SpillSinkSimulator/project/renders/ridge_micro/N_d050_t030__angle_th+10.0.png
N_d050_t030,angle,15.0,0.0036297920606701444,5.580147262662649e-05,0.015373187139630318,0.0005071203340776265,0.0006480726297013462,0.005,0.3,50.0,20.0,0.2,0.01,11.309932474020215,3.9788035961636785,0.0063,/Users/hojunsong/Desktop/SpillSinkSimulator/project/renders/ridge_micro/N_d050_t030__angle_th+15.0.png
N_d050_t030,angle,20.0,0.003919037936128778,5.861184763489291e-05,0.014955672435462475,0.0006363072898238897,0.0008533461368642747,0.005,0.3,50.0,20.0,0.2,0.01,11.309932474020215,3.9788035961636785,0.0063,/Users/hojunsong/Desktop/SpillSinkSimulator/project/renders/ridge_micro/N_d050_t030__angle_th+20.0.png
N_d050_t030,angle,25.0,0.0037956569260973725,5.474983845488168e-05,0.01442433800548315,0.0006356232916004956,0.0008577077533118427,0.005,0.3,50.0,20.0,0.2,0.01,11.309932474020215,3.9788035961636785,0.0063,/Users/hojunsong/Desktop/SpillSinkSimulator/project/renders/ridge_micro/N_d050_t030__angle_th+25.0.png
N_d050_t030,angle,30.0,0.003344165407513056,4.609338066074997e-05,0.013783223927021027,0.0005196549464017153,0.0006374333752319217,0.005,0.3,50.0,20.0,0.2,0.01,11.309932474020215,3.9788035961636785,0.0063,/Users/hojunsong/Desktop/SpillSinkSimulator/project/renders/ridge_micro/N_d050_t030__angle_th+30.0.png
N_d050_t030,angle,35.0,0.004083985166513472,5.324376979842782e-05,0.013037209399044514,0.0006493754917755723,0.0008860662928782403,0.005,0.3,50.0,20.0,0.2,0.01,11.309932474020215,3.9788035961636785,0.0063,/Users/hojunsong/Desktop/SpillSinkSimulator/project/renders/ridge_micro/N_d050_t030__angle_th+35.0.png
N_d050_t030,angle,40.0,0.00446551304003083,5.4443429689854383e-05,0.01219197642058134,0.0006580214248970151,0.0008675462449900806,0.005,0.3,50.0,20.0,0.2,0.01,11.309932474020215,3.9788035961636785,0.0063,/Users/hojunsong/Desktop/SpillSinkSimulator/project/renders/ridge_micro/N_d050_t030__angle_th+40.0.png
N_d050_t030,angle,45.0,0.004369794171733625,4.917746628052555e-05,0.011253954842686653,0.0005437240470200777,0.0006674102041870356,0.005,0.3,50.0,20.0,0.2,0.01,11.309932474020215,3.9788035961636785,0.0063,/Users/hojunsong/Desktop/SpillSinkSimulator/project/renders/ridge_micro/N_d050_t030__angle_th+45.0.png
N_d050_t030,angle,50.0,0.005771850079506156,5.904766658204608e-05,0.010230284184217453,0.0006760804681107402,0.0009317168151028454,0.005,0.3,50.0,20.0,0.2,0.01,11.309932474020215,3.9788035961636785,0.0063,/Users/hojunsong/Desktop/SpillSinkSimulator/project/renders/ridge_micro/N_d050_t030__angle_th+50.0.png
N_d050_t030,angle,55.0,0.006857352699327193,6.259907968342304e-05,0.00912875309586525,0.0006808153702877462,0.0009298044606111944,0.005,0.3,50.0,20.0,0.2,0.01,11.309932474020215,3.9788035961636785,0.0063,/Users/hojunsong/Desktop/SpillSinkSimulator/project/renders/ridge_micro/N_d050_t030__angle_th+55.0.png
N_d050_t030,angle,60.0,0.007528117903751004,5.990686622681096e-05,0.007957748137414455,0.0005946432938799262,0.0007255847449414432,0.005,0.3,50.0,20.0,0.2,0.01,11.309932474020215,3.9788035961636785,0.0063,/Users/hojunsong/Desktop/SpillSinkSimulator/project/renders/ridge_micro/N_d050_t030__angle_th+60.0.png
N_d050_t100,hemi_view,-80.0,0.037922406098450503,0.0018961199093610048,0.049999989569187164,0.0026960326358675957,0.0028780652210116386,0.005,0.3,50.0,20.0,0.2,0.01,11.309932474020215,3.9788035961636785,0.0063,/Users/hojunsong/Desktop/SpillSinkSimulator/project/renders/ridge_micro/N_d050_t100__hemi_view_th-80.0.png
N_d050_t100,hemi_view,-70.0,0.02283522744544534,0.0011417609639465809,0.04999998211860657,0.0026058005169034004,0.0027096562553197145,0.005,0.3,50.0,20.0,0.2,0.01,11.309932474020215,3.9788035961636785,0.0063,/Users/hojunsong/Desktop/SpillSinkSimulator/project/renders/ridge_micro/N_d050_t100__hemi_view_th-70.0.png
N_d050_t100,hemi_view,-60.0,0.018381046829083446,0.0009190518758259714,0.04999997466802597,0.0027884389273822308,0.0029193179216235876,0.005,0.3,50.0,20.0,0.2,0.01,11.309932474020215,3.9788035961636785,0.0063,/Users/hojunsong/Desktop/SpillSinkSimulator/project/renders/ridge_micro/N_d050_t100__hemi_view_th-60.0.png
N_d050_t100,hemi_view,-50.0,0.017319274148959053,0.0008659634622745216,0.049999985843896866,0.0032048989087343216,0.0033503950107842684,0.005,0.3,50.0,20.0,0.2,0.01,11.309932474020215,3.9788035961636785,0.0063,/Users/hojunsong/Desktop/SpillSinkSimulator/project/renders/ridge_micro/N_d050_t100__hemi_view_th-50.0.png
N_d050_t100,hemi_view,-40.0,0.02207437853939958,0.0011037185322493315,0.04999998211860657,0.0037134967278689146,0.003947070334106684,0.005,0.3,50.0,20.0,0.2,0.01,11.309932474020215,3.9788035961636785,0.0063,/Users/hojunsong/Desktop/SpillSinkSimulator/project/renders/ridge_micro/N_d050_t100__hemi_view_th-40.0.png
N_d050_t100,hemi_view,-30.0,0.038381802540335776,0.0019190895836800337,0.049999985843896866,0.004309701267629862,0.004479124676436186,0.005,0.3,50.0,20.0,0.2,0.01,11.309932474020215,3.9788035961636785,0.0063,/Users/hojunsong/Desktop/SpillSinkSimulator/project/renders/ridge_micro/N_d050_t100__hemi_view_th-30.0.png
N_d050_t100,hemi_view,-20.0,0.0631409969610561,0.0031570487190037966,0.04999998211860657,0.004543483257293701,0.0047256299294531345,0.005,0.3,50.0,20.0,0.2,0.01,11.309932474020215,3.9788035961636785,0.0063,/Users/hojunsong/Desktop/SpillSinkSimulator/project/renders/ridge_micro/N_d050_t100__hemi_view_th-20.0.png
N_d050_t100,hemi_view,-10.0,0.05814898012310898,0.002907447749748826,0.04999997839331627,0.004723463673144579,0.004868476185947657,0.005,0.3,50.0,20.0,0.2,0.01,11.309932474020215,3.9788035961636785,0.0063,/Users/hojunsong/Desktop/SpillSinkSimulator/project/renders/ridge_micro/N_d050_t100__hemi_view_th-10.0.png
N_d050_t100,hemi_view,0.0,0.04824515654309898,0.00241225678473711,0.04999997839331627,0.004790178034454584,0.004867182113230228,0.005,0.3,50.0,20.0,0.2,0.01,11.309932474020215,3.9788035961636785,0.0063,/Users/hojunsong/Desktop/SpillSinkSimulator/project/renders/ridge_micro/N_d050_t100__hemi_view_th+00.0.png
N_d050_t100,hemi_view,10.0,0.05869691002682434,0.002934844233095646,0.04999997839331627,0.004725204780697823,0.004829060286283493,0.005,0.3,50.0,20.0,0.2,0.01,11.309932474020215,3.9788035961636785,0.0063,/Users/hojunsong/Desktop/SpillSinkSimulator/project/renders/ridge_micro/N_d050_t100__hemi_view_th+10.0.png
N_d050_t100,hemi_view,20.0,0.06277935961938845,0.0031389668583869934,0.04999998211860657,0.004569873679429293,0.004738457966595888,0.005,0.3,50.0,20.0,0.2,0.01,11.309932474020215,3.9788035961636785,0.0063,/Users/hojunsong/Desktop/SpillSinkSimulator/project/renders/ridge_micro/N_d050_t100__hemi_view_th+20.0.png
N_d050_t100,hemi_view,30.0,0.03781621250894722,0.0018908100901171565,0.049999985843896866,0.004349036607891321,0.004530805628746748,0.005,0.3,50.0,20.0,0.2,0.01,11.309932474020215,3.9788035961636785,0.0063,/Users/hojunsong/Desktop/SpillSinkSimulator/project/renders/ridge_micro/N_d050_t100__hemi_view_th+30.0.png
N_d050_t100,hemi_view,40.0,0.02184252104491748,0.0010921256616711617,0.04999998211860657,0.0037011643871665,0.0038566149305552244,0.005,0.3,50.0,20.0,0.2,0.01,11.309932474020215,3.9788035961636785,0.0063,/Users/hojunsong/Desktop/SpillSinkSimulator/project/renders/ridge_micro/N_d050_t100__hemi_view_th+40.0.png
N_d050_t100,hemi_view,50.0,0.017261831320446657,0.0008630913216620684,0.049999985843896866,0.0031950653064996004,0.003350208280608058,0.005,0.3,50.0,20.0,0.2,0.01,11.309932474020215,3.9788035961636785,0.0063,/Users/hojunsong/Desktop/SpillSinkSimulator/project/renders/ridge_micro/N_d050_t100__hemi_view_th+50.0.png
N_d050_t100,hemi_view,60.0,0.01842323343478049,0.0009211612050421536,0.04999997466802597,0.0027882398571819067,0.0029026882257312536,0.005,0.3,50.0,20.0,0.2,0.01,11.309932474020215,3.9788035961636785,0.0063,/Users/hojunsong/Desktop/SpillSinkSimulator/project/renders/ridge_micro/N_d050_t100__hemi_view_th+60.0.png
N_d050_t100,hemi_view,70.0,0.022479047656016705,0.00112395198084414,0.04999998211860657,0.0026049588341265917,0.0027211017441004515,0.005,0.3,50.0,20.0,0.2,0.01,11.309932474020215,3.9788035961636785,0.0063,/Users/hojunsong/Desktop/SpillSinkSimulator/project/renders/ridge_micro/N_d050_t100__hemi_view_th+70.0.png
N_d050_t100,hemi_view,80.0,0.037808032677508256,0.0018904012395069003,0.049999989569187164,0.002930103335529566,0.0030856363009661436,0.005,0.3,50.0,20.0,0.2,0.01,11.309932474020215,3.9788035961636785,0.0063,/Users/hojunsong/Desktop/SpillSinkSimulator/project/renders/ridge_micro/N_d050_t100__hemi_view_th+80.0.png
N_d050_t100,angle,-60.0,0.08221792927389658,0.0006542696501128376,0.00795774906873703,0.011091922409832478,0.011810247786343098,0.005,0.3,50.0,20.0,0.2,0.01,11.309932474020215,3.9788035961636785,0.0063,/Users/hojunsong/Desktop/SpillSinkSimulator/project/renders/ridge_micro/N_d050_t100__angle_th-60.0.png
N_d050_t100,angle,-55.0,0.08280070623882553,0.0007558672805316746,0.009128754027187824,0.011997699737548828,0.013614331372082233,0.005,0.3,50.0,20.0,0.2,0.01,11.309932474020215,3.9788035961636785,0.0063,/Users/hojunsong/Desktop/SpillSinkSimulator/project/renders/ridge_micro/N_d050_t100__angle_th-55.0.png
N_d050_t100,angle,-50.0,0.08357240294759503,0.0008549694321118295,0.010230284184217453,0.010748728178441525,0.011088542640209198,0.005,0.3,50.0,20.0,0.2,0.01,11.309932474020215,3.9788035961636785,0.0063,/Users/hojunsong/Desktop/SpillSinkSimulator/project/renders/ridge_micro/N_d050_t100__angle_th-50.0.png
N_d050_t100,angle,-45.0,0.12280294457624577,0.0013820190215483308,0.011253956705331802,0.014570627361536026,0.016833258792757988,0.005,0.3,50.0,20.0,0.2,0.01,11.309932474020215,3.9788035961636785,0.0063,/Users/hojunsong/Desktop/SpillSinkSimulator/project/renders/ridge_micro/N_d050_t100__angle_th-45.0.png
N_d050_t100,angle,-40.0,0.2281328023338109,0.002781389746814966,0.01219197642058134,0.028422629460692406,0.02936180680990219,0.005,0.3,50.0,20.0,0.2,0.01,11.309932474020215,3.9788035961636785,0.0063,/Users/hojunsong/Desktop/SpillSinkSimulator/project/renders/ridge_micro/N_d050_t100__angle_th-40.0.png
N_d050_t100,angle,-35.0,0.47350720218604764,0.006173212546855211,0.013037209399044514,0.048873625695705414,0.051222916692495346,0.005,0.3,50.0,20.0,0.2,0.01,11.309932474020215,3.9788035961636785,0.0063,/Users/hojunsong/Desktop/SpillSinkSimulator/project/renders/ridge_micro/N_d050_t100__angle_th-35.0.png
N_d050_t100,angle,-30.0,0.7046720041449704,0.009712651371955872,0.013783222995698452,0.05069049075245857,0.05071254074573517,0.005,0.3,50.0,20.0,0.2,0.01,11.309932474020215,3.9788035961636785,0.0063,/Users/hojunsong/Desktop/SpillSinkSimulator/project/renders/ridge_micro/N_d050_t100__angle_th-30.0.png
N_d050_t100,angle,-25.0,0.5893733431138003,0.008501319214701653,0.014424336142838001,0.0490955226123333,0.04909951612353325,0.005,0.3,50.0,20.0,0.2,0.01,11.309932474020215,3.9788035961636785,0.0063,/Users/hojunsong/Desktop/SpillSinkSimulator/project/renders/ridge_micro/N_d050_t100__angle_th-25.0.png
N_d050_t100,angle,-20.0,0.31365022938579207,0.004690851550549269,0.014955677092075348,0.027391377836465836,0.027393763884902,0.005,0.3,50.0,20.0,0.2,0.01,11.309932474020215,3.9788035961636785,0.0063,/Users/hojunsong/Desktop/SpillSinkSimulator/project/renders/ridge_micro/N_d050_t100__angle_th-20.0.png
N_d050_t100,angle,-15.0,0.14515544377157175,0.0022315022069960833,0.015373189933598042,0.010773994028568268,0.010775971226394176,0.005,0.3,50.0,20.0,0.2,0.01,11.309932474020215,3.9788035961636785,0.0063,/Users/hojunsong/Desktop/SpillSinkSimulator/project/renders/ridge_micro/N_d050_t100__angle_th-15.0.png
N_d050_t100,angle,-10.0,0.07282642093246673,0.0011414597975090146,0.01567370444536209,0.004293128382414579,0.004297861363738775,0.005,0.3,50.0,20.0,0.2,0.01,11.309932474020215,3.9788035961636785,0.0063,/Users/hojunsong/Desktop/SpillSinkSimulator/project/renders/ridge_micro/N_d050_t100__angle_th-10.0.png
N_d050_t100,angle,-5.0,0.0462360126265676,0.0007330688531510532,0.015854932367801666,0.0030174520798027515,0.0032949044834822416,0.005,0.3,50.0,20.0,0.2,0.01,11.309932474020215,3.9788035961636785,0.0063,/Users/hojunsong/Desktop/SpillSinkSimulator/project/renders/ridge_micro/N_d050_t100__angle_th-05.0.png
N_d050_t100,angle,0.0,0.041678573631313734,0.0006633333978243172,0.01591545343399048,0.003022467251867056,0.0032426316756755114,0.005,0.3,50.0,20.0,0.2,0.01,11.309932474020215,3.9788035961636785,0.0063,/Users/hojunsong/Desktop/SpillSinkSimulator/project/renders/ridge_micro/N_d050_t100__angle_th+00.0.png
N_d050_t100,angle,5.0,0.04509463097147433,0.0007149723242036998,0.015854932367801666,0.0029729013331234455,0.003177512204274535,0.005,0.3,50.0,20.0,0.2,0.01,11.309932474020215,3.9788035961636785,0.0063,/Users/hojunsong/Desktop/SpillSinkSimulator/project/renders/ridge_micro/N_d050_t100__angle_th+05.0.png
N_d050_t100,angle,10.0,0.0697671299084608,0.0010935093741863966,0.01567370444536209,0.004189576953649521,0.004194534849375486,0.005,0.3,50.0,20.0,0.2,0.01,11.309932474020215,3.9788035961636785,0.0063,/Users/hojunsong/Desktop/SpillSinkSimulator/project/renders/ridge_micro/N_d050_t100__angle_th+10.0.png
N_d050_t100,angle,15.0,0.13667274112043534,0.0021010956261307,0.015373187139630318,0.010487236082553864,0.010489784181118011,0.005,0.3,50.0,20.0,0.2,0.01,11.309932474020215,3.9788035961636785,0.0063,/Users/hojunsong/Desktop/SpillSinkSimulator/project/renders/ridge_micro/N_d050_t100__angle_th+15.0.png
N_d050_t100,angle,20.0,0.2928040242286172,0.0043790810741484165,0.014955672435462475,0.026741737499833107,0.026746973395347595,0.005,0.3,50.0,20.0,0.2,0.01,11.309932474020215,3.9788035961636785,0.0063,/Users/hojunsong/Desktop/SpillSinkSimulator/project/renders/ridge_micro/N_d050_t100__angle_th+20.0.png
N_d050_t100,angle,25.0,0.5614000244705342,0.008097823709249496,0.01442433800548315,0.04878732189536095,0.048788126558065414,0.005,0.3,50.0,20.0,0.2,0.01,11.309932474020215,3.9788035961636785,0.0063,/Users/hojunsong/Desktop/SpillSinkSimulator/project/renders/ridge_micro/N_d050_t100__angle_th+25.0.png
N_d050_t100,angle,30.0,0.6848884133813129,0.00943997036665678,0.013783223927021027,0.05070758983492851,0.050807178020477295,0.005,0.3,50.0,20.0,0.2,0.01,11.309932474020215,3.9788035961636785,0.0063,/Users/hojunsong/Desktop/SpillSinkSimulator/project/renders/ridge_micro/N_d050_t100__angle_th+30.0.png
N_d050_t100,angle,35.0,0.47335729430599366,0.006171258166432381,0.013037209399044514,0.04897913336753845,0.0514337383210659,0.005,0.3,50.0,20.0,0.2,0.01,11.309932474020215,3.9788035961636785,0.0063,/Users/hojunsong/Desktop/SpillSinkSimulator/project/renders/ridge_micro/N_d050_t100__angle_th+35.0.png
N_d050_t100,angle,40.0,0.22857054465135873,0.0027867266908288,0.01219197642058134,0.028015945106744766,0.030661046504974365,0.005,0.3,50.0,20.0,0.2,0.01,11.309932474020215,3.9788035961636785,0.0063,/Users/hojunsong/Desktop/SpillSinkSimulator/project/renders/ridge_micro/N_d050_t100__angle_th+40.0.png
N_d050_t100,angle,45.0,0.12277780733975172,0.0013817358994856477,0.011253954842686653,0.014130712486803532,0.017018010839819908,0.005,0.3,50.0,20.0,0.2,0.01,11.309932474020215,3.9788035961636785,0.0063,/Users/hojunsong/Desktop/SpillSinkSimulator/project/renders/ridge_micro/N_d050_t100__angle_th+45.0.png
N_d050_t100,angle,50.0,0.08350206068740804,0.0008542498107999563,0.010230284184217453,0.011016498319804668,0.011933418922126293,0.005,0.3,50.0,20.0,0.2,0.01,11.309932474020215,3.9788035961636785,0.0063,/Users/hojunsong/Desktop/SpillSinkSimulator/project/renders/ridge_micro/N_d050_t100__angle_th+50.0.png
N_d050_t100,angle,55.0,0.08062842432771362,0.0007360369781963527,0.00912875309586525,0.011630399152636528,0.013250269927084446,0.005,0.3,50.0,20.0,0.2,0.01,11.309932474020215,3.9788035961636785,0.0063,/Users/hojunsong/Desktop/SpillSinkSimulator/project/renders/ridge_micro/N_d050_t100__angle_th+55.0.png
N_d050_t100,angle,60.0,0.08317356806962833,0.0006618743063881993,0.007957748137414455,0.011146815493702888,0.011644039303064346,0.005,0.3,50.0,20.0,0.2,0.01,11.309932474020215,3.9788035961636785,0.0063,/Users/hojunsong/Desktop/SpillSinkSimulator/project/renders/ridge_micro/N_d050_t100__angle_th+60.0.png
N_d050_p03_t010,hemi_view,-80.0,0.0604729294273408,0.0030236458405852318,0.049999989569187164,0.0038667190819978714,0.004058896563947201,0.005,0.3,50.0,20.0,0.2,0.01,11.309932474020215,3.9788035961636785,0.0063,/Users/hojunsong/Desktop/SpillSinkSimulator/project/renders/ridge_micro/N_d050_p03_t010__hemi_view_th-80.0.png
N_d050_p03_t010,hemi_view,-70.0,0.05105511248592585,0.0025527547113597393,0.04999998211860657,0.0031511352863162756,0.003339384915307164,0.005,0.3,50.0,20.0,0.2,0.01,11.309932474020215,3.9788035961636785,0.0063,/Users/hojunsong/Desktop/SpillSinkSimulator/project/renders/ridge_micro/N_d050_p03_t010__hemi_view_th-70.0.png
N_d050_p03_t010,hemi_view,-60.0,0.05163661492086809,0.0025818294379860163,0.04999997466802597,0.0029684666078537703,0.003098446177318692,0.005,0.3,50.0,20.0,0.2,0.01,11.309932474020215,3.9788035961636785,0.0063,/Users/hojunsong/Desktop/SpillSinkSimulator/project/renders/ridge_micro/N_d050_p03_t010__hemi_view_th-60.0.png
N_d050_p03_t010,hemi_view,-50.0,0.05379974502615862,0.002689986489713192,0.049999985843896866,0.0032814871519804,0.003423849120736122,0.005,0.3,50.0,20.0,0.2,0.01,11.309932474020215,3.9788035961636785,0.0063,/Users/hojunsong/Desktop/SpillSinkSimulator/project/renders/ridge_micro/N_d050_p03_t010__hemi_view_th-50.0.png
N_d050_p03_t010,hemi_view,-40.0,0.04333384953457697,0.0021666917018592358,0.04999998211860657,0.0035938795190304518,0.0036971240770071745,0.005,0.3,50.0,20.0,0.2,0.01,11.309932474020215,3.9788035961636785,0.0063,/Users/hojunsong/Desktop/SpillSinkSimulator/project/renders/ridge_micro/N_d050_p03_t010__hemi_view_th-40.0.png
N_d050_p03_t010,hemi_view,-30.0,0.024226086553866336,0.001211303984746337,0.049999985843896866,0.0038545941933989525,0.004023408051580191,0.005,0.3,50.0,20.0,0.2,0.01,11.309932474020215,3.9788035961636785,0.0063,/Users/hojunsong/Desktop/SpillSinkSimulator/project/renders/ridge_micro/N_d050_p03_t010__hemi_view_th-30.0.png
N_d050_p03_t010,hemi_view,-20.0,0.010427197212394075,0.000521359674166888,0.04999998211860657,0.0033111211378127337,0.003804316045716405,0.005,0.3,50.0,20.0,0.2,0.01,11.309932474020215,3.9788035961636785,0.0063,/Users/hojunsong/Desktop/SpillSinkSimulator/project/renders/ridge_micro/N_d050_p03_t010__hemi_view_th-20.0.png
N_d050_p03_t010,hemi_view,-10.0,0.003917431987531895,0.00019587151473388076,0.04999997839331627,0.0012458607088774443,0.0016220711404457688,0.005,0.3,50.0,20.0,0.2,0.01,11.309932474020215,3.9788035961636785,0.0063,/Users/hojunsong/Desktop/SpillSinkSimulator/project/renders/ridge_micro/N_d050_p03_t010__hemi_view_th-10.0.png
N_d050_p03_t010,hemi_view,0.0,0.002641725855191049,0.0001320862356806174,0.04999997839331627,0.0006930263480171561,0.0007864232175052166,0.005,0.3,50.0,20.0,0.2,0.01,11.309932474020215,3.9788035961636785,0.0063,/Users/hojunsong/Desktop/SpillSinkSimulator/project/renders/ridge_micro/N_d050_p03_t010__hemi_view_th+00.0.png
N_d050_p03_t010,hemi_view,10.0,0.0037940482822604506,0.00018970233213622123,0.04999997839331627,0.0012427953770384192,0.0017261601751670241,0.005,0.3,50.0,20.0,0.2,0.01,11.309932474020215,3.9788035961636785,0.0063,/Users/hojunsong/Desktop/SpillSinkSimulator/project/renders/ridge_micro/N_d050_p03_t010__hemi_view_th+10.0.png
N_d050_p03_t010,hemi_view,20.0,0.009926385303709616,0.0004963190876878798,0.04999998211860657,0.003362069372087717,0.003894605441018939,0.005,0.3,50.0,20.0,0.2,0.01,11.309932474020215,3.9788035961636785,0.0063,/Users/hojunsong/Desktop/SpillSinkSimulator/project/renders/ridge_micro/N_d050_p03_t010__hemi_view_th+20.0.png
N_d050_p03_t010,hemi_view,30.0,0.023684235941625876,0.0011842114618048072,0.049999985843896866,0.003842148697003722,0.00402356032282114,0.005,0.3,50.0,20.0,0.2,0.01,11.309932474020215,3.9788035961636785,0.0063,/Users/hojunsong/Desktop/SpillSinkSimulator/project/renders/ridge_micro/N_d050_p03_t010__hemi_view_th+30.0.png
N_d050_p03_t010,hemi_view,40.0,0.04379771353520639,0.0021898848935961723,0.04999998211860657,0.0035935910418629646,0.003685076953843236,0.005,0.3,50.0,20.0,0.2,0.01,11.309932474020215,3.9788035961636785,0.0063,/Users/hojunsong/Desktop/SpillSinkSimulator/project/renders/ridge_micro/N_d050_p03_t010__hemi_view_th+40.0.png
N_d050_p03_t010,hemi_view,50.0,0.05436785195751767,0.002718391828238964,0.049999985843896866,0.003293837420642376,0.003424285911023617,0.005,0.3,50.0,20.0,0.2,0.01,11.309932474020215,3.9788035961636785,0.0063,/Users/hojunsong/Desktop/SpillSinkSimulator/project/renders/ridge_micro/N_d050_p03_t010__hemi_view_th+50.0.png
N_d050_p03_t010,hemi_view,60.0,0.052304182623955746,0.0026152078062295914,0.04999997466802597,0.0029818578623235226,0.0031234079506248236,0.005,0.3,50.0,20.0,0.2,0.01,11.309932474020215,3.9788035961636785,0.0063,/Users/hojunsong/Desktop/SpillSinkSimulator/project/renders/ridge_micro/N_d050_p03_t010__hemi_view_th+60.0.png
N_d050_p03_t010,hemi_view,70.0,0.05111081956564888,0.0025555400643497705,0.04999998211860657,0.0031788526102900505,0.0034382480662316084,0.005,0.3,50.0,20.0,0.2,0.01,11.309932474020215,3.9788035961636785,0.0063,/Users/hojunsong/Desktop/SpillSinkSimulator/project/renders/ridge_micro/N_d050_p03_t010__hemi_view_th+70.0.png
N_d050_p03_t010,hemi_view,80.0,0.060203036745526115,0.003010151209309697,0.049999989569187164,0.003945221658796072,0.004140879493206739,0.005,0.3,50.0,20.0,0.2,0.01,11.309932474020215,3.9788035961636785,0.0063,/Users/hojunsong/Desktop/SpillSinkSimulator/project/renders/ridge_micro/N_d050_p03_t010__hemi_view_th+80.0.png
N_d050_p03_t010,angle,-60.0,0.010953832379237896,8.71678494149819e-05,0.00795774906873703,0.0009979052701964974,0.0012857698602601886,0.005,0.3,50.0,20.0,0.2,0.01,11.309932474020215,3.9788035961636785,0.0063,/Users/hojunsong/Desktop/SpillSinkSimulator/project/renders/ridge_micro/N_d050_p03_t010__angle_th-60.0.png
N_d050_p03_t010,angle,-55.0,0.008888993056363221,8.114542288240045e-05,0.00912875309586525,0.0007104282849468291,0.0009378660470247269,0.005,0.3,50.0,20.0,0.2,0.01,11.309932474020215,3.9788035961636785,0.0063,/Users/hojunsong/Desktop/SpillSinkSimulator/project/renders/ridge_micro/N_d050_p03_t010__angle_th-55.0.png
N_d050_p03_t010,angle,-50.0,0.007011721673104114,7.173190533649176e-05,0.010230284184217453,0.0006758050294592977,0.0009310680907219648,0.005,0.3,50.0,20.0,0.2,0.01,11.309932474020215,3.9788035961636785,0.0063,/Users/hojunsong/Desktop/SpillSinkSimulator/project/renders/ridge_micro/N_d050_p03_t010__angle_th-50.0.png
N_d050_p03_t010,angle,-45.0,0.005200868562603093,5.853034963365644e-05,0.011253956705331802,0.0005453673657029867,0.0006664443644694984,0.005,0.3,50.0,20.0,0.2,0.01,11.309932474020215,3.9788035961636785,0.0063,/Users/hojunsong/Desktop/SpillSinkSimulator/project/renders/ridge_micro/N_d050_p03_t010__angle_th-45.0.png
N_d050_p03_t010,angle,-40.0,0.00505911464410568,6.168060644995421e-05,0.01219197642058134,0.0006615221500396729,0.0008811175357550383,0.005,0.3,50.0,20.0,0.2,0.01,11.309932474020215,3.9788035961636785,0.0063,/Users/hojunsong/Desktop/SpillSinkSimulator/project/renders/ridge_micro/N_d050_p03_t010__angle_th-40.0.png
N_d050_p03_t010,angle,-35.0,0.004493796045685864,5.8586560044204816e-05,0.013037209399044514,0.0006580253248102963,0.0008900563116185367,0.005,0.3,50.0,20.0,0.2,0.01,11.309932474020215,3.9788035961636785,0.0063,/Users/hojunsong/Desktop/SpillSinkSimulator/project/renders/ridge_micro/N_d050_p03_t010__angle_th-35.0.png
N_d050_p03_t010,angle,-30.0,0.0035866586137025245,4.943571548210457e-05,0.013783222995698452,0.0005244810599833727,0.0006426045438274741,0.005,0.3,50.0,20.0,0.2,0.01,11.309932474020215,3.9788035961636785,0.0063,/Users/hojunsong/Desktop/SpillSinkSimulator/project/renders/ridge_micro/N_d050_p03_t010__angle_th-30.0.png
N_d050_p03_t010,angle,-25.0,0.0038488537978532173,5.551716094487347e-05,0.014424336142838001,0.0006383284344337881,0.0008528378675691783,0.005,0.3,50.0,20.0,0.2,0.01,11.309932474020215,3.9788035961636785,0.0063,/Users/hojunsong/Desktop/SpillSinkSimulator/project/renders/ridge_micro/N_d050_p03_t010__angle_th-25.0.png
N_d050_p03_t010,angle,-20.0,0.0037378616542317433,5.5902251915540546e-05,0.014955677092075348,0.0006390158669091761,0.0008494574576616287,0.005,0.3,50.0,20.0,0.2,0.01,11.309932474020215,3.9788035961636785,0.0063,/Users/hojunsong/Desktop/SpillSinkSimulator/project/renders/ridge_micro/N_d050_p03_t010__angle_th-20.0.png
N_d050_p03_t010,angle,-15.0,0.003317722320908603,5.1003975386265665e-05,0.015373189933598042,0.0005069049075245857,0.0006194168818183243,0.005,0.3,50.0,20.0,0.2,0.01,11.309932474020215,3.9788035961636785,0.0063,/Users/hojunsong/Desktop/SpillSinkSimulator/project/renders/ridge_micro/N_d050_p03_t010__angle_th-15.0.png
N_d050_p03_t010,angle,-10.0,0.011963910851960533,0.00018751880270428956,0.01567370444536209,0.0025844743940979242,0.003257852979004383,0.005,0.3,50.0,20.0,0.2,0.01,11.309932474020215,3.9788035961636785,0.0063,/Users/hojunsong/Desktop/SpillSinkSimulator/project/renders/ridge_micro/N_d050_p03_t010__angle_th-10.0.png
N_d050_p03_t010,angle,-5.0,0.013770824774390476,0.00021833549544680864,0.015854932367801666,0.0030099842697381973,0.0033046051394194365,0.005,0.3,50.0,20.0,0.2,0.01,11.309932474020215,3.9788035961636785,0.0063,/Users/hojunsong/Desktop/SpillSinkSimulator/project/renders/ridge_micro/N_d050_p03_t010__angle_th-05.0.png
N_d050_p03_t010,angle,0.0,0.013553976300549216,0.00021571767865680158,0.01591545343399048,0.0030237319879233837,0.0032555710058659315,0.005,0.3,50.0,20.0,0.2,0.01,11.309932474020215,3.9788035961636785,0.0063,/Users/hojunsong/Desktop/SpillSinkSimulator/project/renders/ridge_micro/N_d050_p03_t010__angle_th+00.0.png
N_d050_p03_t010,angle,5.0,0.013667309781765901,0.0002166942722396925,0.015854932367801666,0.0029686815105378628,0.0031743634026497602,0.005,0.3,50.0,20.0,0.2,0.01,11.309932474020215,3.9788035961636785,0.0063,/Users/hojunsong/Desktop/SpillSinkSimulator/project/renders/ridge_micro/N_d050_p03_t010__angle_th+05.0.png
N_d050_p03_t010,angle,10.0,0.011900570668656347,0.00018652602739166468,0.01567370444536209,0.002711149398237467,0.003112180856987834,0.005,0.3,50.0,20.0,0.2,0.01,11.309932474020215,3.9788035961636785,0.0063,/Users/hojunsong/Desktop/SpillSinkSimulator/project/renders/ridge_micro/N_d050_p03_t010__angle_th+10.0.png
N_d050_p03_t010,angle,15.0,0.003259701737398583,5.01120048284065e-05,0.015373187139630318,0.0005085775628685951,0.0006485728081315756,0.005,0.3,50.0,20.0,0.2,0.01,11.309932474020215,3.9788035961636785,0.0063,/Users/hojunsong/Desktop/SpillSinkSimulator/project/renders/ridge_micro/N_d050_p03_t010__angle_th+15.0.png
N_d050_p03_t010,angle,20.0,0.003669260749940328,5.487626185640693e-05,0.014955672435462475,0.000638859230093658,0.0008547831675969064,0.005,0.3,50.0,20.0,0.2,0.01,11.309932474020215,3.9788035961636785,0.0063,/Users/hojunsong/Desktop/SpillSinkSimulator/project/renders/ridge_micro/N_d050_p03_t010__angle_th+20.0.png
N_d050_p03_t010,angle,25.0,0.003773471668559313,5.442982728709467e-05,0.014424337074160576,0.000638944620732218,0.0008592509548179805,0.005,0.3,50.0,20.0,0.2,0.01,11.309932474020215,3.9788035961636785,0.0063,/Users/hojunsong/Desktop/SpillSinkSimulator/project/renders/ridge_micro/N_d050_p03_t010__angle_th+25.0.png
N_d050_p03_t010,angle,30.0,0.003503976794444237,4.829609679291025e-05,0.013783223927021027,0.000523241760674864,0.000642436440102756,0.005,0.3,50.0,20.0,0.2,0.01,11.309932474020215,3.9788035961636785,0.0063,/Users/hojunsong/Desktop/SpillSinkSimulator/project/renders/ridge_micro/N_d050_p03_t010__angle_th+30.0.png
N_d050_p03_t010,angle,35.0,0.004388876491069069,5.7218701840611175e-05,0.013037209399044514,0.0006533456034958363,0.0008889810997061431,0.005,0.3,50.0,20.0,0.2,0.01,11.309932474020215,3.9788035961636785,0.0063,/Users/hojunsong/Desktop/SpillSinkSimulator/project/renders/ridge_micro/N_d050_p03_t010__angle_th+35.0.png
N_d050_p03_t010,angle,40.0,0.004931264745300887,6.012186349835247e-05,0.01219197642058134,0.0006611195276491344,0.0008711825939826667,0.005,0.3,50.0,20.0,0.2,0.01,11.309932474020215,3.9788035961636785,0.0063,/Users/hojunsong/Desktop/SpillSinkSimulator/project/renders/ridge_micro/N_d050_p03_t010__angle_th+40.0.png
N_d050_p03_t010,angle,45.0,0.00504984065188042,5.683067865902558e-05,0.011253954842686653,0.0005448365700431168,0.0006691485759802163,0.005,0.3,50.0,20.0,0.2,0.01,11.309932474020215,3.9788035961636785,0.0063,/Users/hojunsong/Desktop/SpillSinkSimulator/project/renders/ridge_micro/N_d050_p03_t010__angle_th+45.0.png
N_d050_p03_t010,angle,50.0,0.006819855093237093,6.976905569899827e-05,0.010230284184217453,0.0006792524363845587,0.000934362702537328,0.005,0.3,50.0,20.0,0.2,0.01,11.309932474020215,3.9788035961636785,0.0063,/Users/hojunsong/Desktop/SpillSinkSimulator/project/renders/ridge_micro/N_d050_p03_t010__angle_th+50.0.png
N_d050_p03_t010,angle,55.0,0.008589770791196627,7.841390470275655e-05,0.009128754027187824,0.0007104945834726095,0.0009342914563603699,0.005,0.3,50.0,20.0,0.2,0.01,11.309932474020215,3.9788035961636785,0.0063,/Users/hojunsong/Desktop/SpillSinkSimulator/project/renders/ridge_micro/N_d050_p03_t010__angle_th+55.0.png
N_d050_p03_t010,angle,60.0,0.010436387714263345,8.305014489451423e-05,0.007957748137414455,0.000968370761256665,0.0012445773463696241,0.005,0.3,50.0,20.0,0.2,0.01,11.309932474020215,3.9788035961636785,0.0063,/Users/hojunsong/Desktop/SpillSinkSimulator/project/renders/ridge_micro/N_d050_p03_t010__angle_th+60.0.png
N_d050_p30_t010,hemi_view,-80.0,0.07720362608657427,0.0038601804990321398,0.049999989569187164,0.004452996421605349,0.0045270174741744995,0.005,0.3,50.0,20.0,0.2,0.01,11.309932474020215,3.9788035961636785,0.0063,/Users/hojunsong/Desktop/SpillSinkSimulator/project/renders/ridge_micro/N_d050_p30_t010__hemi_view_th-80.0.png
N_d050_p30_t010,hemi_view,-70.0,0.029503825427469765,0.001475190743803978,0.04999998211860657,0.0032342197373509407,0.003377232002094388,0.005,0.3,50.0,20.0,0.2,0.01,11.309932474020215,3.9788035961636785,0.0063,/Users/hojunsong/Desktop/SpillSinkSimulator/project/renders/ridge_micro/N_d050_p30_t010__hemi_view_th-70.0.png
N_d050_p30_t010,hemi_view,-60.0,0.008326548412109107,0.0004163272096775472,0.04999997466802597,0.0012420805869624019,0.001529199187643826,0.005,0.3,50.0,20.0,0.2,0.01,11.309932474020215,3.9788035961636785,0.0063,/Users/hojunsong/Desktop/SpillSinkSimulator/project/renders/ridge_micro/N_d050_p30_t010__hemi_view_th-60.0.png
N_d050_p30_t010,hemi_view,-50.0,0.0035001059309879346,0.0001750052470015362,0.049999985843896866,0.0007586844731122255,0.0009146375232376158,0.005,0.3,50.0,20.0,0.2,0.01,11.309932474020215,3.9788035961636785,0.0063,/Users/hojunsong/Desktop/SpillSinkSimulator/project/renders/ridge_micro/N_d050_p30_t010__hemi_view_th-50.0.png
N_d050_p30_t010,hemi_view,-40.0,0.0020924002663061975,0.0001046199759002775,0.04999998211860657,0.0006512760883197188,0.0007674973458051682,0.005,0.3,50.0,20.0,0.2,0.01,11.309932474020215,3.9788035961636785,0.0063,/Users/hojunsong/Desktop/SpillSinkSimulator/project/renders/ridge_micro/N_d050_p30_t010__hemi_view_th-40.0.png
N_d050_p30_t010,hemi_view,-30.0,0.0015474384433322463,7.737190026091412e-05,0.049999985843896866,0.0006631343858316541,0.0007659661932848394,0.005,0.3,50.0,20.0,0.2,0.01,11.309932474020215,3.9788035961636785,0.0063,/Users/hojunsong/Desktop/SpillSinkSimulator/project/renders/ridge_micro/N_d050_p30_t010__hemi_view_th-30.0.png
N_d050_p30_t010,hemi_view,-20.0,0.00128298912795058,6.414943345589563e-05,0.04999998211860657,0.0006513589760288596,0.000741652911528945,0.005,0.3,50.0,20.0,0.2,0.01,11.309932474020215,3.9788035961636785,0.0063,/Users/hojunsong/Desktop/SpillSinkSimulator/project/renders/ridge_micro/N_d050_p30_t010__hemi_view_th-20.0.png
N_d050_p30_t010,hemi_view,-10.0,0.0016347461284810711,8.173727110261098e-05,0.04999997839331627,0.0007366856443695724,0.001028557075187564,0.005,0.3,50.0,20.0,0.2,0.01,11.309932474020215,3.9788035961636785,0.0063,/Users/hojunsong/Desktop/SpillSinkSimulator/project/renders/ridge_micro/N_d050_p30_t010__hemi_view_th-10.0.png
N_d050_p30_t010,hemi_view,0.0,0.0017815281593977156,8.907636947697029e-05,0.04999997839331627,0.0006706890999339521,0.0007665466400794685,0.005,0.3,50.0,20.0,0.2,0.01,11.309932474020215,3.9788035961636785,0.0063,/Users/hojunsong/Desktop/SpillSinkSimulator/project/renders/ridge_micro/N_d050_p30_t010__hemi_view_th+00.0.png
N_d050_p30_t010,hemi_view,10.0,0.0016388861501525841,8.19442720967345e-05,0.04999997839331627,0.0007421242189593613,0.001029161736369133,0.005,0.3,50.0,20.0,0.2,0.01,11.309932474020215,3.9788035961636785,0.0063,/Users/hojunsong/Desktop/SpillSinkSimulator/project/renders/ridge_micro/N_d050_p30_t010__hemi_view_th+10.0.png
N_d050_p30_t010,hemi_view,20.0,0.0012776081188130358,6.388038309523836e-05,0.04999998211860657,0.0006501900497823954,0.0007552173919975758,0.005,0.3,50.0,20.0,0.2,0.01,11.309932474020215,3.9788035961636785,0.0063,/Users/hojunsong/Desktop/SpillSinkSimulator/project/renders/ridge_micro/N_d050_p30_t010__hemi_view_th+20.0.png
N_d050_p30_t010,hemi_view,30.0,0.0015379085368702145,7.689540507271886e-05,0.049999985843896866,0.0006252898601815104,0.0007534665055572987,0.005,0.3,50.0,20.0,0.2,0.01,11.309932474020215,3.9788035961636785,0.0063,/Users/hojunsong/Desktop/SpillSinkSimulator/project/renders/ridge_micro/N_d050_p30_t010__hemi_view_th+30.0.png
N_d050_p30_t010,hemi_view,40.0,0.0020807830316672887,0.00010403911437606439,0.04999998211860657,0.0006516624125652015,0.0007720412104390562,0.005,0.3,50.0,20.0,0.2,0.01,11.309932474020215,3.9788035961636785,0.0063,/Users/hojunsong/Desktop/SpillSinkSimulator/project/renders/ridge_micro/N_d050_p30_t010__hemi_view_th+40.0.png
N_d050_p30_t010,hemi_view,50.0,0.0035055899673135486,0.0001752794487401843,0.049999985843896866,0.0007478488842025399,0.0009422071161679924,0.005,0.3,50.0,20.0,0.2,0.01,11.309932474020215,3.9788035961636785,0.0063,/Users/hojunsong/Desktop/SpillSinkSimulator/project/renders/ridge_micro/N_d050_p30_t010__hemi_view_th+50.0.png
N_d050_p30_t010,hemi_view,60.0,0.008435709368461646,0.0004217852547299117,0.04999997466802597,0.0014283307828009129,0.0017216539708897471,0.005,0.3,50.0,20.0,0.2,0.01,11.309932474020215,3.9788035961636785,0.0063,/Users/hojunsong/Desktop/SpillSinkSimulator/project/renders/ridge_micro/N_d050_p30_t010__hemi_view_th+60.0.png
N_d050_p30_t010,hemi_view,70.0,0.030005009865317296,0.0015002499567344785,0.04999998211860657,0.003440035739913583,0.0035332953557372093,0.005,0.3,50.0,20.0,0.2,0.01,11.309932474020215,3.9788035961636785,0.0063,/Users/hojunsong/Desktop/SpillSinkSimulator/project/renders/ridge_micro/N_d050_p30_t010__hemi_view_th+70.0.png
N_d050_p30_t010,hemi_view,80.0,0.07768602799779761,0.0038843005895614624,0.049999989569187164,0.004516164772212505,0.0045774709433317184,0.005,0.3,50.0,20.0,0.2,0.01,11.309932474020215,3.9788035961636785,0.0063,/Users/hojunsong/Desktop/SpillSinkSimulator/project/renders/ridge_micro/N_d050_p30_t010__hemi_view_th+80.0.png
N_d050_p30_t010,angle,-60.0,0.00441230890052019,3.511204704409465e-05,0.00795774906873703,0.0005301701021380723,0.0006494466797448695,0.005,0.3,50.0,20.0,0.2,0.01,11.309932474020215,3.9788035961636785,0.0063,/Users/hojunsong/Desktop/SpillSinkSimulator/project/renders/ridge_micro/N_d050_p30_t010__angle_th-60.0.png
N_d050_p30_t010,angle,-55.0,0.004622059722662612,4.2193642002530396e-05,0.00912875309586525,0.0006708594737574458,0.0009203976369462907,0.005,0.3,50.0,20.0,0.2,0.01,11.309932474020215,3.9788035961636785,0.0063,/Users/hojunsong/Desktop/SpillSinkSimulator/project/renders/ridge_micro/N_d050_p30_t010__angle_th-55.0.png
N_d050_p30_t010,angle,-50.0,0.004138551075410999,4.233855361235328e-05,0.010230284184217453,0.0006669970462098718,0.000920149206649512,0.005,0.3,50.0,20.0,0.2,0.01,11.309932474020215,3.9788035961636785,0.0063,/Users/hojunsong/Desktop/SpillSinkSimulator/project/renders/ridge_micro/N_d050_p30_t010__angle_th-50.0.png
N_d050_p30_t010,angle,-45.0,0.003157161291659343,3.5530556488083676e-05,0.011253956705331802,0.0005350557621568441,0.000656182412058115,0.005,0.3,50.0,20.0,0.2,0.01,11.309932474020215,3.9788035961636785,0.0063,/Users/hojunsong/Desktop/SpillSinkSimulator/project/renders/ridge_micro/N_d050_p30_t010__angle_th-45.0.png
N_d050_p30_t010,angle,-40.0,0.0035106560400877396,4.280183566152118e-05,0.01219197642058134,0.0006487609934993088,0.0008689551032148302,0.005,0.3,50.0,20.0,0.2,0.01,11.309932474020215,3.9788035961636785,0.0063,/Users/hojunsong/Desktop/SpillSinkSimulator/project/renders/ridge_micro/N_d050_p30_t010__angle_th-40.0.png
N_d050_p30_t010,angle,-35.0,0.003304381369432951,4.307991184759885e-05,0.013037209399044514,0.000645024876575917,0.0008806473924778402,0.005,0.3,50.0,20.0,0.2,0.01,11.309932474020215,3.9788035961636785,0.0063,/Users/hojunsong/Desktop/SpillSinkSimulator/project/renders/ridge_micro/N_d050_p30_t010__angle_th-35.0.png
N_d050_p30_t010,angle,-30.0,0.0026411715859248576,3.640385693870485e-05,0.013783222995698452,0.0005154066602699459,0.0006361210835166276,0.005,0.3,50.0,20.0,0.2,0.01,11.309932474020215,3.9788035961636785,0.0063,/Users/hojunsong/Desktop/SpillSinkSimulator/project/renders/ridge_micro/N_d050_p30_t010__angle_th-30.0.png
N_d050_p30_t010,angle,-25.0,0.0030469957738445855,4.39508912677411e-05,0.014424336142838001,0.0006330581963993609,0.0008414864423684776,0.005,0.3,50.0,20.0,0.2,0.01,11.309932474020215,3.9788035961636785,0.0063,/Users/hojunsong/Desktop/SpillSinkSimulator/project/renders/ridge_micro/N_d050_p30_t010__angle_th-25.0.png
N_d050_p30_t010,angle,-20.0,0.002980110449514202,4.456956958165392e-05,0.014955677092075348,0.0006346562295220792,0.000843965623062104,0.005,0.3,50.0,20.0,0.2,0.01,11.309932474020215,3.9788035961636785,0.0063,/Users/hojunsong/Desktop/SpillSinkSimulator/project/renders/ridge_micro/N_d050_p30_t010__angle_th-20.0.png
N_d050_p30_t010,angle,-15.0,0.0024946422106034,3.835060851997696e-05,0.015373189933598042,0.0005049660103395581,0.000614129239693284,0.005,0.3,50.0,20.0,0.2,0.01,11.309932474020215,3.9788035961636785,0.0063,/Users/hojunsong/Desktop/SpillSinkSimulator/project/renders/ridge_micro/N_d050_p30_t010__angle_th-15.0.png
N_d050_p30_t010,angle,-10.0,0.011117885875122226,0.00017425845726393163,0.01567370444536209,0.00258765765465796,0.0032615449745208025,0.005,0.3,50.0,20.0,0.2,0.01,11.309932474020215,3.9788035961636785,0.0063,/Users/hojunsong/Desktop/SpillSinkSimulator/project/renders/ridge_micro/N_d050_p30_t010__angle_th-10.0.png
N_d050_p30_t010,angle,-5.0,0.012829904293347832,0.0002034172648563981,0.015854932367801666,0.0030147642828524113,0.003309310181066394,0.005,0.3,50.0,20.0,0.2,0.01,11.309932474020215,3.9788035961636785,0.0063,/Users/hojunsong/Desktop/SpillSinkSimulator/project/renders/ridge_micro/N_d050_p30_t010__angle_th-05.0.png
N_d050_p30_t010,angle,0.0,0.012434038317316876,0.00019789335783571005,0.01591545343399048,0.0030295017641037703,0.003258510259911418,0.005,0.3,50.0,20.0,0.2,0.01,11.309932474020215,3.9788035961636785,0.0063,/Users/hojunsong/Desktop/SpillSinkSimulator/project/renders/ridge_micro/N_d050_p30_t010__angle_th+00.0.png
N_d050_p30_t010,angle,5.0,0.012768685946702394,0.00020244665211066604,0.015854932367801666,0.0029759411700069904,0.0031751233618706465,0.005,0.3,50.0,20.0,0.2,0.01,11.309932474020215,3.9788035961636785,0.0063,/Users/hojunsong/Desktop/SpillSinkSimulator/project/renders/ridge_micro/N_d050_p30_t010__angle_th+05.0.png
N_d050_p30_t010,angle,10.0,0.011102343052193077,0.00017401484365109354,0.01567370444536209,0.0027139426674693823,0.0031130954157561064,0.005,0.3,50.0,20.0,0.2,0.01,11.309932474020215,3.9788035961636785,0.0063,/Users/hojunsong/Desktop/SpillSinkSimulator/project/renders/ridge_micro/N_d050_p30_t010__angle_th+10.0.png
N_d050_p30_t010,angle,15.0,0.0024818610260907694,3.815411400864832e-05,0.015373187139630318,0.0005077649257145822,0.0006455339025706053,0.005,0.3,50.0,20.0,0.2,0.01,11.309932474020215,3.9788035961636785,0.0063,/Users/hojunsong/Desktop/SpillSinkSimulator/project/renders/ridge_micro/N_d050_p30_t010__angle_th+15.0.png
N_d050_p30_t010,angle,20.0,0.002956868523263429,4.42219570686575e-05,0.014955672435462475,0.0006335831712931395,0.0008539743721485138,0.005,0.3,50.0,20.0,0.2,0.01,11.309932474020215,3.9788035961636785,0.0063,/Users/hojunsong/Desktop/SpillSinkSimulator/project/renders/ridge_micro/N_d050_p30_t010__angle_th+20.0.png
N_d050_p30_t010,angle,25.0,0.003020364852782287,4.356676072347909e-05,0.014424337074160576,0.0006329842144623399,0.000856396509334445,0.005,0.3,50.0,20.0,0.2,0.01,11.309932474020215,3.9788035961636785,0.0063,/Users/hojunsong/Desktop/SpillSinkSimulator/project/renders/ridge_micro/N_d050_p30_t010__angle_th+25.0.png
N_d050_p30_t010,angle,30.0,0.002616174995391775,3.6059325793758035e-05,0.013783223927021027,0.000513951585162431,0.0006340474938042462,0.005,0.3,50.0,20.0,0.2,0.01,11.309932474020215,3.9788035961636785,0.0063,/Users/hojunsong/Desktop/SpillSinkSimulator/project/renders/ridge_micro/N_d050_p30_t010__angle_th+30.0.png
N_d050_p30_t010,angle,35.0,0.0032734594648127953,4.26767765020486e-05,0.013037209399044514,0.0006434968090616167,0.0008803039672784507,0.005,0.3,50.0,20.0,0.2,0.01,11.309932474020215,3.9788035961636785,0.0063,/Users/hojunsong/Desktop/SpillSinkSimulator/project/renders/ridge_micro/N_d050_p30_t010__angle_th+35.0.png
N_d050_p30_t010,angle,40.0,0.003482036442305746,4.2452906200196594e-05,0.01219197642058134,0.0006492712418548763,0.0008583089802414179,0.005,0.3,50.0,20.0,0.2,0.01,11.309932474020215,3.9788035961636785,0.0063,/Users/hojunsong/Desktop/SpillSinkSimulator/project/renders/ridge_micro/N_d050_p30_t010__angle_th+40.0.png
N_d050_p30_t010,angle,45.0,0.003145730614381585,3.54019102815073e-05,0.011253954842686653,0.0005357826594263315,0.0006615978782065213,0.005,0.3,50.0,20.0,0.2,0.01,11.309932474020215,3.9788035961636785,0.0063,/Users/hojunsong/Desktop/SpillSinkSimulator/project/renders/ridge_micro/N_d050_p30_t010__angle_th+45.0.png
N_d050_p30_t010,angle,50.0,0.004146645086695257,4.2421357647981495e-05,0.010230284184217453,0.0006684131221845746,0.0009251542505808175,0.005,0.3,50.0,20.0,0.2,0.01,11.309932474020215,3.9788035961636785,0.0063,/Users/hojunsong/Desktop/SpillSinkSimulator/project/renders/ridge_micro/N_d050_p30_t010__angle_th+50.0.png
N_d050_p30_t010,angle,55.0,0.004633634225547533,4.2299307096982375e-05,0.009128754027187824,0.000669826113153249,0.000919889600481838,0.005,0.3,50.0,20.0,0.2,0.01,11.309932474020215,3.9788035961636785,0.0063,/Users/hojunsong/Desktop/SpillSinkSimulator/project/renders/ridge_micro/N_d050_p30_t010__angle_th+55.0.png
N_d050_p30_t010,angle,60.0,0.004400590073054609,3.5018787457374856e-05,0.007957748137414455,0.0005272139678709209,0.0007107516285032034,0.005,0.3,50.0,20.0,0.2,0.01,11.309932474020215,3.9788035961636785,0.0063,/Users/hojunsong/Desktop/SpillSinkSimulator/project/renders/ridge_micro/N_d050_p30_t010__angle_th+60.0.png
N_d030_t010,hemi_view,-80.0,0.08625672135642319,0.004312835168093443,0.049999989569187164,0.004803316202014685,0.0048654587008059025,0.005,0.3,30.0,20.0,0.2,0.01,18.43494882292201,2.441015726826809,0.0063,/Users/hojunsong/Desktop/SpillSinkSimulator/project/renders/ridge_micro/N_d030_t010__hemi_view_th-80.0.png
N_d030_t010,hemi_view,-70.0,0.06322624094679628,0.0031613109167665243,0.04999998211860657,0.004504840821027756,0.004609132185578346,0.005,0.3,30.0,20.0,0.2,0.01,18.43494882292201,2.441015726826809,0.0063,/Users/hojunsong/Desktop/SpillSinkSimulator/project/renders/ridge_micro/N_d030_t010__hemi_view_th-70.0.png
N_d030_t010,hemi_view,-60.0,0.047593555311573756,0.0023796765599399805,0.04999997466802597,0.0038816763553768396,0.004232073202729225,0.005,0.3,30.0,20.0,0.2,0.01,18.43494882292201,2.441015726826809,0.0063,/Users/hojunsong/Desktop/SpillSinkSimulator/project/renders/ridge_micro/N_d030_t010__hemi_view_th-60.0.png
N_d030_t010,hemi_view,-50.0,0.024797064287874423,0.0012398528633639216,0.049999985843896866,0.0025291983038187027,0.0028326453175395727,0.005,0.3,30.0,20.0,0.2,0.01,18.43494882292201,2.441015726826809,0.0063,/Users/hojunsong/Desktop/SpillSinkSimulator/project/renders/ridge_micro/N_d030_t010__hemi_view_th-50.0.png
N_d030_t010,hemi_view,-40.0,0.009700099448522728,0.00048500479897484183,0.04999998211860657,0.0019851303659379482,0.0023347956594079733,0.005,0.3,30.0,20.0,0.2,0.01,18.43494882292201,2.441015726826809,0.0063,/Users/hojunsong/Desktop/SpillSinkSimulator/project/renders/ridge_micro/N_d030_t010__hemi_view_th-40.0.png
N_d030_t010,hemi_view,-30.0,0.0037780179046256867,0.00018890084174927324,0.049999985843896866,0.0008048387826420367,0.0011160278227180243,0.005,0.3,30.0,20.0,0.2,0.01,18.43494882292201,2.441015726826809,0.0063,/Users/hojunsong/Desktop/SpillSinkSimulator/project/renders/ridge_micro/N_d030_t010__hemi_view_th-30.0.png
N_d030_t010,hemi_view,-20.0,0.00228010650659995,0.000114005284558516,0.04999998211860657,0.0007448411779478192,0.00099483085796237,0.005,0.3,30.0,20.0,0.2,0.01,18.43494882292201,2.441015726826809,0.0063,/Users/hojunsong/Desktop/SpillSinkSimulator/project/renders/ridge_micro/N_d030_t010__hemi_view_th-20.0.png
N_d030_t010,hemi_view,-10.0,0.002512947461574918,0.00012564731878228486,0.04999997839331627,0.0007428925600834191,0.0009414150845259428,0.005,0.3,30.0,20.0,0.2,0.01,18.43494882292201,2.441015726826809,0.0063,/Users/hojunsong/Desktop/SpillSinkSimulator/project/renders/ridge_micro/N_d030_t010__hemi_view_th-10.0.png
N_d030_t010,hemi_view,0.0,0.0023851370617780803,0.00011925680155400187,0.04999997839331627,0.0007025953964330256,0.0009031782392412424,0.005,0.3,30.0,20.0,0.2,0.01,18.43494882292201,2.441015726826809,0.0063,/Users/hojunsong/Desktop/SpillSinkSimulator/project/renders/ridge_micro/N_d030_t010__hemi_view_th+00.0.png
N_d030_t010,hemi_view,10.0,0.002521530766962353,0.00012607648386619985,0.04999997839331627,0.0007515454199165106,0.0010052935685962439,0.005,0.3,30.0,20.0,0.2,0.01,18.43494882292201,2.441015726826809,0.0063,/Users/hojunsong/Desktop/SpillSinkSimulator/project/renders/ridge_micro/N_d030_t010__hemi_view_th+10.0.png
N_d030_t010,hemi_view,20.0,0.002336006690307119,0.00011680029274430126,0.04999998211860657,0.0009145567892119288,0.0012000869028270245,0.005,0.3,30.0,20.0,0.2,0.01,18.43494882292201,2.441015726826809,0.0063,/Users/hojunsong/Desktop/SpillSinkSimulator/project/renders/ridge_micro/N_d030_t010__hemi_view_th+20.0.png
N_d030_t010,hemi_view,30.0,0.003708869512189489,0.0001854434231063351,0.049999985843896866,0.0008653666009195149,0.001102058682590723,0.005,0.3,30.0,20.0,0.2,0.01,18.43494882292201,2.441015726826809,0.0063,/Users/hojunsong/Desktop/SpillSinkSimulator/project/renders/ridge_micro/N_d030_t010__hemi_view_th+30.0.png
N_d030_t010,hemi_view,40.0,0.009500335923516186,0.00047501662629656494,0.04999998211860657,0.001920720562338829,0.002231074497103691,0.005,0.3,30.0,20.0,0.2,0.01,18.43494882292201,2.441015726826809,0.0063,/Users/hojunsong/Desktop/SpillSinkSimulator/project/renders/ridge_micro/N_d030_t010__hemi_view_th+40.0.png
N_d030_t010,hemi_view,50.0,0.025350607658349657,0.0012675300240516663,0.049999985843896866,0.0026337418239563704,0.002853804500773549,0.005,0.3,30.0,20.0,0.2,0.01,18.43494882292201,2.441015726826809,0.0063,/Users/hojunsong/Desktop/SpillSinkSimulator/project/renders/ridge_micro/N_d030_t010__hemi_view_th+50.0.png
N_d030_t010,hemi_view,60.0,0.048359177361608004,0.002417957643046975,0.04999997466802597,0.004049841780215502,0.004276166670024395,0.005,0.3,30.0,20.0,0.2,0.01,18.43494882292201,2.441015726826809,0.0063,/Users/hojunsong/Desktop/SpillSinkSimulator/project/renders/ridge_micro/N_d030_t010__hemi_view_th+60.0.png
N_d030_t010,hemi_view,70.0,0.0632101197472643,0.0031605048570781946,0.04999998211860657,0.0046216570772230625,0.004761035554111004,0.005,0.3,30.0,20.0,0.2,0.01,18.43494882292201,2.441015726826809,0.0063,/Users/hojunsong/Desktop/SpillSinkSimulator/project/renders/ridge_micro/N_d030_t010__hemi_view_th+70.0.png
N_d030_t010,hemi_view,80.0,0.08638176075137631,0.004319087136536837,0.049999989569187164,0.004804754629731178,0.004887340124696493,0.005,0.3,30.0,20.0,0.2,0.01,18.43494882292201,2.441015726826809,0.0063,/Users/hojunsong/Desktop/SpillSinkSimulator/project/renders/ridge_micro/N_d030_t010__hemi_view_th+80.0.png
N_d030_t010,angle,-60.0,0.005523298910489097,4.395302676130086e-05,0.00795774906873703,0.000535779632627964,0.0006594496662728488,0.005,0.3,30.0,20.0,0.2,0.01,18.43494882292201,2.441015726826809,0.0063,/Users/hojunsong/Desktop/SpillSinkSimulator/project/renders/ridge_micro/N_d030_t010__angle_th-60.0.png
N_d030_t010,angle,-55.0,0.005553998321758226,5.0701084546744823e-05,0.009128754027187824,0.0006742594414390624,0.0009205567184835672,0.005,0.3,30.0,20.0,0.2,0.01,18.43494882292201,2.441015726826809,0.0063,/Users/hojunsong/Desktop/SpillSinkSimulator/project/renders/ridge_micro/N_d030_t010__angle_th-55.0.png
N_d030_t010,angle,-50.0,0.0049781117394910954,5.092749779578298e-05,0.010230284184217453,0.0006693000323139131,0.0009193419828079641,0.005,0.3,30.0,20.0,0.2,0.01,18.43494882292201,2.441015726826809,0.0063,/Users/hojunsong/Desktop/SpillSinkSimulator/project/renders/ridge_micro/N_d030_t010__angle_th-50.0.png
N_d030_t010,angle,-45.0,0.003874946581567918,4.360848106443882e-05,0.011253956705331802,0.0005357571062631905,0.0006545547512359917,0.005,0.3,30.0,20.0,0.2,0.01,18.43494882292201,2.441015726826809,0.0063,/Users/hojunsong/Desktop/SpillSinkSimulator/project/renders/ridge_micro/N_d030_t010__angle_th-45.0.png
N_d030_t010,angle,-40.0,0.004085347696916248,4.9808462790679187e-05,0.01219197642058134,0.0006489178049378097,0.0008668818627484143,0.005,0.3,30.0,20.0,0.2,0.01,18.43494882292201,2.441015726826809,0.0063,/Users/hojunsong/Desktop/SpillSinkSimulator/project/renders/ridge_micro/N_d030_t010__angle_th-40.0.png
N_d030_t010,angle,-35.0,0.0037400720742764436,4.876010279986076e-05,0.013037209399044514,0.0006439838325604796,0.000878192251548171,0.005,0.3,30.0,20.0,0.2,0.01,18.43494882292201,2.441015726826809,0.0063,/Users/hojunsong/Desktop/SpillSinkSimulator/project/renders/ridge_micro/N_d030_t010__angle_th-35.0.png
N_d030_t010,angle,-30.0,0.002975227550982211,4.10082247981336e-05,0.013783222995698452,0.0005138767301104963,0.0006334182107821107,0.005,0.3,30.0,20.0,0.2,0.01,18.43494882292201,2.441015726826809,0.0063,/Users/hojunsong/Desktop/SpillSinkSimulator/project/renders/ridge_micro/N_d030_t010__angle_th-30.0.png
N_d030_t010,angle,-25.0,0.003299156257164815,4.7588138841092587e-05,0.014424336142838001,0.000630564580205828,0.0008405200205743313,0.005,0.3,30.0,20.0,0.2,0.01,18.43494882292201,2.441015726826809,0.0063,/Users/hojunsong/Desktop/SpillSinkSimulator/project/renders/ridge_micro/N_d030_t010__angle_th-25.0.png
N_d030_t010,angle,-20.0,0.005451801167460097,8.153537783073261e-05,0.014955677092075348,0.0023182842414826155,0.0028747187461704016,0.005,0.3,30.0,20.0,0.2,0.01,18.43494882292201,2.441015726826809,0.0063,/Users/hojunsong/Desktop/SpillSinkSimulator/project/renders/ridge_micro/N_d030_t010__angle_th-20.0.png
N_d030_t010,angle,-15.0,0.012688359829324055,0.00019506056560203433,0.015373189933598042,0.0029847489204257727,0.0033207619562745094,0.005,0.3,30.0,20.0,0.2,0.01,18.43494882292201,2.441015726826809,0.0063,/Users/hojunsong/Desktop/SpillSinkSimulator/project/renders/ridge_micro/N_d030_t010__angle_th-15.0.png
N_d030_t010,angle,-10.0,0.013068911698093207,0.00020483825937844813,0.01567370444536209,0.0031193504109978676,0.0034137647598981857,0.005,0.3,30.0,20.0,0.2,0.01,18.43494882292201,2.441015726826809,0.0063,/Users/hojunsong/Desktop/SpillSinkSimulator/project/renders/ridge_micro/N_d030_t010__angle_th-10.0.png
N_d030_t010,angle,-5.0,0.013034983918977469,0.00020666878845077008,0.015854932367801666,0.0031618739012628794,0.0034014692064374685,0.005,0.3,30.0,20.0,0.2,0.01,18.43494882292201,2.441015726826809,0.0063,/Users/hojunsong/Desktop/SpillSinkSimulator/project/renders/ridge_micro/N_d030_t010__angle_th-05.0.png
N_d030_t010,angle,0.0,0.01254330486360653,0.00019963238446507603,0.01591545343399048,0.0031224829144775867,0.003368902951478958,0.005,0.3,30.0,20.0,0.2,0.01,18.43494882292201,2.441015726826809,0.0063,/Users/hojunsong/Desktop/SpillSinkSimulator/project/renders/ridge_micro/N_d030_t010__angle_th+00.0.png
N_d030_t010,angle,5.0,0.01296347501607133,0.00020553501963149756,0.015854932367801666,0.0031079615000635386,0.0033142082393169403,0.005,0.3,30.0,20.0,0.2,0.01,18.43494882292201,2.441015726826809,0.0063,/Users/hojunsong/Desktop/SpillSinkSimulator/project/renders/ridge_micro/N_d030_t010__angle_th+05.0.png
N_d030_t010,angle,10.0,0.012984421911639506,0.00020351399143692106,0.01567370444536209,0.003083716379478574,0.0032512855250388384,0.005,0.3,30.0,20.0,0.2,0.01,18.43494882292201,2.441015726826809,0.0063,/Users/hojunsong/Desktop/SpillSinkSimulator/project/renders/ridge_micro/N_d030_t010__angle_th+10.0.png
N_d030_t010,angle,15.0,0.012634954331642276,0.00019423951744101942,0.015373187139630318,0.003041335614398122,0.0032272040843963623,0.005,0.3,30.0,20.0,0.2,0.01,18.43494882292201,2.441015726826809,0.0063,/Users/hojunsong/Desktop/SpillSinkSimulator/project/renders/ridge_micro/N_d030_t010__angle_th+15.0.png
N_d030_t010,angle,20.0,0.0053872747606863915,8.057031664066017e-05,0.014955672435462475,0.0016361544840037823,0.002280537039041519,0.005,0.3,30.0,20.0,0.2,0.01,18.43494882292201,2.441015726826809,0.0063,/Users/hojunsong/Desktop/SpillSinkSimulator/project/renders/ridge_micro/N_d030_t010__angle_th+20.0.png
N_d030_t010,angle,25.0,0.0032695881097416293,4.7161644033622e-05,0.01442433800548315,0.0006307996227405965,0.0008538143592886627,0.005,0.3,30.0,20.0,0.2,0.01,18.43494882292201,2.441015726826809,0.0063,/Users/hojunsong/Desktop/SpillSinkSimulator/project/renders/ridge_micro/N_d030_t010__angle_th+25.0.png
N_d030_t010,angle,30.0,0.002951033323126993,4.067475310876034e-05,0.013783223927021027,0.0005127230542711914,0.0006317428778856993,0.005,0.3,30.0,20.0,0.2,0.01,18.43494882292201,2.441015726826809,0.0063,/Users/hojunsong/Desktop/SpillSinkSimulator/project/renders/ridge_micro/N_d030_t010__angle_th+30.0.png
N_d030_t010,angle,35.0,0.0037161154324072618,4.844777504331432e-05,0.013037209399044514,0.0006422821898013353,0.0008799256174825132,0.005,0.3,30.0,20.0,0.2,0.01,18.43494882292201,2.441015726826809,0.0063,/Users/hojunsong/Desktop/SpillSinkSimulator/project/renders/ridge_micro/N_d030_t010__angle_th+35.0.png
N_d030_t010,angle,40.0,0.004067100774976921,4.958599674864672e-05,0.01219197642058134,0.0006494270637631416,0.0008590339566580951,0.005,0.3,30.0,20.0,0.2,0.01,18.43494882292201,2.441015726826809,0.0063,/Users/hojunsong/Desktop/SpillSinkSimulator/project/renders/ridge_micro/N_d030_t010__angle_th+40.0.png
N_d030_t010,angle,45.0,0.003870863127596339,4.356251884019002e-05,0.011253954842686653,0.0005366489058360457,0.0006634138408116996,0.005,0.3,30.0,20.0,0.2,0.01,18.43494882292201,2.441015726826809,0.0063,/Users/hojunsong/Desktop/SpillSinkSimulator/project/renders/ridge_micro/N_d030_t010__angle_th+45.0.png
N_d030_t010,angle,50.0,0.004979118467927707,5.093779691378586e-05,0.010230284184217453,0.000670699228066951,0.000928297929931432,0.005,0.3,30.0,20.0,0.2,0.01,18.43494882292201,2.441015726826809,0.0063,/Users/hojunsong/Desktop/SpillSinkSimulator/project/renders/ridge_micro/N_d030_t010__angle_th+50.0.png
N_d030_t010,angle,55.0,0.0055250656337980176,5.043696000939235e-05,0.00912875309586525,0.0006733896443620324,0.0009243550593964756,0.005,0.3,30.0,20.0,0.2,0.01,18.43494882292201,2.441015726826809,0.0063,/Users/hojunsong/Desktop/SpillSinkSimulator/project/renders/ridge_micro/N_d030_t010__angle_th+55.0.png
N_d030_t010,angle,60.0,0.00544791265461433,4.3353116780053824e-05,0.007957748137414455,0.0005308080581016839,0.0007157343789003789,0.005,0.3,30.0,20.0,0.2,0.01,18.43494882292201,2.441015726826809,0.0063,/Users/hojunsong/Desktop/SpillSinkSimulator/project/renders/ridge_micro/N_d030_t010__angle_th+60.0.png
N_d030_p040,hemi_view,-80.0,0.0253080373341221,0.0012654016027227044,0.049999989569187164,0.0015297497157007456,0.001628883765079081,0.005,0.3,30.0,4.0,0.04,0.01,3.8140748342903543,11.79840510611604,0.0063,/Users/hojunsong/Desktop/SpillSinkSimulator/project/renders/ridge_micro/N_d030_p040__hemi_view_th-80.0.png
N_d030_p040,hemi_view,-70.0,0.006910154622513219,0.00034550760756246746,0.04999998211860657,0.0004809330857824534,0.0005752057768404484,0.005,0.3,30.0,4.0,0.04,0.01,3.8140748342903543,11.79840510611604,0.0063,/Users/hojunsong/Desktop/SpillSinkSimulator/project/renders/ridge_micro/N_d030_p040__hemi_view_th-70.0.png
N_d030_p040,hemi_view,-60.0,0.0032154070787890356,0.00016077027248684317,0.04999997466802597,0.000272358360234648,0.0003522821643855423,0.005,0.3,30.0,4.0,0.04,0.01,3.8140748342903543,11.79840510611604,0.0063,/Users/hojunsong/Desktop/SpillSinkSimulator/project/renders/ridge_micro/N_d030_p040__hemi_view_th-60.0.png
N_d030_p040,hemi_view,-50.0,0.0020283837433705647,0.00010141915845451877,0.049999985843896866,0.00020859054347965866,0.00026017677737399936,0.005,0.3,30.0,4.0,0.04,0.01,3.8140748342903543,11.79840510611604,0.0063,/Users/hojunsong/Desktop/SpillSinkSimulator/project/renders/ridge_micro/N_d030_p040__hemi_view_th-50.0.png
N_d030_p040,hemi_view,-40.0,0.0015093045235359454,7.546519918832928e-05,0.04999998211860657,0.0001822717604227364,0.0002345239627175033,0.005,0.3,30.0,4.0,0.04,0.01,3.8140748342903543,11.79840510611604,0.0063,/Users/hojunsong/Desktop/SpillSinkSimulator/project/renders/ridge_micro/N_d030_p040__hemi_view_th-40.0.png
N_d030_p040,hemi_view,-30.0,0.0012603938306306717,6.301967368926853e-05,0.049999985843896866,0.00018192447896581143,0.0002211055252701044,0.005,0.3,30.0,4.0,0.04,0.01,3.8140748342903543,11.79840510611604,0.0063,/Users/hojunsong/Desktop/SpillSinkSimulator/project/renders/ridge_micro/N_d030_p040__hemi_view_th-30.0.png
N_d030_p040,hemi_view,-20.0,0.0011248080793780297,5.6240383855765685e-05,0.04999998211860657,0.00017241132445633411,0.0002207429351983592,0.005,0.3,30.0,4.0,0.04,0.01,3.8140748342903543,11.79840510611604,0.0063,/Users/hojunsong/Desktop/SpillSinkSimulator/project/renders/ridge_micro/N_d030_p040__hemi_view_th-20.0.png
N_d030_p040,hemi_view,-10.0,0.0010690120215495844,5.345057797967456e-05,0.04999997839331627,0.0001807878288673237,0.00022131158038973808,0.005,0.3,30.0,4.0,0.04,0.01,3.8140748342903543,11.79840510611604,0.0063,/Users/hojunsong/Desktop/SpillSinkSimulator/project/renders/ridge_micro/N_d030_p040__hemi_view_th-10.0.png
N_d030_p040,hemi_view,0.0,0.0017782202165985298,8.891097240848467e-05,0.04999997839331627,0.00021907046902924776,0.0002678674354683608,0.005,0.3,30.0,4.0,0.04,0.01,3.8140748342903543,11.79840510611604,0.0063,/Users/hojunsong/Desktop/SpillSinkSimulator/project/renders/ridge_micro/N_d030_p040__hemi_view_th+00.0.png
N_d030_p040,hemi_view,10.0,0.0010687989086589716,5.343992233974859e-05,0.04999997839331627,0.00018024633754976094,0.00023356561723630875,0.005,0.3,30.0,4.0,0.04,0.01,3.8140748342903543,11.79840510611604,0.0063,/Users/hojunsong/Desktop/SpillSinkSimulator/project/renders/ridge_micro/N_d030_p040__hemi_view_th+10.0.png
N_d030_p040,hemi_view,20.0,0.0011291963565036663,5.6459797633579e-05,0.04999998211860657,0.0001810552057577297,0.0002212071412941441,0.005,0.3,30.0,4.0,0.04,0.01,3.8140748342903543,11.79840510611604,0.0063,/Users/hojunsong/Desktop/SpillSinkSimulator/project/renders/ridge_micro/N_d030_p040__hemi_view_th+20.0.png
N_d030_p040,hemi_view,30.0,0.0012566970610394205,6.283483526203781e-05,0.049999985843896866,0.00018191493290942162,0.0002214375272160396,0.005,0.3,30.0,4.0,0.04,0.01,3.8140748342903543,11.79840510611604,0.0063,/Users/hojunsong/Desktop/SpillSinkSimulator/project/renders/ridge_micro/N_d030_p040__hemi_view_th+30.0.png
N_d030_p040,hemi_view,40.0,0.0015182196120697362,7.591095345560461e-05,0.04999998211860657,0.00018229825946036726,0.00023135653464123607,0.005,0.3,30.0,4.0,0.04,0.01,3.8140748342903543,11.79840510611604,0.0063,/Users/hojunsong/Desktop/SpillSinkSimulator/project/renders/ridge_micro/N_d030_p040__hemi_view_th+40.0.png
N_d030_p040,hemi_view,50.0,0.002036887593999345,0.00010184435086557642,0.049999985843896866,0.0002088934270432219,0.0002598128921817988,0.005,0.3,30.0,4.0,0.04,0.01,3.8140748342903543,11.79840510611604,0.0063,/Users/hojunsong/Desktop/SpillSinkSimulator/project/renders/ridge_micro/N_d030_p040__hemi_view_th+50.0.png
N_d030_p040,hemi_view,60.0,0.0032186975595275614,0.00016093479644041508,0.04999997466802597,0.0002695139264687896,0.00032594017102383077,0.005,0.3,30.0,4.0,0.04,0.01,3.8140748342903543,11.79840510611604,0.0063,/Users/hojunsong/Desktop/SpillSinkSimulator/project/renders/ridge_micro/N_d030_p040__hemi_view_th+60.0.png
N_d030_p040,hemi_view,70.0,0.00691568726266167,0.0003457842394709587,0.04999998211860657,0.00047108897706493735,0.000588333117775619,0.005,0.3,30.0,4.0,0.04,0.01,3.8140748342903543,11.79840510611604,0.0063,/Users/hojunsong/Desktop/SpillSinkSimulator/project/renders/ridge_micro/N_d030_p040__hemi_view_th+70.0.png
N_d030_p040,hemi_view,80.0,0.025330321559675066,0.00126651581376791,0.049999989569187164,0.0015271716983988881,0.0016852583503350616,0.005,0.3,30.0,4.0,0.04,0.01,3.8140748342903543,11.79840510611604,0.0063,/Users/hojunsong/Desktop/SpillSinkSimulator/project/renders/ridge_micro/N_d030_p040__hemi_view_th+80.0.png
N_d030_p040,angle,-60.0,0.004026238511999671,3.203979576937854e-05,0.00795774906873703,0.00015193263243418187,0.0002162116434192285,0.005,0.3,30.0,4.0,0.04,0.01,3.8140748342903543,11.79840510611604,0.0063,/Users/hojunsong/Desktop/SpillSinkSimulator/project/renders/ridge_micro/N_d030_p040__angle_th-60.0.png
N_d030_p040,angle,-55.0,0.004314763149433723,3.93884074583184e-05,0.00912875309586525,0.0002694679715204984,0.0003078413719777018,0.005,0.3,30.0,4.0,0.04,0.01,3.8140748342903543,11.79840510611604,0.0063,/Users/hojunsong/Desktop/SpillSinkSimulator/project/renders/ridge_micro/N_d030_p040__angle_th-55.0.png
N_d030_p040,angle,-50.0,0.0038816216032022404,3.9710092096356675e-05,0.010230284184217453,0.0002704532234929502,0.0003132931888103485,0.005,0.3,30.0,4.0,0.04,0.01,3.8140748342903543,11.79840510611604,0.0063,/Users/hojunsong/Desktop/SpillSinkSimulator/project/renders/ridge_micro/N_d030_p040__angle_th-50.0.png
N_d030_p040,angle,-45.0,0.002946711457256482,3.3162163163069636e-05,0.011253956705331802,0.000188640842679888,0.0002532033540774137,0.005,0.3,30.0,4.0,0.04,0.01,3.8140748342903543,11.79840510611604,0.0063,/Users/hojunsong/Desktop/SpillSinkSimulator/project/renders/ridge_micro/N_d030_p040__angle_th-45.0.png
N_d030_p040,angle,-40.0,0.0033299882085335497,4.059913771925494e-05,0.01219197642058134,0.00026314720162190497,0.00040239878580905497,0.005,0.3,30.0,4.0,0.04,0.01,3.8140748342903543,11.79840510611604,0.0063,/Users/hojunsong/Desktop/SpillSinkSimulator/project/renders/ridge_micro/N_d030_p040__angle_th-40.0.png
N_d030_p040,angle,-35.0,0.0031432622654077405,4.0979368350235745e-05,0.013037209399044514,0.000264760252321139,0.00040509176324121654,0.005,0.3,30.0,4.0,0.04,0.01,3.8140748342903543,11.79840510611604,0.0063,/Users/hojunsong/Desktop/SpillSinkSimulator/project/renders/ridge_micro/N_d030_p040__angle_th-35.0.png
N_d030_p040,angle,-30.0,0.0024926257834405646,3.435641701798886e-05,0.013783222995698452,0.00018599881150294095,0.0002475293294992298,0.005,0.3,30.0,4.0,0.04,0.01,3.8140748342903543,11.79840510611604,0.0063,/Users/hojunsong/Desktop/SpillSinkSimulator/project/renders/ridge_micro/N_d030_p040__angle_th-30.0.png
N_d030_p040,angle,-25.0,0.0029024356408727187,4.1865707316901535e-05,0.014424336142838001,0.0002602618478704244,0.00037207253626547754,0.005,0.3,30.0,4.0,0.04,0.01,3.8140748342903543,11.79840510611604,0.0063,/Users/hojunsong/Desktop/SpillSinkSimulator/project/renders/ridge_micro/N_d030_p040__angle_th-25.0.png
N_d030_p040,angle,-20.0,0.002860871635885737,4.278627238818444e-05,0.014955677092075348,0.0002623398322612047,0.00037338779657147825,0.005,0.3,30.0,4.0,0.04,0.01,3.8140748342903543,11.79840510611604,0.0063,/Users/hojunsong/Desktop/SpillSinkSimulator/project/renders/ridge_micro/N_d030_p040__angle_th-20.0.png
N_d030_p040,angle,-15.0,0.0024270012044857532,3.7310750485630706e-05,0.015373189933598042,0.00018733678734861314,0.00025314942467957735,0.005,0.3,30.0,4.0,0.04,0.01,3.8140748342903543,11.79840510611604,0.0063,/Users/hojunsong/Desktop/SpillSinkSimulator/project/renders/ridge_micro/N_d030_p040__angle_th-15.0.png
N_d030_p040,angle,-10.0,0.0029833274614558046,4.6759792894590646e-05,0.01567370444536209,0.00026311189867556095,0.0002994341775774956,0.005,0.3,30.0,4.0,0.04,0.01,3.8140748342903543,11.79840510611604,0.0063,/Users/hojunsong/Desktop/SpillSinkSimulator/project/renders/ridge_micro/N_d030_p040__angle_th-10.0.png
N_d030_p040,angle,-5.0,0.004469512481391091,7.086381810950115e-05,0.015854932367801666,0.0006386313471011817,0.001732251956127584,0.005,0.3,30.0,4.0,0.04,0.01,3.8140748342903543,11.79840510611604,0.0063,/Users/hojunsong/Desktop/SpillSinkSimulator/project/renders/ridge_micro/N_d030_p040__angle_th-05.0.png
N_d030_p040,angle,0.0,0.04174247039982473,0.0006643503438681364,0.01591545343399048,0.0025739208795130253,0.0027708634734153748,0.005,0.3,30.0,4.0,0.04,0.01,3.8140748342903543,11.79840510611604,0.0063,/Users/hojunsong/Desktop/SpillSinkSimulator/project/renders/ridge_micro/N_d030_p040__angle_th+00.0.png
N_d030_p040,angle,5.0,0.004430516302796317,7.02455363352783e-05,0.015854932367801666,0.0006372564239427447,0.001536478870548308,0.005,0.3,30.0,4.0,0.04,0.01,3.8140748342903543,11.79840510611604,0.0063,/Users/hojunsong/Desktop/SpillSinkSimulator/project/renders/ridge_micro/N_d030_p040__angle_th+05.0.png
N_d030_p040,angle,10.0,0.0029593131919095454,4.638340033125132e-05,0.01567370444536209,0.00026068746228702366,0.00036713198642246425,0.005,0.3,30.0,4.0,0.04,0.01,3.8140748342903543,11.79840510611604,0.0063,/Users/hojunsong/Desktop/SpillSinkSimulator/project/renders/ridge_micro/N_d030_p040__angle_th+10.0.png
N_d030_p040,angle,15.0,0.002411032407471354,3.706525239977054e-05,0.015373187139630318,0.0001864197984104976,0.00024865451268851757,0.005,0.3,30.0,4.0,0.04,0.01,3.8140748342903543,11.79840510611604,0.0063,/Users/hojunsong/Desktop/SpillSinkSimulator/project/renders/ridge_micro/N_d030_p040__angle_th+15.0.png
N_d030_p040,angle,20.0,0.002843847648642332,4.25316538894549e-05,0.014955672435462475,0.00026275310665369034,0.00037598152994178236,0.005,0.3,30.0,4.0,0.04,0.01,3.8140748342903543,11.79840510611604,0.0063,/Users/hojunsong/Desktop/SpillSinkSimulator/project/renders/ridge_micro/N_d030_p040__angle_th+20.0.png
N_d030_p040,angle,25.0,0.0028873565705482595,4.164820711594075e-05,0.01442433800548315,0.0002611925301607698,0.00038973669870756567,0.005,0.3,30.0,4.0,0.04,0.01,3.8140748342903543,11.79840510611604,0.0063,/Users/hojunsong/Desktop/SpillSinkSimulator/project/renders/ridge_micro/N_d030_p040__angle_th+25.0.png
N_d030_p040,angle,30.0,0.0024857578307394836,3.4261756809428334e-05,0.013783223927021027,0.00018680570065043867,0.00024450523778796196,0.005,0.3,30.0,4.0,0.04,0.01,3.8140748342903543,11.79840510611604,0.0063,/Users/hojunsong/Desktop/SpillSinkSimulator/project/renders/ridge_micro/N_d030_p040__angle_th+30.0.png
N_d030_p040,angle,35.0,0.003139560443539449,4.093110692338087e-05,0.013037209399044514,0.00026447558775544167,0.00030164519557729363,0.005,0.3,30.0,4.0,0.04,0.01,3.8140748342903543,11.79840510611604,0.0063,/Users/hojunsong/Desktop/SpillSinkSimulator/project/renders/ridge_micro/N_d030_p040__angle_th+35.0.png
N_d030_p040,angle,40.0,0.0033290255984343483,4.058740159962326e-05,0.01219197642058134,0.0002623186737764627,0.00031203325488604605,0.005,0.3,30.0,4.0,0.04,0.01,3.8140748342903543,11.79840510611604,0.0063,/Users/hojunsong/Desktop/SpillSinkSimulator/project/renders/ridge_micro/N_d030_p040__angle_th+40.0.png
N_d030_p040,angle,45.0,0.0029544372663098378,3.324910358060151e-05,0.011253954842686653,0.0001868168474175036,0.0002541301946621388,0.005,0.3,30.0,4.0,0.04,0.01,3.8140748342903543,11.79840510611604,0.0063,/Users/hojunsong/Desktop/SpillSinkSimulator/project/renders/ridge_micro/N_d030_p040__angle_th+45.0.png
N_d030_p040,angle,50.0,0.0039013255297102767,3.991166886407882e-05,0.010230284184217453,0.0002699796168599278,0.0003119944594800472,0.005,0.3,30.0,4.0,0.04,0.01,3.8140748342903543,11.79840510611604,0.0063,/Users/hojunsong/Desktop/SpillSinkSimulator/project/renders/ridge_micro/N_d030_p040__angle_th+50.0.png
N_d030_p040,angle,55.0,0.004341892708385619,3.963606650358997e-05,0.00912875309586525,0.00026901179808191955,0.0003118417225778103,0.005,0.3,30.0,4.0,0.04,0.01,3.8140748342903543,11.79840510611604,0.0063,/Users/hojunsong/Desktop/SpillSinkSimulator/project/renders/ridge_micro/N_d030_p040__angle_th+55.0.png
N_d030_p040,angle,60.0,0.004073883019028349,3.241893500671722e-05,0.007957748137414455,0.00015177512250375003,0.0002244936622446403,0.005,0.3,30.0,4.0,0.04,0.01,3.8140748342903543,11.79840510611604,0.0063,/Users/hojunsong/Desktop/SpillSinkSimulator/project/renders/ridge_micro/N_d030_p040__angle_th+60.0.png
