tag,mode,theta,ratio_vs_flat,panel_mean,control_mean,panel_p99,panel_max,rho_slat,spec_roughness,depth_mm,pitch_mm,tip_width_mm,tip_fraction,half_angle_deg,est_bounces,predicted_return,png
M_d150_plain,hemi_view,-80.0,0.024928788732782637,0.0012464391766116023,0.049999989569187164,0.001951158163137734,0.002125471830368042,0.005,0.3,150.0,20.0,0.2,0.01,3.8140748342903543,11.79840510611604,0.0063,/Users/hojunsong/Desktop/SpillSinkSimulator/project/renders/ridge_micro/M_d150_plain__hemi_view_th-80.0.png
M_d150_plain,hemi_view,-70.0,0.006986303657983061,0.00034931505797430873,0.04999998211860657,0.0009220588835887611,0.0010152047034353018,0.005,0.3,150.0,20.0,0.2,0.01,3.8140748342903543,11.79840510611604,0.0063,/Users/hojunsong/Desktop/SpillSinkSimulator/project/renders/ridge_micro/M_d150_plain__hemi_view_th-70.0.png
M_d150_plain,hemi_view,-60.0,0.003162845243315969,0.0001581421820446849,0.04999997466802597,0.0006252206512726843,0.0007804208435118198,0.005,0.3,150.0,20.0,0.2,0.01,3.8140748342903543,11.79840510611604,0.0063,/Users/hojunsong/Desktop/SpillSinkSimulator/project/renders/ridge_micro/M_d150_plain__hemi_view_th-60.0.png
M_d150_plain,hemi_view,-50.0,0.00197699218499998,9.884958126349375e-05,0.049999985843896866,0.0006114475545473397,0.0007021945784799755,0.005,0.3,150.0,20.0,0.2,0.01,3.8140748342903543,11.79840510611604,0.0063,/Users/hojunsong/Desktop/SpillSinkSimulator/project/renders/ridge_micro/M_d150_plain__hemi_view_th-50.0.png
M_d150_plain,hemi_view,-40.0,0.001503401973570099,7.517007179558277e-05,0.04999998211860657,0.0005986046744510531,0.0007019639015197754,0.005,0.3,150.0,20.0,0.2,0.01,3.8140748342903543,11.79840510611604,0.0063,/Users/hojunsong/Desktop/SpillSinkSimulator/project/renders/ridge_micro/M_d150_plain__hemi_view_th-40.0.png
M_d150_plain,hemi_view,-30.0,0.0012777545614516238,6.388770998455584e-05,0.049999985843896866,0.0006375695811584592,0.0007195963407866657,0.005,0.3,150.0,20.0,0.2,0.01,3.8140748342903543,11.79840510611604,0.0063,/Users/hojunsong/Desktop/SpillSinkSimulator/project/renders/ridge_micro/M_d150_plain__hemi_view_th-30.0.png
M_d150_plain,hemi_view,-20.0,0.0011476997781700593,5.738496838603169e-05,0.04999998211860657,0.0006499811424873769,0.000728759856428951,0.005,0.3,150.0,20.0,0.2,0.01,3.8140748342903543,11.79840510611604,0.0063,/Users/hojunsong/Desktop/SpillSinkSimulator/project/renders/ridge_micro/M_d150_plain__hemi_view_th-20.0.png
M_d150_plain,hemi_view,-10.0,0.0010927693430986024,5.4638443543808535e-05,0.04999997839331627,0.0006503437180072069,0.0007523702806793153,0.005,0.3,150.0,20.0,0.2,0.01,3.8140748342903543,11.79840510611604,0.0063,/Users/hojunsong/Desktop/SpillSinkSimulator/project/renders/ridge_micro/M_d150_plain__hemi_view_th-10.0.png
M_d150_plain,hemi_view,0.0,0.0013699095969908434,6.849545025033876e-05,0.04999997839331627,0.0006877207197248936,0.000829859112855047,0.005,0.3,150.0,20.0,0.2,0.01,3.8140748342903543,11.79840510611604,0.0063,/Users/hojunsong/Desktop/SpillSinkSimulator/project/renders/ridge_micro/M_d150_plain__hemi_view_th+00.0.png
M_d150_plain,hemi_view,10.0,0.0010890089082998535,5.4450421885121614e-05,0.04999997839331627,0.0006507906946353614,0.0007661613635718822,0.005,0.3,150.0,20.0,0.2,0.01,3.8140748342903543,11.79840510611604,0.0063,/Users/hojunsong/Desktop/SpillSinkSimulator/project/renders/ridge_micro/M_d150_plain__hemi_view_th+10.0.png
M_d150_plain,hemi_view,20.0,0.0011435632492679058,5.717814201489091e-05,0.04999998211860657,0.0006472423556260765,0.0007494252058677375,0.005,0.3,150.0,20.0,0.2,0.01,3.8140748342903543,11.79840510611604,0.0063,/Users/hojunsong/Desktop/SpillSinkSimulator/project/renders/ridge_micro/M_d150_plain__hemi_view_th+20.0.png
M_d150_plain,hemi_view,30.0,0.0012692005067010913,6.34600073681213e-05,0.049999985843896866,0.0006115268333815038,0.0007147529977373779,0.005,0.3,150.0,20.0,0.2,0.01,3.8140748342903543,11.79840510611604,0.0063,/Users/hojunsong/Desktop/SpillSinkSimulator/project/renders/ridge_micro/M_d150_plain__hemi_view_th+30.0.png
M_d150_plain,hemi_view,40.0,0.0014921985955482914,7.46099030948244e-05,0.04999998211860657,0.0006103575578890741,0.0006892819073982537,0.005,0.3,150.0,20.0,0.2,0.01,3.8140748342903543,11.79840510611604,0.0063,/Users/hojunsong/Desktop/SpillSinkSimulator/project/renders/ridge_micro/M_d150_plain__hemi_view_th+40.0.png
M_d150_plain,hemi_view,50.0,0.0019611013435524034,9.80550394160673e-05,0.049999985843896866,0.0005860698292963207,0.0007022195495665073,0.005,0.3,150.0,20.0,0.2,0.01,3.8140748342903543,11.79840510611604,0.0063,/Users/hojunsong/Desktop/SpillSinkSimulator/project/renders/ridge_micro/M_d150_plain__hemi_view_th+50.0.png
M_d150_plain,hemi_view,60.0,0.003142727210320162,0.00015713628090452403,0.04999997466802597,0.0006204386590979993,0.0007549014408141375,0.005,0.3,150.0,20.0,0.2,0.01,3.8140748342903543,11.79840510611604,0.0063,/Users/hojunsong/Desktop/SpillSinkSimulator/project/renders/ridge_micro/M_d150_plain__hemi_view_th+60.0.png
M_d150_plain,hemi_view,70.0,0.0068954804659490465,0.0003447738999966532,0.04999998211860657,0.0008747866377234459,0.0009938818402588367,0.005,0.3,150.0,20.0,0.2,0.01,3.8140748342903543,11.79840510611604,0.0063,/Users/hojunsong/Desktop/SpillSinkSimulator/project/renders/ridge_micro/M_d150_plain__hemi_view_th+70.0.png
M_d150_plain,hemi_view,80.0,0.024741103911779146,0.001237054937519133,0.049999989569187164,0.001863454352132976,0.00195897463709116,0.005,0.3,150.0,20.0,0.2,0.01,3.8140748342903543,11.79840510611604,0.0063,/Users/hojunsong/Desktop/SpillSinkSimulator/project/renders/ridge_micro/M_d150_plain__hemi_view_th+80.0.png
M_d150_plain,angle,-60.0,0.0007408933115460021,5.895843059988692e-06,0.00795774906873703,9.129496902460232e-05,9.798192331800237e-05,0.005,0.3,150.0,20.0,0.2,0.01,3.8140748342903543,11.79840510611604,0.0063,/Users/hojunsong/Desktop/SpillSinkSimulator/project/renders/ridge_micro/M_d150_plain__angle_th-60.0.png
M_d150_plain,angle,-55.0,0.000742905407525094,6.781800038879737e-06,0.00912875309586525,9.913202666211873e-05,0.00010639745596563444,0.005,0.3,150.0,20.0,0.2,0.01,3.8140748342903543,11.79840510611604,0.0063,/Users/hojunsong/Desktop/SpillSinkSimulator/project/renders/ridge_micro/M_d150_plain__angle_th-55.0.png
M_d150_plain,angle,-50.0,0.0009403504141254769,9.620051969250198e-06,0.010230284184217453,0.00013950062566436827,0.0001526353880763054,0.005,0.3,150.0,20.0,0.2,0.01,3.8140748342903543,11.79840510611604,0.0063,/Users/hojunsong/Desktop/SpillSinkSimulator/project/renders/ridge_micro/M_d150_plain__angle_th-50.0.png
M_d150_plain,angle,-45.0,0.0015264896899736542,1.717904888209887e-05,0.011253956705331802,0.0002603390021249652,0.0002923196880146861,0.005,0.3,150.0,20.0,0.2,0.01,3.8140748342903543,11.79840510611604,0.0063,/Users/hojunsong/Desktop/SpillSinkSimulator/project/renders/ridge_micro/M_d150_plain__angle_th-45.0.png
M_d150_plain,angle,-40.0,0.003110882215863757,3.792780262301676e-05,0.01219197642058134,0.0006031038938090205,0.0006977915181778371,0.005,0.3,150.0,20.0,0.2,0.01,3.8140748342903543,11.79840510611604,0.0063,/Users/hojunsong/Desktop/SpillSinkSimulator/project/renders/ridge_micro/M_d150_plain__angle_th-40.0.png
M_d150_plain,angle,-35.0,0.006685991460429927,8.71666707098484e-05,0.013037209399044514,0.001423401408828795,0.0016770735383033752,0.005,0.3,150.0,20.0,0.2,0.01,3.8140748342903543,11.79840510611604,0.0063,/Users/hojunsong/Desktop/SpillSinkSimulator/project/renders/ridge_micro/M_d150_plain__angle_th-35.0.png
M_d150_plain,angle,-30.0,0.009475721737979406,0.00013060598575975746,0.013783222995698452,0.0021474966779351234,0.00253173615783453,0.005,0.3,150.0,20.0,0.2,0.01,3.8140748342903543,11.79840510611604,0.0063,/Users/hojunsong/Desktop/SpillSinkSimulator/project/renders/ridge_micro/M_d150_plain__angle_th-30.0.png
M_d150_plain,angle,-25.0,0.006125427148886045,8.835522021399811e-05,0.014424336142838001,0.0014217415591701865,0.0016677569365128875,0.005,0.3,150.0,20.0,0.2,0.01,3.8140748342903543,11.79840510611604,0.0063,/Users/hojunsong/Desktop/SpillSinkSimulator/project/renders/ridge_micro/M_d150_plain__angle_th-25.0.png
M_d150_plain,angle,-20.0,0.002704860128594537,4.0453014662489295e-05,0.014955677092075348,0.0005973040242679417,0.0006908190553076565,0.005,0.3,150.0,20.0,0.2,0.01,3.8140748342903543,11.79840510611604,0.0063,/Users/hojunsong/Desktop/SpillSinkSimulator/project/renders/ridge_micro/M_d150_plain__angle_th-20.0.png
M_d150_plain,angle,-15.0,0.00139646243155942,2.1468082195497118e-05,0.015373189933598042,0.0002519637637306005,0.000283636647509411,0.005,0.3,150.0,20.0,0.2,0.01,3.8140748342903543,11.79840510611604,0.0063,/Users/hojunsong/Desktop/SpillSinkSimulator/project/renders/ridge_micro/M_d150_plain__angle_th-15.0.png
M_d150_plain,angle,-10.0,0.0010617841202852465,1.6642090486129746e-05,0.01567370444536209,0.00012611615238711238,0.0001424504880560562,0.005,0.3,150.0,20.0,0.2,0.01,3.8140748342903543,11.79840510611604,0.0063,/Users/hojunsong/Desktop/SpillSinkSimulator/project/renders/ridge_micro/M_d150_plain__angle_th-10.0.png
M_d150_plain,angle,-5.0,0.0011989330961999526,1.90090031537693e-05,0.015854932367801666,8.177175186574459e-05,9.05872366274707e-05,0.005,0.3,150.0,20.0,0.2,0.01,3.8140748342903543,11.79840510611604,0.0063,/Users/hojunsong/Desktop/SpillSinkSimulator/project/renders/ridge_micro/M_d150_plain__angle_th-05.0.png
M_d150_plain,angle,0.0,0.008987515161721913,0.0001430403790436685,0.01591545343399048,0.00212292093783617,0.002477368339896202,0.005,0.3,150.0,20.0,0.2,0.01,3.8140748342903543,11.79840510611604,0.0063,/Users/hojunsong/Desktop/SpillSinkSimulator/project/renders/ridge_micro/M_d150_plain__angle_th+00.0.png
M_d150_plain,angle,5.0,0.0011833967609249803,1.876267560874112e-05,0.015854932367801666,8.262672054115683e-05,9.061459422810003e-05,0.005,0.3,150.0,20.0,0.2,0.01,3.8140748342903543,11.79840510611604,0.0063,/Users/hojunsong/Desktop/SpillSinkSimulator/project/renders/ridge_micro/M_d150_plain__angle_th+05.0.png
M_d150_plain,angle,10.0,0.0010494473933647037,1.6448728274554014e-05,0.01567370444536209,0.00012800772674381733,0.00014430316514335573,0.005,0.3,150.0,20.0,0.2,0.01,3.8140748342903543,11.79840510611604,0.0063,/Users/hojunsong/Desktop/SpillSinkSimulator/project/renders/ridge_micro/M_d150_plain__angle_th+10.0.png
M_d150_plain,angle,15.0,0.001385647207544463,2.1301813831087202e-05,0.015373187139630318,0.00025223148986697197,0.00029203612939454615,0.005,0.3,150.0,20.0,0.2,0.01,3.8140748342903543,11.79840510611604,0.0063,/Users/hojunsong/Desktop/SpillSinkSimulator/project/renders/ridge_micro/M_d150_plain__angle_th+15.0.png
M_d150_plain,angle,20.0,0.002693659272912323,4.028548573842272e-05,0.014955672435462475,0.0005968065233901143,0.0007016959134489298,0.005,0.3,150.0,20.0,0.2,0.01,3.8140748342903543,11.79840510611604,0.0063,/Users/hojunsong/Desktop/SpillSinkSimulator/project/renders/ridge_micro/M_d150_plain__angle_th+20.0.png
M_d150_plain,angle,25.0,0.006111572399690987,8.815538603812456e-05,0.01442433800548315,0.001420888234861195,0.0016796895070001483,0.005,0.3,150.0,20.0,0.2,0.01,3.8140748342903543,11.79840510611604,0.0063,/Users/hojunsong/Desktop/SpillSinkSimulator/project/renders/ridge_micro/M_d150_plain__angle_th+25.0.png
M_d150_plain,angle,30.0,0.009459354550156139,0.00013038040196988732,0.013783223927021027,0.0021478263661265373,0.002543678041547537,0.005,0.3,150.0,20.0,0.2,0.01,3.8140748342903543,11.79840510611604,0.0063,/Users/hojunsong/Desktop/SpillSinkSimulator/project/renders/ridge_micro/M_d150_plain__angle_th+30.0.png
M_d150_plain,angle,35.0,0.006673092846375962,8.69985087774694e-05,0.013037209399044514,0.0014244528720155358,0.0016887410311028361,0.005,0.3,150.0,20.0,0.2,0.01,3.8140748342903543,11.79840510611604,0.0063,/Users/hojunsong/Desktop/SpillSinkSimulator/project/renders/ridge_micro/M_d150_plain__angle_th+35.0.png
M_d150_plain,angle,40.0,0.003101147500465013,3.78091172024142e-05,0.01219197642058134,0.000603863038122654,0.0007110379519872367,0.005,0.3,150.0,20.0,0.2,0.01,3.8140748342903543,11.79840510611604,0.0063,/Users/hojunsong/Desktop/SpillSinkSimulator/project/renders/ridge_micro/M_d150_plain__angle_th+40.0.png
M_d150_plain,angle,45.0,0.0015181384622953526,1.7085061699617654e-05,0.011253954842686653,0.00026161770801991224,0.0003028890350833535,0.005,0.3,150.0,20.0,0.2,0.01,3.8140748342903543,11.79840510611604,0.0063,/Users/hojunsong/Desktop/SpillSinkSimulator/project/renders/ridge_micro/M_d150_plain__angle_th+45.0.png
M_d150_plain,angle,50.0,0.0009319286204546258,9.533894626656547e-06,0.010230284184217453,0.00014099401596467942,0.00015839886327739805,0.005,0.3,150.0,20.0,0.2,0.01,3.8140748342903543,11.79840510611604,0.0063,/Users/hojunsong/Desktop/SpillSinkSimulator/project/renders/ridge_micro/M_d150_plain__angle_th+50.0.png
M_d150_plain,angle,55.0,0.0007336021379418724,6.696872787870234e-06,0.00912875309586525,9.932223474606872e-05,0.00010743112216005102,0.005,0.3,150.0,20.0,0.2,0.01,3.8140748342903543,11.79840510611604,0.0063,/Users/hojunsong/Desktop/SpillSinkSimulator/project/renders/ridge_micro/M_d150_plain__angle_th+55.0.png
M_d150_plain,angle,60.0,0.0007309919013267437,5.817049441247946e-06,0.007957748137414455,9.03644977370277e-05,9.65199651545845e-05,0.005,0.3,150.0,20.0,0.2,0.01,3.8140748342903543,11.79840510611604,0.0063,/Users/hojunsong/Desktop/SpillSinkSimulator/project/renders/ridge_micro/M_d150_plain__angle_th+60.0.png
M_d050_plain,hemi_view,-80.0,0.07889774411273624,0.0039448863826692104,0.049999989569187164,0.004492064006626606,0.004569272510707378,0.005,0.3,50.0,20.0,0.2,0.01,11.309932474020215,3.9788035961636785,0.0063,/Users/hojunsong/Desktop/SpillSinkSimulator/project/renders/ridge_micro/M_d050_plain__hemi_view_th-80.0.png
M_d050_plain,hemi_view,-70.0,0.02985008895623885,0.0014925039140507579,0.04999998211860657,0.0035048990976065397,0.003649093909189105,0.005,0.3,50.0,20.0,0.2,0.01,11.309932474020215,3.9788035961636785,0.0063,/Users/hojunsong/Desktop/SpillSinkSimulator/project/renders/ridge_micro/M_d050_plain__hemi_view_th-70.0.png
M_d050_plain,hemi_view,-60.0,0.008333626467262207,0.0004166811122559011,0.04999997466802597,0.0014545493759214878,0.0017527552554383874,0.005,0.3,50.0,20.0,0.2,0.01,11.309932474020215,3.9788035961636785,0.0063,/Users/hojunsong/Desktop/SpillSinkSimulator/project/renders/ridge_micro/M_d050_plain__hemi_view_th-60.0.png
M_d050_plain,hemi_view,-50.0,0.0034236518929620977,0.0001711825461825356,0.049999985843896866,0.0007590449531562626,0.0009284259285777807,0.005,0.3,50.0,20.0,0.2,0.01,11.309932474020215,3.9788035961636785,0.0063,/Users/hojunsong/Desktop/SpillSinkSimulator/project/renders/ridge_micro/M_d050_plain__hemi_view_th-50.0.png
M_d050_plain,hemi_view,-40.0,0.00206324229229711,0.00010316207772120833,0.04999998211860657,0.0006408269400708377,0.000742647738661617,0.005,0.3,50.0,20.0,0.2,0.01,11.309932474020215,3.9788035961636785,0.0063,/Users/hojunsong/Desktop/SpillSinkSimulator/project/renders/ridge_micro/M_d050_plain__hemi_view_th-40.0.png
M_d050_plain,hemi_view,-30.0,0.0015441852162427323,7.720923895249143e-05,0.049999985843896866,0.0006637005135416985,0.0007542396779172122,0.005,0.3,50.0,20.0,0.2,0.01,11.309932474020215,3.9788035961636785,0.0063,/Users/hojunsong/Desktop/SpillSinkSimulator/project/renders/ridge_micro/M_d050_plain__hemi_view_th-30.0.png
M_d050_plain,hemi_view,-20.0,0.0012879225200156195,6.439610297093168e-05,0.04999998211860657,0.0006626761751249433,0.0007421098998747766,0.005,0.3,50.0,20.0,0.2,0.01,11.309932474020215,3.9788035961636785,0.0063,/Users/hojunsong/Desktop/SpillSinkSimulator/project/renders/ridge_micro/M_d050_plain__hemi_view_th-20.0.png
M_d050_plain,hemi_view,-10.0,0.0016748385640094929,8.37418920127675e-05,0.04999997839331627,0.000753740023355931,0.0010167881846427917,0.005,0.3,50.0,20.0,0.2,0.01,11.309932474020215,3.9788035961636785,0.0063,/Users/hojunsong/Desktop/SpillSinkSimulator/project/renders/ridge_micro/M_d050_plain__hemi_view_th-10.0.png
M_d050_plain,hemi_view,0.0,0.0017767711362538926,8.883851842256263e-05,0.04999997839331627,0.0006557537126354873,0.0007787144277244806,0.005,0.3,50.0,20.0,0.2,0.01,11.309932474020215,3.9788035961636785,0.0063,/Users/hojunsong/Desktop/SpillSinkSimulator/project/renders/ridge_micro/M_d050_plain__hemi_view_th+00.0.png
M_d050_plain,hemi_view,10.0,0.0016854553549096776,8.427273132838309e-05,0.04999997839331627,0.0007557938224636018,0.0010680558625608683,0.005,0.3,50.0,20.0,0.2,0.01,11.309932474020215,3.9788035961636785,0.0063,/Users/hojunsong/Desktop/SpillSinkSimulator/project/renders/ridge_micro/M_d050_plain__hemi_view_th+10.0.png
M_d050_plain,hemi_view,20.0,0.0012797961455692723,6.398978439392522e-05,0.04999998211860657,0.0006511000683531165,0.0007516859914176166,0.005,0.3,50.0,20.0,0.2,0.01,11.309932474020215,3.9788035961636785,0.0063,/Users/hojunsong/Desktop/SpillSinkSimulator/project/renders/ridge_micro/M_d050_plain__hemi_view_th+20.0.png
M_d050_plain,hemi_view,30.0,0.0015270052202600863,7.635023939656094e-05,0.049999985843896866,0.0006250981823541224,0.0007416196167469025,0.005,0.3,50.0,20.0,0.2,0.01,11.309932474020215,3.9788035961636785,0.0063,/Users/hojunsong/Desktop/SpillSinkSimulator/project/renders/ridge_micro/M_d050_plain__hemi_view_th+30.0.png
M_d050_plain,hemi_view,40.0,0.0020295685663393975,0.00010147839202545583,0.04999998211860657,0.0006381002021953464,0.0007480542990379035,0.005,0.3,50.0,20.0,0.2,0.01,11.309932474020215,3.9788035961636785,0.0063,/Users/hojunsong/Desktop/SpillSinkSimulator/project/renders/ridge_micro/M_d050_plain__hemi_view_th+40.0.png
M_d050_plain,hemi_view,50.0,0.0033493337856582094,0.00016746664186939597,0.049999985843896866,0.0007301628938876092,0.0009167084936052561,0.005,0.3,50.0,20.0,0.2,0.01,11.309932474020215,3.9788035961636785,0.0063,/Users/hojunsong/Desktop/SpillSinkSimulator/project/renders/ridge_micro/M_d050_plain__hemi_view_th+50.0.png
M_d050_plain,hemi_view,60.0,0.00807353704423099,0.0004036766476929188,0.04999997466802597,0.001441346830688417,0.0017477348446846008,0.005,0.3,50.0,20.0,0.2,0.01,11.309932474020215,3.9788035961636785,0.0063,/Users/hojunsong/Desktop/SpillSinkSimulator/project/renders/ridge_micro/M_d050_plain__hemi_view_th+60.0.png
M_d050_plain,hemi_view,70.0,0.029011299964356408,0.0014505644794553518,0.04999998211860657,0.003337823087349534,0.0034671835601329803,0.005,0.3,50.0,20.0,0.2,0.01,11.309932474020215,3.9788035961636785,0.0063,/Users/hojunsong/Desktop/SpillSinkSimulator/project/renders/ridge_micro/M_d050_plain__hemi_view_th+70.0.png
M_d050_plain,hemi_view,80.0,0.07906099568089753,0.003953048959374428,0.049999989569187164,0.004507000092417002,0.004577277228236198,0.005,0.3,50.0,20.0,0.2,0.01,11.309932474020215,3.9788035961636785,0.0063,/Users/hojunsong/Desktop/SpillSinkSimulator/project/renders/ridge_micro/M_d050_plain__hemi_view_th+80.0.png
M_d050_plain,angle,-60.0,0.0010425792911282934,8.29658438306069e-06,0.00795774906873703,8.188976789824665e-05,8.642966713523492e-05,0.005,0.3,50.0,20.0,0.2,0.01,11.309932474020215,3.9788035961636785,0.0063,/Users/hojunsong/Desktop/SpillSinkSimulator/project/renders/ridge_micro/M_d050_plain__angle_th-60.0.png
M_d050_plain,angle,-55.0,0.0009938425696768818,9.07254343474051e-06,0.00912875309586525,8.779019844951108e-05,9.43115446716547e-05,0.005,0.3,50.0,20.0,0.2,0.01,11.309932474020215,3.9788035961636785,0.0063,/Users/hojunsong/Desktop/SpillSinkSimulator/project/renders/ridge_micro/M_d050_plain__angle_th-55.0.png
M_d050_plain,angle,-50.0,0.0011535692560659914,1.1801341315731406e-05,0.010230284184217453,0.0001271538931177929,0.00014159613056108356,0.005,0.3,50.0,20.0,0.2,0.01,11.309932474020215,3.9788035961636785,0.0063,/Users/hojunsong/Desktop/SpillSinkSimulator/project/renders/ridge_micro/M_d050_plain__angle_th-50.0.png
M_d050_plain,angle,-45.0,0.0017104727549859134,1.924958633026108e-05,0.011253956705331802,0.00024887858307920396,0.0002812598249875009,0.005,0.3,50.0,20.0,0.2,0.01,11.309932474020215,3.9788035961636785,0.0063,/Users/hojunsong/Desktop/SpillSinkSimulator/project/renders/ridge_micro/M_d050_plain__angle_th-45.0.png
M_d050_plain,angle,-40.0,0.0032702816159111943,3.9871196349849924e-05,0.01219197642058134,0.0005902420380152762,0.0006914022378623486,0.005,0.3,50.0,20.0,0.2,0.01,11.309932474020215,3.9788035961636785,0.0063,/Users/hojunsong/Desktop/SpillSinkSimulator/project/renders/ridge_micro/M_d050_plain__angle_th-40.0.png
M_d050_plain,angle,-35.0,0.006824012546578775,8.896608051145449e-05,0.013037209399044514,0.0014121715212240815,0.0016708947950974107,0.005,0.3,50.0,20.0,0.2,0.01,11.309932474020215,3.9788035961636785,0.0063,/Users/hojunsong/Desktop/SpillSinkSimulator/project/renders/ridge_micro/M_d050_plain__angle_th-35.0.png
M_d050_plain,angle,-30.0,0.009594624682331436,0.0001322448515566066,0.013783222995698452,0.002135906368494034,0.0025257498491555452,0.005,0.3,50.0,20.0,0.2,0.01,11.309932474020215,3.9788035961636785,0.0063,/Users/hojunsong/Desktop/SpillSinkSimulator/project/renders/ridge_micro/M_d050_plain__angle_th-30.0.png
M_d050_plain,angle,-25.0,0.006225053590638127,8.979226549854502e-05,0.014424336142838001,0.0014110011979937553,0.0016619213856756687,0.005,0.3,50.0,20.0,0.2,0.01,11.309932474020215,3.9788035961636785,0.0063,/Users/hojunsong/Desktop/SpillSinkSimulator/project/renders/ridge_micro/M_d050_plain__angle_th-25.0.png
M_d050_plain,angle,-20.0,0.002780233544872957,4.1580275137675926e-05,0.014955677092075348,0.0005858593503944576,0.0006851155194453895,0.005,0.3,50.0,20.0,0.2,0.01,11.309932474020215,3.9788035961636785,0.0063,/Users/hojunsong/Desktop/SpillSinkSimulator/project/renders/ridge_micro/M_d050_plain__angle_th-20.0.png
M_d050_plain,angle,-15.0,0.0014355227142016972,2.206856333941687e-05,0.015373189933598042,0.00024069570645224303,0.0002764696255326271,0.005,0.3,50.0,20.0,0.2,0.01,11.309932474020215,3.9788035961636785,0.0063,/Users/hojunsong/Desktop/SpillSinkSimulator/project/renders/ridge_micro/M_d050_plain__angle_th-15.0.png
M_d050_plain,angle,-10.0,0.009297774981532442,0.00014573057706002146,0.01567370444536209,0.0025970139540731907,0.0033649092074483633,0.005,0.3,50.0,20.0,0.2,0.01,11.309932474020215,3.9788035961636785,0.0063,/Users/hojunsong/Desktop/SpillSinkSimulator/project/renders/ridge_micro/M_d050_plain__angle_th-10.0.png
M_d050_plain,angle,-5.0,0.010811527144101094,0.00017141603166237473,0.015854932367801666,0.0029964165296405554,0.003325576661154628,0.005,0.3,50.0,20.0,0.2,0.01,11.309932474020215,3.9788035961636785,0.0063,/Users/hojunsong/Desktop/SpillSinkSimulator/project/renders/ridge_micro/M_d050_plain__angle_th-05.0.png
M_d050_plain,angle,0.0,0.01073247187035376,0.00017081215628422797,0.01591545343399048,0.0030303350649774075,0.0033094510436058044,0.005,0.3,50.0,20.0,0.2,0.01,11.309932474020215,3.9788035961636785,0.0063,/Users/hojunsong/Desktop/SpillSinkSimulator/project/renders/ridge_micro/M_d050_plain__angle_th+00.0.png
M_d050_plain,angle,5.0,0.010759635646610241,0.00017059329547919333,0.015854932367801666,0.002987849060446024,0.0032406889367848635,0.005,0.3,50.0,20.0,0.2,0.01,11.309932474020215,3.9788035961636785,0.0063,/Users/hojunsong/Desktop/SpillSinkSimulator/project/renders/ridge_micro/M_d050_plain__angle_th+05.0.png
M_d050_plain,angle,10.0,0.00924583682967159,0.00014491651381831616,0.01567370444536209,0.002698940457776189,0.003136032959446311,0.005,0.3,50.0,20.0,0.2,0.01,11.309932474020215,3.9788035961636785,0.0063,/Users/hojunsong/Desktop/SpillSinkSimulator/project/renders/ridge_micro/M_d050_plain__angle_th+10.0.png
M_d050_plain,angle,15.0,0.0014264684866658864,2.1929366994299926e-05,0.015373187139630318,0.00024065785692073405,0.00028111512074247,0.005,0.3,50.0,20.0,0.2,0.01,11.309932474020215,3.9788035961636785,0.0063,/Users/hojunsong/Desktop/SpillSinkSimulator/project/renders/ridge_micro/M_d050_plain__angle_th+15.0.png
M_d050_plain,angle,20.0,0.002769503402895321,4.1419785702601075e-05,0.014955672435462475,0.0005854465998709202,0.0006905565387569368,0.005,0.3,50.0,20.0,0.2,0.01,11.309932474020215,3.9788035961636785,0.0063,/Users/hojunsong/Desktop/SpillSinkSimulator/project/renders/ridge_micro/M_d050_plain__angle_th+20.0.png
M_d050_plain,angle,25.0,0.006210529964621031,8.958278340287507e-05,0.01442433800548315,0.001410453231073916,0.0016683045541867614,0.005,0.3,50.0,20.0,0.2,0.01,11.309932474020215,3.9788035961636785,0.0063,/Users/hojunsong/Desktop/SpillSinkSimulator/project/renders/ridge_micro/M_d050_plain__angle_th+25.0.png
M_d050_plain,angle,30.0,0.009577042295128579,0.0001320025185123086,0.013783223927021027,0.0021360227838158607,0.0025319973938167095,0.005,0.3,50.0,20.0,0.2,0.01,11.309932474020215,3.9788035961636785,0.0063,/Users/hojunsong/Desktop/SpillSinkSimulator/project/renders/ridge_micro/M_d050_plain__angle_th+30.0.png
M_d050_plain,angle,35.0,0.006808650516012426,8.876580250216648e-05,0.013037209399044514,0.0014126866590231657,0.0016766994958743453,0.005,0.3,50.0,20.0,0.2,0.01,11.309932474020215,3.9788035961636785,0.0063,/Users/hojunsong/Desktop/SpillSinkSimulator/project/renders/ridge_micro/M_d050_plain__angle_th+35.0.png
M_d050_plain,angle,40.0,0.003257175974817881,3.971141268266365e-05,0.01219197642058134,0.0005907218437641859,0.0006985850632190704,0.005,0.3,50.0,20.0,0.2,0.01,11.309932474020215,3.9788035961636785,0.0063,/Users/hojunsong/Desktop/SpillSinkSimulator/project/renders/ridge_micro/M_d050_plain__angle_th+40.0.png
M_d050_plain,angle,45.0,0.001697732787769403,1.9106208128505386e-05,0.011253954842686653,0.00024891350767575204,0.00028997205663472414,0.005,0.3,50.0,20.0,0.2,0.01,11.309932474020215,3.9788035961636785,0.0063,/Users/hojunsong/Desktop/SpillSinkSimulator/project/renders/ridge_micro/M_d050_plain__angle_th+45.0.png
M_d050_plain,angle,50.0,0.0011396861117602473,1.1659312804113142e-05,0.010230284184217453,0.0001284169702557847,0.00014514273789245635,0.005,0.3,50.0,20.0,0.2,0.01,11.309932474020215,3.9788035961636785,0.0063,/Users/hojunsong/Desktop/SpillSinkSimulator/project/renders/ridge_micro/M_d050_plain__angle_th+50.0.png
M_d050_plain,angle,55.0,0.000978181980362988,8.929581781558227e-06,0.00912875309586525,8.797746704658493e-05,9.46542713791132e-05,0.005,0.3,50.0,20.0,0.2,0.01,11.309932474020215,3.9788035961636785,0.0063,/Users/hojunsong/Desktop/SpillSinkSimulator/project/renders/ridge_micro/M_d050_plain__angle_th+55.0.png
M_d050_plain,angle,60.0,0.0010240068703891022,8.148788765538484e-06,0.007957748137414455,8.13178121461533e-05,8.585134492022917e-05,0.005,0.3,50.0,20.0,0.2,0.01,11.309932474020215,3.9788035961636785,0.0063,/Users/hojunsong/Desktop/SpillSinkSimulator/project/renders/ridge_micro/M_d050_plain__angle_th+60.0.png
M_d030_plain,hemi_view,-80.0,0.09448907446633342,0.004724452737718821,0.049999989569187164,0.004852407146245241,0.004889958072453737,0.005,0.3,30.0,20.0,0.2,0.01,18.43494882292201,2.441015726826809,0.0063,/Users/hojunsong/Desktop/SpillSinkSimulator/project/renders/ridge_micro/M_d030_plain__hemi_view_th-80.0.png
M_d030_plain,hemi_view,-70.0,0.07439503778488796,0.0037197505589574575,0.04999998211860657,0.004696766380220652,0.004751318600028753,0.005,0.3,30.0,20.0,0.2,0.01,18.43494882292201,2.441015726826809,0.0063,/Users/hojunsong/Desktop/SpillSinkSimulator/project/renders/ridge_micro/M_d030_plain__hemi_view_th-70.0.png
M_d030_plain,hemi_view,-60.0,0.03374146610066067,0.0016870724502950907,0.04999997466802597,0.00423148600384593,0.004399668425321579,0.005,0.3,30.0,20.0,0.2,0.01,18.43494882292201,2.441015726826809,0.0063,/Users/hojunsong/Desktop/SpillSinkSimulator/project/renders/ridge_micro/M_d030_plain__hemi_view_th-60.0.png
M_d030_plain,hemi_view,-50.0,0.011365915141290242,0.0005682955961674452,0.049999985843896866,0.0024182191118597984,0.0030665528029203415,0.005,0.3,30.0,20.0,0.2,0.01,18.43494882292201,2.441015726826809,0.0063,/Users/hojunsong/Desktop/SpillSinkSimulator/project/renders/ridge_micro/M_d030_plain__hemi_view_th-50.0.png
M_d030_plain,hemi_view,-40.0,0.0042009752832115705,0.0002100486890412867,0.04999998211860657,0.001026807352900505,0.001390415825881064,0.005,0.3,30.0,20.0,0.2,0.01,18.43494882292201,2.441015726826809,0.0063,/Users/hojunsong/Desktop/SpillSinkSimulator/project/renders/ridge_micro/M_d030_plain__hemi_view_th-40.0.png
M_d030_plain,hemi_view,-30.0,0.0023005362128494388,0.00011502677807584405,0.049999985843896866,0.0007461715140379965,0.000918983481824398,0.005,0.3,30.0,20.0,0.2,0.01,18.43494882292201,2.441015726826809,0.0063,/Users/hojunsong/Desktop/SpillSinkSimulator/project/renders/ridge_micro/M_d030_plain__hemi_view_th-30.0.png
M_d030_plain,hemi_view,-20.0,0.0018248707761525903,9.12435061763972e-05,0.04999998211860657,0.000786700751632452,0.0010322941234335303,0.005,0.3,30.0,20.0,0.2,0.01,18.43494882292201,2.441015726826809,0.0063,/Users/hojunsong/Desktop/SpillSinkSimulator/project/renders/ridge_micro/M_d030_plain__hemi_view_th-20.0.png
M_d030_plain,hemi_view,-10.0,0.0023811240783814082,0.00011905615247087553,0.04999997839331627,0.0007421457557938993,0.0009550878312438726,0.005,0.3,30.0,20.0,0.2,0.01,18.43494882292201,2.441015726826809,0.0063,/Users/hojunsong/Desktop/SpillSinkSimulator/project/renders/ridge_micro/M_d030_plain__hemi_view_th-10.0.png
M_d030_plain,hemi_view,0.0,0.0022111192179930556,0.00011055591312469915,0.04999997839331627,0.0006908944342285395,0.0009161088964901865,0.005,0.3,30.0,20.0,0.2,0.01,18.43494882292201,2.441015726826809,0.0063,/Users/hojunsong/Desktop/SpillSinkSimulator/project/renders/ridge_micro/M_d030_plain__hemi_view_th+00.0.png
M_d030_plain,hemi_view,10.0,0.002390071036287547,0.00011950350017286837,0.04999997839331627,0.0007454039296135306,0.0010043574729934335,0.005,0.3,30.0,20.0,0.2,0.01,18.43494882292201,2.441015726826809,0.0063,/Users/hojunsong/Desktop/SpillSinkSimulator/project/renders/ridge_micro/M_d030_plain__hemi_view_th+10.0.png
M_d030_plain,hemi_view,20.0,0.001891987434609956,9.459933789912611e-05,0.04999998211860657,0.0009604943916201591,0.0012601842172443867,0.005,0.3,30.0,20.0,0.2,0.01,18.43494882292201,2.441015726826809,0.0063,/Users/hojunsong/Desktop/SpillSinkSimulator/project/renders/ridge_micro/M_d030_plain__hemi_view_th+20.0.png
M_d030_plain,hemi_view,30.0,0.002242749085925261,0.00011213742254767567,0.049999985843896866,0.0007085485267452896,0.000855092890560627,0.005,0.3,30.0,20.0,0.2,0.01,18.43494882292201,2.441015726826809,0.0063,/Users/hojunsong/Desktop/SpillSinkSimulator/project/renders/ridge_micro/M_d030_plain__hemi_view_th+30.0.png
M_d030_plain,hemi_view,40.0,0.004036245797684776,0.0002018122177105397,0.04999998211860657,0.0009250043076463044,0.0012484944891184568,0.005,0.3,30.0,20.0,0.2,0.01,18.43494882292201,2.441015726826809,0.0063,/Users/hojunsong/Desktop/SpillSinkSimulator/project/renders/ridge_micro/M_d030_plain__hemi_view_th+40.0.png
M_d030_plain,hemi_view,50.0,0.010705900615634199,0.0005352948792278767,0.049999985843896866,0.0023670834489166737,0.0029763502534478903,0.005,0.3,30.0,20.0,0.2,0.01,18.43494882292201,2.441015726826809,0.0063,/Users/hojunsong/Desktop/SpillSinkSimulator/project/renders/ridge_micro/M_d030_plain__hemi_view_th+50.0.png
M_d030_plain,hemi_view,60.0,0.03268552970227614,0.0016342756571248174,0.04999997466802597,0.004218024201691151,0.004375374875962734,0.005,0.3,30.0,20.0,0.2,0.01,18.43494882292201,2.441015726826809,0.0063,/Users/hojunsong/Desktop/SpillSinkSimulator/project/renders/ridge_micro/M_d030_plain__hemi_view_th+60.0.png
M_d030_plain,hemi_view,70.0,0.0747690756910714,0.003738452447578311,0.04999998211860657,0.00469976058229804,0.004777590744197369,0.005,0.3,30.0,20.0,0.2,0.01,18.43494882292201,2.441015726826809,0.0063,/Users/hojunsong/Desktop/SpillSinkSimulator/project/renders/ridge_micro/M_d030_plain__hemi_view_th+70.0.png
M_d030_plain,hemi_view,80.0,0.09452657883423721,0.004726327955722809,0.049999989569187164,0.004852617625147104,0.004878656938672066,0.005,0.3,30.0,20.0,0.2,0.01,18.43494882292201,2.441015726826809,0.0063,/Users/hojunsong/Desktop/SpillSinkSimulator/project/renders/ridge_micro/M_d030_plain__hemi_view_th+80.0.png
M_d030_plain,angle,-60.0,0.0015127279044783188,1.203790907311486e-05,0.00795774906873703,8.467957377433777e-05,9.283921826863661e-05,0.005,0.3,30.0,20.0,0.2,0.01,18.43494882292201,2.441015726826809,0.0063,/Users/hojunsong/Desktop/SpillSinkSimulator/project/renders/ridge_micro/M_d030_plain__angle_th-60.0.png
M_d030_plain,angle,-55.0,0.001361802655561551,1.2431560207915027e-05,0.00912875309586525,8.911634358810261e-05,9.807952301343903e-05,0.005,0.3,30.0,20.0,0.2,0.01,18.43494882292201,2.441015726826809,0.0063,/Users/hojunsong/Desktop/SpillSinkSimulator/project/renders/ridge_micro/M_d030_plain__angle_th-55.0.png
M_d030_plain,angle,-50.0,0.0014430669799536337,1.4762985301786102e-05,0.010230284184217453,0.00012715936463791877,0.00014271419786382467,0.005,0.3,30.0,20.0,0.2,0.01,18.43494882292201,2.441015726826809,0.0063,/Users/hojunsong/Desktop/SpillSinkSimulator/project/renders/ridge_micro/M_d030_plain__angle_th-50.0.png
M_d030_plain,angle,-45.0,0.0019401031904148216,2.1833837308804505e-05,0.011253956705331802,0.00024828140158206224,0.0002809669531416148,0.005,0.3,30.0,20.0,0.2,0.01,18.43494882292201,2.441015726826809,0.0063,/Users/hojunsong/Desktop/SpillSinkSimulator/project/renders/ridge_micro/M_d030_plain__angle_th-45.0.png
M_d030_plain,angle,-40.0,0.0034544400280420912,4.2116451368201524e-05,0.01219197642058134,0.0005892391782253981,0.0006908101495355368,0.005,0.3,30.0,20.0,0.2,0.01,18.43494882292201,2.441015726826809,0.0063,/Users/hojunsong/Desktop/SpillSinkSimulator/project/renders/ridge_micro/M_d030_plain__angle_th-40.0.png
M_d030_plain,angle,-35.0,0.006971655690745294,9.089093509828672e-05,0.013037209399044514,0.0014108654577285051,0.0016701193526387215,0.005,0.3,30.0,20.0,0.2,0.01,18.43494882292201,2.441015726826809,0.0063,/Users/hojunsong/Desktop/SpillSinkSimulator/project/renders/ridge_micro/M_d030_plain__angle_th-35.0.png
M_d030_plain,angle,-30.0,0.00971147626530757,0.000133855442982167,0.013783222995698452,0.0021345550194382668,0.0025248476304113865,0.005,0.3,30.0,20.0,0.2,0.01,18.43494882292201,2.441015726826809,0.0063,/Users/hojunsong/Desktop/SpillSinkSimulator/project/renders/ridge_micro/M_d030_plain__angle_th-30.0.png
M_d030_plain,angle,-25.0,0.006313310856918831,9.106531797442585e-05,0.014424336142838001,0.0014093040954321623,0.0016609221929684281,0.005,0.3,30.0,20.0,0.2,0.01,18.43494882292201,2.441015726826809,0.0063,/Users/hojunsong/Desktop/SpillSinkSimulator/project/renders/ridge_micro/M_d030_plain__angle_th-25.0.png
M_d030_plain,angle,-20.0,0.005357869426110823,8.013056503841653e-05,0.014955677092075348,0.0025142966769635677,0.0032556550577282906,0.005,0.3,30.0,20.0,0.2,0.01,18.43494882292201,2.441015726826809,0.0063,/Users/hojunsong/Desktop/SpillSinkSimulator/project/renders/ridge_micro/M_d030_plain__angle_th-20.0.png
M_d030_plain,angle,-15.0,0.011367207456219504,0.0001747502392390743,0.015373189933598042,0.0029847524128854275,0.003357822075486183,0.005,0.3,30.0,20.0,0.2,0.01,18.43494882292201,2.441015726826809,0.0063,/Users/hojunsong/Desktop/SpillSinkSimulator/project/renders/ridge_micro/M_d030_plain__angle_th-15.0.png
M_d030_plain,angle,-10.0,0.011021321874930183,0.00017274494166485965,0.01567370444536209,0.003026001388207078,0.003373273415490985,0.005,0.3,30.0,20.0,0.2,0.01,18.43494882292201,2.441015726826809,0.0063,/Users/hojunsong/Desktop/SpillSinkSimulator/project/renders/ridge_micro/M_d030_plain__angle_th-10.0.png
M_d030_plain,angle,-5.0,0.011399910716299665,0.00018074481340590864,0.015854932367801666,0.003226128639653325,0.0036718209739774466,0.005,0.3,30.0,20.0,0.2,0.01,18.43494882292201,2.441015726826809,0.0063,/Users/hojunsong/Desktop/SpillSinkSimulator/project/renders/ridge_micro/M_d030_plain__angle_th-05.0.png
M_d030_plain,angle,0.0,0.010120893739326522,0.00016107861301861703,0.01591545343399048,0.002957673277705908,0.0032890774309635162,0.005,0.3,30.0,20.0,0.2,0.01,18.43494882292201,2.441015726826809,0.0063,/Users/hojunsong/Desktop/SpillSinkSimulator/project/renders/ridge_micro/M_d030_plain__angle_th+00.0.png
M_d030_plain,angle,5.0,0.011330040115473918,0.00017963701975531876,0.015854932367801666,0.0032242187298834324,0.00357734109275043,0.005,0.3,30.0,20.0,0.2,0.01,18.43494882292201,2.441015726826809,0.0063,/Users/hojunsong/Desktop/SpillSinkSimulator/project/renders/ridge_micro/M_d030_plain__angle_th+05.0.png
M_d030_plain,angle,10.0,0.010953004385985761,0.0001716741535346955,0.01567370444536209,0.0030069362837821245,0.0032469865400344133,0.005,0.3,30.0,20.0,0.2,0.01,18.43494882292201,2.441015726826809,0.0063,/Users/hojunsong/Desktop/SpillSinkSimulator/project/renders/ridge_micro/M_d030_plain__angle_th+10.0.png
M_d030_plain,angle,15.0,0.011322697655104547,0.00017406594997737557,0.015373187139630318,0.0030281890649348497,0.0033636605367064476,0.005,0.3,30.0,20.0,0.2,0.01,18.43494882292201,2.441015726826809,0.0063,/Users/hojunsong/Desktop/SpillSinkSimulator/project/renders/ridge_micro/M_d030_plain__angle_th+15.0.png
M_d030_plain,angle,20.0,0.0053174111940874295,7.952546002343297e-05,0.014955672435462475,0.0017998230177909136,0.002602033084258437,0.005,0.3,30.0,20.0,0.2,0.01,18.43494882292201,2.441015726826809,0.0063,/Users/hojunsong/Desktop/SpillSinkSimulator/project/renders/ridge_micro/M_d030_plain__angle_th+20.0.png
M_d030_plain,angle,25.0,0.0062952445637962364,9.080472955247387e-05,0.014424337074160576,0.0014087756862863898,0.0016664728755131364,0.005,0.3,30.0,20.0,0.2,0.01,18.43494882292201,2.441015726826809,0.0063,/Users/hojunsong/Desktop/SpillSinkSimulator/project/renders/ridge_micro/M_d030_plain__angle_th+25.0.png
M_d030_plain,angle,30.0,0.009689222087669255,0.0001335487177129835,0.013783223927021027,0.002134049776941538,0.002530447207391262,0.005,0.3,30.0,20.0,0.2,0.01,18.43494882292201,2.441015726826809,0.0063,/Users/hojunsong/Desktop/SpillSinkSimulator/project/renders/ridge_micro/M_d030_plain__angle_th+30.0.png
M_d030_plain,angle,35.0,0.006950404119069932,9.061387390829623e-05,0.013037209399044514,0.001410968485288322,0.0016756424447521567,0.005,0.3,30.0,20.0,0.2,0.01,18.43494882292201,2.441015726826809,0.0063,/Users/hojunsong/Desktop/SpillSinkSimulator/project/renders/ridge_micro/M_d030_plain__angle_th+35.0.png
M_d030_plain,angle,40.0,0.0034336278367218484,4.186270962236449e-05,0.01219197642058134,0.0005894670030102134,0.0006984777865000069,0.005,0.3,30.0,20.0,0.2,0.01,18.43494882292201,2.441015726826809,0.0063,/Users/hojunsong/Desktop/SpillSinkSimulator/project/renders/ridge_micro/M_d030_plain__angle_th+40.0.png
M_d030_plain,angle,45.0,0.0019176219148160825,2.1580830434686504e-05,0.011253954842686653,0.00024825354921631515,0.00029155047377571464,0.005,0.3,30.0,20.0,0.2,0.01,18.43494882292201,2.441015726826809,0.0063,/Users/hojunsong/Desktop/SpillSinkSimulator/project/renders/ridge_micro/M_d030_plain__angle_th+45.0.png
M_d030_plain,angle,50.0,0.00141638574261103,1.4490028661384713e-05,0.010230284184217453,0.0001286735205212608,0.00014746314263902605,0.005,0.3,30.0,20.0,0.2,0.01,18.43494882292201,2.441015726826809,0.0063,/Users/hojunsong/Desktop/SpillSinkSimulator/project/renders/ridge_micro/M_d030_plain__angle_th+50.0.png
M_d030_plain,angle,55.0,0.0013278573309306418,1.2121681720600463e-05,0.00912875309586525,8.923938730731606e-05,9.700436930870637e-05,0.005,0.3,30.0,20.0,0.2,0.01,18.43494882292201,2.441015726826809,0.0063,/Users/hojunsong/Desktop/SpillSinkSimulator/project/renders/ridge_micro/M_d030_plain__angle_th+55.0.png
M_d030_plain,angle,60.0,0.0014694500555879543,1.1693513442878611e-05,0.007957748137414455,8.385955879930407e-05,8.997096301754937e-05,0.005,0.3,30.0,20.0,0.2,0.01,18.43494882292201,2.441015726826809,0.0063,/Users/hojunsong/Desktop/SpillSinkSimulator/project/renders/ridge_micro/M_d030_plain__angle_th+60.0.png
M_d050_mp20_r15,hemi_view,-80.0,0.0518565174339897,0.0025928253307938576,0.049999989569187164,0.004783743526786566,0.004847043193876743,0.005,0.3,50.0,20.0,0.2,0.01,11.309932474020215,3.9788035961636785,0.0063,/Users/hojunsong/Desktop/SpillSinkSimulator/project/renders/ridge_micro/M_d050_mp20_r15__hemi_view_th-80.0.png
M_d050_mp20_r15,hemi_view,-70.0,0.03350595279250841,0.0016752970404922962,0.04999998211860657,0.004884535446763039,0.004934567026793957,0.005,0.3,50.0,20.0,0.2,0.01,11.309932474020215,3.9788035961636785,0.0063,/Users/hojunsong/Desktop/SpillSinkSimulator/project/renders/ridge_micro/M_d050_mp20_r15__hemi_view_th-70.0.png
M_d050_mp20_r15,hemi_view,-60.0,0.026908511890313094,0.0013454249128699303,0.04999997466802597,0.004939123056828976,0.004974451847374439,0.005,0.3,50.0,20.0,0.2,0.01,11.309932474020215,3.9788035961636785,0.0063,/Users/hojunsong/Desktop/SpillSinkSimulator/project/renders/ridge_micro/M_d050_mp20_r15__hemi_view_th-60.0.png
M_d050_mp20_r15,hemi_view,-50.0,0.025431723549257927,0.0012715858174487948,0.049999985843896866,0.00494238780811429,0.0049817212857306,0.005,0.3,50.0,20.0,0.2,0.01,11.309932474020215,3.9788035961636785,0.0063,/Users/hojunsong/Desktop/SpillSinkSimulator/project/renders/ridge_micro/M_d050_mp20_r15__hemi_view_th-50.0.png
M_d050_mp20_r15,hemi_view,-40.0,0.027909025752046974,0.0013954507885500789,0.04999998211860657,0.004945186898112297,0.004983673337846994,0.005,0.3,50.0,20.0,0.2,0.01,11.309932474020215,3.9788035961636785,0.0063,/Users/hojunsong/Desktop/SpillSinkSimulator/project/renders/ridge_micro/M_d050_mp20_r15__hemi_view_th-40.0.png
M_d050_mp20_r15,hemi_view,-30.0,0.032990847275795016,0.0016495418967679143,0.049999985843896866,0.004945304710417986,0.004971920046955347,0.005,0.3,50.0,20.0,0.2,0.01,11.309932474020215,3.9788035961636785,0.0063,/Users/hojunsong/Desktop/SpillSinkSimulator/project/renders/ridge_micro/M_d050_mp20_r15__hemi_view_th-30.0.png
M_d050_mp20_r15,hemi_view,-20.0,0.039918879353301295,0.0019959432538598776,0.04999998211860657,0.004933136515319347,0.004970167297869921,0.005,0.3,50.0,20.0,0.2,0.01,11.309932474020215,3.9788035961636785,0.0063,/Users/hojunsong/Desktop/SpillSinkSimulator/project/renders/ridge_micro/M_d050_mp20_r15__hemi_view_th-20.0.png
M_d050_mp20_r15,hemi_view,-10.0,0.06354796652333482,0.0031773969531059265,0.04999997839331627,0.004906476940959692,0.004968968220055103,0.005,0.3,50.0,20.0,0.2,0.01,11.309932474020215,3.9788035961636785,0.0063,/Users/hojunsong/Desktop/SpillSinkSimulator/project/renders/ridge_micro/M_d050_mp20_r15__hemi_view_th-10.0.png
M_d050_mp20_r15,hemi_view,0.0,0.07206685230044599,0.003603341057896614,0.04999997839331627,0.004877869505435228,0.00493006082251668,0.005,0.3,50.0,20.0,0.2,0.01,11.309932474020215,3.9788035961636785,0.0063,/Users/hojunsong/Desktop/SpillSinkSimulator/project/renders/ridge_micro/M_d050_mp20_r15__hemi_view_th+00.0.png
M_d050_mp20_r15,hemi_view,10.0,0.06405466210224034,0.0032027317211031914,0.04999997839331627,0.004893569741398096,0.004944674205034971,0.005,0.3,50.0,20.0,0.2,0.01,11.309932474020215,3.9788035961636785,0.0063,/Users/hojunsong/Desktop/SpillSinkSimulator/project/renders/ridge_micro/M_d050_mp20_r15__hemi_view_th+10.0.png
M_d050_mp20_r15,hemi_view,20.0,0.040787440410235076,0.0020393712911754847,0.04999998211860657,0.004931397270411253,0.00496956892311573,0.005,0.3,50.0,20.0,0.2,0.01,11.309932474020215,3.9788035961636785,0.0063,/Users/hojunsong/Desktop/SpillSinkSimulator/project/renders/ridge_micro/M_d050_mp20_r15__hemi_view_th+20.0.png
M_d050_mp20_r15,hemi_view,30.0,0.03506154116122845,0.0017530765617266297,0.049999985843896866,0.004943747539073229,0.004977910313755274,0.005,0.3,50.0,20.0,0.2,0.01,11.309932474020215,3.9788035961636785,0.0063,/Users/hojunsong/Desktop/SpillSinkSimulator/project/renders/ridge_micro/M_d050_mp20_r15__hemi_view_th+30.0.png
M_d050_mp20_r15,hemi_view,40.0,0.029290168310911052,0.0014645078917965293,0.04999998211860657,0.004945098422467709,0.004982524551451206,0.005,0.3,50.0,20.0,0.2,0.01,11.309932474020215,3.9788035961636785,0.0063,/Users/hojunsong/Desktop/SpillSinkSimulator/project/renders/ridge_micro/M_d050_mp20_r15__hemi_view_th+40.0.png
M_d050_mp20_r15,hemi_view,50.0,0.02637172165979015,0.001318585709668696,0.049999985843896866,0.004943746607750654,0.004982098937034607,0.005,0.3,50.0,20.0,0.2,0.01,11.309932474020215,3.9788035961636785,0.0063,/Users/hojunsong/Desktop/SpillSinkSimulator/project/renders/ridge_micro/M_d050_mp20_r15__hemi_view_th+50.0.png
M_d050_mp20_r15,hemi_view,60.0,0.028089890518133008,0.0014044938143342733,0.04999997466802597,0.004940882790833712,0.004978316370397806,0.005,0.3,50.0,20.0,0.2,0.01,11.309932474020215,3.9788035961636785,0.0063,/Users/hojunsong/Desktop/SpillSinkSimulator/project/renders/ridge_micro/M_d050_mp20_r15__hemi_view_th+60.0.png
M_d050_mp20_r15,hemi_view,70.0,0.034922925671938304,0.0017461456591263413,0.04999998211860657,0.004907984286546707,0.004945054184645414,0.005,0.3,50.0,20.0,0.2,0.01,11.309932474020215,3.9788035961636785,0.0063,/Users/hojunsong/Desktop/SpillSinkSimulator/project/renders/ridge_micro/M_d050_mp20_r15__hemi_view_th+70.0.png
M_d050_mp20_r15,hemi_view,80.0,0.05531606021411483,0.0027658024337142706,0.049999989569187164,0.004811393562704325,0.00487248320132494,0.005,0.3,50.0,20.0,0.2,0.01,11.309932474020215,3.9788035961636785,0.0063,/Users/hojunsong/Desktop/SpillSinkSimulator/project/renders/ridge_micro/M_d050_mp20_r15__hemi_view_th+80.0.png
M_d050_mp20_r15,angle,-60.0,0.6943280807174804,0.005525288637727499,0.00795774906873703,0.055338673293590546,0.055737536400556564,0.005,0.3,50.0,20.0,0.2,0.01,11.309932474020215,3.9788035961636785,0.0063,/Users/hojunsong/Desktop/SpillSinkSimulator/project/renders/ridge_micro/M_d050_mp20_r15__angle_th-60.0.png
M_d050_mp20_r15,angle,-55.0,0.6957592203326612,0.0063514141365885735,0.00912875309586525,0.05429315194487572,0.05484741926193237,0.005,0.3,50.0,20.0,0.2,0.01,11.309932474020215,3.9788035961636785,0.0063,/Users/hojunsong/Desktop/SpillSinkSimulator/project/renders/ridge_micro/M_d050_mp20_r15__angle_th-55.0.png
M_d050_mp20_r15,angle,-50.0,0.37890452743110314,0.0038763009943068027,0.010230284184217453,0.046830616891384125,0.04784007370471954,0.005,0.3,50.0,20.0,0.2,0.01,11.309932474020215,3.9788035961636785,0.0063,/Users/hojunsong/Desktop/SpillSinkSimulator/project/renders/ridge_micro/M_d050_mp20_r15__angle_th-50.0.png
M_d050_mp20_r15,angle,-45.0,0.14550960563542528,0.0016375588020309806,0.011253956705331802,0.02242560312151909,0.022903839126229286,0.005,0.3,50.0,20.0,0.2,0.01,11.309932474020215,3.9788035961636785,0.0063,/Users/hojunsong/Desktop/SpillSinkSimulator/project/renders/ridge_micro/M_d050_mp20_r15__angle_th-45.0.png
M_d050_mp20_r15,angle,-40.0,0.0588562898197125,0.0007175744976848364,0.01219197642058134,0.008695869706571102,0.008858371526002884,0.005,0.3,50.0,20.0,0.2,0.01,11.309932474020215,3.9788035961636785,0.0063,/Users/hojunsong/Desktop/SpillSinkSimulator/project/renders/ridge_micro/M_d050_mp20_r15__angle_th-40.0.png
M_d050_mp20_r15,angle,-35.0,0.0374319565739338,0.00048800825607031584,0.013037209399044514,0.003634941764175892,0.003917691297829151,0.005,0.3,50.0,20.0,0.2,0.01,11.309932474020215,3.9788035961636785,0.0063,/Users/hojunsong/Desktop/SpillSinkSimulator/project/renders/ridge_micro/M_d050_mp20_r15__angle_th-35.0.png
M_d050_mp20_r15,angle,-30.0,0.04767261639029589,0.0006570823024958372,0.013783222995698452,0.0040237316861748695,0.0053850500844419,0.005,0.3,50.0,20.0,0.2,0.01,11.309932474020215,3.9788035961636785,0.0063,/Users/hojunsong/Desktop/SpillSinkSimulator/project/renders/ridge_micro/M_d050_mp20_r15__angle_th-30.0.png
M_d050_mp20_r15,angle,-25.0,0.10712447426277341,0.0015451994258910418,0.014424336142838001,0.01693967543542385,0.018230067566037178,0.005,0.3,50.0,20.0,0.2,0.01,11.309932474020215,3.9788035961636785,0.0063,/Users/hojunsong/Desktop/SpillSinkSimulator/project/renders/ridge_micro/M_d050_mp20_r15__angle_th-25.0.png
M_d050_mp20_r15,angle,-20.0,0.315717977031032,0.004721776116639376,0.014955677092075348,0.03931761533021927,0.0409875251352787,0.005,0.3,50.0,20.0,0.2,0.01,11.309932474020215,3.9788035961636785,0.0063,/Users/hojunsong/Desktop/SpillSinkSimulator/project/renders/ridge_micro/M_d050_mp20_r15__angle_th-20.0.png
M_d050_mp20_r15,angle,-15.0,0.7184933733821931,0.01104553509503603,0.015373189933598042,0.047756899148225784,0.047861721366643906,0.005,0.3,50.0,20.0,0.2,0.01,11.309932474020215,3.9788035961636785,0.0063,/Users/hojunsong/Desktop/SpillSinkSimulator/project/renders/ridge_micro/M_d050_mp20_r15__angle_th-15.0.png
M_d050_mp20_r15,angle,-10.0,0.8712879494069703,0.013656309805810452,0.01567370444536209,0.04913998767733574,0.04914052411913872,0.005,0.3,50.0,20.0,0.2,0.01,11.309932474020215,3.9788035961636785,0.0063,/Users/hojunsong/Desktop/SpillSinkSimulator/project/renders/ridge_micro/M_d050_mp20_r15__angle_th-10.0.png
M_d050_mp20_r15,angle,-5.0,0.4999242250869708,0.00792626477777958,0.015854932367801666,0.03425507992506027,0.03425681218504906,0.005,0.3,50.0,20.0,0.2,0.01,11.309932474020215,3.9788035961636785,0.0063,/Users/hojunsong/Desktop/SpillSinkSimulator/project/renders/ridge_micro/M_d050_mp20_r15__angle_th-05.0.png
M_d050_mp20_r15,angle,0.0,0.35233869706797694,0.005607630126178265,0.01591545343399048,0.014182785525918007,0.014374039135873318,0.005,0.3,50.0,20.0,0.2,0.01,11.309932474020215,3.9788035961636785,0.0063,/Users/hojunsong/Desktop/SpillSinkSimulator/project/renders/ridge_micro/M_d050_mp20_r15__angle_th+00.0.png
M_d050_mp20_r15,angle,5.0,0.45867753157523006,0.0072723012417554855,0.015854932367801666,0.033993616700172424,0.034034937620162964,0.005,0.3,50.0,20.0,0.2,0.01,11.309932474020215,3.9788035961636785,0.0063,/Users/hojunsong/Desktop/SpillSinkSimulator/project/renders/ridge_micro/M_d050_mp20_r15__angle_th+05.0.png
M_d050_mp20_r15,angle,10.0,0.8066024136647575,0.012642447836697102,0.01567370444536209,0.049176525324583054,0.04917694255709648,0.005,0.3,50.0,20.0,0.2,0.01,11.309932474020215,3.9788035961636785,0.0063,/Users/hojunsong/Desktop/SpillSinkSimulator/project/renders/ridge_micro/M_d050_mp20_r15__angle_th+10.0.png
M_d050_mp20_r15,angle,15.0,0.7037807492339233,0.01081935316324234,0.015373187139630318,0.049365218728780746,0.04949401319026947,0.005,0.3,50.0,20.0,0.2,0.01,11.309932474020215,3.9788035961636785,0.0063,/Users/hojunsong/Desktop/SpillSinkSimulator/project/renders/ridge_micro/M_d050_mp20_r15__angle_th+15.0.png
M_d050_mp20_r15,angle,20.0,0.3181323683965862,0.004757883492857218,0.014955672435462475,0.03915984928607941,0.04127564653754234,0.005,0.3,50.0,20.0,0.2,0.01,11.309932474020215,3.9788035961636785,0.0063,/Users/hojunsong/Desktop/SpillSinkSimulator/project/renders/ridge_micro/M_d050_mp20_r15__angle_th+20.0.png
M_d050_mp20_r15,angle,25.0,0.1094665697960649,0.0015789828030392528,0.01442433800548315,0.016669264063239098,0.0185394249856472,0.005,0.3,50.0,20.0,0.2,0.01,11.309932474020215,3.9788035961636785,0.0063,/Users/hojunsong/Desktop/SpillSinkSimulator/project/renders/ridge_micro/M_d050_mp20_r15__angle_th+25.0.png
M_d050_mp20_r15,angle,30.0,0.04471177781273362,0.0006162724457681179,0.013783223927021027,0.004852567333728075,0.00494240690022707,0.005,0.3,50.0,20.0,0.2,0.01,11.309932474020215,3.9788035961636785,0.0063,/Users/hojunsong/Desktop/SpillSinkSimulator/project/renders/ridge_micro/M_d050_mp20_r15__angle_th+30.0.png
M_d050_mp20_r15,angle,35.0,0.02857934843398949,0.0003725949500221759,0.013037209399044514,0.0023373530711978674,0.0026190367061644793,0.005,0.3,50.0,20.0,0.2,0.01,11.309932474020215,3.9788035961636785,0.0063,/Users/hojunsong/Desktop/SpillSinkSimulator/project/renders/ridge_micro/M_d050_mp20_r15__angle_th+35.0.png
M_d050_mp20_r15,angle,40.0,0.03599616550563038,0.000438864401075989,0.01219197642058134,0.004968930035829544,0.005058514419943094,0.005,0.3,50.0,20.0,0.2,0.01,11.309932474020215,3.9788035961636785,0.0063,/Users/hojunsong/Desktop/SpillSinkSimulator/project/renders/ridge_micro/M_d050_mp20_r15__angle_th+40.0.png
M_d050_mp20_r15,angle,45.0,0.07936762268986966,0.0008931996417231858,0.011253954842686653,0.01233613770455122,0.012766633182764053,0.005,0.3,50.0,20.0,0.2,0.01,11.309932474020215,3.9788035961636785,0.0063,/Users/hojunsong/Desktop/SpillSinkSimulator/project/renders/ridge_micro/M_d050_mp20_r15__angle_th+45.0.png
M_d050_mp20_r15,angle,50.0,0.21535048254460484,0.0022030966356396675,0.010230284184217453,0.030939411371946335,0.03211061656475067,0.005,0.3,50.0,20.0,0.2,0.01,11.309932474020215,3.9788035961636785,0.0063,/Users/hojunsong/Desktop/SpillSinkSimulator/project/renders/ridge_micro/M_d050_mp20_r15__angle_th+50.0.png
M_d050_mp20_r15,angle,55.0,0.5277184356867081,0.004817411303520203,0.00912875309586525,0.05245776101946831,0.05444948747754097,0.005,0.3,50.0,20.0,0.2,0.01,11.309932474020215,3.9788035961636785,0.0063,/Users/hojunsong/Desktop/SpillSinkSimulator/project/renders/ridge_micro/M_d050_mp20_r15__angle_th+55.0.png
M_d050_mp20_r15,angle,60.0,0.83443017065698,0.006640185136348009,0.007957748137414455,0.05634128302335739,0.05656899884343147,0.005,0.3,50.0,20.0,0.2,0.01,11.309932474020215,3.9788035961636785,0.0063,/Users/hojunsong/Desktop/SpillSinkSimulator/project/renders/ridge_micro/M_d050_mp20_r15__angle_th+60.0.png
M_d050_mp20_r30,hemi_view,-80.0,0.08209465852864413,0.004104732070118189,0.049999989569187164,0.004876778926700354,0.004912196658551693,0.005,0.3,50.0,20.0,0.2,0.01,11.309932474020215,3.9788035961636785,0.0063,/Users/hojunsong/Desktop/SpillSinkSimulator/project/renders/ridge_micro/M_d050_mp20_r30__hemi_view_th-80.0.png
M_d050_mp20_r30,hemi_view,-70.0,0.05545104042924896,0.002772551029920578,0.04999998211860657,0.0049280403181910515,0.004952715244144201,0.005,0.3,50.0,20.0,0.2,0.01,11.309932474020215,3.9788035961636785,0.0063,/Users/hojunsong/Desktop/SpillSinkSimulator/project/renders/ridge_micro/M_d050_mp20_r30__hemi_view_th-70.0.png
M_d050_mp20_r30,hemi_view,-60.0,0.04712474125983123,0.00235623586922884,0.04999997466802597,0.00494836550205946,0.004976190626621246,0.005,0.3,50.0,20.0,0.2,0.01,11.309932474020215,3.9788035961636785,0.0063,/Users/hojunsong/Desktop/SpillSinkSimulator/project/renders/ridge_micro/M_d050_mp20_r30__hemi_view_th-60.0.png
M_d050_mp20_r30,hemi_view,-50.0,0.045477923774429434,0.0022738955449312925,0.049999985843896866,0.004958318546414375,0.004985008388757706,0.005,0.3,50.0,20.0,0.2,0.01,11.309932474020215,3.9788035961636785,0.0063,/Users/hojunsong/Desktop/SpillSinkSimulator/project/renders/ridge_micro/M_d050_mp20_r30__hemi_view_th-50.0.png
M_d050_mp20_r30,hemi_view,-40.0,0.050986837203563645,0.0025493409484624863,0.04999998211860657,0.004965321160852909,0.004982472397387028,0.005,0.3,50.0,20.0,0.2,0.01,11.309932474020215,3.9788035961636785,0.0063,/Users/hojunsong/Desktop/SpillSinkSimulator/project/renders/ridge_micro/M_d050_mp20_r30__hemi_view_th-40.0.png
M_d050_mp20_r30,hemi_view,-30.0,0.0588272212850631,0.002941360231488943,0.049999985843896866,0.0049660829827189445,0.004984082188457251,0.005,0.3,50.0,20.0,0.2,0.01,11.309932474020215,3.9788035961636785,0.0063,/Users/hojunsong/Desktop/SpillSinkSimulator/project/renders/ridge_micro/M_d050_mp20_r30__hemi_view_th-30.0.png
M_d050_mp20_r30,hemi_view,-20.0,0.062755182476705,0.0031377580016851425,0.04999998211860657,0.004958984907716513,0.004984468687325716,0.005,0.3,50.0,20.0,0.2,0.01,11.309932474020215,3.9788035961636785,0.0063,/Users/hojunsong/Desktop/SpillSinkSimulator/project/renders/ridge_micro/M_d050_mp20_r30__hemi_view_th-20.0.png
M_d050_mp20_r30,hemi_view,-10.0,0.05789300134624599,0.002894648816436529,0.04999997839331627,0.004957917146384716,0.004982394631952047,0.005,0.3,50.0,20.0,0.2,0.01,11.309932474020215,3.9788035961636785,0.0063,/Users/hojunsong/Desktop/SpillSinkSimulator/project/renders/ridge_micro/M_d050_mp20_r30__hemi_view_th-10.0.png
M_d050_mp20_r30,hemi_view,0.0,0.06897420343386977,0.0034487086813896894,0.04999997839331627,0.004944513086229563,0.004977095406502485,0.005,0.3,50.0,20.0,0.2,0.01,11.309932474020215,3.9788035961636785,0.0063,/Users/hojunsong/Desktop/SpillSinkSimulator/project/renders/ridge_micro/M_d050_mp20_r30__hemi_view_th+00.0.png
M_d050_mp20_r30,hemi_view,10.0,0.0581486867563712,0.002907433081418276,0.04999997839331627,0.004956313408911228,0.004977791104465723,0.005,0.3,50.0,20.0,0.2,0.01,11.309932474020215,3.9788035961636785,0.0063,/Users/hojunsong/Desktop/SpillSinkSimulator/project/renders/ridge_micro/M_d050_mp20_r30__hemi_view_th+10.0.png
M_d050_mp20_r30,hemi_view,20.0,0.06283676636341799,0.0031418371945619583,0.04999998211860657,0.004958680830895901,0.004984406754374504,0.005,0.3,50.0,20.0,0.2,0.01,11.309932474020215,3.9788035961636785,0.0063,/Users/hojunsong/Desktop/SpillSinkSimulator/project/renders/ridge_micro/M_d050_mp20_r30__hemi_view_th+20.0.png
M_d050_mp20_r30,hemi_view,30.0,0.059468031933793526,0.002973400754854083,0.049999985843896866,0.004959018435329199,0.004984160419553518,0.005,0.3,50.0,20.0,0.2,0.01,11.309932474020215,3.9788035961636785,0.0063,/Users/hojunsong/Desktop/SpillSinkSimulator/project/renders/ridge_micro/M_d050_mp20_r30__hemi_view_th+30.0.png
M_d050_mp20_r30,hemi_view,40.0,0.05349923441531697,0.0026749607641249895,0.04999998211860657,0.0049645546823740005,0.004982812330126762,0.005,0.3,50.0,20.0,0.2,0.01,11.309932474020215,3.9788035961636785,0.0063,/Users/hojunsong/Desktop/SpillSinkSimulator/project/renders/ridge_micro/M_d050_mp20_r30__hemi_view_th+40.0.png
M_d050_mp20_r30,hemi_view,50.0,0.04788438282613864,0.0023942184634506702,0.049999985843896866,0.004959029145538807,0.004984671715646982,0.005,0.3,50.0,20.0,0.2,0.01,11.309932474020215,3.9788035961636785,0.0063,/Users/hojunsong/Desktop/SpillSinkSimulator/project/renders/ridge_micro/M_d050_mp20_r30__hemi_view_th+50.0.png
M_d050_mp20_r30,hemi_view,60.0,0.04831892557953998,0.002415945054963231,0.04999997466802597,0.004949393216520548,0.004977396223694086,0.005,0.3,50.0,20.0,0.2,0.01,11.309932474020215,3.9788035961636785,0.0063,/Users/hojunsong/Desktop/SpillSinkSimulator/project/renders/ridge_micro/M_d050_mp20_r30__hemi_view_th+60.0.png
M_d050_mp20_r30,hemi_view,70.0,0.05567448342126015,0.0027837231755256653,0.04999998211860657,0.004933367948979139,0.004957286175340414,0.005,0.3,50.0,20.0,0.2,0.01,11.309932474020215,3.9788035961636785,0.0063,/Users/hojunsong/Desktop/SpillSinkSimulator/project/renders/ridge_micro/M_d050_mp20_r30__hemi_view_th+70.0.png
M_d050_mp20_r30,hemi_view,80.0,0.08383908195416849,0.004191953223198652,0.049999989569187164,0.004893667064607143,0.004912103991955519,0.005,0.3,50.0,20.0,0.2,0.01,11.309932474020215,3.9788035961636785,0.0063,/Users/hojunsong/Desktop/SpillSinkSimulator/project/renders/ridge_micro/M_d050_mp20_r30__hemi_view_th+80.0.png
M_d050_mp20_r30,angle,-60.0,0.08982425296398835,0.0007147988653741777,0.00795774906873703,0.004985890816897154,0.00498622003942728,0.005,0.3,50.0,20.0,0.2,0.01,11.309932474020215,3.9788035961636785,0.0063,/Users/hojunsong/Desktop/SpillSinkSimulator/project/renders/ridge_micro/M_d050_mp20_r30__angle_th-60.0.png
M_d050_mp20_r30,angle,-55.0,0.18391081944728402,0.001678876462392509,0.00912875309586525,0.012638519518077374,0.012639443390071392,0.005,0.3,50.0,20.0,0.2,0.01,11.309932474020215,3.9788035961636785,0.0063,/Users/hojunsong/Desktop/SpillSinkSimulator/project/renders/ridge_micro/M_d050_mp20_r30__angle_th-55.0.png
M_d050_mp20_r30,angle,-50.0,0.4150585943118619,0.0042461673729121685,0.010230284184217453,0.03166130185127258,0.03166317939758301,0.005,0.3,50.0,20.0,0.2,0.01,11.309932474020215,3.9788035961636785,0.0063,/Users/hojunsong/Desktop/SpillSinkSimulator/project/renders/ridge_micro/M_d050_mp20_r30__angle_th-50.0.png
M_d050_mp20_r30,angle,-45.0,0.8404417501583106,0.009458295069634914,0.011253956705331802,0.05261315777897835,0.05261382460594177,0.005,0.3,50.0,20.0,0.2,0.01,11.309932474020215,3.9788035961636785,0.0063,/Users/hojunsong/Desktop/SpillSinkSimulator/project/renders/ridge_micro/M_d050_mp20_r30__angle_th-45.0.png
M_d050_mp20_r30,angle,-40.0,1.085280422823711,0.013231713324785233,0.01219197642058134,0.05215483903884888,0.05215528607368469,0.005,0.3,50.0,20.0,0.2,0.01,11.309932474020215,3.9788035961636785,0.0063,/Users/hojunsong/Desktop/SpillSinkSimulator/project/renders/ridge_micro/M_d050_mp20_r30__angle_th-40.0.png
M_d050_mp20_r30,angle,-35.0,0.7465089537187191,0.00973239354789257,0.013037209399044514,0.050558846443891525,0.05055965855717659,0.005,0.3,50.0,20.0,0.2,0.01,11.309932474020215,3.9788035961636785,0.0063,/Users/hojunsong/Desktop/SpillSinkSimulator/project/renders/ridge_micro/M_d050_mp20_r30__angle_th-35.0.png
M_d050_mp20_r30,angle,-30.0,0.3242517056008792,0.004469233565032482,0.013783222995698452,0.028699105605483055,0.02870088629424572,0.005,0.3,50.0,20.0,0.2,0.01,11.309932474020215,3.9788035961636785,0.0063,/Users/hojunsong/Desktop/SpillSinkSimulator/project/renders/ridge_micro/M_d050_mp20_r30__angle_th-30.0.png
M_d050_mp20_r30,angle,-25.0,0.12492030933858334,0.001801892532967031,0.014424336142838001,0.011323774233460426,0.01134820282459259,0.005,0.3,50.0,20.0,0.2,0.01,11.309932474020215,3.9788035961636785,0.0063,/Users/hojunsong/Desktop/SpillSinkSimulator/project/renders/ridge_micro/M_d050_mp20_r30__angle_th-25.0.png
M_d050_mp20_r30,angle,-20.0,0.052673283075119676,0.0007877646130509675,0.014955677092075348,0.004501584451645613,0.004515289328992367,0.005,0.3,50.0,20.0,0.2,0.01,11.309932474020215,3.9788035961636785,0.0063,/Users/hojunsong/Desktop/SpillSinkSimulator/project/renders/ridge_micro/M_d050_mp20_r30__angle_th-20.0.png
M_d050_mp20_r30,angle,-15.0,0.03175325548437899,0.00048814882757142186,0.015373189933598042,0.0020441135857254267,0.002146244514733553,0.005,0.3,50.0,20.0,0.2,0.01,11.309932474020215,3.9788035961636785,0.0063,/Users/hojunsong/Desktop/SpillSinkSimulator/project/renders/ridge_micro/M_d050_mp20_r30__angle_th-15.0.png
M_d050_mp20_r30,angle,-10.0,0.05054825713306482,0.0007922784425318241,0.01567370444536209,0.005468136630952358,0.005826625972986221,0.005,0.3,50.0,20.0,0.2,0.01,11.309932474020215,3.9788035961636785,0.0063,/Users/hojunsong/Desktop/SpillSinkSimulator/project/renders/ridge_micro/M_d050_mp20_r30__angle_th-10.0.png
M_d050_mp20_r30,angle,-5.0,0.275458579200409,0.004367377143353224,0.015854932367801666,0.027169272303581238,0.02928379736840725,0.005,0.3,50.0,20.0,0.2,0.01,11.309932474020215,3.9788035961636785,0.0063,/Users/hojunsong/Desktop/SpillSinkSimulator/project/renders/ridge_micro/M_d050_mp20_r30__angle_th-05.0.png
M_d050_mp20_r30,angle,0.0,0.8919646853009359,0.014196022413671017,0.01591545343399048,0.04810205474495888,0.04900095984339714,0.005,0.3,50.0,20.0,0.2,0.01,11.309932474020215,3.9788035961636785,0.0063,/Users/hojunsong/Desktop/SpillSinkSimulator/project/renders/ridge_micro/M_d050_mp20_r30__angle_th+00.0.png
M_d050_mp20_r30,angle,5.0,0.29110145826176814,0.004615393932908773,0.015854932367801666,0.02784905396401882,0.02913956344127655,0.005,0.3,50.0,20.0,0.2,0.01,11.309932474020215,3.9788035961636785,0.0063,/Users/hojunsong/Desktop/SpillSinkSimulator/project/renders/ridge_micro/M_d050_mp20_r30__angle_th+05.0.png
M_d050_mp20_r30,angle,10.0,0.046552816712688995,0.0007296550902538002,0.01567370444536209,0.0055869813077151775,0.006425881292670965,0.005,0.3,50.0,20.0,0.2,0.01,11.309932474020215,3.9788035961636785,0.0063,/Users/hojunsong/Desktop/SpillSinkSimulator/project/renders/ridge_micro/M_d050_mp20_r30__angle_th+10.0.png
M_d050_mp20_r30,angle,15.0,0.025714688458731698,0.0003953167179133743,0.015373187139630318,0.0017686663195490837,0.0021788310259580612,0.005,0.3,50.0,20.0,0.2,0.01,11.309932474020215,3.9788035961636785,0.0063,/Users/hojunsong/Desktop/SpillSinkSimulator/project/renders/ridge_micro/M_d050_mp20_r30__angle_th+15.0.png
M_d050_mp20_r30,angle,20.0,0.039765857163398075,0.0005947251338511705,0.014955672435462475,0.003347849240526557,0.00336782936938107,0.005,0.3,50.0,20.0,0.2,0.01,11.309932474020215,3.9788035961636785,0.0063,/Users/hojunsong/Desktop/SpillSinkSimulator/project/renders/ridge_micro/M_d050_mp20_r30__angle_th+20.0.png
M_d050_mp20_r30,angle,25.0,0.08995871162314861,0.0012975948629900813,0.01442433800548315,0.008132422342896461,0.008182655088603497,0.005,0.3,50.0,20.0,0.2,0.01,11.309932474020215,3.9788035961636785,0.0063,/Users/hojunsong/Desktop/SpillSinkSimulator/project/renders/ridge_micro/M_d050_mp20_r30__angle_th+25.0.png
M_d050_mp20_r30,angle,30.0,0.2270236561415344,0.003129117889329791,0.013783223927021027,0.021068274974822998,0.021069660782814026,0.005,0.3,50.0,20.0,0.2,0.01,11.309932474020215,3.9788035961636785,0.0063,/Users/hojunsong/Desktop/SpillSinkSimulator/project/renders/ridge_micro/M_d050_mp20_r30__angle_th+30.0.png
M_d050_mp20_r30,angle,35.0,0.5627621825244344,0.0073368484154343605,0.013037209399044514,0.04495729133486748,0.04495894908905029,0.005,0.3,50.0,20.0,0.2,0.01,11.309932474020215,3.9788035961636785,0.0063,/Users/hojunsong/Desktop/SpillSinkSimulator/project/renders/ridge_micro/M_d050_mp20_r30__angle_th+35.0.png
M_d050_mp20_r30,angle,40.0,1.0284072267777147,0.012538316659629345,0.01219197642058134,0.05177684500813484,0.05177735909819603,0.005,0.3,50.0,20.0,0.2,0.01,11.309932474020215,3.9788035961636785,0.0063,/Users/hojunsong/Desktop/SpillSinkSimulator/project/renders/ridge_micro/M_d050_mp20_r30__angle_th+40.0.png
M_d050_mp20_r30,angle,45.0,1.0650078013267634,0.011985549703240395,0.011253954842686653,0.05274173617362976,0.05274230241775513,0.005,0.3,50.0,20.0,0.2,0.01,11.309932474020215,3.9788035961636785,0.0063,/Users/hojunsong/Desktop/SpillSinkSimulator/project/renders/ridge_micro/M_d050_mp20_r30__angle_th+45.0.png
M_d050_mp20_r30,angle,50.0,0.6209000641256499,0.006351984106004238,0.010230284184217453,0.04126274585723877,0.04126451537013054,0.005,0.3,50.0,20.0,0.2,0.01,11.309932474020215,3.9788035961636785,0.0063,/Users/hojunsong/Desktop/SpillSinkSimulator/project/renders/ridge_micro/M_d050_mp20_r30__angle_th+50.0.png
M_d050_mp20_r30,angle,55.0,0.27881808930388674,0.0025452617555856705,0.009128754027187824,0.01790575124323368,0.017906876280903816,0.005,0.3,50.0,20.0,0.2,0.01,11.309932474020215,3.9788035961636785,0.0063,/Users/hojunsong/Desktop/SpillSinkSimulator/project/renders/ridge_micro/M_d050_mp20_r30__angle_th+55.0.png
M_d050_mp20_r30,angle,60.0,0.13020576408377393,0.001036144676618278,0.007957748137414455,0.006922557484358549,0.0069229877553880215,0.005,0.3,50.0,20.0,0.2,0.01,11.309932474020215,3.9788035961636785,0.0063,/Users/hojunsong/Desktop/SpillSinkSimulator/project/renders/ridge_micro/M_d050_mp20_r30__angle_th+60.0.png
M_d050_mp10_r15,hemi_view,-80.0,0.023325542197489602,0.001166276866570115,0.049999989569187164,0.003124155569821596,0.003213781863451004,0.005,0.3,50.0,20.0,0.2,0.01,11.309932474020215,3.9788035961636785,0.0063,/Users/hojunsong/Desktop/SpillSinkSimulator/project/renders/ridge_micro/M_d050_mp10_r15__hemi_view_th-80.0.png
M_d050_mp10_r15,hemi_view,-70.0,0.015658410045159474,0.0007829202222637832,0.04999998211860657,0.0037547710817307234,0.003870157292112708,0.005,0.3,50.0,20.0,0.2,0.01,11.309932474020215,3.9788035961636785,0.0063,/Users/hojunsong/Desktop/SpillSinkSimulator/project/renders/ridge_micro/M_d050_mp10_r15__hemi_view_th-70.0.png
M_d050_mp10_r15,hemi_view,-60.0,0.012765366765073985,0.0006382680148817599,0.04999997466802597,0.004011594224721193,0.00411981763318181,0.005,0.3,50.0,20.0,0.2,0.01,11.309932474020215,3.9788035961636785,0.0063,/Users/hojunsong/Desktop/SpillSinkSimulator/project/renders/ridge_micro/M_d050_mp10_r15__hemi_view_th-60.0.png
M_d050_mp10_r15,hemi_view,-50.0,0.012327198635291668,0.0006163597572594881,0.049999985843896866,0.004293384961783886,0.004450117237865925,0.005,0.3,50.0,20.0,0.2,0.01,11.309932474020215,3.9788035961636785,0.0063,/Users/hojunsong/Desktop/SpillSinkSimulator/project/renders/ridge_micro/M_d050_mp10_r15__hemi_view_th-50.0.png
M_d050_mp10_r15,hemi_view,-40.0,0.014195883834007562,0.0007097939378581941,0.04999998211860657,0.004399103578180075,0.00458103371784091,0.005,0.3,50.0,20.0,0.2,0.01,11.309932474020215,3.9788035961636785,0.0063,/Users/hojunsong/Desktop/SpillSinkSimulator/project/renders/ridge_micro/M_d050_mp10_r15__hemi_view_th-40.0.png
M_d050_mp10_r15,hemi_view,-30.0,0.01869192643309537,0.0009345960570499301,0.049999985843896866,0.004711717367172241,0.004854658152908087,0.005,0.3,50.0,20.0,0.2,0.01,11.309932474020215,3.9788035961636785,0.0063,/Users/hojunsong/Desktop/SpillSinkSimulator/project/renders/ridge_micro/M_d050_mp10_r15__hemi_view_th-30.0.png
M_d050_mp10_r15,hemi_view,-20.0,0.030685907028045783,0.0015342948026955128,0.04999998211860657,0.004788591526448727,0.004917260259389877,0.005,0.3,50.0,20.0,0.2,0.01,11.309932474020215,3.9788035961636785,0.0063,/Users/hojunsong/Desktop/SpillSinkSimulator/project/renders/ridge_micro/M_d050_mp10_r15__hemi_view_th-20.0.png
M_d050_mp10_r15,hemi_view,-10.0,0.06054499474622082,0.003027248429134488,0.04999997839331627,0.004684934392571449,0.004789596889168024,0.005,0.3,50.0,20.0,0.2,0.01,11.309932474020215,3.9788035961636785,0.0063,/Users/hojunsong/Desktop/SpillSinkSimulator/project/renders/ridge_micro/M_d050_mp10_r15__hemi_view_th-10.0.png
M_d050_mp10_r15,hemi_view,0.0,0.07486756401001447,0.0037433765828609467,0.04999997839331627,0.00479921605437994,0.00489205913618207,0.005,0.3,50.0,20.0,0.2,0.01,11.309932474020215,3.9788035961636785,0.0063,/Users/hojunsong/Desktop/SpillSinkSimulator/project/renders/ridge_micro/M_d050_mp10_r15__hemi_view_th+00.0.png
M_d050_mp10_r15,hemi_view,10.0,0.061024854253542024,0.0030512413941323757,0.04999997839331627,0.004684003069996834,0.004788604099303484,0.005,0.3,50.0,20.0,0.2,0.01,11.309932474020215,3.9788035961636785,0.0063,/Users/hojunsong/Desktop/SpillSinkSimulator/project/renders/ridge_micro/M_d050_mp10_r15__hemi_view_th+10.0.png
M_d050_mp10_r15,hemi_view,20.0,0.0315598488030787,0.0015779918758198619,0.04999998211860657,0.004839895758777857,0.00492845568805933,0.005,0.3,50.0,20.0,0.2,0.01,11.309932474020215,3.9788035961636785,0.0063,/Users/hojunsong/Desktop/SpillSinkSimulator/project/renders/ridge_micro/M_d050_mp10_r15__hemi_view_th+20.0.png
M_d050_mp10_r15,hemi_view,30.0,0.020495754415829986,0.001024787430651486,0.049999985843896866,0.004790440667420626,0.004906515125185251,0.005,0.3,50.0,20.0,0.2,0.01,11.309932474020215,3.9788035961636785,0.0063,/Users/hojunsong/Desktop/SpillSinkSimulator/project/renders/ridge_micro/M_d050_mp10_r15__hemi_view_th+30.0.png
M_d050_mp10_r15,hemi_view,40.0,0.01548572764407789,0.0007742861052975059,0.04999998211860657,0.004568052943795919,0.004711201414465904,0.005,0.3,50.0,20.0,0.2,0.01,11.309932474020215,3.9788035961636785,0.0063,/Users/hojunsong/Desktop/SpillSinkSimulator/project/renders/ridge_micro/M_d050_mp10_r15__hemi_view_th+40.0.png
M_d050_mp10_r15,hemi_view,50.0,0.013252788017361943,0.0006626392132602632,0.049999985843896866,0.0044369688257575035,0.00452730618417263,0.005,0.3,50.0,20.0,0.2,0.01,11.309932474020215,3.9788035961636785,0.0063,/Users/hojunsong/Desktop/SpillSinkSimulator/project/renders/ridge_micro/M_d050_mp10_r15__hemi_view_th+50.0.png
M_d050_mp10_r15,hemi_view,60.0,0.013754616940870523,0.000687730498611927,0.04999997466802597,0.004175892565399408,0.004304829984903336,0.005,0.3,50.0,20.0,0.2,0.01,11.309932474020215,3.9788035961636785,0.0063,/Users/hojunsong/Desktop/SpillSinkSimulator/project/renders/ridge_micro/M_d050_mp10_r15__hemi_view_th+60.0.png
M_d050_mp10_r15,hemi_view,70.0,0.01714993997996389,0.0008574966923333704,0.04999998211860657,0.003921789582818747,0.0040164608508348465,0.005,0.3,50.0,20.0,0.2,0.01,11.309932474020215,3.9788035961636785,0.0063,/Users/hojunsong/Desktop/SpillSinkSimulator/project/renders/ridge_micro/M_d050_mp10_r15__hemi_view_th+70.0.png
M_d050_mp10_r15,hemi_view,80.0,0.026374890848971485,0.0013187442673370242,0.049999989569187164,0.003490661270916462,0.0035820461343973875,0.005,0.3,50.0,20.0,0.2,0.01,11.309932474020215,3.9788035961636785,0.0063,/Users/hojunsong/Desktop/SpillSinkSimulator/project/renders/ridge_micro/M_d050_mp10_r15__hemi_view_th+80.0.png
M_d050_mp10_r15,angle,-60.0,0.20863794693892074,0.0016602884279564023,0.00795774906873703,0.025902731344103813,0.041709672659635544,0.005,0.3,50.0,20.0,0.2,0.01,11.309932474020215,3.9788035961636785,0.0063,/Users/hojunsong/Desktop/SpillSinkSimulator/project/renders/ridge_micro/M_d050_mp10_r15__angle_th-60.0.png
M_d050_mp10_r15,angle,-55.0,0.3083631081000016,0.00281497067771852,0.00912875309586525,0.043035637587308884,0.04391483590006828,0.005,0.3,50.0,20.0,0.2,0.01,11.309932474020215,3.9788035961636785,0.0063,/Users/hojunsong/Desktop/SpillSinkSimulator/project/renders/ridge_micro/M_d050_mp10_r15__angle_th-55.0.png
M_d050_mp10_r15,angle,-50.0,0.2534826218032308,0.0025931992568075657,0.010230284184217453,0.04313310235738754,0.04498571157455444,0.005,0.3,50.0,20.0,0.2,0.01,11.309932474020215,3.9788035961636785,0.0063,/Users/hojunsong/Desktop/SpillSinkSimulator/project/renders/ridge_micro/M_d050_mp10_r15__angle_th-50.0.png
M_d050_mp10_r15,angle,-45.0,0.12287930686625878,0.0013828783994540572,0.011253956705331802,0.02591567113995552,0.03256828710436821,0.005,0.3,50.0,20.0,0.2,0.01,11.309932474020215,3.9788035961636785,0.0063,/Users/hojunsong/Desktop/SpillSinkSimulator/project/renders/ridge_micro/M_d050_mp10_r15__angle_th-45.0.png
M_d050_mp10_r15,angle,-40.0,0.0555817683628529,0.0006776516092941165,0.01219197642058134,0.010518618859350681,0.014004464261233807,0.005,0.3,50.0,20.0,0.2,0.01,11.309932474020215,3.9788035961636785,0.0063,/Users/hojunsong/Desktop/SpillSinkSimulator/project/renders/ridge_micro/M_d050_mp10_r15__angle_th-40.0.png
M_d050_mp10_r15,angle,-35.0,0.04512777691221485,0.0005883402773179114,0.013037209399044514,0.004686351865530014,0.005948541220277548,0.005,0.3,50.0,20.0,0.2,0.01,11.309932474020215,3.9788035961636785,0.0063,/Users/hojunsong/Desktop/SpillSinkSimulator/project/renders/ridge_micro/M_d050_mp10_r15__angle_th-35.0.png
M_d050_mp10_r15,angle,-30.0,0.07402549206827769,0.0010203098645433784,0.013783222995698452,0.007141436915844679,0.008981538005173206,0.005,0.3,50.0,20.0,0.2,0.01,11.309932474020215,3.9788035961636785,0.0063,/Users/hojunsong/Desktop/SpillSinkSimulator/project/renders/ridge_micro/M_d050_mp10_r15__angle_th-30.0.png
M_d050_mp10_r15,angle,-25.0,0.1769684723275994,0.002552652731537819,0.014424336142838001,0.022768912836909294,0.023100977763533592,0.005,0.3,50.0,20.0,0.2,0.01,11.309932474020215,3.9788035961636785,0.0063,/Users/hojunsong/Desktop/SpillSinkSimulator/project/renders/ridge_micro/M_d050_mp10_r15__angle_th-25.0.png
M_d050_mp10_r15,angle,-20.0,0.4818459478497915,0.00720633240416646,0.014955677092075348,0.0452667735517025,0.0461026132106781,0.005,0.3,50.0,20.0,0.2,0.01,11.309932474020215,3.9788035961636785,0.0063,/Users/hojunsong/Desktop/SpillSinkSimulator/project/renders/ridge_micro/M_d050_mp10_r15__angle_th-20.0.png
M_d050_mp10_r15,angle,-15.0,0.9904617704772877,0.015226556919515133,0.015373189933598042,0.04775775223970413,0.047861676663160324,0.005,0.3,50.0,20.0,0.2,0.01,11.309932474020215,3.9788035961636785,0.0063,/Users/hojunsong/Desktop/SpillSinkSimulator/project/renders/ridge_micro/M_d050_mp10_r15__angle_th-15.0.png
M_d050_mp10_r15,angle,-10.0,1.0816064066504127,0.01695277914404869,0.01567370444536209,0.04914021119475365,0.04914121702313423,0.005,0.3,50.0,20.0,0.2,0.01,11.309932474020215,3.9788035961636785,0.0063,/Users/hojunsong/Desktop/SpillSinkSimulator/project/renders/ridge_micro/M_d050_mp10_r15__angle_th-10.0.png
M_d050_mp10_r15,angle,-5.0,0.5933563963190075,0.009407625533640385,0.015854932367801666,0.03425520658493042,0.034256741404533386,0.005,0.3,50.0,20.0,0.2,0.01,11.309932474020215,3.9788035961636785,0.0063,/Users/hojunsong/Desktop/SpillSinkSimulator/project/renders/ridge_micro/M_d050_mp10_r15__angle_th-05.0.png
M_d050_mp10_r15,angle,0.0,0.41439595840339755,0.006595299579203129,0.01591545343399048,0.014182789251208305,0.014352824538946152,0.005,0.3,50.0,20.0,0.2,0.01,11.309932474020215,3.9788035961636785,0.0063,/Users/hojunsong/Desktop/SpillSinkSimulator/project/renders/ridge_micro/M_d050_mp10_r15__angle_th+00.0.png
M_d050_mp10_r15,angle,5.0,0.547882754945576,0.008686644025146961,0.015854932367801666,0.03399372473359108,0.0340350940823555,0.005,0.3,50.0,20.0,0.2,0.01,11.309932474020215,3.9788035961636785,0.0063,/Users/hojunsong/Desktop/SpillSinkSimulator/project/renders/ridge_micro/M_d050_mp10_r15__angle_th+05.0.png
M_d050_mp10_r15,angle,10.0,1.0122162781665922,0.015865178778767586,0.01567370444536209,0.04917668178677559,0.04917706549167633,0.005,0.3,50.0,20.0,0.2,0.01,11.309932474020215,3.9788035961636785,0.0063,/Users/hojunsong/Desktop/SpillSinkSimulator/project/renders/ridge_micro/M_d050_mp10_r15__angle_th+10.0.png
M_d050_mp10_r15,angle,15.0,0.9855880903630582,0.015151630155742168,0.015373187139630318,0.04949350282549858,0.0494941882789135,0.005,0.3,50.0,20.0,0.2,0.01,11.309932474020215,3.9788035961636785,0.0063,/Users/hojunsong/Desktop/SpillSinkSimulator/project/renders/ridge_micro/M_d050_mp10_r15__angle_th+15.0.png
M_d050_mp10_r15,angle,20.0,0.49918566648468654,0.007465657312422991,0.014955672435462475,0.04526611417531967,0.04623086377978325,0.005,0.3,50.0,20.0,0.2,0.01,11.309932474020215,3.9788035961636785,0.0063,/Users/hojunsong/Desktop/SpillSinkSimulator/project/renders/ridge_micro/M_d050_mp10_r15__angle_th+20.0.png
M_d050_mp10_r15,angle,25.0,0.18139825738793883,0.0026165496092289686,0.014424337074160576,0.02293427102267742,0.02324455790221691,0.005,0.3,50.0,20.0,0.2,0.01,11.309932474020215,3.9788035961636785,0.0063,/Users/hojunsong/Desktop/SpillSinkSimulator/project/renders/ridge_micro/M_d050_mp10_r15__angle_th+25.0.png
M_d050_mp10_r15,angle,30.0,0.07153888673117641,0.0009860364953055978,0.013783223927021027,0.0073308697901666164,0.009005115367472172,0.005,0.3,50.0,20.0,0.2,0.01,11.309932474020215,3.9788035961636785,0.0063,/Users/hojunsong/Desktop/SpillSinkSimulator/project/renders/ridge_micro/M_d050_mp10_r15__angle_th+30.0.png
M_d050_mp10_r15,angle,35.0,0.03495327960366314,0.00045569322537630796,0.013037209399044514,0.002902563661336899,0.003611690131947398,0.005,0.3,50.0,20.0,0.2,0.01,11.309932474020215,3.9788035961636785,0.0063,/Users/hojunsong/Desktop/SpillSinkSimulator/project/renders/ridge_micro/M_d050_mp10_r15__angle_th+35.0.png
M_d050_mp10_r15,angle,40.0,0.02606226322059333,0.0003177504986524582,0.01219197642058134,0.003563042264431715,0.004556262865662575,0.005,0.3,50.0,20.0,0.2,0.01,11.309932474020215,3.9788035961636785,0.0063,/Users/hojunsong/Desktop/SpillSinkSimulator/project/renders/ridge_micro/M_d050_mp10_r15__angle_th+40.0.png
M_d050_mp10_r15,angle,45.0,0.04060204424222032,0.00045693357242271304,0.011253954842686653,0.008118508383631706,0.01087153609842062,0.005,0.3,50.0,20.0,0.2,0.01,11.309932474020215,3.9788035961636785,0.0063,/Users/hojunsong/Desktop/SpillSinkSimulator/project/renders/ridge_micro/M_d050_mp10_r15__angle_th+45.0.png
M_d050_mp10_r15,angle,50.0,0.099861702894685,0.0010216135997325182,0.010230284184217453,0.02075168676674366,0.027066774666309357,0.005,0.3,50.0,20.0,0.2,0.01,11.309932474020215,3.9788035961636785,0.0063,/Users/hojunsong/Desktop/SpillSinkSimulator/project/renders/ridge_micro/M_d050_mp10_r15__angle_th+50.0.png
M_d050_mp10_r15,angle,55.0,0.24028042861789176,0.0021934607066214085,0.00912875309586525,0.04229772835969925,0.045784369111061096,0.005,0.3,50.0,20.0,0.2,0.01,11.309932474020215,3.9788035961636785,0.0063,/Users/hojunsong/Desktop/SpillSinkSimulator/project/renders/ridge_micro/M_d050_mp10_r15__angle_th+55.0.png
M_d050_mp10_r15,angle,60.0,0.3794251364639074,0.003019369672983885,0.007957748137414455,0.042321380227804184,0.04740680381655693,0.005,0.3,50.0,20.0,0.2,0.01,11.309932474020215,3.9788035961636785,0.0063,/Users/hojunsong/Desktop/SpillSinkSimulator/project/renders/ridge_micro/M_d050_mp10_r15__angle_th+60.0.png
M_d030_mp15_r15,hemi_view,-80.0,0.044010658616561005,0.0022005324717611074,0.049999989569187164,0.0046243323013186455,0.00467624282464385,0.005,0.3,30.0,20.0,0.2,0.01,18.43494882292201,2.441015726826809,0.0063,/Users/hojunsong/Desktop/SpillSinkSimulator/project/renders/ridge_micro/M_d030_mp15_r15__hemi_view_th-80.0.png
M_d030_mp15_r15,hemi_view,-70.0,0.02757939099379456,0.001378969056531787,0.04999998211860657,0.0047708735801279545,0.0048106350004673,0.005,0.3,30.0,20.0,0.2,0.01,18.43494882292201,2.441015726826809,0.0063,/Users/hojunsong/Desktop/SpillSinkSimulator/project/renders/ridge_micro/M_d030_mp15_r15__hemi_view_th-70.0.png
M_d030_mp15_r15,hemi_view,-60.0,0.021703882894397057,0.001085193594917655,0.04999997466802597,0.004837644286453724,0.004922858439385891,0.005,0.3,30.0,20.0,0.2,0.01,18.43494882292201,2.441015726826809,0.0063,/Users/hojunsong/Desktop/SpillSinkSimulator/project/renders/ridge_micro/M_d030_mp15_r15__hemi_view_th-60.0.png
M_d030_mp15_r15,hemi_view,-50.0,0.020247298437337136,0.0010123646352440119,0.049999985843896866,0.004891267511993647,0.004954180680215359,0.005,0.3,30.0,20.0,0.2,0.01,18.43494882292201,2.441015726826809,0.0063,/Users/hojunsong/Desktop/SpillSinkSimulator/project/renders/ridge_micro/M_d030_mp15_r15__hemi_view_th-50.0.png
M_d030_mp15_r15,hemi_view,-40.0,0.020304767225897514,0.0010152379982173443,0.04999998211860657,0.00490716053172946,0.004958740435540676,0.005,0.3,30.0,20.0,0.2,0.01,18.43494882292201,2.441015726826809,0.0063,/Users/hojunsong/Desktop/SpillSinkSimulator/project/renders/ridge_micro/M_d030_mp15_r15__hemi_view_th-40.0.png
M_d030_mp15_r15,hemi_view,-30.0,0.018434250358503414,0.0009217122569680214,0.049999985843896866,0.0049073463305830956,0.004957802593708038,0.005,0.3,30.0,20.0,0.2,0.01,18.43494882292201,2.441015726826809,0.0063,/Users/hojunsong/Desktop/SpillSinkSimulator/project/renders/ridge_micro/M_d030_mp15_r15__hemi_view_th-30.0.png
M_d030_mp15_r15,hemi_view,-20.0,0.01916778493712602,0.0009583889041095972,0.04999998211860657,0.004854906350374222,0.004945229273289442,0.005,0.3,30.0,20.0,0.2,0.01,18.43494882292201,2.441015726826809,0.0063,/Users/hojunsong/Desktop/SpillSinkSimulator/project/renders/ridge_micro/M_d030_mp15_r15__hemi_view_th-20.0.png
M_d030_mp15_r15,hemi_view,-10.0,0.04688508040707308,0.00234425300732255,0.04999997839331627,0.004775729030370712,0.004853510297834873,0.005,0.3,30.0,20.0,0.2,0.01,18.43494882292201,2.441015726826809,0.0063,/Users/hojunsong/Desktop/SpillSinkSimulator/project/renders/ridge_micro/M_d030_mp15_r15__hemi_view_th-10.0.png
M_d030_mp15_r15,hemi_view,0.0,0.07367290480456112,0.0036836436484009027,0.04999997839331627,0.004670160356909037,0.004799882881343365,0.005,0.3,30.0,20.0,0.2,0.01,18.43494882292201,2.441015726826809,0.0063,/Users/hojunsong/Desktop/SpillSinkSimulator/project/renders/ridge_micro/M_d030_mp15_r15__hemi_view_th+00.0.png
M_d030_mp15_r15,hemi_view,10.0,0.04887816280076982,0.002443907083943486,0.04999997839331627,0.004723118152469397,0.0048397863283753395,0.005,0.3,30.0,20.0,0.2,0.01,18.43494882292201,2.441015726826809,0.0063,/Users/hojunsong/Desktop/SpillSinkSimulator/project/renders/ridge_micro/M_d030_mp15_r15__hemi_view_th+10.0.png
M_d030_mp15_r15,hemi_view,20.0,0.020198519580281824,0.0010099256178364158,0.04999998211860657,0.004841494839638472,0.004919424653053284,0.005,0.3,30.0,20.0,0.2,0.01,18.43494882292201,2.441015726826809,0.0063,/Users/hojunsong/Desktop/SpillSinkSimulator/project/renders/ridge_micro/M_d030_mp15_r15__hemi_view_th+20.0.png
M_d030_mp15_r15,hemi_view,30.0,0.01807652459970068,0.0009038259740918875,0.049999985843896866,0.004894463811069727,0.004945645108819008,0.005,0.3,30.0,20.0,0.2,0.01,18.43494882292201,2.441015726826809,0.0063,/Users/hojunsong/Desktop/SpillSinkSimulator/project/renders/ridge_micro/M_d030_mp15_r15__hemi_view_th+30.0.png
M_d030_mp15_r15,hemi_view,40.0,0.019777058711639182,0.0009888525819405913,0.04999998211860657,0.004893896635621786,0.004946138709783554,0.005,0.3,30.0,20.0,0.2,0.01,18.43494882292201,2.441015726826809,0.0063,/Users/hojunsong/Desktop/SpillSinkSimulator/project/renders/ridge_micro/M_d030_mp15_r15__hemi_view_th+40.0.png
M_d030_mp15_r15,hemi_view,50.0,0.020174045239491158,0.0010087019763886929,0.049999985843896866,0.00489299139007926,0.004945330321788788,0.005,0.3,30.0,20.0,0.2,0.01,18.43494882292201,2.441015726826809,0.0063,/Users/hojunsong/Desktop/SpillSinkSimulator/project/renders/ridge_micro/M_d030_mp15_r15__hemi_view_th+50.0.png
M_d030_mp15_r15,hemi_view,60.0,0.022306351116537122,0.001115316990762949,0.04999997466802597,0.0048523093573749065,0.004903344437479973,0.005,0.3,30.0,20.0,0.2,0.01,18.43494882292201,2.441015726826809,0.0063,/Users/hojunsong/Desktop/SpillSinkSimulator/project/renders/ridge_micro/M_d030_mp15_r15__hemi_view_th+60.0.png
M_d030_mp15_r15,hemi_view,70.0,0.028873031108867325,0.0014436510391533375,0.04999998211860657,0.004797965753823519,0.0048506250604987144,0.005,0.3,30.0,20.0,0.2,0.01,18.43494882292201,2.441015726826809,0.0063,/Users/hojunsong/Desktop/SpillSinkSimulator/project/renders/ridge_micro/M_d030_mp15_r15__hemi_view_th+70.0.png
M_d030_mp15_r15,hemi_view,80.0,0.046660332430074426,0.0023330161347985268,0.049999989569187164,0.004624771885573864,0.0047022560611367226,0.005,0.3,30.0,20.0,0.2,0.01,18.43494882292201,2.441015726826809,0.0063,/Users/hojunsong/Desktop/SpillSinkSimulator/project/renders/ridge_micro/M_d030_mp15_r15__hemi_view_th+80.0.png
M_d030_mp15_r15,angle,-60.0,0.2046810616990818,0.0016288005281239748,0.00795774906873703,0.030767546966671944,0.04266510531306267,0.005,0.3,30.0,20.0,0.2,0.01,18.43494882292201,2.441015726826809,0.0063,/Users/hojunsong/Desktop/SpillSinkSimulator/project/renders/ridge_micro/M_d030_mp15_r15__angle_th-60.0.png
M_d030_mp15_r15,angle,-55.0,0.0733190302740564,0.0006693113246001303,0.00912875309586525,0.012174236588180065,0.018409762531518936,0.005,0.3,30.0,20.0,0.2,0.01,18.43494882292201,2.441015726826809,0.0063,/Users/hojunsong/Desktop/SpillSinkSimulator/project/renders/ridge_micro/M_d030_mp15_r15__angle_th-55.0.png
M_d030_mp15_r15,angle,-50.0,0.02855490654077987,0.0002921248087659478,0.010230284184217453,0.004839447792619467,0.00713933864608407,0.005,0.3,30.0,20.0,0.2,0.01,18.43494882292201,2.441015726826809,0.0063,/Users/hojunsong/Desktop/SpillSinkSimulator/project/renders/ridge_micro/M_d030_mp15_r15__angle_th-50.0.png
M_d030_mp15_r15,angle,-45.0,0.014330544361545879,0.0001612753258086741,0.011253956705331802,0.002151327207684517,0.0030555997509509325,0.005,0.3,30.0,20.0,0.2,0.01,18.43494882292201,2.441015726826809,0.0063,/Users/hojunsong/Desktop/SpillSinkSimulator/project/renders/ridge_micro/M_d030_mp15_r15__angle_th-45.0.png
M_d030_mp15_r15,angle,-40.0,0.011155009897995078,0.00013600161764770746,0.01219197642058134,0.0012203112710267305,0.0015665133250877261,0.005,0.3,30.0,20.0,0.2,0.01,18.43494882292201,2.441015726826809,0.0063,/Users/hojunsong/Desktop/SpillSinkSimulator/project/renders/ridge_micro/M_d030_mp15_r15__angle_th-40.0.png
M_d030_mp15_r15,angle,-35.0,0.014570994820052323,0.00018996511062141508,0.013037209399044514,0.0016287437174469233,0.0019437825540080667,0.005,0.3,30.0,20.0,0.2,0.01,18.43494882292201,2.441015726826809,0.0063,/Users/hojunsong/Desktop/SpillSinkSimulator/project/renders/ridge_micro/M_d030_mp15_r15__angle_th-35.0.png
M_d030_mp15_r15,angle,-30.0,0.020795466377758406,0.00028662855038419366,0.013783222995698452,0.0022564884275197983,0.0026515077333897352,0.005,0.3,30.0,20.0,0.2,0.01,18.43494882292201,2.441015726826809,0.0063,/Users/hojunsong/Desktop/SpillSinkSimulator/project/renders/ridge_micro/M_d030_mp15_r15__angle_th-30.0.png
M_d030_mp15_r15,angle,-25.0,0.027979906541271627,0.00040359157719649374,0.014424336142838001,0.002448983956128359,0.0024620883632451296,0.005,0.3,30.0,20.0,0.2,0.01,18.43494882292201,2.441015726826809,0.0063,/Users/hojunsong/Desktop/SpillSinkSimulator/project/renders/ridge_micro/M_d030_mp15_r15__angle_th-25.0.png
M_d030_mp15_r15,angle,-20.0,0.054666541520347806,0.0008175751427188516,0.014955677092075348,0.0057607172057032585,0.005775657948106527,0.005,0.3,30.0,20.0,0.2,0.01,18.43494882292201,2.441015726826809,0.0063,/Users/hojunsong/Desktop/SpillSinkSimulator/project/renders/ridge_micro/M_d030_mp15_r15__angle_th-20.0.png
M_d030_mp15_r15,angle,-15.0,0.17388672039349512,0.0026731935795396566,0.015373189933598042,0.014870572835206985,0.014871749095618725,0.005,0.3,30.0,20.0,0.2,0.01,18.43494882292201,2.441015726826809,0.0063,/Users/hojunsong/Desktop/SpillSinkSimulator/project/renders/ridge_micro/M_d030_mp15_r15__angle_th-15.0.png
M_d030_mp15_r15,angle,-10.0,0.5479447651245027,0.008588324300944805,0.01567370444536209,0.03538370877504349,0.035386186093091965,0.005,0.3,30.0,20.0,0.2,0.01,18.43494882292201,2.441015726826809,0.0063,/Users/hojunsong/Desktop/SpillSinkSimulator/project/renders/ridge_micro/M_d030_mp15_r15__angle_th-10.0.png
M_d030_mp15_r15,angle,-5.0,1.2897785398867394,0.020449351519346237,0.015854932367801666,0.04880419373512268,0.04880644008517265,0.005,0.3,30.0,20.0,0.2,0.01,18.43494882292201,2.441015726826809,0.0063,/Users/hojunsong/Desktop/SpillSinkSimulator/project/renders/ridge_micro/M_d030_mp15_r15__angle_th-05.0.png
M_d030_mp15_r15,angle,0.0,1.9674388709333113,0.03131268173456192,0.01591545343399048,0.04847539961338043,0.04860171303153038,0.005,0.3,30.0,20.0,0.2,0.01,18.43494882292201,2.441015726826809,0.0063,/Users/hojunsong/Desktop/SpillSinkSimulator/project/renders/ridge_micro/M_d030_mp15_r15__angle_th+00.0.png
M_d030_mp15_r15,angle,5.0,1.3950498657667976,0.022118421271443367,0.015854932367801666,0.04868151620030403,0.048682283610105515,0.005,0.3,30.0,20.0,0.2,0.01,18.43494882292201,2.441015726826809,0.0063,/Users/hojunsong/Desktop/SpillSinkSimulator/project/renders/ridge_micro/M_d030_mp15_r15__angle_th+05.0.png
M_d030_mp15_r15,angle,10.0,0.6053532627684035,0.009488128125667572,0.01567370444536209,0.03588617593050003,0.03588815778493881,0.005,0.3,30.0,20.0,0.2,0.01,18.43494882292201,2.441015726826809,0.0063,/Users/hojunsong/Desktop/SpillSinkSimulator/project/renders/ridge_micro/M_d030_mp15_r15__angle_th+10.0.png
M_d030_mp15_r15,angle,15.0,0.1894891382563125,0.0029130519833415747,0.015373187139630318,0.015165780670940876,0.01516686286777258,0.005,0.3,30.0,20.0,0.2,0.01,18.43494882292201,2.441015726826809,0.0063,/Users/hojunsong/Desktop/SpillSinkSimulator/project/renders/ridge_micro/M_d030_mp15_r15__angle_th+15.0.png
M_d030_mp15_r15,angle,20.0,0.05771198031750227,0.0008631214732304215,0.014955672435462475,0.00588418310508132,0.005884738638997078,0.005,0.3,30.0,20.0,0.2,0.01,18.43494882292201,2.441015726826809,0.0063,/Users/hojunsong/Desktop/SpillSinkSimulator/project/renders/ridge_micro/M_d030_mp15_r15__angle_th+20.0.png
M_d030_mp15_r15,angle,25.0,0.02887766968523726,0.0004165412683505565,0.01442433800548315,0.0024900930002331734,0.002502627670764923,0.005,0.3,30.0,20.0,0.2,0.01,18.43494882292201,2.441015726826809,0.0063,/Users/hojunsong/Desktop/SpillSinkSimulator/project/renders/ridge_micro/M_d030_mp15_r15__angle_th+25.0.png
M_d030_mp15_r15,angle,30.0,0.02068847323418487,0.00028515385929495096,0.013783223927021027,0.0022047811653465033,0.0025979862548410892,0.005,0.3,30.0,20.0,0.2,0.01,18.43494882292201,2.441015726826809,0.0063,/Users/hojunsong/Desktop/SpillSinkSimulator/project/renders/ridge_micro/M_d030_mp15_r15__angle_th+30.0.png
M_d030_mp15_r15,angle,35.0,0.01369851787647005,0.00017859044601209462,0.013037209399044514,0.0015350435860455036,0.0017770923441275954,0.005,0.3,30.0,20.0,0.2,0.01,18.43494882292201,2.441015726826809,0.0063,/Users/hojunsong/Desktop/SpillSinkSimulator/project/renders/ridge_micro/M_d030_mp15_r15__angle_th+35.0.png
M_d030_mp15_r15,angle,40.0,0.009118270155873848,0.0001111697347369045,0.01219197642058134,0.0009070046944543719,0.0010203614365309477,0.005,0.3,30.0,20.0,0.2,0.01,18.43494882292201,2.441015726826809,0.0063,/Users/hojunsong/Desktop/SpillSinkSimulator/project/renders/ridge_micro/M_d030_mp15_r15__angle_th+40.0.png
M_d030_mp15_r15,angle,45.0,0.00943654887452186,0.00010619849490467459,0.011253954842686653,0.0011941384291276336,0.0016803611069917679,0.005,0.3,30.0,20.0,0.2,0.01,18.43494882292201,2.441015726826809,0.0063,/Users/hojunsong/Desktop/SpillSinkSimulator/project/renders/ridge_micro/M_d030_mp15_r15__angle_th+45.0.png
M_d030_mp15_r15,angle,50.0,0.015571304497698796,0.00015929887013044208,0.010230284184217453,0.002306667622178793,0.0035118991509079933,0.005,0.3,30.0,20.0,0.2,0.01,18.43494882292201,2.441015726826809,0.0063,/Users/hojunsong/Desktop/SpillSinkSimulator/project/renders/ridge_micro/M_d030_mp15_r15__angle_th+50.0.png
M_d030_mp15_r15,angle,55.0,0.035021619224960325,0.0003197037149220705,0.00912875309586525,0.005198572762310505,0.008425102569162846,0.005,0.3,30.0,20.0,0.2,0.01,18.43494882292201,2.441015726826809,0.0063,/Users/hojunsong/Desktop/SpillSinkSimulator/project/renders/ridge_micro/M_d030_mp15_r15__angle_th+55.0.png
M_d030_mp15_r15,angle,60.0,0.09517495152182667,0.0007573782932013273,0.007957748137414455,0.013129793107509613,0.02180725894868374,0.005,0.3,30.0,20.0,0.2,0.01,18.43494882292201,2.441015726826809,0.0063,/Users/hojunsong/Desktop/SpillSinkSimulator/project/renders/ridge_micro/M_d030_mp15_r15__angle_th+60.0.png
M_d030_mp10_r30,hemi_view,-80.0,0.04748082313286549,0.002374040661379695,0.049999989569187164,0.004729649983346462,0.004794187378138304,0.005,0.3,30.0,20.0,0.2,0.01,18.43494882292201,2.441015726826809,0.0063,/Users/hojunsong/Desktop/SpillSinkSimulator/project/renders/ridge_micro/M_d030_mp10_r30__hemi_view_th-80.0.png
M_d030_mp10_r30,hemi_view,-70.0,0.03093825129818963,0.0015469120116904378,0.04999998211860657,0.004869740456342697,0.0049302647821605206,0.005,0.3,30.0,20.0,0.2,0.01,18.43494882292201,2.441015726826809,0.0063,/Users/hojunsong/Desktop/SpillSinkSimulator/project/renders/ridge_micro/M_d030_mp10_r30__hemi_view_th-70.0.png
M_d030_mp10_r30,hemi_view,-60.0,0.024453241659853107,0.0012226614635437727,0.04999997466802597,0.004927361849695444,0.004965297877788544,0.005,0.3,30.0,20.0,0.2,0.01,18.43494882292201,2.441015726826809,0.0063,/Users/hojunsong/Desktop/SpillSinkSimulator/project/renders/ridge_micro/M_d030_mp10_r30__hemi_view_th-60.0.png
M_d030_mp10_r30,hemi_view,-50.0,0.02179905225235213,0.0010899523040279746,0.049999985843896866,0.004930470604449511,0.004981261678040028,0.005,0.3,30.0,20.0,0.2,0.01,18.43494882292201,2.441015726826809,0.0063,/Users/hojunsong/Desktop/SpillSinkSimulator/project/renders/ridge_micro/M_d030_mp10_r30__hemi_view_th-50.0.png
M_d030_mp10_r30,hemi_view,-40.0,0.02138380493166027,0.0010691898642107844,0.04999998211860657,0.004944652784615755,0.0049834526143968105,0.005,0.3,30.0,20.0,0.2,0.01,18.43494882292201,2.441015726826809,0.0063,/Users/hojunsong/Desktop/SpillSinkSimulator/project/renders/ridge_micro/M_d030_mp10_r30__hemi_view_th-40.0.png
M_d030_mp10_r30,hemi_view,-30.0,0.024147219807612544,0.0012073606485500932,0.049999985843896866,0.004945510067045689,0.004984250292181969,0.005,0.3,30.0,20.0,0.2,0.01,18.43494882292201,2.441015726826809,0.0063,/Users/hojunsong/Desktop/SpillSinkSimulator/project/renders/ridge_micro/M_d030_mp10_r30__hemi_view_th-30.0.png
M_d030_mp10_r30,hemi_view,-20.0,0.025250939369537605,0.0012625465169548988,0.04999998211860657,0.004933276679366827,0.00497127790004015,0.005,0.3,30.0,20.0,0.2,0.01,18.43494882292201,2.441015726826809,0.0063,/Users/hojunsong/Desktop/SpillSinkSimulator/project/renders/ridge_micro/M_d030_mp10_r30__hemi_view_th-20.0.png
M_d030_mp10_r30,hemi_view,-10.0,0.03498044678096408,0.001749021583236754,0.04999997839331627,0.004918734077364206,0.004969230853021145,0.005,0.3,30.0,20.0,0.2,0.01,18.43494882292201,2.441015726826809,0.0063,/Users/hojunsong/Desktop/SpillSinkSimulator/project/renders/ridge_micro/M_d030_mp10_r30__hemi_view_th-10.0.png
M_d030_mp10_r30,hemi_view,0.0,0.03592012372513992,0.001796005410142243,0.04999997839331627,0.004889745265245438,0.004954928997904062,0.005,0.3,30.0,20.0,0.2,0.01,18.43494882292201,2.441015726826809,0.0063,/Users/hojunsong/Desktop/SpillSinkSimulator/project/renders/ridge_micro/M_d030_mp10_r30__hemi_view_th+00.0.png
M_d030_mp10_r30,hemi_view,10.0,0.03542244800926733,0.0017711216351017356,0.04999997839331627,0.004906736314296722,0.004957615397870541,0.005,0.3,30.0,20.0,0.2,0.01,18.43494882292201,2.441015726826809,0.0063,/Users/hojunsong/Desktop/SpillSinkSimulator/project/renders/ridge_micro/M_d030_mp10_r30__hemi_view_th+10.0.png
M_d030_mp10_r30,hemi_view,20.0,0.026177021257557127,0.0013088505947962403,0.04999998211860657,0.004931940697133541,0.004971212707459927,0.005,0.3,30.0,20.0,0.2,0.01,18.43494882292201,2.441015726826809,0.0063,/Users/hojunsong/Desktop/SpillSinkSimulator/project/renders/ridge_micro/M_d030_mp10_r30__hemi_view_th+20.0.png
M_d030_mp10_r30,hemi_view,30.0,0.026147123844107285,0.0013073558220639825,0.049999985843896866,0.004945102147758007,0.004971655085682869,0.005,0.3,30.0,20.0,0.2,0.01,18.43494882292201,2.441015726826809,0.0063,/Users/hojunsong/Desktop/SpillSinkSimulator/project/renders/ridge_micro/M_d030_mp10_r30__hemi_view_th+30.0.png
M_d030_mp10_r30,hemi_view,40.0,0.022854086734325908,0.001142703928053379,0.04999998211860657,0.004944764077663422,0.004982055630534887,0.005,0.3,30.0,20.0,0.2,0.01,18.43494882292201,2.441015726826809,0.0063,/Users/hojunsong/Desktop/SpillSinkSimulator/project/renders/ridge_micro/M_d030_mp10_r30__hemi_view_th+40.0.png
M_d030_mp10_r30,hemi_view,50.0,0.02275267561600859,0.001137633458711207,0.049999985843896866,0.004942182917147875,0.0049817063845694065,0.005,0.3,30.0,20.0,0.2,0.01,18.43494882292201,2.441015726826809,0.0063,/Users/hojunsong/Desktop/SpillSinkSimulator/project/renders/ridge_micro/M_d030_mp10_r30__hemi_view_th+50.0.png
M_d030_mp10_r30,hemi_view,60.0,0.025510626265574887,0.0012755306670442224,0.04999997466802597,0.004929163958877325,0.004966221284121275,0.005,0.3,30.0,20.0,0.2,0.01,18.43494882292201,2.441015726826809,0.0063,/Users/hojunsong/Desktop/SpillSinkSimulator/project/renders/ridge_micro/M_d030_mp10_r30__hemi_view_th+60.0.png
M_d030_mp10_r30,hemi_view,70.0,0.03216861500660718,0.0016084301751106977,0.04999998211860657,0.004873621743172407,0.00493679428473115,0.005,0.3,30.0,20.0,0.2,0.01,18.43494882292201,2.441015726826809,0.0063,/Users/hojunsong/Desktop/SpillSinkSimulator/project/renders/ridge_micro/M_d030_mp10_r30__hemi_view_th+70.0.png
M_d030_mp10_r30,hemi_view,80.0,0.050222749123252745,0.002511136932298541,0.049999989569187164,0.004719170276075602,0.004782579373568296,0.005,0.3,30.0,20.0,0.2,0.01,18.43494882292201,2.441015726826809,0.0063,/Users/hojunsong/Desktop/SpillSinkSimulator/project/renders/ridge_micro/M_d030_mp10_r30__hemi_view_th+80.0.png
M_d030_mp10_r30,angle,-60.0,0.43942259573567677,0.00349681475199759,0.00795774906873703,0.048921529203653336,0.05611319839954376,0.005,0.3,30.0,20.0,0.2,0.01,18.43494882292201,2.441015726826809,0.0063,/Users/hojunsong/Desktop/SpillSinkSimulator/project/renders/ridge_micro/M_d030_mp10_r30__angle_th-60.0.png
M_d030_mp10_r30,angle,-55.0,0.5908059896397901,0.005393322557210922,0.009128754027187824,0.05388244241476059,0.05455933138728142,0.005,0.3,30.0,20.0,0.2,0.01,18.43494882292201,2.441015726826809,0.0063,/Users/hojunsong/Desktop/SpillSinkSimulator/project/renders/ridge_micro/M_d030_mp10_r30__angle_th-55.0.png
M_d030_mp10_r30,angle,-50.0,0.503387762451792,0.00514979986473918,0.010230284184217453,0.05161537975072861,0.053169649094343185,0.005,0.3,30.0,20.0,0.2,0.01,18.43494882292201,2.441015726826809,0.0063,/Users/hojunsong/Desktop/SpillSinkSimulator/project/renders/ridge_micro/M_d030_mp10_r30__angle_th-50.0.png
M_d030_mp10_r30,angle,-45.0,0.27994198286571725,0.003150454955175519,0.011253956705331802,0.04902585223317146,0.049487221986055374,0.005,0.3,30.0,20.0,0.2,0.01,18.43494882292201,2.441015726826809,0.0063,/Users/hojunsong/Desktop/SpillSinkSimulator/project/renders/ridge_micro/M_d030_mp10_r30__angle_th-45.0.png
M_d030_mp10_r30,angle,-40.0,0.11493040848183508,0.0014012288302183151,0.01219197642058134,0.02594047784805298,0.0263057854026556,0.005,0.3,30.0,20.0,0.2,0.01,18.43494882292201,2.441015726826809,0.0063,/Users/hojunsong/Desktop/SpillSinkSimulator/project/renders/ridge_micro/M_d030_mp10_r30__angle_th-40.0.png
M_d030_mp10_r30,angle,-35.0,0.04944640612912851,0.0006446431507356465,0.013037209399044514,0.01012171059846878,0.010558110661804676,0.005,0.3,30.0,20.0,0.2,0.01,18.43494882292201,2.441015726826809,0.0063,/Users/hojunsong/Desktop/SpillSinkSimulator/project/renders/ridge_micro/M_d030_mp10_r30__angle_th-35.0.png
M_d030_mp10_r30,angle,-30.0,0.02833882153619724,0.0003906002966687083,0.013783222995698452,0.004069276619702578,0.004630319774150848,0.005,0.3,30.0,20.0,0.2,0.01,18.43494882292201,2.441015726826809,0.0063,/Users/hojunsong/Desktop/SpillSinkSimulator/project/renders/ridge_micro/M_d030_mp10_r30__angle_th-30.0.png
M_d030_mp10_r30,angle,-25.0,0.016823078757746395,0.00024266174295917153,0.014424336142838001,0.00201616482809186,0.0024197804741561413,0.005,0.3,30.0,20.0,0.2,0.01,18.43494882292201,2.441015726826809,0.0063,/Users/hojunsong/Desktop/SpillSinkSimulator/project/renders/ridge_micro/M_d030_mp10_r30__angle_th-25.0.png
M_d030_mp10_r30,angle,-20.0,0.01160980969093322,0.00017363256483804435,0.014955677092075348,0.0009581621852703393,0.001092226943001151,0.005,0.3,30.0,20.0,0.2,0.01,18.43494882292201,2.441015726826809,0.0063,/Users/hojunsong/Desktop/SpillSinkSimulator/project/renders/ridge_micro/M_d030_mp10_r30__angle_th-20.0.png
M_d030_mp10_r30,angle,-15.0,0.04433330034700167,0.0006815442466177046,0.015373189933598042,0.007147695403546095,0.008468683809041977,0.005,0.3,30.0,20.0,0.2,0.01,18.43494882292201,2.441015726826809,0.0063,/Users/hojunsong/Desktop/SpillSinkSimulator/project/renders/ridge_micro/M_d030_mp10_r30__angle_th-15.0.png
M_d030_mp10_r30,angle,-10.0,0.14357738061567085,0.002250389428809285,0.01567370444536209,0.014559640549123287,0.016721583902835846,0.005,0.3,30.0,20.0,0.2,0.01,18.43494882292201,2.441015726826809,0.0063,/Users/hojunsong/Desktop/SpillSinkSimulator/project/renders/ridge_micro/M_d030_mp10_r30__angle_th-10.0.png
M_d030_mp10_r30,angle,-5.0,0.15776514581912798,0.002501355716958642,0.015854932367801666,0.01513446494936943,0.015611241571605206,0.005,0.3,30.0,20.0,0.2,0.01,18.43494882292201,2.441015726826809,0.0063,/Users/hojunsong/Desktop/SpillSinkSimulator/project/renders/ridge_micro/M_d030_mp10_r30__angle_th-05.0.png
M_d030_mp10_r30,angle,0.0,0.15395648966170694,0.002450287342071533,0.01591545343399048,0.008643987588584423,0.00976853258907795,0.005,0.3,30.0,20.0,0.2,0.01,18.43494882292201,2.441015726826809,0.0063,/Users/hojunsong/Desktop/SpillSinkSimulator/project/renders/ridge_micro/M_d030_mp10_r30__angle_th+00.0.png
M_d030_mp10_r30,angle,5.0,0.15269567197192874,0.0024209795519709587,0.015854932367801666,0.014863046817481518,0.015446849167346954,0.005,0.3,30.0,20.0,0.2,0.01,18.43494882292201,2.441015726826809,0.0063,/Users/hojunsong/Desktop/SpillSinkSimulator/project/renders/ridge_micro/M_d030_mp10_r30__angle_th+05.0.png
M_d030_mp10_r30,angle,10.0,0.138661314124854,0.0021733364555984735,0.01567370444536209,0.014440257102251053,0.01657187007367611,0.005,0.3,30.0,20.0,0.2,0.01,18.43494882292201,2.441015726826809,0.0063,/Users/hojunsong/Desktop/SpillSinkSimulator/project/renders/ridge_micro/M_d030_mp10_r30__angle_th+10.0.png
M_d030_mp10_r30,angle,15.0,0.04518480800134054,0.0006946345092728734,0.015373187139630318,0.006391850765794516,0.008521804586052895,0.005,0.3,30.0,20.0,0.2,0.01,18.43494882292201,2.441015726826809,0.0063,/Users/hojunsong/Desktop/SpillSinkSimulator/project/renders/ridge_micro/M_d030_mp10_r30__angle_th+15.0.png
M_d030_mp10_r30,angle,20.0,0.010300504370542984,0.00015405096928589046,0.014955672435462475,0.0007682754076085985,0.000875226513016969,0.005,0.3,30.0,20.0,0.2,0.01,18.43494882292201,2.441015726826809,0.0063,/Users/hojunsong/Desktop/SpillSinkSimulator/project/renders/ridge_micro/M_d030_mp10_r30__angle_th+20.0.png
M_d030_mp10_r30,angle,25.0,0.013798785504469101,0.00019903834618162364,0.01442433800548315,0.0017112995265051723,0.0018722269451245666,0.005,0.3,30.0,20.0,0.2,0.01,18.43494882292201,2.441015726826809,0.0063,/Users/hojunsong/Desktop/SpillSinkSimulator/project/renders/ridge_micro/M_d030_mp10_r30__angle_th+25.0.png
M_d030_mp10_r30,angle,30.0,0.021057150252601013,0.0002902354171965271,0.013783223927021027,0.0027511673979461193,0.003136921441182494,0.005,0.3,30.0,20.0,0.2,0.01,18.43494882292201,2.441015726826809,0.0063,/Users/hojunsong/Desktop/SpillSinkSimulator/project/renders/ridge_micro/M_d030_mp10_r30__angle_th+30.0.png
M_d030_mp10_r30,angle,35.0,0.029907320801506036,0.000389908003853634,0.013037209399044514,0.005348003003746271,0.005671288818120956,0.005,0.3,30.0,20.0,0.2,0.01,18.43494882292201,2.441015726826809,0.0063,/Users/hojunsong/Desktop/SpillSinkSimulator/project/renders/ridge_micro/M_d030_mp10_r30__angle_th+35.0.png
M_d030_mp10_r30,angle,40.0,0.05963923020601503,0.0007271200884133577,0.01219197642058134,0.013556470163166523,0.01374297309666872,0.005,0.3,30.0,20.0,0.2,0.01,18.43494882292201,2.441015726826809,0.0063,/Users/hojunsong/Desktop/SpillSinkSimulator/project/renders/ridge_micro/M_d030_mp10_r30__angle_th+40.0.png
M_d030_mp10_r30,angle,45.0,0.15232824957492824,0.0017142952419817448,0.011253954842686653,0.033214058727025986,0.033894557505846024,0.005,0.3,30.0,20.0,0.2,0.01,18.43494882292201,2.441015726826809,0.0063,/Users/hojunsong/Desktop/SpillSinkSimulator/project/renders/ridge_micro/M_d030_mp10_r30__angle_th+45.0.png
M_d030_mp10_r30,angle,50.0,0.352200755160549,0.003603113815188408,0.010230284184217453,0.05175206437706947,0.05285998061299324,0.005,0.3,30.0,20.0,0.2,0.01,18.43494882292201,2.441015726826809,0.0063,/Users/hojunsong/Desktop/SpillSinkSimulator/project/renders/ridge_micro/M_d030_mp10_r30__angle_th+50.0.png
M_d030_mp10_r30,angle,55.0,0.5830869531328747,0.005322856828570366,0.00912875309586525,0.04984350875020027,0.05155205726623535,0.005,0.3,30.0,20.0,0.2,0.01,18.43494882292201,2.441015726826809,0.0063,/Users/hojunsong/Desktop/SpillSinkSimulator/project/renders/ridge_micro/M_d030_mp10_r30__angle_th+55.0.png
M_d030_mp10_r30,angle,60.0,0.6611895020543463,0.005261579528450966,0.007957748137414455,0.05566121265292168,0.05634544417262077,0.005,0.3,30.0,20.0,0.2,0.01,18.43494882292201,2.441015726826809,0.0063,/Users/hojunsong/Desktop/SpillSinkSimulator/project/renders/ridge_micro/M_d030_mp10_r30__angle_th+60.0.png
M_d050_p067,hemi_view,-80.0,0.02453464129544762,0.0012267318088561296,0.049999989569187164,0.001515704207122326,0.0017263195477426052,0.005,0.3,50.0,6.7,0.067,0.01,3.833088499057676,11.739880258716378,0.0063,/Users/hojunsong/Desktop/SpillSinkSimulator/project/renders/ridge_micro/M_d050_p067__hemi_view_th-80.0.png
M_d050_p067,hemi_view,-70.0,0.0069064043015793445,0.0003453200915828347,0.04999998211860657,0.0005464875721372664,0.0006519167800433934,0.005,0.3,50.0,6.7,0.067,0.01,3.833088499057676,11.739880258716378,0.0063,/Users/hojunsong/Desktop/SpillSinkSimulator/project/renders/ridge_micro/M_d050_p067__hemi_view_th-70.0.png
M_d050_p067,hemi_view,-60.0,0.0031815721125111255,0.00015907852503005415,0.04999997466802597,0.0003384324663784355,0.00044196017552167177,0.005,0.3,50.0,6.7,0.067,0.01,3.833088499057676,11.739880258716378,0.0063,/Users/hojunsong/Desktop/SpillSinkSimulator/project/renders/ridge_micro/M_d050_p067__hemi_view_th-60.0.png
M_d050_p067,hemi_view,-50.0,0.0019854119255349276,9.92705681710504e-05,0.049999985843896866,0.00027268435223959386,0.00033291298313997686,0.005,0.3,50.0,6.7,0.067,0.01,3.833088499057676,11.739880258716378,0.0063,/Users/hojunsong/Desktop/SpillSinkSimulator/project/renders/ridge_micro/M_d050_p067__hemi_view_th-50.0.png
M_d050_p067,hemi_view,-40.0,0.0015177818903031254,7.588906737510115e-05,0.04999998211860657,0.00024758846848271787,0.00029903562972322106,0.005,0.3,50.0,6.7,0.067,0.01,3.833088499057676,11.739880258716378,0.0063,/Users/hojunsong/Desktop/SpillSinkSimulator/project/renders/ridge_micro/M_d050_p067__hemi_view_th-40.0.png
M_d050_p067,hemi_view,-30.0,0.0012980652573628708,6.490324449259788e-05,0.049999985843896866,0.0002472889027558267,0.0002878150262404233,0.005,0.3,50.0,6.7,0.067,0.01,3.833088499057676,11.739880258716378,0.0063,/Users/hojunsong/Desktop/SpillSinkSimulator/project/renders/ridge_micro/M_d050_p067__hemi_view_th-30.0.png
M_d050_p067,hemi_view,-20.0,0.001169771840043726,5.84885710850358e-05,0.04999998211860657,0.0002595560799818486,0.0003092568658757955,0.005,0.3,50.0,6.7,0.067,0.01,3.833088499057676,11.739880258716378,0.0063,/Users/hojunsong/Desktop/SpillSinkSimulator/project/renders/ridge_micro/M_d050_p067__hemi_view_th-20.0.png
M_d050_p067,hemi_view,-10.0,0.0011056851193196097,5.5284232075791806e-05,0.04999997839331627,0.0002600084990262985,0.0003363117575645447,0.005,0.3,50.0,6.7,0.067,0.01,3.833088499057676,11.739880258716378,0.0063,/Users/hojunsong/Desktop/SpillSinkSimulator/project/renders/ridge_micro/M_d050_p067__hemi_view_th-10.0.png
M_d050_p067,hemi_view,0.0,0.0015774946491769676,7.88746983744204e-05,0.04999997839331627,0.00031238573137670755,0.00038732783286832273,0.005,0.3,50.0,6.7,0.067,0.01,3.833088499057676,11.739880258716378,0.0063,/Users/hojunsong/Desktop/SpillSinkSimulator/project/renders/ridge_micro/M_d050_p067__hemi_view_th+00.0.png
M_d050_p067,hemi_view,10.0,0.0011077245711201811,5.538620462175459e-05,0.04999997839331627,0.0002674593997653574,0.00032485483097843826,0.005,0.3,50.0,6.7,0.067,0.01,3.833088499057676,11.739880258716378,0.0063,/Users/hojunsong/Desktop/SpillSinkSimulator/project/renders/ridge_micro/M_d050_p067__hemi_view_th+10.0.png
M_d050_p067,hemi_view,20.0,0.0011698064008547533,5.849029912496917e-05,0.04999998211860657,0.0002599744184408337,0.00031233197660185397,0.005,0.3,50.0,6.7,0.067,0.01,3.833088499057676,11.739880258716378,0.0063,/Users/hojunsong/Desktop/SpillSinkSimulator/project/renders/ridge_micro/M_d050_p067__hemi_view_th+20.0.png
M_d050_p067,hemi_view,30.0,0.001293405878306727,6.467027560574934e-05,0.049999985843896866,0.0002474780776537955,0.0003085463249590248,0.005,0.3,50.0,6.7,0.067,0.01,3.833088499057676,11.739880258716378,0.0063,/Users/hojunsong/Desktop/SpillSinkSimulator/project/renders/ridge_micro/M_d050_p067__hemi_view_th+30.0.png
M_d050_p067,hemi_view,40.0,0.0015215071819338554,7.607533189002424e-05,0.04999998211860657,0.0002475619548931718,0.0003087302320636809,0.005,0.3,50.0,6.7,0.067,0.01,3.833088499057676,11.739880258716378,0.0063,/Users/hojunsong/Desktop/SpillSinkSimulator/project/renders/ridge_micro/M_d050_p067__hemi_view_th+40.0.png
M_d050_p067,hemi_view,50.0,0.001983611125515571,9.918052819557488e-05,0.049999985843896866,0.0002730543783400208,0.0003353050851728767,0.005,0.3,50.0,6.7,0.067,0.01,3.833088499057676,11.739880258716378,0.0063,/Users/hojunsong/Desktop/SpillSinkSimulator/project/renders/ridge_micro/M_d050_p067__hemi_view_th+50.0.png
M_d050_p067,hemi_view,60.0,0.003200925878531931,0.00016004621284082532,0.04999997466802597,0.0003390598576515913,0.0004142791440244764,0.005,0.3,50.0,6.7,0.067,0.01,3.833088499057676,11.739880258716378,0.0063,/Users/hojunsong/Desktop/SpillSinkSimulator/project/renders/ridge_micro/M_d050_p067__hemi_view_th+60.0.png
M_d050_p067,hemi_view,70.0,0.006878237604390122,0.0003439117572270334,0.04999998211860657,0.0005360067007131875,0.0006243934039957821,0.005,0.3,50.0,6.7,0.067,0.01,3.833088499057676,11.739880258716378,0.0063,/Users/hojunsong/Desktop/SpillSinkSimulator/project/renders/ridge_micro/M_d050_p067__hemi_view_th+70.0.png
M_d050_p067,hemi_view,80.0,0.024457828121775296,0.0012228911509737372,0.049999989569187164,0.0015026152832433581,0.0016322428127750754,0.005,0.3,50.0,6.7,0.067,0.01,3.833088499057676,11.739880258716378,0.0063,/Users/hojunsong/Desktop/SpillSinkSimulator/project/renders/ridge_micro/M_d050_p067__hemi_view_th+80.0.png
M_d050_p067,angle,-60.0,0.0007406918174871451,5.894239620829467e-06,0.00795774906873703,3.778492100536823e-05,4.2970277718268335e-05,0.005,0.3,50.0,6.7,0.067,0.01,3.833088499057676,11.739880258716378,0.0063,/Users/hojunsong/Desktop/SpillSinkSimulator/project/renders/ridge_micro/M_d050_p067__angle_th-60.0.png
M_d050_p067,angle,-55.0,0.0007450239329288821,6.801139534218237e-06,0.00912875309586525,4.246724347467534e-05,4.800487295142375e-05,0.005,0.3,50.0,6.7,0.067,0.01,3.833088499057676,11.739880258716378,0.0063,/Users/hojunsong/Desktop/SpillSinkSimulator/project/renders/ridge_micro/M_d050_p067__angle_th-55.0.png
M_d050_p067,angle,-50.0,0.0009527997438581301,9.747412150318269e-06,0.010230284184217453,6.0686150391120464e-05,7.255400123540312e-05,0.005,0.3,50.0,6.7,0.067,0.01,3.833088499057676,11.739880258716378,0.0063,/Users/hojunsong/Desktop/SpillSinkSimulator/project/renders/ridge_micro/M_d050_p067__angle_th-50.0.png
M_d050_p067,angle,-45.0,0.0015644479456930261,1.7606229448574595e-05,0.011253956705331802,0.00011147873010486364,0.00013684266014024615,0.005,0.3,50.0,6.7,0.067,0.01,3.833088499057676,11.739880258716378,0.0063,/Users/hojunsong/Desktop/SpillSinkSimulator/project/renders/ridge_micro/M_d050_p067__angle_th-45.0.png
M_d050_p067,angle,-40.0,0.003214018159660409,3.918523361789994e-05,0.01219197642058134,0.0002600880106911063,0.00031210403540171683,0.005,0.3,50.0,6.7,0.067,0.01,3.833088499057676,11.739880258716378,0.0063,/Users/hojunsong/Desktop/SpillSinkSimulator/project/renders/ridge_micro/M_d050_p067__angle_th-40.0.png
M_d050_p067,angle,-35.0,0.006934670399469318,9.040875011123717e-05,0.013037209399044514,0.0006169206462800503,0.0007272977381944656,0.005,0.3,50.0,6.7,0.067,0.01,3.833088499057676,11.739880258716378,0.0063,/Users/hojunsong/Desktop/SpillSinkSimulator/project/renders/ridge_micro/M_d050_p067__angle_th-35.0.png
M_d050_p067,angle,-30.0,0.00983750143500277,0.0001355924759991467,0.013783222995698452,0.0009380290284752846,0.001085764029994607,0.005,0.3,50.0,6.7,0.067,0.01,3.833088499057676,11.739880258716378,0.0063,/Users/hojunsong/Desktop/SpillSinkSimulator/project/renders/ridge_micro/M_d050_p067__angle_th-30.0.png
M_d050_p067,angle,-25.0,0.006348450431472391,9.157218300970271e-05,0.014424336142838001,0.0006140504265204072,0.000726917467545718,0.005,0.3,50.0,6.7,0.067,0.01,3.833088499057676,11.739880258716378,0.0063,/Users/hojunsong/Desktop/SpillSinkSimulator/project/renders/ridge_micro/M_d050_p067__angle_th-25.0.png
M_d050_p067,angle,-20.0,0.002784769683783752,4.164811616647057e-05,0.014955677092075348,0.0002566718903835863,0.0003126556985080242,0.005,0.3,50.0,6.7,0.067,0.01,3.833088499057676,11.739880258716378,0.0063,/Users/hojunsong/Desktop/SpillSinkSimulator/project/renders/ridge_micro/M_d050_p067__angle_th-20.0.png
M_d050_p067,angle,-15.0,0.0014177448060991333,2.1795260181534104e-05,0.015373189933598042,0.00011187633936060593,0.00013917179603595287,0.005,0.3,50.0,6.7,0.067,0.01,3.833088499057676,11.739880258716378,0.0063,/Users/hojunsong/Desktop/SpillSinkSimulator/project/renders/ridge_micro/M_d050_p067__angle_th-15.0.png
M_d050_p067,angle,-10.0,0.001061118669097476,1.6631660400889814e-05,0.01567370444536209,6.394318188540637e-05,7.585511775687337e-05,0.005,0.3,50.0,6.7,0.067,0.01,3.833088499057676,11.739880258716378,0.0063,/Users/hojunsong/Desktop/SpillSinkSimulator/project/renders/ridge_micro/M_d050_p067__angle_th-10.0.png
M_d050_p067,angle,-5.0,0.0011907773806333654,1.887969483505003e-05,0.015854932367801666,4.685305611928925e-05,5.1572245865827426e-05,0.005,0.3,50.0,6.7,0.067,0.01,3.833088499057676,11.739880258716378,0.0063,/Users/hojunsong/Desktop/SpillSinkSimulator/project/renders/ridge_micro/M_d050_p067__angle_th-05.0.png
M_d050_p067,angle,0.0,0.025444588529241585,0.0004049621638841927,0.01591545343399048,0.0024216235615313053,0.002633671974763274,0.005,0.3,50.0,6.7,0.067,0.01,3.833088499057676,11.739880258716378,0.0063,/Users/hojunsong/Desktop/SpillSinkSimulator/project/renders/ridge_micro/M_d050_p067__angle_th+00.0.png
M_d050_p067,angle,5.0,0.0011845199386117471,1.8780483515001833e-05,0.015854932367801666,4.7263958549592644e-05,5.211234019952826e-05,0.005,0.3,50.0,6.7,0.067,0.01,3.833088499057676,11.739880258716378,0.0063,/Users/hojunsong/Desktop/SpillSinkSimulator/project/renders/ridge_micro/M_d050_p067__angle_th+05.0.png
M_d050_p067,angle,10.0,0.0010592919858579382,1.6603029507678002e-05,0.01567370444536209,6.290002056630328e-05,7.395852298941463e-05,0.005,0.3,50.0,6.7,0.067,0.01,3.833088499057676,11.739880258716378,0.0063,/Users/hojunsong/Desktop/SpillSinkSimulator/project/renders/ridge_micro/M_d050_p067__angle_th+10.0.png
M_d050_p067,angle,15.0,0.0014196675629545314,2.1824815121362917e-05,0.015373187139630318,0.00010896743333432823,0.00013674308138433844,0.005,0.3,50.0,6.7,0.067,0.01,3.833088499057676,11.739880258716378,0.0063,/Users/hojunsong/Desktop/SpillSinkSimulator/project/renders/ridge_micro/M_d050_p067__angle_th+15.0.png
M_d050_p067,angle,20.0,0.0027855827651670005,4.166026337770745e-05,0.014955672435462475,0.00023923393746372312,0.0003129239194095135,0.005,0.3,50.0,6.7,0.067,0.01,3.833088499057676,11.739880258716378,0.0063,/Users/hojunsong/Desktop/SpillSinkSimulator/project/renders/ridge_micro/M_d050_p067__angle_th+20.0.png
M_d050_p067,angle,25.0,0.006342652790722375,9.148856770480052e-05,0.01442433800548315,0.0005494107608683407,0.0007296547410078347,0.005,0.3,50.0,6.7,0.067,0.01,3.833088499057676,11.739880258716378,0.0063,/Users/hojunsong/Desktop/SpillSinkSimulator/project/renders/ridge_micro/M_d050_p067__angle_th+25.0.png
M_d050_p067,angle,30.0,0.009825196825946389,0.0001354228879790753,0.013783223927021027,0.0008185602491721511,0.00108257494866848,0.005,0.3,50.0,6.7,0.067,0.01,3.833088499057676,11.739880258716378,0.0063,/Users/hojunsong/Desktop/SpillSinkSimulator/project/renders/ridge_micro/M_d050_p067__angle_th+30.0.png
M_d050_p067,angle,35.0,0.006927305822147748,9.03127365745604e-05,0.013037209399044514,0.0005490751937031746,0.0007233807700686157,0.005,0.3,50.0,6.7,0.067,0.01,3.833088499057676,11.739880258716378,0.0063,/Users/hojunsong/Desktop/SpillSinkSimulator/project/renders/ridge_micro/M_d050_p067__angle_th+35.0.png
M_d050_p067,angle,40.0,0.003213013476398161,3.917298454325646e-05,0.01219197642058134,0.00023863412206992507,0.00030648295069113374,0.005,0.3,50.0,6.7,0.067,0.01,3.833088499057676,11.739880258716378,0.0063,/Users/hojunsong/Desktop/SpillSinkSimulator/project/renders/ridge_micro/M_d050_p067__angle_th+40.0.png
M_d050_p067,angle,45.0,0.0015663635334792526,1.7627784473006614e-05,0.011253954842686653,0.00010770779044833034,0.00013326070620678365,0.005,0.3,50.0,6.7,0.067,0.01,3.833088499057676,11.739880258716378,0.0063,/Users/hojunsong/Desktop/SpillSinkSimulator/project/renders/ridge_micro/M_d050_p067__angle_th+45.0.png
M_d050_p067,angle,50.0,0.0009557828569533725,9.77793024503626e-06,0.010230284184217453,6.005864997860044e-05,7.024151273071766e-05,0.005,0.3,50.0,6.7,0.067,0.01,3.833088499057676,11.739880258716378,0.0063,/Users/hojunsong/Desktop/SpillSinkSimulator/project/renders/ridge_micro/M_d050_p067__angle_th+50.0.png
M_d050_p067,angle,55.0,0.0007486091565894359,6.8338681558088865e-06,0.00912875309586525,4.2631694668671116e-05,4.936901677865535e-05,0.005,0.3,50.0,6.7,0.067,0.01,3.833088499057676,11.739880258716378,0.0063,/Users/hojunsong/Desktop/SpillSinkSimulator/project/renders/ridge_micro/M_d050_p067__angle_th+55.0.png
M_d050_p067,angle,60.0,0.0007445387496486071,5.924851848249091e-06,0.007957748137414455,3.762929918593727e-05,4.4859149056719616e-05,0.005,0.3,50.0,6.7,0.067,0.01,3.833088499057676,11.739880258716378,0.0063,/Users/hojunsong/Desktop/SpillSinkSimulator/project/renders/ridge_micro/M_d050_p067__angle_th+60.0.png
M_d030_p040,hemi_view,-80.0,0.025489566111623133,0.0012744780397042632,0.049999989569187164,0.0015420314157381654,0.001672513666562736,0.005,0.3,30.0,4.0,0.04,0.01,3.8140748342903543,11.79840510611604,0.0063,/Users/hojunsong/Desktop/SpillSinkSimulator/project/renders/ridge_micro/M_d030_p040__hemi_view_th-80.0.png
M_d030_p040,hemi_view,-70.0,0.007006671689974078,0.00035033345920965075,0.04999998211860657,0.0004837870365008712,0.0005882376572117209,0.005,0.3,30.0,4.0,0.04,0.01,3.8140748342903543,11.79840510611604,0.0063,/Users/hojunsong/Desktop/SpillSinkSimulator/project/renders/ridge_micro/M_d030_p040__hemi_view_th-70.0.png
M_d030_p040,hemi_view,-60.0,0.0031872240792493326,0.00015936112322378904,0.04999997466802597,0.0002724934311117977,0.0003334531793370843,0.005,0.3,30.0,4.0,0.04,0.01,3.8140748342903543,11.79840510611604,0.0063,/Users/hojunsong/Desktop/SpillSinkSimulator/project/renders/ridge_micro/M_d030_p040__hemi_view_th-60.0.png
M_d030_p040,hemi_view,-50.0,0.0019692099640516835,9.846047032624483e-05,0.049999985843896866,0.00020785676315426826,0.0002604933688417077,0.005,0.3,30.0,4.0,0.04,0.01,3.8140748342903543,11.79840510611604,0.0063,/Users/hojunsong/Desktop/SpillSinkSimulator/project/renders/ridge_micro/M_d030_p040__hemi_view_th-50.0.png
M_d030_p040,hemi_view,-40.0,0.0014836148542427495,7.418071618303657e-05,0.04999998211860657,0.00018178494065068662,0.0002339081111131236,0.005,0.3,30.0,4.0,0.04,0.01,3.8140748342903543,11.79840510611604,0.0063,/Users/hojunsong/Desktop/SpillSinkSimulator/project/renders/ridge_micro/M_d030_p040__hemi_view_th-40.0.png
M_d030_p040,hemi_view,-30.0,0.0012595898370866762,6.297947402345017e-05,0.049999985843896866,0.0001817935408325866,0.0002248131640953943,0.005,0.3,30.0,4.0,0.04,0.01,3.8140748342903543,11.79840510611604,0.0063,/Users/hojunsong/Desktop/SpillSinkSimulator/project/renders/ridge_micro/M_d030_p040__hemi_view_th-30.0.png
M_d030_p040,hemi_view,-20.0,0.0011289747307554787,5.64487163501326e-05,0.04999998211860657,0.00017522400594316423,0.0002205424680141732,0.005,0.3,30.0,4.0,0.04,0.01,3.8140748342903543,11.79840510611604,0.0063,/Users/hojunsong/Desktop/SpillSinkSimulator/project/renders/ridge_micro/M_d030_p040__hemi_view_th-20.0.png
M_d030_p040,hemi_view,-10.0,0.001064111007142353,5.320552736520767e-05,0.04999997839331627,0.0001810235989978537,0.0002333496231585741,0.005,0.3,30.0,4.0,0.04,0.01,3.8140748342903543,11.79840510611604,0.0063,/Users/hojunsong/Desktop/SpillSinkSimulator/project/renders/ridge_micro/M_d030_p040__hemi_view_th-10.0.png
M_d030_p040,hemi_view,0.0,0.0017629885748277406,8.814939064905047e-05,0.04999997839331627,0.00021903151355218142,0.0002727048413362354,0.005,0.3,30.0,4.0,0.04,0.01,3.8140748342903543,11.79840510611604,0.0063,/Users/hojunsong/Desktop/SpillSinkSimulator/project/renders/ridge_micro/M_d030_p040__hemi_view_th+00.0.png
M_d030_p040,hemi_view,10.0,0.0010655495373438908,5.327745384420268e-05,0.04999997839331627,0.00018051049846690148,0.00023353651340585202,0.005,0.3,30.0,4.0,0.04,0.01,3.8140748342903543,11.79840510611604,0.0063,/Users/hojunsong/Desktop/SpillSinkSimulator/project/renders/ridge_micro/M_d030_p040__hemi_view_th+10.0.png
M_d030_p040,hemi_view,20.0,0.001134482705398797,5.672411498380825e-05,0.04999998211860657,0.00018131596152670681,0.0002341845101909712,0.005,0.3,30.0,4.0,0.04,0.01,3.8140748342903543,11.79840510611604,0.0063,/Users/hojunsong/Desktop/SpillSinkSimulator/project/renders/ridge_micro/M_d030_p040__hemi_view_th+20.0.png
M_d030_p040,hemi_view,30.0,0.0012552942560142407,6.276469503063709e-05,0.049999985843896866,0.00018178770551458,0.00022133982565719634,0.005,0.3,30.0,4.0,0.04,0.01,3.8140748342903543,11.79840510611604,0.0063,/Users/hojunsong/Desktop/SpillSinkSimulator/project/renders/ridge_micro/M_d030_p040__hemi_view_th+30.0.png
M_d030_p040,hemi_view,40.0,0.0014920492928446535,7.460243796231225e-05,0.04999998211860657,0.00018194643780589104,0.0002211232203990221,0.005,0.3,30.0,4.0,0.04,0.01,3.8140748342903543,11.79840510611604,0.0063,/Users/hojunsong/Desktop/SpillSinkSimulator/project/renders/ridge_micro/M_d030_p040__hemi_view_th+40.0.png
M_d030_p040,hemi_view,50.0,0.0019781500812225275,9.89074760582298e-05,0.049999985843896866,0.0002082714781863615,0.0002599875442683697,0.005,0.3,30.0,4.0,0.04,0.01,3.8140748342903543,11.79840510611604,0.0063,/Users/hojunsong/Desktop/SpillSinkSimulator/project/renders/ridge_micro/M_d030_p040__hemi_view_th+50.0.png
M_d030_p040,hemi_view,60.0,0.003191646117489308,0.00015958222502376884,0.04999997466802597,0.0002701651828829199,0.0003253529721405357,0.005,0.3,30.0,4.0,0.04,0.01,3.8140748342903543,11.79840510611604,0.0063,/Users/hojunsong/Desktop/SpillSinkSimulator/project/renders/ridge_micro/M_d030_p040__hemi_view_th+60.0.png
M_d030_p040,hemi_view,70.0,0.007012315506794634,0.00035061564994975924,0.04999998211860657,0.0004825195064768195,0.0005882729892618954,0.005,0.3,30.0,4.0,0.04,0.01,3.8140748342903543,11.79840510611604,0.0063,/Users/hojunsong/Desktop/SpillSinkSimulator/project/renders/ridge_micro/M_d030_p040__hemi_view_th+70.0.png
M_d030_p040,hemi_view,80.0,0.025515445243064067,0.0012757719960063696,0.049999989569187164,0.0015359121607616544,0.0017113997600972652,0.005,0.3,30.0,4.0,0.04,0.01,3.8140748342903543,11.79840510611604,0.0063,/Users/hojunsong/Desktop/SpillSinkSimulator/project/renders/ridge_micro/M_d030_p040__hemi_view_th+80.0.png
M_d030_p040,angle,-60.0,0.0007322907267115494,5.827385848533595e-06,0.00795774906873703,2.4174687496270053e-05,2.8372285669320263e-05,0.005,0.3,30.0,4.0,0.04,0.01,3.8140748342903543,11.79840510611604,0.0063,/Users/hojunsong/Desktop/SpillSinkSimulator/project/renders/ridge_micro/M_d030_p040__angle_th-60.0.png
M_d030_p040,angle,-55.0,0.0007348193136782381,6.707984084641794e-06,0.00912875309586525,2.7800533644040115e-05,3.2639476557960734e-05,0.005,0.3,30.0,4.0,0.04,0.01,3.8140748342903543,11.79840510611604,0.0063,/Users/hojunsong/Desktop/SpillSinkSimulator/project/renders/ridge_micro/M_d030_p040__angle_th-55.0.png
M_d030_p040,angle,-50.0,0.0009318427409359249,9.533016054774635e-06,0.010230284184217453,4.0179344068747014e-05,5.116000465932302e-05,0.005,0.3,30.0,4.0,0.04,0.01,3.8140748342903543,11.79840510611604,0.0063,/Users/hojunsong/Desktop/SpillSinkSimulator/project/renders/ridge_micro/M_d030_p040__angle_th-50.0.png
M_d030_p040,angle,-45.0,0.001514676234493345,1.7046100765583105e-05,0.011253956705331802,7.243296568049118e-05,9.876795229502022e-05,0.005,0.3,30.0,4.0,0.04,0.01,3.8140748342903543,11.79840510611604,0.0063,/Users/hojunsong/Desktop/SpillSinkSimulator/project/renders/ridge_micro/M_d030_p040__angle_th-45.0.png
M_d030_p040,angle,-40.0,0.003089041469983084,3.766152076423168e-05,0.01219197642058134,0.000160335170221515,0.00022937390895094723,0.005,0.3,30.0,4.0,0.04,0.01,3.8140748342903543,11.79840510611604,0.0063,/Users/hojunsong/Desktop/SpillSinkSimulator/project/renders/ridge_micro/M_d030_p040__angle_th-40.0.png
M_d030_p040,angle,-35.0,0.006640980811327021,8.65798574523069e-05,0.013037209399044514,0.00036855757934972644,0.0005399941583164036,0.005,0.3,30.0,4.0,0.04,0.01,3.8140748342903543,11.79840510611604,0.0063,/Users/hojunsong/Desktop/SpillSinkSimulator/project/renders/ridge_micro/M_d030_p040__angle_th-35.0.png
M_d030_p040,angle,-30.0,0.00941064828982468,0.00012970906391274184,0.013783222995698452,0.0005493676289916039,0.000810087425634265,0.005,0.3,30.0,4.0,0.04,0.01,3.8140748342903543,11.79840510611604,0.0063,/Users/hojunsong/Desktop/SpillSinkSimulator/project/renders/ridge_micro/M_d030_p040__angle_th-30.0.png
M_d030_p040,angle,-25.0,0.006079811730852757,8.769724809098989e-05,0.014424336142838001,0.0003707607393153012,0.0005431066383607686,0.005,0.3,30.0,4.0,0.04,0.01,3.8140748342903543,11.79840510611604,0.0063,/Users/hojunsong/Desktop/SpillSinkSimulator/project/renders/ridge_micro/M_d030_p040__angle_th-25.0.png
M_d030_p040,angle,-20.0,0.0026807172541288946,4.0091941627906635e-05,0.014955677092075348,0.00016541988588869572,0.00023337591846939176,0.005,0.3,30.0,4.0,0.04,0.01,3.8140748342903543,11.79840510611604,0.0063,/Users/hojunsong/Desktop/SpillSinkSimulator/project/renders/ridge_micro/M_d030_p040__angle_th-20.0.png
M_d030_p040,angle,-15.0,0.0013796553569742041,2.1209703845670447e-05,0.015373189933598042,8.017868822207674e-05,0.00010413249401608482,0.005,0.3,30.0,4.0,0.04,0.01,3.8140748342903543,11.79840510611604,0.0063,/Users/hojunsong/Desktop/SpillSinkSimulator/project/renders/ridge_micro/M_d030_p040__angle_th-15.0.png
M_d030_p040,angle,-10.0,0.0010442536478107625,1.6367323041777126e-05,0.01567370444536209,4.9414531531510875e-05,5.8300705859437585e-05,0.005,0.3,30.0,4.0,0.04,0.01,3.8140748342903543,11.79840510611604,0.0063,/Users/hojunsong/Desktop/SpillSinkSimulator/project/renders/ridge_micro/M_d030_p040__angle_th-10.0.png
M_d030_p040,angle,-5.0,0.0024006825116904833,3.806265885941684e-05,0.015854932367801666,0.0006452525267377496,0.0017793861916288733,0.005,0.3,30.0,4.0,0.04,0.01,3.8140748342903543,11.79840510611604,0.0063,/Users/hojunsong/Desktop/SpillSinkSimulator/project/renders/ridge_micro/M_d030_p040__angle_th-05.0.png
M_d030_p040,angle,0.0,0.04021117159675227,0.0006399790290743113,0.01591545343399048,0.002591573167592287,0.0027997372671961784,0.005,0.3,30.0,4.0,0.04,0.01,3.8140748342903543,11.79840510611604,0.0063,/Users/hojunsong/Desktop/SpillSinkSimulator/project/renders/ridge_micro/M_d030_p040__angle_th+00.0.png
M_d030_p040,angle,5.0,0.002386195469890809,3.783296779147349e-05,0.015854932367801666,0.0006422777660191059,0.0015233930898830295,0.005,0.3,30.0,4.0,0.04,0.01,3.8140748342903543,11.79840510611604,0.0063,/Users/hojunsong/Desktop/SpillSinkSimulator/project/renders/ridge_micro/M_d030_p040__angle_th+05.0.png
M_d030_p040,angle,10.0,0.0010511082360483775,1.647475983190816e-05,0.01567370444536209,4.926294059259817e-05,6.112101254984736e-05,0.005,0.3,30.0,4.0,0.04,0.01,3.8140748342903543,11.79840510611604,0.0063,/Users/hojunsong/Desktop/SpillSinkSimulator/project/renders/ridge_micro/M_d030_p040__angle_th+10.0.png
M_d030_p040,angle,15.0,0.0013813497450510497,2.1235748135950416e-05,0.015373187139630318,7.94334991951473e-05,0.00010837948502739891,0.005,0.3,30.0,4.0,0.04,0.01,3.8140748342903543,11.79840510611604,0.0063,/Users/hojunsong/Desktop/SpillSinkSimulator/project/renders/ridge_micro/M_d030_p040__angle_th+15.0.png
M_d030_p040,angle,20.0,0.002672602999925709,3.997057501692325e-05,0.014955672435462475,0.0001644942385610193,0.00023762340424582362,0.005,0.3,30.0,4.0,0.04,0.01,3.8140748342903543,11.79840510611604,0.0063,/Users/hojunsong/Desktop/SpillSinkSimulator/project/renders/ridge_micro/M_d030_p040__angle_th+20.0.png
M_d030_p040,angle,25.0,0.006049324166944569,8.725749648874626e-05,0.01442433800548315,0.0003700127708725631,0.0005461314576677978,0.005,0.3,30.0,4.0,0.04,0.01,3.8140748342903543,11.79840510611604,0.0063,/Users/hojunsong/Desktop/SpillSinkSimulator/project/renders/ridge_micro/M_d030_p040__angle_th+25.0.png
M_d030_p040,angle,30.0,0.009355930258768736,0.00012895488180220127,0.013783223927021027,0.0005492043565027416,0.0008133098599500954,0.005,0.3,30.0,4.0,0.04,0.01,3.8140748342903543,11.79840510611604,0.0063,/Users/hojunsong/Desktop/SpillSinkSimulator/project/renders/ridge_micro/M_d030_p040__angle_th+30.0.png
M_d030_p040,angle,35.0,0.00660209521800649,8.607289782958105e-05,0.013037209399044514,0.0003674341714940965,0.0005382854724302888,0.005,0.3,30.0,4.0,0.04,0.01,3.8140748342903543,11.79840510611604,0.0063,/Users/hojunsong/Desktop/SpillSinkSimulator/project/renders/ridge_micro/M_d030_p040__angle_th+35.0.png
M_d030_p040,angle,40.0,0.0030737811458375905,3.74754672520794e-05,0.01219197642058134,0.00015977238945197314,0.0002287725656060502,0.005,0.3,30.0,4.0,0.04,0.01,3.8140748342903543,11.79840510611604,0.0063,/Users/hojunsong/Desktop/SpillSinkSimulator/project/renders/ridge_micro/M_d030_p040__angle_th+40.0.png
M_d030_p040,angle,45.0,0.0015099914453428802,1.6993375538731925e-05,0.011253954842686653,7.275652751559392e-05,9.858424891717732e-05,0.005,0.3,30.0,4.0,0.04,0.01,3.8140748342903543,11.79840510611604,0.0063,/Users/hojunsong/Desktop/SpillSinkSimulator/project/renders/ridge_micro/M_d030_p040__angle_th+45.0.png
M_d030_p040,angle,50.0,0.0009312427400335322,9.526877875032369e-06,0.010230284184217453,4.080889993929304e-05,5.0753518735291436e-05,0.005,0.3,30.0,4.0,0.04,0.01,3.8140748342903543,11.79840510611604,0.0063,/Users/hojunsong/Desktop/SpillSinkSimulator/project/renders/ridge_micro/M_d030_p040__angle_th+50.0.png
M_d030_p040,angle,55.0,0.0007360995549987176,6.719671091559576e-06,0.00912875309586525,2.803968709486071e-05,3.381747592356987e-05,0.005,0.3,30.0,4.0,0.04,0.01,3.8140748342903543,11.79840510611604,0.0063,/Users/hojunsong/Desktop/SpillSinkSimulator/project/renders/ridge_micro/M_d030_p040__angle_th+55.0.png
M_d030_p040,angle,60.0,0.0007346058228433342,5.8458081184653565e-06,0.007957748137414455,2.4706325348233804e-05,2.8739281333400868e-05,0.005,0.3,30.0,4.0,0.04,0.01,3.8140748342903543,11.79840510611604,0.0063,/Users/hojunsong/Desktop/SpillSinkSimulator/project/renders/ridge_micro/M_d030_p040__angle_th+60.0.png
