tag,family,topology,process,feature,seed,diffuse_frac,pitch,depth,aspect,exposed_est,top,bot,split,theta,rho,control,params_json
ST_comb-cone_50_s23,stack,comb/cone,foil + mould,0.08,23,d00,6.5,50.0,7.6923076923076925,0.03282051282051282,comb,cone,0.5,0.0,0.00041455921018496156,0.04999997094273567,"{""backing"": 2.0, ""bot"": ""cone"", ""bot_depth"": 25.0, ""bot_params"": {""depth_jitter"": 0.0, ""height_seg"": 12, ""jitter"": 0.3, ""pitch"": 5.5, ""profile_power"": 1.0, ""radial_seg"": 24, ""tip_radius"": 0.2}, ""face_h"": 60.0, ""face_w"": 60.0, ""margin_depths"": 2.0, ""seed"": 23, ""top"": ""comb"", ""top_depth"": 25.0, ""top_params"": {""jitter"": 0.0, ""pitch"": 6.5, ""wall_bot"": 0.08, ""wall_top"": 0.08}}"
ST_comb-cone_50_s23,stack,comb/cone,foil + mould,0.08,23,d00,6.5,50.0,7.6923076923076925,0.03282051282051282,comb,cone,0.5,-20.0,0.0004574227496050298,0.04999997094273567,"{""backing"": 2.0, ""bot"": ""cone"", ""bot_depth"": 25.0, ""bot_params"": {""depth_jitter"": 0.0, ""height_seg"": 12, ""jitter"": 0.3, ""pitch"": 5.5, ""profile_power"": 1.0, ""radial_seg"": 24, ""tip_radius"": 0.2}, ""face_h"": 60.0, ""face_w"": 60.0, ""margin_depths"": 2.0, ""seed"": 23, ""top"": ""comb"", ""top_depth"": 25.0, ""top_params"": {""jitter"": 0.0, ""pitch"": 6.5, ""wall_bot"": 0.08, ""wall_top"": 0.08}}"
ST_comb-cone_50_s23,stack,comb/cone,foil + mould,0.08,23,d00,6.5,50.0,7.6923076923076925,0.03282051282051282,comb,cone,0.5,-40.0,0.0004407089145388454,0.04999997094273567,"{""backing"": 2.0, ""bot"": ""cone"", ""bot_depth"": 25.0, ""bot_params"": {""depth_jitter"": 0.0, ""height_seg"": 12, ""jitter"": 0.3, ""pitch"": 5.5, ""profile_power"": 1.0, ""radial_seg"": 24, ""tip_radius"": 0.2}, ""face_h"": 60.0, ""face_w"": 60.0, ""margin_depths"": 2.0, ""seed"": 23, ""top"": ""comb"", ""top_depth"": 25.0, ""top_params"": {""jitter"": 0.0, ""pitch"": 6.5, ""wall_bot"": 0.08, ""wall_top"": 0.08}}"
ST_comb-cone_50_s23,stack,comb/cone,foil + mould,0.08,23,d00,6.5,50.0,7.6923076923076925,0.03282051282051282,comb,cone,0.5,20.0,0.0004535672487691045,0.04999997094273567,"{""backing"": 2.0, ""bot"": ""cone"", ""bot_depth"": 25.0, ""bot_params"": {""depth_jitter"": 0.0, ""height_seg"": 12, ""jitter"": 0.3, ""pitch"": 5.5, ""profile_power"": 1.0, ""radial_seg"": 24, ""tip_radius"": 0.2}, ""face_h"": 60.0, ""face_w"": 60.0, ""margin_depths"": 2.0, ""seed"": 23, ""top"": ""comb"", ""top_depth"": 25.0, ""top_params"": {""jitter"": 0.0, ""pitch"": 6.5, ""wall_bot"": 0.08, ""wall_top"": 0.08}}"
ST_comb-cone_50_s23,stack,comb/cone,foil + mould,0.08,23,d00,6.5,50.0,7.6923076923076925,0.03282051282051282,comb,cone,0.5,40.0,0.0004413347051013261,0.04999997094273567,"{""backing"": 2.0, ""bot"": ""cone"", ""bot_depth"": 25.0, ""bot_params"": {""depth_jitter"": 0.0, ""height_seg"": 12, ""jitter"": 0.3, ""pitch"": 5.5, ""profile_power"": 1.0, ""radial_seg"": 24, ""tip_radius"": 0.2}, ""face_h"": 60.0, ""face_w"": 60.0, ""margin_depths"": 2.0, ""seed"": 23, ""top"": ""comb"", ""top_depth"": 25.0, ""top_params"": {""jitter"": 0.0, ""pitch"": 6.5, ""wall_bot"": 0.08, ""wall_top"": 0.08}}"
ST_comb-cone_50_s23,stack,comb/cone,foil + mould,0.08,23,d76,6.5,50.0,7.6923076923076925,0.03282051282051282,comb,cone,0.5,0.0,0.00035754020791500807,0.04999997094273567,"{""backing"": 2.0, ""bot"": ""cone"", ""bot_depth"": 25.0, ""bot_params"": {""depth_jitter"": 0.0, ""height_seg"": 12, ""jitter"": 0.3, ""pitch"": 5.5, ""profile_power"": 1.0, ""radial_seg"": 24, ""tip_radius"": 0.2}, ""face_h"": 60.0, ""face_w"": 60.0, ""margin_depths"": 2.0, ""seed"": 23, ""top"": ""comb"", ""top_depth"": 25.0, ""top_params"": {""jitter"": 0.0, ""pitch"": 6.5, ""wall_bot"": 0.08, ""wall_top"": 0.08}}"
ST_comb-cone_50_s23,stack,comb/cone,foil + mould,0.08,23,d76,6.5,50.0,7.6923076923076925,0.03282051282051282,comb,cone,0.5,-20.0,0.0010810662060976028,0.04999997094273567,"{""backing"": 2.0, ""bot"": ""cone"", ""bot_depth"": 25.0, ""bot_params"": {""depth_jitter"": 0.0, ""height_seg"": 12, ""jitter"": 0.3, ""pitch"": 5.5, ""profile_power"": 1.0, ""radial_seg"": 24, ""tip_radius"": 0.2}, ""face_h"": 60.0, ""face_w"": 60.0, ""margin_depths"": 2.0, ""seed"": 23, ""top"": ""comb"", ""top_depth"": 25.0, ""top_params"": {""jitter"": 0.0, ""pitch"": 6.5, ""wall_bot"": 0.08, ""wall_top"": 0.08}}"
ST_comb-cone_50_s23,stack,comb/cone,foil + mould,0.08,23,d76,6.5,50.0,7.6923076923076925,0.03282051282051282,comb,cone,0.5,-40.0,0.0018168464303016663,0.04999997094273567,"{""backing"": 2.0, ""bot"": ""cone"", ""bot_depth"": 25.0, ""bot_params"": {""depth_jitter"": 0.0, ""height_seg"": 12, ""jitter"": 0.3, ""pitch"": 5.5, ""profile_power"": 1.0, ""radial_seg"": 24, ""tip_radius"": 0.2}, ""face_h"": 60.0, ""face_w"": 60.0, ""margin_depths"": 2.0, ""seed"": 23, ""top"": ""comb"", ""top_depth"": 25.0, ""top_params"": {""jitter"": 0.0, ""pitch"": 6.5, ""wall_bot"": 0.08, ""wall_top"": 0.08}}"
ST_comb-cone_50_s23,stack,comb/cone,foil + mould,0.08,23,d76,6.5,50.0,7.6923076923076925,0.03282051282051282,comb,cone,0.5,20.0,0.0010376955615356565,0.04999997094273567,"{""backing"": 2.0, ""bot"": ""cone"", ""bot_depth"": 25.0, ""bot_params"": {""depth_jitter"": 0.0, ""height_seg"": 12, ""jitter"": 0.3, ""pitch"": 5.5, ""profile_power"": 1.0, ""radial_seg"": 24, ""tip_radius"": 0.2}, ""face_h"": 60.0, ""face_w"": 60.0, ""margin_depths"": 2.0, ""seed"": 23, ""top"": ""comb"", ""top_depth"": 25.0, ""top_params"": {""jitter"": 0.0, ""pitch"": 6.5, ""wall_bot"": 0.08, ""wall_top"": 0.08}}"
ST_comb-cone_50_s23,stack,comb/cone,foil + mould,0.08,23,d76,6.5,50.0,7.6923076923076925,0.03282051282051282,comb,cone,0.5,40.0,0.0017649497603997588,0.04999997094273567,"{""backing"": 2.0, ""bot"": ""cone"", ""bot_depth"": 25.0, ""bot_params"": {""depth_jitter"": 0.0, ""height_seg"": 12, ""jitter"": 0.3, ""pitch"": 5.5, ""profile_power"": 1.0, ""radial_seg"": 24, ""tip_radius"": 0.2}, ""face_h"": 60.0, ""face_w"": 60.0, ""margin_depths"": 2.0, ""seed"": 23, ""top"": ""comb"", ""top_depth"": 25.0, ""top_params"": {""jitter"": 0.0, ""pitch"": 6.5, ""wall_bot"": 0.08, ""wall_top"": 0.08}}"
ST_comb-cone_50_s23,stack,comb/cone,foil + mould,0.08,23,d100,6.5,50.0,7.6923076923076925,0.03282051282051282,comb,cone,0.5,0.0,0.0003491269308142364,0.04999997094273567,"{""backing"": 2.0, ""bot"": ""cone"", ""bot_depth"": 25.0, ""bot_params"": {""depth_jitter"": 0.0, ""height_seg"": 12, ""jitter"": 0.3, ""pitch"": 5.5, ""profile_power"": 1.0, ""radial_seg"": 24, ""tip_radius"": 0.2}, ""face_h"": 60.0, ""face_w"": 60.0, ""margin_depths"": 2.0, ""seed"": 23, ""top"": ""comb"", ""top_depth"": 25.0, ""top_params"": {""jitter"": 0.0, ""pitch"": 6.5, ""wall_bot"": 0.08, ""wall_top"": 0.08}}"
ST_comb-cone_50_s23,stack,comb/cone,foil + mould,0.08,23,d100,6.5,50.0,7.6923076923076925,0.03282051282051282,comb,cone,0.5,-20.0,0.001295906607992947,0.04999997094273567,"{""backing"": 2.0, ""bot"": ""cone"", ""bot_depth"": 25.0, ""bot_params"": {""depth_jitter"": 0.0, ""height_seg"": 12, ""jitter"": 0.3, ""pitch"": 5.5, ""profile_power"": 1.0, ""radial_seg"": 24, ""tip_radius"": 0.2}, ""face_h"": 60.0, ""face_w"": 60.0, ""margin_depths"": 2.0, ""seed"": 23, ""top"": ""comb"", ""top_depth"": 25.0, ""top_params"": {""jitter"": 0.0, ""pitch"": 6.5, ""wall_bot"": 0.08, ""wall_top"": 0.08}}"
ST_comb-cone_50_s23,stack,comb/cone,foil + mould,0.08,23,d100,6.5,50.0,7.6923076923076925,0.03282051282051282,comb,cone,0.5,-40.0,0.0022551969159394503,0.04999997094273567,"{""backing"": 2.0, ""bot"": ""cone"", ""bot_depth"": 25.0, ""bot_params"": {""depth_jitter"": 0.0, ""height_seg"": 12, ""jitter"": 0.3, ""pitch"": 5.5, ""profile_power"": 1.0, ""radial_seg"": 24, ""tip_radius"": 0.2}, ""face_h"": 60.0, ""face_w"": 60.0, ""margin_depths"": 2.0, ""seed"": 23, ""top"": ""comb"", ""top_depth"": 25.0, ""top_params"": {""jitter"": 0.0, ""pitch"": 6.5, ""wall_bot"": 0.08, ""wall_top"": 0.08}}"
ST_comb-cone_50_s23,stack,comb/cone,foil + mould,0.08,23,d100,6.5,50.0,7.6923076923076925,0.03282051282051282,comb,cone,0.5,20.0,0.001230870489962399,0.04999997094273567,"{""backing"": 2.0, ""bot"": ""cone"", ""bot_depth"": 25.0, ""bot_params"": {""depth_jitter"": 0.0, ""height_seg"": 12, ""jitter"": 0.3, ""pitch"": 5.5, ""profile_power"": 1.0, ""radial_seg"": 24, ""tip_radius"": 0.2}, ""face_h"": 60.0, ""face_w"": 60.0, ""margin_depths"": 2.0, ""seed"": 23, ""top"": ""comb"", ""top_depth"": 25.0, ""top_params"": {""jitter"": 0.0, ""pitch"": 6.5, ""wall_bot"": 0.08, ""wall_top"": 0.08}}"
ST_comb-cone_50_s23,stack,comb/cone,foil + mould,0.08,23,d100,6.5,50.0,7.6923076923076925,0.03282051282051282,comb,cone,0.5,40.0,0.0021900595165789127,0.04999997094273567,"{""backing"": 2.0, ""bot"": ""cone"", ""bot_depth"": 25.0, ""bot_params"": {""depth_jitter"": 0.0, ""height_seg"": 12, ""jitter"": 0.3, ""pitch"": 5.5, ""profile_power"": 1.0, ""radial_seg"": 24, ""tip_radius"": 0.2}, ""face_h"": 60.0, ""face_w"": 60.0, ""margin_depths"": 2.0, ""seed"": 23, ""top"": ""comb"", ""top_depth"": 25.0, ""top_params"": {""jitter"": 0.0, ""pitch"": 6.5, ""wall_bot"": 0.08, ""wall_top"": 0.08}}"
ST_cone-comb_50_s23,stack,cone/comb,mould + foil,0.4,23,d00,6.5,50.0,7.6923076923076925,0.00479682476491694,cone,comb,0.5,0.0,0.002261099871248007,0.04999997094273567,"{""backing"": 2.0, ""bot"": ""comb"", ""bot_depth"": 25.0, ""bot_params"": {""jitter"": 0.0, ""pitch"": 6.5, ""wall_bot"": 0.08, ""wall_top"": 0.08}, ""face_h"": 60.0, ""face_w"": 60.0, ""margin_depths"": 2.0, ""seed"": 23, ""top"": ""cone"", ""top_depth"": 25.0, ""top_params"": {""depth_jitter"": 0.0, ""height_seg"": 12, ""jitter"": 0.3, ""pitch"": 5.5, ""profile_power"": 1.0, ""radial_seg"": 24, ""tip_radius"": 0.2}}"
ST_cone-comb_50_s23,stack,cone/comb,mould + foil,0.4,23,d00,6.5,50.0,7.6923076923076925,0.00479682476491694,cone,comb,0.5,-20.0,0.0018580020405352116,0.04999997094273567,"{""backing"": 2.0, ""bot"": ""comb"", ""bot_depth"": 25.0, ""bot_params"": {""jitter"": 0.0, ""pitch"": 6.5, ""wall_bot"": 0.08, ""wall_top"": 0.08}, ""face_h"": 60.0, ""face_w"": 60.0, ""margin_depths"": 2.0, ""seed"": 23, ""top"": ""cone"", ""top_depth"": 25.0, ""top_params"": {""depth_jitter"": 0.0, ""height_seg"": 12, ""jitter"": 0.3, ""pitch"": 5.5, ""profile_power"": 1.0, ""radial_seg"": 24, ""tip_radius"": 0.2}}"
ST_cone-comb_50_s23,stack,cone/comb,mould + foil,0.4,23,d00,6.5,50.0,7.6923076923076925,0.00479682476491694,cone,comb,0.5,-40.0,0.0024733764585107565,0.04999997094273567,"{""backing"": 2.0, ""bot"": ""comb"", ""bot_depth"": 25.0, ""bot_params"": {""jitter"": 0.0, ""pitch"": 6.5, ""wall_bot"": 0.08, ""wall_top"": 0.08}, ""face_h"": 60.0, ""face_w"": 60.0, ""margin_depths"": 2.0, ""seed"": 23, ""top"": ""cone"", ""top_depth"": 25.0, ""top_params"": {""depth_jitter"": 0.0, ""height_seg"": 12, ""jitter"": 0.3, ""pitch"": 5.5, ""profile_power"": 1.0, ""radial_seg"": 24, ""tip_radius"": 0.2}}"
ST_cone-comb_50_s23,stack,cone/comb,mould + foil,0.4,23,d00,6.5,50.0,7.6923076923076925,0.00479682476491694,cone,comb,0.5,20.0,0.001896148663945496,0.04999997094273567,"{""backing"": 2.0, ""bot"": ""comb"", ""bot_depth"": 25.0, ""bot_params"": {""jitter"": 0.0, ""pitch"": 6.5, ""wall_bot"": 0.08, ""wall_top"": 0.08}, ""face_h"": 60.0, ""face_w"": 60.0, ""margin_depths"": 2.0, ""seed"": 23, ""top"": ""cone"", ""top_depth"": 25.0, ""top_params"": {""depth_jitter"": 0.0, ""height_seg"": 12, ""jitter"": 0.3, ""pitch"": 5.5, ""profile_power"": 1.0, ""radial_seg"": 24, ""tip_radius"": 0.2}}"
ST_cone-comb_50_s23,stack,cone/comb,mould + foil,0.4,23,d00,6.5,50.0,7.6923076923076925,0.00479682476491694,cone,comb,0.5,40.0,0.0025616739876568317,0.04999997094273567,"{""backing"": 2.0, ""bot"": ""comb"", ""bot_depth"": 25.0, ""bot_params"": {""jitter"": 0.0, ""pitch"": 6.5, ""wall_bot"": 0.08, ""wall_top"": 0.08}, ""face_h"": 60.0, ""face_w"": 60.0, ""margin_depths"": 2.0, ""seed"": 23, ""top"": ""cone"", ""top_depth"": 25.0, ""top_params"": {""depth_jitter"": 0.0, ""height_seg"": 12, ""jitter"": 0.3, ""pitch"": 5.5, ""profile_power"": 1.0, ""radial_seg"": 24, ""tip_radius"": 0.2}}"
ST_cone-comb_50_s23,stack,cone/comb,mould + foil,0.4,23,d76,6.5,50.0,7.6923076923076925,0.00479682476491694,cone,comb,0.5,0.0,0.0017020312370732427,0.04999997094273567,"{""backing"": 2.0, ""bot"": ""comb"", ""bot_depth"": 25.0, ""bot_params"": {""jitter"": 0.0, ""pitch"": 6.5, ""wall_bot"": 0.08, ""wall_top"": 0.08}, ""face_h"": 60.0, ""face_w"": 60.0, ""margin_depths"": 2.0, ""seed"": 23, ""top"": ""cone"", ""top_depth"": 25.0, ""top_params"": {""depth_jitter"": 0.0, ""height_seg"": 12, ""jitter"": 0.3, ""pitch"": 5.5, ""profile_power"": 1.0, ""radial_seg"": 24, ""tip_radius"": 0.2}}"
ST_cone-comb_50_s23,stack,cone/comb,mould + foil,0.4,23,d76,6.5,50.0,7.6923076923076925,0.00479682476491694,cone,comb,0.5,-20.0,0.0018366159638389945,0.04999997094273567,"{""backing"": 2.0, ""bot"": ""comb"", ""bot_depth"": 25.0, ""bot_params"": {""jitter"": 0.0, ""pitch"": 6.5, ""wall_bot"": 0.08, ""wall_top"": 0.08}, ""face_h"": 60.0, ""face_w"": 60.0, ""margin_depths"": 2.0, ""seed"": 23, ""top"": ""cone"", ""top_depth"": 25.0, ""top_params"": {""depth_jitter"": 0.0, ""height_seg"": 12, ""jitter"": 0.3, ""pitch"": 5.5, ""profile_power"": 1.0, ""radial_seg"": 24, ""tip_radius"": 0.2}}"
ST_cone-comb_50_s23,stack,cone/comb,mould + foil,0.4,23,d76,6.5,50.0,7.6923076923076925,0.00479682476491694,cone,comb,0.5,-40.0,0.0025197009090334177,0.04999997094273567,"{""backing"": 2.0, ""bot"": ""comb"", ""bot_depth"": 25.0, ""bot_params"": {""jitter"": 0.0, ""pitch"": 6.5, ""wall_bot"": 0.08, ""wall_top"": 0.08}, ""face_h"": 60.0, ""face_w"": 60.0, ""margin_depths"": 2.0, ""seed"": 23, ""top"": ""cone"", ""top_depth"": 25.0, ""top_params"": {""depth_jitter"": 0.0, ""height_seg"": 12, ""jitter"": 0.3, ""pitch"": 5.5, ""profile_power"": 1.0, ""radial_seg"": 24, ""tip_radius"": 0.2}}"
ST_cone-comb_50_s23,stack,cone/comb,mould + foil,0.4,23,d76,6.5,50.0,7.6923076923076925,0.00479682476491694,cone,comb,0.5,20.0,0.0018588965758681297,0.04999997094273567,"{""backing"": 2.0, ""bot"": ""comb"", ""bot_depth"": 25.0, ""bot_params"": {""jitter"": 0.0, ""pitch"": 6.5, ""wall_bot"": 0.08, ""wall_top"": 0.08}, ""face_h"": 60.0, ""face_w"": 60.0, ""margin_depths"": 2.0, ""seed"": 23, ""top"": ""cone"", ""top_depth"": 25.0, ""top_params"": {""depth_jitter"": 0.0, ""height_seg"": 12, ""jitter"": 0.3, ""pitch"": 5.5, ""profile_power"": 1.0, ""radial_seg"": 24, ""tip_radius"": 0.2}}"
ST_cone-comb_50_s23,stack,cone/comb,mould + foil,0.4,23,d76,6.5,50.0,7.6923076923076925,0.00479682476491694,cone,comb,0.5,40.0,0.002546648494899273,0.04999997094273567,"{""backing"": 2.0, ""bot"": ""comb"", ""bot_depth"": 25.0, ""bot_params"": {""jitter"": 0.0, ""pitch"": 6.5, ""wall_bot"": 0.08, ""wall_top"": 0.08}, ""face_h"": 60.0, ""face_w"": 60.0, ""margin_depths"": 2.0, ""seed"": 23, ""top"": ""cone"", ""top_depth"": 25.0, ""top_params"": {""depth_jitter"": 0.0, ""height_seg"": 12, ""jitter"": 0.3, ""pitch"": 5.5, ""profile_power"": 1.0, ""radial_seg"": 24, ""tip_radius"": 0.2}}"
ST_cone-comb_50_s23,stack,cone/comb,mould + foil,0.4,23,d100,6.5,50.0,7.6923076923076925,0.00479682476491694,cone,comb,0.5,0.0,0.0016787711065262556,0.04999997094273567,"{""backing"": 2.0, ""bot"": ""comb"", ""bot_depth"": 25.0, ""bot_params"": {""jitter"": 0.0, ""pitch"": 6.5, ""wall_bot"": 0.08, ""wall_top"": 0.08}, ""face_h"": 60.0, ""face_w"": 60.0, ""margin_depths"": 2.0, ""seed"": 23, ""top"": ""cone"", ""top_depth"": 25.0, ""top_params"": {""depth_jitter"": 0.0, ""height_seg"": 12, ""jitter"": 0.3, ""pitch"": 5.5, ""profile_power"": 1.0, ""radial_seg"": 24, ""tip_radius"": 0.2}}"
ST_cone-comb_50_s23,stack,cone/comb,mould + foil,0.4,23,d100,6.5,50.0,7.6923076923076925,0.00479682476491694,cone,comb,0.5,-20.0,0.001997939310967922,0.04999997094273567,"{""backing"": 2.0, ""bot"": ""comb"", ""bot_depth"": 25.0, ""bot_params"": {""jitter"": 0.0, ""pitch"": 6.5, ""wall_bot"": 0.08, ""wall_top"": 0.08}, ""face_h"": 60.0, ""face_w"": 60.0, ""margin_depths"": 2.0, ""seed"": 23, ""top"": ""cone"", ""top_depth"": 25.0, ""top_params"": {""depth_jitter"": 0.0, ""height_seg"": 12, ""jitter"": 0.3, ""pitch"": 5.5, ""profile_power"": 1.0, ""radial_seg"": 24, ""tip_radius"": 0.2}}"
ST_cone-comb_50_s23,stack,cone/comb,mould + foil,0.4,23,d100,6.5,50.0,7.6923076923076925,0.00479682476491694,cone,comb,0.5,-40.0,0.002690976019948721,0.04999997094273567,"{""backing"": 2.0, ""bot"": ""comb"", ""bot_depth"": 25.0, ""bot_params"": {""jitter"": 0.0, ""pitch"": 6.5, ""wall_bot"": 0.08, ""wall_top"": 0.08}, ""face_h"": 60.0, ""face_w"": 60.0, ""margin_depths"": 2.0, ""seed"": 23, ""top"": ""cone"", ""top_depth"": 25.0, ""top_params"": {""depth_jitter"": 0.0, ""height_seg"": 12, ""jitter"": 0.3, ""pitch"": 5.5, ""profile_power"": 1.0, ""radial_seg"": 24, ""tip_radius"": 0.2}}"
ST_cone-comb_50_s23,stack,cone/comb,mould + foil,0.4,23,d100,6.5,50.0,7.6923076923076925,0.00479682476491694,cone,comb,0.5,20.0,0.002015357604250312,0.04999997094273567,"{""backing"": 2.0, ""bot"": ""comb"", ""bot_depth"": 25.0, ""bot_params"": {""jitter"": 0.0, ""pitch"": 6.5, ""wall_bot"": 0.08, ""wall_top"": 0.08}, ""face_h"": 60.0, ""face_w"": 60.0, ""margin_depths"": 2.0, ""seed"": 23, ""top"": ""cone"", ""top_depth"": 25.0, ""top_params"": {""depth_jitter"": 0.0, ""height_seg"": 12, ""jitter"": 0.3, ""pitch"": 5.5, ""profile_power"": 1.0, ""radial_seg"": 24, ""tip_radius"": 0.2}}"
ST_cone-comb_50_s23,stack,cone/comb,mould + foil,0.4,23,d100,6.5,50.0,7.6923076923076925,0.00479682476491694,cone,comb,0.5,40.0,0.002724103629589081,0.04999997094273567,"{""backing"": 2.0, ""bot"": ""comb"", ""bot_depth"": 25.0, ""bot_params"": {""jitter"": 0.0, ""pitch"": 6.5, ""wall_bot"": 0.08, ""wall_top"": 0.08}, ""face_h"": 60.0, ""face_w"": 60.0, ""margin_depths"": 2.0, ""seed"": 23, ""top"": ""cone"", ""top_depth"": 25.0, ""top_params"": {""depth_jitter"": 0.0, ""height_seg"": 12, ""jitter"": 0.3, ""pitch"": 5.5, ""profile_power"": 1.0, ""radial_seg"": 24, ""tip_radius"": 0.2}}"
ST_comb-comb_50_s23,stack,comb/comb,expanded foil,0.08,23,d00,6.5,50.0,7.6923076923076925,0.03282051282051282,comb,comb,0.5,0.0,0.0012485610786825418,0.04999997094273567,"{""backing"": 2.0, ""bot"": ""comb"", ""bot_depth"": 25.0, ""bot_params"": {""jitter"": 0.0, ""pitch"": 3.17, ""wall_bot"": 0.04, ""wall_top"": 0.04}, ""face_h"": 60.0, ""face_w"": 60.0, ""margin_depths"": 2.0, ""seed"": 23, ""top"": ""comb"", ""top_depth"": 25.0, ""top_params"": {""jitter"": 0.0, ""pitch"": 6.5, ""wall_bot"": 0.08, ""wall_top"": 0.08}}"
ST_comb-comb_50_s23,stack,comb/comb,expanded foil,0.08,23,d00,6.5,50.0,7.6923076923076925,0.03282051282051282,comb,comb,0.5,-20.0,0.00045687679084949195,0.04999997094273567,"{""backing"": 2.0, ""bot"": ""comb"", ""bot_depth"": 25.0, ""bot_params"": {""jitter"": 0.0, ""pitch"": 3.17, ""wall_bot"": 0.04, ""wall_top"": 0.04}, ""face_h"": 60.0, ""face_w"": 60.0, ""margin_depths"": 2.0, ""seed"": 23, ""top"": ""comb"", ""top_depth"": 25.0, ""top_params"": {""jitter"": 0.0, ""pitch"": 6.5, ""wall_bot"": 0.08, ""wall_top"": 0.08}}"
ST_comb-comb_50_s23,stack,comb/comb,expanded foil,0.08,23,d00,6.5,50.0,7.6923076923076925,0.03282051282051282,comb,comb,0.5,-40.0,0.00044074509060010314,0.04999997094273567,"{""backing"": 2.0, ""bot"": ""comb"", ""bot_depth"": 25.0, ""bot_params"": {""jitter"": 0.0, ""pitch"": 3.17, ""wall_bot"": 0.04, ""wall_top"": 0.04}, ""face_h"": 60.0, ""face_w"": 60.0, ""margin_depths"": 2.0, ""seed"": 23, ""top"": ""comb"", ""top_depth"": 25.0, ""top_params"": {""jitter"": 0.0, ""pitch"": 6.5, ""wall_bot"": 0.08, ""wall_top"": 0.08}}"
ST_comb-comb_50_s23,stack,comb/comb,expanded foil,0.08,23,d00,6.5,50.0,7.6923076923076925,0.03282051282051282,comb,comb,0.5,20.0,0.00045282012433744967,0.04999997094273567,"{""backing"": 2.0, ""bot"": ""comb"", ""bot_depth"": 25.0, ""bot_params"": {""jitter"": 0.0, ""pitch"": 3.17, ""wall_bot"": 0.04, ""wall_top"": 0.04}, ""face_h"": 60.0, ""face_w"": 60.0, ""margin_depths"": 2.0, ""seed"": 23, ""top"": ""comb"", ""top_depth"": 25.0, ""top_params"": {""jitter"": 0.0, ""pitch"": 6.5, ""wall_bot"": 0.08, ""wall_top"": 0.08}}"
ST_comb-comb_50_s23,stack,comb/comb,expanded foil,0.08,23,d00,6.5,50.0,7.6923076923076925,0.03282051282051282,comb,comb,0.5,40.0,0.00044125059503130615,0.04999997094273567,"{""backing"": 2.0, ""bot"": ""comb"", ""bot_depth"": 25.0, ""bot_params"": {""jitter"": 0.0, ""pitch"": 3.17, ""wall_bot"": 0.04, ""wall_top"": 0.04}, ""face_h"": 60.0, ""face_w"": 60.0, ""margin_depths"": 2.0, ""seed"": 23, ""top"": ""comb"", ""top_depth"": 25.0, ""top_params"": {""jitter"": 0.0, ""pitch"": 6.5, ""wall_bot"": 0.08, ""wall_top"": 0.08}}"
ST_comb-comb_50_s23,stack,comb/comb,expanded foil,0.08,23,d76,6.5,50.0,7.6923076923076925,0.03282051282051282,comb,comb,0.5,0.0,0.0005474741337820888,0.04999997094273567,"{""backing"": 2.0, ""bot"": ""comb"", ""bot_depth"": 25.0, ""bot_params"": {""jitter"": 0.0, ""pitch"": 3.17, ""wall_bot"": 0.04, ""wall_top"": 0.04}, ""face_h"": 60.0, ""face_w"": 60.0, ""margin_depths"": 2.0, ""seed"": 23, ""top"": ""comb"", ""top_depth"": 25.0, ""top_params"": {""jitter"": 0.0, ""pitch"": 6.5, ""wall_bot"": 0.08, ""wall_top"": 0.08}}"
ST_comb-comb_50_s23,stack,comb/comb,expanded foil,0.08,23,d76,6.5,50.0,7.6923076923076925,0.03282051282051282,comb,comb,0.5,-20.0,0.001080976682715118,0.04999997094273567,"{""backing"": 2.0, ""bot"": ""comb"", ""bot_depth"": 25.0, ""bot_params"": {""jitter"": 0.0, ""pitch"": 3.17, ""wall_bot"": 0.04, ""wall_top"": 0.04}, ""face_h"": 60.0, ""face_w"": 60.0, ""margin_depths"": 2.0, ""seed"": 23, ""top"": ""comb"", ""top_depth"": 25.0, ""top_params"": {""jitter"": 0.0, ""pitch"": 6.5, ""wall_bot"": 0.08, ""wall_top"": 0.08}}"
ST_comb-comb_50_s23,stack,comb/comb,expanded foil,0.08,23,d76,6.5,50.0,7.6923076923076925,0.03282051282051282,comb,comb,0.5,-40.0,0.0018169427057728171,0.04999997094273567,"{""backing"": 2.0, ""bot"": ""comb"", ""bot_depth"": 25.0, ""bot_params"": {""jitter"": 0.0, ""pitch"": 3.17, ""wall_bot"": 0.04, ""wall_top"": 0.04}, ""face_h"": 60.0, ""face_w"": 60.0, ""margin_depths"": 2.0, ""seed"": 23, ""top"": ""comb"", ""top_depth"": 25.0, ""top_params"": {""jitter"": 0.0, ""pitch"": 6.5, ""wall_bot"": 0.08, ""wall_top"": 0.08}}"
ST_comb-comb_50_s23,stack,comb/comb,expanded foil,0.08,23,d76,6.5,50.0,7.6923076923076925,0.03282051282051282,comb,comb,0.5,20.0,0.0010376025456935167,0.04999997094273567,"{""backing"": 2.0, ""bot"": ""comb"", ""bot_depth"": 25.0, ""bot_params"": {""jitter"": 0.0, ""pitch"": 3.17, ""wall_bot"": 0.04, ""wall_top"": 0.04}, ""face_h"": 60.0, ""face_w"": 60.0, ""margin_depths"": 2.0, ""seed"": 23, ""top"": ""comb"", ""top_depth"": 25.0, ""top_params"": {""jitter"": 0.0, ""pitch"": 6.5, ""wall_bot"": 0.08, ""wall_top"": 0.08}}"
ST_comb-comb_50_s23,stack,comb/comb,expanded foil,0.08,23,d76,6.5,50.0,7.6923076923076925,0.03282051282051282,comb,comb,0.5,40.0,0.001765066059306264,0.04999997094273567,"{""backing"": 2.0, ""bot"": ""comb"", ""bot_depth"": 25.0, ""bot_params"": {""jitter"": 0.0, ""pitch"": 3.17, ""wall_bot"": 0.04, ""wall_top"": 0.04}, ""face_h"": 60.0, ""face_w"": 60.0, ""margin_depths"": 2.0, ""seed"": 23, ""top"": ""comb"", ""top_depth"": 25.0, ""top_params"": {""jitter"": 0.0, ""pitch"": 6.5, ""wall_bot"": 0.08, ""wall_top"": 0.08}}"
ST_comb-comb_50_s23,stack,comb/comb,expanded foil,0.08,23,d100,6.5,50.0,7.6923076923076925,0.03282051282051282,comb,comb,0.5,0.0,0.00035444737295620143,0.04999997094273567,"{""backing"": 2.0, ""bot"": ""comb"", ""bot_depth"": 25.0, ""bot_params"": {""jitter"": 0.0, ""pitch"": 3.17, ""wall_bot"": 0.04, ""wall_top"": 0.04}, ""face_h"": 60.0, ""face_w"": 60.0, ""margin_depths"": 2.0, ""seed"": 23, ""top"": ""comb"", ""top_depth"": 25.0, ""top_params"": {""jitter"": 0.0, ""pitch"": 6.5, ""wall_bot"": 0.08, ""wall_top"": 0.08}}"
ST_comb-comb_50_s23,stack,comb/comb,expanded foil,0.08,23,d100,6.5,50.0,7.6923076923076925,0.03282051282051282,comb,comb,0.5,-20.0,0.0012959447922185063,0.04999997094273567,"{""backing"": 2.0, ""bot"": ""comb"", ""bot_depth"": 25.0, ""bot_params"": {""jitter"": 0.0, ""pitch"": 3.17, ""wall_bot"": 0.04, ""wall_top"": 0.04}, ""face_h"": 60.0, ""face_w"": 60.0, ""margin_depths"": 2.0, ""seed"": 23, ""top"": ""comb"", ""top_depth"": 25.0, ""top_params"": {""jitter"": 0.0, ""pitch"": 6.5, ""wall_bot"": 0.08, ""wall_top"": 0.08}}"
ST_comb-comb_50_s23,stack,comb/comb,expanded foil,0.08,23,d100,6.5,50.0,7.6923076923076925,0.03282051282051282,comb,comb,0.5,-40.0,0.002255195751786232,0.04999997094273567,"{""backing"": 2.0, ""bot"": ""comb"", ""bot_depth"": 25.0, ""bot_params"": {""jitter"": 0.0, ""pitch"": 3.17, ""wall_bot"": 0.04, ""wall_top"": 0.04}, ""face_h"": 60.0, ""face_w"": 60.0, ""margin_depths"": 2.0, ""seed"": 23, ""top"": ""comb"", ""top_depth"": 25.0, ""top_params"": {""jitter"": 0.0, ""pitch"": 6.5, ""wall_bot"": 0.08, ""wall_top"": 0.08}}"
ST_comb-comb_50_s23,stack,comb/comb,expanded foil,0.08,23,d100,6.5,50.0,7.6923076923076925,0.03282051282051282,comb,comb,0.5,20.0,0.0012308297445997596,0.04999997094273567,"{""backing"": 2.0, ""bot"": ""comb"", ""bot_depth"": 25.0, ""bot_params"": {""jitter"": 0.0, ""pitch"": 3.17, ""wall_bot"": 0.04, ""wall_top"": 0.04}, ""face_h"": 60.0, ""face_w"": 60.0, ""margin_depths"": 2.0, ""seed"": 23, ""top"": ""comb"", ""top_depth"": 25.0, ""top_params"": {""jitter"": 0.0, ""pitch"": 6.5, ""wall_bot"": 0.08, ""wall_top"": 0.08}}"
ST_comb-comb_50_s23,stack,comb/comb,expanded foil,0.08,23,d100,6.5,50.0,7.6923076923076925,0.03282051282051282,comb,comb,0.5,40.0,0.0021901121363043785,0.04999997094273567,"{""backing"": 2.0, ""bot"": ""comb"", ""bot_depth"": 25.0, ""bot_params"": {""jitter"": 0.0, ""pitch"": 3.17, ""wall_bot"": 0.04, ""wall_top"": 0.04}, ""face_h"": 60.0, ""face_w"": 60.0, ""margin_depths"": 2.0, ""seed"": 23, ""top"": ""comb"", ""top_depth"": 25.0, ""top_params"": {""jitter"": 0.0, ""pitch"": 6.5, ""wall_bot"": 0.08, ""wall_top"": 0.08}}"
ST_comb-comb_50_s23,stack,comb/comb,expanded foil,0.04,23,d00,6.5,50.0,7.6923076923076925,0.03364879074658255,comb,comb,0.5,0.0,0.0012157335877418518,0.04999997094273567,"{""backing"": 2.0, ""bot"": ""comb"", ""bot_depth"": 25.0, ""bot_params"": {""jitter"": 0.0, ""pitch"": 6.5, ""wall_bot"": 0.08, ""wall_top"": 0.08}, ""face_h"": 60.0, ""face_w"": 60.0, ""margin_depths"": 2.0, ""seed"": 23, ""top"": ""comb"", ""top_depth"": 25.0, ""top_params"": {""jitter"": 0.0, ""pitch"": 3.17, ""wall_bot"": 0.04, ""wall_top"": 0.04}}"
ST_comb-comb_50_s23,stack,comb/comb,expanded foil,0.04,23,d00,6.5,50.0,7.6923076923076925,0.03364879074658255,comb,comb,0.5,-20.0,0.00044220982817932963,0.04999997094273567,"{""backing"": 2.0, ""bot"": ""comb"", ""bot_depth"": 25.0, ""bot_params"": {""jitter"": 0.0, ""pitch"": 6.5, ""wall_bot"": 0.08, ""wall_top"": 0.08}, ""face_h"": 60.0, ""face_w"": 60.0, ""margin_depths"": 2.0, ""seed"": 23, ""top"": ""comb"", ""top_depth"": 25.0, ""top_params"": {""jitter"": 0.0, ""pitch"": 3.17, ""wall_bot"": 0.04, ""wall_top"": 0.04}}"
ST_comb-comb_50_s23,stack,comb/comb,expanded foil,0.04,23,d00,6.5,50.0,7.6923076923076925,0.03364879074658255,comb,comb,0.5,-40.0,0.00043572840513661504,0.04999997094273567,"{""backing"": 2.0, ""bot"": ""comb"", ""bot_depth"": 25.0, ""bot_params"": {""jitter"": 0.0, ""pitch"": 6.5, ""wall_bot"": 0.08, ""wall_top"": 0.08}, ""face_h"": 60.0, ""face_w"": 60.0, ""margin_depths"": 2.0, ""seed"": 23, ""top"": ""comb"", ""top_depth"": 25.0, ""top_params"": {""jitter"": 0.0, ""pitch"": 3.17, ""wall_bot"": 0.04, ""wall_top"": 0.04}}"
ST_comb-comb_50_s23,stack,comb/comb,expanded foil,0.04,23,d00,6.5,50.0,7.6923076923076925,0.03364879074658255,comb,comb,0.5,20.0,0.00044661658466793597,0.04999997094273567,"{""backing"": 2.0, ""bot"": ""comb"", ""bot_depth"": 25.0, ""bot_params"": {""jitter"": 0.0, ""pitch"": 6.5, ""wall_bot"": 0.08, ""wall_top"": 0.08}, ""face_h"": 60.0, ""face_w"": 60.0, ""margin_depths"": 2.0, ""seed"": 23, ""top"": ""comb"", ""top_depth"": 25.0, ""top_params"": {""jitter"": 0.0, ""pitch"": 3.17, ""wall_bot"": 0.04, ""wall_top"": 0.04}}"
ST_comb-comb_50_s23,stack,comb/comb,expanded foil,0.04,23,d00,6.5,50.0,7.6923076923076925,0.03364879074658255,comb,comb,0.5,40.0,0.00043449635268189013,0.04999997094273567,"{""backing"": 2.0, ""bot"": ""comb"", ""bot_depth"": 25.0, ""bot_params"": {""jitter"": 0.0, ""pitch"": 6.5, ""wall_bot"": 0.08, ""wall_top"": 0.08}, ""face_h"": 60.0, ""face_w"": 60.0, ""margin_depths"": 2.0, ""seed"": 23, ""top"": ""comb"", ""top_depth"": 25.0, ""top_params"": {""jitter"": 0.0, ""pitch"": 3.17, ""wall_bot"": 0.04, ""wall_top"": 0.04}}"
ST_comb-comb_50_s23,stack,comb/comb,expanded foil,0.04,23,d76,6.5,50.0,7.6923076923076925,0.03364879074658255,comb,comb,0.5,0.0,0.0005271474365144968,0.04999997094273567,"{""backing"": 2.0, ""bot"": ""comb"", ""bot_depth"": 25.0, ""bot_params"": {""jitter"": 0.0, ""pitch"": 6.5, ""wall_bot"": 0.08, ""wall_top"": 0.08}, ""face_h"": 60.0, ""face_w"": 60.0, ""margin_depths"": 2.0, ""seed"": 23, ""top"": ""comb"", ""top_depth"": 25.0, ""top_params"": {""jitter"": 0.0, ""pitch"": 3.17, ""wall_bot"": 0.04, ""wall_top"": 0.04}}"
ST_comb-comb_50_s23,stack,comb/comb,expanded foil,0.04,23,d76,6.5,50.0,7.6923076923076925,0.03364879074658255,comb,comb,0.5,-20.0,0.0009558302699588239,0.04999997094273567,"{""backing"": 2.0, ""bot"": ""comb"", ""bot_depth"": 25.0, ""bot_params"": {""jitter"": 0.0, ""pitch"": 6.5, ""wall_bot"": 0.08, ""wall_top"": 0.08}, ""face_h"": 60.0, ""face_w"": 60.0, ""margin_depths"": 2.0, ""seed"": 23, ""top"": ""comb"", ""top_depth"": 25.0, ""top_params"": {""jitter"": 0.0, ""pitch"": 3.17, ""wall_bot"": 0.04, ""wall_top"": 0.04}}"
ST_comb-comb_50_s23,stack,comb/comb,expanded foil,0.04,23,d76,6.5,50.0,7.6923076923076925,0.03364879074658255,comb,comb,0.5,-40.0,0.001581493765115738,0.04999997094273567,"{""backing"": 2.0, ""bot"": ""comb"", ""bot_depth"": 25.0, ""bot_params"": {""jitter"": 0.0, ""pitch"": 6.5, ""wall_bot"": 0.08, ""wall_top"": 0.08}, ""face_h"": 60.0, ""face_w"": 60.0, ""margin_depths"": 2.0, ""seed"": 23, ""top"": ""comb"", ""top_depth"": 25.0, ""top_params"": {""jitter"": 0.0, ""pitch"": 3.17, ""wall_bot"": 0.04, ""wall_top"": 0.04}}"
ST_comb-comb_50_s23,stack,comb/comb,expanded foil,0.04,23,d76,6.5,50.0,7.6923076923076925,0.03364879074658255,comb,comb,0.5,20.0,0.0009547953959554434,0.04999997094273567,"{""backing"": 2.0, ""bot"": ""comb"", ""bot_depth"": 25.0, ""bot_params"": {""jitter"": 0.0, ""pitch"": 6.5, ""wall_bot"": 0.08, ""wall_top"": 0.08}, ""face_h"": 60.0, ""face_w"": 60.0, ""margin_depths"": 2.0, ""seed"": 23, ""top"": ""comb"", ""top_depth"": 25.0, ""top_params"": {""jitter"": 0.0, ""pitch"": 3.17, ""wall_bot"": 0.04, ""wall_top"": 0.04}}"
ST_comb-comb_50_s23,stack,comb/comb,expanded foil,0.04,23,d76,6.5,50.0,7.6923076923076925,0.03364879074658255,comb,comb,0.5,40.0,0.0015623398358002305,0.04999997094273567,"{""backing"": 2.0, ""bot"": ""comb"", ""bot_depth"": 25.0, ""bot_params"": {""jitter"": 0.0, ""pitch"": 6.5, ""wall_bot"": 0.08, ""wall_top"": 0.08}, ""face_h"": 60.0, ""face_w"": 60.0, ""margin_depths"": 2.0, ""seed"": 23, ""top"": ""comb"", ""top_depth"": 25.0, ""top_params"": {""jitter"": 0.0, ""pitch"": 3.17, ""wall_bot"": 0.04, ""wall_top"": 0.04}}"
ST_comb-comb_50_s23,stack,comb/comb,expanded foil,0.04,23,d100,6.5,50.0,7.6923076923076925,0.03364879074658255,comb,comb,0.5,0.0,0.00034502087510190904,0.04999997094273567,"{""backing"": 2.0, ""bot"": ""comb"", ""bot_depth"": 25.0, ""bot_params"": {""jitter"": 0.0, ""pitch"": 6.5, ""wall_bot"": 0.08, ""wall_top"": 0.08}, ""face_h"": 60.0, ""face_w"": 60.0, ""margin_depths"": 2.0, ""seed"": 23, ""top"": ""comb"", ""top_depth"": 25.0, ""top_params"": {""jitter"": 0.0, ""pitch"": 3.17, ""wall_bot"": 0.04, ""wall_top"": 0.04}}"
ST_comb-comb_50_s23,stack,comb/comb,expanded foil,0.04,23,d100,6.5,50.0,7.6923076923076925,0.03364879074658255,comb,comb,0.5,-20.0,0.0011346586979925632,0.04999997094273567,"{""backing"": 2.0, ""bot"": ""comb"", ""bot_depth"": 25.0, ""bot_params"": {""jitter"": 0.0, ""pitch"": 6.5, ""wall_bot"": 0.08, ""wall_top"": 0.08}, ""face_h"": 60.0, ""face_w"": 60.0, ""margin_depths"": 2.0, ""seed"": 23, ""top"": ""comb"", ""top_depth"": 25.0, ""top_params"": {""jitter"": 0.0, ""pitch"": 3.17, ""wall_bot"": 0.04, ""wall_top"": 0.04}}"
ST_comb-comb_50_s23,stack,comb/comb,expanded foil,0.04,23,d100,6.5,50.0,7.6923076923076925,0.03364879074658255,comb,comb,0.5,-40.0,0.0019512295257300138,0.04999997094273567,"{""backing"": 2.0, ""bot"": ""comb"", ""bot_depth"": 25.0, ""bot_params"": {""jitter"": 0.0, ""pitch"": 6.5, ""wall_bot"": 0.08, ""wall_top"": 0.08}, ""face_h"": 60.0, ""face_w"": 60.0, ""margin_depths"": 2.0, ""seed"": 23, ""top"": ""comb"", ""top_depth"": 25.0, ""top_params"": {""jitter"": 0.0, ""pitch"": 3.17, ""wall_bot"": 0.04, ""wall_top"": 0.04}}"
ST_comb-comb_50_s23,stack,comb/comb,expanded foil,0.04,23,d100,6.5,50.0,7.6923076923076925,0.03364879074658255,comb,comb,0.5,20.0,0.0011303507490083575,0.04999997094273567,"{""backing"": 2.0, ""bot"": ""comb"", ""bot_depth"": 25.0, ""bot_params"": {""jitter"": 0.0, ""pitch"": 6.5, ""wall_bot"": 0.08, ""wall_top"": 0.08}, ""face_h"": 60.0, ""face_w"": 60.0, ""margin_depths"": 2.0, ""seed"": 23, ""top"": ""comb"", ""top_depth"": 25.0, ""top_params"": {""jitter"": 0.0, ""pitch"": 3.17, ""wall_bot"": 0.04, ""wall_top"": 0.04}}"
ST_comb-comb_50_s23,stack,comb/comb,expanded foil,0.04,23,d100,6.5,50.0,7.6923076923076925,0.03364879074658255,comb,comb,0.5,40.0,0.0019268279429525137,0.04999997094273567,"{""backing"": 2.0, ""bot"": ""comb"", ""bot_depth"": 25.0, ""bot_params"": {""jitter"": 0.0, ""pitch"": 6.5, ""wall_bot"": 0.08, ""wall_top"": 0.08}, ""face_h"": 60.0, ""face_w"": 60.0, ""margin_depths"": 2.0, ""seed"": 23, ""top"": ""comb"", ""top_depth"": 25.0, ""top_params"": {""jitter"": 0.0, ""pitch"": 3.17, ""wall_bot"": 0.04, ""wall_top"": 0.04}}"
ST_comb-shin_50_s23,stack,comb/shingle,foil + sheet,0.08,23,d00,6.5,50.0,7.6923076923076925,0.03282051282051282,comb,shingle,0.5,0.0,0.0017704145284369588,0.04999997094273567,"{""backing"": 2.0, ""bot"": ""shingle"", ""bot_depth"": 25.0, ""bot_params"": {""azimuth_mode"": ""grid"", ""jitter"": 0.3, ""pitch"": 5.5, ""plate_t_bot"": 0.1, ""plate_t_top"": 0.1, ""tilt_deg"": 2.0, ""tilt_jitter"": 0.0}, ""face_h"": 60.0, ""face_w"": 60.0, ""margin_depths"": 2.0, ""seed"": 23, ""top"": ""comb"", ""top_depth"": 25.0, ""top_params"": {""jitter"": 0.0, ""pitch"": 6.5, ""wall_bot"": 0.08, ""wall_top"": 0.08}}"
ST_comb-shin_50_s23,stack,comb/shingle,foil + sheet,0.08,23,d00,6.5,50.0,7.6923076923076925,0.03282051282051282,comb,shingle,0.5,-20.0,0.00045701212366111577,0.04999997094273567,"{""backing"": 2.0, ""bot"": ""shingle"", ""bot_depth"": 25.0, ""bot_params"": {""azimuth_mode"": ""grid"", ""jitter"": 0.3, ""pitch"": 5.5, ""plate_t_bot"": 0.1, ""plate_t_top"": 0.1, ""tilt_deg"": 2.0, ""tilt_jitter"": 0.0}, ""face_h"": 60.0, ""face_w"": 60.0, ""margin_depths"": 2.0, ""seed"": 23, ""top"": ""comb"", ""top_depth"": 25.0, ""top_params"": {""jitter"": 0.0, ""pitch"": 6.5, ""wall_bot"": 0.08, ""wall_top"": 0.08}}"
ST_comb-shin_50_s23,stack,comb/shingle,foil + sheet,0.08,23,d00,6.5,50.0,7.6923076923076925,0.03282051282051282,comb,shingle,0.5,-40.0,0.0004404316423460841,0.04999997094273567,"{""backing"": 2.0, ""bot"": ""shingle"", ""bot_depth"": 25.0, ""bot_params"": {""azimuth_mode"": ""grid"", ""jitter"": 0.3, ""pitch"": 5.5, ""plate_t_bot"": 0.1, ""plate_t_top"": 0.1, ""tilt_deg"": 2.0, ""tilt_jitter"": 0.0}, ""face_h"": 60.0, ""face_w"": 60.0, ""margin_depths"": 2.0, ""seed"": 23, ""top"": ""comb"", ""top_depth"": 25.0, ""top_params"": {""jitter"": 0.0, ""pitch"": 6.5, ""wall_bot"": 0.08, ""wall_top"": 0.08}}"
ST_comb-shin_50_s23,stack,comb/shingle,foil + sheet,0.08,23,d00,6.5,50.0,7.6923076923076925,0.03282051282051282,comb,shingle,0.5,20.0,0.00045339303323999047,0.04999997094273567,"{""backing"": 2.0, ""bot"": ""shingle"", ""bot_depth"": 25.0, ""bot_params"": {""azimuth_mode"": ""grid"", ""jitter"": 0.3, ""pitch"": 5.5, ""plate_t_bot"": 0.1, ""plate_t_top"": 0.1, ""tilt_deg"": 2.0, ""tilt_jitter"": 0.0}, ""face_h"": 60.0, ""face_w"": 60.0, ""margin_depths"": 2.0, ""seed"": 23, ""top"": ""comb"", ""top_depth"": 25.0, ""top_params"": {""jitter"": 0.0, ""pitch"": 6.5, ""wall_bot"": 0.08, ""wall_top"": 0.08}}"
ST_comb-shin_50_s23,stack,comb/shingle,foil + sheet,0.08,23,d00,6.5,50.0,7.6923076923076925,0.03282051282051282,comb,shingle,0.5,40.0,0.00044118790538050234,0.04999997094273567,"{""backing"": 2.0, ""bot"": ""shingle"", ""bot_depth"": 25.0, ""bot_params"": {""azimuth_mode"": ""grid"", ""jitter"": 0.3, ""pitch"": 5.5, ""plate_t_bot"": 0.1, ""plate_t_top"": 0.1, ""tilt_deg"": 2.0, ""tilt_jitter"": 0.0}, ""face_h"": 60.0, ""face_w"": 60.0, ""margin_depths"": 2.0, ""seed"": 23, ""top"": ""comb"", ""top_depth"": 25.0, ""top_params"": {""jitter"": 0.0, ""pitch"": 6.5, ""wall_bot"": 0.08, ""wall_top"": 0.08}}"
ST_comb-shin_50_s23,stack,comb/shingle,foil + sheet,0.08,23,d76,6.5,50.0,7.6923076923076925,0.03282051282051282,comb,shingle,0.5,0.0,0.000691428838763386,0.04999997094273567,"{""backing"": 2.0, ""bot"": ""shingle"", ""bot_depth"": 25.0, ""bot_params"": {""azimuth_mode"": ""grid"", ""jitter"": 0.3, ""pitch"": 5.5, ""plate_t_bot"": 0.1, ""plate_t_top"": 0.1, ""tilt_deg"": 2.0, ""tilt_jitter"": 0.0}, ""face_h"": 60.0, ""face_w"": 60.0, ""margin_depths"": 2.0, ""seed"": 23, ""top"": ""comb"", ""top_depth"": 25.0, ""top_params"": {""jitter"": 0.0, ""pitch"": 6.5, ""wall_bot"": 0.08, ""wall_top"": 0.08}}"
ST_comb-shin_50_s23,stack,comb/shingle,foil + sheet,0.08,23,d76,6.5,50.0,7.6923076923076925,0.03282051282051282,comb,shingle,0.5,-20.0,0.001081043272279203,0.04999997094273567,"{""backing"": 2.0, ""bot"": ""shingle"", ""bot_depth"": 25.0, ""bot_params"": {""azimuth_mode"": ""grid"", ""jitter"": 0.3, ""pitch"": 5.5, ""plate_t_bot"": 0.1, ""plate_t_top"": 0.1, ""tilt_deg"": 2.0, ""tilt_jitter"": 0.0}, ""face_h"": 60.0, ""face_w"": 60.0, ""margin_depths"": 2.0, ""seed"": 23, ""top"": ""comb"", ""top_depth"": 25.0, ""top_params"": {""jitter"": 0.0, ""pitch"": 6.5, ""wall_bot"": 0.08, ""wall_top"": 0.08}}"
ST_comb-shin_50_s23,stack,comb/shingle,foil + sheet,0.08,23,d76,6.5,50.0,7.6923076923076925,0.03282051282051282,comb,shingle,0.5,-40.0,0.0018167819362133741,0.04999997094273567,"{""backing"": 2.0, ""bot"": ""shingle"", ""bot_depth"": 25.0, ""bot_params"": {""azimuth_mode"": ""grid"", ""jitter"": 0.3, ""pitch"": 5.5, ""plate_t_bot"": 0.1, ""plate_t_top"": 0.1, ""tilt_deg"": 2.0, ""tilt_jitter"": 0.0}, ""face_h"": 60.0, ""face_w"": 60.0, ""margin_depths"": 2.0, ""seed"": 23, ""top"": ""comb"", ""top_depth"": 25.0, ""top_params"": {""jitter"": 0.0, ""pitch"": 6.5, ""wall_bot"": 0.08, ""wall_top"": 0.08}}"
ST_comb-shin_50_s23,stack,comb/shingle,foil + sheet,0.08,23,d76,6.5,50.0,7.6923076923076925,0.03282051282051282,comb,shingle,0.5,20.0,0.0010377316502854228,0.04999997094273567,"{""backing"": 2.0, ""bot"": ""shingle"", ""bot_depth"": 25.0, ""bot_params"": {""azimuth_mode"": ""grid"", ""jitter"": 0.3, ""pitch"": 5.5, ""plate_t_bot"": 0.1, ""plate_t_top"": 0.1, ""tilt_deg"": 2.0, ""tilt_jitter"": 0.0}, ""face_h"": 60.0, ""face_w"": 60.0, ""margin_depths"": 2.0, ""seed"": 23, ""top"": ""comb"", ""top_depth"": 25.0, ""top_params"": {""jitter"": 0.0, ""pitch"": 6.5, ""wall_bot"": 0.08, ""wall_top"": 0.08}}"
ST_comb-shin_50_s23,stack,comb/shingle,foil + sheet,0.08,23,d76,6.5,50.0,7.6923076923076925,0.03282051282051282,comb,shingle,0.5,40.0,0.0017650151858106256,0.04999997094273567,"{""backing"": 2.0, ""bot"": ""shingle"", ""bot_depth"": 25.0, ""bot_params"": {""azimuth_mode"": ""grid"", ""jitter"": 0.3, ""pitch"": 5.5, ""plate_t_bot"": 0.1, ""plate_t_top"": 0.1, ""tilt_deg"": 2.0, ""tilt_jitter"": 0.0}, ""face_h"": 60.0, ""face_w"": 60.0, ""margin_depths"": 2.0, ""seed"": 23, ""top"": ""comb"", ""top_depth"": 25.0, ""top_params"": {""jitter"": 0.0, ""pitch"": 6.5, ""wall_bot"": 0.08, ""wall_top"": 0.08}}"
ST_comb-shin_50_s23,stack,comb/shingle,foil + sheet,0.08,23,d100,6.5,50.0,7.6923076923076925,0.03282051282051282,comb,shingle,0.5,0.0,0.000390757923014462,0.04999997094273567,"{""backing"": 2.0, ""bot"": ""shingle"", ""bot_depth"": 25.0, ""bot_params"": {""azimuth_mode"": ""grid"", ""jitter"": 0.3, ""pitch"": 5.5, ""plate_t_bot"": 0.1, ""plate_t_top"": 0.1, ""tilt_deg"": 2.0, ""tilt_jitter"": 0.0}, ""face_h"": 60.0, ""face_w"": 60.0, ""margin_depths"": 2.0, ""seed"": 23, ""top"": ""comb"", ""top_depth"": 25.0, ""top_params"": {""jitter"": 0.0, ""pitch"": 6.5, ""wall_bot"": 0.08, ""wall_top"": 0.08}}"
ST_comb-shin_50_s23,stack,comb/shingle,foil + sheet,0.08,23,d100,6.5,50.0,7.6923076923076925,0.03282051282051282,comb,shingle,0.5,-20.0,0.00129594630561769,0.04999997094273567,"{""backing"": 2.0, ""bot"": ""shingle"", ""bot_depth"": 25.0, ""bot_params"": {""azimuth_mode"": ""grid"", ""jitter"": 0.3, ""pitch"": 5.5, ""plate_t_bot"": 0.1, ""plate_t_top"": 0.1, ""tilt_deg"": 2.0, ""tilt_jitter"": 0.0}, ""face_h"": 60.0, ""face_w"": 60.0, ""margin_depths"": 2.0, ""seed"": 23, ""top"": ""comb"", ""top_depth"": 25.0, ""top_params"": {""jitter"": 0.0, ""pitch"": 6.5, ""wall_bot"": 0.08, ""wall_top"": 0.08}}"
ST_comb-shin_50_s23,stack,comb/shingle,foil + sheet,0.08,23,d100,6.5,50.0,7.6923076923076925,0.03282051282051282,comb,shingle,0.5,-40.0,0.0022550944704562426,0.04999997094273567,"{""backing"": 2.0, ""bot"": ""shingle"", ""bot_depth"": 25.0, ""bot_params"": {""azimuth_mode"": ""grid"", ""jitter"": 0.3, ""pitch"": 5.5, ""plate_t_bot"": 0.1, ""plate_t_top"": 0.1, ""tilt_deg"": 2.0, ""tilt_jitter"": 0.0}, ""face_h"": 60.0, ""face_w"": 60.0, ""margin_depths"": 2.0, ""seed"": 23, ""top"": ""comb"", ""top_depth"": 25.0, ""top_params"": {""jitter"": 0.0, ""pitch"": 6.5, ""wall_bot"": 0.08, ""wall_top"": 0.08}}"
ST_comb-shin_50_s23,stack,comb/shingle,foil + sheet,0.08,23,d100,6.5,50.0,7.6923076923076925,0.03282051282051282,comb,shingle,0.5,20.0,0.0012309574522078037,0.04999997094273567,"{""backing"": 2.0, ""bot"": ""shingle"", ""bot_depth"": 25.0, ""bot_params"": {""azimuth_mode"": ""grid"", ""jitter"": 0.3, ""pitch"": 5.5, ""plate_t_bot"": 0.1, ""plate_t_top"": 0.1, ""tilt_deg"": 2.0, ""tilt_jitter"": 0.0}, ""face_h"": 60.0, ""face_w"": 60.0, ""margin_depths"": 2.0, ""seed"": 23, ""top"": ""comb"", ""top_depth"": 25.0, ""top_params"": {""jitter"": 0.0, ""pitch"": 6.5, ""wall_bot"": 0.08, ""wall_top"": 0.08}}"
ST_comb-shin_50_s23,stack,comb/shingle,foil + sheet,0.08,23,d100,6.5,50.0,7.6923076923076925,0.03282051282051282,comb,shingle,0.5,40.0,0.002190009690821171,0.04999997094273567,"{""backing"": 2.0, ""bot"": ""shingle"", ""bot_depth"": 25.0, ""bot_params"": {""azimuth_mode"": ""grid"", ""jitter"": 0.3, ""pitch"": 5.5, ""plate_t_bot"": 0.1, ""plate_t_top"": 0.1, ""tilt_deg"": 2.0, ""tilt_jitter"": 0.0}, ""face_h"": 60.0, ""face_w"": 60.0, ""margin_depths"": 2.0, ""seed"": 23, ""top"": ""comb"", ""top_depth"": 25.0, ""top_params"": {""jitter"": 0.0, ""pitch"": 6.5, ""wall_bot"": 0.08, ""wall_top"": 0.08}}"
ST_shin-comb_50_s23,stack,shingle/comb,sheet + foil,0.1,23,d00,6.5,50.0,7.6923076923076925,0.03044210510272572,shingle,comb,0.5,0.0,0.0020190945360809565,0.04999997094273567,"{""backing"": 2.0, ""bot"": ""comb"", ""bot_depth"": 25.0, ""bot_params"": {""jitter"": 0.0, ""pitch"": 6.5, ""wall_bot"": 0.08, ""wall_top"": 0.08}, ""face_h"": 60.0, ""face_w"": 60.0, ""margin_depths"": 2.0, ""seed"": 23, ""top"": ""shingle"", ""top_depth"": 25.0, ""top_params"": {""azimuth_mode"": ""grid"", ""jitter"": 0.3, ""pitch"": 5.5, ""plate_t_bot"": 0.1, ""plate_t_top"": 0.1, ""tilt_deg"": 2.0, ""tilt_jitter"": 0.0}}"
ST_shin-comb_50_s23,stack,shingle/comb,sheet + foil,0.1,23,d00,6.5,50.0,7.6923076923076925,0.03044210510272572,shingle,comb,0.5,-20.0,0.0005886784638278186,0.04999997094273567,"{""backing"": 2.0, ""bot"": ""comb"", ""bot_depth"": 25.0, ""bot_params"": {""jitter"": 0.0, ""pitch"": 6.5, ""wall_bot"": 0.08, ""wall_top"": 0.08}, ""face_h"": 60.0, ""face_w"": 60.0, ""margin_depths"": 2.0, ""seed"": 23, ""top"": ""shingle"", ""top_depth"": 25.0, ""top_params"": {""azimuth_mode"": ""grid"", ""jitter"": 0.3, ""pitch"": 5.5, ""plate_t_bot"": 0.1, ""plate_t_top"": 0.1, ""tilt_deg"": 2.0, ""tilt_jitter"": 0.0}}"
ST_shin-comb_50_s23,stack,shingle/comb,sheet + foil,0.1,23,d00,6.5,50.0,7.6923076923076925,0.03044210510272572,shingle,comb,0.5,-40.0,0.0005755216698162258,0.04999997094273567,"{""backing"": 2.0, ""bot"": ""comb"", ""bot_depth"": 25.0, ""bot_params"": {""jitter"": 0.0, ""pitch"": 6.5, ""wall_bot"": 0.08, ""wall_top"": 0.08}, ""face_h"": 60.0, ""face_w"": 60.0, ""margin_depths"": 2.0, ""seed"": 23, ""top"": ""shingle"", ""top_depth"": 25.0, ""top_params"": {""azimuth_mode"": ""grid"", ""jitter"": 0.3, ""pitch"": 5.5, ""plate_t_bot"": 0.1, ""plate_t_top"": 0.1, ""tilt_deg"": 2.0, ""tilt_jitter"": 0.0}}"
ST_shin-comb_50_s23,stack,shingle/comb,sheet + foil,0.1,23,d00,6.5,50.0,7.6923076923076925,0.03044210510272572,shingle,comb,0.5,20.0,0.0005530805792659521,0.04999997094273567,"{""backing"": 2.0, ""bot"": ""comb"", ""bot_depth"": 25.0, ""bot_params"": {""jitter"": 0.0, ""pitch"": 6.5, ""wall_bot"": 0.08, ""wall_top"": 0.08}, ""face_h"": 60.0, ""face_w"": 60.0, ""margin_depths"": 2.0, ""seed"": 23, ""top"": ""shingle"", ""top_depth"": 25.0, ""top_params"": {""azimuth_mode"": ""grid"", ""jitter"": 0.3, ""pitch"": 5.5, ""plate_t_bot"": 0.1, ""plate_t_top"": 0.1, ""tilt_deg"": 2.0, ""tilt_jitter"": 0.0}}"
ST_shin-comb_50_s23,stack,shingle/comb,sheet + foil,0.1,23,d00,6.5,50.0,7.6923076923076925,0.03044210510272572,shingle,comb,0.5,40.0,0.0005495045916177332,0.04999997094273567,"{""backing"": 2.0, ""bot"": ""comb"", ""bot_depth"": 25.0, ""bot_params"": {""jitter"": 0.0, ""pitch"": 6.5, ""wall_bot"": 0.08, ""wall_top"": 0.08}, ""face_h"": 60.0, ""face_w"": 60.0, ""margin_depths"": 2.0, ""seed"": 23, ""top"": ""shingle"", ""top_depth"": 25.0, ""top_params"": {""azimuth_mode"": ""grid"", ""jitter"": 0.3, ""pitch"": 5.5, ""plate_t_bot"": 0.1, ""plate_t_top"": 0.1, ""tilt_deg"": 2.0, ""tilt_jitter"": 0.0}}"
ST_shin-comb_50_s23,stack,shingle/comb,sheet + foil,0.1,23,d76,6.5,50.0,7.6923076923076925,0.03044210510272572,shingle,comb,0.5,0.0,0.0008656620630063117,0.04999997094273567,"{""backing"": 2.0, ""bot"": ""comb"", ""bot_depth"": 25.0, ""bot_params"": {""jitter"": 0.0, ""pitch"": 6.5, ""wall_bot"": 0.08, ""wall_top"": 0.08}, ""face_h"": 60.0, ""face_w"": 60.0, ""margin_depths"": 2.0, ""seed"": 23, ""top"": ""shingle"", ""top_depth"": 25.0, ""top_params"": {""azimuth_mode"": ""grid"", ""jitter"": 0.3, ""pitch"": 5.5, ""plate_t_bot"": 0.1, ""plate_t_top"": 0.1, ""tilt_deg"": 2.0, ""tilt_jitter"": 0.0}}"
ST_shin-comb_50_s23,stack,shingle/comb,sheet + foil,0.1,23,d76,6.5,50.0,7.6923076923076925,0.03044210510272572,shingle,comb,0.5,-20.0,0.0009852754883468151,0.04999997094273567,"{""backing"": 2.0, ""bot"": ""comb"", ""bot_depth"": 25.0, ""bot_params"": {""jitter"": 0.0, ""pitch"": 6.5, ""wall_bot"": 0.08, ""wall_top"": 0.08}, ""face_h"": 60.0, ""face_w"": 60.0, ""margin_depths"": 2.0, ""seed"": 23, ""top"": ""shingle"", ""top_depth"": 25.0, ""top_params"": {""azimuth_mode"": ""grid"", ""jitter"": 0.3, ""pitch"": 5.5, ""plate_t_bot"": 0.1, ""plate_t_top"": 0.1, ""tilt_deg"": 2.0, ""tilt_jitter"": 0.0}}"
ST_shin-comb_50_s23,stack,shingle/comb,sheet + foil,0.1,23,d76,6.5,50.0,7.6923076923076925,0.03044210510272572,shingle,comb,0.5,-40.0,0.0015750119928270578,0.04999997094273567,"{""backing"": 2.0, ""bot"": ""comb"", ""bot_depth"": 25.0, ""bot_params"": {""jitter"": 0.0, ""pitch"": 6.5, ""wall_bot"": 0.08, ""wall_top"": 0.08}, ""face_h"": 60.0, ""face_w"": 60.0, ""margin_depths"": 2.0, ""seed"": 23, ""top"": ""shingle"", ""top_depth"": 25.0, ""top_params"": {""azimuth_mode"": ""grid"", ""jitter"": 0.3, ""pitch"": 5.5, ""plate_t_bot"": 0.1, ""plate_t_top"": 0.1, ""tilt_deg"": 2.0, ""tilt_jitter"": 0.0}}"
ST_shin-comb_50_s23,stack,shingle/comb,sheet + foil,0.1,23,d76,6.5,50.0,7.6923076923076925,0.03044210510272572,shingle,comb,0.5,20.0,0.0011499137617647648,0.04999997094273567,"{""backing"": 2.0, ""bot"": ""comb"", ""bot_depth"": 25.0, ""bot_params"": {""jitter"": 0.0, ""pitch"": 6.5, ""wall_bot"": 0.08, ""wall_top"": 0.08}, ""face_h"": 60.0, ""face_w"": 60.0, ""margin_depths"": 2.0, ""seed"": 23, ""top"": ""shingle"", ""top_depth"": 25.0, ""top_params"": {""azimuth_mode"": ""grid"", ""jitter"": 0.3, ""pitch"": 5.5, ""plate_t_bot"": 0.1, ""plate_t_top"": 0.1, ""tilt_deg"": 2.0, ""tilt_jitter"": 0.0}}"
ST_shin-comb_50_s23,stack,shingle/comb,sheet + foil,0.1,23,d76,6.5,50.0,7.6923076923076925,0.03044210510272572,shingle,comb,0.5,40.0,0.0017628499772399664,0.04999997094273567,"{""backing"": 2.0, ""bot"": ""comb"", ""bot_depth"": 25.0, ""bot_params"": {""jitter"": 0.0, ""pitch"": 6.5, ""wall_bot"": 0.08, ""wall_top"": 0.08}, ""face_h"": 60.0, ""face_w"": 60.0, ""margin_depths"": 2.0, ""seed"": 23, ""top"": ""shingle"", ""top_depth"": 25.0, ""top_params"": {""azimuth_mode"": ""grid"", ""jitter"": 0.3, ""pitch"": 5.5, ""plate_t_bot"": 0.1, ""plate_t_top"": 0.1, ""tilt_deg"": 2.0, ""tilt_jitter"": 0.0}}"
ST_shin-comb_50_s23,stack,shingle/comb,sheet + foil,0.1,23,d100,6.5,50.0,7.6923076923076925,0.03044210510272572,shingle,comb,0.5,0.0,0.0005429241573438048,0.04999997094273567,"{""backing"": 2.0, ""bot"": ""comb"", ""bot_depth"": 25.0, ""bot_params"": {""jitter"": 0.0, ""pitch"": 6.5, ""wall_bot"": 0.08, ""wall_top"": 0.08}, ""face_h"": 60.0, ""face_w"": 60.0, ""margin_depths"": 2.0, ""seed"": 23, ""top"": ""shingle"", ""top_depth"": 25.0, ""top_params"": {""azimuth_mode"": ""grid"", ""jitter"": 0.3, ""pitch"": 5.5, ""plate_t_bot"": 0.1, ""plate_t_top"": 0.1, ""tilt_deg"": 2.0, ""tilt_jitter"": 0.0}}"
ST_shin-comb_50_s23,stack,shingle/comb,sheet + foil,0.1,23,d100,6.5,50.0,7.6923076923076925,0.03044210510272572,shingle,comb,0.5,-20.0,0.0011294180294498801,0.04999997094273567,"{""backing"": 2.0, ""bot"": ""comb"", ""bot_depth"": 25.0, ""bot_params"": {""jitter"": 0.0, ""pitch"": 6.5, ""wall_bot"": 0.08, ""wall_top"": 0.08}, ""face_h"": 60.0, ""face_w"": 60.0, ""margin_depths"": 2.0, ""seed"": 23, ""top"": ""shingle"", ""top_depth"": 25.0, ""top_params"": {""azimuth_mode"": ""grid"", ""jitter"": 0.3, ""pitch"": 5.5, ""plate_t_bot"": 0.1, ""plate_t_top"": 0.1, ""tilt_deg"": 2.0, ""tilt_jitter"": 0.0}}"
ST_shin-comb_50_s23,stack,shingle/comb,sheet + foil,0.1,23,d100,6.5,50.0,7.6923076923076925,0.03044210510272572,shingle,comb,0.5,-40.0,0.0019023420754820108,0.04999997094273567,"{""backing"": 2.0, ""bot"": ""comb"", ""bot_depth"": 25.0, ""bot_params"": {""jitter"": 0.0, ""pitch"": 6.5, ""wall_bot"": 0.08, ""wall_top"": 0.08}, ""face_h"": 60.0, ""face_w"": 60.0, ""margin_depths"": 2.0, ""seed"": 23, ""top"": ""shingle"", ""top_depth"": 25.0, ""top_params"": {""azimuth_mode"": ""grid"", ""jitter"": 0.3, ""pitch"": 5.5, ""plate_t_bot"": 0.1, ""plate_t_top"": 0.1, ""tilt_deg"": 2.0, ""tilt_jitter"": 0.0}}"
ST_shin-comb_50_s23,stack,shingle/comb,sheet + foil,0.1,23,d100,6.5,50.0,7.6923076923076925,0.03044210510272572,shingle,comb,0.5,20.0,0.0013521822402253747,0.04999997094273567,"{""backing"": 2.0, ""bot"": ""comb"", ""bot_depth"": 25.0, ""bot_params"": {""jitter"": 0.0, ""pitch"": 6.5, ""wall_bot"": 0.08, ""wall_top"": 0.08}, ""face_h"": 60.0, ""face_w"": 60.0, ""margin_depths"": 2.0, ""seed"": 23, ""top"": ""shingle"", ""top_depth"": 25.0, ""top_params"": {""azimuth_mode"": ""grid"", ""jitter"": 0.3, ""pitch"": 5.5, ""plate_t_bot"": 0.1, ""plate_t_top"": 0.1, ""tilt_deg"": 2.0, ""tilt_jitter"": 0.0}}"
ST_shin-comb_50_s23,stack,shingle/comb,sheet + foil,0.1,23,d100,6.5,50.0,7.6923076923076925,0.03044210510272572,shingle,comb,0.5,40.0,0.0021649168338626623,0.04999997094273567,"{""backing"": 2.0, ""bot"": ""comb"", ""bot_depth"": 25.0, ""bot_params"": {""jitter"": 0.0, ""pitch"": 6.5, ""wall_bot"": 0.08, ""wall_top"": 0.08}, ""face_h"": 60.0, ""face_w"": 60.0, ""margin_depths"": 2.0, ""seed"": 23, ""top"": ""shingle"", ""top_depth"": 25.0, ""top_params"": {""azimuth_mode"": ""grid"", ""jitter"": 0.3, ""pitch"": 5.5, ""plate_t_bot"": 0.1, ""plate_t_top"": 0.1, ""tilt_deg"": 2.0, ""tilt_jitter"": 0.0}}"
ST_cone-comb_25_s23,stack,cone/comb,mould + foil,0.4,23,d00,6.5,50.0,7.6923076923076925,0.00479682476491694,cone,comb,0.25,0.0,0.003226970322430134,0.04999997094273567,"{""backing"": 2.0, ""bot"": ""comb"", ""bot_depth"": 37.5, ""bot_params"": {""jitter"": 0.0, ""pitch"": 6.5, ""wall_bot"": 0.08, ""wall_top"": 0.08}, ""face_h"": 60.0, ""face_w"": 60.0, ""margin_depths"": 2.0, ""seed"": 23, ""top"": ""cone"", ""top_depth"": 12.5, ""top_params"": {""depth_jitter"": 0.0, ""height_seg"": 12, ""jitter"": 0.3, ""pitch"": 5.5, ""profile_power"": 1.0, ""radial_seg"": 24, ""tip_radius"": 0.2}}"
ST_cone-comb_25_s23,stack,cone/comb,mould + foil,0.4,23,d00,6.5,50.0,7.6923076923076925,0.00479682476491694,cone,comb,0.25,-20.0,0.0037305415607988834,0.04999997094273567,"{""backing"": 2.0, ""bot"": ""comb"", ""bot_depth"": 37.5, ""bot_params"": {""jitter"": 0.0, ""pitch"": 6.5, ""wall_bot"": 0.08, ""wall_top"": 0.08}, ""face_h"": 60.0, ""face_w"": 60.0, ""margin_depths"": 2.0, ""seed"": 23, ""top"": ""cone"", ""top_depth"": 12.5, ""top_params"": {""depth_jitter"": 0.0, ""height_seg"": 12, ""jitter"": 0.3, ""pitch"": 5.5, ""profile_power"": 1.0, ""radial_seg"": 24, ""tip_radius"": 0.2}}"
ST_cone-comb_25_s23,stack,cone/comb,mould + foil,0.4,23,d00,6.5,50.0,7.6923076923076925,0.00479682476491694,cone,comb,0.25,-40.0,0.004337253514677286,0.04999997094273567,"{""backing"": 2.0, ""bot"": ""comb"", ""bot_depth"": 37.5, ""bot_params"": {""jitter"": 0.0, ""pitch"": 6.5, ""wall_bot"": 0.08, ""wall_top"": 0.08}, ""face_h"": 60.0, ""face_w"": 60.0, ""margin_depths"": 2.0, ""seed"": 23, ""top"": ""cone"", ""top_depth"": 12.5, ""top_params"": {""depth_jitter"": 0.0, ""height_seg"": 12, ""jitter"": 0.3, ""pitch"": 5.5, ""profile_power"": 1.0, ""radial_seg"": 24, ""tip_radius"": 0.2}}"
ST_cone-comb_25_s23,stack,cone/comb,mould + foil,0.4,23,d00,6.5,50.0,7.6923076923076925,0.00479682476491694,cone,comb,0.25,20.0,0.003670918056741357,0.04999997094273567,"{""backing"": 2.0, ""bot"": ""comb"", ""bot_depth"": 37.5, ""bot_params"": {""jitter"": 0.0, ""pitch"": 6.5, ""wall_bot"": 0.08, ""wall_top"": 0.08}, ""face_h"": 60.0, ""face_w"": 60.0, ""margin_depths"": 2.0, ""seed"": 23, ""top"": ""cone"", ""top_depth"": 12.5, ""top_params"": {""depth_jitter"": 0.0, ""height_seg"": 12, ""jitter"": 0.3, ""pitch"": 5.5, ""profile_power"": 1.0, ""radial_seg"": 24, ""tip_radius"": 0.2}}"
ST_cone-comb_25_s23,stack,cone/comb,mould + foil,0.4,23,d00,6.5,50.0,7.6923076923076925,0.00479682476491694,cone,comb,0.25,40.0,0.004232109524309635,0.04999997094273567,"{""backing"": 2.0, ""bot"": ""comb"", ""bot_depth"": 37.5, ""bot_params"": {""jitter"": 0.0, ""pitch"": 6.5, ""wall_bot"": 0.08, ""wall_top"": 0.08}, ""face_h"": 60.0, ""face_w"": 60.0, ""margin_depths"": 2.0, ""seed"": 23, ""top"": ""cone"", ""top_depth"": 12.5, ""top_params"": {""depth_jitter"": 0.0, ""height_seg"": 12, ""jitter"": 0.3, ""pitch"": 5.5, ""profile_power"": 1.0, ""radial_seg"": 24, ""tip_radius"": 0.2}}"
ST_cone-comb_25_s23,stack,cone/comb,mould + foil,0.4,23,d76,6.5,50.0,7.6923076923076925,0.00479682476491694,cone,comb,0.25,0.0,0.0029933813493698835,0.04999997094273567,"{""backing"": 2.0, ""bot"": ""comb"", ""bot_depth"": 37.5, ""bot_params"": {""jitter"": 0.0, ""pitch"": 6.5, ""wall_bot"": 0.08, ""wall_top"": 0.08}, ""face_h"": 60.0, ""face_w"": 60.0, ""margin_depths"": 2.0, ""seed"": 23, ""top"": ""cone"", ""top_depth"": 12.5, ""top_params"": {""depth_jitter"": 0.0, ""height_seg"": 12, ""jitter"": 0.3, ""pitch"": 5.5, ""profile_power"": 1.0, ""radial_seg"": 24, ""tip_radius"": 0.2}}"
ST_cone-comb_25_s23,stack,cone/comb,mould + foil,0.4,23,d76,6.5,50.0,7.6923076923076925,0.00479682476491694,cone,comb,0.25,-20.0,0.0030847457237541676,0.04999997094273567,"{""backing"": 2.0, ""bot"": ""comb"", ""bot_depth"": 37.5, ""bot_params"": {""jitter"": 0.0, ""pitch"": 6.5, ""wall_bot"": 0.08, ""wall_top"": 0.08}, ""face_h"": 60.0, ""face_w"": 60.0, ""margin_depths"": 2.0, ""seed"": 23, ""top"": ""cone"", ""top_depth"": 12.5, ""top_params"": {""depth_jitter"": 0.0, ""height_seg"": 12, ""jitter"": 0.3, ""pitch"": 5.5, ""profile_power"": 1.0, ""radial_seg"": 24, ""tip_radius"": 0.2}}"
ST_cone-comb_25_s23,stack,cone/comb,mould + foil,0.4,23,d76,6.5,50.0,7.6923076923076925,0.00479682476491694,cone,comb,0.25,-40.0,0.0035425955429673195,0.04999997094273567,"{""backing"": 2.0, ""bot"": ""comb"", ""bot_depth"": 37.5, ""bot_params"": {""jitter"": 0.0, ""pitch"": 6.5, ""wall_bot"": 0.08, ""wall_top"": 0.08}, ""face_h"": 60.0, ""face_w"": 60.0, ""margin_depths"": 2.0, ""seed"": 23, ""top"": ""cone"", ""top_depth"": 12.5, ""top_params"": {""depth_jitter"": 0.0, ""height_seg"": 12, ""jitter"": 0.3, ""pitch"": 5.5, ""profile_power"": 1.0, ""radial_seg"": 24, ""tip_radius"": 0.2}}"
ST_cone-comb_25_s23,stack,cone/comb,mould + foil,0.4,23,d76,6.5,50.0,7.6923076923076925,0.00479682476491694,cone,comb,0.25,20.0,0.0030615979339927435,0.04999997094273567,"{""backing"": 2.0, ""bot"": ""comb"", ""bot_depth"": 37.5, ""bot_params"": {""jitter"": 0.0, ""pitch"": 6.5, ""wall_bot"": 0.08, ""wall_top"": 0.08}, ""face_h"": 60.0, ""face_w"": 60.0, ""margin_depths"": 2.0, ""seed"": 23, ""top"": ""cone"", ""top_depth"": 12.5, ""top_params"": {""depth_jitter"": 0.0, ""height_seg"": 12, ""jitter"": 0.3, ""pitch"": 5.5, ""profile_power"": 1.0, ""radial_seg"": 24, ""tip_radius"": 0.2}}"
ST_cone-comb_25_s23,stack,cone/comb,mould + foil,0.4,23,d76,6.5,50.0,7.6923076923076925,0.00479682476491694,cone,comb,0.25,40.0,0.0035428067203611135,0.04999997094273567,"{""backing"": 2.0, ""bot"": ""comb"", ""bot_depth"": 37.5, ""bot_params"": {""jitter"": 0.0, ""pitch"": 6.5, ""wall_bot"": 0.08, ""wall_top"": 0.08}, ""face_h"": 60.0, ""face_w"": 60.0, ""margin_depths"": 2.0, ""seed"": 23, ""top"": ""cone"", ""top_depth"": 12.5, ""top_params"": {""depth_jitter"": 0.0, ""height_seg"": 12, ""jitter"": 0.3, ""pitch"": 5.5, ""profile_power"": 1.0, ""radial_seg"": 24, ""tip_radius"": 0.2}}"
ST_cone-comb_25_s23,stack,cone/comb,mould + foil,0.4,23,d100,6.5,50.0,7.6923076923076925,0.00479682476491694,cone,comb,0.25,0.0,0.0032239302527159452,0.04999997094273567,"{""backing"": 2.0, ""bot"": ""comb"", ""bot_depth"": 37.5, ""bot_params"": {""jitter"": 0.0, ""pitch"": 6.5, ""wall_bot"": 0.08, ""wall_top"": 0.08}, ""face_h"": 60.0, ""face_w"": 60.0, ""margin_depths"": 2.0, ""seed"": 23, ""top"": ""cone"", ""top_depth"": 12.5, ""top_params"": {""depth_jitter"": 0.0, ""height_seg"": 12, ""jitter"": 0.3, ""pitch"": 5.5, ""profile_power"": 1.0, ""radial_seg"": 24, ""tip_radius"": 0.2}}"
ST_cone-comb_25_s23,stack,cone/comb,mould + foil,0.4,23,d100,6.5,50.0,7.6923076923076925,0.00479682476491694,cone,comb,0.25,-20.0,0.0032594541553407907,0.04999997094273567,"{""backing"": 2.0, ""bot"": ""comb"", ""bot_depth"": 37.5, ""bot_params"": {""jitter"": 0.0, ""pitch"": 6.5, ""wall_bot"": 0.08, ""wall_top"": 0.08}, ""face_h"": 60.0, ""face_w"": 60.0, ""margin_depths"": 2.0, ""seed"": 23, ""top"": ""cone"", ""top_depth"": 12.5, ""top_params"": {""depth_jitter"": 0.0, ""height_seg"": 12, ""jitter"": 0.3, ""pitch"": 5.5, ""profile_power"": 1.0, ""radial_seg"": 24, ""tip_radius"": 0.2}}"
ST_cone-comb_25_s23,stack,cone/comb,mould + foil,0.4,23,d100,6.5,50.0,7.6923076923076925,0.00479682476491694,cone,comb,0.25,-40.0,0.0037390771321952343,0.04999997094273567,"{""backing"": 2.0, ""bot"": ""comb"", ""bot_depth"": 37.5, ""bot_params"": {""jitter"": 0.0, ""pitch"": 6.5, ""wall_bot"": 0.08, ""wall_top"": 0.08}, ""face_h"": 60.0, ""face_w"": 60.0, ""margin_depths"": 2.0, ""seed"": 23, ""top"": ""cone"", ""top_depth"": 12.5, ""top_params"": {""depth_jitter"": 0.0, ""height_seg"": 12, ""jitter"": 0.3, ""pitch"": 5.5, ""profile_power"": 1.0, ""radial_seg"": 24, ""tip_radius"": 0.2}}"
ST_cone-comb_25_s23,stack,cone/comb,mould + foil,0.4,23,d100,6.5,50.0,7.6923076923076925,0.00479682476491694,cone,comb,0.25,20.0,0.003230622736737132,0.04999997094273567,"{""backing"": 2.0, ""bot"": ""comb"", ""bot_depth"": 37.5, ""bot_params"": {""jitter"": 0.0, ""pitch"": 6.5, ""wall_bot"": 0.08, ""wall_top"": 0.08}, ""face_h"": 60.0, ""face_w"": 60.0, ""margin_depths"": 2.0, ""seed"": 23, ""top"": ""cone"", ""top_depth"": 12.5, ""top_params"": {""depth_jitter"": 0.0, ""height_seg"": 12, ""jitter"": 0.3, ""pitch"": 5.5, ""profile_power"": 1.0, ""radial_seg"": 24, ""tip_radius"": 0.2}}"
ST_cone-comb_25_s23,stack,cone/comb,mould + foil,0.4,23,d100,6.5,50.0,7.6923076923076925,0.00479682476491694,cone,comb,0.25,40.0,0.003719364758580923,0.04999997094273567,"{""backing"": 2.0, ""bot"": ""comb"", ""bot_depth"": 37.5, ""bot_params"": {""jitter"": 0.0, ""pitch"": 6.5, ""wall_bot"": 0.08, ""wall_top"": 0.08}, ""face_h"": 60.0, ""face_w"": 60.0, ""margin_depths"": 2.0, ""seed"": 23, ""top"": ""cone"", ""top_depth"": 12.5, ""top_params"": {""depth_jitter"": 0.0, ""height_seg"": 12, ""jitter"": 0.3, ""pitch"": 5.5, ""profile_power"": 1.0, ""radial_seg"": 24, ""tip_radius"": 0.2}}"
ST_comb-cone_25_s23,stack,comb/cone,foil + mould,0.08,23,d00,6.5,50.0,7.6923076923076925,0.03282051282051282,comb,cone,0.25,0.0,0.0005578784621320665,0.04999997094273567,"{""backing"": 2.0, ""bot"": ""cone"", ""bot_depth"": 37.5, ""bot_params"": {""depth_jitter"": 0.0, ""height_seg"": 12, ""jitter"": 0.3, ""pitch"": 5.5, ""profile_power"": 1.0, ""radial_seg"": 24, ""tip_radius"": 0.2}, ""face_h"": 60.0, ""face_w"": 60.0, ""margin_depths"": 2.0, ""seed"": 23, ""top"": ""comb"", ""top_depth"": 12.5, ""top_params"": {""jitter"": 0.0, ""pitch"": 6.5, ""wall_bot"": 0.08, ""wall_top"": 0.08}}"
ST_comb-cone_25_s23,stack,comb/cone,foil + mould,0.08,23,d00,6.5,50.0,7.6923076923076925,0.03282051282051282,comb,cone,0.25,-20.0,0.0004877383471466601,0.04999997094273567,"{""backing"": 2.0, ""bot"": ""cone"", ""bot_depth"": 37.5, ""bot_params"": {""depth_jitter"": 0.0, ""height_seg"": 12, ""jitter"": 0.3, ""pitch"": 5.5, ""profile_power"": 1.0, ""radial_seg"": 24, ""tip_radius"": 0.2}, ""face_h"": 60.0, ""face_w"": 60.0, ""margin_depths"": 2.0, ""seed"": 23, ""top"": ""comb"", ""top_depth"": 12.5, ""top_params"": {""jitter"": 0.0, ""pitch"": 6.5, ""wall_bot"": 0.08, ""wall_top"": 0.08}}"
ST_comb-cone_25_s23,stack,comb/cone,foil + mould,0.08,23,d00,6.5,50.0,7.6923076923076925,0.03282051282051282,comb,cone,0.25,-40.0,0.00044057975173927844,0.04999997094273567,"{""backing"": 2.0, ""bot"": ""cone"", ""bot_depth"": 37.5, ""bot_params"": {""depth_jitter"": 0.0, ""height_seg"": 12, ""jitter"": 0.3, ""pitch"": 5.5, ""profile_power"": 1.0, ""radial_seg"": 24, ""tip_radius"": 0.2}, ""face_h"": 60.0, ""face_w"": 60.0, ""margin_depths"": 2.0, ""seed"": 23, ""top"": ""comb"", ""top_depth"": 12.5, ""top_params"": {""jitter"": 0.0, ""pitch"": 6.5, ""wall_bot"": 0.08, ""wall_top"": 0.08}}"
ST_comb-cone_25_s23,stack,comb/cone,foil + mould,0.08,23,d00,6.5,50.0,7.6923076923076925,0.03282051282051282,comb,cone,0.25,20.0,0.0004967846325598657,0.04999997094273567,"{""backing"": 2.0, ""bot"": ""cone"", ""bot_depth"": 37.5, ""bot_params"": {""depth_jitter"": 0.0, ""height_seg"": 12, ""jitter"": 0.3, ""pitch"": 5.5, ""profile_power"": 1.0, ""radial_seg"": 24, ""tip_radius"": 0.2}, ""face_h"": 60.0, ""face_w"": 60.0, ""margin_depths"": 2.0, ""seed"": 23, ""top"": ""comb"", ""top_depth"": 12.5, ""top_params"": {""jitter"": 0.0, ""pitch"": 6.5, ""wall_bot"": 0.08, ""wall_top"": 0.08}}"
ST_comb-cone_25_s23,stack,comb/cone,foil + mould,0.08,23,d00,6.5,50.0,7.6923076923076925,0.03282051282051282,comb,cone,0.25,40.0,0.00044355049612931907,0.04999997094273567,"{""backing"": 2.0, ""bot"": ""cone"", ""bot_depth"": 37.5, ""bot_params"": {""depth_jitter"": 0.0, ""height_seg"": 12, ""jitter"": 0.3, ""pitch"": 5.5, ""profile_power"": 1.0, ""radial_seg"": 24, ""tip_radius"": 0.2}, ""face_h"": 60.0, ""face_w"": 60.0, ""margin_depths"": 2.0, ""seed"": 23, ""top"": ""comb"", ""top_depth"": 12.5, ""top_params"": {""jitter"": 0.0, ""pitch"": 6.5, ""wall_bot"": 0.08, ""wall_top"": 0.08}}"
ST_comb-cone_25_s23,stack,comb/cone,foil + mould,0.08,23,d76,6.5,50.0,7.6923076923076925,0.03282051282051282,comb,cone,0.25,0.0,0.00041721182060427964,0.04999997094273567,"{""backing"": 2.0, ""bot"": ""cone"", ""bot_depth"": 37.5, ""bot_params"": {""depth_jitter"": 0.0, ""height_seg"": 12, ""jitter"": 0.3, ""pitch"": 5.5, ""profile_power"": 1.0, ""radial_seg"": 24, ""tip_radius"": 0.2}, ""face_h"": 60.0, ""face_w"": 60.0, ""margin_depths"": 2.0, ""seed"": 23, ""top"": ""comb"", ""top_depth"": 12.5, ""top_params"": {""jitter"": 0.0, ""pitch"": 6.5, ""wall_bot"": 0.08, ""wall_top"": 0.08}}"
ST_comb-cone_25_s23,stack,comb/cone,foil + mould,0.08,23,d76,6.5,50.0,7.6923076923076925,0.03282051282051282,comb,cone,0.25,-20.0,0.0010627490701153874,0.04999997094273567,"{""backing"": 2.0, ""bot"": ""cone"", ""bot_depth"": 37.5, ""bot_params"": {""depth_jitter"": 0.0, ""height_seg"": 12, ""jitter"": 0.3, ""pitch"": 5.5, ""profile_power"": 1.0, ""radial_seg"": 24, ""tip_radius"": 0.2}, ""face_h"": 60.0, ""face_w"": 60.0, ""margin_depths"": 2.0, ""seed"": 23, ""top"": ""comb"", ""top_depth"": 12.5, ""top_params"": {""jitter"": 0.0, ""pitch"": 6.5, ""wall_bot"": 0.08, ""wall_top"": 0.08}}"
ST_comb-cone_25_s23,stack,comb/cone,foil + mould,0.08,23,d76,6.5,50.0,7.6923076923076925,0.03282051282051282,comb,cone,0.25,-40.0,0.0017627652268856764,0.04999997094273567,"{""backing"": 2.0, ""bot"": ""cone"", ""bot_depth"": 37.5, ""bot_params"": {""depth_jitter"": 0.0, ""height_seg"": 12, ""jitter"": 0.3, ""pitch"": 5.5, ""profile_power"": 1.0, ""radial_seg"": 24, ""tip_radius"": 0.2}, ""face_h"": 60.0, ""face_w"": 60.0, ""margin_depths"": 2.0, ""seed"": 23, ""top"": ""comb"", ""top_depth"": 12.5, ""top_params"": {""jitter"": 0.0, ""pitch"": 6.5, ""wall_bot"": 0.08, ""wall_top"": 0.08}}"
ST_comb-cone_25_s23,stack,comb/cone,foil + mould,0.08,23,d76,6.5,50.0,7.6923076923076925,0.03282051282051282,comb,cone,0.25,20.0,0.001129276235587895,0.04999997094273567,"{""backing"": 2.0, ""bot"": ""cone"", ""bot_depth"": 37.5, ""bot_params"": {""depth_jitter"": 0.0, ""height_seg"": 12, ""jitter"": 0.3, ""pitch"": 5.5, ""profile_power"": 1.0, ""radial_seg"": 24, ""tip_radius"": 0.2}, ""face_h"": 60.0, ""face_w"": 60.0, ""margin_depths"": 2.0, ""seed"": 23, ""top"": ""comb"", ""top_depth"": 12.5, ""top_params"": {""jitter"": 0.0, ""pitch"": 6.5, ""wall_bot"": 0.08, ""wall_top"": 0.08}}"
ST_comb-cone_25_s23,stack,comb/cone,foil + mould,0.08,23,d76,6.5,50.0,7.6923076923076925,0.03282051282051282,comb,cone,0.25,40.0,0.0018363966373726726,0.04999997094273567,"{""backing"": 2.0, ""bot"": ""cone"", ""bot_depth"": 37.5, ""bot_params"": {""depth_jitter"": 0.0, ""height_seg"": 12, ""jitter"": 0.3, ""pitch"": 5.5, ""profile_power"": 1.0, ""radial_seg"": 24, ""tip_radius"": 0.2}, ""face_h"": 60.0, ""face_w"": 60.0, ""margin_depths"": 2.0, ""seed"": 23, ""top"": ""comb"", ""top_depth"": 12.5, ""top_params"": {""jitter"": 0.0, ""pitch"": 6.5, ""wall_bot"": 0.08, ""wall_top"": 0.08}}"
ST_comb-cone_25_s23,stack,comb/cone,foil + mould,0.08,23,d100,6.5,50.0,7.6923076923076925,0.03282051282051282,comb,cone,0.25,0.0,0.0003910027735400945,0.04999997094273567,"{""backing"": 2.0, ""bot"": ""cone"", ""bot_depth"": 37.5, ""bot_params"": {""depth_jitter"": 0.0, ""height_seg"": 12, ""jitter"": 0.3, ""pitch"": 5.5, ""profile_power"": 1.0, ""radial_seg"": 24, ""tip_radius"": 0.2}, ""face_h"": 60.0, ""face_w"": 60.0, ""margin_depths"": 2.0, ""seed"": 23, ""top"": ""comb"", ""top_depth"": 12.5, ""top_params"": {""jitter"": 0.0, ""pitch"": 6.5, ""wall_bot"": 0.08, ""wall_top"": 0.08}}"
ST_comb-cone_25_s23,stack,comb/cone,foil + mould,0.08,23,d100,6.5,50.0,7.6923076923076925,0.03282051282051282,comb,cone,0.25,-20.0,0.0012458409182727337,0.04999997094273567,"{""backing"": 2.0, ""bot"": ""cone"", ""bot_depth"": 37.5, ""bot_params"": {""depth_jitter"": 0.0, ""height_seg"": 12, ""jitter"": 0.3, ""pitch"": 5.5, ""profile_power"": 1.0, ""radial_seg"": 24, ""tip_radius"": 0.2}, ""face_h"": 60.0, ""face_w"": 60.0, ""margin_depths"": 2.0, ""seed"": 23, ""top"": ""comb"", ""top_depth"": 12.5, ""top_params"": {""jitter"": 0.0, ""pitch"": 6.5, ""wall_bot"": 0.08, ""wall_top"": 0.08}}"
ST_comb-cone_25_s23,stack,comb/cone,foil + mould,0.08,23,d100,6.5,50.0,7.6923076923076925,0.03282051282051282,comb,cone,0.25,-40.0,0.0021856066305190325,0.04999997094273567,"{""backing"": 2.0, ""bot"": ""cone"", ""bot_depth"": 37.5, ""bot_params"": {""depth_jitter"": 0.0, ""height_seg"": 12, ""jitter"": 0.3, ""pitch"": 5.5, ""profile_power"": 1.0, ""radial_seg"": 24, ""tip_radius"": 0.2}, ""face_h"": 60.0, ""face_w"": 60.0, ""margin_depths"": 2.0, ""seed"": 23, ""top"": ""comb"", ""top_depth"": 12.5, ""top_params"": {""jitter"": 0.0, ""pitch"": 6.5, ""wall_bot"": 0.08, ""wall_top"": 0.08}}"
ST_comb-cone_25_s23,stack,comb/cone,foil + mould,0.08,23,d100,6.5,50.0,7.6923076923076925,0.03282051282051282,comb,cone,0.25,20.0,0.0013414747081696987,0.04999997094273567,"{""backing"": 2.0, ""bot"": ""cone"", ""bot_depth"": 37.5, ""bot_params"": {""depth_jitter"": 0.0, ""height_seg"": 12, ""jitter"": 0.3, ""pitch"": 5.5, ""profile_power"": 1.0, ""radial_seg"": 24, ""tip_radius"": 0.2}, ""face_h"": 60.0, ""face_w"": 60.0, ""margin_depths"": 2.0, ""seed"": 23, ""top"": ""comb"", ""top_depth"": 12.5, ""top_params"": {""jitter"": 0.0, ""pitch"": 6.5, ""wall_bot"": 0.08, ""wall_top"": 0.08}}"
ST_comb-cone_25_s23,stack,comb/cone,foil + mould,0.08,23,d100,6.5,50.0,7.6923076923076925,0.03282051282051282,comb,cone,0.25,40.0,0.0022829503286629915,0.04999997094273567,"{""backing"": 2.0, ""bot"": ""cone"", ""bot_depth"": 37.5, ""bot_params"": {""depth_jitter"": 0.0, ""height_seg"": 12, ""jitter"": 0.3, ""pitch"": 5.5, ""profile_power"": 1.0, ""radial_seg"": 24, ""tip_radius"": 0.2}, ""face_h"": 60.0, ""face_w"": 60.0, ""margin_depths"": 2.0, ""seed"": 23, ""top"": ""comb"", ""top_depth"": 12.5, ""top_params"": {""jitter"": 0.0, ""pitch"": 6.5, ""wall_bot"": 0.08, ""wall_top"": 0.08}}"
ST_cone-comb_75_s23,stack,cone/comb,mould + foil,0.4,23,d00,6.5,50.0,7.6923076923076925,0.00479682476491694,cone,comb,0.75,0.0,0.001976523082703352,0.04999997094273567,"{""backing"": 2.0, ""bot"": ""comb"", ""bot_depth"": 12.5, ""bot_params"": {""jitter"": 0.0, ""pitch"": 6.5, ""wall_bot"": 0.08, ""wall_top"": 0.08}, ""face_h"": 60.0, ""face_w"": 60.0, ""margin_depths"": 2.0, ""seed"": 23, ""top"": ""cone"", ""top_depth"": 37.5, ""top_params"": {""depth_jitter"": 0.0, ""height_seg"": 12, ""jitter"": 0.3, ""pitch"": 5.5, ""profile_power"": 1.0, ""radial_seg"": 24, ""tip_radius"": 0.2}}"
ST_cone-comb_75_s23,stack,cone/comb,mould + foil,0.4,23,d00,6.5,50.0,7.6923076923076925,0.00479682476491694,cone,comb,0.75,-20.0,0.001485967542976141,0.04999997094273567,"{""backing"": 2.0, ""bot"": ""comb"", ""bot_depth"": 12.5, ""bot_params"": {""jitter"": 0.0, ""pitch"": 6.5, ""wall_bot"": 0.08, ""wall_top"": 0.08}, ""face_h"": 60.0, ""face_w"": 60.0, ""margin_depths"": 2.0, ""seed"": 23, ""top"": ""cone"", ""top_depth"": 37.5, ""top_params"": {""depth_jitter"": 0.0, ""height_seg"": 12, ""jitter"": 0.3, ""pitch"": 5.5, ""profile_power"": 1.0, ""radial_seg"": 24, ""tip_radius"": 0.2}}"
ST_cone-comb_75_s23,stack,cone/comb,mould + foil,0.4,23,d00,6.5,50.0,7.6923076923076925,0.00479682476491694,cone,comb,0.75,-40.0,0.00226728618144989,0.04999997094273567,"{""backing"": 2.0, ""bot"": ""comb"", ""bot_depth"": 12.5, ""bot_params"": {""jitter"": 0.0, ""pitch"": 6.5, ""wall_bot"": 0.08, ""wall_top"": 0.08}, ""face_h"": 60.0, ""face_w"": 60.0, ""margin_depths"": 2.0, ""seed"": 23, ""top"": ""cone"", ""top_depth"": 37.5, ""top_params"": {""depth_jitter"": 0.0, ""height_seg"": 12, ""jitter"": 0.3, ""pitch"": 5.5, ""profile_power"": 1.0, ""radial_seg"": 24, ""tip_radius"": 0.2}}"
ST_cone-comb_75_s23,stack,cone/comb,mould + foil,0.4,23,d00,6.5,50.0,7.6923076923076925,0.00479682476491694,cone,comb,0.75,20.0,0.0015377302188426256,0.04999997094273567,"{""backing"": 2.0, ""bot"": ""comb"", ""bot_depth"": 12.5, ""bot_params"": {""jitter"": 0.0, ""pitch"": 6.5, ""wall_bot"": 0.08, ""wall_top"": 0.08}, ""face_h"": 60.0, ""face_w"": 60.0, ""margin_depths"": 2.0, ""seed"": 23, ""top"": ""cone"", ""top_depth"": 37.5, ""top_params"": {""depth_jitter"": 0.0, ""height_seg"": 12, ""jitter"": 0.3, ""pitch"": 5.5, ""profile_power"": 1.0, ""radial_seg"": 24, ""tip_radius"": 0.2}}"
ST_cone-comb_75_s23,stack,cone/comb,mould + foil,0.4,23,d00,6.5,50.0,7.6923076923076925,0.00479682476491694,cone,comb,0.75,40.0,0.002363261766731739,0.04999997094273567,"{""backing"": 2.0, ""bot"": ""comb"", ""bot_depth"": 12.5, ""bot_params"": {""jitter"": 0.0, ""pitch"": 6.5, ""wall_bot"": 0.08, ""wall_top"": 0.08}, ""face_h"": 60.0, ""face_w"": 60.0, ""margin_depths"": 2.0, ""seed"": 23, ""top"": ""cone"", ""top_depth"": 37.5, ""top_params"": {""depth_jitter"": 0.0, ""height_seg"": 12, ""jitter"": 0.3, ""pitch"": 5.5, ""profile_power"": 1.0, ""radial_seg"": 24, ""tip_radius"": 0.2}}"
ST_cone-comb_75_s23,stack,cone/comb,mould + foil,0.4,23,d76,6.5,50.0,7.6923076923076925,0.00479682476491694,cone,comb,0.75,0.0,0.0012704748660326004,0.04999997094273567,"{""backing"": 2.0, ""bot"": ""comb"", ""bot_depth"": 12.5, ""bot_params"": {""jitter"": 0.0, ""pitch"": 6.5, ""wall_bot"": 0.08, ""wall_top"": 0.08}, ""face_h"": 60.0, ""face_w"": 60.0, ""margin_depths"": 2.0, ""seed"": 23, ""top"": ""cone"", ""top_depth"": 37.5, ""top_params"": {""depth_jitter"": 0.0, ""height_seg"": 12, ""jitter"": 0.3, ""pitch"": 5.5, ""profile_power"": 1.0, ""radial_seg"": 24, ""tip_radius"": 0.2}}"
ST_cone-comb_75_s23,stack,cone/comb,mould + foil,0.4,23,d76,6.5,50.0,7.6923076923076925,0.00479682476491694,cone,comb,0.75,-20.0,0.0014993551885709167,0.04999997094273567,"{""backing"": 2.0, ""bot"": ""comb"", ""bot_depth"": 12.5, ""bot_params"": {""jitter"": 0.0, ""pitch"": 6.5, ""wall_bot"": 0.08, ""wall_top"": 0.08}, ""face_h"": 60.0, ""face_w"": 60.0, ""margin_depths"": 2.0, ""seed"": 23, ""top"": ""cone"", ""top_depth"": 37.5, ""top_params"": {""depth_jitter"": 0.0, ""height_seg"": 12, ""jitter"": 0.3, ""pitch"": 5.5, ""profile_power"": 1.0, ""radial_seg"": 24, ""tip_radius"": 0.2}}"
ST_cone-comb_75_s23,stack,cone/comb,mould + foil,0.4,23,d76,6.5,50.0,7.6923076923076925,0.00479682476491694,cone,comb,0.75,-40.0,0.002123128157109022,0.04999997094273567,"{""backing"": 2.0, ""bot"": ""comb"", ""bot_depth"": 12.5, ""bot_params"": {""jitter"": 0.0, ""pitch"": 6.5, ""wall_bot"": 0.08, ""wall_top"": 0.08}, ""face_h"": 60.0, ""face_w"": 60.0, ""margin_depths"": 2.0, ""seed"": 23, ""top"": ""cone"", ""top_depth"": 37.5, ""top_params"": {""depth_jitter"": 0.0, ""height_seg"": 12, ""jitter"": 0.3, ""pitch"": 5.5, ""profile_power"": 1.0, ""radial_seg"": 24, ""tip_radius"": 0.2}}"
ST_cone-comb_75_s23,stack,cone/comb,mould + foil,0.4,23,d76,6.5,50.0,7.6923076923076925,0.00479682476491694,cone,comb,0.75,20.0,0.0015259097563102841,0.04999997094273567,"{""backing"": 2.0, ""bot"": ""comb"", ""bot_depth"": 12.5, ""bot_params"": {""jitter"": 0.0, ""pitch"": 6.5, ""wall_bot"": 0.08, ""wall_top"": 0.08}, ""face_h"": 60.0, ""face_w"": 60.0, ""margin_depths"": 2.0, ""seed"": 23, ""top"": ""cone"", ""top_depth"": 37.5, ""top_params"": {""depth_jitter"": 0.0, ""height_seg"": 12, ""jitter"": 0.3, ""pitch"": 5.5, ""profile_power"": 1.0, ""radial_seg"": 24, ""tip_radius"": 0.2}}"
ST_cone-comb_75_s23,stack,cone/comb,mould + foil,0.4,23,d76,6.5,50.0,7.6923076923076925,0.00479682476491694,cone,comb,0.75,40.0,0.0022263878490775824,0.04999997094273567,"{""backing"": 2.0, ""bot"": ""comb"", ""bot_depth"": 12.5, ""bot_params"": {""jitter"": 0.0, ""pitch"": 6.5, ""wall_bot"": 0.08, ""wall_top"": 0.08}, ""face_h"": 60.0, ""face_w"": 60.0, ""margin_depths"": 2.0, ""seed"": 23, ""top"": ""cone"", ""top_depth"": 37.5, ""top_params"": {""depth_jitter"": 0.0, ""height_seg"": 12, ""jitter"": 0.3, ""pitch"": 5.5, ""profile_power"": 1.0, ""radial_seg"": 24, ""tip_radius"": 0.2}}"
ST_cone-comb_75_s23,stack,cone/comb,mould + foil,0.4,23,d100,6.5,50.0,7.6923076923076925,0.00479682476491694,cone,comb,0.75,0.0,0.0011584425810724497,0.04999997094273567,"{""backing"": 2.0, ""bot"": ""comb"", ""bot_depth"": 12.5, ""bot_params"": {""jitter"": 0.0, ""pitch"": 6.5, ""wall_bot"": 0.08, ""wall_top"": 0.08}, ""face_h"": 60.0, ""face_w"": 60.0, ""margin_depths"": 2.0, ""seed"": 23, ""top"": ""cone"", ""top_depth"": 37.5, ""top_params"": {""depth_jitter"": 0.0, ""height_seg"": 12, ""jitter"": 0.3, ""pitch"": 5.5, ""profile_power"": 1.0, ""radial_seg"": 24, ""tip_radius"": 0.2}}"
ST_cone-comb_75_s23,stack,cone/comb,mould + foil,0.4,23,d100,6.5,50.0,7.6923076923076925,0.00479682476491694,cone,comb,0.75,-20.0,0.0016250653425231576,0.04999997094273567,"{""backing"": 2.0, ""bot"": ""comb"", ""bot_depth"": 12.5, ""bot_params"": {""jitter"": 0.0, ""pitch"": 6.5, ""wall_bot"": 0.08, ""wall_top"": 0.08}, ""face_h"": 60.0, ""face_w"": 60.0, ""margin_depths"": 2.0, ""seed"": 23, ""top"": ""cone"", ""top_depth"": 37.5, ""top_params"": {""depth_jitter"": 0.0, ""height_seg"": 12, ""jitter"": 0.3, ""pitch"": 5.5, ""profile_power"": 1.0, ""radial_seg"": 24, ""tip_radius"": 0.2}}"
ST_cone-comb_75_s23,stack,cone/comb,mould + foil,0.4,23,d100,6.5,50.0,7.6923076923076925,0.00479682476491694,cone,comb,0.75,-40.0,0.002309434348717332,0.04999997094273567,"{""backing"": 2.0, ""bot"": ""comb"", ""bot_depth"": 12.5, ""bot_params"": {""jitter"": 0.0, ""pitch"": 6.5, ""wall_bot"": 0.08, ""wall_top"": 0.08}, ""face_h"": 60.0, ""face_w"": 60.0, ""margin_depths"": 2.0, ""seed"": 23, ""top"": ""cone"", ""top_depth"": 37.5, ""top_params"": {""depth_jitter"": 0.0, ""height_seg"": 12, ""jitter"": 0.3, ""pitch"": 5.5, ""profile_power"": 1.0, ""radial_seg"": 24, ""tip_radius"": 0.2}}"
ST_cone-comb_75_s23,stack,cone/comb,mould + foil,0.4,23,d100,6.5,50.0,7.6923076923076925,0.00479682476491694,cone,comb,0.75,20.0,0.0016453990247100592,0.04999997094273567,"{""backing"": 2.0, ""bot"": ""comb"", ""bot_depth"": 12.5, ""bot_params"": {""jitter"": 0.0, ""pitch"": 6.5, ""wall_bot"": 0.08, ""wall_top"": 0.08}, ""face_h"": 60.0, ""face_w"": 60.0, ""margin_depths"": 2.0, ""seed"": 23, ""top"": ""cone"", ""top_depth"": 37.5, ""top_params"": {""depth_jitter"": 0.0, ""height_seg"": 12, ""jitter"": 0.3, ""pitch"": 5.5, ""profile_power"": 1.0, ""radial_seg"": 24, ""tip_radius"": 0.2}}"
ST_cone-comb_75_s23,stack,cone/comb,mould + foil,0.4,23,d100,6.5,50.0,7.6923076923076925,0.00479682476491694,cone,comb,0.75,40.0,0.0023694185074418783,0.04999997094273567,"{""backing"": 2.0, ""bot"": ""comb"", ""bot_depth"": 12.5, ""bot_params"": {""jitter"": 0.0, ""pitch"": 6.5, ""wall_bot"": 0.08, ""wall_top"": 0.08}, ""face_h"": 60.0, ""face_w"": 60.0, ""margin_depths"": 2.0, ""seed"": 23, ""top"": ""cone"", ""top_depth"": 37.5, ""top_params"": {""depth_jitter"": 0.0, ""height_seg"": 12, ""jitter"": 0.3, ""pitch"": 5.5, ""profile_power"": 1.0, ""radial_seg"": 24, ""tip_radius"": 0.2}}"
ST_comb-cone_75_s23,stack,comb/cone,foil + mould,0.08,23,d00,6.5,50.0,7.6923076923076925,0.03282051282051282,comb,cone,0.75,0.0,0.00037458655424416065,0.04999997094273567,"{""backing"": 2.0, ""bot"": ""cone"", ""bot_depth"": 12.5, ""bot_params"": {""depth_jitter"": 0.0, ""height_seg"": 12, ""jitter"": 0.3, ""pitch"": 5.5, ""profile_power"": 1.0, ""radial_seg"": 24, ""tip_radius"": 0.2}, ""face_h"": 60.0, ""face_w"": 60.0, ""margin_depths"": 2.0, ""seed"": 23, ""top"": ""comb"", ""top_depth"": 37.5, ""top_params"": {""jitter"": 0.0, ""pitch"": 6.5, ""wall_bot"": 0.08, ""wall_top"": 0.08}}"
ST_comb-cone_75_s23,stack,comb/cone,foil + mould,0.08,23,d00,6.5,50.0,7.6923076923076925,0.03282051282051282,comb,cone,0.75,-20.0,0.00046369709889404476,0.04999997094273567,"{""backing"": 2.0, ""bot"": ""cone"", ""bot_depth"": 12.5, ""bot_params"": {""depth_jitter"": 0.0, ""height_seg"": 12, ""jitter"": 0.3, ""pitch"": 5.5, ""profile_power"": 1.0, ""radial_seg"": 24, ""tip_radius"": 0.2}, ""face_h"": 60.0, ""face_w"": 60.0, ""margin_depths"": 2.0, ""seed"": 23, ""top"": ""comb"", ""top_depth"": 37.5, ""top_params"": {""jitter"": 0.0, ""pitch"": 6.5, ""wall_bot"": 0.08, ""wall_top"": 0.08}}"
ST_comb-cone_75_s23,stack,comb/cone,foil + mould,0.08,23,d00,6.5,50.0,7.6923076923076925,0.03282051282051282,comb,cone,0.75,-40.0,0.00045317725744098425,0.04999997094273567,"{""backing"": 2.0, ""bot"": ""cone"", ""bot_depth"": 12.5, ""bot_params"": {""depth_jitter"": 0.0, ""height_seg"": 12, ""jitter"": 0.3, ""pitch"": 5.5, ""profile_power"": 1.0, ""radial_seg"": 24, ""tip_radius"": 0.2}, ""face_h"": 60.0, ""face_w"": 60.0, ""margin_depths"": 2.0, ""seed"": 23, ""top"": ""comb"", ""top_depth"": 37.5, ""top_params"": {""jitter"": 0.0, ""pitch"": 6.5, ""wall_bot"": 0.08, ""wall_top"": 0.08}}"
ST_comb-cone_75_s23,stack,comb/cone,foil + mould,0.08,23,d00,6.5,50.0,7.6923076923076925,0.03282051282051282,comb,cone,0.75,20.0,0.0004785034398082644,0.04999997094273567,"{""backing"": 2.0, ""bot"": ""cone"", ""bot_depth"": 12.5, ""bot_params"": {""depth_jitter"": 0.0, ""height_seg"": 12, ""jitter"": 0.3, ""pitch"": 5.5, ""profile_power"": 1.0, ""radial_seg"": 24, ""tip_radius"": 0.2}, ""face_h"": 60.0, ""face_w"": 60.0, ""margin_depths"": 2.0, ""seed"": 23, ""top"": ""comb"", ""top_depth"": 37.5, ""top_params"": {""jitter"": 0.0, ""pitch"": 6.5, ""wall_bot"": 0.08, ""wall_top"": 0.08}}"
ST_comb-cone_75_s23,stack,comb/cone,foil + mould,0.08,23,d00,6.5,50.0,7.6923076923076925,0.03282051282051282,comb,cone,0.75,40.0,0.0004560097004286945,0.04999997094273567,"{""backing"": 2.0, ""bot"": ""cone"", ""bot_depth"": 12.5, ""bot_params"": {""depth_jitter"": 0.0, ""height_seg"": 12, ""jitter"": 0.3, ""pitch"": 5.5, ""profile_power"": 1.0, ""radial_seg"": 24, ""tip_radius"": 0.2}, ""face_h"": 60.0, ""face_w"": 60.0, ""margin_depths"": 2.0, ""seed"": 23, ""top"": ""comb"", ""top_depth"": 37.5, ""top_params"": {""jitter"": 0.0, ""pitch"": 6.5, ""wall_bot"": 0.08, ""wall_top"": 0.08}}"
ST_comb-cone_75_s23,stack,comb/cone,foil + mould,0.08,23,d76,6.5,50.0,7.6923076923076925,0.03282051282051282,comb,cone,0.75,0.0,0.00035148978349752724,0.04999997094273567,"{""backing"": 2.0, ""bot"": ""cone"", ""bot_depth"": 12.5, ""bot_params"": {""depth_jitter"": 0.0, ""height_seg"": 12, ""jitter"": 0.3, ""pitch"": 5.5, ""profile_power"": 1.0, ""radial_seg"": 24, ""tip_radius"": 0.2}, ""face_h"": 60.0, ""face_w"": 60.0, ""margin_depths"": 2.0, ""seed"": 23, ""top"": ""comb"", ""top_depth"": 37.5, ""top_params"": {""jitter"": 0.0, ""pitch"": 6.5, ""wall_bot"": 0.08, ""wall_top"": 0.08}}"
ST_comb-cone_75_s23,stack,comb/cone,foil + mould,0.08,23,d76,6.5,50.0,7.6923076923076925,0.03282051282051282,comb,cone,0.75,-20.0,0.0010810884414240718,0.04999997094273567,"{""backing"": 2.0, ""bot"": ""cone"", ""bot_depth"": 12.5, ""bot_params"": {""depth_jitter"": 0.0, ""height_seg"": 12, ""jitter"": 0.3, ""pitch"": 5.5, ""profile_power"": 1.0, ""radial_seg"": 24, ""tip_radius"": 0.2}, ""face_h"": 60.0, ""face_w"": 60.0, ""margin_depths"": 2.0, ""seed"": 23, ""top"": ""comb"", ""top_depth"": 37.5, ""top_params"": {""jitter"": 0.0, ""pitch"": 6.5, ""wall_bot"": 0.08, ""wall_top"": 0.08}}"
ST_comb-cone_75_s23,stack,comb/cone,foil + mould,0.08,23,d76,6.5,50.0,7.6923076923076925,0.03282051282051282,comb,cone,0.75,-40.0,0.0017921756953001022,0.04999997094273567,"{""backing"": 2.0, ""bot"": ""cone"", ""bot_depth"": 12.5, ""bot_params"": {""depth_jitter"": 0.0, ""height_seg"": 12, ""jitter"": 0.3, ""pitch"": 5.5, ""profile_power"": 1.0, ""radial_seg"": 24, ""tip_radius"": 0.2}, ""face_h"": 60.0, ""face_w"": 60.0, ""margin_depths"": 2.0, ""seed"": 23, ""top"": ""comb"", ""top_depth"": 37.5, ""top_params"": {""jitter"": 0.0, ""pitch"": 6.5, ""wall_bot"": 0.08, ""wall_top"": 0.08}}"
ST_comb-cone_75_s23,stack,comb/cone,foil + mould,0.08,23,d76,6.5,50.0,7.6923076923076925,0.03282051282051282,comb,cone,0.75,20.0,0.0011411510640755296,0.04999997094273567,"{""backing"": 2.0, ""bot"": ""cone"", ""bot_depth"": 12.5, ""bot_params"": {""depth_jitter"": 0.0, ""height_seg"": 12, ""jitter"": 0.3, ""pitch"": 5.5, ""profile_power"": 1.0, ""radial_seg"": 24, ""tip_radius"": 0.2}, ""face_h"": 60.0, ""face_w"": 60.0, ""margin_depths"": 2.0, ""seed"": 23, ""top"": ""comb"", ""top_depth"": 37.5, ""top_params"": {""jitter"": 0.0, ""pitch"": 6.5, ""wall_bot"": 0.08, ""wall_top"": 0.08}}"
ST_comb-cone_75_s23,stack,comb/cone,foil + mould,0.08,23,d76,6.5,50.0,7.6923076923076925,0.03282051282051282,comb,cone,0.75,40.0,0.0018415063386783004,0.04999997094273567,"{""backing"": 2.0, ""bot"": ""cone"", ""bot_depth"": 12.5, ""bot_params"": {""depth_jitter"": 0.0, ""height_seg"": 12, ""jitter"": 0.3, ""pitch"": 5.5, ""profile_power"": 1.0, ""radial_seg"": 24, ""tip_radius"": 0.2}, ""face_h"": 60.0, ""face_w"": 60.0, ""margin_depths"": 2.0, ""seed"": 23, ""top"": ""comb"", ""top_depth"": 37.5, ""top_params"": {""jitter"": 0.0, ""pitch"": 6.5, ""wall_bot"": 0.08, ""wall_top"": 0.08}}"
ST_comb-cone_75_s23,stack,comb/cone,foil + mould,0.08,23,d100,6.5,50.0,7.6923076923076925,0.03282051282051282,comb,cone,0.75,0.0,0.00035374643630348146,0.04999997094273567,"{""backing"": 2.0, ""bot"": ""cone"", ""bot_depth"": 12.5, ""bot_params"": {""depth_jitter"": 0.0, ""height_seg"": 12, ""jitter"": 0.3, ""pitch"": 5.5, ""profile_power"": 1.0, ""radial_seg"": 24, ""tip_radius"": 0.2}, ""face_h"": 60.0, ""face_w"": 60.0, ""margin_depths"": 2.0, ""seed"": 23, ""top"": ""comb"", ""top_depth"": 37.5, ""top_params"": {""jitter"": 0.0, ""pitch"": 6.5, ""wall_bot"": 0.08, ""wall_top"": 0.08}}"
ST_comb-cone_75_s23,stack,comb/cone,foil + mould,0.08,23,d100,6.5,50.0,7.6923076923076925,0.03282051282051282,comb,cone,0.75,-20.0,0.0012850824277848005,0.04999997094273567,"{""backing"": 2.0, ""bot"": ""cone"", ""bot_depth"": 12.5, ""bot_params"": {""depth_jitter"": 0.0, ""height_seg"": 12, ""jitter"": 0.3, ""pitch"": 5.5, ""profile_power"": 1.0, ""radial_seg"": 24, ""tip_radius"": 0.2}, ""face_h"": 60.0, ""face_w"": 60.0, ""margin_depths"": 2.0, ""seed"": 23, ""top"": ""comb"", ""top_depth"": 37.5, ""top_params"": {""jitter"": 0.0, ""pitch"": 6.5, ""wall_bot"": 0.08, ""wall_top"": 0.08}}"
ST_comb-cone_75_s23,stack,comb/cone,foil + mould,0.08,23,d100,6.5,50.0,7.6923076923076925,0.03282051282051282,comb,cone,0.75,-40.0,0.002222116570919752,0.04999997094273567,"{""backing"": 2.0, ""bot"": ""cone"", ""bot_depth"": 12.5, ""bot_params"": {""depth_jitter"": 0.0, ""height_seg"": 12, ""jitter"": 0.3, ""pitch"": 5.5, ""profile_power"": 1.0, ""radial_seg"": 24, ""tip_radius"": 0.2}, ""face_h"": 60.0, ""face_w"": 60.0, ""margin_depths"": 2.0, ""seed"": 23, ""top"": ""comb"", ""top_depth"": 37.5, ""top_params"": {""jitter"": 0.0, ""pitch"": 6.5, ""wall_bot"": 0.08, ""wall_top"": 0.08}}"
ST_comb-cone_75_s23,stack,comb/cone,foil + mould,0.08,23,d100,6.5,50.0,7.6923076923076925,0.03282051282051282,comb,cone,0.75,20.0,0.0013646893203258514,0.04999997094273567,"{""backing"": 2.0, ""bot"": ""cone"", ""bot_depth"": 12.5, ""bot_params"": {""depth_jitter"": 0.0, ""height_seg"": 12, ""jitter"": 0.3, ""pitch"": 5.5, ""profile_power"": 1.0, ""radial_seg"": 24, ""tip_radius"": 0.2}, ""face_h"": 60.0, ""face_w"": 60.0, ""margin_depths"": 2.0, ""seed"": 23, ""top"": ""comb"", ""top_depth"": 37.5, ""top_params"": {""jitter"": 0.0, ""pitch"": 6.5, ""wall_bot"": 0.08, ""wall_top"": 0.08}}"
ST_comb-cone_75_s23,stack,comb/cone,foil + mould,0.08,23,d100,6.5,50.0,7.6923076923076925,0.03282051282051282,comb,cone,0.75,40.0,0.0022868537344038486,0.04999997094273567,"{""backing"": 2.0, ""bot"": ""cone"", ""bot_depth"": 12.5, ""bot_params"": {""depth_jitter"": 0.0, ""height_seg"": 12, ""jitter"": 0.3, ""pitch"": 5.5, ""profile_power"": 1.0, ""radial_seg"": 24, ""tip_radius"": 0.2}, ""face_h"": 60.0, ""face_w"": 60.0, ""margin_depths"": 2.0, ""seed"": 23, ""top"": ""comb"", ""top_depth"": 37.5, ""top_params"": {""jitter"": 0.0, ""pitch"": 6.5, ""wall_bot"": 0.08, ""wall_top"": 0.08}}"
ST_comb-cone_50_s101,stack,comb/cone,foil + mould,0.08,101,d00,6.5,50.0,7.6923076923076925,0.03282051282051282,comb,cone,0.5,0.0,0.00041369066457264125,0.04999997094273567,"{""backing"": 2.0, ""bot"": ""cone"", ""bot_depth"": 25.0, ""bot_params"": {""depth_jitter"": 0.0, ""height_seg"": 12, ""jitter"": 0.3, ""pitch"": 5.5, ""profile_power"": 1.0, ""radial_seg"": 24, ""tip_radius"": 0.2}, ""face_h"": 60.0, ""face_w"": 60.0, ""margin_depths"": 2.0, ""seed"": 101, ""top"": ""comb"", ""top_depth"": 25.0, ""top_params"": {""jitter"": 0.0, ""pitch"": 6.5, ""wall_bot"": 0.08, ""wall_top"": 0.08}}"
ST_comb-cone_50_s101,stack,comb/cone,foil + mould,0.08,101,d00,6.5,50.0,7.6923076923076925,0.03282051282051282,comb,cone,0.5,-20.0,0.0004573081969283521,0.04999997094273567,"{""backing"": 2.0, ""bot"": ""cone"", ""bot_depth"": 25.0, ""bot_params"": {""depth_jitter"": 0.0, ""height_seg"": 12, ""jitter"": 0.3, ""pitch"": 5.5, ""profile_power"": 1.0, ""radial_seg"": 24, ""tip_radius"": 0.2}, ""face_h"": 60.0, ""face_w"": 60.0, ""margin_depths"": 2.0, ""seed"": 101, ""top"": ""comb"", ""top_depth"": 25.0, ""top_params"": {""jitter"": 0.0, ""pitch"": 6.5, ""wall_bot"": 0.08, ""wall_top"": 0.08}}"
ST_comb-cone_50_s101,stack,comb/cone,foil + mould,0.08,101,d00,6.5,50.0,7.6923076923076925,0.03282051282051282,comb,cone,0.5,-40.0,0.0004406434891279787,0.04999997094273567,"{""backing"": 2.0, ""bot"": ""cone"", ""bot_depth"": 25.0, ""bot_params"": {""depth_jitter"": 0.0, ""height_seg"": 12, ""jitter"": 0.3, ""pitch"": 5.5, ""profile_power"": 1.0, ""radial_seg"": 24, ""tip_radius"": 0.2}, ""face_h"": 60.0, ""face_w"": 60.0, ""margin_depths"": 2.0, ""seed"": 101, ""top"": ""comb"", ""top_depth"": 25.0, ""top_params"": {""jitter"": 0.0, ""pitch"": 6.5, ""wall_bot"": 0.08, ""wall_top"": 0.08}}"
ST_comb-cone_50_s101,stack,comb/cone,foil + mould,0.08,101,d00,6.5,50.0,7.6923076923076925,0.03282051282051282,comb,cone,0.5,20.0,0.0004531700978986919,0.04999997094273567,"{""backing"": 2.0, ""bot"": ""cone"", ""bot_depth"": 25.0, ""bot_params"": {""depth_jitter"": 0.0, ""height_seg"": 12, ""jitter"": 0.3, ""pitch"": 5.5, ""profile_power"": 1.0, ""radial_seg"": 24, ""tip_radius"": 0.2}, ""face_h"": 60.0, ""face_w"": 60.0, ""margin_depths"": 2.0, ""seed"": 101, ""top"": ""comb"", ""top_depth"": 25.0, ""top_params"": {""jitter"": 0.0, ""pitch"": 6.5, ""wall_bot"": 0.08, ""wall_top"": 0.08}}"
ST_comb-cone_50_s101,stack,comb/cone,foil + mould,0.08,101,d00,6.5,50.0,7.6923076923076925,0.03282051282051282,comb,cone,0.5,40.0,0.00044132809853181243,0.04999997094273567,"{""backing"": 2.0, ""bot"": ""cone"", ""bot_depth"": 25.0, ""bot_params"": {""depth_jitter"": 0.0, ""height_seg"": 12, ""jitter"": 0.3, ""pitch"": 5.5, ""profile_power"": 1.0, ""radial_seg"": 24, ""tip_radius"": 0.2}, ""face_h"": 60.0, ""face_w"": 60.0, ""margin_depths"": 2.0, ""seed"": 101, ""top"": ""comb"", ""top_depth"": 25.0, ""top_params"": {""jitter"": 0.0, ""pitch"": 6.5, ""wall_bot"": 0.08, ""wall_top"": 0.08}}"
ST_comb-cone_50_s101,stack,comb/cone,foil + mould,0.08,101,d76,6.5,50.0,7.6923076923076925,0.03282051282051282,comb,cone,0.5,0.0,0.00035974965430796146,0.04999997094273567,"{""backing"": 2.0, ""bot"": ""cone"", ""bot_depth"": 25.0, ""bot_params"": {""depth_jitter"": 0.0, ""height_seg"": 12, ""jitter"": 0.3, ""pitch"": 5.5, ""profile_power"": 1.0, ""radial_seg"": 24, ""tip_radius"": 0.2}, ""face_h"": 60.0, ""face_w"": 60.0, ""margin_depths"": 2.0, ""seed"": 101, ""top"": ""comb"", ""top_depth"": 25.0, ""top_params"": {""jitter"": 0.0, ""pitch"": 6.5, ""wall_bot"": 0.08, ""wall_top"": 0.08}}"
ST_comb-cone_50_s101,stack,comb/cone,foil + mould,0.08,101,d76,6.5,50.0,7.6923076923076925,0.03282051282051282,comb,cone,0.5,-20.0,0.0010809951927512884,0.04999997094273567,"{""backing"": 2.0, ""bot"": ""cone"", ""bot_depth"": 25.0, ""bot_params"": {""depth_jitter"": 0.0, ""height_seg"": 12, ""jitter"": 0.3, ""pitch"": 5.5, ""profile_power"": 1.0, ""radial_seg"": 24, ""tip_radius"": 0.2}, ""face_h"": 60.0, ""face_w"": 60.0, ""margin_depths"": 2.0, ""seed"": 101, ""top"": ""comb"", ""top_depth"": 25.0, ""top_params"": {""jitter"": 0.0, ""pitch"": 6.5, ""wall_bot"": 0.08, ""wall_top"": 0.08}}"
ST_comb-cone_50_s101,stack,comb/cone,foil + mould,0.08,101,d76,6.5,50.0,7.6923076923076925,0.03282051282051282,comb,cone,0.5,-40.0,0.0018168423557654023,0.04999997094273567,"{""backing"": 2.0, ""bot"": ""cone"", ""bot_depth"": 25.0, ""bot_params"": {""depth_jitter"": 0.0, ""height_seg"": 12, ""jitter"": 0.3, ""pitch"": 5.5, ""profile_power"": 1.0, ""radial_seg"": 24, ""tip_radius"": 0.2}, ""face_h"": 60.0, ""face_w"": 60.0, ""margin_depths"": 2.0, ""seed"": 101, ""top"": ""comb"", ""top_depth"": 25.0, ""top_params"": {""jitter"": 0.0, ""pitch"": 6.5, ""wall_bot"": 0.08, ""wall_top"": 0.08}}"
ST_comb-cone_50_s101,stack,comb/cone,foil + mould,0.08,101,d76,6.5,50.0,7.6923076923076925,0.03282051282051282,comb,cone,0.5,20.0,0.0010377642465755343,0.04999997094273567,"{""backing"": 2.0, ""bot"": ""cone"", ""bot_depth"": 25.0, ""bot_params"": {""depth_jitter"": 0.0, ""height_seg"": 12, ""jitter"": 0.3, ""pitch"": 5.5, ""profile_power"": 1.0, ""radial_seg"": 24, ""tip_radius"": 0.2}, ""face_h"": 60.0, ""face_w"": 60.0, ""margin_depths"": 2.0, ""seed"": 101, ""top"": ""comb"", ""top_depth"": 25.0, ""top_params"": {""jitter"": 0.0, ""pitch"": 6.5, ""wall_bot"": 0.08, ""wall_top"": 0.08}}"
ST_comb-cone_50_s101,stack,comb/cone,foil + mould,0.08,101,d76,6.5,50.0,7.6923076923076925,0.03282051282051282,comb,cone,0.5,40.0,0.0017648973735049367,0.04999997094273567,"{""backing"": 2.0, ""bot"": ""cone"", ""bot_depth"": 25.0, ""bot_params"": {""depth_jitter"": 0.0, ""height_seg"": 12, ""jitter"": 0.3, ""pitch"": 5.5, ""profile_power"": 1.0, ""radial_seg"": 24, ""tip_radius"": 0.2}, ""face_h"": 60.0, ""face_w"": 60.0, ""margin_depths"": 2.0, ""seed"": 101, ""top"": ""comb"", ""top_depth"": 25.0, ""top_params"": {""jitter"": 0.0, ""pitch"": 6.5, ""wall_bot"": 0.08, ""wall_top"": 0.08}}"
ST_comb-cone_50_s101,stack,comb/cone,foil + mould,0.08,101,d100,6.5,50.0,7.6923076923076925,0.03282051282051282,comb,cone,0.5,0.0,0.00034927824162878096,0.04999997094273567,"{""backing"": 2.0, ""bot"": ""cone"", ""bot_depth"": 25.0, ""bot_params"": {""depth_jitter"": 0.0, ""height_seg"": 12, ""jitter"": 0.3, ""pitch"": 5.5, ""profile_power"": 1.0, ""radial_seg"": 24, ""tip_radius"": 0.2}, ""face_h"": 60.0, ""face_w"": 60.0, ""margin_depths"": 2.0, ""seed"": 101, ""top"": ""comb"", ""top_depth"": 25.0, ""top_params"": {""jitter"": 0.0, ""pitch"": 6.5, ""wall_bot"": 0.08, ""wall_top"": 0.08}}"
ST_comb-cone_50_s101,stack,comb/cone,foil + mould,0.08,101,d100,6.5,50.0,7.6923076923076925,0.03282051282051282,comb,cone,0.5,-20.0,0.001295904628932476,0.04999997094273567,"{""backing"": 2.0, ""bot"": ""cone"", ""bot_depth"": 25.0, ""bot_params"": {""depth_jitter"": 0.0, ""height_seg"": 12, ""jitter"": 0.3, ""pitch"": 5.5, ""profile_power"": 1.0, ""radial_seg"": 24, ""tip_radius"": 0.2}, ""face_h"": 60.0, ""face_w"": 60.0, ""margin_depths"": 2.0, ""seed"": 101, ""top"": ""comb"", ""top_depth"": 25.0, ""top_params"": {""jitter"": 0.0, ""pitch"": 6.5, ""wall_bot"": 0.08, ""wall_top"": 0.08}}"
ST_comb-cone_50_s101,stack,comb/cone,foil + mould,0.08,101,d100,6.5,50.0,7.6923076923076925,0.03282051282051282,comb,cone,0.5,-40.0,0.002255144529044628,0.04999997094273567,"{""backing"": 2.0, ""bot"": ""cone"", ""bot_depth"": 25.0, ""bot_params"": {""depth_jitter"": 0.0, ""height_seg"": 12, ""jitter"": 0.3, ""pitch"": 5.5, ""profile_power"": 1.0, ""radial_seg"": 24, ""tip_radius"": 0.2}, ""face_h"": 60.0, ""face_w"": 60.0, ""margin_depths"": 2.0, ""seed"": 101, ""top"": ""comb"", ""top_depth"": 25.0, ""top_params"": {""jitter"": 0.0, ""pitch"": 6.5, ""wall_bot"": 0.08, ""wall_top"": 0.08}}"
ST_comb-cone_50_s101,stack,comb/cone,foil + mould,0.08,101,d100,6.5,50.0,7.6923076923076925,0.03282051282051282,comb,cone,0.5,20.0,0.0012309132143855095,0.04999997094273567,"{""backing"": 2.0, ""bot"": ""cone"", ""bot_depth"": 25.0, ""bot_params"": {""depth_jitter"": 0.0, ""height_seg"": 12, ""jitter"": 0.3, ""pitch"": 5.5, ""profile_power"": 1.0, ""radial_seg"": 24, ""tip_radius"": 0.2}, ""face_h"": 60.0, ""face_w"": 60.0, ""margin_depths"": 2.0, ""seed"": 101, ""top"": ""comb"", ""top_depth"": 25.0, ""top_params"": {""jitter"": 0.0, ""pitch"": 6.5, ""wall_bot"": 0.08, ""wall_top"": 0.08}}"
ST_comb-cone_50_s101,stack,comb/cone,foil + mould,0.08,101,d100,6.5,50.0,7.6923076923076925,0.03282051282051282,comb,cone,0.5,40.0,0.0021900080610066652,0.04999997094273567,"{""backing"": 2.0, ""bot"": ""cone"", ""bot_depth"": 25.0, ""bot_params"": {""depth_jitter"": 0.0, ""height_seg"": 12, ""jitter"": 0.3, ""pitch"": 5.5, ""profile_power"": 1.0, ""radial_seg"": 24, ""tip_radius"": 0.2}, ""face_h"": 60.0, ""face_w"": 60.0, ""margin_depths"": 2.0, ""seed"": 101, ""top"": ""comb"", ""top_depth"": 25.0, ""top_params"": {""jitter"": 0.0, ""pitch"": 6.5, ""wall_bot"": 0.08, ""wall_top"": 0.08}}"
ST_cone-comb_50_s101,stack,cone/comb,mould + foil,0.4,101,d00,6.5,50.0,7.6923076923076925,0.00479682476491694,cone,comb,0.5,0.0,0.0022584518883377314,0.04999997094273567,"{""backing"": 2.0, ""bot"": ""comb"", ""bot_depth"": 25.0, ""bot_params"": {""jitter"": 0.0, ""pitch"": 6.5, ""wall_bot"": 0.08, ""wall_top"": 0.08}, ""face_h"": 60.0, ""face_w"": 60.0, ""margin_depths"": 2.0, ""seed"": 101, ""top"": ""cone"", ""top_depth"": 25.0, ""top_params"": {""depth_jitter"": 0.0, ""height_seg"": 12, ""jitter"": 0.3, ""pitch"": 5.5, ""profile_power"": 1.0, ""radial_seg"": 24, ""tip_radius"": 0.2}}"
ST_cone-comb_50_s101,stack,cone/comb,mould + foil,0.4,101,d00,6.5,50.0,7.6923076923076925,0.00479682476491694,cone,comb,0.5,-20.0,0.0018817306263372302,0.04999997094273567,"{""backing"": 2.0, ""bot"": ""comb"", ""bot_depth"": 25.0, ""bot_params"": {""jitter"": 0.0, ""pitch"": 6.5, ""wall_bot"": 0.08, ""wall_top"": 0.08}, ""face_h"": 60.0, ""face_w"": 60.0, ""margin_depths"": 2.0, ""seed"": 101, ""top"": ""cone"", ""top_depth"": 25.0, ""top_params"": {""depth_jitter"": 0.0, ""height_seg"": 12, ""jitter"": 0.3, ""pitch"": 5.5, ""profile_power"": 1.0, ""radial_seg"": 24, ""tip_radius"": 0.2}}"
ST_cone-comb_50_s101,stack,cone/comb,mould + foil,0.4,101,d00,6.5,50.0,7.6923076923076925,0.00479682476491694,cone,comb,0.5,-40.0,0.0025198408402502537,0.04999997094273567,"{""backing"": 2.0, ""bot"": ""comb"", ""bot_depth"": 25.0, ""bot_params"": {""jitter"": 0.0, ""pitch"": 6.5, ""wall_bot"": 0.08, ""wall_top"": 0.08}, ""face_h"": 60.0, ""face_w"": 60.0, ""margin_depths"": 2.0, ""seed"": 101, ""top"": ""cone"", ""top_depth"": 25.0, ""top_params"": {""depth_jitter"": 0.0, ""height_seg"": 12, ""jitter"": 0.3, ""pitch"": 5.5, ""profile_power"": 1.0, ""radial_seg"": 24, ""tip_radius"": 0.2}}"
ST_cone-comb_50_s101,stack,cone/comb,mould + foil,0.4,101,d00,6.5,50.0,7.6923076923076925,0.00479682476491694,cone,comb,0.5,20.0,0.001899368711747229,0.04999997094273567,"{""backing"": 2.0, ""bot"": ""comb"", ""bot_depth"": 25.0, ""bot_params"": {""jitter"": 0.0, ""pitch"": 6.5, ""wall_bot"": 0.08, ""wall_top"": 0.08}, ""face_h"": 60.0, ""face_w"": 60.0, ""margin_depths"": 2.0, ""seed"": 101, ""top"": ""cone"", ""top_depth"": 25.0, ""top_params"": {""depth_jitter"": 0.0, ""height_seg"": 12, ""jitter"": 0.3, ""pitch"": 5.5, ""profile_power"": 1.0, ""radial_seg"": 24, ""tip_radius"": 0.2}}"
ST_cone-comb_50_s101,stack,cone/comb,mould + foil,0.4,101,d00,6.5,50.0,7.6923076923076925,0.00479682476491694,cone,comb,0.5,40.0,0.0025318278931081295,0.04999997094273567,"{""backing"": 2.0, ""bot"": ""comb"", ""bot_depth"": 25.0, ""bot_params"": {""jitter"": 0.0, ""pitch"": 6.5, ""wall_bot"": 0.08, ""wall_top"": 0.08}, ""face_h"": 60.0, ""face_w"": 60.0, ""margin_depths"": 2.0, ""seed"": 101, ""top"": ""cone"", ""top_depth"": 25.0, ""top_params"": {""depth_jitter"": 0.0, ""height_seg"": 12, ""jitter"": 0.3, ""pitch"": 5.5, ""profile_power"": 1.0, ""radial_seg"": 24, ""tip_radius"": 0.2}}"
ST_cone-comb_50_s101,stack,cone/comb,mould + foil,0.4,101,d76,6.5,50.0,7.6923076923076925,0.00479682476491694,cone,comb,0.5,0.0,0.0017290530959144235,0.04999997094273567,"{""backing"": 2.0, ""bot"": ""comb"", ""bot_depth"": 25.0, ""bot_params"": {""jitter"": 0.0, ""pitch"": 6.5, ""wall_bot"": 0.08, ""wall_top"": 0.08}, ""face_h"": 60.0, ""face_w"": 60.0, ""margin_depths"": 2.0, ""seed"": 101, ""top"": ""cone"", ""top_depth"": 25.0, ""top_params"": {""depth_jitter"": 0.0, ""height_seg"": 12, ""jitter"": 0.3, ""pitch"": 5.5, ""profile_power"": 1.0, ""radial_seg"": 24, ""tip_radius"": 0.2}}"
ST_cone-comb_50_s101,stack,cone/comb,mould + foil,0.4,101,d76,6.5,50.0,7.6923076923076925,0.00479682476491694,cone,comb,0.5,-20.0,0.001832125592045486,0.04999997094273567,"{""backing"": 2.0, ""bot"": ""comb"", ""bot_depth"": 25.0, ""bot_params"": {""jitter"": 0.0, ""pitch"": 6.5, ""wall_bot"": 0.08, ""wall_top"": 0.08}, ""face_h"": 60.0, ""face_w"": 60.0, ""margin_depths"": 2.0, ""seed"": 101, ""top"": ""cone"", ""top_depth"": 25.0, ""top_params"": {""depth_jitter"": 0.0, ""height_seg"": 12, ""jitter"": 0.3, ""pitch"": 5.5, ""profile_power"": 1.0, ""radial_seg"": 24, ""tip_radius"": 0.2}}"
ST_cone-comb_50_s101,stack,cone/comb,mould + foil,0.4,101,d76,6.5,50.0,7.6923076923076925,0.00479682476491694,cone,comb,0.5,-40.0,0.002516626613214612,0.04999997094273567,"{""backing"": 2.0, ""bot"": ""comb"", ""bot_depth"": 25.0, ""bot_params"": {""jitter"": 0.0, ""pitch"": 6.5, ""wall_bot"": 0.08, ""wall_top"": 0.08}, ""face_h"": 60.0, ""face_w"": 60.0, ""margin_depths"": 2.0, ""seed"": 101, ""top"": ""cone"", ""top_depth"": 25.0, ""top_params"": {""depth_jitter"": 0.0, ""height_seg"": 12, ""jitter"": 0.3, ""pitch"": 5.5, ""profile_power"": 1.0, ""radial_seg"": 24, ""tip_radius"": 0.2}}"
ST_cone-comb_50_s101,stack,cone/comb,mould + foil,0.4,101,d76,6.5,50.0,7.6923076923076925,0.00479682476491694,cone,comb,0.5,20.0,0.0018984756898134947,0.04999997094273567,"{""backing"": 2.0, ""bot"": ""comb"", ""bot_depth"": 25.0, ""bot_params"": {""jitter"": 0.0, ""pitch"": 6.5, ""wall_bot"": 0.08, ""wall_top"": 0.08}, ""face_h"": 60.0, ""face_w"": 60.0, ""margin_depths"": 2.0, ""seed"": 101, ""top"": ""cone"", ""top_depth"": 25.0, ""top_params"": {""depth_jitter"": 0.0, ""height_seg"": 12, ""jitter"": 0.3, ""pitch"": 5.5, ""profile_power"": 1.0, ""radial_seg"": 24, ""tip_radius"": 0.2}}"
ST_cone-comb_50_s101,stack,cone/comb,mould + foil,0.4,101,d76,6.5,50.0,7.6923076923076925,0.00479682476491694,cone,comb,0.5,40.0,0.0025354621466249228,0.04999997094273567,"{""backing"": 2.0, ""bot"": ""comb"", ""bot_depth"": 25.0, ""bot_params"": {""jitter"": 0.0, ""pitch"": 6.5, ""wall_bot"": 0.08, ""wall_top"": 0.08}, ""face_h"": 60.0, ""face_w"": 60.0, ""margin_depths"": 2.0, ""seed"": 101, ""top"": ""cone"", ""top_depth"": 25.0, ""top_params"": {""depth_jitter"": 0.0, ""height_seg"": 12, ""jitter"": 0.3, ""pitch"": 5.5, ""profile_power"": 1.0, ""radial_seg"": 24, ""tip_radius"": 0.2}}"
ST_cone-comb_50_s101,stack,cone/comb,mould + foil,0.4,101,d100,6.5,50.0,7.6923076923076925,0.00479682476491694,cone,comb,0.5,0.0,0.0017007434507831931,0.04999997094273567,"{""backing"": 2.0, ""bot"": ""comb"", ""bot_depth"": 25.0, ""bot_params"": {""jitter"": 0.0, ""pitch"": 6.5, ""wall_bot"": 0.08, ""wall_top"": 0.08}, ""face_h"": 60.0, ""face_w"": 60.0, ""margin_depths"": 2.0, ""seed"": 101, ""top"": ""cone"", ""top_depth"": 25.0, ""top_params"": {""depth_jitter"": 0.0, ""height_seg"": 12, ""jitter"": 0.3, ""pitch"": 5.5, ""profile_power"": 1.0, ""radial_seg"": 24, ""tip_radius"": 0.2}}"
ST_cone-comb_50_s101,stack,cone/comb,mould + foil,0.4,101,d100,6.5,50.0,7.6923076923076925,0.00479682476491694,cone,comb,0.5,-20.0,0.0019889255054295063,0.04999997094273567,"{""backing"": 2.0, ""bot"": ""comb"", ""bot_depth"": 25.0, ""bot_params"": {""jitter"": 0.0, ""pitch"": 6.5, ""wall_bot"": 0.08, ""wall_top"": 0.08}, ""face_h"": 60.0, ""face_w"": 60.0, ""margin_depths"": 2.0, ""seed"": 101, ""top"": ""cone"", ""top_depth"": 25.0, ""top_params"": {""depth_jitter"": 0.0, ""height_seg"": 12, ""jitter"": 0.3, ""pitch"": 5.5, ""profile_power"": 1.0, ""radial_seg"": 24, ""tip_radius"": 0.2}}"
ST_cone-comb_50_s101,stack,cone/comb,mould + foil,0.4,101,d100,6.5,50.0,7.6923076923076925,0.00479682476491694,cone,comb,0.5,-40.0,0.002700517885386944,0.04999997094273567,"{""backing"": 2.0, ""bot"": ""comb"", ""bot_depth"": 25.0, ""bot_params"": {""jitter"": 0.0, ""pitch"": 6.5, ""wall_bot"": 0.08, ""wall_top"": 0.08}, ""face_h"": 60.0, ""face_w"": 60.0, ""margin_depths"": 2.0, ""seed"": 101, ""top"": ""cone"", ""top_depth"": 25.0, ""top_params"": {""depth_jitter"": 0.0, ""height_seg"": 12, ""jitter"": 0.3, ""pitch"": 5.5, ""profile_power"": 1.0, ""radial_seg"": 24, ""tip_radius"": 0.2}}"
ST_cone-comb_50_s101,stack,cone/comb,mould + foil,0.4,101,d100,6.5,50.0,7.6923076923076925,0.00479682476491694,cone,comb,0.5,20.0,0.0020284350030124187,0.04999997094273567,"{""backing"": 2.0, ""bot"": ""comb"", ""bot_depth"": 25.0, ""bot_params"": {""jitter"": 0.0, ""pitch"": 6.5, ""wall_bot"": 0.08, ""wall_top"": 0.08}, ""face_h"": 60.0, ""face_w"": 60.0, ""margin_depths"": 2.0, ""seed"": 101, ""top"": ""cone"", ""top_depth"": 25.0, ""top_params"": {""depth_jitter"": 0.0, ""height_seg"": 12, ""jitter"": 0.3, ""pitch"": 5.5, ""profile_power"": 1.0, ""radial_seg"": 24, ""tip_radius"": 0.2}}"
ST_cone-comb_50_s101,stack,cone/comb,mould + foil,0.4,101,d100,6.5,50.0,7.6923076923076925,0.00479682476491694,cone,comb,0.5,40.0,0.0027041430585086346,0.04999997094273567,"{""backing"": 2.0, ""bot"": ""comb"", ""bot_depth"": 25.0, ""bot_params"": {""jitter"": 0.0, ""pitch"": 6.5, ""wall_bot"": 0.08, ""wall_top"": 0.08}, ""face_h"": 60.0, ""face_w"": 60.0, ""margin_depths"": 2.0, ""seed"": 101, ""top"": ""cone"", ""top_depth"": 25.0, ""top_params"": {""depth_jitter"": 0.0, ""height_seg"": 12, ""jitter"": 0.3, ""pitch"": 5.5, ""profile_power"": 1.0, ""radial_seg"": 24, ""tip_radius"": 0.2}}"
ST_comb-comb_50_s101,stack,comb/comb,expanded foil,0.08,101,d00,6.5,50.0,7.6923076923076925,0.03282051282051282,comb,comb,0.5,0.0,0.00124856096226722,0.04999997094273567,"{""backing"": 2.0, ""bot"": ""comb"", ""bot_depth"": 25.0, ""bot_params"": {""jitter"": 0.0, ""pitch"": 3.17, ""wall_bot"": 0.04, ""wall_top"": 0.04}, ""face_h"": 60.0, ""face_w"": 60.0, ""margin_depths"": 2.0, ""seed"": 101, ""top"": ""comb"", ""top_depth"": 25.0, ""top_params"": {""jitter"": 0.0, ""pitch"": 6.5, ""wall_bot"": 0.08, ""wall_top"": 0.08}}"
ST_comb-comb_50_s101,stack,comb/comb,expanded foil,0.08,101,d00,6.5,50.0,7.6923076923076925,0.03282051282051282,comb,comb,0.5,-20.0,0.00045687679084949195,0.04999997094273567,"{""backing"": 2.0, ""bot"": ""comb"", ""bot_depth"": 25.0, ""bot_params"": {""jitter"": 0.0, ""pitch"": 3.17, ""wall_bot"": 0.04, ""wall_top"": 0.04}, ""face_h"": 60.0, ""face_w"": 60.0, ""margin_depths"": 2.0, ""seed"": 101, ""top"": ""comb"", ""top_depth"": 25.0, ""top_params"": {""jitter"": 0.0, ""pitch"": 6.5, ""wall_bot"": 0.08, ""wall_top"": 0.08}}"
ST_comb-comb_50_s101,stack,comb/comb,expanded foil,0.08,101,d00,6.5,50.0,7.6923076923076925,0.03282051282051282,comb,comb,0.5,-40.0,0.0004407451197039336,0.04999997094273567,"{""backing"": 2.0, ""bot"": ""comb"", ""bot_depth"": 25.0, ""bot_params"": {""jitter"": 0.0, ""pitch"": 3.17, ""wall_bot"": 0.04, ""wall_top"": 0.04}, ""face_h"": 60.0, ""face_w"": 60.0, ""margin_depths"": 2.0, ""seed"": 101, ""top"": ""comb"", ""top_depth"": 25.0, ""top_params"": {""jitter"": 0.0, ""pitch"": 6.5, ""wall_bot"": 0.08, ""wall_top"": 0.08}}"
ST_comb-comb_50_s101,stack,comb/comb,expanded foil,0.08,101,d00,6.5,50.0,7.6923076923076925,0.03282051282051282,comb,comb,0.5,20.0,0.0004528200952336192,0.04999997094273567,"{""backing"": 2.0, ""bot"": ""comb"", ""bot_depth"": 25.0, ""bot_params"": {""jitter"": 0.0, ""pitch"": 3.17, ""wall_bot"": 0.04, ""wall_top"": 0.04}, ""face_h"": 60.0, ""face_w"": 60.0, ""margin_depths"": 2.0, ""seed"": 101, ""top"": ""comb"", ""top_depth"": 25.0, ""top_params"": {""jitter"": 0.0, ""pitch"": 6.5, ""wall_bot"": 0.08, ""wall_top"": 0.08}}"
ST_comb-comb_50_s101,stack,comb/comb,expanded foil,0.08,101,d00,6.5,50.0,7.6923076923076925,0.03282051282051282,comb,comb,0.5,40.0,0.00044125059503130615,0.04999997094273567,"{""backing"": 2.0, ""bot"": ""comb"", ""bot_depth"": 25.0, ""bot_params"": {""jitter"": 0.0, ""pitch"": 3.17, ""wall_bot"": 0.04, ""wall_top"": 0.04}, ""face_h"": 60.0, ""face_w"": 60.0, ""margin_depths"": 2.0, ""seed"": 101, ""top"": ""comb"", ""top_depth"": 25.0, ""top_params"": {""jitter"": 0.0, ""pitch"": 6.5, ""wall_bot"": 0.08, ""wall_top"": 0.08}}"
ST_comb-comb_50_s101,stack,comb/comb,expanded foil,0.08,101,d76,6.5,50.0,7.6923076923076925,0.03282051282051282,comb,comb,0.5,0.0,0.0005474741337820888,0.04999997094273567,"{""backing"": 2.0, ""bot"": ""comb"", ""bot_depth"": 25.0, ""bot_params"": {""jitter"": 0.0, ""pitch"": 3.17, ""wall_bot"": 0.04, ""wall_top"": 0.04}, ""face_h"": 60.0, ""face_w"": 60.0, ""margin_depths"": 2.0, ""seed"": 101, ""top"": ""comb"", ""top_depth"": 25.0, ""top_params"": {""jitter"": 0.0, ""pitch"": 6.5, ""wall_bot"": 0.08, ""wall_top"": 0.08}}"
ST_comb-comb_50_s101,stack,comb/comb,expanded foil,0.08,101,d76,6.5,50.0,7.6923076923076925,0.03282051282051282,comb,comb,0.5,-20.0,0.001080976682715118,0.04999997094273567,"{""backing"": 2.0, ""bot"": ""comb"", ""bot_depth"": 25.0, ""bot_params"": {""jitter"": 0.0, ""pitch"": 3.17, ""wall_bot"": 0.04, ""wall_top"": 0.04}, ""face_h"": 60.0, ""face_w"": 60.0, ""margin_depths"": 2.0, ""seed"": 101, ""top"": ""comb"", ""top_depth"": 25.0, ""top_params"": {""jitter"": 0.0, ""pitch"": 6.5, ""wall_bot"": 0.08, ""wall_top"": 0.08}}"
ST_comb-comb_50_s101,stack,comb/comb,expanded foil,0.08,101,d76,6.5,50.0,7.6923076923076925,0.03282051282051282,comb,comb,0.5,-40.0,0.0018169427057728171,0.04999997094273567,"{""backing"": 2.0, ""bot"": ""comb"", ""bot_depth"": 25.0, ""bot_params"": {""jitter"": 0.0, ""pitch"": 3.17, ""wall_bot"": 0.04, ""wall_top"": 0.04}, ""face_h"": 60.0, ""face_w"": 60.0, ""margin_depths"": 2.0, ""seed"": 101, ""top"": ""comb"", ""top_depth"": 25.0, ""top_params"": {""jitter"": 0.0, ""pitch"": 6.5, ""wall_bot"": 0.08, ""wall_top"": 0.08}}"
ST_comb-comb_50_s101,stack,comb/comb,expanded foil,0.08,101,d76,6.5,50.0,7.6923076923076925,0.03282051282051282,comb,comb,0.5,20.0,0.0010376025456935167,0.04999997094273567,"{""backing"": 2.0, ""bot"": ""comb"", ""bot_depth"": 25.0, ""bot_params"": {""jitter"": 0.0, ""pitch"": 3.17, ""wall_bot"": 0.04, ""wall_top"": 0.04}, ""face_h"": 60.0, ""face_w"": 60.0, ""margin_depths"": 2.0, ""seed"": 101, ""top"": ""comb"", ""top_depth"": 25.0, ""top_params"": {""jitter"": 0.0, ""pitch"": 6.5, ""wall_bot"": 0.08, ""wall_top"": 0.08}}"
ST_comb-comb_50_s101,stack,comb/comb,expanded foil,0.08,101,d76,6.5,50.0,7.6923076923076925,0.03282051282051282,comb,comb,0.5,40.0,0.001765066059306264,0.04999997094273567,"{""backing"": 2.0, ""bot"": ""comb"", ""bot_depth"": 25.0, ""bot_params"": {""jitter"": 0.0, ""pitch"": 3.17, ""wall_bot"": 0.04, ""wall_top"": 0.04}, ""face_h"": 60.0, ""face_w"": 60.0, ""margin_depths"": 2.0, ""seed"": 101, ""top"": ""comb"", ""top_depth"": 25.0, ""top_params"": {""jitter"": 0.0, ""pitch"": 6.5, ""wall_bot"": 0.08, ""wall_top"": 0.08}}"
ST_comb-comb_50_s101,stack,comb/comb,expanded foil,0.08,101,d100,6.5,50.0,7.6923076923076925,0.03282051282051282,comb,comb,0.5,0.0,0.00035444737295620143,0.04999997094273567,"{""backing"": 2.0, ""bot"": ""comb"", ""bot_depth"": 25.0, ""bot_params"": {""jitter"": 0.0, ""pitch"": 3.17, ""wall_bot"": 0.04, ""wall_top"": 0.04}, ""face_h"": 60.0, ""face_w"": 60.0, ""margin_depths"": 2.0, ""seed"": 101, ""top"": ""comb"", ""top_depth"": 25.0, ""top_params"": {""jitter"": 0.0, ""pitch"": 6.5, ""wall_bot"": 0.08, ""wall_top"": 0.08}}"
ST_comb-comb_50_s101,stack,comb/comb,expanded foil,0.08,101,d100,6.5,50.0,7.6923076923076925,0.03282051282051282,comb,comb,0.5,-20.0,0.0012959447922185063,0.04999997094273567,"{""backing"": 2.0, ""bot"": ""comb"", ""bot_depth"": 25.0, ""bot_params"": {""jitter"": 0.0, ""pitch"": 3.17, ""wall_bot"": 0.04, ""wall_top"": 0.04}, ""face_h"": 60.0, ""face_w"": 60.0, ""margin_depths"": 2.0, ""seed"": 101, ""top"": ""comb"", ""top_depth"": 25.0, ""top_params"": {""jitter"": 0.0, ""pitch"": 6.5, ""wall_bot"": 0.08, ""wall_top"": 0.08}}"
ST_comb-comb_50_s101,stack,comb/comb,expanded foil,0.08,101,d100,6.5,50.0,7.6923076923076925,0.03282051282051282,comb,comb,0.5,-40.0,0.002255195751786232,0.04999997094273567,"{""backing"": 2.0, ""bot"": ""comb"", ""bot_depth"": 25.0, ""bot_params"": {""jitter"": 0.0, ""pitch"": 3.17, ""wall_bot"": 0.04, ""wall_top"": 0.04}, ""face_h"": 60.0, ""face_w"": 60.0, ""margin_depths"": 2.0, ""seed"": 101, ""top"": ""comb"", ""top_depth"": 25.0, ""top_params"": {""jitter"": 0.0, ""pitch"": 6.5, ""wall_bot"": 0.08, ""wall_top"": 0.08}}"
ST_comb-comb_50_s101,stack,comb/comb,expanded foil,0.08,101,d100,6.5,50.0,7.6923076923076925,0.03282051282051282,comb,comb,0.5,20.0,0.0012308710720390081,0.04999997094273567,"{""backing"": 2.0, ""bot"": ""comb"", ""bot_depth"": 25.0, ""bot_params"": {""jitter"": 0.0, ""pitch"": 3.17, ""wall_bot"": 0.04, ""wall_top"": 0.04}, ""face_h"": 60.0, ""face_w"": 60.0, ""margin_depths"": 2.0, ""seed"": 101, ""top"": ""comb"", ""top_depth"": 25.0, ""top_params"": {""jitter"": 0.0, ""pitch"": 6.5, ""wall_bot"": 0.08, ""wall_top"": 0.08}}"
ST_comb-comb_50_s101,stack,comb/comb,expanded foil,0.08,101,d100,6.5,50.0,7.6923076923076925,0.03282051282051282,comb,comb,0.5,40.0,0.0021901121363043785,0.04999997094273567,"{""backing"": 2.0, ""bot"": ""comb"", ""bot_depth"": 25.0, ""bot_params"": {""jitter"": 0.0, ""pitch"": 3.17, ""wall_bot"": 0.04, ""wall_top"": 0.04}, ""face_h"": 60.0, ""face_w"": 60.0, ""margin_depths"": 2.0, ""seed"": 101, ""top"": ""comb"", ""top_depth"": 25.0, ""top_params"": {""jitter"": 0.0, ""pitch"": 6.5, ""wall_bot"": 0.08, ""wall_top"": 0.08}}"
ST_comb-comb_50_s101,stack,comb/comb,expanded foil,0.04,101,d00,6.5,50.0,7.6923076923076925,0.03364879074658255,comb,comb,0.5,0.0,0.0012157735181972384,0.04999997094273567,"{""backing"": 2.0, ""bot"": ""comb"", ""bot_depth"": 25.0, ""bot_params"": {""jitter"": 0.0, ""pitch"": 6.5, ""wall_bot"": 0.08, ""wall_top"": 0.08}, ""face_h"": 60.0, ""face_w"": 60.0, ""margin_depths"": 2.0, ""seed"": 101, ""top"": ""comb"", ""top_depth"": 25.0, ""top_params"": {""jitter"": 0.0, ""pitch"": 3.17, ""wall_bot"": 0.04, ""wall_top"": 0.04}}"
ST_comb-comb_50_s101,stack,comb/comb,expanded foil,0.04,101,d00,6.5,50.0,7.6923076923076925,0.03364879074658255,comb,comb,0.5,-20.0,0.0004422522324603051,0.04999997094273567,"{""backing"": 2.0, ""bot"": ""comb"", ""bot_depth"": 25.0, ""bot_params"": {""jitter"": 0.0, ""pitch"": 6.5, ""wall_bot"": 0.08, ""wall_top"": 0.08}, ""face_h"": 60.0, ""face_w"": 60.0, ""margin_depths"": 2.0, ""seed"": 101, ""top"": ""comb"", ""top_depth"": 25.0, ""top_params"": {""jitter"": 0.0, ""pitch"": 3.17, ""wall_bot"": 0.04, ""wall_top"": 0.04}}"
ST_comb-comb_50_s101,stack,comb/comb,expanded foil,0.04,101,d00,6.5,50.0,7.6923076923076925,0.03364879074658255,comb,comb,0.5,-40.0,0.00043596792966127396,0.04999997094273567,"{""backing"": 2.0, ""bot"": ""comb"", ""bot_depth"": 25.0, ""bot_params"": {""jitter"": 0.0, ""pitch"": 6.5, ""wall_bot"": 0.08, ""wall_top"": 0.08}, ""face_h"": 60.0, ""face_w"": 60.0, ""margin_depths"": 2.0, ""seed"": 101, ""top"": ""comb"", ""top_depth"": 25.0, ""top_params"": {""jitter"": 0.0, ""pitch"": 3.17, ""wall_bot"": 0.04, ""wall_top"": 0.04}}"
ST_comb-comb_50_s101,stack,comb/comb,expanded foil,0.04,101,d00,6.5,50.0,7.6923076923076925,0.03364879074658255,comb,comb,0.5,20.0,0.00044657467515207827,0.04999997094273567,"{""backing"": 2.0, ""bot"": ""comb"", ""bot_depth"": 25.0, ""bot_params"": {""jitter"": 0.0, ""pitch"": 6.5, ""wall_bot"": 0.08, ""wall_top"": 0.08}, ""face_h"": 60.0, ""face_w"": 60.0, ""margin_depths"": 2.0, ""seed"": 101, ""top"": ""comb"", ""top_depth"": 25.0, ""top_params"": {""jitter"": 0.0, ""pitch"": 3.17, ""wall_bot"": 0.04, ""wall_top"": 0.04}}"
ST_comb-comb_50_s101,stack,comb/comb,expanded foil,0.04,101,d00,6.5,50.0,7.6923076923076925,0.03364879074658255,comb,comb,0.5,40.0,0.0004342590691521764,0.04999997094273567,"{""backing"": 2.0, ""bot"": ""comb"", ""bot_depth"": 25.0, ""bot_params"": {""jitter"": 0.0, ""pitch"": 6.5, ""wall_bot"": 0.08, ""wall_top"": 0.08}, ""face_h"": 60.0, ""face_w"": 60.0, ""margin_depths"": 2.0, ""seed"": 101, ""top"": ""comb"", ""top_depth"": 25.0, ""top_params"": {""jitter"": 0.0, ""pitch"": 3.17, ""wall_bot"": 0.04, ""wall_top"": 0.04}}"
ST_comb-comb_50_s101,stack,comb/comb,expanded foil,0.04,101,d76,6.5,50.0,7.6923076923076925,0.03364879074658255,comb,comb,0.5,0.0,0.0005271473783068359,0.04999997094273567,"{""backing"": 2.0, ""bot"": ""comb"", ""bot_depth"": 25.0, ""bot_params"": {""jitter"": 0.0, ""pitch"": 6.5, ""wall_bot"": 0.08, ""wall_top"": 0.08}, ""face_h"": 60.0, ""face_w"": 60.0, ""margin_depths"": 2.0, ""seed"": 101, ""top"": ""comb"", ""top_depth"": 25.0, ""top_params"": {""jitter"": 0.0, ""pitch"": 3.17, ""wall_bot"": 0.04, ""wall_top"": 0.04}}"
ST_comb-comb_50_s101,stack,comb/comb,expanded foil,0.04,101,d76,6.5,50.0,7.6923076923076925,0.03364879074658255,comb,comb,0.5,-20.0,0.0009558714809827507,0.04999997094273567,"{""backing"": 2.0, ""bot"": ""comb"", ""bot_depth"": 25.0, ""bot_params"": {""jitter"": 0.0, ""pitch"": 6.5, ""wall_bot"": 0.08, ""wall_top"": 0.08}, ""face_h"": 60.0, ""face_w"": 60.0, ""margin_depths"": 2.0, ""seed"": 101, ""top"": ""comb"", ""top_depth"": 25.0, ""top_params"": {""jitter"": 0.0, ""pitch"": 3.17, ""wall_bot"": 0.04, ""wall_top"": 0.04}}"
ST_comb-comb_50_s101,stack,comb/comb,expanded foil,0.04,101,d76,6.5,50.0,7.6923076923076925,0.03364879074658255,comb,comb,0.5,-40.0,0.0015817050589248538,0.04999997094273567,"{""backing"": 2.0, ""bot"": ""comb"", ""bot_depth"": 25.0, ""bot_params"": {""jitter"": 0.0, ""pitch"": 6.5, ""wall_bot"": 0.08, ""wall_top"": 0.08}, ""face_h"": 60.0, ""face_w"": 60.0, ""margin_depths"": 2.0, ""seed"": 101, ""top"": ""comb"", ""top_depth"": 25.0, ""top_params"": {""jitter"": 0.0, ""pitch"": 3.17, ""wall_bot"": 0.04, ""wall_top"": 0.04}}"
ST_comb-comb_50_s101,stack,comb/comb,expanded foil,0.04,101,d76,6.5,50.0,7.6923076923076925,0.03364879074658255,comb,comb,0.5,20.0,0.000954547431319952,0.04999997094273567,"{""backing"": 2.0, ""bot"": ""comb"", ""bot_depth"": 25.0, ""bot_params"": {""jitter"": 0.0, ""pitch"": 6.5, ""wall_bot"": 0.08, ""wall_top"": 0.08}, ""face_h"": 60.0, ""face_w"": 60.0, ""margin_depths"": 2.0, ""seed"": 101, ""top"": ""comb"", ""top_depth"": 25.0, ""top_params"": {""jitter"": 0.0, ""pitch"": 3.17, ""wall_bot"": 0.04, ""wall_top"": 0.04}}"
ST_comb-comb_50_s101,stack,comb/comb,expanded foil,0.04,101,d76,6.5,50.0,7.6923076923076925,0.03364879074658255,comb,comb,0.5,40.0,0.0015625001396983862,0.04999997094273567,"{""backing"": 2.0, ""bot"": ""comb"", ""bot_depth"": 25.0, ""bot_params"": {""jitter"": 0.0, ""pitch"": 6.5, ""wall_bot"": 0.08, ""wall_top"": 0.08}, ""face_h"": 60.0, ""face_w"": 60.0, ""margin_depths"": 2.0, ""seed"": 101, ""top"": ""comb"", ""top_depth"": 25.0, ""top_params"": {""jitter"": 0.0, ""pitch"": 3.17, ""wall_bot"": 0.04, ""wall_top"": 0.04}}"
ST_comb-comb_50_s101,stack,comb/comb,expanded foil,0.04,101,d100,6.5,50.0,7.6923076923076925,0.03364879074658255,comb,comb,0.5,0.0,0.0003451797238085419,0.04999997094273567,"{""backing"": 2.0, ""bot"": ""comb"", ""bot_depth"": 25.0, ""bot_params"": {""jitter"": 0.0, ""pitch"": 6.5, ""wall_bot"": 0.08, ""wall_top"": 0.08}, ""face_h"": 60.0, ""face_w"": 60.0, ""margin_depths"": 2.0, ""seed"": 101, ""top"": ""comb"", ""top_depth"": 25.0, ""top_params"": {""jitter"": 0.0, ""pitch"": 3.17, ""wall_bot"": 0.04, ""wall_top"": 0.04}}"
ST_comb-comb_50_s101,stack,comb/comb,expanded foil,0.04,101,d100,6.5,50.0,7.6923076923076925,0.03364879074658255,comb,comb,0.5,-20.0,0.001134782680310309,0.04999997094273567,"{""backing"": 2.0, ""bot"": ""comb"", ""bot_depth"": 25.0, ""bot_params"": {""jitter"": 0.0, ""pitch"": 6.5, ""wall_bot"": 0.08, ""wall_top"": 0.08}, ""face_h"": 60.0, ""face_w"": 60.0, ""margin_depths"": 2.0, ""seed"": 101, ""top"": ""comb"", ""top_depth"": 25.0, ""top_params"": {""jitter"": 0.0, ""pitch"": 3.17, ""wall_bot"": 0.04, ""wall_top"": 0.04}}"
ST_comb-comb_50_s101,stack,comb/comb,expanded foil,0.04,101,d100,6.5,50.0,7.6923076923076925,0.03364879074658255,comb,comb,0.5,-40.0,0.0019512814469635487,0.04999997094273567,"{""backing"": 2.0, ""bot"": ""comb"", ""bot_depth"": 25.0, ""bot_params"": {""jitter"": 0.0, ""pitch"": 6.5, ""wall_bot"": 0.08, ""wall_top"": 0.08}, ""face_h"": 60.0, ""face_w"": 60.0, ""margin_depths"": 2.0, ""seed"": 101, ""top"": ""comb"", ""top_depth"": 25.0, ""top_params"": {""jitter"": 0.0, ""pitch"": 3.17, ""wall_bot"": 0.04, ""wall_top"": 0.04}}"
ST_comb-comb_50_s101,stack,comb/comb,expanded foil,0.04,101,d100,6.5,50.0,7.6923076923076925,0.03364879074658255,comb,comb,0.5,20.0,0.0011303095379844308,0.04999997094273567,"{""backing"": 2.0, ""bot"": ""comb"", ""bot_depth"": 25.0, ""bot_params"": {""jitter"": 0.0, ""pitch"": 6.5, ""wall_bot"": 0.08, ""wall_top"": 0.08}, ""face_h"": 60.0, ""face_w"": 60.0, ""margin_depths"": 2.0, ""seed"": 101, ""top"": ""comb"", ""top_depth"": 25.0, ""top_params"": {""jitter"": 0.0, ""pitch"": 3.17, ""wall_bot"": 0.04, ""wall_top"": 0.04}}"
ST_comb-comb_50_s101,stack,comb/comb,expanded foil,0.04,101,d100,6.5,50.0,7.6923076923076925,0.03364879074658255,comb,comb,0.5,40.0,0.0019271394703537226,0.04999997094273567,"{""backing"": 2.0, ""bot"": ""comb"", ""bot_depth"": 25.0, ""bot_params"": {""jitter"": 0.0, ""pitch"": 6.5, ""wall_bot"": 0.08, ""wall_top"": 0.08}, ""face_h"": 60.0, ""face_w"": 60.0, ""margin_depths"": 2.0, ""seed"": 101, ""top"": ""comb"", ""top_depth"": 25.0, ""top_params"": {""jitter"": 0.0, ""pitch"": 3.17, ""wall_bot"": 0.04, ""wall_top"": 0.04}}"
ST_comb-shin_50_s101,stack,comb/shingle,foil + sheet,0.08,101,d00,6.5,50.0,7.6923076923076925,0.03282051282051282,comb,shingle,0.5,0.0,0.001815372845157981,0.04999997094273567,"{""backing"": 2.0, ""bot"": ""shingle"", ""bot_depth"": 25.0, ""bot_params"": {""azimuth_mode"": ""grid"", ""jitter"": 0.3, ""pitch"": 5.5, ""plate_t_bot"": 0.1, ""plate_t_top"": 0.1, ""tilt_deg"": 2.0, ""tilt_jitter"": 0.0}, ""face_h"": 60.0, ""face_w"": 60.0, ""margin_depths"": 2.0, ""seed"": 101, ""top"": ""comb"", ""top_depth"": 25.0, ""top_params"": {""jitter"": 0.0, ""pitch"": 6.5, ""wall_bot"": 0.08, ""wall_top"": 0.08}}"
ST_comb-shin_50_s101,stack,comb/shingle,foil + sheet,0.08,101,d00,6.5,50.0,7.6923076923076925,0.03282051282051282,comb,shingle,0.5,-20.0,0.00045715179294347763,0.04999997094273567,"{""backing"": 2.0, ""bot"": ""shingle"", ""bot_depth"": 25.0, ""bot_params"": {""azimuth_mode"": ""grid"", ""jitter"": 0.3, ""pitch"": 5.5, ""plate_t_bot"": 0.1, ""plate_t_top"": 0.1, ""tilt_deg"": 2.0, ""tilt_jitter"": 0.0}, ""face_h"": 60.0, ""face_w"": 60.0, ""margin_depths"": 2.0, ""seed"": 101, ""top"": ""comb"", ""top_depth"": 25.0, ""top_params"": {""jitter"": 0.0, ""pitch"": 6.5, ""wall_bot"": 0.08, ""wall_top"": 0.08}}"
ST_comb-shin_50_s101,stack,comb/shingle,foil + sheet,0.08,101,d00,6.5,50.0,7.6923076923076925,0.03282051282051282,comb,shingle,0.5,-40.0,0.00044037046609446406,0.04999997094273567,"{""backing"": 2.0, ""bot"": ""shingle"", ""bot_depth"": 25.0, ""bot_params"": {""azimuth_mode"": ""grid"", ""jitter"": 0.3, ""pitch"": 5.5, ""plate_t_bot"": 0.1, ""plate_t_top"": 0.1, ""tilt_deg"": 2.0, ""tilt_jitter"": 0.0}, ""face_h"": 60.0, ""face_w"": 60.0, ""margin_depths"": 2.0, ""seed"": 101, ""top"": ""comb"", ""top_depth"": 25.0, ""top_params"": {""jitter"": 0.0, ""pitch"": 6.5, ""wall_bot"": 0.08, ""wall_top"": 0.08}}"
ST_comb-shin_50_s101,stack,comb/shingle,foil + sheet,0.08,101,d00,6.5,50.0,7.6923076923076925,0.03282051282051282,comb,shingle,0.5,20.0,0.00045352152665145695,0.04999997094273567,"{""backing"": 2.0, ""bot"": ""shingle"", ""bot_depth"": 25.0, ""bot_params"": {""azimuth_mode"": ""grid"", ""jitter"": 0.3, ""pitch"": 5.5, ""plate_t_bot"": 0.1, ""plate_t_top"": 0.1, ""tilt_deg"": 2.0, ""tilt_jitter"": 0.0}, ""face_h"": 60.0, ""face_w"": 60.0, ""margin_depths"": 2.0, ""seed"": 101, ""top"": ""comb"", ""top_depth"": 25.0, ""top_params"": {""jitter"": 0.0, ""pitch"": 6.5, ""wall_bot"": 0.08, ""wall_top"": 0.08}}"
ST_comb-shin_50_s101,stack,comb/shingle,foil + sheet,0.08,101,d00,6.5,50.0,7.6923076923076925,0.03282051282051282,comb,shingle,0.5,40.0,0.0004411287955008447,0.04999997094273567,"{""backing"": 2.0, ""bot"": ""shingle"", ""bot_depth"": 25.0, ""bot_params"": {""azimuth_mode"": ""grid"", ""jitter"": 0.3, ""pitch"": 5.5, ""plate_t_bot"": 0.1, ""plate_t_top"": 0.1, ""tilt_deg"": 2.0, ""tilt_jitter"": 0.0}, ""face_h"": 60.0, ""face_w"": 60.0, ""margin_depths"": 2.0, ""seed"": 101, ""top"": ""comb"", ""top_depth"": 25.0, ""top_params"": {""jitter"": 0.0, ""pitch"": 6.5, ""wall_bot"": 0.08, ""wall_top"": 0.08}}"
ST_comb-shin_50_s101,stack,comb/shingle,foil + sheet,0.08,101,d76,6.5,50.0,7.6923076923076925,0.03282051282051282,comb,shingle,0.5,0.0,0.0007009643013589084,0.04999997094273567,"{""backing"": 2.0, ""bot"": ""shingle"", ""bot_depth"": 25.0, ""bot_params"": {""azimuth_mode"": ""grid"", ""jitter"": 0.3, ""pitch"": 5.5, ""plate_t_bot"": 0.1, ""plate_t_top"": 0.1, ""tilt_deg"": 2.0, ""tilt_jitter"": 0.0}, ""face_h"": 60.0, ""face_w"": 60.0, ""margin_depths"": 2.0, ""seed"": 101, ""top"": ""comb"", ""top_depth"": 25.0, ""top_params"": {""jitter"": 0.0, ""pitch"": 6.5, ""wall_bot"": 0.08, ""wall_top"": 0.08}}"
ST_comb-shin_50_s101,stack,comb/shingle,foil + sheet,0.08,101,d76,6.5,50.0,7.6923076923076925,0.03282051282051282,comb,shingle,0.5,-20.0,0.0010810215026140213,0.04999997094273567,"{""backing"": 2.0, ""bot"": ""shingle"", ""bot_depth"": 25.0, ""bot_params"": {""azimuth_mode"": ""grid"", ""jitter"": 0.3, ""pitch"": 5.5, ""plate_t_bot"": 0.1, ""plate_t_top"": 0.1, ""tilt_deg"": 2.0, ""tilt_jitter"": 0.0}, ""face_h"": 60.0, ""face_w"": 60.0, ""margin_depths"": 2.0, ""seed"": 101, ""top"": ""comb"", ""top_depth"": 25.0, ""top_params"": {""jitter"": 0.0, ""pitch"": 6.5, ""wall_bot"": 0.08, ""wall_top"": 0.08}}"
ST_comb-shin_50_s101,stack,comb/shingle,foil + sheet,0.08,101,d76,6.5,50.0,7.6923076923076925,0.03282051282051282,comb,shingle,0.5,-40.0,0.0018166732043027878,0.04999997094273567,"{""backing"": 2.0, ""bot"": ""shingle"", ""bot_depth"": 25.0, ""bot_params"": {""azimuth_mode"": ""grid"", ""jitter"": 0.3, ""pitch"": 5.5, ""plate_t_bot"": 0.1, ""plate_t_top"": 0.1, ""tilt_deg"": 2.0, ""tilt_jitter"": 0.0}, ""face_h"": 60.0, ""face_w"": 60.0, ""margin_depths"": 2.0, ""seed"": 101, ""top"": ""comb"", ""top_depth"": 25.0, ""top_params"": {""jitter"": 0.0, ""pitch"": 6.5, ""wall_bot"": 0.08, ""wall_top"": 0.08}}"
ST_comb-shin_50_s101,stack,comb/shingle,foil + sheet,0.08,101,d76,6.5,50.0,7.6923076923076925,0.03282051282051282,comb,shingle,0.5,20.0,0.0010376910213381052,0.04999997094273567,"{""backing"": 2.0, ""bot"": ""shingle"", ""bot_depth"": 25.0, ""bot_params"": {""azimuth_mode"": ""grid"", ""jitter"": 0.3, ""pitch"": 5.5, ""plate_t_bot"": 0.1, ""plate_t_top"": 0.1, ""tilt_deg"": 2.0, ""tilt_jitter"": 0.0}, ""face_h"": 60.0, ""face_w"": 60.0, ""margin_depths"": 2.0, ""seed"": 101, ""top"": ""comb"", ""top_depth"": 25.0, ""top_params"": {""jitter"": 0.0, ""pitch"": 6.5, ""wall_bot"": 0.08, ""wall_top"": 0.08}}"
ST_comb-shin_50_s101,stack,comb/shingle,foil + sheet,0.08,101,d76,6.5,50.0,7.6923076923076925,0.03282051282051282,comb,shingle,0.5,40.0,0.0017648899229243398,0.04999997094273567,"{""backing"": 2.0, ""bot"": ""shingle"", ""bot_depth"": 25.0, ""bot_params"": {""azimuth_mode"": ""grid"", ""jitter"": 0.3, ""pitch"": 5.5, ""plate_t_bot"": 0.1, ""plate_t_top"": 0.1, ""tilt_deg"": 2.0, ""tilt_jitter"": 0.0}, ""face_h"": 60.0, ""face_w"": 60.0, ""margin_depths"": 2.0, ""seed"": 101, ""top"": ""comb"", ""top_depth"": 25.0, ""top_params"": {""jitter"": 0.0, ""pitch"": 6.5, ""wall_bot"": 0.08, ""wall_top"": 0.08}}"
ST_comb-shin_50_s101,stack,comb/shingle,foil + sheet,0.08,101,d100,6.5,50.0,7.6923076923076925,0.03282051282051282,comb,shingle,0.5,0.0,0.00039175499114207923,0.04999997094273567,"{""backing"": 2.0, ""bot"": ""shingle"", ""bot_depth"": 25.0, ""bot_params"": {""azimuth_mode"": ""grid"", ""jitter"": 0.3, ""pitch"": 5.5, ""plate_t_bot"": 0.1, ""plate_t_top"": 0.1, ""tilt_deg"": 2.0, ""tilt_jitter"": 0.0}, ""face_h"": 60.0, ""face_w"": 60.0, ""margin_depths"": 2.0, ""seed"": 101, ""top"": ""comb"", ""top_depth"": 25.0, ""top_params"": {""jitter"": 0.0, ""pitch"": 6.5, ""wall_bot"": 0.08, ""wall_top"": 0.08}}"
ST_comb-shin_50_s101,stack,comb/shingle,foil + sheet,0.08,101,d100,6.5,50.0,7.6923076923076925,0.03282051282051282,comb,shingle,0.5,-20.0,0.0012959447922185063,0.04999997094273567,"{""backing"": 2.0, ""bot"": ""shingle"", ""bot_depth"": 25.0, ""bot_params"": {""azimuth_mode"": ""grid"", ""jitter"": 0.3, ""pitch"": 5.5, ""plate_t_bot"": 0.1, ""plate_t_top"": 0.1, ""tilt_deg"": 2.0, ""tilt_jitter"": 0.0}, ""face_h"": 60.0, ""face_w"": 60.0, ""margin_depths"": 2.0, ""seed"": 101, ""top"": ""comb"", ""top_depth"": 25.0, ""top_params"": {""jitter"": 0.0, ""pitch"": 6.5, ""wall_bot"": 0.08, ""wall_top"": 0.08}}"
ST_comb-shin_50_s101,stack,comb/shingle,foil + sheet,0.08,101,d100,6.5,50.0,7.6923076923076925,0.03282051282051282,comb,shingle,0.5,-40.0,0.0022551449947059155,0.04999997094273567,"{""backing"": 2.0, ""bot"": ""shingle"", ""bot_depth"": 25.0, ""bot_params"": {""azimuth_mode"": ""grid"", ""jitter"": 0.3, ""pitch"": 5.5, ""plate_t_bot"": 0.1, ""plate_t_top"": 0.1, ""tilt_deg"": 2.0, ""tilt_jitter"": 0.0}, ""face_h"": 60.0, ""face_w"": 60.0, ""margin_depths"": 2.0, ""seed"": 101, ""top"": ""comb"", ""top_depth"": 25.0, ""top_params"": {""jitter"": 0.0, ""pitch"": 6.5, ""wall_bot"": 0.08, ""wall_top"": 0.08}}"
ST_comb-shin_50_s101,stack,comb/shingle,foil + sheet,0.08,101,d100,6.5,50.0,7.6923076923076925,0.03282051282051282,comb,shingle,0.5,20.0,0.0012309125158935785,0.04999997094273567,"{""backing"": 2.0, ""bot"": ""shingle"", ""bot_depth"": 25.0, ""bot_params"": {""azimuth_mode"": ""grid"", ""jitter"": 0.3, ""pitch"": 5.5, ""plate_t_bot"": 0.1, ""plate_t_top"": 0.1, ""tilt_deg"": 2.0, ""tilt_jitter"": 0.0}, ""face_h"": 60.0, ""face_w"": 60.0, ""margin_depths"": 2.0, ""seed"": 101, ""top"": ""comb"", ""top_depth"": 25.0, ""top_params"": {""jitter"": 0.0, ""pitch"": 6.5, ""wall_bot"": 0.08, ""wall_top"": 0.08}}"
ST_comb-shin_50_s101,stack,comb/shingle,foil + sheet,0.08,101,d100,6.5,50.0,7.6923076923076925,0.03282051282051282,comb,shingle,0.5,40.0,0.0021899566054344177,0.04999997094273567,"{""backing"": 2.0, ""bot"": ""shingle"", ""bot_depth"": 25.0, ""bot_params"": {""azimuth_mode"": ""grid"", ""jitter"": 0.3, ""pitch"": 5.5, ""plate_t_bot"": 0.1, ""plate_t_top"": 0.1, ""tilt_deg"": 2.0, ""tilt_jitter"": 0.0}, ""face_h"": 60.0, ""face_w"": 60.0, ""margin_depths"": 2.0, ""seed"": 101, ""top"": ""comb"", ""top_depth"": 25.0, ""top_params"": {""jitter"": 0.0, ""pitch"": 6.5, ""wall_bot"": 0.08, ""wall_top"": 0.08}}"
ST_shin-comb_50_s101,stack,shingle/comb,sheet + foil,0.1,101,d00,6.5,50.0,7.6923076923076925,0.03044210510272572,shingle,comb,0.5,0.0,0.001992156496271491,0.04999997094273567,"{""backing"": 2.0, ""bot"": ""comb"", ""bot_depth"": 25.0, ""bot_params"": {""jitter"": 0.0, ""pitch"": 6.5, ""wall_bot"": 0.08, ""wall_top"": 0.08}, ""face_h"": 60.0, ""face_w"": 60.0, ""margin_depths"": 2.0, ""seed"": 101, ""top"": ""shingle"", ""top_depth"": 25.0, ""top_params"": {""azimuth_mode"": ""grid"", ""jitter"": 0.3, ""pitch"": 5.5, ""plate_t_bot"": 0.1, ""plate_t_top"": 0.1, ""tilt_deg"": 2.0, ""tilt_jitter"": 0.0}}"
ST_shin-comb_50_s101,stack,shingle/comb,sheet + foil,0.1,101,d00,6.5,50.0,7.6923076923076925,0.03044210510272572,shingle,comb,0.5,-20.0,0.0005743078072555363,0.04999997094273567,"{""backing"": 2.0, ""bot"": ""comb"", ""bot_depth"": 25.0, ""bot_params"": {""jitter"": 0.0, ""pitch"": 6.5, ""wall_bot"": 0.08, ""wall_top"": 0.08}, ""face_h"": 60.0, ""face_w"": 60.0, ""margin_depths"": 2.0, ""seed"": 101, ""top"": ""shingle"", ""top_depth"": 25.0, ""top_params"": {""azimuth_mode"": ""grid"", ""jitter"": 0.3, ""pitch"": 5.5, ""plate_t_bot"": 0.1, ""plate_t_top"": 0.1, ""tilt_deg"": 2.0, ""tilt_jitter"": 0.0}}"
ST_shin-comb_50_s101,stack,shingle/comb,sheet + foil,0.1,101,d00,6.5,50.0,7.6923076923076925,0.03044210510272572,shingle,comb,0.5,-40.0,0.0005660139722749591,0.04999997094273567,"{""backing"": 2.0, ""bot"": ""comb"", ""bot_depth"": 25.0, ""bot_params"": {""jitter"": 0.0, ""pitch"": 6.5, ""wall_bot"": 0.08, ""wall_top"": 0.08}, ""face_h"": 60.0, ""face_w"": 60.0, ""margin_depths"": 2.0, ""seed"": 101, ""top"": ""shingle"", ""top_depth"": 25.0, ""top_params"": {""azimuth_mode"": ""grid"", ""jitter"": 0.3, ""pitch"": 5.5, ""plate_t_bot"": 0.1, ""plate_t_top"": 0.1, ""tilt_deg"": 2.0, ""tilt_jitter"": 0.0}}"
ST_shin-comb_50_s101,stack,shingle/comb,sheet + foil,0.1,101,d00,6.5,50.0,7.6923076923076925,0.03044210510272572,shingle,comb,0.5,20.0,0.0005596254486590624,0.04999997094273567,"{""backing"": 2.0, ""bot"": ""comb"", ""bot_depth"": 25.0, ""bot_params"": {""jitter"": 0.0, ""pitch"": 6.5, ""wall_bot"": 0.08, ""wall_top"": 0.08}, ""face_h"": 60.0, ""face_w"": 60.0, ""margin_depths"": 2.0, ""seed"": 101, ""top"": ""shingle"", ""top_depth"": 25.0, ""top_params"": {""azimuth_mode"": ""grid"", ""jitter"": 0.3, ""pitch"": 5.5, ""plate_t_bot"": 0.1, ""plate_t_top"": 0.1, ""tilt_deg"": 2.0, ""tilt_jitter"": 0.0}}"
ST_shin-comb_50_s101,stack,shingle/comb,sheet + foil,0.1,101,d00,6.5,50.0,7.6923076923076925,0.03044210510272572,shingle,comb,0.5,40.0,0.0005730933044105768,0.04999997094273567,"{""backing"": 2.0, ""bot"": ""comb"", ""bot_depth"": 25.0, ""bot_params"": {""jitter"": 0.0, ""pitch"": 6.5, ""wall_bot"": 0.08, ""wall_top"": 0.08}, ""face_h"": 60.0, ""face_w"": 60.0, ""margin_depths"": 2.0, ""seed"": 101, ""top"": ""shingle"", ""top_depth"": 25.0, ""top_params"": {""azimuth_mode"": ""grid"", ""jitter"": 0.3, ""pitch"": 5.5, ""plate_t_bot"": 0.1, ""plate_t_top"": 0.1, ""tilt_deg"": 2.0, ""tilt_jitter"": 0.0}}"
ST_shin-comb_50_s101,stack,shingle/comb,sheet + foil,0.1,101,d76,6.5,50.0,7.6923076923076925,0.03044210510272572,shingle,comb,0.5,0.0,0.0008671561372466385,0.04999997094273567,"{""backing"": 2.0, ""bot"": ""comb"", ""bot_depth"": 25.0, ""bot_params"": {""jitter"": 0.0, ""pitch"": 6.5, ""wall_bot"": 0.08, ""wall_top"": 0.08}, ""face_h"": 60.0, ""face_w"": 60.0, ""margin_depths"": 2.0, ""seed"": 101, ""top"": ""shingle"", ""top_depth"": 25.0, ""top_params"": {""azimuth_mode"": ""grid"", ""jitter"": 0.3, ""pitch"": 5.5, ""plate_t_bot"": 0.1, ""plate_t_top"": 0.1, ""tilt_deg"": 2.0, ""tilt_jitter"": 0.0}}"
ST_shin-comb_50_s101,stack,shingle/comb,sheet + foil,0.1,101,d76,6.5,50.0,7.6923076923076925,0.03044210510272572,shingle,comb,0.5,-20.0,0.0009458894492127001,0.04999997094273567,"{""backing"": 2.0, ""bot"": ""comb"", ""bot_depth"": 25.0, ""bot_params"": {""jitter"": 0.0, ""pitch"": 6.5, ""wall_bot"": 0.08, ""wall_top"": 0.08}, ""face_h"": 60.0, ""face_w"": 60.0, ""margin_depths"": 2.0, ""seed"": 101, ""top"": ""shingle"", ""top_depth"": 25.0, ""top_params"": {""azimuth_mode"": ""grid"", ""jitter"": 0.3, ""pitch"": 5.5, ""plate_t_bot"": 0.1, ""plate_t_top"": 0.1, ""tilt_deg"": 2.0, ""tilt_jitter"": 0.0}}"
ST_shin-comb_50_s101,stack,shingle/comb,sheet + foil,0.1,101,d76,6.5,50.0,7.6923076923076925,0.03044210510272572,shingle,comb,0.5,-40.0,0.0015410042833536863,0.04999997094273567,"{""backing"": 2.0, ""bot"": ""comb"", ""bot_depth"": 25.0, ""bot_params"": {""jitter"": 0.0, ""pitch"": 6.5, ""wall_bot"": 0.08, ""wall_top"": 0.08}, ""face_h"": 60.0, ""face_w"": 60.0, ""margin_depths"": 2.0, ""seed"": 101, ""top"": ""shingle"", ""top_depth"": 25.0, ""top_params"": {""azimuth_mode"": ""grid"", ""jitter"": 0.3, ""pitch"": 5.5, ""plate_t_bot"": 0.1, ""plate_t_top"": 0.1, ""tilt_deg"": 2.0, ""tilt_jitter"": 0.0}}"
ST_shin-comb_50_s101,stack,shingle/comb,sheet + foil,0.1,101,d76,6.5,50.0,7.6923076923076925,0.03044210510272572,shingle,comb,0.5,20.0,0.0011654109694063663,0.04999997094273567,"{""backing"": 2.0, ""bot"": ""comb"", ""bot_depth"": 25.0, ""bot_params"": {""jitter"": 0.0, ""pitch"": 6.5, ""wall_bot"": 0.08, ""wall_top"": 0.08}, ""face_h"": 60.0, ""face_w"": 60.0, ""margin_depths"": 2.0, ""seed"": 101, ""top"": ""shingle"", ""top_depth"": 25.0, ""top_params"": {""azimuth_mode"": ""grid"", ""jitter"": 0.3, ""pitch"": 5.5, ""plate_t_bot"": 0.1, ""plate_t_top"": 0.1, ""tilt_deg"": 2.0, ""tilt_jitter"": 0.0}}"
ST_shin-comb_50_s101,stack,shingle/comb,sheet + foil,0.1,101,d76,6.5,50.0,7.6923076923076925,0.03044210510272572,shingle,comb,0.5,40.0,0.0017543826252222061,0.04999997094273567,"{""backing"": 2.0, ""bot"": ""comb"", ""bot_depth"": 25.0, ""bot_params"": {""jitter"": 0.0, ""pitch"": 6.5, ""wall_bot"": 0.08, ""wall_top"": 0.08}, ""face_h"": 60.0, ""face_w"": 60.0, ""margin_depths"": 2.0, ""seed"": 101, ""top"": ""shingle"", ""top_depth"": 25.0, ""top_params"": {""azimuth_mode"": ""grid"", ""jitter"": 0.3, ""pitch"": 5.5, ""plate_t_bot"": 0.1, ""plate_t_top"": 0.1, ""tilt_deg"": 2.0, ""tilt_jitter"": 0.0}}"
ST_shin-comb_50_s101,stack,shingle/comb,sheet + foil,0.1,101,d100,6.5,50.0,7.6923076923076925,0.03044210510272572,shingle,comb,0.5,0.0,0.0005526390159502625,0.04999997094273567,"{""backing"": 2.0, ""bot"": ""comb"", ""bot_depth"": 25.0, ""bot_params"": {""jitter"": 0.0, ""pitch"": 6.5, ""wall_bot"": 0.08, ""wall_top"": 0.08}, ""face_h"": 60.0, ""face_w"": 60.0, ""margin_depths"": 2.0, ""seed"": 101, ""top"": ""shingle"", ""top_depth"": 25.0, ""top_params"": {""azimuth_mode"": ""grid"", ""jitter"": 0.3, ""pitch"": 5.5, ""plate_t_bot"": 0.1, ""plate_t_top"": 0.1, ""tilt_deg"": 2.0, ""tilt_jitter"": 0.0}}"
ST_shin-comb_50_s101,stack,shingle/comb,sheet + foil,0.1,101,d100,6.5,50.0,7.6923076923076925,0.03044210510272572,shingle,comb,0.5,-20.0,0.0010837276931852102,0.04999997094273567,"{""backing"": 2.0, ""bot"": ""comb"", ""bot_depth"": 25.0, ""bot_params"": {""jitter"": 0.0, ""pitch"": 6.5, ""wall_bot"": 0.08, ""wall_top"": 0.08}, ""face_h"": 60.0, ""face_w"": 60.0, ""margin_depths"": 2.0, ""seed"": 101, ""top"": ""shingle"", ""top_depth"": 25.0, ""top_params"": {""azimuth_mode"": ""grid"", ""jitter"": 0.3, ""pitch"": 5.5, ""plate_t_bot"": 0.1, ""plate_t_top"": 0.1, ""tilt_deg"": 2.0, ""tilt_jitter"": 0.0}}"
ST_shin-comb_50_s101,stack,shingle/comb,sheet + foil,0.1,101,d100,6.5,50.0,7.6923076923076925,0.03044210510272572,shingle,comb,0.5,-40.0,0.0018474446842446923,0.04999997094273567,"{""backing"": 2.0, ""bot"": ""comb"", ""bot_depth"": 25.0, ""bot_params"": {""jitter"": 0.0, ""pitch"": 6.5, ""wall_bot"": 0.08, ""wall_top"": 0.08}, ""face_h"": 60.0, ""face_w"": 60.0, ""margin_depths"": 2.0, ""seed"": 101, ""top"": ""shingle"", ""top_depth"": 25.0, ""top_params"": {""azimuth_mode"": ""grid"", ""jitter"": 0.3, ""pitch"": 5.5, ""plate_t_bot"": 0.1, ""plate_t_top"": 0.1, ""tilt_deg"": 2.0, ""tilt_jitter"": 0.0}}"
ST_shin-comb_50_s101,stack,shingle/comb,sheet + foil,0.1,101,d100,6.5,50.0,7.6923076923076925,0.03044210510272572,shingle,comb,0.5,20.0,0.0013682941207662225,0.04999997094273567,"{""backing"": 2.0, ""bot"": ""comb"", ""bot_depth"": 25.0, ""bot_params"": {""jitter"": 0.0, ""pitch"": 6.5, ""wall_bot"": 0.08, ""wall_top"": 0.08}, ""face_h"": 60.0, ""face_w"": 60.0, ""margin_depths"": 2.0, ""seed"": 101, ""top"": ""shingle"", ""top_depth"": 25.0, ""top_params"": {""azimuth_mode"": ""grid"", ""jitter"": 0.3, ""pitch"": 5.5, ""plate_t_bot"": 0.1, ""plate_t_top"": 0.1, ""tilt_deg"": 2.0, ""tilt_jitter"": 0.0}}"
ST_shin-comb_50_s101,stack,shingle/comb,sheet + foil,0.1,101,d100,6.5,50.0,7.6923076923076925,0.03044210510272572,shingle,comb,0.5,40.0,0.00213815295137465,0.04999997094273567,"{""backing"": 2.0, ""bot"": ""comb"", ""bot_depth"": 25.0, ""bot_params"": {""jitter"": 0.0, ""pitch"": 6.5, ""wall_bot"": 0.08, ""wall_top"": 0.08}, ""face_h"": 60.0, ""face_w"": 60.0, ""margin_depths"": 2.0, ""seed"": 101, ""top"": ""shingle"", ""top_depth"": 25.0, ""top_params"": {""azimuth_mode"": ""grid"", ""jitter"": 0.3, ""pitch"": 5.5, ""plate_t_bot"": 0.1, ""plate_t_top"": 0.1, ""tilt_deg"": 2.0, ""tilt_jitter"": 0.0}}"
ST_cone-comb_25_s101,stack,cone/comb,mould + foil,0.4,101,d00,6.5,50.0,7.6923076923076925,0.00479682476491694,cone,comb,0.25,0.0,0.003192789852619171,0.04999997094273567,"{""backing"": 2.0, ""bot"": ""comb"", ""bot_depth"": 37.5, ""bot_params"": {""jitter"": 0.0, ""pitch"": 6.5, ""wall_bot"": 0.08, ""wall_top"": 0.08}, ""face_h"": 60.0, ""face_w"": 60.0, ""margin_depths"": 2.0, ""seed"": 101, ""top"": ""cone"", ""top_depth"": 12.5, ""top_params"": {""depth_jitter"": 0.0, ""height_seg"": 12, ""jitter"": 0.3, ""pitch"": 5.5, ""profile_power"": 1.0, ""radial_seg"": 24, ""tip_radius"": 0.2}}"
ST_cone-comb_25_s101,stack,cone/comb,mould + foil,0.4,101,d00,6.5,50.0,7.6923076923076925,0.00479682476491694,cone,comb,0.25,-20.0,0.003675003768876195,0.04999997094273567,"{""backing"": 2.0, ""bot"": ""comb"", ""bot_depth"": 37.5, ""bot_params"": {""jitter"": 0.0, ""pitch"": 6.5, ""wall_bot"": 0.08, ""wall_top"": 0.08}, ""face_h"": 60.0, ""face_w"": 60.0, ""margin_depths"": 2.0, ""seed"": 101, ""top"": ""cone"", ""top_depth"": 12.5, ""top_params"": {""depth_jitter"": 0.0, ""height_seg"": 12, ""jitter"": 0.3, ""pitch"": 5.5, ""profile_power"": 1.0, ""radial_seg"": 24, ""tip_radius"": 0.2}}"
ST_cone-comb_25_s101,stack,cone/comb,mould + foil,0.4,101,d00,6.5,50.0,7.6923076923076925,0.00479682476491694,cone,comb,0.25,-40.0,0.004284628201276064,0.04999997094273567,"{""backing"": 2.0, ""bot"": ""comb"", ""bot_depth"": 37.5, ""bot_params"": {""jitter"": 0.0, ""pitch"": 6.5, ""wall_bot"": 0.08, ""wall_top"": 0.08}, ""face_h"": 60.0, ""face_w"": 60.0, ""margin_depths"": 2.0, ""seed"": 101, ""top"": ""cone"", ""top_depth"": 12.5, ""top_params"": {""depth_jitter"": 0.0, ""height_seg"": 12, ""jitter"": 0.3, ""pitch"": 5.5, ""profile_power"": 1.0, ""radial_seg"": 24, ""tip_radius"": 0.2}}"
ST_cone-comb_25_s101,stack,cone/comb,mould + foil,0.4,101,d00,6.5,50.0,7.6923076923076925,0.00479682476491694,cone,comb,0.25,20.0,0.003612782806158066,0.04999997094273567,"{""backing"": 2.0, ""bot"": ""comb"", ""bot_depth"": 37.5, ""bot_params"": {""jitter"": 0.0, ""pitch"": 6.5, ""wall_bot"": 0.08, ""wall_top"": 0.08}, ""face_h"": 60.0, ""face_w"": 60.0, ""margin_depths"": 2.0, ""seed"": 101, ""top"": ""cone"", ""top_depth"": 12.5, ""top_params"": {""depth_jitter"": 0.0, ""height_seg"": 12, ""jitter"": 0.3, ""pitch"": 5.5, ""profile_power"": 1.0, ""radial_seg"": 24, ""tip_radius"": 0.2}}"
ST_cone-comb_25_s101,stack,cone/comb,mould + foil,0.4,101,d00,6.5,50.0,7.6923076923076925,0.00479682476491694,cone,comb,0.25,40.0,0.004209330305457115,0.04999997094273567,"{""backing"": 2.0, ""bot"": ""comb"", ""bot_depth"": 37.5, ""bot_params"": {""jitter"": 0.0, ""pitch"": 6.5, ""wall_bot"": 0.08, ""wall_top"": 0.08}, ""face_h"": 60.0, ""face_w"": 60.0, ""margin_depths"": 2.0, ""seed"": 101, ""top"": ""cone"", ""top_depth"": 12.5, ""top_params"": {""depth_jitter"": 0.0, ""height_seg"": 12, ""jitter"": 0.3, ""pitch"": 5.5, ""profile_power"": 1.0, ""radial_seg"": 24, ""tip_radius"": 0.2}}"
ST_cone-comb_25_s101,stack,cone/comb,mould + foil,0.4,101,d76,6.5,50.0,7.6923076923076925,0.00479682476491694,cone,comb,0.25,0.0,0.002974239643663168,0.04999997094273567,"{""backing"": 2.0, ""bot"": ""comb"", ""bot_depth"": 37.5, ""bot_params"": {""jitter"": 0.0, ""pitch"": 6.5, ""wall_bot"": 0.08, ""wall_top"": 0.08}, ""face_h"": 60.0, ""face_w"": 60.0, ""margin_depths"": 2.0, ""seed"": 101, ""top"": ""cone"", ""top_depth"": 12.5, ""top_params"": {""depth_jitter"": 0.0, ""height_seg"": 12, ""jitter"": 0.3, ""pitch"": 5.5, ""profile_power"": 1.0, ""radial_seg"": 24, ""tip_radius"": 0.2}}"
ST_cone-comb_25_s101,stack,cone/comb,mould + foil,0.4,101,d76,6.5,50.0,7.6923076923076925,0.00479682476491694,cone,comb,0.25,-20.0,0.00305506051518023,0.04999997094273567,"{""backing"": 2.0, ""bot"": ""comb"", ""bot_depth"": 37.5, ""bot_params"": {""jitter"": 0.0, ""pitch"": 6.5, ""wall_bot"": 0.08, ""wall_top"": 0.08}, ""face_h"": 60.0, ""face_w"": 60.0, ""margin_depths"": 2.0, ""seed"": 101, ""top"": ""cone"", ""top_depth"": 12.5, ""top_params"": {""depth_jitter"": 0.0, ""height_seg"": 12, ""jitter"": 0.3, ""pitch"": 5.5, ""profile_power"": 1.0, ""radial_seg"": 24, ""tip_radius"": 0.2}}"
ST_cone-comb_25_s101,stack,cone/comb,mould + foil,0.4,101,d76,6.5,50.0,7.6923076923076925,0.00479682476491694,cone,comb,0.25,-40.0,0.0035308110527694225,0.04999997094273567,"{""backing"": 2.0, ""bot"": ""comb"", ""bot_depth"": 37.5, ""bot_params"": {""jitter"": 0.0, ""pitch"": 6.5, ""wall_bot"": 0.08, ""wall_top"": 0.08}, ""face_h"": 60.0, ""face_w"": 60.0, ""margin_depths"": 2.0, ""seed"": 101, ""top"": ""cone"", ""top_depth"": 12.5, ""top_params"": {""depth_jitter"": 0.0, ""height_seg"": 12, ""jitter"": 0.3, ""pitch"": 5.5, ""profile_power"": 1.0, ""radial_seg"": 24, ""tip_radius"": 0.2}}"
ST_cone-comb_25_s101,stack,cone/comb,mould + foil,0.4,101,d76,6.5,50.0,7.6923076923076925,0.00479682476491694,cone,comb,0.25,20.0,0.0030245892703533173,0.04999997094273567,"{""backing"": 2.0, ""bot"": ""comb"", ""bot_depth"": 37.5, ""bot_params"": {""jitter"": 0.0, ""pitch"": 6.5, ""wall_bot"": 0.08, ""wall_top"": 0.08}, ""face_h"": 60.0, ""face_w"": 60.0, ""margin_depths"": 2.0, ""seed"": 101, ""top"": ""cone"", ""top_depth"": 12.5, ""top_params"": {""depth_jitter"": 0.0, ""height_seg"": 12, ""jitter"": 0.3, ""pitch"": 5.5, ""profile_power"": 1.0, ""radial_seg"": 24, ""tip_radius"": 0.2}}"
ST_cone-comb_25_s101,stack,cone/comb,mould + foil,0.4,101,d76,6.5,50.0,7.6923076923076925,0.00479682476491694,cone,comb,0.25,40.0,0.003518373006954789,0.04999997094273567,"{""backing"": 2.0, ""bot"": ""comb"", ""bot_depth"": 37.5, ""bot_params"": {""jitter"": 0.0, ""pitch"": 6.5, ""wall_bot"": 0.08, ""wall_top"": 0.08}, ""face_h"": 60.0, ""face_w"": 60.0, ""margin_depths"": 2.0, ""seed"": 101, ""top"": ""cone"", ""top_depth"": 12.5, ""top_params"": {""depth_jitter"": 0.0, ""height_seg"": 12, ""jitter"": 0.3, ""pitch"": 5.5, ""profile_power"": 1.0, ""radial_seg"": 24, ""tip_radius"": 0.2}}"
ST_cone-comb_25_s101,stack,cone/comb,mould + foil,0.4,101,d100,6.5,50.0,7.6923076923076925,0.00479682476491694,cone,comb,0.25,0.0,0.0032005703542381525,0.04999997094273567,"{""backing"": 2.0, ""bot"": ""comb"", ""bot_depth"": 37.5, ""bot_params"": {""jitter"": 0.0, ""pitch"": 6.5, ""wall_bot"": 0.08, ""wall_top"": 0.08}, ""face_h"": 60.0, ""face_w"": 60.0, ""margin_depths"": 2.0, ""seed"": 101, ""top"": ""cone"", ""top_depth"": 12.5, ""top_params"": {""depth_jitter"": 0.0, ""height_seg"": 12, ""jitter"": 0.3, ""pitch"": 5.5, ""profile_power"": 1.0, ""radial_seg"": 24, ""tip_radius"": 0.2}}"
ST_cone-comb_25_s101,stack,cone/comb,mould + foil,0.4,101,d100,6.5,50.0,7.6923076923076925,0.00479682476491694,cone,comb,0.25,-20.0,0.003226569388061762,0.04999997094273567,"{""backing"": 2.0, ""bot"": ""comb"", ""bot_depth"": 37.5, ""bot_params"": {""jitter"": 0.0, ""pitch"": 6.5, ""wall_bot"": 0.08, ""wall_top"": 0.08}, ""face_h"": 60.0, ""face_w"": 60.0, ""margin_depths"": 2.0, ""seed"": 101, ""top"": ""cone"", ""top_depth"": 12.5, ""top_params"": {""depth_jitter"": 0.0, ""height_seg"": 12, ""jitter"": 0.3, ""pitch"": 5.5, ""profile_power"": 1.0, ""radial_seg"": 24, ""tip_radius"": 0.2}}"
ST_cone-comb_25_s101,stack,cone/comb,mould + foil,0.4,101,d100,6.5,50.0,7.6923076923076925,0.00479682476491694,cone,comb,0.25,-40.0,0.00373801589012146,0.04999997094273567,"{""backing"": 2.0, ""bot"": ""comb"", ""bot_depth"": 37.5, ""bot_params"": {""jitter"": 0.0, ""pitch"": 6.5, ""wall_bot"": 0.08, ""wall_top"": 0.08}, ""face_h"": 60.0, ""face_w"": 60.0, ""margin_depths"": 2.0, ""seed"": 101, ""top"": ""cone"", ""top_depth"": 12.5, ""top_params"": {""depth_jitter"": 0.0, ""height_seg"": 12, ""jitter"": 0.3, ""pitch"": 5.5, ""profile_power"": 1.0, ""radial_seg"": 24, ""tip_radius"": 0.2}}"
ST_cone-comb_25_s101,stack,cone/comb,mould + foil,0.4,101,d100,6.5,50.0,7.6923076923076925,0.00479682476491694,cone,comb,0.25,20.0,0.0032158601097762585,0.04999997094273567,"{""backing"": 2.0, ""bot"": ""comb"", ""bot_depth"": 37.5, ""bot_params"": {""jitter"": 0.0, ""pitch"": 6.5, ""wall_bot"": 0.08, ""wall_top"": 0.08}, ""face_h"": 60.0, ""face_w"": 60.0, ""margin_depths"": 2.0, ""seed"": 101, ""top"": ""cone"", ""top_depth"": 12.5, ""top_params"": {""depth_jitter"": 0.0, ""height_seg"": 12, ""jitter"": 0.3, ""pitch"": 5.5, ""profile_power"": 1.0, ""radial_seg"": 24, ""tip_radius"": 0.2}}"
ST_cone-comb_25_s101,stack,cone/comb,mould + foil,0.4,101,d100,6.5,50.0,7.6923076923076925,0.00479682476491694,cone,comb,0.25,40.0,0.0037406524643301964,0.04999997094273567,"{""backing"": 2.0, ""bot"": ""comb"", ""bot_depth"": 37.5, ""bot_params"": {""jitter"": 0.0, ""pitch"": 6.5, ""wall_bot"": 0.08, ""wall_top"": 0.08}, ""face_h"": 60.0, ""face_w"": 60.0, ""margin_depths"": 2.0, ""seed"": 101, ""top"": ""cone"", ""top_depth"": 12.5, ""top_params"": {""depth_jitter"": 0.0, ""height_seg"": 12, ""jitter"": 0.3, ""pitch"": 5.5, ""profile_power"": 1.0, ""radial_seg"": 24, ""tip_radius"": 0.2}}"
ST_comb-cone_25_s101,stack,comb/cone,foil + mould,0.08,101,d00,6.5,50.0,7.6923076923076925,0.03282051282051282,comb,cone,0.25,0.0,0.000566511822398752,0.04999997094273567,"{""backing"": 2.0, ""bot"": ""cone"", ""bot_depth"": 37.5, ""bot_params"": {""depth_jitter"": 0.0, ""height_seg"": 12, ""jitter"": 0.3, ""pitch"": 5.5, ""profile_power"": 1.0, ""radial_seg"": 24, ""tip_radius"": 0.2}, ""face_h"": 60.0, ""face_w"": 60.0, ""margin_depths"": 2.0, ""seed"": 101, ""top"": ""comb"", ""top_depth"": 12.5, ""top_params"": {""jitter"": 0.0, ""pitch"": 6.5, ""wall_bot"": 0.08, ""wall_top"": 0.08}}"
ST_comb-cone_25_s101,stack,comb/cone,foil + mould,0.08,101,d00,6.5,50.0,7.6923076923076925,0.03282051282051282,comb,cone,0.25,-20.0,0.00048648129450157285,0.04999997094273567,"{""backing"": 2.0, ""bot"": ""cone"", ""bot_depth"": 37.5, ""bot_params"": {""depth_jitter"": 0.0, ""height_seg"": 12, ""jitter"": 0.3, ""pitch"": 5.5, ""profile_power"": 1.0, ""radial_seg"": 24, ""tip_radius"": 0.2}, ""face_h"": 60.0, ""face_w"": 60.0, ""margin_depths"": 2.0, ""seed"": 101, ""top"": ""comb"", ""top_depth"": 12.5, ""top_params"": {""jitter"": 0.0, ""pitch"": 6.5, ""wall_bot"": 0.08, ""wall_top"": 0.08}}"
ST_comb-cone_25_s101,stack,comb/cone,foil + mould,0.08,101,d00,6.5,50.0,7.6923076923076925,0.03282051282051282,comb,cone,0.25,-40.0,0.00044019866618327796,0.04999997094273567,"{""backing"": 2.0, ""bot"": ""cone"", ""bot_depth"": 37.5, ""bot_params"": {""depth_jitter"": 0.0, ""height_seg"": 12, ""jitter"": 0.3, ""pitch"": 5.5, ""profile_power"": 1.0, ""radial_seg"": 24, ""tip_radius"": 0.2}, ""face_h"": 60.0, ""face_w"": 60.0, ""margin_depths"": 2.0, ""seed"": 101, ""top"": ""comb"", ""top_depth"": 12.5, ""top_params"": {""jitter"": 0.0, ""pitch"": 6.5, ""wall_bot"": 0.08, ""wall_top"": 0.08}}"
ST_comb-cone_25_s101,stack,comb/cone,foil + mould,0.08,101,d00,6.5,50.0,7.6923076923076925,0.03282051282051282,comb,cone,0.25,20.0,0.0004980847588740289,0.04999997094273567,"{""backing"": 2.0, ""bot"": ""cone"", ""bot_depth"": 37.5, ""bot_params"": {""depth_jitter"": 0.0, ""height_seg"": 12, ""jitter"": 0.3, ""pitch"": 5.5, ""profile_power"": 1.0, ""radial_seg"": 24, ""tip_radius"": 0.2}, ""face_h"": 60.0, ""face_w"": 60.0, ""margin_depths"": 2.0, ""seed"": 101, ""top"": ""comb"", ""top_depth"": 12.5, ""top_params"": {""jitter"": 0.0, ""pitch"": 6.5, ""wall_bot"": 0.08, ""wall_top"": 0.08}}"
ST_comb-cone_25_s101,stack,comb/cone,foil + mould,0.08,101,d00,6.5,50.0,7.6923076923076925,0.03282051282051282,comb,cone,0.25,40.0,0.00044344449997879565,0.04999997094273567,"{""backing"": 2.0, ""bot"": ""cone"", ""bot_depth"": 37.5, ""bot_params"": {""depth_jitter"": 0.0, ""height_seg"": 12, ""jitter"": 0.3, ""pitch"": 5.5, ""profile_power"": 1.0, ""radial_seg"": 24, ""tip_radius"": 0.2}, ""face_h"": 60.0, ""face_w"": 60.0, ""margin_depths"": 2.0, ""seed"": 101, ""top"": ""comb"", ""top_depth"": 12.5, ""top_params"": {""jitter"": 0.0, ""pitch"": 6.5, ""wall_bot"": 0.08, ""wall_top"": 0.08}}"
ST_comb-cone_25_s101,stack,comb/cone,foil + mould,0.08,101,d76,6.5,50.0,7.6923076923076925,0.03282051282051282,comb,cone,0.25,0.0,0.0004234205116517842,0.04999997094273567,"{""backing"": 2.0, ""bot"": ""cone"", ""bot_depth"": 37.5, ""bot_params"": {""depth_jitter"": 0.0, ""height_seg"": 12, ""jitter"": 0.3, ""pitch"": 5.5, ""profile_power"": 1.0, ""radial_seg"": 24, ""tip_radius"": 0.2}, ""face_h"": 60.0, ""face_w"": 60.0, ""margin_depths"": 2.0, ""seed"": 101, ""top"": ""comb"", ""top_depth"": 12.5, ""top_params"": {""jitter"": 0.0, ""pitch"": 6.5, ""wall_bot"": 0.08, ""wall_top"": 0.08}}"
ST_comb-cone_25_s101,stack,comb/cone,foil + mould,0.08,101,d76,6.5,50.0,7.6923076923076925,0.03282051282051282,comb,cone,0.25,-20.0,0.0010637528030201793,0.04999997094273567,"{""backing"": 2.0, ""bot"": ""cone"", ""bot_depth"": 37.5, ""bot_params"": {""depth_jitter"": 0.0, ""height_seg"": 12, ""jitter"": 0.3, ""pitch"": 5.5, ""profile_power"": 1.0, ""radial_seg"": 24, ""tip_radius"": 0.2}, ""face_h"": 60.0, ""face_w"": 60.0, ""margin_depths"": 2.0, ""seed"": 101, ""top"": ""comb"", ""top_depth"": 12.5, ""top_params"": {""jitter"": 0.0, ""pitch"": 6.5, ""wall_bot"": 0.08, ""wall_top"": 0.08}}"
ST_comb-cone_25_s101,stack,comb/cone,foil + mould,0.08,101,d76,6.5,50.0,7.6923076923076925,0.03282051282051282,comb,cone,0.25,-40.0,0.0017626937478780746,0.04999997094273567,"{""backing"": 2.0, ""bot"": ""cone"", ""bot_depth"": 37.5, ""bot_params"": {""depth_jitter"": 0.0, ""height_seg"": 12, ""jitter"": 0.3, ""pitch"": 5.5, ""profile_power"": 1.0, ""radial_seg"": 24, ""tip_radius"": 0.2}, ""face_h"": 60.0, ""face_w"": 60.0, ""margin_depths"": 2.0, ""seed"": 101, ""top"": ""comb"", ""top_depth"": 12.5, ""top_params"": {""jitter"": 0.0, ""pitch"": 6.5, ""wall_bot"": 0.08, ""wall_top"": 0.08}}"
ST_comb-cone_25_s101,stack,comb/cone,foil + mould,0.08,101,d76,6.5,50.0,7.6923076923076925,0.03282051282051282,comb,cone,0.25,20.0,0.0011325959349051118,0.04999997094273567,"{""backing"": 2.0, ""bot"": ""cone"", ""bot_depth"": 37.5, ""bot_params"": {""depth_jitter"": 0.0, ""height_seg"": 12, ""jitter"": 0.3, ""pitch"": 5.5, ""profile_power"": 1.0, ""radial_seg"": 24, ""tip_radius"": 0.2}, ""face_h"": 60.0, ""face_w"": 60.0, ""margin_depths"": 2.0, ""seed"": 101, ""top"": ""comb"", ""top_depth"": 12.5, ""top_params"": {""jitter"": 0.0, ""pitch"": 6.5, ""wall_bot"": 0.08, ""wall_top"": 0.08}}"
ST_comb-cone_25_s101,stack,comb/cone,foil + mould,0.08,101,d76,6.5,50.0,7.6923076923076925,0.03282051282051282,comb,cone,0.25,40.0,0.0018365047872066498,0.04999997094273567,"{""backing"": 2.0, ""bot"": ""cone"", ""bot_depth"": 37.5, ""bot_params"": {""depth_jitter"": 0.0, ""height_seg"": 12, ""jitter"": 0.3, ""pitch"": 5.5, ""profile_power"": 1.0, ""radial_seg"": 24, ""tip_radius"": 0.2}, ""face_h"": 60.0, ""face_w"": 60.0, ""margin_depths"": 2.0, ""seed"": 101, ""top"": ""comb"", ""top_depth"": 12.5, ""top_params"": {""jitter"": 0.0, ""pitch"": 6.5, ""wall_bot"": 0.08, ""wall_top"": 0.08}}"
ST_comb-cone_25_s101,stack,comb/cone,foil + mould,0.08,101,d100,6.5,50.0,7.6923076923076925,0.03282051282051282,comb,cone,0.25,0.0,0.00039128793287090957,0.04999997094273567,"{""backing"": 2.0, ""bot"": ""cone"", ""bot_depth"": 37.5, ""bot_params"": {""depth_jitter"": 0.0, ""height_seg"": 12, ""jitter"": 0.3, ""pitch"": 5.5, ""profile_power"": 1.0, ""radial_seg"": 24, ""tip_radius"": 0.2}, ""face_h"": 60.0, ""face_w"": 60.0, ""margin_depths"": 2.0, ""seed"": 101, ""top"": ""comb"", ""top_depth"": 12.5, ""top_params"": {""jitter"": 0.0, ""pitch"": 6.5, ""wall_bot"": 0.08, ""wall_top"": 0.08}}"
ST_comb-cone_25_s101,stack,comb/cone,foil + mould,0.08,101,d100,6.5,50.0,7.6923076923076925,0.03282051282051282,comb,cone,0.25,-20.0,0.0012485756305977702,0.04999997094273567,"{""backing"": 2.0, ""bot"": ""cone"", ""bot_depth"": 37.5, ""bot_params"": {""depth_jitter"": 0.0, ""height_seg"": 12, ""jitter"": 0.3, ""pitch"": 5.5, ""profile_power"": 1.0, ""radial_seg"": 24, ""tip_radius"": 0.2}, ""face_h"": 60.0, ""face_w"": 60.0, ""margin_depths"": 2.0, ""seed"": 101, ""top"": ""comb"", ""top_depth"": 12.5, ""top_params"": {""jitter"": 0.0, ""pitch"": 6.5, ""wall_bot"": 0.08, ""wall_top"": 0.08}}"
ST_comb-cone_25_s101,stack,comb/cone,foil + mould,0.08,101,d100,6.5,50.0,7.6923076923076925,0.03282051282051282,comb,cone,0.25,-40.0,0.002185442019253969,0.04999997094273567,"{""backing"": 2.0, ""bot"": ""cone"", ""bot_depth"": 37.5, ""bot_params"": {""depth_jitter"": 0.0, ""height_seg"": 12, ""jitter"": 0.3, ""pitch"": 5.5, ""profile_power"": 1.0, ""radial_seg"": 24, ""tip_radius"": 0.2}, ""face_h"": 60.0, ""face_w"": 60.0, ""margin_depths"": 2.0, ""seed"": 101, ""top"": ""comb"", ""top_depth"": 12.5, ""top_params"": {""jitter"": 0.0, ""pitch"": 6.5, ""wall_bot"": 0.08, ""wall_top"": 0.08}}"
ST_comb-cone_25_s101,stack,comb/cone,foil + mould,0.08,101,d100,6.5,50.0,7.6923076923076925,0.03282051282051282,comb,cone,0.25,20.0,0.0013429435202851892,0.04999997094273567,"{""backing"": 2.0, ""bot"": ""cone"", ""bot_depth"": 37.5, ""bot_params"": {""depth_jitter"": 0.0, ""height_seg"": 12, ""jitter"": 0.3, ""pitch"": 5.5, ""profile_power"": 1.0, ""radial_seg"": 24, ""tip_radius"": 0.2}, ""face_h"": 60.0, ""face_w"": 60.0, ""margin_depths"": 2.0, ""seed"": 101, ""top"": ""comb"", ""top_depth"": 12.5, ""top_params"": {""jitter"": 0.0, ""pitch"": 6.5, ""wall_bot"": 0.08, ""wall_top"": 0.08}}"
ST_comb-cone_25_s101,stack,comb/cone,foil + mould,0.08,101,d100,6.5,50.0,7.6923076923076925,0.03282051282051282,comb,cone,0.25,40.0,0.0022829007357358932,0.04999997094273567,"{""backing"": 2.0, ""bot"": ""cone"", ""bot_depth"": 37.5, ""bot_params"": {""depth_jitter"": 0.0, ""height_seg"": 12, ""jitter"": 0.3, ""pitch"": 5.5, ""profile_power"": 1.0, ""radial_seg"": 24, ""tip_radius"": 0.2}, ""face_h"": 60.0, ""face_w"": 60.0, ""margin_depths"": 2.0, ""seed"": 101, ""top"": ""comb"", ""top_depth"": 12.5, ""top_params"": {""jitter"": 0.0, ""pitch"": 6.5, ""wall_bot"": 0.08, ""wall_top"": 0.08}}"
ST_cone-comb_75_s101,stack,cone/comb,mould + foil,0.4,101,d00,6.5,50.0,7.6923076923076925,0.00479682476491694,cone,comb,0.75,0.0,0.002024164190515876,0.04999997094273567,"{""backing"": 2.0, ""bot"": ""comb"", ""bot_depth"": 12.5, ""bot_params"": {""jitter"": 0.0, ""pitch"": 6.5, ""wall_bot"": 0.08, ""wall_top"": 0.08}, ""face_h"": 60.0, ""face_w"": 60.0, ""margin_depths"": 2.0, ""seed"": 101, ""top"": ""cone"", ""top_depth"": 37.5, ""top_params"": {""depth_jitter"": 0.0, ""height_seg"": 12, ""jitter"": 0.3, ""pitch"": 5.5, ""profile_power"": 1.0, ""radial_seg"": 24, ""tip_radius"": 0.2}}"
ST_cone-comb_75_s101,stack,cone/comb,mould + foil,0.4,101,d00,6.5,50.0,7.6923076923076925,0.00479682476491694,cone,comb,0.75,-20.0,0.001565274316817522,0.04999997094273567,"{""backing"": 2.0, ""bot"": ""comb"", ""bot_depth"": 12.5, ""bot_params"": {""jitter"": 0.0, ""pitch"": 6.5, ""wall_bot"": 0.08, ""wall_top"": 0.08}, ""face_h"": 60.0, ""face_w"": 60.0, ""margin_depths"": 2.0, ""seed"": 101, ""top"": ""cone"", ""top_depth"": 37.5, ""top_params"": {""depth_jitter"": 0.0, ""height_seg"": 12, ""jitter"": 0.3, ""pitch"": 5.5, ""profile_power"": 1.0, ""radial_seg"": 24, ""tip_radius"": 0.2}}"
ST_cone-comb_75_s101,stack,cone/comb,mould + foil,0.4,101,d00,6.5,50.0,7.6923076923076925,0.00479682476491694,cone,comb,0.75,-40.0,0.0023541036061942577,0.04999997094273567,"{""backing"": 2.0, ""bot"": ""comb"", ""bot_depth"": 12.5, ""bot_params"": {""jitter"": 0.0, ""pitch"": 6.5, ""wall_bot"": 0.08, ""wall_top"": 0.08}, ""face_h"": 60.0, ""face_w"": 60.0, ""margin_depths"": 2.0, ""seed"": 101, ""top"": ""cone"", ""top_depth"": 37.5, ""top_params"": {""depth_jitter"": 0.0, ""height_seg"": 12, ""jitter"": 0.3, ""pitch"": 5.5, ""profile_power"": 1.0, ""radial_seg"": 24, ""tip_radius"": 0.2}}"
ST_cone-comb_75_s101,stack,cone/comb,mould + foil,0.4,101,d00,6.5,50.0,7.6923076923076925,0.00479682476491694,cone,comb,0.75,20.0,0.001502270926721394,0.04999997094273567,"{""backing"": 2.0, ""bot"": ""comb"", ""bot_depth"": 12.5, ""bot_params"": {""jitter"": 0.0, ""pitch"": 6.5, ""wall_bot"": 0.08, ""wall_top"": 0.08}, ""face_h"": 60.0, ""face_w"": 60.0, ""margin_depths"": 2.0, ""seed"": 101, ""top"": ""cone"", ""top_depth"": 37.5, ""top_params"": {""depth_jitter"": 0.0, ""height_seg"": 12, ""jitter"": 0.3, ""pitch"": 5.5, ""profile_power"": 1.0, ""radial_seg"": 24, ""tip_radius"": 0.2}}"
ST_cone-comb_75_s101,stack,cone/comb,mould + foil,0.4,101,d00,6.5,50.0,7.6923076923076925,0.00479682476491694,cone,comb,0.75,40.0,0.002396584488451481,0.04999997094273567,"{""backing"": 2.0, ""bot"": ""comb"", ""bot_depth"": 12.5, ""bot_params"": {""jitter"": 0.0, ""pitch"": 6.5, ""wall_bot"": 0.08, ""wall_top"": 0.08}, ""face_h"": 60.0, ""face_w"": 60.0, ""margin_depths"": 2.0, ""seed"": 101, ""top"": ""cone"", ""top_depth"": 37.5, ""top_params"": {""depth_jitter"": 0.0, ""height_seg"": 12, ""jitter"": 0.3, ""pitch"": 5.5, ""profile_power"": 1.0, ""radial_seg"": 24, ""tip_radius"": 0.2}}"
ST_cone-comb_75_s101,stack,cone/comb,mould + foil,0.4,101,d76,6.5,50.0,7.6923076923076925,0.00479682476491694,cone,comb,0.75,0.0,0.0012681896332651377,0.04999997094273567,"{""backing"": 2.0, ""bot"": ""comb"", ""bot_depth"": 12.5, ""bot_params"": {""jitter"": 0.0, ""pitch"": 6.5, ""wall_bot"": 0.08, ""wall_top"": 0.08}, ""face_h"": 60.0, ""face_w"": 60.0, ""margin_depths"": 2.0, ""seed"": 101, ""top"": ""cone"", ""top_depth"": 37.5, ""top_params"": {""depth_jitter"": 0.0, ""height_seg"": 12, ""jitter"": 0.3, ""pitch"": 5.5, ""profile_power"": 1.0, ""radial_seg"": 24, ""tip_radius"": 0.2}}"
ST_cone-comb_75_s101,stack,cone/comb,mould + foil,0.4,101,d76,6.5,50.0,7.6923076923076925,0.00479682476491694,cone,comb,0.75,-20.0,0.001539859571494162,0.04999997094273567,"{""backing"": 2.0, ""bot"": ""comb"", ""bot_depth"": 12.5, ""bot_params"": {""jitter"": 0.0, ""pitch"": 6.5, ""wall_bot"": 0.08, ""wall_top"": 0.08}, ""face_h"": 60.0, ""face_w"": 60.0, ""margin_depths"": 2.0, ""seed"": 101, ""top"": ""cone"", ""top_depth"": 37.5, ""top_params"": {""depth_jitter"": 0.0, ""height_seg"": 12, ""jitter"": 0.3, ""pitch"": 5.5, ""profile_power"": 1.0, ""radial_seg"": 24, ""tip_radius"": 0.2}}"
ST_cone-comb_75_s101,stack,cone/comb,mould + foil,0.4,101,d76,6.5,50.0,7.6923076923076925,0.00479682476491694,cone,comb,0.75,-40.0,0.002187959849834442,0.04999997094273567,"{""backing"": 2.0, ""bot"": ""comb"", ""bot_depth"": 12.5, ""bot_params"": {""jitter"": 0.0, ""pitch"": 6.5, ""wall_bot"": 0.08, ""wall_top"": 0.08}, ""face_h"": 60.0, ""face_w"": 60.0, ""margin_depths"": 2.0, ""seed"": 101, ""top"": ""cone"", ""top_depth"": 37.5, ""top_params"": {""depth_jitter"": 0.0, ""height_seg"": 12, ""jitter"": 0.3, ""pitch"": 5.5, ""profile_power"": 1.0, ""radial_seg"": 24, ""tip_radius"": 0.2}}"
ST_cone-comb_75_s101,stack,cone/comb,mould + foil,0.4,101,d76,6.5,50.0,7.6923076923076925,0.00479682476491694,cone,comb,0.75,20.0,0.0014785374514758587,0.04999997094273567,"{""backing"": 2.0, ""bot"": ""comb"", ""bot_depth"": 12.5, ""bot_params"": {""jitter"": 0.0, ""pitch"": 6.5, ""wall_bot"": 0.08, ""wall_top"": 0.08}, ""face_h"": 60.0, ""face_w"": 60.0, ""margin_depths"": 2.0, ""seed"": 101, ""top"": ""cone"", ""top_depth"": 37.5, ""top_params"": {""depth_jitter"": 0.0, ""height_seg"": 12, ""jitter"": 0.3, ""pitch"": 5.5, ""profile_power"": 1.0, ""radial_seg"": 24, ""tip_radius"": 0.2}}"
ST_cone-comb_75_s101,stack,cone/comb,mould + foil,0.4,101,d76,6.5,50.0,7.6923076923076925,0.00479682476491694,cone,comb,0.75,40.0,0.0022190941963344812,0.04999997094273567,"{""backing"": 2.0, ""bot"": ""comb"", ""bot_depth"": 12.5, ""bot_params"": {""jitter"": 0.0, ""pitch"": 6.5, ""wall_bot"": 0.08, ""wall_top"": 0.08}, ""face_h"": 60.0, ""face_w"": 60.0, ""margin_depths"": 2.0, ""seed"": 101, ""top"": ""cone"", ""top_depth"": 37.5, ""top_params"": {""depth_jitter"": 0.0, ""height_seg"": 12, ""jitter"": 0.3, ""pitch"": 5.5, ""profile_power"": 1.0, ""radial_seg"": 24, ""tip_radius"": 0.2}}"
ST_cone-comb_75_s101,stack,cone/comb,mould + foil,0.4,101,d100,6.5,50.0,7.6923076923076925,0.00479682476491694,cone,comb,0.75,0.0,0.001141475047916174,0.04999997094273567,"{""backing"": 2.0, ""bot"": ""comb"", ""bot_depth"": 12.5, ""bot_params"": {""jitter"": 0.0, ""pitch"": 6.5, ""wall_bot"": 0.08, ""wall_top"": 0.08}, ""face_h"": 60.0, ""face_w"": 60.0, ""margin_depths"": 2.0, ""seed"": 101, ""top"": ""cone"", ""top_depth"": 37.5, ""top_params"": {""depth_jitter"": 0.0, ""height_seg"": 12, ""jitter"": 0.3, ""pitch"": 5.5, ""profile_power"": 1.0, ""radial_seg"": 24, ""tip_radius"": 0.2}}"
ST_cone-comb_75_s101,stack,cone/comb,mould + foil,0.4,101,d100,6.5,50.0,7.6923076923076925,0.00479682476491694,cone,comb,0.75,-20.0,0.0016608830774202943,0.04999997094273567,"{""backing"": 2.0, ""bot"": ""comb"", ""bot_depth"": 12.5, ""bot_params"": {""jitter"": 0.0, ""pitch"": 6.5, ""wall_bot"": 0.08, ""wall_top"": 0.08}, ""face_h"": 60.0, ""face_w"": 60.0, ""margin_depths"": 2.0, ""seed"": 101, ""top"": ""cone"", ""top_depth"": 37.5, ""top_params"": {""depth_jitter"": 0.0, ""height_seg"": 12, ""jitter"": 0.3, ""pitch"": 5.5, ""profile_power"": 1.0, ""radial_seg"": 24, ""tip_radius"": 0.2}}"
ST_cone-comb_75_s101,stack,cone/comb,mould + foil,0.4,101,d100,6.5,50.0,7.6923076923076925,0.00479682476491694,cone,comb,0.75,-40.0,0.002335479250177741,0.04999997094273567,"{""backing"": 2.0, ""bot"": ""comb"", ""bot_depth"": 12.5, ""bot_params"": {""jitter"": 0.0, ""pitch"": 6.5, ""wall_bot"": 0.08, ""wall_top"": 0.08}, ""face_h"": 60.0, ""face_w"": 60.0, ""margin_depths"": 2.0, ""seed"": 101, ""top"": ""cone"", ""top_depth"": 37.5, ""top_params"": {""depth_jitter"": 0.0, ""height_seg"": 12, ""jitter"": 0.3, ""pitch"": 5.5, ""profile_power"": 1.0, ""radial_seg"": 24, ""tip_radius"": 0.2}}"
ST_cone-comb_75_s101,stack,cone/comb,mould + foil,0.4,101,d100,6.5,50.0,7.6923076923076925,0.00479682476491694,cone,comb,0.75,20.0,0.0016350926598533988,0.04999997094273567,"{""backing"": 2.0, ""bot"": ""comb"", ""bot_depth"": 12.5, ""bot_params"": {""jitter"": 0.0, ""pitch"": 6.5, ""wall_bot"": 0.08, ""wall_top"": 0.08}, ""face_h"": 60.0, ""face_w"": 60.0, ""margin_depths"": 2.0, ""seed"": 101, ""top"": ""cone"", ""top_depth"": 37.5, ""top_params"": {""depth_jitter"": 0.0, ""height_seg"": 12, ""jitter"": 0.3, ""pitch"": 5.5, ""profile_power"": 1.0, ""radial_seg"": 24, ""tip_radius"": 0.2}}"
ST_cone-comb_75_s101,stack,cone/comb,mould + foil,0.4,101,d100,6.5,50.0,7.6923076923076925,0.00479682476491694,cone,comb,0.75,40.0,0.002339254366233945,0.04999997094273567,"{""backing"": 2.0, ""bot"": ""comb"", ""bot_depth"": 12.5, ""bot_params"": {""jitter"": 0.0, ""pitch"": 6.5, ""wall_bot"": 0.08, ""wall_top"": 0.08}, ""face_h"": 60.0, ""face_w"": 60.0, ""margin_depths"": 2.0, ""seed"": 101, ""top"": ""cone"", ""top_depth"": 37.5, ""top_params"": {""depth_jitter"": 0.0, ""height_seg"": 12, ""jitter"": 0.3, ""pitch"": 5.5, ""profile_power"": 1.0, ""radial_seg"": 24, ""tip_radius"": 0.2}}"
ST_comb-cone_75_s101,stack,comb/cone,foil + mould,0.08,101,d00,6.5,50.0,7.6923076923076925,0.03282051282051282,comb,cone,0.75,0.0,0.00036778103094547987,0.04999997094273567,"{""backing"": 2.0, ""bot"": ""cone"", ""bot_depth"": 12.5, ""bot_params"": {""depth_jitter"": 0.0, ""height_seg"": 12, ""jitter"": 0.3, ""pitch"": 5.5, ""profile_power"": 1.0, ""radial_seg"": 24, ""tip_radius"": 0.2}, ""face_h"": 60.0, ""face_w"": 60.0, ""margin_depths"": 2.0, ""seed"": 101, ""top"": ""comb"", ""top_depth"": 37.5, ""top_params"": {""jitter"": 0.0, ""pitch"": 6.5, ""wall_bot"": 0.08, ""wall_top"": 0.08}}"
ST_comb-cone_75_s101,stack,comb/cone,foil + mould,0.08,101,d00,6.5,50.0,7.6923076923076925,0.03282051282051282,comb,cone,0.75,-20.0,0.00046378164552152157,0.04999997094273567,"{""backing"": 2.0, ""bot"": ""cone"", ""bot_depth"": 12.5, ""bot_params"": {""depth_jitter"": 0.0, ""height_seg"": 12, ""jitter"": 0.3, ""pitch"": 5.5, ""profile_power"": 1.0, ""radial_seg"": 24, ""tip_radius"": 0.2}, ""face_h"": 60.0, ""face_w"": 60.0, ""margin_depths"": 2.0, ""seed"": 101, ""top"": ""comb"", ""top_depth"": 37.5, ""top_params"": {""jitter"": 0.0, ""pitch"": 6.5, ""wall_bot"": 0.08, ""wall_top"": 0.08}}"
ST_comb-cone_75_s101,stack,comb/cone,foil + mould,0.08,101,d00,6.5,50.0,7.6923076923076925,0.03282051282051282,comb,cone,0.75,-40.0,0.00045317725744098425,0.04999997094273567,"{""backing"": 2.0, ""bot"": ""cone"", ""bot_depth"": 12.5, ""bot_params"": {""depth_jitter"": 0.0, ""height_seg"": 12, ""jitter"": 0.3, ""pitch"": 5.5, ""profile_power"": 1.0, ""radial_seg"": 24, ""tip_radius"": 0.2}, ""face_h"": 60.0, ""face_w"": 60.0, ""margin_depths"": 2.0, ""seed"": 101, ""top"": ""comb"", ""top_depth"": 37.5, ""top_params"": {""jitter"": 0.0, ""pitch"": 6.5, ""wall_bot"": 0.08, ""wall_top"": 0.08}}"
ST_comb-cone_75_s101,stack,comb/cone,foil + mould,0.08,101,d00,6.5,50.0,7.6923076923076925,0.03282051282051282,comb,cone,0.75,20.0,0.0004785620840266347,0.04999997094273567,"{""backing"": 2.0, ""bot"": ""cone"", ""bot_depth"": 12.5, ""bot_params"": {""depth_jitter"": 0.0, ""height_seg"": 12, ""jitter"": 0.3, ""pitch"": 5.5, ""profile_power"": 1.0, ""radial_seg"": 24, ""tip_radius"": 0.2}, ""face_h"": 60.0, ""face_w"": 60.0, ""margin_depths"": 2.0, ""seed"": 101, ""top"": ""comb"", ""top_depth"": 37.5, ""top_params"": {""jitter"": 0.0, ""pitch"": 6.5, ""wall_bot"": 0.08, ""wall_top"": 0.08}}"
ST_comb-cone_75_s101,stack,comb/cone,foil + mould,0.08,101,d00,6.5,50.0,7.6923076923076925,0.03282051282051282,comb,cone,0.75,40.0,0.0004560680245049298,0.04999997094273567,"{""backing"": 2.0, ""bot"": ""cone"", ""bot_depth"": 12.5, ""bot_params"": {""depth_jitter"": 0.0, ""height_seg"": 12, ""jitter"": 0.3, ""pitch"": 5.5, ""profile_power"": 1.0, ""radial_seg"": 24, ""tip_radius"": 0.2}, ""face_h"": 60.0, ""face_w"": 60.0, ""margin_depths"": 2.0, ""seed"": 101, ""top"": ""comb"", ""top_depth"": 37.5, ""top_params"": {""jitter"": 0.0, ""pitch"": 6.5, ""wall_bot"": 0.08, ""wall_top"": 0.08}}"
ST_comb-cone_75_s101,stack,comb/cone,foil + mould,0.08,101,d76,6.5,50.0,7.6923076923076925,0.03282051282051282,comb,cone,0.75,0.0,0.00035389585536904633,0.04999997094273567,"{""backing"": 2.0, ""bot"": ""cone"", ""bot_depth"": 12.5, ""bot_params"": {""depth_jitter"": 0.0, ""height_seg"": 12, ""jitter"": 0.3, ""pitch"": 5.5, ""profile_power"": 1.0, ""radial_seg"": 24, ""tip_radius"": 0.2}, ""face_h"": 60.0, ""face_w"": 60.0, ""margin_depths"": 2.0, ""seed"": 101, ""top"": ""comb"", ""top_depth"": 37.5, ""top_params"": {""jitter"": 0.0, ""pitch"": 6.5, ""wall_bot"": 0.08, ""wall_top"": 0.08}}"
ST_comb-cone_75_s101,stack,comb/cone,foil + mould,0.08,101,d76,6.5,50.0,7.6923076923076925,0.03282051282051282,comb,cone,0.75,-20.0,0.0010810453677549958,0.04999997094273567,"{""backing"": 2.0, ""bot"": ""cone"", ""bot_depth"": 12.5, ""bot_params"": {""depth_jitter"": 0.0, ""height_seg"": 12, ""jitter"": 0.3, ""pitch"": 5.5, ""profile_power"": 1.0, ""radial_seg"": 24, ""tip_radius"": 0.2}, ""face_h"": 60.0, ""face_w"": 60.0, ""margin_depths"": 2.0, ""seed"": 101, ""top"": ""comb"", ""top_depth"": 37.5, ""top_params"": {""jitter"": 0.0, ""pitch"": 6.5, ""wall_bot"": 0.08, ""wall_top"": 0.08}}"
ST_comb-cone_75_s101,stack,comb/cone,foil + mould,0.08,101,d76,6.5,50.0,7.6923076923076925,0.03282051282051282,comb,cone,0.75,-40.0,0.0017921221442520618,0.04999997094273567,"{""backing"": 2.0, ""bot"": ""cone"", ""bot_depth"": 12.5, ""bot_params"": {""depth_jitter"": 0.0, ""height_seg"": 12, ""jitter"": 0.3, ""pitch"": 5.5, ""profile_power"": 1.0, ""radial_seg"": 24, ""tip_radius"": 0.2}, ""face_h"": 60.0, ""face_w"": 60.0, ""margin_depths"": 2.0, ""seed"": 101, ""top"": ""comb"", ""top_depth"": 37.5, ""top_params"": {""jitter"": 0.0, ""pitch"": 6.5, ""wall_bot"": 0.08, ""wall_top"": 0.08}}"
ST_comb-cone_75_s101,stack,comb/cone,foil + mould,0.08,101,d76,6.5,50.0,7.6923076923076925,0.03282051282051282,comb,cone,0.75,20.0,0.0011411107843741775,0.04999997094273567,"{""backing"": 2.0, ""bot"": ""cone"", ""bot_depth"": 12.5, ""bot_params"": {""depth_jitter"": 0.0, ""height_seg"": 12, ""jitter"": 0.3, ""pitch"": 5.5, ""profile_power"": 1.0, ""radial_seg"": 24, ""tip_radius"": 0.2}, ""face_h"": 60.0, ""face_w"": 60.0, ""margin_depths"": 2.0, ""seed"": 101, ""top"": ""comb"", ""top_depth"": 37.5, ""top_params"": {""jitter"": 0.0, ""pitch"": 6.5, ""wall_bot"": 0.08, ""wall_top"": 0.08}}"
ST_comb-cone_75_s101,stack,comb/cone,foil + mould,0.08,101,d76,6.5,50.0,7.6923076923076925,0.03282051282051282,comb,cone,0.75,40.0,0.0018415568629279733,0.04999997094273567,"{""backing"": 2.0, ""bot"": ""cone"", ""bot_depth"": 12.5, ""bot_params"": {""depth_jitter"": 0.0, ""height_seg"": 12, ""jitter"": 0.3, ""pitch"": 5.5, ""profile_power"": 1.0, ""radial_seg"": 24, ""tip_radius"": 0.2}, ""face_h"": 60.0, ""face_w"": 60.0, ""margin_depths"": 2.0, ""seed"": 101, ""top"": ""comb"", ""top_depth"": 37.5, ""top_params"": {""jitter"": 0.0, ""pitch"": 6.5, ""wall_bot"": 0.08, ""wall_top"": 0.08}}"
ST_comb-cone_75_s101,stack,comb/cone,foil + mould,0.08,101,d100,6.5,50.0,7.6923076923076925,0.03282051282051282,comb,cone,0.75,0.0,0.0003567734675016254,0.04999997094273567,"{""backing"": 2.0, ""bot"": ""cone"", ""bot_depth"": 12.5, ""bot_params"": {""depth_jitter"": 0.0, ""height_seg"": 12, ""jitter"": 0.3, ""pitch"": 5.5, ""profile_power"": 1.0, ""radial_seg"": 24, ""tip_radius"": 0.2}, ""face_h"": 60.0, ""face_w"": 60.0, ""margin_depths"": 2.0, ""seed"": 101, ""top"": ""comb"", ""top_depth"": 37.5, ""top_params"": {""jitter"": 0.0, ""pitch"": 6.5, ""wall_bot"": 0.08, ""wall_top"": 0.08}}"
ST_comb-cone_75_s101,stack,comb/cone,foil + mould,0.08,101,d100,6.5,50.0,7.6923076923076925,0.03282051282051282,comb,cone,0.75,-20.0,0.0012850828934460878,0.04999997094273567,"{""backing"": 2.0, ""bot"": ""cone"", ""bot_depth"": 12.5, ""bot_params"": {""depth_jitter"": 0.0, ""height_seg"": 12, ""jitter"": 0.3, ""pitch"": 5.5, ""profile_power"": 1.0, ""radial_seg"": 24, ""tip_radius"": 0.2}, ""face_h"": 60.0, ""face_w"": 60.0, ""margin_depths"": 2.0, ""seed"": 101, ""top"": ""comb"", ""top_depth"": 37.5, ""top_params"": {""jitter"": 0.0, ""pitch"": 6.5, ""wall_bot"": 0.08, ""wall_top"": 0.08}}"
ST_comb-cone_75_s101,stack,comb/cone,foil + mould,0.08,101,d100,6.5,50.0,7.6923076923076925,0.03282051282051282,comb,cone,0.75,-40.0,0.00222206418402493,0.04999997094273567,"{""backing"": 2.0, ""bot"": ""cone"", ""bot_depth"": 12.5, ""bot_params"": {""depth_jitter"": 0.0, ""height_seg"": 12, ""jitter"": 0.3, ""pitch"": 5.5, ""profile_power"": 1.0, ""radial_seg"": 24, ""tip_radius"": 0.2}, ""face_h"": 60.0, ""face_w"": 60.0, ""margin_depths"": 2.0, ""seed"": 101, ""top"": ""comb"", ""top_depth"": 37.5, ""top_params"": {""jitter"": 0.0, ""pitch"": 6.5, ""wall_bot"": 0.08, ""wall_top"": 0.08}}"
ST_comb-cone_75_s101,stack,comb/cone,foil + mould,0.08,101,d100,6.5,50.0,7.6923076923076925,0.03282051282051282,comb,cone,0.75,20.0,0.0013647301821038127,0.04999997094273567,"{""backing"": 2.0, ""bot"": ""cone"", ""bot_depth"": 12.5, ""bot_params"": {""depth_jitter"": 0.0, ""height_seg"": 12, ""jitter"": 0.3, ""pitch"": 5.5, ""profile_power"": 1.0, ""radial_seg"": 24, ""tip_radius"": 0.2}, ""face_h"": 60.0, ""face_w"": 60.0, ""margin_depths"": 2.0, ""seed"": 101, ""top"": ""comb"", ""top_depth"": 37.5, ""top_params"": {""jitter"": 0.0, ""pitch"": 6.5, ""wall_bot"": 0.08, ""wall_top"": 0.08}}"
ST_comb-cone_75_s101,stack,comb/cone,foil + mould,0.08,101,d100,6.5,50.0,7.6923076923076925,0.03282051282051282,comb,cone,0.75,40.0,0.0022868013475090265,0.04999997094273567,"{""backing"": 2.0, ""bot"": ""cone"", ""bot_depth"": 12.5, ""bot_params"": {""depth_jitter"": 0.0, ""height_seg"": 12, ""jitter"": 0.3, ""pitch"": 5.5, ""profile_power"": 1.0, ""radial_seg"": 24, ""tip_radius"": 0.2}, ""face_h"": 60.0, ""face_w"": 60.0, ""margin_depths"": 2.0, ""seed"": 101, ""top"": ""comb"", ""top_depth"": 37.5, ""top_params"": {""jitter"": 0.0, ""pitch"": 6.5, ""wall_bot"": 0.08, ""wall_top"": 0.08}}"
ST_comb-cone_50_s102,stack,comb/cone,foil + mould,0.08,102,d00,6.5,50.0,7.6923076923076925,0.03282051282051282,comb,cone,0.5,0.0,0.0004114712355658412,0.04999997094273567,"{""backing"": 2.0, ""bot"": ""cone"", ""bot_depth"": 25.0, ""bot_params"": {""depth_jitter"": 0.0, ""height_seg"": 12, ""jitter"": 0.3, ""pitch"": 5.5, ""profile_power"": 1.0, ""radial_seg"": 24, ""tip_radius"": 0.2}, ""face_h"": 60.0, ""face_w"": 60.0, ""margin_depths"": 2.0, ""seed"": 102, ""top"": ""comb"", ""top_depth"": 25.0, ""top_params"": {""jitter"": 0.0, ""pitch"": 6.5, ""wall_bot"": 0.08, ""wall_top"": 0.08}}"
ST_comb-cone_50_s102,stack,comb/cone,foil + mould,0.08,102,d00,6.5,50.0,7.6923076923076925,0.03282051282051282,comb,cone,0.5,-20.0,0.0004575710045173764,0.04999997094273567,"{""backing"": 2.0, ""bot"": ""cone"", ""bot_depth"": 25.0, ""bot_params"": {""depth_jitter"": 0.0, ""height_seg"": 12, ""jitter"": 0.3, ""pitch"": 5.5, ""profile_power"": 1.0, ""radial_seg"": 24, ""tip_radius"": 0.2}, ""face_h"": 60.0, ""face_w"": 60.0, ""margin_depths"": 2.0, ""seed"": 102, ""top"": ""comb"", ""top_depth"": 25.0, ""top_params"": {""jitter"": 0.0, ""pitch"": 6.5, ""wall_bot"": 0.08, ""wall_top"": 0.08}}"
ST_comb-cone_50_s102,stack,comb/cone,foil + mould,0.08,102,d00,6.5,50.0,7.6923076923076925,0.03282051282051282,comb,cone,0.5,-40.0,0.0004406271909829229,0.04999997094273567,"{""backing"": 2.0, ""bot"": ""cone"", ""bot_depth"": 25.0, ""bot_params"": {""depth_jitter"": 0.0, ""height_seg"": 12, ""jitter"": 0.3, ""pitch"": 5.5, ""profile_power"": 1.0, ""radial_seg"": 24, ""tip_radius"": 0.2}, ""face_h"": 60.0, ""face_w"": 60.0, ""margin_depths"": 2.0, ""seed"": 102, ""top"": ""comb"", ""top_depth"": 25.0, ""top_params"": {""jitter"": 0.0, ""pitch"": 6.5, ""wall_bot"": 0.08, ""wall_top"": 0.08}}"
ST_comb-cone_50_s102,stack,comb/cone,foil + mould,0.08,102,d00,6.5,50.0,7.6923076923076925,0.03282051282051282,comb,cone,0.5,20.0,0.00045343933743424714,0.04999997094273567,"{""backing"": 2.0, ""bot"": ""cone"", ""bot_depth"": 25.0, ""bot_params"": {""depth_jitter"": 0.0, ""height_seg"": 12, ""jitter"": 0.3, ""pitch"": 5.5, ""profile_power"": 1.0, ""radial_seg"": 24, ""tip_radius"": 0.2}, ""face_h"": 60.0, ""face_w"": 60.0, ""margin_depths"": 2.0, ""seed"": 102, ""top"": ""comb"", ""top_depth"": 25.0, ""top_params"": {""jitter"": 0.0, ""pitch"": 6.5, ""wall_bot"": 0.08, ""wall_top"": 0.08}}"
ST_comb-cone_50_s102,stack,comb/cone,foil + mould,0.08,102,d00,6.5,50.0,7.6923076923076925,0.03282051282051282,comb,cone,0.5,40.0,0.00044138202792964876,0.04999997094273567,"{""backing"": 2.0, ""bot"": ""cone"", ""bot_depth"": 25.0, ""bot_params"": {""depth_jitter"": 0.0, ""height_seg"": 12, ""jitter"": 0.3, ""pitch"": 5.5, ""profile_power"": 1.0, ""radial_seg"": 24, ""tip_radius"": 0.2}, ""face_h"": 60.0, ""face_w"": 60.0, ""margin_depths"": 2.0, ""seed"": 102, ""top"": ""comb"", ""top_depth"": 25.0, ""top_params"": {""jitter"": 0.0, ""pitch"": 6.5, ""wall_bot"": 0.08, ""wall_top"": 0.08}}"
ST_comb-cone_50_s102,stack,comb/cone,foil + mould,0.08,102,d76,6.5,50.0,7.6923076923076925,0.03282051282051282,comb,cone,0.5,0.0,0.0003540121833793819,0.04999997094273567,"{""backing"": 2.0, ""bot"": ""cone"", ""bot_depth"": 25.0, ""bot_params"": {""depth_jitter"": 0.0, ""height_seg"": 12, ""jitter"": 0.3, ""pitch"": 5.5, ""profile_power"": 1.0, ""radial_seg"": 24, ""tip_radius"": 0.2}, ""face_h"": 60.0, ""face_w"": 60.0, ""margin_depths"": 2.0, ""seed"": 102, ""top"": ""comb"", ""top_depth"": 25.0, ""top_params"": {""jitter"": 0.0, ""pitch"": 6.5, ""wall_bot"": 0.08, ""wall_top"": 0.08}}"
ST_comb-cone_50_s102,stack,comb/cone,foil + mould,0.08,102,d76,6.5,50.0,7.6923076923076925,0.03282051282051282,comb,cone,0.5,-20.0,0.0010810367530211806,0.04999997094273567,"{""backing"": 2.0, ""bot"": ""cone"", ""bot_depth"": 25.0, ""bot_params"": {""depth_jitter"": 0.0, ""height_seg"": 12, ""jitter"": 0.3, ""pitch"": 5.5, ""profile_power"": 1.0, ""radial_seg"": 24, ""tip_radius"": 0.2}, ""face_h"": 60.0, ""face_w"": 60.0, ""margin_depths"": 2.0, ""seed"": 102, ""top"": ""comb"", ""top_depth"": 25.0, ""top_params"": {""jitter"": 0.0, ""pitch"": 6.5, ""wall_bot"": 0.08, ""wall_top"": 0.08}}"
ST_comb-cone_50_s102,stack,comb/cone,foil + mould,0.08,102,d76,6.5,50.0,7.6923076923076925,0.03282051282051282,comb,cone,0.5,-40.0,0.0018167321104556322,0.04999997094273567,"{""backing"": 2.0, ""bot"": ""cone"", ""bot_depth"": 25.0, ""bot_params"": {""depth_jitter"": 0.0, ""height_seg"": 12, ""jitter"": 0.3, ""pitch"": 5.5, ""profile_power"": 1.0, ""radial_seg"": 24, ""tip_radius"": 0.2}, ""face_h"": 60.0, ""face_w"": 60.0, ""margin_depths"": 2.0, ""seed"": 102, ""top"": ""comb"", ""top_depth"": 25.0, ""top_params"": {""jitter"": 0.0, ""pitch"": 6.5, ""wall_bot"": 0.08, ""wall_top"": 0.08}}"
ST_comb-cone_50_s102,stack,comb/cone,foil + mould,0.08,102,d76,6.5,50.0,7.6923076923076925,0.03282051282051282,comb,cone,0.5,20.0,0.0010377289727330208,0.04999997094273567,"{""backing"": 2.0, ""bot"": ""cone"", ""bot_depth"": 25.0, ""bot_params"": {""depth_jitter"": 0.0, ""height_seg"": 12, ""jitter"": 0.3, ""pitch"": 5.5, ""profile_power"": 1.0, ""radial_seg"": 24, ""tip_radius"": 0.2}, ""face_h"": 60.0, ""face_w"": 60.0, ""margin_depths"": 2.0, ""seed"": 102, ""top"": ""comb"", ""top_depth"": 25.0, ""top_params"": {""jitter"": 0.0, ""pitch"": 6.5, ""wall_bot"": 0.08, ""wall_top"": 0.08}}"
ST_comb-cone_50_s102,stack,comb/cone,foil + mould,0.08,102,d76,6.5,50.0,7.6923076923076925,0.03282051282051282,comb,cone,0.5,40.0,0.0017649397486820817,0.04999997094273567,"{""backing"": 2.0, ""bot"": ""cone"", ""bot_depth"": 25.0, ""bot_params"": {""depth_jitter"": 0.0, ""height_seg"": 12, ""jitter"": 0.3, ""pitch"": 5.5, ""profile_power"": 1.0, ""radial_seg"": 24, ""tip_radius"": 0.2}, ""face_h"": 60.0, ""face_w"": 60.0, ""margin_depths"": 2.0, ""seed"": 102, ""top"": ""comb"", ""top_depth"": 25.0, ""top_params"": {""jitter"": 0.0, ""pitch"": 6.5, ""wall_bot"": 0.08, ""wall_top"": 0.08}}"
ST_comb-cone_50_s102,stack,comb/cone,foil + mould,0.08,102,d100,6.5,50.0,7.6923076923076925,0.03282051282051282,comb,cone,0.5,0.0,0.00034868778311647475,0.04999997094273567,"{""backing"": 2.0, ""bot"": ""cone"", ""bot_depth"": 25.0, ""bot_params"": {""depth_jitter"": 0.0, ""height_seg"": 12, ""jitter"": 0.3, ""pitch"": 5.5, ""profile_power"": 1.0, ""radial_seg"": 24, ""tip_radius"": 0.2}, ""face_h"": 60.0, ""face_w"": 60.0, ""margin_depths"": 2.0, ""seed"": 102, ""top"": ""comb"", ""top_depth"": 25.0, ""top_params"": {""jitter"": 0.0, ""pitch"": 6.5, ""wall_bot"": 0.08, ""wall_top"": 0.08}}"
ST_comb-cone_50_s102,stack,comb/cone,foil + mould,0.08,102,d100,6.5,50.0,7.6923076923076925,0.03282051282051282,comb,cone,0.5,-20.0,0.001295904628932476,0.04999997094273567,"{""backing"": 2.0, ""bot"": ""cone"", ""bot_depth"": 25.0, ""bot_params"": {""depth_jitter"": 0.0, ""height_seg"": 12, ""jitter"": 0.3, ""pitch"": 5.5, ""profile_power"": 1.0, ""radial_seg"": 24, ""tip_radius"": 0.2}, ""face_h"": 60.0, ""face_w"": 60.0, ""margin_depths"": 2.0, ""seed"": 102, ""top"": ""comb"", ""top_depth"": 25.0, ""top_params"": {""jitter"": 0.0, ""pitch"": 6.5, ""wall_bot"": 0.08, ""wall_top"": 0.08}}"
ST_comb-cone_50_s102,stack,comb/cone,foil + mould,0.08,102,d100,6.5,50.0,7.6923076923076925,0.03282051282051282,comb,cone,0.5,-40.0,0.002255248837172985,0.04999997094273567,"{""backing"": 2.0, ""bot"": ""cone"", ""bot_depth"": 25.0, ""bot_params"": {""depth_jitter"": 0.0, ""height_seg"": 12, ""jitter"": 0.3, ""pitch"": 5.5, ""profile_power"": 1.0, ""radial_seg"": 24, ""tip_radius"": 0.2}, ""face_h"": 60.0, ""face_w"": 60.0, ""margin_depths"": 2.0, ""seed"": 102, ""top"": ""comb"", ""top_depth"": 25.0, ""top_params"": {""jitter"": 0.0, ""pitch"": 6.5, ""wall_bot"": 0.08, ""wall_top"": 0.08}}"
ST_comb-cone_50_s102,stack,comb/cone,foil + mould,0.08,102,d100,6.5,50.0,7.6923076923076925,0.03282051282051282,comb,cone,0.5,20.0,0.0012308714212849736,0.04999997094273567,"{""backing"": 2.0, ""bot"": ""cone"", ""bot_depth"": 25.0, ""bot_params"": {""depth_jitter"": 0.0, ""height_seg"": 12, ""jitter"": 0.3, ""pitch"": 5.5, ""profile_power"": 1.0, ""radial_seg"": 24, ""tip_radius"": 0.2}, ""face_h"": 60.0, ""face_w"": 60.0, ""margin_depths"": 2.0, ""seed"": 102, ""top"": ""comb"", ""top_depth"": 25.0, ""top_params"": {""jitter"": 0.0, ""pitch"": 6.5, ""wall_bot"": 0.08, ""wall_top"": 0.08}}"
ST_comb-cone_50_s102,stack,comb/cone,foil + mould,0.08,102,d100,6.5,50.0,7.6923076923076925,0.03282051282051282,comb,cone,0.5,40.0,0.002189956372603774,0.04999997094273567,"{""backing"": 2.0, ""bot"": ""cone"", ""bot_depth"": 25.0, ""bot_params"": {""depth_jitter"": 0.0, ""height_seg"": 12, ""jitter"": 0.3, ""pitch"": 5.5, ""profile_power"": 1.0, ""radial_seg"": 24, ""tip_radius"": 0.2}, ""face_h"": 60.0, ""face_w"": 60.0, ""margin_depths"": 2.0, ""seed"": 102, ""top"": ""comb"", ""top_depth"": 25.0, ""top_params"": {""jitter"": 0.0, ""pitch"": 6.5, ""wall_bot"": 0.08, ""wall_top"": 0.08}}"
ST_cone-comb_50_s102,stack,cone/comb,mould + foil,0.4,102,d00,6.5,50.0,7.6923076923076925,0.00479682476491694,cone,comb,0.5,0.0,0.0022489000111818314,0.04999997094273567,"{""backing"": 2.0, ""bot"": ""comb"", ""bot_depth"": 25.0, ""bot_params"": {""jitter"": 0.0, ""pitch"": 6.5, ""wall_bot"": 0.08, ""wall_top"": 0.08}, ""face_h"": 60.0, ""face_w"": 60.0, ""margin_depths"": 2.0, ""seed"": 102, ""top"": ""cone"", ""top_depth"": 25.0, ""top_params"": {""depth_jitter"": 0.0, ""height_seg"": 12, ""jitter"": 0.3, ""pitch"": 5.5, ""profile_power"": 1.0, ""radial_seg"": 24, ""tip_radius"": 0.2}}"
ST_cone-comb_50_s102,stack,cone/comb,mould + foil,0.4,102,d00,6.5,50.0,7.6923076923076925,0.00479682476491694,cone,comb,0.5,-20.0,0.0018927269848063588,0.04999997094273567,"{""backing"": 2.0, ""bot"": ""comb"", ""bot_depth"": 25.0, ""bot_params"": {""jitter"": 0.0, ""pitch"": 6.5, ""wall_bot"": 0.08, ""wall_top"": 0.08}, ""face_h"": 60.0, ""face_w"": 60.0, ""margin_depths"": 2.0, ""seed"": 102, ""top"": ""cone"", ""top_depth"": 25.0, ""top_params"": {""depth_jitter"": 0.0, ""height_seg"": 12, ""jitter"": 0.3, ""pitch"": 5.5, ""profile_power"": 1.0, ""radial_seg"": 24, ""tip_radius"": 0.2}}"
ST_cone-comb_50_s102,stack,cone/comb,mould + foil,0.4,102,d00,6.5,50.0,7.6923076923076925,0.00479682476491694,cone,comb,0.5,-40.0,0.002554139355197549,0.04999997094273567,"{""backing"": 2.0, ""bot"": ""comb"", ""bot_depth"": 25.0, ""bot_params"": {""jitter"": 0.0, ""pitch"": 6.5, ""wall_bot"": 0.08, ""wall_top"": 0.08}, ""face_h"": 60.0, ""face_w"": 60.0, ""margin_depths"": 2.0, ""seed"": 102, ""top"": ""cone"", ""top_depth"": 25.0, ""top_params"": {""depth_jitter"": 0.0, ""height_seg"": 12, ""jitter"": 0.3, ""pitch"": 5.5, ""profile_power"": 1.0, ""radial_seg"": 24, ""tip_radius"": 0.2}}"
ST_cone-comb_50_s102,stack,cone/comb,mould + foil,0.4,102,d00,6.5,50.0,7.6923076923076925,0.00479682476491694,cone,comb,0.5,20.0,0.0018642666982486844,0.04999997094273567,"{""backing"": 2.0, ""bot"": ""comb"", ""bot_depth"": 25.0, ""bot_params"": {""jitter"": 0.0, ""pitch"": 6.5, ""wall_bot"": 0.08, ""wall_top"": 0.08}, ""face_h"": 60.0, ""face_w"": 60.0, ""margin_depths"": 2.0, ""seed"": 102, ""top"": ""cone"", ""top_depth"": 25.0, ""top_params"": {""depth_jitter"": 0.0, ""height_seg"": 12, ""jitter"": 0.3, ""pitch"": 5.5, ""profile_power"": 1.0, ""radial_seg"": 24, ""tip_radius"": 0.2}}"
ST_cone-comb_50_s102,stack,cone/comb,mould + foil,0.4,102,d00,6.5,50.0,7.6923076923076925,0.00479682476491694,cone,comb,0.5,40.0,0.002584288129583001,0.04999997094273567,"{""backing"": 2.0, ""bot"": ""comb"", ""bot_depth"": 25.0, ""bot_params"": {""jitter"": 0.0, ""pitch"": 6.5, ""wall_bot"": 0.08, ""wall_top"": 0.08}, ""face_h"": 60.0, ""face_w"": 60.0, ""margin_depths"": 2.0, ""seed"": 102, ""top"": ""cone"", ""top_depth"": 25.0, ""top_params"": {""depth_jitter"": 0.0, ""height_seg"": 12, ""jitter"": 0.3, ""pitch"": 5.5, ""profile_power"": 1.0, ""radial_seg"": 24, ""tip_radius"": 0.2}}"
ST_cone-comb_50_s102,stack,cone/comb,mould + foil,0.4,102,d76,6.5,50.0,7.6923076923076925,0.00479682476491694,cone,comb,0.5,0.0,0.0017013205215334892,0.04999997094273567,"{""backing"": 2.0, ""bot"": ""comb"", ""bot_depth"": 25.0, ""bot_params"": {""jitter"": 0.0, ""pitch"": 6.5, ""wall_bot"": 0.08, ""wall_top"": 0.08}, ""face_h"": 60.0, ""face_w"": 60.0, ""margin_depths"": 2.0, ""seed"": 102, ""top"": ""cone"", ""top_depth"": 25.0, ""top_params"": {""depth_jitter"": 0.0, ""height_seg"": 12, ""jitter"": 0.3, ""pitch"": 5.5, ""profile_power"": 1.0, ""radial_seg"": 24, ""tip_radius"": 0.2}}"
ST_cone-comb_50_s102,stack,cone/comb,mould + foil,0.4,102,d76,6.5,50.0,7.6923076923076925,0.00479682476491694,cone,comb,0.5,-20.0,0.001866828417405486,0.04999997094273567,"{""backing"": 2.0, ""bot"": ""comb"", ""bot_depth"": 25.0, ""bot_params"": {""jitter"": 0.0, ""pitch"": 6.5, ""wall_bot"": 0.08, ""wall_top"": 0.08}, ""face_h"": 60.0, ""face_w"": 60.0, ""margin_depths"": 2.0, ""seed"": 102, ""top"": ""cone"", ""top_depth"": 25.0, ""top_params"": {""depth_jitter"": 0.0, ""height_seg"": 12, ""jitter"": 0.3, ""pitch"": 5.5, ""profile_power"": 1.0, ""radial_seg"": 24, ""tip_radius"": 0.2}}"
ST_cone-comb_50_s102,stack,cone/comb,mould + foil,0.4,102,d76,6.5,50.0,7.6923076923076925,0.00479682476491694,cone,comb,0.5,-40.0,0.002517819171771407,0.04999997094273567,"{""backing"": 2.0, ""bot"": ""comb"", ""bot_depth"": 25.0, ""bot_params"": {""jitter"": 0.0, ""pitch"": 6.5, ""wall_bot"": 0.08, ""wall_top"": 0.08}, ""face_h"": 60.0, ""face_w"": 60.0, ""margin_depths"": 2.0, ""seed"": 102, ""top"": ""cone"", ""top_depth"": 25.0, ""top_params"": {""depth_jitter"": 0.0, ""height_seg"": 12, ""jitter"": 0.3, ""pitch"": 5.5, ""profile_power"": 1.0, ""radial_seg"": 24, ""tip_radius"": 0.2}}"
ST_cone-comb_50_s102,stack,cone/comb,mould + foil,0.4,102,d76,6.5,50.0,7.6923076923076925,0.00479682476491694,cone,comb,0.5,20.0,0.001835503033362329,0.04999997094273567,"{""backing"": 2.0, ""bot"": ""comb"", ""bot_depth"": 25.0, ""bot_params"": {""jitter"": 0.0, ""pitch"": 6.5, ""wall_bot"": 0.08, ""wall_top"": 0.08}, ""face_h"": 60.0, ""face_w"": 60.0, ""margin_depths"": 2.0, ""seed"": 102, ""top"": ""cone"", ""top_depth"": 25.0, ""top_params"": {""depth_jitter"": 0.0, ""height_seg"": 12, ""jitter"": 0.3, ""pitch"": 5.5, ""profile_power"": 1.0, ""radial_seg"": 24, ""tip_radius"": 0.2}}"
ST_cone-comb_50_s102,stack,cone/comb,mould + foil,0.4,102,d76,6.5,50.0,7.6923076923076925,0.00479682476491694,cone,comb,0.5,40.0,0.0025089229457080364,0.04999997094273567,"{""backing"": 2.0, ""bot"": ""comb"", ""bot_depth"": 25.0, ""bot_params"": {""jitter"": 0.0, ""pitch"": 6.5, ""wall_bot"": 0.08, ""wall_top"": 0.08}, ""face_h"": 60.0, ""face_w"": 60.0, ""margin_depths"": 2.0, ""seed"": 102, ""top"": ""cone"", ""top_depth"": 25.0, ""top_params"": {""depth_jitter"": 0.0, ""height_seg"": 12, ""jitter"": 0.3, ""pitch"": 5.5, ""profile_power"": 1.0, ""radial_seg"": 24, ""tip_radius"": 0.2}}"
ST_cone-comb_50_s102,stack,cone/comb,mould + foil,0.4,102,d100,6.5,50.0,7.6923076923076925,0.00479682476491694,cone,comb,0.5,0.0,0.0016807802021503448,0.04999997094273567,"{""backing"": 2.0, ""bot"": ""comb"", ""bot_depth"": 25.0, ""bot_params"": {""jitter"": 0.0, ""pitch"": 6.5, ""wall_bot"": 0.08, ""wall_top"": 0.08}, ""face_h"": 60.0, ""face_w"": 60.0, ""margin_depths"": 2.0, ""seed"": 102, ""top"": ""cone"", ""top_depth"": 25.0, ""top_params"": {""depth_jitter"": 0.0, ""height_seg"": 12, ""jitter"": 0.3, ""pitch"": 5.5, ""profile_power"": 1.0, ""radial_seg"": 24, ""tip_radius"": 0.2}}"
ST_cone-comb_50_s102,stack,cone/comb,mould + foil,0.4,102,d100,6.5,50.0,7.6923076923076925,0.00479682476491694,cone,comb,0.5,-20.0,0.002002144232392311,0.04999997094273567,"{""backing"": 2.0, ""bot"": ""comb"", ""bot_depth"": 25.0, ""bot_params"": {""jitter"": 0.0, ""pitch"": 6.5, ""wall_bot"": 0.08, ""wall_top"": 0.08}, ""face_h"": 60.0, ""face_w"": 60.0, ""margin_depths"": 2.0, ""seed"": 102, ""top"": ""cone"", ""top_depth"": 25.0, ""top_params"": {""depth_jitter"": 0.0, ""height_seg"": 12, ""jitter"": 0.3, ""pitch"": 5.5, ""profile_power"": 1.0, ""radial_seg"": 24, ""tip_radius"": 0.2}}"
ST_cone-comb_50_s102,stack,cone/comb,mould + foil,0.4,102,d100,6.5,50.0,7.6923076923076925,0.00479682476491694,cone,comb,0.5,-40.0,0.0026995481457561255,0.04999997094273567,"{""backing"": 2.0, ""bot"": ""comb"", ""bot_depth"": 25.0, ""bot_params"": {""jitter"": 0.0, ""pitch"": 6.5, ""wall_bot"": 0.08, ""wall_top"": 0.08}, ""face_h"": 60.0, ""face_w"": 60.0, ""margin_depths"": 2.0, ""seed"": 102, ""top"": ""cone"", ""top_depth"": 25.0, ""top_params"": {""depth_jitter"": 0.0, ""height_seg"": 12, ""jitter"": 0.3, ""pitch"": 5.5, ""profile_power"": 1.0, ""radial_seg"": 24, ""tip_radius"": 0.2}}"
ST_cone-comb_50_s102,stack,cone/comb,mould + foil,0.4,102,d100,6.5,50.0,7.6923076923076925,0.00479682476491694,cone,comb,0.5,20.0,0.0019887653179466724,0.04999997094273567,"{""backing"": 2.0, ""bot"": ""comb"", ""bot_depth"": 25.0, ""bot_params"": {""jitter"": 0.0, ""pitch"": 6.5, ""wall_bot"": 0.08, ""wall_top"": 0.08}, ""face_h"": 60.0, ""face_w"": 60.0, ""margin_depths"": 2.0, ""seed"": 102, ""top"": ""cone"", ""top_depth"": 25.0, ""top_params"": {""depth_jitter"": 0.0, ""height_seg"": 12, ""jitter"": 0.3, ""pitch"": 5.5, ""profile_power"": 1.0, ""radial_seg"": 24, ""tip_radius"": 0.2}}"
ST_cone-comb_50_s102,stack,cone/comb,mould + foil,0.4,102,d100,6.5,50.0,7.6923076923076925,0.00479682476491694,cone,comb,0.5,40.0,0.0026703092735260725,0.04999997094273567,"{""backing"": 2.0, ""bot"": ""comb"", ""bot_depth"": 25.0, ""bot_params"": {""jitter"": 0.0, ""pitch"": 6.5, ""wall_bot"": 0.08, ""wall_top"": 0.08}, ""face_h"": 60.0, ""face_w"": 60.0, ""margin_depths"": 2.0, ""seed"": 102, ""top"": ""cone"", ""top_depth"": 25.0, ""top_params"": {""depth_jitter"": 0.0, ""height_seg"": 12, ""jitter"": 0.3, ""pitch"": 5.5, ""profile_power"": 1.0, ""radial_seg"": 24, ""tip_radius"": 0.2}}"
ST_comb-comb_50_s102,stack,comb/comb,expanded foil,0.08,102,d00,6.5,50.0,7.6923076923076925,0.03282051282051282,comb,comb,0.5,0.0,0.0012485610786825418,0.04999997094273567,"{""backing"": 2.0, ""bot"": ""comb"", ""bot_depth"": 25.0, ""bot_params"": {""jitter"": 0.0, ""pitch"": 3.17, ""wall_bot"": 0.04, ""wall_top"": 0.04}, ""face_h"": 60.0, ""face_w"": 60.0, ""margin_depths"": 2.0, ""seed"": 102, ""top"": ""comb"", ""top_depth"": 25.0, ""top_params"": {""jitter"": 0.0, ""pitch"": 6.5, ""wall_bot"": 0.08, ""wall_top"": 0.08}}"
ST_comb-comb_50_s102,stack,comb/comb,expanded foil,0.08,102,d00,6.5,50.0,7.6923076923076925,0.03282051282051282,comb,comb,0.5,-20.0,0.00045687679084949195,0.04999997094273567,"{""backing"": 2.0, ""bot"": ""comb"", ""bot_depth"": 25.0, ""bot_params"": {""jitter"": 0.0, ""pitch"": 3.17, ""wall_bot"": 0.04, ""wall_top"": 0.04}, ""face_h"": 60.0, ""face_w"": 60.0, ""margin_depths"": 2.0, ""seed"": 102, ""top"": ""comb"", ""top_depth"": 25.0, ""top_params"": {""jitter"": 0.0, ""pitch"": 6.5, ""wall_bot"": 0.08, ""wall_top"": 0.08}}"
ST_comb-comb_50_s102,stack,comb/comb,expanded foil,0.08,102,d00,6.5,50.0,7.6923076923076925,0.03282051282051282,comb,comb,0.5,-40.0,0.0004407451197039336,0.04999997094273567,"{""backing"": 2.0, ""bot"": ""comb"", ""bot_depth"": 25.0, ""bot_params"": {""jitter"": 0.0, ""pitch"": 3.17, ""wall_bot"": 0.04, ""wall_top"": 0.04}, ""face_h"": 60.0, ""face_w"": 60.0, ""margin_depths"": 2.0, ""seed"": 102, ""top"": ""comb"", ""top_depth"": 25.0, ""top_params"": {""jitter"": 0.0, ""pitch"": 6.5, ""wall_bot"": 0.08, ""wall_top"": 0.08}}"
ST_comb-comb_50_s102,stack,comb/comb,expanded foil,0.08,102,d00,6.5,50.0,7.6923076923076925,0.03282051282051282,comb,comb,0.5,20.0,0.00045282012433744967,0.04999997094273567,"{""backing"": 2.0, ""bot"": ""comb"", ""bot_depth"": 25.0, ""bot_params"": {""jitter"": 0.0, ""pitch"": 3.17, ""wall_bot"": 0.04, ""wall_top"": 0.04}, ""face_h"": 60.0, ""face_w"": 60.0, ""margin_depths"": 2.0, ""seed"": 102, ""top"": ""comb"", ""top_depth"": 25.0, ""top_params"": {""jitter"": 0.0, ""pitch"": 6.5, ""wall_bot"": 0.08, ""wall_top"": 0.08}}"
ST_comb-comb_50_s102,stack,comb/comb,expanded foil,0.08,102,d00,6.5,50.0,7.6923076923076925,0.03282051282051282,comb,comb,0.5,40.0,0.00044125059503130615,0.04999997094273567,"{""backing"": 2.0, ""bot"": ""comb"", ""bot_depth"": 25.0, ""bot_params"": {""jitter"": 0.0, ""pitch"": 3.17, ""wall_bot"": 0.04, ""wall_top"": 0.04}, ""face_h"": 60.0, ""face_w"": 60.0, ""margin_depths"": 2.0, ""seed"": 102, ""top"": ""comb"", ""top_depth"": 25.0, ""top_params"": {""jitter"": 0.0, ""pitch"": 6.5, ""wall_bot"": 0.08, ""wall_top"": 0.08}}"
ST_comb-comb_50_s102,stack,comb/comb,expanded foil,0.08,102,d76,6.5,50.0,7.6923076923076925,0.03282051282051282,comb,comb,0.5,0.0,0.0005474741337820888,0.04999997094273567,"{""backing"": 2.0, ""bot"": ""comb"", ""bot_depth"": 25.0, ""bot_params"": {""jitter"": 0.0, ""pitch"": 3.17, ""wall_bot"": 0.04, ""wall_top"": 0.04}, ""face_h"": 60.0, ""face_w"": 60.0, ""margin_depths"": 2.0, ""seed"": 102, ""top"": ""comb"", ""top_depth"": 25.0, ""top_params"": {""jitter"": 0.0, ""pitch"": 6.5, ""wall_bot"": 0.08, ""wall_top"": 0.08}}"
ST_comb-comb_50_s102,stack,comb/comb,expanded foil,0.08,102,d76,6.5,50.0,7.6923076923076925,0.03282051282051282,comb,comb,0.5,-20.0,0.001080976682715118,0.04999997094273567,"{""backing"": 2.0, ""bot"": ""comb"", ""bot_depth"": 25.0, ""bot_params"": {""jitter"": 0.0, ""pitch"": 3.17, ""wall_bot"": 0.04, ""wall_top"": 0.04}, ""face_h"": 60.0, ""face_w"": 60.0, ""margin_depths"": 2.0, ""seed"": 102, ""top"": ""comb"", ""top_depth"": 25.0, ""top_params"": {""jitter"": 0.0, ""pitch"": 6.5, ""wall_bot"": 0.08, ""wall_top"": 0.08}}"
ST_comb-comb_50_s102,stack,comb/comb,expanded foil,0.08,102,d76,6.5,50.0,7.6923076923076925,0.03282051282051282,comb,comb,0.5,-40.0,0.0018169427057728171,0.04999997094273567,"{""backing"": 2.0, ""bot"": ""comb"", ""bot_depth"": 25.0, ""bot_params"": {""jitter"": 0.0, ""pitch"": 3.17, ""wall_bot"": 0.04, ""wall_top"": 0.04}, ""face_h"": 60.0, ""face_w"": 60.0, ""margin_depths"": 2.0, ""seed"": 102, ""top"": ""comb"", ""top_depth"": 25.0, ""top_params"": {""jitter"": 0.0, ""pitch"": 6.5, ""wall_bot"": 0.08, ""wall_top"": 0.08}}"
ST_comb-comb_50_s102,stack,comb/comb,expanded foil,0.08,102,d76,6.5,50.0,7.6923076923076925,0.03282051282051282,comb,comb,0.5,20.0,0.0010376025456935167,0.04999997094273567,"{""backing"": 2.0, ""bot"": ""comb"", ""bot_depth"": 25.0, ""bot_params"": {""jitter"": 0.0, ""pitch"": 3.17, ""wall_bot"": 0.04, ""wall_top"": 0.04}, ""face_h"": 60.0, ""face_w"": 60.0, ""margin_depths"": 2.0, ""seed"": 102, ""top"": ""comb"", ""top_depth"": 25.0, ""top_params"": {""jitter"": 0.0, ""pitch"": 6.5, ""wall_bot"": 0.08, ""wall_top"": 0.08}}"
ST_comb-comb_50_s102,stack,comb/comb,expanded foil,0.08,102,d76,6.5,50.0,7.6923076923076925,0.03282051282051282,comb,comb,0.5,40.0,0.001765066059306264,0.04999997094273567,"{""backing"": 2.0, ""bot"": ""comb"", ""bot_depth"": 25.0, ""bot_params"": {""jitter"": 0.0, ""pitch"": 3.17, ""wall_bot"": 0.04, ""wall_top"": 0.04}, ""face_h"": 60.0, ""face_w"": 60.0, ""margin_depths"": 2.0, ""seed"": 102, ""top"": ""comb"", ""top_depth"": 25.0, ""top_params"": {""jitter"": 0.0, ""pitch"": 6.5, ""wall_bot"": 0.08, ""wall_top"": 0.08}}"
ST_comb-comb_50_s102,stack,comb/comb,expanded foil,0.08,102,d100,6.5,50.0,7.6923076923076925,0.03282051282051282,comb,comb,0.5,0.0,0.00035444737295620143,0.04999997094273567,"{""backing"": 2.0, ""bot"": ""comb"", ""bot_depth"": 25.0, ""bot_params"": {""jitter"": 0.0, ""pitch"": 3.17, ""wall_bot"": 0.04, ""wall_top"": 0.04}, ""face_h"": 60.0, ""face_w"": 60.0, ""margin_depths"": 2.0, ""seed"": 102, ""top"": ""comb"", ""top_depth"": 25.0, ""top_params"": {""jitter"": 0.0, ""pitch"": 6.5, ""wall_bot"": 0.08, ""wall_top"": 0.08}}"
ST_comb-comb_50_s102,stack,comb/comb,expanded foil,0.08,102,d100,6.5,50.0,7.6923076923076925,0.03282051282051282,comb,comb,0.5,-20.0,0.0012959447922185063,0.04999997094273567,"{""backing"": 2.0, ""bot"": ""comb"", ""bot_depth"": 25.0, ""bot_params"": {""jitter"": 0.0, ""pitch"": 3.17, ""wall_bot"": 0.04, ""wall_top"": 0.04}, ""face_h"": 60.0, ""face_w"": 60.0, ""margin_depths"": 2.0, ""seed"": 102, ""top"": ""comb"", ""top_depth"": 25.0, ""top_params"": {""jitter"": 0.0, ""pitch"": 6.5, ""wall_bot"": 0.08, ""wall_top"": 0.08}}"
ST_comb-comb_50_s102,stack,comb/comb,expanded foil,0.08,102,d100,6.5,50.0,7.6923076923076925,0.03282051282051282,comb,comb,0.5,-40.0,0.002255195751786232,0.04999997094273567,"{""backing"": 2.0, ""bot"": ""comb"", ""bot_depth"": 25.0, ""bot_params"": {""jitter"": 0.0, ""pitch"": 3.17, ""wall_bot"": 0.04, ""wall_top"": 0.04}, ""face_h"": 60.0, ""face_w"": 60.0, ""margin_depths"": 2.0, ""seed"": 102, ""top"": ""comb"", ""top_depth"": 25.0, ""top_params"": {""jitter"": 0.0, ""pitch"": 6.5, ""wall_bot"": 0.08, ""wall_top"": 0.08}}"
ST_comb-comb_50_s102,stack,comb/comb,expanded foil,0.08,102,d100,6.5,50.0,7.6923076923076925,0.03282051282051282,comb,comb,0.5,20.0,0.0012308297445997596,0.04999997094273567,"{""backing"": 2.0, ""bot"": ""comb"", ""bot_depth"": 25.0, ""bot_params"": {""jitter"": 0.0, ""pitch"": 3.17, ""wall_bot"": 0.04, ""wall_top"": 0.04}, ""face_h"": 60.0, ""face_w"": 60.0, ""margin_depths"": 2.0, ""seed"": 102, ""top"": ""comb"", ""top_depth"": 25.0, ""top_params"": {""jitter"": 0.0, ""pitch"": 6.5, ""wall_bot"": 0.08, ""wall_top"": 0.08}}"
ST_comb-comb_50_s102,stack,comb/comb,expanded foil,0.08,102,d100,6.5,50.0,7.6923076923076925,0.03282051282051282,comb,comb,0.5,40.0,0.0021901121363043785,0.04999997094273567,"{""backing"": 2.0, ""bot"": ""comb"", ""bot_depth"": 25.0, ""bot_params"": {""jitter"": 0.0, ""pitch"": 3.17, ""wall_bot"": 0.04, ""wall_top"": 0.04}, ""face_h"": 60.0, ""face_w"": 60.0, ""margin_depths"": 2.0, ""seed"": 102, ""top"": ""comb"", ""top_depth"": 25.0, ""top_params"": {""jitter"": 0.0, ""pitch"": 6.5, ""wall_bot"": 0.08, ""wall_top"": 0.08}}"
ST_comb-comb_50_s102,stack,comb/comb,expanded foil,0.04,102,d00,6.5,50.0,7.6923076923076925,0.03364879074658255,comb,comb,0.5,0.0,0.0012156938901171088,0.04999997094273567,"{""backing"": 2.0, ""bot"": ""comb"", ""bot_depth"": 25.0, ""bot_params"": {""jitter"": 0.0, ""pitch"": 6.5, ""wall_bot"": 0.08, ""wall_top"": 0.08}, ""face_h"": 60.0, ""face_w"": 60.0, ""margin_depths"": 2.0, ""seed"": 102, ""top"": ""comb"", ""top_depth"": 25.0, ""top_params"": {""jitter"": 0.0, ""pitch"": 3.17, ""wall_bot"": 0.04, ""wall_top"": 0.04}}"
ST_comb-comb_50_s102,stack,comb/comb,expanded foil,0.04,102,d00,6.5,50.0,7.6923076923076925,0.03364879074658255,comb,comb,0.5,-20.0,0.0004422508063726127,0.04999997094273567,"{""backing"": 2.0, ""bot"": ""comb"", ""bot_depth"": 25.0, ""bot_params"": {""jitter"": 0.0, ""pitch"": 6.5, ""wall_bot"": 0.08, ""wall_top"": 0.08}, ""face_h"": 60.0, ""face_w"": 60.0, ""margin_depths"": 2.0, ""seed"": 102, ""top"": ""comb"", ""top_depth"": 25.0, ""top_params"": {""jitter"": 0.0, ""pitch"": 3.17, ""wall_bot"": 0.04, ""wall_top"": 0.04}}"
ST_comb-comb_50_s102,stack,comb/comb,expanded foil,0.04,102,d00,6.5,50.0,7.6923076923076925,0.03364879074658255,comb,comb,0.5,-40.0,0.00043566705426201224,0.04999997094273567,"{""backing"": 2.0, ""bot"": ""comb"", ""bot_depth"": 25.0, ""bot_params"": {""jitter"": 0.0, ""pitch"": 6.5, ""wall_bot"": 0.08, ""wall_top"": 0.08}, ""face_h"": 60.0, ""face_w"": 60.0, ""margin_depths"": 2.0, ""seed"": 102, ""top"": ""comb"", ""top_depth"": 25.0, ""top_params"": {""jitter"": 0.0, ""pitch"": 3.17, ""wall_bot"": 0.04, ""wall_top"": 0.04}}"
ST_comb-comb_50_s102,stack,comb/comb,expanded foil,0.04,102,d00,6.5,50.0,7.6923076923076925,0.03364879074658255,comb,comb,0.5,20.0,0.00044653279474005103,0.04999997094273567,"{""backing"": 2.0, ""bot"": ""comb"", ""bot_depth"": 25.0, ""bot_params"": {""jitter"": 0.0, ""pitch"": 6.5, ""wall_bot"": 0.08, ""wall_top"": 0.08}, ""face_h"": 60.0, ""face_w"": 60.0, ""margin_depths"": 2.0, ""seed"": 102, ""top"": ""comb"", ""top_depth"": 25.0, ""top_params"": {""jitter"": 0.0, ""pitch"": 3.17, ""wall_bot"": 0.04, ""wall_top"": 0.04}}"
ST_comb-comb_50_s102,stack,comb/comb,expanded foil,0.04,102,d00,6.5,50.0,7.6923076923076925,0.03364879074658255,comb,comb,0.5,40.0,0.0004344985936768353,0.04999997094273567,"{""backing"": 2.0, ""bot"": ""comb"", ""bot_depth"": 25.0, ""bot_params"": {""jitter"": 0.0, ""pitch"": 6.5, ""wall_bot"": 0.08, ""wall_top"": 0.08}, ""face_h"": 60.0, ""face_w"": 60.0, ""margin_depths"": 2.0, ""seed"": 102, ""top"": ""comb"", ""top_depth"": 25.0, ""top_params"": {""jitter"": 0.0, ""pitch"": 3.17, ""wall_bot"": 0.04, ""wall_top"": 0.04}}"
ST_comb-comb_50_s102,stack,comb/comb,expanded foil,0.04,102,d76,6.5,50.0,7.6923076923076925,0.03364879074658255,comb,comb,0.5,0.0,0.0005273455753922462,0.04999997094273567,"{""backing"": 2.0, ""bot"": ""comb"", ""bot_depth"": 25.0, ""bot_params"": {""jitter"": 0.0, ""pitch"": 6.5, ""wall_bot"": 0.08, ""wall_top"": 0.08}, ""face_h"": 60.0, ""face_w"": 60.0, ""margin_depths"": 2.0, ""seed"": 102, ""top"": ""comb"", ""top_depth"": 25.0, ""top_params"": {""jitter"": 0.0, ""pitch"": 3.17, ""wall_bot"": 0.04, ""wall_top"": 0.04}}"
ST_comb-comb_50_s102,stack,comb/comb,expanded foil,0.04,102,d76,6.5,50.0,7.6923076923076925,0.03364879074658255,comb,comb,0.5,-20.0,0.0009559541358612478,0.04999997094273567,"{""backing"": 2.0, ""bot"": ""comb"", ""bot_depth"": 25.0, ""bot_params"": {""jitter"": 0.0, ""pitch"": 6.5, ""wall_bot"": 0.08, ""wall_top"": 0.08}, ""face_h"": 60.0, ""face_w"": 60.0, ""margin_depths"": 2.0, ""seed"": 102, ""top"": ""comb"", ""top_depth"": 25.0, ""top_params"": {""jitter"": 0.0, ""pitch"": 3.17, ""wall_bot"": 0.04, ""wall_top"": 0.04}}"
ST_comb-comb_50_s102,stack,comb/comb,expanded foil,0.04,102,d76,6.5,50.0,7.6923076923076925,0.03364879074658255,comb,comb,0.5,-40.0,0.0015817501116544008,0.04999997094273567,"{""backing"": 2.0, ""bot"": ""comb"", ""bot_depth"": 25.0, ""bot_params"": {""jitter"": 0.0, ""pitch"": 6.5, ""wall_bot"": 0.08, ""wall_top"": 0.08}, ""face_h"": 60.0, ""face_w"": 60.0, ""margin_depths"": 2.0, ""seed"": 102, ""top"": ""comb"", ""top_depth"": 25.0, ""top_params"": {""jitter"": 0.0, ""pitch"": 3.17, ""wall_bot"": 0.04, ""wall_top"": 0.04}}"
ST_comb-comb_50_s102,stack,comb/comb,expanded foil,0.04,102,d76,6.5,50.0,7.6923076923076925,0.03364879074658255,comb,comb,0.5,20.0,0.000954589166212827,0.04999997094273567,"{""backing"": 2.0, ""bot"": ""comb"", ""bot_depth"": 25.0, ""bot_params"": {""jitter"": 0.0, ""pitch"": 6.5, ""wall_bot"": 0.08, ""wall_top"": 0.08}, ""face_h"": 60.0, ""face_w"": 60.0, ""margin_depths"": 2.0, ""seed"": 102, ""top"": ""comb"", ""top_depth"": 25.0, ""top_params"": {""jitter"": 0.0, ""pitch"": 3.17, ""wall_bot"": 0.04, ""wall_top"": 0.04}}"
ST_comb-comb_50_s102,stack,comb/comb,expanded foil,0.04,102,d76,6.5,50.0,7.6923076923076925,0.03364879074658255,comb,comb,0.5,40.0,0.0015621779020875692,0.04999997094273567,"{""backing"": 2.0, ""bot"": ""comb"", ""bot_depth"": 25.0, ""bot_params"": {""jitter"": 0.0, ""pitch"": 6.5, ""wall_bot"": 0.08, ""wall_top"": 0.08}, ""face_h"": 60.0, ""face_w"": 60.0, ""margin_depths"": 2.0, ""seed"": 102, ""top"": ""comb"", ""top_depth"": 25.0, ""top_params"": {""jitter"": 0.0, ""pitch"": 3.17, ""wall_bot"": 0.04, ""wall_top"": 0.04}}"
ST_comb-comb_50_s102,stack,comb/comb,expanded foil,0.04,102,d100,6.5,50.0,7.6923076923076925,0.03364879074658255,comb,comb,0.5,0.0,0.00034529881668277085,0.04999997094273567,"{""backing"": 2.0, ""bot"": ""comb"", ""bot_depth"": 25.0, ""bot_params"": {""jitter"": 0.0, ""pitch"": 6.5, ""wall_bot"": 0.08, ""wall_top"": 0.08}, ""face_h"": 60.0, ""face_w"": 60.0, ""margin_depths"": 2.0, ""seed"": 102, ""top"": ""comb"", ""top_depth"": 25.0, ""top_params"": {""jitter"": 0.0, ""pitch"": 3.17, ""wall_bot"": 0.04, ""wall_top"": 0.04}}"
ST_comb-comb_50_s102,stack,comb/comb,expanded foil,0.04,102,d100,6.5,50.0,7.6923076923076925,0.03364879074658255,comb,comb,0.5,-20.0,0.0011349066626280546,0.04999997094273567,"{""backing"": 2.0, ""bot"": ""comb"", ""bot_depth"": 25.0, ""bot_params"": {""jitter"": 0.0, ""pitch"": 6.5, ""wall_bot"": 0.08, ""wall_top"": 0.08}, ""face_h"": 60.0, ""face_w"": 60.0, ""margin_depths"": 2.0, ""seed"": 102, ""top"": ""comb"", ""top_depth"": 25.0, ""top_params"": {""jitter"": 0.0, ""pitch"": 3.17, ""wall_bot"": 0.04, ""wall_top"": 0.04}}"
ST_comb-comb_50_s102,stack,comb/comb,expanded foil,0.04,102,d100,6.5,50.0,7.6923076923076925,0.03364879074658255,comb,comb,0.5,-40.0,0.0019513869192451239,0.04999997094273567,"{""backing"": 2.0, ""bot"": ""comb"", ""bot_depth"": 25.0, ""bot_params"": {""jitter"": 0.0, ""pitch"": 6.5, ""wall_bot"": 0.08, ""wall_top"": 0.08}, ""face_h"": 60.0, ""face_w"": 60.0, ""margin_depths"": 2.0, ""seed"": 102, ""top"": ""comb"", ""top_depth"": 25.0, ""top_params"": {""jitter"": 0.0, ""pitch"": 3.17, ""wall_bot"": 0.04, ""wall_top"": 0.04}}"
ST_comb-comb_50_s102,stack,comb/comb,expanded foil,0.04,102,d100,6.5,50.0,7.6923076923076925,0.03364879074658255,comb,comb,0.5,20.0,0.0011302268831059337,0.04999997094273567,"{""backing"": 2.0, ""bot"": ""comb"", ""bot_depth"": 25.0, ""bot_params"": {""jitter"": 0.0, ""pitch"": 6.5, ""wall_bot"": 0.08, ""wall_top"": 0.08}, ""face_h"": 60.0, ""face_w"": 60.0, ""margin_depths"": 2.0, ""seed"": 102, ""top"": ""comb"", ""top_depth"": 25.0, ""top_params"": {""jitter"": 0.0, ""pitch"": 3.17, ""wall_bot"": 0.04, ""wall_top"": 0.04}}"
ST_comb-comb_50_s102,stack,comb/comb,expanded foil,0.04,102,d100,6.5,50.0,7.6923076923076925,0.03364879074658255,comb,comb,0.5,40.0,0.0019268800970166922,0.04999997094273567,"{""backing"": 2.0, ""bot"": ""comb"", ""bot_depth"": 25.0, ""bot_params"": {""jitter"": 0.0, ""pitch"": 6.5, ""wall_bot"": 0.08, ""wall_top"": 0.08}, ""face_h"": 60.0, ""face_w"": 60.0, ""margin_depths"": 2.0, ""seed"": 102, ""top"": ""comb"", ""top_depth"": 25.0, ""top_params"": {""jitter"": 0.0, ""pitch"": 3.17, ""wall_bot"": 0.04, ""wall_top"": 0.04}}"
ST_comb-shin_50_s102,stack,comb/shingle,foil + sheet,0.08,102,d00,6.5,50.0,7.6923076923076925,0.03282051282051282,comb,shingle,0.5,0.0,0.001821213634684682,0.04999997094273567,"{""backing"": 2.0, ""bot"": ""shingle"", ""bot_depth"": 25.0, ""bot_params"": {""azimuth_mode"": ""grid"", ""jitter"": 0.3, ""pitch"": 5.5, ""plate_t_bot"": 0.1, ""plate_t_top"": 0.1, ""tilt_deg"": 2.0, ""tilt_jitter"": 0.0}, ""face_h"": 60.0, ""face_w"": 60.0, ""margin_depths"": 2.0, ""seed"": 102, ""top"": ""comb"", ""top_depth"": 25.0, ""top_params"": {""jitter"": 0.0, ""pitch"": 6.5, ""wall_bot"": 0.08, ""wall_top"": 0.08}}"
ST_comb-shin_50_s102,stack,comb/shingle,foil + sheet,0.08,102,d00,6.5,50.0,7.6923076923076925,0.03282051282051282,comb,shingle,0.5,-20.0,0.000457181129604578,0.04999997094273567,"{""backing"": 2.0, ""bot"": ""shingle"", ""bot_depth"": 25.0, ""bot_params"": {""azimuth_mode"": ""grid"", ""jitter"": 0.3, ""pitch"": 5.5, ""plate_t_bot"": 0.1, ""plate_t_top"": 0.1, ""tilt_deg"": 2.0, ""tilt_jitter"": 0.0}, ""face_h"": 60.0, ""face_w"": 60.0, ""margin_depths"": 2.0, ""seed"": 102, ""top"": ""comb"", ""top_depth"": 25.0, ""top_params"": {""jitter"": 0.0, ""pitch"": 6.5, ""wall_bot"": 0.08, ""wall_top"": 0.08}}"
ST_comb-shin_50_s102,stack,comb/shingle,foil + sheet,0.08,102,d00,6.5,50.0,7.6923076923076925,0.03282051282051282,comb,shingle,0.5,-40.0,0.00044049351708963513,0.04999997094273567,"{""backing"": 2.0, ""bot"": ""shingle"", ""bot_depth"": 25.0, ""bot_params"": {""azimuth_mode"": ""grid"", ""jitter"": 0.3, ""pitch"": 5.5, ""plate_t_bot"": 0.1, ""plate_t_top"": 0.1, ""tilt_deg"": 2.0, ""tilt_jitter"": 0.0}, ""face_h"": 60.0, ""face_w"": 60.0, ""margin_depths"": 2.0, ""seed"": 102, ""top"": ""comb"", ""top_depth"": 25.0, ""top_params"": {""jitter"": 0.0, ""pitch"": 6.5, ""wall_bot"": 0.08, ""wall_top"": 0.08}}"
ST_comb-shin_50_s102,stack,comb/shingle,foil + sheet,0.08,102,d00,6.5,50.0,7.6923076923076925,0.03282051282051282,comb,shingle,0.5,20.0,0.0004534836334642023,0.04999997094273567,"{""backing"": 2.0, ""bot"": ""shingle"", ""bot_depth"": 25.0, ""bot_params"": {""azimuth_mode"": ""grid"", ""jitter"": 0.3, ""pitch"": 5.5, ""plate_t_bot"": 0.1, ""plate_t_top"": 0.1, ""tilt_deg"": 2.0, ""tilt_jitter"": 0.0}, ""face_h"": 60.0, ""face_w"": 60.0, ""margin_depths"": 2.0, ""seed"": 102, ""top"": ""comb"", ""top_depth"": 25.0, ""top_params"": {""jitter"": 0.0, ""pitch"": 6.5, ""wall_bot"": 0.08, ""wall_top"": 0.08}}"
ST_comb-shin_50_s102,stack,comb/shingle,foil + sheet,0.08,102,d00,6.5,50.0,7.6923076923076925,0.03282051282051282,comb,shingle,0.5,40.0,0.0004413106362335384,0.04999997094273567,"{""backing"": 2.0, ""bot"": ""shingle"", ""bot_depth"": 25.0, ""bot_params"": {""azimuth_mode"": ""grid"", ""jitter"": 0.3, ""pitch"": 5.5, ""plate_t_bot"": 0.1, ""plate_t_top"": 0.1, ""tilt_deg"": 2.0, ""tilt_jitter"": 0.0}, ""face_h"": 60.0, ""face_w"": 60.0, ""margin_depths"": 2.0, ""seed"": 102, ""top"": ""comb"", ""top_depth"": 25.0, ""top_params"": {""jitter"": 0.0, ""pitch"": 6.5, ""wall_bot"": 0.08, ""wall_top"": 0.08}}"
ST_comb-shin_50_s102,stack,comb/shingle,foil + sheet,0.08,102,d76,6.5,50.0,7.6923076923076925,0.03282051282051282,comb,shingle,0.5,0.0,0.0007020032498985529,0.04999997094273567,"{""backing"": 2.0, ""bot"": ""shingle"", ""bot_depth"": 25.0, ""bot_params"": {""azimuth_mode"": ""grid"", ""jitter"": 0.3, ""pitch"": 5.5, ""plate_t_bot"": 0.1, ""plate_t_top"": 0.1, ""tilt_deg"": 2.0, ""tilt_jitter"": 0.0}, ""face_h"": 60.0, ""face_w"": 60.0, ""margin_depths"": 2.0, ""seed"": 102, ""top"": ""comb"", ""top_depth"": 25.0, ""top_params"": {""jitter"": 0.0, ""pitch"": 6.5, ""wall_bot"": 0.08, ""wall_top"": 0.08}}"
ST_comb-shin_50_s102,stack,comb/shingle,foil + sheet,0.08,102,d76,6.5,50.0,7.6923076923076925,0.03282051282051282,comb,shingle,0.5,-20.0,0.0010810572421178222,0.04999997094273567,"{""backing"": 2.0, ""bot"": ""shingle"", ""bot_depth"": 25.0, ""bot_params"": {""azimuth_mode"": ""grid"", ""jitter"": 0.3, ""pitch"": 5.5, ""plate_t_bot"": 0.1, ""plate_t_top"": 0.1, ""tilt_deg"": 2.0, ""tilt_jitter"": 0.0}, ""face_h"": 60.0, ""face_w"": 60.0, ""margin_depths"": 2.0, ""seed"": 102, ""top"": ""comb"", ""top_depth"": 25.0, ""top_params"": {""jitter"": 0.0, ""pitch"": 6.5, ""wall_bot"": 0.08, ""wall_top"": 0.08}}"
ST_comb-shin_50_s102,stack,comb/shingle,foil + sheet,0.08,102,d76,6.5,50.0,7.6923076923076925,0.03282051282051282,comb,shingle,0.5,-40.0,0.0018168360693380237,0.04999997094273567,"{""backing"": 2.0, ""bot"": ""shingle"", ""bot_depth"": 25.0, ""bot_params"": {""azimuth_mode"": ""grid"", ""jitter"": 0.3, ""pitch"": 5.5, ""plate_t_bot"": 0.1, ""plate_t_top"": 0.1, ""tilt_deg"": 2.0, ""tilt_jitter"": 0.0}, ""face_h"": 60.0, ""face_w"": 60.0, ""margin_depths"": 2.0, ""seed"": 102, ""top"": ""comb"", ""top_depth"": 25.0, ""top_params"": {""jitter"": 0.0, ""pitch"": 6.5, ""wall_bot"": 0.08, ""wall_top"": 0.08}}"
ST_comb-shin_50_s102,stack,comb/shingle,foil + sheet,0.08,102,d76,6.5,50.0,7.6923076923076925,0.03282051282051282,comb,shingle,0.5,20.0,0.0010377245489507914,0.04999997094273567,"{""backing"": 2.0, ""bot"": ""shingle"", ""bot_depth"": 25.0, ""bot_params"": {""azimuth_mode"": ""grid"", ""jitter"": 0.3, ""pitch"": 5.5, ""plate_t_bot"": 0.1, ""plate_t_top"": 0.1, ""tilt_deg"": 2.0, ""tilt_jitter"": 0.0}, ""face_h"": 60.0, ""face_w"": 60.0, ""margin_depths"": 2.0, ""seed"": 102, ""top"": ""comb"", ""top_depth"": 25.0, ""top_params"": {""jitter"": 0.0, ""pitch"": 6.5, ""wall_bot"": 0.08, ""wall_top"": 0.08}}"
ST_comb-shin_50_s102,stack,comb/shingle,foil + sheet,0.08,102,d76,6.5,50.0,7.6923076923076925,0.03282051282051282,comb,shingle,0.5,40.0,0.0017651219386607409,0.04999997094273567,"{""backing"": 2.0, ""bot"": ""shingle"", ""bot_depth"": 25.0, ""bot_params"": {""azimuth_mode"": ""grid"", ""jitter"": 0.3, ""pitch"": 5.5, ""plate_t_bot"": 0.1, ""plate_t_top"": 0.1, ""tilt_deg"": 2.0, ""tilt_jitter"": 0.0}, ""face_h"": 60.0, ""face_w"": 60.0, ""margin_depths"": 2.0, ""seed"": 102, ""top"": ""comb"", ""top_depth"": 25.0, ""top_params"": {""jitter"": 0.0, ""pitch"": 6.5, ""wall_bot"": 0.08, ""wall_top"": 0.08}}"
ST_comb-shin_50_s102,stack,comb/shingle,foil + sheet,0.08,102,d100,6.5,50.0,7.6923076923076925,0.03282051282051282,comb,shingle,0.5,0.0,0.00039401641697622836,0.04999997094273567,"{""backing"": 2.0, ""bot"": ""shingle"", ""bot_depth"": 25.0, ""bot_params"": {""azimuth_mode"": ""grid"", ""jitter"": 0.3, ""pitch"": 5.5, ""plate_t_bot"": 0.1, ""plate_t_top"": 0.1, ""tilt_deg"": 2.0, ""tilt_jitter"": 0.0}, ""face_h"": 60.0, ""face_w"": 60.0, ""margin_depths"": 2.0, ""seed"": 102, ""top"": ""comb"", ""top_depth"": 25.0, ""top_params"": {""jitter"": 0.0, ""pitch"": 6.5, ""wall_bot"": 0.08, ""wall_top"": 0.08}}"
ST_comb-shin_50_s102,stack,comb/shingle,foil + sheet,0.08,102,d100,6.5,50.0,7.6923076923076925,0.03282051282051282,comb,shingle,0.5,-20.0,0.0012959029991179705,0.04999997094273567,"{""backing"": 2.0, ""bot"": ""shingle"", ""bot_depth"": 25.0, ""bot_params"": {""azimuth_mode"": ""grid"", ""jitter"": 0.3, ""pitch"": 5.5, ""plate_t_bot"": 0.1, ""plate_t_top"": 0.1, ""tilt_deg"": 2.0, ""tilt_jitter"": 0.0}, ""face_h"": 60.0, ""face_w"": 60.0, ""margin_depths"": 2.0, ""seed"": 102, ""top"": ""comb"", ""top_depth"": 25.0, ""top_params"": {""jitter"": 0.0, ""pitch"": 6.5, ""wall_bot"": 0.08, ""wall_top"": 0.08}}"
ST_comb-shin_50_s102,stack,comb/shingle,foil + sheet,0.08,102,d100,6.5,50.0,7.6923076923076925,0.03282051282051282,comb,shingle,0.5,-40.0,0.0022551962174475193,0.04999997094273567,"{""backing"": 2.0, ""bot"": ""shingle"", ""bot_depth"": 25.0, ""bot_params"": {""azimuth_mode"": ""grid"", ""jitter"": 0.3, ""pitch"": 5.5, ""plate_t_bot"": 0.1, ""plate_t_top"": 0.1, ""tilt_deg"": 2.0, ""tilt_jitter"": 0.0}, ""face_h"": 60.0, ""face_w"": 60.0, ""margin_depths"": 2.0, ""seed"": 102, ""top"": ""comb"", ""top_depth"": 25.0, ""top_params"": {""jitter"": 0.0, ""pitch"": 6.5, ""wall_bot"": 0.08, ""wall_top"": 0.08}}"
ST_comb-shin_50_s102,stack,comb/shingle,foil + sheet,0.08,102,d100,6.5,50.0,7.6923076923076925,0.03282051282051282,comb,shingle,0.5,20.0,0.0012309123994782567,0.04999997094273567,"{""backing"": 2.0, ""bot"": ""shingle"", ""bot_depth"": 25.0, ""bot_params"": {""azimuth_mode"": ""grid"", ""jitter"": 0.3, ""pitch"": 5.5, ""plate_t_bot"": 0.1, ""plate_t_top"": 0.1, ""tilt_deg"": 2.0, ""tilt_jitter"": 0.0}, ""face_h"": 60.0, ""face_w"": 60.0, ""margin_depths"": 2.0, ""seed"": 102, ""top"": ""comb"", ""top_depth"": 25.0, ""top_params"": {""jitter"": 0.0, ""pitch"": 6.5, ""wall_bot"": 0.08, ""wall_top"": 0.08}}"
ST_comb-shin_50_s102,stack,comb/shingle,foil + sheet,0.08,102,d100,6.5,50.0,7.6923076923076925,0.03282051282051282,comb,shingle,0.5,40.0,0.002190113067626953,0.04999997094273567,"{""backing"": 2.0, ""bot"": ""shingle"", ""bot_depth"": 25.0, ""bot_params"": {""azimuth_mode"": ""grid"", ""jitter"": 0.3, ""pitch"": 5.5, ""plate_t_bot"": 0.1, ""plate_t_top"": 0.1, ""tilt_deg"": 2.0, ""tilt_jitter"": 0.0}, ""face_h"": 60.0, ""face_w"": 60.0, ""margin_depths"": 2.0, ""seed"": 102, ""top"": ""comb"", ""top_depth"": 25.0, ""top_params"": {""jitter"": 0.0, ""pitch"": 6.5, ""wall_bot"": 0.08, ""wall_top"": 0.08}}"
ST_shin-comb_50_s102,stack,shingle/comb,sheet + foil,0.1,102,d00,6.5,50.0,7.6923076923076925,0.03044210510272572,shingle,comb,0.5,0.0,0.0020106504671275616,0.04999997094273567,"{""backing"": 2.0, ""bot"": ""comb"", ""bot_depth"": 25.0, ""bot_params"": {""jitter"": 0.0, ""pitch"": 6.5, ""wall_bot"": 0.08, ""wall_top"": 0.08}, ""face_h"": 60.0, ""face_w"": 60.0, ""margin_depths"": 2.0, ""seed"": 102, ""top"": ""shingle"", ""top_depth"": 25.0, ""top_params"": {""azimuth_mode"": ""grid"", ""jitter"": 0.3, ""pitch"": 5.5, ""plate_t_bot"": 0.1, ""plate_t_top"": 0.1, ""tilt_deg"": 2.0, ""tilt_jitter"": 0.0}}"
ST_shin-comb_50_s102,stack,shingle/comb,sheet + foil,0.1,102,d00,6.5,50.0,7.6923076923076925,0.03044210510272572,shingle,comb,0.5,-20.0,0.0005540540441870689,0.04999997094273567,"{""backing"": 2.0, ""bot"": ""comb"", ""bot_depth"": 25.0, ""bot_params"": {""jitter"": 0.0, ""pitch"": 6.5, ""wall_bot"": 0.08, ""wall_top"": 0.08}, ""face_h"": 60.0, ""face_w"": 60.0, ""margin_depths"": 2.0, ""seed"": 102, ""top"": ""shingle"", ""top_depth"": 25.0, ""top_params"": {""azimuth_mode"": ""grid"", ""jitter"": 0.3, ""pitch"": 5.5, ""plate_t_bot"": 0.1, ""plate_t_top"": 0.1, ""tilt_deg"": 2.0, ""tilt_jitter"": 0.0}}"
ST_shin-comb_50_s102,stack,shingle/comb,sheet + foil,0.1,102,d00,6.5,50.0,7.6923076923076925,0.03044210510272572,shingle,comb,0.5,-40.0,0.0005186818889342248,0.04999997094273567,"{""backing"": 2.0, ""bot"": ""comb"", ""bot_depth"": 25.0, ""bot_params"": {""jitter"": 0.0, ""pitch"": 6.5, ""wall_bot"": 0.08, ""wall_top"": 0.08}, ""face_h"": 60.0, ""face_w"": 60.0, ""margin_depths"": 2.0, ""seed"": 102, ""top"": ""shingle"", ""top_depth"": 25.0, ""top_params"": {""azimuth_mode"": ""grid"", ""jitter"": 0.3, ""pitch"": 5.5, ""plate_t_bot"": 0.1, ""plate_t_top"": 0.1, ""tilt_deg"": 2.0, ""tilt_jitter"": 0.0}}"
ST_shin-comb_50_s102,stack,shingle/comb,sheet + foil,0.1,102,d00,6.5,50.0,7.6923076923076925,0.03044210510272572,shingle,comb,0.5,20.0,0.000511863618157804,0.04999997094273567,"{""backing"": 2.0, ""bot"": ""comb"", ""bot_depth"": 25.0, ""bot_params"": {""jitter"": 0.0, ""pitch"": 6.5, ""wall_bot"": 0.08, ""wall_top"": 0.08}, ""face_h"": 60.0, ""face_w"": 60.0, ""margin_depths"": 2.0, ""seed"": 102, ""top"": ""shingle"", ""top_depth"": 25.0, ""top_params"": {""azimuth_mode"": ""grid"", ""jitter"": 0.3, ""pitch"": 5.5, ""plate_t_bot"": 0.1, ""plate_t_top"": 0.1, ""tilt_deg"": 2.0, ""tilt_jitter"": 0.0}}"
ST_shin-comb_50_s102,stack,shingle/comb,sheet + foil,0.1,102,d00,6.5,50.0,7.6923076923076925,0.03044210510272572,shingle,comb,0.5,40.0,0.0005072911153547466,0.04999997094273567,"{""backing"": 2.0, ""bot"": ""comb"", ""bot_depth"": 25.0, ""bot_params"": {""jitter"": 0.0, ""pitch"": 6.5, ""wall_bot"": 0.08, ""wall_top"": 0.08}, ""face_h"": 60.0, ""face_w"": 60.0, ""margin_depths"": 2.0, ""seed"": 102, ""top"": ""shingle"", ""top_depth"": 25.0, ""top_params"": {""azimuth_mode"": ""grid"", ""jitter"": 0.3, ""pitch"": 5.5, ""plate_t_bot"": 0.1, ""plate_t_top"": 0.1, ""tilt_deg"": 2.0, ""tilt_jitter"": 0.0}}"
ST_shin-comb_50_s102,stack,shingle/comb,sheet + foil,0.1,102,d76,6.5,50.0,7.6923076923076925,0.03044210510272572,shingle,comb,0.5,0.0,0.000856113969348371,0.04999997094273567,"{""backing"": 2.0, ""bot"": ""comb"", ""bot_depth"": 25.0, ""bot_params"": {""jitter"": 0.0, ""pitch"": 6.5, ""wall_bot"": 0.08, ""wall_top"": 0.08}, ""face_h"": 60.0, ""face_w"": 60.0, ""margin_depths"": 2.0, ""seed"": 102, ""top"": ""shingle"", ""top_depth"": 25.0, ""top_params"": {""azimuth_mode"": ""grid"", ""jitter"": 0.3, ""pitch"": 5.5, ""plate_t_bot"": 0.1, ""plate_t_top"": 0.1, ""tilt_deg"": 2.0, ""tilt_jitter"": 0.0}}"
ST_shin-comb_50_s102,stack,shingle/comb,sheet + foil,0.1,102,d76,6.5,50.0,7.6923076923076925,0.03044210510272572,shingle,comb,0.5,-20.0,0.0009666880941949785,0.04999997094273567,"{""backing"": 2.0, ""bot"": ""comb"", ""bot_depth"": 25.0, ""bot_params"": {""jitter"": 0.0, ""pitch"": 6.5, ""wall_bot"": 0.08, ""wall_top"": 0.08}, ""face_h"": 60.0, ""face_w"": 60.0, ""margin_depths"": 2.0, ""seed"": 102, ""top"": ""shingle"", ""top_depth"": 25.0, ""top_params"": {""azimuth_mode"": ""grid"", ""jitter"": 0.3, ""pitch"": 5.5, ""plate_t_bot"": 0.1, ""plate_t_top"": 0.1, ""tilt_deg"": 2.0, ""tilt_jitter"": 0.0}}"
ST_shin-comb_50_s102,stack,shingle/comb,sheet + foil,0.1,102,d76,6.5,50.0,7.6923076923076925,0.03044210510272572,shingle,comb,0.5,-40.0,0.0015622591599822044,0.04999997094273567,"{""backing"": 2.0, ""bot"": ""comb"", ""bot_depth"": 25.0, ""bot_params"": {""jitter"": 0.0, ""pitch"": 6.5, ""wall_bot"": 0.08, ""wall_top"": 0.08}, ""face_h"": 60.0, ""face_w"": 60.0, ""margin_depths"": 2.0, ""seed"": 102, ""top"": ""shingle"", ""top_depth"": 25.0, ""top_params"": {""azimuth_mode"": ""grid"", ""jitter"": 0.3, ""pitch"": 5.5, ""plate_t_bot"": 0.1, ""plate_t_top"": 0.1, ""tilt_deg"": 2.0, ""tilt_jitter"": 0.0}}"
ST_shin-comb_50_s102,stack,shingle/comb,sheet + foil,0.1,102,d76,6.5,50.0,7.6923076923076925,0.03044210510272572,shingle,comb,0.5,20.0,0.001182742416858673,0.04999997094273567,"{""backing"": 2.0, ""bot"": ""comb"", ""bot_depth"": 25.0, ""bot_params"": {""jitter"": 0.0, ""pitch"": 6.5, ""wall_bot"": 0.08, ""wall_top"": 0.08}, ""face_h"": 60.0, ""face_w"": 60.0, ""margin_depths"": 2.0, ""seed"": 102, ""top"": ""shingle"", ""top_depth"": 25.0, ""top_params"": {""azimuth_mode"": ""grid"", ""jitter"": 0.3, ""pitch"": 5.5, ""plate_t_bot"": 0.1, ""plate_t_top"": 0.1, ""tilt_deg"": 2.0, ""tilt_jitter"": 0.0}}"
ST_shin-comb_50_s102,stack,shingle/comb,sheet + foil,0.1,102,d76,6.5,50.0,7.6923076923076925,0.03044210510272572,shingle,comb,0.5,40.0,0.0018386963056400418,0.04999997094273567,"{""backing"": 2.0, ""bot"": ""comb"", ""bot_depth"": 25.0, ""bot_params"": {""jitter"": 0.0, ""pitch"": 6.5, ""wall_bot"": 0.08, ""wall_top"": 0.08}, ""face_h"": 60.0, ""face_w"": 60.0, ""margin_depths"": 2.0, ""seed"": 102, ""top"": ""shingle"", ""top_depth"": 25.0, ""top_params"": {""azimuth_mode"": ""grid"", ""jitter"": 0.3, ""pitch"": 5.5, ""plate_t_bot"": 0.1, ""plate_t_top"": 0.1, ""tilt_deg"": 2.0, ""tilt_jitter"": 0.0}}"
ST_shin-comb_50_s102,stack,shingle/comb,sheet + foil,0.1,102,d100,6.5,50.0,7.6923076923076925,0.03044210510272572,shingle,comb,0.5,0.0,0.0005235344870015979,0.04999997094273567,"{""backing"": 2.0, ""bot"": ""comb"", ""bot_depth"": 25.0, ""bot_params"": {""jitter"": 0.0, ""pitch"": 6.5, ""wall_bot"": 0.08, ""wall_top"": 0.08}, ""face_h"": 60.0, ""face_w"": 60.0, ""margin_depths"": 2.0, ""seed"": 102, ""top"": ""shingle"", ""top_depth"": 25.0, ""top_params"": {""azimuth_mode"": ""grid"", ""jitter"": 0.3, ""pitch"": 5.5, ""plate_t_bot"": 0.1, ""plate_t_top"": 0.1, ""tilt_deg"": 2.0, ""tilt_jitter"": 0.0}}"
ST_shin-comb_50_s102,stack,shingle/comb,sheet + foil,0.1,102,d100,6.5,50.0,7.6923076923076925,0.03044210510272572,shingle,comb,0.5,-20.0,0.0010916813043877482,0.04999997094273567,"{""backing"": 2.0, ""bot"": ""comb"", ""bot_depth"": 25.0, ""bot_params"": {""jitter"": 0.0, ""pitch"": 6.5, ""wall_bot"": 0.08, ""wall_top"": 0.08}, ""face_h"": 60.0, ""face_w"": 60.0, ""margin_depths"": 2.0, ""seed"": 102, ""top"": ""shingle"", ""top_depth"": 25.0, ""top_params"": {""azimuth_mode"": ""grid"", ""jitter"": 0.3, ""pitch"": 5.5, ""plate_t_bot"": 0.1, ""plate_t_top"": 0.1, ""tilt_deg"": 2.0, ""tilt_jitter"": 0.0}}"
ST_shin-comb_50_s102,stack,shingle/comb,sheet + foil,0.1,102,d100,6.5,50.0,7.6923076923076925,0.03044210510272572,shingle,comb,0.5,-40.0,0.0018895280081778765,0.04999997094273567,"{""backing"": 2.0, ""bot"": ""comb"", ""bot_depth"": 25.0, ""bot_params"": {""jitter"": 0.0, ""pitch"": 6.5, ""wall_bot"": 0.08, ""wall_top"": 0.08}, ""face_h"": 60.0, ""face_w"": 60.0, ""margin_depths"": 2.0, ""seed"": 102, ""top"": ""shingle"", ""top_depth"": 25.0, ""top_params"": {""azimuth_mode"": ""grid"", ""jitter"": 0.3, ""pitch"": 5.5, ""plate_t_bot"": 0.1, ""plate_t_top"": 0.1, ""tilt_deg"": 2.0, ""tilt_jitter"": 0.0}}"
ST_shin-comb_50_s102,stack,shingle/comb,sheet + foil,0.1,102,d100,6.5,50.0,7.6923076923076925,0.03044210510272572,shingle,comb,0.5,20.0,0.0014007329009473324,0.04999997094273567,"{""backing"": 2.0, ""bot"": ""comb"", ""bot_depth"": 25.0, ""bot_params"": {""jitter"": 0.0, ""pitch"": 6.5, ""wall_bot"": 0.08, ""wall_top"": 0.08}, ""face_h"": 60.0, ""face_w"": 60.0, ""margin_depths"": 2.0, ""seed"": 102, ""top"": ""shingle"", ""top_depth"": 25.0, ""top_params"": {""azimuth_mode"": ""grid"", ""jitter"": 0.3, ""pitch"": 5.5, ""plate_t_bot"": 0.1, ""plate_t_top"": 0.1, ""tilt_deg"": 2.0, ""tilt_jitter"": 0.0}}"
ST_shin-comb_50_s102,stack,shingle/comb,sheet + foil,0.1,102,d100,6.5,50.0,7.6923076923076925,0.03044210510272572,shingle,comb,0.5,40.0,0.0022746482864022255,0.04999997094273567,"{""backing"": 2.0, ""bot"": ""comb"", ""bot_depth"": 25.0, ""bot_params"": {""jitter"": 0.0, ""pitch"": 6.5, ""wall_bot"": 0.08, ""wall_top"": 0.08}, ""face_h"": 60.0, ""face_w"": 60.0, ""margin_depths"": 2.0, ""seed"": 102, ""top"": ""shingle"", ""top_depth"": 25.0, ""top_params"": {""azimuth_mode"": ""grid"", ""jitter"": 0.3, ""pitch"": 5.5, ""plate_t_bot"": 0.1, ""plate_t_top"": 0.1, ""tilt_deg"": 2.0, ""tilt_jitter"": 0.0}}"
ST_cone-comb_25_s102,stack,cone/comb,mould + foil,0.4,102,d00,6.5,50.0,7.6923076923076925,0.00479682476491694,cone,comb,0.25,0.0,0.0031646175775676966,0.04999997094273567,"{""backing"": 2.0, ""bot"": ""comb"", ""bot_depth"": 37.5, ""bot_params"": {""jitter"": 0.0, ""pitch"": 6.5, ""wall_bot"": 0.08, ""wall_top"": 0.08}, ""face_h"": 60.0, ""face_w"": 60.0, ""margin_depths"": 2.0, ""seed"": 102, ""top"": ""cone"", ""top_depth"": 12.5, ""top_params"": {""depth_jitter"": 0.0, ""height_seg"": 12, ""jitter"": 0.3, ""pitch"": 5.5, ""profile_power"": 1.0, ""radial_seg"": 24, ""tip_radius"": 0.2}}"
ST_cone-comb_25_s102,stack,cone/comb,mould + foil,0.4,102,d00,6.5,50.0,7.6923076923076925,0.00479682476491694,cone,comb,0.25,-20.0,0.003615792142227292,0.04999997094273567,"{""backing"": 2.0, ""bot"": ""comb"", ""bot_depth"": 37.5, ""bot_params"": {""jitter"": 0.0, ""pitch"": 6.5, ""wall_bot"": 0.08, ""wall_top"": 0.08}, ""face_h"": 60.0, ""face_w"": 60.0, ""margin_depths"": 2.0, ""seed"": 102, ""top"": ""cone"", ""top_depth"": 12.5, ""top_params"": {""depth_jitter"": 0.0, ""height_seg"": 12, ""jitter"": 0.3, ""pitch"": 5.5, ""profile_power"": 1.0, ""radial_seg"": 24, ""tip_radius"": 0.2}}"
ST_cone-comb_25_s102,stack,cone/comb,mould + foil,0.4,102,d00,6.5,50.0,7.6923076923076925,0.00479682476491694,cone,comb,0.25,-40.0,0.004183079581707716,0.04999997094273567,"{""backing"": 2.0, ""bot"": ""comb"", ""bot_depth"": 37.5, ""bot_params"": {""jitter"": 0.0, ""pitch"": 6.5, ""wall_bot"": 0.08, ""wall_top"": 0.08}, ""face_h"": 60.0, ""face_w"": 60.0, ""margin_depths"": 2.0, ""seed"": 102, ""top"": ""cone"", ""top_depth"": 12.5, ""top_params"": {""depth_jitter"": 0.0, ""height_seg"": 12, ""jitter"": 0.3, ""pitch"": 5.5, ""profile_power"": 1.0, ""radial_seg"": 24, ""tip_radius"": 0.2}}"
ST_cone-comb_25_s102,stack,cone/comb,mould + foil,0.4,102,d00,6.5,50.0,7.6923076923076925,0.00479682476491694,cone,comb,0.25,20.0,0.0035952541511505842,0.04999997094273567,"{""backing"": 2.0, ""bot"": ""comb"", ""bot_depth"": 37.5, ""bot_params"": {""jitter"": 0.0, ""pitch"": 6.5, ""wall_bot"": 0.08, ""wall_top"": 0.08}, ""face_h"": 60.0, ""face_w"": 60.0, ""margin_depths"": 2.0, ""seed"": 102, ""top"": ""cone"", ""top_depth"": 12.5, ""top_params"": {""depth_jitter"": 0.0, ""height_seg"": 12, ""jitter"": 0.3, ""pitch"": 5.5, ""profile_power"": 1.0, ""radial_seg"": 24, ""tip_radius"": 0.2}}"
ST_cone-comb_25_s102,stack,cone/comb,mould + foil,0.4,102,d00,6.5,50.0,7.6923076923076925,0.00479682476491694,cone,comb,0.25,40.0,0.004131459165364504,0.04999997094273567,"{""backing"": 2.0, ""bot"": ""comb"", ""bot_depth"": 37.5, ""bot_params"": {""jitter"": 0.0, ""pitch"": 6.5, ""wall_bot"": 0.08, ""wall_top"": 0.08}, ""face_h"": 60.0, ""face_w"": 60.0, ""margin_depths"": 2.0, ""seed"": 102, ""top"": ""cone"", ""top_depth"": 12.5, ""top_params"": {""depth_jitter"": 0.0, ""height_seg"": 12, ""jitter"": 0.3, ""pitch"": 5.5, ""profile_power"": 1.0, ""radial_seg"": 24, ""tip_radius"": 0.2}}"
ST_cone-comb_25_s102,stack,cone/comb,mould + foil,0.4,102,d76,6.5,50.0,7.6923076923076925,0.00479682476491694,cone,comb,0.25,0.0,0.002980184042826295,0.04999997094273567,"{""backing"": 2.0, ""bot"": ""comb"", ""bot_depth"": 37.5, ""bot_params"": {""jitter"": 0.0, ""pitch"": 6.5, ""wall_bot"": 0.08, ""wall_top"": 0.08}, ""face_h"": 60.0, ""face_w"": 60.0, ""margin_depths"": 2.0, ""seed"": 102, ""top"": ""cone"", ""top_depth"": 12.5, ""top_params"": {""depth_jitter"": 0.0, ""height_seg"": 12, ""jitter"": 0.3, ""pitch"": 5.5, ""profile_power"": 1.0, ""radial_seg"": 24, ""tip_radius"": 0.2}}"
ST_cone-comb_25_s102,stack,cone/comb,mould + foil,0.4,102,d76,6.5,50.0,7.6923076923076925,0.00479682476491694,cone,comb,0.25,-20.0,0.003042333060875535,0.04999997094273567,"{""backing"": 2.0, ""bot"": ""comb"", ""bot_depth"": 37.5, ""bot_params"": {""jitter"": 0.0, ""pitch"": 6.5, ""wall_bot"": 0.08, ""wall_top"": 0.08}, ""face_h"": 60.0, ""face_w"": 60.0, ""margin_depths"": 2.0, ""seed"": 102, ""top"": ""cone"", ""top_depth"": 12.5, ""top_params"": {""depth_jitter"": 0.0, ""height_seg"": 12, ""jitter"": 0.3, ""pitch"": 5.5, ""profile_power"": 1.0, ""radial_seg"": 24, ""tip_radius"": 0.2}}"
ST_cone-comb_25_s102,stack,cone/comb,mould + foil,0.4,102,d76,6.5,50.0,7.6923076923076925,0.00479682476491694,cone,comb,0.25,-40.0,0.0035312955733388662,0.04999997094273567,"{""backing"": 2.0, ""bot"": ""comb"", ""bot_depth"": 37.5, ""bot_params"": {""jitter"": 0.0, ""pitch"": 6.5, ""wall_bot"": 0.08, ""wall_top"": 0.08}, ""face_h"": 60.0, ""face_w"": 60.0, ""margin_depths"": 2.0, ""seed"": 102, ""top"": ""cone"", ""top_depth"": 12.5, ""top_params"": {""depth_jitter"": 0.0, ""height_seg"": 12, ""jitter"": 0.3, ""pitch"": 5.5, ""profile_power"": 1.0, ""radial_seg"": 24, ""tip_radius"": 0.2}}"
ST_cone-comb_25_s102,stack,cone/comb,mould + foil,0.4,102,d76,6.5,50.0,7.6923076923076925,0.00479682476491694,cone,comb,0.25,20.0,0.0030615967698395252,0.04999997094273567,"{""backing"": 2.0, ""bot"": ""comb"", ""bot_depth"": 37.5, ""bot_params"": {""jitter"": 0.0, ""pitch"": 6.5, ""wall_bot"": 0.08, ""wall_top"": 0.08}, ""face_h"": 60.0, ""face_w"": 60.0, ""margin_depths"": 2.0, ""seed"": 102, ""top"": ""cone"", ""top_depth"": 12.5, ""top_params"": {""depth_jitter"": 0.0, ""height_seg"": 12, ""jitter"": 0.3, ""pitch"": 5.5, ""profile_power"": 1.0, ""radial_seg"": 24, ""tip_radius"": 0.2}}"
ST_cone-comb_25_s102,stack,cone/comb,mould + foil,0.4,102,d76,6.5,50.0,7.6923076923076925,0.00479682476491694,cone,comb,0.25,40.0,0.0035276536364108324,0.04999997094273567,"{""backing"": 2.0, ""bot"": ""comb"", ""bot_depth"": 37.5, ""bot_params"": {""jitter"": 0.0, ""pitch"": 6.5, ""wall_bot"": 0.08, ""wall_top"": 0.08}, ""face_h"": 60.0, ""face_w"": 60.0, ""margin_depths"": 2.0, ""seed"": 102, ""top"": ""cone"", ""top_depth"": 12.5, ""top_params"": {""depth_jitter"": 0.0, ""height_seg"": 12, ""jitter"": 0.3, ""pitch"": 5.5, ""profile_power"": 1.0, ""radial_seg"": 24, ""tip_radius"": 0.2}}"
ST_cone-comb_25_s102,stack,cone/comb,mould + foil,0.4,102,d100,6.5,50.0,7.6923076923076925,0.00479682476491694,cone,comb,0.25,0.0,0.0031976562459021807,0.04999997094273567,"{""backing"": 2.0, ""bot"": ""comb"", ""bot_depth"": 37.5, ""bot_params"": {""jitter"": 0.0, ""pitch"": 6.5, ""wall_bot"": 0.08, ""wall_top"": 0.08}, ""face_h"": 60.0, ""face_w"": 60.0, ""margin_depths"": 2.0, ""seed"": 102, ""top"": ""cone"", ""top_depth"": 12.5, ""top_params"": {""depth_jitter"": 0.0, ""height_seg"": 12, ""jitter"": 0.3, ""pitch"": 5.5, ""profile_power"": 1.0, ""radial_seg"": 24, ""tip_radius"": 0.2}}"
ST_cone-comb_25_s102,stack,cone/comb,mould + foil,0.4,102,d100,6.5,50.0,7.6923076923076925,0.00479682476491694,cone,comb,0.25,-20.0,0.003212196985259652,0.04999997094273567,"{""backing"": 2.0, ""bot"": ""comb"", ""bot_depth"": 37.5, ""bot_params"": {""jitter"": 0.0, ""pitch"": 6.5, ""wall_bot"": 0.08, ""wall_top"": 0.08}, ""face_h"": 60.0, ""face_w"": 60.0, ""margin_depths"": 2.0, ""seed"": 102, ""top"": ""cone"", ""top_depth"": 12.5, ""top_params"": {""depth_jitter"": 0.0, ""height_seg"": 12, ""jitter"": 0.3, ""pitch"": 5.5, ""profile_power"": 1.0, ""radial_seg"": 24, ""tip_radius"": 0.2}}"
ST_cone-comb_25_s102,stack,cone/comb,mould + foil,0.4,102,d100,6.5,50.0,7.6923076923076925,0.00479682476491694,cone,comb,0.25,-40.0,0.0037192313466221094,0.04999997094273567,"{""backing"": 2.0, ""bot"": ""comb"", ""bot_depth"": 37.5, ""bot_params"": {""jitter"": 0.0, ""pitch"": 6.5, ""wall_bot"": 0.08, ""wall_top"": 0.08}, ""face_h"": 60.0, ""face_w"": 60.0, ""margin_depths"": 2.0, ""seed"": 102, ""top"": ""cone"", ""top_depth"": 12.5, ""top_params"": {""depth_jitter"": 0.0, ""height_seg"": 12, ""jitter"": 0.3, ""pitch"": 5.5, ""profile_power"": 1.0, ""radial_seg"": 24, ""tip_radius"": 0.2}}"
ST_cone-comb_25_s102,stack,cone/comb,mould + foil,0.4,102,d100,6.5,50.0,7.6923076923076925,0.00479682476491694,cone,comb,0.25,20.0,0.003204171545803547,0.04999997094273567,"{""backing"": 2.0, ""bot"": ""comb"", ""bot_depth"": 37.5, ""bot_params"": {""jitter"": 0.0, ""pitch"": 6.5, ""wall_bot"": 0.08, ""wall_top"": 0.08}, ""face_h"": 60.0, ""face_w"": 60.0, ""margin_depths"": 2.0, ""seed"": 102, ""top"": ""cone"", ""top_depth"": 12.5, ""top_params"": {""depth_jitter"": 0.0, ""height_seg"": 12, ""jitter"": 0.3, ""pitch"": 5.5, ""profile_power"": 1.0, ""radial_seg"": 24, ""tip_radius"": 0.2}}"
ST_cone-comb_25_s102,stack,cone/comb,mould + foil,0.4,102,d100,6.5,50.0,7.6923076923076925,0.00479682476491694,cone,comb,0.25,40.0,0.0037191063165664673,0.04999997094273567,"{""backing"": 2.0, ""bot"": ""comb"", ""bot_depth"": 37.5, ""bot_params"": {""jitter"": 0.0, ""pitch"": 6.5, ""wall_bot"": 0.08, ""wall_top"": 0.08}, ""face_h"": 60.0, ""face_w"": 60.0, ""margin_depths"": 2.0, ""seed"": 102, ""top"": ""cone"", ""top_depth"": 12.5, ""top_params"": {""depth_jitter"": 0.0, ""height_seg"": 12, ""jitter"": 0.3, ""pitch"": 5.5, ""profile_power"": 1.0, ""radial_seg"": 24, ""tip_radius"": 0.2}}"
ST_comb-cone_25_s102,stack,comb/cone,foil + mould,0.08,102,d00,6.5,50.0,7.6923076923076925,0.03282051282051282,comb,cone,0.25,0.0,0.0005707200616598129,0.04999997094273567,"{""backing"": 2.0, ""bot"": ""cone"", ""bot_depth"": 37.5, ""bot_params"": {""depth_jitter"": 0.0, ""height_seg"": 12, ""jitter"": 0.3, ""pitch"": 5.5, ""profile_power"": 1.0, ""radial_seg"": 24, ""tip_radius"": 0.2}, ""face_h"": 60.0, ""face_w"": 60.0, ""margin_depths"": 2.0, ""seed"": 102, ""top"": ""comb"", ""top_depth"": 12.5, ""top_params"": {""jitter"": 0.0, ""pitch"": 6.5, ""wall_bot"": 0.08, ""wall_top"": 0.08}}"
ST_comb-cone_25_s102,stack,comb/cone,foil + mould,0.08,102,d00,6.5,50.0,7.6923076923076925,0.03282051282051282,comb,cone,0.25,-20.0,0.0004888996481895447,0.04999997094273567,"{""backing"": 2.0, ""bot"": ""cone"", ""bot_depth"": 37.5, ""bot_params"": {""depth_jitter"": 0.0, ""height_seg"": 12, ""jitter"": 0.3, ""pitch"": 5.5, ""profile_power"": 1.0, ""radial_seg"": 24, ""tip_radius"": 0.2}, ""face_h"": 60.0, ""face_w"": 60.0, ""margin_depths"": 2.0, ""seed"": 102, ""top"": ""comb"", ""top_depth"": 12.5, ""top_params"": {""jitter"": 0.0, ""pitch"": 6.5, ""wall_bot"": 0.08, ""wall_top"": 0.08}}"
ST_comb-cone_25_s102,stack,comb/cone,foil + mould,0.08,102,d00,6.5,50.0,7.6923076923076925,0.03282051282051282,comb,cone,0.25,-40.0,0.0004404314386192709,0.04999997094273567,"{""backing"": 2.0, ""bot"": ""cone"", ""bot_depth"": 37.5, ""bot_params"": {""depth_jitter"": 0.0, ""height_seg"": 12, ""jitter"": 0.3, ""pitch"": 5.5, ""profile_power"": 1.0, ""radial_seg"": 24, ""tip_radius"": 0.2}, ""face_h"": 60.0, ""face_w"": 60.0, ""margin_depths"": 2.0, ""seed"": 102, ""top"": ""comb"", ""top_depth"": 12.5, ""top_params"": {""jitter"": 0.0, ""pitch"": 6.5, ""wall_bot"": 0.08, ""wall_top"": 0.08}}"
ST_comb-cone_25_s102,stack,comb/cone,foil + mould,0.08,102,d00,6.5,50.0,7.6923076923076925,0.03282051282051282,comb,cone,0.25,20.0,0.0004949301946908236,0.04999997094273567,"{""backing"": 2.0, ""bot"": ""cone"", ""bot_depth"": 37.5, ""bot_params"": {""depth_jitter"": 0.0, ""height_seg"": 12, ""jitter"": 0.3, ""pitch"": 5.5, ""profile_power"": 1.0, ""radial_seg"": 24, ""tip_radius"": 0.2}, ""face_h"": 60.0, ""face_w"": 60.0, ""margin_depths"": 2.0, ""seed"": 102, ""top"": ""comb"", ""top_depth"": 12.5, ""top_params"": {""jitter"": 0.0, ""pitch"": 6.5, ""wall_bot"": 0.08, ""wall_top"": 0.08}}"
ST_comb-cone_25_s102,stack,comb/cone,foil + mould,0.08,102,d00,6.5,50.0,7.6923076923076925,0.03282051282051282,comb,cone,0.25,40.0,0.00044356315629556775,0.04999997094273567,"{""backing"": 2.0, ""bot"": ""cone"", ""bot_depth"": 37.5, ""bot_params"": {""depth_jitter"": 0.0, ""height_seg"": 12, ""jitter"": 0.3, ""pitch"": 5.5, ""profile_power"": 1.0, ""radial_seg"": 24, ""tip_radius"": 0.2}, ""face_h"": 60.0, ""face_w"": 60.0, ""margin_depths"": 2.0, ""seed"": 102, ""top"": ""comb"", ""top_depth"": 12.5, ""top_params"": {""jitter"": 0.0, ""pitch"": 6.5, ""wall_bot"": 0.08, ""wall_top"": 0.08}}"
ST_comb-cone_25_s102,stack,comb/cone,foil + mould,0.08,102,d76,6.5,50.0,7.6923076923076925,0.03282051282051282,comb,cone,0.25,0.0,0.00042187623330391943,0.04999997094273567,"{""backing"": 2.0, ""bot"": ""cone"", ""bot_depth"": 37.5, ""bot_params"": {""depth_jitter"": 0.0, ""height_seg"": 12, ""jitter"": 0.3, ""pitch"": 5.5, ""profile_power"": 1.0, ""radial_seg"": 24, ""tip_radius"": 0.2}, ""face_h"": 60.0, ""face_w"": 60.0, ""margin_depths"": 2.0, ""seed"": 102, ""top"": ""comb"", ""top_depth"": 12.5, ""top_params"": {""jitter"": 0.0, ""pitch"": 6.5, ""wall_bot"": 0.08, ""wall_top"": 0.08}}"
ST_comb-cone_25_s102,stack,comb/cone,foil + mould,0.08,102,d76,6.5,50.0,7.6923076923076925,0.03282051282051282,comb,cone,0.25,-20.0,0.0010646911105141044,0.04999997094273567,"{""backing"": 2.0, ""bot"": ""cone"", ""bot_depth"": 37.5, ""bot_params"": {""depth_jitter"": 0.0, ""height_seg"": 12, ""jitter"": 0.3, ""pitch"": 5.5, ""profile_power"": 1.0, ""radial_seg"": 24, ""tip_radius"": 0.2}, ""face_h"": 60.0, ""face_w"": 60.0, ""margin_depths"": 2.0, ""seed"": 102, ""top"": ""comb"", ""top_depth"": 12.5, ""top_params"": {""jitter"": 0.0, ""pitch"": 6.5, ""wall_bot"": 0.08, ""wall_top"": 0.08}}"
ST_comb-cone_25_s102,stack,comb/cone,foil + mould,0.08,102,d76,6.5,50.0,7.6923076923076925,0.03282051282051282,comb,cone,0.25,-40.0,0.0017626184271648526,0.04999997094273567,"{""backing"": 2.0, ""bot"": ""cone"", ""bot_depth"": 37.5, ""bot_params"": {""depth_jitter"": 0.0, ""height_seg"": 12, ""jitter"": 0.3, ""pitch"": 5.5, ""profile_power"": 1.0, ""radial_seg"": 24, ""tip_radius"": 0.2}, ""face_h"": 60.0, ""face_w"": 60.0, ""margin_depths"": 2.0, ""seed"": 102, ""top"": ""comb"", ""top_depth"": 12.5, ""top_params"": {""jitter"": 0.0, ""pitch"": 6.5, ""wall_bot"": 0.08, ""wall_top"": 0.08}}"
ST_comb-cone_25_s102,stack,comb/cone,foil + mould,0.08,102,d76,6.5,50.0,7.6923076923076925,0.03282051282051282,comb,cone,0.25,20.0,0.0011336526367813349,0.04999997094273567,"{""backing"": 2.0, ""bot"": ""cone"", ""bot_depth"": 37.5, ""bot_params"": {""depth_jitter"": 0.0, ""height_seg"": 12, ""jitter"": 0.3, ""pitch"": 5.5, ""profile_power"": 1.0, ""radial_seg"": 24, ""tip_radius"": 0.2}, ""face_h"": 60.0, ""face_w"": 60.0, ""margin_depths"": 2.0, ""seed"": 102, ""top"": ""comb"", ""top_depth"": 12.5, ""top_params"": {""jitter"": 0.0, ""pitch"": 6.5, ""wall_bot"": 0.08, ""wall_top"": 0.08}}"
ST_comb-cone_25_s102,stack,comb/cone,foil + mould,0.08,102,d76,6.5,50.0,7.6923076923076925,0.03282051282051282,comb,cone,0.25,40.0,0.0018363514682278037,0.04999997094273567,"{""backing"": 2.0, ""bot"": ""cone"", ""bot_depth"": 37.5, ""bot_params"": {""depth_jitter"": 0.0, ""height_seg"": 12, ""jitter"": 0.3, ""pitch"": 5.5, ""profile_power"": 1.0, ""radial_seg"": 24, ""tip_radius"": 0.2}, ""face_h"": 60.0, ""face_w"": 60.0, ""margin_depths"": 2.0, ""seed"": 102, ""top"": ""comb"", ""top_depth"": 12.5, ""top_params"": {""jitter"": 0.0, ""pitch"": 6.5, ""wall_bot"": 0.08, ""wall_top"": 0.08}}"
ST_comb-cone_25_s102,stack,comb/cone,foil + mould,0.08,102,d100,6.5,50.0,7.6923076923076925,0.03282051282051282,comb,cone,0.25,0.0,0.00039190685492940247,0.04999997094273567,"{""backing"": 2.0, ""bot"": ""cone"", ""bot_depth"": 37.5, ""bot_params"": {""depth_jitter"": 0.0, ""height_seg"": 12, ""jitter"": 0.3, ""pitch"": 5.5, ""profile_power"": 1.0, ""radial_seg"": 24, ""tip_radius"": 0.2}, ""face_h"": 60.0, ""face_w"": 60.0, ""margin_depths"": 2.0, ""seed"": 102, ""top"": ""comb"", ""top_depth"": 12.5, ""top_params"": {""jitter"": 0.0, ""pitch"": 6.5, ""wall_bot"": 0.08, ""wall_top"": 0.08}}"
ST_comb-cone_25_s102,stack,comb/cone,foil + mould,0.08,102,d100,6.5,50.0,7.6923076923076925,0.03282051282051282,comb,cone,0.25,-20.0,0.001247120089828968,0.04999997094273567,"{""backing"": 2.0, ""bot"": ""cone"", ""bot_depth"": 37.5, ""bot_params"": {""depth_jitter"": 0.0, ""height_seg"": 12, ""jitter"": 0.3, ""pitch"": 5.5, ""profile_power"": 1.0, ""radial_seg"": 24, ""tip_radius"": 0.2}, ""face_h"": 60.0, ""face_w"": 60.0, ""margin_depths"": 2.0, ""seed"": 102, ""top"": ""comb"", ""top_depth"": 12.5, ""top_params"": {""jitter"": 0.0, ""pitch"": 6.5, ""wall_bot"": 0.08, ""wall_top"": 0.08}}"
ST_comb-cone_25_s102,stack,comb/cone,foil + mould,0.08,102,d100,6.5,50.0,7.6923076923076925,0.03282051282051282,comb,cone,0.25,-40.0,0.002185446210205555,0.04999997094273567,"{""backing"": 2.0, ""bot"": ""cone"", ""bot_depth"": 37.5, ""bot_params"": {""depth_jitter"": 0.0, ""height_seg"": 12, ""jitter"": 0.3, ""pitch"": 5.5, ""profile_power"": 1.0, ""radial_seg"": 24, ""tip_radius"": 0.2}, ""face_h"": 60.0, ""face_w"": 60.0, ""margin_depths"": 2.0, ""seed"": 102, ""top"": ""comb"", ""top_depth"": 12.5, ""top_params"": {""jitter"": 0.0, ""pitch"": 6.5, ""wall_bot"": 0.08, ""wall_top"": 0.08}}"
ST_comb-cone_25_s102,stack,comb/cone,foil + mould,0.08,102,d100,6.5,50.0,7.6923076923076925,0.03282051282051282,comb,cone,0.25,20.0,0.0013432058040052652,0.04999997094273567,"{""backing"": 2.0, ""bot"": ""cone"", ""bot_depth"": 37.5, ""bot_params"": {""depth_jitter"": 0.0, ""height_seg"": 12, ""jitter"": 0.3, ""pitch"": 5.5, ""profile_power"": 1.0, ""radial_seg"": 24, ""tip_radius"": 0.2}, ""face_h"": 60.0, ""face_w"": 60.0, ""margin_depths"": 2.0, ""seed"": 102, ""top"": ""comb"", ""top_depth"": 12.5, ""top_params"": {""jitter"": 0.0, ""pitch"": 6.5, ""wall_bot"": 0.08, ""wall_top"": 0.08}}"
ST_comb-cone_25_s102,stack,comb/cone,foil + mould,0.08,102,d100,6.5,50.0,7.6923076923076925,0.03282051282051282,comb,cone,0.25,40.0,0.0022828485816717148,0.04999997094273567,"{""backing"": 2.0, ""bot"": ""cone"", ""bot_depth"": 37.5, ""bot_params"": {""depth_jitter"": 0.0, ""height_seg"": 12, ""jitter"": 0.3, ""pitch"": 5.5, ""profile_power"": 1.0, ""radial_seg"": 24, ""tip_radius"": 0.2}, ""face_h"": 60.0, ""face_w"": 60.0, ""margin_depths"": 2.0, ""seed"": 102, ""top"": ""comb"", ""top_depth"": 12.5, ""top_params"": {""jitter"": 0.0, ""pitch"": 6.5, ""wall_bot"": 0.08, ""wall_top"": 0.08}}"
ST_cone-comb_75_s102,stack,cone/comb,mould + foil,0.4,102,d00,6.5,50.0,7.6923076923076925,0.00479682476491694,cone,comb,0.75,0.0,0.002021278254687786,0.04999997094273567,"{""backing"": 2.0, ""bot"": ""comb"", ""bot_depth"": 12.5, ""bot_params"": {""jitter"": 0.0, ""pitch"": 6.5, ""wall_bot"": 0.08, ""wall_top"": 0.08}, ""face_h"": 60.0, ""face_w"": 60.0, ""margin_depths"": 2.0, ""seed"": 102, ""top"": ""cone"", ""top_depth"": 37.5, ""top_params"": {""depth_jitter"": 0.0, ""height_seg"": 12, ""jitter"": 0.3, ""pitch"": 5.5, ""profile_power"": 1.0, ""radial_seg"": 24, ""tip_radius"": 0.2}}"
ST_cone-comb_75_s102,stack,cone/comb,mould + foil,0.4,102,d00,6.5,50.0,7.6923076923076925,0.00479682476491694,cone,comb,0.75,-20.0,0.001518387463875115,0.04999997094273567,"{""backing"": 2.0, ""bot"": ""comb"", ""bot_depth"": 12.5, ""bot_params"": {""jitter"": 0.0, ""pitch"": 6.5, ""wall_bot"": 0.08, ""wall_top"": 0.08}, ""face_h"": 60.0, ""face_w"": 60.0, ""margin_depths"": 2.0, ""seed"": 102, ""top"": ""cone"", ""top_depth"": 37.5, ""top_params"": {""depth_jitter"": 0.0, ""height_seg"": 12, ""jitter"": 0.3, ""pitch"": 5.5, ""profile_power"": 1.0, ""radial_seg"": 24, ""tip_radius"": 0.2}}"
ST_cone-comb_75_s102,stack,cone/comb,mould + foil,0.4,102,d00,6.5,50.0,7.6923076923076925,0.00479682476491694,cone,comb,0.75,-40.0,0.0023700781166553497,0.04999997094273567,"{""backing"": 2.0, ""bot"": ""comb"", ""bot_depth"": 12.5, ""bot_params"": {""jitter"": 0.0, ""pitch"": 6.5, ""wall_bot"": 0.08, ""wall_top"": 0.08}, ""face_h"": 60.0, ""face_w"": 60.0, ""margin_depths"": 2.0, ""seed"": 102, ""top"": ""cone"", ""top_depth"": 37.5, ""top_params"": {""depth_jitter"": 0.0, ""height_seg"": 12, ""jitter"": 0.3, ""pitch"": 5.5, ""profile_power"": 1.0, ""radial_seg"": 24, ""tip_radius"": 0.2}}"
ST_cone-comb_75_s102,stack,cone/comb,mould + foil,0.4,102,d00,6.5,50.0,7.6923076923076925,0.00479682476491694,cone,comb,0.75,20.0,0.0015446168836206198,0.04999997094273567,"{""backing"": 2.0, ""bot"": ""comb"", ""bot_depth"": 12.5, ""bot_params"": {""jitter"": 0.0, ""pitch"": 6.5, ""wall_bot"": 0.08, ""wall_top"": 0.08}, ""face_h"": 60.0, ""face_w"": 60.0, ""margin_depths"": 2.0, ""seed"": 102, ""top"": ""cone"", ""top_depth"": 37.5, ""top_params"": {""depth_jitter"": 0.0, ""height_seg"": 12, ""jitter"": 0.3, ""pitch"": 5.5, ""profile_power"": 1.0, ""radial_seg"": 24, ""tip_radius"": 0.2}}"
ST_cone-comb_75_s102,stack,cone/comb,mould + foil,0.4,102,d00,6.5,50.0,7.6923076923076925,0.00479682476491694,cone,comb,0.75,40.0,0.0023578142281621695,0.04999997094273567,"{""backing"": 2.0, ""bot"": ""comb"", ""bot_depth"": 12.5, ""bot_params"": {""jitter"": 0.0, ""pitch"": 6.5, ""wall_bot"": 0.08, ""wall_top"": 0.08}, ""face_h"": 60.0, ""face_w"": 60.0, ""margin_depths"": 2.0, ""seed"": 102, ""top"": ""cone"", ""top_depth"": 37.5, ""top_params"": {""depth_jitter"": 0.0, ""height_seg"": 12, ""jitter"": 0.3, ""pitch"": 5.5, ""profile_power"": 1.0, ""radial_seg"": 24, ""tip_radius"": 0.2}}"
ST_cone-comb_75_s102,stack,cone/comb,mould + foil,0.4,102,d76,6.5,50.0,7.6923076923076925,0.00479682476491694,cone,comb,0.75,0.0,0.0012578082969412208,0.04999997094273567,"{""backing"": 2.0, ""bot"": ""comb"", ""bot_depth"": 12.5, ""bot_params"": {""jitter"": 0.0, ""pitch"": 6.5, ""wall_bot"": 0.08, ""wall_top"": 0.08}, ""face_h"": 60.0, ""face_w"": 60.0, ""margin_depths"": 2.0, ""seed"": 102, ""top"": ""cone"", ""top_depth"": 37.5, ""top_params"": {""depth_jitter"": 0.0, ""height_seg"": 12, ""jitter"": 0.3, ""pitch"": 5.5, ""profile_power"": 1.0, ""radial_seg"": 24, ""tip_radius"": 0.2}}"
ST_cone-comb_75_s102,stack,cone/comb,mould + foil,0.4,102,d76,6.5,50.0,7.6923076923076925,0.00479682476491694,cone,comb,0.75,-20.0,0.0014780682977288961,0.04999997094273567,"{""backing"": 2.0, ""bot"": ""comb"", ""bot_depth"": 12.5, ""bot_params"": {""jitter"": 0.0, ""pitch"": 6.5, ""wall_bot"": 0.08, ""wall_top"": 0.08}, ""face_h"": 60.0, ""face_w"": 60.0, ""margin_depths"": 2.0, ""seed"": 102, ""top"": ""cone"", ""top_depth"": 37.5, ""top_params"": {""depth_jitter"": 0.0, ""height_seg"": 12, ""jitter"": 0.3, ""pitch"": 5.5, ""profile_power"": 1.0, ""radial_seg"": 24, ""tip_radius"": 0.2}}"
ST_cone-comb_75_s102,stack,cone/comb,mould + foil,0.4,102,d76,6.5,50.0,7.6923076923076925,0.00479682476491694,cone,comb,0.75,-40.0,0.0021580178290605545,0.04999997094273567,"{""backing"": 2.0, ""bot"": ""comb"", ""bot_depth"": 12.5, ""bot_params"": {""jitter"": 0.0, ""pitch"": 6.5, ""wall_bot"": 0.08, ""wall_top"": 0.08}, ""face_h"": 60.0, ""face_w"": 60.0, ""margin_depths"": 2.0, ""seed"": 102, ""top"": ""cone"", ""top_depth"": 37.5, ""top_params"": {""depth_jitter"": 0.0, ""height_seg"": 12, ""jitter"": 0.3, ""pitch"": 5.5, ""profile_power"": 1.0, ""radial_seg"": 24, ""tip_radius"": 0.2}}"
ST_cone-comb_75_s102,stack,cone/comb,mould + foil,0.4,102,d76,6.5,50.0,7.6923076923076925,0.00479682476491694,cone,comb,0.75,20.0,0.0015337736112996936,0.04999997094273567,"{""backing"": 2.0, ""bot"": ""comb"", ""bot_depth"": 12.5, ""bot_params"": {""jitter"": 0.0, ""pitch"": 6.5, ""wall_bot"": 0.08, ""wall_top"": 0.08}, ""face_h"": 60.0, ""face_w"": 60.0, ""margin_depths"": 2.0, ""seed"": 102, ""top"": ""cone"", ""top_depth"": 37.5, ""top_params"": {""depth_jitter"": 0.0, ""height_seg"": 12, ""jitter"": 0.3, ""pitch"": 5.5, ""profile_power"": 1.0, ""radial_seg"": 24, ""tip_radius"": 0.2}}"
ST_cone-comb_75_s102,stack,cone/comb,mould + foil,0.4,102,d76,6.5,50.0,7.6923076923076925,0.00479682476491694,cone,comb,0.75,40.0,0.002268957206979394,0.04999997094273567,"{""backing"": 2.0, ""bot"": ""comb"", ""bot_depth"": 12.5, ""bot_params"": {""jitter"": 0.0, ""pitch"": 6.5, ""wall_bot"": 0.08, ""wall_top"": 0.08}, ""face_h"": 60.0, ""face_w"": 60.0, ""margin_depths"": 2.0, ""seed"": 102, ""top"": ""cone"", ""top_depth"": 37.5, ""top_params"": {""depth_jitter"": 0.0, ""height_seg"": 12, ""jitter"": 0.3, ""pitch"": 5.5, ""profile_power"": 1.0, ""radial_seg"": 24, ""tip_radius"": 0.2}}"
ST_cone-comb_75_s102,stack,cone/comb,mould + foil,0.4,102,d100,6.5,50.0,7.6923076923076925,0.00479682476491694,cone,comb,0.75,0.0,0.0011550594354048371,0.04999997094273567,"{""backing"": 2.0, ""bot"": ""comb"", ""bot_depth"": 12.5, ""bot_params"": {""jitter"": 0.0, ""pitch"": 6.5, ""wall_bot"": 0.08, ""wall_top"": 0.08}, ""face_h"": 60.0, ""face_w"": 60.0, ""margin_depths"": 2.0, ""seed"": 102, ""top"": ""cone"", ""top_depth"": 37.5, ""top_params"": {""depth_jitter"": 0.0, ""height_seg"": 12, ""jitter"": 0.3, ""pitch"": 5.5, ""profile_power"": 1.0, ""radial_seg"": 24, ""tip_radius"": 0.2}}"
ST_cone-comb_75_s102,stack,cone/comb,mould + foil,0.4,102,d100,6.5,50.0,7.6923076923076925,0.00479682476491694,cone,comb,0.75,-20.0,0.0016230674227699637,0.04999997094273567,"{""backing"": 2.0, ""bot"": ""comb"", ""bot_depth"": 12.5, ""bot_params"": {""jitter"": 0.0, ""pitch"": 6.5, ""wall_bot"": 0.08, ""wall_top"": 0.08}, ""face_h"": 60.0, ""face_w"": 60.0, ""margin_depths"": 2.0, ""seed"": 102, ""top"": ""cone"", ""top_depth"": 37.5, ""top_params"": {""depth_jitter"": 0.0, ""height_seg"": 12, ""jitter"": 0.3, ""pitch"": 5.5, ""profile_power"": 1.0, ""radial_seg"": 24, ""tip_radius"": 0.2}}"
ST_cone-comb_75_s102,stack,cone/comb,mould + foil,0.4,102,d100,6.5,50.0,7.6923076923076925,0.00479682476491694,cone,comb,0.75,-40.0,0.0023158565163612366,0.04999997094273567,"{""backing"": 2.0, ""bot"": ""comb"", ""bot_depth"": 12.5, ""bot_params"": {""jitter"": 0.0, ""pitch"": 6.5, ""wall_bot"": 0.08, ""wall_top"": 0.08}, ""face_h"": 60.0, ""face_w"": 60.0, ""margin_depths"": 2.0, ""seed"": 102, ""top"": ""cone"", ""top_depth"": 37.5, ""top_params"": {""depth_jitter"": 0.0, ""height_seg"": 12, ""jitter"": 0.3, ""pitch"": 5.5, ""profile_power"": 1.0, ""radial_seg"": 24, ""tip_radius"": 0.2}}"
ST_cone-comb_75_s102,stack,cone/comb,mould + foil,0.4,102,d100,6.5,50.0,7.6923076923076925,0.00479682476491694,cone,comb,0.75,20.0,0.0016775022959336638,0.04999997094273567,"{""backing"": 2.0, ""bot"": ""comb"", ""bot_depth"": 12.5, ""bot_params"": {""jitter"": 0.0, ""pitch"": 6.5, ""wall_bot"": 0.08, ""wall_top"": 0.08}, ""face_h"": 60.0, ""face_w"": 60.0, ""margin_depths"": 2.0, ""seed"": 102, ""top"": ""cone"", ""top_depth"": 37.5, ""top_params"": {""depth_jitter"": 0.0, ""height_seg"": 12, ""jitter"": 0.3, ""pitch"": 5.5, ""profile_power"": 1.0, ""radial_seg"": 24, ""tip_radius"": 0.2}}"
ST_cone-comb_75_s102,stack,cone/comb,mould + foil,0.4,102,d100,6.5,50.0,7.6923076923076925,0.00479682476491694,cone,comb,0.75,40.0,0.0023743165656924248,0.04999997094273567,"{""backing"": 2.0, ""bot"": ""comb"", ""bot_depth"": 12.5, ""bot_params"": {""jitter"": 0.0, ""pitch"": 6.5, ""wall_bot"": 0.08, ""wall_top"": 0.08}, ""face_h"": 60.0, ""face_w"": 60.0, ""margin_depths"": 2.0, ""seed"": 102, ""top"": ""cone"", ""top_depth"": 37.5, ""top_params"": {""depth_jitter"": 0.0, ""height_seg"": 12, ""jitter"": 0.3, ""pitch"": 5.5, ""profile_power"": 1.0, ""radial_seg"": 24, ""tip_radius"": 0.2}}"
ST_comb-cone_75_s102,stack,comb/cone,foil + mould,0.08,102,d00,6.5,50.0,7.6923076923076925,0.03282051282051282,comb,cone,0.75,0.0,0.00036690125125460327,0.04999997094273567,"{""backing"": 2.0, ""bot"": ""cone"", ""bot_depth"": 12.5, ""bot_params"": {""depth_jitter"": 0.0, ""height_seg"": 12, ""jitter"": 0.3, ""pitch"": 5.5, ""profile_power"": 1.0, ""radial_seg"": 24, ""tip_radius"": 0.2}, ""face_h"": 60.0, ""face_w"": 60.0, ""margin_depths"": 2.0, ""seed"": 102, ""top"": ""comb"", ""top_depth"": 37.5, ""top_params"": {""jitter"": 0.0, ""pitch"": 6.5, ""wall_bot"": 0.08, ""wall_top"": 0.08}}"
ST_comb-cone_75_s102,stack,comb/cone,foil + mould,0.08,102,d00,6.5,50.0,7.6923076923076925,0.03282051282051282,comb,cone,0.75,-20.0,0.00046360609121620655,0.04999997094273567,"{""backing"": 2.0, ""bot"": ""cone"", ""bot_depth"": 12.5, ""bot_params"": {""depth_jitter"": 0.0, ""height_seg"": 12, ""jitter"": 0.3, ""pitch"": 5.5, ""profile_power"": 1.0, ""radial_seg"": 24, ""tip_radius"": 0.2}, ""face_h"": 60.0, ""face_w"": 60.0, ""margin_depths"": 2.0, ""seed"": 102, ""top"": ""comb"", ""top_depth"": 37.5, ""top_params"": {""jitter"": 0.0, ""pitch"": 6.5, ""wall_bot"": 0.08, ""wall_top"": 0.08}}"
ST_comb-cone_75_s102,stack,comb/cone,foil + mould,0.08,102,d00,6.5,50.0,7.6923076923076925,0.03282051282051282,comb,cone,0.75,-40.0,0.00045317725744098425,0.04999997094273567,"{""backing"": 2.0, ""bot"": ""cone"", ""bot_depth"": 12.5, ""bot_params"": {""depth_jitter"": 0.0, ""height_seg"": 12, ""jitter"": 0.3, ""pitch"": 5.5, ""profile_power"": 1.0, ""radial_seg"": 24, ""tip_radius"": 0.2}, ""face_h"": 60.0, ""face_w"": 60.0, ""margin_depths"": 2.0, ""seed"": 102, ""top"": ""comb"", ""top_depth"": 37.5, ""top_params"": {""jitter"": 0.0, ""pitch"": 6.5, ""wall_bot"": 0.08, ""wall_top"": 0.08}}"
ST_comb-cone_75_s102,stack,comb/cone,foil + mould,0.08,102,d00,6.5,50.0,7.6923076923076925,0.03282051282051282,comb,cone,0.75,20.0,0.00047857678146101534,0.04999997094273567,"{""backing"": 2.0, ""bot"": ""cone"", ""bot_depth"": 12.5, ""bot_params"": {""depth_jitter"": 0.0, ""height_seg"": 12, ""jitter"": 0.3, ""pitch"": 5.5, ""profile_power"": 1.0, ""radial_seg"": 24, ""tip_radius"": 0.2}, ""face_h"": 60.0, ""face_w"": 60.0, ""margin_depths"": 2.0, ""seed"": 102, ""top"": ""comb"", ""top_depth"": 37.5, ""top_params"": {""jitter"": 0.0, ""pitch"": 6.5, ""wall_bot"": 0.08, ""wall_top"": 0.08}}"
ST_comb-cone_75_s102,stack,comb/cone,foil + mould,0.08,102,d00,6.5,50.0,7.6923076923076925,0.03282051282051282,comb,cone,0.75,40.0,0.0004560590023174882,0.04999997094273567,"{""backing"": 2.0, ""bot"": ""cone"", ""bot_depth"": 12.5, ""bot_params"": {""depth_jitter"": 0.0, ""height_seg"": 12, ""jitter"": 0.3, ""pitch"": 5.5, ""profile_power"": 1.0, ""radial_seg"": 24, ""tip_radius"": 0.2}, ""face_h"": 60.0, ""face_w"": 60.0, ""margin_depths"": 2.0, ""seed"": 102, ""top"": ""comb"", ""top_depth"": 37.5, ""top_params"": {""jitter"": 0.0, ""pitch"": 6.5, ""wall_bot"": 0.08, ""wall_top"": 0.08}}"
ST_comb-cone_75_s102,stack,comb/cone,foil + mould,0.08,102,d76,6.5,50.0,7.6923076923076925,0.03282051282051282,comb,cone,0.75,0.0,0.0003555020084604621,0.04999997094273567,"{""backing"": 2.0, ""bot"": ""cone"", ""bot_depth"": 12.5, ""bot_params"": {""depth_jitter"": 0.0, ""height_seg"": 12, ""jitter"": 0.3, ""pitch"": 5.5, ""profile_power"": 1.0, ""radial_seg"": 24, ""tip_radius"": 0.2}, ""face_h"": 60.0, ""face_w"": 60.0, ""margin_depths"": 2.0, ""seed"": 102, ""top"": ""comb"", ""top_depth"": 37.5, ""top_params"": {""jitter"": 0.0, ""pitch"": 6.5, ""wall_bot"": 0.08, ""wall_top"": 0.08}}"
ST_comb-cone_75_s102,stack,comb/cone,foil + mould,0.08,102,d76,6.5,50.0,7.6923076923076925,0.03282051282051282,comb,cone,0.75,-20.0,0.0010811364045366645,0.04999997094273567,"{""backing"": 2.0, ""bot"": ""cone"", ""bot_depth"": 12.5, ""bot_params"": {""depth_jitter"": 0.0, ""height_seg"": 12, ""jitter"": 0.3, ""pitch"": 5.5, ""profile_power"": 1.0, ""radial_seg"": 24, ""tip_radius"": 0.2}, ""face_h"": 60.0, ""face_w"": 60.0, ""margin_depths"": 2.0, ""seed"": 102, ""top"": ""comb"", ""top_depth"": 37.5, ""top_params"": {""jitter"": 0.0, ""pitch"": 6.5, ""wall_bot"": 0.08, ""wall_top"": 0.08}}"
ST_comb-cone_75_s102,stack,comb/cone,foil + mould,0.08,102,d76,6.5,50.0,7.6923076923076925,0.03282051282051282,comb,cone,0.75,-40.0,0.001792232971638441,0.04999997094273567,"{""backing"": 2.0, ""bot"": ""cone"", ""bot_depth"": 12.5, ""bot_params"": {""depth_jitter"": 0.0, ""height_seg"": 12, ""jitter"": 0.3, ""pitch"": 5.5, ""profile_power"": 1.0, ""radial_seg"": 24, ""tip_radius"": 0.2}, ""face_h"": 60.0, ""face_w"": 60.0, ""margin_depths"": 2.0, ""seed"": 102, ""top"": ""comb"", ""top_depth"": 37.5, ""top_params"": {""jitter"": 0.0, ""pitch"": 6.5, ""wall_bot"": 0.08, ""wall_top"": 0.08}}"
ST_comb-cone_75_s102,stack,comb/cone,foil + mould,0.08,102,d76,6.5,50.0,7.6923076923076925,0.03282051282051282,comb,cone,0.75,20.0,0.0011413550237193704,0.04999997094273567,"{""backing"": 2.0, ""bot"": ""cone"", ""bot_depth"": 12.5, ""bot_params"": {""depth_jitter"": 0.0, ""height_seg"": 12, ""jitter"": 0.3, ""pitch"": 5.5, ""profile_power"": 1.0, ""radial_seg"": 24, ""tip_radius"": 0.2}, ""face_h"": 60.0, ""face_w"": 60.0, ""margin_depths"": 2.0, ""seed"": 102, ""top"": ""comb"", ""top_depth"": 37.5, ""top_params"": {""jitter"": 0.0, ""pitch"": 6.5, ""wall_bot"": 0.08, ""wall_top"": 0.08}}"
ST_comb-cone_75_s102,stack,comb/cone,foil + mould,0.08,102,d76,6.5,50.0,7.6923076923076925,0.03282051282051282,comb,cone,0.75,40.0,0.0018415035447105765,0.04999997094273567,"{""backing"": 2.0, ""bot"": ""cone"", ""bot_depth"": 12.5, ""bot_params"": {""depth_jitter"": 0.0, ""height_seg"": 12, ""jitter"": 0.3, ""pitch"": 5.5, ""profile_power"": 1.0, ""radial_seg"": 24, ""tip_radius"": 0.2}, ""face_h"": 60.0, ""face_w"": 60.0, ""margin_depths"": 2.0, ""seed"": 102, ""top"": ""comb"", ""top_depth"": 37.5, ""top_params"": {""jitter"": 0.0, ""pitch"": 6.5, ""wall_bot"": 0.08, ""wall_top"": 0.08}}"
ST_comb-cone_75_s102,stack,comb/cone,foil + mould,0.08,102,d100,6.5,50.0,7.6923076923076925,0.03282051282051282,comb,cone,0.75,0.0,0.00035631246282719076,0.04999997094273567,"{""backing"": 2.0, ""bot"": ""cone"", ""bot_depth"": 12.5, ""bot_params"": {""depth_jitter"": 0.0, ""height_seg"": 12, ""jitter"": 0.3, ""pitch"": 5.5, ""profile_power"": 1.0, ""radial_seg"": 24, ""tip_radius"": 0.2}, ""face_h"": 60.0, ""face_w"": 60.0, ""margin_depths"": 2.0, ""seed"": 102, ""top"": ""comb"", ""top_depth"": 37.5, ""top_params"": {""jitter"": 0.0, ""pitch"": 6.5, ""wall_bot"": 0.08, ""wall_top"": 0.08}}"
ST_comb-cone_75_s102,stack,comb/cone,foil + mould,0.08,102,d100,6.5,50.0,7.6923076923076925,0.03282051282051282,comb,cone,0.75,-20.0,0.0012852064101025462,0.04999997094273567,"{""backing"": 2.0, ""bot"": ""cone"", ""bot_depth"": 12.5, ""bot_params"": {""depth_jitter"": 0.0, ""height_seg"": 12, ""jitter"": 0.3, ""pitch"": 5.5, ""profile_power"": 1.0, ""radial_seg"": 24, ""tip_radius"": 0.2}, ""face_h"": 60.0, ""face_w"": 60.0, ""margin_depths"": 2.0, ""seed"": 102, ""top"": ""comb"", ""top_depth"": 37.5, ""top_params"": {""jitter"": 0.0, ""pitch"": 6.5, ""wall_bot"": 0.08, ""wall_top"": 0.08}}"
ST_comb-cone_75_s102,stack,comb/cone,foil + mould,0.08,102,d100,6.5,50.0,7.6923076923076925,0.03282051282051282,comb,cone,0.75,-40.0,0.0022221680264919996,0.04999997094273567,"{""backing"": 2.0, ""bot"": ""cone"", ""bot_depth"": 12.5, ""bot_params"": {""depth_jitter"": 0.0, ""height_seg"": 12, ""jitter"": 0.3, ""pitch"": 5.5, ""profile_power"": 1.0, ""radial_seg"": 24, ""tip_radius"": 0.2}, ""face_h"": 60.0, ""face_w"": 60.0, ""margin_depths"": 2.0, ""seed"": 102, ""top"": ""comb"", ""top_depth"": 37.5, ""top_params"": {""jitter"": 0.0, ""pitch"": 6.5, ""wall_bot"": 0.08, ""wall_top"": 0.08}}"
ST_comb-cone_75_s102,stack,comb/cone,foil + mould,0.08,102,d100,6.5,50.0,7.6923076923076925,0.03282051282051282,comb,cone,0.75,20.0,0.0013649369357153773,0.04999997094273567,"{""backing"": 2.0, ""bot"": ""cone"", ""bot_depth"": 12.5, ""bot_params"": {""depth_jitter"": 0.0, ""height_seg"": 12, ""jitter"": 0.3, ""pitch"": 5.5, ""profile_power"": 1.0, ""radial_seg"": 24, ""tip_radius"": 0.2}, ""face_h"": 60.0, ""face_w"": 60.0, ""margin_depths"": 2.0, ""seed"": 102, ""top"": ""comb"", ""top_depth"": 37.5, ""top_params"": {""jitter"": 0.0, ""pitch"": 6.5, ""wall_bot"": 0.08, ""wall_top"": 0.08}}"
ST_comb-cone_75_s102,stack,comb/cone,foil + mould,0.08,102,d100,6.5,50.0,7.6923076923076925,0.03282051282051282,comb,cone,0.75,40.0,0.002286957111209631,0.04999997094273567,"{""backing"": 2.0, ""bot"": ""cone"", ""bot_depth"": 12.5, ""bot_params"": {""depth_jitter"": 0.0, ""height_seg"": 12, ""jitter"": 0.3, ""pitch"": 5.5, ""profile_power"": 1.0, ""radial_seg"": 24, ""tip_radius"": 0.2}, ""face_h"": 60.0, ""face_w"": 60.0, ""margin_depths"": 2.0, ""seed"": 102, ""top"": ""comb"", ""top_depth"": 37.5, ""top_params"": {""jitter"": 0.0, ""pitch"": 6.5, ""wall_bot"": 0.08, ""wall_top"": 0.08}}"
