tag,mode,theta,ratio_vs_flat,panel_mean,control_mean,panel_p99,panel_max,rho_slat,spec_roughness,depth_mm,pitch_mm,tip_width_mm,tip_fraction,half_angle_deg,est_bounces,predicted_return,png
G_d30_p08_t04,hemi_view,-80.0,0.05496205045981268,0.0027481019496917725,0.049999989569187164,0.003348306054249406,0.0034776011016219854,0.005,0.3,30.0,8.0,0.4,0.05,7.594643368591445,5.925228850916539,0.0315,/Users/hojunsong/Desktop/SpillSinkSimulator/project/renders/grid/G_d30_p08_t04__hemi_view_th-80.0.png
G_d30_p08_t04,hemi_view,-70.0,0.018006913051618834,0.0009003453305922449,0.04999998211860657,0.0017720545874908566,0.0019778748974204063,0.005,0.3,30.0,8.0,0.4,0.05,7.594643368591445,5.925228850916539,0.0315,/Users/hojunsong/Desktop/SpillSinkSimulator/project/renders/grid/G_d30_p08_t04__hemi_view_th-70.0.png
G_d30_p08_t04,hemi_view,-60.0,0.00895456340749049,0.0004477279435377568,0.04999997466802597,0.0012492056703194976,0.001341051422059536,0.005,0.3,30.0,8.0,0.4,0.05,7.594643368591445,5.925228850916539,0.0315,/Users/hojunsong/Desktop/SpillSinkSimulator/project/renders/grid/G_d30_p08_t04__hemi_view_th-60.0.png
G_d30_p08_t04,hemi_view,-50.0,0.006237973013281632,0.0003118985623586923,0.049999985843896866,0.0012231552973389626,0.0013268854236230254,0.005,0.3,30.0,8.0,0.4,0.05,7.594643368591445,5.925228850916539,0.0315,/Users/hojunsong/Desktop/SpillSinkSimulator/project/renders/grid/G_d30_p08_t04__hemi_view_th-50.0.png
G_d30_p08_t04,hemi_view,-40.0,0.005064529315362924,0.00025322637520730495,0.04999998211860657,0.0012365611037239432,0.0013370075030252337,0.005,0.3,30.0,8.0,0.4,0.05,7.594643368591445,5.925228850916539,0.0315,/Users/hojunsong/Desktop/SpillSinkSimulator/project/renders/grid/G_d30_p08_t04__hemi_view_th-40.0.png
G_d30_p08_t04,hemi_view,-30.0,0.004404533329865087,0.00022022660414222628,0.049999985843896866,0.001249202759936452,0.0013510416029021144,0.005,0.3,30.0,8.0,0.4,0.05,7.594643368591445,5.925228850916539,0.0315,/Users/hojunsong/Desktop/SpillSinkSimulator/project/renders/grid/G_d30_p08_t04__hemi_view_th-30.0.png
G_d30_p08_t04,hemi_view,-20.0,0.004087181302697976,0.00020435899205040187,0.04999998211860657,0.001275565940886736,0.0013748472556471825,0.005,0.3,30.0,8.0,0.4,0.05,7.594643368591445,5.925228850916539,0.0315,/Users/hojunsong/Desktop/SpillSinkSimulator/project/renders/grid/G_d30_p08_t04__hemi_view_th-20.0.png
G_d30_p08_t04,hemi_view,-10.0,0.003930894261165463,0.0001965446281246841,0.04999997839331627,0.0013015165459364653,0.001379693392664194,0.005,0.3,30.0,8.0,0.4,0.05,7.594643368591445,5.925228850916539,0.0315,/Users/hojunsong/Desktop/SpillSinkSimulator/project/renders/grid/G_d30_p08_t04__hemi_view_th-10.0.png
G_d30_p08_t04,hemi_view,0.0,0.004507719624398188,0.00022538588382303715,0.04999997839331627,0.0013012640411034226,0.0014306356897577643,0.005,0.3,30.0,8.0,0.4,0.05,7.594643368591445,5.925228850916539,0.0315,/Users/hojunsong/Desktop/SpillSinkSimulator/project/renders/grid/G_d30_p08_t04__hemi_view_th+00.0.png
G_d30_p08_t04,hemi_view,10.0,0.0039339728656815455,0.00019669855828396976,0.04999997839331627,0.0012988614616915584,0.0014022644609212875,0.005,0.3,30.0,8.0,0.4,0.05,7.594643368591445,5.925228850916539,0.0315,/Users/hojunsong/Desktop/SpillSinkSimulator/project/renders/grid/G_d30_p08_t04__hemi_view_th+10.0.png
G_d30_p08_t04,hemi_view,20.0,0.004072863959222809,0.0002036431251326576,0.04999998211860657,0.0012619815533980727,0.0013534086756408215,0.005,0.3,30.0,8.0,0.4,0.05,7.594643368591445,5.925228850916539,0.0315,/Users/hojunsong/Desktop/SpillSinkSimulator/project/renders/grid/G_d30_p08_t04__hemi_view_th+20.0.png
G_d30_p08_t04,hemi_view,30.0,0.004401850538014028,0.0002200924645876512,0.049999985843896866,0.0012217216426506639,0.0013262982247397304,0.005,0.3,30.0,8.0,0.4,0.05,7.594643368591445,5.925228850916539,0.0315,/Users/hojunsong/Desktop/SpillSinkSimulator/project/renders/grid/G_d30_p08_t04__hemi_view_th+30.0.png
G_d30_p08_t04,hemi_view,40.0,0.005057731240213659,0.00025288647157140076,0.04999998211860657,0.0012310351012274623,0.0013378284638747573,0.005,0.3,30.0,8.0,0.4,0.05,7.594643368591445,5.925228850916539,0.0315,/Users/hojunsong/Desktop/SpillSinkSimulator/project/renders/grid/G_d30_p08_t04__hemi_view_th+40.0.png
G_d30_p08_t04,hemi_view,50.0,0.006243074916205159,0.00031215365743264556,0.049999985843896866,0.001210284885019064,0.001339560840278864,0.005,0.3,30.0,8.0,0.4,0.05,7.594643368591445,5.925228850916539,0.0315,/Users/hojunsong/Desktop/SpillSinkSimulator/project/renders/grid/G_d30_p08_t04__hemi_view_th+50.0.png
G_d30_p08_t04,hemi_view,60.0,0.008957912677996322,0.00044789540697820485,0.04999997466802597,0.0012897043488919735,0.0014087999006733298,0.005,0.3,30.0,8.0,0.4,0.05,7.594643368591445,5.925228850916539,0.0315,/Users/hojunsong/Desktop/SpillSinkSimulator/project/renders/grid/G_d30_p08_t04__hemi_view_th+60.0.png
G_d30_p08_t04,hemi_view,70.0,0.01786669656709906,0.0008933345088735223,0.04999998211860657,0.0017455535707995296,0.0019353138050064445,0.005,0.3,30.0,8.0,0.4,0.05,7.594643368591445,5.925228850916539,0.0315,/Users/hojunsong/Desktop/SpillSinkSimulator/project/renders/grid/G_d30_p08_t04__hemi_view_th+70.0.png
G_d30_p08_t04,hemi_view,80.0,0.05494300490918858,0.002747149672359228,0.049999989569187164,0.003401166293770075,0.0035421799402683973,0.005,0.3,30.0,8.0,0.4,0.05,7.594643368591445,5.925228850916539,0.0315,/Users/hojunsong/Desktop/SpillSinkSimulator/project/renders/grid/G_d30_p08_t04__hemi_view_th+80.0.png
G_d30_p08_t08,hemi_view,-80.0,0.05797596460824467,0.0028987976256757975,0.049999989569187164,0.0034366468898952007,0.0035628394689410925,0.005,0.3,30.0,8.0,0.8,0.1,7.594643368591445,5.925228850916539,0.063,/Users/hojunsong/Desktop/SpillSinkSimulator/project/renders/grid/G_d30_p08_t08__hemi_view_th-80.0.png
G_d30_p08_t08,hemi_view,-70.0,0.023751996104388037,0.0011875993805006146,0.04999998211860657,0.0023674932308495045,0.002559686079621315,0.005,0.3,30.0,8.0,0.8,0.1,7.594643368591445,5.925228850916539,0.063,/Users/hojunsong/Desktop/SpillSinkSimulator/project/renders/grid/G_d30_p08_t08__hemi_view_th-70.0.png
G_d30_p08_t08,hemi_view,-60.0,0.014300192966409934,0.0007150092860683799,0.04999997466802597,0.0021802387200295925,0.002289562253281474,0.005,0.3,30.0,8.0,0.8,0.1,7.594643368591445,5.925228850916539,0.063,/Users/hojunsong/Desktop/SpillSinkSimulator/project/renders/grid/G_d30_p08_t08__hemi_view_th-60.0.png
G_d30_p08_t08,hemi_view,-50.0,0.010852152061699169,0.0005426074494607747,0.049999985843896866,0.0022234907373785973,0.0023513981141149998,0.005,0.3,30.0,8.0,0.8,0.1,7.594643368591445,5.925228850916539,0.063,/Users/hojunsong/Desktop/SpillSinkSimulator/project/renders/grid/G_d30_p08_t08__hemi_view_th-50.0.png
G_d30_p08_t08,hemi_view,-40.0,0.009185376485981578,0.00045926866005174816,0.04999998211860657,0.0022885289508849382,0.002404074650257826,0.005,0.3,30.0,8.0,0.8,0.1,7.594643368591445,5.925228850916539,0.063,/Users/hojunsong/Desktop/SpillSinkSimulator/project/renders/grid/G_d30_p08_t08__hemi_view_th-40.0.png
G_d30_p08_t08,hemi_view,-30.0,0.008174696108426542,0.0004087346896994859,0.049999985843896866,0.002329353243112564,0.002484712051227689,0.005,0.3,30.0,8.0,0.8,0.1,7.594643368591445,5.925228850916539,0.063,/Users/hojunsong/Desktop/SpillSinkSimulator/project/renders/grid/G_d30_p08_t08__hemi_view_th-30.0.png
G_d30_p08_t08,hemi_view,-20.0,0.007676497169560672,0.0003838247212115675,0.04999998211860657,0.002378680044785142,0.0024988092482089996,0.005,0.3,30.0,8.0,0.8,0.1,7.594643368591445,5.925228850916539,0.063,/Users/hojunsong/Desktop/SpillSinkSimulator/project/renders/grid/G_d30_p08_t08__hemi_view_th-20.0.png
G_d30_p08_t08,hemi_view,-10.0,0.007403098568355419,0.00037015476846136153,0.04999997839331627,0.0024136649444699287,0.0025340071879327297,0.005,0.3,30.0,8.0,0.8,0.1,7.594643368591445,5.925228850916539,0.063,/Users/hojunsong/Desktop/SpillSinkSimulator/project/renders/grid/G_d30_p08_t08__hemi_view_th-10.0.png
G_d30_p08_t08,hemi_view,0.0,0.008319609435553457,0.00041598029201850295,0.04999997839331627,0.0023821203503757715,0.0025636479258537292,0.005,0.3,30.0,8.0,0.8,0.1,7.594643368591445,5.925228850916539,0.063,/Users/hojunsong/Desktop/SpillSinkSimulator/project/renders/grid/G_d30_p08_t08__hemi_view_th+00.0.png
G_d30_p08_t08,hemi_view,10.0,0.007413684800220418,0.00037068407982587814,0.04999997839331627,0.002394092734903097,0.002514186315238476,0.005,0.3,30.0,8.0,0.8,0.1,7.594643368591445,5.925228850916539,0.063,/Users/hojunsong/Desktop/SpillSinkSimulator/project/renders/grid/G_d30_p08_t08__hemi_view_th+10.0.png
G_d30_p08_t08,hemi_view,20.0,0.007642636014867788,0.00038213166408240795,0.04999998211860657,0.0023517811205238104,0.002509688725695014,0.005,0.3,30.0,8.0,0.8,0.1,7.594643368591445,5.925228850916539,0.063,/Users/hojunsong/Desktop/SpillSinkSimulator/project/renders/grid/G_d30_p08_t08__hemi_view_th+20.0.png
G_d30_p08_t08,hemi_view,30.0,0.008191849328877588,0.0004095923504792154,0.049999985843896866,0.00225066184066236,0.0024303810205310583,0.005,0.3,30.0,8.0,0.8,0.1,7.594643368591445,5.925228850916539,0.063,/Users/hojunsong/Desktop/SpillSinkSimulator/project/renders/grid/G_d30_p08_t08__hemi_view_th+30.0.png
G_d30_p08_t08,hemi_view,40.0,0.009175319362732241,0.0004587658040691167,0.04999998211860657,0.0022620961535722017,0.0024066611658781767,0.005,0.3,30.0,8.0,0.8,0.1,7.594643368591445,5.925228850916539,0.063,/Users/hojunsong/Desktop/SpillSinkSimulator/project/renders/grid/G_d30_p08_t08__hemi_view_th+40.0.png
G_d30_p08_t08,hemi_view,50.0,0.010873745945858552,0.0005436871433630586,0.049999985843896866,0.0022205188870429993,0.0023653563112020493,0.005,0.3,30.0,8.0,0.8,0.1,7.594643368591445,5.925228850916539,0.063,/Users/hojunsong/Desktop/SpillSinkSimulator/project/renders/grid/G_d30_p08_t08__hemi_view_th+50.0.png
G_d30_p08_t08,hemi_view,60.0,0.014311494571578733,0.0007155743660405278,0.04999997466802597,0.0021593854762613773,0.0023291707038879395,0.005,0.3,30.0,8.0,0.8,0.1,7.594643368591445,5.925228850916539,0.063,/Users/hojunsong/Desktop/SpillSinkSimulator/project/renders/grid/G_d30_p08_t08__hemi_view_th+60.0.png
G_d30_p08_t08,hemi_view,70.0,0.023461129990475175,0.001173056080006063,0.04999998211860657,0.0023112157359719276,0.0024763213004916906,0.005,0.3,30.0,8.0,0.8,0.1,7.594643368591445,5.925228850916539,0.063,/Users/hojunsong/Desktop/SpillSinkSimulator/project/renders/grid/G_d30_p08_t08__hemi_view_th+70.0.png
G_d30_p08_t08,hemi_view,80.0,0.05801105685017699,0.002900552237406373,0.049999989569187164,0.003451890079304576,0.0036569267977029085,0.005,0.3,30.0,8.0,0.8,0.1,7.594643368591445,5.925228850916539,0.063,/Users/hojunsong/Desktop/SpillSinkSimulator/project/renders/grid/G_d30_p08_t08__hemi_view_th+80.0.png
G_d30_p08_t16,hemi_view,-80.0,0.0686222225161063,0.0034311104100197554,0.049999989569187164,0.003870186163112521,0.004015853628516197,0.005,0.3,30.0,8.0,1.6,0.2,7.594643368591445,5.925228850916539,0.126,/Users/hojunsong/Desktop/SpillSinkSimulator/project/renders/grid/G_d30_p08_t16__hemi_view_th-80.0.png
G_d30_p08_t16,hemi_view,-70.0,0.035726284812105234,0.001786313601769507,0.04999998211860657,0.003520159749314189,0.0036647028755396605,0.005,0.3,30.0,8.0,1.6,0.2,7.594643368591445,5.925228850916539,0.126,/Users/hojunsong/Desktop/SpillSinkSimulator/project/renders/grid/G_d30_p08_t16__hemi_view_th-70.0.png
G_d30_p08_t16,hemi_view,-60.0,0.024901028765514165,0.0012450508074834943,0.04999997466802597,0.00361588504165411,0.003731314092874527,0.005,0.3,30.0,8.0,1.6,0.2,7.594643368591445,5.925228850916539,0.126,/Users/hojunsong/Desktop/SpillSinkSimulator/project/renders/grid/G_d30_p08_t16__hemi_view_th-60.0.png
G_d30_p08_t16,hemi_view,-50.0,0.019937887379077975,0.0009968940867111087,0.049999985843896866,0.0037149267736822367,0.0038480490911751986,0.005,0.3,30.0,8.0,1.6,0.2,7.594643368591445,5.925228850916539,0.126,/Users/hojunsong/Desktop/SpillSinkSimulator/project/renders/grid/G_d30_p08_t16__hemi_view_th-50.0.png
G_d30_p08_t16,hemi_view,-40.0,0.017250500735074545,0.0008625247282907367,0.04999998211860657,0.0037921485491096973,0.003913714084774256,0.005,0.3,30.0,8.0,1.6,0.2,7.594643368591445,5.925228850916539,0.126,/Users/hojunsong/Desktop/SpillSinkSimulator/project/renders/grid/G_d30_p08_t16__hemi_view_th-40.0.png
G_d30_p08_t16,hemi_view,-30.0,0.015523425274641517,0.0007761710439808667,0.049999985843896866,0.0039022681303322315,0.0040076966397464275,0.005,0.3,30.0,8.0,1.6,0.2,7.594643368591445,5.925228850916539,0.126,/Users/hojunsong/Desktop/SpillSinkSimulator/project/renders/grid/G_d30_p08_t16__hemi_view_th-30.0.png
G_d30_p08_t16,hemi_view,-20.0,0.014711710996271133,0.0007355852867476642,0.04999998211860657,0.003928829450160265,0.004059657920151949,0.005,0.3,30.0,8.0,1.6,0.2,7.594643368591445,5.925228850916539,0.126,/Users/hojunsong/Desktop/SpillSinkSimulator/project/renders/grid/G_d30_p08_t16__hemi_view_th-20.0.png
G_d30_p08_t16,hemi_view,-10.0,0.014209939719561516,0.0007104966789484024,0.04999997839331627,0.003968647215515375,0.0040831370279192924,0.005,0.3,30.0,8.0,1.6,0.2,7.594643368591445,5.925228850916539,0.126,/Users/hojunsong/Desktop/SpillSinkSimulator/project/renders/grid/G_d30_p08_t16__hemi_view_th-10.0.png
G_d30_p08_t16,hemi_view,0.0,0.01581820062328604,0.0007909096893854439,0.04999997839331627,0.003929856698960066,0.00412479043006897,0.005,0.3,30.0,8.0,1.6,0.2,7.594643368591445,5.925228850916539,0.126,/Users/hojunsong/Desktop/SpillSinkSimulator/project/renders/grid/G_d30_p08_t16__hemi_view_th+00.0.png
G_d30_p08_t16,hemi_view,10.0,0.014257883062267435,0.0007128938450478017,0.04999997839331627,0.003941014409065247,0.0040962425991892815,0.005,0.3,30.0,8.0,1.6,0.2,7.594643368591445,5.925228850916539,0.126,/Users/hojunsong/Desktop/SpillSinkSimulator/project/renders/grid/G_d30_p08_t16__hemi_view_th+10.0.png
G_d30_p08_t16,hemi_view,20.0,0.014747364365484487,0.0007373679545708001,0.04999998211860657,0.003913986962288618,0.004072457551956177,0.005,0.3,30.0,8.0,1.6,0.2,7.594643368591445,5.925228850916539,0.126,/Users/hojunsong/Desktop/SpillSinkSimulator/project/renders/grid/G_d30_p08_t16__hemi_view_th+20.0.png
G_d30_p08_t16,hemi_view,30.0,0.015766123349686616,0.0007883059442974627,0.049999985843896866,0.003824919927865267,0.003990869037806988,0.005,0.3,30.0,8.0,1.6,0.2,7.594643368591445,5.925228850916539,0.126,/Users/hojunsong/Desktop/SpillSinkSimulator/project/renders/grid/G_d30_p08_t16__hemi_view_th+30.0.png
G_d30_p08_t16,hemi_view,40.0,0.01728713781410914,0.0008643565815873444,0.04999998211860657,0.0038107866421341896,0.0039369454607367516,0.005,0.3,30.0,8.0,1.6,0.2,7.594643368591445,5.925228850916539,0.126,/Users/hojunsong/Desktop/SpillSinkSimulator/project/renders/grid/G_d30_p08_t16__hemi_view_th+40.0.png
G_d30_p08_t16,hemi_view,50.0,0.019975959856707415,0.0009987977100536227,0.049999985843896866,0.00373039860278368,0.003848538501188159,0.005,0.3,30.0,8.0,1.6,0.2,7.594643368591445,5.925228850916539,0.126,/Users/hojunsong/Desktop/SpillSinkSimulator/project/renders/grid/G_d30_p08_t16__hemi_view_th+50.0.png
G_d30_p08_t16,hemi_view,60.0,0.024927161690197847,0.0012463574530556798,0.04999997466802597,0.003637787653133273,0.0037498653400689363,0.005,0.3,30.0,8.0,1.6,0.2,7.594643368591445,5.925228850916539,0.126,/Users/hojunsong/Desktop/SpillSinkSimulator/project/renders/grid/G_d30_p08_t16__hemi_view_th+60.0.png
G_d30_p08_t16,hemi_view,70.0,0.035461754181714364,0.0017730870749801397,0.04999998211860657,0.0034226919524371624,0.0035963726695626974,0.005,0.3,30.0,8.0,1.6,0.2,7.594643368591445,5.925228850916539,0.126,/Users/hojunsong/Desktop/SpillSinkSimulator/project/renders/grid/G_d30_p08_t16__hemi_view_th+70.0.png
G_d30_p08_t16,hemi_view,80.0,0.06862417363730715,0.0034312079660594463,0.049999989569187164,0.003866916988044977,0.004013088997453451,0.005,0.3,30.0,8.0,1.6,0.2,7.594643368591445,5.925228850916539,0.126,/Users/hojunsong/Desktop/SpillSinkSimulator/project/renders/grid/G_d30_p08_t16__hemi_view_th+80.0.png
G_d30_p13_t04,hemi_view,-80.0,0.08109561928121253,0.0040547801181674,0.049999989569187164,0.0045433612540364265,0.004600554704666138,0.005,0.3,30.0,13.0,0.4,0.03076923076923077,12.225122675735753,3.680944657456514,0.019384615384615386,/Users/hojunsong/Desktop/SpillSinkSimulator/project/renders/grid/G_d30_p13_t04__hemi_view_th-80.0.png
G_d30_p13_t04,hemi_view,-70.0,0.03388180910666911,0.0016940898494794965,0.04999998211860657,0.0036207225639373064,0.00373600865714252,0.005,0.3,30.0,13.0,0.4,0.03076923076923077,12.225122675735753,3.680944657456514,0.019384615384615386,/Users/hojunsong/Desktop/SpillSinkSimulator/project/renders/grid/G_d30_p13_t04__hemi_view_th-70.0.png
G_d30_p13_t04,hemi_view,-60.0,0.011063815111960676,0.0005531904753297567,0.04999997466802597,0.0019080528290942311,0.002220788039267063,0.005,0.3,30.0,13.0,0.4,0.03076923076923077,12.225122675735753,3.680944657456514,0.019384615384615386,/Users/hojunsong/Desktop/SpillSinkSimulator/project/renders/grid/G_d30_p13_t04__hemi_view_th-60.0.png
G_d30_p13_t04,hemi_view,-50.0,0.005472212018028324,0.0002736105234362185,0.049999985843896866,0.0013117064954712987,0.0014825857942923903,0.005,0.3,30.0,13.0,0.4,0.03076923076923077,12.225122675735753,3.680944657456514,0.019384615384615386,/Users/hojunsong/Desktop/SpillSinkSimulator/project/renders/grid/G_d30_p13_t04__hemi_view_th-50.0.png
G_d30_p13_t04,hemi_view,-40.0,0.0037916192840615334,0.0001895808964036405,0.04999998211860657,0.0012374359648674726,0.0013669984182342887,0.005,0.3,30.0,13.0,0.4,0.03076923076923077,12.225122675735753,3.680944657456514,0.019384615384615386,/Users/hojunsong/Desktop/SpillSinkSimulator/project/renders/grid/G_d30_p13_t04__hemi_view_th-40.0.png
G_d30_p13_t04,hemi_view,-30.0,0.0031233657612495043,0.00015616824384778738,0.049999985843896866,0.0012622397625818849,0.0013529941206797957,0.005,0.3,30.0,13.0,0.4,0.03076923076923077,12.225122675735753,3.680944657456514,0.019384615384615386,/Users/hojunsong/Desktop/SpillSinkSimulator/project/renders/grid/G_d30_p13_t04__hemi_view_th-30.0.png
G_d30_p13_t04,hemi_view,-20.0,0.002736194688546248,0.00013680968550033867,0.04999998211860657,0.0012694182805716991,0.0014181280275806785,0.005,0.3,30.0,13.0,0.4,0.03076923076923077,12.225122675735753,3.680944657456514,0.019384615384615386,/Users/hojunsong/Desktop/SpillSinkSimulator/project/renders/grid/G_d30_p13_t04__hemi_view_th-20.0.png
G_d30_p13_t04,hemi_view,-10.0,0.0031365552152149566,0.00015682769299019128,0.04999997839331627,0.001380739500746131,0.0015629077097401023,0.005,0.3,30.0,13.0,0.4,0.03076923076923077,12.225122675735753,3.680944657456514,0.019384615384615386,/Users/hojunsong/Desktop/SpillSinkSimulator/project/renders/grid/G_d30_p13_t04__hemi_view_th-10.0.png
G_d30_p13_t04,hemi_view,0.0,0.00324499700747301,0.00016224978026002645,0.04999997839331627,0.0013019294710829854,0.0014423745451495051,0.005,0.3,30.0,13.0,0.4,0.03076923076923077,12.225122675735753,3.680944657456514,0.019384615384615386,/Users/hojunsong/Desktop/SpillSinkSimulator/project/renders/grid/G_d30_p13_t04__hemi_view_th+00.0.png
G_d30_p13_t04,hemi_view,10.0,0.0031502468271316286,0.00015751227329019457,0.04999997839331627,0.0013394375564530492,0.0015101642347872257,0.005,0.3,30.0,13.0,0.4,0.03076923076923077,12.225122675735753,3.680944657456514,0.019384615384615386,/Users/hojunsong/Desktop/SpillSinkSimulator/project/renders/grid/G_d30_p13_t04__hemi_view_th+10.0.png
G_d30_p13_t04,hemi_view,20.0,0.002738681902786578,0.0001369340461678803,0.04999998211860657,0.0012617940083146095,0.0013671061024069786,0.005,0.3,30.0,13.0,0.4,0.03076923076923077,12.225122675735753,3.680944657456514,0.019384615384615386,/Users/hojunsong/Desktop/SpillSinkSimulator/project/renders/grid/G_d30_p13_t04__hemi_view_th+20.0.png
G_d30_p13_t04,hemi_view,30.0,0.003119512704044452,0.00015597559104207903,0.049999985843896866,0.0012351543409749866,0.001379106193780899,0.005,0.3,30.0,13.0,0.4,0.03076923076923077,12.225122675735753,3.680944657456514,0.019384615384615386,/Users/hojunsong/Desktop/SpillSinkSimulator/project/renders/grid/G_d30_p13_t04__hemi_view_th+30.0.png
G_d30_p13_t04,hemi_view,40.0,0.0037959345105465984,0.0001897966576507315,0.04999998211860657,0.0012500605080276728,0.0013671129709109664,0.005,0.3,30.0,13.0,0.4,0.03076923076923077,12.225122675735753,3.680944657456514,0.019384615384615386,/Users/hojunsong/Desktop/SpillSinkSimulator/project/renders/grid/G_d30_p13_t04__hemi_view_th+40.0.png
G_d30_p13_t04,hemi_view,50.0,0.005499028295003438,0.0002749513369053602,0.049999985843896866,0.0012930909870192409,0.0014468092704191804,0.005,0.3,30.0,13.0,0.4,0.03076923076923077,12.225122675735753,3.680944657456514,0.019384615384615386,/Users/hojunsong/Desktop/SpillSinkSimulator/project/renders/grid/G_d30_p13_t04__hemi_view_th+50.0.png
G_d30_p13_t04,hemi_view,60.0,0.011216990977565844,0.000560849264729768,0.04999997466802597,0.0018902972806245089,0.0023213045205920935,0.005,0.3,30.0,13.0,0.4,0.03076923076923077,12.225122675735753,3.680944657456514,0.019384615384615386,/Users/hojunsong/Desktop/SpillSinkSimulator/project/renders/grid/G_d30_p13_t04__hemi_view_th+60.0.png
G_d30_p13_t04,hemi_view,70.0,0.03421408649367207,0.001710703712888062,0.04999998211860657,0.003701674286276102,0.00384400668554008,0.005,0.3,30.0,13.0,0.4,0.03076923076923077,12.225122675735753,3.680944657456514,0.019384615384615386,/Users/hojunsong/Desktop/SpillSinkSimulator/project/renders/grid/G_d30_p13_t04__hemi_view_th+70.0.png
G_d30_p13_t04,hemi_view,80.0,0.08143574766964416,0.004071786534041166,0.049999989569187164,0.004529840312898159,0.004618006758391857,0.005,0.3,30.0,13.0,0.4,0.03076923076923077,12.225122675735753,3.680944657456514,0.019384615384615386,/Users/hojunsong/Desktop/SpillSinkSimulator/project/renders/grid/G_d30_p13_t04__hemi_view_th+80.0.png
G_d30_p13_t08,hemi_view,-80.0,0.08053911667388132,0.004026954993605614,0.049999989569187164,0.004518473520874977,0.00460070138797164,0.005,0.3,30.0,13.0,0.8,0.06153846153846154,12.225122675735753,3.680944657456514,0.03876923076923077,/Users/hojunsong/Desktop/SpillSinkSimulator/project/renders/grid/G_d30_p13_t08__hemi_view_th-80.0.png
G_d30_p13_t08,hemi_view,-70.0,0.034790943246076074,0.0017395465401932597,0.04999998211860657,0.0035836193710565567,0.0037139635533094406,0.005,0.3,30.0,13.0,0.8,0.06153846153846154,12.225122675735753,3.680944657456514,0.03876923076923077,/Users/hojunsong/Desktop/SpillSinkSimulator/project/renders/grid/G_d30_p13_t08__hemi_view_th-70.0.png
G_d30_p13_t08,hemi_view,-60.0,0.013602577289382039,0.0006801285198889673,0.04999997466802597,0.0024022827856242657,0.002587983850389719,0.005,0.3,30.0,13.0,0.8,0.06153846153846154,12.225122675735753,3.680944657456514,0.03876923076923077,/Users/hojunsong/Desktop/SpillSinkSimulator/project/renders/grid/G_d30_p13_t08__hemi_view_th-60.0.png
G_d30_p13_t08,hemi_view,-50.0,0.008129095049803048,0.00040645463741384447,0.049999985843896866,0.002264768583700061,0.0024072998203337193,0.005,0.3,30.0,13.0,0.8,0.06153846153846154,12.225122675735753,3.680944657456514,0.03876923076923077,/Users/hojunsong/Desktop/SpillSinkSimulator/project/renders/grid/G_d30_p13_t08__hemi_view_th-50.0.png
G_d30_p13_t08,hemi_view,-40.0,0.006250363565180087,0.0003125180664937943,0.04999998211860657,0.0022889140527695417,0.002432699780911207,0.005,0.3,30.0,13.0,0.8,0.06153846153846154,12.225122675735753,3.680944657456514,0.03876923076923077,/Users/hojunsong/Desktop/SpillSinkSimulator/project/renders/grid/G_d30_p13_t08__hemi_view_th-40.0.png
G_d30_p13_t08,hemi_view,-30.0,0.0054171335853716454,0.00027085660258308053,0.049999985843896866,0.0023424869868904352,0.0024584494531154633,0.005,0.3,30.0,13.0,0.8,0.06153846153846154,12.225122675735753,3.680944657456514,0.03876923076923077,/Users/hojunsong/Desktop/SpillSinkSimulator/project/renders/grid/G_d30_p13_t08__hemi_view_th-30.0.png
G_d30_p13_t08,hemi_view,-20.0,0.004893722947863501,0.00024468605988658965,0.04999998211860657,0.0023556496016681194,0.0024791781324893236,0.005,0.3,30.0,13.0,0.8,0.06153846153846154,12.225122675735753,3.680944657456514,0.03876923076923077,/Users/hojunsong/Desktop/SpillSinkSimulator/project/renders/grid/G_d30_p13_t08__hemi_view_th-20.0.png
G_d30_p13_t08,hemi_view,-10.0,0.005567440607857371,0.00027837191009894013,0.04999997839331627,0.002447707112878561,0.002611118135973811,0.005,0.3,30.0,13.0,0.8,0.06153846153846154,12.225122675735753,3.680944657456514,0.03876923076923077,/Users/hojunsong/Desktop/SpillSinkSimulator/project/renders/grid/G_d30_p13_t08__hemi_view_th-10.0.png
G_d30_p13_t08,hemi_view,0.0,0.005772350289272642,0.000288617389742285,0.04999997839331627,0.00238216295838356,0.002574163954705,0.005,0.3,30.0,13.0,0.8,0.06153846153846154,12.225122675735753,3.680944657456514,0.03876923076923077,/Users/hojunsong/Desktop/SpillSinkSimulator/project/renders/grid/G_d30_p13_t08__hemi_view_th+00.0.png
G_d30_p13_t08,hemi_view,10.0,0.005615521320702408,0.00028077594470232725,0.04999997839331627,0.002398742362856865,0.002629525028169155,0.005,0.3,30.0,13.0,0.8,0.06153846153846154,12.225122675735753,3.680944657456514,0.03876923076923077,/Users/hojunsong/Desktop/SpillSinkSimulator/project/renders/grid/G_d30_p13_t08__hemi_view_th+10.0.png
G_d30_p13_t08,hemi_view,20.0,0.004887477845690672,0.00024437380488961935,0.04999998211860657,0.0023125926963984966,0.002472134307026863,0.005,0.3,30.0,13.0,0.8,0.06153846153846154,12.225122675735753,3.680944657456514,0.03876923076923077,/Users/hojunsong/Desktop/SpillSinkSimulator/project/renders/grid/G_d30_p13_t08__hemi_view_th+20.0.png
G_d30_p13_t08,hemi_view,30.0,0.005415178971564776,0.0002707588719204068,0.049999985843896866,0.002315548714250326,0.002485701348632574,0.005,0.3,30.0,13.0,0.8,0.06153846153846154,12.225122675735753,3.680944657456514,0.03876923076923077,/Users/hojunsong/Desktop/SpillSinkSimulator/project/renders/grid/G_d30_p13_t08__hemi_view_th+30.0.png
G_d30_p13_t08,hemi_view,40.0,0.0062352953426106006,0.00031176465563476086,0.04999998211860657,0.0022629660088568926,0.002405188512057066,0.005,0.3,30.0,13.0,0.8,0.06153846153846154,12.225122675735753,3.680944657456514,0.03876923076923077,/Users/hojunsong/Desktop/SpillSinkSimulator/project/renders/grid/G_d30_p13_t08__hemi_view_th+40.0.png
G_d30_p13_t08,hemi_view,50.0,0.0081745965732982,0.0004087297129444778,0.049999985843896866,0.0022606428246945143,0.002407786436378956,0.005,0.3,30.0,13.0,0.8,0.06153846153846154,12.225122675735753,3.680944657456514,0.03876923076923077,/Users/hojunsong/Desktop/SpillSinkSimulator/project/renders/grid/G_d30_p13_t08__hemi_view_th+50.0.png
G_d30_p13_t08,hemi_view,60.0,0.013877044011942988,0.0006938518490642309,0.04999997466802597,0.0024615905713289976,0.0028363149613142014,0.005,0.3,30.0,13.0,0.8,0.06153846153846154,12.225122675735753,3.680944657456514,0.03876923076923077,/Users/hojunsong/Desktop/SpillSinkSimulator/project/renders/grid/G_d30_p13_t08__hemi_view_th+60.0.png
G_d30_p13_t08,hemi_view,70.0,0.03518517456120535,0.0017592580989003181,0.04999998211860657,0.0036591754760593176,0.0037920100148767233,0.005,0.3,30.0,13.0,0.8,0.06153846153846154,12.225122675735753,3.680944657456514,0.03876923076923077,/Users/hojunsong/Desktop/SpillSinkSimulator/project/renders/grid/G_d30_p13_t08__hemi_view_th+70.0.png
G_d30_p13_t08,hemi_view,80.0,0.08095121768589389,0.004047560039907694,0.049999989569187164,0.004514261148869991,0.00459210854023695,0.005,0.3,30.0,13.0,0.8,0.06153846153846154,12.225122675735753,3.680944657456514,0.03876923076923077,/Users/hojunsong/Desktop/SpillSinkSimulator/project/renders/grid/G_d30_p13_t08__hemi_view_th+80.0.png
G_d30_p13_t16,hemi_view,-80.0,0.07979246589682285,0.003989622462540865,0.049999989569187164,0.004439422395080328,0.00455025490373373,0.005,0.3,30.0,13.0,1.6,0.12307692307692308,12.225122675735753,3.680944657456514,0.07753846153846154,/Users/hojunsong/Desktop/SpillSinkSimulator/project/renders/grid/G_d30_p13_t16__hemi_view_th-80.0.png
G_d30_p13_t16,hemi_view,-70.0,0.03740464510711256,0.001870231586508453,0.04999998211860657,0.0037549135740846395,0.0039260536432266235,0.005,0.3,30.0,13.0,1.6,0.12307692307692308,12.225122675735753,3.680944657456514,0.07753846153846154,/Users/hojunsong/Desktop/SpillSinkSimulator/project/renders/grid/G_d30_p13_t16__hemi_view_th-70.0.png
G_d30_p13_t16,hemi_view,-60.0,0.018988801473665985,0.0009494395926594734,0.04999997466802597,0.0036373622715473175,0.0038034149911254644,0.005,0.3,30.0,13.0,1.6,0.12307692307692308,12.225122675735753,3.680944657456514,0.07753846153846154,/Users/hojunsong/Desktop/SpillSinkSimulator/project/renders/grid/G_d30_p13_t16__hemi_view_th-60.0.png
G_d30_p13_t16,hemi_view,-50.0,0.013417862662142375,0.0006708929431624711,0.049999985843896866,0.003742823377251625,0.003876793896779418,0.005,0.3,30.0,13.0,1.6,0.12307692307692308,12.225122675735753,3.680944657456514,0.07753846153846154,/Users/hojunsong/Desktop/SpillSinkSimulator/project/renders/grid/G_d30_p13_t16__hemi_view_th-50.0.png
G_d30_p13_t16,hemi_view,-40.0,0.011092593669477822,0.0005546294851228595,0.04999998211860657,0.0038257704582065344,0.00395620334893465,0.005,0.3,30.0,13.0,1.6,0.12307692307692308,12.225122675735753,3.680944657456514,0.07753846153846154,/Users/hojunsong/Desktop/SpillSinkSimulator/project/renders/grid/G_d30_p13_t16__hemi_view_th-40.0.png
G_d30_p13_t16,hemi_view,-30.0,0.009961845845357642,0.0004980921512469649,0.049999985843896866,0.0039012820925563574,0.0040700118988752365,0.005,0.3,30.0,13.0,1.6,0.12307692307692308,12.225122675735753,3.680944657456514,0.07753846153846154,/Users/hojunsong/Desktop/SpillSinkSimulator/project/renders/grid/G_d30_p13_t16__hemi_view_th-30.0.png
G_d30_p13_t16,hemi_view,-20.0,0.00915766846532439,0.0004578832595143467,0.04999998211860657,0.00391686474904418,0.004085857421159744,0.005,0.3,30.0,13.0,1.6,0.12307692307692308,12.225122675735753,3.680944657456514,0.07753846153846154,/Users/hojunsong/Desktop/SpillSinkSimulator/project/renders/grid/G_d30_p13_t16__hemi_view_th-20.0.png
G_d30_p13_t16,hemi_view,-10.0,0.010398224531464448,0.0005199110019020736,0.04999997839331627,0.0039490279741585255,0.004099606536328793,0.005,0.3,30.0,13.0,1.6,0.12307692307692308,12.225122675735753,3.680944657456514,0.07753846153846154,/Users/hojunsong/Desktop/SpillSinkSimulator/project/renders/grid/G_d30_p13_t16__hemi_view_th-10.0.png
G_d30_p13_t16,hemi_view,0.0,0.010801373293471717,0.0005400684312917292,0.04999997839331627,0.003941055852919817,0.004108727909624577,0.005,0.3,30.0,13.0,1.6,0.12307692307692308,12.225122675735753,3.680944657456514,0.07753846153846154,/Users/hojunsong/Desktop/SpillSinkSimulator/project/renders/grid/G_d30_p13_t16__hemi_view_th+00.0.png
G_d30_p13_t16,hemi_view,10.0,0.010489653672277279,0.0005244824569672346,0.04999997839331627,0.003904453944414854,0.0041510965675115585,0.005,0.3,30.0,13.0,1.6,0.12307692307692308,12.225122675735753,3.680944657456514,0.07753846153846154,/Users/hojunsong/Desktop/SpillSinkSimulator/project/renders/grid/G_d30_p13_t16__hemi_view_th+10.0.png
G_d30_p13_t16,hemi_view,20.0,0.009169904884177703,0.0004584950802382082,0.04999998211860657,0.0038650454953312874,0.00403179693967104,0.005,0.3,30.0,13.0,1.6,0.12307692307692308,12.225122675735753,3.680944657456514,0.07753846153846154,/Users/hojunsong/Desktop/SpillSinkSimulator/project/renders/grid/G_d30_p13_t16__hemi_view_th+20.0.png
G_d30_p13_t16,hemi_view,30.0,0.009967863355046567,0.0004983930266462266,0.049999985843896866,0.003890675026923418,0.004043794237077236,0.005,0.3,30.0,13.0,1.6,0.12307692307692308,12.225122675735753,3.680944657456514,0.07753846153846154,/Users/hojunsong/Desktop/SpillSinkSimulator/project/renders/grid/G_d30_p13_t16__hemi_view_th+30.0.png
G_d30_p13_t16,hemi_view,40.0,0.011136725569611991,0.0005568360793404281,0.04999998211860657,0.0037965946830809116,0.00395550299435854,0.005,0.3,30.0,13.0,1.6,0.12307692307692308,12.225122675735753,3.680944657456514,0.07753846153846154,/Users/hojunsong/Desktop/SpillSinkSimulator/project/renders/grid/G_d30_p13_t16__hemi_view_th+40.0.png
G_d30_p13_t16,hemi_view,50.0,0.013620747850003974,0.0006810371996834874,0.049999985843896866,0.0037524355575442314,0.0038857662584632635,0.005,0.3,30.0,13.0,1.6,0.12307692307692308,12.225122675735753,3.680944657456514,0.07753846153846154,/Users/hojunsong/Desktop/SpillSinkSimulator/project/renders/grid/G_d30_p13_t16__hemi_view_th+50.0.png
G_d30_p13_t16,hemi_view,60.0,0.019542200612795664,0.0009771095355972648,0.04999997466802597,0.0036611752584576607,0.0037812187802046537,0.005,0.3,30.0,13.0,1.6,0.12307692307692308,12.225122675735753,3.680944657456514,0.07753846153846154,/Users/hojunsong/Desktop/SpillSinkSimulator/project/renders/grid/G_d30_p13_t16__hemi_view_th+60.0.png
G_d30_p13_t16,hemi_view,70.0,0.03807100199094486,0.001903549418784678,0.04999998211860657,0.0037596712354570627,0.003955252468585968,0.005,0.3,30.0,13.0,1.6,0.12307692307692308,12.225122675735753,3.680944657456514,0.07753846153846154,/Users/hojunsong/Desktop/SpillSinkSimulator/project/renders/grid/G_d30_p13_t16__hemi_view_th+70.0.png
G_d30_p13_t16,hemi_view,80.0,0.08038238436510237,0.004019118379801512,0.049999989569187164,0.004477515816688538,0.004600222688168287,0.005,0.3,30.0,13.0,1.6,0.12307692307692308,12.225122675735753,3.680944657456514,0.07753846153846154,/Users/hojunsong/Desktop/SpillSinkSimulator/project/renders/grid/G_d30_p13_t16__hemi_view_th+80.0.png
G_d30_p20_t04,hemi_view,-80.0,0.09388434796602832,0.0046942164190113544,0.049999989569187164,0.004841122776269913,0.004876397550106049,0.005,0.3,30.0,20.0,0.4,0.02,18.43494882292201,2.441015726826809,0.0126,/Users/hojunsong/Desktop/SpillSinkSimulator/project/renders/grid/G_d30_p20_t04__hemi_view_th-80.0.png
G_d30_p20_t04,hemi_view,-70.0,0.07311645716123241,0.0036558215506374836,0.04999998211860657,0.004683046136051416,0.004751328844577074,0.005,0.3,30.0,20.0,0.4,0.02,18.43494882292201,2.441015726826809,0.0126,/Users/hojunsong/Desktop/SpillSinkSimulator/project/renders/grid/G_d30_p20_t04__hemi_view_th-70.0.png
G_d30_p20_t04,hemi_view,-60.0,0.032957385227845575,0.001647868426516652,0.04999997466802597,0.004181027878075838,0.004362769424915314,0.005,0.3,30.0,20.0,0.4,0.02,18.43494882292201,2.441015726826809,0.0126,/Users/hojunsong/Desktop/SpillSinkSimulator/project/renders/grid/G_d30_p20_t04__hemi_view_th-60.0.png
G_d30_p20_t04,hemi_view,-50.0,0.011574071616416584,0.0005787034169770777,0.049999985843896866,0.002494330517947674,0.0029627380426973104,0.005,0.3,30.0,20.0,0.4,0.02,18.43494882292201,2.441015726826809,0.0126,/Users/hojunsong/Desktop/SpillSinkSimulator/project/renders/grid/G_d30_p20_t04__hemi_view_th-50.0.png
G_d30_p20_t04,hemi_view,-40.0,0.004860649925181243,0.0002430324093438685,0.04999998211860657,0.001440777094103396,0.0017262966139242053,0.005,0.3,30.0,20.0,0.4,0.02,18.43494882292201,2.441015726826809,0.0126,/Users/hojunsong/Desktop/SpillSinkSimulator/project/renders/grid/G_d30_p20_t04__hemi_view_th-40.0.png
G_d30_p20_t04,hemi_view,-30.0,0.003013912917794219,0.00015069560322444886,0.049999985843896866,0.0013045428786426783,0.001473293057642877,0.005,0.3,30.0,20.0,0.4,0.02,18.43494882292201,2.441015726826809,0.0126,/Users/hojunsong/Desktop/SpillSinkSimulator/project/renders/grid/G_d30_p20_t04__hemi_view_th-30.0.png
G_d30_p20_t04,hemi_view,-20.0,0.0024578665092780624,0.00012289328151382506,0.04999998211860657,0.0013189016608521342,0.001614658161997795,0.005,0.3,30.0,20.0,0.4,0.02,18.43494882292201,2.441015726826809,0.0126,/Users/hojunsong/Desktop/SpillSinkSimulator/project/renders/grid/G_d30_p20_t04__hemi_view_th-20.0.png
G_d30_p20_t04,hemi_view,-10.0,0.0027921863208286955,0.00013960925571154803,0.04999997839331627,0.0013028426328673959,0.001456948579289019,0.005,0.3,30.0,20.0,0.4,0.02,18.43494882292201,2.441015726826809,0.0126,/Users/hojunsong/Desktop/SpillSinkSimulator/project/renders/grid/G_d30_p20_t04__hemi_view_th-10.0.png
G_d30_p20_t04,hemi_view,0.0,0.0026460940509919445,0.00013230464537627995,0.04999997839331627,0.0012240787036716938,0.0013795942068099976,0.005,0.3,30.0,20.0,0.4,0.02,18.43494882292201,2.441015726826809,0.0126,/Users/hojunsong/Desktop/SpillSinkSimulator/project/renders/grid/G_d30_p20_t04__hemi_view_th+00.0.png
G_d30_p20_t04,hemi_view,10.0,0.002794888903692785,0.00013974438479635864,0.04999997839331627,0.0013156839413568377,0.0014696608996018767,0.005,0.3,30.0,20.0,0.4,0.02,18.43494882292201,2.441015726826809,0.0126,/Users/hojunsong/Desktop/SpillSinkSimulator/project/renders/grid/G_d30_p20_t04__hemi_view_th+10.0.png
G_d30_p20_t04,hemi_view,20.0,0.0024849997290781662,0.00012424994201865047,0.04999998211860657,0.0014599926071241498,0.0016785309417173266,0.005,0.3,30.0,20.0,0.4,0.02,18.43494882292201,2.441015726826809,0.0126,/Users/hojunsong/Desktop/SpillSinkSimulator/project/renders/grid/G_d30_p20_t04__hemi_view_th+20.0.png
G_d30_p20_t04,hemi_view,30.0,0.0029544764763311006,0.00014772378199268132,0.049999985843896866,0.0012385571608319879,0.001341805444099009,0.005,0.3,30.0,20.0,0.4,0.02,18.43494882292201,2.441015726826809,0.0126,/Users/hojunsong/Desktop/SpillSinkSimulator/project/renders/grid/G_d30_p20_t04__hemi_view_th+30.0.png
G_d30_p20_t04,hemi_view,40.0,0.004706482223504385,0.00023532402701675892,0.04999998211860657,0.0013043279759585857,0.0014357577310875058,0.005,0.3,30.0,20.0,0.4,0.02,18.43494882292201,2.441015726826809,0.0126,/Users/hojunsong/Desktop/SpillSinkSimulator/project/renders/grid/G_d30_p20_t04__hemi_view_th+40.0.png
G_d30_p20_t04,hemi_view,50.0,0.010974293887787817,0.0005487145390361547,0.049999985843896866,0.0024617393501102924,0.002898518228903413,0.005,0.3,30.0,20.0,0.4,0.02,18.43494882292201,2.441015726826809,0.0126,/Users/hojunsong/Desktop/SpillSinkSimulator/project/renders/grid/G_d30_p20_t04__hemi_view_th+50.0.png
G_d30_p20_t04,hemi_view,60.0,0.031906231173304614,0.0015953107504174113,0.04999997466802597,0.004180950112640858,0.004349418915808201,0.005,0.3,30.0,20.0,0.4,0.02,18.43494882292201,2.441015726826809,0.0126,/Users/hojunsong/Desktop/SpillSinkSimulator/project/renders/grid/G_d30_p20_t04__hemi_view_th+60.0.png
G_d30_p20_t04,hemi_view,70.0,0.07348918190211602,0.0036744577810168266,0.04999998211860657,0.0046873134560883045,0.004776999354362488,0.005,0.3,30.0,20.0,0.4,0.02,18.43494882292201,2.441015726826809,0.0126,/Users/hojunsong/Desktop/SpillSinkSimulator/project/renders/grid/G_d30_p20_t04__hemi_view_th+70.0.png
G_d30_p20_t04,hemi_view,80.0,0.09393890485383076,0.004696944262832403,0.049999989569187164,0.004836815409362316,0.004875063896179199,0.005,0.3,30.0,20.0,0.4,0.02,18.43494882292201,2.441015726826809,0.0126,/Users/hojunsong/Desktop/SpillSinkSimulator/project/renders/grid/G_d30_p20_t04__hemi_view_th+80.0.png
G_d30_p20_t08,hemi_view,-80.0,0.0934161813233277,0.004670808091759682,0.049999989569187164,0.004828546196222305,0.004867051728069782,0.005,0.3,30.0,20.0,0.8,0.04,18.43494882292201,2.441015726826809,0.0252,/Users/hojunsong/Desktop/SpillSinkSimulator/project/renders/grid/G_d30_p20_t08__hemi_view_th-80.0.png
G_d30_p20_t08,hemi_view,-70.0,0.07277785143507175,0.0036388912703841925,0.04999998211860657,0.004682728089392185,0.004751328378915787,0.005,0.3,30.0,20.0,0.8,0.04,18.43494882292201,2.441015726826809,0.0252,/Users/hojunsong/Desktop/SpillSinkSimulator/project/renders/grid/G_d30_p20_t08__hemi_view_th-70.0.png
G_d30_p20_t08,hemi_view,-60.0,0.033394988315993586,0.0016697485698387027,0.04999997466802597,0.004155449103564024,0.004336086101830006,0.005,0.3,30.0,20.0,0.8,0.04,18.43494882292201,2.441015726826809,0.0252,/Users/hojunsong/Desktop/SpillSinkSimulator/project/renders/grid/G_d30_p20_t08__hemi_view_th-60.0.png
G_d30_p20_t08,hemi_view,-50.0,0.01281864023475594,0.0006409318302758038,0.049999985843896866,0.002819247078150511,0.003062538104131818,0.005,0.3,30.0,20.0,0.8,0.04,18.43494882292201,2.441015726826809,0.0252,/Users/hojunsong/Desktop/SpillSinkSimulator/project/renders/grid/G_d30_p20_t08__hemi_view_th-50.0.png
G_d30_p20_t08,hemi_view,-40.0,0.006386944979975813,0.0003193471347913146,0.04999998211860657,0.0023564081639051437,0.002552688354626298,0.005,0.3,30.0,20.0,0.8,0.04,18.43494882292201,2.441015726826809,0.0252,/Users/hojunsong/Desktop/SpillSinkSimulator/project/renders/grid/G_d30_p20_t08__hemi_view_th-40.0.png
G_d30_p20_t08,hemi_view,-30.0,0.004513469289145119,0.00022567340056411922,0.049999985843896866,0.0023289022501558065,0.0025613862089812756,0.005,0.3,30.0,20.0,0.8,0.04,18.43494882292201,2.441015726826809,0.0252,/Users/hojunsong/Desktop/SpillSinkSimulator/project/renders/grid/G_d30_p20_t08__hemi_view_th-30.0.png
G_d30_p20_t08,hemi_view,-20.0,0.004000991151091272,0.0002000494860112667,0.04999998211860657,0.002382429549470544,0.0026875545736402273,0.005,0.3,30.0,20.0,0.8,0.04,18.43494882292201,2.441015726826809,0.0252,/Users/hojunsong/Desktop/SpillSinkSimulator/project/renders/grid/G_d30_p20_t08__hemi_view_th-20.0.png
G_d30_p20_t08,hemi_view,-10.0,0.0046691036354415925,0.00023345508088823408,0.04999997839331627,0.0023573499638587236,0.0025515591260045767,0.005,0.3,30.0,20.0,0.8,0.04,18.43494882292201,2.441015726826809,0.0252,/Users/hojunsong/Desktop/SpillSinkSimulator/project/renders/grid/G_d30_p20_t08__hemi_view_th-10.0.png
G_d30_p20_t08,hemi_view,0.0,0.004458103101756274,0.00022290505876298994,0.04999997839331627,0.0022650316823273897,0.002448111306875944,0.005,0.3,30.0,20.0,0.8,0.04,18.43494882292201,2.441015726826809,0.0252,/Users/hojunsong/Desktop/SpillSinkSimulator/project/renders/grid/G_d30_p20_t08__hemi_view_th+00.0.png
G_d30_p20_t08,hemi_view,10.0,0.004686707385938826,0.00023433526803273708,0.04999997839331627,0.0023960890248417854,0.00256327074021101,0.005,0.3,30.0,20.0,0.8,0.04,18.43494882292201,2.441015726826809,0.0252,/Users/hojunsong/Desktop/SpillSinkSimulator/project/renders/grid/G_d30_p20_t08__hemi_view_th+10.0.png
G_d30_p20_t08,hemi_view,20.0,0.004068399138995697,0.0002034198842011392,0.04999998211860657,0.0024946480989456177,0.0027988862711936235,0.005,0.3,30.0,20.0,0.8,0.04,18.43494882292201,2.441015726826809,0.0252,/Users/hojunsong/Desktop/SpillSinkSimulator/project/renders/grid/G_d30_p20_t08__hemi_view_th+20.0.png
G_d30_p20_t08,hemi_view,30.0,0.004453178941054641,0.00022265888401307166,0.049999985843896866,0.002228273544460535,0.002367960987612605,0.005,0.3,30.0,20.0,0.8,0.04,18.43494882292201,2.441015726826809,0.0252,/Users/hojunsong/Desktop/SpillSinkSimulator/project/renders/grid/G_d30_p20_t08__hemi_view_th+30.0.png
G_d30_p20_t08,hemi_view,40.0,0.006219578104389824,0.00031097879400476813,0.04999998211860657,0.002252630889415741,0.002460489748045802,0.005,0.3,30.0,20.0,0.8,0.04,18.43494882292201,2.441015726826809,0.0252,/Users/hojunsong/Desktop/SpillSinkSimulator/project/renders/grid/G_d30_p20_t08__hemi_view_th+40.0.png
G_d30_p20_t08,hemi_view,50.0,0.012266986285488895,0.0006133491406217217,0.049999985843896866,0.0027675225865095854,0.00295378640294075,0.005,0.3,30.0,20.0,0.8,0.04,18.43494882292201,2.441015726826809,0.0252,/Users/hojunsong/Desktop/SpillSinkSimulator/project/renders/grid/G_d30_p20_t08__hemi_view_th+50.0.png
G_d30_p20_t08,hemi_view,60.0,0.03237419306445963,0.0016187088331207633,0.04999997466802597,0.004155691713094711,0.004344962537288666,0.005,0.3,30.0,20.0,0.8,0.04,18.43494882292201,2.441015726826809,0.0252,/Users/hojunsong/Desktop/SpillSinkSimulator/project/renders/grid/G_d30_p20_t08__hemi_view_th+60.0.png
G_d30_p20_t08,hemi_view,70.0,0.07316167288840039,0.0036580823361873627,0.04999998211860657,0.004673909395933151,0.004751088563352823,0.005,0.3,30.0,20.0,0.8,0.04,18.43494882292201,2.441015726826809,0.0252,/Users/hojunsong/Desktop/SpillSinkSimulator/project/renders/grid/G_d30_p20_t08__hemi_view_th+70.0.png
G_d30_p20_t08,hemi_view,80.0,0.0934735694323476,0.004673677496612072,0.049999989569187164,0.004829085897654295,0.0048676747828722,0.005,0.3,30.0,20.0,0.8,0.04,18.43494882292201,2.441015726826809,0.0252,/Users/hojunsong/Desktop/SpillSinkSimulator/project/renders/grid/G_d30_p20_t08__hemi_view_th+80.0.png
G_d30_p20_t16,hemi_view,-80.0,0.09234051283847064,0.004617024678736925,0.049999989569187164,0.004825458396226168,0.004867054987698793,0.005,0.3,30.0,20.0,1.6,0.08,18.43494882292201,2.441015726826809,0.0504,/Users/hojunsong/Desktop/SpillSinkSimulator/project/renders/grid/G_d30_p20_t16__hemi_view_th-80.0.png
G_d30_p20_t16,hemi_view,-70.0,0.07206113326500652,0.0036030553746968508,0.04999998211860657,0.004621940199285746,0.0046988362446427345,0.005,0.3,30.0,20.0,1.6,0.08,18.43494882292201,2.441015726826809,0.0504,/Users/hojunsong/Desktop/SpillSinkSimulator/project/renders/grid/G_d30_p20_t16__hemi_view_th-70.0.png
G_d30_p20_t16,hemi_view,-60.0,0.034438715069239026,0.0017219348810613155,0.04999997466802597,0.004017124883830547,0.004176507703959942,0.005,0.3,30.0,20.0,1.6,0.08,18.43494882292201,2.441015726826809,0.0504,/Users/hojunsong/Desktop/SpillSinkSimulator/project/renders/grid/G_d30_p20_t16__hemi_view_th-60.0.png
G_d30_p20_t16,hemi_view,-50.0,0.0154036140839557,0.0007701804861426353,0.049999985843896866,0.0037468711379915476,0.0039685191586613655,0.005,0.3,30.0,20.0,1.6,0.08,18.43494882292201,2.441015726826809,0.0504,/Users/hojunsong/Desktop/SpillSinkSimulator/project/renders/grid/G_d30_p20_t16__hemi_view_th-50.0.png
G_d30_p20_t16,hemi_view,-40.0,0.009412438249565929,0.00047062174417078495,0.04999998211860657,0.003852651221677661,0.004005313850939274,0.005,0.3,30.0,20.0,1.6,0.08,18.43494882292201,2.441015726826809,0.0504,/Users/hojunsong/Desktop/SpillSinkSimulator/project/renders/grid/G_d30_p20_t16__hemi_view_th-40.0.png
G_d30_p20_t16,hemi_view,-30.0,0.007509032527679474,0.0003754515200853348,0.049999985843896866,0.0038635393138974905,0.004006498958915472,0.005,0.3,30.0,20.0,1.6,0.08,18.43494882292201,2.441015726826809,0.0504,/Users/hojunsong/Desktop/SpillSinkSimulator/project/renders/grid/G_d30_p20_t16__hemi_view_th-30.0.png
G_d30_p20_t16,hemi_view,-20.0,0.0070656436385653516,0.0003532820555847138,0.04999998211860657,0.003957347944378853,0.00414905184879899,0.005,0.3,30.0,20.0,1.6,0.08,18.43494882292201,2.441015726826809,0.0504,/Users/hojunsong/Desktop/SpillSinkSimulator/project/renders/grid/G_d30_p20_t16__hemi_view_th-20.0.png
G_d30_p20_t16,hemi_view,-10.0,0.008399924400788659,0.00041999603854492307,0.04999997839331627,0.0039132507517933846,0.0040994370356202126,0.005,0.3,30.0,20.0,1.6,0.08,18.43494882292201,2.441015726826809,0.0504,/Users/hojunsong/Desktop/SpillSinkSimulator/project/renders/grid/G_d30_p20_t16__hemi_view_th-10.0.png
G_d30_p20_t16,hemi_view,0.0,0.008088059842455916,0.00040440281736664474,0.04999997839331627,0.003800199367105961,0.003982639871537685,0.005,0.3,30.0,20.0,1.6,0.08,18.43494882292201,2.441015726826809,0.0504,/Users/hojunsong/Desktop/SpillSinkSimulator/project/renders/grid/G_d30_p20_t16__hemi_view_th+00.0.png
G_d30_p20_t16,hemi_view,10.0,0.008442893896720156,0.0004221445124130696,0.04999997839331627,0.003944581374526024,0.004110381472855806,0.005,0.3,30.0,20.0,1.6,0.08,18.43494882292201,2.441015726826809,0.0504,/Users/hojunsong/Desktop/SpillSinkSimulator/project/renders/grid/G_d30_p20_t16__hemi_view_th+10.0.png
G_d30_p20_t16,hemi_view,20.0,0.007278157556254884,0.00036390774766914546,0.04999998211860657,0.0038651139475405216,0.004151134751737118,0.005,0.3,30.0,20.0,1.6,0.08,18.43494882292201,2.441015726826809,0.0504,/Users/hojunsong/Desktop/SpillSinkSimulator/project/renders/grid/G_d30_p20_t16__hemi_view_th+20.0.png
G_d30_p20_t16,hemi_view,30.0,0.0074640240232118436,0.0003732010954990983,0.049999985843896866,0.0038389568217098713,0.004020784981548786,0.005,0.3,30.0,20.0,1.6,0.08,18.43494882292201,2.441015726826809,0.0504,/Users/hojunsong/Desktop/SpillSinkSimulator/project/renders/grid/G_d30_p20_t16__hemi_view_th+30.0.png
G_d30_p20_t16,hemi_view,40.0,0.009294231253661961,0.0004647113964892924,0.04999998211860657,0.0037324174772948027,0.0039136880077421665,0.005,0.3,30.0,20.0,1.6,0.08,18.43494882292201,2.441015726826809,0.0504,/Users/hojunsong/Desktop/SpillSinkSimulator/project/renders/grid/G_d30_p20_t16__hemi_view_th+40.0.png
G_d30_p20_t16,hemi_view,50.0,0.014926116715687776,0.0007463056244887412,0.049999985843896866,0.0037829482462257147,0.003915491513907909,0.005,0.3,30.0,20.0,1.6,0.08,18.43494882292201,2.441015726826809,0.0504,/Users/hojunsong/Desktop/SpillSinkSimulator/project/renders/grid/G_d30_p20_t16__hemi_view_th+50.0.png
G_d30_p20_t16,hemi_view,60.0,0.03348199251499393,0.0016740987775847316,0.04999997466802597,0.004024822264909744,0.004168402403593063,0.005,0.3,30.0,20.0,1.6,0.08,18.43494882292201,2.441015726826809,0.0504,/Users/hojunsong/Desktop/SpillSinkSimulator/project/renders/grid/G_d30_p20_t16__hemi_view_th+60.0.png
G_d30_p20_t16,hemi_view,70.0,0.07245214453118248,0.0036226059310138226,0.04999998211860657,0.004634771961718798,0.004710700828582048,0.005,0.3,30.0,20.0,1.6,0.08,18.43494882292201,2.441015726826809,0.0504,/Users/hojunsong/Desktop/SpillSinkSimulator/project/renders/grid/G_d30_p20_t16__hemi_view_th+70.0.png
G_d30_p20_t16,hemi_view,80.0,0.09231410983797218,0.004615704528987408,0.049999989569187164,0.004825655370950699,0.004872503690421581,0.005,0.3,30.0,20.0,1.6,0.08,18.43494882292201,2.441015726826809,0.0504,/Users/hojunsong/Desktop/SpillSinkSimulator/project/renders/grid/G_d30_p20_t16__hemi_view_th+80.0.png
G_d30_p30_t04,hemi_view,-80.0,0.09673893607176996,0.004836945794522762,0.049999989569187164,0.004917921032756567,0.00494331493973732,0.005,0.3,30.0,30.0,0.4,0.013333333333333334,26.565051177077994,1.6939549523182869,0.008400000000000001,/Users/hojunsong/Desktop/SpillSinkSimulator/project/renders/grid/G_d30_p30_t04__hemi_view_th-80.0.png
G_d30_p30_t04,hemi_view,-70.0,0.0922892200193,0.004614459350705147,0.04999998211860657,0.004891674034297466,0.004944623447954655,0.005,0.3,30.0,30.0,0.4,0.013333333333333334,26.565051177077994,1.6939549523182869,0.008400000000000001,/Users/hojunsong/Desktop/SpillSinkSimulator/project/renders/grid/G_d30_p30_t04__hemi_view_th-70.0.png
G_d30_p30_t04,hemi_view,-60.0,0.06694978235352933,0.003347487421706319,0.04999997466802597,0.004816511645913124,0.004879029467701912,0.005,0.3,30.0,30.0,0.4,0.013333333333333334,26.565051177077994,1.6939549523182869,0.008400000000000001,/Users/hojunsong/Desktop/SpillSinkSimulator/project/renders/grid/G_d30_p30_t04__hemi_view_th-60.0.png
G_d30_p30_t04,hemi_view,-50.0,0.03387446310169695,0.0016937226755544543,0.049999985843896866,0.004640283994376659,0.0047259340062737465,0.005,0.3,30.0,30.0,0.4,0.013333333333333334,26.565051177077994,1.6939549523182869,0.008400000000000001,/Users/hojunsong/Desktop/SpillSinkSimulator/project/renders/grid/G_d30_p30_t04__hemi_view_th-50.0.png
G_d30_p30_t04,hemi_view,-40.0,0.014268794776142756,0.0007134394836612046,0.04999998211860657,0.0040250513702631,0.004192102700471878,0.005,0.3,30.0,30.0,0.4,0.013333333333333334,26.565051177077994,1.6939549523182869,0.008400000000000001,/Users/hojunsong/Desktop/SpillSinkSimulator/project/renders/grid/G_d30_p30_t04__hemi_view_th-40.0.png
G_d30_p30_t04,hemi_view,-30.0,0.005937377507763694,0.0002968687913380563,0.049999985843896866,0.0022719993721693754,0.0025512068532407284,0.005,0.3,30.0,30.0,0.4,0.013333333333333334,26.565051177077994,1.6939549523182869,0.008400000000000001,/Users/hojunsong/Desktop/SpillSinkSimulator/project/renders/grid/G_d30_p30_t04__hemi_view_th-30.0.png
G_d30_p30_t04,hemi_view,-20.0,0.003615963343558762,0.00018079810251947492,0.04999998211860657,0.0013182852417230606,0.0017502406844869256,0.005,0.3,30.0,30.0,0.4,0.013333333333333334,26.565051177077994,1.6939549523182869,0.008400000000000001,/Users/hojunsong/Desktop/SpillSinkSimulator/project/renders/grid/G_d30_p30_t04__hemi_view_th-20.0.png
G_d30_p30_t04,hemi_view,-10.0,0.0028635055792206794,0.00014317521709017456,0.04999997839331627,0.0013449682155624032,0.001457813079468906,0.005,0.3,30.0,30.0,0.4,0.013333333333333334,26.565051177077994,1.6939549523182869,0.008400000000000001,/Users/hojunsong/Desktop/SpillSinkSimulator/project/renders/grid/G_d30_p30_t04__hemi_view_th-10.0.png
G_d30_p30_t04,hemi_view,0.0,0.002651249214708466,0.00013256240345072,0.04999997839331627,0.0012901006266474724,0.001479351776652038,0.005,0.3,30.0,30.0,0.4,0.013333333333333334,26.565051177077994,1.6939549523182869,0.008400000000000001,/Users/hojunsong/Desktop/SpillSinkSimulator/project/renders/grid/G_d30_p30_t04__hemi_view_th+00.0.png
G_d30_p30_t04,hemi_view,10.0,0.002890987756120338,0.00014454932534135878,0.04999997839331627,0.0013683363795280457,0.001543475897051394,0.005,0.3,30.0,30.0,0.4,0.013333333333333334,26.565051177077994,1.6939549523182869,0.008400000000000001,/Users/hojunsong/Desktop/SpillSinkSimulator/project/renders/grid/G_d30_p30_t04__hemi_view_th+10.0.png
G_d30_p30_t04,hemi_view,20.0,0.003751699582815766,0.00018758491205517203,0.04999998211860657,0.001422409201040864,0.001689992262981832,0.005,0.3,30.0,30.0,0.4,0.013333333333333334,26.565051177077994,1.6939549523182869,0.008400000000000001,/Users/hojunsong/Desktop/SpillSinkSimulator/project/renders/grid/G_d30_p30_t04__hemi_view_th+20.0.png
G_d30_p30_t04,hemi_view,30.0,0.0060301669483731985,0.0003015082620549947,0.049999985843896866,0.0025093017611652613,0.002954670926555991,0.005,0.3,30.0,30.0,0.4,0.013333333333333334,26.565051177077994,1.6939549523182869,0.008400000000000001,/Users/hojunsong/Desktop/SpillSinkSimulator/project/renders/grid/G_d30_p30_t04__hemi_view_th+30.0.png
G_d30_p30_t04,hemi_view,40.0,0.01496657798734116,0.0007483286317437887,0.04999998211860657,0.004141983110457659,0.0043237642385065556,0.005,0.3,30.0,30.0,0.4,0.013333333333333334,26.565051177077994,1.6939549523182869,0.008400000000000001,/Users/hojunsong/Desktop/SpillSinkSimulator/project/renders/grid/G_d30_p30_t04__hemi_view_th+40.0.png
G_d30_p30_t04,hemi_view,50.0,0.034610240740248176,0.0017305115470662713,0.049999985843896866,0.004634895361959934,0.0047254906967282295,0.005,0.3,30.0,30.0,0.4,0.013333333333333334,26.565051177077994,1.6939549523182869,0.008400000000000001,/Users/hojunsong/Desktop/SpillSinkSimulator/project/renders/grid/G_d30_p30_t04__hemi_view_th+50.0.png
G_d30_p30_t04,hemi_view,60.0,0.06707910587176084,0.003353953594341874,0.04999997466802597,0.004817126784473658,0.004881075117737055,0.005,0.3,30.0,30.0,0.4,0.013333333333333334,26.565051177077994,1.6939549523182869,0.008400000000000001,/Users/hojunsong/Desktop/SpillSinkSimulator/project/renders/grid/G_d30_p30_t04__hemi_view_th+60.0.png
G_d30_p30_t04,hemi_view,70.0,0.09224647229783736,0.004612321965396404,0.04999998211860657,0.004891181830316782,0.004931575618684292,0.005,0.3,30.0,30.0,0.4,0.013333333333333334,26.565051177077994,1.6939549523182869,0.008400000000000001,/Users/hojunsong/Desktop/SpillSinkSimulator/project/renders/grid/G_d30_p30_t04__hemi_view_th+70.0.png
G_d30_p30_t04,hemi_view,80.0,0.09672852388321361,0.004836425185203552,0.049999989569187164,0.004918296355754137,0.004943142179399729,0.005,0.3,30.0,30.0,0.4,0.013333333333333334,26.565051177077994,1.6939549523182869,0.008400000000000001,/Users/hojunsong/Desktop/SpillSinkSimulator/project/renders/grid/G_d30_p30_t04__hemi_view_th+80.0.png
G_d30_p30_t08,hemi_view,-80.0,0.096308637012853,0.004815430846065283,0.049999989569187164,0.0049179308116436005,0.004943269304931164,0.005,0.3,30.0,30.0,0.8,0.02666666666666667,26.565051177077994,1.6939549523182869,0.016800000000000002,/Users/hojunsong/Desktop/SpillSinkSimulator/project/renders/grid/G_d30_p30_t08__hemi_view_th-80.0.png
G_d30_p30_t08,hemi_view,-70.0,0.09205089448722403,0.004602543078362942,0.04999998211860657,0.004889167845249176,0.004944601561874151,0.005,0.3,30.0,30.0,0.8,0.02666666666666667,26.565051177077994,1.6939549523182869,0.016800000000000002,/Users/hojunsong/Desktop/SpillSinkSimulator/project/renders/grid/G_d30_p30_t08__hemi_view_th-70.0.png
G_d30_p30_t08,hemi_view,-60.0,0.06720132805176308,0.0033600647002458572,0.04999997466802597,0.004817030858248472,0.004880939144641161,0.005,0.3,30.0,30.0,0.8,0.02666666666666667,26.565051177077994,1.6939549523182869,0.016800000000000002,/Users/hojunsong/Desktop/SpillSinkSimulator/project/renders/grid/G_d30_p30_t08__hemi_view_th-60.0.png
G_d30_p30_t08,hemi_view,-50.0,0.03451556711712145,0.0017257778672501445,0.049999985843896866,0.004647848196327686,0.004725612234324217,0.005,0.3,30.0,30.0,0.8,0.02666666666666667,26.565051177077994,1.6939549523182869,0.016800000000000002,/Users/hojunsong/Desktop/SpillSinkSimulator/project/renders/grid/G_d30_p30_t08__hemi_view_th-50.0.png
G_d30_p30_t08,hemi_view,-40.0,0.015183738042186394,0.000759186630602926,0.04999998211860657,0.003984861075878143,0.004244941286742687,0.005,0.3,30.0,30.0,0.8,0.02666666666666667,26.565051177077994,1.6939549523182869,0.016800000000000002,/Users/hojunsong/Desktop/SpillSinkSimulator/project/renders/grid/G_d30_p30_t08__hemi_view_th-40.0.png
G_d30_p30_t08,hemi_view,-30.0,0.0070515981816554885,0.0003525798092596233,0.049999985843896866,0.0026817615143954754,0.0030494891107082367,0.005,0.3,30.0,30.0,0.8,0.02666666666666667,26.565051177077994,1.6939549523182869,0.016800000000000002,/Users/hojunsong/Desktop/SpillSinkSimulator/project/renders/grid/G_d30_p30_t08__hemi_view_th-30.0.png
G_d30_p30_t08,hemi_view,-20.0,0.00508633624124631,0.000254316721111536,0.04999998211860657,0.0022526613902300596,0.0027056254912167788,0.005,0.3,30.0,30.0,0.8,0.02666666666666667,26.565051177077994,1.6939549523182869,0.016800000000000002,/Users/hojunsong/Desktop/SpillSinkSimulator/project/renders/grid/G_d30_p30_t08__hemi_view_th-20.0.png
G_d30_p30_t08,hemi_view,-10.0,0.004318593830175267,0.0002159295981982723,0.04999997839331627,0.0024075934197753668,0.002544859889894724,0.005,0.3,30.0,30.0,0.8,0.02666666666666667,26.565051177077994,1.6939549523182869,0.016800000000000002,/Users/hojunsong/Desktop/SpillSinkSimulator/project/renders/grid/G_d30_p30_t08__hemi_view_th-10.0.png
G_d30_p30_t08,hemi_view,0.0,0.004095239588237525,0.00020476189092732966,0.04999997839331627,0.0023442215751856565,0.0025783292949199677,0.005,0.3,30.0,30.0,0.8,0.02666666666666667,26.565051177077994,1.6939549523182869,0.016800000000000002,/Users/hojunsong/Desktop/SpillSinkSimulator/project/renders/grid/G_d30_p30_t08__hemi_view_th+00.0.png
G_d30_p30_t08,hemi_view,10.0,0.004350024816497709,0.000217501146835275,0.04999997839331627,0.0024480579886585474,0.0026326021179556847,0.005,0.3,30.0,30.0,0.8,0.02666666666666667,26.565051177077994,1.6939549523182869,0.016800000000000002,/Users/hojunsong/Desktop/SpillSinkSimulator/project/renders/grid/G_d30_p30_t08__hemi_view_th+10.0.png
G_d30_p30_t08,hemi_view,20.0,0.005225438630737769,0.0002612718380987644,0.04999998211860657,0.0023751684930175543,0.0025654705241322517,0.005,0.3,30.0,30.0,0.8,0.02666666666666667,26.565051177077994,1.6939549523182869,0.016800000000000002,/Users/hojunsong/Desktop/SpillSinkSimulator/project/renders/grid/G_d30_p30_t08__hemi_view_th+20.0.png
G_d30_p30_t08,hemi_view,30.0,0.007059493471017121,0.0003529745736159384,0.049999985843896866,0.0026085241697728634,0.0032318260055035353,0.005,0.3,30.0,30.0,0.8,0.02666666666666667,26.565051177077994,1.6939549523182869,0.016800000000000002,/Users/hojunsong/Desktop/SpillSinkSimulator/project/renders/grid/G_d30_p30_t08__hemi_view_th+30.0.png
G_d30_p30_t08,hemi_view,40.0,0.015817361254120917,0.0007908677798695862,0.04999998211860657,0.004089763388037682,0.0042173294350504875,0.005,0.3,30.0,30.0,0.8,0.02666666666666667,26.565051177077994,1.6939549523182869,0.016800000000000002,/Users/hojunsong/Desktop/SpillSinkSimulator/project/renders/grid/G_d30_p30_t08__hemi_view_th+40.0.png
G_d30_p30_t08,hemi_view,50.0,0.03518406832214144,0.0017592029180377722,0.049999985843896866,0.004647398833185434,0.0047385538928210735,0.005,0.3,30.0,30.0,0.8,0.02666666666666667,26.565051177077994,1.6939549523182869,0.016800000000000002,/Users/hojunsong/Desktop/SpillSinkSimulator/project/renders/grid/G_d30_p30_t08__hemi_view_th+50.0.png
G_d30_p30_t08,hemi_view,60.0,0.0672741295743049,0.003363704774528742,0.04999997466802597,0.004816746339201927,0.0048810685984790325,0.005,0.3,30.0,30.0,0.8,0.02666666666666667,26.565051177077994,1.6939549523182869,0.016800000000000002,/Users/hojunsong/Desktop/SpillSinkSimulator/project/renders/grid/G_d30_p30_t08__hemi_view_th+60.0.png
G_d30_p30_t08,hemi_view,70.0,0.0919981071048166,0.0045999037101864815,0.04999998211860657,0.004891384858638048,0.00493155512958765,0.005,0.3,30.0,30.0,0.8,0.02666666666666667,26.565051177077994,1.6939549523182869,0.016800000000000002,/Users/hojunsong/Desktop/SpillSinkSimulator/project/renders/grid/G_d30_p30_t08__hemi_view_th+70.0.png
G_d30_p30_t08,hemi_view,80.0,0.09633680021338467,0.004816839005798101,0.049999989569187164,0.004917539656162262,0.004943096544593573,0.005,0.3,30.0,30.0,0.8,0.02666666666666667,26.565051177077994,1.6939549523182869,0.016800000000000002,/Users/hojunsong/Desktop/SpillSinkSimulator/project/renders/grid/G_d30_p30_t08__hemi_view_th+80.0.png
G_d30_p30_t16,hemi_view,-80.0,0.0955063397003525,0.00477531598880887,0.049999989569187164,0.004917358513921499,0.004948285408318043,0.005,0.3,30.0,30.0,1.6,0.05333333333333334,26.565051177077994,1.6939549523182869,0.033600000000000005,/Users/hojunsong/Desktop/SpillSinkSimulator/project/renders/grid/G_d30_p30_t16__hemi_view_th-80.0.png
G_d30_p30_t16,hemi_view,-70.0,0.09156544242159453,0.004578270483762026,0.04999998211860657,0.00489088287577033,0.004944550339132547,0.005,0.3,30.0,30.0,1.6,0.05333333333333334,26.565051177077994,1.6939549523182869,0.033600000000000005,/Users/hojunsong/Desktop/SpillSinkSimulator/project/renders/grid/G_d30_p30_t16__hemi_view_th-70.0.png
G_d30_p30_t16,hemi_view,-60.0,0.06771476644727675,0.003385736607015133,0.04999997466802597,0.004815439693629742,0.004868254065513611,0.005,0.3,30.0,30.0,1.6,0.05333333333333334,26.565051177077994,1.6939549523182869,0.033600000000000005,/Users/hojunsong/Desktop/SpillSinkSimulator/project/renders/grid/G_d30_p30_t16__hemi_view_th-60.0.png
G_d30_p30_t16,hemi_view,-50.0,0.03586215283916747,0.0017931071342900395,0.049999985843896866,0.004633477423340082,0.004725956358015537,0.005,0.3,30.0,30.0,1.6,0.05333333333333334,26.565051177077994,1.6939549523182869,0.033600000000000005,/Users/hojunsong/Desktop/SpillSinkSimulator/project/renders/grid/G_d30_p30_t16__hemi_view_th-50.0.png
G_d30_p30_t16,hemi_view,-40.0,0.01706777634474087,0.0008533885120414197,0.04999998211860657,0.004012071993201971,0.0041679497808218,0.005,0.3,30.0,30.0,1.6,0.05333333333333334,26.565051177077994,1.6939549523182869,0.033600000000000005,/Users/hojunsong/Desktop/SpillSinkSimulator/project/renders/grid/G_d30_p30_t16__hemi_view_th-40.0.png
G_d30_p30_t16,hemi_view,-30.0,0.009343764712572538,0.00046718810335732996,0.049999985843896866,0.003910437226295471,0.004333269316703081,0.005,0.3,30.0,30.0,1.6,0.05333333333333334,26.565051177077994,1.6939549523182869,0.033600000000000005,/Users/hojunsong/Desktop/SpillSinkSimulator/project/renders/grid/G_d30_p30_t16__hemi_view_th-30.0.png
G_d30_p30_t16,hemi_view,-20.0,0.008083782721471568,0.0004041889915242791,0.04999998211860657,0.003693173173815012,0.004008221440017223,0.005,0.3,30.0,30.0,1.6,0.05333333333333334,26.565051177077994,1.6939549523182869,0.033600000000000005,/Users/hojunsong/Desktop/SpillSinkSimulator/project/renders/grid/G_d30_p30_t16__hemi_view_th-20.0.png
G_d30_p30_t16,hemi_view,-10.0,0.007219046447088524,0.0003609521663747728,0.04999997839331627,0.0039036243688315153,0.004097147844731808,0.005,0.3,30.0,30.0,1.6,0.05333333333333334,26.565051177077994,1.6939549523182869,0.033600000000000005,/Users/hojunsong/Desktop/SpillSinkSimulator/project/renders/grid/G_d30_p30_t16__hemi_view_th-10.0.png
G_d30_p30_t16,hemi_view,0.0,0.007028892414091229,0.0003514444688335061,0.04999997839331627,0.0038782365154474974,0.004119230899959803,0.005,0.3,30.0,30.0,1.6,0.05333333333333334,26.565051177077994,1.6939549523182869,0.033600000000000005,/Users/hojunsong/Desktop/SpillSinkSimulator/project/renders/grid/G_d30_p30_t16__hemi_view_th+00.0.png
G_d30_p30_t16,hemi_view,10.0,0.007257599725878121,0.0003628798294812441,0.04999997839331627,0.003983658738434315,0.0041375597938895226,0.005,0.3,30.0,30.0,1.6,0.05333333333333334,26.565051177077994,1.6939549523182869,0.033600000000000005,/Users/hojunsong/Desktop/SpillSinkSimulator/project/renders/grid/G_d30_p30_t16__hemi_view_th+10.0.png
G_d30_p30_t16,hemi_view,20.0,0.008210006661380229,0.0004105001862626523,0.04999998211860657,0.003879136871546507,0.004097454249858856,0.005,0.3,30.0,30.0,1.6,0.05333333333333334,26.565051177077994,1.6939549523182869,0.033600000000000005,/Users/hojunsong/Desktop/SpillSinkSimulator/project/renders/grid/G_d30_p30_t16__hemi_view_th+20.0.png
G_d30_p30_t16,hemi_view,30.0,0.009295813227935901,0.00046479052980430424,0.049999985843896866,0.003814435563981533,0.003997207153588533,0.005,0.3,30.0,30.0,1.6,0.05333333333333334,26.565051177077994,1.6939549523182869,0.033600000000000005,/Users/hojunsong/Desktop/SpillSinkSimulator/project/renders/grid/G_d30_p30_t16__hemi_view_th+30.0.png
G_d30_p30_t16,hemi_view,40.0,0.017592002875478106,0.0008795998292043805,0.04999998211860657,0.0040508597157895565,0.004204927012324333,0.005,0.3,30.0,30.0,1.6,0.05333333333333334,26.565051177077994,1.6939549523182869,0.033600000000000005,/Users/hojunsong/Desktop/SpillSinkSimulator/project/renders/grid/G_d30_p30_t16__hemi_view_th+40.0.png
G_d30_p30_t16,hemi_view,50.0,0.036454511417235685,0.001822725054807961,0.049999985843896866,0.00462213484570384,0.004712283611297607,0.005,0.3,30.0,30.0,1.6,0.05333333333333334,26.565051177077994,1.6939549523182869,0.033600000000000005,/Users/hojunsong/Desktop/SpillSinkSimulator/project/renders/grid/G_d30_p30_t16__hemi_view_th+50.0.png
G_d30_p30_t16,hemi_view,60.0,0.0677365966594858,0.0033868281170725822,0.04999997466802597,0.004816434346139431,0.004867990501224995,0.005,0.3,30.0,30.0,1.6,0.05333333333333334,26.565051177077994,1.6939549523182869,0.033600000000000005,/Users/hojunsong/Desktop/SpillSinkSimulator/project/renders/grid/G_d30_p30_t16__hemi_view_th+60.0.png
G_d30_p30_t16,hemi_view,70.0,0.09150246636657704,0.004575121682137251,0.04999998211860657,0.004885348025709391,0.004944495856761932,0.005,0.3,30.0,30.0,1.6,0.05333333333333334,26.565051177077994,1.6939549523182869,0.033600000000000005,/Users/hojunsong/Desktop/SpillSinkSimulator/project/renders/grid/G_d30_p30_t16__hemi_view_th+70.0.png
G_d30_p30_t16,hemi_view,80.0,0.09554642383232614,0.004777320194989443,0.049999989569187164,0.004917697980999947,0.004943167790770531,0.005,0.3,30.0,30.0,1.6,0.05333333333333334,26.565051177077994,1.6939549523182869,0.033600000000000005,/Users/hojunsong/Desktop/SpillSinkSimulator/project/renders/grid/G_d30_p30_t16__hemi_view_th+80.0.png
G_d50_p08_t04,hemi_view,-80.0,0.035242434026957696,0.0017621213337406516,0.049999989569187164,0.002200751332566142,0.0024198112078011036,0.005,0.3,50.0,8.0,0.4,0.05,4.573921259900861,9.838385368482571,0.0315,/Users/hojunsong/Desktop/SpillSinkSimulator/project/renders/grid/G_d50_p08_t04__hemi_view_th-80.0.png
G_d50_p08_t04,hemi_view,-70.0,0.013393940304660311,0.0006696967757306993,0.04999998211860657,0.0013627613661810756,0.0014845154946669936,0.005,0.3,50.0,8.0,0.4,0.05,4.573921259900861,9.838385368482571,0.0315,/Users/hojunsong/Desktop/SpillSinkSimulator/project/renders/grid/G_d50_p08_t04__hemi_view_th-70.0.png
G_d50_p08_t04,hemi_view,-60.0,0.007903079897421844,0.0003951537946704775,0.04999997466802597,0.0011949341278523207,0.001272109104320407,0.005,0.3,50.0,8.0,0.4,0.05,4.573921259900861,9.838385368482571,0.0315,/Users/hojunsong/Desktop/SpillSinkSimulator/project/renders/grid/G_d50_p08_t04__hemi_view_th-60.0.png
G_d50_p08_t04,hemi_view,-50.0,0.005887212967232561,0.0002943605650216341,0.049999985843896866,0.001208184170536697,0.0012879290152341127,0.005,0.3,50.0,8.0,0.4,0.05,4.573921259900861,9.838385368482571,0.0315,/Users/hojunsong/Desktop/SpillSinkSimulator/project/renders/grid/G_d50_p08_t04__hemi_view_th-50.0.png
G_d50_p08_t04,hemi_view,-40.0,0.004908711425909016,0.00024543548352085054,0.04999998211860657,0.0012350062606856227,0.0013366881757974625,0.005,0.3,50.0,8.0,0.4,0.05,4.573921259900861,9.838385368482571,0.0315,/Users/hojunsong/Desktop/SpillSinkSimulator/project/renders/grid/G_d50_p08_t04__hemi_view_th-40.0.png
G_d50_p08_t04,hemi_view,-30.0,0.004325734686593846,0.00021628667309414595,0.049999985843896866,0.001248232671059668,0.001339691341854632,0.005,0.3,50.0,8.0,0.4,0.05,4.573921259900861,9.838385368482571,0.0315,/Users/hojunsong/Desktop/SpillSinkSimulator/project/renders/grid/G_d50_p08_t04__hemi_view_th-30.0.png
G_d50_p08_t04,hemi_view,-20.0,0.004043081998865574,0.0002021540276473388,0.04999998211860657,0.0012751969043165445,0.0013747565681114793,0.005,0.3,50.0,8.0,0.4,0.05,4.573921259900861,9.838385368482571,0.0315,/Users/hojunsong/Desktop/SpillSinkSimulator/project/renders/grid/G_d50_p08_t04__hemi_view_th-20.0.png
G_d50_p08_t04,hemi_view,-10.0,0.00390744122029536,0.00019537197658792138,0.04999997839331627,0.001301341224461794,0.001391969039104879,0.005,0.3,50.0,8.0,0.4,0.05,4.573921259900861,9.838385368482571,0.0315,/Users/hojunsong/Desktop/SpillSinkSimulator/project/renders/grid/G_d50_p08_t04__hemi_view_th-10.0.png
G_d50_p08_t04,hemi_view,0.0,0.004254126198510226,0.00021270621800795197,0.04999997839331627,0.0013112813467159867,0.0014378130435943604,0.005,0.3,50.0,8.0,0.4,0.05,4.573921259900861,9.838385368482571,0.0315,/Users/hojunsong/Desktop/SpillSinkSimulator/project/renders/grid/G_d50_p08_t04__hemi_view_th+00.0.png
G_d50_p08_t04,hemi_view,10.0,0.003910715111598197,0.00019553567108232528,0.04999997839331627,0.0012973990524187684,0.0014016586355865002,0.005,0.3,50.0,8.0,0.4,0.05,4.573921259900861,9.838385368482571,0.0315,/Users/hojunsong/Desktop/SpillSinkSimulator/project/renders/grid/G_d50_p08_t04__hemi_view_th+10.0.png
G_d50_p08_t04,hemi_view,20.0,0.0040292405031885515,0.0002014619531109929,0.04999998211860657,0.0012611150741577148,0.0013532127486541867,0.005,0.3,50.0,8.0,0.4,0.05,4.573921259900861,9.838385368482571,0.0315,/Users/hojunsong/Desktop/SpillSinkSimulator/project/renders/grid/G_d50_p08_t04__hemi_view_th+20.0.png
G_d50_p08_t04,hemi_view,30.0,0.004323015805982803,0.00021615072910208255,0.049999985843896866,0.0012166905216872692,0.0013260705163702369,0.005,0.3,50.0,8.0,0.4,0.05,4.573921259900861,9.838385368482571,0.0315,/Users/hojunsong/Desktop/SpillSinkSimulator/project/renders/grid/G_d50_p08_t04__hemi_view_th+30.0.png
G_d50_p08_t04,hemi_view,40.0,0.004903877860018144,0.0002451938053127378,0.04999998211860657,0.0012225552927702665,0.0013374625705182552,0.005,0.3,50.0,8.0,0.4,0.05,4.573921259900861,9.838385368482571,0.0315,/Users/hojunsong/Desktop/SpillSinkSimulator/project/renders/grid/G_d50_p08_t04__hemi_view_th+40.0.png
G_d50_p08_t04,hemi_view,50.0,0.005887889922520645,0.0002943944127764553,0.049999985843896866,0.0011962403077632189,0.0013132932363077998,0.005,0.3,50.0,8.0,0.4,0.05,4.573921259900861,9.838385368482571,0.0315,/Users/hojunsong/Desktop/SpillSinkSimulator/project/renders/grid/G_d50_p08_t04__hemi_view_th+50.0.png
G_d50_p08_t04,hemi_view,60.0,0.007905850583485065,0.00039529232890345156,0.04999997466802597,0.001215033931657672,0.0013267173198983073,0.005,0.3,50.0,8.0,0.4,0.05,4.573921259900861,9.838385368482571,0.0315,/Users/hojunsong/Desktop/SpillSinkSimulator/project/renders/grid/G_d50_p08_t04__hemi_view_th+60.0.png
G_d50_p08_t04,hemi_view,70.0,0.01325224301671732,0.0006626119138672948,0.04999998211860657,0.0013496422907337546,0.0014836451737210155,0.005,0.3,50.0,8.0,0.4,0.05,4.573921259900861,9.838385368482571,0.0315,/Users/hojunsong/Desktop/SpillSinkSimulator/project/renders/grid/G_d50_p08_t04__hemi_view_th+70.0.png
G_d50_p08_t04,hemi_view,80.0,0.03521443147960366,0.001760721206665039,0.049999989569187164,0.002167642582207918,0.002343622501939535,0.005,0.3,50.0,8.0,0.4,0.05,4.573921259900861,9.838385368482571,0.0315,/Users/hojunsong/Desktop/SpillSinkSimulator/project/renders/grid/G_d50_p08_t04__hemi_view_th+80.0.png
G_d50_p08_t08,hemi_view,-80.0,0.04336925662561644,0.0021684623789042234,0.049999989569187164,0.002630173694342375,0.0027893027290701866,0.005,0.3,50.0,8.0,0.8,0.1,4.573921259900861,9.838385368482571,0.063,/Users/hojunsong/Desktop/SpillSinkSimulator/project/renders/grid/G_d50_p08_t08__hemi_view_th-80.0.png
G_d50_p08_t08,hemi_view,-70.0,0.02039409971920242,0.0010197046212852001,0.04999998211860657,0.002171423751860857,0.002324820961803198,0.005,0.3,50.0,8.0,0.8,0.1,4.573921259900861,9.838385368482571,0.063,/Users/hojunsong/Desktop/SpillSinkSimulator/project/renders/grid/G_d50_p08_t08__hemi_view_th-70.0.png
G_d50_p08_t08,hemi_view,-60.0,0.013480024489698301,0.0006740008830092847,0.04999997466802597,0.002146430779248476,0.002261861925944686,0.005,0.3,50.0,8.0,0.8,0.1,4.573921259900861,9.838385368482571,0.063,/Users/hojunsong/Desktop/SpillSinkSimulator/project/renders/grid/G_d50_p08_t08__hemi_view_th-60.0.png
G_d50_p08_t08,hemi_view,-50.0,0.010563760959900293,0.000528187898453325,0.049999985843896866,0.0022113362792879343,0.002336733043193817,0.005,0.3,50.0,8.0,0.8,0.1,4.573921259900861,9.838385368482571,0.063,/Users/hojunsong/Desktop/SpillSinkSimulator/project/renders/grid/G_d50_p08_t08__hemi_view_th-50.0.png
G_d50_p08_t08,hemi_view,-40.0,0.009053136200089287,0.0004526566481217742,0.04999998211860657,0.002282573841512203,0.002392757451161742,0.005,0.3,50.0,8.0,0.8,0.1,4.573921259900861,9.838385368482571,0.063,/Users/hojunsong/Desktop/SpillSinkSimulator/project/renders/grid/G_d50_p08_t08__hemi_view_th-40.0.png
G_d50_p08_t08,hemi_view,-30.0,0.00810645866614155,0.00040532281855121255,0.049999985843896866,0.002328936941921711,0.002484712051227689,0.005,0.3,50.0,8.0,0.8,0.1,4.573921259900861,9.838385368482571,0.063,/Users/hojunsong/Desktop/SpillSinkSimulator/project/renders/grid/G_d50_p08_t08__hemi_view_th-30.0.png
G_d50_p08_t08,hemi_view,-20.0,0.007639127837889911,0.0003819562552962452,0.04999998211860657,0.002376632299274206,0.0024986746720969677,0.005,0.3,50.0,8.0,0.8,0.1,4.573921259900861,9.838385368482571,0.063,/Users/hojunsong/Desktop/SpillSinkSimulator/project/renders/grid/G_d50_p08_t08__hemi_view_th-20.0.png
G_d50_p08_t08,hemi_view,-10.0,0.007382826577528875,0.00036914116935804486,0.04999997839331627,0.002413531532511115,0.002533161547034979,0.005,0.3,50.0,8.0,0.8,0.1,4.573921259900861,9.838385368482571,0.063,/Users/hojunsong/Desktop/SpillSinkSimulator/project/renders/grid/G_d50_p08_t08__hemi_view_th-10.0.png
G_d50_p08_t08,hemi_view,0.0,0.007860630189378194,0.0003930313396267593,0.04999997839331627,0.0023909162264317274,0.0025761297438293695,0.005,0.3,50.0,8.0,0.8,0.1,4.573921259900861,9.838385368482571,0.063,/Users/hojunsong/Desktop/SpillSinkSimulator/project/renders/grid/G_d50_p08_t08__hemi_view_th+00.0.png
G_d50_p08_t08,hemi_view,10.0,0.007393049593432817,0.0003696523199323565,0.04999997839331627,0.002393881091848016,0.002514240797609091,0.005,0.3,50.0,8.0,0.8,0.1,4.573921259900861,9.838385368482571,0.063,/Users/hojunsong/Desktop/SpillSinkSimulator/project/renders/grid/G_d50_p08_t08__hemi_view_th+10.0.png
G_d50_p08_t08,hemi_view,20.0,0.007604005322733935,0.0003802001301664859,0.04999998211860657,0.002350731287151575,0.0025093439035117626,0.005,0.3,50.0,8.0,0.8,0.1,4.573921259900861,9.838385368482571,0.063,/Users/hojunsong/Desktop/SpillSinkSimulator/project/renders/grid/G_d50_p08_t08__hemi_view_th+20.0.png
G_d50_p08_t08,hemi_view,30.0,0.008123334818048202,0.00040616662590764463,0.049999985843896866,0.002250101650133729,0.002430119551718235,0.005,0.3,50.0,8.0,0.8,0.1,4.573921259900861,9.838385368482571,0.063,/Users/hojunsong/Desktop/SpillSinkSimulator/project/renders/grid/G_d50_p08_t08__hemi_view_th+30.0.png
G_d50_p08_t08,hemi_view,40.0,0.009044341601456679,0.0004522169183474034,0.04999998211860657,0.0022555862087756395,0.00240653520449996,0.005,0.3,50.0,8.0,0.8,0.1,4.573921259900861,9.838385368482571,0.063,/Users/hojunsong/Desktop/SpillSinkSimulator/project/renders/grid/G_d50_p08_t08__hemi_view_th+40.0.png
G_d50_p08_t08,hemi_view,50.0,0.010582413028044217,0.0005291205015964806,0.049999985843896866,0.0022091777063906193,0.002351996023207903,0.005,0.3,50.0,8.0,0.8,0.1,4.573921259900861,9.838385368482571,0.063,/Users/hojunsong/Desktop/SpillSinkSimulator/project/renders/grid/G_d50_p08_t08__hemi_view_th+50.0.png
G_d50_p08_t08,hemi_view,60.0,0.013490939595802817,0.0006745466380380094,0.04999997466802597,0.0021191323176026344,0.0022626686841249466,0.005,0.3,50.0,8.0,0.8,0.1,4.573921259900861,9.838385368482571,0.063,/Users/hojunsong/Desktop/SpillSinkSimulator/project/renders/grid/G_d50_p08_t08__hemi_view_th+60.0.png
G_d50_p08_t08,hemi_view,70.0,0.020081380113260786,0.0010040686465799809,0.04999998211860657,0.0021416987292468548,0.002284287940710783,0.005,0.3,50.0,8.0,0.8,0.1,4.573921259900861,9.838385368482571,0.063,/Users/hojunsong/Desktop/SpillSinkSimulator/project/renders/grid/G_d50_p08_t08__hemi_view_th+70.0.png
G_d50_p08_t08,hemi_view,80.0,0.043372055250537,0.0021686023101210594,0.049999989569187164,0.0025984293315559626,0.002812240971252322,0.005,0.3,50.0,8.0,0.8,0.1,4.573921259900861,9.838385368482571,0.063,/Users/hojunsong/Desktop/SpillSinkSimulator/project/renders/grid/G_d50_p08_t08__hemi_view_th+80.0.png
G_d50_p08_t16,hemi_view,-80.0,0.0626211883753037,0.0031310587655752897,0.049999989569187164,0.0036834091879427433,0.0037744089495390654,0.005,0.3,50.0,8.0,1.6,0.2,4.573921259900861,9.838385368482571,0.126,/Users/hojunsong/Desktop/SpillSinkSimulator/project/renders/grid/G_d50_p08_t16__hemi_view_th-80.0.png
G_d50_p08_t16,hemi_view,-70.0,0.034023316637569655,0.001701165223494172,0.04999998211860657,0.0034818528220057487,0.0036243062932044268,0.005,0.3,50.0,8.0,1.6,0.2,4.573921259900861,9.838385368482571,0.126,/Users/hojunsong/Desktop/SpillSinkSimulator/project/renders/grid/G_d50_p08_t16__hemi_view_th-70.0.png
G_d50_p08_t16,hemi_view,-60.0,0.024413786158989807,0.0012206886895000935,0.04999997466802597,0.0036107308696955442,0.0037131530698388815,0.005,0.3,50.0,8.0,1.6,0.2,4.573921259900861,9.838385368482571,0.126,/Users/hojunsong/Desktop/SpillSinkSimulator/project/renders/grid/G_d50_p08_t16__hemi_view_th-60.0.png
G_d50_p08_t16,hemi_view,-50.0,0.019749708942986575,0.0009874851675704122,0.049999985843896866,0.0037114496808499098,0.0038479845970869064,0.005,0.3,50.0,8.0,1.6,0.2,4.573921259900861,9.838385368482571,0.126,/Users/hojunsong/Desktop/SpillSinkSimulator/project/renders/grid/G_d50_p08_t16__hemi_view_th-50.0.png
G_d50_p08_t16,hemi_view,-40.0,0.017157702556399427,0.0008578848210163414,0.04999998211860657,0.00378984771668911,0.003913650754839182,0.005,0.3,50.0,8.0,1.6,0.2,4.573921259900861,9.838385368482571,0.126,/Users/hojunsong/Desktop/SpillSinkSimulator/project/renders/grid/G_d50_p08_t16__hemi_view_th-40.0.png
G_d50_p08_t16,hemi_view,-30.0,0.015473720574761792,0.0007736858096905053,0.049999985843896866,0.003901985241100192,0.004007572308182716,0.005,0.3,50.0,8.0,1.6,0.2,4.573921259900861,9.838385368482571,0.126,/Users/hojunsong/Desktop/SpillSinkSimulator/project/renders/grid/G_d50_p08_t16__hemi_view_th-30.0.png
G_d50_p08_t16,hemi_view,-20.0,0.014683547791542814,0.0007341771270148456,0.04999998211860657,0.003928768448531628,0.004059561062604189,0.005,0.3,50.0,8.0,1.6,0.2,4.573921259900861,9.838385368482571,0.126,/Users/hojunsong/Desktop/SpillSinkSimulator/project/renders/grid/G_d50_p08_t16__hemi_view_th-20.0.png
G_d50_p08_t16,hemi_view,-10.0,0.01419481969102876,0.0007097406778484583,0.04999997839331627,0.003968541044741869,0.0040832022204995155,0.005,0.3,50.0,8.0,1.6,0.2,4.573921259900861,9.838385368482571,0.126,/Users/hojunsong/Desktop/SpillSinkSimulator/project/renders/grid/G_d50_p08_t16__hemi_view_th-10.0.png
G_d50_p08_t16,hemi_view,0.0,0.014976200832945468,0.0007488097180612385,0.04999997839331627,0.003930067643523216,0.004124680068343878,0.005,0.3,50.0,8.0,1.6,0.2,4.573921259900861,9.838385368482571,0.126,/Users/hojunsong/Desktop/SpillSinkSimulator/project/renders/grid/G_d50_p08_t16__hemi_view_th+00.0.png
G_d50_p08_t16,hemi_view,10.0,0.014242227523022863,0.0007121110684238374,0.04999997839331627,0.003940869588404894,0.0040962425991892815,0.005,0.3,50.0,8.0,1.6,0.2,4.573921259900861,9.838385368482571,0.126,/Users/hojunsong/Desktop/SpillSinkSimulator/project/renders/grid/G_d50_p08_t16__hemi_view_th+10.0.png
G_d50_p08_t16,hemi_view,20.0,0.01471871338038327,0.0007359354058280587,0.04999998211860657,0.003913929220288992,0.004072282463312149,0.005,0.3,50.0,8.0,1.6,0.2,4.573921259900861,9.838385368482571,0.126,/Users/hojunsong/Desktop/SpillSinkSimulator/project/renders/grid/G_d50_p08_t16__hemi_view_th+20.0.png
G_d50_p08_t16,hemi_view,30.0,0.015716630525752603,0.0007858313038013875,0.049999985843896866,0.0038247769698500633,0.003990934230387211,0.005,0.3,50.0,8.0,1.6,0.2,4.573921259900861,9.838385368482571,0.126,/Users/hojunsong/Desktop/SpillSinkSimulator/project/renders/grid/G_d50_p08_t16__hemi_view_th+30.0.png
G_d50_p08_t16,hemi_view,40.0,0.01719434196374129,0.000859716790728271,0.04999998211860657,0.0038106234278529882,0.003936880733817816,0.005,0.3,50.0,8.0,1.6,0.2,4.573921259900861,9.838385368482571,0.126,/Users/hojunsong/Desktop/SpillSinkSimulator/project/renders/grid/G_d50_p08_t16__hemi_view_th+40.0.png
G_d50_p08_t16,hemi_view,50.0,0.019785145776983645,0.000989257008768618,0.049999985843896866,0.00372889987193048,0.0038485554978251457,0.005,0.3,50.0,8.0,1.6,0.2,4.573921259900861,9.838385368482571,0.126,/Users/hojunsong/Desktop/SpillSinkSimulator/project/renders/grid/G_d50_p08_t16__hemi_view_th+50.0.png
G_d50_p08_t16,hemi_view,60.0,0.024440538413499385,0.001222026301547885,0.04999997466802597,0.0036325310356914997,0.003738983301445842,0.005,0.3,50.0,8.0,1.6,0.2,4.573921259900861,9.838385368482571,0.126,/Users/hojunsong/Desktop/SpillSinkSimulator/project/renders/grid/G_d50_p08_t16__hemi_view_th+60.0.png
G_d50_p08_t16,hemi_view,70.0,0.0337428464156138,0.0016871417174115777,0.04999998211860657,0.003400356275960803,0.003566863015294075,0.005,0.3,50.0,8.0,1.6,0.2,4.573921259900861,9.838385368482571,0.126,/Users/hojunsong/Desktop/SpillSinkSimulator/project/renders/grid/G_d50_p08_t16__hemi_view_th+70.0.png
G_d50_p08_t16,hemi_view,80.0,0.0625933464811273,0.0031296666711568832,0.049999989569187164,0.003737176302820444,0.003877918003126979,0.005,0.3,50.0,8.0,1.6,0.2,4.573921259900861,9.838385368482571,0.126,/Users/hojunsong/Desktop/SpillSinkSimulator/project/renders/grid/G_d50_p08_t16__hemi_view_th+80.0.png
G_d50_p13_t04,hemi_view,-80.0,0.05128513228881139,0.002564256079494953,0.049999989569187164,0.0033709537237882614,0.0035156949888914824,0.005,0.3,50.0,13.0,0.4,0.03076923076923077,7.40691212849523,6.0754062177786485,0.019384615384615386,/Users/hojunsong/Desktop/SpillSinkSimulator/project/renders/grid/G_d50_p13_t04__hemi_view_th-80.0.png
G_d50_p13_t04,hemi_view,-70.0,0.014652992251095384,0.0007326493505388498,0.04999998211860657,0.0018401622073724866,0.0020734239369630814,0.005,0.3,50.0,13.0,0.4,0.03076923076923077,7.40691212849523,6.0754062177786485,0.019384615384615386,/Users/hojunsong/Desktop/SpillSinkSimulator/project/renders/grid/G_d50_p13_t04__hemi_view_th-70.0.png
G_d50_p13_t04,hemi_view,-60.0,0.0065852531300650005,0.00032926248968578875,0.04999997466802597,0.0012734440388157964,0.0014067344600334764,0.005,0.3,50.0,13.0,0.4,0.03076923076923077,7.40691212849523,6.0754062177786485,0.019384615384615386,/Users/hojunsong/Desktop/SpillSinkSimulator/project/renders/grid/G_d50_p13_t04__hemi_view_th-60.0.png
G_d50_p13_t04,hemi_view,-50.0,0.004294921579450518,0.00021474601817317307,0.049999985843896866,0.0012223502853885293,0.0013145514531061053,0.005,0.3,50.0,13.0,0.4,0.03076923076923077,7.40691212849523,6.0754062177786485,0.019384615384615386,/Users/hojunsong/Desktop/SpillSinkSimulator/project/renders/grid/G_d50_p13_t04__hemi_view_th-50.0.png
G_d50_p13_t04,hemi_view,-40.0,0.0033653335806802798,0.0001682666188571602,0.04999998211860657,0.0012084346963092685,0.0013243242865428329,0.005,0.3,50.0,13.0,0.4,0.03076923076923077,7.40691212849523,6.0754062177786485,0.019384615384615386,/Users/hojunsong/Desktop/SpillSinkSimulator/project/renders/grid/G_d50_p13_t04__hemi_view_th-40.0.png
G_d50_p13_t04,hemi_view,-30.0,0.0029225772139276126,0.00014612881932407618,0.049999985843896866,0.001249242457561195,0.0013407337246462703,0.005,0.3,50.0,13.0,0.4,0.03076923076923077,7.40691212849523,6.0754062177786485,0.019384615384615386,/Users/hojunsong/Desktop/SpillSinkSimulator/project/renders/grid/G_d50_p13_t04__hemi_view_th-30.0.png
G_d50_p13_t04,hemi_view,-20.0,0.002632944447501253,0.0001316471752943471,0.04999998211860657,0.0012621469795703888,0.0013917908072471619,0.005,0.3,50.0,13.0,0.4,0.03076923076923077,7.40691212849523,6.0754062177786485,0.019384615384615386,/Users/hojunsong/Desktop/SpillSinkSimulator/project/renders/grid/G_d50_p13_t04__hemi_view_th-20.0.png
G_d50_p13_t04,hemi_view,-10.0,0.0025069177273752403,0.00012534583220258355,0.04999997839331627,0.001264808583073318,0.001403489033691585,0.005,0.3,50.0,13.0,0.4,0.03076923076923077,7.40691212849523,6.0754062177786485,0.019384615384615386,/Users/hojunsong/Desktop/SpillSinkSimulator/project/renders/grid/G_d50_p13_t04__hemi_view_th-10.0.png
G_d50_p13_t04,hemi_view,0.0,0.00297644711665014,0.0001488222915213555,0.04999997839331627,0.001313776825554669,0.0014412259915843606,0.005,0.3,50.0,13.0,0.4,0.03076923076923077,7.40691212849523,6.0754062177786485,0.019384615384615386,/Users/hojunsong/Desktop/SpillSinkSimulator/project/renders/grid/G_d50_p13_t04__hemi_view_th+00.0.png
G_d50_p13_t04,hemi_view,10.0,0.002510217521098377,0.00012551082181744277,0.04999997839331627,0.0012604225194081664,0.0013902708888053894,0.005,0.3,50.0,13.0,0.4,0.03076923076923077,7.40691212849523,6.0754062177786485,0.019384615384615386,/Users/hojunsong/Desktop/SpillSinkSimulator/project/renders/grid/G_d50_p13_t04__hemi_view_th+10.0.png
G_d50_p13_t04,hemi_view,20.0,0.0026325573664177475,0.00013162782124709338,0.04999998211860657,0.0012496315175667405,0.0013668242609128356,0.005,0.3,50.0,13.0,0.4,0.03076923076923077,7.40691212849523,6.0754062177786485,0.019384615384615386,/Users/hojunsong/Desktop/SpillSinkSimulator/project/renders/grid/G_d50_p13_t04__hemi_view_th+20.0.png
G_d50_p13_t04,hemi_view,30.0,0.0029194744536841606,0.00014597368135582656,0.049999985843896866,0.0012226331746205688,0.001340612187050283,0.005,0.3,50.0,13.0,0.4,0.03076923076923077,7.40691212849523,6.0754062177786485,0.019384615384615386,/Users/hojunsong/Desktop/SpillSinkSimulator/project/renders/grid/G_d50_p13_t04__hemi_view_th+30.0.png
G_d50_p13_t04,hemi_view,40.0,0.003364900224489799,0.00016824495105538517,0.04999998211860657,0.001223327242769301,0.0013401000760495663,0.005,0.3,50.0,13.0,0.4,0.03076923076923077,7.40691212849523,6.0754062177786485,0.019384615384615386,/Users/hojunsong/Desktop/SpillSinkSimulator/project/renders/grid/G_d50_p13_t04__hemi_view_th+40.0.png
G_d50_p13_t04,hemi_view,50.0,0.004309003180765516,0.00021545009803958237,0.049999985843896866,0.0011972914217039943,0.001308838720433414,0.005,0.3,50.0,13.0,0.4,0.03076923076923077,7.40691212849523,6.0754062177786485,0.019384615384615386,/Users/hojunsong/Desktop/SpillSinkSimulator/project/renders/grid/G_d50_p13_t04__hemi_view_th+50.0.png
G_d50_p13_t04,hemi_view,60.0,0.006687701575560176,0.00033438490936532617,0.04999997466802597,0.001292878994718194,0.0014080909313634038,0.005,0.3,50.0,13.0,0.4,0.03076923076923077,7.40691212849523,6.0754062177786485,0.019384615384615386,/Users/hojunsong/Desktop/SpillSinkSimulator/project/renders/grid/G_d50_p13_t04__hemi_view_th+60.0.png
G_d50_p13_t04,hemi_view,70.0,0.014825678144637875,0.0007412836421281099,0.04999998211860657,0.00172155792824924,0.0019387947395443916,0.005,0.3,50.0,13.0,0.4,0.03076923076923077,7.40691212849523,6.0754062177786485,0.019384615384615386,/Users/hojunsong/Desktop/SpillSinkSimulator/project/renders/grid/G_d50_p13_t04__hemi_view_th+70.0.png
G_d50_p13_t04,hemi_view,80.0,0.05139184790828631,0.002569591859355569,0.049999989569187164,0.003516816534101963,0.003699491498991847,0.005,0.3,50.0,13.0,0.4,0.03076923076923077,7.40691212849523,6.0754062177786485,0.019384615384615386,/Users/hojunsong/Desktop/SpillSinkSimulator/project/renders/grid/G_d50_p13_t04__hemi_view_th+80.0.png
G_d50_p13_t08,hemi_view,-80.0,0.05296614194700103,0.002648306544870138,0.049999989569187164,0.003476587822660804,0.003646040102466941,0.005,0.3,50.0,13.0,0.8,0.06153846153846154,7.40691212849523,6.0754062177786485,0.03876923076923077,/Users/hojunsong/Desktop/SpillSinkSimulator/project/renders/grid/G_d50_p13_t08__hemi_view_th-80.0.png
G_d50_p13_t08,hemi_view,-70.0,0.01813149611697952,0.0009065744816325605,0.04999998211860657,0.002439223462715745,0.0026670750230550766,0.005,0.3,50.0,13.0,0.8,0.06153846153846154,7.40691212849523,6.0754062177786485,0.03876923076923077,/Users/hojunsong/Desktop/SpillSinkSimulator/project/renders/grid/G_d50_p13_t08__hemi_view_th-70.0.png
G_d50_p13_t08,hemi_view,-60.0,0.009806912005841854,0.0004903453518636525,0.04999997466802597,0.002197187626734376,0.0023174514062702656,0.005,0.3,50.0,13.0,0.8,0.06153846153846154,7.40691212849523,6.0754062177786485,0.03876923076923077,/Users/hojunsong/Desktop/SpillSinkSimulator/project/renders/grid/G_d50_p13_t08__hemi_view_th-60.0.png
G_d50_p13_t08,hemi_view,-50.0,0.007097657916776842,0.0003548827953636646,0.049999985843896866,0.0022313056979328394,0.0023395961616188288,0.005,0.3,50.0,13.0,0.8,0.06153846153846154,7.40691212849523,6.0754062177786485,0.03876923076923077,/Users/hojunsong/Desktop/SpillSinkSimulator/project/renders/grid/G_d50_p13_t08__hemi_view_th-50.0.png
G_d50_p13_t08,hemi_view,-40.0,0.005865923364194643,0.0002932960633188486,0.04999998211860657,0.0022640626411885023,0.002417368348687887,0.005,0.3,50.0,13.0,0.8,0.06153846153846154,7.40691212849523,6.0754062177786485,0.03876923076923077,/Users/hojunsong/Desktop/SpillSinkSimulator/project/renders/grid/G_d50_p13_t08__hemi_view_th-40.0.png
G_d50_p13_t08,hemi_view,-30.0,0.0052329301515694395,0.00026164643350057304,0.049999985843896866,0.00234030419960618,0.0024452339857816696,0.005,0.3,50.0,13.0,0.8,0.06153846153846154,7.40691212849523,6.0754062177786485,0.03876923076923077,/Users/hojunsong/Desktop/SpillSinkSimulator/project/renders/grid/G_d50_p13_t08__hemi_view_th-30.0.png
G_d50_p13_t08,hemi_view,-20.0,0.004797764092070433,0.00023988811881281435,0.04999998211860657,0.0023545040749013424,0.002478797687217593,0.005,0.3,50.0,13.0,0.8,0.06153846153846154,7.40691212849523,6.0754062177786485,0.03876923076923077,/Users/hojunsong/Desktop/SpillSinkSimulator/project/renders/grid/G_d50_p13_t08__hemi_view_th-20.0.png
G_d50_p13_t08,hemi_view,-10.0,0.004606338287555581,0.00023031681485008448,0.04999997839331627,0.002368456218391657,0.0024977698922157288,0.005,0.3,50.0,13.0,0.8,0.06153846153846154,7.40691212849523,6.0754062177786485,0.03876923076923077,/Users/hojunsong/Desktop/SpillSinkSimulator/project/renders/grid/G_d50_p13_t08__hemi_view_th-10.0.png
G_d50_p13_t08,hemi_view,0.0,0.005281026196103687,0.0002640511956997216,0.04999997839331627,0.0023915001656860113,0.002573583275079727,0.005,0.3,50.0,13.0,0.8,0.06153846153846154,7.40691212849523,6.0754062177786485,0.03876923076923077,/Users/hojunsong/Desktop/SpillSinkSimulator/project/renders/grid/G_d50_p13_t08__hemi_view_th+00.0.png
G_d50_p13_t08,hemi_view,10.0,0.004616224571995625,0.00023081112885847688,0.04999997839331627,0.0023493091575801373,0.0025362554006278515,0.005,0.3,50.0,13.0,0.8,0.06153846153846154,7.40691212849523,6.0754062177786485,0.03876923076923077,/Users/hojunsong/Desktop/SpillSinkSimulator/project/renders/grid/G_d50_p13_t08__hemi_view_th+10.0.png
G_d50_p13_t08,hemi_view,20.0,0.00478856262174253,0.0002394280454609543,0.04999998211860657,0.002303419169038534,0.0024716253392398357,0.005,0.3,50.0,13.0,0.8,0.06153846153846154,7.40691212849523,6.0754062177786485,0.03876923076923077,/Users/hojunsong/Desktop/SpillSinkSimulator/project/renders/grid/G_d50_p13_t08__hemi_view_th+20.0.png
G_d50_p13_t08,hemi_view,30.0,0.005231208368472144,0.000261560344370082,0.049999985843896866,0.0023034147452563047,0.0024847760796546936,0.005,0.3,50.0,13.0,0.8,0.06153846153846154,7.40691212849523,6.0754062177786485,0.03876923076923077,/Users/hojunsong/Desktop/SpillSinkSimulator/project/renders/grid/G_d50_p13_t08__hemi_view_th+30.0.png
G_d50_p13_t08,hemi_view,40.0,0.005846519833489895,0.0002923258871305734,0.04999998211860657,0.002250585239380598,0.0024048583582043648,0.005,0.3,50.0,13.0,0.8,0.06153846153846154,7.40691212849523,6.0754062177786485,0.03876923076923077,/Users/hojunsong/Desktop/SpillSinkSimulator/project/renders/grid/G_d50_p13_t08__hemi_view_th+40.0.png
G_d50_p13_t08,hemi_view,50.0,0.007127950356245887,0.00035639741690829396,0.049999985843896866,0.0022047576494514942,0.0023404033854603767,0.005,0.3,50.0,13.0,0.8,0.06153846153846154,7.40691212849523,6.0754062177786485,0.03876923076923077,/Users/hojunsong/Desktop/SpillSinkSimulator/project/renders/grid/G_d50_p13_t08__hemi_view_th+50.0.png
G_d50_p13_t08,hemi_view,60.0,0.010040897608034591,0.0005020446260459721,0.04999997466802597,0.002196491463109851,0.0023407810367643833,0.005,0.3,50.0,13.0,0.8,0.06153846153846154,7.40691212849523,6.0754062177786485,0.03876923076923077,/Users/hojunsong/Desktop/SpillSinkSimulator/project/renders/grid/G_d50_p13_t08__hemi_view_th+60.0.png
G_d50_p13_t08,hemi_view,70.0,0.018387393384016175,0.0009193693404085934,0.04999998211860657,0.002303916262462735,0.0024704979732632637,0.005,0.3,50.0,13.0,0.8,0.06153846153846154,7.40691212849523,6.0754062177786485,0.03876923076923077,/Users/hojunsong/Desktop/SpillSinkSimulator/project/renders/grid/G_d50_p13_t08__hemi_view_th+70.0.png
G_d50_p13_t08,hemi_view,80.0,0.053205869084330906,0.002660292899236083,0.049999989569187164,0.003593074856325984,0.0037945518270134926,0.005,0.3,50.0,13.0,0.8,0.06153846153846154,7.40691212849523,6.0754062177786485,0.03876923076923077,/Users/hojunsong/Desktop/SpillSinkSimulator/project/renders/grid/G_d50_p13_t08__hemi_view_th+80.0.png
G_d50_p13_t16,hemi_view,-80.0,0.05799048393021189,0.0028995235916227102,0.049999989569187164,0.0038618072867393494,0.003973834216594696,0.005,0.3,50.0,13.0,1.6,0.12307692307692308,7.40691212849523,6.0754062177786485,0.07753846153846154,/Users/hojunsong/Desktop/SpillSinkSimulator/project/renders/grid/G_d50_p13_t16__hemi_view_th-80.0.png
G_d50_p13_t16,hemi_view,-70.0,0.02544845666010618,0.0012724223779514432,0.04999998211860657,0.003575155045837164,0.0036887910682708025,0.005,0.3,50.0,13.0,1.6,0.12307692307692308,7.40691212849523,6.0754062177786485,0.07753846153846154,/Users/hojunsong/Desktop/SpillSinkSimulator/project/renders/grid/G_d50_p13_t16__hemi_view_th-70.0.png
G_d50_p13_t16,hemi_view,-60.0,0.01629818590936543,0.0008149088826030493,0.04999997466802597,0.003601892851293087,0.003752625547349453,0.005,0.3,50.0,13.0,1.6,0.12307692307692308,7.40691212849523,6.0754062177786485,0.07753846153846154,/Users/hojunsong/Desktop/SpillSinkSimulator/project/renders/grid/G_d50_p13_t16__hemi_view_th-60.0.png
G_d50_p13_t16,hemi_view,-50.0,0.012631075307584269,0.0006315535865724087,0.049999985843896866,0.0037328742910176516,0.0038673912640661,0.005,0.3,50.0,13.0,1.6,0.12307692307692308,7.40691212849523,6.0754062177786485,0.07753846153846154,/Users/hojunsong/Desktop/SpillSinkSimulator/project/renders/grid/G_d50_p13_t16__hemi_view_th-50.0.png
G_d50_p13_t16,hemi_view,-40.0,0.010782310637093414,0.0005391153390519321,0.04999998211860657,0.0038245138712227345,0.003955942578613758,0.005,0.3,50.0,13.0,1.6,0.12307692307692308,7.40691212849523,6.0754062177786485,0.07753846153846154,/Users/hojunsong/Desktop/SpillSinkSimulator/project/renders/grid/G_d50_p13_t16__hemi_view_th-40.0.png
G_d50_p13_t16,hemi_view,-30.0,0.00980815662227535,0.0004904076922684908,0.049999985843896866,0.003899630159139633,0.004069754388183355,0.005,0.3,50.0,13.0,1.6,0.12307692307692308,7.40691212849523,6.0754062177786485,0.07753846153846154,/Users/hojunsong/Desktop/SpillSinkSimulator/project/renders/grid/G_d50_p13_t16__hemi_view_th-30.0.png
G_d50_p13_t16,hemi_view,-20.0,0.009076488539922609,0.0004538242646958679,0.04999998211860657,0.003916312009096146,0.00408546905964613,0.005,0.3,50.0,13.0,1.6,0.12307692307692308,7.40691212849523,6.0754062177786485,0.07753846153846154,/Users/hojunsong/Desktop/SpillSinkSimulator/project/renders/grid/G_d50_p13_t16__hemi_view_th-20.0.png
G_d50_p13_t16,hemi_view,-10.0,0.00878857770273467,0.0004394286952447146,0.04999997839331627,0.003940952476114035,0.004093837924301624,0.005,0.3,50.0,13.0,1.6,0.12307692307692308,7.40691212849523,6.0754062177786485,0.07753846153846154,/Users/hojunsong/Desktop/SpillSinkSimulator/project/renders/grid/G_d50_p13_t16__hemi_view_th-10.0.png
G_d50_p13_t16,hemi_view,0.0,0.009854499550990567,0.0004927247646264732,0.04999997839331627,0.00394153967499733,0.004108584485948086,0.005,0.3,50.0,13.0,1.6,0.12307692307692308,7.40691212849523,6.0754062177786485,0.07753846153846154,/Users/hojunsong/Desktop/SpillSinkSimulator/project/renders/grid/G_d50_p13_t16__hemi_view_th+00.0.png
G_d50_p13_t16,hemi_view,10.0,0.008792647584144473,0.0004396321892272681,0.04999997839331627,0.0038653481751680374,0.004097158554941416,0.005,0.3,50.0,13.0,1.6,0.12307692307692308,7.40691212849523,6.0754062177786485,0.07753846153846154,/Users/hojunsong/Desktop/SpillSinkSimulator/project/renders/grid/G_d50_p13_t16__hemi_view_th+10.0.png
G_d50_p13_t16,hemi_view,20.0,0.009086155089627537,0.00045430759200826287,0.04999998211860657,0.0038646322209388018,0.0040316046215593815,0.005,0.3,50.0,13.0,1.6,0.12307692307692308,7.40691212849523,6.0754062177786485,0.07753846153846154,/Users/hojunsong/Desktop/SpillSinkSimulator/project/renders/grid/G_d50_p13_t16__hemi_view_th+20.0.png
G_d50_p13_t16,hemi_view,30.0,0.009814294039779703,0.0004907145630568266,0.049999985843896866,0.0038900033105164766,0.004043652676045895,0.005,0.3,50.0,13.0,1.6,0.12307692307692308,7.40691212849523,6.0754062177786485,0.07753846153846154,/Users/hojunsong/Desktop/SpillSinkSimulator/project/renders/grid/G_d50_p13_t16__hemi_view_th+30.0.png
G_d50_p13_t16,hemi_view,40.0,0.010823032731231832,0.0005411514430306852,0.04999998211860657,0.003793576033785939,0.003954993095248938,0.005,0.3,50.0,13.0,1.6,0.12307692307692308,7.40691212849523,6.0754062177786485,0.07753846153846154,/Users/hojunsong/Desktop/SpillSinkSimulator/project/renders/grid/G_d50_p13_t16__hemi_view_th+40.0.png
G_d50_p13_t16,hemi_view,50.0,0.012823222343120345,0.0006411609356291592,0.049999985843896866,0.0037447880022227764,0.0038729263469576836,0.005,0.3,50.0,13.0,1.6,0.12307692307692308,7.40691212849523,6.0754062177786485,0.07753846153846154,/Users/hojunsong/Desktop/SpillSinkSimulator/project/renders/grid/G_d50_p13_t16__hemi_view_th+50.0.png
G_d50_p13_t16,hemi_view,60.0,0.01682767682173866,0.0008413834148086607,0.04999997466802597,0.0036287212278693914,0.00376747059635818,0.005,0.3,50.0,13.0,1.6,0.12307692307692308,7.40691212849523,6.0754062177786485,0.07753846153846154,/Users/hojunsong/Desktop/SpillSinkSimulator/project/renders/grid/G_d50_p13_t16__hemi_view_th+60.0.png
G_d50_p13_t16,hemi_view,70.0,0.026102631840305986,0.0013051311252638698,0.04999998211860657,0.0035170260816812515,0.003668093355372548,0.005,0.3,50.0,13.0,1.6,0.12307692307692308,7.40691212849523,6.0754062177786485,0.07753846153846154,/Users/hojunsong/Desktop/SpillSinkSimulator/project/renders/grid/G_d50_p13_t16__hemi_view_th+70.0.png
G_d50_p13_t16,hemi_view,80.0,0.05851281164853816,0.002925639972090721,0.049999989569187164,0.003926947712898254,0.004101479891687632,0.005,0.3,50.0,13.0,1.6,0.12307692307692308,7.40691212849523,6.0754062177786485,0.07753846153846154,/Users/hojunsong/Desktop/SpillSinkSimulator/project/renders/grid/G_d50_p13_t16__hemi_view_th+80.0.png
G_d50_p20_t04,hemi_view,-80.0,0.07816394558988866,0.003908196464180946,0.049999989569187164,0.0044789863750338554,0.0045431675389409065,0.005,0.3,50.0,20.0,0.4,0.02,11.309932474020215,3.9788035961636785,0.0126,/Users/hojunsong/Desktop/SpillSinkSimulator/project/renders/grid/G_d50_p20_t04__hemi_view_th-80.0.png
G_d50_p20_t04,hemi_view,-70.0,0.029666802279699665,0.0014833395835012197,0.04999998211860657,0.0034654417540878057,0.0036556432023644447,0.005,0.3,50.0,20.0,0.4,0.02,11.309932474020215,3.9788035961636785,0.0126,/Users/hojunsong/Desktop/SpillSinkSimulator/project/renders/grid/G_d50_p20_t04__hemi_view_th-70.0.png
G_d50_p20_t04,hemi_view,-60.0,0.009112630465320286,0.00045563129242509604,0.04999997466802597,0.0017352927243337035,0.002049696631729603,0.005,0.3,50.0,20.0,0.4,0.02,11.309932474020215,3.9788035961636785,0.0126,/Users/hojunsong/Desktop/SpillSinkSimulator/project/renders/grid/G_d50_p20_t04__hemi_view_th-60.0.png
G_d50_p20_t04,hemi_view,-50.0,0.00434998720641817,0.000217499298742041,0.049999985843896866,0.0012947642244398594,0.001446507521905005,0.005,0.3,50.0,20.0,0.4,0.02,11.309932474020215,3.9788035961636785,0.0126,/Users/hojunsong/Desktop/SpillSinkSimulator/project/renders/grid/G_d50_p20_t04__hemi_view_th-50.0.png
G_d50_p20_t04,hemi_view,-40.0,0.0029018464747900576,0.00014509227185044438,0.04999998211860657,0.0012052025413140655,0.0013406132347881794,0.005,0.3,50.0,20.0,0.4,0.02,11.309932474020215,3.9788035961636785,0.0126,/Users/hojunsong/Desktop/SpillSinkSimulator/project/renders/grid/G_d50_p20_t04__hemi_view_th-40.0.png
G_d50_p20_t04,hemi_view,-30.0,0.002308863112138944,0.00011544312292244285,0.049999985843896866,0.0012490703957155347,0.0013658705865964293,0.005,0.3,50.0,20.0,0.4,0.02,11.309932474020215,3.9788035961636785,0.0126,/Users/hojunsong/Desktop/SpillSinkSimulator/project/renders/grid/G_d50_p20_t04__hemi_view_th-30.0.png
G_d50_p20_t04,hemi_view,-20.0,0.002011031456977203,0.00010055153688881546,0.04999998211860657,0.0012581567279994488,0.0013797208666801453,0.005,0.3,50.0,20.0,0.4,0.02,11.309932474020215,3.9788035961636785,0.0126,/Users/hojunsong/Desktop/SpillSinkSimulator/project/renders/grid/G_d50_p20_t04__hemi_view_th-20.0.png
G_d50_p20_t04,hemi_view,-10.0,0.002213907802713309,0.00011069534230045974,0.04999997839331627,0.00131409359164536,0.001470245886594057,0.005,0.3,50.0,20.0,0.4,0.02,11.309932474020215,3.9788035961636785,0.0126,/Users/hojunsong/Desktop/SpillSinkSimulator/project/renders/grid/G_d50_p20_t04__hemi_view_th-10.0.png
G_d50_p20_t04,hemi_view,0.0,0.002331279090571681,0.00011656390415737405,0.04999997839331627,0.0012232186272740364,0.0013783372705802321,0.005,0.3,50.0,20.0,0.4,0.02,11.309932474020215,3.9788035961636785,0.0126,/Users/hojunsong/Desktop/SpillSinkSimulator/project/renders/grid/G_d50_p20_t04__hemi_view_th+00.0.png
G_d50_p20_t04,hemi_view,10.0,0.0022260854327153796,0.00011130422353744507,0.04999997839331627,0.0013138061622157693,0.0014549236511811614,0.005,0.3,50.0,20.0,0.4,0.02,11.309932474020215,3.9788035961636785,0.0126,/Users/hojunsong/Desktop/SpillSinkSimulator/project/renders/grid/G_d50_p20_t04__hemi_view_th+10.0.png
G_d50_p20_t04,hemi_view,20.0,0.0019923098292639243,9.961545583792031e-05,0.04999998211860657,0.0012358862441033125,0.001379473484121263,0.005,0.3,50.0,20.0,0.4,0.02,11.309932474020215,3.9788035961636785,0.0126,/Users/hojunsong/Desktop/SpillSinkSimulator/project/renders/grid/G_d50_p20_t04__hemi_view_th+20.0.png
G_d50_p20_t04,hemi_view,30.0,0.0022873657072048402,0.00011436825298005715,0.049999985843896866,0.0011844843393191695,0.0013272067299112678,0.005,0.3,50.0,20.0,0.4,0.02,11.309932474020215,3.9788035961636785,0.0126,/Users/hojunsong/Desktop/SpillSinkSimulator/project/renders/grid/G_d50_p20_t04__hemi_view_th+30.0.png
G_d50_p20_t04,hemi_view,40.0,0.002863298437564261,0.0001431648706784472,0.04999998211860657,0.0012151803821325302,0.0013404482742771506,0.005,0.3,50.0,20.0,0.4,0.02,11.309932474020215,3.9788035961636785,0.0126,/Users/hojunsong/Desktop/SpillSinkSimulator/project/renders/grid/G_d50_p20_t04__hemi_view_th+40.0.png
G_d50_p20_t04,hemi_view,50.0,0.004278049502081283,0.0002139024145435542,0.049999985843896866,0.0012380325933918357,0.0014862790703773499,0.005,0.3,50.0,20.0,0.4,0.02,11.309932474020215,3.9788035961636785,0.0126,/Users/hojunsong/Desktop/SpillSinkSimulator/project/renders/grid/G_d50_p20_t04__hemi_view_th+50.0.png
G_d50_p20_t04,hemi_view,60.0,0.008868421846461933,0.0004434208676684648,0.04999997466802597,0.001661085756495595,0.001959479646757245,0.005,0.3,50.0,20.0,0.4,0.02,11.309932474020215,3.9788035961636785,0.0126,/Users/hojunsong/Desktop/SpillSinkSimulator/project/renders/grid/G_d50_p20_t04__hemi_view_th+60.0.png
G_d50_p20_t04,hemi_view,70.0,0.028852802775312464,0.001442639622837305,0.04999998211860657,0.003303362289443612,0.0034250635653734207,0.005,0.3,50.0,20.0,0.4,0.02,11.309932474020215,3.9788035961636785,0.0126,/Users/hojunsong/Desktop/SpillSinkSimulator/project/renders/grid/G_d50_p20_t04__hemi_view_th+70.0.png
G_d50_p20_t04,hemi_view,80.0,0.07835055473309407,0.0039175269193947315,0.049999989569187164,0.004488760605454445,0.004563850350677967,0.005,0.3,50.0,20.0,0.4,0.02,11.309932474020215,3.9788035961636785,0.0126,/Users/hojunsong/Desktop/SpillSinkSimulator/project/renders/grid/G_d50_p20_t04__hemi_view_th+80.0.png
G_d50_p20_t08,hemi_view,-80.0,0.07788649522380431,0.0038943239487707615,0.049999989569187164,0.004458812065422535,0.004531220067292452,0.005,0.3,50.0,20.0,0.8,0.04,11.309932474020215,3.9788035961636785,0.0252,/Users/hojunsong/Desktop/SpillSinkSimulator/project/renders/grid/G_d50_p20_t08__hemi_view_th-80.0.png
G_d50_p20_t08,hemi_view,-70.0,0.03047181218972046,0.0015235900646075606,0.04999998211860657,0.0034906785003840923,0.0037165849935263395,0.005,0.3,50.0,20.0,0.8,0.04,11.309932474020215,3.9788035961636785,0.0252,/Users/hojunsong/Desktop/SpillSinkSimulator/project/renders/grid/G_d50_p20_t08__hemi_view_th-70.0.png
G_d50_p20_t08,hemi_view,-60.0,0.010902539064158919,0.0005451266770251095,0.04999997466802597,0.0024112211540341377,0.002671546069905162,0.005,0.3,50.0,20.0,0.8,0.04,11.309932474020215,3.9788035961636785,0.0252,/Users/hojunsong/Desktop/SpillSinkSimulator/project/renders/grid/G_d50_p20_t08__hemi_view_th-60.0.png
G_d50_p20_t08,hemi_view,-50.0,0.006136180009132924,0.00030680891359224916,0.049999985843896866,0.002262876369059086,0.0023948801681399345,0.005,0.3,50.0,20.0,0.8,0.04,11.309932474020215,3.9788035961636785,0.0252,/Users/hojunsong/Desktop/SpillSinkSimulator/project/renders/grid/G_d50_p20_t08__hemi_view_th-50.0.png
G_d50_p20_t08,hemi_view,-40.0,0.004556574742053357,0.00022782865562476218,0.04999998211860657,0.0022456031292676926,0.0024065696634352207,0.005,0.3,50.0,20.0,0.8,0.04,11.309932474020215,3.9788035961636785,0.0252,/Users/hojunsong/Desktop/SpillSinkSimulator/project/renders/grid/G_d50_p20_t08__hemi_view_th-40.0.png
G_d50_p20_t08,hemi_view,-30.0,0.0038443647615489436,0.00019221818365622312,0.049999985843896866,0.002302879700437188,0.002459747949615121,0.005,0.3,50.0,20.0,0.8,0.04,11.309932474020215,3.9788035961636785,0.0252,/Users/hojunsong/Desktop/SpillSinkSimulator/project/renders/grid/G_d50_p20_t08__hemi_view_th-30.0.png
G_d50_p20_t08,hemi_view,-20.0,0.003456327612260173,0.0001728163188090548,0.04999998211860657,0.0023432248272001743,0.0024971673265099525,0.005,0.3,50.0,20.0,0.8,0.04,11.309932474020215,3.9788035961636785,0.0252,/Users/hojunsong/Desktop/SpillSinkSimulator/project/renders/grid/G_d50_p20_t08__hemi_view_th-20.0.png
G_d50_p20_t08,hemi_view,-10.0,0.0038244981780342336,0.0001912248262669891,0.04999997839331627,0.002368202665820718,0.0025878045707941055,0.005,0.3,50.0,20.0,0.8,0.04,11.309932474020215,3.9788035961636785,0.0252,/Users/hojunsong/Desktop/SpillSinkSimulator/project/renders/grid/G_d50_p20_t08__hemi_view_th-10.0.png
G_d50_p20_t08,hemi_view,0.0,0.003958119160092706,0.00019790587248280644,0.04999997839331627,0.002264593495056033,0.002458906266838312,0.005,0.3,50.0,20.0,0.8,0.04,11.309932474020215,3.9788035961636785,0.0252,/Users/hojunsong/Desktop/SpillSinkSimulator/project/renders/grid/G_d50_p20_t08__hemi_view_th+00.0.png
G_d50_p20_t08,hemi_view,10.0,0.003839890327499352,0.00019199443340767175,0.04999997839331627,0.0023957767989486456,0.0025900055188685656,0.005,0.3,50.0,20.0,0.8,0.04,11.309932474020215,3.9788035961636785,0.0252,/Users/hojunsong/Desktop/SpillSinkSimulator/project/renders/grid/G_d50_p20_t08__hemi_view_th+10.0.png
G_d50_p20_t08,hemi_view,20.0,0.0034281760490682003,0.00017140874115284532,0.04999998211860657,0.002304242691025138,0.002522320719435811,0.005,0.3,50.0,20.0,0.8,0.04,11.309932474020215,3.9788035961636785,0.0252,/Users/hojunsong/Desktop/SpillSinkSimulator/project/renders/grid/G_d50_p20_t08__hemi_view_th+20.0.png
G_d50_p20_t08,hemi_view,30.0,0.003819161710352786,0.00019095803145319223,0.049999985843896866,0.0021951242815703154,0.002354631433263421,0.005,0.3,50.0,20.0,0.8,0.04,11.309932474020215,3.9788035961636785,0.0252,/Users/hojunsong/Desktop/SpillSinkSimulator/project/renders/grid/G_d50_p20_t08__hemi_view_th+30.0.png
G_d50_p20_t08,hemi_view,40.0,0.004493353050618965,0.0002246675721835345,0.04999998211860657,0.0022242795675992966,0.0024193183053284883,0.005,0.3,50.0,20.0,0.8,0.04,11.309932474020215,3.9788035961636785,0.0252,/Users/hojunsong/Desktop/SpillSinkSimulator/project/renders/grid/G_d50_p20_t08__hemi_view_th+40.0.png
G_d50_p20_t08,hemi_view,50.0,0.006075081738480225,0.00030375400092452765,0.049999985843896866,0.002224263735115528,0.0024162600748240948,0.005,0.3,50.0,20.0,0.8,0.04,11.309932474020215,3.9788035961636785,0.0252,/Users/hojunsong/Desktop/SpillSinkSimulator/project/renders/grid/G_d50_p20_t08__hemi_view_th+50.0.png
G_d50_p20_t08,hemi_view,60.0,0.010685182234960735,0.0005342588410712779,0.04999997466802597,0.0023333493154495955,0.0025876180734485388,0.005,0.3,50.0,20.0,0.8,0.04,11.309932474020215,3.9788035961636785,0.0252,/Users/hojunsong/Desktop/SpillSinkSimulator/project/renders/grid/G_d50_p20_t08__hemi_view_th+60.0.png
G_d50_p20_t08,hemi_view,70.0,0.029688774515399162,0.0014844381948933005,0.04999998211860657,0.0033383299596607685,0.003515159711241722,0.005,0.3,50.0,20.0,0.8,0.04,11.309932474020215,3.9788035961636785,0.0252,/Users/hojunsong/Desktop/SpillSinkSimulator/project/renders/grid/G_d50_p20_t08__hemi_view_th+70.0.png
G_d50_p20_t08,hemi_view,80.0,0.07808093213488236,0.003904045792296529,0.049999989569187164,0.004446398466825485,0.004542902112007141,0.005,0.3,50.0,20.0,0.8,0.04,11.309932474020215,3.9788035961636785,0.0252,/Users/hojunsong/Desktop/SpillSinkSimulator/project/renders/grid/G_d50_p20_t08__hemi_view_th+80.0.png
G_d50_p20_t16,hemi_view,-80.0,0.07739686624789428,0.003869842505082488,0.049999989569187164,0.004436909221112728,0.004557434003800154,0.005,0.3,50.0,20.0,1.6,0.08,11.309932474020215,3.9788035961636785,0.0504,/Users/hojunsong/Desktop/SpillSinkSimulator/project/renders/grid/G_d50_p20_t16__hemi_view_th-80.0.png
G_d50_p20_t16,hemi_view,-70.0,0.03237860736752416,0.0016189297894015908,0.04999998211860657,0.0038006980903446674,0.004018210805952549,0.005,0.3,50.0,20.0,1.6,0.08,11.309932474020215,3.9788035961636785,0.0504,/Users/hojunsong/Desktop/SpillSinkSimulator/project/renders/grid/G_d50_p20_t16__hemi_view_th-70.0.png
G_d50_p20_t16,hemi_view,-60.0,0.014596356023491991,0.0007298174314200878,0.04999997466802597,0.00371343526057899,0.0038492863532155752,0.005,0.3,50.0,20.0,1.6,0.08,11.309932474020215,3.9788035961636785,0.0504,/Users/hojunsong/Desktop/SpillSinkSimulator/project/renders/grid/G_d50_p20_t16__hemi_view_th-60.0.png
G_d50_p20_t16,hemi_view,-50.0,0.009706431139032419,0.00048532141954638064,0.049999985843896866,0.0036762161180377007,0.0038149983156472445,0.005,0.3,50.0,20.0,1.6,0.08,11.309932474020215,3.9788035961636785,0.0504,/Users/hojunsong/Desktop/SpillSinkSimulator/project/renders/grid/G_d50_p20_t16__hemi_view_th-50.0.png
G_d50_p20_t16,hemi_view,-40.0,0.007809824192870865,0.0003904910699930042,0.04999998211860657,0.003837549826130271,0.003978942520916462,0.005,0.3,50.0,20.0,1.6,0.08,11.309932474020215,3.9788035961636785,0.0504,/Users/hojunsong/Desktop/SpillSinkSimulator/project/renders/grid/G_d50_p20_t16__hemi_view_th-40.0.png
G_d50_p20_t16,hemi_view,-30.0,0.006904519604494758,0.0003452258824836463,0.049999985843896866,0.003852655179798603,0.00399320712313056,0.005,0.3,50.0,20.0,1.6,0.08,11.309932474020215,3.9788035961636785,0.0504,/Users/hojunsong/Desktop/SpillSinkSimulator/project/renders/grid/G_d50_p20_t16__hemi_view_th-30.0.png
G_d50_p20_t16,hemi_view,-20.0,0.006303813933082438,0.0003151905839331448,0.04999998211860657,0.00394095666706562,0.004085916094481945,0.005,0.3,50.0,20.0,1.6,0.08,11.309932474020215,3.9788035961636785,0.0504,/Users/hojunsong/Desktop/SpillSinkSimulator/project/renders/grid/G_d50_p20_t16__hemi_view_th-20.0.png
G_d50_p20_t16,hemi_view,-10.0,0.006950463377884596,0.0003475230187177658,0.04999997839331627,0.00391545332968235,0.004099125508219004,0.005,0.3,50.0,20.0,1.6,0.08,11.309932474020215,3.9788035961636785,0.0504,/Users/hojunsong/Desktop/SpillSinkSimulator/project/renders/grid/G_d50_p20_t16__hemi_view_th-10.0.png
G_d50_p20_t16,hemi_view,0.0,0.007189024668845764,0.00035945107811130583,0.04999997839331627,0.0037996976170688868,0.003982373047620058,0.005,0.3,50.0,20.0,1.6,0.08,11.309932474020215,3.9788035961636785,0.0504,/Users/hojunsong/Desktop/SpillSinkSimulator/project/renders/grid/G_d50_p20_t16__hemi_view_th+00.0.png
G_d50_p20_t16,hemi_view,10.0,0.006975153914160483,0.00034875754499807954,0.04999997839331627,0.003944174386560917,0.004110130947083235,0.005,0.3,50.0,20.0,1.6,0.08,11.309932474020215,3.9788035961636785,0.0504,/Users/hojunsong/Desktop/SpillSinkSimulator/project/renders/grid/G_d50_p20_t16__hemi_view_th+10.0.png
G_d50_p20_t16,hemi_view,20.0,0.006306033974063626,0.0003153015859425068,0.04999998211860657,0.003813333809375763,0.004033171571791172,0.005,0.3,50.0,20.0,1.6,0.08,11.309932474020215,3.9788035961636785,0.0504,/Users/hojunsong/Desktop/SpillSinkSimulator/project/renders/grid/G_d50_p20_t16__hemi_view_th+20.0.png
G_d50_p20_t16,hemi_view,30.0,0.006892120205056427,0.00034460591268725693,0.049999985843896866,0.003829516004770994,0.004020075313746929,0.005,0.3,50.0,20.0,1.6,0.08,11.309932474020215,3.9788035961636785,0.0504,/Users/hojunsong/Desktop/SpillSinkSimulator/project/renders/grid/G_d50_p20_t16__hemi_view_th+30.0.png
G_d50_p20_t16,hemi_view,40.0,0.007788264649634832,0.00038941309321671724,0.04999998211860657,0.0037203379906713963,0.003900289535522461,0.005,0.3,50.0,20.0,1.6,0.08,11.309932474020215,3.9788035961636785,0.0504,/Users/hojunsong/Desktop/SpillSinkSimulator/project/renders/grid/G_d50_p20_t16__hemi_view_th+40.0.png
G_d50_p20_t16,hemi_view,50.0,0.009660849871019237,0.00048304235679097474,0.049999985843896866,0.00374535727314651,0.003899396164342761,0.005,0.3,50.0,20.0,1.6,0.08,11.309932474020215,3.9788035961636785,0.0504,/Users/hojunsong/Desktop/SpillSinkSimulator/project/renders/grid/G_d50_p20_t16__hemi_view_th+50.0.png
G_d50_p20_t16,hemi_view,60.0,0.0144248400787944,0.0007212416385300457,0.04999997466802597,0.003693732898682356,0.0038310913369059563,0.005,0.3,50.0,20.0,1.6,0.08,11.309932474020215,3.9788035961636785,0.0504,/Users/hojunsong/Desktop/SpillSinkSimulator/project/renders/grid/G_d50_p20_t16__hemi_view_th+60.0.png
G_d50_p20_t16,hemi_view,70.0,0.03172379888774713,0.0015861893771216273,0.04999998211860657,0.0037840940058231354,0.003980022855103016,0.005,0.3,50.0,20.0,1.6,0.08,11.309932474020215,3.9788035961636785,0.0504,/Users/hojunsong/Desktop/SpillSinkSimulator/project/renders/grid/G_d50_p20_t16__hemi_view_th+70.0.png
G_d50_p20_t16,hemi_view,80.0,0.07761340810489227,0.0038806695956736803,0.049999989569187164,0.004387053661048412,0.00448215939104557,0.005,0.3,50.0,20.0,1.6,0.08,11.309932474020215,3.9788035961636785,0.0504,/Users/hojunsong/Desktop/SpillSinkSimulator/project/renders/grid/G_d50_p20_t16__hemi_view_th+80.0.png
G_d50_p30_t04,hemi_view,-80.0,0.09089961681655996,0.004544979892671108,0.049999989569187164,0.00480249896645546,0.004848153796046972,0.005,0.3,50.0,30.0,0.4,0.013333333333333334,16.69924423399362,2.6947327297840387,0.008400000000000001,/Users/hojunsong/Desktop/SpillSinkSimulator/project/renders/grid/G_d50_p30_t04__hemi_view_th-80.0.png
G_d50_p30_t04,hemi_view,-70.0,0.057389658910808175,0.0028694819193333387,0.04999998211860657,0.004592686891555786,0.0046605318784713745,0.005,0.3,50.0,30.0,0.4,0.013333333333333334,16.69924423399362,2.6947327297840387,0.008400000000000001,/Users/hojunsong/Desktop/SpillSinkSimulator/project/renders/grid/G_d50_p30_t04__hemi_view_th-70.0.png
G_d50_p30_t04,hemi_view,-60.0,0.02065803039629807,0.0010329009965062141,0.04999997466802597,0.0038053998723626137,0.003997001796960831,0.005,0.3,50.0,30.0,0.4,0.013333333333333334,16.69924423399362,2.6947327297840387,0.008400000000000001,/Users/hojunsong/Desktop/SpillSinkSimulator/project/renders/grid/G_d50_p30_t04__hemi_view_th-60.0.png
G_d50_p30_t04,hemi_view,-50.0,0.007000002896414027,0.0003500000457279384,0.049999985843896866,0.0018458630656823516,0.002351407427340746,0.005,0.3,50.0,30.0,0.4,0.013333333333333334,16.69924423399362,2.6947327297840387,0.008400000000000001,/Users/hojunsong/Desktop/SpillSinkSimulator/project/renders/grid/G_d50_p30_t04__hemi_view_th-50.0.png
G_d50_p30_t04,hemi_view,-40.0,0.0033106011885878223,0.00016553000023122877,0.04999998211860657,0.0012746637221425772,0.0014200120931491256,0.005,0.3,50.0,30.0,0.4,0.013333333333333334,16.69924423399362,2.6947327297840387,0.008400000000000001,/Users/hojunsong/Desktop/SpillSinkSimulator/project/renders/grid/G_d50_p30_t04__hemi_view_th-40.0.png
G_d50_p30_t04,hemi_view,-30.0,0.0021923643748543876,0.00010961818770738319,0.049999985843896866,0.0012541388859972358,0.0014462252147495747,0.005,0.3,50.0,30.0,0.4,0.013333333333333334,16.69924423399362,2.6947327297840387,0.008400000000000001,/Users/hojunsong/Desktop/SpillSinkSimulator/project/renders/grid/G_d50_p30_t04__hemi_view_th-30.0.png
G_d50_p30_t04,hemi_view,-20.0,0.00172047413481592,8.60236759763211e-05,0.04999998211860657,0.001173006952740252,0.0013940896606072783,0.005,0.3,50.0,30.0,0.4,0.013333333333333334,16.69924423399362,2.6947327297840387,0.008400000000000001,/Users/hojunsong/Desktop/SpillSinkSimulator/project/renders/grid/G_d50_p30_t04__hemi_view_th-20.0.png
G_d50_p30_t04,hemi_view,-10.0,0.002072135561817233,0.00010360673331888393,0.04999997839331627,0.0013371980749070644,0.0014902123948559165,0.005,0.3,50.0,30.0,0.4,0.013333333333333334,16.69924423399362,2.6947327297840387,0.008400000000000001,/Users/hojunsong/Desktop/SpillSinkSimulator/project/renders/grid/G_d50_p30_t04__hemi_view_th-10.0.png
G_d50_p30_t04,hemi_view,0.0,0.0020307161365656994,0.00010153576295124367,0.04999997839331627,0.0012626645620912313,0.0014384695095941424,0.005,0.3,50.0,30.0,0.4,0.013333333333333334,16.69924423399362,2.6947327297840387,0.008400000000000001,/Users/hojunsong/Desktop/SpillSinkSimulator/project/renders/grid/G_d50_p30_t04__hemi_view_th+00.0.png
G_d50_p30_t04,hemi_view,10.0,0.002071056682355982,0.00010355278936913237,0.04999997839331627,0.0013410423416644335,0.001459463150240481,0.005,0.3,50.0,30.0,0.4,0.013333333333333334,16.69924423399362,2.6947327297840387,0.008400000000000001,/Users/hojunsong/Desktop/SpillSinkSimulator/project/renders/grid/G_d50_p30_t04__hemi_view_th+10.0.png
G_d50_p30_t04,hemi_view,20.0,0.0017463414830575972,8.731704292586073e-05,0.04999998211860657,0.0012249548453837633,0.0013772598467767239,0.005,0.3,50.0,30.0,0.4,0.013333333333333334,16.69924423399362,2.6947327297840387,0.008400000000000001,/Users/hojunsong/Desktop/SpillSinkSimulator/project/renders/grid/G_d50_p30_t04__hemi_view_th+20.0.png
G_d50_p30_t04,hemi_view,30.0,0.0021943705024557495,0.00010971849405905232,0.049999985843896866,0.0011978027177974582,0.001379263587296009,0.005,0.3,50.0,30.0,0.4,0.013333333333333334,16.69924423399362,2.6947327297840387,0.008400000000000001,/Users/hojunsong/Desktop/SpillSinkSimulator/project/renders/grid/G_d50_p30_t04__hemi_view_th+30.0.png
G_d50_p30_t04,hemi_view,40.0,0.003428236294018791,0.0001714117533992976,0.04999998211860657,0.001321707502938807,0.0015494752442464232,0.005,0.3,50.0,30.0,0.4,0.013333333333333334,16.69924423399362,2.6947327297840387,0.008400000000000001,/Users/hojunsong/Desktop/SpillSinkSimulator/project/renders/grid/G_d50_p30_t04__hemi_view_th+40.0.png
G_d50_p30_t04,hemi_view,50.0,0.007369355056699307,0.00036846764851361513,0.049999985843896866,0.0020810342393815517,0.0022736494429409504,0.005,0.3,50.0,30.0,0.4,0.013333333333333334,16.69924423399362,2.6947327297840387,0.008400000000000001,/Users/hojunsong/Desktop/SpillSinkSimulator/project/renders/grid/G_d50_p30_t04__hemi_view_th+50.0.png
G_d50_p30_t04,hemi_view,60.0,0.021249269190805442,0.0010624629212543368,0.04999997466802597,0.0037737980019301176,0.003907460253685713,0.005,0.3,50.0,30.0,0.4,0.013333333333333334,16.69924423399362,2.6947327297840387,0.008400000000000001,/Users/hojunsong/Desktop/SpillSinkSimulator/project/renders/grid/G_d50_p30_t04__hemi_view_th+60.0.png
G_d50_p30_t04,hemi_view,70.0,0.057306896900616966,0.0028653438203036785,0.04999998211860657,0.004570231307297945,0.004659675993025303,0.005,0.3,50.0,30.0,0.4,0.013333333333333334,16.69924423399362,2.6947327297840387,0.008400000000000001,/Users/hojunsong/Desktop/SpillSinkSimulator/project/renders/grid/G_d50_p30_t04__hemi_view_th+70.0.png
G_d50_p30_t04,hemi_view,80.0,0.09081816332719157,0.004540907219052315,0.049999989569187164,0.004803382325917482,0.004841407760977745,0.005,0.3,50.0,30.0,0.4,0.013333333333333334,16.69924423399362,2.6947327297840387,0.008400000000000001,/Users/hojunsong/Desktop/SpillSinkSimulator/project/renders/grid/G_d50_p30_t04__hemi_view_th+80.0.png
G_d50_p30_t08,hemi_view,-80.0,0.09056701351610108,0.004528349731117487,0.049999989569187164,0.004800401162356138,0.00483750831335783,0.005,0.3,50.0,30.0,0.8,0.02666666666666667,16.69924423399362,2.6947327297840387,0.016800000000000002,/Users/hojunsong/Desktop/SpillSinkSimulator/project/renders/grid/G_d50_p30_t08__hemi_view_th-80.0.png
G_d50_p30_t08,hemi_view,-70.0,0.05725409089175137,0.0028627035208046436,0.04999998211860657,0.004567645490169525,0.004647464025765657,0.005,0.3,50.0,30.0,0.8,0.02666666666666667,16.69924423399362,2.6947327297840387,0.016800000000000002,/Users/hojunsong/Desktop/SpillSinkSimulator/project/renders/grid/G_d50_p30_t08__hemi_view_th-70.0.png
G_d50_p30_t08,hemi_view,-60.0,0.021359677537963334,0.00106798333581537,0.04999997466802597,0.0037780646234750748,0.0039578634314239025,0.005,0.3,50.0,30.0,0.8,0.02666666666666667,16.69924423399362,2.6947327297840387,0.016800000000000002,/Users/hojunsong/Desktop/SpillSinkSimulator/project/renders/grid/G_d50_p30_t08__hemi_view_th-60.0.png
G_d50_p30_t08,hemi_view,-50.0,0.008108938313198507,0.00040544680086895823,0.049999985843896866,0.0024131364189088345,0.002777918241918087,0.005,0.3,50.0,30.0,0.8,0.02666666666666667,16.69924423399362,2.6947327297840387,0.016800000000000002,/Users/hojunsong/Desktop/SpillSinkSimulator/project/renders/grid/G_d50_p30_t08__hemi_view_th-50.0.png
G_d50_p30_t08,hemi_view,-40.0,0.004421565225702754,0.0002210781822213903,0.04999998211860657,0.002240763045847416,0.0024449012707918882,0.005,0.3,50.0,30.0,0.8,0.02666666666666667,16.69924423399362,2.6947327297840387,0.016800000000000002,/Users/hojunsong/Desktop/SpillSinkSimulator/project/renders/grid/G_d50_p30_t08__hemi_view_th-40.0.png
G_d50_p30_t08,hemi_view,-30.0,0.0032559709994263797,0.0001627985038794577,0.049999985843896866,0.0023042899556457996,0.0025005207862704992,0.005,0.3,50.0,30.0,0.8,0.02666666666666667,16.69924423399362,2.6947327297840387,0.016800000000000002,/Users/hojunsong/Desktop/SpillSinkSimulator/project/renders/grid/G_d50_p30_t08__hemi_view_th-30.0.png
G_d50_p30_t08,hemi_view,-20.0,0.002726265622196718,0.0001363132323604077,0.04999998211860657,0.002161074196919799,0.0025111730210483074,0.005,0.3,50.0,30.0,0.8,0.02666666666666667,16.69924423399362,2.6947327297840387,0.016800000000000002,/Users/hojunsong/Desktop/SpillSinkSimulator/project/renders/grid/G_d50_p30_t08__hemi_view_th-20.0.png
G_d50_p30_t08,hemi_view,-10.0,0.0033357710207791566,0.0001667884789640084,0.04999997839331627,0.002395957475528121,0.002543899230659008,0.005,0.3,50.0,30.0,0.8,0.02666666666666667,16.69924423399362,2.6947327297840387,0.016800000000000002,/Users/hojunsong/Desktop/SpillSinkSimulator/project/renders/grid/G_d50_p30_t08__hemi_view_th-10.0.png
G_d50_p30_t08,hemi_view,0.0,0.0032815889782805796,0.0001640793780097738,0.04999997839331627,0.0023229229263961315,0.0025770999491214752,0.005,0.3,50.0,30.0,0.8,0.02666666666666667,16.69924423399362,2.6947327297840387,0.016800000000000002,/Users/hojunsong/Desktop/SpillSinkSimulator/project/renders/grid/G_d50_p30_t08__hemi_view_th+00.0.png
G_d50_p30_t08,hemi_view,10.0,0.0033260238527088124,0.00016630112077109516,0.04999997839331627,0.0024341042153537273,0.0025880951434373856,0.005,0.3,50.0,30.0,0.8,0.02666666666666667,16.69924423399362,2.6947327297840387,0.016800000000000002,/Users/hojunsong/Desktop/SpillSinkSimulator/project/renders/grid/G_d50_p30_t08__hemi_view_th+10.0.png
G_d50_p30_t08,hemi_view,20.0,0.002759295280156087,0.00013796471466775984,0.04999998211860657,0.0022911764681339264,0.0025110358837991953,0.005,0.3,50.0,30.0,0.8,0.02666666666666667,16.69924423399362,2.6947327297840387,0.016800000000000002,/Users/hojunsong/Desktop/SpillSinkSimulator/project/renders/grid/G_d50_p30_t08__hemi_view_th+20.0.png
G_d50_p30_t08,hemi_view,30.0,0.0032526118343640096,0.0001626305456738919,0.049999985843896866,0.002155914669856429,0.0024532433599233627,0.005,0.3,50.0,30.0,0.8,0.02666666666666667,16.69924423399362,2.6947327297840387,0.016800000000000002,/Users/hojunsong/Desktop/SpillSinkSimulator/project/renders/grid/G_d50_p30_t08__hemi_view_th+30.0.png
G_d50_p30_t08,hemi_view,40.0,0.004593921663766651,0.0002296960010426119,0.04999998211860657,0.002281248103827238,0.002475415589287877,0.005,0.3,50.0,30.0,0.8,0.02666666666666667,16.69924423399362,2.6947327297840387,0.016800000000000002,/Users/hojunsong/Desktop/SpillSinkSimulator/project/renders/grid/G_d50_p30_t08__hemi_view_th+40.0.png
G_d50_p30_t08,hemi_view,50.0,0.008496941959550936,0.00042484697769396007,0.049999985843896866,0.002402936341241002,0.0027346841525286436,0.005,0.3,50.0,30.0,0.8,0.02666666666666667,16.69924423399362,2.6947327297840387,0.016800000000000002,/Users/hojunsong/Desktop/SpillSinkSimulator/project/renders/grid/G_d50_p30_t08__hemi_view_th+50.0.png
G_d50_p30_t08,hemi_view,60.0,0.02191021285872515,0.0010955100879073143,0.04999997466802597,0.0037664147093892097,0.003907935228198767,0.005,0.3,50.0,30.0,0.8,0.02666666666666667,16.69924423399362,2.6947327297840387,0.016800000000000002,/Users/hojunsong/Desktop/SpillSinkSimulator/project/renders/grid/G_d50_p30_t08__hemi_view_th+60.0.png
G_d50_p30_t08,hemi_view,70.0,0.05714487931098198,0.0028572429437190294,0.04999998211860657,0.004569897893816233,0.004659677390009165,0.005,0.3,50.0,30.0,0.8,0.02666666666666667,16.69924423399362,2.6947327297840387,0.016800000000000002,/Users/hojunsong/Desktop/SpillSinkSimulator/project/renders/grid/G_d50_p30_t08__hemi_view_th+70.0.png
G_d50_p30_t08,hemi_view,80.0,0.09051263357962475,0.004525630734860897,0.049999989569187164,0.0047964719124138355,0.00483930017799139,0.005,0.3,50.0,30.0,0.8,0.02666666666666667,16.69924423399362,2.6947327297840387,0.016800000000000002,/Users/hojunsong/Desktop/SpillSinkSimulator/project/renders/grid/G_d50_p30_t08__hemi_view_th+80.0.png
G_d50_p30_t16,hemi_view,-80.0,0.08997058510166692,0.004498528316617012,0.049999989569187164,0.004788158927112818,0.004828430246561766,0.005,0.3,50.0,30.0,1.6,0.05333333333333334,16.69924423399362,2.6947327297840387,0.033600000000000005,/Users/hojunsong/Desktop/SpillSinkSimulator/project/renders/grid/G_d50_p30_t16__hemi_view_th-80.0.png
G_d50_p30_t16,hemi_view,-70.0,0.05700695504496874,0.0028503467328846455,0.04999998211860657,0.004534740466624498,0.004609259776771069,0.005,0.3,50.0,30.0,1.6,0.05333333333333334,16.69924423399362,2.6947327297840387,0.033600000000000005,/Users/hojunsong/Desktop/SpillSinkSimulator/project/renders/grid/G_d50_p30_t16__hemi_view_th-70.0.png
G_d50_p30_t16,hemi_view,-60.0,0.02280122824373484,0.0011400608345866203,0.04999997466802597,0.0037867382634431124,0.00396229512989521,0.005,0.3,50.0,30.0,1.6,0.05333333333333334,16.69924423399362,2.6947327297840387,0.033600000000000005,/Users/hojunsong/Desktop/SpillSinkSimulator/project/renders/grid/G_d50_p30_t16__hemi_view_th-60.0.png
G_d50_p30_t16,hemi_view,-50.0,0.010317378338876195,0.0005158687708899379,0.049999985843896866,0.003714717226102948,0.0038751270622015,0.005,0.3,50.0,30.0,1.6,0.05333333333333334,16.69924423399362,2.6947327297840387,0.033600000000000005,/Users/hojunsong/Desktop/SpillSinkSimulator/project/renders/grid/G_d50_p30_t16__hemi_view_th-50.0.png
G_d50_p30_t16,hemi_view,-40.0,0.006671177164401888,0.00033355873893015087,0.04999998211860657,0.0035390134435147047,0.003709755139425397,0.005,0.3,50.0,30.0,1.6,0.05333333333333334,16.69924423399362,2.6947327297840387,0.033600000000000005,/Users/hojunsong/Desktop/SpillSinkSimulator/project/renders/grid/G_d50_p30_t16__hemi_view_th-40.0.png
G_d50_p30_t16,hemi_view,-30.0,0.005377077972173415,0.0002688538224902004,0.049999985843896866,0.003838520497083664,0.004004478454589844,0.005,0.3,50.0,30.0,1.6,0.05333333333333334,16.69924423399362,2.6947327297840387,0.033600000000000005,/Users/hojunsong/Desktop/SpillSinkSimulator/project/renders/grid/G_d50_p30_t16__hemi_view_th-30.0.png
G_d50_p30_t16,hemi_view,-20.0,0.004817949060902408,0.00024089736689347774,0.04999998211860657,0.0036835770588368177,0.003981468267738819,0.005,0.3,50.0,30.0,1.6,0.05333333333333334,16.69924423399362,2.6947327297840387,0.033600000000000005,/Users/hojunsong/Desktop/SpillSinkSimulator/project/renders/grid/G_d50_p30_t16__hemi_view_th-20.0.png
G_d50_p30_t16,hemi_view,-10.0,0.005833826918989132,0.0002916912198998034,0.04999997839331627,0.0039036397356539965,0.00409650756046176,0.005,0.3,50.0,30.0,1.6,0.05333333333333334,16.69924423399362,2.6947327297840387,0.033600000000000005,/Users/hojunsong/Desktop/SpillSinkSimulator/project/renders/grid/G_d50_p30_t16__hemi_view_th-10.0.png
G_d50_p30_t16,hemi_view,0.0,0.005811760385201144,0.0002905878936871886,0.04999997839331627,0.003867796855047345,0.004118623211979866,0.005,0.3,50.0,30.0,1.6,0.05333333333333334,16.69924423399362,2.6947327297840387,0.033600000000000005,/Users/hojunsong/Desktop/SpillSinkSimulator/project/renders/grid/G_d50_p30_t16__hemi_view_th+00.0.png
G_d50_p30_t16,hemi_view,10.0,0.005820048577620219,0.00029100230312906206,0.04999997839331627,0.003982866648584604,0.0041378214955329895,0.005,0.3,50.0,30.0,1.6,0.05333333333333334,16.69924423399362,2.6947327297840387,0.033600000000000005,/Users/hojunsong/Desktop/SpillSinkSimulator/project/renders/grid/G_d50_p30_t16__hemi_view_th+10.0.png
G_d50_p30_t16,hemi_view,20.0,0.004843475166609943,0.0002421736717224121,0.04999998211860657,0.0038639085832983255,0.0040822275914251804,0.005,0.3,50.0,30.0,1.6,0.05333333333333334,16.69924423399362,2.6947327297840387,0.033600000000000005,/Users/hojunsong/Desktop/SpillSinkSimulator/project/renders/grid/G_d50_p30_t16__hemi_view_th+20.0.png
G_d50_p30_t16,hemi_view,30.0,0.005349877524527504,0.00026749380049295723,0.049999985843896866,0.003722301684319973,0.003982056863605976,0.005,0.3,50.0,30.0,1.6,0.05333333333333334,16.69924423399362,2.6947327297840387,0.033600000000000005,/Users/hojunsong/Desktop/SpillSinkSimulator/project/renders/grid/G_d50_p30_t16__hemi_view_th+30.0.png
G_d50_p30_t16,hemi_view,40.0,0.006981169740454461,0.00034905836218968034,0.04999998211860657,0.003838616656139493,0.003991331905126572,0.005,0.3,50.0,30.0,1.6,0.05333333333333334,16.69924423399362,2.6947327297840387,0.033600000000000005,/Users/hojunsong/Desktop/SpillSinkSimulator/project/renders/grid/G_d50_p30_t16__hemi_view_th+40.0.png
G_d50_p30_t16,hemi_view,50.0,0.010855868039823961,0.0005427932483144104,0.049999985843896866,0.003735071513801813,0.003936740569770336,0.005,0.3,50.0,30.0,1.6,0.05333333333333334,16.69924423399362,2.6947327297840387,0.033600000000000005,/Users/hojunsong/Desktop/SpillSinkSimulator/project/renders/grid/G_d50_p30_t16__hemi_view_th+50.0.png
G_d50_p30_t16,hemi_view,60.0,0.02337689764521301,0.0011688442900776863,0.04999997466802597,0.003926288336515427,0.004098078235983849,0.005,0.3,50.0,30.0,1.6,0.05333333333333334,16.69924423399362,2.6947327297840387,0.033600000000000005,/Users/hojunsong/Desktop/SpillSinkSimulator/project/renders/grid/G_d50_p30_t16__hemi_view_th+60.0.png
G_d50_p30_t16,hemi_view,70.0,0.05690062590859863,0.002845030277967453,0.04999998211860657,0.004516743589192629,0.004590829834342003,0.005,0.3,50.0,30.0,1.6,0.05333333333333334,16.69924423399362,2.6947327297840387,0.033600000000000005,/Users/hojunsong/Desktop/SpillSinkSimulator/project/renders/grid/G_d50_p30_t16__hemi_view_th+70.0.png
G_d50_p30_t16,hemi_view,80.0,0.08990712476819376,0.004495355300605297,0.049999989569187164,0.004789155907928944,0.004826589487493038,0.005,0.3,50.0,30.0,1.6,0.05333333333333334,16.69924423399362,2.6947327297840387,0.033600000000000005,/Users/hojunsong/Desktop/SpillSinkSimulator/project/renders/grid/G_d50_p30_t16__hemi_view_th+80.0.png
