tag,family,topology,process,feature,seed,diffuse_frac,tube,tube_kind,tube_pitch,tube_wall,tube_depth,floor,floor_depth,floor_pitch,depth,aspect,exposed_est,theta,rho,control,params_json
BH_p040_t02_grid_s23,floor,shingle/pyramid,"sheet, grid",0.05,23,d00,bl050_p040_t02_grid,shingle,4.0,0.05,47.0,pyramid,3.0,2.0,50.0,12.5,0.016598820239201742,0.0,0.0005504601867869496,0.04999997094273567,"{""backing"": 2.0, ""bot"": ""pyramid"", ""bot_depth"": 3.0, ""bot_params"": {""margin_depth_ref"": 50.0, ""pitch"": 2.0, ""tip_flat"": 0.1}, ""face_h"": 60.0, ""face_w"": 60.0, ""margin_depths"": 2.0, ""seed"": 23, ""top"": ""shingle"", ""top_depth"": 47.0, ""top_params"": {""azimuth_mode"": ""grid"", ""jitter"": 0.3, ""pitch"": 4.0, ""plate_over"": 1.15, ""plate_t_bot"": 0.05, ""plate_t_top"": 0.05, ""tilt_deg"": 2.0, ""tilt_jitter"": 0.0}}"
BH_p040_t02_grid_s23,floor,shingle/pyramid,"sheet, grid",0.05,23,d00,bl050_p040_t02_grid,shingle,4.0,0.05,47.0,pyramid,3.0,2.0,50.0,12.5,0.016598820239201742,-20.0,0.0004022283246740699,0.04999997094273567,"{""backing"": 2.0, ""bot"": ""pyramid"", ""bot_depth"": 3.0, ""bot_params"": {""margin_depth_ref"": 50.0, ""pitch"": 2.0, ""tip_flat"": 0.1}, ""face_h"": 60.0, ""face_w"": 60.0, ""margin_depths"": 2.0, ""seed"": 23, ""top"": ""shingle"", ""top_depth"": 47.0, ""top_params"": {""azimuth_mode"": ""grid"", ""jitter"": 0.3, ""pitch"": 4.0, ""plate_over"": 1.15, ""plate_t_bot"": 0.05, ""plate_t_top"": 0.05, ""tilt_deg"": 2.0, ""tilt_jitter"": 0.0}}"
BH_p040_t02_grid_s23,floor,shingle/pyramid,"sheet, grid",0.05,23,d00,bl050_p040_t02_grid,shingle,4.0,0.05,47.0,pyramid,3.0,2.0,50.0,12.5,0.016598820239201742,-40.0,0.0003627471160143614,0.04999997094273567,"{""backing"": 2.0, ""bot"": ""pyramid"", ""bot_depth"": 3.0, ""bot_params"": {""margin_depth_ref"": 50.0, ""pitch"": 2.0, ""tip_flat"": 0.1}, ""face_h"": 60.0, ""face_w"": 60.0, ""margin_depths"": 2.0, ""seed"": 23, ""top"": ""shingle"", ""top_depth"": 47.0, ""top_params"": {""azimuth_mode"": ""grid"", ""jitter"": 0.3, ""pitch"": 4.0, ""plate_over"": 1.15, ""plate_t_bot"": 0.05, ""plate_t_top"": 0.05, ""tilt_deg"": 2.0, ""tilt_jitter"": 0.0}}"
BH_p040_t02_grid_s23,floor,shingle/pyramid,"sheet, grid",0.05,23,d00,bl050_p040_t02_grid,shingle,4.0,0.05,47.0,pyramid,3.0,2.0,50.0,12.5,0.016598820239201742,20.0,0.0003793399955611676,0.04999997094273567,"{""backing"": 2.0, ""bot"": ""pyramid"", ""bot_depth"": 3.0, ""bot_params"": {""margin_depth_ref"": 50.0, ""pitch"": 2.0, ""tip_flat"": 0.1}, ""face_h"": 60.0, ""face_w"": 60.0, ""margin_depths"": 2.0, ""seed"": 23, ""top"": ""shingle"", ""top_depth"": 47.0, ""top_params"": {""azimuth_mode"": ""grid"", ""jitter"": 0.3, ""pitch"": 4.0, ""plate_over"": 1.15, ""plate_t_bot"": 0.05, ""plate_t_top"": 0.05, ""tilt_deg"": 2.0, ""tilt_jitter"": 0.0}}"
BH_p040_t02_grid_s23,floor,shingle/pyramid,"sheet, grid",0.05,23,d00,bl050_p040_t02_grid,shingle,4.0,0.05,47.0,pyramid,3.0,2.0,50.0,12.5,0.016598820239201742,40.0,0.0003695654449984431,0.04999997094273567,"{""backing"": 2.0, ""bot"": ""pyramid"", ""bot_depth"": 3.0, ""bot_params"": {""margin_depth_ref"": 50.0, ""pitch"": 2.0, ""tip_flat"": 0.1}, ""face_h"": 60.0, ""face_w"": 60.0, ""margin_depths"": 2.0, ""seed"": 23, ""top"": ""shingle"", ""top_depth"": 47.0, ""top_params"": {""azimuth_mode"": ""grid"", ""jitter"": 0.3, ""pitch"": 4.0, ""plate_over"": 1.15, ""plate_t_bot"": 0.05, ""plate_t_top"": 0.05, ""tilt_deg"": 2.0, ""tilt_jitter"": 0.0}}"
BH_p040_t02_grid_s23,floor,shingle/pyramid,"sheet, grid",0.05,23,d76,bl050_p040_t02_grid,shingle,4.0,0.05,47.0,pyramid,3.0,2.0,50.0,12.5,0.016598820239201742,0.0,0.0003951900580432266,0.04999997094273567,"{""backing"": 2.0, ""bot"": ""pyramid"", ""bot_depth"": 3.0, ""bot_params"": {""margin_depth_ref"": 50.0, ""pitch"": 2.0, ""tip_flat"": 0.1}, ""face_h"": 60.0, ""face_w"": 60.0, ""margin_depths"": 2.0, ""seed"": 23, ""top"": ""shingle"", ""top_depth"": 47.0, ""top_params"": {""azimuth_mode"": ""grid"", ""jitter"": 0.3, ""pitch"": 4.0, ""plate_over"": 1.15, ""plate_t_bot"": 0.05, ""plate_t_top"": 0.05, ""tilt_deg"": 2.0, ""tilt_jitter"": 0.0}}"
BH_p040_t02_grid_s23,floor,shingle/pyramid,"sheet, grid",0.05,23,d76,bl050_p040_t02_grid,shingle,4.0,0.05,47.0,pyramid,3.0,2.0,50.0,12.5,0.016598820239201742,-20.0,0.0009033806854858994,0.04999997094273567,"{""backing"": 2.0, ""bot"": ""pyramid"", ""bot_depth"": 3.0, ""bot_params"": {""margin_depth_ref"": 50.0, ""pitch"": 2.0, ""tip_flat"": 0.1}, ""face_h"": 60.0, ""face_w"": 60.0, ""margin_depths"": 2.0, ""seed"": 23, ""top"": ""shingle"", ""top_depth"": 47.0, ""top_params"": {""azimuth_mode"": ""grid"", ""jitter"": 0.3, ""pitch"": 4.0, ""plate_over"": 1.15, ""plate_t_bot"": 0.05, ""plate_t_top"": 0.05, ""tilt_deg"": 2.0, ""tilt_jitter"": 0.0}}"
BH_p040_t02_grid_s23,floor,shingle/pyramid,"sheet, grid",0.05,23,d76,bl050_p040_t02_grid,shingle,4.0,0.05,47.0,pyramid,3.0,2.0,50.0,12.5,0.016598820239201742,-40.0,0.001570389373227954,0.04999997094273567,"{""backing"": 2.0, ""bot"": ""pyramid"", ""bot_depth"": 3.0, ""bot_params"": {""margin_depth_ref"": 50.0, ""pitch"": 2.0, ""tip_flat"": 0.1}, ""face_h"": 60.0, ""face_w"": 60.0, ""margin_depths"": 2.0, ""seed"": 23, ""top"": ""shingle"", ""top_depth"": 47.0, ""top_params"": {""azimuth_mode"": ""grid"", ""jitter"": 0.3, ""pitch"": 4.0, ""plate_over"": 1.15, ""plate_t_bot"": 0.05, ""plate_t_top"": 0.05, ""tilt_deg"": 2.0, ""tilt_jitter"": 0.0}}"
BH_p040_t02_grid_s23,floor,shingle/pyramid,"sheet, grid",0.05,23,d76,bl050_p040_t02_grid,shingle,4.0,0.05,47.0,pyramid,3.0,2.0,50.0,12.5,0.016598820239201742,20.0,0.00106419762596488,0.04999997094273567,"{""backing"": 2.0, ""bot"": ""pyramid"", ""bot_depth"": 3.0, ""bot_params"": {""margin_depth_ref"": 50.0, ""pitch"": 2.0, ""tip_flat"": 0.1}, ""face_h"": 60.0, ""face_w"": 60.0, ""margin_depths"": 2.0, ""seed"": 23, ""top"": ""shingle"", ""top_depth"": 47.0, ""top_params"": {""azimuth_mode"": ""grid"", ""jitter"": 0.3, ""pitch"": 4.0, ""plate_over"": 1.15, ""plate_t_bot"": 0.05, ""plate_t_top"": 0.05, ""tilt_deg"": 2.0, ""tilt_jitter"": 0.0}}"
BH_p040_t02_grid_s23,floor,shingle/pyramid,"sheet, grid",0.05,23,d76,bl050_p040_t02_grid,shingle,4.0,0.05,47.0,pyramid,3.0,2.0,50.0,12.5,0.016598820239201742,40.0,0.0017356358002871275,0.04999997094273567,"{""backing"": 2.0, ""bot"": ""pyramid"", ""bot_depth"": 3.0, ""bot_params"": {""margin_depth_ref"": 50.0, ""pitch"": 2.0, ""tip_flat"": 0.1}, ""face_h"": 60.0, ""face_w"": 60.0, ""margin_depths"": 2.0, ""seed"": 23, ""top"": ""shingle"", ""top_depth"": 47.0, ""top_params"": {""azimuth_mode"": ""grid"", ""jitter"": 0.3, ""pitch"": 4.0, ""plate_over"": 1.15, ""plate_t_bot"": 0.05, ""plate_t_top"": 0.05, ""tilt_deg"": 2.0, ""tilt_jitter"": 0.0}}"
BH_p040_t02_grid_s23,floor,shingle/pyramid,"sheet, grid",0.05,23,d100,bl050_p040_t02_grid,shingle,4.0,0.05,47.0,pyramid,3.0,2.0,50.0,12.5,0.016598820239201742,0.0,0.000354812596924603,0.04999997094273567,"{""backing"": 2.0, ""bot"": ""pyramid"", ""bot_depth"": 3.0, ""bot_params"": {""margin_depth_ref"": 50.0, ""pitch"": 2.0, ""tip_flat"": 0.1}, ""face_h"": 60.0, ""face_w"": 60.0, ""margin_depths"": 2.0, ""seed"": 23, ""top"": ""shingle"", ""top_depth"": 47.0, ""top_params"": {""azimuth_mode"": ""grid"", ""jitter"": 0.3, ""pitch"": 4.0, ""plate_over"": 1.15, ""plate_t_bot"": 0.05, ""plate_t_top"": 0.05, ""tilt_deg"": 2.0, ""tilt_jitter"": 0.0}}"
BH_p040_t02_grid_s23,floor,shingle/pyramid,"sheet, grid",0.05,23,d100,bl050_p040_t02_grid,shingle,4.0,0.05,47.0,pyramid,3.0,2.0,50.0,12.5,0.016598820239201742,-20.0,0.0010835949797183275,0.04999997094273567,"{""backing"": 2.0, ""bot"": ""pyramid"", ""bot_depth"": 3.0, ""bot_params"": {""margin_depth_ref"": 50.0, ""pitch"": 2.0, ""tip_flat"": 0.1}, ""face_h"": 60.0, ""face_w"": 60.0, ""margin_depths"": 2.0, ""seed"": 23, ""top"": ""shingle"", ""top_depth"": 47.0, ""top_params"": {""azimuth_mode"": ""grid"", ""jitter"": 0.3, ""pitch"": 4.0, ""plate_over"": 1.15, ""plate_t_bot"": 0.05, ""plate_t_top"": 0.05, ""tilt_deg"": 2.0, ""tilt_jitter"": 0.0}}"
BH_p040_t02_grid_s23,floor,shingle/pyramid,"sheet, grid",0.05,23,d100,bl050_p040_t02_grid,shingle,4.0,0.05,47.0,pyramid,3.0,2.0,50.0,12.5,0.016598820239201742,-40.0,0.0019669178873300552,0.04999997094273567,"{""backing"": 2.0, ""bot"": ""pyramid"", ""bot_depth"": 3.0, ""bot_params"": {""margin_depth_ref"": 50.0, ""pitch"": 2.0, ""tip_flat"": 0.1}, ""face_h"": 60.0, ""face_w"": 60.0, ""margin_depths"": 2.0, ""seed"": 23, ""top"": ""shingle"", ""top_depth"": 47.0, ""top_params"": {""azimuth_mode"": ""grid"", ""jitter"": 0.3, ""pitch"": 4.0, ""plate_over"": 1.15, ""plate_t_bot"": 0.05, ""plate_t_top"": 0.05, ""tilt_deg"": 2.0, ""tilt_jitter"": 0.0}}"
BH_p040_t02_grid_s23,floor,shingle/pyramid,"sheet, grid",0.05,23,d100,bl050_p040_t02_grid,shingle,4.0,0.05,47.0,pyramid,3.0,2.0,50.0,12.5,0.016598820239201742,20.0,0.0013017015298828483,0.04999997094273567,"{""backing"": 2.0, ""bot"": ""pyramid"", ""bot_depth"": 3.0, ""bot_params"": {""margin_depth_ref"": 50.0, ""pitch"": 2.0, ""tip_flat"": 0.1}, ""face_h"": 60.0, ""face_w"": 60.0, ""margin_depths"": 2.0, ""seed"": 23, ""top"": ""shingle"", ""top_depth"": 47.0, ""top_params"": {""azimuth_mode"": ""grid"", ""jitter"": 0.3, ""pitch"": 4.0, ""plate_over"": 1.15, ""plate_t_bot"": 0.05, ""plate_t_top"": 0.05, ""tilt_deg"": 2.0, ""tilt_jitter"": 0.0}}"
BH_p040_t02_grid_s23,floor,shingle/pyramid,"sheet, grid",0.05,23,d100,bl050_p040_t02_grid,shingle,4.0,0.05,47.0,pyramid,3.0,2.0,50.0,12.5,0.016598820239201742,40.0,0.002172359498217702,0.04999997094273567,"{""backing"": 2.0, ""bot"": ""pyramid"", ""bot_depth"": 3.0, ""bot_params"": {""margin_depth_ref"": 50.0, ""pitch"": 2.0, ""tip_flat"": 0.1}, ""face_h"": 60.0, ""face_w"": 60.0, ""margin_depths"": 2.0, ""seed"": 23, ""top"": ""shingle"", ""top_depth"": 47.0, ""top_params"": {""azimuth_mode"": ""grid"", ""jitter"": 0.3, ""pitch"": 4.0, ""plate_over"": 1.15, ""plate_t_bot"": 0.05, ""plate_t_top"": 0.05, ""tilt_deg"": 2.0, ""tilt_jitter"": 0.0}}"
BH_p047_t02_grid_s23,floor,shingle/pyramid,"sheet, grid",0.05,23,d00,bl050_p047_t02_grid,shingle,4.75,0.05,47.0,pyramid,3.0,2.0,50.0,10.526315789473685,0.013977953885643572,0.0,0.0005343850934877992,0.04999997094273567,"{""backing"": 2.0, ""bot"": ""pyramid"", ""bot_depth"": 3.0, ""bot_params"": {""margin_depth_ref"": 50.0, ""pitch"": 2.0, ""tip_flat"": 0.1}, ""face_h"": 60.0, ""face_w"": 60.0, ""margin_depths"": 2.0, ""seed"": 23, ""top"": ""shingle"", ""top_depth"": 47.0, ""top_params"": {""azimuth_mode"": ""grid"", ""jitter"": 0.3, ""pitch"": 4.75, ""plate_over"": 1.15, ""plate_t_bot"": 0.05, ""plate_t_top"": 0.05, ""tilt_deg"": 2.0, ""tilt_jitter"": 0.0}}"
BH_p047_t02_grid_s23,floor,shingle/pyramid,"sheet, grid",0.05,23,d00,bl050_p047_t02_grid,shingle,4.75,0.05,47.0,pyramid,3.0,2.0,50.0,10.526315789473685,0.013977953885643572,-20.0,0.00038295044214464724,0.04999997094273567,"{""backing"": 2.0, ""bot"": ""pyramid"", ""bot_depth"": 3.0, ""bot_params"": {""margin_depth_ref"": 50.0, ""pitch"": 2.0, ""tip_flat"": 0.1}, ""face_h"": 60.0, ""face_w"": 60.0, ""margin_depths"": 2.0, ""seed"": 23, ""top"": ""shingle"", ""top_depth"": 47.0, ""top_params"": {""azimuth_mode"": ""grid"", ""jitter"": 0.3, ""pitch"": 4.75, ""plate_over"": 1.15, ""plate_t_bot"": 0.05, ""plate_t_top"": 0.05, ""tilt_deg"": 2.0, ""tilt_jitter"": 0.0}}"
BH_p047_t02_grid_s23,floor,shingle/pyramid,"sheet, grid",0.05,23,d00,bl050_p047_t02_grid,shingle,4.75,0.05,47.0,pyramid,3.0,2.0,50.0,10.526315789473685,0.013977953885643572,-40.0,0.00033020434784702957,0.04999997094273567,"{""backing"": 2.0, ""bot"": ""pyramid"", ""bot_depth"": 3.0, ""bot_params"": {""margin_depth_ref"": 50.0, ""pitch"": 2.0, ""tip_flat"": 0.1}, ""face_h"": 60.0, ""face_w"": 60.0, ""margin_depths"": 2.0, ""seed"": 23, ""top"": ""shingle"", ""top_depth"": 47.0, ""top_params"": {""azimuth_mode"": ""grid"", ""jitter"": 0.3, ""pitch"": 4.75, ""plate_over"": 1.15, ""plate_t_bot"": 0.05, ""plate_t_top"": 0.05, ""tilt_deg"": 2.0, ""tilt_jitter"": 0.0}}"
BH_p047_t02_grid_s23,floor,shingle/pyramid,"sheet, grid",0.05,23,d00,bl050_p047_t02_grid,shingle,4.75,0.05,47.0,pyramid,3.0,2.0,50.0,10.526315789473685,0.013977953885643572,20.0,0.00038022606167942286,0.04999997094273567,"{""backing"": 2.0, ""bot"": ""pyramid"", ""bot_depth"": 3.0, ""bot_params"": {""margin_depth_ref"": 50.0, ""pitch"": 2.0, ""tip_flat"": 0.1}, ""face_h"": 60.0, ""face_w"": 60.0, ""margin_depths"": 2.0, ""seed"": 23, ""top"": ""shingle"", ""top_depth"": 47.0, ""top_params"": {""azimuth_mode"": ""grid"", ""jitter"": 0.3, ""pitch"": 4.75, ""plate_over"": 1.15, ""plate_t_bot"": 0.05, ""plate_t_top"": 0.05, ""tilt_deg"": 2.0, ""tilt_jitter"": 0.0}}"
BH_p047_t02_grid_s23,floor,shingle/pyramid,"sheet, grid",0.05,23,d00,bl050_p047_t02_grid,shingle,4.75,0.05,47.0,pyramid,3.0,2.0,50.0,10.526315789473685,0.013977953885643572,40.0,0.00035013057640753686,0.04999997094273567,"{""backing"": 2.0, ""bot"": ""pyramid"", ""bot_depth"": 3.0, ""bot_params"": {""margin_depth_ref"": 50.0, ""pitch"": 2.0, ""tip_flat"": 0.1}, ""face_h"": 60.0, ""face_w"": 60.0, ""margin_depths"": 2.0, ""seed"": 23, ""top"": ""shingle"", ""top_depth"": 47.0, ""top_params"": {""azimuth_mode"": ""grid"", ""jitter"": 0.3, ""pitch"": 4.75, ""plate_over"": 1.15, ""plate_t_bot"": 0.05, ""plate_t_top"": 0.05, ""tilt_deg"": 2.0, ""tilt_jitter"": 0.0}}"
BH_p047_t02_grid_s23,floor,shingle/pyramid,"sheet, grid",0.05,23,d76,bl050_p047_t02_grid,shingle,4.75,0.05,47.0,pyramid,3.0,2.0,50.0,10.526315789473685,0.013977953885643572,0.0,0.0003768249007407576,0.04999997094273567,"{""backing"": 2.0, ""bot"": ""pyramid"", ""bot_depth"": 3.0, ""bot_params"": {""margin_depth_ref"": 50.0, ""pitch"": 2.0, ""tip_flat"": 0.1}, ""face_h"": 60.0, ""face_w"": 60.0, ""margin_depths"": 2.0, ""seed"": 23, ""top"": ""shingle"", ""top_depth"": 47.0, ""top_params"": {""azimuth_mode"": ""grid"", ""jitter"": 0.3, ""pitch"": 4.75, ""plate_over"": 1.15, ""plate_t_bot"": 0.05, ""plate_t_top"": 0.05, ""tilt_deg"": 2.0, ""tilt_jitter"": 0.0}}"
BH_p047_t02_grid_s23,floor,shingle/pyramid,"sheet, grid",0.05,23,d76,bl050_p047_t02_grid,shingle,4.75,0.05,47.0,pyramid,3.0,2.0,50.0,10.526315789473685,0.013977953885643572,-20.0,0.000857782899402082,0.04999997094273567,"{""backing"": 2.0, ""bot"": ""pyramid"", ""bot_depth"": 3.0, ""bot_params"": {""margin_depth_ref"": 50.0, ""pitch"": 2.0, ""tip_flat"": 0.1}, ""face_h"": 60.0, ""face_w"": 60.0, ""margin_depths"": 2.0, ""seed"": 23, ""top"": ""shingle"", ""top_depth"": 47.0, ""top_params"": {""azimuth_mode"": ""grid"", ""jitter"": 0.3, ""pitch"": 4.75, ""plate_over"": 1.15, ""plate_t_bot"": 0.05, ""plate_t_top"": 0.05, ""tilt_deg"": 2.0, ""tilt_jitter"": 0.0}}"
BH_p047_t02_grid_s23,floor,shingle/pyramid,"sheet, grid",0.05,23,d76,bl050_p047_t02_grid,shingle,4.75,0.05,47.0,pyramid,3.0,2.0,50.0,10.526315789473685,0.013977953885643572,-40.0,0.0014940405962988734,0.04999997094273567,"{""backing"": 2.0, ""bot"": ""pyramid"", ""bot_depth"": 3.0, ""bot_params"": {""margin_depth_ref"": 50.0, ""pitch"": 2.0, ""tip_flat"": 0.1}, ""face_h"": 60.0, ""face_w"": 60.0, ""margin_depths"": 2.0, ""seed"": 23, ""top"": ""shingle"", ""top_depth"": 47.0, ""top_params"": {""azimuth_mode"": ""grid"", ""jitter"": 0.3, ""pitch"": 4.75, ""plate_over"": 1.15, ""plate_t_bot"": 0.05, ""plate_t_top"": 0.05, ""tilt_deg"": 2.0, ""tilt_jitter"": 0.0}}"
BH_p047_t02_grid_s23,floor,shingle/pyramid,"sheet, grid",0.05,23,d76,bl050_p047_t02_grid,shingle,4.75,0.05,47.0,pyramid,3.0,2.0,50.0,10.526315789473685,0.013977953885643572,20.0,0.000976477051153779,0.04999997094273567,"{""backing"": 2.0, ""bot"": ""pyramid"", ""bot_depth"": 3.0, ""bot_params"": {""margin_depth_ref"": 50.0, ""pitch"": 2.0, ""tip_flat"": 0.1}, ""face_h"": 60.0, ""face_w"": 60.0, ""margin_depths"": 2.0, ""seed"": 23, ""top"": ""shingle"", ""top_depth"": 47.0, ""top_params"": {""azimuth_mode"": ""grid"", ""jitter"": 0.3, ""pitch"": 4.75, ""plate_over"": 1.15, ""plate_t_bot"": 0.05, ""plate_t_top"": 0.05, ""tilt_deg"": 2.0, ""tilt_jitter"": 0.0}}"
BH_p047_t02_grid_s23,floor,shingle/pyramid,"sheet, grid",0.05,23,d76,bl050_p047_t02_grid,shingle,4.75,0.05,47.0,pyramid,3.0,2.0,50.0,10.526315789473685,0.013977953885643572,40.0,0.0016023919451981783,0.04999997094273567,"{""backing"": 2.0, ""bot"": ""pyramid"", ""bot_depth"": 3.0, ""bot_params"": {""margin_depth_ref"": 50.0, ""pitch"": 2.0, ""tip_flat"": 0.1}, ""face_h"": 60.0, ""face_w"": 60.0, ""margin_depths"": 2.0, ""seed"": 23, ""top"": ""shingle"", ""top_depth"": 47.0, ""top_params"": {""azimuth_mode"": ""grid"", ""jitter"": 0.3, ""pitch"": 4.75, ""plate_over"": 1.15, ""plate_t_bot"": 0.05, ""plate_t_top"": 0.05, ""tilt_deg"": 2.0, ""tilt_jitter"": 0.0}}"
BH_p047_t02_grid_s23,floor,shingle/pyramid,"sheet, grid",0.05,23,d100,bl050_p047_t02_grid,shingle,4.75,0.05,47.0,pyramid,3.0,2.0,50.0,10.526315789473685,0.013977953885643572,0.0,0.00033190997783094645,0.04999997094273567,"{""backing"": 2.0, ""bot"": ""pyramid"", ""bot_depth"": 3.0, ""bot_params"": {""margin_depth_ref"": 50.0, ""pitch"": 2.0, ""tip_flat"": 0.1}, ""face_h"": 60.0, ""face_w"": 60.0, ""margin_depths"": 2.0, ""seed"": 23, ""top"": ""shingle"", ""top_depth"": 47.0, ""top_params"": {""azimuth_mode"": ""grid"", ""jitter"": 0.3, ""pitch"": 4.75, ""plate_over"": 1.15, ""plate_t_bot"": 0.05, ""plate_t_top"": 0.05, ""tilt_deg"": 2.0, ""tilt_jitter"": 0.0}}"
BH_p047_t02_grid_s23,floor,shingle/pyramid,"sheet, grid",0.05,23,d100,bl050_p047_t02_grid,shingle,4.75,0.05,47.0,pyramid,3.0,2.0,50.0,10.526315789473685,0.013977953885643572,-20.0,0.0010209562024101615,0.04999997094273567,"{""backing"": 2.0, ""bot"": ""pyramid"", ""bot_depth"": 3.0, ""bot_params"": {""margin_depth_ref"": 50.0, ""pitch"": 2.0, ""tip_flat"": 0.1}, ""face_h"": 60.0, ""face_w"": 60.0, ""margin_depths"": 2.0, ""seed"": 23, ""top"": ""shingle"", ""top_depth"": 47.0, ""top_params"": {""azimuth_mode"": ""grid"", ""jitter"": 0.3, ""pitch"": 4.75, ""plate_over"": 1.15, ""plate_t_bot"": 0.05, ""plate_t_top"": 0.05, ""tilt_deg"": 2.0, ""tilt_jitter"": 0.0}}"
BH_p047_t02_grid_s23,floor,shingle/pyramid,"sheet, grid",0.05,23,d100,bl050_p047_t02_grid,shingle,4.75,0.05,47.0,pyramid,3.0,2.0,50.0,10.526315789473685,0.013977953885643572,-40.0,0.001866813050583005,0.04999997094273567,"{""backing"": 2.0, ""bot"": ""pyramid"", ""bot_depth"": 3.0, ""bot_params"": {""margin_depth_ref"": 50.0, ""pitch"": 2.0, ""tip_flat"": 0.1}, ""face_h"": 60.0, ""face_w"": 60.0, ""margin_depths"": 2.0, ""seed"": 23, ""top"": ""shingle"", ""top_depth"": 47.0, ""top_params"": {""azimuth_mode"": ""grid"", ""jitter"": 0.3, ""pitch"": 4.75, ""plate_over"": 1.15, ""plate_t_bot"": 0.05, ""plate_t_top"": 0.05, ""tilt_deg"": 2.0, ""tilt_jitter"": 0.0}}"
BH_p047_t02_grid_s23,floor,shingle/pyramid,"sheet, grid",0.05,23,d100,bl050_p047_t02_grid,shingle,4.75,0.05,47.0,pyramid,3.0,2.0,50.0,10.526315789473685,0.013977953885643572,20.0,0.0011802393710240722,0.04999997094273567,"{""backing"": 2.0, ""bot"": ""pyramid"", ""bot_depth"": 3.0, ""bot_params"": {""margin_depth_ref"": 50.0, ""pitch"": 2.0, ""tip_flat"": 0.1}, ""face_h"": 60.0, ""face_w"": 60.0, ""margin_depths"": 2.0, ""seed"": 23, ""top"": ""shingle"", ""top_depth"": 47.0, ""top_params"": {""azimuth_mode"": ""grid"", ""jitter"": 0.3, ""pitch"": 4.75, ""plate_over"": 1.15, ""plate_t_bot"": 0.05, ""plate_t_top"": 0.05, ""tilt_deg"": 2.0, ""tilt_jitter"": 0.0}}"
BH_p047_t02_grid_s23,floor,shingle/pyramid,"sheet, grid",0.05,23,d100,bl050_p047_t02_grid,shingle,4.75,0.05,47.0,pyramid,3.0,2.0,50.0,10.526315789473685,0.013977953885643572,40.0,0.0020086902659386396,0.04999997094273567,"{""backing"": 2.0, ""bot"": ""pyramid"", ""bot_depth"": 3.0, ""bot_params"": {""margin_depth_ref"": 50.0, ""pitch"": 2.0, ""tip_flat"": 0.1}, ""face_h"": 60.0, ""face_w"": 60.0, ""margin_depths"": 2.0, ""seed"": 23, ""top"": ""shingle"", ""top_depth"": 47.0, ""top_params"": {""azimuth_mode"": ""grid"", ""jitter"": 0.3, ""pitch"": 4.75, ""plate_over"": 1.15, ""plate_t_bot"": 0.05, ""plate_t_top"": 0.05, ""tilt_deg"": 2.0, ""tilt_jitter"": 0.0}}"
BH_p055_t02_grid_s23,floor,shingle/pyramid,"sheet, grid",0.05,23,d00,bl050_p055_t02_grid,shingle,5.5,0.05,47.0,pyramid,3.0,2.0,50.0,9.090909090909092,0.012071869264873993,0.0,0.0005088452599011362,0.04999997094273567,"{""backing"": 2.0, ""bot"": ""pyramid"", ""bot_depth"": 3.0, ""bot_params"": {""margin_depth_ref"": 50.0, ""pitch"": 2.0, ""tip_flat"": 0.1}, ""face_h"": 60.0, ""face_w"": 60.0, ""margin_depths"": 2.0, ""seed"": 23, ""top"": ""shingle"", ""top_depth"": 47.0, ""top_params"": {""azimuth_mode"": ""grid"", ""jitter"": 0.3, ""pitch"": 5.5, ""plate_over"": 1.15, ""plate_t_bot"": 0.05, ""plate_t_top"": 0.05, ""tilt_deg"": 2.0, ""tilt_jitter"": 0.0}}"
BH_p055_t02_grid_s23,floor,shingle/pyramid,"sheet, grid",0.05,23,d00,bl050_p055_t02_grid,shingle,5.5,0.05,47.0,pyramid,3.0,2.0,50.0,9.090909090909092,0.012071869264873993,-20.0,0.00038915532059036195,0.04999997094273567,"{""backing"": 2.0, ""bot"": ""pyramid"", ""bot_depth"": 3.0, ""bot_params"": {""margin_depth_ref"": 50.0, ""pitch"": 2.0, ""tip_flat"": 0.1}, ""face_h"": 60.0, ""face_w"": 60.0, ""margin_depths"": 2.0, ""seed"": 23, ""top"": ""shingle"", ""top_depth"": 47.0, ""top_params"": {""azimuth_mode"": ""grid"", ""jitter"": 0.3, ""pitch"": 5.5, ""plate_over"": 1.15, ""plate_t_bot"": 0.05, ""plate_t_top"": 0.05, ""tilt_deg"": 2.0, ""tilt_jitter"": 0.0}}"
BH_p055_t02_grid_s23,floor,shingle/pyramid,"sheet, grid",0.05,23,d00,bl050_p055_t02_grid,shingle,5.5,0.05,47.0,pyramid,3.0,2.0,50.0,9.090909090909092,0.012071869264873993,-40.0,0.00032654235837981105,0.04999997094273567,"{""backing"": 2.0, ""bot"": ""pyramid"", ""bot_depth"": 3.0, ""bot_params"": {""margin_depth_ref"": 50.0, ""pitch"": 2.0, ""tip_flat"": 0.1}, ""face_h"": 60.0, ""face_w"": 60.0, ""margin_depths"": 2.0, ""seed"": 23, ""top"": ""shingle"", ""top_depth"": 47.0, ""top_params"": {""azimuth_mode"": ""grid"", ""jitter"": 0.3, ""pitch"": 5.5, ""plate_over"": 1.15, ""plate_t_bot"": 0.05, ""plate_t_top"": 0.05, ""tilt_deg"": 2.0, ""tilt_jitter"": 0.0}}"
BH_p055_t02_grid_s23,floor,shingle/pyramid,"sheet, grid",0.05,23,d00,bl050_p055_t02_grid,shingle,5.5,0.05,47.0,pyramid,3.0,2.0,50.0,9.090909090909092,0.012071869264873993,20.0,0.00035255166585557163,0.04999997094273567,"{""backing"": 2.0, ""bot"": ""pyramid"", ""bot_depth"": 3.0, ""bot_params"": {""margin_depth_ref"": 50.0, ""pitch"": 2.0, ""tip_flat"": 0.1}, ""face_h"": 60.0, ""face_w"": 60.0, ""margin_depths"": 2.0, ""seed"": 23, ""top"": ""shingle"", ""top_depth"": 47.0, ""top_params"": {""azimuth_mode"": ""grid"", ""jitter"": 0.3, ""pitch"": 5.5, ""plate_over"": 1.15, ""plate_t_bot"": 0.05, ""plate_t_top"": 0.05, ""tilt_deg"": 2.0, ""tilt_jitter"": 0.0}}"
BH_p055_t02_grid_s23,floor,shingle/pyramid,"sheet, grid",0.05,23,d00,bl050_p055_t02_grid,shingle,5.5,0.05,47.0,pyramid,3.0,2.0,50.0,9.090909090909092,0.012071869264873993,40.0,0.00031473059789277613,0.04999997094273567,"{""backing"": 2.0, ""bot"": ""pyramid"", ""bot_depth"": 3.0, ""bot_params"": {""margin_depth_ref"": 50.0, ""pitch"": 2.0, ""tip_flat"": 0.1}, ""face_h"": 60.0, ""face_w"": 60.0, ""margin_depths"": 2.0, ""seed"": 23, ""top"": ""shingle"", ""top_depth"": 47.0, ""top_params"": {""azimuth_mode"": ""grid"", ""jitter"": 0.3, ""pitch"": 5.5, ""plate_over"": 1.15, ""plate_t_bot"": 0.05, ""plate_t_top"": 0.05, ""tilt_deg"": 2.0, ""tilt_jitter"": 0.0}}"
BH_p055_t02_grid_s23,floor,shingle/pyramid,"sheet, grid",0.05,23,d76,bl050_p055_t02_grid,shingle,5.5,0.05,47.0,pyramid,3.0,2.0,50.0,9.090909090909092,0.012071869264873993,0.0,0.0003471939417067915,0.04999997094273567,"{""backing"": 2.0, ""bot"": ""pyramid"", ""bot_depth"": 3.0, ""bot_params"": {""margin_depth_ref"": 50.0, ""pitch"": 2.0, ""tip_flat"": 0.1}, ""face_h"": 60.0, ""face_w"": 60.0, ""margin_depths"": 2.0, ""seed"": 23, ""top"": ""shingle"", ""top_depth"": 47.0, ""top_params"": {""azimuth_mode"": ""grid"", ""jitter"": 0.3, ""pitch"": 5.5, ""plate_over"": 1.15, ""plate_t_bot"": 0.05, ""plate_t_top"": 0.05, ""tilt_deg"": 2.0, ""tilt_jitter"": 0.0}}"
BH_p055_t02_grid_s23,floor,shingle/pyramid,"sheet, grid",0.05,23,d76,bl050_p055_t02_grid,shingle,5.5,0.05,47.0,pyramid,3.0,2.0,50.0,9.090909090909092,0.012071869264873993,-20.0,0.0007599334348924458,0.04999997094273567,"{""backing"": 2.0, ""bot"": ""pyramid"", ""bot_depth"": 3.0, ""bot_params"": {""margin_depth_ref"": 50.0, ""pitch"": 2.0, ""tip_flat"": 0.1}, ""face_h"": 60.0, ""face_w"": 60.0, ""margin_depths"": 2.0, ""seed"": 23, ""top"": ""shingle"", ""top_depth"": 47.0, ""top_params"": {""azimuth_mode"": ""grid"", ""jitter"": 0.3, ""pitch"": 5.5, ""plate_over"": 1.15, ""plate_t_bot"": 0.05, ""plate_t_top"": 0.05, ""tilt_deg"": 2.0, ""tilt_jitter"": 0.0}}"
BH_p055_t02_grid_s23,floor,shingle/pyramid,"sheet, grid",0.05,23,d76,bl050_p055_t02_grid,shingle,5.5,0.05,47.0,pyramid,3.0,2.0,50.0,9.090909090909092,0.012071869264873993,-40.0,0.0013262043939903378,0.04999997094273567,"{""backing"": 2.0, ""bot"": ""pyramid"", ""bot_depth"": 3.0, ""bot_params"": {""margin_depth_ref"": 50.0, ""pitch"": 2.0, ""tip_flat"": 0.1}, ""face_h"": 60.0, ""face_w"": 60.0, ""margin_depths"": 2.0, ""seed"": 23, ""top"": ""shingle"", ""top_depth"": 47.0, ""top_params"": {""azimuth_mode"": ""grid"", ""jitter"": 0.3, ""pitch"": 5.5, ""plate_over"": 1.15, ""plate_t_bot"": 0.05, ""plate_t_top"": 0.05, ""tilt_deg"": 2.0, ""tilt_jitter"": 0.0}}"
BH_p055_t02_grid_s23,floor,shingle/pyramid,"sheet, grid",0.05,23,d76,bl050_p055_t02_grid,shingle,5.5,0.05,47.0,pyramid,3.0,2.0,50.0,9.090909090909092,0.012071869264873993,20.0,0.0008903079433366656,0.04999997094273567,"{""backing"": 2.0, ""bot"": ""pyramid"", ""bot_depth"": 3.0, ""bot_params"": {""margin_depth_ref"": 50.0, ""pitch"": 2.0, ""tip_flat"": 0.1}, ""face_h"": 60.0, ""face_w"": 60.0, ""margin_depths"": 2.0, ""seed"": 23, ""top"": ""shingle"", ""top_depth"": 47.0, ""top_params"": {""azimuth_mode"": ""grid"", ""jitter"": 0.3, ""pitch"": 5.5, ""plate_over"": 1.15, ""plate_t_bot"": 0.05, ""plate_t_top"": 0.05, ""tilt_deg"": 2.0, ""tilt_jitter"": 0.0}}"
BH_p055_t02_grid_s23,floor,shingle/pyramid,"sheet, grid",0.05,23,d76,bl050_p055_t02_grid,shingle,5.5,0.05,47.0,pyramid,3.0,2.0,50.0,9.090909090909092,0.012071869264873993,40.0,0.0014644458424299955,0.04999997094273567,"{""backing"": 2.0, ""bot"": ""pyramid"", ""bot_depth"": 3.0, ""bot_params"": {""margin_depth_ref"": 50.0, ""pitch"": 2.0, ""tip_flat"": 0.1}, ""face_h"": 60.0, ""face_w"": 60.0, ""margin_depths"": 2.0, ""seed"": 23, ""top"": ""shingle"", ""top_depth"": 47.0, ""top_params"": {""azimuth_mode"": ""grid"", ""jitter"": 0.3, ""pitch"": 5.5, ""plate_over"": 1.15, ""plate_t_bot"": 0.05, ""plate_t_top"": 0.05, ""tilt_deg"": 2.0, ""tilt_jitter"": 0.0}}"
BH_p055_t02_grid_s23,floor,shingle/pyramid,"sheet, grid",0.05,23,d100,bl050_p055_t02_grid,shingle,5.5,0.05,47.0,pyramid,3.0,2.0,50.0,9.090909090909092,0.012071869264873993,0.0,0.0003205868706572801,0.04999997094273567,"{""backing"": 2.0, ""bot"": ""pyramid"", ""bot_depth"": 3.0, ""bot_params"": {""margin_depth_ref"": 50.0, ""pitch"": 2.0, ""tip_flat"": 0.1}, ""face_h"": 60.0, ""face_w"": 60.0, ""margin_depths"": 2.0, ""seed"": 23, ""top"": ""shingle"", ""top_depth"": 47.0, ""top_params"": {""azimuth_mode"": ""grid"", ""jitter"": 0.3, ""pitch"": 5.5, ""plate_over"": 1.15, ""plate_t_bot"": 0.05, ""plate_t_top"": 0.05, ""tilt_deg"": 2.0, ""tilt_jitter"": 0.0}}"
BH_p055_t02_grid_s23,floor,shingle/pyramid,"sheet, grid",0.05,23,d100,bl050_p055_t02_grid,shingle,5.5,0.05,47.0,pyramid,3.0,2.0,50.0,9.090909090909092,0.012071869264873993,-20.0,0.0008850785088725388,0.04999997094273567,"{""backing"": 2.0, ""bot"": ""pyramid"", ""bot_depth"": 3.0, ""bot_params"": {""margin_depth_ref"": 50.0, ""pitch"": 2.0, ""tip_flat"": 0.1}, ""face_h"": 60.0, ""face_w"": 60.0, ""margin_depths"": 2.0, ""seed"": 23, ""top"": ""shingle"", ""top_depth"": 47.0, ""top_params"": {""azimuth_mode"": ""grid"", ""jitter"": 0.3, ""pitch"": 5.5, ""plate_over"": 1.15, ""plate_t_bot"": 0.05, ""plate_t_top"": 0.05, ""tilt_deg"": 2.0, ""tilt_jitter"": 0.0}}"
BH_p055_t02_grid_s23,floor,shingle/pyramid,"sheet, grid",0.05,23,d100,bl050_p055_t02_grid,shingle,5.5,0.05,47.0,pyramid,3.0,2.0,50.0,9.090909090909092,0.012071869264873993,-40.0,0.0016434171702712774,0.04999997094273567,"{""backing"": 2.0, ""bot"": ""pyramid"", ""bot_depth"": 3.0, ""bot_params"": {""margin_depth_ref"": 50.0, ""pitch"": 2.0, ""tip_flat"": 0.1}, ""face_h"": 60.0, ""face_w"": 60.0, ""margin_depths"": 2.0, ""seed"": 23, ""top"": ""shingle"", ""top_depth"": 47.0, ""top_params"": {""azimuth_mode"": ""grid"", ""jitter"": 0.3, ""pitch"": 5.5, ""plate_over"": 1.15, ""plate_t_bot"": 0.05, ""plate_t_top"": 0.05, ""tilt_deg"": 2.0, ""tilt_jitter"": 0.0}}"
BH_p055_t02_grid_s23,floor,shingle/pyramid,"sheet, grid",0.05,23,d100,bl050_p055_t02_grid,shingle,5.5,0.05,47.0,pyramid,3.0,2.0,50.0,9.090909090909092,0.012071869264873993,20.0,0.0010644735302776098,0.04999997094273567,"{""backing"": 2.0, ""bot"": ""pyramid"", ""bot_depth"": 3.0, ""bot_params"": {""margin_depth_ref"": 50.0, ""pitch"": 2.0, ""tip_flat"": 0.1}, ""face_h"": 60.0, ""face_w"": 60.0, ""margin_depths"": 2.0, ""seed"": 23, ""top"": ""shingle"", ""top_depth"": 47.0, ""top_params"": {""azimuth_mode"": ""grid"", ""jitter"": 0.3, ""pitch"": 5.5, ""plate_over"": 1.15, ""plate_t_bot"": 0.05, ""plate_t_top"": 0.05, ""tilt_deg"": 2.0, ""tilt_jitter"": 0.0}}"
BH_p055_t02_grid_s23,floor,shingle/pyramid,"sheet, grid",0.05,23,d100,bl050_p055_t02_grid,shingle,5.5,0.05,47.0,pyramid,3.0,2.0,50.0,9.090909090909092,0.012071869264873993,40.0,0.0018418713007122278,0.04999997094273567,"{""backing"": 2.0, ""bot"": ""pyramid"", ""bot_depth"": 3.0, ""bot_params"": {""margin_depth_ref"": 50.0, ""pitch"": 2.0, ""tip_flat"": 0.1}, ""face_h"": 60.0, ""face_w"": 60.0, ""margin_depths"": 2.0, ""seed"": 23, ""top"": ""shingle"", ""top_depth"": 47.0, ""top_params"": {""azimuth_mode"": ""grid"", ""jitter"": 0.3, ""pitch"": 5.5, ""plate_over"": 1.15, ""plate_t_bot"": 0.05, ""plate_t_top"": 0.05, ""tilt_deg"": 2.0, ""tilt_jitter"": 0.0}}"
BH_p070_t02_grid_s23,floor,shingle/pyramid,"sheet, grid",0.05,23,d00,bl050_p070_t02_grid,shingle,7.0,0.05,47.0,pyramid,3.0,2.0,50.0,7.142857142857143,0.009485040136686709,0.0,0.00047503612586297095,0.04999997094273567,"{""backing"": 2.0, ""bot"": ""pyramid"", ""bot_depth"": 3.0, ""bot_params"": {""margin_depth_ref"": 50.0, ""pitch"": 2.0, ""tip_flat"": 0.1}, ""face_h"": 60.0, ""face_w"": 60.0, ""margin_depths"": 2.0, ""seed"": 23, ""top"": ""shingle"", ""top_depth"": 47.0, ""top_params"": {""azimuth_mode"": ""grid"", ""jitter"": 0.3, ""pitch"": 7.0, ""plate_over"": 1.15, ""plate_t_bot"": 0.05, ""plate_t_top"": 0.05, ""tilt_deg"": 2.0, ""tilt_jitter"": 0.0}}"
BH_p070_t02_grid_s23,floor,shingle/pyramid,"sheet, grid",0.05,23,d00,bl050_p070_t02_grid,shingle,7.0,0.05,47.0,pyramid,3.0,2.0,50.0,7.142857142857143,0.009485040136686709,-20.0,0.0002973400114569813,0.04999997094273567,"{""backing"": 2.0, ""bot"": ""pyramid"", ""bot_depth"": 3.0, ""bot_params"": {""margin_depth_ref"": 50.0, ""pitch"": 2.0, ""tip_flat"": 0.1}, ""face_h"": 60.0, ""face_w"": 60.0, ""margin_depths"": 2.0, ""seed"": 23, ""top"": ""shingle"", ""top_depth"": 47.0, ""top_params"": {""azimuth_mode"": ""grid"", ""jitter"": 0.3, ""pitch"": 7.0, ""plate_over"": 1.15, ""plate_t_bot"": 0.05, ""plate_t_top"": 0.05, ""tilt_deg"": 2.0, ""tilt_jitter"": 0.0}}"
BH_p070_t02_grid_s23,floor,shingle/pyramid,"sheet, grid",0.05,23,d00,bl050_p070_t02_grid,shingle,7.0,0.05,47.0,pyramid,3.0,2.0,50.0,7.142857142857143,0.009485040136686709,-40.0,0.00023640853760298342,0.04999997094273567,"{""backing"": 2.0, ""bot"": ""pyramid"", ""bot_depth"": 3.0, ""bot_params"": {""margin_depth_ref"": 50.0, ""pitch"": 2.0, ""tip_flat"": 0.1}, ""face_h"": 60.0, ""face_w"": 60.0, ""margin_depths"": 2.0, ""seed"": 23, ""top"": ""shingle"", ""top_depth"": 47.0, ""top_params"": {""azimuth_mode"": ""grid"", ""jitter"": 0.3, ""pitch"": 7.0, ""plate_over"": 1.15, ""plate_t_bot"": 0.05, ""plate_t_top"": 0.05, ""tilt_deg"": 2.0, ""tilt_jitter"": 0.0}}"
BH_p070_t02_grid_s23,floor,shingle/pyramid,"sheet, grid",0.05,23,d00,bl050_p070_t02_grid,shingle,7.0,0.05,47.0,pyramid,3.0,2.0,50.0,7.142857142857143,0.009485040136686709,20.0,0.0002921394188888371,0.04999997094273567,"{""backing"": 2.0, ""bot"": ""pyramid"", ""bot_depth"": 3.0, ""bot_params"": {""margin_depth_ref"": 50.0, ""pitch"": 2.0, ""tip_flat"": 0.1}, ""face_h"": 60.0, ""face_w"": 60.0, ""margin_depths"": 2.0, ""seed"": 23, ""top"": ""shingle"", ""top_depth"": 47.0, ""top_params"": {""azimuth_mode"": ""grid"", ""jitter"": 0.3, ""pitch"": 7.0, ""plate_over"": 1.15, ""plate_t_bot"": 0.05, ""plate_t_top"": 0.05, ""tilt_deg"": 2.0, ""tilt_jitter"": 0.0}}"
BH_p070_t02_grid_s23,floor,shingle/pyramid,"sheet, grid",0.05,23,d00,bl050_p070_t02_grid,shingle,7.0,0.05,47.0,pyramid,3.0,2.0,50.0,7.142857142857143,0.009485040136686709,40.0,0.00023626322217751294,0.04999997094273567,"{""backing"": 2.0, ""bot"": ""pyramid"", ""bot_depth"": 3.0, ""bot_params"": {""margin_depth_ref"": 50.0, ""pitch"": 2.0, ""tip_flat"": 0.1}, ""face_h"": 60.0, ""face_w"": 60.0, ""margin_depths"": 2.0, ""seed"": 23, ""top"": ""shingle"", ""top_depth"": 47.0, ""top_params"": {""azimuth_mode"": ""grid"", ""jitter"": 0.3, ""pitch"": 7.0, ""plate_over"": 1.15, ""plate_t_bot"": 0.05, ""plate_t_top"": 0.05, ""tilt_deg"": 2.0, ""tilt_jitter"": 0.0}}"
BH_p070_t02_grid_s23,floor,shingle/pyramid,"sheet, grid",0.05,23,d76,bl050_p070_t02_grid,shingle,7.0,0.05,47.0,pyramid,3.0,2.0,50.0,7.142857142857143,0.009485040136686709,0.0,0.0003143185458611697,0.04999997094273567,"{""backing"": 2.0, ""bot"": ""pyramid"", ""bot_depth"": 3.0, ""bot_params"": {""margin_depth_ref"": 50.0, ""pitch"": 2.0, ""tip_flat"": 0.1}, ""face_h"": 60.0, ""face_w"": 60.0, ""margin_depths"": 2.0, ""seed"": 23, ""top"": ""shingle"", ""top_depth"": 47.0, ""top_params"": {""azimuth_mode"": ""grid"", ""jitter"": 0.3, ""pitch"": 7.0, ""plate_over"": 1.15, ""plate_t_bot"": 0.05, ""plate_t_top"": 0.05, ""tilt_deg"": 2.0, ""tilt_jitter"": 0.0}}"
BH_p070_t02_grid_s23,floor,shingle/pyramid,"sheet, grid",0.05,23,d76,bl050_p070_t02_grid,shingle,7.0,0.05,47.0,pyramid,3.0,2.0,50.0,7.142857142857143,0.009485040136686709,-20.0,0.0007652482017874718,0.04999997094273567,"{""backing"": 2.0, ""bot"": ""pyramid"", ""bot_depth"": 3.0, ""bot_params"": {""margin_depth_ref"": 50.0, ""pitch"": 2.0, ""tip_flat"": 0.1}, ""face_h"": 60.0, ""face_w"": 60.0, ""margin_depths"": 2.0, ""seed"": 23, ""top"": ""shingle"", ""top_depth"": 47.0, ""top_params"": {""azimuth_mode"": ""grid"", ""jitter"": 0.3, ""pitch"": 7.0, ""plate_over"": 1.15, ""plate_t_bot"": 0.05, ""plate_t_top"": 0.05, ""tilt_deg"": 2.0, ""tilt_jitter"": 0.0}}"
BH_p070_t02_grid_s23,floor,shingle/pyramid,"sheet, grid",0.05,23,d76,bl050_p070_t02_grid,shingle,7.0,0.05,47.0,pyramid,3.0,2.0,50.0,7.142857142857143,0.009485040136686709,-40.0,0.0013943437952548265,0.04999997094273567,"{""backing"": 2.0, ""bot"": ""pyramid"", ""bot_depth"": 3.0, ""bot_params"": {""margin_depth_ref"": 50.0, ""pitch"": 2.0, ""tip_flat"": 0.1}, ""face_h"": 60.0, ""face_w"": 60.0, ""margin_depths"": 2.0, ""seed"": 23, ""top"": ""shingle"", ""top_depth"": 47.0, ""top_params"": {""azimuth_mode"": ""grid"", ""jitter"": 0.3, ""pitch"": 7.0, ""plate_over"": 1.15, ""plate_t_bot"": 0.05, ""plate_t_top"": 0.05, ""tilt_deg"": 2.0, ""tilt_jitter"": 0.0}}"
BH_p070_t02_grid_s23,floor,shingle/pyramid,"sheet, grid",0.05,23,d76,bl050_p070_t02_grid,shingle,7.0,0.05,47.0,pyramid,3.0,2.0,50.0,7.142857142857143,0.009485040136686709,20.0,0.00093292590463534,0.04999997094273567,"{""backing"": 2.0, ""bot"": ""pyramid"", ""bot_depth"": 3.0, ""bot_params"": {""margin_depth_ref"": 50.0, ""pitch"": 2.0, ""tip_flat"": 0.1}, ""face_h"": 60.0, ""face_w"": 60.0, ""margin_depths"": 2.0, ""seed"": 23, ""top"": ""shingle"", ""top_depth"": 47.0, ""top_params"": {""azimuth_mode"": ""grid"", ""jitter"": 0.3, ""pitch"": 7.0, ""plate_over"": 1.15, ""plate_t_bot"": 0.05, ""plate_t_top"": 0.05, ""tilt_deg"": 2.0, ""tilt_jitter"": 0.0}}"
BH_p070_t02_grid_s23,floor,shingle/pyramid,"sheet, grid",0.05,23,d76,bl050_p070_t02_grid,shingle,7.0,0.05,47.0,pyramid,3.0,2.0,50.0,7.142857142857143,0.009485040136686709,40.0,0.001583174685947597,0.04999997094273567,"{""backing"": 2.0, ""bot"": ""pyramid"", ""bot_depth"": 3.0, ""bot_params"": {""margin_depth_ref"": 50.0, ""pitch"": 2.0, ""tip_flat"": 0.1}, ""face_h"": 60.0, ""face_w"": 60.0, ""margin_depths"": 2.0, ""seed"": 23, ""top"": ""shingle"", ""top_depth"": 47.0, ""top_params"": {""azimuth_mode"": ""grid"", ""jitter"": 0.3, ""pitch"": 7.0, ""plate_over"": 1.15, ""plate_t_bot"": 0.05, ""plate_t_top"": 0.05, ""tilt_deg"": 2.0, ""tilt_jitter"": 0.0}}"
BH_p070_t02_grid_s23,floor,shingle/pyramid,"sheet, grid",0.05,23,d100,bl050_p070_t02_grid,shingle,7.0,0.05,47.0,pyramid,3.0,2.0,50.0,7.142857142857143,0.009485040136686709,0.0,0.0002922302228398621,0.04999997094273567,"{""backing"": 2.0, ""bot"": ""pyramid"", ""bot_depth"": 3.0, ""bot_params"": {""margin_depth_ref"": 50.0, ""pitch"": 2.0, ""tip_flat"": 0.1}, ""face_h"": 60.0, ""face_w"": 60.0, ""margin_depths"": 2.0, ""seed"": 23, ""top"": ""shingle"", ""top_depth"": 47.0, ""top_params"": {""azimuth_mode"": ""grid"", ""jitter"": 0.3, ""pitch"": 7.0, ""plate_over"": 1.15, ""plate_t_bot"": 0.05, ""plate_t_top"": 0.05, ""tilt_deg"": 2.0, ""tilt_jitter"": 0.0}}"
BH_p070_t02_grid_s23,floor,shingle/pyramid,"sheet, grid",0.05,23,d100,bl050_p070_t02_grid,shingle,7.0,0.05,47.0,pyramid,3.0,2.0,50.0,7.142857142857143,0.009485040136686709,-20.0,0.0009328959276899695,0.04999997094273567,"{""backing"": 2.0, ""bot"": ""pyramid"", ""bot_depth"": 3.0, ""bot_params"": {""margin_depth_ref"": 50.0, ""pitch"": 2.0, ""tip_flat"": 0.1}, ""face_h"": 60.0, ""face_w"": 60.0, ""margin_depths"": 2.0, ""seed"": 23, ""top"": ""shingle"", ""top_depth"": 47.0, ""top_params"": {""azimuth_mode"": ""grid"", ""jitter"": 0.3, ""pitch"": 7.0, ""plate_over"": 1.15, ""plate_t_bot"": 0.05, ""plate_t_top"": 0.05, ""tilt_deg"": 2.0, ""tilt_jitter"": 0.0}}"
BH_p070_t02_grid_s23,floor,shingle/pyramid,"sheet, grid",0.05,23,d100,bl050_p070_t02_grid,shingle,7.0,0.05,47.0,pyramid,3.0,2.0,50.0,7.142857142857143,0.009485040136686709,-40.0,0.0017721407348290086,0.04999997094273567,"{""backing"": 2.0, ""bot"": ""pyramid"", ""bot_depth"": 3.0, ""bot_params"": {""margin_depth_ref"": 50.0, ""pitch"": 2.0, ""tip_flat"": 0.1}, ""face_h"": 60.0, ""face_w"": 60.0, ""margin_depths"": 2.0, ""seed"": 23, ""top"": ""shingle"", ""top_depth"": 47.0, ""top_params"": {""azimuth_mode"": ""grid"", ""jitter"": 0.3, ""pitch"": 7.0, ""plate_over"": 1.15, ""plate_t_bot"": 0.05, ""plate_t_top"": 0.05, ""tilt_deg"": 2.0, ""tilt_jitter"": 0.0}}"
BH_p070_t02_grid_s23,floor,shingle/pyramid,"sheet, grid",0.05,23,d100,bl050_p070_t02_grid,shingle,7.0,0.05,47.0,pyramid,3.0,2.0,50.0,7.142857142857143,0.009485040136686709,20.0,0.0011562827276065946,0.04999997094273567,"{""backing"": 2.0, ""bot"": ""pyramid"", ""bot_depth"": 3.0, ""bot_params"": {""margin_depth_ref"": 50.0, ""pitch"": 2.0, ""tip_flat"": 0.1}, ""face_h"": 60.0, ""face_w"": 60.0, ""margin_depths"": 2.0, ""seed"": 23, ""top"": ""shingle"", ""top_depth"": 47.0, ""top_params"": {""azimuth_mode"": ""grid"", ""jitter"": 0.3, ""pitch"": 7.0, ""plate_over"": 1.15, ""plate_t_bot"": 0.05, ""plate_t_top"": 0.05, ""tilt_deg"": 2.0, ""tilt_jitter"": 0.0}}"
BH_p070_t02_grid_s23,floor,shingle/pyramid,"sheet, grid",0.05,23,d100,bl050_p070_t02_grid,shingle,7.0,0.05,47.0,pyramid,3.0,2.0,50.0,7.142857142857143,0.009485040136686709,40.0,0.002020010259002447,0.04999997094273567,"{""backing"": 2.0, ""bot"": ""pyramid"", ""bot_depth"": 3.0, ""bot_params"": {""margin_depth_ref"": 50.0, ""pitch"": 2.0, ""tip_flat"": 0.1}, ""face_h"": 60.0, ""face_w"": 60.0, ""margin_depths"": 2.0, ""seed"": 23, ""top"": ""shingle"", ""top_depth"": 47.0, ""top_params"": {""azimuth_mode"": ""grid"", ""jitter"": 0.3, ""pitch"": 7.0, ""plate_over"": 1.15, ""plate_t_bot"": 0.05, ""plate_t_top"": 0.05, ""tilt_deg"": 2.0, ""tilt_jitter"": 0.0}}"
BH_p055_t00_grid_s23,floor,shingle/pyramid,"sheet, grid",0.05,23,d00,bl050_p055_t00_grid,shingle,5.5,0.05,47.0,pyramid,3.0,2.0,50.0,9.090909090909092,0.012071869264873993,0.0,0.0001586734433658421,0.04999997094273567,"{""backing"": 2.0, ""bot"": ""pyramid"", ""bot_depth"": 3.0, ""bot_params"": {""margin_depth_ref"": 50.0, ""pitch"": 2.0, ""tip_flat"": 0.1}, ""face_h"": 60.0, ""face_w"": 60.0, ""margin_depths"": 2.0, ""seed"": 23, ""top"": ""shingle"", ""top_depth"": 47.0, ""top_params"": {""azimuth_mode"": ""grid"", ""jitter"": 0.3, ""pitch"": 5.5, ""plate_over"": 1.15, ""plate_t_bot"": 0.05, ""plate_t_top"": 0.05, ""tilt_deg"": 0.0, ""tilt_jitter"": 0.0}}"
BH_p055_t00_grid_s23,floor,shingle/pyramid,"sheet, grid",0.05,23,d00,bl050_p055_t00_grid,shingle,5.5,0.05,47.0,pyramid,3.0,2.0,50.0,9.090909090909092,0.012071869264873993,-20.0,0.00020332021813374013,0.04999997094273567,"{""backing"": 2.0, ""bot"": ""pyramid"", ""bot_depth"": 3.0, ""bot_params"": {""margin_depth_ref"": 50.0, ""pitch"": 2.0, ""tip_flat"": 0.1}, ""face_h"": 60.0, ""face_w"": 60.0, ""margin_depths"": 2.0, ""seed"": 23, ""top"": ""shingle"", ""top_depth"": 47.0, ""top_params"": {""azimuth_mode"": ""grid"", ""jitter"": 0.3, ""pitch"": 5.5, ""plate_over"": 1.15, ""plate_t_bot"": 0.05, ""plate_t_top"": 0.05, ""tilt_deg"": 0.0, ""tilt_jitter"": 0.0}}"
BH_p055_t00_grid_s23,floor,shingle/pyramid,"sheet, grid",0.05,23,d00,bl050_p055_t00_grid,shingle,5.5,0.05,47.0,pyramid,3.0,2.0,50.0,9.090909090909092,0.012071869264873993,-40.0,0.00018351839389652014,0.04999997094273567,"{""backing"": 2.0, ""bot"": ""pyramid"", ""bot_depth"": 3.0, ""bot_params"": {""margin_depth_ref"": 50.0, ""pitch"": 2.0, ""tip_flat"": 0.1}, ""face_h"": 60.0, ""face_w"": 60.0, ""margin_depths"": 2.0, ""seed"": 23, ""top"": ""shingle"", ""top_depth"": 47.0, ""top_params"": {""azimuth_mode"": ""grid"", ""jitter"": 0.3, ""pitch"": 5.5, ""plate_over"": 1.15, ""plate_t_bot"": 0.05, ""plate_t_top"": 0.05, ""tilt_deg"": 0.0, ""tilt_jitter"": 0.0}}"
BH_p055_t00_grid_s23,floor,shingle/pyramid,"sheet, grid",0.05,23,d00,bl050_p055_t00_grid,shingle,5.5,0.05,47.0,pyramid,3.0,2.0,50.0,9.090909090909092,0.012071869264873993,20.0,0.0002088400797219947,0.04999997094273567,"{""backing"": 2.0, ""bot"": ""pyramid"", ""bot_depth"": 3.0, ""bot_params"": {""margin_depth_ref"": 50.0, ""pitch"": 2.0, ""tip_flat"": 0.1}, ""face_h"": 60.0, ""face_w"": 60.0, ""margin_depths"": 2.0, ""seed"": 23, ""top"": ""shingle"", ""top_depth"": 47.0, ""top_params"": {""azimuth_mode"": ""grid"", ""jitter"": 0.3, ""pitch"": 5.5, ""plate_over"": 1.15, ""plate_t_bot"": 0.05, ""plate_t_top"": 0.05, ""tilt_deg"": 0.0, ""tilt_jitter"": 0.0}}"
BH_p055_t00_grid_s23,floor,shingle/pyramid,"sheet, grid",0.05,23,d00,bl050_p055_t00_grid,shingle,5.5,0.05,47.0,pyramid,3.0,2.0,50.0,9.090909090909092,0.012071869264873993,40.0,0.00018465376342646778,0.04999997094273567,"{""backing"": 2.0, ""bot"": ""pyramid"", ""bot_depth"": 3.0, ""bot_params"": {""margin_depth_ref"": 50.0, ""pitch"": 2.0, ""tip_flat"": 0.1}, ""face_h"": 60.0, ""face_w"": 60.0, ""margin_depths"": 2.0, ""seed"": 23, ""top"": ""shingle"", ""top_depth"": 47.0, ""top_params"": {""azimuth_mode"": ""grid"", ""jitter"": 0.3, ""pitch"": 5.5, ""plate_over"": 1.15, ""plate_t_bot"": 0.05, ""plate_t_top"": 0.05, ""tilt_deg"": 0.0, ""tilt_jitter"": 0.0}}"
BH_p055_t00_grid_s23,floor,shingle/pyramid,"sheet, grid",0.05,23,d76,bl050_p055_t00_grid,shingle,5.5,0.05,47.0,pyramid,3.0,2.0,50.0,9.090909090909092,0.012071869264873993,0.0,0.00015632562281098217,0.04999997094273567,"{""backing"": 2.0, ""bot"": ""pyramid"", ""bot_depth"": 3.0, ""bot_params"": {""margin_depth_ref"": 50.0, ""pitch"": 2.0, ""tip_flat"": 0.1}, ""face_h"": 60.0, ""face_w"": 60.0, ""margin_depths"": 2.0, ""seed"": 23, ""top"": ""shingle"", ""top_depth"": 47.0, ""top_params"": {""azimuth_mode"": ""grid"", ""jitter"": 0.3, ""pitch"": 5.5, ""plate_over"": 1.15, ""plate_t_bot"": 0.05, ""plate_t_top"": 0.05, ""tilt_deg"": 0.0, ""tilt_jitter"": 0.0}}"
BH_p055_t00_grid_s23,floor,shingle/pyramid,"sheet, grid",0.05,23,d76,bl050_p055_t00_grid,shingle,5.5,0.05,47.0,pyramid,3.0,2.0,50.0,9.090909090909092,0.012071869264873993,-20.0,0.0007362010073848069,0.04999997094273567,"{""backing"": 2.0, ""bot"": ""pyramid"", ""bot_depth"": 3.0, ""bot_params"": {""margin_depth_ref"": 50.0, ""pitch"": 2.0, ""tip_flat"": 0.1}, ""face_h"": 60.0, ""face_w"": 60.0, ""margin_depths"": 2.0, ""seed"": 23, ""top"": ""shingle"", ""top_depth"": 47.0, ""top_params"": {""azimuth_mode"": ""grid"", ""jitter"": 0.3, ""pitch"": 5.5, ""plate_over"": 1.15, ""plate_t_bot"": 0.05, ""plate_t_top"": 0.05, ""tilt_deg"": 0.0, ""tilt_jitter"": 0.0}}"
BH_p055_t00_grid_s23,floor,shingle/pyramid,"sheet, grid",0.05,23,d76,bl050_p055_t00_grid,shingle,5.5,0.05,47.0,pyramid,3.0,2.0,50.0,9.090909090909092,0.012071869264873993,-40.0,0.0013461788184940815,0.04999997094273567,"{""backing"": 2.0, ""bot"": ""pyramid"", ""bot_depth"": 3.0, ""bot_params"": {""margin_depth_ref"": 50.0, ""pitch"": 2.0, ""tip_flat"": 0.1}, ""face_h"": 60.0, ""face_w"": 60.0, ""margin_depths"": 2.0, ""seed"": 23, ""top"": ""shingle"", ""top_depth"": 47.0, ""top_params"": {""azimuth_mode"": ""grid"", ""jitter"": 0.3, ""pitch"": 5.5, ""plate_over"": 1.15, ""plate_t_bot"": 0.05, ""plate_t_top"": 0.05, ""tilt_deg"": 0.0, ""tilt_jitter"": 0.0}}"
BH_p055_t00_grid_s23,floor,shingle/pyramid,"sheet, grid",0.05,23,d76,bl050_p055_t00_grid,shingle,5.5,0.05,47.0,pyramid,3.0,2.0,50.0,9.090909090909092,0.012071869264873993,20.0,0.0007298342534340918,0.04999997094273567,"{""backing"": 2.0, ""bot"": ""pyramid"", ""bot_depth"": 3.0, ""bot_params"": {""margin_depth_ref"": 50.0, ""pitch"": 2.0, ""tip_flat"": 0.1}, ""face_h"": 60.0, ""face_w"": 60.0, ""margin_depths"": 2.0, ""seed"": 23, ""top"": ""shingle"", ""top_depth"": 47.0, ""top_params"": {""azimuth_mode"": ""grid"", ""jitter"": 0.3, ""pitch"": 5.5, ""plate_over"": 1.15, ""plate_t_bot"": 0.05, ""plate_t_top"": 0.05, ""tilt_deg"": 0.0, ""tilt_jitter"": 0.0}}"
BH_p055_t00_grid_s23,floor,shingle/pyramid,"sheet, grid",0.05,23,d76,bl050_p055_t00_grid,shingle,5.5,0.05,47.0,pyramid,3.0,2.0,50.0,9.090909090909092,0.012071869264873993,40.0,0.0013290446950122714,0.04999997094273567,"{""backing"": 2.0, ""bot"": ""pyramid"", ""bot_depth"": 3.0, ""bot_params"": {""margin_depth_ref"": 50.0, ""pitch"": 2.0, ""tip_flat"": 0.1}, ""face_h"": 60.0, ""face_w"": 60.0, ""margin_depths"": 2.0, ""seed"": 23, ""top"": ""shingle"", ""top_depth"": 47.0, ""top_params"": {""azimuth_mode"": ""grid"", ""jitter"": 0.3, ""pitch"": 5.5, ""plate_over"": 1.15, ""plate_t_bot"": 0.05, ""plate_t_top"": 0.05, ""tilt_deg"": 0.0, ""tilt_jitter"": 0.0}}"
BH_p055_t00_grid_s23,floor,shingle/pyramid,"sheet, grid",0.05,23,d100,bl050_p055_t00_grid,shingle,5.5,0.05,47.0,pyramid,3.0,2.0,50.0,9.090909090909092,0.012071869264873993,0.0,0.00016591310850344598,0.04999997094273567,"{""backing"": 2.0, ""bot"": ""pyramid"", ""bot_depth"": 3.0, ""bot_params"": {""margin_depth_ref"": 50.0, ""pitch"": 2.0, ""tip_flat"": 0.1}, ""face_h"": 60.0, ""face_w"": 60.0, ""margin_depths"": 2.0, ""seed"": 23, ""top"": ""shingle"", ""top_depth"": 47.0, ""top_params"": {""azimuth_mode"": ""grid"", ""jitter"": 0.3, ""pitch"": 5.5, ""plate_over"": 1.15, ""plate_t_bot"": 0.05, ""plate_t_top"": 0.05, ""tilt_deg"": 0.0, ""tilt_jitter"": 0.0}}"
BH_p055_t00_grid_s23,floor,shingle/pyramid,"sheet, grid",0.05,23,d100,bl050_p055_t00_grid,shingle,5.5,0.05,47.0,pyramid,3.0,2.0,50.0,9.090909090909092,0.012071869264873993,-20.0,0.0009116839501075447,0.04999997094273567,"{""backing"": 2.0, ""bot"": ""pyramid"", ""bot_depth"": 3.0, ""bot_params"": {""margin_depth_ref"": 50.0, ""pitch"": 2.0, ""tip_flat"": 0.1}, ""face_h"": 60.0, ""face_w"": 60.0, ""margin_depths"": 2.0, ""seed"": 23, ""top"": ""shingle"", ""top_depth"": 47.0, ""top_params"": {""azimuth_mode"": ""grid"", ""jitter"": 0.3, ""pitch"": 5.5, ""plate_over"": 1.15, ""plate_t_bot"": 0.05, ""plate_t_top"": 0.05, ""tilt_deg"": 0.0, ""tilt_jitter"": 0.0}}"
BH_p055_t00_grid_s23,floor,shingle/pyramid,"sheet, grid",0.05,23,d100,bl050_p055_t00_grid,shingle,5.5,0.05,47.0,pyramid,3.0,2.0,50.0,9.090909090909092,0.012071869264873993,-40.0,0.0017134830122813582,0.04999997094273567,"{""backing"": 2.0, ""bot"": ""pyramid"", ""bot_depth"": 3.0, ""bot_params"": {""margin_depth_ref"": 50.0, ""pitch"": 2.0, ""tip_flat"": 0.1}, ""face_h"": 60.0, ""face_w"": 60.0, ""margin_depths"": 2.0, ""seed"": 23, ""top"": ""shingle"", ""top_depth"": 47.0, ""top_params"": {""azimuth_mode"": ""grid"", ""jitter"": 0.3, ""pitch"": 5.5, ""plate_over"": 1.15, ""plate_t_bot"": 0.05, ""plate_t_top"": 0.05, ""tilt_deg"": 0.0, ""tilt_jitter"": 0.0}}"
BH_p055_t00_grid_s23,floor,shingle/pyramid,"sheet, grid",0.05,23,d100,bl050_p055_t00_grid,shingle,5.5,0.05,47.0,pyramid,3.0,2.0,50.0,9.090909090909092,0.012071869264873993,20.0,0.0009002095903269947,0.04999997094273567,"{""backing"": 2.0, ""bot"": ""pyramid"", ""bot_depth"": 3.0, ""bot_params"": {""margin_depth_ref"": 50.0, ""pitch"": 2.0, ""tip_flat"": 0.1}, ""face_h"": 60.0, ""face_w"": 60.0, ""margin_depths"": 2.0, ""seed"": 23, ""top"": ""shingle"", ""top_depth"": 47.0, ""top_params"": {""azimuth_mode"": ""grid"", ""jitter"": 0.3, ""pitch"": 5.5, ""plate_over"": 1.15, ""plate_t_bot"": 0.05, ""plate_t_top"": 0.05, ""tilt_deg"": 0.0, ""tilt_jitter"": 0.0}}"
BH_p055_t00_grid_s23,floor,shingle/pyramid,"sheet, grid",0.05,23,d100,bl050_p055_t00_grid,shingle,5.5,0.05,47.0,pyramid,3.0,2.0,50.0,9.090909090909092,0.012071869264873993,40.0,0.0016958742635324597,0.04999997094273567,"{""backing"": 2.0, ""bot"": ""pyramid"", ""bot_depth"": 3.0, ""bot_params"": {""margin_depth_ref"": 50.0, ""pitch"": 2.0, ""tip_flat"": 0.1}, ""face_h"": 60.0, ""face_w"": 60.0, ""margin_depths"": 2.0, ""seed"": 23, ""top"": ""shingle"", ""top_depth"": 47.0, ""top_params"": {""azimuth_mode"": ""grid"", ""jitter"": 0.3, ""pitch"": 5.5, ""plate_over"": 1.15, ""plate_t_bot"": 0.05, ""plate_t_top"": 0.05, ""tilt_deg"": 0.0, ""tilt_jitter"": 0.0}}"
BH_p055_t05_grid_s23,floor,shingle/pyramid,"sheet, grid",0.05,23,d00,bl050_p055_t05_grid,shingle,5.5,0.05,47.0,pyramid,3.0,2.0,50.0,9.090909090909092,0.012071869264873993,0.0,0.000608809117693454,0.04999997094273567,"{""backing"": 2.0, ""bot"": ""pyramid"", ""bot_depth"": 3.0, ""bot_params"": {""margin_depth_ref"": 50.0, ""pitch"": 2.0, ""tip_flat"": 0.1}, ""face_h"": 60.0, ""face_w"": 60.0, ""margin_depths"": 2.0, ""seed"": 23, ""top"": ""shingle"", ""top_depth"": 47.0, ""top_params"": {""azimuth_mode"": ""grid"", ""jitter"": 0.3, ""pitch"": 5.5, ""plate_over"": 1.15, ""plate_t_bot"": 0.05, ""plate_t_top"": 0.05, ""tilt_deg"": 5.0, ""tilt_jitter"": 0.0}}"
BH_p055_t05_grid_s23,floor,shingle/pyramid,"sheet, grid",0.05,23,d00,bl050_p055_t05_grid,shingle,5.5,0.05,47.0,pyramid,3.0,2.0,50.0,9.090909090909092,0.012071869264873993,-20.0,0.0004741754673887044,0.04999997094273567,"{""backing"": 2.0, ""bot"": ""pyramid"", ""bot_depth"": 3.0, ""bot_params"": {""margin_depth_ref"": 50.0, ""pitch"": 2.0, ""tip_flat"": 0.1}, ""face_h"": 60.0, ""face_w"": 60.0, ""margin_depths"": 2.0, ""seed"": 23, ""top"": ""shingle"", ""top_depth"": 47.0, ""top_params"": {""azimuth_mode"": ""grid"", ""jitter"": 0.3, ""pitch"": 5.5, ""plate_over"": 1.15, ""plate_t_bot"": 0.05, ""plate_t_top"": 0.05, ""tilt_deg"": 5.0, ""tilt_jitter"": 0.0}}"
BH_p055_t05_grid_s23,floor,shingle/pyramid,"sheet, grid",0.05,23,d00,bl050_p055_t05_grid,shingle,5.5,0.05,47.0,pyramid,3.0,2.0,50.0,9.090909090909092,0.012071869264873993,-40.0,0.0004172797198407352,0.04999997094273567,"{""backing"": 2.0, ""bot"": ""pyramid"", ""bot_depth"": 3.0, ""bot_params"": {""margin_depth_ref"": 50.0, ""pitch"": 2.0, ""tip_flat"": 0.1}, ""face_h"": 60.0, ""face_w"": 60.0, ""margin_depths"": 2.0, ""seed"": 23, ""top"": ""shingle"", ""top_depth"": 47.0, ""top_params"": {""azimuth_mode"": ""grid"", ""jitter"": 0.3, ""pitch"": 5.5, ""plate_over"": 1.15, ""plate_t_bot"": 0.05, ""plate_t_top"": 0.05, ""tilt_deg"": 5.0, ""tilt_jitter"": 0.0}}"
BH_p055_t05_grid_s23,floor,shingle/pyramid,"sheet, grid",0.05,23,d00,bl050_p055_t05_grid,shingle,5.5,0.05,47.0,pyramid,3.0,2.0,50.0,9.090909090909092,0.012071869264873993,20.0,0.00040853480459190905,0.04999997094273567,"{""backing"": 2.0, ""bot"": ""pyramid"", ""bot_depth"": 3.0, ""bot_params"": {""margin_depth_ref"": 50.0, ""pitch"": 2.0, ""tip_flat"": 0.1}, ""face_h"": 60.0, ""face_w"": 60.0, ""margin_depths"": 2.0, ""seed"": 23, ""top"": ""shingle"", ""top_depth"": 47.0, ""top_params"": {""azimuth_mode"": ""grid"", ""jitter"": 0.3, ""pitch"": 5.5, ""plate_over"": 1.15, ""plate_t_bot"": 0.05, ""plate_t_top"": 0.05, ""tilt_deg"": 5.0, ""tilt_jitter"": 0.0}}"
BH_p055_t05_grid_s23,floor,shingle/pyramid,"sheet, grid",0.05,23,d00,bl050_p055_t05_grid,shingle,5.5,0.05,47.0,pyramid,3.0,2.0,50.0,9.090909090909092,0.012071869264873993,40.0,0.00042815395863726735,0.04999997094273567,"{""backing"": 2.0, ""bot"": ""pyramid"", ""bot_depth"": 3.0, ""bot_params"": {""margin_depth_ref"": 50.0, ""pitch"": 2.0, ""tip_flat"": 0.1}, ""face_h"": 60.0, ""face_w"": 60.0, ""margin_depths"": 2.0, ""seed"": 23, ""top"": ""shingle"", ""top_depth"": 47.0, ""top_params"": {""azimuth_mode"": ""grid"", ""jitter"": 0.3, ""pitch"": 5.5, ""plate_over"": 1.15, ""plate_t_bot"": 0.05, ""plate_t_top"": 0.05, ""tilt_deg"": 5.0, ""tilt_jitter"": 0.0}}"
BH_p055_t05_grid_s23,floor,shingle/pyramid,"sheet, grid",0.05,23,d76,bl050_p055_t05_grid,shingle,5.5,0.05,47.0,pyramid,3.0,2.0,50.0,9.090909090909092,0.012071869264873993,0.0,0.0005638616858050227,0.04999997094273567,"{""backing"": 2.0, ""bot"": ""pyramid"", ""bot_depth"": 3.0, ""bot_params"": {""margin_depth_ref"": 50.0, ""pitch"": 2.0, ""tip_flat"": 0.1}, ""face_h"": 60.0, ""face_w"": 60.0, ""margin_depths"": 2.0, ""seed"": 23, ""top"": ""shingle"", ""top_depth"": 47.0, ""top_params"": {""azimuth_mode"": ""grid"", ""jitter"": 0.3, ""pitch"": 5.5, ""plate_over"": 1.15, ""plate_t_bot"": 0.05, ""plate_t_top"": 0.05, ""tilt_deg"": 5.0, ""tilt_jitter"": 0.0}}"
BH_p055_t05_grid_s23,floor,shingle/pyramid,"sheet, grid",0.05,23,d76,bl050_p055_t05_grid,shingle,5.5,0.05,47.0,pyramid,3.0,2.0,50.0,9.090909090909092,0.012071869264873993,-20.0,0.0007684840820729733,0.04999997094273567,"{""backing"": 2.0, ""bot"": ""pyramid"", ""bot_depth"": 3.0, ""bot_params"": {""margin_depth_ref"": 50.0, ""pitch"": 2.0, ""tip_flat"": 0.1}, ""face_h"": 60.0, ""face_w"": 60.0, ""margin_depths"": 2.0, ""seed"": 23, ""top"": ""shingle"", ""top_depth"": 47.0, ""top_params"": {""azimuth_mode"": ""grid"", ""jitter"": 0.3, ""pitch"": 5.5, ""plate_over"": 1.15, ""plate_t_bot"": 0.05, ""plate_t_top"": 0.05, ""tilt_deg"": 5.0, ""tilt_jitter"": 0.0}}"
BH_p055_t05_grid_s23,floor,shingle/pyramid,"sheet, grid",0.05,23,d76,bl050_p055_t05_grid,shingle,5.5,0.05,47.0,pyramid,3.0,2.0,50.0,9.090909090909092,0.012071869264873993,-40.0,0.0012935118284076452,0.04999997094273567,"{""backing"": 2.0, ""bot"": ""pyramid"", ""bot_depth"": 3.0, ""bot_params"": {""margin_depth_ref"": 50.0, ""pitch"": 2.0, ""tip_flat"": 0.1}, ""face_h"": 60.0, ""face_w"": 60.0, ""margin_depths"": 2.0, ""seed"": 23, ""top"": ""shingle"", ""top_depth"": 47.0, ""top_params"": {""azimuth_mode"": ""grid"", ""jitter"": 0.3, ""pitch"": 5.5, ""plate_over"": 1.15, ""plate_t_bot"": 0.05, ""plate_t_top"": 0.05, ""tilt_deg"": 5.0, ""tilt_jitter"": 0.0}}"
BH_p055_t05_grid_s23,floor,shingle/pyramid,"sheet, grid",0.05,23,d76,bl050_p055_t05_grid,shingle,5.5,0.05,47.0,pyramid,3.0,2.0,50.0,9.090909090909092,0.012071869264873993,20.0,0.001099316868931055,0.04999997094273567,"{""backing"": 2.0, ""bot"": ""pyramid"", ""bot_depth"": 3.0, ""bot_params"": {""margin_depth_ref"": 50.0, ""pitch"": 2.0, ""tip_flat"": 0.1}, ""face_h"": 60.0, ""face_w"": 60.0, ""margin_depths"": 2.0, ""seed"": 23, ""top"": ""shingle"", ""top_depth"": 47.0, ""top_params"": {""azimuth_mode"": ""grid"", ""jitter"": 0.3, ""pitch"": 5.5, ""plate_over"": 1.15, ""plate_t_bot"": 0.05, ""plate_t_top"": 0.05, ""tilt_deg"": 5.0, ""tilt_jitter"": 0.0}}"
BH_p055_t05_grid_s23,floor,shingle/pyramid,"sheet, grid",0.05,23,d76,bl050_p055_t05_grid,shingle,5.5,0.05,47.0,pyramid,3.0,2.0,50.0,9.090909090909092,0.012071869264873993,40.0,0.001679806038737297,0.04999997094273567,"{""backing"": 2.0, ""bot"": ""pyramid"", ""bot_depth"": 3.0, ""bot_params"": {""margin_depth_ref"": 50.0, ""pitch"": 2.0, ""tip_flat"": 0.1}, ""face_h"": 60.0, ""face_w"": 60.0, ""margin_depths"": 2.0, ""seed"": 23, ""top"": ""shingle"", ""top_depth"": 47.0, ""top_params"": {""azimuth_mode"": ""grid"", ""jitter"": 0.3, ""pitch"": 5.5, ""plate_over"": 1.15, ""plate_t_bot"": 0.05, ""plate_t_top"": 0.05, ""tilt_deg"": 5.0, ""tilt_jitter"": 0.0}}"
BH_p055_t05_grid_s23,floor,shingle/pyramid,"sheet, grid",0.05,23,d100,bl050_p055_t05_grid,shingle,5.5,0.05,47.0,pyramid,3.0,2.0,50.0,9.090909090909092,0.012071869264873993,0.0,0.0005754136946052313,0.04999997094273567,"{""backing"": 2.0, ""bot"": ""pyramid"", ""bot_depth"": 3.0, ""bot_params"": {""margin_depth_ref"": 50.0, ""pitch"": 2.0, ""tip_flat"": 0.1}, ""face_h"": 60.0, ""face_w"": 60.0, ""margin_depths"": 2.0, ""seed"": 23, ""top"": ""shingle"", ""top_depth"": 47.0, ""top_params"": {""azimuth_mode"": ""grid"", ""jitter"": 0.3, ""pitch"": 5.5, ""plate_over"": 1.15, ""plate_t_bot"": 0.05, ""plate_t_top"": 0.05, ""tilt_deg"": 5.0, ""tilt_jitter"": 0.0}}"
BH_p055_t05_grid_s23,floor,shingle/pyramid,"sheet, grid",0.05,23,d100,bl050_p055_t05_grid,shingle,5.5,0.05,47.0,pyramid,3.0,2.0,50.0,9.090909090909092,0.012071869264873993,-20.0,0.0008742903592064977,0.04999997094273567,"{""backing"": 2.0, ""bot"": ""pyramid"", ""bot_depth"": 3.0, ""bot_params"": {""margin_depth_ref"": 50.0, ""pitch"": 2.0, ""tip_flat"": 0.1}, ""face_h"": 60.0, ""face_w"": 60.0, ""margin_depths"": 2.0, ""seed"": 23, ""top"": ""shingle"", ""top_depth"": 47.0, ""top_params"": {""azimuth_mode"": ""grid"", ""jitter"": 0.3, ""pitch"": 5.5, ""plate_over"": 1.15, ""plate_t_bot"": 0.05, ""plate_t_top"": 0.05, ""tilt_deg"": 5.0, ""tilt_jitter"": 0.0}}"
BH_p055_t05_grid_s23,floor,shingle/pyramid,"sheet, grid",0.05,23,d100,bl050_p055_t05_grid,shingle,5.5,0.05,47.0,pyramid,3.0,2.0,50.0,9.090909090909092,0.012071869264873993,-40.0,0.0015703864628449082,0.04999997094273567,"{""backing"": 2.0, ""bot"": ""pyramid"", ""bot_depth"": 3.0, ""bot_params"": {""margin_depth_ref"": 50.0, ""pitch"": 2.0, ""tip_flat"": 0.1}, ""face_h"": 60.0, ""face_w"": 60.0, ""margin_depths"": 2.0, ""seed"": 23, ""top"": ""shingle"", ""top_depth"": 47.0, ""top_params"": {""azimuth_mode"": ""grid"", ""jitter"": 0.3, ""pitch"": 5.5, ""plate_over"": 1.15, ""plate_t_bot"": 0.05, ""plate_t_top"": 0.05, ""tilt_deg"": 5.0, ""tilt_jitter"": 0.0}}"
BH_p055_t05_grid_s23,floor,shingle/pyramid,"sheet, grid",0.05,23,d100,bl050_p055_t05_grid,shingle,5.5,0.05,47.0,pyramid,3.0,2.0,50.0,9.090909090909092,0.012071869264873993,20.0,0.0013281834544613957,0.04999997094273567,"{""backing"": 2.0, ""bot"": ""pyramid"", ""bot_depth"": 3.0, ""bot_params"": {""margin_depth_ref"": 50.0, ""pitch"": 2.0, ""tip_flat"": 0.1}, ""face_h"": 60.0, ""face_w"": 60.0, ""margin_depths"": 2.0, ""seed"": 23, ""top"": ""shingle"", ""top_depth"": 47.0, ""top_params"": {""azimuth_mode"": ""grid"", ""jitter"": 0.3, ""pitch"": 5.5, ""plate_over"": 1.15, ""plate_t_bot"": 0.05, ""plate_t_top"": 0.05, ""tilt_deg"": 5.0, ""tilt_jitter"": 0.0}}"
BH_p055_t05_grid_s23,floor,shingle/pyramid,"sheet, grid",0.05,23,d100,bl050_p055_t05_grid,shingle,5.5,0.05,47.0,pyramid,3.0,2.0,50.0,9.090909090909092,0.012071869264873993,40.0,0.002085351850837469,0.04999997094273567,"{""backing"": 2.0, ""bot"": ""pyramid"", ""bot_depth"": 3.0, ""bot_params"": {""margin_depth_ref"": 50.0, ""pitch"": 2.0, ""tip_flat"": 0.1}, ""face_h"": 60.0, ""face_w"": 60.0, ""margin_depths"": 2.0, ""seed"": 23, ""top"": ""shingle"", ""top_depth"": 47.0, ""top_params"": {""azimuth_mode"": ""grid"", ""jitter"": 0.3, ""pitch"": 5.5, ""plate_over"": 1.15, ""plate_t_bot"": 0.05, ""plate_t_top"": 0.05, ""tilt_deg"": 5.0, ""tilt_jitter"": 0.0}}"
BH_p055_t10_grid_s23,floor,shingle/pyramid,"sheet, grid",0.05,23,d00,bl050_p055_t10_grid,shingle,5.5,0.05,47.0,pyramid,3.0,2.0,50.0,9.090909090909092,0.012071869264873993,0.0,0.0004893159493803978,0.04999997094273567,"{""backing"": 2.0, ""bot"": ""pyramid"", ""bot_depth"": 3.0, ""bot_params"": {""margin_depth_ref"": 50.0, ""pitch"": 2.0, ""tip_flat"": 0.1}, ""face_h"": 60.0, ""face_w"": 60.0, ""margin_depths"": 2.0, ""seed"": 23, ""top"": ""shingle"", ""top_depth"": 47.0, ""top_params"": {""azimuth_mode"": ""grid"", ""jitter"": 0.3, ""pitch"": 5.5, ""plate_over"": 1.15, ""plate_t_bot"": 0.05, ""plate_t_top"": 0.05, ""tilt_deg"": 10.0, ""tilt_jitter"": 0.0}}"
BH_p055_t10_grid_s23,floor,shingle/pyramid,"sheet, grid",0.05,23,d00,bl050_p055_t10_grid,shingle,5.5,0.05,47.0,pyramid,3.0,2.0,50.0,9.090909090909092,0.012071869264873993,-20.0,0.0004799867165274918,0.04999997094273567,"{""backing"": 2.0, ""bot"": ""pyramid"", ""bot_depth"": 3.0, ""bot_params"": {""margin_depth_ref"": 50.0, ""pitch"": 2.0, ""tip_flat"": 0.1}, ""face_h"": 60.0, ""face_w"": 60.0, ""margin_depths"": 2.0, ""seed"": 23, ""top"": ""shingle"", ""top_depth"": 47.0, ""top_params"": {""azimuth_mode"": ""grid"", ""jitter"": 0.3, ""pitch"": 5.5, ""plate_over"": 1.15, ""plate_t_bot"": 0.05, ""plate_t_top"": 0.05, ""tilt_deg"": 10.0, ""tilt_jitter"": 0.0}}"
BH_p055_t10_grid_s23,floor,shingle/pyramid,"sheet, grid",0.05,23,d00,bl050_p055_t10_grid,shingle,5.5,0.05,47.0,pyramid,3.0,2.0,50.0,9.090909090909092,0.012071869264873993,-40.0,0.00043154158629477024,0.04999997094273567,"{""backing"": 2.0, ""bot"": ""pyramid"", ""bot_depth"": 3.0, ""bot_params"": {""margin_depth_ref"": 50.0, ""pitch"": 2.0, ""tip_flat"": 0.1}, ""face_h"": 60.0, ""face_w"": 60.0, ""margin_depths"": 2.0, ""seed"": 23, ""top"": ""shingle"", ""top_depth"": 47.0, ""top_params"": {""azimuth_mode"": ""grid"", ""jitter"": 0.3, ""pitch"": 5.5, ""plate_over"": 1.15, ""plate_t_bot"": 0.05, ""plate_t_top"": 0.05, ""tilt_deg"": 10.0, ""tilt_jitter"": 0.0}}"
BH_p055_t10_grid_s23,floor,shingle/pyramid,"sheet, grid",0.05,23,d00,bl050_p055_t10_grid,shingle,5.5,0.05,47.0,pyramid,3.0,2.0,50.0,9.090909090909092,0.012071869264873993,20.0,0.00037288235034793615,0.04999997094273567,"{""backing"": 2.0, ""bot"": ""pyramid"", ""bot_depth"": 3.0, ""bot_params"": {""margin_depth_ref"": 50.0, ""pitch"": 2.0, ""tip_flat"": 0.1}, ""face_h"": 60.0, ""face_w"": 60.0, ""margin_depths"": 2.0, ""seed"": 23, ""top"": ""shingle"", ""top_depth"": 47.0, ""top_params"": {""azimuth_mode"": ""grid"", ""jitter"": 0.3, ""pitch"": 5.5, ""plate_over"": 1.15, ""plate_t_bot"": 0.05, ""plate_t_top"": 0.05, ""tilt_deg"": 10.0, ""tilt_jitter"": 0.0}}"
BH_p055_t10_grid_s23,floor,shingle/pyramid,"sheet, grid",0.05,23,d00,bl050_p055_t10_grid,shingle,5.5,0.05,47.0,pyramid,3.0,2.0,50.0,9.090909090909092,0.012071869264873993,40.0,0.00045167029020376503,0.04999997094273567,"{""backing"": 2.0, ""bot"": ""pyramid"", ""bot_depth"": 3.0, ""bot_params"": {""margin_depth_ref"": 50.0, ""pitch"": 2.0, ""tip_flat"": 0.1}, ""face_h"": 60.0, ""face_w"": 60.0, ""margin_depths"": 2.0, ""seed"": 23, ""top"": ""shingle"", ""top_depth"": 47.0, ""top_params"": {""azimuth_mode"": ""grid"", ""jitter"": 0.3, ""pitch"": 5.5, ""plate_over"": 1.15, ""plate_t_bot"": 0.05, ""plate_t_top"": 0.05, ""tilt_deg"": 10.0, ""tilt_jitter"": 0.0}}"
BH_p055_t10_grid_s23,floor,shingle/pyramid,"sheet, grid",0.05,23,d76,bl050_p055_t10_grid,shingle,5.5,0.05,47.0,pyramid,3.0,2.0,50.0,9.090909090909092,0.012071869264873993,0.0,0.0008953863871283829,0.04999997094273567,"{""backing"": 2.0, ""bot"": ""pyramid"", ""bot_depth"": 3.0, ""bot_params"": {""margin_depth_ref"": 50.0, ""pitch"": 2.0, ""tip_flat"": 0.1}, ""face_h"": 60.0, ""face_w"": 60.0, ""margin_depths"": 2.0, ""seed"": 23, ""top"": ""shingle"", ""top_depth"": 47.0, ""top_params"": {""azimuth_mode"": ""grid"", ""jitter"": 0.3, ""pitch"": 5.5, ""plate_over"": 1.15, ""plate_t_bot"": 0.05, ""plate_t_top"": 0.05, ""tilt_deg"": 10.0, ""tilt_jitter"": 0.0}}"
BH_p055_t10_grid_s23,floor,shingle/pyramid,"sheet, grid",0.05,23,d76,bl050_p055_t10_grid,shingle,5.5,0.05,47.0,pyramid,3.0,2.0,50.0,9.090909090909092,0.012071869264873993,-20.0,0.0007982822135090828,0.04999997094273567,"{""backing"": 2.0, ""bot"": ""pyramid"", ""bot_depth"": 3.0, ""bot_params"": {""margin_depth_ref"": 50.0, ""pitch"": 2.0, ""tip_flat"": 0.1}, ""face_h"": 60.0, ""face_w"": 60.0, ""margin_depths"": 2.0, ""seed"": 23, ""top"": ""shingle"", ""top_depth"": 47.0, ""top_params"": {""azimuth_mode"": ""grid"", ""jitter"": 0.3, ""pitch"": 5.5, ""plate_over"": 1.15, ""plate_t_bot"": 0.05, ""plate_t_top"": 0.05, ""tilt_deg"": 10.0, ""tilt_jitter"": 0.0}}"
BH_p055_t10_grid_s23,floor,shingle/pyramid,"sheet, grid",0.05,23,d76,bl050_p055_t10_grid,shingle,5.5,0.05,47.0,pyramid,3.0,2.0,50.0,9.090909090909092,0.012071869264873993,-40.0,0.001238735276274383,0.04999997094273567,"{""backing"": 2.0, ""bot"": ""pyramid"", ""bot_depth"": 3.0, ""bot_params"": {""margin_depth_ref"": 50.0, ""pitch"": 2.0, ""tip_flat"": 0.1}, ""face_h"": 60.0, ""face_w"": 60.0, ""margin_depths"": 2.0, ""seed"": 23, ""top"": ""shingle"", ""top_depth"": 47.0, ""top_params"": {""azimuth_mode"": ""grid"", ""jitter"": 0.3, ""pitch"": 5.5, ""plate_over"": 1.15, ""plate_t_bot"": 0.05, ""plate_t_top"": 0.05, ""tilt_deg"": 10.0, ""tilt_jitter"": 0.0}}"
BH_p055_t10_grid_s23,floor,shingle/pyramid,"sheet, grid",0.05,23,d76,bl050_p055_t10_grid,shingle,5.5,0.05,47.0,pyramid,3.0,2.0,50.0,9.090909090909092,0.012071869264873993,20.0,0.0014212041860446334,0.04999997094273567,"{""backing"": 2.0, ""bot"": ""pyramid"", ""bot_depth"": 3.0, ""bot_params"": {""margin_depth_ref"": 50.0, ""pitch"": 2.0, ""tip_flat"": 0.1}, ""face_h"": 60.0, ""face_w"": 60.0, ""margin_depths"": 2.0, ""seed"": 23, ""top"": ""shingle"", ""top_depth"": 47.0, ""top_params"": {""azimuth_mode"": ""grid"", ""jitter"": 0.3, ""pitch"": 5.5, ""plate_over"": 1.15, ""plate_t_bot"": 0.05, ""plate_t_top"": 0.05, ""tilt_deg"": 10.0, ""tilt_jitter"": 0.0}}"
BH_p055_t10_grid_s23,floor,shingle/pyramid,"sheet, grid",0.05,23,d76,bl050_p055_t10_grid,shingle,5.5,0.05,47.0,pyramid,3.0,2.0,50.0,9.090909090909092,0.012071869264873993,40.0,0.00199557445012033,0.04999997094273567,"{""backing"": 2.0, ""bot"": ""pyramid"", ""bot_depth"": 3.0, ""bot_params"": {""margin_depth_ref"": 50.0, ""pitch"": 2.0, ""tip_flat"": 0.1}, ""face_h"": 60.0, ""face_w"": 60.0, ""margin_depths"": 2.0, ""seed"": 23, ""top"": ""shingle"", ""top_depth"": 47.0, ""top_params"": {""azimuth_mode"": ""grid"", ""jitter"": 0.3, ""pitch"": 5.5, ""plate_over"": 1.15, ""plate_t_bot"": 0.05, ""plate_t_top"": 0.05, ""tilt_deg"": 10.0, ""tilt_jitter"": 0.0}}"
BH_p055_t10_grid_s23,floor,shingle/pyramid,"sheet, grid",0.05,23,d100,bl050_p055_t10_grid,shingle,5.5,0.05,47.0,pyramid,3.0,2.0,50.0,9.090909090909092,0.012071869264873993,0.0,0.0010474413866177201,0.04999997094273567,"{""backing"": 2.0, ""bot"": ""pyramid"", ""bot_depth"": 3.0, ""bot_params"": {""margin_depth_ref"": 50.0, ""pitch"": 2.0, ""tip_flat"": 0.1}, ""face_h"": 60.0, ""face_w"": 60.0, ""margin_depths"": 2.0, ""seed"": 23, ""top"": ""shingle"", ""top_depth"": 47.0, ""top_params"": {""azimuth_mode"": ""grid"", ""jitter"": 0.3, ""pitch"": 5.5, ""plate_over"": 1.15, ""plate_t_bot"": 0.05, ""plate_t_top"": 0.05, ""tilt_deg"": 10.0, ""tilt_jitter"": 0.0}}"
BH_p055_t10_grid_s23,floor,shingle/pyramid,"sheet, grid",0.05,23,d100,bl050_p055_t10_grid,shingle,5.5,0.05,47.0,pyramid,3.0,2.0,50.0,9.090909090909092,0.012071869264873993,-20.0,0.0009211109136231244,0.04999997094273567,"{""backing"": 2.0, ""bot"": ""pyramid"", ""bot_depth"": 3.0, ""bot_params"": {""margin_depth_ref"": 50.0, ""pitch"": 2.0, ""tip_flat"": 0.1}, ""face_h"": 60.0, ""face_w"": 60.0, ""margin_depths"": 2.0, ""seed"": 23, ""top"": ""shingle"", ""top_depth"": 47.0, ""top_params"": {""azimuth_mode"": ""grid"", ""jitter"": 0.3, ""pitch"": 5.5, ""plate_over"": 1.15, ""plate_t_bot"": 0.05, ""plate_t_top"": 0.05, ""tilt_deg"": 10.0, ""tilt_jitter"": 0.0}}"
BH_p055_t10_grid_s23,floor,shingle/pyramid,"sheet, grid",0.05,23,d100,bl050_p055_t10_grid,shingle,5.5,0.05,47.0,pyramid,3.0,2.0,50.0,9.090909090909092,0.012071869264873993,-40.0,0.0015096045099198818,0.04999997094273567,"{""backing"": 2.0, ""bot"": ""pyramid"", ""bot_depth"": 3.0, ""bot_params"": {""margin_depth_ref"": 50.0, ""pitch"": 2.0, ""tip_flat"": 0.1}, ""face_h"": 60.0, ""face_w"": 60.0, ""margin_depths"": 2.0, ""seed"": 23, ""top"": ""shingle"", ""top_depth"": 47.0, ""top_params"": {""azimuth_mode"": ""grid"", ""jitter"": 0.3, ""pitch"": 5.5, ""plate_over"": 1.15, ""plate_t_bot"": 0.05, ""plate_t_top"": 0.05, ""tilt_deg"": 10.0, ""tilt_jitter"": 0.0}}"
BH_p055_t10_grid_s23,floor,shingle/pyramid,"sheet, grid",0.05,23,d100,bl050_p055_t10_grid,shingle,5.5,0.05,47.0,pyramid,3.0,2.0,50.0,9.090909090909092,0.012071869264873993,20.0,0.0017662406899034977,0.04999997094273567,"{""backing"": 2.0, ""bot"": ""pyramid"", ""bot_depth"": 3.0, ""bot_params"": {""margin_depth_ref"": 50.0, ""pitch"": 2.0, ""tip_flat"": 0.1}, ""face_h"": 60.0, ""face_w"": 60.0, ""margin_depths"": 2.0, ""seed"": 23, ""top"": ""shingle"", ""top_depth"": 47.0, ""top_params"": {""azimuth_mode"": ""grid"", ""jitter"": 0.3, ""pitch"": 5.5, ""plate_over"": 1.15, ""plate_t_bot"": 0.05, ""plate_t_top"": 0.05, ""tilt_deg"": 10.0, ""tilt_jitter"": 0.0}}"
BH_p055_t10_grid_s23,floor,shingle/pyramid,"sheet, grid",0.05,23,d100,bl050_p055_t10_grid,shingle,5.5,0.05,47.0,pyramid,3.0,2.0,50.0,9.090909090909092,0.012071869264873993,40.0,0.002491679508239031,0.04999997094273567,"{""backing"": 2.0, ""bot"": ""pyramid"", ""bot_depth"": 3.0, ""bot_params"": {""margin_depth_ref"": 50.0, ""pitch"": 2.0, ""tip_flat"": 0.1}, ""face_h"": 60.0, ""face_w"": 60.0, ""margin_depths"": 2.0, ""seed"": 23, ""top"": ""shingle"", ""top_depth"": 47.0, ""top_params"": {""azimuth_mode"": ""grid"", ""jitter"": 0.3, ""pitch"": 5.5, ""plate_over"": 1.15, ""plate_t_bot"": 0.05, ""plate_t_top"": 0.05, ""tilt_deg"": 10.0, ""tilt_jitter"": 0.0}}"
BH_p055_t02_random_s23,floor,shingle/pyramid,"sheet, grid",0.05,23,d00,bl050_p055_t02_random,shingle,5.5,0.05,47.0,pyramid,3.0,2.0,50.0,9.090909090909092,0.012071869264873993,0.0,0.0005347775295376778,0.04999997094273567,"{""backing"": 2.0, ""bot"": ""pyramid"", ""bot_depth"": 3.0, ""bot_params"": {""margin_depth_ref"": 50.0, ""pitch"": 2.0, ""tip_flat"": 0.1}, ""face_h"": 60.0, ""face_w"": 60.0, ""margin_depths"": 2.0, ""seed"": 23, ""top"": ""shingle"", ""top_depth"": 47.0, ""top_params"": {""azimuth_mode"": ""random"", ""jitter"": 0.3, ""pitch"": 5.5, ""plate_over"": 1.15, ""plate_t_bot"": 0.05, ""plate_t_top"": 0.05, ""tilt_deg"": 2.0, ""tilt_jitter"": 0.0}}"
BH_p055_t02_random_s23,floor,shingle/pyramid,"sheet, grid",0.05,23,d00,bl050_p055_t02_random,shingle,5.5,0.05,47.0,pyramid,3.0,2.0,50.0,9.090909090909092,0.012071869264873993,-20.0,0.00036829395685344934,0.04999997094273567,"{""backing"": 2.0, ""bot"": ""pyramid"", ""bot_depth"": 3.0, ""bot_params"": {""margin_depth_ref"": 50.0, ""pitch"": 2.0, ""tip_flat"": 0.1}, ""face_h"": 60.0, ""face_w"": 60.0, ""margin_depths"": 2.0, ""seed"": 23, ""top"": ""shingle"", ""top_depth"": 47.0, ""top_params"": {""azimuth_mode"": ""random"", ""jitter"": 0.3, ""pitch"": 5.5, ""plate_over"": 1.15, ""plate_t_bot"": 0.05, ""plate_t_top"": 0.05, ""tilt_deg"": 2.0, ""tilt_jitter"": 0.0}}"
BH_p055_t02_random_s23,floor,shingle/pyramid,"sheet, grid",0.05,23,d00,bl050_p055_t02_random,shingle,5.5,0.05,47.0,pyramid,3.0,2.0,50.0,9.090909090909092,0.012071869264873993,-40.0,0.0003078340378124267,0.04999997094273567,"{""backing"": 2.0, ""bot"": ""pyramid"", ""bot_depth"": 3.0, ""bot_params"": {""margin_depth_ref"": 50.0, ""pitch"": 2.0, ""tip_flat"": 0.1}, ""face_h"": 60.0, ""face_w"": 60.0, ""margin_depths"": 2.0, ""seed"": 23, ""top"": ""shingle"", ""top_depth"": 47.0, ""top_params"": {""azimuth_mode"": ""random"", ""jitter"": 0.3, ""pitch"": 5.5, ""plate_over"": 1.15, ""plate_t_bot"": 0.05, ""plate_t_top"": 0.05, ""tilt_deg"": 2.0, ""tilt_jitter"": 0.0}}"
BH_p055_t02_random_s23,floor,shingle/pyramid,"sheet, grid",0.05,23,d00,bl050_p055_t02_random,shingle,5.5,0.05,47.0,pyramid,3.0,2.0,50.0,9.090909090909092,0.012071869264873993,20.0,0.0004046216781716794,0.04999997094273567,"{""backing"": 2.0, ""bot"": ""pyramid"", ""bot_depth"": 3.0, ""bot_params"": {""margin_depth_ref"": 50.0, ""pitch"": 2.0, ""tip_flat"": 0.1}, ""face_h"": 60.0, ""face_w"": 60.0, ""margin_depths"": 2.0, ""seed"": 23, ""top"": ""shingle"", ""top_depth"": 47.0, ""top_params"": {""azimuth_mode"": ""random"", ""jitter"": 0.3, ""pitch"": 5.5, ""plate_over"": 1.15, ""plate_t_bot"": 0.05, ""plate_t_top"": 0.05, ""tilt_deg"": 2.0, ""tilt_jitter"": 0.0}}"
BH_p055_t02_random_s23,floor,shingle/pyramid,"sheet, grid",0.05,23,d00,bl050_p055_t02_random,shingle,5.5,0.05,47.0,pyramid,3.0,2.0,50.0,9.090909090909092,0.012071869264873993,40.0,0.0003585190570447594,0.04999997094273567,"{""backing"": 2.0, ""bot"": ""pyramid"", ""bot_depth"": 3.0, ""bot_params"": {""margin_depth_ref"": 50.0, ""pitch"": 2.0, ""tip_flat"": 0.1}, ""face_h"": 60.0, ""face_w"": 60.0, ""margin_depths"": 2.0, ""seed"": 23, ""top"": ""shingle"", ""top_depth"": 47.0, ""top_params"": {""azimuth_mode"": ""random"", ""jitter"": 0.3, ""pitch"": 5.5, ""plate_over"": 1.15, ""plate_t_bot"": 0.05, ""plate_t_top"": 0.05, ""tilt_deg"": 2.0, ""tilt_jitter"": 0.0}}"
BH_p055_t02_random_s23,floor,shingle/pyramid,"sheet, grid",0.05,23,d76,bl050_p055_t02_random,shingle,5.5,0.05,47.0,pyramid,3.0,2.0,50.0,9.090909090909092,0.012071869264873993,0.0,0.00036456083762459457,0.04999997094273567,"{""backing"": 2.0, ""bot"": ""pyramid"", ""bot_depth"": 3.0, ""bot_params"": {""margin_depth_ref"": 50.0, ""pitch"": 2.0, ""tip_flat"": 0.1}, ""face_h"": 60.0, ""face_w"": 60.0, ""margin_depths"": 2.0, ""seed"": 23, ""top"": ""shingle"", ""top_depth"": 47.0, ""top_params"": {""azimuth_mode"": ""random"", ""jitter"": 0.3, ""pitch"": 5.5, ""plate_over"": 1.15, ""plate_t_bot"": 0.05, ""plate_t_top"": 0.05, ""tilt_deg"": 2.0, ""tilt_jitter"": 0.0}}"
BH_p055_t02_random_s23,floor,shingle/pyramid,"sheet, grid",0.05,23,d76,bl050_p055_t02_random,shingle,5.5,0.05,47.0,pyramid,3.0,2.0,50.0,9.090909090909092,0.012071869264873993,-20.0,0.0008821230730973184,0.04999997094273567,"{""backing"": 2.0, ""bot"": ""pyramid"", ""bot_depth"": 3.0, ""bot_params"": {""margin_depth_ref"": 50.0, ""pitch"": 2.0, ""tip_flat"": 0.1}, ""face_h"": 60.0, ""face_w"": 60.0, ""margin_depths"": 2.0, ""seed"": 23, ""top"": ""shingle"", ""top_depth"": 47.0, ""top_params"": {""azimuth_mode"": ""random"", ""jitter"": 0.3, ""pitch"": 5.5, ""plate_over"": 1.15, ""plate_t_bot"": 0.05, ""plate_t_top"": 0.05, ""tilt_deg"": 2.0, ""tilt_jitter"": 0.0}}"
BH_p055_t02_random_s23,floor,shingle/pyramid,"sheet, grid",0.05,23,d76,bl050_p055_t02_random,shingle,5.5,0.05,47.0,pyramid,3.0,2.0,50.0,9.090909090909092,0.012071869264873993,-40.0,0.0015044728061184287,0.04999997094273567,"{""backing"": 2.0, ""bot"": ""pyramid"", ""bot_depth"": 3.0, ""bot_params"": {""margin_depth_ref"": 50.0, ""pitch"": 2.0, ""tip_flat"": 0.1}, ""face_h"": 60.0, ""face_w"": 60.0, ""margin_depths"": 2.0, ""seed"": 23, ""top"": ""shingle"", ""top_depth"": 47.0, ""top_params"": {""azimuth_mode"": ""random"", ""jitter"": 0.3, ""pitch"": 5.5, ""plate_over"": 1.15, ""plate_t_bot"": 0.05, ""plate_t_top"": 0.05, ""tilt_deg"": 2.0, ""tilt_jitter"": 0.0}}"
BH_p055_t02_random_s23,floor,shingle/pyramid,"sheet, grid",0.05,23,d76,bl050_p055_t02_random,shingle,5.5,0.05,47.0,pyramid,3.0,2.0,50.0,9.090909090909092,0.012071869264873993,20.0,0.0009161998168565333,0.04999997094273567,"{""backing"": 2.0, ""bot"": ""pyramid"", ""bot_depth"": 3.0, ""bot_params"": {""margin_depth_ref"": 50.0, ""pitch"": 2.0, ""tip_flat"": 0.1}, ""face_h"": 60.0, ""face_w"": 60.0, ""margin_depths"": 2.0, ""seed"": 23, ""top"": ""shingle"", ""top_depth"": 47.0, ""top_params"": {""azimuth_mode"": ""random"", ""jitter"": 0.3, ""pitch"": 5.5, ""plate_over"": 1.15, ""plate_t_bot"": 0.05, ""plate_t_top"": 0.05, ""tilt_deg"": 2.0, ""tilt_jitter"": 0.0}}"
BH_p055_t02_random_s23,floor,shingle/pyramid,"sheet, grid",0.05,23,d76,bl050_p055_t02_random,shingle,5.5,0.05,47.0,pyramid,3.0,2.0,50.0,9.090909090909092,0.012071869264873993,40.0,0.0015289612347260118,0.04999997094273567,"{""backing"": 2.0, ""bot"": ""pyramid"", ""bot_depth"": 3.0, ""bot_params"": {""margin_depth_ref"": 50.0, ""pitch"": 2.0, ""tip_flat"": 0.1}, ""face_h"": 60.0, ""face_w"": 60.0, ""margin_depths"": 2.0, ""seed"": 23, ""top"": ""shingle"", ""top_depth"": 47.0, ""top_params"": {""azimuth_mode"": ""random"", ""jitter"": 0.3, ""pitch"": 5.5, ""plate_over"": 1.15, ""plate_t_bot"": 0.05, ""plate_t_top"": 0.05, ""tilt_deg"": 2.0, ""tilt_jitter"": 0.0}}"
BH_p055_t02_random_s23,floor,shingle/pyramid,"sheet, grid",0.05,23,d100,bl050_p055_t02_random,shingle,5.5,0.05,47.0,pyramid,3.0,2.0,50.0,9.090909090909092,0.012071869264873993,0.0,0.000323575601214543,0.04999997094273567,"{""backing"": 2.0, ""bot"": ""pyramid"", ""bot_depth"": 3.0, ""bot_params"": {""margin_depth_ref"": 50.0, ""pitch"": 2.0, ""tip_flat"": 0.1}, ""face_h"": 60.0, ""face_w"": 60.0, ""margin_depths"": 2.0, ""seed"": 23, ""top"": ""shingle"", ""top_depth"": 47.0, ""top_params"": {""azimuth_mode"": ""random"", ""jitter"": 0.3, ""pitch"": 5.5, ""plate_over"": 1.15, ""plate_t_bot"": 0.05, ""plate_t_top"": 0.05, ""tilt_deg"": 2.0, ""tilt_jitter"": 0.0}}"
BH_p055_t02_random_s23,floor,shingle/pyramid,"sheet, grid",0.05,23,d100,bl050_p055_t02_random,shingle,5.5,0.05,47.0,pyramid,3.0,2.0,50.0,9.090909090909092,0.012071869264873993,-20.0,0.0010529770515859127,0.04999997094273567,"{""backing"": 2.0, ""bot"": ""pyramid"", ""bot_depth"": 3.0, ""bot_params"": {""margin_depth_ref"": 50.0, ""pitch"": 2.0, ""tip_flat"": 0.1}, ""face_h"": 60.0, ""face_w"": 60.0, ""margin_depths"": 2.0, ""seed"": 23, ""top"": ""shingle"", ""top_depth"": 47.0, ""top_params"": {""azimuth_mode"": ""random"", ""jitter"": 0.3, ""pitch"": 5.5, ""plate_over"": 1.15, ""plate_t_bot"": 0.05, ""plate_t_top"": 0.05, ""tilt_deg"": 2.0, ""tilt_jitter"": 0.0}}"
BH_p055_t02_random_s23,floor,shingle/pyramid,"sheet, grid",0.05,23,d100,bl050_p055_t02_random,shingle,5.5,0.05,47.0,pyramid,3.0,2.0,50.0,9.090909090909092,0.012071869264873993,-40.0,0.0018934544641524553,0.04999997094273567,"{""backing"": 2.0, ""bot"": ""pyramid"", ""bot_depth"": 3.0, ""bot_params"": {""margin_depth_ref"": 50.0, ""pitch"": 2.0, ""tip_flat"": 0.1}, ""face_h"": 60.0, ""face_w"": 60.0, ""margin_depths"": 2.0, ""seed"": 23, ""top"": ""shingle"", ""top_depth"": 47.0, ""top_params"": {""azimuth_mode"": ""random"", ""jitter"": 0.3, ""pitch"": 5.5, ""plate_over"": 1.15, ""plate_t_bot"": 0.05, ""plate_t_top"": 0.05, ""tilt_deg"": 2.0, ""tilt_jitter"": 0.0}}"
BH_p055_t02_random_s23,floor,shingle/pyramid,"sheet, grid",0.05,23,d100,bl050_p055_t02_random,shingle,5.5,0.05,47.0,pyramid,3.0,2.0,50.0,9.090909090909092,0.012071869264873993,20.0,0.001094492501579225,0.04999997094273567,"{""backing"": 2.0, ""bot"": ""pyramid"", ""bot_depth"": 3.0, ""bot_params"": {""margin_depth_ref"": 50.0, ""pitch"": 2.0, ""tip_flat"": 0.1}, ""face_h"": 60.0, ""face_w"": 60.0, ""margin_depths"": 2.0, ""seed"": 23, ""top"": ""shingle"", ""top_depth"": 47.0, ""top_params"": {""azimuth_mode"": ""random"", ""jitter"": 0.3, ""pitch"": 5.5, ""plate_over"": 1.15, ""plate_t_bot"": 0.05, ""plate_t_top"": 0.05, ""tilt_deg"": 2.0, ""tilt_jitter"": 0.0}}"
BH_p055_t02_random_s23,floor,shingle/pyramid,"sheet, grid",0.05,23,d100,bl050_p055_t02_random,shingle,5.5,0.05,47.0,pyramid,3.0,2.0,50.0,9.090909090909092,0.012071869264873993,40.0,0.001917289919219911,0.04999997094273567,"{""backing"": 2.0, ""bot"": ""pyramid"", ""bot_depth"": 3.0, ""bot_params"": {""margin_depth_ref"": 50.0, ""pitch"": 2.0, ""tip_flat"": 0.1}, ""face_h"": 60.0, ""face_w"": 60.0, ""margin_depths"": 2.0, ""seed"": 23, ""top"": ""shingle"", ""top_depth"": 47.0, ""top_params"": {""azimuth_mode"": ""random"", ""jitter"": 0.3, ""pitch"": 5.5, ""plate_over"": 1.15, ""plate_t_bot"": 0.05, ""plate_t_top"": 0.05, ""tilt_deg"": 2.0, ""tilt_jitter"": 0.0}}"
BH_p055_t02_parallel_s23,floor,shingle/pyramid,"sheet, grid",0.05,23,d00,bl050_p055_t02_parallel,shingle,5.5,0.05,47.0,pyramid,3.0,2.0,50.0,9.090909090909092,0.012071869264873993,0.0,0.0006953105330467224,0.04999997094273567,"{""backing"": 2.0, ""bot"": ""pyramid"", ""bot_depth"": 3.0, ""bot_params"": {""margin_depth_ref"": 50.0, ""pitch"": 2.0, ""tip_flat"": 0.1}, ""face_h"": 60.0, ""face_w"": 60.0, ""margin_depths"": 2.0, ""seed"": 23, ""top"": ""shingle"", ""top_depth"": 47.0, ""top_params"": {""azimuth_mode"": ""parallel"", ""jitter"": 0.3, ""pitch"": 5.5, ""plate_over"": 1.15, ""plate_t_bot"": 0.05, ""plate_t_top"": 0.05, ""tilt_deg"": 2.0, ""tilt_jitter"": 0.0}}"
BH_p055_t02_parallel_s23,floor,shingle/pyramid,"sheet, grid",0.05,23,d00,bl050_p055_t02_parallel,shingle,5.5,0.05,47.0,pyramid,3.0,2.0,50.0,9.090909090909092,0.012071869264873993,-20.0,0.0002884005371015519,0.04999997094273567,"{""backing"": 2.0, ""bot"": ""pyramid"", ""bot_depth"": 3.0, ""bot_params"": {""margin_depth_ref"": 50.0, ""pitch"": 2.0, ""tip_flat"": 0.1}, ""face_h"": 60.0, ""face_w"": 60.0, ""margin_depths"": 2.0, ""seed"": 23, ""top"": ""shingle"", ""top_depth"": 47.0, ""top_params"": {""azimuth_mode"": ""parallel"", ""jitter"": 0.3, ""pitch"": 5.5, ""plate_over"": 1.15, ""plate_t_bot"": 0.05, ""plate_t_top"": 0.05, ""tilt_deg"": 2.0, ""tilt_jitter"": 0.0}}"
BH_p055_t02_parallel_s23,floor,shingle/pyramid,"sheet, grid",0.05,23,d00,bl050_p055_t02_parallel,shingle,5.5,0.05,47.0,pyramid,3.0,2.0,50.0,9.090909090909092,0.012071869264873993,-40.0,0.0002072455536108464,0.04999997094273567,"{""backing"": 2.0, ""bot"": ""pyramid"", ""bot_depth"": 3.0, ""bot_params"": {""margin_depth_ref"": 50.0, ""pitch"": 2.0, ""tip_flat"": 0.1}, ""face_h"": 60.0, ""face_w"": 60.0, ""margin_depths"": 2.0, ""seed"": 23, ""top"": ""shingle"", ""top_depth"": 47.0, ""top_params"": {""azimuth_mode"": ""parallel"", ""jitter"": 0.3, ""pitch"": 5.5, ""plate_over"": 1.15, ""plate_t_bot"": 0.05, ""plate_t_top"": 0.05, ""tilt_deg"": 2.0, ""tilt_jitter"": 0.0}}"
BH_p055_t02_parallel_s23,floor,shingle/pyramid,"sheet, grid",0.05,23,d00,bl050_p055_t02_parallel,shingle,5.5,0.05,47.0,pyramid,3.0,2.0,50.0,9.090909090909092,0.012071869264873993,20.0,0.0002586515329312533,0.04999997094273567,"{""backing"": 2.0, ""bot"": ""pyramid"", ""bot_depth"": 3.0, ""bot_params"": {""margin_depth_ref"": 50.0, ""pitch"": 2.0, ""tip_flat"": 0.1}, ""face_h"": 60.0, ""face_w"": 60.0, ""margin_depths"": 2.0, ""seed"": 23, ""top"": ""shingle"", ""top_depth"": 47.0, ""top_params"": {""azimuth_mode"": ""parallel"", ""jitter"": 0.3, ""pitch"": 5.5, ""plate_over"": 1.15, ""plate_t_bot"": 0.05, ""plate_t_top"": 0.05, ""tilt_deg"": 2.0, ""tilt_jitter"": 0.0}}"
BH_p055_t02_parallel_s23,floor,shingle/pyramid,"sheet, grid",0.05,23,d00,bl050_p055_t02_parallel,shingle,5.5,0.05,47.0,pyramid,3.0,2.0,50.0,9.090909090909092,0.012071869264873993,40.0,0.00021878902043681592,0.04999997094273567,"{""backing"": 2.0, ""bot"": ""pyramid"", ""bot_depth"": 3.0, ""bot_params"": {""margin_depth_ref"": 50.0, ""pitch"": 2.0, ""tip_flat"": 0.1}, ""face_h"": 60.0, ""face_w"": 60.0, ""margin_depths"": 2.0, ""seed"": 23, ""top"": ""shingle"", ""top_depth"": 47.0, ""top_params"": {""azimuth_mode"": ""parallel"", ""jitter"": 0.3, ""pitch"": 5.5, ""plate_over"": 1.15, ""plate_t_bot"": 0.05, ""plate_t_top"": 0.05, ""tilt_deg"": 2.0, ""tilt_jitter"": 0.0}}"
BH_p055_t02_parallel_s23,floor,shingle/pyramid,"sheet, grid",0.05,23,d76,bl050_p055_t02_parallel,shingle,5.5,0.05,47.0,pyramid,3.0,2.0,50.0,9.090909090909092,0.012071869264873993,0.0,0.0004726123879663646,0.04999997094273567,"{""backing"": 2.0, ""bot"": ""pyramid"", ""bot_depth"": 3.0, ""bot_params"": {""margin_depth_ref"": 50.0, ""pitch"": 2.0, ""tip_flat"": 0.1}, ""face_h"": 60.0, ""face_w"": 60.0, ""margin_depths"": 2.0, ""seed"": 23, ""top"": ""shingle"", ""top_depth"": 47.0, ""top_params"": {""azimuth_mode"": ""parallel"", ""jitter"": 0.3, ""pitch"": 5.5, ""plate_over"": 1.15, ""plate_t_bot"": 0.05, ""plate_t_top"": 0.05, ""tilt_deg"": 2.0, ""tilt_jitter"": 0.0}}"
BH_p055_t02_parallel_s23,floor,shingle/pyramid,"sheet, grid",0.05,23,d76,bl050_p055_t02_parallel,shingle,5.5,0.05,47.0,pyramid,3.0,2.0,50.0,9.090909090909092,0.012071869264873993,-20.0,0.0010687645990401506,0.04999997094273567,"{""backing"": 2.0, ""bot"": ""pyramid"", ""bot_depth"": 3.0, ""bot_params"": {""margin_depth_ref"": 50.0, ""pitch"": 2.0, ""tip_flat"": 0.1}, ""face_h"": 60.0, ""face_w"": 60.0, ""margin_depths"": 2.0, ""seed"": 23, ""top"": ""shingle"", ""top_depth"": 47.0, ""top_params"": {""azimuth_mode"": ""parallel"", ""jitter"": 0.3, ""pitch"": 5.5, ""plate_over"": 1.15, ""plate_t_bot"": 0.05, ""plate_t_top"": 0.05, ""tilt_deg"": 2.0, ""tilt_jitter"": 0.0}}"
BH_p055_t02_parallel_s23,floor,shingle/pyramid,"sheet, grid",0.05,23,d76,bl050_p055_t02_parallel,shingle,5.5,0.05,47.0,pyramid,3.0,2.0,50.0,9.090909090909092,0.012071869264873993,-40.0,0.0018820316763594747,0.04999997094273567,"{""backing"": 2.0, ""bot"": ""pyramid"", ""bot_depth"": 3.0, ""bot_params"": {""margin_depth_ref"": 50.0, ""pitch"": 2.0, ""tip_flat"": 0.1}, ""face_h"": 60.0, ""face_w"": 60.0, ""margin_depths"": 2.0, ""seed"": 23, ""top"": ""shingle"", ""top_depth"": 47.0, ""top_params"": {""azimuth_mode"": ""parallel"", ""jitter"": 0.3, ""pitch"": 5.5, ""plate_over"": 1.15, ""plate_t_bot"": 0.05, ""plate_t_top"": 0.05, ""tilt_deg"": 2.0, ""tilt_jitter"": 0.0}}"
BH_p055_t02_parallel_s23,floor,shingle/pyramid,"sheet, grid",0.05,23,d76,bl050_p055_t02_parallel,shingle,5.5,0.05,47.0,pyramid,3.0,2.0,50.0,9.090909090909092,0.012071869264873993,20.0,0.001323522999882698,0.04999997094273567,"{""backing"": 2.0, ""bot"": ""pyramid"", ""bot_depth"": 3.0, ""bot_params"": {""margin_depth_ref"": 50.0, ""pitch"": 2.0, ""tip_flat"": 0.1}, ""face_h"": 60.0, ""face_w"": 60.0, ""margin_depths"": 2.0, ""seed"": 23, ""top"": ""shingle"", ""top_depth"": 47.0, ""top_params"": {""azimuth_mode"": ""parallel"", ""jitter"": 0.3, ""pitch"": 5.5, ""plate_over"": 1.15, ""plate_t_bot"": 0.05, ""plate_t_top"": 0.05, ""tilt_deg"": 2.0, ""tilt_jitter"": 0.0}}"
BH_p055_t02_parallel_s23,floor,shingle/pyramid,"sheet, grid",0.05,23,d76,bl050_p055_t02_parallel,shingle,5.5,0.05,47.0,pyramid,3.0,2.0,50.0,9.090909090909092,0.012071869264873993,40.0,0.00214063236489892,0.04999997094273567,"{""backing"": 2.0, ""bot"": ""pyramid"", ""bot_depth"": 3.0, ""bot_params"": {""margin_depth_ref"": 50.0, ""pitch"": 2.0, ""tip_flat"": 0.1}, ""face_h"": 60.0, ""face_w"": 60.0, ""margin_depths"": 2.0, ""seed"": 23, ""top"": ""shingle"", ""top_depth"": 47.0, ""top_params"": {""azimuth_mode"": ""parallel"", ""jitter"": 0.3, ""pitch"": 5.5, ""plate_over"": 1.15, ""plate_t_bot"": 0.05, ""plate_t_top"": 0.05, ""tilt_deg"": 2.0, ""tilt_jitter"": 0.0}}"
BH_p055_t02_parallel_s23,floor,shingle/pyramid,"sheet, grid",0.05,23,d100,bl050_p055_t02_parallel,shingle,5.5,0.05,47.0,pyramid,3.0,2.0,50.0,9.090909090909092,0.012071869264873993,0.0,0.00041270299698226154,0.04999997094273567,"{""backing"": 2.0, ""bot"": ""pyramid"", ""bot_depth"": 3.0, ""bot_params"": {""margin_depth_ref"": 50.0, ""pitch"": 2.0, ""tip_flat"": 0.1}, ""face_h"": 60.0, ""face_w"": 60.0, ""margin_depths"": 2.0, ""seed"": 23, ""top"": ""shingle"", ""top_depth"": 47.0, ""top_params"": {""azimuth_mode"": ""parallel"", ""jitter"": 0.3, ""pitch"": 5.5, ""plate_over"": 1.15, ""plate_t_bot"": 0.05, ""plate_t_top"": 0.05, ""tilt_deg"": 2.0, ""tilt_jitter"": 0.0}}"
BH_p055_t02_parallel_s23,floor,shingle/pyramid,"sheet, grid",0.05,23,d100,bl050_p055_t02_parallel,shingle,5.5,0.05,47.0,pyramid,3.0,2.0,50.0,9.090909090909092,0.012071869264873993,-20.0,0.0013263416476547718,0.04999997094273567,"{""backing"": 2.0, ""bot"": ""pyramid"", ""bot_depth"": 3.0, ""bot_params"": {""margin_depth_ref"": 50.0, ""pitch"": 2.0, ""tip_flat"": 0.1}, ""face_h"": 60.0, ""face_w"": 60.0, ""margin_depths"": 2.0, ""seed"": 23, ""top"": ""shingle"", ""top_depth"": 47.0, ""top_params"": {""azimuth_mode"": ""parallel"", ""jitter"": 0.3, ""pitch"": 5.5, ""plate_over"": 1.15, ""plate_t_bot"": 0.05, ""plate_t_top"": 0.05, ""tilt_deg"": 2.0, ""tilt_jitter"": 0.0}}"
BH_p055_t02_parallel_s23,floor,shingle/pyramid,"sheet, grid",0.05,23,d100,bl050_p055_t02_parallel,shingle,5.5,0.05,47.0,pyramid,3.0,2.0,50.0,9.090909090909092,0.012071869264873993,-40.0,0.002418514806777239,0.04999997094273567,"{""backing"": 2.0, ""bot"": ""pyramid"", ""bot_depth"": 3.0, ""bot_params"": {""margin_depth_ref"": 50.0, ""pitch"": 2.0, ""tip_flat"": 0.1}, ""face_h"": 60.0, ""face_w"": 60.0, ""margin_depths"": 2.0, ""seed"": 23, ""top"": ""shingle"", ""top_depth"": 47.0, ""top_params"": {""azimuth_mode"": ""parallel"", ""jitter"": 0.3, ""pitch"": 5.5, ""plate_over"": 1.15, ""plate_t_bot"": 0.05, ""plate_t_top"": 0.05, ""tilt_deg"": 2.0, ""tilt_jitter"": 0.0}}"
BH_p055_t02_parallel_s23,floor,shingle/pyramid,"sheet, grid",0.05,23,d100,bl050_p055_t02_parallel,shingle,5.5,0.05,47.0,pyramid,3.0,2.0,50.0,9.090909090909092,0.012071869264873993,20.0,0.0016706265741959214,0.04999997094273567,"{""backing"": 2.0, ""bot"": ""pyramid"", ""bot_depth"": 3.0, ""bot_params"": {""margin_depth_ref"": 50.0, ""pitch"": 2.0, ""tip_flat"": 0.1}, ""face_h"": 60.0, ""face_w"": 60.0, ""margin_depths"": 2.0, ""seed"": 23, ""top"": ""shingle"", ""top_depth"": 47.0, ""top_params"": {""azimuth_mode"": ""parallel"", ""jitter"": 0.3, ""pitch"": 5.5, ""plate_over"": 1.15, ""plate_t_bot"": 0.05, ""plate_t_top"": 0.05, ""tilt_deg"": 2.0, ""tilt_jitter"": 0.0}}"
BH_p055_t02_parallel_s23,floor,shingle/pyramid,"sheet, grid",0.05,23,d100,bl050_p055_t02_parallel,shingle,5.5,0.05,47.0,pyramid,3.0,2.0,50.0,9.090909090909092,0.012071869264873993,40.0,0.002763584954664111,0.04999997094273567,"{""backing"": 2.0, ""bot"": ""pyramid"", ""bot_depth"": 3.0, ""bot_params"": {""margin_depth_ref"": 50.0, ""pitch"": 2.0, ""tip_flat"": 0.1}, ""face_h"": 60.0, ""face_w"": 60.0, ""margin_depths"": 2.0, ""seed"": 23, ""top"": ""shingle"", ""top_depth"": 47.0, ""top_params"": {""azimuth_mode"": ""parallel"", ""jitter"": 0.3, ""pitch"": 5.5, ""plate_over"": 1.15, ""plate_t_bot"": 0.05, ""plate_t_top"": 0.05, ""tilt_deg"": 2.0, ""tilt_jitter"": 0.0}}"
BH_p040_t02_grid_s101,floor,shingle/pyramid,"sheet, grid",0.05,101,d00,bl050_p040_t02_grid,shingle,4.0,0.05,47.0,pyramid,3.0,2.0,50.0,12.5,0.016598820239201742,0.0,0.000545488903298974,0.04999997094273567,"{""backing"": 2.0, ""bot"": ""pyramid"", ""bot_depth"": 3.0, ""bot_params"": {""margin_depth_ref"": 50.0, ""pitch"": 2.0, ""tip_flat"": 0.1}, ""face_h"": 60.0, ""face_w"": 60.0, ""margin_depths"": 2.0, ""seed"": 101, ""top"": ""shingle"", ""top_depth"": 47.0, ""top_params"": {""azimuth_mode"": ""grid"", ""jitter"": 0.3, ""pitch"": 4.0, ""plate_over"": 1.15, ""plate_t_bot"": 0.05, ""plate_t_top"": 0.05, ""tilt_deg"": 2.0, ""tilt_jitter"": 0.0}}"
BH_p040_t02_grid_s101,floor,shingle/pyramid,"sheet, grid",0.05,101,d00,bl050_p040_t02_grid,shingle,4.0,0.05,47.0,pyramid,3.0,2.0,50.0,12.5,0.016598820239201742,-20.0,0.00041543057886883616,0.04999997094273567,"{""backing"": 2.0, ""bot"": ""pyramid"", ""bot_depth"": 3.0, ""bot_params"": {""margin_depth_ref"": 50.0, ""pitch"": 2.0, ""tip_flat"": 0.1}, ""face_h"": 60.0, ""face_w"": 60.0, ""margin_depths"": 2.0, ""seed"": 101, ""top"": ""shingle"", ""top_depth"": 47.0, ""top_params"": {""azimuth_mode"": ""grid"", ""jitter"": 0.3, ""pitch"": 4.0, ""plate_over"": 1.15, ""plate_t_bot"": 0.05, ""plate_t_top"": 0.05, ""tilt_deg"": 2.0, ""tilt_jitter"": 0.0}}"
BH_p040_t02_grid_s101,floor,shingle/pyramid,"sheet, grid",0.05,101,d00,bl050_p040_t02_grid,shingle,4.0,0.05,47.0,pyramid,3.0,2.0,50.0,12.5,0.016598820239201742,-40.0,0.0003865955222863704,0.04999997094273567,"{""backing"": 2.0, ""bot"": ""pyramid"", ""bot_depth"": 3.0, ""bot_params"": {""margin_depth_ref"": 50.0, ""pitch"": 2.0, ""tip_flat"": 0.1}, ""face_h"": 60.0, ""face_w"": 60.0, ""margin_depths"": 2.0, ""seed"": 101, ""top"": ""shingle"", ""top_depth"": 47.0, ""top_params"": {""azimuth_mode"": ""grid"", ""jitter"": 0.3, ""pitch"": 4.0, ""plate_over"": 1.15, ""plate_t_bot"": 0.05, ""plate_t_top"": 0.05, ""tilt_deg"": 2.0, ""tilt_jitter"": 0.0}}"
BH_p040_t02_grid_s101,floor,shingle/pyramid,"sheet, grid",0.05,101,d00,bl050_p040_t02_grid,shingle,4.0,0.05,47.0,pyramid,3.0,2.0,50.0,12.5,0.016598820239201742,20.0,0.00040414161048829556,0.04999997094273567,"{""backing"": 2.0, ""bot"": ""pyramid"", ""bot_depth"": 3.0, ""bot_params"": {""margin_depth_ref"": 50.0, ""pitch"": 2.0, ""tip_flat"": 0.1}, ""face_h"": 60.0, ""face_w"": 60.0, ""margin_depths"": 2.0, ""seed"": 101, ""top"": ""shingle"", ""top_depth"": 47.0, ""top_params"": {""azimuth_mode"": ""grid"", ""jitter"": 0.3, ""pitch"": 4.0, ""plate_over"": 1.15, ""plate_t_bot"": 0.05, ""plate_t_top"": 0.05, ""tilt_deg"": 2.0, ""tilt_jitter"": 0.0}}"
BH_p040_t02_grid_s101,floor,shingle/pyramid,"sheet, grid",0.05,101,d00,bl050_p040_t02_grid,shingle,4.0,0.05,47.0,pyramid,3.0,2.0,50.0,12.5,0.016598820239201742,40.0,0.00037489444366656244,0.04999997094273567,"{""backing"": 2.0, ""bot"": ""pyramid"", ""bot_depth"": 3.0, ""bot_params"": {""margin_depth_ref"": 50.0, ""pitch"": 2.0, ""tip_flat"": 0.1}, ""face_h"": 60.0, ""face_w"": 60.0, ""margin_depths"": 2.0, ""seed"": 101, ""top"": ""shingle"", ""top_depth"": 47.0, ""top_params"": {""azimuth_mode"": ""grid"", ""jitter"": 0.3, ""pitch"": 4.0, ""plate_over"": 1.15, ""plate_t_bot"": 0.05, ""plate_t_top"": 0.05, ""tilt_deg"": 2.0, ""tilt_jitter"": 0.0}}"
BH_p040_t02_grid_s101,floor,shingle/pyramid,"sheet, grid",0.05,101,d76,bl050_p040_t02_grid,shingle,4.0,0.05,47.0,pyramid,3.0,2.0,50.0,12.5,0.016598820239201742,0.0,0.0003922081086784601,0.04999997094273567,"{""backing"": 2.0, ""bot"": ""pyramid"", ""bot_depth"": 3.0, ""bot_params"": {""margin_depth_ref"": 50.0, ""pitch"": 2.0, ""tip_flat"": 0.1}, ""face_h"": 60.0, ""face_w"": 60.0, ""margin_depths"": 2.0, ""seed"": 101, ""top"": ""shingle"", ""top_depth"": 47.0, ""top_params"": {""azimuth_mode"": ""grid"", ""jitter"": 0.3, ""pitch"": 4.0, ""plate_over"": 1.15, ""plate_t_bot"": 0.05, ""plate_t_top"": 0.05, ""tilt_deg"": 2.0, ""tilt_jitter"": 0.0}}"
BH_p040_t02_grid_s101,floor,shingle/pyramid,"sheet, grid",0.05,101,d76,bl050_p040_t02_grid,shingle,4.0,0.05,47.0,pyramid,3.0,2.0,50.0,12.5,0.016598820239201742,-20.0,0.0007989599253050983,0.04999997094273567,"{""backing"": 2.0, ""bot"": ""pyramid"", ""bot_depth"": 3.0, ""bot_params"": {""margin_depth_ref"": 50.0, ""pitch"": 2.0, ""tip_flat"": 0.1}, ""face_h"": 60.0, ""face_w"": 60.0, ""margin_depths"": 2.0, ""seed"": 101, ""top"": ""shingle"", ""top_depth"": 47.0, ""top_params"": {""azimuth_mode"": ""grid"", ""jitter"": 0.3, ""pitch"": 4.0, ""plate_over"": 1.15, ""plate_t_bot"": 0.05, ""plate_t_top"": 0.05, ""tilt_deg"": 2.0, ""tilt_jitter"": 0.0}}"
BH_p040_t02_grid_s101,floor,shingle/pyramid,"sheet, grid",0.05,101,d76,bl050_p040_t02_grid,shingle,4.0,0.05,47.0,pyramid,3.0,2.0,50.0,12.5,0.016598820239201742,-40.0,0.0013665759470313787,0.04999997094273567,"{""backing"": 2.0, ""bot"": ""pyramid"", ""bot_depth"": 3.0, ""bot_params"": {""margin_depth_ref"": 50.0, ""pitch"": 2.0, ""tip_flat"": 0.1}, ""face_h"": 60.0, ""face_w"": 60.0, ""margin_depths"": 2.0, ""seed"": 101, ""top"": ""shingle"", ""top_depth"": 47.0, ""top_params"": {""azimuth_mode"": ""grid"", ""jitter"": 0.3, ""pitch"": 4.0, ""plate_over"": 1.15, ""plate_t_bot"": 0.05, ""plate_t_top"": 0.05, ""tilt_deg"": 2.0, ""tilt_jitter"": 0.0}}"
BH_p040_t02_grid_s101,floor,shingle/pyramid,"sheet, grid",0.05,101,d76,bl050_p040_t02_grid,shingle,4.0,0.05,47.0,pyramid,3.0,2.0,50.0,12.5,0.016598820239201742,20.0,0.001001254771836102,0.04999997094273567,"{""backing"": 2.0, ""bot"": ""pyramid"", ""bot_depth"": 3.0, ""bot_params"": {""margin_depth_ref"": 50.0, ""pitch"": 2.0, ""tip_flat"": 0.1}, ""face_h"": 60.0, ""face_w"": 60.0, ""margin_depths"": 2.0, ""seed"": 101, ""top"": ""shingle"", ""top_depth"": 47.0, ""top_params"": {""azimuth_mode"": ""grid"", ""jitter"": 0.3, ""pitch"": 4.0, ""plate_over"": 1.15, ""plate_t_bot"": 0.05, ""plate_t_top"": 0.05, ""tilt_deg"": 2.0, ""tilt_jitter"": 0.0}}"
BH_p040_t02_grid_s101,floor,shingle/pyramid,"sheet, grid",0.05,101,d76,bl050_p040_t02_grid,shingle,4.0,0.05,47.0,pyramid,3.0,2.0,50.0,12.5,0.016598820239201742,40.0,0.0016045334050431848,0.04999997094273567,"{""backing"": 2.0, ""bot"": ""pyramid"", ""bot_depth"": 3.0, ""bot_params"": {""margin_depth_ref"": 50.0, ""pitch"": 2.0, ""tip_flat"": 0.1}, ""face_h"": 60.0, ""face_w"": 60.0, ""margin_depths"": 2.0, ""seed"": 101, ""top"": ""shingle"", ""top_depth"": 47.0, ""top_params"": {""azimuth_mode"": ""grid"", ""jitter"": 0.3, ""pitch"": 4.0, ""plate_over"": 1.15, ""plate_t_bot"": 0.05, ""plate_t_top"": 0.05, ""tilt_deg"": 2.0, ""tilt_jitter"": 0.0}}"
BH_p040_t02_grid_s101,floor,shingle/pyramid,"sheet, grid",0.05,101,d100,bl050_p040_t02_grid,shingle,4.0,0.05,47.0,pyramid,3.0,2.0,50.0,12.5,0.016598820239201742,0.0,0.0003529639507178217,0.04999997094273567,"{""backing"": 2.0, ""bot"": ""pyramid"", ""bot_depth"": 3.0, ""bot_params"": {""margin_depth_ref"": 50.0, ""pitch"": 2.0, ""tip_flat"": 0.1}, ""face_h"": 60.0, ""face_w"": 60.0, ""margin_depths"": 2.0, ""seed"": 101, ""top"": ""shingle"", ""top_depth"": 47.0, ""top_params"": {""azimuth_mode"": ""grid"", ""jitter"": 0.3, ""pitch"": 4.0, ""plate_over"": 1.15, ""plate_t_bot"": 0.05, ""plate_t_top"": 0.05, ""tilt_deg"": 2.0, ""tilt_jitter"": 0.0}}"
BH_p040_t02_grid_s101,floor,shingle/pyramid,"sheet, grid",0.05,101,d100,bl050_p040_t02_grid,shingle,4.0,0.05,47.0,pyramid,3.0,2.0,50.0,12.5,0.016598820239201742,-20.0,0.0009380488190799952,0.04999997094273567,"{""backing"": 2.0, ""bot"": ""pyramid"", ""bot_depth"": 3.0, ""bot_params"": {""margin_depth_ref"": 50.0, ""pitch"": 2.0, ""tip_flat"": 0.1}, ""face_h"": 60.0, ""face_w"": 60.0, ""margin_depths"": 2.0, ""seed"": 101, ""top"": ""shingle"", ""top_depth"": 47.0, ""top_params"": {""azimuth_mode"": ""grid"", ""jitter"": 0.3, ""pitch"": 4.0, ""plate_over"": 1.15, ""plate_t_bot"": 0.05, ""plate_t_top"": 0.05, ""tilt_deg"": 2.0, ""tilt_jitter"": 0.0}}"
BH_p040_t02_grid_s101,floor,shingle/pyramid,"sheet, grid",0.05,101,d100,bl050_p040_t02_grid,shingle,4.0,0.05,47.0,pyramid,3.0,2.0,50.0,12.5,0.016598820239201742,-40.0,0.0016873360145837069,0.04999997094273567,"{""backing"": 2.0, ""bot"": ""pyramid"", ""bot_depth"": 3.0, ""bot_params"": {""margin_depth_ref"": 50.0, ""pitch"": 2.0, ""tip_flat"": 0.1}, ""face_h"": 60.0, ""face_w"": 60.0, ""margin_depths"": 2.0, ""seed"": 101, ""top"": ""shingle"", ""top_depth"": 47.0, ""top_params"": {""azimuth_mode"": ""grid"", ""jitter"": 0.3, ""pitch"": 4.0, ""plate_over"": 1.15, ""plate_t_bot"": 0.05, ""plate_t_top"": 0.05, ""tilt_deg"": 2.0, ""tilt_jitter"": 0.0}}"
BH_p040_t02_grid_s101,floor,shingle/pyramid,"sheet, grid",0.05,101,d100,bl050_p040_t02_grid,shingle,4.0,0.05,47.0,pyramid,3.0,2.0,50.0,12.5,0.016598820239201742,20.0,0.0011916164075955749,0.04999997094273567,"{""backing"": 2.0, ""bot"": ""pyramid"", ""bot_depth"": 3.0, ""bot_params"": {""margin_depth_ref"": 50.0, ""pitch"": 2.0, ""tip_flat"": 0.1}, ""face_h"": 60.0, ""face_w"": 60.0, ""margin_depths"": 2.0, ""seed"": 101, ""top"": ""shingle"", ""top_depth"": 47.0, ""top_params"": {""azimuth_mode"": ""grid"", ""jitter"": 0.3, ""pitch"": 4.0, ""plate_over"": 1.15, ""plate_t_bot"": 0.05, ""plate_t_top"": 0.05, ""tilt_deg"": 2.0, ""tilt_jitter"": 0.0}}"
BH_p040_t02_grid_s101,floor,shingle/pyramid,"sheet, grid",0.05,101,d100,bl050_p040_t02_grid,shingle,4.0,0.05,47.0,pyramid,3.0,2.0,50.0,12.5,0.016598820239201742,40.0,0.001998456194996834,0.04999997094273567,"{""backing"": 2.0, ""bot"": ""pyramid"", ""bot_depth"": 3.0, ""bot_params"": {""margin_depth_ref"": 50.0, ""pitch"": 2.0, ""tip_flat"": 0.1}, ""face_h"": 60.0, ""face_w"": 60.0, ""margin_depths"": 2.0, ""seed"": 101, ""top"": ""shingle"", ""top_depth"": 47.0, ""top_params"": {""azimuth_mode"": ""grid"", ""jitter"": 0.3, ""pitch"": 4.0, ""plate_over"": 1.15, ""plate_t_bot"": 0.05, ""plate_t_top"": 0.05, ""tilt_deg"": 2.0, ""tilt_jitter"": 0.0}}"
BH_p047_t02_grid_s101,floor,shingle/pyramid,"sheet, grid",0.05,101,d00,bl050_p047_t02_grid,shingle,4.75,0.05,47.0,pyramid,3.0,2.0,50.0,10.526315789473685,0.013977953885643572,0.0,0.0005268670502118766,0.04999997094273567,"{""backing"": 2.0, ""bot"": ""pyramid"", ""bot_depth"": 3.0, ""bot_params"": {""margin_depth_ref"": 50.0, ""pitch"": 2.0, ""tip_flat"": 0.1}, ""face_h"": 60.0, ""face_w"": 60.0, ""margin_depths"": 2.0, ""seed"": 101, ""top"": ""shingle"", ""top_depth"": 47.0, ""top_params"": {""azimuth_mode"": ""grid"", ""jitter"": 0.3, ""pitch"": 4.75, ""plate_over"": 1.15, ""plate_t_bot"": 0.05, ""plate_t_top"": 0.05, ""tilt_deg"": 2.0, ""tilt_jitter"": 0.0}}"
BH_p047_t02_grid_s101,floor,shingle/pyramid,"sheet, grid",0.05,101,d00,bl050_p047_t02_grid,shingle,4.75,0.05,47.0,pyramid,3.0,2.0,50.0,10.526315789473685,0.013977953885643572,-20.0,0.0003921042080037296,0.04999997094273567,"{""backing"": 2.0, ""bot"": ""pyramid"", ""bot_depth"": 3.0, ""bot_params"": {""margin_depth_ref"": 50.0, ""pitch"": 2.0, ""tip_flat"": 0.1}, ""face_h"": 60.0, ""face_w"": 60.0, ""margin_depths"": 2.0, ""seed"": 101, ""top"": ""shingle"", ""top_depth"": 47.0, ""top_params"": {""azimuth_mode"": ""grid"", ""jitter"": 0.3, ""pitch"": 4.75, ""plate_over"": 1.15, ""plate_t_bot"": 0.05, ""plate_t_top"": 0.05, ""tilt_deg"": 2.0, ""tilt_jitter"": 0.0}}"
BH_p047_t02_grid_s101,floor,shingle/pyramid,"sheet, grid",0.05,101,d00,bl050_p047_t02_grid,shingle,4.75,0.05,47.0,pyramid,3.0,2.0,50.0,10.526315789473685,0.013977953885643572,-40.0,0.0003450954973232001,0.04999997094273567,"{""backing"": 2.0, ""bot"": ""pyramid"", ""bot_depth"": 3.0, ""bot_params"": {""margin_depth_ref"": 50.0, ""pitch"": 2.0, ""tip_flat"": 0.1}, ""face_h"": 60.0, ""face_w"": 60.0, ""margin_depths"": 2.0, ""seed"": 101, ""top"": ""shingle"", ""top_depth"": 47.0, ""top_params"": {""azimuth_mode"": ""grid"", ""jitter"": 0.3, ""pitch"": 4.75, ""plate_over"": 1.15, ""plate_t_bot"": 0.05, ""plate_t_top"": 0.05, ""tilt_deg"": 2.0, ""tilt_jitter"": 0.0}}"
BH_p047_t02_grid_s101,floor,shingle/pyramid,"sheet, grid",0.05,101,d00,bl050_p047_t02_grid,shingle,4.75,0.05,47.0,pyramid,3.0,2.0,50.0,10.526315789473685,0.013977953885643572,20.0,0.0003761686966754496,0.04999997094273567,"{""backing"": 2.0, ""bot"": ""pyramid"", ""bot_depth"": 3.0, ""bot_params"": {""margin_depth_ref"": 50.0, ""pitch"": 2.0, ""tip_flat"": 0.1}, ""face_h"": 60.0, ""face_w"": 60.0, ""margin_depths"": 2.0, ""seed"": 101, ""top"": ""shingle"", ""top_depth"": 47.0, ""top_params"": {""azimuth_mode"": ""grid"", ""jitter"": 0.3, ""pitch"": 4.75, ""plate_over"": 1.15, ""plate_t_bot"": 0.05, ""plate_t_top"": 0.05, ""tilt_deg"": 2.0, ""tilt_jitter"": 0.0}}"
BH_p047_t02_grid_s101,floor,shingle/pyramid,"sheet, grid",0.05,101,d00,bl050_p047_t02_grid,shingle,4.75,0.05,47.0,pyramid,3.0,2.0,50.0,10.526315789473685,0.013977953885643572,40.0,0.00036408030427992344,0.04999997094273567,"{""backing"": 2.0, ""bot"": ""pyramid"", ""bot_depth"": 3.0, ""bot_params"": {""margin_depth_ref"": 50.0, ""pitch"": 2.0, ""tip_flat"": 0.1}, ""face_h"": 60.0, ""face_w"": 60.0, ""margin_depths"": 2.0, ""seed"": 101, ""top"": ""shingle"", ""top_depth"": 47.0, ""top_params"": {""azimuth_mode"": ""grid"", ""jitter"": 0.3, ""pitch"": 4.75, ""plate_over"": 1.15, ""plate_t_bot"": 0.05, ""plate_t_top"": 0.05, ""tilt_deg"": 2.0, ""tilt_jitter"": 0.0}}"
BH_p047_t02_grid_s101,floor,shingle/pyramid,"sheet, grid",0.05,101,d76,bl050_p047_t02_grid,shingle,4.75,0.05,47.0,pyramid,3.0,2.0,50.0,10.526315789473685,0.013977953885643572,0.0,0.0003628404811024666,0.04999997094273567,"{""backing"": 2.0, ""bot"": ""pyramid"", ""bot_depth"": 3.0, ""bot_params"": {""margin_depth_ref"": 50.0, ""pitch"": 2.0, ""tip_flat"": 0.1}, ""face_h"": 60.0, ""face_w"": 60.0, ""margin_depths"": 2.0, ""seed"": 101, ""top"": ""shingle"", ""top_depth"": 47.0, ""top_params"": {""azimuth_mode"": ""grid"", ""jitter"": 0.3, ""pitch"": 4.75, ""plate_over"": 1.15, ""plate_t_bot"": 0.05, ""plate_t_top"": 0.05, ""tilt_deg"": 2.0, ""tilt_jitter"": 0.0}}"
BH_p047_t02_grid_s101,floor,shingle/pyramid,"sheet, grid",0.05,101,d76,bl050_p047_t02_grid,shingle,4.75,0.05,47.0,pyramid,3.0,2.0,50.0,10.526315789473685,0.013977953885643572,-20.0,0.0008227619691751897,0.04999997094273567,"{""backing"": 2.0, ""bot"": ""pyramid"", ""bot_depth"": 3.0, ""bot_params"": {""margin_depth_ref"": 50.0, ""pitch"": 2.0, ""tip_flat"": 0.1}, ""face_h"": 60.0, ""face_w"": 60.0, ""margin_depths"": 2.0, ""seed"": 101, ""top"": ""shingle"", ""top_depth"": 47.0, ""top_params"": {""azimuth_mode"": ""grid"", ""jitter"": 0.3, ""pitch"": 4.75, ""plate_over"": 1.15, ""plate_t_bot"": 0.05, ""plate_t_top"": 0.05, ""tilt_deg"": 2.0, ""tilt_jitter"": 0.0}}"
BH_p047_t02_grid_s101,floor,shingle/pyramid,"sheet, grid",0.05,101,d76,bl050_p047_t02_grid,shingle,4.75,0.05,47.0,pyramid,3.0,2.0,50.0,10.526315789473685,0.013977953885643572,-40.0,0.0014094958314672112,0.04999997094273567,"{""backing"": 2.0, ""bot"": ""pyramid"", ""bot_depth"": 3.0, ""bot_params"": {""margin_depth_ref"": 50.0, ""pitch"": 2.0, ""tip_flat"": 0.1}, ""face_h"": 60.0, ""face_w"": 60.0, ""margin_depths"": 2.0, ""seed"": 101, ""top"": ""shingle"", ""top_depth"": 47.0, ""top_params"": {""azimuth_mode"": ""grid"", ""jitter"": 0.3, ""pitch"": 4.75, ""plate_over"": 1.15, ""plate_t_bot"": 0.05, ""plate_t_top"": 0.05, ""tilt_deg"": 2.0, ""tilt_jitter"": 0.0}}"
BH_p047_t02_grid_s101,floor,shingle/pyramid,"sheet, grid",0.05,101,d76,bl050_p047_t02_grid,shingle,4.75,0.05,47.0,pyramid,3.0,2.0,50.0,10.526315789473685,0.013977953885643572,20.0,0.0009351851185783744,0.04999997094273567,"{""backing"": 2.0, ""bot"": ""pyramid"", ""bot_depth"": 3.0, ""bot_params"": {""margin_depth_ref"": 50.0, ""pitch"": 2.0, ""tip_flat"": 0.1}, ""face_h"": 60.0, ""face_w"": 60.0, ""margin_depths"": 2.0, ""seed"": 101, ""top"": ""shingle"", ""top_depth"": 47.0, ""top_params"": {""azimuth_mode"": ""grid"", ""jitter"": 0.3, ""pitch"": 4.75, ""plate_over"": 1.15, ""plate_t_bot"": 0.05, ""plate_t_top"": 0.05, ""tilt_deg"": 2.0, ""tilt_jitter"": 0.0}}"
BH_p047_t02_grid_s101,floor,shingle/pyramid,"sheet, grid",0.05,101,d76,bl050_p047_t02_grid,shingle,4.75,0.05,47.0,pyramid,3.0,2.0,50.0,10.526315789473685,0.013977953885643572,40.0,0.0015323018888011575,0.04999997094273567,"{""backing"": 2.0, ""bot"": ""pyramid"", ""bot_depth"": 3.0, ""bot_params"": {""margin_depth_ref"": 50.0, ""pitch"": 2.0, ""tip_flat"": 0.1}, ""face_h"": 60.0, ""face_w"": 60.0, ""margin_depths"": 2.0, ""seed"": 101, ""top"": ""shingle"", ""top_depth"": 47.0, ""top_params"": {""azimuth_mode"": ""grid"", ""jitter"": 0.3, ""pitch"": 4.75, ""plate_over"": 1.15, ""plate_t_bot"": 0.05, ""plate_t_top"": 0.05, ""tilt_deg"": 2.0, ""tilt_jitter"": 0.0}}"
BH_p047_t02_grid_s101,floor,shingle/pyramid,"sheet, grid",0.05,101,d100,bl050_p047_t02_grid,shingle,4.75,0.05,47.0,pyramid,3.0,2.0,50.0,10.526315789473685,0.013977953885643572,0.0,0.0003299786476418376,0.04999997094273567,"{""backing"": 2.0, ""bot"": ""pyramid"", ""bot_depth"": 3.0, ""bot_params"": {""margin_depth_ref"": 50.0, ""pitch"": 2.0, ""tip_flat"": 0.1}, ""face_h"": 60.0, ""face_w"": 60.0, ""margin_depths"": 2.0, ""seed"": 101, ""top"": ""shingle"", ""top_depth"": 47.0, ""top_params"": {""azimuth_mode"": ""grid"", ""jitter"": 0.3, ""pitch"": 4.75, ""plate_over"": 1.15, ""plate_t_bot"": 0.05, ""plate_t_top"": 0.05, ""tilt_deg"": 2.0, ""tilt_jitter"": 0.0}}"
BH_p047_t02_grid_s101,floor,shingle/pyramid,"sheet, grid",0.05,101,d100,bl050_p047_t02_grid,shingle,4.75,0.05,47.0,pyramid,3.0,2.0,50.0,10.526315789473685,0.013977953885643572,-20.0,0.000982216210104525,0.04999997094273567,"{""backing"": 2.0, ""bot"": ""pyramid"", ""bot_depth"": 3.0, ""bot_params"": {""margin_depth_ref"": 50.0, ""pitch"": 2.0, ""tip_flat"": 0.1}, ""face_h"": 60.0, ""face_w"": 60.0, ""margin_depths"": 2.0, ""seed"": 101, ""top"": ""shingle"", ""top_depth"": 47.0, ""top_params"": {""azimuth_mode"": ""grid"", ""jitter"": 0.3, ""pitch"": 4.75, ""plate_over"": 1.15, ""plate_t_bot"": 0.05, ""plate_t_top"": 0.05, ""tilt_deg"": 2.0, ""tilt_jitter"": 0.0}}"
BH_p047_t02_grid_s101,floor,shingle/pyramid,"sheet, grid",0.05,101,d100,bl050_p047_t02_grid,shingle,4.75,0.05,47.0,pyramid,3.0,2.0,50.0,10.526315789473685,0.013977953885643572,-40.0,0.001761054270900786,0.04999997094273567,"{""backing"": 2.0, ""bot"": ""pyramid"", ""bot_depth"": 3.0, ""bot_params"": {""margin_depth_ref"": 50.0, ""pitch"": 2.0, ""tip_flat"": 0.1}, ""face_h"": 60.0, ""face_w"": 60.0, ""margin_depths"": 2.0, ""seed"": 101, ""top"": ""shingle"", ""top_depth"": 47.0, ""top_params"": {""azimuth_mode"": ""grid"", ""jitter"": 0.3, ""pitch"": 4.75, ""plate_over"": 1.15, ""plate_t_bot"": 0.05, ""plate_t_top"": 0.05, ""tilt_deg"": 2.0, ""tilt_jitter"": 0.0}}"
BH_p047_t02_grid_s101,floor,shingle/pyramid,"sheet, grid",0.05,101,d100,bl050_p047_t02_grid,shingle,4.75,0.05,47.0,pyramid,3.0,2.0,50.0,10.526315789473685,0.013977953885643572,20.0,0.001120889326557517,0.04999997094273567,"{""backing"": 2.0, ""bot"": ""pyramid"", ""bot_depth"": 3.0, ""bot_params"": {""margin_depth_ref"": 50.0, ""pitch"": 2.0, ""tip_flat"": 0.1}, ""face_h"": 60.0, ""face_w"": 60.0, ""margin_depths"": 2.0, ""seed"": 101, ""top"": ""shingle"", ""top_depth"": 47.0, ""top_params"": {""azimuth_mode"": ""grid"", ""jitter"": 0.3, ""pitch"": 4.75, ""plate_over"": 1.15, ""plate_t_bot"": 0.05, ""plate_t_top"": 0.05, ""tilt_deg"": 2.0, ""tilt_jitter"": 0.0}}"
BH_p047_t02_grid_s101,floor,shingle/pyramid,"sheet, grid",0.05,101,d100,bl050_p047_t02_grid,shingle,4.75,0.05,47.0,pyramid,3.0,2.0,50.0,10.526315789473685,0.013977953885643572,40.0,0.0019147624261677265,0.04999997094273567,"{""backing"": 2.0, ""bot"": ""pyramid"", ""bot_depth"": 3.0, ""bot_params"": {""margin_depth_ref"": 50.0, ""pitch"": 2.0, ""tip_flat"": 0.1}, ""face_h"": 60.0, ""face_w"": 60.0, ""margin_depths"": 2.0, ""seed"": 101, ""top"": ""shingle"", ""top_depth"": 47.0, ""top_params"": {""azimuth_mode"": ""grid"", ""jitter"": 0.3, ""pitch"": 4.75, ""plate_over"": 1.15, ""plate_t_bot"": 0.05, ""plate_t_top"": 0.05, ""tilt_deg"": 2.0, ""tilt_jitter"": 0.0}}"
BH_p055_t02_grid_s101,floor,shingle/pyramid,"sheet, grid",0.05,101,d00,bl050_p055_t02_grid,shingle,5.5,0.05,47.0,pyramid,3.0,2.0,50.0,9.090909090909092,0.012071869264873993,0.0,0.0005620052106678486,0.04999997094273567,"{""backing"": 2.0, ""bot"": ""pyramid"", ""bot_depth"": 3.0, ""bot_params"": {""margin_depth_ref"": 50.0, ""pitch"": 2.0, ""tip_flat"": 0.1}, ""face_h"": 60.0, ""face_w"": 60.0, ""margin_depths"": 2.0, ""seed"": 101, ""top"": ""shingle"", ""top_depth"": 47.0, ""top_params"": {""azimuth_mode"": ""grid"", ""jitter"": 0.3, ""pitch"": 5.5, ""plate_over"": 1.15, ""plate_t_bot"": 0.05, ""plate_t_top"": 0.05, ""tilt_deg"": 2.0, ""tilt_jitter"": 0.0}}"
BH_p055_t02_grid_s101,floor,shingle/pyramid,"sheet, grid",0.05,101,d00,bl050_p055_t02_grid,shingle,5.5,0.05,47.0,pyramid,3.0,2.0,50.0,9.090909090909092,0.012071869264873993,-20.0,0.0003948127559851855,0.04999997094273567,"{""backing"": 2.0, ""bot"": ""pyramid"", ""bot_depth"": 3.0, ""bot_params"": {""margin_depth_ref"": 50.0, ""pitch"": 2.0, ""tip_flat"": 0.1}, ""face_h"": 60.0, ""face_w"": 60.0, ""margin_depths"": 2.0, ""seed"": 101, ""top"": ""shingle"", ""top_depth"": 47.0, ""top_params"": {""azimuth_mode"": ""grid"", ""jitter"": 0.3, ""pitch"": 5.5, ""plate_over"": 1.15, ""plate_t_bot"": 0.05, ""plate_t_top"": 0.05, ""tilt_deg"": 2.0, ""tilt_jitter"": 0.0}}"
BH_p055_t02_grid_s101,floor,shingle/pyramid,"sheet, grid",0.05,101,d00,bl050_p055_t02_grid,shingle,5.5,0.05,47.0,pyramid,3.0,2.0,50.0,9.090909090909092,0.012071869264873993,-40.0,0.00033115840051323175,0.04999997094273567,"{""backing"": 2.0, ""bot"": ""pyramid"", ""bot_depth"": 3.0, ""bot_params"": {""margin_depth_ref"": 50.0, ""pitch"": 2.0, ""tip_flat"": 0.1}, ""face_h"": 60.0, ""face_w"": 60.0, ""margin_depths"": 2.0, ""seed"": 101, ""top"": ""shingle"", ""top_depth"": 47.0, ""top_params"": {""azimuth_mode"": ""grid"", ""jitter"": 0.3, ""pitch"": 5.5, ""plate_over"": 1.15, ""plate_t_bot"": 0.05, ""plate_t_top"": 0.05, ""tilt_deg"": 2.0, ""tilt_jitter"": 0.0}}"
BH_p055_t02_grid_s101,floor,shingle/pyramid,"sheet, grid",0.05,101,d00,bl050_p055_t02_grid,shingle,5.5,0.05,47.0,pyramid,3.0,2.0,50.0,9.090909090909092,0.012071869264873993,20.0,0.0004093742754776031,0.04999997094273567,"{""backing"": 2.0, ""bot"": ""pyramid"", ""bot_depth"": 3.0, ""bot_params"": {""margin_depth_ref"": 50.0, ""pitch"": 2.0, ""tip_flat"": 0.1}, ""face_h"": 60.0, ""face_w"": 60.0, ""margin_depths"": 2.0, ""seed"": 101, ""top"": ""shingle"", ""top_depth"": 47.0, ""top_params"": {""azimuth_mode"": ""grid"", ""jitter"": 0.3, ""pitch"": 5.5, ""plate_over"": 1.15, ""plate_t_bot"": 0.05, ""plate_t_top"": 0.05, ""tilt_deg"": 2.0, ""tilt_jitter"": 0.0}}"
BH_p055_t02_grid_s101,floor,shingle/pyramid,"sheet, grid",0.05,101,d00,bl050_p055_t02_grid,shingle,5.5,0.05,47.0,pyramid,3.0,2.0,50.0,9.090909090909092,0.012071869264873993,40.0,0.00035931513411924243,0.04999997094273567,"{""backing"": 2.0, ""bot"": ""pyramid"", ""bot_depth"": 3.0, ""bot_params"": {""margin_depth_ref"": 50.0, ""pitch"": 2.0, ""tip_flat"": 0.1}, ""face_h"": 60.0, ""face_w"": 60.0, ""margin_depths"": 2.0, ""seed"": 101, ""top"": ""shingle"", ""top_depth"": 47.0, ""top_params"": {""azimuth_mode"": ""grid"", ""jitter"": 0.3, ""pitch"": 5.5, ""plate_over"": 1.15, ""plate_t_bot"": 0.05, ""plate_t_top"": 0.05, ""tilt_deg"": 2.0, ""tilt_jitter"": 0.0}}"
BH_p055_t02_grid_s101,floor,shingle/pyramid,"sheet, grid",0.05,101,d76,bl050_p055_t02_grid,shingle,5.5,0.05,47.0,pyramid,3.0,2.0,50.0,9.090909090909092,0.012071869264873993,0.0,0.00037146301474422216,0.04999997094273567,"{""backing"": 2.0, ""bot"": ""pyramid"", ""bot_depth"": 3.0, ""bot_params"": {""margin_depth_ref"": 50.0, ""pitch"": 2.0, ""tip_flat"": 0.1}, ""face_h"": 60.0, ""face_w"": 60.0, ""margin_depths"": 2.0, ""seed"": 101, ""top"": ""shingle"", ""top_depth"": 47.0, ""top_params"": {""azimuth_mode"": ""grid"", ""jitter"": 0.3, ""pitch"": 5.5, ""plate_over"": 1.15, ""plate_t_bot"": 0.05, ""plate_t_top"": 0.05, ""tilt_deg"": 2.0, ""tilt_jitter"": 0.0}}"
BH_p055_t02_grid_s101,floor,shingle/pyramid,"sheet, grid",0.05,101,d76,bl050_p055_t02_grid,shingle,5.5,0.05,47.0,pyramid,3.0,2.0,50.0,9.090909090909092,0.012071869264873993,-20.0,0.0008019303204491735,0.04999997094273567,"{""backing"": 2.0, ""bot"": ""pyramid"", ""bot_depth"": 3.0, ""bot_params"": {""margin_depth_ref"": 50.0, ""pitch"": 2.0, ""tip_flat"": 0.1}, ""face_h"": 60.0, ""face_w"": 60.0, ""margin_depths"": 2.0, ""seed"": 101, ""top"": ""shingle"", ""top_depth"": 47.0, ""top_params"": {""azimuth_mode"": ""grid"", ""jitter"": 0.3, ""pitch"": 5.5, ""plate_over"": 1.15, ""plate_t_bot"": 0.05, ""plate_t_top"": 0.05, ""tilt_deg"": 2.0, ""tilt_jitter"": 0.0}}"
BH_p055_t02_grid_s101,floor,shingle/pyramid,"sheet, grid",0.05,101,d76,bl050_p055_t02_grid,shingle,5.5,0.05,47.0,pyramid,3.0,2.0,50.0,9.090909090909092,0.012071869264873993,-40.0,0.0013854310382157564,0.04999997094273567,"{""backing"": 2.0, ""bot"": ""pyramid"", ""bot_depth"": 3.0, ""bot_params"": {""margin_depth_ref"": 50.0, ""pitch"": 2.0, ""tip_flat"": 0.1}, ""face_h"": 60.0, ""face_w"": 60.0, ""margin_depths"": 2.0, ""seed"": 101, ""top"": ""shingle"", ""top_depth"": 47.0, ""top_params"": {""azimuth_mode"": ""grid"", ""jitter"": 0.3, ""pitch"": 5.5, ""plate_over"": 1.15, ""plate_t_bot"": 0.05, ""plate_t_top"": 0.05, ""tilt_deg"": 2.0, ""tilt_jitter"": 0.0}}"
BH_p055_t02_grid_s101,floor,shingle/pyramid,"sheet, grid",0.05,101,d76,bl050_p055_t02_grid,shingle,5.5,0.05,47.0,pyramid,3.0,2.0,50.0,9.090909090909092,0.012071869264873993,20.0,0.0009509391966275871,0.04999997094273567,"{""backing"": 2.0, ""bot"": ""pyramid"", ""bot_depth"": 3.0, ""bot_params"": {""margin_depth_ref"": 50.0, ""pitch"": 2.0, ""tip_flat"": 0.1}, ""face_h"": 60.0, ""face_w"": 60.0, ""margin_depths"": 2.0, ""seed"": 101, ""top"": ""shingle"", ""top_depth"": 47.0, ""top_params"": {""azimuth_mode"": ""grid"", ""jitter"": 0.3, ""pitch"": 5.5, ""plate_over"": 1.15, ""plate_t_bot"": 0.05, ""plate_t_top"": 0.05, ""tilt_deg"": 2.0, ""tilt_jitter"": 0.0}}"
BH_p055_t02_grid_s101,floor,shingle/pyramid,"sheet, grid",0.05,101,d76,bl050_p055_t02_grid,shingle,5.5,0.05,47.0,pyramid,3.0,2.0,50.0,9.090909090909092,0.012071869264873993,40.0,0.0015440152492374182,0.04999997094273567,"{""backing"": 2.0, ""bot"": ""pyramid"", ""bot_depth"": 3.0, ""bot_params"": {""margin_depth_ref"": 50.0, ""pitch"": 2.0, ""tip_flat"": 0.1}, ""face_h"": 60.0, ""face_w"": 60.0, ""margin_depths"": 2.0, ""seed"": 101, ""top"": ""shingle"", ""top_depth"": 47.0, ""top_params"": {""azimuth_mode"": ""grid"", ""jitter"": 0.3, ""pitch"": 5.5, ""plate_over"": 1.15, ""plate_t_bot"": 0.05, ""plate_t_top"": 0.05, ""tilt_deg"": 2.0, ""tilt_jitter"": 0.0}}"
BH_p055_t02_grid_s101,floor,shingle/pyramid,"sheet, grid",0.05,101,d100,bl050_p055_t02_grid,shingle,5.5,0.05,47.0,pyramid,3.0,2.0,50.0,9.090909090909092,0.012071869264873993,0.0,0.00032462316448800266,0.04999997094273567,"{""backing"": 2.0, ""bot"": ""pyramid"", ""bot_depth"": 3.0, ""bot_params"": {""margin_depth_ref"": 50.0, ""pitch"": 2.0, ""tip_flat"": 0.1}, ""face_h"": 60.0, ""face_w"": 60.0, ""margin_depths"": 2.0, ""seed"": 101, ""top"": ""shingle"", ""top_depth"": 47.0, ""top_params"": {""azimuth_mode"": ""grid"", ""jitter"": 0.3, ""pitch"": 5.5, ""plate_over"": 1.15, ""plate_t_bot"": 0.05, ""plate_t_top"": 0.05, ""tilt_deg"": 2.0, ""tilt_jitter"": 0.0}}"
BH_p055_t02_grid_s101,floor,shingle/pyramid,"sheet, grid",0.05,101,d100,bl050_p055_t02_grid,shingle,5.5,0.05,47.0,pyramid,3.0,2.0,50.0,9.090909090909092,0.012071869264873993,-20.0,0.0009437368134967983,0.04999997094273567,"{""backing"": 2.0, ""bot"": ""pyramid"", ""bot_depth"": 3.0, ""bot_params"": {""margin_depth_ref"": 50.0, ""pitch"": 2.0, ""tip_flat"": 0.1}, ""face_h"": 60.0, ""face_w"": 60.0, ""margin_depths"": 2.0, ""seed"": 101, ""top"": ""shingle"", ""top_depth"": 47.0, ""top_params"": {""azimuth_mode"": ""grid"", ""jitter"": 0.3, ""pitch"": 5.5, ""plate_over"": 1.15, ""plate_t_bot"": 0.05, ""plate_t_top"": 0.05, ""tilt_deg"": 2.0, ""tilt_jitter"": 0.0}}"
BH_p055_t02_grid_s101,floor,shingle/pyramid,"sheet, grid",0.05,101,d100,bl050_p055_t02_grid,shingle,5.5,0.05,47.0,pyramid,3.0,2.0,50.0,9.090909090909092,0.012071869264873993,-40.0,0.001725408947095275,0.04999997094273567,"{""backing"": 2.0, ""bot"": ""pyramid"", ""bot_depth"": 3.0, ""bot_params"": {""margin_depth_ref"": 50.0, ""pitch"": 2.0, ""tip_flat"": 0.1}, ""face_h"": 60.0, ""face_w"": 60.0, ""margin_depths"": 2.0, ""seed"": 101, ""top"": ""shingle"", ""top_depth"": 47.0, ""top_params"": {""azimuth_mode"": ""grid"", ""jitter"": 0.3, ""pitch"": 5.5, ""plate_over"": 1.15, ""plate_t_bot"": 0.05, ""plate_t_top"": 0.05, ""tilt_deg"": 2.0, ""tilt_jitter"": 0.0}}"
BH_p055_t02_grid_s101,floor,shingle/pyramid,"sheet, grid",0.05,101,d100,bl050_p055_t02_grid,shingle,5.5,0.05,47.0,pyramid,3.0,2.0,50.0,9.090909090909092,0.012071869264873993,20.0,0.0011284009087830782,0.04999997094273567,"{""backing"": 2.0, ""bot"": ""pyramid"", ""bot_depth"": 3.0, ""bot_params"": {""margin_depth_ref"": 50.0, ""pitch"": 2.0, ""tip_flat"": 0.1}, ""face_h"": 60.0, ""face_w"": 60.0, ""margin_depths"": 2.0, ""seed"": 101, ""top"": ""shingle"", ""top_depth"": 47.0, ""top_params"": {""azimuth_mode"": ""grid"", ""jitter"": 0.3, ""pitch"": 5.5, ""plate_over"": 1.15, ""plate_t_bot"": 0.05, ""plate_t_top"": 0.05, ""tilt_deg"": 2.0, ""tilt_jitter"": 0.0}}"
BH_p055_t02_grid_s101,floor,shingle/pyramid,"sheet, grid",0.05,101,d100,bl050_p055_t02_grid,shingle,5.5,0.05,47.0,pyramid,3.0,2.0,50.0,9.090909090909092,0.012071869264873993,40.0,0.001920622424222529,0.04999997094273567,"{""backing"": 2.0, ""bot"": ""pyramid"", ""bot_depth"": 3.0, ""bot_params"": {""margin_depth_ref"": 50.0, ""pitch"": 2.0, ""tip_flat"": 0.1}, ""face_h"": 60.0, ""face_w"": 60.0, ""margin_depths"": 2.0, ""seed"": 101, ""top"": ""shingle"", ""top_depth"": 47.0, ""top_params"": {""azimuth_mode"": ""grid"", ""jitter"": 0.3, ""pitch"": 5.5, ""plate_over"": 1.15, ""plate_t_bot"": 0.05, ""plate_t_top"": 0.05, ""tilt_deg"": 2.0, ""tilt_jitter"": 0.0}}"
BH_p070_t02_grid_s101,floor,shingle/pyramid,"sheet, grid",0.05,101,d00,bl050_p070_t02_grid,shingle,7.0,0.05,47.0,pyramid,3.0,2.0,50.0,7.142857142857143,0.009485040136686709,0.0,0.0005482358392328024,0.04999997094273567,"{""backing"": 2.0, ""bot"": ""pyramid"", ""bot_depth"": 3.0, ""bot_params"": {""margin_depth_ref"": 50.0, ""pitch"": 2.0, ""tip_flat"": 0.1}, ""face_h"": 60.0, ""face_w"": 60.0, ""margin_depths"": 2.0, ""seed"": 101, ""top"": ""shingle"", ""top_depth"": 47.0, ""top_params"": {""azimuth_mode"": ""grid"", ""jitter"": 0.3, ""pitch"": 7.0, ""plate_over"": 1.15, ""plate_t_bot"": 0.05, ""plate_t_top"": 0.05, ""tilt_deg"": 2.0, ""tilt_jitter"": 0.0}}"
BH_p070_t02_grid_s101,floor,shingle/pyramid,"sheet, grid",0.05,101,d00,bl050_p070_t02_grid,shingle,7.0,0.05,47.0,pyramid,3.0,2.0,50.0,7.142857142857143,0.009485040136686709,-20.0,0.0003597045433707535,0.04999997094273567,"{""backing"": 2.0, ""bot"": ""pyramid"", ""bot_depth"": 3.0, ""bot_params"": {""margin_depth_ref"": 50.0, ""pitch"": 2.0, ""tip_flat"": 0.1}, ""face_h"": 60.0, ""face_w"": 60.0, ""margin_depths"": 2.0, ""seed"": 101, ""top"": ""shingle"", ""top_depth"": 47.0, ""top_params"": {""azimuth_mode"": ""grid"", ""jitter"": 0.3, ""pitch"": 7.0, ""plate_over"": 1.15, ""plate_t_bot"": 0.05, ""plate_t_top"": 0.05, ""tilt_deg"": 2.0, ""tilt_jitter"": 0.0}}"
BH_p070_t02_grid_s101,floor,shingle/pyramid,"sheet, grid",0.05,101,d00,bl050_p070_t02_grid,shingle,7.0,0.05,47.0,pyramid,3.0,2.0,50.0,7.142857142857143,0.009485040136686709,-40.0,0.00028822306194342673,0.04999997094273567,"{""backing"": 2.0, ""bot"": ""pyramid"", ""bot_depth"": 3.0, ""bot_params"": {""margin_depth_ref"": 50.0, ""pitch"": 2.0, ""tip_flat"": 0.1}, ""face_h"": 60.0, ""face_w"": 60.0, ""margin_depths"": 2.0, ""seed"": 101, ""top"": ""shingle"", ""top_depth"": 47.0, ""top_params"": {""azimuth_mode"": ""grid"", ""jitter"": 0.3, ""pitch"": 7.0, ""plate_over"": 1.15, ""plate_t_bot"": 0.05, ""plate_t_top"": 0.05, ""tilt_deg"": 2.0, ""tilt_jitter"": 0.0}}"
BH_p070_t02_grid_s101,floor,shingle/pyramid,"sheet, grid",0.05,101,d00,bl050_p070_t02_grid,shingle,7.0,0.05,47.0,pyramid,3.0,2.0,50.0,7.142857142857143,0.009485040136686709,20.0,0.0003351606719661504,0.04999997094273567,"{""backing"": 2.0, ""bot"": ""pyramid"", ""bot_depth"": 3.0, ""bot_params"": {""margin_depth_ref"": 50.0, ""pitch"": 2.0, ""tip_flat"": 0.1}, ""face_h"": 60.0, ""face_w"": 60.0, ""margin_depths"": 2.0, ""seed"": 101, ""top"": ""shingle"", ""top_depth"": 47.0, ""top_params"": {""azimuth_mode"": ""grid"", ""jitter"": 0.3, ""pitch"": 7.0, ""plate_over"": 1.15, ""plate_t_bot"": 0.05, ""plate_t_top"": 0.05, ""tilt_deg"": 2.0, ""tilt_jitter"": 0.0}}"
BH_p070_t02_grid_s101,floor,shingle/pyramid,"sheet, grid",0.05,101,d00,bl050_p070_t02_grid,shingle,7.0,0.05,47.0,pyramid,3.0,2.0,50.0,7.142857142857143,0.009485040136686709,40.0,0.0002861934481188655,0.04999997094273567,"{""backing"": 2.0, ""bot"": ""pyramid"", ""bot_depth"": 3.0, ""bot_params"": {""margin_depth_ref"": 50.0, ""pitch"": 2.0, ""tip_flat"": 0.1}, ""face_h"": 60.0, ""face_w"": 60.0, ""margin_depths"": 2.0, ""seed"": 101, ""top"": ""shingle"", ""top_depth"": 47.0, ""top_params"": {""azimuth_mode"": ""grid"", ""jitter"": 0.3, ""pitch"": 7.0, ""plate_over"": 1.15, ""plate_t_bot"": 0.05, ""plate_t_top"": 0.05, ""tilt_deg"": 2.0, ""tilt_jitter"": 0.0}}"
BH_p070_t02_grid_s101,floor,shingle/pyramid,"sheet, grid",0.05,101,d76,bl050_p070_t02_grid,shingle,7.0,0.05,47.0,pyramid,3.0,2.0,50.0,7.142857142857143,0.009485040136686709,0.0,0.00036725192330777645,0.04999997094273567,"{""backing"": 2.0, ""bot"": ""pyramid"", ""bot_depth"": 3.0, ""bot_params"": {""margin_depth_ref"": 50.0, ""pitch"": 2.0, ""tip_flat"": 0.1}, ""face_h"": 60.0, ""face_w"": 60.0, ""margin_depths"": 2.0, ""seed"": 101, ""top"": ""shingle"", ""top_depth"": 47.0, ""top_params"": {""azimuth_mode"": ""grid"", ""jitter"": 0.3, ""pitch"": 7.0, ""plate_over"": 1.15, ""plate_t_bot"": 0.05, ""plate_t_top"": 0.05, ""tilt_deg"": 2.0, ""tilt_jitter"": 0.0}}"
BH_p070_t02_grid_s101,floor,shingle/pyramid,"sheet, grid",0.05,101,d76,bl050_p070_t02_grid,shingle,7.0,0.05,47.0,pyramid,3.0,2.0,50.0,7.142857142857143,0.009485040136686709,-20.0,0.0007672803476452827,0.04999997094273567,"{""backing"": 2.0, ""bot"": ""pyramid"", ""bot_depth"": 3.0, ""bot_params"": {""margin_depth_ref"": 50.0, ""pitch"": 2.0, ""tip_flat"": 0.1}, ""face_h"": 60.0, ""face_w"": 60.0, ""margin_depths"": 2.0, ""seed"": 101, ""top"": ""shingle"", ""top_depth"": 47.0, ""top_params"": {""azimuth_mode"": ""grid"", ""jitter"": 0.3, ""pitch"": 7.0, ""plate_over"": 1.15, ""plate_t_bot"": 0.05, ""plate_t_top"": 0.05, ""tilt_deg"": 2.0, ""tilt_jitter"": 0.0}}"
BH_p070_t02_grid_s101,floor,shingle/pyramid,"sheet, grid",0.05,101,d76,bl050_p070_t02_grid,shingle,7.0,0.05,47.0,pyramid,3.0,2.0,50.0,7.142857142857143,0.009485040136686709,-40.0,0.001314547029323876,0.04999997094273567,"{""backing"": 2.0, ""bot"": ""pyramid"", ""bot_depth"": 3.0, ""bot_params"": {""margin_depth_ref"": 50.0, ""pitch"": 2.0, ""tip_flat"": 0.1}, ""face_h"": 60.0, ""face_w"": 60.0, ""margin_depths"": 2.0, ""seed"": 101, ""top"": ""shingle"", ""top_depth"": 47.0, ""top_params"": {""azimuth_mode"": ""grid"", ""jitter"": 0.3, ""pitch"": 7.0, ""plate_over"": 1.15, ""plate_t_bot"": 0.05, ""plate_t_top"": 0.05, ""tilt_deg"": 2.0, ""tilt_jitter"": 0.0}}"
BH_p070_t02_grid_s101,floor,shingle/pyramid,"sheet, grid",0.05,101,d76,bl050_p070_t02_grid,shingle,7.0,0.05,47.0,pyramid,3.0,2.0,50.0,7.142857142857143,0.009485040136686709,20.0,0.0009115604916587472,0.04999997094273567,"{""backing"": 2.0, ""bot"": ""pyramid"", ""bot_depth"": 3.0, ""bot_params"": {""margin_depth_ref"": 50.0, ""pitch"": 2.0, ""tip_flat"": 0.1}, ""face_h"": 60.0, ""face_w"": 60.0, ""margin_depths"": 2.0, ""seed"": 101, ""top"": ""shingle"", ""top_depth"": 47.0, ""top_params"": {""azimuth_mode"": ""grid"", ""jitter"": 0.3, ""pitch"": 7.0, ""plate_over"": 1.15, ""plate_t_bot"": 0.05, ""plate_t_top"": 0.05, ""tilt_deg"": 2.0, ""tilt_jitter"": 0.0}}"
BH_p070_t02_grid_s101,floor,shingle/pyramid,"sheet, grid",0.05,101,d76,bl050_p070_t02_grid,shingle,7.0,0.05,47.0,pyramid,3.0,2.0,50.0,7.142857142857143,0.009485040136686709,40.0,0.0014789847191423178,0.04999997094273567,"{""backing"": 2.0, ""bot"": ""pyramid"", ""bot_depth"": 3.0, ""bot_params"": {""margin_depth_ref"": 50.0, ""pitch"": 2.0, ""tip_flat"": 0.1}, ""face_h"": 60.0, ""face_w"": 60.0, ""margin_depths"": 2.0, ""seed"": 101, ""top"": ""shingle"", ""top_depth"": 47.0, ""top_params"": {""azimuth_mode"": ""grid"", ""jitter"": 0.3, ""pitch"": 7.0, ""plate_over"": 1.15, ""plate_t_bot"": 0.05, ""plate_t_top"": 0.05, ""tilt_deg"": 2.0, ""tilt_jitter"": 0.0}}"
BH_p070_t02_grid_s101,floor,shingle/pyramid,"sheet, grid",0.05,101,d100,bl050_p070_t02_grid,shingle,7.0,0.05,47.0,pyramid,3.0,2.0,50.0,7.142857142857143,0.009485040136686709,0.0,0.0003211679868400097,0.04999997094273567,"{""backing"": 2.0, ""bot"": ""pyramid"", ""bot_depth"": 3.0, ""bot_params"": {""margin_depth_ref"": 50.0, ""pitch"": 2.0, ""tip_flat"": 0.1}, ""face_h"": 60.0, ""face_w"": 60.0, ""margin_depths"": 2.0, ""seed"": 101, ""top"": ""shingle"", ""top_depth"": 47.0, ""top_params"": {""azimuth_mode"": ""grid"", ""jitter"": 0.3, ""pitch"": 7.0, ""plate_over"": 1.15, ""plate_t_bot"": 0.05, ""plate_t_top"": 0.05, ""tilt_deg"": 2.0, ""tilt_jitter"": 0.0}}"
BH_p070_t02_grid_s101,floor,shingle/pyramid,"sheet, grid",0.05,101,d100,bl050_p070_t02_grid,shingle,7.0,0.05,47.0,pyramid,3.0,2.0,50.0,7.142857142857143,0.009485040136686709,-20.0,0.0009033134556375444,0.04999997094273567,"{""backing"": 2.0, ""bot"": ""pyramid"", ""bot_depth"": 3.0, ""bot_params"": {""margin_depth_ref"": 50.0, ""pitch"": 2.0, ""tip_flat"": 0.1}, ""face_h"": 60.0, ""face_w"": 60.0, ""margin_depths"": 2.0, ""seed"": 101, ""top"": ""shingle"", ""top_depth"": 47.0, ""top_params"": {""azimuth_mode"": ""grid"", ""jitter"": 0.3, ""pitch"": 7.0, ""plate_over"": 1.15, ""plate_t_bot"": 0.05, ""plate_t_top"": 0.05, ""tilt_deg"": 2.0, ""tilt_jitter"": 0.0}}"
BH_p070_t02_grid_s101,floor,shingle/pyramid,"sheet, grid",0.05,101,d100,bl050_p070_t02_grid,shingle,7.0,0.05,47.0,pyramid,3.0,2.0,50.0,7.142857142857143,0.009485040136686709,-40.0,0.0016463258070871234,0.04999997094273567,"{""backing"": 2.0, ""bot"": ""pyramid"", ""bot_depth"": 3.0, ""bot_params"": {""margin_depth_ref"": 50.0, ""pitch"": 2.0, ""tip_flat"": 0.1}, ""face_h"": 60.0, ""face_w"": 60.0, ""margin_depths"": 2.0, ""seed"": 101, ""top"": ""shingle"", ""top_depth"": 47.0, ""top_params"": {""azimuth_mode"": ""grid"", ""jitter"": 0.3, ""pitch"": 7.0, ""plate_over"": 1.15, ""plate_t_bot"": 0.05, ""plate_t_top"": 0.05, ""tilt_deg"": 2.0, ""tilt_jitter"": 0.0}}"
BH_p070_t02_grid_s101,floor,shingle/pyramid,"sheet, grid",0.05,101,d100,bl050_p070_t02_grid,shingle,7.0,0.05,47.0,pyramid,3.0,2.0,50.0,7.142857142857143,0.009485040136686709,20.0,0.001104225986637175,0.04999997094273567,"{""backing"": 2.0, ""bot"": ""pyramid"", ""bot_depth"": 3.0, ""bot_params"": {""margin_depth_ref"": 50.0, ""pitch"": 2.0, ""tip_flat"": 0.1}, ""face_h"": 60.0, ""face_w"": 60.0, ""margin_depths"": 2.0, ""seed"": 101, ""top"": ""shingle"", ""top_depth"": 47.0, ""top_params"": {""azimuth_mode"": ""grid"", ""jitter"": 0.3, ""pitch"": 7.0, ""plate_over"": 1.15, ""plate_t_bot"": 0.05, ""plate_t_top"": 0.05, ""tilt_deg"": 2.0, ""tilt_jitter"": 0.0}}"
BH_p070_t02_grid_s101,floor,shingle/pyramid,"sheet, grid",0.05,101,d100,bl050_p070_t02_grid,shingle,7.0,0.05,47.0,pyramid,3.0,2.0,50.0,7.142857142857143,0.009485040136686709,40.0,0.001875916263088584,0.04999997094273567,"{""backing"": 2.0, ""bot"": ""pyramid"", ""bot_depth"": 3.0, ""bot_params"": {""margin_depth_ref"": 50.0, ""pitch"": 2.0, ""tip_flat"": 0.1}, ""face_h"": 60.0, ""face_w"": 60.0, ""margin_depths"": 2.0, ""seed"": 101, ""top"": ""shingle"", ""top_depth"": 47.0, ""top_params"": {""azimuth_mode"": ""grid"", ""jitter"": 0.3, ""pitch"": 7.0, ""plate_over"": 1.15, ""plate_t_bot"": 0.05, ""plate_t_top"": 0.05, ""tilt_deg"": 2.0, ""tilt_jitter"": 0.0}}"
BH_p055_t00_grid_s101,floor,shingle/pyramid,"sheet, grid",0.05,101,d00,bl050_p055_t00_grid,shingle,5.5,0.05,47.0,pyramid,3.0,2.0,50.0,9.090909090909092,0.012071869264873993,0.0,0.00017094063514377922,0.04999997094273567,"{""backing"": 2.0, ""bot"": ""pyramid"", ""bot_depth"": 3.0, ""bot_params"": {""margin_depth_ref"": 50.0, ""pitch"": 2.0, ""tip_flat"": 0.1}, ""face_h"": 60.0, ""face_w"": 60.0, ""margin_depths"": 2.0, ""seed"": 101, ""top"": ""shingle"", ""top_depth"": 47.0, ""top_params"": {""azimuth_mode"": ""grid"", ""jitter"": 0.3, ""pitch"": 5.5, ""plate_over"": 1.15, ""plate_t_bot"": 0.05, ""plate_t_top"": 0.05, ""tilt_deg"": 0.0, ""tilt_jitter"": 0.0}}"
BH_p055_t00_grid_s101,floor,shingle/pyramid,"sheet, grid",0.05,101,d00,bl050_p055_t00_grid,shingle,5.5,0.05,47.0,pyramid,3.0,2.0,50.0,9.090909090909092,0.012071869264873993,-20.0,0.00021218045731075108,0.04999997094273567,"{""backing"": 2.0, ""bot"": ""pyramid"", ""bot_depth"": 3.0, ""bot_params"": {""margin_depth_ref"": 50.0, ""pitch"": 2.0, ""tip_flat"": 0.1}, ""face_h"": 60.0, ""face_w"": 60.0, ""margin_depths"": 2.0, ""seed"": 101, ""top"": ""shingle"", ""top_depth"": 47.0, ""top_params"": {""azimuth_mode"": ""grid"", ""jitter"": 0.3, ""pitch"": 5.5, ""plate_over"": 1.15, ""plate_t_bot"": 0.05, ""plate_t_top"": 0.05, ""tilt_deg"": 0.0, ""tilt_jitter"": 0.0}}"
BH_p055_t00_grid_s101,floor,shingle/pyramid,"sheet, grid",0.05,101,d00,bl050_p055_t00_grid,shingle,5.5,0.05,47.0,pyramid,3.0,2.0,50.0,9.090909090909092,0.012071869264873993,-40.0,0.0001889045670395717,0.04999997094273567,"{""backing"": 2.0, ""bot"": ""pyramid"", ""bot_depth"": 3.0, ""bot_params"": {""margin_depth_ref"": 50.0, ""pitch"": 2.0, ""tip_flat"": 0.1}, ""face_h"": 60.0, ""face_w"": 60.0, ""margin_depths"": 2.0, ""seed"": 101, ""top"": ""shingle"", ""top_depth"": 47.0, ""top_params"": {""azimuth_mode"": ""grid"", ""jitter"": 0.3, ""pitch"": 5.5, ""plate_over"": 1.15, ""plate_t_bot"": 0.05, ""plate_t_top"": 0.05, ""tilt_deg"": 0.0, ""tilt_jitter"": 0.0}}"
BH_p055_t00_grid_s101,floor,shingle/pyramid,"sheet, grid",0.05,101,d00,bl050_p055_t00_grid,shingle,5.5,0.05,47.0,pyramid,3.0,2.0,50.0,9.090909090909092,0.012071869264873993,20.0,0.00021768889564555138,0.04999997094273567,"{""backing"": 2.0, ""bot"": ""pyramid"", ""bot_depth"": 3.0, ""bot_params"": {""margin_depth_ref"": 50.0, ""pitch"": 2.0, ""tip_flat"": 0.1}, ""face_h"": 60.0, ""face_w"": 60.0, ""margin_depths"": 2.0, ""seed"": 101, ""top"": ""shingle"", ""top_depth"": 47.0, ""top_params"": {""azimuth_mode"": ""grid"", ""jitter"": 0.3, ""pitch"": 5.5, ""plate_over"": 1.15, ""plate_t_bot"": 0.05, ""plate_t_top"": 0.05, ""tilt_deg"": 0.0, ""tilt_jitter"": 0.0}}"
BH_p055_t00_grid_s101,floor,shingle/pyramid,"sheet, grid",0.05,101,d00,bl050_p055_t00_grid,shingle,5.5,0.05,47.0,pyramid,3.0,2.0,50.0,9.090909090909092,0.012071869264873993,40.0,0.0001924898533616215,0.04999997094273567,"{""backing"": 2.0, ""bot"": ""pyramid"", ""bot_depth"": 3.0, ""bot_params"": {""margin_depth_ref"": 50.0, ""pitch"": 2.0, ""tip_flat"": 0.1}, ""face_h"": 60.0, ""face_w"": 60.0, ""margin_depths"": 2.0, ""seed"": 101, ""top"": ""shingle"", ""top_depth"": 47.0, ""top_params"": {""azimuth_mode"": ""grid"", ""jitter"": 0.3, ""pitch"": 5.5, ""plate_over"": 1.15, ""plate_t_bot"": 0.05, ""plate_t_top"": 0.05, ""tilt_deg"": 0.0, ""tilt_jitter"": 0.0}}"
BH_p055_t00_grid_s101,floor,shingle/pyramid,"sheet, grid",0.05,101,d76,bl050_p055_t00_grid,shingle,5.5,0.05,47.0,pyramid,3.0,2.0,50.0,9.090909090909092,0.012071869264873993,0.0,0.00016467136447317898,0.04999997094273567,"{""backing"": 2.0, ""bot"": ""pyramid"", ""bot_depth"": 3.0, ""bot_params"": {""margin_depth_ref"": 50.0, ""pitch"": 2.0, ""tip_flat"": 0.1}, ""face_h"": 60.0, ""face_w"": 60.0, ""margin_depths"": 2.0, ""seed"": 101, ""top"": ""shingle"", ""top_depth"": 47.0, ""top_params"": {""azimuth_mode"": ""grid"", ""jitter"": 0.3, ""pitch"": 5.5, ""plate_over"": 1.15, ""plate_t_bot"": 0.05, ""plate_t_top"": 0.05, ""tilt_deg"": 0.0, ""tilt_jitter"": 0.0}}"
BH_p055_t00_grid_s101,floor,shingle/pyramid,"sheet, grid",0.05,101,d76,bl050_p055_t00_grid,shingle,5.5,0.05,47.0,pyramid,3.0,2.0,50.0,9.090909090909092,0.012071869264873993,-20.0,0.0007929572020657361,0.04999997094273567,"{""backing"": 2.0, ""bot"": ""pyramid"", ""bot_depth"": 3.0, ""bot_params"": {""margin_depth_ref"": 50.0, ""pitch"": 2.0, ""tip_flat"": 0.1}, ""face_h"": 60.0, ""face_w"": 60.0, ""margin_depths"": 2.0, ""seed"": 101, ""top"": ""shingle"", ""top_depth"": 47.0, ""top_params"": {""azimuth_mode"": ""grid"", ""jitter"": 0.3, ""pitch"": 5.5, ""plate_over"": 1.15, ""plate_t_bot"": 0.05, ""plate_t_top"": 0.05, ""tilt_deg"": 0.0, ""tilt_jitter"": 0.0}}"
BH_p055_t00_grid_s101,floor,shingle/pyramid,"sheet, grid",0.05,101,d76,bl050_p055_t00_grid,shingle,5.5,0.05,47.0,pyramid,3.0,2.0,50.0,9.090909090909092,0.012071869264873993,-40.0,0.0014070832403376698,0.04999997094273567,"{""backing"": 2.0, ""bot"": ""pyramid"", ""bot_depth"": 3.0, ""bot_params"": {""margin_depth_ref"": 50.0, ""pitch"": 2.0, ""tip_flat"": 0.1}, ""face_h"": 60.0, ""face_w"": 60.0, ""margin_depths"": 2.0, ""seed"": 101, ""top"": ""shingle"", ""top_depth"": 47.0, ""top_params"": {""azimuth_mode"": ""grid"", ""jitter"": 0.3, ""pitch"": 5.5, ""plate_over"": 1.15, ""plate_t_bot"": 0.05, ""plate_t_top"": 0.05, ""tilt_deg"": 0.0, ""tilt_jitter"": 0.0}}"
BH_p055_t00_grid_s101,floor,shingle/pyramid,"sheet, grid",0.05,101,d76,bl050_p055_t00_grid,shingle,5.5,0.05,47.0,pyramid,3.0,2.0,50.0,9.090909090909092,0.012071869264873993,20.0,0.0007747227791696787,0.04999997094273567,"{""backing"": 2.0, ""bot"": ""pyramid"", ""bot_depth"": 3.0, ""bot_params"": {""margin_depth_ref"": 50.0, ""pitch"": 2.0, ""tip_flat"": 0.1}, ""face_h"": 60.0, ""face_w"": 60.0, ""margin_depths"": 2.0, ""seed"": 101, ""top"": ""shingle"", ""top_depth"": 47.0, ""top_params"": {""azimuth_mode"": ""grid"", ""jitter"": 0.3, ""pitch"": 5.5, ""plate_over"": 1.15, ""plate_t_bot"": 0.05, ""plate_t_top"": 0.05, ""tilt_deg"": 0.0, ""tilt_jitter"": 0.0}}"
BH_p055_t00_grid_s101,floor,shingle/pyramid,"sheet, grid",0.05,101,d76,bl050_p055_t00_grid,shingle,5.5,0.05,47.0,pyramid,3.0,2.0,50.0,9.090909090909092,0.012071869264873993,40.0,0.0013851657276973128,0.04999997094273567,"{""backing"": 2.0, ""bot"": ""pyramid"", ""bot_depth"": 3.0, ""bot_params"": {""margin_depth_ref"": 50.0, ""pitch"": 2.0, ""tip_flat"": 0.1}, ""face_h"": 60.0, ""face_w"": 60.0, ""margin_depths"": 2.0, ""seed"": 101, ""top"": ""shingle"", ""top_depth"": 47.0, ""top_params"": {""azimuth_mode"": ""grid"", ""jitter"": 0.3, ""pitch"": 5.5, ""plate_over"": 1.15, ""plate_t_bot"": 0.05, ""plate_t_top"": 0.05, ""tilt_deg"": 0.0, ""tilt_jitter"": 0.0}}"
BH_p055_t00_grid_s101,floor,shingle/pyramid,"sheet, grid",0.05,101,d100,bl050_p055_t00_grid,shingle,5.5,0.05,47.0,pyramid,3.0,2.0,50.0,9.090909090909092,0.012071869264873993,0.0,0.00016892695566639304,0.04999997094273567,"{""backing"": 2.0, ""bot"": ""pyramid"", ""bot_depth"": 3.0, ""bot_params"": {""margin_depth_ref"": 50.0, ""pitch"": 2.0, ""tip_flat"": 0.1}, ""face_h"": 60.0, ""face_w"": 60.0, ""margin_depths"": 2.0, ""seed"": 101, ""top"": ""shingle"", ""top_depth"": 47.0, ""top_params"": {""azimuth_mode"": ""grid"", ""jitter"": 0.3, ""pitch"": 5.5, ""plate_over"": 1.15, ""plate_t_bot"": 0.05, ""plate_t_top"": 0.05, ""tilt_deg"": 0.0, ""tilt_jitter"": 0.0}}"
BH_p055_t00_grid_s101,floor,shingle/pyramid,"sheet, grid",0.05,101,d100,bl050_p055_t00_grid,shingle,5.5,0.05,47.0,pyramid,3.0,2.0,50.0,9.090909090909092,0.012071869264873993,-20.0,0.0009866671171039343,0.04999997094273567,"{""backing"": 2.0, ""bot"": ""pyramid"", ""bot_depth"": 3.0, ""bot_params"": {""margin_depth_ref"": 50.0, ""pitch"": 2.0, ""tip_flat"": 0.1}, ""face_h"": 60.0, ""face_w"": 60.0, ""margin_depths"": 2.0, ""seed"": 101, ""top"": ""shingle"", ""top_depth"": 47.0, ""top_params"": {""azimuth_mode"": ""grid"", ""jitter"": 0.3, ""pitch"": 5.5, ""plate_over"": 1.15, ""plate_t_bot"": 0.05, ""plate_t_top"": 0.05, ""tilt_deg"": 0.0, ""tilt_jitter"": 0.0}}"
BH_p055_t00_grid_s101,floor,shingle/pyramid,"sheet, grid",0.05,101,d100,bl050_p055_t00_grid,shingle,5.5,0.05,47.0,pyramid,3.0,2.0,50.0,9.090909090909092,0.012071869264873993,-40.0,0.001798556069843471,0.04999997094273567,"{""backing"": 2.0, ""bot"": ""pyramid"", ""bot_depth"": 3.0, ""bot_params"": {""margin_depth_ref"": 50.0, ""pitch"": 2.0, ""tip_flat"": 0.1}, ""face_h"": 60.0, ""face_w"": 60.0, ""margin_depths"": 2.0, ""seed"": 101, ""top"": ""shingle"", ""top_depth"": 47.0, ""top_params"": {""azimuth_mode"": ""grid"", ""jitter"": 0.3, ""pitch"": 5.5, ""plate_over"": 1.15, ""plate_t_bot"": 0.05, ""plate_t_top"": 0.05, ""tilt_deg"": 0.0, ""tilt_jitter"": 0.0}}"
BH_p055_t00_grid_s101,floor,shingle/pyramid,"sheet, grid",0.05,101,d100,bl050_p055_t00_grid,shingle,5.5,0.05,47.0,pyramid,3.0,2.0,50.0,9.090909090909092,0.012071869264873993,20.0,0.0009620546479709446,0.04999997094273567,"{""backing"": 2.0, ""bot"": ""pyramid"", ""bot_depth"": 3.0, ""bot_params"": {""margin_depth_ref"": 50.0, ""pitch"": 2.0, ""tip_flat"": 0.1}, ""face_h"": 60.0, ""face_w"": 60.0, ""margin_depths"": 2.0, ""seed"": 101, ""top"": ""shingle"", ""top_depth"": 47.0, ""top_params"": {""azimuth_mode"": ""grid"", ""jitter"": 0.3, ""pitch"": 5.5, ""plate_over"": 1.15, ""plate_t_bot"": 0.05, ""plate_t_top"": 0.05, ""tilt_deg"": 0.0, ""tilt_jitter"": 0.0}}"
BH_p055_t00_grid_s101,floor,shingle/pyramid,"sheet, grid",0.05,101,d100,bl050_p055_t00_grid,shingle,5.5,0.05,47.0,pyramid,3.0,2.0,50.0,9.090909090909092,0.012071869264873993,40.0,0.001765448017977178,0.04999997094273567,"{""backing"": 2.0, ""bot"": ""pyramid"", ""bot_depth"": 3.0, ""bot_params"": {""margin_depth_ref"": 50.0, ""pitch"": 2.0, ""tip_flat"": 0.1}, ""face_h"": 60.0, ""face_w"": 60.0, ""margin_depths"": 2.0, ""seed"": 101, ""top"": ""shingle"", ""top_depth"": 47.0, ""top_params"": {""azimuth_mode"": ""grid"", ""jitter"": 0.3, ""pitch"": 5.5, ""plate_over"": 1.15, ""plate_t_bot"": 0.05, ""plate_t_top"": 0.05, ""tilt_deg"": 0.0, ""tilt_jitter"": 0.0}}"
BH_p055_t05_grid_s101,floor,shingle/pyramid,"sheet, grid",0.05,101,d00,bl050_p055_t05_grid,shingle,5.5,0.05,47.0,pyramid,3.0,2.0,50.0,9.090909090909092,0.012071869264873993,0.0,0.0006490644300356507,0.04999997094273567,"{""backing"": 2.0, ""bot"": ""pyramid"", ""bot_depth"": 3.0, ""bot_params"": {""margin_depth_ref"": 50.0, ""pitch"": 2.0, ""tip_flat"": 0.1}, ""face_h"": 60.0, ""face_w"": 60.0, ""margin_depths"": 2.0, ""seed"": 101, ""top"": ""shingle"", ""top_depth"": 47.0, ""top_params"": {""azimuth_mode"": ""grid"", ""jitter"": 0.3, ""pitch"": 5.5, ""plate_over"": 1.15, ""plate_t_bot"": 0.05, ""plate_t_top"": 0.05, ""tilt_deg"": 5.0, ""tilt_jitter"": 0.0}}"
BH_p055_t05_grid_s101,floor,shingle/pyramid,"sheet, grid",0.05,101,d00,bl050_p055_t05_grid,shingle,5.5,0.05,47.0,pyramid,3.0,2.0,50.0,9.090909090909092,0.012071869264873993,-20.0,0.000473196356324479,0.04999997094273567,"{""backing"": 2.0, ""bot"": ""pyramid"", ""bot_depth"": 3.0, ""bot_params"": {""margin_depth_ref"": 50.0, ""pitch"": 2.0, ""tip_flat"": 0.1}, ""face_h"": 60.0, ""face_w"": 60.0, ""margin_depths"": 2.0, ""seed"": 101, ""top"": ""shingle"", ""top_depth"": 47.0, ""top_params"": {""azimuth_mode"": ""grid"", ""jitter"": 0.3, ""pitch"": 5.5, ""plate_over"": 1.15, ""plate_t_bot"": 0.05, ""plate_t_top"": 0.05, ""tilt_deg"": 5.0, ""tilt_jitter"": 0.0}}"
BH_p055_t05_grid_s101,floor,shingle/pyramid,"sheet, grid",0.05,101,d00,bl050_p055_t05_grid,shingle,5.5,0.05,47.0,pyramid,3.0,2.0,50.0,9.090909090909092,0.012071869264873993,-40.0,0.0004170002066530287,0.04999997094273567,"{""backing"": 2.0, ""bot"": ""pyramid"", ""bot_depth"": 3.0, ""bot_params"": {""margin_depth_ref"": 50.0, ""pitch"": 2.0, ""tip_flat"": 0.1}, ""face_h"": 60.0, ""face_w"": 60.0, ""margin_depths"": 2.0, ""seed"": 101, ""top"": ""shingle"", ""top_depth"": 47.0, ""top_params"": {""azimuth_mode"": ""grid"", ""jitter"": 0.3, ""pitch"": 5.5, ""plate_over"": 1.15, ""plate_t_bot"": 0.05, ""plate_t_top"": 0.05, ""tilt_deg"": 5.0, ""tilt_jitter"": 0.0}}"
BH_p055_t05_grid_s101,floor,shingle/pyramid,"sheet, grid",0.05,101,d00,bl050_p055_t05_grid,shingle,5.5,0.05,47.0,pyramid,3.0,2.0,50.0,9.090909090909092,0.012071869264873993,20.0,0.0004269745259080082,0.04999997094273567,"{""backing"": 2.0, ""bot"": ""pyramid"", ""bot_depth"": 3.0, ""bot_params"": {""margin_depth_ref"": 50.0, ""pitch"": 2.0, ""tip_flat"": 0.1}, ""face_h"": 60.0, ""face_w"": 60.0, ""margin_depths"": 2.0, ""seed"": 101, ""top"": ""shingle"", ""top_depth"": 47.0, ""top_params"": {""azimuth_mode"": ""grid"", ""jitter"": 0.3, ""pitch"": 5.5, ""plate_over"": 1.15, ""plate_t_bot"": 0.05, ""plate_t_top"": 0.05, ""tilt_deg"": 5.0, ""tilt_jitter"": 0.0}}"
BH_p055_t05_grid_s101,floor,shingle/pyramid,"sheet, grid",0.05,101,d00,bl050_p055_t05_grid,shingle,5.5,0.05,47.0,pyramid,3.0,2.0,50.0,9.090909090909092,0.012071869264873993,40.0,0.0004518978821579367,0.04999997094273567,"{""backing"": 2.0, ""bot"": ""pyramid"", ""bot_depth"": 3.0, ""bot_params"": {""margin_depth_ref"": 50.0, ""pitch"": 2.0, ""tip_flat"": 0.1}, ""face_h"": 60.0, ""face_w"": 60.0, ""margin_depths"": 2.0, ""seed"": 101, ""top"": ""shingle"", ""top_depth"": 47.0, ""top_params"": {""azimuth_mode"": ""grid"", ""jitter"": 0.3, ""pitch"": 5.5, ""plate_over"": 1.15, ""plate_t_bot"": 0.05, ""plate_t_top"": 0.05, ""tilt_deg"": 5.0, ""tilt_jitter"": 0.0}}"
BH_p055_t05_grid_s101,floor,shingle/pyramid,"sheet, grid",0.05,101,d76,bl050_p055_t05_grid,shingle,5.5,0.05,47.0,pyramid,3.0,2.0,50.0,9.090909090909092,0.012071869264873993,0.0,0.0005769841372966766,0.04999997094273567,"{""backing"": 2.0, ""bot"": ""pyramid"", ""bot_depth"": 3.0, ""bot_params"": {""margin_depth_ref"": 50.0, ""pitch"": 2.0, ""tip_flat"": 0.1}, ""face_h"": 60.0, ""face_w"": 60.0, ""margin_depths"": 2.0, ""seed"": 101, ""top"": ""shingle"", ""top_depth"": 47.0, ""top_params"": {""azimuth_mode"": ""grid"", ""jitter"": 0.3, ""pitch"": 5.5, ""plate_over"": 1.15, ""plate_t_bot"": 0.05, ""plate_t_top"": 0.05, ""tilt_deg"": 5.0, ""tilt_jitter"": 0.0}}"
BH_p055_t05_grid_s101,floor,shingle/pyramid,"sheet, grid",0.05,101,d76,bl050_p055_t05_grid,shingle,5.5,0.05,47.0,pyramid,3.0,2.0,50.0,9.090909090909092,0.012071869264873993,-20.0,0.0007877852767705917,0.04999997094273567,"{""backing"": 2.0, ""bot"": ""pyramid"", ""bot_depth"": 3.0, ""bot_params"": {""margin_depth_ref"": 50.0, ""pitch"": 2.0, ""tip_flat"": 0.1}, ""face_h"": 60.0, ""face_w"": 60.0, ""margin_depths"": 2.0, ""seed"": 101, ""top"": ""shingle"", ""top_depth"": 47.0, ""top_params"": {""azimuth_mode"": ""grid"", ""jitter"": 0.3, ""pitch"": 5.5, ""plate_over"": 1.15, ""plate_t_bot"": 0.05, ""plate_t_top"": 0.05, ""tilt_deg"": 5.0, ""tilt_jitter"": 0.0}}"
BH_p055_t05_grid_s101,floor,shingle/pyramid,"sheet, grid",0.05,101,d76,bl050_p055_t05_grid,shingle,5.5,0.05,47.0,pyramid,3.0,2.0,50.0,9.090909090909092,0.012071869264873993,-40.0,0.001331988605670631,0.04999997094273567,"{""backing"": 2.0, ""bot"": ""pyramid"", ""bot_depth"": 3.0, ""bot_params"": {""margin_depth_ref"": 50.0, ""pitch"": 2.0, ""tip_flat"": 0.1}, ""face_h"": 60.0, ""face_w"": 60.0, ""margin_depths"": 2.0, ""seed"": 101, ""top"": ""shingle"", ""top_depth"": 47.0, ""top_params"": {""azimuth_mode"": ""grid"", ""jitter"": 0.3, ""pitch"": 5.5, ""plate_over"": 1.15, ""plate_t_bot"": 0.05, ""plate_t_top"": 0.05, ""tilt_deg"": 5.0, ""tilt_jitter"": 0.0}}"
BH_p055_t05_grid_s101,floor,shingle/pyramid,"sheet, grid",0.05,101,d76,bl050_p055_t05_grid,shingle,5.5,0.05,47.0,pyramid,3.0,2.0,50.0,9.090909090909092,0.012071869264873993,20.0,0.0011513801291584969,0.04999997094273567,"{""backing"": 2.0, ""bot"": ""pyramid"", ""bot_depth"": 3.0, ""bot_params"": {""margin_depth_ref"": 50.0, ""pitch"": 2.0, ""tip_flat"": 0.1}, ""face_h"": 60.0, ""face_w"": 60.0, ""margin_depths"": 2.0, ""seed"": 101, ""top"": ""shingle"", ""top_depth"": 47.0, ""top_params"": {""azimuth_mode"": ""grid"", ""jitter"": 0.3, ""pitch"": 5.5, ""plate_over"": 1.15, ""plate_t_bot"": 0.05, ""plate_t_top"": 0.05, ""tilt_deg"": 5.0, ""tilt_jitter"": 0.0}}"
BH_p055_t05_grid_s101,floor,shingle/pyramid,"sheet, grid",0.05,101,d76,bl050_p055_t05_grid,shingle,5.5,0.05,47.0,pyramid,3.0,2.0,50.0,9.090909090909092,0.012071869264873993,40.0,0.0017430305015295744,0.04999997094273567,"{""backing"": 2.0, ""bot"": ""pyramid"", ""bot_depth"": 3.0, ""bot_params"": {""margin_depth_ref"": 50.0, ""pitch"": 2.0, ""tip_flat"": 0.1}, ""face_h"": 60.0, ""face_w"": 60.0, ""margin_depths"": 2.0, ""seed"": 101, ""top"": ""shingle"", ""top_depth"": 47.0, ""top_params"": {""azimuth_mode"": ""grid"", ""jitter"": 0.3, ""pitch"": 5.5, ""plate_over"": 1.15, ""plate_t_bot"": 0.05, ""plate_t_top"": 0.05, ""tilt_deg"": 5.0, ""tilt_jitter"": 0.0}}"
BH_p055_t05_grid_s101,floor,shingle/pyramid,"sheet, grid",0.05,101,d100,bl050_p055_t05_grid,shingle,5.5,0.05,47.0,pyramid,3.0,2.0,50.0,9.090909090909092,0.012071869264873993,0.0,0.0005793346790596843,0.04999997094273567,"{""backing"": 2.0, ""bot"": ""pyramid"", ""bot_depth"": 3.0, ""bot_params"": {""margin_depth_ref"": 50.0, ""pitch"": 2.0, ""tip_flat"": 0.1}, ""face_h"": 60.0, ""face_w"": 60.0, ""margin_depths"": 2.0, ""seed"": 101, ""top"": ""shingle"", ""top_depth"": 47.0, ""top_params"": {""azimuth_mode"": ""grid"", ""jitter"": 0.3, ""pitch"": 5.5, ""plate_over"": 1.15, ""plate_t_bot"": 0.05, ""plate_t_top"": 0.05, ""tilt_deg"": 5.0, ""tilt_jitter"": 0.0}}"
BH_p055_t05_grid_s101,floor,shingle/pyramid,"sheet, grid",0.05,101,d100,bl050_p055_t05_grid,shingle,5.5,0.05,47.0,pyramid,3.0,2.0,50.0,9.090909090909092,0.012071869264873993,-20.0,0.0009049915825016797,0.04999997094273567,"{""backing"": 2.0, ""bot"": ""pyramid"", ""bot_depth"": 3.0, ""bot_params"": {""margin_depth_ref"": 50.0, ""pitch"": 2.0, ""tip_flat"": 0.1}, ""face_h"": 60.0, ""face_w"": 60.0, ""margin_depths"": 2.0, ""seed"": 101, ""top"": ""shingle"", ""top_depth"": 47.0, ""top_params"": {""azimuth_mode"": ""grid"", ""jitter"": 0.3, ""pitch"": 5.5, ""plate_over"": 1.15, ""plate_t_bot"": 0.05, ""plate_t_top"": 0.05, ""tilt_deg"": 5.0, ""tilt_jitter"": 0.0}}"
BH_p055_t05_grid_s101,floor,shingle/pyramid,"sheet, grid",0.05,101,d100,bl050_p055_t05_grid,shingle,5.5,0.05,47.0,pyramid,3.0,2.0,50.0,9.090909090909092,0.012071869264873993,-40.0,0.0016336580738425255,0.04999997094273567,"{""backing"": 2.0, ""bot"": ""pyramid"", ""bot_depth"": 3.0, ""bot_params"": {""margin_depth_ref"": 50.0, ""pitch"": 2.0, ""tip_flat"": 0.1}, ""face_h"": 60.0, ""face_w"": 60.0, ""margin_depths"": 2.0, ""seed"": 101, ""top"": ""shingle"", ""top_depth"": 47.0, ""top_params"": {""azimuth_mode"": ""grid"", ""jitter"": 0.3, ""pitch"": 5.5, ""plate_over"": 1.15, ""plate_t_bot"": 0.05, ""plate_t_top"": 0.05, ""tilt_deg"": 5.0, ""tilt_jitter"": 0.0}}"
BH_p055_t05_grid_s101,floor,shingle/pyramid,"sheet, grid",0.05,101,d100,bl050_p055_t05_grid,shingle,5.5,0.05,47.0,pyramid,3.0,2.0,50.0,9.090909090909092,0.012071869264873993,20.0,0.0013936201576143503,0.04999997094273567,"{""backing"": 2.0, ""bot"": ""pyramid"", ""bot_depth"": 3.0, ""bot_params"": {""margin_depth_ref"": 50.0, ""pitch"": 2.0, ""tip_flat"": 0.1}, ""face_h"": 60.0, ""face_w"": 60.0, ""margin_depths"": 2.0, ""seed"": 101, ""top"": ""shingle"", ""top_depth"": 47.0, ""top_params"": {""azimuth_mode"": ""grid"", ""jitter"": 0.3, ""pitch"": 5.5, ""plate_over"": 1.15, ""plate_t_bot"": 0.05, ""plate_t_top"": 0.05, ""tilt_deg"": 5.0, ""tilt_jitter"": 0.0}}"
BH_p055_t05_grid_s101,floor,shingle/pyramid,"sheet, grid",0.05,101,d100,bl050_p055_t05_grid,shingle,5.5,0.05,47.0,pyramid,3.0,2.0,50.0,9.090909090909092,0.012071869264873993,40.0,0.0021615668665617704,0.04999997094273567,"{""backing"": 2.0, ""bot"": ""pyramid"", ""bot_depth"": 3.0, ""bot_params"": {""margin_depth_ref"": 50.0, ""pitch"": 2.0, ""tip_flat"": 0.1}, ""face_h"": 60.0, ""face_w"": 60.0, ""margin_depths"": 2.0, ""seed"": 101, ""top"": ""shingle"", ""top_depth"": 47.0, ""top_params"": {""azimuth_mode"": ""grid"", ""jitter"": 0.3, ""pitch"": 5.5, ""plate_over"": 1.15, ""plate_t_bot"": 0.05, ""plate_t_top"": 0.05, ""tilt_deg"": 5.0, ""tilt_jitter"": 0.0}}"
BH_p055_t10_grid_s101,floor,shingle/pyramid,"sheet, grid",0.05,101,d00,bl050_p055_t10_grid,shingle,5.5,0.05,47.0,pyramid,3.0,2.0,50.0,9.090909090909092,0.012071869264873993,0.0,0.0005000625387765467,0.04999997094273567,"{""backing"": 2.0, ""bot"": ""pyramid"", ""bot_depth"": 3.0, ""bot_params"": {""margin_depth_ref"": 50.0, ""pitch"": 2.0, ""tip_flat"": 0.1}, ""face_h"": 60.0, ""face_w"": 60.0, ""margin_depths"": 2.0, ""seed"": 101, ""top"": ""shingle"", ""top_depth"": 47.0, ""top_params"": {""azimuth_mode"": ""grid"", ""jitter"": 0.3, ""pitch"": 5.5, ""plate_over"": 1.15, ""plate_t_bot"": 0.05, ""plate_t_top"": 0.05, ""tilt_deg"": 10.0, ""tilt_jitter"": 0.0}}"
BH_p055_t10_grid_s101,floor,shingle/pyramid,"sheet, grid",0.05,101,d00,bl050_p055_t10_grid,shingle,5.5,0.05,47.0,pyramid,3.0,2.0,50.0,9.090909090909092,0.012071869264873993,-20.0,0.0004632546624634415,0.04999997094273567,"{""backing"": 2.0, ""bot"": ""pyramid"", ""bot_depth"": 3.0, ""bot_params"": {""margin_depth_ref"": 50.0, ""pitch"": 2.0, ""tip_flat"": 0.1}, ""face_h"": 60.0, ""face_w"": 60.0, ""margin_depths"": 2.0, ""seed"": 101, ""top"": ""shingle"", ""top_depth"": 47.0, ""top_params"": {""azimuth_mode"": ""grid"", ""jitter"": 0.3, ""pitch"": 5.5, ""plate_over"": 1.15, ""plate_t_bot"": 0.05, ""plate_t_top"": 0.05, ""tilt_deg"": 10.0, ""tilt_jitter"": 0.0}}"
BH_p055_t10_grid_s101,floor,shingle/pyramid,"sheet, grid",0.05,101,d00,bl050_p055_t10_grid,shingle,5.5,0.05,47.0,pyramid,3.0,2.0,50.0,9.090909090909092,0.012071869264873993,-40.0,0.0004166500293649733,0.04999997094273567,"{""backing"": 2.0, ""bot"": ""pyramid"", ""bot_depth"": 3.0, ""bot_params"": {""margin_depth_ref"": 50.0, ""pitch"": 2.0, ""tip_flat"": 0.1}, ""face_h"": 60.0, ""face_w"": 60.0, ""margin_depths"": 2.0, ""seed"": 101, ""top"": ""shingle"", ""top_depth"": 47.0, ""top_params"": {""azimuth_mode"": ""grid"", ""jitter"": 0.3, ""pitch"": 5.5, ""plate_over"": 1.15, ""plate_t_bot"": 0.05, ""plate_t_top"": 0.05, ""tilt_deg"": 10.0, ""tilt_jitter"": 0.0}}"
BH_p055_t10_grid_s101,floor,shingle/pyramid,"sheet, grid",0.05,101,d00,bl050_p055_t10_grid,shingle,5.5,0.05,47.0,pyramid,3.0,2.0,50.0,9.090909090909092,0.012071869264873993,20.0,0.00037301372503861785,0.04999997094273567,"{""backing"": 2.0, ""bot"": ""pyramid"", ""bot_depth"": 3.0, ""bot_params"": {""margin_depth_ref"": 50.0, ""pitch"": 2.0, ""tip_flat"": 0.1}, ""face_h"": 60.0, ""face_w"": 60.0, ""margin_depths"": 2.0, ""seed"": 101, ""top"": ""shingle"", ""top_depth"": 47.0, ""top_params"": {""azimuth_mode"": ""grid"", ""jitter"": 0.3, ""pitch"": 5.5, ""plate_over"": 1.15, ""plate_t_bot"": 0.05, ""plate_t_top"": 0.05, ""tilt_deg"": 10.0, ""tilt_jitter"": 0.0}}"
BH_p055_t10_grid_s101,floor,shingle/pyramid,"sheet, grid",0.05,101,d00,bl050_p055_t10_grid,shingle,5.5,0.05,47.0,pyramid,3.0,2.0,50.0,9.090909090909092,0.012071869264873993,40.0,0.00045364111429080367,0.04999997094273567,"{""backing"": 2.0, ""bot"": ""pyramid"", ""bot_depth"": 3.0, ""bot_params"": {""margin_depth_ref"": 50.0, ""pitch"": 2.0, ""tip_flat"": 0.1}, ""face_h"": 60.0, ""face_w"": 60.0, ""margin_depths"": 2.0, ""seed"": 101, ""top"": ""shingle"", ""top_depth"": 47.0, ""top_params"": {""azimuth_mode"": ""grid"", ""jitter"": 0.3, ""pitch"": 5.5, ""plate_over"": 1.15, ""plate_t_bot"": 0.05, ""plate_t_top"": 0.05, ""tilt_deg"": 10.0, ""tilt_jitter"": 0.0}}"
BH_p055_t10_grid_s101,floor,shingle/pyramid,"sheet, grid",0.05,101,d76,bl050_p055_t10_grid,shingle,5.5,0.05,47.0,pyramid,3.0,2.0,50.0,9.090909090909092,0.012071869264873993,0.0,0.0009022413287311792,0.04999997094273567,"{""backing"": 2.0, ""bot"": ""pyramid"", ""bot_depth"": 3.0, ""bot_params"": {""margin_depth_ref"": 50.0, ""pitch"": 2.0, ""tip_flat"": 0.1}, ""face_h"": 60.0, ""face_w"": 60.0, ""margin_depths"": 2.0, ""seed"": 101, ""top"": ""shingle"", ""top_depth"": 47.0, ""top_params"": {""azimuth_mode"": ""grid"", ""jitter"": 0.3, ""pitch"": 5.5, ""plate_over"": 1.15, ""plate_t_bot"": 0.05, ""plate_t_top"": 0.05, ""tilt_deg"": 10.0, ""tilt_jitter"": 0.0}}"
BH_p055_t10_grid_s101,floor,shingle/pyramid,"sheet, grid",0.05,101,d76,bl050_p055_t10_grid,shingle,5.5,0.05,47.0,pyramid,3.0,2.0,50.0,9.090909090909092,0.012071869264873993,-20.0,0.0007832337869331241,0.04999997094273567,"{""backing"": 2.0, ""bot"": ""pyramid"", ""bot_depth"": 3.0, ""bot_params"": {""margin_depth_ref"": 50.0, ""pitch"": 2.0, ""tip_flat"": 0.1}, ""face_h"": 60.0, ""face_w"": 60.0, ""margin_depths"": 2.0, ""seed"": 101, ""top"": ""shingle"", ""top_depth"": 47.0, ""top_params"": {""azimuth_mode"": ""grid"", ""jitter"": 0.3, ""pitch"": 5.5, ""plate_over"": 1.15, ""plate_t_bot"": 0.05, ""plate_t_top"": 0.05, ""tilt_deg"": 10.0, ""tilt_jitter"": 0.0}}"
BH_p055_t10_grid_s101,floor,shingle/pyramid,"sheet, grid",0.05,101,d76,bl050_p055_t10_grid,shingle,5.5,0.05,47.0,pyramid,3.0,2.0,50.0,9.090909090909092,0.012071869264873993,-40.0,0.001247017178684473,0.04999997094273567,"{""backing"": 2.0, ""bot"": ""pyramid"", ""bot_depth"": 3.0, ""bot_params"": {""margin_depth_ref"": 50.0, ""pitch"": 2.0, ""tip_flat"": 0.1}, ""face_h"": 60.0, ""face_w"": 60.0, ""margin_depths"": 2.0, ""seed"": 101, ""top"": ""shingle"", ""top_depth"": 47.0, ""top_params"": {""azimuth_mode"": ""grid"", ""jitter"": 0.3, ""pitch"": 5.5, ""plate_over"": 1.15, ""plate_t_bot"": 0.05, ""plate_t_top"": 0.05, ""tilt_deg"": 10.0, ""tilt_jitter"": 0.0}}"
BH_p055_t10_grid_s101,floor,shingle/pyramid,"sheet, grid",0.05,101,d76,bl050_p055_t10_grid,shingle,5.5,0.05,47.0,pyramid,3.0,2.0,50.0,9.090909090909092,0.012071869264873993,20.0,0.0014752745628356934,0.04999997094273567,"{""backing"": 2.0, ""bot"": ""pyramid"", ""bot_depth"": 3.0, ""bot_params"": {""margin_depth_ref"": 50.0, ""pitch"": 2.0, ""tip_flat"": 0.1}, ""face_h"": 60.0, ""face_w"": 60.0, ""margin_depths"": 2.0, ""seed"": 101, ""top"": ""shingle"", ""top_depth"": 47.0, ""top_params"": {""azimuth_mode"": ""grid"", ""jitter"": 0.3, ""pitch"": 5.5, ""plate_over"": 1.15, ""plate_t_bot"": 0.05, ""plate_t_top"": 0.05, ""tilt_deg"": 10.0, ""tilt_jitter"": 0.0}}"
BH_p055_t10_grid_s101,floor,shingle/pyramid,"sheet, grid",0.05,101,d76,bl050_p055_t10_grid,shingle,5.5,0.05,47.0,pyramid,3.0,2.0,50.0,9.090909090909092,0.012071869264873993,40.0,0.002060451079159975,0.04999997094273567,"{""backing"": 2.0, ""bot"": ""pyramid"", ""bot_depth"": 3.0, ""bot_params"": {""margin_depth_ref"": 50.0, ""pitch"": 2.0, ""tip_flat"": 0.1}, ""face_h"": 60.0, ""face_w"": 60.0, ""margin_depths"": 2.0, ""seed"": 101, ""top"": ""shingle"", ""top_depth"": 47.0, ""top_params"": {""azimuth_mode"": ""grid"", ""jitter"": 0.3, ""pitch"": 5.5, ""plate_over"": 1.15, ""plate_t_bot"": 0.05, ""plate_t_top"": 0.05, ""tilt_deg"": 10.0, ""tilt_jitter"": 0.0}}"
BH_p055_t10_grid_s101,floor,shingle/pyramid,"sheet, grid",0.05,101,d100,bl050_p055_t10_grid,shingle,5.5,0.05,47.0,pyramid,3.0,2.0,50.0,9.090909090909092,0.012071869264873993,0.0,0.0010439821053296328,0.04999997094273567,"{""backing"": 2.0, ""bot"": ""pyramid"", ""bot_depth"": 3.0, ""bot_params"": {""margin_depth_ref"": 50.0, ""pitch"": 2.0, ""tip_flat"": 0.1}, ""face_h"": 60.0, ""face_w"": 60.0, ""margin_depths"": 2.0, ""seed"": 101, ""top"": ""shingle"", ""top_depth"": 47.0, ""top_params"": {""azimuth_mode"": ""grid"", ""jitter"": 0.3, ""pitch"": 5.5, ""plate_over"": 1.15, ""plate_t_bot"": 0.05, ""plate_t_top"": 0.05, ""tilt_deg"": 10.0, ""tilt_jitter"": 0.0}}"
BH_p055_t10_grid_s101,floor,shingle/pyramid,"sheet, grid",0.05,101,d100,bl050_p055_t10_grid,shingle,5.5,0.05,47.0,pyramid,3.0,2.0,50.0,9.090909090909092,0.012071869264873993,-20.0,0.0009024797473102808,0.04999997094273567,"{""backing"": 2.0, ""bot"": ""pyramid"", ""bot_depth"": 3.0, ""bot_params"": {""margin_depth_ref"": 50.0, ""pitch"": 2.0, ""tip_flat"": 0.1}, ""face_h"": 60.0, ""face_w"": 60.0, ""margin_depths"": 2.0, ""seed"": 101, ""top"": ""shingle"", ""top_depth"": 47.0, ""top_params"": {""azimuth_mode"": ""grid"", ""jitter"": 0.3, ""pitch"": 5.5, ""plate_over"": 1.15, ""plate_t_bot"": 0.05, ""plate_t_top"": 0.05, ""tilt_deg"": 10.0, ""tilt_jitter"": 0.0}}"
BH_p055_t10_grid_s101,floor,shingle/pyramid,"sheet, grid",0.05,101,d100,bl050_p055_t10_grid,shingle,5.5,0.05,47.0,pyramid,3.0,2.0,50.0,9.090909090909092,0.012071869264873993,-40.0,0.001526889856904745,0.04999997094273567,"{""backing"": 2.0, ""bot"": ""pyramid"", ""bot_depth"": 3.0, ""bot_params"": {""margin_depth_ref"": 50.0, ""pitch"": 2.0, ""tip_flat"": 0.1}, ""face_h"": 60.0, ""face_w"": 60.0, ""margin_depths"": 2.0, ""seed"": 101, ""top"": ""shingle"", ""top_depth"": 47.0, ""top_params"": {""azimuth_mode"": ""grid"", ""jitter"": 0.3, ""pitch"": 5.5, ""plate_over"": 1.15, ""plate_t_bot"": 0.05, ""plate_t_top"": 0.05, ""tilt_deg"": 10.0, ""tilt_jitter"": 0.0}}"
BH_p055_t10_grid_s101,floor,shingle/pyramid,"sheet, grid",0.05,101,d100,bl050_p055_t10_grid,shingle,5.5,0.05,47.0,pyramid,3.0,2.0,50.0,9.090909090909092,0.012071869264873993,20.0,0.001835190923884511,0.04999997094273567,"{""backing"": 2.0, ""bot"": ""pyramid"", ""bot_depth"": 3.0, ""bot_params"": {""margin_depth_ref"": 50.0, ""pitch"": 2.0, ""tip_flat"": 0.1}, ""face_h"": 60.0, ""face_w"": 60.0, ""margin_depths"": 2.0, ""seed"": 101, ""top"": ""shingle"", ""top_depth"": 47.0, ""top_params"": {""azimuth_mode"": ""grid"", ""jitter"": 0.3, ""pitch"": 5.5, ""plate_over"": 1.15, ""plate_t_bot"": 0.05, ""plate_t_top"": 0.05, ""tilt_deg"": 10.0, ""tilt_jitter"": 0.0}}"
BH_p055_t10_grid_s101,floor,shingle/pyramid,"sheet, grid",0.05,101,d100,bl050_p055_t10_grid,shingle,5.5,0.05,47.0,pyramid,3.0,2.0,50.0,9.090909090909092,0.012071869264873993,40.0,0.0025902229826897383,0.04999997094273567,"{""backing"": 2.0, ""bot"": ""pyramid"", ""bot_depth"": 3.0, ""bot_params"": {""margin_depth_ref"": 50.0, ""pitch"": 2.0, ""tip_flat"": 0.1}, ""face_h"": 60.0, ""face_w"": 60.0, ""margin_depths"": 2.0, ""seed"": 101, ""top"": ""shingle"", ""top_depth"": 47.0, ""top_params"": {""azimuth_mode"": ""grid"", ""jitter"": 0.3, ""pitch"": 5.5, ""plate_over"": 1.15, ""plate_t_bot"": 0.05, ""plate_t_top"": 0.05, ""tilt_deg"": 10.0, ""tilt_jitter"": 0.0}}"
BH_p055_t02_random_s101,floor,shingle/pyramid,"sheet, grid",0.05,101,d00,bl050_p055_t02_random,shingle,5.5,0.05,47.0,pyramid,3.0,2.0,50.0,9.090909090909092,0.012071869264873993,0.0,0.0005516661331057549,0.04999997094273567,"{""backing"": 2.0, ""bot"": ""pyramid"", ""bot_depth"": 3.0, ""bot_params"": {""margin_depth_ref"": 50.0, ""pitch"": 2.0, ""tip_flat"": 0.1}, ""face_h"": 60.0, ""face_w"": 60.0, ""margin_depths"": 2.0, ""seed"": 101, ""top"": ""shingle"", ""top_depth"": 47.0, ""top_params"": {""azimuth_mode"": ""random"", ""jitter"": 0.3, ""pitch"": 5.5, ""plate_over"": 1.15, ""plate_t_bot"": 0.05, ""plate_t_top"": 0.05, ""tilt_deg"": 2.0, ""tilt_jitter"": 0.0}}"
BH_p055_t02_random_s101,floor,shingle/pyramid,"sheet, grid",0.05,101,d00,bl050_p055_t02_random,shingle,5.5,0.05,47.0,pyramid,3.0,2.0,50.0,9.090909090909092,0.012071869264873993,-20.0,0.0003745106514543295,0.04999997094273567,"{""backing"": 2.0, ""bot"": ""pyramid"", ""bot_depth"": 3.0, ""bot_params"": {""margin_depth_ref"": 50.0, ""pitch"": 2.0, ""tip_flat"": 0.1}, ""face_h"": 60.0, ""face_w"": 60.0, ""margin_depths"": 2.0, ""seed"": 101, ""top"": ""shingle"", ""top_depth"": 47.0, ""top_params"": {""azimuth_mode"": ""random"", ""jitter"": 0.3, ""pitch"": 5.5, ""plate_over"": 1.15, ""plate_t_bot"": 0.05, ""plate_t_top"": 0.05, ""tilt_deg"": 2.0, ""tilt_jitter"": 0.0}}"
BH_p055_t02_random_s101,floor,shingle/pyramid,"sheet, grid",0.05,101,d00,bl050_p055_t02_random,shingle,5.5,0.05,47.0,pyramid,3.0,2.0,50.0,9.090909090909092,0.012071869264873993,-40.0,0.00030056695686653256,0.04999997094273567,"{""backing"": 2.0, ""bot"": ""pyramid"", ""bot_depth"": 3.0, ""bot_params"": {""margin_depth_ref"": 50.0, ""pitch"": 2.0, ""tip_flat"": 0.1}, ""face_h"": 60.0, ""face_w"": 60.0, ""margin_depths"": 2.0, ""seed"": 101, ""top"": ""shingle"", ""top_depth"": 47.0, ""top_params"": {""azimuth_mode"": ""random"", ""jitter"": 0.3, ""pitch"": 5.5, ""plate_over"": 1.15, ""plate_t_bot"": 0.05, ""plate_t_top"": 0.05, ""tilt_deg"": 2.0, ""tilt_jitter"": 0.0}}"
BH_p055_t02_random_s101,floor,shingle/pyramid,"sheet, grid",0.05,101,d00,bl050_p055_t02_random,shingle,5.5,0.05,47.0,pyramid,3.0,2.0,50.0,9.090909090909092,0.012071869264873993,20.0,0.0003984751820098609,0.04999997094273567,"{""backing"": 2.0, ""bot"": ""pyramid"", ""bot_depth"": 3.0, ""bot_params"": {""margin_depth_ref"": 50.0, ""pitch"": 2.0, ""tip_flat"": 0.1}, ""face_h"": 60.0, ""face_w"": 60.0, ""margin_depths"": 2.0, ""seed"": 101, ""top"": ""shingle"", ""top_depth"": 47.0, ""top_params"": {""azimuth_mode"": ""random"", ""jitter"": 0.3, ""pitch"": 5.5, ""plate_over"": 1.15, ""plate_t_bot"": 0.05, ""plate_t_top"": 0.05, ""tilt_deg"": 2.0, ""tilt_jitter"": 0.0}}"
BH_p055_t02_random_s101,floor,shingle/pyramid,"sheet, grid",0.05,101,d00,bl050_p055_t02_random,shingle,5.5,0.05,47.0,pyramid,3.0,2.0,50.0,9.090909090909092,0.012071869264873993,40.0,0.0003329186874907464,0.04999997094273567,"{""backing"": 2.0, ""bot"": ""pyramid"", ""bot_depth"": 3.0, ""bot_params"": {""margin_depth_ref"": 50.0, ""pitch"": 2.0, ""tip_flat"": 0.1}, ""face_h"": 60.0, ""face_w"": 60.0, ""margin_depths"": 2.0, ""seed"": 101, ""top"": ""shingle"", ""top_depth"": 47.0, ""top_params"": {""azimuth_mode"": ""random"", ""jitter"": 0.3, ""pitch"": 5.5, ""plate_over"": 1.15, ""plate_t_bot"": 0.05, ""plate_t_top"": 0.05, ""tilt_deg"": 2.0, ""tilt_jitter"": 0.0}}"
BH_p055_t02_random_s101,floor,shingle/pyramid,"sheet, grid",0.05,101,d76,bl050_p055_t02_random,shingle,5.5,0.05,47.0,pyramid,3.0,2.0,50.0,9.090909090909092,0.012071869264873993,0.0,0.00037662425893358886,0.04999997094273567,"{""backing"": 2.0, ""bot"": ""pyramid"", ""bot_depth"": 3.0, ""bot_params"": {""margin_depth_ref"": 50.0, ""pitch"": 2.0, ""tip_flat"": 0.1}, ""face_h"": 60.0, ""face_w"": 60.0, ""margin_depths"": 2.0, ""seed"": 101, ""top"": ""shingle"", ""top_depth"": 47.0, ""top_params"": {""azimuth_mode"": ""random"", ""jitter"": 0.3, ""pitch"": 5.5, ""plate_over"": 1.15, ""plate_t_bot"": 0.05, ""plate_t_top"": 0.05, ""tilt_deg"": 2.0, ""tilt_jitter"": 0.0}}"
BH_p055_t02_random_s101,floor,shingle/pyramid,"sheet, grid",0.05,101,d76,bl050_p055_t02_random,shingle,5.5,0.05,47.0,pyramid,3.0,2.0,50.0,9.090909090909092,0.012071869264873993,-20.0,0.0009240584913641214,0.04999997094273567,"{""backing"": 2.0, ""bot"": ""pyramid"", ""bot_depth"": 3.0, ""bot_params"": {""margin_depth_ref"": 50.0, ""pitch"": 2.0, ""tip_flat"": 0.1}, ""face_h"": 60.0, ""face_w"": 60.0, ""margin_depths"": 2.0, ""seed"": 101, ""top"": ""shingle"", ""top_depth"": 47.0, ""top_params"": {""azimuth_mode"": ""random"", ""jitter"": 0.3, ""pitch"": 5.5, ""plate_over"": 1.15, ""plate_t_bot"": 0.05, ""plate_t_top"": 0.05, ""tilt_deg"": 2.0, ""tilt_jitter"": 0.0}}"
BH_p055_t02_random_s101,floor,shingle/pyramid,"sheet, grid",0.05,101,d76,bl050_p055_t02_random,shingle,5.5,0.05,47.0,pyramid,3.0,2.0,50.0,9.090909090909092,0.012071869264873993,-40.0,0.0015666531398892403,0.04999997094273567,"{""backing"": 2.0, ""bot"": ""pyramid"", ""bot_depth"": 3.0, ""bot_params"": {""margin_depth_ref"": 50.0, ""pitch"": 2.0, ""tip_flat"": 0.1}, ""face_h"": 60.0, ""face_w"": 60.0, ""margin_depths"": 2.0, ""seed"": 101, ""top"": ""shingle"", ""top_depth"": 47.0, ""top_params"": {""azimuth_mode"": ""random"", ""jitter"": 0.3, ""pitch"": 5.5, ""plate_over"": 1.15, ""plate_t_bot"": 0.05, ""plate_t_top"": 0.05, ""tilt_deg"": 2.0, ""tilt_jitter"": 0.0}}"
BH_p055_t02_random_s101,floor,shingle/pyramid,"sheet, grid",0.05,101,d76,bl050_p055_t02_random,shingle,5.5,0.05,47.0,pyramid,3.0,2.0,50.0,9.090909090909092,0.012071869264873993,20.0,0.0009148049866780639,0.04999997094273567,"{""backing"": 2.0, ""bot"": ""pyramid"", ""bot_depth"": 3.0, ""bot_params"": {""margin_depth_ref"": 50.0, ""pitch"": 2.0, ""tip_flat"": 0.1}, ""face_h"": 60.0, ""face_w"": 60.0, ""margin_depths"": 2.0, ""seed"": 101, ""top"": ""shingle"", ""top_depth"": 47.0, ""top_params"": {""azimuth_mode"": ""random"", ""jitter"": 0.3, ""pitch"": 5.5, ""plate_over"": 1.15, ""plate_t_bot"": 0.05, ""plate_t_top"": 0.05, ""tilt_deg"": 2.0, ""tilt_jitter"": 0.0}}"
BH_p055_t02_random_s101,floor,shingle/pyramid,"sheet, grid",0.05,101,d76,bl050_p055_t02_random,shingle,5.5,0.05,47.0,pyramid,3.0,2.0,50.0,9.090909090909092,0.012071869264873993,40.0,0.0015463411109521985,0.04999997094273567,"{""backing"": 2.0, ""bot"": ""pyramid"", ""bot_depth"": 3.0, ""bot_params"": {""margin_depth_ref"": 50.0, ""pitch"": 2.0, ""tip_flat"": 0.1}, ""face_h"": 60.0, ""face_w"": 60.0, ""margin_depths"": 2.0, ""seed"": 101, ""top"": ""shingle"", ""top_depth"": 47.0, ""top_params"": {""azimuth_mode"": ""random"", ""jitter"": 0.3, ""pitch"": 5.5, ""plate_over"": 1.15, ""plate_t_bot"": 0.05, ""plate_t_top"": 0.05, ""tilt_deg"": 2.0, ""tilt_jitter"": 0.0}}"
BH_p055_t02_random_s101,floor,shingle/pyramid,"sheet, grid",0.05,101,d100,bl050_p055_t02_random,shingle,5.5,0.05,47.0,pyramid,3.0,2.0,50.0,9.090909090909092,0.012071869264873993,0.0,0.0003243182727601379,0.04999997094273567,"{""backing"": 2.0, ""bot"": ""pyramid"", ""bot_depth"": 3.0, ""bot_params"": {""margin_depth_ref"": 50.0, ""pitch"": 2.0, ""tip_flat"": 0.1}, ""face_h"": 60.0, ""face_w"": 60.0, ""margin_depths"": 2.0, ""seed"": 101, ""top"": ""shingle"", ""top_depth"": 47.0, ""top_params"": {""azimuth_mode"": ""random"", ""jitter"": 0.3, ""pitch"": 5.5, ""plate_over"": 1.15, ""plate_t_bot"": 0.05, ""plate_t_top"": 0.05, ""tilt_deg"": 2.0, ""tilt_jitter"": 0.0}}"
BH_p055_t02_random_s101,floor,shingle/pyramid,"sheet, grid",0.05,101,d100,bl050_p055_t02_random,shingle,5.5,0.05,47.0,pyramid,3.0,2.0,50.0,9.090909090909092,0.012071869264873993,-20.0,0.0011037131771445274,0.04999997094273567,"{""backing"": 2.0, ""bot"": ""pyramid"", ""bot_depth"": 3.0, ""bot_params"": {""margin_depth_ref"": 50.0, ""pitch"": 2.0, ""tip_flat"": 0.1}, ""face_h"": 60.0, ""face_w"": 60.0, ""margin_depths"": 2.0, ""seed"": 101, ""top"": ""shingle"", ""top_depth"": 47.0, ""top_params"": {""azimuth_mode"": ""random"", ""jitter"": 0.3, ""pitch"": 5.5, ""plate_over"": 1.15, ""plate_t_bot"": 0.05, ""plate_t_top"": 0.05, ""tilt_deg"": 2.0, ""tilt_jitter"": 0.0}}"
BH_p055_t02_random_s101,floor,shingle/pyramid,"sheet, grid",0.05,101,d100,bl050_p055_t02_random,shingle,5.5,0.05,47.0,pyramid,3.0,2.0,50.0,9.090909090909092,0.012071869264873993,-40.0,0.0019824665505439043,0.04999997094273567,"{""backing"": 2.0, ""bot"": ""pyramid"", ""bot_depth"": 3.0, ""bot_params"": {""margin_depth_ref"": 50.0, ""pitch"": 2.0, ""tip_flat"": 0.1}, ""face_h"": 60.0, ""face_w"": 60.0, ""margin_depths"": 2.0, ""seed"": 101, ""top"": ""shingle"", ""top_depth"": 47.0, ""top_params"": {""azimuth_mode"": ""random"", ""jitter"": 0.3, ""pitch"": 5.5, ""plate_over"": 1.15, ""plate_t_bot"": 0.05, ""plate_t_top"": 0.05, ""tilt_deg"": 2.0, ""tilt_jitter"": 0.0}}"
BH_p055_t02_random_s101,floor,shingle/pyramid,"sheet, grid",0.05,101,d100,bl050_p055_t02_random,shingle,5.5,0.05,47.0,pyramid,3.0,2.0,50.0,9.090909090909092,0.012071869264873993,20.0,0.0011025359854102135,0.04999997094273567,"{""backing"": 2.0, ""bot"": ""pyramid"", ""bot_depth"": 3.0, ""bot_params"": {""margin_depth_ref"": 50.0, ""pitch"": 2.0, ""tip_flat"": 0.1}, ""face_h"": 60.0, ""face_w"": 60.0, ""margin_depths"": 2.0, ""seed"": 101, ""top"": ""shingle"", ""top_depth"": 47.0, ""top_params"": {""azimuth_mode"": ""random"", ""jitter"": 0.3, ""pitch"": 5.5, ""plate_over"": 1.15, ""plate_t_bot"": 0.05, ""plate_t_top"": 0.05, ""tilt_deg"": 2.0, ""tilt_jitter"": 0.0}}"
BH_p055_t02_random_s101,floor,shingle/pyramid,"sheet, grid",0.05,101,d100,bl050_p055_t02_random,shingle,5.5,0.05,47.0,pyramid,3.0,2.0,50.0,9.090909090909092,0.012071869264873993,40.0,0.0019426577491685748,0.04999997094273567,"{""backing"": 2.0, ""bot"": ""pyramid"", ""bot_depth"": 3.0, ""bot_params"": {""margin_depth_ref"": 50.0, ""pitch"": 2.0, ""tip_flat"": 0.1}, ""face_h"": 60.0, ""face_w"": 60.0, ""margin_depths"": 2.0, ""seed"": 101, ""top"": ""shingle"", ""top_depth"": 47.0, ""top_params"": {""azimuth_mode"": ""random"", ""jitter"": 0.3, ""pitch"": 5.5, ""plate_over"": 1.15, ""plate_t_bot"": 0.05, ""plate_t_top"": 0.05, ""tilt_deg"": 2.0, ""tilt_jitter"": 0.0}}"
BH_p055_t02_parallel_s101,floor,shingle/pyramid,"sheet, grid",0.05,101,d00,bl050_p055_t02_parallel,shingle,5.5,0.05,47.0,pyramid,3.0,2.0,50.0,9.090909090909092,0.012071869264873993,0.0,0.0006902786553837359,0.04999997094273567,"{""backing"": 2.0, ""bot"": ""pyramid"", ""bot_depth"": 3.0, ""bot_params"": {""margin_depth_ref"": 50.0, ""pitch"": 2.0, ""tip_flat"": 0.1}, ""face_h"": 60.0, ""face_w"": 60.0, ""margin_depths"": 2.0, ""seed"": 101, ""top"": ""shingle"", ""top_depth"": 47.0, ""top_params"": {""azimuth_mode"": ""parallel"", ""jitter"": 0.3, ""pitch"": 5.5, ""plate_over"": 1.15, ""plate_t_bot"": 0.05, ""plate_t_top"": 0.05, ""tilt_deg"": 2.0, ""tilt_jitter"": 0.0}}"
BH_p055_t02_parallel_s101,floor,shingle/pyramid,"sheet, grid",0.05,101,d00,bl050_p055_t02_parallel,shingle,5.5,0.05,47.0,pyramid,3.0,2.0,50.0,9.090909090909092,0.012071869264873993,-20.0,0.0002866059076040983,0.04999997094273567,"{""backing"": 2.0, ""bot"": ""pyramid"", ""bot_depth"": 3.0, ""bot_params"": {""margin_depth_ref"": 50.0, ""pitch"": 2.0, ""tip_flat"": 0.1}, ""face_h"": 60.0, ""face_w"": 60.0, ""margin_depths"": 2.0, ""seed"": 101, ""top"": ""shingle"", ""top_depth"": 47.0, ""top_params"": {""azimuth_mode"": ""parallel"", ""jitter"": 0.3, ""pitch"": 5.5, ""plate_over"": 1.15, ""plate_t_bot"": 0.05, ""plate_t_top"": 0.05, ""tilt_deg"": 2.0, ""tilt_jitter"": 0.0}}"
BH_p055_t02_parallel_s101,floor,shingle/pyramid,"sheet, grid",0.05,101,d00,bl050_p055_t02_parallel,shingle,5.5,0.05,47.0,pyramid,3.0,2.0,50.0,9.090909090909092,0.012071869264873993,-40.0,0.00020763426437042654,0.04999997094273567,"{""backing"": 2.0, ""bot"": ""pyramid"", ""bot_depth"": 3.0, ""bot_params"": {""margin_depth_ref"": 50.0, ""pitch"": 2.0, ""tip_flat"": 0.1}, ""face_h"": 60.0, ""face_w"": 60.0, ""margin_depths"": 2.0, ""seed"": 101, ""top"": ""shingle"", ""top_depth"": 47.0, ""top_params"": {""azimuth_mode"": ""parallel"", ""jitter"": 0.3, ""pitch"": 5.5, ""plate_over"": 1.15, ""plate_t_bot"": 0.05, ""plate_t_top"": 0.05, ""tilt_deg"": 2.0, ""tilt_jitter"": 0.0}}"
BH_p055_t02_parallel_s101,floor,shingle/pyramid,"sheet, grid",0.05,101,d00,bl050_p055_t02_parallel,shingle,5.5,0.05,47.0,pyramid,3.0,2.0,50.0,9.090909090909092,0.012071869264873993,20.0,0.00026014892500825226,0.04999997094273567,"{""backing"": 2.0, ""bot"": ""pyramid"", ""bot_depth"": 3.0, ""bot_params"": {""margin_depth_ref"": 50.0, ""pitch"": 2.0, ""tip_flat"": 0.1}, ""face_h"": 60.0, ""face_w"": 60.0, ""margin_depths"": 2.0, ""seed"": 101, ""top"": ""shingle"", ""top_depth"": 47.0, ""top_params"": {""azimuth_mode"": ""parallel"", ""jitter"": 0.3, ""pitch"": 5.5, ""plate_over"": 1.15, ""plate_t_bot"": 0.05, ""plate_t_top"": 0.05, ""tilt_deg"": 2.0, ""tilt_jitter"": 0.0}}"
BH_p055_t02_parallel_s101,floor,shingle/pyramid,"sheet, grid",0.05,101,d00,bl050_p055_t02_parallel,shingle,5.5,0.05,47.0,pyramid,3.0,2.0,50.0,9.090909090909092,0.012071869264873993,40.0,0.0002133990783477202,0.04999997094273567,"{""backing"": 2.0, ""bot"": ""pyramid"", ""bot_depth"": 3.0, ""bot_params"": {""margin_depth_ref"": 50.0, ""pitch"": 2.0, ""tip_flat"": 0.1}, ""face_h"": 60.0, ""face_w"": 60.0, ""margin_depths"": 2.0, ""seed"": 101, ""top"": ""shingle"", ""top_depth"": 47.0, ""top_params"": {""azimuth_mode"": ""parallel"", ""jitter"": 0.3, ""pitch"": 5.5, ""plate_over"": 1.15, ""plate_t_bot"": 0.05, ""plate_t_top"": 0.05, ""tilt_deg"": 2.0, ""tilt_jitter"": 0.0}}"
BH_p055_t02_parallel_s101,floor,shingle/pyramid,"sheet, grid",0.05,101,d76,bl050_p055_t02_parallel,shingle,5.5,0.05,47.0,pyramid,3.0,2.0,50.0,9.090909090909092,0.012071869264873993,0.0,0.000456534355180338,0.04999997094273567,"{""backing"": 2.0, ""bot"": ""pyramid"", ""bot_depth"": 3.0, ""bot_params"": {""margin_depth_ref"": 50.0, ""pitch"": 2.0, ""tip_flat"": 0.1}, ""face_h"": 60.0, ""face_w"": 60.0, ""margin_depths"": 2.0, ""seed"": 101, ""top"": ""shingle"", ""top_depth"": 47.0, ""top_params"": {""azimuth_mode"": ""parallel"", ""jitter"": 0.3, ""pitch"": 5.5, ""plate_over"": 1.15, ""plate_t_bot"": 0.05, ""plate_t_top"": 0.05, ""tilt_deg"": 2.0, ""tilt_jitter"": 0.0}}"
BH_p055_t02_parallel_s101,floor,shingle/pyramid,"sheet, grid",0.05,101,d76,bl050_p055_t02_parallel,shingle,5.5,0.05,47.0,pyramid,3.0,2.0,50.0,9.090909090909092,0.012071869264873993,-20.0,0.0010704930173233151,0.04999997094273567,"{""backing"": 2.0, ""bot"": ""pyramid"", ""bot_depth"": 3.0, ""bot_params"": {""margin_depth_ref"": 50.0, ""pitch"": 2.0, ""tip_flat"": 0.1}, ""face_h"": 60.0, ""face_w"": 60.0, ""margin_depths"": 2.0, ""seed"": 101, ""top"": ""shingle"", ""top_depth"": 47.0, ""top_params"": {""azimuth_mode"": ""parallel"", ""jitter"": 0.3, ""pitch"": 5.5, ""plate_over"": 1.15, ""plate_t_bot"": 0.05, ""plate_t_top"": 0.05, ""tilt_deg"": 2.0, ""tilt_jitter"": 0.0}}"
BH_p055_t02_parallel_s101,floor,shingle/pyramid,"sheet, grid",0.05,101,d76,bl050_p055_t02_parallel,shingle,5.5,0.05,47.0,pyramid,3.0,2.0,50.0,9.090909090909092,0.012071869264873993,-40.0,0.0018710781587287784,0.04999997094273567,"{""backing"": 2.0, ""bot"": ""pyramid"", ""bot_depth"": 3.0, ""bot_params"": {""margin_depth_ref"": 50.0, ""pitch"": 2.0, ""tip_flat"": 0.1}, ""face_h"": 60.0, ""face_w"": 60.0, ""margin_depths"": 2.0, ""seed"": 101, ""top"": ""shingle"", ""top_depth"": 47.0, ""top_params"": {""azimuth_mode"": ""parallel"", ""jitter"": 0.3, ""pitch"": 5.5, ""plate_over"": 1.15, ""plate_t_bot"": 0.05, ""plate_t_top"": 0.05, ""tilt_deg"": 2.0, ""tilt_jitter"": 0.0}}"
BH_p055_t02_parallel_s101,floor,shingle/pyramid,"sheet, grid",0.05,101,d76,bl050_p055_t02_parallel,shingle,5.5,0.05,47.0,pyramid,3.0,2.0,50.0,9.090909090909092,0.012071869264873993,20.0,0.0012990335235372186,0.04999997094273567,"{""backing"": 2.0, ""bot"": ""pyramid"", ""bot_depth"": 3.0, ""bot_params"": {""margin_depth_ref"": 50.0, ""pitch"": 2.0, ""tip_flat"": 0.1}, ""face_h"": 60.0, ""face_w"": 60.0, ""margin_depths"": 2.0, ""seed"": 101, ""top"": ""shingle"", ""top_depth"": 47.0, ""top_params"": {""azimuth_mode"": ""parallel"", ""jitter"": 0.3, ""pitch"": 5.5, ""plate_over"": 1.15, ""plate_t_bot"": 0.05, ""plate_t_top"": 0.05, ""tilt_deg"": 2.0, ""tilt_jitter"": 0.0}}"
BH_p055_t02_parallel_s101,floor,shingle/pyramid,"sheet, grid",0.05,101,d76,bl050_p055_t02_parallel,shingle,5.5,0.05,47.0,pyramid,3.0,2.0,50.0,9.090909090909092,0.012071869264873993,40.0,0.002107652835547924,0.04999997094273567,"{""backing"": 2.0, ""bot"": ""pyramid"", ""bot_depth"": 3.0, ""bot_params"": {""margin_depth_ref"": 50.0, ""pitch"": 2.0, ""tip_flat"": 0.1}, ""face_h"": 60.0, ""face_w"": 60.0, ""margin_depths"": 2.0, ""seed"": 101, ""top"": ""shingle"", ""top_depth"": 47.0, ""top_params"": {""azimuth_mode"": ""parallel"", ""jitter"": 0.3, ""pitch"": 5.5, ""plate_over"": 1.15, ""plate_t_bot"": 0.05, ""plate_t_top"": 0.05, ""tilt_deg"": 2.0, ""tilt_jitter"": 0.0}}"
BH_p055_t02_parallel_s101,floor,shingle/pyramid,"sheet, grid",0.05,101,d100,bl050_p055_t02_parallel,shingle,5.5,0.05,47.0,pyramid,3.0,2.0,50.0,9.090909090909092,0.012071869264873993,0.0,0.00040543469367548823,0.04999997094273567,"{""backing"": 2.0, ""bot"": ""pyramid"", ""bot_depth"": 3.0, ""bot_params"": {""margin_depth_ref"": 50.0, ""pitch"": 2.0, ""tip_flat"": 0.1}, ""face_h"": 60.0, ""face_w"": 60.0, ""margin_depths"": 2.0, ""seed"": 101, ""top"": ""shingle"", ""top_depth"": 47.0, ""top_params"": {""azimuth_mode"": ""parallel"", ""jitter"": 0.3, ""pitch"": 5.5, ""plate_over"": 1.15, ""plate_t_bot"": 0.05, ""plate_t_top"": 0.05, ""tilt_deg"": 2.0, ""tilt_jitter"": 0.0}}"
BH_p055_t02_parallel_s101,floor,shingle/pyramid,"sheet, grid",0.05,101,d100,bl050_p055_t02_parallel,shingle,5.5,0.05,47.0,pyramid,3.0,2.0,50.0,9.090909090909092,0.012071869264873993,-20.0,0.0013303840532898903,0.04999997094273567,"{""backing"": 2.0, ""bot"": ""pyramid"", ""bot_depth"": 3.0, ""bot_params"": {""margin_depth_ref"": 50.0, ""pitch"": 2.0, ""tip_flat"": 0.1}, ""face_h"": 60.0, ""face_w"": 60.0, ""margin_depths"": 2.0, ""seed"": 101, ""top"": ""shingle"", ""top_depth"": 47.0, ""top_params"": {""azimuth_mode"": ""parallel"", ""jitter"": 0.3, ""pitch"": 5.5, ""plate_over"": 1.15, ""plate_t_bot"": 0.05, ""plate_t_top"": 0.05, ""tilt_deg"": 2.0, ""tilt_jitter"": 0.0}}"
BH_p055_t02_parallel_s101,floor,shingle/pyramid,"sheet, grid",0.05,101,d100,bl050_p055_t02_parallel,shingle,5.5,0.05,47.0,pyramid,3.0,2.0,50.0,9.090909090909092,0.012071869264873993,-40.0,0.0023994166404008865,0.04999997094273567,"{""backing"": 2.0, ""bot"": ""pyramid"", ""bot_depth"": 3.0, ""bot_params"": {""margin_depth_ref"": 50.0, ""pitch"": 2.0, ""tip_flat"": 0.1}, ""face_h"": 60.0, ""face_w"": 60.0, ""margin_depths"": 2.0, ""seed"": 101, ""top"": ""shingle"", ""top_depth"": 47.0, ""top_params"": {""azimuth_mode"": ""parallel"", ""jitter"": 0.3, ""pitch"": 5.5, ""plate_over"": 1.15, ""plate_t_bot"": 0.05, ""plate_t_top"": 0.05, ""tilt_deg"": 2.0, ""tilt_jitter"": 0.0}}"
BH_p055_t02_parallel_s101,floor,shingle/pyramid,"sheet, grid",0.05,101,d100,bl050_p055_t02_parallel,shingle,5.5,0.05,47.0,pyramid,3.0,2.0,50.0,9.090909090909092,0.012071869264873993,20.0,0.0016410519601777196,0.04999997094273567,"{""backing"": 2.0, ""bot"": ""pyramid"", ""bot_depth"": 3.0, ""bot_params"": {""margin_depth_ref"": 50.0, ""pitch"": 2.0, ""tip_flat"": 0.1}, ""face_h"": 60.0, ""face_w"": 60.0, ""margin_depths"": 2.0, ""seed"": 101, ""top"": ""shingle"", ""top_depth"": 47.0, ""top_params"": {""azimuth_mode"": ""parallel"", ""jitter"": 0.3, ""pitch"": 5.5, ""plate_over"": 1.15, ""plate_t_bot"": 0.05, ""plate_t_top"": 0.05, ""tilt_deg"": 2.0, ""tilt_jitter"": 0.0}}"
BH_p055_t02_parallel_s101,floor,shingle/pyramid,"sheet, grid",0.05,101,d100,bl050_p055_t02_parallel,shingle,5.5,0.05,47.0,pyramid,3.0,2.0,50.0,9.090909090909092,0.012071869264873993,40.0,0.0027148264925926924,0.04999997094273567,"{""backing"": 2.0, ""bot"": ""pyramid"", ""bot_depth"": 3.0, ""bot_params"": {""margin_depth_ref"": 50.0, ""pitch"": 2.0, ""tip_flat"": 0.1}, ""face_h"": 60.0, ""face_w"": 60.0, ""margin_depths"": 2.0, ""seed"": 101, ""top"": ""shingle"", ""top_depth"": 47.0, ""top_params"": {""azimuth_mode"": ""parallel"", ""jitter"": 0.3, ""pitch"": 5.5, ""plate_over"": 1.15, ""plate_t_bot"": 0.05, ""plate_t_top"": 0.05, ""tilt_deg"": 2.0, ""tilt_jitter"": 0.0}}"
BH_p040_t02_grid_s102,floor,shingle/pyramid,"sheet, grid",0.05,102,d00,bl050_p040_t02_grid,shingle,4.0,0.05,47.0,pyramid,3.0,2.0,50.0,12.5,0.016598820239201742,0.0,0.0005686688236892223,0.04999997094273567,"{""backing"": 2.0, ""bot"": ""pyramid"", ""bot_depth"": 3.0, ""bot_params"": {""margin_depth_ref"": 50.0, ""pitch"": 2.0, ""tip_flat"": 0.1}, ""face_h"": 60.0, ""face_w"": 60.0, ""margin_depths"": 2.0, ""seed"": 102, ""top"": ""shingle"", ""top_depth"": 47.0, ""top_params"": {""azimuth_mode"": ""grid"", ""jitter"": 0.3, ""pitch"": 4.0, ""plate_over"": 1.15, ""plate_t_bot"": 0.05, ""plate_t_top"": 0.05, ""tilt_deg"": 2.0, ""tilt_jitter"": 0.0}}"
BH_p040_t02_grid_s102,floor,shingle/pyramid,"sheet, grid",0.05,102,d00,bl050_p040_t02_grid,shingle,4.0,0.05,47.0,pyramid,3.0,2.0,50.0,12.5,0.016598820239201742,-20.0,0.0004227287136018276,0.04999997094273567,"{""backing"": 2.0, ""bot"": ""pyramid"", ""bot_depth"": 3.0, ""bot_params"": {""margin_depth_ref"": 50.0, ""pitch"": 2.0, ""tip_flat"": 0.1}, ""face_h"": 60.0, ""face_w"": 60.0, ""margin_depths"": 2.0, ""seed"": 102, ""top"": ""shingle"", ""top_depth"": 47.0, ""top_params"": {""azimuth_mode"": ""grid"", ""jitter"": 0.3, ""pitch"": 4.0, ""plate_over"": 1.15, ""plate_t_bot"": 0.05, ""plate_t_top"": 0.05, ""tilt_deg"": 2.0, ""tilt_jitter"": 0.0}}"
BH_p040_t02_grid_s102,floor,shingle/pyramid,"sheet, grid",0.05,102,d00,bl050_p040_t02_grid,shingle,4.0,0.05,47.0,pyramid,3.0,2.0,50.0,12.5,0.016598820239201742,-40.0,0.00038930424489080906,0.04999997094273567,"{""backing"": 2.0, ""bot"": ""pyramid"", ""bot_depth"": 3.0, ""bot_params"": {""margin_depth_ref"": 50.0, ""pitch"": 2.0, ""tip_flat"": 0.1}, ""face_h"": 60.0, ""face_w"": 60.0, ""margin_depths"": 2.0, ""seed"": 102, ""top"": ""shingle"", ""top_depth"": 47.0, ""top_params"": {""azimuth_mode"": ""grid"", ""jitter"": 0.3, ""pitch"": 4.0, ""plate_over"": 1.15, ""plate_t_bot"": 0.05, ""plate_t_top"": 0.05, ""tilt_deg"": 2.0, ""tilt_jitter"": 0.0}}"
BH_p040_t02_grid_s102,floor,shingle/pyramid,"sheet, grid",0.05,102,d00,bl050_p040_t02_grid,shingle,4.0,0.05,47.0,pyramid,3.0,2.0,50.0,12.5,0.016598820239201742,20.0,0.00039820282836444676,0.04999997094273567,"{""backing"": 2.0, ""bot"": ""pyramid"", ""bot_depth"": 3.0, ""bot_params"": {""margin_depth_ref"": 50.0, ""pitch"": 2.0, ""tip_flat"": 0.1}, ""face_h"": 60.0, ""face_w"": 60.0, ""margin_depths"": 2.0, ""seed"": 102, ""top"": ""shingle"", ""top_depth"": 47.0, ""top_params"": {""azimuth_mode"": ""grid"", ""jitter"": 0.3, ""pitch"": 4.0, ""plate_over"": 1.15, ""plate_t_bot"": 0.05, ""plate_t_top"": 0.05, ""tilt_deg"": 2.0, ""tilt_jitter"": 0.0}}"
BH_p040_t02_grid_s102,floor,shingle/pyramid,"sheet, grid",0.05,102,d00,bl050_p040_t02_grid,shingle,4.0,0.05,47.0,pyramid,3.0,2.0,50.0,12.5,0.016598820239201742,40.0,0.0003578613686840981,0.04999997094273567,"{""backing"": 2.0, ""bot"": ""pyramid"", ""bot_depth"": 3.0, ""bot_params"": {""margin_depth_ref"": 50.0, ""pitch"": 2.0, ""tip_flat"": 0.1}, ""face_h"": 60.0, ""face_w"": 60.0, ""margin_depths"": 2.0, ""seed"": 102, ""top"": ""shingle"", ""top_depth"": 47.0, ""top_params"": {""azimuth_mode"": ""grid"", ""jitter"": 0.3, ""pitch"": 4.0, ""plate_over"": 1.15, ""plate_t_bot"": 0.05, ""plate_t_top"": 0.05, ""tilt_deg"": 2.0, ""tilt_jitter"": 0.0}}"
BH_p040_t02_grid_s102,floor,shingle/pyramid,"sheet, grid",0.05,102,d76,bl050_p040_t02_grid,shingle,4.0,0.05,47.0,pyramid,3.0,2.0,50.0,12.5,0.016598820239201742,0.0,0.0003914035623893142,0.04999997094273567,"{""backing"": 2.0, ""bot"": ""pyramid"", ""bot_depth"": 3.0, ""bot_params"": {""margin_depth_ref"": 50.0, ""pitch"": 2.0, ""tip_flat"": 0.1}, ""face_h"": 60.0, ""face_w"": 60.0, ""margin_depths"": 2.0, ""seed"": 102, ""top"": ""shingle"", ""top_depth"": 47.0, ""top_params"": {""azimuth_mode"": ""grid"", ""jitter"": 0.3, ""pitch"": 4.0, ""plate_over"": 1.15, ""plate_t_bot"": 0.05, ""plate_t_top"": 0.05, ""tilt_deg"": 2.0, ""tilt_jitter"": 0.0}}"
BH_p040_t02_grid_s102,floor,shingle/pyramid,"sheet, grid",0.05,102,d76,bl050_p040_t02_grid,shingle,4.0,0.05,47.0,pyramid,3.0,2.0,50.0,12.5,0.016598820239201742,-20.0,0.0007875022711232305,0.04999997094273567,"{""backing"": 2.0, ""bot"": ""pyramid"", ""bot_depth"": 3.0, ""bot_params"": {""margin_depth_ref"": 50.0, ""pitch"": 2.0, ""tip_flat"": 0.1}, ""face_h"": 60.0, ""face_w"": 60.0, ""margin_depths"": 2.0, ""seed"": 102, ""top"": ""shingle"", ""top_depth"": 47.0, ""top_params"": {""azimuth_mode"": ""grid"", ""jitter"": 0.3, ""pitch"": 4.0, ""plate_over"": 1.15, ""plate_t_bot"": 0.05, ""plate_t_top"": 0.05, ""tilt_deg"": 2.0, ""tilt_jitter"": 0.0}}"
BH_p040_t02_grid_s102,floor,shingle/pyramid,"sheet, grid",0.05,102,d76,bl050_p040_t02_grid,shingle,4.0,0.05,47.0,pyramid,3.0,2.0,50.0,12.5,0.016598820239201742,-40.0,0.0013399991439655423,0.04999997094273567,"{""backing"": 2.0, ""bot"": ""pyramid"", ""bot_depth"": 3.0, ""bot_params"": {""margin_depth_ref"": 50.0, ""pitch"": 2.0, ""tip_flat"": 0.1}, ""face_h"": 60.0, ""face_w"": 60.0, ""margin_depths"": 2.0, ""seed"": 102, ""top"": ""shingle"", ""top_depth"": 47.0, ""top_params"": {""azimuth_mode"": ""grid"", ""jitter"": 0.3, ""pitch"": 4.0, ""plate_over"": 1.15, ""plate_t_bot"": 0.05, ""plate_t_top"": 0.05, ""tilt_deg"": 2.0, ""tilt_jitter"": 0.0}}"
BH_p040_t02_grid_s102,floor,shingle/pyramid,"sheet, grid",0.05,102,d76,bl050_p040_t02_grid,shingle,4.0,0.05,47.0,pyramid,3.0,2.0,50.0,12.5,0.016598820239201742,20.0,0.0009657319751568139,0.04999997094273567,"{""backing"": 2.0, ""bot"": ""pyramid"", ""bot_depth"": 3.0, ""bot_params"": {""margin_depth_ref"": 50.0, ""pitch"": 2.0, ""tip_flat"": 0.1}, ""face_h"": 60.0, ""face_w"": 60.0, ""margin_depths"": 2.0, ""seed"": 102, ""top"": ""shingle"", ""top_depth"": 47.0, ""top_params"": {""azimuth_mode"": ""grid"", ""jitter"": 0.3, ""pitch"": 4.0, ""plate_over"": 1.15, ""plate_t_bot"": 0.05, ""plate_t_top"": 0.05, ""tilt_deg"": 2.0, ""tilt_jitter"": 0.0}}"
BH_p040_t02_grid_s102,floor,shingle/pyramid,"sheet, grid",0.05,102,d76,bl050_p040_t02_grid,shingle,4.0,0.05,47.0,pyramid,3.0,2.0,50.0,12.5,0.016598820239201742,40.0,0.001575546688400209,0.04999997094273567,"{""backing"": 2.0, ""bot"": ""pyramid"", ""bot_depth"": 3.0, ""bot_params"": {""margin_depth_ref"": 50.0, ""pitch"": 2.0, ""tip_flat"": 0.1}, ""face_h"": 60.0, ""face_w"": 60.0, ""margin_depths"": 2.0, ""seed"": 102, ""top"": ""shingle"", ""top_depth"": 47.0, ""top_params"": {""azimuth_mode"": ""grid"", ""jitter"": 0.3, ""pitch"": 4.0, ""plate_over"": 1.15, ""plate_t_bot"": 0.05, ""plate_t_top"": 0.05, ""tilt_deg"": 2.0, ""tilt_jitter"": 0.0}}"
BH_p040_t02_grid_s102,floor,shingle/pyramid,"sheet, grid",0.05,102,d100,bl050_p040_t02_grid,shingle,4.0,0.05,47.0,pyramid,3.0,2.0,50.0,12.5,0.016598820239201742,0.0,0.000349832494975999,0.04999997094273567,"{""backing"": 2.0, ""bot"": ""pyramid"", ""bot_depth"": 3.0, ""bot_params"": {""margin_depth_ref"": 50.0, ""pitch"": 2.0, ""tip_flat"": 0.1}, ""face_h"": 60.0, ""face_w"": 60.0, ""margin_depths"": 2.0, ""seed"": 102, ""top"": ""shingle"", ""top_depth"": 47.0, ""top_params"": {""azimuth_mode"": ""grid"", ""jitter"": 0.3, ""pitch"": 4.0, ""plate_over"": 1.15, ""plate_t_bot"": 0.05, ""plate_t_top"": 0.05, ""tilt_deg"": 2.0, ""tilt_jitter"": 0.0}}"
BH_p040_t02_grid_s102,floor,shingle/pyramid,"sheet, grid",0.05,102,d100,bl050_p040_t02_grid,shingle,4.0,0.05,47.0,pyramid,3.0,2.0,50.0,12.5,0.016598820239201742,-20.0,0.0009017836418934166,0.04999997094273567,"{""backing"": 2.0, ""bot"": ""pyramid"", ""bot_depth"": 3.0, ""bot_params"": {""margin_depth_ref"": 50.0, ""pitch"": 2.0, ""tip_flat"": 0.1}, ""face_h"": 60.0, ""face_w"": 60.0, ""margin_depths"": 2.0, ""seed"": 102, ""top"": ""shingle"", ""top_depth"": 47.0, ""top_params"": {""azimuth_mode"": ""grid"", ""jitter"": 0.3, ""pitch"": 4.0, ""plate_over"": 1.15, ""plate_t_bot"": 0.05, ""plate_t_top"": 0.05, ""tilt_deg"": 2.0, ""tilt_jitter"": 0.0}}"
BH_p040_t02_grid_s102,floor,shingle/pyramid,"sheet, grid",0.05,102,d100,bl050_p040_t02_grid,shingle,4.0,0.05,47.0,pyramid,3.0,2.0,50.0,12.5,0.016598820239201742,-40.0,0.001645470503717661,0.04999997094273567,"{""backing"": 2.0, ""bot"": ""pyramid"", ""bot_depth"": 3.0, ""bot_params"": {""margin_depth_ref"": 50.0, ""pitch"": 2.0, ""tip_flat"": 0.1}, ""face_h"": 60.0, ""face_w"": 60.0, ""margin_depths"": 2.0, ""seed"": 102, ""top"": ""shingle"", ""top_depth"": 47.0, ""top_params"": {""azimuth_mode"": ""grid"", ""jitter"": 0.3, ""pitch"": 4.0, ""plate_over"": 1.15, ""plate_t_bot"": 0.05, ""plate_t_top"": 0.05, ""tilt_deg"": 2.0, ""tilt_jitter"": 0.0}}"
BH_p040_t02_grid_s102,floor,shingle/pyramid,"sheet, grid",0.05,102,d100,bl050_p040_t02_grid,shingle,4.0,0.05,47.0,pyramid,3.0,2.0,50.0,12.5,0.016598820239201742,20.0,0.0011596882250159979,0.04999997094273567,"{""backing"": 2.0, ""bot"": ""pyramid"", ""bot_depth"": 3.0, ""bot_params"": {""margin_depth_ref"": 50.0, ""pitch"": 2.0, ""tip_flat"": 0.1}, ""face_h"": 60.0, ""face_w"": 60.0, ""margin_depths"": 2.0, ""seed"": 102, ""top"": ""shingle"", ""top_depth"": 47.0, ""top_params"": {""azimuth_mode"": ""grid"", ""jitter"": 0.3, ""pitch"": 4.0, ""plate_over"": 1.15, ""plate_t_bot"": 0.05, ""plate_t_top"": 0.05, ""tilt_deg"": 2.0, ""tilt_jitter"": 0.0}}"
BH_p040_t02_grid_s102,floor,shingle/pyramid,"sheet, grid",0.05,102,d100,bl050_p040_t02_grid,shingle,4.0,0.05,47.0,pyramid,3.0,2.0,50.0,12.5,0.016598820239201742,40.0,0.001967846881598234,0.04999997094273567,"{""backing"": 2.0, ""bot"": ""pyramid"", ""bot_depth"": 3.0, ""bot_params"": {""margin_depth_ref"": 50.0, ""pitch"": 2.0, ""tip_flat"": 0.1}, ""face_h"": 60.0, ""face_w"": 60.0, ""margin_depths"": 2.0, ""seed"": 102, ""top"": ""shingle"", ""top_depth"": 47.0, ""top_params"": {""azimuth_mode"": ""grid"", ""jitter"": 0.3, ""pitch"": 4.0, ""plate_over"": 1.15, ""plate_t_bot"": 0.05, ""plate_t_top"": 0.05, ""tilt_deg"": 2.0, ""tilt_jitter"": 0.0}}"
BH_p047_t02_grid_s102,floor,shingle/pyramid,"sheet, grid",0.05,102,d00,bl050_p047_t02_grid,shingle,4.75,0.05,47.0,pyramid,3.0,2.0,50.0,10.526315789473685,0.013977953885643572,0.0,0.0005799818900413811,0.04999997094273567,"{""backing"": 2.0, ""bot"": ""pyramid"", ""bot_depth"": 3.0, ""bot_params"": {""margin_depth_ref"": 50.0, ""pitch"": 2.0, ""tip_flat"": 0.1}, ""face_h"": 60.0, ""face_w"": 60.0, ""margin_depths"": 2.0, ""seed"": 102, ""top"": ""shingle"", ""top_depth"": 47.0, ""top_params"": {""azimuth_mode"": ""grid"", ""jitter"": 0.3, ""pitch"": 4.75, ""plate_over"": 1.15, ""plate_t_bot"": 0.05, ""plate_t_top"": 0.05, ""tilt_deg"": 2.0, ""tilt_jitter"": 0.0}}"
BH_p047_t02_grid_s102,floor,shingle/pyramid,"sheet, grid",0.05,102,d00,bl050_p047_t02_grid,shingle,4.75,0.05,47.0,pyramid,3.0,2.0,50.0,10.526315789473685,0.013977953885643572,-20.0,0.00039966878830455244,0.04999997094273567,"{""backing"": 2.0, ""bot"": ""pyramid"", ""bot_depth"": 3.0, ""bot_params"": {""margin_depth_ref"": 50.0, ""pitch"": 2.0, ""tip_flat"": 0.1}, ""face_h"": 60.0, ""face_w"": 60.0, ""margin_depths"": 2.0, ""seed"": 102, ""top"": ""shingle"", ""top_depth"": 47.0, ""top_params"": {""azimuth_mode"": ""grid"", ""jitter"": 0.3, ""pitch"": 4.75, ""plate_over"": 1.15, ""plate_t_bot"": 0.05, ""plate_t_top"": 0.05, ""tilt_deg"": 2.0, ""tilt_jitter"": 0.0}}"
BH_p047_t02_grid_s102,floor,shingle/pyramid,"sheet, grid",0.05,102,d00,bl050_p047_t02_grid,shingle,4.75,0.05,47.0,pyramid,3.0,2.0,50.0,10.526315789473685,0.013977953885643572,-40.0,0.00032835628371685743,0.04999997094273567,"{""backing"": 2.0, ""bot"": ""pyramid"", ""bot_depth"": 3.0, ""bot_params"": {""margin_depth_ref"": 50.0, ""pitch"": 2.0, ""tip_flat"": 0.1}, ""face_h"": 60.0, ""face_w"": 60.0, ""margin_depths"": 2.0, ""seed"": 102, ""top"": ""shingle"", ""top_depth"": 47.0, ""top_params"": {""azimuth_mode"": ""grid"", ""jitter"": 0.3, ""pitch"": 4.75, ""plate_over"": 1.15, ""plate_t_bot"": 0.05, ""plate_t_top"": 0.05, ""tilt_deg"": 2.0, ""tilt_jitter"": 0.0}}"
BH_p047_t02_grid_s102,floor,shingle/pyramid,"sheet, grid",0.05,102,d00,bl050_p047_t02_grid,shingle,4.75,0.05,47.0,pyramid,3.0,2.0,50.0,10.526315789473685,0.013977953885643572,20.0,0.0003743230481632054,0.04999997094273567,"{""backing"": 2.0, ""bot"": ""pyramid"", ""bot_depth"": 3.0, ""bot_params"": {""margin_depth_ref"": 50.0, ""pitch"": 2.0, ""tip_flat"": 0.1}, ""face_h"": 60.0, ""face_w"": 60.0, ""margin_depths"": 2.0, ""seed"": 102, ""top"": ""shingle"", ""top_depth"": 47.0, ""top_params"": {""azimuth_mode"": ""grid"", ""jitter"": 0.3, ""pitch"": 4.75, ""plate_over"": 1.15, ""plate_t_bot"": 0.05, ""plate_t_top"": 0.05, ""tilt_deg"": 2.0, ""tilt_jitter"": 0.0}}"
BH_p047_t02_grid_s102,floor,shingle/pyramid,"sheet, grid",0.05,102,d00,bl050_p047_t02_grid,shingle,4.75,0.05,47.0,pyramid,3.0,2.0,50.0,10.526315789473685,0.013977953885643572,40.0,0.0003519615565892309,0.04999997094273567,"{""backing"": 2.0, ""bot"": ""pyramid"", ""bot_depth"": 3.0, ""bot_params"": {""margin_depth_ref"": 50.0, ""pitch"": 2.0, ""tip_flat"": 0.1}, ""face_h"": 60.0, ""face_w"": 60.0, ""margin_depths"": 2.0, ""seed"": 102, ""top"": ""shingle"", ""top_depth"": 47.0, ""top_params"": {""azimuth_mode"": ""grid"", ""jitter"": 0.3, ""pitch"": 4.75, ""plate_over"": 1.15, ""plate_t_bot"": 0.05, ""plate_t_top"": 0.05, ""tilt_deg"": 2.0, ""tilt_jitter"": 0.0}}"
BH_p047_t02_grid_s102,floor,shingle/pyramid,"sheet, grid",0.05,102,d76,bl050_p047_t02_grid,shingle,4.75,0.05,47.0,pyramid,3.0,2.0,50.0,10.526315789473685,0.013977953885643572,0.0,0.0003784515429288149,0.04999997094273567,"{""backing"": 2.0, ""bot"": ""pyramid"", ""bot_depth"": 3.0, ""bot_params"": {""margin_depth_ref"": 50.0, ""pitch"": 2.0, ""tip_flat"": 0.1}, ""face_h"": 60.0, ""face_w"": 60.0, ""margin_depths"": 2.0, ""seed"": 102, ""top"": ""shingle"", ""top_depth"": 47.0, ""top_params"": {""azimuth_mode"": ""grid"", ""jitter"": 0.3, ""pitch"": 4.75, ""plate_over"": 1.15, ""plate_t_bot"": 0.05, ""plate_t_top"": 0.05, ""tilt_deg"": 2.0, ""tilt_jitter"": 0.0}}"
BH_p047_t02_grid_s102,floor,shingle/pyramid,"sheet, grid",0.05,102,d76,bl050_p047_t02_grid,shingle,4.75,0.05,47.0,pyramid,3.0,2.0,50.0,10.526315789473685,0.013977953885643572,-20.0,0.0008394043543376029,0.04999997094273567,"{""backing"": 2.0, ""bot"": ""pyramid"", ""bot_depth"": 3.0, ""bot_params"": {""margin_depth_ref"": 50.0, ""pitch"": 2.0, ""tip_flat"": 0.1}, ""face_h"": 60.0, ""face_w"": 60.0, ""margin_depths"": 2.0, ""seed"": 102, ""top"": ""shingle"", ""top_depth"": 47.0, ""top_params"": {""azimuth_mode"": ""grid"", ""jitter"": 0.3, ""pitch"": 4.75, ""plate_over"": 1.15, ""plate_t_bot"": 0.05, ""plate_t_top"": 0.05, ""tilt_deg"": 2.0, ""tilt_jitter"": 0.0}}"
BH_p047_t02_grid_s102,floor,shingle/pyramid,"sheet, grid",0.05,102,d76,bl050_p047_t02_grid,shingle,4.75,0.05,47.0,pyramid,3.0,2.0,50.0,10.526315789473685,0.013977953885643572,-40.0,0.0014612433733418584,0.04999997094273567,"{""backing"": 2.0, ""bot"": ""pyramid"", ""bot_depth"": 3.0, ""bot_params"": {""margin_depth_ref"": 50.0, ""pitch"": 2.0, ""tip_flat"": 0.1}, ""face_h"": 60.0, ""face_w"": 60.0, ""margin_depths"": 2.0, ""seed"": 102, ""top"": ""shingle"", ""top_depth"": 47.0, ""top_params"": {""azimuth_mode"": ""grid"", ""jitter"": 0.3, ""pitch"": 4.75, ""plate_over"": 1.15, ""plate_t_bot"": 0.05, ""plate_t_top"": 0.05, ""tilt_deg"": 2.0, ""tilt_jitter"": 0.0}}"
BH_p047_t02_grid_s102,floor,shingle/pyramid,"sheet, grid",0.05,102,d76,bl050_p047_t02_grid,shingle,4.75,0.05,47.0,pyramid,3.0,2.0,50.0,10.526315789473685,0.013977953885643572,20.0,0.0010096770711243153,0.04999997094273567,"{""backing"": 2.0, ""bot"": ""pyramid"", ""bot_depth"": 3.0, ""bot_params"": {""margin_depth_ref"": 50.0, ""pitch"": 2.0, ""tip_flat"": 0.1}, ""face_h"": 60.0, ""face_w"": 60.0, ""margin_depths"": 2.0, ""seed"": 102, ""top"": ""shingle"", ""top_depth"": 47.0, ""top_params"": {""azimuth_mode"": ""grid"", ""jitter"": 0.3, ""pitch"": 4.75, ""plate_over"": 1.15, ""plate_t_bot"": 0.05, ""plate_t_top"": 0.05, ""tilt_deg"": 2.0, ""tilt_jitter"": 0.0}}"
BH_p047_t02_grid_s102,floor,shingle/pyramid,"sheet, grid",0.05,102,d76,bl050_p047_t02_grid,shingle,4.75,0.05,47.0,pyramid,3.0,2.0,50.0,10.526315789473685,0.013977953885643572,40.0,0.001662979368120432,0.04999997094273567,"{""backing"": 2.0, ""bot"": ""pyramid"", ""bot_depth"": 3.0, ""bot_params"": {""margin_depth_ref"": 50.0, ""pitch"": 2.0, ""tip_flat"": 0.1}, ""face_h"": 60.0, ""face_w"": 60.0, ""margin_depths"": 2.0, ""seed"": 102, ""top"": ""shingle"", ""top_depth"": 47.0, ""top_params"": {""azimuth_mode"": ""grid"", ""jitter"": 0.3, ""pitch"": 4.75, ""plate_over"": 1.15, ""plate_t_bot"": 0.05, ""plate_t_top"": 0.05, ""tilt_deg"": 2.0, ""tilt_jitter"": 0.0}}"
BH_p047_t02_grid_s102,floor,shingle/pyramid,"sheet, grid",0.05,102,d100,bl050_p047_t02_grid,shingle,4.75,0.05,47.0,pyramid,3.0,2.0,50.0,10.526315789473685,0.013977953885643572,0.0,0.0003351589839439839,0.04999997094273567,"{""backing"": 2.0, ""bot"": ""pyramid"", ""bot_depth"": 3.0, ""bot_params"": {""margin_depth_ref"": 50.0, ""pitch"": 2.0, ""tip_flat"": 0.1}, ""face_h"": 60.0, ""face_w"": 60.0, ""margin_depths"": 2.0, ""seed"": 102, ""top"": ""shingle"", ""top_depth"": 47.0, ""top_params"": {""azimuth_mode"": ""grid"", ""jitter"": 0.3, ""pitch"": 4.75, ""plate_over"": 1.15, ""plate_t_bot"": 0.05, ""plate_t_top"": 0.05, ""tilt_deg"": 2.0, ""tilt_jitter"": 0.0}}"
BH_p047_t02_grid_s102,floor,shingle/pyramid,"sheet, grid",0.05,102,d100,bl050_p047_t02_grid,shingle,4.75,0.05,47.0,pyramid,3.0,2.0,50.0,10.526315789473685,0.013977953885643572,-20.0,0.0010009362595155835,0.04999997094273567,"{""backing"": 2.0, ""bot"": ""pyramid"", ""bot_depth"": 3.0, ""bot_params"": {""margin_depth_ref"": 50.0, ""pitch"": 2.0, ""tip_flat"": 0.1}, ""face_h"": 60.0, ""face_w"": 60.0, ""margin_depths"": 2.0, ""seed"": 102, ""top"": ""shingle"", ""top_depth"": 47.0, ""top_params"": {""azimuth_mode"": ""grid"", ""jitter"": 0.3, ""pitch"": 4.75, ""plate_over"": 1.15, ""plate_t_bot"": 0.05, ""plate_t_top"": 0.05, ""tilt_deg"": 2.0, ""tilt_jitter"": 0.0}}"
BH_p047_t02_grid_s102,floor,shingle/pyramid,"sheet, grid",0.05,102,d100,bl050_p047_t02_grid,shingle,4.75,0.05,47.0,pyramid,3.0,2.0,50.0,10.526315789473685,0.013977953885643572,-40.0,0.0018298221984878182,0.04999997094273567,"{""backing"": 2.0, ""bot"": ""pyramid"", ""bot_depth"": 3.0, ""bot_params"": {""margin_depth_ref"": 50.0, ""pitch"": 2.0, ""tip_flat"": 0.1}, ""face_h"": 60.0, ""face_w"": 60.0, ""margin_depths"": 2.0, ""seed"": 102, ""top"": ""shingle"", ""top_depth"": 47.0, ""top_params"": {""azimuth_mode"": ""grid"", ""jitter"": 0.3, ""pitch"": 4.75, ""plate_over"": 1.15, ""plate_t_bot"": 0.05, ""plate_t_top"": 0.05, ""tilt_deg"": 2.0, ""tilt_jitter"": 0.0}}"
BH_p047_t02_grid_s102,floor,shingle/pyramid,"sheet, grid",0.05,102,d100,bl050_p047_t02_grid,shingle,4.75,0.05,47.0,pyramid,3.0,2.0,50.0,10.526315789473685,0.013977953885643572,20.0,0.0012216921895742416,0.04999997094273567,"{""backing"": 2.0, ""bot"": ""pyramid"", ""bot_depth"": 3.0, ""bot_params"": {""margin_depth_ref"": 50.0, ""pitch"": 2.0, ""tip_flat"": 0.1}, ""face_h"": 60.0, ""face_w"": 60.0, ""margin_depths"": 2.0, ""seed"": 102, ""top"": ""shingle"", ""top_depth"": 47.0, ""top_params"": {""azimuth_mode"": ""grid"", ""jitter"": 0.3, ""pitch"": 4.75, ""plate_over"": 1.15, ""plate_t_bot"": 0.05, ""plate_t_top"": 0.05, ""tilt_deg"": 2.0, ""tilt_jitter"": 0.0}}"
BH_p047_t02_grid_s102,floor,shingle/pyramid,"sheet, grid",0.05,102,d100,bl050_p047_t02_grid,shingle,4.75,0.05,47.0,pyramid,3.0,2.0,50.0,10.526315789473685,0.013977953885643572,40.0,0.0020920971874147654,0.04999997094273567,"{""backing"": 2.0, ""bot"": ""pyramid"", ""bot_depth"": 3.0, ""bot_params"": {""margin_depth_ref"": 50.0, ""pitch"": 2.0, ""tip_flat"": 0.1}, ""face_h"": 60.0, ""face_w"": 60.0, ""margin_depths"": 2.0, ""seed"": 102, ""top"": ""shingle"", ""top_depth"": 47.0, ""top_params"": {""azimuth_mode"": ""grid"", ""jitter"": 0.3, ""pitch"": 4.75, ""plate_over"": 1.15, ""plate_t_bot"": 0.05, ""plate_t_top"": 0.05, ""tilt_deg"": 2.0, ""tilt_jitter"": 0.0}}"
BH_p055_t02_grid_s102,floor,shingle/pyramid,"sheet, grid",0.05,102,d00,bl050_p055_t02_grid,shingle,5.5,0.05,47.0,pyramid,3.0,2.0,50.0,9.090909090909092,0.012071869264873993,0.0,0.0005439951783046126,0.04999997094273567,"{""backing"": 2.0, ""bot"": ""pyramid"", ""bot_depth"": 3.0, ""bot_params"": {""margin_depth_ref"": 50.0, ""pitch"": 2.0, ""tip_flat"": 0.1}, ""face_h"": 60.0, ""face_w"": 60.0, ""margin_depths"": 2.0, ""seed"": 102, ""top"": ""shingle"", ""top_depth"": 47.0, ""top_params"": {""azimuth_mode"": ""grid"", ""jitter"": 0.3, ""pitch"": 5.5, ""plate_over"": 1.15, ""plate_t_bot"": 0.05, ""plate_t_top"": 0.05, ""tilt_deg"": 2.0, ""tilt_jitter"": 0.0}}"
BH_p055_t02_grid_s102,floor,shingle/pyramid,"sheet, grid",0.05,102,d00,bl050_p055_t02_grid,shingle,5.5,0.05,47.0,pyramid,3.0,2.0,50.0,9.090909090909092,0.012071869264873993,-20.0,0.00041470755240879953,0.04999997094273567,"{""backing"": 2.0, ""bot"": ""pyramid"", ""bot_depth"": 3.0, ""bot_params"": {""margin_depth_ref"": 50.0, ""pitch"": 2.0, ""tip_flat"": 0.1}, ""face_h"": 60.0, ""face_w"": 60.0, ""margin_depths"": 2.0, ""seed"": 102, ""top"": ""shingle"", ""top_depth"": 47.0, ""top_params"": {""azimuth_mode"": ""grid"", ""jitter"": 0.3, ""pitch"": 5.5, ""plate_over"": 1.15, ""plate_t_bot"": 0.05, ""plate_t_top"": 0.05, ""tilt_deg"": 2.0, ""tilt_jitter"": 0.0}}"
BH_p055_t02_grid_s102,floor,shingle/pyramid,"sheet, grid",0.05,102,d00,bl050_p055_t02_grid,shingle,5.5,0.05,47.0,pyramid,3.0,2.0,50.0,9.090909090909092,0.012071869264873993,-40.0,0.00035350691177882254,0.04999997094273567,"{""backing"": 2.0, ""bot"": ""pyramid"", ""bot_depth"": 3.0, ""bot_params"": {""margin_depth_ref"": 50.0, ""pitch"": 2.0, ""tip_flat"": 0.1}, ""face_h"": 60.0, ""face_w"": 60.0, ""margin_depths"": 2.0, ""seed"": 102, ""top"": ""shingle"", ""top_depth"": 47.0, ""top_params"": {""azimuth_mode"": ""grid"", ""jitter"": 0.3, ""pitch"": 5.5, ""plate_over"": 1.15, ""plate_t_bot"": 0.05, ""plate_t_top"": 0.05, ""tilt_deg"": 2.0, ""tilt_jitter"": 0.0}}"
BH_p055_t02_grid_s102,floor,shingle/pyramid,"sheet, grid",0.05,102,d00,bl050_p055_t02_grid,shingle,5.5,0.05,47.0,pyramid,3.0,2.0,50.0,9.090909090909092,0.012071869264873993,20.0,0.0003806604945566505,0.04999997094273567,"{""backing"": 2.0, ""bot"": ""pyramid"", ""bot_depth"": 3.0, ""bot_params"": {""margin_depth_ref"": 50.0, ""pitch"": 2.0, ""tip_flat"": 0.1}, ""face_h"": 60.0, ""face_w"": 60.0, ""margin_depths"": 2.0, ""seed"": 102, ""top"": ""shingle"", ""top_depth"": 47.0, ""top_params"": {""azimuth_mode"": ""grid"", ""jitter"": 0.3, ""pitch"": 5.5, ""plate_over"": 1.15, ""plate_t_bot"": 0.05, ""plate_t_top"": 0.05, ""tilt_deg"": 2.0, ""tilt_jitter"": 0.0}}"
BH_p055_t02_grid_s102,floor,shingle/pyramid,"sheet, grid",0.05,102,d00,bl050_p055_t02_grid,shingle,5.5,0.05,47.0,pyramid,3.0,2.0,50.0,9.090909090909092,0.012071869264873993,40.0,0.0003477144055068493,0.04999997094273567,"{""backing"": 2.0, ""bot"": ""pyramid"", ""bot_depth"": 3.0, ""bot_params"": {""margin_depth_ref"": 50.0, ""pitch"": 2.0, ""tip_flat"": 0.1}, ""face_h"": 60.0, ""face_w"": 60.0, ""margin_depths"": 2.0, ""seed"": 102, ""top"": ""shingle"", ""top_depth"": 47.0, ""top_params"": {""azimuth_mode"": ""grid"", ""jitter"": 0.3, ""pitch"": 5.5, ""plate_over"": 1.15, ""plate_t_bot"": 0.05, ""plate_t_top"": 0.05, ""tilt_deg"": 2.0, ""tilt_jitter"": 0.0}}"
BH_p055_t02_grid_s102,floor,shingle/pyramid,"sheet, grid",0.05,102,d76,bl050_p055_t02_grid,shingle,5.5,0.05,47.0,pyramid,3.0,2.0,50.0,9.090909090909092,0.012071869264873993,0.0,0.0003601689822971821,0.04999997094273567,"{""backing"": 2.0, ""bot"": ""pyramid"", ""bot_depth"": 3.0, ""bot_params"": {""margin_depth_ref"": 50.0, ""pitch"": 2.0, ""tip_flat"": 0.1}, ""face_h"": 60.0, ""face_w"": 60.0, ""margin_depths"": 2.0, ""seed"": 102, ""top"": ""shingle"", ""top_depth"": 47.0, ""top_params"": {""azimuth_mode"": ""grid"", ""jitter"": 0.3, ""pitch"": 5.5, ""plate_over"": 1.15, ""plate_t_bot"": 0.05, ""plate_t_top"": 0.05, ""tilt_deg"": 2.0, ""tilt_jitter"": 0.0}}"
BH_p055_t02_grid_s102,floor,shingle/pyramid,"sheet, grid",0.05,102,d76,bl050_p055_t02_grid,shingle,5.5,0.05,47.0,pyramid,3.0,2.0,50.0,9.090909090909092,0.012071869264873993,-20.0,0.0007545900880359113,0.04999997094273567,"{""backing"": 2.0, ""bot"": ""pyramid"", ""bot_depth"": 3.0, ""bot_params"": {""margin_depth_ref"": 50.0, ""pitch"": 2.0, ""tip_flat"": 0.1}, ""face_h"": 60.0, ""face_w"": 60.0, ""margin_depths"": 2.0, ""seed"": 102, ""top"": ""shingle"", ""top_depth"": 47.0, ""top_params"": {""azimuth_mode"": ""grid"", ""jitter"": 0.3, ""pitch"": 5.5, ""plate_over"": 1.15, ""plate_t_bot"": 0.05, ""plate_t_top"": 0.05, ""tilt_deg"": 2.0, ""tilt_jitter"": 0.0}}"
BH_p055_t02_grid_s102,floor,shingle/pyramid,"sheet, grid",0.05,102,d76,bl050_p055_t02_grid,shingle,5.5,0.05,47.0,pyramid,3.0,2.0,50.0,9.090909090909092,0.012071869264873993,-40.0,0.0012744225095957518,0.04999997094273567,"{""backing"": 2.0, ""bot"": ""pyramid"", ""bot_depth"": 3.0, ""bot_params"": {""margin_depth_ref"": 50.0, ""pitch"": 2.0, ""tip_flat"": 0.1}, ""face_h"": 60.0, ""face_w"": 60.0, ""margin_depths"": 2.0, ""seed"": 102, ""top"": ""shingle"", ""top_depth"": 47.0, ""top_params"": {""azimuth_mode"": ""grid"", ""jitter"": 0.3, ""pitch"": 5.5, ""plate_over"": 1.15, ""plate_t_bot"": 0.05, ""plate_t_top"": 0.05, ""tilt_deg"": 2.0, ""tilt_jitter"": 0.0}}"
BH_p055_t02_grid_s102,floor,shingle/pyramid,"sheet, grid",0.05,102,d76,bl050_p055_t02_grid,shingle,5.5,0.05,47.0,pyramid,3.0,2.0,50.0,9.090909090909092,0.012071869264873993,20.0,0.0008732230053283274,0.04999997094273567,"{""backing"": 2.0, ""bot"": ""pyramid"", ""bot_depth"": 3.0, ""bot_params"": {""margin_depth_ref"": 50.0, ""pitch"": 2.0, ""tip_flat"": 0.1}, ""face_h"": 60.0, ""face_w"": 60.0, ""margin_depths"": 2.0, ""seed"": 102, ""top"": ""shingle"", ""top_depth"": 47.0, ""top_params"": {""azimuth_mode"": ""grid"", ""jitter"": 0.3, ""pitch"": 5.5, ""plate_over"": 1.15, ""plate_t_bot"": 0.05, ""plate_t_top"": 0.05, ""tilt_deg"": 2.0, ""tilt_jitter"": 0.0}}"
BH_p055_t02_grid_s102,floor,shingle/pyramid,"sheet, grid",0.05,102,d76,bl050_p055_t02_grid,shingle,5.5,0.05,47.0,pyramid,3.0,2.0,50.0,9.090909090909092,0.012071869264873993,40.0,0.0014585256576538086,0.04999997094273567,"{""backing"": 2.0, ""bot"": ""pyramid"", ""bot_depth"": 3.0, ""bot_params"": {""margin_depth_ref"": 50.0, ""pitch"": 2.0, ""tip_flat"": 0.1}, ""face_h"": 60.0, ""face_w"": 60.0, ""margin_depths"": 2.0, ""seed"": 102, ""top"": ""shingle"", ""top_depth"": 47.0, ""top_params"": {""azimuth_mode"": ""grid"", ""jitter"": 0.3, ""pitch"": 5.5, ""plate_over"": 1.15, ""plate_t_bot"": 0.05, ""plate_t_top"": 0.05, ""tilt_deg"": 2.0, ""tilt_jitter"": 0.0}}"
BH_p055_t02_grid_s102,floor,shingle/pyramid,"sheet, grid",0.05,102,d100,bl050_p055_t02_grid,shingle,5.5,0.05,47.0,pyramid,3.0,2.0,50.0,9.090909090909092,0.012071869264873993,0.0,0.00032185434247367084,0.04999997094273567,"{""backing"": 2.0, ""bot"": ""pyramid"", ""bot_depth"": 3.0, ""bot_params"": {""margin_depth_ref"": 50.0, ""pitch"": 2.0, ""tip_flat"": 0.1}, ""face_h"": 60.0, ""face_w"": 60.0, ""margin_depths"": 2.0, ""seed"": 102, ""top"": ""shingle"", ""top_depth"": 47.0, ""top_params"": {""azimuth_mode"": ""grid"", ""jitter"": 0.3, ""pitch"": 5.5, ""plate_over"": 1.15, ""plate_t_bot"": 0.05, ""plate_t_top"": 0.05, ""tilt_deg"": 2.0, ""tilt_jitter"": 0.0}}"
BH_p055_t02_grid_s102,floor,shingle/pyramid,"sheet, grid",0.05,102,d100,bl050_p055_t02_grid,shingle,5.5,0.05,47.0,pyramid,3.0,2.0,50.0,9.090909090909092,0.012071869264873993,-20.0,0.0008683781488798559,0.04999997094273567,"{""backing"": 2.0, ""bot"": ""pyramid"", ""bot_depth"": 3.0, ""bot_params"": {""margin_depth_ref"": 50.0, ""pitch"": 2.0, ""tip_flat"": 0.1}, ""face_h"": 60.0, ""face_w"": 60.0, ""margin_depths"": 2.0, ""seed"": 102, ""top"": ""shingle"", ""top_depth"": 47.0, ""top_params"": {""azimuth_mode"": ""grid"", ""jitter"": 0.3, ""pitch"": 5.5, ""plate_over"": 1.15, ""plate_t_bot"": 0.05, ""plate_t_top"": 0.05, ""tilt_deg"": 2.0, ""tilt_jitter"": 0.0}}"
BH_p055_t02_grid_s102,floor,shingle/pyramid,"sheet, grid",0.05,102,d100,bl050_p055_t02_grid,shingle,5.5,0.05,47.0,pyramid,3.0,2.0,50.0,9.090909090909092,0.012071869264873993,-40.0,0.0015814213547855616,0.04999997094273567,"{""backing"": 2.0, ""bot"": ""pyramid"", ""bot_depth"": 3.0, ""bot_params"": {""margin_depth_ref"": 50.0, ""pitch"": 2.0, ""tip_flat"": 0.1}, ""face_h"": 60.0, ""face_w"": 60.0, ""margin_depths"": 2.0, ""seed"": 102, ""top"": ""shingle"", ""top_depth"": 47.0, ""top_params"": {""azimuth_mode"": ""grid"", ""jitter"": 0.3, ""pitch"": 5.5, ""plate_over"": 1.15, ""plate_t_bot"": 0.05, ""plate_t_top"": 0.05, ""tilt_deg"": 2.0, ""tilt_jitter"": 0.0}}"
BH_p055_t02_grid_s102,floor,shingle/pyramid,"sheet, grid",0.05,102,d100,bl050_p055_t02_grid,shingle,5.5,0.05,47.0,pyramid,3.0,2.0,50.0,9.090909090909092,0.012071869264873993,20.0,0.001046544755809009,0.04999997094273567,"{""backing"": 2.0, ""bot"": ""pyramid"", ""bot_depth"": 3.0, ""bot_params"": {""margin_depth_ref"": 50.0, ""pitch"": 2.0, ""tip_flat"": 0.1}, ""face_h"": 60.0, ""face_w"": 60.0, ""margin_depths"": 2.0, ""seed"": 102, ""top"": ""shingle"", ""top_depth"": 47.0, ""top_params"": {""azimuth_mode"": ""grid"", ""jitter"": 0.3, ""pitch"": 5.5, ""plate_over"": 1.15, ""plate_t_bot"": 0.05, ""plate_t_top"": 0.05, ""tilt_deg"": 2.0, ""tilt_jitter"": 0.0}}"
BH_p055_t02_grid_s102,floor,shingle/pyramid,"sheet, grid",0.05,102,d100,bl050_p055_t02_grid,shingle,5.5,0.05,47.0,pyramid,3.0,2.0,50.0,9.090909090909092,0.012071869264873993,40.0,0.0018219903577119112,0.04999997094273567,"{""backing"": 2.0, ""bot"": ""pyramid"", ""bot_depth"": 3.0, ""bot_params"": {""margin_depth_ref"": 50.0, ""pitch"": 2.0, ""tip_flat"": 0.1}, ""face_h"": 60.0, ""face_w"": 60.0, ""margin_depths"": 2.0, ""seed"": 102, ""top"": ""shingle"", ""top_depth"": 47.0, ""top_params"": {""azimuth_mode"": ""grid"", ""jitter"": 0.3, ""pitch"": 5.5, ""plate_over"": 1.15, ""plate_t_bot"": 0.05, ""plate_t_top"": 0.05, ""tilt_deg"": 2.0, ""tilt_jitter"": 0.0}}"
BH_p070_t02_grid_s102,floor,shingle/pyramid,"sheet, grid",0.05,102,d00,bl050_p070_t02_grid,shingle,7.0,0.05,47.0,pyramid,3.0,2.0,50.0,7.142857142857143,0.009485040136686709,0.0,0.0005566470208577812,0.04999997094273567,"{""backing"": 2.0, ""bot"": ""pyramid"", ""bot_depth"": 3.0, ""bot_params"": {""margin_depth_ref"": 50.0, ""pitch"": 2.0, ""tip_flat"": 0.1}, ""face_h"": 60.0, ""face_w"": 60.0, ""margin_depths"": 2.0, ""seed"": 102, ""top"": ""shingle"", ""top_depth"": 47.0, ""top_params"": {""azimuth_mode"": ""grid"", ""jitter"": 0.3, ""pitch"": 7.0, ""plate_over"": 1.15, ""plate_t_bot"": 0.05, ""plate_t_top"": 0.05, ""tilt_deg"": 2.0, ""tilt_jitter"": 0.0}}"
BH_p070_t02_grid_s102,floor,shingle/pyramid,"sheet, grid",0.05,102,d00,bl050_p070_t02_grid,shingle,7.0,0.05,47.0,pyramid,3.0,2.0,50.0,7.142857142857143,0.009485040136686709,-20.0,0.00039679312612861395,0.04999997094273567,"{""backing"": 2.0, ""bot"": ""pyramid"", ""bot_depth"": 3.0, ""bot_params"": {""margin_depth_ref"": 50.0, ""pitch"": 2.0, ""tip_flat"": 0.1}, ""face_h"": 60.0, ""face_w"": 60.0, ""margin_depths"": 2.0, ""seed"": 102, ""top"": ""shingle"", ""top_depth"": 47.0, ""top_params"": {""azimuth_mode"": ""grid"", ""jitter"": 0.3, ""pitch"": 7.0, ""plate_over"": 1.15, ""plate_t_bot"": 0.05, ""plate_t_top"": 0.05, ""tilt_deg"": 2.0, ""tilt_jitter"": 0.0}}"
BH_p070_t02_grid_s102,floor,shingle/pyramid,"sheet, grid",0.05,102,d00,bl050_p070_t02_grid,shingle,7.0,0.05,47.0,pyramid,3.0,2.0,50.0,7.142857142857143,0.009485040136686709,-40.0,0.0003394099185243249,0.04999997094273567,"{""backing"": 2.0, ""bot"": ""pyramid"", ""bot_depth"": 3.0, ""bot_params"": {""margin_depth_ref"": 50.0, ""pitch"": 2.0, ""tip_flat"": 0.1}, ""face_h"": 60.0, ""face_w"": 60.0, ""margin_depths"": 2.0, ""seed"": 102, ""top"": ""shingle"", ""top_depth"": 47.0, ""top_params"": {""azimuth_mode"": ""grid"", ""jitter"": 0.3, ""pitch"": 7.0, ""plate_over"": 1.15, ""plate_t_bot"": 0.05, ""plate_t_top"": 0.05, ""tilt_deg"": 2.0, ""tilt_jitter"": 0.0}}"
BH_p070_t02_grid_s102,floor,shingle/pyramid,"sheet, grid",0.05,102,d00,bl050_p070_t02_grid,shingle,7.0,0.05,47.0,pyramid,3.0,2.0,50.0,7.142857142857143,0.009485040136686709,20.0,0.0003836302494164556,0.04999997094273567,"{""backing"": 2.0, ""bot"": ""pyramid"", ""bot_depth"": 3.0, ""bot_params"": {""margin_depth_ref"": 50.0, ""pitch"": 2.0, ""tip_flat"": 0.1}, ""face_h"": 60.0, ""face_w"": 60.0, ""margin_depths"": 2.0, ""seed"": 102, ""top"": ""shingle"", ""top_depth"": 47.0, ""top_params"": {""azimuth_mode"": ""grid"", ""jitter"": 0.3, ""pitch"": 7.0, ""plate_over"": 1.15, ""plate_t_bot"": 0.05, ""plate_t_top"": 0.05, ""tilt_deg"": 2.0, ""tilt_jitter"": 0.0}}"
BH_p070_t02_grid_s102,floor,shingle/pyramid,"sheet, grid",0.05,102,d00,bl050_p070_t02_grid,shingle,7.0,0.05,47.0,pyramid,3.0,2.0,50.0,7.142857142857143,0.009485040136686709,40.0,0.00034115396556444466,0.04999997094273567,"{""backing"": 2.0, ""bot"": ""pyramid"", ""bot_depth"": 3.0, ""bot_params"": {""margin_depth_ref"": 50.0, ""pitch"": 2.0, ""tip_flat"": 0.1}, ""face_h"": 60.0, ""face_w"": 60.0, ""margin_depths"": 2.0, ""seed"": 102, ""top"": ""shingle"", ""top_depth"": 47.0, ""top_params"": {""azimuth_mode"": ""grid"", ""jitter"": 0.3, ""pitch"": 7.0, ""plate_over"": 1.15, ""plate_t_bot"": 0.05, ""plate_t_top"": 0.05, ""tilt_deg"": 2.0, ""tilt_jitter"": 0.0}}"
BH_p070_t02_grid_s102,floor,shingle/pyramid,"sheet, grid",0.05,102,d76,bl050_p070_t02_grid,shingle,7.0,0.05,47.0,pyramid,3.0,2.0,50.0,7.142857142857143,0.009485040136686709,0.0,0.0003745780559256673,0.04999997094273567,"{""backing"": 2.0, ""bot"": ""pyramid"", ""bot_depth"": 3.0, ""bot_params"": {""margin_depth_ref"": 50.0, ""pitch"": 2.0, ""tip_flat"": 0.1}, ""face_h"": 60.0, ""face_w"": 60.0, ""margin_depths"": 2.0, ""seed"": 102, ""top"": ""shingle"", ""top_depth"": 47.0, ""top_params"": {""azimuth_mode"": ""grid"", ""jitter"": 0.3, ""pitch"": 7.0, ""plate_over"": 1.15, ""plate_t_bot"": 0.05, ""plate_t_top"": 0.05, ""tilt_deg"": 2.0, ""tilt_jitter"": 0.0}}"
BH_p070_t02_grid_s102,floor,shingle/pyramid,"sheet, grid",0.05,102,d76,bl050_p070_t02_grid,shingle,7.0,0.05,47.0,pyramid,3.0,2.0,50.0,7.142857142857143,0.009485040136686709,-20.0,0.0007307919440791011,0.04999997094273567,"{""backing"": 2.0, ""bot"": ""pyramid"", ""bot_depth"": 3.0, ""bot_params"": {""margin_depth_ref"": 50.0, ""pitch"": 2.0, ""tip_flat"": 0.1}, ""face_h"": 60.0, ""face_w"": 60.0, ""margin_depths"": 2.0, ""seed"": 102, ""top"": ""shingle"", ""top_depth"": 47.0, ""top_params"": {""azimuth_mode"": ""grid"", ""jitter"": 0.3, ""pitch"": 7.0, ""plate_over"": 1.15, ""plate_t_bot"": 0.05, ""plate_t_top"": 0.05, ""tilt_deg"": 2.0, ""tilt_jitter"": 0.0}}"
BH_p070_t02_grid_s102,floor,shingle/pyramid,"sheet, grid",0.05,102,d76,bl050_p070_t02_grid,shingle,7.0,0.05,47.0,pyramid,3.0,2.0,50.0,7.142857142857143,0.009485040136686709,-40.0,0.0012328363955020905,0.04999997094273567,"{""backing"": 2.0, ""bot"": ""pyramid"", ""bot_depth"": 3.0, ""bot_params"": {""margin_depth_ref"": 50.0, ""pitch"": 2.0, ""tip_flat"": 0.1}, ""face_h"": 60.0, ""face_w"": 60.0, ""margin_depths"": 2.0, ""seed"": 102, ""top"": ""shingle"", ""top_depth"": 47.0, ""top_params"": {""azimuth_mode"": ""grid"", ""jitter"": 0.3, ""pitch"": 7.0, ""plate_over"": 1.15, ""plate_t_bot"": 0.05, ""plate_t_top"": 0.05, ""tilt_deg"": 2.0, ""tilt_jitter"": 0.0}}"
BH_p070_t02_grid_s102,floor,shingle/pyramid,"sheet, grid",0.05,102,d76,bl050_p070_t02_grid,shingle,7.0,0.05,47.0,pyramid,3.0,2.0,50.0,7.142857142857143,0.009485040136686709,20.0,0.0008824479882605374,0.04999997094273567,"{""backing"": 2.0, ""bot"": ""pyramid"", ""bot_depth"": 3.0, ""bot_params"": {""margin_depth_ref"": 50.0, ""pitch"": 2.0, ""tip_flat"": 0.1}, ""face_h"": 60.0, ""face_w"": 60.0, ""margin_depths"": 2.0, ""seed"": 102, ""top"": ""shingle"", ""top_depth"": 47.0, ""top_params"": {""azimuth_mode"": ""grid"", ""jitter"": 0.3, ""pitch"": 7.0, ""plate_over"": 1.15, ""plate_t_bot"": 0.05, ""plate_t_top"": 0.05, ""tilt_deg"": 2.0, ""tilt_jitter"": 0.0}}"
BH_p070_t02_grid_s102,floor,shingle/pyramid,"sheet, grid",0.05,102,d76,bl050_p070_t02_grid,shingle,7.0,0.05,47.0,pyramid,3.0,2.0,50.0,7.142857142857143,0.009485040136686709,40.0,0.0014655147679150105,0.04999997094273567,"{""backing"": 2.0, ""bot"": ""pyramid"", ""bot_depth"": 3.0, ""bot_params"": {""margin_depth_ref"": 50.0, ""pitch"": 2.0, ""tip_flat"": 0.1}, ""face_h"": 60.0, ""face_w"": 60.0, ""margin_depths"": 2.0, ""seed"": 102, ""top"": ""shingle"", ""top_depth"": 47.0, ""top_params"": {""azimuth_mode"": ""grid"", ""jitter"": 0.3, ""pitch"": 7.0, ""plate_over"": 1.15, ""plate_t_bot"": 0.05, ""plate_t_top"": 0.05, ""tilt_deg"": 2.0, ""tilt_jitter"": 0.0}}"
BH_p070_t02_grid_s102,floor,shingle/pyramid,"sheet, grid",0.05,102,d100,bl050_p070_t02_grid,shingle,7.0,0.05,47.0,pyramid,3.0,2.0,50.0,7.142857142857143,0.009485040136686709,0.0,0.0003261856909375638,0.04999997094273567,"{""backing"": 2.0, ""bot"": ""pyramid"", ""bot_depth"": 3.0, ""bot_params"": {""margin_depth_ref"": 50.0, ""pitch"": 2.0, ""tip_flat"": 0.1}, ""face_h"": 60.0, ""face_w"": 60.0, ""margin_depths"": 2.0, ""seed"": 102, ""top"": ""shingle"", ""top_depth"": 47.0, ""top_params"": {""azimuth_mode"": ""grid"", ""jitter"": 0.3, ""pitch"": 7.0, ""plate_over"": 1.15, ""plate_t_bot"": 0.05, ""plate_t_top"": 0.05, ""tilt_deg"": 2.0, ""tilt_jitter"": 0.0}}"
BH_p070_t02_grid_s102,floor,shingle/pyramid,"sheet, grid",0.05,102,d100,bl050_p070_t02_grid,shingle,7.0,0.05,47.0,pyramid,3.0,2.0,50.0,7.142857142857143,0.009485040136686709,-20.0,0.0008374875760637224,0.04999997094273567,"{""backing"": 2.0, ""bot"": ""pyramid"", ""bot_depth"": 3.0, ""bot_params"": {""margin_depth_ref"": 50.0, ""pitch"": 2.0, ""tip_flat"": 0.1}, ""face_h"": 60.0, ""face_w"": 60.0, ""margin_depths"": 2.0, ""seed"": 102, ""top"": ""shingle"", ""top_depth"": 47.0, ""top_params"": {""azimuth_mode"": ""grid"", ""jitter"": 0.3, ""pitch"": 7.0, ""plate_over"": 1.15, ""plate_t_bot"": 0.05, ""plate_t_top"": 0.05, ""tilt_deg"": 2.0, ""tilt_jitter"": 0.0}}"
BH_p070_t02_grid_s102,floor,shingle/pyramid,"sheet, grid",0.05,102,d100,bl050_p070_t02_grid,shingle,7.0,0.05,47.0,pyramid,3.0,2.0,50.0,7.142857142857143,0.009485040136686709,-40.0,0.0015145298093557358,0.04999997094273567,"{""backing"": 2.0, ""bot"": ""pyramid"", ""bot_depth"": 3.0, ""bot_params"": {""margin_depth_ref"": 50.0, ""pitch"": 2.0, ""tip_flat"": 0.1}, ""face_h"": 60.0, ""face_w"": 60.0, ""margin_depths"": 2.0, ""seed"": 102, ""top"": ""shingle"", ""top_depth"": 47.0, ""top_params"": {""azimuth_mode"": ""grid"", ""jitter"": 0.3, ""pitch"": 7.0, ""plate_over"": 1.15, ""plate_t_bot"": 0.05, ""plate_t_top"": 0.05, ""tilt_deg"": 2.0, ""tilt_jitter"": 0.0}}"
BH_p070_t02_grid_s102,floor,shingle/pyramid,"sheet, grid",0.05,102,d100,bl050_p070_t02_grid,shingle,7.0,0.05,47.0,pyramid,3.0,2.0,50.0,7.142857142857143,0.009485040136686709,20.0,0.0010611267061904073,0.04999997094273567,"{""backing"": 2.0, ""bot"": ""pyramid"", ""bot_depth"": 3.0, ""bot_params"": {""margin_depth_ref"": 50.0, ""pitch"": 2.0, ""tip_flat"": 0.1}, ""face_h"": 60.0, ""face_w"": 60.0, ""margin_depths"": 2.0, ""seed"": 102, ""top"": ""shingle"", ""top_depth"": 47.0, ""top_params"": {""azimuth_mode"": ""grid"", ""jitter"": 0.3, ""pitch"": 7.0, ""plate_over"": 1.15, ""plate_t_bot"": 0.05, ""plate_t_top"": 0.05, ""tilt_deg"": 2.0, ""tilt_jitter"": 0.0}}"
BH_p070_t02_grid_s102,floor,shingle/pyramid,"sheet, grid",0.05,102,d100,bl050_p070_t02_grid,shingle,7.0,0.05,47.0,pyramid,3.0,2.0,50.0,7.142857142857143,0.009485040136686709,40.0,0.0018318596994504333,0.04999997094273567,"{""backing"": 2.0, ""bot"": ""pyramid"", ""bot_depth"": 3.0, ""bot_params"": {""margin_depth_ref"": 50.0, ""pitch"": 2.0, ""tip_flat"": 0.1}, ""face_h"": 60.0, ""face_w"": 60.0, ""margin_depths"": 2.0, ""seed"": 102, ""top"": ""shingle"", ""top_depth"": 47.0, ""top_params"": {""azimuth_mode"": ""grid"", ""jitter"": 0.3, ""pitch"": 7.0, ""plate_over"": 1.15, ""plate_t_bot"": 0.05, ""plate_t_top"": 0.05, ""tilt_deg"": 2.0, ""tilt_jitter"": 0.0}}"
BH_p055_t00_grid_s102,floor,shingle/pyramid,"sheet, grid",0.05,102,d00,bl050_p055_t00_grid,shingle,5.5,0.05,47.0,pyramid,3.0,2.0,50.0,9.090909090909092,0.012071869264873993,0.0,0.00016739254351705313,0.04999997094273567,"{""backing"": 2.0, ""bot"": ""pyramid"", ""bot_depth"": 3.0, ""bot_params"": {""margin_depth_ref"": 50.0, ""pitch"": 2.0, ""tip_flat"": 0.1}, ""face_h"": 60.0, ""face_w"": 60.0, ""margin_depths"": 2.0, ""seed"": 102, ""top"": ""shingle"", ""top_depth"": 47.0, ""top_params"": {""azimuth_mode"": ""grid"", ""jitter"": 0.3, ""pitch"": 5.5, ""plate_over"": 1.15, ""plate_t_bot"": 0.05, ""plate_t_top"": 0.05, ""tilt_deg"": 0.0, ""tilt_jitter"": 0.0}}"
BH_p055_t00_grid_s102,floor,shingle/pyramid,"sheet, grid",0.05,102,d00,bl050_p055_t00_grid,shingle,5.5,0.05,47.0,pyramid,3.0,2.0,50.0,9.090909090909092,0.012071869264873993,-20.0,0.00021007689065299928,0.04999997094273567,"{""backing"": 2.0, ""bot"": ""pyramid"", ""bot_depth"": 3.0, ""bot_params"": {""margin_depth_ref"": 50.0, ""pitch"": 2.0, ""tip_flat"": 0.1}, ""face_h"": 60.0, ""face_w"": 60.0, ""margin_depths"": 2.0, ""seed"": 102, ""top"": ""shingle"", ""top_depth"": 47.0, ""top_params"": {""azimuth_mode"": ""grid"", ""jitter"": 0.3, ""pitch"": 5.5, ""plate_over"": 1.15, ""plate_t_bot"": 0.05, ""plate_t_top"": 0.05, ""tilt_deg"": 0.0, ""tilt_jitter"": 0.0}}"
BH_p055_t00_grid_s102,floor,shingle/pyramid,"sheet, grid",0.05,102,d00,bl050_p055_t00_grid,shingle,5.5,0.05,47.0,pyramid,3.0,2.0,50.0,9.090909090909092,0.012071869264873993,-40.0,0.00018282169185113162,0.04999997094273567,"{""backing"": 2.0, ""bot"": ""pyramid"", ""bot_depth"": 3.0, ""bot_params"": {""margin_depth_ref"": 50.0, ""pitch"": 2.0, ""tip_flat"": 0.1}, ""face_h"": 60.0, ""face_w"": 60.0, ""margin_depths"": 2.0, ""seed"": 102, ""top"": ""shingle"", ""top_depth"": 47.0, ""top_params"": {""azimuth_mode"": ""grid"", ""jitter"": 0.3, ""pitch"": 5.5, ""plate_over"": 1.15, ""plate_t_bot"": 0.05, ""plate_t_top"": 0.05, ""tilt_deg"": 0.0, ""tilt_jitter"": 0.0}}"
BH_p055_t00_grid_s102,floor,shingle/pyramid,"sheet, grid",0.05,102,d00,bl050_p055_t00_grid,shingle,5.5,0.05,47.0,pyramid,3.0,2.0,50.0,9.090909090909092,0.012071869264873993,20.0,0.0001962810492841527,0.04999997094273567,"{""backing"": 2.0, ""bot"": ""pyramid"", ""bot_depth"": 3.0, ""bot_params"": {""margin_depth_ref"": 50.0, ""pitch"": 2.0, ""tip_flat"": 0.1}, ""face_h"": 60.0, ""face_w"": 60.0, ""margin_depths"": 2.0, ""seed"": 102, ""top"": ""shingle"", ""top_depth"": 47.0, ""top_params"": {""azimuth_mode"": ""grid"", ""jitter"": 0.3, ""pitch"": 5.5, ""plate_over"": 1.15, ""plate_t_bot"": 0.05, ""plate_t_top"": 0.05, ""tilt_deg"": 0.0, ""tilt_jitter"": 0.0}}"
BH_p055_t00_grid_s102,floor,shingle/pyramid,"sheet, grid",0.05,102,d00,bl050_p055_t00_grid,shingle,5.5,0.05,47.0,pyramid,3.0,2.0,50.0,9.090909090909092,0.012071869264873993,40.0,0.00018435122910887003,0.04999997094273567,"{""backing"": 2.0, ""bot"": ""pyramid"", ""bot_depth"": 3.0, ""bot_params"": {""margin_depth_ref"": 50.0, ""pitch"": 2.0, ""tip_flat"": 0.1}, ""face_h"": 60.0, ""face_w"": 60.0, ""margin_depths"": 2.0, ""seed"": 102, ""top"": ""shingle"", ""top_depth"": 47.0, ""top_params"": {""azimuth_mode"": ""grid"", ""jitter"": 0.3, ""pitch"": 5.5, ""plate_over"": 1.15, ""plate_t_bot"": 0.05, ""plate_t_top"": 0.05, ""tilt_deg"": 0.0, ""tilt_jitter"": 0.0}}"
BH_p055_t00_grid_s102,floor,shingle/pyramid,"sheet, grid",0.05,102,d76,bl050_p055_t00_grid,shingle,5.5,0.05,47.0,pyramid,3.0,2.0,50.0,9.090909090909092,0.012071869264873993,0.0,0.00016246968880295753,0.04999997094273567,"{""backing"": 2.0, ""bot"": ""pyramid"", ""bot_depth"": 3.0, ""bot_params"": {""margin_depth_ref"": 50.0, ""pitch"": 2.0, ""tip_flat"": 0.1}, ""face_h"": 60.0, ""face_w"": 60.0, ""margin_depths"": 2.0, ""seed"": 102, ""top"": ""shingle"", ""top_depth"": 47.0, ""top_params"": {""azimuth_mode"": ""grid"", ""jitter"": 0.3, ""pitch"": 5.5, ""plate_over"": 1.15, ""plate_t_bot"": 0.05, ""plate_t_top"": 0.05, ""tilt_deg"": 0.0, ""tilt_jitter"": 0.0}}"
BH_p055_t00_grid_s102,floor,shingle/pyramid,"sheet, grid",0.05,102,d76,bl050_p055_t00_grid,shingle,5.5,0.05,47.0,pyramid,3.0,2.0,50.0,9.090909090909092,0.012071869264873993,-20.0,0.0007154665654525161,0.04999997094273567,"{""backing"": 2.0, ""bot"": ""pyramid"", ""bot_depth"": 3.0, ""bot_params"": {""margin_depth_ref"": 50.0, ""pitch"": 2.0, ""tip_flat"": 0.1}, ""face_h"": 60.0, ""face_w"": 60.0, ""margin_depths"": 2.0, ""seed"": 102, ""top"": ""shingle"", ""top_depth"": 47.0, ""top_params"": {""azimuth_mode"": ""grid"", ""jitter"": 0.3, ""pitch"": 5.5, ""plate_over"": 1.15, ""plate_t_bot"": 0.05, ""plate_t_top"": 0.05, ""tilt_deg"": 0.0, ""tilt_jitter"": 0.0}}"
BH_p055_t00_grid_s102,floor,shingle/pyramid,"sheet, grid",0.05,102,d76,bl050_p055_t00_grid,shingle,5.5,0.05,47.0,pyramid,3.0,2.0,50.0,9.090909090909092,0.012071869264873993,-40.0,0.0012786592124029994,0.04999997094273567,"{""backing"": 2.0, ""bot"": ""pyramid"", ""bot_depth"": 3.0, ""bot_params"": {""margin_depth_ref"": 50.0, ""pitch"": 2.0, ""tip_flat"": 0.1}, ""face_h"": 60.0, ""face_w"": 60.0, ""margin_depths"": 2.0, ""seed"": 102, ""top"": ""shingle"", ""top_depth"": 47.0, ""top_params"": {""azimuth_mode"": ""grid"", ""jitter"": 0.3, ""pitch"": 5.5, ""plate_over"": 1.15, ""plate_t_bot"": 0.05, ""plate_t_top"": 0.05, ""tilt_deg"": 0.0, ""tilt_jitter"": 0.0}}"
BH_p055_t00_grid_s102,floor,shingle/pyramid,"sheet, grid",0.05,102,d76,bl050_p055_t00_grid,shingle,5.5,0.05,47.0,pyramid,3.0,2.0,50.0,9.090909090909092,0.012071869264873993,20.0,0.0007076116744428873,0.04999997094273567,"{""backing"": 2.0, ""bot"": ""pyramid"", ""bot_depth"": 3.0, ""bot_params"": {""margin_depth_ref"": 50.0, ""pitch"": 2.0, ""tip_flat"": 0.1}, ""face_h"": 60.0, ""face_w"": 60.0, ""margin_depths"": 2.0, ""seed"": 102, ""top"": ""shingle"", ""top_depth"": 47.0, ""top_params"": {""azimuth_mode"": ""grid"", ""jitter"": 0.3, ""pitch"": 5.5, ""plate_over"": 1.15, ""plate_t_bot"": 0.05, ""plate_t_top"": 0.05, ""tilt_deg"": 0.0, ""tilt_jitter"": 0.0}}"
BH_p055_t00_grid_s102,floor,shingle/pyramid,"sheet, grid",0.05,102,d76,bl050_p055_t00_grid,shingle,5.5,0.05,47.0,pyramid,3.0,2.0,50.0,9.090909090909092,0.012071869264873993,40.0,0.0013106368714943528,0.04999997094273567,"{""backing"": 2.0, ""bot"": ""pyramid"", ""bot_depth"": 3.0, ""bot_params"": {""margin_depth_ref"": 50.0, ""pitch"": 2.0, ""tip_flat"": 0.1}, ""face_h"": 60.0, ""face_w"": 60.0, ""margin_depths"": 2.0, ""seed"": 102, ""top"": ""shingle"", ""top_depth"": 47.0, ""top_params"": {""azimuth_mode"": ""grid"", ""jitter"": 0.3, ""pitch"": 5.5, ""plate_over"": 1.15, ""plate_t_bot"": 0.05, ""plate_t_top"": 0.05, ""tilt_deg"": 0.0, ""tilt_jitter"": 0.0}}"
BH_p055_t00_grid_s102,floor,shingle/pyramid,"sheet, grid",0.05,102,d100,bl050_p055_t00_grid,shingle,5.5,0.05,47.0,pyramid,3.0,2.0,50.0,9.090909090909092,0.012071869264873993,0.0,0.00016548145504202694,0.04999997094273567,"{""backing"": 2.0, ""bot"": ""pyramid"", ""bot_depth"": 3.0, ""bot_params"": {""margin_depth_ref"": 50.0, ""pitch"": 2.0, ""tip_flat"": 0.1}, ""face_h"": 60.0, ""face_w"": 60.0, ""margin_depths"": 2.0, ""seed"": 102, ""top"": ""shingle"", ""top_depth"": 47.0, ""top_params"": {""azimuth_mode"": ""grid"", ""jitter"": 0.3, ""pitch"": 5.5, ""plate_over"": 1.15, ""plate_t_bot"": 0.05, ""plate_t_top"": 0.05, ""tilt_deg"": 0.0, ""tilt_jitter"": 0.0}}"
BH_p055_t00_grid_s102,floor,shingle/pyramid,"sheet, grid",0.05,102,d100,bl050_p055_t00_grid,shingle,5.5,0.05,47.0,pyramid,3.0,2.0,50.0,9.090909090909092,0.012071869264873993,-20.0,0.000877458369359374,0.04999997094273567,"{""backing"": 2.0, ""bot"": ""pyramid"", ""bot_depth"": 3.0, ""bot_params"": {""margin_depth_ref"": 50.0, ""pitch"": 2.0, ""tip_flat"": 0.1}, ""face_h"": 60.0, ""face_w"": 60.0, ""margin_depths"": 2.0, ""seed"": 102, ""top"": ""shingle"", ""top_depth"": 47.0, ""top_params"": {""azimuth_mode"": ""grid"", ""jitter"": 0.3, ""pitch"": 5.5, ""plate_over"": 1.15, ""plate_t_bot"": 0.05, ""plate_t_top"": 0.05, ""tilt_deg"": 0.0, ""tilt_jitter"": 0.0}}"
BH_p055_t00_grid_s102,floor,shingle/pyramid,"sheet, grid",0.05,102,d100,bl050_p055_t00_grid,shingle,5.5,0.05,47.0,pyramid,3.0,2.0,50.0,9.090909090909092,0.012071869264873993,-40.0,0.001629746169783175,0.04999997094273567,"{""backing"": 2.0, ""bot"": ""pyramid"", ""bot_depth"": 3.0, ""bot_params"": {""margin_depth_ref"": 50.0, ""pitch"": 2.0, ""tip_flat"": 0.1}, ""face_h"": 60.0, ""face_w"": 60.0, ""margin_depths"": 2.0, ""seed"": 102, ""top"": ""shingle"", ""top_depth"": 47.0, ""top_params"": {""azimuth_mode"": ""grid"", ""jitter"": 0.3, ""pitch"": 5.5, ""plate_over"": 1.15, ""plate_t_bot"": 0.05, ""plate_t_top"": 0.05, ""tilt_deg"": 0.0, ""tilt_jitter"": 0.0}}"
BH_p055_t00_grid_s102,floor,shingle/pyramid,"sheet, grid",0.05,102,d100,bl050_p055_t00_grid,shingle,5.5,0.05,47.0,pyramid,3.0,2.0,50.0,9.090909090909092,0.012071869264873993,20.0,0.000882772437762469,0.04999997094273567,"{""backing"": 2.0, ""bot"": ""pyramid"", ""bot_depth"": 3.0, ""bot_params"": {""margin_depth_ref"": 50.0, ""pitch"": 2.0, ""tip_flat"": 0.1}, ""face_h"": 60.0, ""face_w"": 60.0, ""margin_depths"": 2.0, ""seed"": 102, ""top"": ""shingle"", ""top_depth"": 47.0, ""top_params"": {""azimuth_mode"": ""grid"", ""jitter"": 0.3, ""pitch"": 5.5, ""plate_over"": 1.15, ""plate_t_bot"": 0.05, ""plate_t_top"": 0.05, ""tilt_deg"": 0.0, ""tilt_jitter"": 0.0}}"
BH_p055_t00_grid_s102,floor,shingle/pyramid,"sheet, grid",0.05,102,d100,bl050_p055_t00_grid,shingle,5.5,0.05,47.0,pyramid,3.0,2.0,50.0,9.090909090909092,0.012071869264873993,40.0,0.0016704014269635081,0.04999997094273567,"{""backing"": 2.0, ""bot"": ""pyramid"", ""bot_depth"": 3.0, ""bot_params"": {""margin_depth_ref"": 50.0, ""pitch"": 2.0, ""tip_flat"": 0.1}, ""face_h"": 60.0, ""face_w"": 60.0, ""margin_depths"": 2.0, ""seed"": 102, ""top"": ""shingle"", ""top_depth"": 47.0, ""top_params"": {""azimuth_mode"": ""grid"", ""jitter"": 0.3, ""pitch"": 5.5, ""plate_over"": 1.15, ""plate_t_bot"": 0.05, ""plate_t_top"": 0.05, ""tilt_deg"": 0.0, ""tilt_jitter"": 0.0}}"
BH_p055_t05_grid_s102,floor,shingle/pyramid,"sheet, grid",0.05,102,d00,bl050_p055_t05_grid,shingle,5.5,0.05,47.0,pyramid,3.0,2.0,50.0,9.090909090909092,0.012071869264873993,0.0,0.0006188176339492202,0.04999997094273567,"{""backing"": 2.0, ""bot"": ""pyramid"", ""bot_depth"": 3.0, ""bot_params"": {""margin_depth_ref"": 50.0, ""pitch"": 2.0, ""tip_flat"": 0.1}, ""face_h"": 60.0, ""face_w"": 60.0, ""margin_depths"": 2.0, ""seed"": 102, ""top"": ""shingle"", ""top_depth"": 47.0, ""top_params"": {""azimuth_mode"": ""grid"", ""jitter"": 0.3, ""pitch"": 5.5, ""plate_over"": 1.15, ""plate_t_bot"": 0.05, ""plate_t_top"": 0.05, ""tilt_deg"": 5.0, ""tilt_jitter"": 0.0}}"
BH_p055_t05_grid_s102,floor,shingle/pyramid,"sheet, grid",0.05,102,d00,bl050_p055_t05_grid,shingle,5.5,0.05,47.0,pyramid,3.0,2.0,50.0,9.090909090909092,0.012071869264873993,-20.0,0.0004895285819657147,0.04999997094273567,"{""backing"": 2.0, ""bot"": ""pyramid"", ""bot_depth"": 3.0, ""bot_params"": {""margin_depth_ref"": 50.0, ""pitch"": 2.0, ""tip_flat"": 0.1}, ""face_h"": 60.0, ""face_w"": 60.0, ""margin_depths"": 2.0, ""seed"": 102, ""top"": ""shingle"", ""top_depth"": 47.0, ""top_params"": {""azimuth_mode"": ""grid"", ""jitter"": 0.3, ""pitch"": 5.5, ""plate_over"": 1.15, ""plate_t_bot"": 0.05, ""plate_t_top"": 0.05, ""tilt_deg"": 5.0, ""tilt_jitter"": 0.0}}"
BH_p055_t05_grid_s102,floor,shingle/pyramid,"sheet, grid",0.05,102,d00,bl050_p055_t05_grid,shingle,5.5,0.05,47.0,pyramid,3.0,2.0,50.0,9.090909090909092,0.012071869264873993,-40.0,0.00044576168875209987,0.04999997094273567,"{""backing"": 2.0, ""bot"": ""pyramid"", ""bot_depth"": 3.0, ""bot_params"": {""margin_depth_ref"": 50.0, ""pitch"": 2.0, ""tip_flat"": 0.1}, ""face_h"": 60.0, ""face_w"": 60.0, ""margin_depths"": 2.0, ""seed"": 102, ""top"": ""shingle"", ""top_depth"": 47.0, ""top_params"": {""azimuth_mode"": ""grid"", ""jitter"": 0.3, ""pitch"": 5.5, ""plate_over"": 1.15, ""plate_t_bot"": 0.05, ""plate_t_top"": 0.05, ""tilt_deg"": 5.0, ""tilt_jitter"": 0.0}}"
BH_p055_t05_grid_s102,floor,shingle/pyramid,"sheet, grid",0.05,102,d00,bl050_p055_t05_grid,shingle,5.5,0.05,47.0,pyramid,3.0,2.0,50.0,9.090909090909092,0.012071869264873993,20.0,0.0004549521254375577,0.04999997094273567,"{""backing"": 2.0, ""bot"": ""pyramid"", ""bot_depth"": 3.0, ""bot_params"": {""margin_depth_ref"": 50.0, ""pitch"": 2.0, ""tip_flat"": 0.1}, ""face_h"": 60.0, ""face_w"": 60.0, ""margin_depths"": 2.0, ""seed"": 102, ""top"": ""shingle"", ""top_depth"": 47.0, ""top_params"": {""azimuth_mode"": ""grid"", ""jitter"": 0.3, ""pitch"": 5.5, ""plate_over"": 1.15, ""plate_t_bot"": 0.05, ""plate_t_top"": 0.05, ""tilt_deg"": 5.0, ""tilt_jitter"": 0.0}}"
BH_p055_t05_grid_s102,floor,shingle/pyramid,"sheet, grid",0.05,102,d00,bl050_p055_t05_grid,shingle,5.5,0.05,47.0,pyramid,3.0,2.0,50.0,9.090909090909092,0.012071869264873993,40.0,0.0004519635112956166,0.04999997094273567,"{""backing"": 2.0, ""bot"": ""pyramid"", ""bot_depth"": 3.0, ""bot_params"": {""margin_depth_ref"": 50.0, ""pitch"": 2.0, ""tip_flat"": 0.1}, ""face_h"": 60.0, ""face_w"": 60.0, ""margin_depths"": 2.0, ""seed"": 102, ""top"": ""shingle"", ""top_depth"": 47.0, ""top_params"": {""azimuth_mode"": ""grid"", ""jitter"": 0.3, ""pitch"": 5.5, ""plate_over"": 1.15, ""plate_t_bot"": 0.05, ""plate_t_top"": 0.05, ""tilt_deg"": 5.0, ""tilt_jitter"": 0.0}}"
BH_p055_t05_grid_s102,floor,shingle/pyramid,"sheet, grid",0.05,102,d76,bl050_p055_t05_grid,shingle,5.5,0.05,47.0,pyramid,3.0,2.0,50.0,9.090909090909092,0.012071869264873993,0.0,0.0005717221647500992,0.04999997094273567,"{""backing"": 2.0, ""bot"": ""pyramid"", ""bot_depth"": 3.0, ""bot_params"": {""margin_depth_ref"": 50.0, ""pitch"": 2.0, ""tip_flat"": 0.1}, ""face_h"": 60.0, ""face_w"": 60.0, ""margin_depths"": 2.0, ""seed"": 102, ""top"": ""shingle"", ""top_depth"": 47.0, ""top_params"": {""azimuth_mode"": ""grid"", ""jitter"": 0.3, ""pitch"": 5.5, ""plate_over"": 1.15, ""plate_t_bot"": 0.05, ""plate_t_top"": 0.05, ""tilt_deg"": 5.0, ""tilt_jitter"": 0.0}}"
BH_p055_t05_grid_s102,floor,shingle/pyramid,"sheet, grid",0.05,102,d76,bl050_p055_t05_grid,shingle,5.5,0.05,47.0,pyramid,3.0,2.0,50.0,9.090909090909092,0.012071869264873993,-20.0,0.0007589528686366975,0.04999997094273567,"{""backing"": 2.0, ""bot"": ""pyramid"", ""bot_depth"": 3.0, ""bot_params"": {""margin_depth_ref"": 50.0, ""pitch"": 2.0, ""tip_flat"": 0.1}, ""face_h"": 60.0, ""face_w"": 60.0, ""margin_depths"": 2.0, ""seed"": 102, ""top"": ""shingle"", ""top_depth"": 47.0, ""top_params"": {""azimuth_mode"": ""grid"", ""jitter"": 0.3, ""pitch"": 5.5, ""plate_over"": 1.15, ""plate_t_bot"": 0.05, ""plate_t_top"": 0.05, ""tilt_deg"": 5.0, ""tilt_jitter"": 0.0}}"
BH_p055_t05_grid_s102,floor,shingle/pyramid,"sheet, grid",0.05,102,d76,bl050_p055_t05_grid,shingle,5.5,0.05,47.0,pyramid,3.0,2.0,50.0,9.090909090909092,0.012071869264873993,-40.0,0.0012621546629816294,0.04999997094273567,"{""backing"": 2.0, ""bot"": ""pyramid"", ""bot_depth"": 3.0, ""bot_params"": {""margin_depth_ref"": 50.0, ""pitch"": 2.0, ""tip_flat"": 0.1}, ""face_h"": 60.0, ""face_w"": 60.0, ""margin_depths"": 2.0, ""seed"": 102, ""top"": ""shingle"", ""top_depth"": 47.0, ""top_params"": {""azimuth_mode"": ""grid"", ""jitter"": 0.3, ""pitch"": 5.5, ""plate_over"": 1.15, ""plate_t_bot"": 0.05, ""plate_t_top"": 0.05, ""tilt_deg"": 5.0, ""tilt_jitter"": 0.0}}"
BH_p055_t05_grid_s102,floor,shingle/pyramid,"sheet, grid",0.05,102,d76,bl050_p055_t05_grid,shingle,5.5,0.05,47.0,pyramid,3.0,2.0,50.0,9.090909090909092,0.012071869264873993,20.0,0.0010847500525414944,0.04999997094273567,"{""backing"": 2.0, ""bot"": ""pyramid"", ""bot_depth"": 3.0, ""bot_params"": {""margin_depth_ref"": 50.0, ""pitch"": 2.0, ""tip_flat"": 0.1}, ""face_h"": 60.0, ""face_w"": 60.0, ""margin_depths"": 2.0, ""seed"": 102, ""top"": ""shingle"", ""top_depth"": 47.0, ""top_params"": {""azimuth_mode"": ""grid"", ""jitter"": 0.3, ""pitch"": 5.5, ""plate_over"": 1.15, ""plate_t_bot"": 0.05, ""plate_t_top"": 0.05, ""tilt_deg"": 5.0, ""tilt_jitter"": 0.0}}"
BH_p055_t05_grid_s102,floor,shingle/pyramid,"sheet, grid",0.05,102,d76,bl050_p055_t05_grid,shingle,5.5,0.05,47.0,pyramid,3.0,2.0,50.0,9.090909090909092,0.012071869264873993,40.0,0.001664588926360011,0.04999997094273567,"{""backing"": 2.0, ""bot"": ""pyramid"", ""bot_depth"": 3.0, ""bot_params"": {""margin_depth_ref"": 50.0, ""pitch"": 2.0, ""tip_flat"": 0.1}, ""face_h"": 60.0, ""face_w"": 60.0, ""margin_depths"": 2.0, ""seed"": 102, ""top"": ""shingle"", ""top_depth"": 47.0, ""top_params"": {""azimuth_mode"": ""grid"", ""jitter"": 0.3, ""pitch"": 5.5, ""plate_over"": 1.15, ""plate_t_bot"": 0.05, ""plate_t_top"": 0.05, ""tilt_deg"": 5.0, ""tilt_jitter"": 0.0}}"
BH_p055_t05_grid_s102,floor,shingle/pyramid,"sheet, grid",0.05,102,d100,bl050_p055_t05_grid,shingle,5.5,0.05,47.0,pyramid,3.0,2.0,50.0,9.090909090909092,0.012071869264873993,0.0,0.0005770601565018296,0.04999997094273567,"{""backing"": 2.0, ""bot"": ""pyramid"", ""bot_depth"": 3.0, ""bot_params"": {""margin_depth_ref"": 50.0, ""pitch"": 2.0, ""tip_flat"": 0.1}, ""face_h"": 60.0, ""face_w"": 60.0, ""margin_depths"": 2.0, ""seed"": 102, ""top"": ""shingle"", ""top_depth"": 47.0, ""top_params"": {""azimuth_mode"": ""grid"", ""jitter"": 0.3, ""pitch"": 5.5, ""plate_over"": 1.15, ""plate_t_bot"": 0.05, ""plate_t_top"": 0.05, ""tilt_deg"": 5.0, ""tilt_jitter"": 0.0}}"
BH_p055_t05_grid_s102,floor,shingle/pyramid,"sheet, grid",0.05,102,d100,bl050_p055_t05_grid,shingle,5.5,0.05,47.0,pyramid,3.0,2.0,50.0,9.090909090909092,0.012071869264873993,-20.0,0.0008649325463920832,0.04999997094273567,"{""backing"": 2.0, ""bot"": ""pyramid"", ""bot_depth"": 3.0, ""bot_params"": {""margin_depth_ref"": 50.0, ""pitch"": 2.0, ""tip_flat"": 0.1}, ""face_h"": 60.0, ""face_w"": 60.0, ""margin_depths"": 2.0, ""seed"": 102, ""top"": ""shingle"", ""top_depth"": 47.0, ""top_params"": {""azimuth_mode"": ""grid"", ""jitter"": 0.3, ""pitch"": 5.5, ""plate_over"": 1.15, ""plate_t_bot"": 0.05, ""plate_t_top"": 0.05, ""tilt_deg"": 5.0, ""tilt_jitter"": 0.0}}"
BH_p055_t05_grid_s102,floor,shingle/pyramid,"sheet, grid",0.05,102,d100,bl050_p055_t05_grid,shingle,5.5,0.05,47.0,pyramid,3.0,2.0,50.0,9.090909090909092,0.012071869264873993,-40.0,0.0015284401597455144,0.04999997094273567,"{""backing"": 2.0, ""bot"": ""pyramid"", ""bot_depth"": 3.0, ""bot_params"": {""margin_depth_ref"": 50.0, ""pitch"": 2.0, ""tip_flat"": 0.1}, ""face_h"": 60.0, ""face_w"": 60.0, ""margin_depths"": 2.0, ""seed"": 102, ""top"": ""shingle"", ""top_depth"": 47.0, ""top_params"": {""azimuth_mode"": ""grid"", ""jitter"": 0.3, ""pitch"": 5.5, ""plate_over"": 1.15, ""plate_t_bot"": 0.05, ""plate_t_top"": 0.05, ""tilt_deg"": 5.0, ""tilt_jitter"": 0.0}}"
BH_p055_t05_grid_s102,floor,shingle/pyramid,"sheet, grid",0.05,102,d100,bl050_p055_t05_grid,shingle,5.5,0.05,47.0,pyramid,3.0,2.0,50.0,9.090909090909092,0.012071869264873993,20.0,0.0012988370144739747,0.04999997094273567,"{""backing"": 2.0, ""bot"": ""pyramid"", ""bot_depth"": 3.0, ""bot_params"": {""margin_depth_ref"": 50.0, ""pitch"": 2.0, ""tip_flat"": 0.1}, ""face_h"": 60.0, ""face_w"": 60.0, ""margin_depths"": 2.0, ""seed"": 102, ""top"": ""shingle"", ""top_depth"": 47.0, ""top_params"": {""azimuth_mode"": ""grid"", ""jitter"": 0.3, ""pitch"": 5.5, ""plate_over"": 1.15, ""plate_t_bot"": 0.05, ""plate_t_top"": 0.05, ""tilt_deg"": 5.0, ""tilt_jitter"": 0.0}}"
BH_p055_t05_grid_s102,floor,shingle/pyramid,"sheet, grid",0.05,102,d100,bl050_p055_t05_grid,shingle,5.5,0.05,47.0,pyramid,3.0,2.0,50.0,9.090909090909092,0.012071869264873993,40.0,0.002062582178041339,0.04999997094273567,"{""backing"": 2.0, ""bot"": ""pyramid"", ""bot_depth"": 3.0, ""bot_params"": {""margin_depth_ref"": 50.0, ""pitch"": 2.0, ""tip_flat"": 0.1}, ""face_h"": 60.0, ""face_w"": 60.0, ""margin_depths"": 2.0, ""seed"": 102, ""top"": ""shingle"", ""top_depth"": 47.0, ""top_params"": {""azimuth_mode"": ""grid"", ""jitter"": 0.3, ""pitch"": 5.5, ""plate_over"": 1.15, ""plate_t_bot"": 0.05, ""plate_t_top"": 0.05, ""tilt_deg"": 5.0, ""tilt_jitter"": 0.0}}"
BH_p055_t10_grid_s102,floor,shingle/pyramid,"sheet, grid",0.05,102,d00,bl050_p055_t10_grid,shingle,5.5,0.05,47.0,pyramid,3.0,2.0,50.0,9.090909090909092,0.012071869264873993,0.0,0.0004857586754951626,0.04999997094273567,"{""backing"": 2.0, ""bot"": ""pyramid"", ""bot_depth"": 3.0, ""bot_params"": {""margin_depth_ref"": 50.0, ""pitch"": 2.0, ""tip_flat"": 0.1}, ""face_h"": 60.0, ""face_w"": 60.0, ""margin_depths"": 2.0, ""seed"": 102, ""top"": ""shingle"", ""top_depth"": 47.0, ""top_params"": {""azimuth_mode"": ""grid"", ""jitter"": 0.3, ""pitch"": 5.5, ""plate_over"": 1.15, ""plate_t_bot"": 0.05, ""plate_t_top"": 0.05, ""tilt_deg"": 10.0, ""tilt_jitter"": 0.0}}"
BH_p055_t10_grid_s102,floor,shingle/pyramid,"sheet, grid",0.05,102,d00,bl050_p055_t10_grid,shingle,5.5,0.05,47.0,pyramid,3.0,2.0,50.0,9.090909090909092,0.012071869264873993,-20.0,0.0004788741935044527,0.04999997094273567,"{""backing"": 2.0, ""bot"": ""pyramid"", ""bot_depth"": 3.0, ""bot_params"": {""margin_depth_ref"": 50.0, ""pitch"": 2.0, ""tip_flat"": 0.1}, ""face_h"": 60.0, ""face_w"": 60.0, ""margin_depths"": 2.0, ""seed"": 102, ""top"": ""shingle"", ""top_depth"": 47.0, ""top_params"": {""azimuth_mode"": ""grid"", ""jitter"": 0.3, ""pitch"": 5.5, ""plate_over"": 1.15, ""plate_t_bot"": 0.05, ""plate_t_top"": 0.05, ""tilt_deg"": 10.0, ""tilt_jitter"": 0.0}}"
BH_p055_t10_grid_s102,floor,shingle/pyramid,"sheet, grid",0.05,102,d00,bl050_p055_t10_grid,shingle,5.5,0.05,47.0,pyramid,3.0,2.0,50.0,9.090909090909092,0.012071869264873993,-40.0,0.0004272853257134557,0.04999997094273567,"{""backing"": 2.0, ""bot"": ""pyramid"", ""bot_depth"": 3.0, ""bot_params"": {""margin_depth_ref"": 50.0, ""pitch"": 2.0, ""tip_flat"": 0.1}, ""face_h"": 60.0, ""face_w"": 60.0, ""margin_depths"": 2.0, ""seed"": 102, ""top"": ""shingle"", ""top_depth"": 47.0, ""top_params"": {""azimuth_mode"": ""grid"", ""jitter"": 0.3, ""pitch"": 5.5, ""plate_over"": 1.15, ""plate_t_bot"": 0.05, ""plate_t_top"": 0.05, ""tilt_deg"": 10.0, ""tilt_jitter"": 0.0}}"
BH_p055_t10_grid_s102,floor,shingle/pyramid,"sheet, grid",0.05,102,d00,bl050_p055_t10_grid,shingle,5.5,0.05,47.0,pyramid,3.0,2.0,50.0,9.090909090909092,0.012071869264873993,20.0,0.00038622235297225416,0.04999997094273567,"{""backing"": 2.0, ""bot"": ""pyramid"", ""bot_depth"": 3.0, ""bot_params"": {""margin_depth_ref"": 50.0, ""pitch"": 2.0, ""tip_flat"": 0.1}, ""face_h"": 60.0, ""face_w"": 60.0, ""margin_depths"": 2.0, ""seed"": 102, ""top"": ""shingle"", ""top_depth"": 47.0, ""top_params"": {""azimuth_mode"": ""grid"", ""jitter"": 0.3, ""pitch"": 5.5, ""plate_over"": 1.15, ""plate_t_bot"": 0.05, ""plate_t_top"": 0.05, ""tilt_deg"": 10.0, ""tilt_jitter"": 0.0}}"
BH_p055_t10_grid_s102,floor,shingle/pyramid,"sheet, grid",0.05,102,d00,bl050_p055_t10_grid,shingle,5.5,0.05,47.0,pyramid,3.0,2.0,50.0,9.090909090909092,0.012071869264873993,40.0,0.0004657747922465205,0.04999997094273567,"{""backing"": 2.0, ""bot"": ""pyramid"", ""bot_depth"": 3.0, ""bot_params"": {""margin_depth_ref"": 50.0, ""pitch"": 2.0, ""tip_flat"": 0.1}, ""face_h"": 60.0, ""face_w"": 60.0, ""margin_depths"": 2.0, ""seed"": 102, ""top"": ""shingle"", ""top_depth"": 47.0, ""top_params"": {""azimuth_mode"": ""grid"", ""jitter"": 0.3, ""pitch"": 5.5, ""plate_over"": 1.15, ""plate_t_bot"": 0.05, ""plate_t_top"": 0.05, ""tilt_deg"": 10.0, ""tilt_jitter"": 0.0}}"
BH_p055_t10_grid_s102,floor,shingle/pyramid,"sheet, grid",0.05,102,d76,bl050_p055_t10_grid,shingle,5.5,0.05,47.0,pyramid,3.0,2.0,50.0,9.090909090909092,0.012071869264873993,0.0,0.0008873537881299853,0.04999997094273567,"{""backing"": 2.0, ""bot"": ""pyramid"", ""bot_depth"": 3.0, ""bot_params"": {""margin_depth_ref"": 50.0, ""pitch"": 2.0, ""tip_flat"": 0.1}, ""face_h"": 60.0, ""face_w"": 60.0, ""margin_depths"": 2.0, ""seed"": 102, ""top"": ""shingle"", ""top_depth"": 47.0, ""top_params"": {""azimuth_mode"": ""grid"", ""jitter"": 0.3, ""pitch"": 5.5, ""plate_over"": 1.15, ""plate_t_bot"": 0.05, ""plate_t_top"": 0.05, ""tilt_deg"": 10.0, ""tilt_jitter"": 0.0}}"
BH_p055_t10_grid_s102,floor,shingle/pyramid,"sheet, grid",0.05,102,d76,bl050_p055_t10_grid,shingle,5.5,0.05,47.0,pyramid,3.0,2.0,50.0,9.090909090909092,0.012071869264873993,-20.0,0.0008044389542192221,0.04999997094273567,"{""backing"": 2.0, ""bot"": ""pyramid"", ""bot_depth"": 3.0, ""bot_params"": {""margin_depth_ref"": 50.0, ""pitch"": 2.0, ""tip_flat"": 0.1}, ""face_h"": 60.0, ""face_w"": 60.0, ""margin_depths"": 2.0, ""seed"": 102, ""top"": ""shingle"", ""top_depth"": 47.0, ""top_params"": {""azimuth_mode"": ""grid"", ""jitter"": 0.3, ""pitch"": 5.5, ""plate_over"": 1.15, ""plate_t_bot"": 0.05, ""plate_t_top"": 0.05, ""tilt_deg"": 10.0, ""tilt_jitter"": 0.0}}"
BH_p055_t10_grid_s102,floor,shingle/pyramid,"sheet, grid",0.05,102,d76,bl050_p055_t10_grid,shingle,5.5,0.05,47.0,pyramid,3.0,2.0,50.0,9.090909090909092,0.012071869264873993,-40.0,0.001228677574545145,0.04999997094273567,"{""backing"": 2.0, ""bot"": ""pyramid"", ""bot_depth"": 3.0, ""bot_params"": {""margin_depth_ref"": 50.0, ""pitch"": 2.0, ""tip_flat"": 0.1}, ""face_h"": 60.0, ""face_w"": 60.0, ""margin_depths"": 2.0, ""seed"": 102, ""top"": ""shingle"", ""top_depth"": 47.0, ""top_params"": {""azimuth_mode"": ""grid"", ""jitter"": 0.3, ""pitch"": 5.5, ""plate_over"": 1.15, ""plate_t_bot"": 0.05, ""plate_t_top"": 0.05, ""tilt_deg"": 10.0, ""tilt_jitter"": 0.0}}"
BH_p055_t10_grid_s102,floor,shingle/pyramid,"sheet, grid",0.05,102,d76,bl050_p055_t10_grid,shingle,5.5,0.05,47.0,pyramid,3.0,2.0,50.0,9.090909090909092,0.012071869264873993,20.0,0.0014037962537258863,0.04999997094273567,"{""backing"": 2.0, ""bot"": ""pyramid"", ""bot_depth"": 3.0, ""bot_params"": {""margin_depth_ref"": 50.0, ""pitch"": 2.0, ""tip_flat"": 0.1}, ""face_h"": 60.0, ""face_w"": 60.0, ""margin_depths"": 2.0, ""seed"": 102, ""top"": ""shingle"", ""top_depth"": 47.0, ""top_params"": {""azimuth_mode"": ""grid"", ""jitter"": 0.3, ""pitch"": 5.5, ""plate_over"": 1.15, ""plate_t_bot"": 0.05, ""plate_t_top"": 0.05, ""tilt_deg"": 10.0, ""tilt_jitter"": 0.0}}"
BH_p055_t10_grid_s102,floor,shingle/pyramid,"sheet, grid",0.05,102,d76,bl050_p055_t10_grid,shingle,5.5,0.05,47.0,pyramid,3.0,2.0,50.0,9.090909090909092,0.012071869264873993,40.0,0.0019818420987576246,0.04999997094273567,"{""backing"": 2.0, ""bot"": ""pyramid"", ""bot_depth"": 3.0, ""bot_params"": {""margin_depth_ref"": 50.0, ""pitch"": 2.0, ""tip_flat"": 0.1}, ""face_h"": 60.0, ""face_w"": 60.0, ""margin_depths"": 2.0, ""seed"": 102, ""top"": ""shingle"", ""top_depth"": 47.0, ""top_params"": {""azimuth_mode"": ""grid"", ""jitter"": 0.3, ""pitch"": 5.5, ""plate_over"": 1.15, ""plate_t_bot"": 0.05, ""plate_t_top"": 0.05, ""tilt_deg"": 10.0, ""tilt_jitter"": 0.0}}"
BH_p055_t10_grid_s102,floor,shingle/pyramid,"sheet, grid",0.05,102,d100,bl050_p055_t10_grid,shingle,5.5,0.05,47.0,pyramid,3.0,2.0,50.0,9.090909090909092,0.012071869264873993,0.0,0.0010401192121207714,0.04999997094273567,"{""backing"": 2.0, ""bot"": ""pyramid"", ""bot_depth"": 3.0, ""bot_params"": {""margin_depth_ref"": 50.0, ""pitch"": 2.0, ""tip_flat"": 0.1}, ""face_h"": 60.0, ""face_w"": 60.0, ""margin_depths"": 2.0, ""seed"": 102, ""top"": ""shingle"", ""top_depth"": 47.0, ""top_params"": {""azimuth_mode"": ""grid"", ""jitter"": 0.3, ""pitch"": 5.5, ""plate_over"": 1.15, ""plate_t_bot"": 0.05, ""plate_t_top"": 0.05, ""tilt_deg"": 10.0, ""tilt_jitter"": 0.0}}"
BH_p055_t10_grid_s102,floor,shingle/pyramid,"sheet, grid",0.05,102,d100,bl050_p055_t10_grid,shingle,5.5,0.05,47.0,pyramid,3.0,2.0,50.0,9.090909090909092,0.012071869264873993,-20.0,0.0009229165152646601,0.04999997094273567,"{""backing"": 2.0, ""bot"": ""pyramid"", ""bot_depth"": 3.0, ""bot_params"": {""margin_depth_ref"": 50.0, ""pitch"": 2.0, ""tip_flat"": 0.1}, ""face_h"": 60.0, ""face_w"": 60.0, ""margin_depths"": 2.0, ""seed"": 102, ""top"": ""shingle"", ""top_depth"": 47.0, ""top_params"": {""azimuth_mode"": ""grid"", ""jitter"": 0.3, ""pitch"": 5.5, ""plate_over"": 1.15, ""plate_t_bot"": 0.05, ""plate_t_top"": 0.05, ""tilt_deg"": 10.0, ""tilt_jitter"": 0.0}}"
BH_p055_t10_grid_s102,floor,shingle/pyramid,"sheet, grid",0.05,102,d100,bl050_p055_t10_grid,shingle,5.5,0.05,47.0,pyramid,3.0,2.0,50.0,9.090909090909092,0.012071869264873993,-40.0,0.0014936021761968732,0.04999997094273567,"{""backing"": 2.0, ""bot"": ""pyramid"", ""bot_depth"": 3.0, ""bot_params"": {""margin_depth_ref"": 50.0, ""pitch"": 2.0, ""tip_flat"": 0.1}, ""face_h"": 60.0, ""face_w"": 60.0, ""margin_depths"": 2.0, ""seed"": 102, ""top"": ""shingle"", ""top_depth"": 47.0, ""top_params"": {""azimuth_mode"": ""grid"", ""jitter"": 0.3, ""pitch"": 5.5, ""plate_over"": 1.15, ""plate_t_bot"": 0.05, ""plate_t_top"": 0.05, ""tilt_deg"": 10.0, ""tilt_jitter"": 0.0}}"
BH_p055_t10_grid_s102,floor,shingle/pyramid,"sheet, grid",0.05,102,d100,bl050_p055_t10_grid,shingle,5.5,0.05,47.0,pyramid,3.0,2.0,50.0,9.090909090909092,0.012071869264873993,20.0,0.001743013970553875,0.04999997094273567,"{""backing"": 2.0, ""bot"": ""pyramid"", ""bot_depth"": 3.0, ""bot_params"": {""margin_depth_ref"": 50.0, ""pitch"": 2.0, ""tip_flat"": 0.1}, ""face_h"": 60.0, ""face_w"": 60.0, ""margin_depths"": 2.0, ""seed"": 102, ""top"": ""shingle"", ""top_depth"": 47.0, ""top_params"": {""azimuth_mode"": ""grid"", ""jitter"": 0.3, ""pitch"": 5.5, ""plate_over"": 1.15, ""plate_t_bot"": 0.05, ""plate_t_top"": 0.05, ""tilt_deg"": 10.0, ""tilt_jitter"": 0.0}}"
BH_p055_t10_grid_s102,floor,shingle/pyramid,"sheet, grid",0.05,102,d100,bl050_p055_t10_grid,shingle,5.5,0.05,47.0,pyramid,3.0,2.0,50.0,9.090909090909092,0.012071869264873993,40.0,0.002474822336807847,0.04999997094273567,"{""backing"": 2.0, ""bot"": ""pyramid"", ""bot_depth"": 3.0, ""bot_params"": {""margin_depth_ref"": 50.0, ""pitch"": 2.0, ""tip_flat"": 0.1}, ""face_h"": 60.0, ""face_w"": 60.0, ""margin_depths"": 2.0, ""seed"": 102, ""top"": ""shingle"", ""top_depth"": 47.0, ""top_params"": {""azimuth_mode"": ""grid"", ""jitter"": 0.3, ""pitch"": 5.5, ""plate_over"": 1.15, ""plate_t_bot"": 0.05, ""plate_t_top"": 0.05, ""tilt_deg"": 10.0, ""tilt_jitter"": 0.0}}"
BH_p055_t02_random_s102,floor,shingle/pyramid,"sheet, grid",0.05,102,d00,bl050_p055_t02_random,shingle,5.5,0.05,47.0,pyramid,3.0,2.0,50.0,9.090909090909092,0.012071869264873993,0.0,0.000545743852853775,0.04999997094273567,"{""backing"": 2.0, ""bot"": ""pyramid"", ""bot_depth"": 3.0, ""bot_params"": {""margin_depth_ref"": 50.0, ""pitch"": 2.0, ""tip_flat"": 0.1}, ""face_h"": 60.0, ""face_w"": 60.0, ""margin_depths"": 2.0, ""seed"": 102, ""top"": ""shingle"", ""top_depth"": 47.0, ""top_params"": {""azimuth_mode"": ""random"", ""jitter"": 0.3, ""pitch"": 5.5, ""plate_over"": 1.15, ""plate_t_bot"": 0.05, ""plate_t_top"": 0.05, ""tilt_deg"": 2.0, ""tilt_jitter"": 0.0}}"
BH_p055_t02_random_s102,floor,shingle/pyramid,"sheet, grid",0.05,102,d00,bl050_p055_t02_random,shingle,5.5,0.05,47.0,pyramid,3.0,2.0,50.0,9.090909090909092,0.012071869264873993,-20.0,0.00036214038846082985,0.04999997094273567,"{""backing"": 2.0, ""bot"": ""pyramid"", ""bot_depth"": 3.0, ""bot_params"": {""margin_depth_ref"": 50.0, ""pitch"": 2.0, ""tip_flat"": 0.1}, ""face_h"": 60.0, ""face_w"": 60.0, ""margin_depths"": 2.0, ""seed"": 102, ""top"": ""shingle"", ""top_depth"": 47.0, ""top_params"": {""azimuth_mode"": ""random"", ""jitter"": 0.3, ""pitch"": 5.5, ""plate_over"": 1.15, ""plate_t_bot"": 0.05, ""plate_t_top"": 0.05, ""tilt_deg"": 2.0, ""tilt_jitter"": 0.0}}"
BH_p055_t02_random_s102,floor,shingle/pyramid,"sheet, grid",0.05,102,d00,bl050_p055_t02_random,shingle,5.5,0.05,47.0,pyramid,3.0,2.0,50.0,9.090909090909092,0.012071869264873993,-40.0,0.0002987328916788101,0.04999997094273567,"{""backing"": 2.0, ""bot"": ""pyramid"", ""bot_depth"": 3.0, ""bot_params"": {""margin_depth_ref"": 50.0, ""pitch"": 2.0, ""tip_flat"": 0.1}, ""face_h"": 60.0, ""face_w"": 60.0, ""margin_depths"": 2.0, ""seed"": 102, ""top"": ""shingle"", ""top_depth"": 47.0, ""top_params"": {""azimuth_mode"": ""random"", ""jitter"": 0.3, ""pitch"": 5.5, ""plate_over"": 1.15, ""plate_t_bot"": 0.05, ""plate_t_top"": 0.05, ""tilt_deg"": 2.0, ""tilt_jitter"": 0.0}}"
BH_p055_t02_random_s102,floor,shingle/pyramid,"sheet, grid",0.05,102,d00,bl050_p055_t02_random,shingle,5.5,0.05,47.0,pyramid,3.0,2.0,50.0,9.090909090909092,0.012071869264873993,20.0,0.0003765478322748095,0.04999997094273567,"{""backing"": 2.0, ""bot"": ""pyramid"", ""bot_depth"": 3.0, ""bot_params"": {""margin_depth_ref"": 50.0, ""pitch"": 2.0, ""tip_flat"": 0.1}, ""face_h"": 60.0, ""face_w"": 60.0, ""margin_depths"": 2.0, ""seed"": 102, ""top"": ""shingle"", ""top_depth"": 47.0, ""top_params"": {""azimuth_mode"": ""random"", ""jitter"": 0.3, ""pitch"": 5.5, ""plate_over"": 1.15, ""plate_t_bot"": 0.05, ""plate_t_top"": 0.05, ""tilt_deg"": 2.0, ""tilt_jitter"": 0.0}}"
BH_p055_t02_random_s102,floor,shingle/pyramid,"sheet, grid",0.05,102,d00,bl050_p055_t02_random,shingle,5.5,0.05,47.0,pyramid,3.0,2.0,50.0,9.090909090909092,0.012071869264873993,40.0,0.0003100946778431535,0.04999997094273567,"{""backing"": 2.0, ""bot"": ""pyramid"", ""bot_depth"": 3.0, ""bot_params"": {""margin_depth_ref"": 50.0, ""pitch"": 2.0, ""tip_flat"": 0.1}, ""face_h"": 60.0, ""face_w"": 60.0, ""margin_depths"": 2.0, ""seed"": 102, ""top"": ""shingle"", ""top_depth"": 47.0, ""top_params"": {""azimuth_mode"": ""random"", ""jitter"": 0.3, ""pitch"": 5.5, ""plate_over"": 1.15, ""plate_t_bot"": 0.05, ""plate_t_top"": 0.05, ""tilt_deg"": 2.0, ""tilt_jitter"": 0.0}}"
BH_p055_t02_random_s102,floor,shingle/pyramid,"sheet, grid",0.05,102,d76,bl050_p055_t02_random,shingle,5.5,0.05,47.0,pyramid,3.0,2.0,50.0,9.090909090909092,0.012071869264873993,0.0,0.00035988091258332133,0.04999997094273567,"{""backing"": 2.0, ""bot"": ""pyramid"", ""bot_depth"": 3.0, ""bot_params"": {""margin_depth_ref"": 50.0, ""pitch"": 2.0, ""tip_flat"": 0.1}, ""face_h"": 60.0, ""face_w"": 60.0, ""margin_depths"": 2.0, ""seed"": 102, ""top"": ""shingle"", ""top_depth"": 47.0, ""top_params"": {""azimuth_mode"": ""random"", ""jitter"": 0.3, ""pitch"": 5.5, ""plate_over"": 1.15, ""plate_t_bot"": 0.05, ""plate_t_top"": 0.05, ""tilt_deg"": 2.0, ""tilt_jitter"": 0.0}}"
BH_p055_t02_random_s102,floor,shingle/pyramid,"sheet, grid",0.05,102,d76,bl050_p055_t02_random,shingle,5.5,0.05,47.0,pyramid,3.0,2.0,50.0,9.090909090909092,0.012071869264873993,-20.0,0.0009537150035612285,0.04999997094273567,"{""backing"": 2.0, ""bot"": ""pyramid"", ""bot_depth"": 3.0, ""bot_params"": {""margin_depth_ref"": 50.0, ""pitch"": 2.0, ""tip_flat"": 0.1}, ""face_h"": 60.0, ""face_w"": 60.0, ""margin_depths"": 2.0, ""seed"": 102, ""top"": ""shingle"", ""top_depth"": 47.0, ""top_params"": {""azimuth_mode"": ""random"", ""jitter"": 0.3, ""pitch"": 5.5, ""plate_over"": 1.15, ""plate_t_bot"": 0.05, ""plate_t_top"": 0.05, ""tilt_deg"": 2.0, ""tilt_jitter"": 0.0}}"
BH_p055_t02_random_s102,floor,shingle/pyramid,"sheet, grid",0.05,102,d76,bl050_p055_t02_random,shingle,5.5,0.05,47.0,pyramid,3.0,2.0,50.0,9.090909090909092,0.012071869264873993,-40.0,0.0016174734337255359,0.04999997094273567,"{""backing"": 2.0, ""bot"": ""pyramid"", ""bot_depth"": 3.0, ""bot_params"": {""margin_depth_ref"": 50.0, ""pitch"": 2.0, ""tip_flat"": 0.1}, ""face_h"": 60.0, ""face_w"": 60.0, ""margin_depths"": 2.0, ""seed"": 102, ""top"": ""shingle"", ""top_depth"": 47.0, ""top_params"": {""azimuth_mode"": ""random"", ""jitter"": 0.3, ""pitch"": 5.5, ""plate_over"": 1.15, ""plate_t_bot"": 0.05, ""plate_t_top"": 0.05, ""tilt_deg"": 2.0, ""tilt_jitter"": 0.0}}"
BH_p055_t02_random_s102,floor,shingle/pyramid,"sheet, grid",0.05,102,d76,bl050_p055_t02_random,shingle,5.5,0.05,47.0,pyramid,3.0,2.0,50.0,9.090909090909092,0.012071869264873993,20.0,0.0009825105080381036,0.04999997094273567,"{""backing"": 2.0, ""bot"": ""pyramid"", ""bot_depth"": 3.0, ""bot_params"": {""margin_depth_ref"": 50.0, ""pitch"": 2.0, ""tip_flat"": 0.1}, ""face_h"": 60.0, ""face_w"": 60.0, ""margin_depths"": 2.0, ""seed"": 102, ""top"": ""shingle"", ""top_depth"": 47.0, ""top_params"": {""azimuth_mode"": ""random"", ""jitter"": 0.3, ""pitch"": 5.5, ""plate_over"": 1.15, ""plate_t_bot"": 0.05, ""plate_t_top"": 0.05, ""tilt_deg"": 2.0, ""tilt_jitter"": 0.0}}"
BH_p055_t02_random_s102,floor,shingle/pyramid,"sheet, grid",0.05,102,d76,bl050_p055_t02_random,shingle,5.5,0.05,47.0,pyramid,3.0,2.0,50.0,9.090909090909092,0.012071869264873993,40.0,0.0016502680955454707,0.04999997094273567,"{""backing"": 2.0, ""bot"": ""pyramid"", ""bot_depth"": 3.0, ""bot_params"": {""margin_depth_ref"": 50.0, ""pitch"": 2.0, ""tip_flat"": 0.1}, ""face_h"": 60.0, ""face_w"": 60.0, ""margin_depths"": 2.0, ""seed"": 102, ""top"": ""shingle"", ""top_depth"": 47.0, ""top_params"": {""azimuth_mode"": ""random"", ""jitter"": 0.3, ""pitch"": 5.5, ""plate_over"": 1.15, ""plate_t_bot"": 0.05, ""plate_t_top"": 0.05, ""tilt_deg"": 2.0, ""tilt_jitter"": 0.0}}"
BH_p055_t02_random_s102,floor,shingle/pyramid,"sheet, grid",0.05,102,d100,bl050_p055_t02_random,shingle,5.5,0.05,47.0,pyramid,3.0,2.0,50.0,9.090909090909092,0.012071869264873993,0.0,0.00032603871659375727,0.04999997094273567,"{""backing"": 2.0, ""bot"": ""pyramid"", ""bot_depth"": 3.0, ""bot_params"": {""margin_depth_ref"": 50.0, ""pitch"": 2.0, ""tip_flat"": 0.1}, ""face_h"": 60.0, ""face_w"": 60.0, ""margin_depths"": 2.0, ""seed"": 102, ""top"": ""shingle"", ""top_depth"": 47.0, ""top_params"": {""azimuth_mode"": ""random"", ""jitter"": 0.3, ""pitch"": 5.5, ""plate_over"": 1.15, ""plate_t_bot"": 0.05, ""plate_t_top"": 0.05, ""tilt_deg"": 2.0, ""tilt_jitter"": 0.0}}"
BH_p055_t02_random_s102,floor,shingle/pyramid,"sheet, grid",0.05,102,d100,bl050_p055_t02_random,shingle,5.5,0.05,47.0,pyramid,3.0,2.0,50.0,9.090909090909092,0.012071869264873993,-20.0,0.0011631912784650922,0.04999997094273567,"{""backing"": 2.0, ""bot"": ""pyramid"", ""bot_depth"": 3.0, ""bot_params"": {""margin_depth_ref"": 50.0, ""pitch"": 2.0, ""tip_flat"": 0.1}, ""face_h"": 60.0, ""face_w"": 60.0, ""margin_depths"": 2.0, ""seed"": 102, ""top"": ""shingle"", ""top_depth"": 47.0, ""top_params"": {""azimuth_mode"": ""random"", ""jitter"": 0.3, ""pitch"": 5.5, ""plate_over"": 1.15, ""plate_t_bot"": 0.05, ""plate_t_top"": 0.05, ""tilt_deg"": 2.0, ""tilt_jitter"": 0.0}}"
BH_p055_t02_random_s102,floor,shingle/pyramid,"sheet, grid",0.05,102,d100,bl050_p055_t02_random,shingle,5.5,0.05,47.0,pyramid,3.0,2.0,50.0,9.090909090909092,0.012071869264873993,-40.0,0.0020467524882405996,0.04999997094273567,"{""backing"": 2.0, ""bot"": ""pyramid"", ""bot_depth"": 3.0, ""bot_params"": {""margin_depth_ref"": 50.0, ""pitch"": 2.0, ""tip_flat"": 0.1}, ""face_h"": 60.0, ""face_w"": 60.0, ""margin_depths"": 2.0, ""seed"": 102, ""top"": ""shingle"", ""top_depth"": 47.0, ""top_params"": {""azimuth_mode"": ""random"", ""jitter"": 0.3, ""pitch"": 5.5, ""plate_over"": 1.15, ""plate_t_bot"": 0.05, ""plate_t_top"": 0.05, ""tilt_deg"": 2.0, ""tilt_jitter"": 0.0}}"
BH_p055_t02_random_s102,floor,shingle/pyramid,"sheet, grid",0.05,102,d100,bl050_p055_t02_random,shingle,5.5,0.05,47.0,pyramid,3.0,2.0,50.0,9.090909090909092,0.012071869264873993,20.0,0.0011850735172629356,0.04999997094273567,"{""backing"": 2.0, ""bot"": ""pyramid"", ""bot_depth"": 3.0, ""bot_params"": {""margin_depth_ref"": 50.0, ""pitch"": 2.0, ""tip_flat"": 0.1}, ""face_h"": 60.0, ""face_w"": 60.0, ""margin_depths"": 2.0, ""seed"": 102, ""top"": ""shingle"", ""top_depth"": 47.0, ""top_params"": {""azimuth_mode"": ""random"", ""jitter"": 0.3, ""pitch"": 5.5, ""plate_over"": 1.15, ""plate_t_bot"": 0.05, ""plate_t_top"": 0.05, ""tilt_deg"": 2.0, ""tilt_jitter"": 0.0}}"
BH_p055_t02_random_s102,floor,shingle/pyramid,"sheet, grid",0.05,102,d100,bl050_p055_t02_random,shingle,5.5,0.05,47.0,pyramid,3.0,2.0,50.0,9.090909090909092,0.012071869264873993,40.0,0.0020945093128830194,0.04999997094273567,"{""backing"": 2.0, ""bot"": ""pyramid"", ""bot_depth"": 3.0, ""bot_params"": {""margin_depth_ref"": 50.0, ""pitch"": 2.0, ""tip_flat"": 0.1}, ""face_h"": 60.0, ""face_w"": 60.0, ""margin_depths"": 2.0, ""seed"": 102, ""top"": ""shingle"", ""top_depth"": 47.0, ""top_params"": {""azimuth_mode"": ""random"", ""jitter"": 0.3, ""pitch"": 5.5, ""plate_over"": 1.15, ""plate_t_bot"": 0.05, ""plate_t_top"": 0.05, ""tilt_deg"": 2.0, ""tilt_jitter"": 0.0}}"
BH_p055_t02_parallel_s102,floor,shingle/pyramid,"sheet, grid",0.05,102,d00,bl050_p055_t02_parallel,shingle,5.5,0.05,47.0,pyramid,3.0,2.0,50.0,9.090909090909092,0.012071869264873993,0.0,0.0006954073323868215,0.04999997094273567,"{""backing"": 2.0, ""bot"": ""pyramid"", ""bot_depth"": 3.0, ""bot_params"": {""margin_depth_ref"": 50.0, ""pitch"": 2.0, ""tip_flat"": 0.1}, ""face_h"": 60.0, ""face_w"": 60.0, ""margin_depths"": 2.0, ""seed"": 102, ""top"": ""shingle"", ""top_depth"": 47.0, ""top_params"": {""azimuth_mode"": ""parallel"", ""jitter"": 0.3, ""pitch"": 5.5, ""plate_over"": 1.15, ""plate_t_bot"": 0.05, ""plate_t_top"": 0.05, ""tilt_deg"": 2.0, ""tilt_jitter"": 0.0}}"
BH_p055_t02_parallel_s102,floor,shingle/pyramid,"sheet, grid",0.05,102,d00,bl050_p055_t02_parallel,shingle,5.5,0.05,47.0,pyramid,3.0,2.0,50.0,9.090909090909092,0.012071869264873993,-20.0,0.0002902263659052551,0.04999997094273567,"{""backing"": 2.0, ""bot"": ""pyramid"", ""bot_depth"": 3.0, ""bot_params"": {""margin_depth_ref"": 50.0, ""pitch"": 2.0, ""tip_flat"": 0.1}, ""face_h"": 60.0, ""face_w"": 60.0, ""margin_depths"": 2.0, ""seed"": 102, ""top"": ""shingle"", ""top_depth"": 47.0, ""top_params"": {""azimuth_mode"": ""parallel"", ""jitter"": 0.3, ""pitch"": 5.5, ""plate_over"": 1.15, ""plate_t_bot"": 0.05, ""plate_t_top"": 0.05, ""tilt_deg"": 2.0, ""tilt_jitter"": 0.0}}"
BH_p055_t02_parallel_s102,floor,shingle/pyramid,"sheet, grid",0.05,102,d00,bl050_p055_t02_parallel,shingle,5.5,0.05,47.0,pyramid,3.0,2.0,50.0,9.090909090909092,0.012071869264873993,-40.0,0.00021137704607099295,0.04999997094273567,"{""backing"": 2.0, ""bot"": ""pyramid"", ""bot_depth"": 3.0, ""bot_params"": {""margin_depth_ref"": 50.0, ""pitch"": 2.0, ""tip_flat"": 0.1}, ""face_h"": 60.0, ""face_w"": 60.0, ""margin_depths"": 2.0, ""seed"": 102, ""top"": ""shingle"", ""top_depth"": 47.0, ""top_params"": {""azimuth_mode"": ""parallel"", ""jitter"": 0.3, ""pitch"": 5.5, ""plate_over"": 1.15, ""plate_t_bot"": 0.05, ""plate_t_top"": 0.05, ""tilt_deg"": 2.0, ""tilt_jitter"": 0.0}}"
BH_p055_t02_parallel_s102,floor,shingle/pyramid,"sheet, grid",0.05,102,d00,bl050_p055_t02_parallel,shingle,5.5,0.05,47.0,pyramid,3.0,2.0,50.0,9.090909090909092,0.012071869264873993,20.0,0.00024968027719296515,0.04999997094273567,"{""backing"": 2.0, ""bot"": ""pyramid"", ""bot_depth"": 3.0, ""bot_params"": {""margin_depth_ref"": 50.0, ""pitch"": 2.0, ""tip_flat"": 0.1}, ""face_h"": 60.0, ""face_w"": 60.0, ""margin_depths"": 2.0, ""seed"": 102, ""top"": ""shingle"", ""top_depth"": 47.0, ""top_params"": {""azimuth_mode"": ""parallel"", ""jitter"": 0.3, ""pitch"": 5.5, ""plate_over"": 1.15, ""plate_t_bot"": 0.05, ""plate_t_top"": 0.05, ""tilt_deg"": 2.0, ""tilt_jitter"": 0.0}}"
BH_p055_t02_parallel_s102,floor,shingle/pyramid,"sheet, grid",0.05,102,d00,bl050_p055_t02_parallel,shingle,5.5,0.05,47.0,pyramid,3.0,2.0,50.0,9.090909090909092,0.012071869264873993,40.0,0.0002182896132580936,0.04999997094273567,"{""backing"": 2.0, ""bot"": ""pyramid"", ""bot_depth"": 3.0, ""bot_params"": {""margin_depth_ref"": 50.0, ""pitch"": 2.0, ""tip_flat"": 0.1}, ""face_h"": 60.0, ""face_w"": 60.0, ""margin_depths"": 2.0, ""seed"": 102, ""top"": ""shingle"", ""top_depth"": 47.0, ""top_params"": {""azimuth_mode"": ""parallel"", ""jitter"": 0.3, ""pitch"": 5.5, ""plate_over"": 1.15, ""plate_t_bot"": 0.05, ""plate_t_top"": 0.05, ""tilt_deg"": 2.0, ""tilt_jitter"": 0.0}}"
BH_p055_t02_parallel_s102,floor,shingle/pyramid,"sheet, grid",0.05,102,d76,bl050_p055_t02_parallel,shingle,5.5,0.05,47.0,pyramid,3.0,2.0,50.0,9.090909090909092,0.012071869264873993,0.0,0.0004536852356977761,0.04999997094273567,"{""backing"": 2.0, ""bot"": ""pyramid"", ""bot_depth"": 3.0, ""bot_params"": {""margin_depth_ref"": 50.0, ""pitch"": 2.0, ""tip_flat"": 0.1}, ""face_h"": 60.0, ""face_w"": 60.0, ""margin_depths"": 2.0, ""seed"": 102, ""top"": ""shingle"", ""top_depth"": 47.0, ""top_params"": {""azimuth_mode"": ""parallel"", ""jitter"": 0.3, ""pitch"": 5.5, ""plate_over"": 1.15, ""plate_t_bot"": 0.05, ""plate_t_top"": 0.05, ""tilt_deg"": 2.0, ""tilt_jitter"": 0.0}}"
BH_p055_t02_parallel_s102,floor,shingle/pyramid,"sheet, grid",0.05,102,d76,bl050_p055_t02_parallel,shingle,5.5,0.05,47.0,pyramid,3.0,2.0,50.0,9.090909090909092,0.012071869264873993,-20.0,0.001075908774510026,0.04999997094273567,"{""backing"": 2.0, ""bot"": ""pyramid"", ""bot_depth"": 3.0, ""bot_params"": {""margin_depth_ref"": 50.0, ""pitch"": 2.0, ""tip_flat"": 0.1}, ""face_h"": 60.0, ""face_w"": 60.0, ""margin_depths"": 2.0, ""seed"": 102, ""top"": ""shingle"", ""top_depth"": 47.0, ""top_params"": {""azimuth_mode"": ""parallel"", ""jitter"": 0.3, ""pitch"": 5.5, ""plate_over"": 1.15, ""plate_t_bot"": 0.05, ""plate_t_top"": 0.05, ""tilt_deg"": 2.0, ""tilt_jitter"": 0.0}}"
BH_p055_t02_parallel_s102,floor,shingle/pyramid,"sheet, grid",0.05,102,d76,bl050_p055_t02_parallel,shingle,5.5,0.05,47.0,pyramid,3.0,2.0,50.0,9.090909090909092,0.012071869264873993,-40.0,0.0018937275744974613,0.04999997094273567,"{""backing"": 2.0, ""bot"": ""pyramid"", ""bot_depth"": 3.0, ""bot_params"": {""margin_depth_ref"": 50.0, ""pitch"": 2.0, ""tip_flat"": 0.1}, ""face_h"": 60.0, ""face_w"": 60.0, ""margin_depths"": 2.0, ""seed"": 102, ""top"": ""shingle"", ""top_depth"": 47.0, ""top_params"": {""azimuth_mode"": ""parallel"", ""jitter"": 0.3, ""pitch"": 5.5, ""plate_over"": 1.15, ""plate_t_bot"": 0.05, ""plate_t_top"": 0.05, ""tilt_deg"": 2.0, ""tilt_jitter"": 0.0}}"
BH_p055_t02_parallel_s102,floor,shingle/pyramid,"sheet, grid",0.05,102,d76,bl050_p055_t02_parallel,shingle,5.5,0.05,47.0,pyramid,3.0,2.0,50.0,9.090909090909092,0.012071869264873993,20.0,0.001301680924370885,0.04999997094273567,"{""backing"": 2.0, ""bot"": ""pyramid"", ""bot_depth"": 3.0, ""bot_params"": {""margin_depth_ref"": 50.0, ""pitch"": 2.0, ""tip_flat"": 0.1}, ""face_h"": 60.0, ""face_w"": 60.0, ""margin_depths"": 2.0, ""seed"": 102, ""top"": ""shingle"", ""top_depth"": 47.0, ""top_params"": {""azimuth_mode"": ""parallel"", ""jitter"": 0.3, ""pitch"": 5.5, ""plate_over"": 1.15, ""plate_t_bot"": 0.05, ""plate_t_top"": 0.05, ""tilt_deg"": 2.0, ""tilt_jitter"": 0.0}}"
BH_p055_t02_parallel_s102,floor,shingle/pyramid,"sheet, grid",0.05,102,d76,bl050_p055_t02_parallel,shingle,5.5,0.05,47.0,pyramid,3.0,2.0,50.0,9.090909090909092,0.012071869264873993,40.0,0.0021143273916095495,0.04999997094273567,"{""backing"": 2.0, ""bot"": ""pyramid"", ""bot_depth"": 3.0, ""bot_params"": {""margin_depth_ref"": 50.0, ""pitch"": 2.0, ""tip_flat"": 0.1}, ""face_h"": 60.0, ""face_w"": 60.0, ""margin_depths"": 2.0, ""seed"": 102, ""top"": ""shingle"", ""top_depth"": 47.0, ""top_params"": {""azimuth_mode"": ""parallel"", ""jitter"": 0.3, ""pitch"": 5.5, ""plate_over"": 1.15, ""plate_t_bot"": 0.05, ""plate_t_top"": 0.05, ""tilt_deg"": 2.0, ""tilt_jitter"": 0.0}}"
BH_p055_t02_parallel_s102,floor,shingle/pyramid,"sheet, grid",0.05,102,d100,bl050_p055_t02_parallel,shingle,5.5,0.05,47.0,pyramid,3.0,2.0,50.0,9.090909090909092,0.012071869264873993,0.0,0.00040459056617692113,0.04999997094273567,"{""backing"": 2.0, ""bot"": ""pyramid"", ""bot_depth"": 3.0, ""bot_params"": {""margin_depth_ref"": 50.0, ""pitch"": 2.0, ""tip_flat"": 0.1}, ""face_h"": 60.0, ""face_w"": 60.0, ""margin_depths"": 2.0, ""seed"": 102, ""top"": ""shingle"", ""top_depth"": 47.0, ""top_params"": {""azimuth_mode"": ""parallel"", ""jitter"": 0.3, ""pitch"": 5.5, ""plate_over"": 1.15, ""plate_t_bot"": 0.05, ""plate_t_top"": 0.05, ""tilt_deg"": 2.0, ""tilt_jitter"": 0.0}}"
BH_p055_t02_parallel_s102,floor,shingle/pyramid,"sheet, grid",0.05,102,d100,bl050_p055_t02_parallel,shingle,5.5,0.05,47.0,pyramid,3.0,2.0,50.0,9.090909090909092,0.012071869264873993,-20.0,0.0013432275736704469,0.04999997094273567,"{""backing"": 2.0, ""bot"": ""pyramid"", ""bot_depth"": 3.0, ""bot_params"": {""margin_depth_ref"": 50.0, ""pitch"": 2.0, ""tip_flat"": 0.1}, ""face_h"": 60.0, ""face_w"": 60.0, ""margin_depths"": 2.0, ""seed"": 102, ""top"": ""shingle"", ""top_depth"": 47.0, ""top_params"": {""azimuth_mode"": ""parallel"", ""jitter"": 0.3, ""pitch"": 5.5, ""plate_over"": 1.15, ""plate_t_bot"": 0.05, ""plate_t_top"": 0.05, ""tilt_deg"": 2.0, ""tilt_jitter"": 0.0}}"
BH_p055_t02_parallel_s102,floor,shingle/pyramid,"sheet, grid",0.05,102,d100,bl050_p055_t02_parallel,shingle,5.5,0.05,47.0,pyramid,3.0,2.0,50.0,9.090909090909092,0.012071869264873993,-40.0,0.002435714937746525,0.04999997094273567,"{""backing"": 2.0, ""bot"": ""pyramid"", ""bot_depth"": 3.0, ""bot_params"": {""margin_depth_ref"": 50.0, ""pitch"": 2.0, ""tip_flat"": 0.1}, ""face_h"": 60.0, ""face_w"": 60.0, ""margin_depths"": 2.0, ""seed"": 102, ""top"": ""shingle"", ""top_depth"": 47.0, ""top_params"": {""azimuth_mode"": ""parallel"", ""jitter"": 0.3, ""pitch"": 5.5, ""plate_over"": 1.15, ""plate_t_bot"": 0.05, ""plate_t_top"": 0.05, ""tilt_deg"": 2.0, ""tilt_jitter"": 0.0}}"
BH_p055_t02_parallel_s102,floor,shingle/pyramid,"sheet, grid",0.05,102,d100,bl050_p055_t02_parallel,shingle,5.5,0.05,47.0,pyramid,3.0,2.0,50.0,9.090909090909092,0.012071869264873993,20.0,0.001647844328545034,0.04999997094273567,"{""backing"": 2.0, ""bot"": ""pyramid"", ""bot_depth"": 3.0, ""bot_params"": {""margin_depth_ref"": 50.0, ""pitch"": 2.0, ""tip_flat"": 0.1}, ""face_h"": 60.0, ""face_w"": 60.0, ""margin_depths"": 2.0, ""seed"": 102, ""top"": ""shingle"", ""top_depth"": 47.0, ""top_params"": {""azimuth_mode"": ""parallel"", ""jitter"": 0.3, ""pitch"": 5.5, ""plate_over"": 1.15, ""plate_t_bot"": 0.05, ""plate_t_top"": 0.05, ""tilt_deg"": 2.0, ""tilt_jitter"": 0.0}}"
BH_p055_t02_parallel_s102,floor,shingle/pyramid,"sheet, grid",0.05,102,d100,bl050_p055_t02_parallel,shingle,5.5,0.05,47.0,pyramid,3.0,2.0,50.0,9.090909090909092,0.012071869264873993,40.0,0.002732006600126624,0.04999997094273567,"{""backing"": 2.0, ""bot"": ""pyramid"", ""bot_depth"": 3.0, ""bot_params"": {""margin_depth_ref"": 50.0, ""pitch"": 2.0, ""tip_flat"": 0.1}, ""face_h"": 60.0, ""face_w"": 60.0, ""margin_depths"": 2.0, ""seed"": 102, ""top"": ""shingle"", ""top_depth"": 47.0, ""top_params"": {""azimuth_mode"": ""parallel"", ""jitter"": 0.3, ""pitch"": 5.5, ""plate_over"": 1.15, ""plate_t_bot"": 0.05, ""plate_t_top"": 0.05, ""tilt_deg"": 2.0, ""tilt_jitter"": 0.0}}"
